"Date","Price","Open","High","Low","Vol.","Change %"
"07/13/2026","53.17","53.60","53.63","52.92","40.69M","-1.39%"
"07/10/2026","53.92","54.02","54.45","53.75","41.95M","+0.41%"
"07/09/2026","53.70","53.13","54.29","53.07","42.64M","+1.07%"
"07/08/2026","53.13","54.30","54.78","52.71","65.13M","-2.30%"
"07/07/2026","54.38","55.47","55.56","54.15","56.98M","-1.97%"
"07/06/2026","55.47","56.87","57.10","55.01","73.06M","-2.46%"
"07/03/2026","56.87","57.93","58.12","56.24","71.03M","-1.39%"
"07/02/2026","57.67","58.35","58.68","57.36","51.18M","-1.17%"
"07/01/2026","58.35","59.06","59.31","58.13","58.78M","-0.93%"
"06/30/2026","58.90","57.46","59.10","57.31","120.99M","+2.95%"
"06/29/2026","57.21","58.00","58.00","56.93","68.86M","+0.12%"
"06/25/2026","57.14","58.24","58.46","56.87","83.93M","-1.33%"
"06/24/2026","57.91","58.25","58.79","57.61","63.85M","-0.65%"
"06/23/2026","58.29","59.31","59.55","58.10","68.35M","-1.72%"
"06/22/2026","59.31","59.47","59.74","59.05","70.70M","+0.19%"
"06/19/2026","59.20","58.44","60.45","58.21","139.92M","+1.30%"
"06/18/2026","58.44","59.22","59.44","58.30","82.28M","-1.40%"
"06/17/2026","59.27","58.38","59.50","57.30","164.63M","+2.33%"
"06/16/2026","57.92","56.12","59.24","53.90","292.44M","+4.23%"
"06/15/2026","55.57","56.50","56.78","55.21","65.03M","+0.89%"
"06/12/2026","55.08","54.00","55.20","53.77","64.64M","+3.36%"
"06/11/2026","53.29","53.79","54.12","53.07","41.91M","-1.46%"
"06/10/2026","54.08","55.22","55.45","53.81","55.57M","-2.08%"
"06/09/2026","55.23","54.60","55.39","54.47","64.86M","+1.47%"
"06/08/2026","54.43","54.20","55.89","53.82","76.53M","-1.59%"
"06/05/2026","55.31","55.80","56.12","55.10","72.84M","-0.56%"
"06/04/2026","55.62","54.25","56.00","54.03","119.12M","+2.24%"
"06/03/2026","54.40","54.52","55.04","53.25","90.35M","-0.22%"
"06/02/2026","54.52","52.85","54.77","52.56","103.41M","+1.09%"
"06/01/2026","53.93","56.81","56.90","53.50","153.17M","-5.37%"
"05/29/2026","56.99","58.00","58.42","55.60","221.48M","-0.94%"
"05/27/2026","57.53","54.85","58.10","54.42","227.75M","+5.40%"
"05/26/2026","54.58","53.64","55.49","53.38","173.73M","+1.09%"
"05/25/2026","53.99","54.75","54.90","53.10","132.67M","+0.45%"
"05/22/2026","53.75","53.17","53.95","53.00","60.76M","+1.66%"
"05/21/2026","52.87","53.00","53.84","52.66","55.85M","+0.57%"
"05/20/2026","52.57","52.55","52.70","52.00","46.46M","-0.64%"
"05/19/2026","52.91","53.57","53.83","52.52","54.64M","-0.64%"
"05/18/2026","53.25","53.48","53.48","52.15","77.36M","-1.10%"
"05/15/2026","53.84","53.47","54.51","52.98","82.88M","+0.69%"
"05/14/2026","53.47","53.41","53.91","52.51","70.98M","+0.70%"
"05/13/2026","53.10","51.31","53.74","51.31","93.14M","+3.07%"
"05/12/2026","51.52","53.00","53.96","51.31","99.27M","-3.34%"
"05/11/2026","53.30","54.35","54.43","53.02","70.01M","-3.04%"
"05/08/2026","54.97","55.90","55.92","54.57","56.80M","-1.22%"
"05/07/2026","55.65","54.59","55.87","53.75","98.24M","+2.45%"
"05/06/2026","54.32","55.29","55.31","53.31","90.58M","-0.97%"
"05/05/2026","54.85","54.95","56.00","54.56","71.81M","-0.20%"
"05/04/2026","54.96","56.20","56.35","54.07","103.19M","-1.12%"
"04/30/2026","55.58","56.50","56.50","55.00","102.35M","-2.17%"
"04/29/2026","56.81","57.75","58.06","56.40","127.24M","-0.89%"
"04/28/2026","57.32","57.15","57.87","56.90","138.32M","+0.69%"
"04/27/2026","56.93","54.26","57.48","54.26","215.96M","+5.60%"
"04/24/2026","53.91","53.90","54.25","52.93","103.13M","+0.34%"
"04/23/2026","53.73","54.51","55.05","53.52","114.71M","-1.54%"
"04/22/2026","54.57","53.15","54.70","52.90","147.74M","+2.77%"
"04/21/2026","53.10","52.81","53.35","52.26","114.71M","+1.14%"
"04/20/2026","52.50","53.34","53.45","51.87","153.68M","-0.81%"
"04/17/2026","52.93","50.79","53.74","50.57","337.16M","+5.33%"
"04/16/2026","50.25","50.03","50.53","49.01","161.13M","+2.28%"
"04/15/2026","49.13","47.00","49.36","46.73","215.46M","+7.13%"
"04/13/2026","45.86","44.50","46.41","43.89","132.25M","+1.19%"
"04/10/2026","45.32","44.48","45.65","44.38","67.33M","+2.46%"
"04/09/2026","44.23","44.23","44.56","43.36","80.30M","+0.00%"
"04/08/2026","44.23","43.40","44.38","42.63","98.80M","+6.45%"
"04/07/2026","41.55","41.29","41.90","40.93","39.15M","-0.10%"
"04/06/2026","41.59","40.90","41.73","39.84","66.65M","+1.99%"
"04/02/2026","40.78","40.50","40.98","39.77","64.83M","-0.83%"
"04/01/2026","41.12","41.39","41.59","40.80","58.51M","+3.94%"
"03/30/2026","39.56","40.00","40.81","39.10","126.59M","-3.09%"
"03/27/2026","40.82","41.85","42.05","40.60","73.60M","-3.43%"
"03/25/2026","42.27","41.50","42.85","41.43","76.08M","+3.00%"
"03/24/2026","41.04","41.30","41.30","39.95","65.44M","+2.75%"
"03/23/2026","39.94","41.76","41.76","39.70","68.19M","-4.79%"
"03/20/2026","41.95","41.40","42.73","41.34","71.96M","+2.09%"
"03/19/2026","41.09","41.20","41.79","40.82","55.59M","-2.31%"
"03/18/2026","42.06","41.34","42.30","41.21","58.43M","+1.91%"
"03/17/2026","41.27","41.50","41.60","40.51","70.42M","+0.63%"
"03/16/2026","41.01","41.49","42.23","40.72","81.27M","-0.97%"
"03/13/2026","41.41","42.42","42.83","40.98","79.50M","-2.40%"
"03/12/2026","42.43","41.51","43.54","40.93","108.43M","+1.95%"
"03/11/2026","41.62","41.72","42.06","41.40","64.19M","+0.41%"
"03/10/2026","41.45","40.38","41.64","40.00","70.87M","+4.62%"
"03/09/2026","39.62","39.49","39.76","38.19","71.72M","-0.93%"
"03/06/2026","39.99","40.25","40.99","39.85","63.06M","-0.65%"
"03/05/2026","40.25","40.25","40.64","39.22","89.17M","+0.80%"
"03/04/2026","39.93","40.20","40.55","39.70","71.11M","-2.49%"
"03/02/2026","40.95","39.13","41.79","39.13","116.01M","-4.03%"
"02/27/2026","42.67","43.27","43.30","42.45","85.72M","-1.39%"
"02/26/2026","43.27","43.18","43.90","42.87","49.80M","+0.21%"
"02/25/2026","43.18","44.34","44.74","42.60","75.84M","-2.15%"
"02/24/2026","44.13","44.25","44.39","43.36","56.57M","-0.27%"
"02/23/2026","44.25","44.56","44.96","43.83","49.44M","-0.47%"
"02/20/2026","44.46","45.20","45.35","44.26","61.65M","-1.75%"
"02/19/2026","45.25","46.05","46.39","45.00","36.68M","-1.82%"
"02/18/2026","46.09","45.95","46.29","45.81","22.07M","+0.33%"
"02/17/2026","45.94","46.19","46.57","45.71","39.83M","-0.58%"
"02/16/2026","46.21","45.67","46.33","45.34","39.33M","+1.18%"
"02/13/2026","45.67","46.60","46.74","45.55","52.62M","-2.44%"
"02/12/2026","46.81","47.30","47.55","46.72","38.95M","-1.20%"
"02/11/2026","47.38","47.71","47.74","46.70","57.12M","-0.65%"
"02/10/2026","47.69","48.20","48.39","47.55","40.36M","-1.04%"
"02/09/2026","48.19","48.26","48.57","47.61","51.74M","+0.31%"
"02/06/2026","48.04","47.85","48.20","47.25","57.96M","+0.40%"
"02/05/2026","47.85","50.00","50.02","47.00","121.30M","-3.86%"
"02/04/2026","49.77","49.26","50.00","48.80","55.58M","+1.24%"
"02/03/2026","49.16","49.31","49.69","48.42","78.52M","+4.62%"
"02/02/2026","46.99","46.50","47.25","45.41","45.47M","+1.78%"
"02/01/2026","46.17","48.21","48.95","45.95","67.89M","-3.15%"
"01/30/2026","47.67","47.43","47.97","46.79","60.76M","+0.48%"
"01/29/2026","47.44","48.03","48.09","46.63","55.40M","-0.75%"
"01/28/2026","47.80","46.01","48.00","46.01","59.99M","+4.39%"
"01/27/2026","45.79","45.85","46.25","44.88","62.94M","+0.20%"
"01/23/2026","45.70","47.40","47.40","45.55","49.25M","-2.75%"
"01/22/2026","46.99","46.40","47.20","45.75","56.24M","+3.21%"
"01/21/2026","45.53","46.30","46.69","45.37","78.08M","-1.75%"
"01/20/2026","46.34","47.98","48.33","46.20","60.94M","-3.42%"
"01/19/2026","47.98","48.69","48.92","47.45","52.92M","-0.97%"
"01/16/2026","48.45","49.02","49.36","48.15","105.05M","-1.14%"
"01/14/2026","49.01","48.49","49.80","48.16","55.86M","+0.66%"
"01/13/2026","48.69","49.55","49.70","47.80","75.35M","-1.04%"
"01/12/2026","49.20","49.30","49.38","47.90","66.50M","+0.00%"
"01/09/2026","49.20","50.82","51.09","48.87","89.92M","-3.40%"
"01/08/2026","50.93","52.90","53.41","50.65","59.32M","-3.72%"
"01/07/2026","52.90","53.30","53.69","52.67","48.74M","-1.03%"
"01/06/2026","53.45","53.70","53.99","52.87","31.12M","-0.41%"
"01/05/2026","53.67","54.40","54.54","53.30","40.69M","-1.12%"
"01/02/2026","54.28","52.59","54.40","52.44","59.52M","+3.45%"
"01/01/2026","52.47","52.71","52.98","52.05","26.75M","-0.38%"
"12/31/2025","52.67","52.00","53.16","51.91","38.74M","+1.29%"
"12/30/2025","52.00","52.73","52.80","51.81","101.39M","-1.38%"
"12/29/2025","52.73","53.44","53.85","52.61","35.52M","-0.88%"
"12/26/2025","53.20","53.30","54.13","53.10","41.89M","-0.19%"
"12/24/2025","53.30","53.59","55.05","53.16","44.08M","-0.60%"
"12/23/2025","53.62","53.51","53.84","53.32","30.26M","+0.21%"
"12/22/2025","53.51","52.90","53.74","52.80","38.90M","+1.75%"
"12/19/2025","52.59","51.80","52.75","51.54","37.12M","+1.56%"
"12/18/2025","51.78","51.91","52.00","51.32","30.87M","-0.31%"
"12/17/2025","51.94","52.60","52.65","51.80","30.35M","-1.39%"
"12/16/2025","52.67","53.14","53.14","52.25","33.82M","-0.88%"
"12/15/2025","53.14","52.99","53.35","52.55","30.12M","+0.23%"
"12/12/2025","53.02","52.50","53.10","52.50","42.52M","+1.88%"
"12/11/2025","52.04","51.70","52.44","51.32","52.98M","+0.97%"
"12/10/2025","51.54","52.80","53.20","51.35","59.12M","-1.92%"
"12/09/2025","52.55","51.99","52.77","51.00","64.80M","+1.49%"
"12/08/2025","51.78","52.01","53.00","51.57","97.48M","+0.08%"
"12/05/2025","51.74","51.13","52.15","50.75","61.14M","+1.75%"
"12/04/2025","50.85","52.65","52.84","50.60","76.79M","-3.31%"
"12/03/2025","52.59","53.43","53.65","52.22","42.83M","-1.55%"
"12/02/2025","53.42","53.75","54.10","53.21","41.12M","-0.56%"
"12/01/2025","53.72","54.30","54.74","53.52","33.17M","-0.54%"
"11/28/2025","54.01","55.00","55.00","53.75","52.55M","-1.67%"
"11/27/2025","54.93","55.70","55.90","54.81","28.65M","-1.17%"
"11/26/2025","55.58","54.20","55.69","54.14","43.87M","+2.57%"
"11/25/2025","54.19","54.50","54.95","54.11","36.68M","-0.77%"
"11/24/2025","54.61","55.10","55.54","54.40","96.35M","-0.89%"
"11/21/2025","55.10","56.67","56.72","55.00","42.89M","-2.82%"
"11/20/2025","56.70","56.60","57.15","56.52","37.66M","+0.30%"
"11/19/2025","56.53","56.95","57.08","56.30","35.98M","-0.65%"
"11/18/2025","56.90","57.88","57.88","56.70","29.80M","-1.39%"
"11/17/2025","57.70","57.80","58.16","57.50","36.05M","+0.03%"
"11/14/2025","57.68","57.50","58.29","57.03","41.21M","+0.17%"
"11/13/2025","57.58","58.29","58.34","57.41","40.22M","-1.54%"
"11/12/2025","58.48","58.20","58.95","57.67","53.04M","+1.14%"
"11/11/2025","57.82","57.60","58.05","56.86","50.48M","+0.68%"
"11/10/2025","57.43","57.90","58.20","57.01","63.05M","+0.09%"
"11/07/2025","57.38","59.50","59.50","56.93","122.84M","-3.74%"
"11/06/2025","59.61","61.50","61.50","59.46","147.24M","-0.63%"
"11/04/2025","59.99","59.59","61.37","58.83","317.09M","+1.27%"
"11/03/2025","59.24","59.47","59.88","58.53","75.15M","-0.10%"
"10/31/2025","59.30","58.78","60.18","58.66","108.03M","+1.35%"
"10/30/2025","58.51","58.50","59.33","57.92","83.46M","+0.55%"
"10/29/2025","58.19","56.44","58.78","55.98","154.97M","+3.50%"
"10/28/2025","56.22","53.71","56.47","53.60","134.47M","+4.67%"
"10/27/2025","53.71","54.10","54.16","53.63","24.72M","-0.20%"
"10/24/2025","53.82","54.68","55.18","53.65","44.37M","-1.30%"
"10/23/2025","54.53","54.54","55.25","54.22","76.48M","+0.65%"
"10/21/2025","54.18","53.60","54.34","53.40","22.82M","+2.05%"
"10/20/2025","53.09","53.19","53.69","52.92","34.41M","+0.32%"
"10/17/2025","52.92","53.61","53.95","52.00","173.66M","-1.29%"
"10/16/2025","53.61","53.93","54.20","53.41","48.87M","-0.22%"
"10/15/2025","53.73","54.21","54.60","53.58","56.70M","-0.41%"
"10/14/2025","53.95","54.65","54.70","53.62","40.53M","-0.74%"
"10/13/2025","54.35","54.29","54.48","53.72","44.49M","+0.07%"
"10/10/2025","54.31","53.30","54.75","53.23","58.99M","+2.14%"
"10/09/2025","53.17","52.80","53.53","52.55","63.75M","+0.76%"
"10/08/2025","52.77","54.13","54.14","52.66","60.45M","-2.30%"
"10/07/2025","54.01","54.35","54.80","53.95","50.65M","-0.18%"
"10/06/2025","54.11","55.00","55.17","53.92","45.01M","-0.64%"
"10/03/2025","54.46","55.44","55.48","53.85","69.04M","-1.30%"
"10/01/2025","55.18","55.05","55.36","54.60","46.14M","+0.24%"
"09/30/2025","55.05","55.38","55.46","54.41","57.64M","-0.42%"
"09/29/2025","55.28","55.70","56.36","55.15","49.69M","+0.00%"
"09/26/2025","55.28","56.96","57.23","55.15","54.39M","-2.40%"
"09/25/2025","56.64","57.50","58.20","56.45","38.21M","-1.50%"
"09/24/2025","57.50","58.78","58.88","57.36","36.88M","-2.13%"
"09/23/2025","58.75","60.00","60.13","58.63","43.15M","-1.97%"
"09/22/2025","59.93","60.40","60.97","59.67","62.08M","-0.78%"
"09/19/2025","60.40","59.25","60.61","59.06","84.64M","+2.23%"
"09/18/2025","59.08","59.41","59.66","58.75","34.62M","-0.35%"
"09/17/2025","59.29","60.00","60.08","58.75","63.66M","+0.53%"
"09/16/2025","58.98","58.30","59.65","58.29","83.96M","+1.57%"
"09/15/2025","58.07","57.39","58.45","57.20","47.86M","+1.68%"
"09/12/2025","57.11","57.26","57.42","56.73","30.87M","+0.30%"
"09/11/2025","56.94","57.57","58.04","56.88","35.65M","-1.09%"
"09/10/2025","57.57","57.30","58.03","57.21","37.06M","+0.89%"
"09/09/2025","57.06","57.73","57.75","57.00","28.44M","-0.68%"
"09/08/2025","57.45","58.10","58.25","57.35","31.29M","-0.73%"
"09/05/2025","57.87","57.64","58.15","57.30","36.92M","+0.78%"
"09/04/2025","57.42","58.74","58.90","57.27","45.52M","-0.98%"
"09/03/2025","57.99","58.25","58.72","57.90","44.16M","-0.45%"
"09/02/2025","58.25","58.45","59.10","57.90","72.99M","+0.67%"
"09/01/2025","57.86","56.90","57.98","56.57","62.79M","+2.53%"
"08/29/2025","56.43","56.35","57.15","55.53","66.05M","+0.20%"
"08/28/2025","56.32","57.31","57.31","55.89","57.74M","-1.14%"
"08/26/2025","56.97","57.04","57.45","56.61","54.25M","-0.80%"
"08/25/2025","57.43","59.04","59.04","57.36","55.02M","-1.85%"
"08/22/2025","58.51","58.39","59.29","58.06","67.41M","+0.60%"
"08/21/2025","58.16","60.16","60.24","58.01","53.04M","-2.82%"
"08/20/2025","59.85","59.65","60.35","59.20","59.03M","+0.44%"
"08/19/2025","59.59","58.25","59.75","57.72","100.34M","+2.62%"
"08/18/2025","58.07","61.50","61.64","56.62","175.24M","-3.31%"
"08/14/2025","60.06","60.68","60.99","60.00","61.47M","-0.53%"
"08/13/2025","60.38","63.15","63.80","60.10","173.12M","-4.36%"
"08/12/2025","63.13","64.20","64.95","62.57","98.20M","-0.30%"
"08/11/2025","63.32","63.20","64.78","62.89","56.45M","+0.21%"
"08/08/2025","63.19","64.50","64.52","62.96","44.36M","-1.59%"
"08/07/2025","64.21","64.81","65.26","62.21","75.54M","-1.61%"
"08/06/2025","65.26","65.78","65.85","64.57","47.28M","-0.28%"
"08/05/2025","65.44","65.00","66.10","64.87","49.37M","+0.68%"
"08/04/2025","65.00","66.60","66.81","64.65","72.00M","-1.44%"
"08/01/2025","65.95","62.30","66.80","62.30","282.89M","+7.06%"
"07/31/2025","61.60","60.05","62.02","59.78","52.27M","+0.64%"
"07/30/2025","61.21","61.98","62.05","61.01","26.14M","-0.94%"
"07/29/2025","61.79","60.69","62.61","59.95","53.32M","+1.54%"
"07/28/2025","60.85","63.50","63.55","60.65","63.83M","-4.35%"
"07/25/2025","63.62","65.30","65.32","62.83","55.14M","-2.60%"
"07/24/2025","65.32","65.98","66.24","65.05","25.86M","-1.00%"
"07/23/2025","65.98","66.10","66.44","65.52","32.84M","-0.90%"
"07/22/2025","66.58","66.68","66.78","65.70","35.74M","+0.24%"
"07/21/2025","66.42","65.24","66.50","65.00","35.81M","+2.09%"
"07/18/2025","65.06","66.26","66.59","64.77","37.16M","-1.81%"
"07/17/2025","66.26","67.10","67.14","66.05","31.48M","-1.15%"
"07/16/2025","67.03","67.30","68.30","66.85","52.71M","-0.21%"
"07/15/2025","67.17","65.47","67.40","65.47","68.14M","+2.64%"
"07/14/2025","65.44","66.22","66.44","65.26","37.95M","-0.73%"
"07/11/2025","65.92","65.97","66.26","65.25","32.76M","-0.08%"
"07/10/2025","65.97","66.00","66.54","65.51","31.01M","+0.05%"
"07/09/2025","65.94","66.47","66.85","65.72","39.94M","-0.48%"
"07/08/2025","66.26","65.79","66.50","65.30","40.71M","+0.58%"
"07/07/2025","65.88","65.80","66.59","65.13","42.00M","+0.53%"
"07/04/2025","65.53","65.50","65.70","64.92","32.25M","+0.40%"
"07/03/2025","65.27","65.40","66.21","64.92","48.30M","+0.74%"
"07/02/2025","64.79","67.38","67.52","64.40","72.93M","-3.59%"
"07/01/2025","67.20","67.72","68.12","67.01","49.32M","-0.77%"
"06/30/2025","67.72","67.65","68.17","66.50","100.16M","+0.59%"
"06/27/2025","67.32","64.80","67.70","64.45","157.32M","+4.32%"
"06/26/2025","64.53","64.54","65.57","64.08","63.68M","+0.33%"
"06/25/2025","64.32","64.90","64.90","63.91","51.60M","-0.11%"
"06/24/2025","64.39","63.70","64.67","63.26","84.50M","+2.55%"
"06/23/2025","62.79","62.60","63.20","62.05","48.15M","-0.70%"
"06/20/2025","63.23","62.56","64.48","62.42","155.35M","+1.12%"
"06/19/2025","62.53","64.00","64.40","61.76","90.68M","-2.40%"
"06/18/2025","64.07","64.52","65.24","63.81","49.25M","-0.70%"
"06/17/2025","64.52","65.41","65.87","64.11","62.35M","-1.36%"
"06/16/2025","65.41","64.50","65.80","63.16","82.80M","+1.05%"
"06/13/2025","64.73","64.19","65.48","63.32","90.31M","-1.45%"
"06/12/2025","65.68","67.75","67.89","65.50","91.12M","-2.83%"
"06/11/2025","67.59","68.60","69.40","67.12","99.92M","-1.03%"
"06/10/2025","68.29","67.83","69.50","66.80","158.11M","+1.73%"
"06/09/2025","67.13","67.75","68.30","67.00","110.91M","+0.63%"
"06/06/2025","66.71","67.40","67.50","66.10","75.95M","-0.09%"
"06/05/2025","66.77","67.00","68.60","66.50","116.56M","+0.07%"
"06/04/2025","66.72","68.35","68.58","66.50","125.73M","-2.10%"
"06/03/2025","68.15","71.70","72.40","67.90","166.63M","-4.27%"
"06/02/2025","71.19","72.20","73.50","70.71","173.59M","-0.41%"
"05/30/2025","71.48","71.50","74.30","70.55","547.64M","+9.26%"
"05/29/2025","65.42","67.19","67.61","64.75","106.02M","-1.36%"
"05/28/2025","66.32","65.71","68.50","65.51","162.39M","+1.42%"
"05/27/2025","65.39","64.90","66.00","63.61","125.85M","+1.58%"
"05/26/2025","64.37","62.83","65.95","62.74","127.00M","+3.47%"
"05/23/2025","62.21","61.45","62.90","60.66","90.70M","+1.97%"
"05/22/2025","61.01","61.00","61.72","60.35","43.22M","-0.44%"
"05/21/2025","61.28","60.20","61.65","59.35","57.92M","+1.54%"
"05/20/2025","60.35","61.95","62.19","60.10","64.42M","-1.92%"
"05/19/2025","61.53","61.21","62.60","61.12","53.35M","+0.74%"
"05/16/2025","61.08","61.60","62.13","60.35","77.80M","-0.23%"
"05/15/2025","61.22","60.40","61.77","60.10","79.99M","+2.17%"
"05/14/2025","59.92","57.90","60.40","57.40","97.73M","+4.03%"
"05/13/2025","57.60","57.20","58.17","56.71","55.62M","+1.14%"
"05/12/2025","56.95","56.24","57.40","55.24","89.60M","+8.13%"
"05/09/2025","52.67","51.25","53.00","51.10","68.60M","-0.90%"
"05/08/2025","53.15","55.50","55.98","52.80","65.06M","-2.83%"
"05/07/2025","54.70","52.40","55.18","52.40","100.83M","+1.79%"
"05/06/2025","53.74","57.00","57.49","53.42","59.70M","-5.59%"
"05/05/2025","56.92","56.50","57.25","56.35","30.17M","+1.19%"
"05/02/2025","56.25","56.16","56.99","55.86","42.14M","-0.27%"
"04/30/2025","56.40","57.70","57.90","56.00","55.51M","-2.25%"
"04/29/2025","57.70","58.00","59.50","57.35","51.63M","-0.14%"
"04/28/2025","57.78","57.50","58.49","57.00","50.64M","-0.89%"
"04/25/2025","58.30","60.31","60.45","56.72","104.36M","-3.01%"
"04/24/2025","60.11","60.00","61.49","59.72","97.85M","+0.20%"
"04/23/2025","59.99","59.68","60.17","58.13","97.97M","+1.21%"
"04/22/2025","59.27","60.95","61.58","59.02","89.16M","-1.69%"
"04/21/2025","60.29","55.55","61.10","55.50","169.66M","+9.48%"
"04/17/2025","55.07","54.33","55.72","54.01","54.28M","+1.34%"
"04/16/2025","54.34","54.51","54.89","53.85","34.69M","-0.06%"
"04/15/2025","54.37","54.88","55.66","53.91","58.94M","+2.58%"
"04/11/2025","53.00","53.96","53.96","52.16","49.59M","+3.50%"
"04/09/2025","51.21","53.07","53.76","51.01","50.85M","-3.52%"
"04/08/2025","53.08","54.34","54.34","52.73","40.95M","+1.84%"
"04/07/2025","52.12","46.90","53.10","46.15","81.91M","-5.85%"
"04/04/2025","55.36","57.49","57.50","54.66","51.86M","-3.70%"
"04/03/2025","57.49","56.21","57.82","56.20","42.91M","+0.10%"
"04/02/2025","57.43","55.84","57.74","54.36","49.53M","+3.01%"
"04/01/2025","55.75","55.50","56.98","55.11","40.81M","-1.61%"
"03/28/2025","56.66","57.36","58.40","56.40","43.38M","-0.61%"
"03/27/2025","57.01","57.11","57.94","56.44","49.68M","-0.73%"
"03/26/2025","57.43","57.90","58.63","56.30","52.25M","-0.38%"
"03/25/2025","57.65","58.46","59.48","57.05","66.62M","-0.45%"
"03/24/2025","57.91","57.69","58.36","57.05","58.37M","+2.50%"
"03/21/2025","56.50","58.38","58.65","55.94","104.72M","-3.24%"
"03/20/2025","58.39","58.90","59.40","56.68","51.73M","+1.09%"
"03/19/2025","57.76","55.39","58.00","55.34","79.47M","+5.06%"
"03/18/2025","54.98","55.35","55.55","54.76","42.34M","+0.88%"
"03/17/2025","54.50","54.74","56.50","54.25","54.13M","-0.15%"
"03/13/2025","54.58","54.35","55.00","53.62","43.84M","+1.36%"
"03/12/2025","53.85","54.06","54.45","52.77","48.31M","+0.17%"
"03/11/2025","53.76","52.02","54.15","51.63","58.52M","+0.98%"
"03/10/2025","53.24","55.11","56.79","52.76","81.45M","-3.06%"
"03/07/2025","54.92","51.99","56.94","51.60","106.86M","+5.41%"
"03/06/2025","52.10","52.69","52.89","51.72","56.09M","+1.18%"
"03/05/2025","51.49","50.60","52.05","50.51","72.63M","+2.75%"
"03/04/2025","50.11","48.85","51.49","48.52","67.73M","+0.66%"
"03/03/2025","49.78","50.05","51.19","46.60","108.58M","+0.14%"
"02/28/2025","49.71","51.21","51.90","49.51","93.21M","-4.64%"
"02/27/2025","52.13","54.64","54.94","51.75","39.07M","-4.49%"
"02/25/2025","54.58","54.29","55.08","54.27","21.79M","+0.53%"
"02/24/2025","54.29","54.60","54.70","53.45","43.16M","-1.60%"
"02/21/2025","55.17","54.90","56.30","54.30","56.80M","+0.53%"
"02/20/2025","54.88","54.00","55.35","53.25","38.87M","+1.33%"
"02/19/2025","54.16","50.30","55.28","49.84","71.93M","+6.95%"
"02/18/2025","50.64","51.00","51.35","49.49","38.97M","-1.52%"
"02/17/2025","51.42","51.00","51.69","49.50","46.74M","+0.55%"
"02/14/2025","51.14","53.55","53.88","50.45","45.98M","-4.14%"
"02/13/2025","53.35","52.81","53.95","52.29","41.61M","+1.81%"
"02/12/2025","52.40","51.99","52.99","49.05","69.16M","+0.79%"
"02/11/2025","51.99","52.85","53.05","50.32","49.47M","-1.38%"
"02/10/2025","52.72","53.39","54.39","52.31","31.17M","-1.66%"
"02/07/2025","53.61","54.97","55.08","52.92","38.82M","-2.39%"
"02/06/2025","54.92","55.91","56.38","54.55","31.77M","-1.75%"
"02/05/2025","55.90","57.24","57.77","55.77","37.79M","-1.79%"
"02/04/2025","56.92","57.19","57.98","55.96","42.37M","+0.98%"
"02/03/2025","56.37","57.78","59.10","55.41","93.43M","-3.26%"
"02/01/2025","58.27","60.50","61.07","56.51","168.80M","+0.17%"
"01/31/2025","58.17","57.00","58.17","56.55","111.50M","+5.00%"
"01/30/2025","55.40","55.40","55.40","55.40","10.96M","+4.98%"
"01/29/2025","52.77","52.77","52.77","52.77","13.99M","+4.99%"
"01/28/2025","50.26","50.59","51.59","47.81","86.56M","+0.06%"
"01/27/2025","50.23","52.40","52.48","49.91","66.29M","-4.40%"
"01/24/2025","52.54","54.90","54.99","52.15","64.21M","-3.26%"
"01/23/2025","54.31","55.12","56.64","54.19","49.58M","-1.47%"
"01/22/2025","55.12","57.43","57.84","54.55","48.99M","-4.02%"
"01/21/2025","57.43","58.35","58.47","56.35","33.97M","-1.14%"
"01/20/2025","58.09","57.52","58.79","56.26","49.55M","+2.20%"
"01/17/2025","56.84","57.00","57.39","55.94","41.81M","-0.05%"
"01/16/2025","56.87","58.76","59.19","56.70","39.80M","-0.68%"
"01/15/2025","57.26","57.17","59.80","56.81","65.24M","+0.16%"
"01/14/2025","57.17","55.20","57.17","55.11","41.05M","+5.00%"
"01/13/2025","54.45","54.50","57.00","53.98","92.08M","-2.02%"
"01/10/2025","55.57","58.00","58.15","55.50","64.40M","-3.99%"
"01/09/2025","57.88","60.34","60.35","57.65","35.05M","-3.58%"
"01/08/2025","60.03","60.80","61.00","59.00","37.16M","-1.40%"
"01/07/2025","60.88","58.06","61.79","58.06","59.12M","+3.45%"
"01/06/2025","58.85","62.05","62.12","58.85","62.45M","-5.00%"
"01/03/2025","61.95","63.00","63.25","61.80","42.69M","-1.54%"
"01/02/2025","62.92","65.00","65.10","62.55","67.89M","-3.69%"
"01/01/2025","65.33","62.64","65.33","62.07","62.23M","+5.00%"
"12/31/2024","62.22","61.49","62.42","61.06","34.98M","+1.30%"
"12/30/2024","61.42","63.19","63.89","61.11","50.20M","-2.89%"
"12/27/2024","63.25","64.50","64.73","63.00","20.62M","-1.69%"
"12/26/2024","64.34","64.99","65.15","63.87","19.52M","-0.82%"
"12/24/2024","64.87","63.98","65.38","63.77","24.81M","+1.58%"
"12/23/2024","63.86","65.16","65.16","63.28","30.08M","-0.42%"
"12/20/2024","64.13","67.55","67.79","63.95","55.04M","-4.35%"
"12/19/2024","67.05","66.50","68.58","66.20","56.24M","-1.32%"
"12/18/2024","67.95","69.80","70.18","67.37","68.90M","-2.31%"
"12/17/2024","69.56","66.36","69.67","66.21","188.35M","+4.82%"
"12/16/2024","66.36","67.50","68.62","66.16","56.79M","+0.24%"
"12/13/2024","66.20","65.50","67.68","65.26","47.95M","+0.76%"
"12/12/2024","65.70","65.61","66.43","64.86","33.62M","-0.64%"
"12/11/2024","66.12","66.42","67.20","65.85","32.53M","-0.65%"
"12/10/2024","66.55","67.30","67.36","65.86","29.54M","-1.20%"
"12/09/2024","67.36","67.38","67.80","66.40","34.64M","-0.04%"
"12/06/2024","67.39","68.00","68.39","67.28","38.53M","-1.27%"
"12/05/2024","68.26","68.20","68.80","66.88","56.30M","+0.80%"
"12/04/2024","67.72","65.90","68.45","65.34","97.61M","+3.55%"
"12/03/2024","65.40","66.79","67.30","65.00","91.10M","-1.09%"
"12/02/2024","66.12","63.11","66.12","62.28","61.13M","+4.99%"
"11/29/2024","62.98","63.90","64.22","62.41","54.82M","-1.18%"
"11/28/2024","63.73","63.69","65.50","62.90","42.56M","+0.22%"
"11/27/2024","63.59","63.88","64.29","62.71","37.15M","+0.03%"
"11/26/2024","63.57","64.64","64.85","63.30","35.46M","-1.03%"
"11/25/2024","64.23","67.00","67.50","63.71","123.92M","-1.52%"
"11/22/2024","65.22","66.80","68.33","64.60","130.35M","-0.17%"
"11/21/2024","65.33","63.90","65.33","63.50","131.58M","+5.00%"
"11/19/2024","62.22","60.50","62.22","59.42","74.48M","+4.99%"
"11/18/2024","59.26","59.45","59.56","56.80","119.11M","+4.46%"
"11/14/2024","56.73","54.03","56.73","53.65","56.96M","+5.00%"
"11/13/2024","54.03","58.00","59.28","53.45","194.51M","-9.03%"
"11/12/2024","59.39","62.16","62.87","59.10","67.56M","-4.46%"
"11/11/2024","62.16","61.50","63.14","58.56","128.10M","-0.54%"
"11/08/2024","62.50","66.59","66.59","61.84","86.10M","-6.44%"
"11/07/2024","66.80","69.45","69.45","66.44","49.35M","-3.64%"
"11/06/2024","69.32","68.00","69.85","67.42","50.01M","+2.89%"
"11/05/2024","67.37","66.30","68.25","65.53","45.63M","+1.58%"
"11/04/2024","66.32","68.19","68.24","65.20","55.38M","-2.67%"
"11/01/2024","68.14","67.30","68.40","67.20","14.97M","+1.78%"
"10/31/2024","66.95","67.96","68.44","66.70","41.45M","-1.73%"
"10/30/2024","68.13","68.99","69.63","67.56","52.76M","-1.07%"
"10/29/2024","68.87","72.75","73.50","66.82","129.97M","-2.78%"
"10/28/2024","70.84","68.00","72.60","66.14","81.82M","+4.99%"
"10/25/2024","67.47","69.88","70.30","66.00","49.45M","-2.43%"
"10/24/2024","69.15","69.08","71.14","68.40","35.06M","+0.44%"
"10/23/2024","68.85","67.30","69.94","66.10","55.22M","+0.42%"
"10/22/2024","68.56","70.59","71.30","67.50","67.73M","-2.93%"
"10/21/2024","70.63","72.49","72.77","70.30","27.03M","-2.16%"
"10/18/2024","72.19","72.90","73.35","71.10","36.02M","-1.12%"
"10/17/2024","73.01","75.39","75.45","72.40","32.19M","-2.72%"
"10/16/2024","75.05","73.71","75.65","73.52","47.16M","+1.82%"
"10/15/2024","73.71","74.10","74.24","72.15","42.42M","-0.41%"
"10/14/2024","74.01","74.65","75.00","73.75","24.98M","-0.51%"
"10/11/2024","74.39","75.75","76.07","74.25","32.80M","-1.39%"
"10/10/2024","75.44","77.50","77.89","74.67","71.02M","-1.63%"
"10/09/2024","76.69","74.59","80.60","74.55","136.13M","+4.14%"
"10/08/2024","73.64","68.10","74.20","66.10","135.90M","+3.82%"
"10/07/2024","70.93","75.64","76.49","70.93","76.81M","-5.01%"
"10/04/2024","74.67","74.85","76.65","72.22","77.97M","-1.43%"
"10/03/2024","75.75","76.74","78.60","75.75","79.77M","-5.00%"
"10/01/2024","79.74","80.30","81.53","79.50","27.49M","-0.39%"
"09/30/2024","80.05","80.80","81.58","79.37","42.38M","-1.28%"
"09/27/2024","81.09","81.75","82.77","80.50","42.52M","-0.92%"
"09/26/2024","81.84","82.95","83.36","81.50","24.93M","-1.35%"
"09/25/2024","82.96","83.70","83.70","82.50","27.04M","-0.99%"
"09/24/2024","83.79","83.00","84.20","82.32","34.41M","+1.09%"
"09/23/2024","82.89","84.19","84.99","82.70","35.31M","-0.67%"
"09/20/2024","83.45","82.24","84.00","81.31","74.31M","+3.06%"
"09/19/2024","80.97","81.89","83.00","78.00","60.45M","+0.19%"
"09/18/2024","80.82","82.20","82.98","80.52","37.67M","-1.44%"
"09/17/2024","82.00","85.18","85.40","80.57","61.03M","-3.19%"
"09/16/2024","84.70","83.88","85.85","83.66","67.95M","+1.91%"
"09/13/2024","83.11","82.14","84.50","80.80","82.75M","+1.73%"
"09/12/2024","81.70","86.00","86.04","80.41","186.03M","-0.31%"
"09/11/2024","81.95","79.34","81.95","79.10","121.40M","+5.00%"
"09/10/2024","78.05","75.83","78.05","75.34","144.76M","+4.99%"
"09/09/2024","74.34","75.28","77.28","72.82","87.25M","-0.51%"
"09/06/2024","74.72","76.75","77.35","74.51","43.64M","-1.68%"
"09/05/2024","76.00","75.70","77.09","74.66","56.48M","+2.48%"
"09/04/2024","74.16","74.40","74.90","73.30","28.32M","-0.42%"
"09/03/2024","74.47","73.81","76.37","73.54","49.35M","+0.89%"
"09/02/2024","73.81","75.84","76.10","72.50","71.97M","-2.68%"
"08/30/2024","75.84","77.30","77.58","75.12","63.93M","-1.51%"
"08/29/2024","77.00","78.67","78.69","76.20","41.94M","-2.48%"
"08/28/2024","78.96","77.95","79.73","77.66","47.72M","+1.88%"
"08/27/2024","77.50","77.24","78.30","76.60","32.62M","+1.44%"
"08/26/2024","76.40","79.34","79.79","75.66","57.92M","-3.09%"
"08/23/2024","78.84","77.70","80.50","77.70","67.41M","+1.64%"
"08/22/2024","77.57","79.23","79.59","77.30","41.52M","-1.62%"
"08/21/2024","78.85","79.40","80.15","78.61","38.87M","-0.73%"
"08/20/2024","79.43","81.31","81.58","78.50","54.45M","-1.59%"
"08/19/2024","80.71","80.64","82.45","79.21","96.55M","+0.95%"
"08/16/2024","79.95","77.95","80.50","74.12","155.61M","+4.14%"
"08/14/2024","76.77","82.19","82.41","76.75","141.96M","-4.98%"
"08/13/2024","80.79","81.97","84.29","78.35","193.73M","+0.54%"
"08/12/2024","80.36","77.15","80.36","74.65","131.26M","+4.99%"
"08/09/2024","76.54","74.60","76.56","73.00","142.61M","+4.96%"
"08/08/2024","72.92","71.00","73.05","70.58","212.96M","+4.80%"
"08/07/2024","69.58","69.00","69.58","68.11","65.58M","+4.99%"
"08/06/2024","66.27","68.75","70.85","65.60","96.67M","-2.33%"
"08/05/2024","67.85","69.90","71.64","67.78","209.90M","-4.91%"
"08/02/2024","71.35","67.80","71.37","67.05","131.10M","+4.96%"
"08/01/2024","67.98","69.93","70.99","66.22","134.82M","-2.02%"
"07/31/2024","69.38","70.11","70.89","68.28","131.54M","+1.70%"
"07/30/2024","68.22","65.81","68.22","65.63","114.49M","+4.99%"
"07/29/2024","64.98","62.95","64.98","62.38","97.89M","+4.99%"
"07/26/2024","61.89","62.68","63.00","61.00","67.86M","+0.68%"
"07/25/2024","61.47","62.29","63.75","60.80","170.33M","+1.24%"
"07/24/2024","60.72","59.70","60.72","59.63","90.76M","+5.00%"
"07/23/2024","57.83","57.20","57.83","54.00","281.89M","+4.99%"
"07/22/2024","55.08","54.66","55.44","53.50","47.81M","+0.97%"
"07/19/2024","54.55","55.38","55.87","53.82","52.18M","-1.52%"
"07/18/2024","55.39","55.50","55.72","53.82","68.20M","-0.88%"
"07/16/2024","55.88","54.90","56.00","54.43","76.58M","+2.31%"
"07/15/2024","54.62","55.00","55.00","54.02","27.14M","-0.02%"
"07/12/2024","54.63","55.00","55.43","53.65","37.50M","-0.16%"
"07/11/2024","54.72","55.00","55.00","54.20","26.06M","-0.31%"
"07/10/2024","54.89","55.67","56.00","53.90","37.73M","-0.87%"
"07/09/2024","55.37","55.30","55.84","53.86","33.86M","+0.31%"
"07/08/2024","55.20","55.95","56.00","54.50","54.59M","-0.52%"
"07/05/2024","55.49","54.37","56.49","53.80","96.91M","+2.70%"
"07/04/2024","54.03","53.60","55.67","53.37","63.20M","+0.93%"
"07/03/2024","53.53","53.10","53.95","53.00","29.91M","+0.94%"
"07/02/2024","53.03","53.00","53.38","52.43","24.50M","+0.19%"
"07/01/2024","52.93","53.20","53.28","52.59","25.42M","+0.13%"
"06/28/2024","52.86","53.90","54.00","52.71","38.74M","-0.79%"
"06/27/2024","53.28","53.05","54.00","51.50","52.50M","+0.99%"
"06/26/2024","52.76","53.60","54.37","52.30","52.44M","-1.57%"
"06/25/2024","53.60","55.15","55.50","53.32","63.72M","-2.01%"
"06/24/2024","54.70","55.45","55.70","54.15","149.42M","+3.11%"
"06/21/2024","53.05","51.20","53.05","51.00","143.68M","+4.99%"
"06/20/2024","50.53","51.34","51.34","49.55","99.07M","+3.33%"
"06/19/2024","48.90","50.19","50.28","48.75","26.14M","-2.12%"
"06/18/2024","49.96","49.60","50.29","48.85","49.87M","+0.97%"
"06/14/2024","49.48","50.00","51.19","49.10","85.03M","-0.78%"
"06/13/2024","49.87","50.50","50.50","49.29","48.47M","-0.82%"
"06/12/2024","50.28","48.51","50.50","48.40","87.42M","+4.19%"
"06/11/2024","48.26","47.40","49.29","47.02","47.58M","+1.81%"
"06/10/2024","47.40","47.40","48.63","47.40","90.22M","-5.01%"
"06/07/2024","49.90","50.00","50.45","49.00","30.34M","+0.20%"
"06/06/2024","49.80","49.45","50.50","48.50","49.16M","+2.79%"
"06/05/2024","48.45","45.15","49.80","45.15","81.27M","+2.00%"
"06/04/2024","47.50","52.10","52.10","47.50","123.85M","-5.00%"
"06/03/2024","50.00","50.00","50.00","50.00","62.88M","+4.93%"
"05/31/2024","47.65","45.70","47.65","44.30","115.67M","+4.96%"
"05/30/2024","45.40","46.30","46.90","44.50","31.29M","-1.52%"
"05/29/2024","46.10","43.90","46.10","43.55","30.98M","+4.89%"
"05/28/2024","43.95","45.50","45.85","43.40","26.26M","-2.77%"
"05/27/2024","45.20","45.25","46.70","45.00","38.52M","-1.63%"
"05/24/2024","45.95","49.00","49.00","45.90","53.07M","-4.87%"
"05/23/2024","48.30","46.40","48.30","45.70","90.53M","+5.00%"
"05/22/2024","46.00","44.50","46.25","42.95","80.22M","+4.43%"
"05/21/2024","44.05","42.50","44.20","41.90","45.62M","+3.65%"
"05/18/2024","42.50","42.60","43.05","42.30","6.82M","-0.23%"
"05/17/2024","42.60","42.80","42.95","42.10","24.12M","-0.47%"
"05/16/2024","42.80","42.50","43.00","41.75","36.34M","+1.42%"
"05/15/2024","42.20","40.40","42.20","40.05","42.75M","+4.98%"
"05/14/2024","40.20","39.05","40.75","39.05","15.68M","+3.08%"
"05/13/2024","39.00","39.90","39.90","37.90","23.03M","-2.26%"
"05/10/2024","39.90","39.85","40.10","39.00","14.67M","+0.76%"
"05/09/2024","39.60","40.00","40.40","39.45","21.07M","-0.88%"
"05/08/2024","39.95","39.75","40.20","39.05","24.94M","+0.50%"
"05/07/2024","39.75","40.75","40.80","39.00","27.83M","-2.57%"
"05/06/2024","40.80","42.00","42.00","40.40","17.23M","-1.33%"
"05/03/2024","41.35","42.00","42.30","41.05","23.73M","-0.84%"
"05/02/2024","41.70","41.60","42.05","41.05","31.53M","+0.24%"
"04/30/2024","41.60","41.95","42.10","41.00","30.50M","+0.00%"
"04/29/2024","41.60","41.85","42.00","41.40","17.82M","-0.12%"
"04/26/2024","41.65","42.05","42.15","41.25","18.20M","-1.19%"
"04/25/2024","42.15","42.20","42.30","41.25","22.87M","+0.84%"
"04/24/2024","41.80","41.90","42.50","41.45","34.25M","-0.12%"
"04/23/2024","41.85","41.00","42.10","40.55","69.22M","+2.45%"
"04/22/2024","40.85","38.85","41.30","38.60","62.11M","+3.81%"
"04/19/2024","39.35","40.45","40.70","39.10","54.05M","-4.37%"
"04/18/2024","41.15","41.00","41.70","40.70","23.92M","+1.60%"
"04/16/2024","40.50","39.85","41.25","39.55","20.99M","-0.61%"
"04/15/2024","40.75","40.05","41.20","40.05","37.64M","-3.32%"
"04/12/2024","42.15","42.15","42.75","41.80","37.21M","+0.00%"
"04/10/2024","42.15","41.15","42.65","41.10","28.69M","+3.06%"
"04/09/2024","40.90","41.50","42.50","40.80","20.55M","-1.45%"
"04/08/2024","41.50","43.15","43.15","41.40","20.07M","-2.70%"
"04/05/2024","42.65","43.00","43.00","42.00","15.83M","-0.70%"
"04/04/2024","42.95","44.50","44.60","42.70","30.71M","-1.26%"
"04/03/2024","43.50","42.50","43.55","41.60","28.08M","+2.35%"
"04/02/2024","42.50","41.80","43.00","40.40","31.13M","+2.78%"
"04/01/2024","41.35","39.95","41.75","38.40","32.55M","+2.35%"
"03/28/2024","40.40","39.00","40.40","38.60","44.69M","+4.94%"
"03/27/2024","38.50","37.40","38.95","37.10","92.34M","+3.77%"
"03/26/2024","37.10","37.50","37.65","36.80","25.06M","-0.67%"
"03/22/2024","37.35","37.00","37.95","36.35","17.89M","+0.13%"
"03/21/2024","37.30","37.00","38.10","36.50","54.92M","+2.75%"
"03/20/2024","36.30","37.15","37.70","35.60","26.89M","-2.29%"
"03/19/2024","37.15","38.40","38.40","36.80","20.55M","-3.63%"
"03/18/2024","38.55","38.85","38.90","37.70","22.65M","-2.16%"
"03/15/2024","39.40","39.00","40.00","37.50","144.96M","+0.90%"
"03/14/2024","39.05","35.50","39.20","35.50","67.01M","+4.55%"
"03/13/2024","37.35","38.50","39.30","37.35","38.16M","-4.96%"
"03/12/2024","39.30","39.35","40.00","37.40","47.40M","-0.13%"
"03/11/2024","39.35","41.50","42.00","39.00","39.53M","-3.08%"
"03/07/2024","40.60","37.20","40.60","37.20","58.29M","+4.91%"
"03/06/2024","38.70","39.00","39.00","38.70","29.05M","-4.91%"
"03/05/2024","40.70","41.65","41.65","40.70","53.28M","-4.91%"
"03/04/2024","42.80","42.80","43.80","41.75","55.07M","-2.62%"
"03/02/2024","43.95","44.50","44.50","43.50","5.07M","-0.79%"
"03/01/2024","44.30","45.60","46.00","44.10","22.09M","-2.10%"
"02/29/2024","45.25","43.00","45.35","41.05","117.20M","+4.75%"
"02/28/2024","43.20","44.60","44.65","42.35","36.89M","-3.03%"
"02/27/2024","44.55","44.20","45.00","43.50","22.62M","+1.83%"
"02/26/2024","43.75","45.75","45.75","43.35","30.05M","-2.56%"
"02/23/2024","44.90","45.15","45.60","44.80","25.29M","+0.22%"
"02/22/2024","44.80","44.85","45.30","43.80","23.28M","+0.11%"
"02/21/2024","44.75","45.95","46.00","43.75","30.44M","-2.29%"
"02/20/2024","45.80","46.65","46.85","45.60","20.11M","-0.76%"
"02/19/2024","46.15","47.50","47.60","46.05","19.48M","-1.49%"
"02/16/2024","46.85","47.70","47.70","46.00","23.86M","-0.43%"
"02/15/2024","47.05","46.95","47.75","46.50","44.78M","+2.17%"
"02/14/2024","46.05","42.45","46.05","42.05","59.86M","+4.90%"
"02/13/2024","43.90","43.65","44.65","42.75","135.41M","-2.44%"
"02/12/2024","45.00","47.95","48.20","45.00","65.40M","-4.96%"
"02/09/2024","47.35","49.35","49.40","46.90","90.73M","-4.05%"
"02/08/2024","49.35","49.50","49.75","48.50","53.85M","+0.20%"
"02/07/2024","49.25","48.20","49.95","48.20","64.87M","+2.60%"
"02/06/2024","48.00","48.80","48.80","47.20","53.17M","-0.52%"
"02/05/2024","48.25","49.60","50.00","47.50","112.30M","-0.72%"
"02/02/2024","48.60","49.90","50.60","48.00","219.51M","+0.83%"
"02/01/2024","48.20","47.30","48.20","47.00","195.54M","+4.90%"
"01/31/2024","45.95","44.40","45.95","44.20","145.37M","+4.91%"
"01/30/2024","43.80","43.50","44.85","42.75","88.27M","+1.27%"
"01/29/2024","43.25","43.00","43.85","42.55","64.99M","+1.65%"
"01/25/2024","42.55","41.65","43.00","40.90","53.84M","+3.28%"
"01/24/2024","41.20","41.60","41.60","40.35","33.52M","+0.12%"
"01/23/2024","41.15","42.50","43.00","40.20","61.82M","-1.56%"
"01/20/2024","41.80","42.00","42.45","41.25","39.95M","-0.12%"
"01/19/2024","41.85","43.50","44.45","41.45","118.65M","-2.45%"
"01/18/2024","42.90","40.90","42.90","40.10","77.36M","+4.89%"
"01/17/2024","40.90","41.50","42.65","40.35","62.35M","-2.73%"
"01/16/2024","42.05","44.00","44.20","41.65","73.66M","-4.10%"
"01/15/2024","43.85","45.20","45.70","43.70","73.41M","-2.34%"
"01/12/2024","44.90","43.80","45.40","43.15","88.21M","+2.98%"
"01/11/2024","43.60","43.90","44.00","42.70","48.04M","+0.11%"
"01/10/2024","43.55","44.10","44.20","42.30","54.42M","+0.00%"
"01/09/2024","43.55","43.25","44.00","41.50","103.58M","+2.23%"
"01/08/2024","42.60","41.50","42.60","40.00","92.60M","+4.93%"
"01/05/2024","40.60","38.90","40.60","38.70","75.80M","+4.91%"
"01/04/2024","38.70","37.80","39.30","37.75","38.23M","+2.38%"
"01/03/2024","37.80","38.25","38.25","37.70","21.79M","-1.18%"
"01/02/2024","38.25","38.70","38.80","37.10","30.86M","-0.65%"
"01/01/2024","38.50","38.50","38.60","38.00","35.08M","+0.79%"
"12/29/2023","38.20","38.55","38.70","38.00","28.15M","+0.13%"
"12/28/2023","38.15","37.20","38.50","37.10","49.43M","+2.97%"
"12/27/2023","37.05","37.30","37.30","36.20","29.74M","+0.41%"
"12/26/2023","36.90","37.25","37.65","36.55","24.48M","-0.94%"
"12/22/2023","37.25","37.50","38.00","36.50","27.36M","+0.40%"
"12/21/2023","37.10","34.30","37.25","33.90","68.21M","+4.07%"
"12/20/2023","35.65","37.90","38.15","35.65","60.11M","-4.93%"
"12/19/2023","37.50","37.85","37.90","36.80","46.28M","-0.92%"
"12/18/2023","37.85","38.75","38.75","37.50","34.13M","-1.82%"
"12/15/2023","38.55","37.30","39.20","36.00","135.92M","+3.21%"
"12/14/2023","37.35","38.20","38.60","37.10","58.58M","-2.23%"
"12/13/2023","38.20","38.60","38.75","37.50","38.01M","-0.78%"
"12/12/2023","38.50","39.50","39.50","38.40","33.31M","-1.79%"
"12/11/2023","39.20","38.85","39.50","38.00","59.59M","+1.16%"
"12/08/2023","38.75","39.60","39.60","38.00","35.45M","-0.77%"
"12/07/2023","39.05","38.95","40.00","38.00","51.19M","+0.26%"
"12/06/2023","38.95","39.50","39.50","38.40","49.08M","-1.77%"
"12/05/2023","39.65","40.50","40.50","38.85","52.17M","-1.12%"
"12/04/2023","40.10","41.00","41.00","39.70","40.53M","+1.78%"
"12/01/2023","39.40","40.00","40.40","39.00","63.58M","-3.31%"
"11/30/2023","40.75","40.35","41.00","38.10","811.53M","+2.90%"
"11/29/2023","39.60","39.45","40.30","37.60","98.36M","+1.67%"
"11/28/2023","38.95","41.35","41.70","38.70","116.15M","-4.06%"
"11/24/2023","40.60","40.00","41.15","39.45","117.05M","+3.57%"
"11/23/2023","39.20","35.50","39.20","35.50","102.66M","+4.95%"
"11/22/2023","37.35","37.75","38.50","37.35","42.66M","-4.96%"
"11/21/2023","39.30","41.50","41.50","39.30","111.69M","-4.96%"
"11/20/2023","41.35","42.50","43.00","40.20","130.27M","-2.25%"
"11/17/2023","42.30","42.90","44.00","40.30","161.96M","+0.48%"
"11/16/2023","42.10","40.50","42.50","40.50","115.72M","+3.95%"
"11/15/2023","40.50","39.95","40.55","39.55","143.08M","+4.79%"
"11/13/2023","38.65","38.60","39.25","37.80","45.34M","+0.65%"
"11/12/2023","38.40","38.50","38.75","38.10","20.78M","+1.32%"
"11/10/2023","37.90","37.50","38.25","37.10","45.38M","+1.61%"
"11/09/2023","37.30","38.00","38.45","37.00","49.40M","-0.27%"
"11/08/2023","37.40","37.80","39.20","36.80","113.88M","+0.13%"
"11/07/2023","37.35","37.00","37.40","35.00","145.81M","+3.89%"
"11/06/2023","35.95","35.95","35.95","35.95","15.54M","+4.96%"
"11/03/2023","34.25","33.20","34.25","33.00","76.62M","+4.90%"
"11/02/2023","32.65","31.90","32.85","31.35","52.43M","+4.31%"
"11/01/2023","31.30","30.70","31.60","30.60","39.96M","+2.29%"
"10/31/2023","30.60","32.00","32.00","30.00","49.28M","-3.01%"
"10/30/2023","31.55","32.70","32.80","31.25","42.41M","-1.71%"
"10/27/2023","32.10","32.00","32.90","31.95","80.53M","+2.23%"
"10/26/2023","31.40","31.25","31.95","30.30","99.44M","-1.57%"
"10/25/2023","31.90","32.10","33.10","30.30","98.05M","+0.31%"
"10/23/2023","31.80","33.25","34.10","31.40","130.34M","-2.15%"
"10/20/2023","32.50","31.45","33.15","31.00","373.27M","+2.85%"
"10/19/2023","31.60","31.00","32.10","30.00","135.20M","+2.10%"
"10/18/2023","30.95","30.25","30.95","29.80","131.13M","+4.92%"
"10/17/2023","29.50","28.90","29.50","28.65","111.72M","+4.98%"
"10/16/2023","28.10","27.60","28.10","27.05","73.81M","+4.85%"
"10/13/2023","26.80","27.20","27.45","26.60","39.59M","-1.29%"
"10/12/2023","27.15","28.25","28.60","27.05","70.40M","-1.81%"
"10/11/2023","27.65","26.50","27.65","26.45","45.37M","+4.93%"
"10/10/2023","26.35","26.50","27.40","26.30","80.19M","-4.70%"
"10/09/2023","27.65","28.20","28.35","27.65","151.08M","-4.98%"
"10/06/2023","29.10","28.85","29.80","28.40","273.97M","-1.36%"
"10/05/2023","29.50","28.60","29.50","28.55","285.67M","+4.98%"
"10/04/2023","28.10","27.35","28.25","27.10","346.02M","+4.27%"
"10/03/2023","26.95","25.95","27.05","25.75","215.81M","+4.46%"
"09/29/2023","25.80","25.85","26.20","25.55","76.66M","+0.58%"
"09/28/2023","25.65","25.70","26.40","25.45","75.38M","+0.00%"
"09/27/2023","25.65","25.10","25.90","25.05","94.77M","-1.35%"
"09/26/2023","26.00","25.60","26.10","24.95","110.57M","+1.96%"
"09/25/2023","25.50","25.75","26.05","25.10","71.46M","+1.80%"
"09/22/2023","25.05","25.65","25.85","24.50","95.28M","-1.76%"
"09/21/2023","25.50","25.85","26.25","25.15","166.44M","-1.35%"
"09/20/2023","25.85","24.95","25.95","24.50","166.42M","+4.44%"
"09/18/2023","24.75","24.70","25.10","24.50","142.27M","+2.27%"
"09/15/2023","24.20","23.60","24.40","23.15","225.77M","+4.09%"
"09/14/2023","23.25","22.35","23.25","21.75","178.27M","+4.97%"
"09/13/2023","22.15","22.20","22.50","21.70","236.32M","-2.85%"
"09/12/2023","22.80","24.15","24.20","22.80","146.03M","-5.00%"
"09/11/2023","24.00","24.30","24.40","23.75","93.34M","-0.21%"
"09/08/2023","24.05","24.20","24.30","23.65","87.74M","-0.21%"
"09/07/2023","24.10","24.10","24.95","23.55","170.67M","+1.26%"
"09/06/2023","23.80","23.80","24.40","23.40","107.99M","+0.85%"
"09/05/2023","23.60","24.60","24.90","23.50","131.41M","-2.07%"
"09/04/2023","24.10","25.45","25.70","23.85","189.50M","-3.60%"
"09/01/2023","25.00","24.55","25.75","23.95","209.11M","+1.83%"
"08/31/2023","24.55","26.50","27.05","24.55","413.96M","-5.03%"
"08/30/2023","25.85","25.85","25.85","25.35","88.45M","+4.87%"
"08/29/2023","24.65","24.00","24.65","23.95","203.59M","+4.89%"
"08/28/2023","23.50","23.40","23.50","23.25","192.63M","+4.91%"
"08/25/2023","22.40","21.65","22.55","21.55","166.45M","+4.19%"
"08/24/2023","21.50","22.75","22.85","21.25","269.66M","-1.60%"
"08/23/2023","21.85","21.00","21.85","21.00","204.87M","+4.80%"
"08/22/2023","20.85","19.95","20.85","19.95","189.62M","+4.77%"
"08/21/2023","19.90","20.10","20.15","19.80","71.79M","+0.51%"
"08/18/2023","19.80","19.80","20.05","19.50","70.02M","+0.51%"
"08/17/2023","19.70","19.85","20.00","19.40","130.82M","-2.72%"
"08/16/2023","20.25","20.05","20.50","20.05","66.01M","+1.00%"
"08/14/2023","20.05","19.55","20.20","19.30","110.53M","-0.74%"
"08/11/2023","20.20","20.75","21.25","19.80","193.13M","-1.22%"
"08/10/2023","20.45","19.95","20.45","19.90","198.52M","+4.87%"
"08/09/2023","19.50","18.95","19.50","18.90","204.67M","+4.84%"
"08/08/2023","18.60","18.65","18.95","18.35","107.18M","-0.27%"
"08/07/2023","18.65","18.60","19.00","18.25","119.71M","+1.36%"
"08/04/2023","18.40","18.00","18.80","18.00","241.15M","+2.51%"
"08/03/2023","17.95","18.45","18.45","17.70","122.80M","-2.97%"
"08/02/2023","18.50","19.35","19.35","18.35","229.70M","-4.15%"
"08/01/2023","19.30","19.55","19.85","19.10","167.77M","+1.85%"
"07/31/2023","18.95","18.20","18.95","18.05","123.35M","+4.99%"
"07/28/2023","18.05","17.80","18.25","17.70","97.66M","+1.12%"
"07/27/2023","17.85","17.65","18.40","17.45","250.67M","-1.11%"
"07/26/2023","18.05","18.05","18.05","18.05","41.09M","-5.00%"
"07/25/2023","19.00","20.25","20.80","19.00","276.54M","-5.00%"
"07/24/2023","20.00","20.55","20.55","19.20","517.94M","+2.04%"
"07/21/2023","19.60","19.25","19.60","19.10","86.29M","+4.81%"
"07/20/2023","18.70","17.95","18.70","17.85","242.58M","+4.76%"
"07/19/2023","17.85","18.00","18.10","17.80","48.71M","-0.28%"
"07/18/2023","17.90","18.30","18.30","17.80","89.01M","-1.65%"
"07/17/2023","18.20","18.25","18.45","18.10","129.57M","+2.82%"
"07/14/2023","17.70","17.65","17.90","17.30","81.52M","+0.85%"
"07/13/2023","17.55","18.15","18.35","17.45","149.13M","-2.50%"
"07/12/2023","18.00","18.00","18.55","17.60","201.95M","+0.28%"
"07/11/2023","17.95","17.50","18.20","17.05","369.54M","+3.46%"
"07/10/2023","17.35","18.05","18.10","17.20","142.51M","-2.80%"
"07/07/2023","17.85","17.55","18.30","17.45","267.55M","+1.13%"
"07/06/2023","17.65","16.80","17.95","16.65","415.02M","+1.44%"
"07/05/2023","17.40","17.95","18.15","17.40","264.74M","-4.92%"
"07/04/2023","18.30","17.45","18.45","17.15","701.97M","+8.93%"
"07/03/2023","16.80","15.75","16.80","15.75","389.92M","+9.80%"
"06/30/2023","15.30","15.05","15.65","14.95","260.74M","+3.73%"
"06/28/2023","14.75","14.20","15.00","14.20","204.36M","+4.61%"
"06/27/2023","14.10","14.05","14.40","14.00","81.22M","+0.71%"
"06/26/2023","14.00","13.95","14.25","13.65","93.08M","+1.08%"
"06/23/2023","13.85","13.60","14.15","13.25","133.08M","+1.84%"
"06/22/2023","13.60","14.05","14.10","13.30","150.79M","-2.86%"
"06/21/2023","14.00","14.30","14.55","13.85","134.32M","-1.75%"
"06/20/2023","14.25","14.65","14.70","13.65","196.84M","-2.06%"
"06/19/2023","14.55","14.95","15.05","14.25","163.61M","-1.36%"
"06/16/2023","14.75","14.55","15.15","14.55","282.49M","+2.08%"
"06/15/2023","14.45","14.40","14.60","14.00","178.86M","+0.35%"
"06/14/2023","14.40","15.25","15.35","14.15","222.18M","-4.64%"
"06/13/2023","15.10","15.40","15.75","14.75","390.55M","-1.31%"
"06/12/2023","15.30","14.15","15.40","14.10","461.32M","+9.29%"
"06/09/2023","14.00","13.50","14.20","13.30","293.78M","+4.87%"
"06/08/2023","13.35","14.20","14.20","13.20","522.43M","-7.61%"
"06/07/2023","14.45","12.55","14.60","12.50","1.42B","+18.44%"
"06/06/2023","12.20","11.55","12.40","11.35","533.18M","+7.02%"
"06/05/2023","11.40","11.10","11.50","11.00","272.29M","+3.64%"
"06/02/2023","11.00","11.25","11.40","10.85","258.64M","-1.35%"
"06/01/2023","11.15","11.85","12.00","11.05","316.02M","-5.11%"
"05/31/2023","11.75","10.90","11.85","10.65","751.32M","+10.33%"
"05/30/2023","10.65","10.35","10.75","10.20","294.08M","+2.90%"
"05/29/2023","10.35","10.15","10.45","10.10","179.75M","+3.50%"
"05/26/2023","10.00","9.80","10.15","9.45","149.37M","+2.04%"
"05/25/2023","9.80","10.20","10.30","9.70","165.32M","-2.49%"
"05/24/2023","10.05","9.55","10.20","9.55","277.83M","+6.35%"
"05/23/2023","9.45","9.45","9.65","9.15","161.01M","+2.16%"
"05/22/2023","9.25","8.60","9.60","8.50","317.26M","+8.82%"
"05/19/2023","8.50","8.60","8.65","8.35","58.37M","+0.00%"
"05/18/2023","8.50","8.85","9.00","8.40","133.87M","-1.73%"
"05/17/2023","8.65","8.25","8.80","8.20","137.65M","+5.49%"
"05/16/2023","8.20","8.25","8.35","8.20","25.37M","-0.61%"
"05/15/2023","8.25","8.25","8.35","8.20","51.48M","+0.00%"
"05/12/2023","8.25","8.40","8.40","8.20","32.99M","-1.20%"
"05/11/2023","8.35","8.40","8.50","8.30","35.89M","+0.00%"
"05/10/2023","8.35","8.40","8.45","8.20","45.55M","-0.60%"
"05/09/2023","8.40","8.60","8.80","8.30","83.19M","-1.75%"
"05/08/2023","8.55","8.70","8.80","8.45","70.12M","-1.16%"
"05/05/2023","8.65","8.65","8.90","8.50","122.29M","+0.58%"
"05/04/2023","8.60","8.20","8.70","8.20","197.12M","+6.17%"
"05/03/2023","8.10","8.10","8.30","8.00","58.13M","+0.00%"
"05/02/2023","8.10","8.35","8.40","7.90","91.31M","-2.41%"
"04/28/2023","8.30","8.25","8.45","8.15","57.27M","+1.22%"
"04/27/2023","8.20","8.20","8.25","8.10","45.36M","+0.00%"
"04/26/2023","8.20","8.25","8.75","8.10","140.42M","+0.61%"
"04/25/2023","8.15","7.95","8.30","7.90","82.25M","+2.52%"
"04/24/2023","7.95","8.00","8.10","7.90","31.70M","+0.00%"
"04/21/2023","7.95","8.00","8.05","7.95","12.32M","+0.00%"
"04/20/2023","7.95","8.05","8.10","7.95","18.93M","-0.62%"
"04/19/2023","8.00","8.00","8.15","7.95","36.98M","-0.62%"
"04/18/2023","8.05","8.15","8.20","8.00","39.25M","-1.23%"
"04/17/2023","8.15","8.00","8.20","7.95","45.87M","+1.24%"
"04/13/2023","8.05","8.15","8.25","8.00","49.32M","-0.62%"
"04/12/2023","8.10","8.15","8.25","8.05","37.35M","-0.61%"
"04/11/2023","8.15","8.10","8.35","8.00","44.14M","+1.24%"
"04/10/2023","8.05","8.20","8.20","8.00","22.03M","-1.23%"
"04/06/2023","8.15","8.15","8.30","8.05","32.44M","+0.62%"
"04/05/2023","8.10","8.15","8.30","8.00","34.06M","+0.00%"
"04/03/2023","8.10","7.90","8.20","7.90","38.90M","+2.53%"
"03/31/2023","7.90","8.05","8.25","7.85","61.24M","-0.63%"
"03/29/2023","7.95","7.10","8.10","7.05","131.79M","+12.77%"
"03/28/2023","7.05","7.25","7.35","6.95","55.05M","-2.08%"
"03/27/2023","7.20","7.60","7.60","7.15","46.75M","-4.64%"
"03/24/2023","7.55","7.75","7.80","7.50","36.58M","-2.58%"
"03/23/2023","7.75","7.80","7.90","7.70","23.86M","-0.64%"
"03/22/2023","7.80","7.85","7.95","7.80","22.96M","+0.00%"
"03/21/2023","7.80","7.85","7.90","7.75","27.59M","+0.65%"
"03/20/2023","7.75","8.00","8.00","7.70","42.99M","-3.13%"
"03/17/2023","8.00","7.95","8.15","7.90","40.88M","+1.27%"
"03/16/2023","7.90","8.00","8.00","7.70","56.72M","-0.63%"
"03/15/2023","7.95","7.80","8.15","7.75","59.56M","+0.00%"
"03/14/2023","7.95","8.15","8.20","7.70","52.11M","-1.85%"
"03/13/2023","8.10","8.40","8.50","8.00","50.75M","-3.57%"
"03/10/2023","8.40","8.60","8.65","8.35","51.78M","-3.45%"
"03/09/2023","8.70","8.70","8.95","8.65","74.76M","+1.16%"
"03/08/2023","8.60","8.55","8.70","8.45","39.33M","+0.00%"
"03/06/2023","8.60","8.55","8.90","8.50","75.42M","+1.18%"
"03/03/2023","8.50","8.30","8.75","8.30","96.30M","+3.03%"
"03/02/2023","8.25","8.40","8.45","8.20","45.13M","-1.79%"
"03/01/2023","8.40","8.25","8.60","8.20","55.02M","+2.44%"
"02/28/2023","8.20","8.15","8.30","8.05","33.92M","+1.23%"
"02/27/2023","8.10","8.40","8.40","8.05","47.63M","-3.57%"
"02/24/2023","8.40","8.20","8.55","8.15","57.10M","+3.07%"
"02/23/2023","8.15","8.30","8.35","8.05","57.51M","-1.81%"
"02/22/2023","8.30","8.40","8.50","8.20","41.33M","-1.19%"
"02/21/2023","8.40","8.60","8.65","8.35","39.04M","-1.75%"
"02/20/2023","8.55","8.90","9.10","8.45","118.49M","-3.93%"
"02/17/2023","8.90","8.90","9.15","8.85","61.27M","+0.00%"
"02/16/2023","8.90","9.05","9.05","8.85","35.57M","-1.11%"
"02/15/2023","9.00","8.85","9.05","8.80","40.24M","+2.27%"
"02/14/2023","8.80","9.05","9.15","8.75","38.86M","-2.76%"
"02/13/2023","9.05","9.20","9.25","8.95","45.21M","-1.09%"
"02/10/2023","9.15","9.30","9.65","9.05","71.60M","-0.54%"
"02/09/2023","9.20","9.00","9.35","8.95","72.87M","+2.22%"
"02/08/2023","9.00","9.05","9.25","8.95","47.85M","+0.56%"
"02/07/2023","8.95","9.05","9.15","8.90","35.95M","-1.10%"
"02/06/2023","9.05","9.05","9.25","9.00","45.86M","+0.00%"
"02/03/2023","9.05","9.20","9.30","8.70","103.62M","-1.63%"
"02/02/2023","9.20","9.15","9.60","9.05","86.09M","+0.00%"
"02/01/2023","9.20","10.10","10.20","8.90","145.00M","-6.12%"
"01/31/2023","9.80","9.00","9.95","8.90","122.43M","+9.50%"
"01/30/2023","8.95","9.00","9.35","8.80","94.50M","-1.65%"
"01/27/2023","9.10","9.50","9.70","8.95","96.79M","-4.21%"
"01/25/2023","9.50","9.65","9.75","9.40","47.48M","-1.55%"
"01/24/2023","9.65","9.75","9.85","9.60","36.75M","-1.03%"
"01/23/2023","9.75","10.05","10.10","9.70","54.69M","-2.50%"
"01/20/2023","10.00","9.65","10.25","9.60","112.83M","+3.63%"
"01/19/2023","9.65","9.80","9.80","9.60","51.42M","-1.53%"
"01/18/2023","9.80","9.95","10.00","9.75","39.38M","-2.00%"
"01/17/2023","10.00","10.00","10.05","9.90","46.63M","+0.00%"
"01/16/2023","10.00","10.10","10.15","9.95","46.62M","-0.50%"
"01/13/2023","10.05","10.00","10.10","9.85","64.75M","+0.50%"
"01/12/2023","10.00","10.15","10.20","9.90","75.31M","-0.99%"
"01/11/2023","10.10","10.15","10.30","10.05","58.40M","+0.50%"
"01/10/2023","10.05","10.25","10.25","9.95","70.86M","-1.47%"
"01/09/2023","10.20","10.35","10.55","10.20","88.85M","+0.00%"
"01/06/2023","10.20","10.35","10.40","10.05","114.17M","-0.49%"
"01/05/2023","10.25","10.55","10.60","10.05","142.77M","-1.44%"
"01/04/2023","10.40","10.75","10.80","10.30","113.59M","-3.26%"
"01/03/2023","10.75","10.75","11.00","10.60","126.37M","+0.47%"
"01/02/2023","10.70","10.70","10.80","10.40","115.71M","+0.94%"
"12/30/2022","10.60","10.25","11.00","10.15","251.00M","+4.43%"
"12/29/2022","10.15","10.00","10.25","9.80","90.41M","+1.00%"
"12/28/2022","10.05","10.20","10.35","9.90","119.19M","-1.47%"
"12/27/2022","10.20","10.15","10.40","9.90","137.40M","+4.08%"
"12/26/2022","9.80","9.00","10.00","9.00","270.44M","+8.89%"
"12/23/2022","9.00","9.75","9.80","8.90","263.24M","-9.55%"
"12/22/2022","9.95","10.40","10.65","9.55","377.65M","-2.45%"
"12/21/2022","10.20","11.65","11.80","9.90","395.40M","-11.30%"
"12/20/2022","11.50","11.75","12.15","11.20","425.80M","-1.29%"
"12/19/2022","11.65","10.85","11.90","10.85","638.22M","+8.37%"
"12/16/2022","10.75","11.00","11.20","10.40","254.89M","-1.83%"
"12/15/2022","10.95","10.80","11.25","10.65","476.24M","+0.46%"
"12/14/2022","10.90","10.20","11.00","10.10","336.40M","+7.92%"
"12/13/2022","10.10","10.35","10.45","10.05","143.07M","-1.46%"
"12/12/2022","10.25","9.30","10.35","9.25","278.38M","+10.22%"
"12/09/2022","9.30","9.85","9.90","9.25","137.66M","-5.10%"
"12/08/2022","9.80","9.90","10.00","9.70","96.07M","-0.51%"
"12/07/2022","9.85","10.25","10.40","9.80","193.79M","-3.43%"
"12/06/2022","10.20","10.05","10.50","9.95","241.81M","+2.00%"
"12/05/2022","10.00","9.55","10.40","9.50","439.81M","+5.82%"
"12/02/2022","9.45","9.10","9.50","8.85","179.07M","+4.42%"
"12/01/2022","9.05","9.40","9.50","9.00","107.16M","-2.16%"
"11/30/2022","9.25","8.80","9.35","8.75","226.70M","+5.71%"
"11/29/2022","8.75","8.90","9.20","8.70","146.85M","-0.57%"
"11/28/2022","8.80","8.60","9.00","8.50","202.68M","+4.14%"
"11/25/2022","8.45","7.90","8.60","7.85","228.97M","+6.96%"
"11/24/2022","7.90","7.95","8.00","7.85","21.75M","+0.00%"
"11/23/2022","7.90","8.05","8.10","7.80","104.16M","-1.25%"
"11/22/2022","8.00","8.10","8.10","7.95","27.05M","-0.62%"
"11/21/2022","8.05","8.10","8.15","8.00","42.97M","-0.62%"
"11/18/2022","8.10","8.05","8.15","8.00","34.16M","+1.25%"
"11/17/2022","8.00","8.15","8.15","7.90","39.72M","-1.23%"
"11/16/2022","8.10","8.20","8.25","8.00","58.37M","-1.22%"
"11/15/2022","8.20","8.25","8.30","8.10","38.98M","-0.61%"
"11/14/2022","8.25","8.30","8.35","8.20","44.83M","+0.61%"
"11/11/2022","8.20","8.50","8.55","8.20","68.79M","-1.20%"
"11/10/2022","8.30","8.25","8.40","8.15","53.03M","+0.61%"
"11/09/2022","8.25","8.30","8.35","8.15","64.89M","+1.23%"
"11/07/2022","8.15","8.20","8.45","8.05","101.77M","+0.00%"
"11/04/2022","8.15","8.10","8.25","8.05","50.65M","+1.24%"
"11/03/2022","8.05","8.00","8.20","7.95","30.60M","+0.63%"
"11/02/2022","8.00","8.20","8.25","7.95","53.88M","-2.44%"
"11/01/2022","8.20","8.05","8.60","7.95","133.42M","+3.14%"
"10/31/2022","7.95","8.05","8.05","7.70","55.87M","-1.85%"
"10/28/2022","8.10","8.20","8.25","8.00","36.75M","-0.61%"
"10/27/2022","8.15","8.50","8.60","8.00","84.18M","-2.98%"
"10/25/2022","8.40","8.80","8.80","8.35","56.18M","-4.55%"
"10/24/2022","8.80","8.85","9.00","8.55","39.09M","+1.73%"
"10/21/2022","8.65","8.95","9.15","8.55","93.36M","-2.81%"
"10/20/2022","8.90","9.30","9.60","8.10","597.34M","-3.78%"
"10/19/2022","9.25","7.85","9.30","7.80","612.13M","+19.35%"
"10/18/2022","7.75","7.65","7.90","7.55","198.16M","+4.03%"
"10/17/2022","7.45","6.80","7.60","6.75","249.79M","+11.19%"
"10/14/2022","6.70","7.00","7.00","6.65","96.97M","-1.47%"
"10/13/2022","6.80","6.95","6.95","6.60","164.63M","-2.16%"
"10/12/2022","6.95","7.25","7.40","6.90","151.58M","-2.11%"
"10/11/2022","7.10","7.60","7.65","7.05","144.40M","-7.19%"
"10/10/2022","7.65","7.60","7.95","7.50","87.61M","+0.00%"
"10/07/2022","7.65","7.75","7.85","7.60","106.91M","+0.00%"
"10/06/2022","7.65","8.00","8.00","7.55","129.18M","-3.16%"
"10/04/2022","7.90","8.20","8.25","7.80","100.37M","+0.00%"
"10/03/2022","7.90","7.60","8.25","7.50","207.03M","-1.25%"
"09/30/2022","8.00","7.80","8.15","7.75","117.47M","+3.23%"
"09/29/2022","7.75","7.65","7.90","7.60","168.62M","+4.03%"
"09/28/2022","7.45","7.55","7.65","7.30","133.91M","-2.61%"
"09/27/2022","7.65","8.00","8.30","7.60","227.78M","-2.55%"
"09/26/2022","7.85","8.20","8.20","7.50","174.22M","-5.99%"
"09/23/2022","8.35","8.95","9.10","8.25","152.37M","-5.11%"
"09/22/2022","8.80","7.80","9.05","7.80","354.12M","+12.10%"
"09/21/2022","7.85","7.60","8.10","7.60","59.60M","-1.26%"
"09/20/2022","7.95","8.10","8.15","7.90","62.99M","-2.45%"
"09/19/2022","8.15","8.40","8.45","8.00","65.41M","-1.81%"
"09/16/2022","8.30","8.45","8.50","8.15","86.49M","-1.19%"
"09/15/2022","8.40","8.50","8.65","8.25","75.83M","+0.00%"
"09/14/2022","8.40","8.50","8.70","8.35","106.89M","-4.00%"
"09/13/2022","8.75","9.10","9.15","8.70","81.19M","-3.31%"
"09/12/2022","9.05","8.90","9.20","8.80","77.54M","+2.84%"
"09/09/2022","8.80","9.40","9.45","8.75","123.08M","-5.38%"
"09/08/2022","9.30","9.80","9.90","9.20","128.16M","-3.12%"
"09/07/2022","9.60","9.75","10.25","9.55","156.21M","-2.04%"
"09/06/2022","9.80","10.45","10.75","8.95","725.57M","+1.03%"
"09/05/2022","9.70","8.40","9.70","8.30","474.99M","+19.75%"
"09/02/2022","8.10","8.20","8.45","8.05","170.20M","+0.00%"
"09/01/2022","8.10","7.50","8.20","7.45","179.15M","+7.28%"
"08/30/2022","7.55","7.50","7.65","7.45","58.38M","+2.03%"
"08/29/2022","7.40","7.25","7.70","7.05","104.69M","-1.99%"
"08/26/2022","7.55","7.85","7.95","7.45","82.71M","-2.58%"
"08/25/2022","7.75","8.05","8.15","7.70","87.13M","-3.73%"
"08/24/2022","8.05","8.25","8.45","7.95","144.44M","-1.83%"
"08/23/2022","8.20","8.00","8.55","7.90","248.55M","+3.80%"
"08/22/2022","7.90","7.10","8.00","7.00","258.31M","+12.06%"
"08/19/2022","7.05","7.05","7.15","7.00","57.31M","+0.00%"
"08/18/2022","7.05","7.00","7.10","6.85","48.55M","+0.71%"
"08/17/2022","7.00","7.10","7.15","6.95","44.72M","-0.71%"
"08/16/2022","7.05","7.00","7.05","6.95","61.18M","+1.44%"
"08/12/2022","6.95","7.15","7.20","6.85","76.96M","-1.42%"
"08/11/2022","7.05","7.05","7.25","7.00","77.54M","+3.68%"
"08/10/2022","6.80","7.20","7.30","6.75","90.62M","-3.55%"
"08/08/2022","7.05","6.95","7.10","6.90","69.64M","+2.92%"
"08/05/2022","6.85","6.65","7.00","6.60","115.82M","+5.38%"
"08/04/2022","6.50","6.50","6.75","6.40","67.90M","+0.00%"
"08/03/2022","6.50","6.60","6.70","6.45","42.04M","-2.26%"
"08/02/2022","6.65","6.35","6.75","6.20","95.68M","+4.72%"
"08/01/2022","6.35","6.20","6.45","6.00","99.63M","+4.96%"
"07/29/2022","6.05","5.65","6.15","5.60","71.87M","+8.04%"
"07/28/2022","5.60","5.75","5.85","5.40","57.61M","-1.75%"
"07/27/2022","5.70","5.75","5.85","5.70","44.31M","-0.87%"
"07/26/2022","5.75","5.90","5.90","5.75","40.63M","-2.54%"
"07/25/2022","5.90","6.10","6.15","5.90","43.72M","-3.28%"
"07/22/2022","6.10","6.15","6.20","6.05","36.91M","+0.00%"
"07/21/2022","6.10","6.10","6.25","6.00","43.23M","+0.83%"
"07/20/2022","6.05","6.10","6.30","6.00","56.81M","+0.83%"
"07/19/2022","6.00","5.85","6.15","5.80","82.17M","+2.56%"
"07/18/2022","5.85","5.90","5.90","5.75","40.96M","+0.00%"
"07/15/2022","5.85","5.85","5.95","5.70","49.93M","+0.00%"
"07/14/2022","5.85","5.95","6.00","5.65","72.05M","-0.85%"
"07/13/2022","5.90","6.30","6.35","5.90","73.73M","-4.84%"
"07/12/2022","6.20","6.15","6.35","6.10","52.06M","+0.81%"
"07/11/2022","6.15","6.10","6.25","6.10","41.34M","+0.82%"
"07/08/2022","6.10","6.15","6.30","6.00","54.53M","+0.83%"
"07/07/2022","6.05","6.15","6.20","6.00","37.76M","+0.00%"
"07/06/2022","6.05","6.15","6.20","6.00","46.88M","-0.82%"
"07/05/2022","6.10","6.15","6.35","6.05","50.66M","+0.00%"
"07/04/2022","6.10","6.25","6.35","6.05","33.63M","-1.61%"
"07/01/2022","6.20","6.20","6.40","6.15","39.37M","-1.59%"
"06/30/2022","6.30","6.45","6.50","6.25","37.69M","-1.56%"
"06/29/2022","6.40","6.40","6.55","6.35","30.35M","-0.78%"
"06/28/2022","6.45","6.55","6.70","6.45","40.48M","-1.53%"
"06/27/2022","6.55","6.80","6.80","6.55","36.53M","-0.76%"
"06/24/2022","6.60","6.75","6.80","6.50","46.41M","+0.00%"
"06/23/2022","6.60","6.60","6.80","6.50","40.26M","+0.76%"
"06/22/2022","6.55","6.80","6.80","6.45","56.65M","-4.38%"
"06/21/2022","6.85","6.65","7.00","6.60","50.21M","+5.38%"
"06/20/2022","6.50","7.15","7.25","6.45","65.62M","-7.80%"
"06/17/2022","7.05","7.00","7.35","6.95","50.80M","-0.70%"
"06/16/2022","7.10","7.65","7.65","7.05","46.20M","-4.70%"
"06/15/2022","7.45","7.70","7.75","7.40","37.01M","-1.97%"
"06/14/2022","7.60","7.45","7.80","7.40","23.85M","+1.33%"
"06/13/2022","7.50","7.65","7.65","7.35","32.25M","-5.06%"
"06/10/2022","7.90","7.95","8.15","7.65","49.86M","-3.07%"
"06/09/2022","8.15","7.45","8.20","7.45","81.42M","+8.67%"
"06/08/2022","7.50","7.40","7.65","7.30","52.18M","+0.67%"
"06/07/2022","7.45","7.30","7.60","7.30","53.82M","-1.97%"
"06/06/2022","7.60","8.25","8.40","7.55","117.61M","-8.98%"
"06/03/2022","8.35","9.10","9.15","8.25","64.91M","-7.22%"
"06/02/2022","9.00","8.60","9.40","8.55","145.17M","+4.05%"
"06/01/2022","8.65","8.15","8.65","8.05","86.67M","+10.19%"
"05/31/2022","7.85","7.40","8.00","6.80","149.68M","+7.53%"
"05/30/2022","7.30","7.15","7.75","7.10","62.63M","+3.55%"
"05/27/2022","7.05","7.20","7.30","6.95","50.42M","-2.08%"
"05/26/2022","7.20","7.40","7.55","7.20","98.94M","-10.00%"
"05/25/2022","8.00","8.40","8.45","7.95","39.09M","-3.61%"
"05/24/2022","8.30","8.30","8.55","8.20","24.58M","+0.00%"
"05/23/2022","8.30","8.50","8.55","8.25","22.14M","-1.19%"
"05/20/2022","8.40","8.40","8.50","8.25","22.69M","+3.07%"
"05/19/2022","8.15","8.30","8.40","8.15","29.70M","-5.23%"
"05/18/2022","8.60","8.80","8.85","8.50","39.93M","-1.15%"
"05/17/2022","8.70","8.30","8.90","8.25","59.05M","+6.10%"
"05/16/2022","8.20","8.25","8.35","8.10","25.01M","+1.23%"
"05/13/2022","8.10","8.05","8.45","8.00","39.42M","+2.53%"
"05/12/2022","7.90","8.35","8.35","7.85","38.40M","-6.51%"
"05/11/2022","8.45","8.80","8.90","8.30","39.51M","-2.87%"
"05/10/2022","8.70","8.80","9.10","8.70","29.45M","-2.25%"
"05/09/2022","8.90","9.05","9.15","8.75","26.15M","-0.56%"
"05/06/2022","8.95","8.80","9.15","8.60","33.14M","+0.00%"
"05/05/2022","8.95","9.05","9.20","8.85","21.72M","-0.56%"
"05/04/2022","9.00","9.25","9.50","8.80","42.54M","-2.17%"
"05/02/2022","9.20","8.95","9.30","8.90","20.80M","+0.00%"
"04/29/2022","9.20","9.25","9.65","9.15","49.14M","-0.54%"
"04/28/2022","9.25","9.60","9.60","9.05","35.66M","-2.12%"
"04/27/2022","9.45","9.70","9.80","9.25","43.74M","-3.57%"
"04/26/2022","9.80","9.95","10.00","9.75","28.61M","+0.00%"
"04/25/2022","9.80","10.00","10.15","9.70","52.53M","-2.97%"
"04/22/2022","10.10","10.10","10.50","10.05","77.79M","-0.98%"
"04/21/2022","10.20","10.10","10.35","10.00","45.24M","+3.55%"
"04/20/2022","9.85","9.75","10.20","9.70","28.72M","+0.51%"
"04/19/2022","9.80","10.25","10.70","9.55","69.02M","-2.97%"
"04/18/2022","10.10","10.20","10.55","9.90","55.24M","-1.94%"
"04/13/2022","10.30","10.65","10.75","10.20","41.22M","-0.96%"
"04/12/2022","10.40","10.10","10.65","9.80","97.09M","+1.96%"
"04/11/2022","10.20","11.05","11.20","10.05","99.57M","-6.85%"
"04/08/2022","10.95","11.30","11.35","10.80","90.25M","+1.39%"
"04/07/2022","10.80","10.40","10.95","9.95","248.91M","+8.54%"
"04/06/2022","9.95","9.95","9.95","9.95","6.03M","+4.74%"
"04/05/2022","9.50","9.50","9.50","9.50","7.34M","+4.40%"
"04/04/2022","9.10","8.90","9.10","8.85","31.76M","+4.60%"
"04/01/2022","8.70","8.45","8.80","8.40","24.95M","+3.57%"
"03/31/2022","8.40","8.65","8.70","8.35","21.92M","-2.33%"
"03/30/2022","8.60","8.60","8.85","8.55","34.51M","+1.18%"
"03/29/2022","8.50","8.35","8.75","8.20","62.03M","+1.80%"
"03/28/2022","8.35","8.60","8.65","8.30","24.60M","-2.91%"
"03/25/2022","8.60","8.60","8.90","8.55","29.77M","+0.58%"
"03/24/2022","8.55","8.65","8.75","8.50","30.74M","-1.72%"
"03/23/2022","8.70","8.80","8.85","8.65","14.01M","+0.00%"
"03/22/2022","8.70","8.85","8.90","8.70","16.88M","-1.14%"
"03/21/2022","8.80","9.05","9.05","8.70","24.04M","-1.68%"
"03/17/2022","8.95","9.25","9.30","8.75","45.31M","-2.72%"
"03/16/2022","9.20","9.25","9.30","9.10","21.44M","+2.22%"
"03/15/2022","9.00","9.05","9.35","8.85","44.76M","+0.56%"
"03/14/2022","8.95","9.20","9.25","8.95","19.29M","-2.19%"
"03/11/2022","9.15","9.25","9.45","9.10","26.92M","-1.08%"
"03/10/2022","9.25","9.25","9.35","9.10","23.13M","+1.09%"
"03/09/2022","9.15","9.00","9.25","8.95","42.46M","+2.81%"
"03/08/2022","8.90","8.75","9.15","8.65","44.60M","+0.56%"
"03/07/2022","8.85","9.00","9.05","8.85","49.88M","-4.84%"
"03/04/2022","9.30","9.15","9.50","9.05","61.60M","+2.20%"
"03/03/2022","9.10","9.20","9.30","8.95","62.95M","+1.68%"
"03/02/2022","8.95","8.55","9.05","8.40","63.56M","+3.47%"
"02/28/2022","8.65","8.45","8.70","7.95","78.30M","+4.85%"
"02/25/2022","8.25","8.15","8.55","8.15","59.69M","-0.60%"
"02/24/2022","8.30","8.30","8.35","8.30","26.22M","-4.60%"
"02/23/2022","8.70","8.35","8.85","8.35","70.75M","+2.96%"
"02/22/2022","8.45","8.45","8.55","8.45","58.40M","-4.52%"
"02/21/2022","8.85","8.95","9.15","8.85","105.59M","-4.84%"
"02/18/2022","9.30","10.00","10.00","9.30","52.98M","-5.10%"
"02/17/2022","9.80","9.60","9.80","9.55","43.88M","+5.38%"
"02/16/2022","9.30","9.00","9.30","9.00","64.17M","+4.49%"
"02/15/2022","8.90","8.80","9.00","8.65","132.69M","-1.66%"
"02/14/2022","9.05","9.10","9.25","9.05","71.23M","-4.74%"
"02/11/2022","9.50","9.60","9.80","9.45","39.58M","-2.06%"
"02/10/2022","9.70","9.80","10.10","9.45","88.13M","-0.51%"
"02/09/2022","9.75","9.75","9.95","9.30","84.35M","+0.52%"
"02/08/2022","9.70","10.20","10.25","9.70","131.37M","-4.90%"
"02/07/2022","10.20","10.70","10.85","10.15","90.31M","-4.23%"
"02/04/2022","10.65","10.90","10.95","10.60","39.38M","-1.84%"
"02/03/2022","10.85","10.80","11.15","10.55","57.56M","-0.91%"
"02/02/2022","10.95","11.50","11.50","10.85","73.23M","-3.10%"
"02/01/2022","11.30","11.50","11.50","10.60","251.68M","+3.20%"
"01/31/2022","10.95","10.95","10.95","10.95","17.50M","+4.78%"
"01/28/2022","10.45","10.95","11.05","10.40","93.82M","-1.42%"
"01/27/2022","10.60","9.95","10.60","9.80","100.14M","+4.95%"
"01/25/2022","10.10","9.80","10.25","9.70","159.62M","-0.98%"
"01/24/2022","10.20","10.80","11.10","10.20","83.70M","-4.67%"
"01/21/2022","10.70","11.30","11.55","10.60","136.30M","-4.04%"
"01/20/2022","11.15","10.50","11.15","10.45","119.20M","+4.69%"
"01/19/2022","10.65","10.90","10.95","10.65","121.66M","-4.91%"
"01/18/2022","11.20","11.75","12.05","11.20","185.53M","-4.68%"
"01/17/2022","11.75","11.45","11.75","11.40","53.63M","+4.91%"
"01/14/2022","11.20","10.55","11.20","10.35","150.33M","+4.67%"
"01/13/2022","10.70","11.25","11.25","10.70","266.52M","-4.89%"
"01/12/2022","11.25","11.00","11.25","10.40","391.63M","+4.65%"
"01/11/2022","10.75","10.75","10.75","9.90","277.45M","+4.88%"
"01/10/2022","10.25","10.25","10.25","10.25","9.61M","+4.59%"
"01/07/2022","9.80","9.80","9.80","9.60","121.79M","+5.38%"
"01/06/2022","9.30","8.65","9.30","8.55","130.31M","+4.49%"
"01/05/2022","8.90","9.10","9.15","8.90","54.05M","-4.81%"
"01/04/2022","9.35","10.00","10.30","9.35","311.09M","-4.59%"
"01/03/2022","9.80","9.80","9.80","9.65","41.20M","+4.81%"
"12/31/2021","9.35","9.25","9.35","9.10","49.35M","+4.47%"
"12/30/2021","8.95","8.85","8.95","8.75","71.45M","+4.68%"
"12/29/2021","8.55","8.55","8.55","8.10","258.72M","+4.91%"
"12/28/2021","8.15","8.15","8.15","8.15","5.38M","+4.49%"
"12/27/2021","7.80","7.70","7.80","7.60","30.26M","+4.70%"
"12/24/2021","7.45","7.20","7.45","6.85","83.52M","+4.93%"
"12/23/2021","7.10","7.50","7.50","7.05","155.53M","-0.70%"
"12/22/2021","7.15","7.15","7.15","7.15","8.45M","+4.38%"
"12/21/2021","6.85","6.70","6.85","6.70","40.59M","+5.38%"
"12/20/2021","6.50","6.25","6.50","6.05","54.64M","+4.00%"
"12/17/2021","6.25","6.50","6.50","6.15","51.96M","-3.10%"
"12/16/2021","6.45","6.70","6.75","6.40","93.59M","-3.73%"
"12/15/2021","6.70","6.65","6.85","6.60","39.33M","+0.00%"
"12/14/2021","6.70","6.85","6.95","6.60","55.30M","-2.90%"
"12/13/2021","6.90","7.25","7.35","6.90","83.98M","-4.17%"
"12/10/2021","7.20","7.05","7.20","7.00","129.68M","+4.35%"
"12/09/2021","6.90","6.60","6.90","6.50","111.95M","+5.34%"
"12/08/2021","6.55","6.45","6.75","6.45","54.22M","+1.55%"
"12/07/2021","6.45","6.45","6.55","6.45","30.75M","+0.00%"
"12/06/2021","6.45","6.45","6.60","6.40","46.21M","+0.00%"
"12/03/2021","6.45","6.45","6.50","6.40","18.69M","+0.00%"
"12/02/2021","6.45","6.80","6.80","6.45","60.07M","-1.53%"
"12/01/2021","6.55","6.45","6.55","6.35","46.09M","+3.97%"
"11/30/2021","6.30","6.10","6.35","6.05","119.85M","+4.13%"
"11/29/2021","6.05","6.30","6.35","6.00","26.31M","-3.97%"
"11/26/2021","6.30","6.45","6.45","6.25","29.99M","-2.33%"
"11/25/2021","6.45","6.45","6.50","6.40","22.38M","+0.78%"
"11/24/2021","6.40","6.40","6.50","6.30","30.74M","+0.79%"
"11/23/2021","6.35","6.30","6.40","6.20","20.16M","+0.79%"
"11/22/2021","6.30","6.45","6.45","6.25","26.14M","-0.79%"
"11/18/2021","6.35","6.45","6.55","6.25","28.04M","-0.78%"
"11/17/2021","6.40","6.40","6.45","6.40","22.43M","-0.78%"
"11/16/2021","6.45","6.45","6.65","6.35","65.61M","+0.78%"
"11/15/2021","6.40","6.60","6.60","6.35","23.02M","-1.54%"
"11/12/2021","6.50","6.50","6.70","6.45","31.40M","+0.00%"
"11/11/2021","6.50","6.45","6.50","6.45","15.29M","+0.78%"
"11/10/2021","6.45","6.50","6.50","6.40","19.67M","-0.77%"
"11/09/2021","6.50","6.65","6.65","6.45","17.81M","-1.52%"
"11/08/2021","6.60","6.55","6.80","6.50","29.19M","+1.54%"
"11/04/2021","6.50","6.45","6.55","6.45","8.52M","+1.56%"
"11/03/2021","6.40","6.45","6.55","6.40","13.00M","-0.78%"
"11/02/2021","6.45","6.45","6.55","6.35","20.20M","+0.00%"
"11/01/2021","6.45","6.35","6.45","6.30","17.00M","+4.03%"
"10/29/2021","6.20","6.25","6.30","6.00","18.82M","+0.00%"
"10/28/2021","6.20","6.45","6.45","6.15","24.71M","-3.13%"
"10/27/2021","6.40","6.50","6.50","6.40","11.52M","-0.78%"
"10/26/2021","6.45","6.40","6.55","6.35","18.07M","+1.57%"
"10/25/2021","6.35","6.50","6.55","6.15","22.14M","-1.55%"
"10/22/2021","6.45","6.60","6.65","6.45","18.05M","-0.77%"
"10/21/2021","6.50","6.50","6.65","6.45","22.42M","+0.78%"
"10/20/2021","6.45","6.55","6.60","6.30","28.75M","-1.53%"
"10/19/2021","6.55","7.00","7.00","6.50","43.69M","-3.68%"
"10/18/2021","6.80","6.55","6.80","6.50","72.03M","+5.43%"
"10/14/2021","6.45","6.55","6.65","6.45","47.69M","-0.77%"
"10/13/2021","6.50","6.80","6.90","6.45","52.14M","-3.70%"
"10/12/2021","6.75","7.25","7.30","6.70","117.93M","-3.57%"
"10/11/2021","7.00","6.85","7.00","6.85","94.65M","+4.48%"
"10/08/2021","6.70","6.60","6.75","6.55","45.12M","+3.08%"
"10/07/2021","6.50","6.35","6.55","6.30","61.19M","+3.17%"
"10/06/2021","6.30","6.85","6.85","6.25","170.33M","-3.08%"
"10/05/2021","6.50","6.50","6.50","6.40","34.49M","+4.00%"
"10/04/2021","6.25","6.00","6.25","5.95","46.18M","+5.04%"
"10/01/2021","5.95","5.90","6.10","5.80","25.04M","+0.85%"
"09/30/2021","5.90","6.00","6.15","5.90","30.09M","+0.00%"
"09/29/2021","5.90","5.70","5.95","5.60","51.14M","+3.51%"
"09/28/2021","5.70","5.80","5.85","5.60","26.87M","-1.72%"
"09/27/2021","5.80","5.85","5.90","5.75","14.66M","+0.00%"
"09/24/2021","5.80","5.90","5.90","5.80","17.17M","-0.85%"
"09/23/2021","5.85","5.95","6.00","5.85","16.66M","-0.85%"
"09/22/2021","5.90","5.90","6.00","5.90","14.85M","+0.00%"
"09/21/2021","5.90","5.95","6.05","5.75","24.70M","-0.84%"
"09/20/2021","5.95","5.90","6.20","5.80","61.05M","+0.85%"
"09/17/2021","5.90","6.00","6.10","5.80","53.23M","-0.84%"
"09/16/2021","5.95","6.05","6.10","5.90","22.60M","-0.83%"
"09/15/2021","6.00","6.00","6.20","5.95","34.45M","+0.84%"
"09/14/2021","5.95","5.80","6.00","5.75","45.67M","+3.48%"
"09/13/2021","5.75","5.75","5.90","5.60","25.33M","+0.00%"
"09/09/2021","5.75","5.55","5.90","5.55","40.51M","+2.68%"
"09/08/2021","5.60","5.60","5.70","5.55","20.17M","+0.90%"
"09/07/2021","5.55","5.65","5.65","5.45","23.81M","-0.89%"
"09/06/2021","5.60","5.60","5.75","5.55","14.54M","-0.88%"
"09/03/2021","5.65","5.80","5.80","5.55","25.63M","-1.74%"
"09/02/2021","5.75","5.50","5.85","5.50","73.60M","+3.60%"
"09/01/2021","5.55","5.60","5.70","5.45","19.13M","+0.00%"
"08/31/2021","5.55","5.70","5.75","5.45","27.34M","-2.63%"
"08/30/2021","5.70","5.50","5.80","5.50","50.85M","+3.64%"
"08/27/2021","5.50","5.50","5.60","5.35","18.84M","+0.00%"
"08/26/2021","5.50","5.60","5.65","5.45","17.22M","-1.79%"
"08/25/2021","5.60","5.60","5.75","5.45","31.70M","+1.82%"
"08/24/2021","5.50","5.40","5.65","5.30","45.22M","+1.85%"
"08/23/2021","5.40","5.35","5.55","5.25","41.31M","+0.93%"
"08/20/2021","5.35","5.30","5.55","5.30","39.83M","-3.60%"
"08/18/2021","5.55","5.85","5.90","5.55","64.35M","-5.13%"
"08/17/2021","5.85","5.95","6.00","5.85","31.19M","-4.10%"
"08/16/2021","6.10","6.20","6.25","6.05","45.78M","+2.52%"
"08/13/2021","5.95","6.10","6.10","5.80","32.70M","-0.83%"
"08/12/2021","6.00","5.80","6.00","5.75","30.39M","+4.35%"
"08/11/2021","5.75","5.90","5.95","5.65","45.48M","-2.54%"
"08/10/2021","5.90","6.15","6.20","5.85","28.29M","-3.28%"
"08/09/2021","6.10","6.45","6.45","6.05","23.15M","-2.40%"
"08/06/2021","6.25","6.45","6.45","6.15","42.85M","-2.34%"
"08/05/2021","6.40","6.30","6.45","5.90","78.70M","+3.23%"
"08/04/2021","6.20","6.60","6.60","6.05","174.61M","-2.36%"
"08/03/2021","6.35","6.20","6.35","6.15","35.11M","+4.96%"
"08/02/2021","6.05","5.80","6.05","5.75","58.97M","+4.31%"
"07/30/2021","5.80","5.65","6.00","5.55","208.60M","-0.85%"
"07/29/2021","5.85","5.95","6.00","5.85","62.08M","-4.10%"
"07/28/2021","6.10","6.20","6.25","6.10","73.54M","-4.69%"
"07/27/2021","6.40","6.75","6.80","6.40","86.46M","-4.48%"
"07/26/2021","6.70","6.80","7.00","6.60","37.08M","-0.74%"
"07/23/2021","6.75","7.00","7.00","6.65","29.52M","-3.57%"
"07/22/2021","7.00","6.80","7.00","6.80","26.48M","+2.94%"
"07/20/2021","6.80","7.10","7.15","6.75","37.89M","-3.55%"
"07/19/2021","7.05","7.15","7.30","7.00","45.52M","-3.42%"
"07/16/2021","7.30","7.45","7.50","7.25","30.46M","-3.31%"
"07/15/2021","7.55","7.30","7.60","7.20","94.86M","+4.14%"
"07/14/2021","7.25","7.30","7.55","7.15","52.08M","-1.36%"
"07/13/2021","7.35","7.65","7.70","7.25","47.30M","-3.29%"
"07/12/2021","7.60","7.90","7.95","7.55","44.05M","-2.56%"
"07/09/2021","7.80","7.90","8.05","7.60","54.77M","-0.64%"
"07/08/2021","7.85","7.55","8.05","7.55","127.49M","+2.61%"
"07/07/2021","7.65","7.65","7.80","7.65","31.90M","-4.97%"
"07/06/2021","8.05","8.50","8.70","8.05","272.41M","-4.73%"
"07/05/2021","8.45","8.45","8.45","8.45","4.28M","+4.32%"
"07/02/2021","8.10","8.10","8.10","8.10","6.41M","+5.19%"
"07/01/2021","7.70","7.70","7.70","7.70","11.76M","+4.76%"
"06/30/2021","7.35","7.30","7.35","7.05","63.33M","+5.00%"
"06/29/2021","7.00","7.35","7.35","7.00","49.16M","-2.78%"
"06/28/2021","7.20","7.25","7.45","7.00","96.74M","+1.41%"
"06/25/2021","7.10","6.55","7.15","6.50","173.46M","+3.65%"
"06/24/2021","6.85","7.00","7.05","6.85","50.62M","-4.20%"
"06/23/2021","7.15","7.70","7.80","7.15","232.49M","-5.30%"
"06/22/2021","7.55","7.55","7.55","7.35","86.58M","+4.86%"
"06/21/2021","7.20","6.70","7.20","6.60","118.63M","+4.35%"
"06/18/2021","6.90","6.60","6.90","6.30","298.03M","+5.34%"
"06/17/2021","6.55","6.45","6.80","6.40","54.41M","+0.77%"
"06/16/2021","6.50","6.70","6.80","6.45","44.44M","-1.52%"
"06/15/2021","6.60","6.50","6.80","6.45","85.58M","+2.33%"
"06/14/2021","6.45","6.55","6.60","6.20","45.54M","-0.77%"
"06/11/2021","6.50","6.80","6.90","6.45","51.78M","-2.99%"
"06/10/2021","6.70","6.50","6.80","6.45","87.62M","+3.08%"
"06/09/2021","6.50","6.40","6.60","6.15","110.56M","+2.36%"
"06/08/2021","6.35","6.75","6.75","6.35","68.52M","-4.51%"
"06/07/2021","6.65","6.95","6.95","6.45","126.68M","-1.48%"
"06/04/2021","6.75","6.60","7.00","6.45","222.57M","+4.65%"
"06/03/2021","6.45","6.10","6.45","5.90","202.49M","+9.32%"
"06/02/2021","5.90","5.55","5.90","5.40","189.41M","+9.26%"
"06/01/2021","5.40","5.30","5.55","5.20","50.23M","+2.86%"
"05/31/2021","5.25","5.25","5.35","5.20","22.98M","+0.00%"
"05/28/2021","5.25","5.35","5.35","5.20","26.55M","-0.94%"
"05/27/2021","5.30","5.55","5.65","5.15","66.09M","-1.85%"
"05/26/2021","5.40","4.95","5.40","4.90","60.65M","+9.09%"
"05/25/2021","4.95","5.05","5.05","4.95","21.52M","-1.00%"
"05/24/2021","5.00","5.00","5.05","4.90","26.66M","+0.00%"
"05/21/2021","5.00","5.10","5.10","4.95","19.44M","-0.99%"
"05/20/2021","5.05","5.20","5.20","5.05","12.37M","-1.94%"
"05/19/2021","5.15","5.10","5.25","5.05","12.43M","+0.98%"
"05/18/2021","5.10","5.15","5.20","5.05","19.24M","+0.00%"
"05/17/2021","5.10","5.25","5.30","5.05","18.75M","-1.92%"
"05/14/2021","5.20","5.35","5.40","5.10","27.89M","-0.95%"
"05/12/2021","5.25","5.80","5.85","5.20","94.67M","-7.08%"
"05/11/2021","5.65","5.20","5.65","5.05","206.46M","+9.71%"
"05/10/2021","5.15","4.75","5.15","4.75","47.64M","+9.57%"
"05/07/2021","4.70","4.65","4.75","4.60","10.12M","+2.17%"
"05/06/2021","4.60","4.70","4.70","4.55","10.55M","-1.08%"
"05/05/2021","4.65","4.65","4.75","4.60","9.69M","+0.00%"
"05/04/2021","4.65","4.75","4.85","4.60","23.44M","-2.11%"
"05/03/2021","4.75","4.35","4.75","4.30","32.50M","+7.95%"
"04/30/2021","4.40","4.20","4.65","4.15","37.63M","+4.76%"
"04/29/2021","4.20","4.35","4.40","4.20","9.11M","-2.33%"
"04/28/2021","4.30","4.40","4.40","4.30","7.13M","-1.15%"
"04/27/2021","4.35","4.30","4.45","4.30","11.71M","+1.16%"
"04/26/2021","4.30","4.15","4.30","4.15","9.88M","+3.61%"
"04/23/2021","4.15","4.20","4.20","4.10","6.69M","-1.19%"
"04/22/2021","4.20","4.20","4.25","4.15","8.88M","+0.00%"
"04/20/2021","4.20","4.15","4.35","4.15","13.15M","+2.44%"
"04/19/2021","4.10","4.20","4.25","4.05","15.08M","-5.75%"
"04/16/2021","4.35","4.30","4.45","4.25","7.51M","+1.16%"
"04/15/2021","4.30","4.40","4.45","4.25","15.18M","-3.37%"
"04/13/2021","4.45","4.25","4.50","4.25","10.56M","+3.49%"
"04/12/2021","4.30","4.55","4.60","4.20","25.44M","-8.51%"
"04/09/2021","4.70","4.60","4.75","4.55","12.78M","+2.17%"
"04/08/2021","4.60","4.75","4.75","4.55","10.13M","-1.08%"
"04/07/2021","4.65","4.75","4.75","4.60","23.65M","-1.06%"
"04/06/2021","4.70","4.55","4.75","4.55","18.66M","+3.30%"
"04/05/2021","4.55","4.70","4.70","4.45","22.12M","-3.19%"
"04/01/2021","4.70","4.60","4.80","4.45","43.01M","+2.17%"
"03/31/2021","4.60","4.75","4.75","4.60","29.56M","-4.17%"
"03/30/2021","4.80","5.10","5.20","4.80","37.21M","-4.95%"
"03/26/2021","5.05","5.00","5.15","4.85","22.08M","+1.00%"
"03/25/2021","5.00","5.15","5.25","4.95","18.75M","-3.85%"
"03/24/2021","5.20","4.95","5.25","4.85","46.37M","+1.96%"
"03/23/2021","5.10","5.25","5.25","4.95","33.45M","+0.00%"
"03/22/2021","5.10","4.95","5.15","4.85","34.05M","+4.08%"
"03/19/2021","4.90","4.85","5.05","4.70","42.36M","+0.00%"
"03/18/2021","4.90","5.15","5.15","4.85","24.76M","-2.97%"
"03/17/2021","5.05","5.25","5.30","5.00","17.11M","-3.81%"
"03/16/2021","5.25","5.15","5.30","5.15","31.93M","+1.94%"
"03/15/2021","5.15","5.15","5.25","5.10","17.87M","+0.98%"
"03/12/2021","5.10","5.25","5.30","5.05","20.42M","-1.92%"
"03/10/2021","5.20","5.15","5.30","5.15","23.70M","+1.96%"
"03/09/2021","5.10","5.25","5.35","5.00","24.24M","-1.92%"
"03/08/2021","5.20","5.15","5.35","5.15","22.20M","+1.96%"
"03/05/2021","5.10","5.25","5.30","5.05","15.78M","-2.86%"
"03/04/2021","5.25","5.15","5.35","5.10","25.91M","+0.00%"
"03/03/2021","5.25","5.45","5.45","5.25","31.19M","-3.67%"
"03/02/2021","5.45","5.40","5.55","5.35","32.02M","+0.93%"
"03/01/2021","5.40","5.45","5.55","5.35","26.45M","+0.93%"
"02/26/2021","5.35","5.30","5.40","5.05","65.28M","+0.94%"
"02/25/2021","5.30","5.30","5.30","5.05","38.25M","+4.95%"
"02/24/2021","5.05","4.90","5.05","4.85","15.40M","+5.21%"
"02/23/2021","4.80","4.65","4.80","4.55","72.70M","+4.35%"
"02/22/2021","4.60","4.75","4.75","4.50","32.58M","-3.16%"
"02/19/2021","4.75","4.85","4.85","4.75","17.08M","-1.04%"
"02/18/2021","4.80","4.85","5.00","4.75","39.64M","+0.00%"
"02/17/2021","4.80","5.15","5.15","4.70","55.93M","-6.80%"
"02/16/2021","5.15","5.35","5.40","5.05","26.11M","-3.74%"
"02/15/2021","5.35","5.55","5.65","5.35","29.13M","-4.46%"
"02/12/2021","5.60","5.75","5.80","5.55","13.11M","-2.61%"
"02/11/2021","5.75","5.60","5.80","5.60","19.18M","+2.68%"
"02/10/2021","5.60","5.70","5.75","5.50","26.07M","-2.61%"
"02/09/2021","5.75","6.00","6.00","5.70","23.91M","-4.17%"
"02/08/2021","6.00","6.10","6.30","5.95","22.44M","+0.00%"
"02/05/2021","6.00","6.30","6.30","5.90","55.11M","-6.98%"
"02/04/2021","6.45","6.20","6.45","6.20","57.86M","+4.03%"
"02/03/2021","6.20","6.45","6.45","6.15","32.96M","-2.36%"
"02/02/2021","6.35","6.35","6.35","5.90","59.70M","+4.96%"
"02/01/2021","6.05","6.05","6.05","6.00","8.54M","+4.31%"
"01/29/2021","5.80","5.70","5.80","5.65","10.92M","+5.45%"
"01/28/2021","5.50","5.50","5.70","5.35","10.32M","-0.90%"
"01/27/2021","5.55","5.45","5.85","5.30","19.37M","+0.00%"
"01/25/2021","5.55","5.75","5.85","5.55","8.04M","-5.13%"
"01/22/2021","5.85","6.00","6.05","5.85","14.37M","-4.10%"
"01/21/2021","6.10","5.95","6.30","5.75","28.17M","+1.67%"
"01/20/2021","6.00","6.05","6.15","5.95","22.84M","-4.00%"
"01/19/2021","6.25","6.45","6.50","6.10","30.58M","-2.34%"
"01/18/2021","6.40","6.30","6.40","6.15","41.26M","+4.92%"
"01/15/2021","6.10","5.70","6.10","5.65","24.58M","+4.27%"
"01/14/2021","5.85","5.85","5.85","5.85","5.32M","-4.10%"
"01/13/2021","6.10","6.10","6.10","6.10","5.75M","-4.69%"
"01/12/2021","6.40","6.40","6.40","6.40","5.02M","-4.48%"
"01/11/2021","6.70","6.70","6.70","6.70","11.46M","-4.29%"
"01/08/2021","7.00","7.75","7.75","7.00","92.71M","-5.41%"
"01/07/2021","7.40","7.40","7.40","7.40","4.25M","+4.96%"
"01/06/2021","7.05","7.00","7.05","7.00","12.93M","+4.44%"
"01/05/2021","6.75","6.60","6.75","6.10","62.04M","+4.65%"
"01/04/2021","6.45","6.45","6.45","6.45","4.81M","+4.88%"
"01/01/2021","6.15","6.15","6.15","6.15","2.61M","+4.24%"
"12/31/2020","5.90","5.90","5.90","5.90","5.73M","+5.36%"
"12/30/2020","5.60","5.60","5.60","5.60","7.53M","+4.67%"
"12/29/2020","5.35","5.35","5.35","5.35","5.21M","+3.88%"
"12/28/2020","5.15","5.15","5.15","5.05","8.29M","+5.10%"
"12/24/2020","4.90","4.90","4.90","4.70","22.52M","+4.26%"
"12/23/2020","4.70","4.60","4.70","4.55","17.44M","+4.44%"
"12/22/2020","4.50","4.30","4.60","4.30","37.48M","+0.00%"
"12/21/2020","4.50","4.40","4.60","4.20","40.33M","+2.27%"
"12/18/2020","4.40","4.40","4.40","4.05","71.10M","+4.76%"
"12/17/2020","4.20","4.20","4.20","4.20","6.34M","+3.70%"
"12/16/2020","4.05","4.05","4.05","4.05","8.43M","+5.19%"
"12/15/2020","3.85","3.85","3.85","3.85","13.77M","+5.48%"
"12/14/2020","3.65","3.65","3.65","3.65","4.22M","+2.82%"
"12/11/2020","3.55","3.55","3.55","3.55","5.64M","+4.41%"
"12/10/2020","3.40","3.30","3.40","3.15","24.97M","+4.62%"
"12/09/2020","3.25","3.30","3.40","3.20","30.06M","+0.00%"
"12/08/2020","3.25","3.35","3.35","3.15","22.79M","+0.00%"
"12/07/2020","3.25","3.25","3.35","3.20","30.72M","+1.56%"
"12/04/2020","3.20","3.40","3.40","3.15","29.54M","-1.54%"
"12/03/2020","3.25","3.25","3.35","3.15","24.59M","+1.56%"
"12/02/2020","3.20","3.30","3.30","3.10","17.56M","+0.00%"
"12/01/2020","3.20","3.20","3.25","3.10","20.96M","+1.59%"
"11/27/2020","3.15","3.15","3.20","3.10","4.78M","+0.00%"
"11/26/2020","3.15","3.15","3.20","3.10","4.07M","+0.00%"
"11/25/2020","3.15","3.20","3.20","3.10","5.91M","-1.56%"
"11/24/2020","3.20","3.20","3.25","3.15","10.33M","+1.59%"
"11/23/2020","3.15","3.15","3.20","3.05","12.58M","+0.00%"
"11/20/2020","3.15","3.30","3.30","3.10","10.07M","-3.08%"
"11/19/2020","3.25","3.40","3.40","3.25","9.17M","-4.41%"
"11/18/2020","3.40","3.45","3.50","3.30","12.89M","-1.45%"
"11/17/2020","3.45","3.45","3.45","3.20","22.29M","+4.55%"
"11/14/2020","3.30","3.30","3.30","3.30","853.00K","+4.76%"
"11/13/2020","3.15","3.15","3.15","3.15","1.81M","+3.28%"
"11/12/2020","3.05","3.05","3.05","3.05","3.46M","+5.17%"
"11/11/2020","2.90","2.90","2.90","2.85","3.55M","+5.45%"
"11/10/2020","2.75","2.75","2.90","2.70","11.23M","-1.79%"
"11/09/2020","2.80","2.70","2.80","2.65","14.69M","+3.70%"
"11/06/2020","2.70","2.75","2.80","2.65","19.23M","-3.57%"
"11/05/2020","2.80","2.85","3.00","2.80","47.41M","-5.08%"
"11/04/2020","2.95","2.95","2.95","2.95","5.69M","-4.84%"
"11/03/2020","3.10","3.10","3.20","3.10","24.82M","-3.13%"
"11/02/2020","3.20","3.20","3.20","3.20","2.36M","-4.48%"
"10/30/2020","3.35","3.35","3.40","3.35","3.22M","-4.29%"
"10/29/2020","3.50","3.75","3.75","3.50","26.13M","-4.11%"
"10/28/2020","3.65","3.65","3.65","3.65","2.47M","+4.29%"
"10/27/2020","3.50","3.45","3.50","3.40","4.59M","+4.48%"
"10/26/2020","3.35","3.35","3.35","3.20","56.47M","+4.69%"
"10/23/2020","3.20","3.20","3.20","3.20","2.43M","+8.47%"
"10/22/2020","2.95","2.70","2.95","2.70","10.48M","+9.26%"
"10/21/2020","2.70","2.65","2.75","2.65","7.23M","+1.89%"
"10/20/2020","2.65","2.65","2.70","2.60","5.53M","+0.00%"
"10/19/2020","2.65","2.60","2.65","2.55","5.51M","+3.92%"
"10/16/2020","2.55","2.55","2.60","2.50","7.30M","-1.92%"
"10/15/2020","2.60","2.65","2.70","2.55","7.65M","+0.00%"
"10/14/2020","2.60","2.65","2.70","2.55","16.07M","+0.00%"
"10/13/2020","2.60","2.60","2.65","2.60","4.65M","-1.89%"
"10/12/2020","2.65","2.75","2.75","2.60","8.93M","-1.85%"
"10/09/2020","2.70","2.65","2.70","2.60","7.25M","+1.89%"
"10/08/2020","2.65","2.75","2.75","2.65","7.96M","-3.64%"
"10/07/2020","2.75","2.70","2.75","2.70","3.38M","-1.79%"
"10/06/2020","2.80","2.90","2.90","2.70","20.22M","+1.82%"
"10/05/2020","2.75","2.70","2.75","2.65","6.48M","+3.77%"
"10/01/2020","2.65","2.70","2.70","2.60","5.55M","+0.00%"
"09/30/2020","2.65","2.75","2.75","2.65","8.98M","-3.64%"
"09/29/2020","2.75","2.75","2.75","2.65","8.61M","+0.00%"
"09/28/2020","2.75","2.80","2.85","2.65","21.54M","-1.79%"
"09/25/2020","2.80","2.85","2.85","2.70","12.14M","+1.82%"
"09/24/2020","2.75","2.65","2.80","2.60","10.40M","+1.85%"
"09/23/2020","2.70","2.80","2.85","2.65","12.75M","-1.82%"
"09/22/2020","2.75","2.85","2.85","2.70","10.00M","-3.51%"
"09/21/2020","2.85","2.85","3.00","2.75","22.22M","+0.00%"
"09/18/2020","2.85","3.00","3.00","2.85","36.74M","-5.00%"
"09/17/2020","3.00","3.00","3.05","2.95","7.33M","-1.64%"
"09/16/2020","3.05","3.05","3.05","3.00","5.15M","-1.61%"
"09/15/2020","3.10","3.00","3.10","2.95","10.07M","+3.33%"
"09/14/2020","3.00","3.05","3.15","2.95","16.84M","-1.64%"
"09/11/2020","3.05","3.05","3.10","3.00","7.46M","+0.00%"
"09/10/2020","3.05","3.10","3.15","3.00","16.27M","-1.61%"
"09/09/2020","3.10","3.10","3.10","3.00","9.78M","+0.00%"
"09/08/2020","3.10","3.10","3.25","3.05","23.14M","+0.00%"
"09/07/2020","3.10","3.10","3.10","3.05","13.53M","+0.00%"
"09/04/2020","3.10","3.10","3.10","3.05","27.59M","-1.59%"
"09/03/2020","3.15","3.30","3.30","3.15","22.20M","-4.55%"
"09/02/2020","3.30","3.40","3.45","3.25","15.89M","-1.49%"
"09/01/2020","3.35","3.45","3.55","3.30","30.36M","-2.90%"
"08/31/2020","3.45","3.55","3.60","3.40","21.83M","-2.82%"
"08/28/2020","3.55","3.65","3.65","3.50","26.26M","-1.39%"
"08/27/2020","3.60","3.55","3.65","3.50","18.14M","+1.41%"
"08/26/2020","3.55","3.65","3.65","3.55","15.30M","-2.74%"
"08/25/2020","3.65","3.65","3.65","3.55","18.29M","+0.00%"
"08/24/2020","3.65","3.65","3.65","3.60","12.27M","+0.00%"
"08/21/2020","3.65","3.60","3.65","3.60","14.52M","+1.39%"
"08/20/2020","3.60","3.65","3.65","3.55","31.50M","-1.37%"
"08/19/2020","3.65","3.65","3.70","3.60","23.57M","+0.00%"
"08/18/2020","3.65","3.75","3.80","3.65","11.91M","-2.67%"
"08/17/2020","3.75","3.80","3.90","3.65","20.48M","+1.35%"
"08/14/2020","3.70","3.45","3.70","3.45","31.20M","+2.78%"
"08/13/2020","3.60","3.65","3.70","3.60","15.20M","-4.00%"
"08/12/2020","3.75","3.95","3.95","3.75","17.51M","-5.06%"
"08/11/2020","3.95","4.10","4.15","3.95","33.61M","-4.82%"
"08/10/2020","4.15","4.05","4.20","4.00","24.45M","+2.47%"
"08/07/2020","4.05","4.05","4.15","4.00","12.69M","-1.22%"
"08/06/2020","4.10","4.10","4.20","4.05","7.50M","-1.20%"
"08/05/2020","4.15","4.20","4.25","4.05","11.15M","-1.19%"
"08/04/2020","4.20","4.05","4.20","4.00","16.87M","+5.00%"
"08/03/2020","4.00","3.95","4.10","3.95","7.76M","+1.27%"
"07/31/2020","3.95","4.10","4.20","3.95","9.89M","-2.47%"
"07/30/2020","4.05","4.20","4.25","4.05","10.74M","-2.41%"
"07/29/2020","4.15","4.00","4.15","3.95","20.02M","+5.06%"
"07/28/2020","3.95","4.00","4.10","3.95","9.60M","-2.47%"
"07/27/2020","4.05","4.05","4.15","3.95","10.99M","-1.22%"
"07/24/2020","4.10","4.00","4.25","4.00","15.58M","-1.20%"
"07/23/2020","4.15","4.20","4.30","4.15","17.30M","-3.49%"
"07/22/2020","4.30","4.55","4.55","4.30","18.21M","-4.44%"
"07/21/2020","4.50","4.50","4.50","4.30","31.32M","+4.65%"
"07/20/2020","4.30","4.30","4.30","4.15","5.97M","+3.61%"
"07/17/2020","4.15","3.85","4.15","3.85","10.23M","+5.06%"
"07/16/2020","3.95","4.15","4.20","3.95","13.10M","-4.82%"
"07/15/2020","4.15","4.15","4.50","4.15","57.97M","-3.49%"
"07/14/2020","4.30","4.45","4.45","4.30","5.80M","-4.44%"
"07/13/2020","4.50","4.80","4.80","4.50","23.75M","-5.26%"
"07/10/2020","4.75","4.90","5.05","4.65","69.80M","-2.06%"
"07/09/2020","4.85","4.40","4.85","4.40","166.16M","+4.30%"
"07/08/2020","4.65","4.65","4.65","4.65","3.46M","-4.12%"
"07/07/2020","4.85","4.85","4.85","4.85","3.76M","-4.90%"
"07/06/2020","5.10","5.55","5.55","5.10","90.29M","-4.67%"
"07/03/2020","5.35","5.35","5.35","5.35","5.65M","+4.90%"
"07/02/2020","5.10","5.10","5.10","5.10","2.50M","+5.15%"
"07/01/2020","4.85","4.85","4.85","4.85","3.05M","+4.30%"
"06/30/2020","4.65","4.65","4.65","4.65","4.07M","+4.49%"
"06/29/2020","4.45","4.45","4.45","4.35","25.96M","+4.71%"
"06/26/2020","4.25","4.10","4.25","4.05","40.61M","+3.66%"
"06/25/2020","4.10","4.00","4.15","4.00","25.77M","-2.38%"
"06/24/2020","4.20","4.45","4.45","4.10","85.43M","-1.18%"
"06/23/2020","4.25","4.25","4.25","4.25","5.03M","+3.66%"
"06/22/2020","4.10","4.05","4.10","3.95","24.16M","+5.13%"
"06/19/2020","3.90","3.90","3.90","3.65","46.34M","+5.41%"
"06/18/2020","3.70","3.45","3.70","3.45","66.90M","+2.78%"
"06/17/2020","3.60","3.60","3.60","3.60","2.53M","-4.00%"
"06/16/2020","3.75","3.75","3.75","3.75","3.30M","-5.06%"
"06/15/2020","3.95","4.00","4.10","3.95","14.60M","-4.82%"
"06/12/2020","4.15","4.15","4.20","4.15","11.73M","-3.49%"
"06/11/2020","4.30","4.30","4.30","4.20","19.80M","+3.61%"
"06/10/2020","4.15","4.15","4.15","3.90","44.71M","+5.06%"
"06/09/2020","3.95","3.95","3.95","3.65","64.02M","+8.22%"
"06/08/2020","3.65","3.65","3.65","3.65","7.93M","+10.61%"
"06/05/2020","3.30","3.25","3.30","3.20","21.42M","+8.20%"
"06/04/2020","3.05","3.05","3.05","2.95","21.33M","+5.17%"
"06/03/2020","2.90","2.85","2.90","2.80","28.78M","+5.45%"
"06/02/2020","2.75","2.70","2.75","2.65","16.80M","+3.77%"
"06/01/2020","2.65","2.60","2.65","2.60","8.75M","+3.92%"
"05/29/2020","2.55","2.60","2.60","2.55","10.44M","+0.00%"
"05/28/2020","2.55","2.55","2.65","2.55","8.58M","+0.00%"
"05/27/2020","2.55","2.55","2.55","2.50","7.48M","+2.00%"
"05/26/2020","2.50","2.55","2.55","2.45","8.49M","-1.96%"
"05/22/2020","2.55","2.65","2.65","2.50","40.47M","+0.00%"
"05/21/2020","2.55","2.55","2.55","2.55","2.25M","+2.00%"
"05/20/2020","2.50","2.45","2.50","2.45","5.12M","+4.17%"
"05/19/2020","2.40","2.35","2.40","2.30","15.60M","+4.35%"
"05/18/2020","2.30","2.40","2.45","2.30","6.42M","-4.17%"
"05/15/2020","2.40","2.45","2.45","2.35","8.03M","-2.04%"
"05/14/2020","2.45","2.40","2.45","2.35","6.63M","+2.08%"
"05/13/2020","2.40","2.40","2.40","2.35","5.71M","+2.13%"
"05/12/2020","2.35","2.40","2.45","2.30","5.72M","-2.08%"
"05/11/2020","2.40","2.45","2.45","2.25","24.51M","+2.13%"
"05/08/2020","2.35","2.35","2.35","2.35","2.10M","+4.44%"
"05/07/2020","2.25","2.15","2.25","2.10","7.78M","+4.65%"
"05/06/2020","2.15","2.25","2.30","2.15","10.39M","-4.44%"
"05/05/2020","2.25","2.35","2.35","2.25","5.78M","-2.17%"
"05/04/2020","2.30","2.35","2.40","2.30","9.72M","-4.17%"
"04/30/2020","2.40","2.50","2.50","2.40","13.83M","-2.04%"
"04/29/2020","2.45","2.55","2.55","2.40","9.22M","-2.00%"
"04/28/2020","2.50","2.50","2.55","2.40","10.70M","+2.04%"
"04/27/2020","2.45","2.40","2.50","2.35","39.64M","+0.00%"
"04/24/2020","2.45","2.45","2.45","2.45","3.42M","-3.92%"
"04/23/2020","2.55","2.55","2.55","2.55","13.03M","-1.92%"
"04/22/2020","2.60","2.90","2.90","2.60","70.16M","-5.45%"
"04/21/2020","2.75","2.75","2.75","2.75","4.54M","+3.77%"
"04/20/2020","2.65","2.65","2.65","2.65","3.22M","+3.92%"
"04/17/2020","2.55","2.55","2.55","2.55","3.08M","+2.00%"
"04/16/2020","2.50","2.50","2.50","2.50","1.99M","+4.17%"
"04/15/2020","2.40","2.40","2.40","2.40","2.03M","+4.35%"
"04/13/2020","2.30","2.30","2.30","2.30","3.09M","+4.55%"
"04/09/2020","2.20","2.20","2.20","2.20","1.43M","+4.76%"
"04/08/2020","2.10","2.10","2.10","2.10","1.35M","+5.00%"
"04/07/2020","2.00","2.00","2.00","2.00","3.88M","+2.56%"
"04/03/2020","1.95","1.95","1.95","1.95","3.24M","+5.41%"
"04/01/2020","1.85","1.85","1.85","1.85","1.71M","+2.78%"
"03/31/2020","1.80","1.80","1.80","1.80","2.28M","+2.86%"
"03/30/2020","1.75","1.70","1.75","1.70","10.57M","+2.94%"
"03/27/2020","1.70","1.70","1.70","1.65","4.47M","+3.03%"
"03/26/2020","1.65","1.55","1.65","1.55","15.31M","+3.12%"
"03/25/2020","1.60","1.60","1.65","1.60","5.84M","-3.03%"
"03/24/2020","1.65","1.70","1.75","1.65","9.38M","-2.94%"
"03/23/2020","1.70","1.70","1.75","1.70","14.93M","-2.86%"
"03/20/2020","1.75","1.80","1.80","1.70","15.62M","+0.00%"
"03/19/2020","1.75","1.80","1.80","1.75","15.77M","-5.41%"
"03/18/2020","1.85","1.90","1.95","1.80","21.69M","-2.63%"
"03/17/2020","1.90","1.90","1.95","1.85","15.63M","+2.70%"
"03/16/2020","1.85","1.95","1.95","1.85","17.10M","-5.13%"
"03/13/2020","1.95","1.95","1.95","1.95","21.33M","-2.50%"
"03/12/2020","2.00","2.05","2.05","2.00","6.57M","-4.76%"
"03/11/2020","2.10","2.00","2.10","2.00","17.26M","+5.00%"
"03/09/2020","2.00","2.15","2.15","2.00","25.66M","-9.09%"
"03/06/2020","2.20","2.20","2.25","2.15","10.33M","-4.35%"
"03/05/2020","2.30","2.35","2.35","2.15","15.65M","-2.13%"
"03/04/2020","2.35","2.55","2.55","2.30","14.44M","-7.84%"
"03/03/2020","2.55","2.65","2.65","2.50","11.09M","-1.92%"
"03/02/2020","2.60","2.70","2.70","2.55","22.75M","+4.00%"
"02/28/2020","2.50","2.50","2.55","2.35","21.55M","-1.96%"
"02/27/2020","2.55","2.55","2.60","2.45","14.32M","+0.00%"
"02/26/2020","2.55","2.65","2.75","2.50","23.99M","-1.92%"
"02/25/2020","2.60","2.65","2.65","2.25","89.85M","+6.12%"
"02/24/2020","2.45","2.45","2.45","2.35","20.47M","+8.89%"
"02/20/2020","2.25","2.25","2.25","2.25","5.45M","+9.76%"
"02/19/2020","2.05","2.10","2.15","2.00","8.10M","+0.00%"
"02/18/2020","2.05","2.10","2.10","2.00","9.62M","-2.38%"
"02/17/2020","2.10","2.20","2.20","2.05","8.02M","+0.00%"
"02/14/2020","2.10","2.15","2.30","2.05","11.60M","+0.00%"
"02/13/2020","2.10","2.10","2.15","2.00","20.10M","-4.55%"
"02/12/2020","2.20","2.65","2.65","2.20","57.92M","-10.20%"
"02/11/2020","2.45","2.35","2.45","2.30","8.44M","+8.89%"
"02/10/2020","2.25","2.05","2.25","2.05","12.41M","+9.76%"
"02/07/2020","2.05","2.05","2.15","2.05","5.17M","+0.00%"
"02/06/2020","2.05","2.00","2.10","1.95","10.44M","+2.50%"
"02/05/2020","2.00","2.10","2.10","2.00","10.10M","-4.76%"
"02/04/2020","2.10","2.25","2.25","2.10","9.65M","-4.55%"
"02/03/2020","2.20","2.30","2.30","2.20","6.87M","-2.22%"
"02/01/2020","2.25","2.20","2.30","2.15","9.13M","+2.27%"
"01/31/2020","2.20","2.25","2.25","2.15","5.57M","+0.00%"
"01/30/2020","2.20","2.30","2.30","2.20","5.97M","-2.22%"
"01/29/2020","2.25","2.20","2.30","2.20","8.21M","+2.27%"
"01/28/2020","2.20","2.25","2.25","2.15","5.15M","+0.00%"
"01/27/2020","2.20","2.30","2.30","2.20","8.24M","-4.35%"
"01/24/2020","2.30","2.35","2.35","2.25","9.90M","+0.00%"
"01/23/2020","2.30","2.35","2.40","2.30","3.79M","-2.13%"
"01/22/2020","2.35","2.35","2.40","2.25","8.24M","+0.00%"
"01/21/2020","2.35","2.20","2.35","2.20","9.56M","+4.44%"
"01/20/2020","2.25","2.25","2.30","2.20","10.37M","-2.17%"
"01/17/2020","2.30","2.45","2.50","2.30","21.55M","-4.17%"
"01/16/2020","2.40","2.35","2.40","2.30","12.35M","+4.35%"
"01/15/2020","2.30","2.20","2.30","2.10","35.40M","+4.55%"
"01/14/2020","2.20","2.30","2.30","2.20","9.59M","-4.35%"
"01/13/2020","2.30","2.25","2.45","2.15","38.24M","-4.17%"
"01/10/2020","2.40","2.45","2.55","2.40","44.41M","-7.69%"
"01/09/2020","2.60","2.60","2.60","2.60","4.89M","-10.34%"
"01/08/2020","2.90","3.15","3.15","2.90","52.85M","-9.38%"
"01/07/2020","3.20","3.15","3.20","3.15","11.82M","+8.47%"
"01/06/2020","2.95","2.70","2.95","2.50","155.06M","+18.00%"
"01/03/2020","2.50","2.50","2.50","2.30","133.23M","+21.95%"
"01/02/2020","2.05","1.75","2.05","1.75","28.55M","+17.14%"
"01/01/2020","1.75","1.70","1.80","1.70","7.78M","+2.94%"
"12/31/2019","1.70","1.75","1.75","1.65","16.87M","-2.86%"
"12/30/2019","1.75","1.80","1.80","1.65","25.43M","-2.78%"
"12/27/2019","1.80","1.85","1.90","1.80","7.69M","-2.70%"
"12/26/2019","1.85","1.85","1.90","1.85","5.37M","+0.00%"
"12/24/2019","1.85","1.90","1.90","1.85","4.49M","-2.63%"
"12/23/2019","1.90","1.85","1.90","1.85","5.27M","+2.70%"
"12/20/2019","1.85","1.85","1.90","1.85","8.79M","+0.00%"
"12/19/2019","1.85","1.80","1.90","1.80","8.88M","+0.00%"
"12/18/2019","1.85","1.85","1.90","1.80","11.64M","+0.00%"
"12/17/2019","1.85","1.80","1.90","1.75","27.19M","+0.00%"
"12/16/2019","1.85","1.90","1.95","1.85","10.02M","-5.13%"
"12/13/2019","1.95","1.95","1.95","1.90","18.22M","+0.00%"
"12/12/2019","1.95","1.95","1.95","1.80","12.02M","+0.00%"
"12/11/2019","1.95","1.95","2.00","1.90","8.60M","+0.00%"
"12/10/2019","1.95","2.05","2.05","1.90","15.45M","-2.50%"
"12/09/2019","2.00","2.00","2.05","1.95","10.28M","+0.00%"
"12/06/2019","2.00","2.10","2.25","2.00","19.90M","-2.44%"
"12/05/2019","2.05","2.10","2.10","1.95","15.63M","+0.00%"
"12/04/2019","2.05","2.10","2.10","2.05","8.03M","-2.38%"
"12/03/2019","2.10","2.15","2.15","2.00","12.24M","-2.33%"
"12/02/2019","2.15","2.10","2.15","2.10","6.59M","+2.38%"
"11/29/2019","2.10","2.10","2.15","2.05","10.32M","+0.00%"
"11/28/2019","2.10","2.05","2.10","2.00","12.42M","+2.44%"
"11/27/2019","2.05","2.10","2.10","2.00","12.64M","-2.38%"
"11/26/2019","2.10","2.20","2.25","2.05","32.86M","-4.55%"
"11/25/2019","2.20","2.20","2.20","2.10","5.15M","+2.33%"
"11/22/2019","2.15","2.25","2.25","2.15","9.70M","-2.27%"
"11/21/2019","2.20","2.20","2.25","2.15","10.09M","+0.00%"
"11/20/2019","2.20","2.15","2.25","2.15","15.67M","+0.00%"
"11/19/2019","2.20","2.25","2.25","2.15","11.11M","-2.22%"
"11/18/2019","2.25","2.25","2.35","2.20","11.34M","+0.00%"
"11/15/2019","2.25","2.25","2.30","2.10","13.92M","-4.26%"
"11/14/2019","2.35","2.50","2.55","2.30","11.95M","-6.00%"
"11/13/2019","2.50","2.60","2.65","2.50","20.23M","-3.85%"
"11/11/2019","2.60","2.70","2.75","2.55","14.52M","-3.70%"
"11/08/2019","2.70","2.75","2.90","2.60","30.04M","-1.82%"
"11/07/2019","2.75","2.60","2.90","2.55","29.91M","+5.77%"
"11/06/2019","2.60","2.60","2.70","2.55","10.59M","+0.00%"
"11/05/2019","2.60","2.75","2.75","2.55","17.97M","-1.89%"
"11/04/2019","2.65","2.55","2.75","2.50","24.93M","+6.00%"
"11/01/2019","2.50","2.50","2.55","2.45","11.43M","+2.04%"
"10/31/2019","2.45","2.50","2.55","2.45","8.03M","+0.00%"
"10/30/2019","2.45","2.45","2.60","2.40","17.13M","+0.00%"
"10/29/2019","2.45","2.40","2.50","2.35","9.45M","+2.08%"
"10/27/2019","2.40","2.45","2.45","2.35","2.14M","+2.13%"
"10/25/2019","2.35","2.40","2.45","2.30","5.07M","-2.08%"
"10/24/2019","2.40","2.55","2.55","2.35","9.25M","-4.00%"
"10/23/2019","2.50","2.50","2.60","2.40","11.39M","+2.04%"
"10/22/2019","2.45","2.35","2.55","2.30","20.52M","+4.26%"
"10/18/2019","2.35","2.25","2.40","2.20","10.33M","+2.17%"
"10/17/2019","2.30","2.30","2.35","2.20","8.24M","+2.22%"
"10/16/2019","2.25","2.35","2.35","2.20","8.49M","-6.25%"
"10/15/2019","2.40","2.55","2.55","2.30","12.84M","-4.00%"
"10/14/2019","2.50","2.55","2.65","2.45","12.11M","+2.04%"
"10/11/2019","2.45","2.20","2.50","2.20","16.45M","+13.95%"
"10/10/2019","2.15","2.20","2.20","2.10","5.52M","-2.27%"
"10/09/2019","2.20","2.25","2.25","2.05","8.94M","-2.22%"
"10/07/2019","2.25","2.30","2.35","2.25","7.05M","+0.00%"
"10/04/2019","2.25","2.15","2.30","2.10","11.03M","+7.14%"
"10/03/2019","2.10","2.00","2.15","1.90","15.61M","+5.00%"
"10/01/2019","2.00","2.05","2.20","1.90","35.49M","-2.44%"
"09/30/2019","2.05","2.35","2.35","2.00","36.09M","-10.87%"
"09/27/2019","2.30","2.55","2.55","2.25","52.02M","-9.80%"
"09/26/2019","2.55","2.70","2.75","2.55","31.03M","-5.56%"
"09/25/2019","2.70","2.75","2.75","2.65","8.98M","-1.82%"
"09/24/2019","2.75","2.85","2.90","2.70","14.28M","-3.51%"
"09/23/2019","2.85","2.90","3.10","2.85","17.02M","+1.79%"
"09/20/2019","2.80","2.75","2.85","2.65","21.74M","+3.70%"
"09/19/2019","2.70","2.80","2.80","2.60","10.56M","-3.57%"
"09/18/2019","2.80","2.80","2.85","2.75","6.85M","+0.00%"
"09/17/2019","2.80","2.85","2.90","2.75","14.35M","-1.75%"
"09/16/2019","2.85","2.85","2.90","2.75","12.22M","-1.72%"
"09/13/2019","2.90","2.90","2.90","2.80","10.84M","+0.00%"
"09/12/2019","2.90","2.80","2.95","2.75","23.49M","+5.45%"
"09/11/2019","2.75","2.55","2.80","2.55","45.21M","+7.84%"
"09/09/2019","2.55","2.85","2.90","2.55","73.21M","-13.56%"
"09/06/2019","2.95","3.25","3.30","2.85","26.67M","-9.23%"
"09/05/2019","3.25","3.25","3.30","3.20","6.99M","+1.56%"
"09/04/2019","3.20","3.35","3.35","3.15","10.04M","-3.03%"
"09/03/2019","3.30","3.45","3.45","3.15","14.16M","-2.94%"
"08/30/2019","3.40","3.40","3.55","3.35","13.39M","+1.49%"
"08/29/2019","3.35","3.75","3.75","3.30","43.28M","-11.84%"
"08/28/2019","3.80","3.90","3.90","3.70","7.60M","-1.30%"
"08/27/2019","3.85","3.90","4.00","3.80","4.84M","+0.00%"
"08/26/2019","3.85","3.90","3.95","3.75","6.51M","+1.32%"
"08/23/2019","3.80","3.80","3.90","3.65","11.49M","+0.00%"
"08/22/2019","3.80","3.90","3.90","3.75","10.30M","-3.80%"
"08/21/2019","3.95","4.10","4.10","3.90","7.24M","-3.66%"
"08/20/2019","4.10","4.05","4.15","4.00","9.32M","+2.50%"
"08/19/2019","4.00","4.05","4.15","3.85","10.44M","-1.23%"
"08/16/2019","4.05","3.85","4.15","3.85","18.52M","+6.58%"
"08/14/2019","3.80","4.05","4.05","3.70","12.05M","-2.56%"
"08/13/2019","3.90","4.15","4.20","3.80","11.97M","-3.70%"
"08/09/2019","4.05","3.80","4.20","3.80","22.30M","+10.96%"
"08/08/2019","3.65","3.60","3.75","3.50","11.47M","+0.00%"
"08/07/2019","3.65","3.80","3.80","3.55","27.38M","-6.41%"
"08/06/2019","3.90","3.80","4.00","3.75","9.42M","+1.30%"
"08/05/2019","3.85","3.85","4.00","3.75","10.01M","-1.28%"
"08/02/2019","3.90","3.85","4.00","3.75","8.94M","+1.30%"
"08/01/2019","3.85","3.80","4.05","3.70","9.85M","+0.00%"
"07/31/2019","3.85","4.10","4.10","3.65","18.08M","-6.10%"
"07/30/2019","4.10","4.40","4.40","4.05","14.63M","-7.87%"
"07/29/2019","4.45","4.25","4.60","4.20","29.84M","+5.95%"
"07/26/2019","4.20","3.65","4.40","3.65","39.41M","+15.07%"
"07/25/2019","3.65","3.65","3.75","3.45","9.78M","+0.00%"
"07/24/2019","3.65","3.75","3.80","3.60","13.29M","-3.95%"
"07/23/2019","3.80","3.85","3.90","3.75","7.65M","-1.30%"
"07/22/2019","3.85","4.00","4.00","3.80","11.04M","-4.94%"
"07/19/2019","4.05","3.95","4.15","3.90","10.41M","+2.53%"
"07/18/2019","3.95","4.05","4.10","3.95","7.24M","-3.66%"
"07/17/2019","4.10","4.00","4.20","3.90","14.69M","-3.53%"
"07/16/2019","4.25","4.30","4.35","4.10","12.84M","-3.41%"
"07/15/2019","4.40","4.60","4.60","4.40","6.74M","-3.30%"
"07/12/2019","4.55","4.50","4.60","4.50","6.79M","-1.09%"
"07/11/2019","4.60","4.55","4.75","4.45","16.48M","+3.37%"
"07/10/2019","4.45","4.40","4.60","4.30","16.46M","+2.30%"
"07/09/2019","4.35","4.20","4.40","3.90","12.16M","+3.57%"
"07/08/2019","4.20","4.45","4.45","4.20","11.55M","-5.62%"
"07/05/2019","4.45","4.70","4.75","4.40","14.08M","-4.30%"
"07/04/2019","4.65","4.55","4.80","4.45","13.87M","+3.33%"
"07/03/2019","4.50","4.55","4.60","4.35","10.57M","-1.10%"
"07/02/2019","4.55","4.70","4.75","4.45","15.35M","-3.19%"
"07/01/2019","4.70","4.85","5.05","4.60","20.30M","-2.08%"
"06/28/2019","4.80","5.05","5.20","4.75","37.06M","-8.57%"
"06/27/2019","5.25","5.40","5.75","4.75","151.62M","-2.78%"
"06/26/2019","5.40","4.75","5.45","4.65","118.40M","+13.68%"
"06/25/2019","4.75","4.65","4.85","4.15","104.69M","+4.40%"
"06/24/2019","4.55","4.50","4.80","4.45","97.26M","+8.33%"
"06/21/2019","4.20","3.85","4.35","3.65","92.76M","+12.00%"
"06/20/2019","3.75","3.10","3.85","2.75","118.24M","+20.97%"
"06/19/2019","3.10","3.35","3.45","3.05","62.88M","-7.46%"
"06/18/2019","3.35","3.70","3.85","3.15","68.07M","-9.46%"
"06/17/2019","3.70","3.85","3.90","3.65","28.40M","-1.33%"
"06/14/2019","3.75","3.90","4.00","3.70","32.18M","-6.25%"
"06/13/2019","4.00","4.05","4.05","3.80","31.64M","-2.44%"
"06/12/2019","4.10","4.40","4.45","4.05","60.56M","-6.82%"
"06/11/2019","4.40","4.25","4.55","3.75","72.17M","+3.53%"
"06/10/2019","4.25","4.85","4.90","3.60","123.91M","-10.53%"
"06/07/2019","4.75","4.90","5.00","4.70","31.90M","-3.06%"
"06/06/2019","4.90","5.00","5.20","4.70","53.41M","-2.00%"
"06/04/2019","5.00","5.00","5.25","4.95","35.37M","-0.99%"
"06/03/2019","5.05","5.00","5.10","5.00","22.81M","+1.00%"
"05/31/2019","5.00","5.25","5.30","4.95","51.60M","-5.66%"
"05/30/2019","5.30","4.95","5.40","4.90","93.73M","+7.07%"
"05/29/2019","4.95","5.10","5.10","4.85","40.81M","-2.94%"
"05/28/2019","5.10","5.25","5.30","5.00","71.54M","-3.77%"
"05/27/2019","5.30","5.25","5.50","5.15","55.20M","+0.95%"
"05/24/2019","5.25","4.95","5.35","4.85","55.50M","+6.06%"
"05/23/2019","4.95","5.40","5.50","4.85","66.09M","-3.88%"
"05/22/2019","5.15","5.10","5.25","4.90","41.49M","+0.98%"
"05/21/2019","5.10","5.45","5.75","5.00","66.31M","-4.67%"
"05/20/2019","5.35","4.95","5.50","4.95","56.23M","+11.46%"
"05/17/2019","4.80","4.80","4.90","4.70","23.71M","+0.00%"
"05/16/2019","4.80","4.80","4.95","4.65","44.29M","+0.00%"
"05/15/2019","4.80","5.35","5.35","4.75","60.17M","-8.57%"
"05/14/2019","5.25","5.10","5.45","4.85","48.91M","+1.94%"
"05/13/2019","5.15","5.90","5.90","5.00","63.06M","-12.71%"
"05/10/2019","5.90","5.10","5.95","5.00","70.08M","+13.46%"
"05/09/2019","5.20","5.40","5.40","4.85","78.71M","-4.59%"
"05/08/2019","5.45","5.80","5.80","5.40","38.48M","-6.84%"
"05/07/2019","5.85","6.05","6.15","5.75","45.52M","-3.31%"
"05/06/2019","6.05","6.00","6.20","5.95","26.43M","-2.42%"
"05/03/2019","6.20","6.20","6.35","6.15","20.50M","+0.00%"
"05/02/2019","6.20","6.30","6.35","6.10","31.77M","-1.59%"
"04/30/2019","6.30","6.60","6.70","6.20","55.06M","-4.55%"
"04/26/2019","6.60","6.55","6.85","6.35","60.19M","+0.76%"
"04/25/2019","6.55","6.45","6.90","6.45","90.02M","-1.50%"
"04/24/2019","6.65","6.75","6.90","6.45","101.78M","+0.76%"
"04/23/2019","6.60","6.30","6.85","5.95","81.17M","+5.60%"
"04/22/2019","6.25","6.45","6.45","6.15","43.30M","-3.85%"
"04/18/2019","6.50","6.80","6.90","6.45","63.11M","-3.70%"
"04/16/2019","6.75","6.85","7.05","6.65","59.46M","+0.00%"
"04/15/2019","6.75","6.70","7.30","6.65","111.61M","+2.27%"
"04/12/2019","6.60","6.25","6.85","6.15","86.97M","+7.32%"
"04/11/2019","6.15","6.15","6.30","5.95","40.38M","+0.00%"
"04/10/2019","6.15","6.20","6.35","6.10","38.02M","+0.00%"
"04/09/2019","6.15","6.15","6.25","6.00","33.44M","+0.82%"
"04/08/2019","6.10","6.20","6.40","6.00","32.56M","-0.81%"
"04/05/2019","6.15","6.20","6.25","6.00","30.48M","+0.00%"
"04/04/2019","6.15","5.95","6.30","5.70","103.39M","+3.36%"
"04/03/2019","5.95","6.30","6.60","5.90","110.98M","-4.80%"
"04/02/2019","6.25","5.70","6.45","5.60","181.55M","+9.65%"
"04/01/2019","5.70","5.75","5.90","5.50","71.64M","+0.88%"
"03/29/2019","5.65","6.05","6.05","5.50","88.41M","-5.04%"
"03/28/2019","5.95","6.10","6.20","5.90","69.44M","-2.46%"
"03/27/2019","6.10","6.15","6.30","6.05","88.04M","+0.00%"
"03/26/2019","6.10","5.95","6.40","5.90","127.16M","+3.39%"
"03/25/2019","5.90","6.05","6.10","5.85","72.03M","-4.07%"
"03/22/2019","6.15","6.35","6.45","6.05","103.18M","-3.15%"
"03/20/2019","6.35","6.40","6.45","6.10","70.91M","-1.55%"
"03/19/2019","6.45","6.60","6.65","6.35","64.32M","-0.77%"
"03/18/2019","6.50","6.30","6.65","6.25","105.34M","+4.00%"
"03/15/2019","6.25","6.45","6.50","6.15","63.90M","-3.10%"
"03/14/2019","6.45","6.40","6.60","6.25","109.71M","+3.20%"
"03/13/2019","6.25","6.60","6.65","6.15","102.43M","-5.30%"
"03/12/2019","6.60","6.85","7.00","6.45","104.10M","-2.94%"
"03/11/2019","6.80","6.75","7.15","6.70","132.84M","+1.49%"
"03/08/2019","6.70","6.35","7.00","6.05","243.85M","+5.51%"
"03/07/2019","6.35","7.25","7.25","6.25","220.65M","-12.41%"
"03/06/2019","7.25","7.05","7.70","6.95","275.30M","+5.84%"
"03/05/2019","6.85","5.50","7.00","5.45","266.59M","+25.69%"
"03/01/2019","5.45","5.35","5.50","5.30","51.52M","+2.83%"
"02/28/2019","5.30","5.10","5.45","5.10","80.31M","+4.95%"
"02/27/2019","5.05","4.95","5.60","4.90","116.98M","+3.06%"
"02/26/2019","4.90","4.90","5.20","4.75","79.87M","-5.77%"
"02/25/2019","5.20","5.35","5.55","4.70","212.36M","-1.89%"
"02/22/2019","5.30","4.20","5.50","4.15","218.22M","+29.27%"
"02/21/2019","4.10","3.40","4.20","3.30","80.44M","+20.59%"
"02/20/2019","3.40","3.25","3.45","3.25","14.94M","+4.62%"
"02/19/2019","3.25","3.15","3.30","3.10","20.45M","+3.17%"
"02/18/2019","3.15","3.15","3.30","3.10","33.55M","+0.00%"
"02/15/2019","3.15","3.20","3.20","3.10","20.72M","-1.56%"
"02/14/2019","3.20","3.10","3.25","3.00","32.91M","+3.23%"
"02/13/2019","3.10","3.15","3.35","3.05","49.32M","-1.59%"
"02/12/2019","3.15","3.15","3.35","3.05","32.32M","+0.00%"
"02/11/2019","3.15","3.50","3.50","2.95","32.58M","-7.35%"
"02/08/2019","3.40","3.60","3.60","3.30","35.83M","-6.85%"
"02/07/2019","3.65","3.60","3.75","3.55","30.28M","+2.82%"
"02/06/2019","3.55","3.40","3.70","3.10","75.33M","+7.58%"
"02/05/2019","3.30","4.35","4.35","2.55","200.42M","-24.14%"
"02/04/2019","4.35","4.50","4.50","4.25","24.06M","-3.33%"
"02/01/2019","4.50","4.40","4.65","4.35","37.84M","+4.65%"
"01/31/2019","4.30","4.60","4.60","4.20","46.39M","-6.52%"
"01/30/2019","4.60","4.55","4.65","4.50","14.62M","+1.10%"
"01/29/2019","4.55","4.55","4.60","4.50","7.40M","+0.00%"
"01/28/2019","4.55","4.70","4.70","4.40","24.08M","-2.15%"
"01/25/2019","4.65","4.75","4.75","4.60","14.07M","-2.11%"
"01/24/2019","4.75","4.75","4.75","4.70","6.81M","+0.00%"
"01/23/2019","4.75","4.75","4.80","4.70","12.71M","+0.00%"
"01/22/2019","4.75","4.80","4.80","4.75","19.13M","-1.04%"
"01/21/2019","4.80","4.80","4.85","4.75","14.17M","+0.00%"
"01/18/2019","4.80","4.85","4.90","4.75","18.91M","-1.03%"
"01/17/2019","4.85","4.90","4.90","4.80","20.85M","+0.00%"
"01/16/2019","4.85","4.85","4.95","4.80","18.65M","+0.00%"
"01/15/2019","4.85","4.85","4.95","4.75","15.27M","+0.00%"
"01/14/2019","4.85","4.90","4.90","4.80","14.21M","-1.02%"
"01/11/2019","4.90","5.00","5.00","4.85","17.94M","-2.00%"
"01/10/2019","5.00","4.90","5.05","4.85","18.22M","+2.04%"
"01/09/2019","4.90","4.95","4.95","4.75","16.97M","+0.00%"
"01/08/2019","4.90","4.90","4.95","4.85","14.72M","+0.00%"
"01/07/2019","4.90","5.05","5.10","4.85","25.79M","-2.00%"
"01/04/2019","5.00","4.90","5.05","4.75","37.74M","+3.09%"
"01/03/2019","4.85","4.95","4.95","4.85","10.52M","-1.02%"
"01/02/2019","4.90","5.00","5.00","4.85","14.75M","-2.00%"
"01/01/2019","5.00","5.00","5.05","4.90","10.68M","+1.01%"
"12/31/2018","4.95","4.95","5.00","4.95","7.61M","-1.00%"
"12/28/2018","5.00","5.00","5.05","4.95","11.05M","+0.00%"
"12/27/2018","5.00","5.05","5.05","4.95","25.82M","+0.00%"
"12/26/2018","5.00","5.05","5.10","4.80","22.54M","-0.99%"
"12/24/2018","5.05","5.05","5.10","5.00","18.69M","+0.00%"
"12/21/2018","5.05","5.00","5.20","5.00","26.46M","+0.00%"
"12/20/2018","5.05","4.95","5.10","4.90","31.75M","+1.00%"
"12/19/2018","5.00","4.90","5.05","4.90","28.91M","+2.04%"
"12/18/2018","4.90","4.85","5.05","4.80","19.07M","+1.03%"
"12/17/2018","4.85","4.85","4.95","4.80","12.82M","+0.00%"
"12/14/2018","4.85","4.85","4.95","4.80","22.75M","+1.04%"
"12/13/2018","4.80","4.90","4.95","4.75","23.15M","-1.03%"
"12/12/2018","4.85","4.80","4.90","4.75","16.16M","+0.00%"
"12/11/2018","4.85","4.65","4.95","4.60","22.23M","+3.19%"
"12/10/2018","4.70","4.70","4.75","4.60","16.05M","-1.05%"
"12/07/2018","4.75","4.75","4.85","4.60","24.34M","+0.00%"
"12/06/2018","4.75","4.75","4.80","4.70","18.78M","-1.04%"
"12/05/2018","4.80","5.00","5.00","4.75","25.29M","-4.00%"
"12/04/2018","5.00","5.05","5.25","4.95","27.47M","-1.96%"
"12/03/2018","5.10","4.75","5.25","4.75","62.05M","+7.37%"
"11/30/2018","4.75","4.75","4.75","4.70","21.75M","+1.06%"
"11/29/2018","4.70","5.05","5.05","4.55","119.07M","-6.00%"
"11/28/2018","5.00","5.20","5.20","4.95","22.67M","-2.91%"
"11/27/2018","5.15","5.05","5.25","4.95","43.71M","+4.04%"
"11/26/2018","4.95","5.10","5.10","4.80","30.58M","-2.94%"
"11/22/2018","5.10","5.10","5.25","5.00","33.79M","+0.00%"
"11/21/2018","5.10","5.00","5.20","4.95","31.39M","+3.03%"
"11/20/2018","4.95","5.00","5.10","4.85","36.36M","+0.00%"
"11/19/2018","4.95","5.25","5.25","4.90","45.21M","-4.81%"
"11/16/2018","5.20","5.20","5.30","5.15","17.24M","-0.95%"
"11/15/2018","5.25","5.35","5.35","5.10","21.70M","-1.87%"
"11/14/2018","5.35","5.55","5.55","5.30","26.46M","-2.73%"
"11/13/2018","5.50","5.45","5.70","5.40","26.81M","-0.90%"
"11/12/2018","5.55","5.75","5.75","5.50","20.75M","-2.63%"
"11/09/2018","5.70","5.70","5.75","5.60","14.02M","+1.79%"
"11/06/2018","5.60","5.85","5.85","5.50","18.79M","-3.45%"
"11/05/2018","5.80","5.80","5.90","5.70","22.68M","+0.00%"
"11/02/2018","5.80","5.80","5.95","5.75","28.03M","+0.87%"
"11/01/2018","5.75","5.75","5.90","5.70","21.15M","+0.00%"
"10/31/2018","5.75","5.70","5.85","5.65","21.52M","+0.00%"
"10/30/2018","5.75","5.80","5.90","5.65","13.63M","-0.86%"
"10/29/2018","5.80","5.60","5.90","5.45","25.98M","+4.50%"
"10/26/2018","5.55","5.45","5.65","5.35","24.52M","+0.00%"
"10/25/2018","5.55","5.50","5.65","5.40","41.02M","-0.89%"
"10/24/2018","5.60","5.65","5.65","5.45","30.19M","-0.88%"
"10/23/2018","5.65","5.35","5.75","5.35","38.86M","+4.63%"
"10/22/2018","5.40","5.50","5.50","5.35","34.38M","+0.00%"
"10/19/2018","5.40","5.50","5.65","5.35","37.11M","-2.70%"
"10/17/2018","5.55","5.95","6.10","5.45","43.16M","-5.93%"
"10/16/2018","5.90","5.80","5.95","5.75","31.71M","+3.51%"
"10/15/2018","5.70","5.35","5.75","5.25","40.18M","+6.54%"
"10/12/2018","5.35","5.10","5.55","5.05","48.23M","+4.90%"
"10/11/2018","5.10","5.05","5.30","5.00","31.37M","-3.77%"
"10/10/2018","5.30","4.95","5.35","4.90","41.27M","+8.16%"
"10/09/2018","4.90","5.05","5.05","4.85","21.68M","-2.97%"
"10/08/2018","5.05","5.05","5.20","4.80","36.70M","+0.00%"
"10/05/2018","5.05","5.25","5.35","4.90","39.00M","-3.81%"
"10/04/2018","5.25","5.35","5.40","5.10","38.65M","-2.78%"
"10/03/2018","5.40","5.20","5.80","5.10","58.72M","+3.85%"
"10/01/2018","5.20","5.05","5.30","4.65","39.51M","+4.00%"
"09/28/2018","5.00","5.55","5.60","4.85","57.78M","-8.26%"
"09/27/2018","5.45","5.70","5.75","5.40","40.45M","-4.39%"
"09/26/2018","5.70","5.80","5.90","5.45","46.92M","+0.00%"
"09/25/2018","5.70","5.95","6.00","5.50","63.08M","-4.20%"
"09/24/2018","5.95","6.30","6.30","5.90","47.79M","-4.03%"
"09/21/2018","6.20","6.65","6.65","5.90","102.10M","-5.34%"
"09/19/2018","6.55","6.75","6.90","6.45","50.75M","-2.24%"
"09/18/2018","6.70","7.00","7.20","6.60","48.46M","-4.29%"
"09/17/2018","7.00","6.45","7.40","6.40","102.15M","+8.53%"
"09/14/2018","6.45","6.50","6.55","6.40","12.01M","+0.00%"
"09/12/2018","6.45","6.45","6.55","6.25","36.51M","+0.78%"
"09/11/2018","6.40","6.55","6.60","6.35","30.03M","-1.54%"
"09/10/2018","6.50","6.45","6.70","6.40","37.07M","+0.78%"
"09/07/2018","6.45","6.45","6.65","6.35","32.55M","+1.57%"
"09/06/2018","6.35","6.40","6.40","6.25","19.30M","+0.00%"
"09/05/2018","6.35","6.40","6.40","6.10","35.11M","+0.00%"
"09/04/2018","6.35","6.55","6.60","6.30","40.29M","-3.05%"
"09/03/2018","6.55","6.60","6.65","6.50","17.01M","+0.00%"
"08/31/2018","6.55","6.50","6.65","6.50","23.46M","+1.55%"
"08/30/2018","6.45","6.65","6.70","6.40","33.90M","-2.27%"
"08/29/2018","6.60","6.55","6.70","6.55","22.12M","+0.76%"
"08/28/2018","6.55","6.55","6.60","6.45","24.08M","+0.77%"
"08/27/2018","6.50","6.60","6.65","6.50","15.40M","-0.76%"
"08/24/2018","6.55","6.60","6.65","6.50","15.41M","+0.00%"
"08/23/2018","6.55","6.65","6.70","6.55","9.39M","-1.50%"
"08/21/2018","6.65","6.65","6.70","6.50","13.57M","+0.76%"
"08/20/2018","6.60","6.65","6.70","6.50","14.11M","-0.75%"
"08/17/2018","6.65","6.65","6.70","6.60","12.20M","+0.76%"
"08/16/2018","6.60","6.60","6.70","6.45","19.57M","+0.76%"
"08/14/2018","6.55","6.60","6.70","6.55","14.38M","+0.00%"
"08/13/2018","6.55","6.80","6.80","6.50","26.30M","-2.96%"
"08/10/2018","6.75","6.85","7.00","6.70","21.23M","-1.46%"
"08/09/2018","6.85","6.55","7.00","6.50","58.37M","+5.38%"
"08/08/2018","6.50","6.70","6.80","6.50","17.21M","-0.76%"
"08/07/2018","6.55","6.80","6.95","6.50","47.49M","-2.24%"
"08/06/2018","6.70","6.90","7.00","6.65","55.37M","-7.59%"
"08/03/2018","7.25","7.30","7.50","7.20","32.66M","-0.68%"
"08/02/2018","7.30","7.10","7.40","7.00","29.56M","+3.55%"
"08/01/2018","7.05","7.20","7.30","7.00","26.86M","-1.40%"
"07/31/2018","7.15","7.40","7.40","7.10","28.10M","-2.72%"
"07/30/2018","7.35","7.10","7.60","7.05","48.22M","+4.26%"
"07/27/2018","7.05","7.25","7.35","7.00","24.28M","-1.40%"
"07/26/2018","7.15","7.45","7.55","7.05","105.57M","-3.38%"
"07/25/2018","7.40","7.75","7.95","7.30","87.47M","-3.90%"
"07/24/2018","7.70","6.80","7.90","6.75","99.43M","+12.41%"
"07/23/2018","6.85","6.45","6.90","6.45","30.89M","+5.38%"
"07/20/2018","6.50","6.45","6.55","6.40","15.44M","+0.78%"
"07/19/2018","6.45","6.50","6.50","6.30","27.30M","+0.00%"
"07/18/2018","6.45","6.60","6.65","6.40","42.53M","-2.27%"
"07/17/2018","6.60","6.50","6.70","6.45","36.73M","+2.33%"
"07/16/2018","6.45","6.85","6.85","6.40","42.49M","-5.15%"
"07/13/2018","6.80","6.95","7.00","6.75","23.83M","-1.45%"
"07/12/2018","6.90","6.95","7.05","6.75","43.76M","+0.00%"
"07/11/2018","6.90","7.00","7.00","6.85","11.33M","-1.43%"
"07/10/2018","7.00","6.95","7.00","6.90","12.31M","+1.45%"
"07/09/2018","6.90","7.00","7.05","6.85","18.69M","+0.00%"
"07/06/2018","6.90","6.75","7.00","6.70","15.22M","+2.22%"
"07/05/2018","6.75","6.95","7.00","6.70","17.34M","-2.88%"
"07/04/2018","6.95","6.90","7.00","6.75","13.04M","+0.72%"
"07/03/2018","6.90","6.80","7.00","6.65","27.64M","+2.22%"
"07/02/2018","6.75","6.95","7.00","6.70","26.49M","-2.17%"
"06/29/2018","6.90","6.80","7.10","6.80","30.34M","+1.47%"
"06/28/2018","6.80","6.85","6.90","6.65","74.95M","-1.45%"
"06/27/2018","6.90","7.05","7.10","6.85","24.28M","-2.13%"
"06/26/2018","7.05","7.15","7.20","7.00","17.88M","-2.08%"
"06/25/2018","7.20","7.00","7.50","7.00","41.55M","+2.13%"
"06/22/2018","7.05","7.00","7.15","6.80","26.44M","+0.71%"
"06/21/2018","7.00","7.10","7.15","7.00","17.14M","-1.41%"
"06/20/2018","7.10","7.15","7.20","7.05","13.70M","+0.00%"
"06/19/2018","7.10","7.20","7.25","7.05","18.00M","-2.07%"
"06/18/2018","7.25","7.35","7.35","7.20","14.12M","-0.68%"
"06/15/2018","7.30","7.50","7.60","7.25","23.34M","-2.67%"
"06/14/2018","7.50","7.55","7.60","7.30","17.73M","+0.00%"
"06/13/2018","7.50","7.60","7.65","7.45","23.51M","-1.32%"
"06/12/2018","7.60","7.75","7.85","7.55","12.40M","-2.56%"
"06/11/2018","7.80","7.70","8.05","7.60","35.07M","+1.30%"
"06/08/2018","7.70","7.45","7.90","7.30","35.08M","+1.99%"
"06/07/2018","7.55","7.30","7.60","7.30","22.01M","+4.14%"
"06/06/2018","7.25","7.25","7.40","7.05","29.26M","+0.69%"
"06/05/2018","7.20","7.45","7.60","7.10","32.46M","-2.04%"
"06/04/2018","7.35","7.75","7.80","7.25","33.29M","-4.55%"
"06/01/2018","7.70","8.05","8.20","7.55","36.97M","-4.35%"
"05/31/2018","8.05","8.40","8.65","7.95","72.97M","-6.94%"
"05/30/2018","8.65","8.60","8.85","8.55","23.08M","-0.57%"
"05/29/2018","8.70","8.95","9.10","8.65","33.76M","-1.69%"
"05/28/2018","8.85","8.40","8.95","8.30","37.31M","+5.99%"
"05/25/2018","8.35","8.35","8.45","8.20","18.21M","+0.00%"
"05/24/2018","8.35","8.30","8.40","8.15","13.80M","+1.83%"
"05/23/2018","8.20","8.10","8.45","8.05","32.35M","+0.61%"
"05/22/2018","8.15","8.10","8.20","8.00","12.27M","+1.88%"
"05/21/2018","8.00","8.15","8.20","7.90","22.91M","-1.84%"
"05/18/2018","8.15","8.60","8.70","8.10","22.23M","-4.68%"
"05/17/2018","8.55","8.35","8.85","8.15","34.45M","+3.01%"
"05/16/2018","8.30","8.10","8.45","8.00","37.28M","+2.47%"
"05/15/2018","8.10","7.90","9.00","7.85","65.74M","+0.00%"
"05/14/2018","8.10","9.00","9.15","7.80","54.93M","-9.50%"
"05/11/2018","8.95","9.20","9.25","8.85","23.85M","-2.72%"
"05/10/2018","9.20","9.45","9.50","9.15","25.63M","-2.13%"
"05/09/2018","9.40","9.30","9.55","9.30","16.03M","+1.08%"
"05/08/2018","9.30","9.75","9.80","9.20","31.03M","-4.12%"
"05/07/2018","9.70","9.80","9.80","9.65","11.91M","+0.00%"
"05/04/2018","9.70","9.75","9.80","9.65","11.33M","+0.00%"
"05/03/2018","9.70","9.90","9.95","9.65","22.13M","-2.51%"
"05/02/2018","9.95","9.95","10.05","9.85","12.58M","-0.50%"
"04/30/2018","10.00","9.95","10.10","9.90","14.05M","+1.01%"
"04/27/2018","9.90","9.80","10.10","9.80","16.92M","+1.02%"
"04/26/2018","9.80","10.05","10.10","9.75","61.16M","-2.97%"
"04/25/2018","10.10","10.30","10.35","9.95","26.51M","-2.42%"
"04/24/2018","10.35","10.45","10.55","10.30","18.89M","-0.96%"
"04/23/2018","10.45","10.45","10.55","10.30","19.30M","-0.95%"
"04/20/2018","10.55","10.65","10.80","10.45","26.03M","-1.86%"
"04/19/2018","10.75","10.95","11.00","10.65","14.96M","-1.83%"
"04/18/2018","10.95","10.85","10.95","10.70","18.05M","+1.39%"
"04/17/2018","10.80","10.90","10.90","10.70","10.56M","+0.47%"
"04/16/2018","10.75","10.80","10.85","10.65","12.06M","-1.38%"
"04/13/2018","10.90","11.00","11.10","10.85","18.30M","-0.91%"
"04/12/2018","11.00","11.10","11.15","10.95","16.99M","-1.35%"
"04/11/2018","11.15","11.30","11.30","11.05","15.49M","-0.45%"
"04/10/2018","11.20","11.25","11.40","11.05","28.27M","+0.90%"
"04/09/2018","11.10","11.00","11.25","11.00","23.14M","+0.91%"
"04/06/2018","11.00","10.70","11.20","10.50","39.62M","+2.80%"
"04/05/2018","10.70","10.75","10.90","10.60","25.83M","+1.42%"
"04/04/2018","10.55","10.90","10.95","10.45","35.13M","-2.31%"
"04/03/2018","10.80","10.15","10.90","10.10","49.08M","+5.88%"
"04/02/2018","10.20","9.95","10.35","9.90","22.66M","+4.08%"
"03/28/2018","9.80","10.30","10.35","9.75","84.42M","-5.77%"
"03/27/2018","10.40","10.30","10.60","10.30","45.76M","+2.46%"
"03/26/2018","10.15","9.95","10.30","9.90","43.17M","+2.01%"
"03/23/2018","9.95","10.05","10.10","9.90","21.49M","-3.40%"
"03/22/2018","10.30","10.40","10.45","10.25","18.89M","-0.96%"
"03/21/2018","10.40","10.45","10.55","10.35","23.20M","+0.00%"
"03/20/2018","10.40","10.40","10.60","10.25","35.16M","+0.48%"
"03/19/2018","10.35","10.80","10.90","10.30","42.70M","-3.72%"
"03/16/2018","10.75","10.75","11.15","10.65","49.86M","+0.47%"
"03/15/2018","10.70","10.55","10.80","10.50","27.88M","+1.90%"
"03/14/2018","10.50","10.60","10.70","10.40","35.82M","-0.94%"
"03/13/2018","10.60","10.40","10.80","10.40","33.12M","+1.92%"
"03/12/2018","10.40","10.15","10.45","10.15","27.75M","+2.97%"
"03/09/2018","10.10","10.55","10.55","10.05","28.01M","-4.27%"
"03/08/2018","10.55","10.55","10.70","9.75","71.60M","+0.48%"
"03/07/2018","10.50","11.10","11.15","10.45","63.33M","-6.25%"
"03/06/2018","11.20","11.65","11.70","11.05","29.06M","-3.03%"
"03/05/2018","11.55","11.70","11.70","11.45","21.06M","-1.28%"
"03/01/2018","11.70","11.80","11.95","11.65","20.07M","-0.43%"
"02/28/2018","11.75","11.75","11.90","11.65","32.58M","-1.26%"
"02/27/2018","11.90","12.05","12.05","11.75","23.61M","-0.42%"
"02/26/2018","11.95","12.05","12.10","11.85","22.20M","+0.00%"
"02/23/2018","11.95","11.50","12.05","11.45","46.22M","+3.91%"
"02/22/2018","11.50","11.85","11.90","11.40","72.11M","-2.95%"
"02/21/2018","11.85","12.05","12.05","11.85","25.55M","-1.25%"
"02/20/2018","12.00","11.95","12.10","11.90","18.71M","+0.42%"
"02/19/2018","11.95","12.05","12.10","11.80","32.01M","-0.83%"
"02/16/2018","12.05","12.20","12.25","12.00","18.27M","-0.41%"
"02/15/2018","12.10","12.40","12.45","12.00","29.71M","-1.22%"
"02/14/2018","12.25","12.50","12.60","12.20","22.87M","-1.21%"
"02/12/2018","12.40","12.25","12.75","11.95","56.39M","+0.00%"
"02/09/2018","12.40","11.95","12.50","11.80","42.42M","+2.06%"
"02/08/2018","12.15","12.05","12.30","12.00","32.07M","+1.25%"
"02/07/2018","12.00","12.05","12.15","11.90","34.57M","+2.13%"
"02/06/2018","11.75","11.55","11.95","11.05","56.97M","-3.69%"
"02/05/2018","12.20","12.25","12.30","11.60","44.60M","-2.40%"
"02/02/2018","12.50","13.20","13.25","12.30","44.96M","-6.72%"
"02/01/2018","13.40","13.60","13.85","13.20","42.28M","+0.00%"
"01/31/2018","13.40","13.45","13.60","13.35","22.88M","+0.37%"
"01/30/2018","13.35","13.40","13.65","13.25","30.04M","-0.74%"
"01/29/2018","13.45","13.55","13.75","13.35","24.85M","+0.37%"
"01/25/2018","13.40","13.70","13.75","13.30","62.57M","-1.83%"
"01/24/2018","13.65","13.75","13.80","13.60","22.18M","-0.73%"
"01/23/2018","13.75","13.75","13.95","13.70","25.63M","+0.00%"
"01/22/2018","13.75","13.85","13.95","13.60","21.95M","-0.72%"
"01/19/2018","13.85","13.65","13.95","13.40","38.55M","+1.47%"
"01/18/2018","13.65","14.20","14.30","13.45","44.23M","-3.19%"
"01/17/2018","14.10","14.00","14.25","13.35","51.72M","+0.71%"
"01/16/2018","14.00","14.70","14.80","13.90","54.26M","-5.08%"
"01/15/2018","14.75","15.10","15.15","14.65","31.29M","-1.01%"
"01/12/2018","14.90","15.20","15.45","14.55","66.35M","-1.32%"
"01/11/2018","15.10","15.10","15.35","15.00","42.76M","+0.33%"
"01/10/2018","15.05","15.20","15.70","14.90","91.01M","+0.00%"
"01/09/2018","15.05","14.35","15.15","14.25","133.94M","+4.88%"
"01/08/2018","14.35","14.35","14.55","14.30","21.04M","+0.35%"
"01/05/2018","14.30","14.55","14.60","14.25","44.13M","-1.38%"
"01/04/2018","14.50","14.50","14.65","14.35","36.37M","+0.35%"
"01/03/2018","14.45","14.65","14.75","14.35","36.21M","-0.69%"
"01/02/2018","14.55","14.60","14.95","14.10","95.11M","+0.34%"
"01/01/2018","14.50","14.30","15.00","14.20","76.22M","+1.40%"
"12/29/2017","14.30","13.95","14.40","13.90","67.23M","+3.62%"
"12/28/2017","13.80","13.75","14.15","13.75","72.35M","-0.72%"
"12/27/2017","13.90","13.85","14.20","13.80","57.73M","+1.09%"
"12/26/2017","13.75","13.50","13.85","13.45","45.93M","+2.61%"
"12/22/2017","13.40","13.35","13.80","13.30","54.72M","+0.75%"
"12/21/2017","13.30","13.15","13.55","13.05","43.51M","+1.92%"
"12/20/2017","13.05","12.65","13.25","12.65","50.12M","+3.57%"
"12/19/2017","12.60","12.45","12.65","12.40","19.65M","+2.02%"
"12/18/2017","12.35","12.30","12.55","11.95","21.39M","-0.40%"
"12/15/2017","12.40","12.45","12.50","12.30","15.24M","+1.64%"
"12/14/2017","12.20","12.50","12.60","12.10","36.14M","-2.40%"
"12/13/2017","12.50","12.65","12.65","12.45","15.83M","-1.19%"
"12/12/2017","12.65","12.70","12.80","12.60","13.38M","-0.39%"
"12/11/2017","12.70","12.85","12.95","12.65","17.10M","-0.78%"
"12/08/2017","12.80","12.80","12.95","12.75","27.45M","+1.19%"
"12/07/2017","12.65","12.55","12.75","12.50","30.35M","+1.20%"
"12/06/2017","12.50","12.50","12.80","12.30","38.92M","+0.00%"
"12/05/2017","12.50","12.75","12.75","12.40","19.23M","-1.57%"
"12/04/2017","12.70","12.85","12.85","12.60","18.69M","+0.40%"
"12/01/2017","12.65","13.05","13.20","12.55","38.17M","-1.17%"
"11/30/2017","12.80","13.20","13.20","12.65","71.83M","-3.76%"
"11/29/2017","13.30","13.50","13.55","13.15","47.82M","-1.48%"
"11/28/2017","13.50","13.85","13.90","13.40","56.29M","-1.82%"
"11/27/2017","13.75","13.05","13.85","13.00","76.68M","+5.77%"
"11/24/2017","13.00","12.65","13.10","12.65","43.77M","+4.00%"
"11/23/2017","12.50","12.55","12.65","12.40","20.73M","-0.40%"
"11/22/2017","12.55","12.75","12.85","12.55","22.76M","-1.18%"
"11/21/2017","12.70","12.65","12.85","12.45","33.14M","+1.60%"
"11/20/2017","12.50","12.65","12.65","12.40","26.38M","-0.79%"
"11/17/2017","12.60","12.55","12.70","12.45","33.16M","+2.02%"
"11/16/2017","12.35","12.30","12.45","11.75","97.00M","-1.59%"
"11/15/2017","12.55","13.30","13.30","12.45","76.92M","-5.64%"
"11/14/2017","13.30","13.50","13.75","13.20","41.71M","-1.12%"
"11/13/2017","13.45","13.30","13.85","13.20","83.24M","-5.94%"
"11/10/2017","14.30","14.25","14.40","14.10","22.73M","+0.35%"
"11/09/2017","14.25","14.30","14.35","14.00","23.12M","+0.00%"
"11/08/2017","14.25","14.35","14.55","14.10","37.79M","-0.35%"
"11/07/2017","14.30","14.85","14.95","14.10","49.23M","-3.38%"
"11/06/2017","14.80","15.05","15.25","14.70","41.87M","-2.31%"
"11/03/2017","15.15","15.15","15.55","15.05","54.06M","+0.66%"
"11/02/2017","15.05","15.45","15.45","14.90","36.75M","-2.27%"
"11/01/2017","15.40","15.60","15.90","15.30","59.71M","-0.96%"
"10/31/2017","15.55","15.30","15.70","15.20","90.05M","+2.30%"
"10/30/2017","15.20","14.80","15.45","14.75","78.31M","+3.75%"
"10/27/2017","14.65","14.70","14.90","14.60","29.58M","+0.69%"
"10/26/2017","14.55","14.60","14.90","14.45","57.17M","-0.34%"
"10/25/2017","14.60","14.40","14.80","14.25","54.74M","+2.10%"
"10/24/2017","14.30","14.20","14.40","14.10","23.96M","+1.42%"
"10/23/2017","14.10","14.20","14.30","14.05","19.62M","-1.40%"
"10/18/2017","14.30","14.25","14.40","14.15","16.33M","+0.35%"
"10/17/2017","14.25","14.25","14.50","14.10","19.00M","+0.35%"
"10/16/2017","14.20","14.35","14.40","14.20","18.57M","-0.70%"
"10/13/2017","14.30","14.55","14.55","14.25","19.69M","-1.38%"
"10/12/2017","14.50","14.45","14.65","14.20","39.56M","+1.75%"
"10/11/2017","14.25","14.95","15.10","14.15","67.65M","-4.36%"
"10/10/2017","14.90","14.00","15.10","13.95","85.54M","+6.81%"
"10/09/2017","13.95","14.15","14.25","13.90","29.69M","-1.06%"
"10/06/2017","14.10","13.90","14.30","13.90","28.87M","+1.08%"
"10/05/2017","13.95","14.25","14.30","13.55","77.69M","-2.79%"
"10/04/2017","14.35","14.40","14.45","14.30","19.58M","+0.35%"
"10/03/2017","14.30","14.50","14.55","14.25","19.24M","+0.00%"
"09/29/2017","14.30","14.25","14.50","14.20","38.77M","+1.06%"
"09/28/2017","14.15","14.55","14.65","14.00","79.38M","-2.41%"
"09/27/2017","14.50","14.90","14.95","14.45","27.66M","-2.36%"
"09/26/2017","14.85","14.90","14.90","14.65","24.07M","+0.34%"
"09/25/2017","14.80","14.95","15.00","14.65","41.60M","-1.00%"
"09/22/2017","14.95","15.45","15.50","14.90","43.64M","-4.17%"
"09/21/2017","15.60","15.40","15.80","15.25","47.82M","+1.30%"
"09/20/2017","15.40","15.40","15.60","15.35","20.55M","+0.00%"
"09/19/2017","15.40","15.55","15.55","15.25","35.14M","-0.65%"
"09/18/2017","15.50","15.85","15.85","15.45","34.16M","-0.32%"
"09/15/2017","15.55","15.50","15.70","15.45","45.11M","-0.96%"
"09/14/2017","15.70","15.75","15.95","15.55","27.91M","+0.00%"
"09/13/2017","15.70","15.60","16.05","15.55","69.83M","+0.96%"
"09/12/2017","15.55","15.60","15.80","15.25","53.60M","+0.65%"
"09/11/2017","15.45","15.05","16.00","15.00","101.93M","+4.04%"
"09/08/2017","14.85","15.00","15.10","14.80","22.15M","-0.34%"
"09/07/2017","14.90","15.10","15.15","14.90","21.17M","-0.33%"
"09/06/2017","14.95","14.90","15.05","14.85","25.59M","-0.33%"
"09/05/2017","15.00","15.00","15.25","14.90","29.80M","+1.01%"
"09/04/2017","14.85","15.20","15.20","14.70","32.40M","-2.30%"
"09/01/2017","15.20","15.05","15.30","14.95","35.12M","+1.67%"
"08/31/2017","14.95","15.15","15.35","14.75","109.78M","-0.99%"
"08/30/2017","15.10","15.00","15.35","15.00","39.71M","+1.34%"
"08/29/2017","14.90","15.20","15.25","14.85","33.58M","-2.61%"
"08/28/2017","15.30","15.10","15.45","15.05","35.51M","+2.34%"
"08/24/2017","14.95","15.10","15.10","14.80","33.11M","-0.33%"
"08/23/2017","15.00","14.90","15.10","14.80","22.41M","+1.69%"
"08/22/2017","14.75","14.95","15.15","14.60","51.07M","-0.67%"
"08/21/2017","14.85","15.70","15.75","14.70","43.54M","-4.50%"
"08/18/2017","15.55","15.45","15.60","15.20","53.06M","-1.58%"
"08/17/2017","15.80","16.20","16.20","15.65","32.61M","-1.56%"
"08/16/2017","16.05","16.05","16.30","15.70","69.68M","+0.31%"
"08/14/2017","16.00","14.85","16.30","14.85","163.39M","+14.29%"
"08/11/2017","14.00","13.90","14.40","13.25","71.50M","-1.06%"
"08/10/2017","14.15","14.80","15.20","13.85","77.15M","-5.35%"
"08/09/2017","14.95","15.25","15.50","14.65","60.03M","-2.29%"
"08/08/2017","15.30","15.95","16.05","15.20","61.71M","-3.77%"
"08/07/2017","15.90","16.30","16.40","15.80","48.84M","-1.85%"
"08/04/2017","16.20","16.30","16.60","16.10","72.56M","-0.61%"
"08/03/2017","16.30","16.95","17.00","16.20","79.81M","-3.83%"
"08/02/2017","16.95","17.40","17.45","16.90","57.33M","-2.31%"
"08/01/2017","17.35","17.50","17.55","17.30","20.21M","-0.29%"
"07/31/2017","17.40","17.70","17.90","17.35","64.56M","-1.42%"
"07/28/2017","17.65","18.25","18.25","17.55","150.09M","-3.81%"
"07/27/2017","18.35","17.70","18.60","17.45","252.40M","+4.56%"
"07/26/2017","17.55","17.60","18.10","17.45","117.19M","+1.15%"
"07/25/2017","17.35","17.45","17.55","17.25","39.42M","-0.29%"
"07/24/2017","17.40","17.70","17.90","17.30","41.49M","-1.14%"
"07/21/2017","17.60","17.10","17.70","16.95","50.84M","+3.53%"
"07/20/2017","17.00","17.00","17.10","16.90","18.48M","+0.29%"
"07/19/2017","16.95","16.90","17.10","16.70","25.84M","+0.89%"
"07/18/2017","16.80","17.15","17.25","16.75","36.99M","-2.89%"
"07/17/2017","17.30","17.50","17.50","17.20","19.71M","-0.29%"
"07/14/2017","17.35","17.65","17.65","17.25","28.70M","-0.86%"
"07/13/2017","17.50","17.70","17.95","17.45","41.64M","-0.28%"
"07/12/2017","17.55","17.80","18.10","17.45","53.73M","-1.13%"
"07/11/2017","17.75","17.30","18.05","17.10","101.31M","+2.60%"
"07/10/2017","17.30","18.30","18.30","17.10","9.57M","+1.47%"
"07/07/2017","17.05","17.15","17.30","16.95","22.26M","-0.58%"
"07/06/2017","17.15","17.20","17.55","17.10","24.03M","-0.29%"
"07/05/2017","17.20","17.15","17.40","16.95","33.99M","+0.58%"
"07/04/2017","17.10","17.50","17.65","17.05","23.35M","-1.44%"
"07/03/2017","17.35","17.30","17.70","17.20","38.82M","+0.87%"
"06/30/2017","17.20","16.65","17.45","16.55","69.38M","+3.61%"
"06/29/2017","16.60","16.40","16.90","16.00","162.11M","+2.47%"
"06/28/2017","16.20","16.55","16.55","16.15","41.22M","-2.41%"
"06/27/2017","16.60","17.00","17.10","16.50","23.85M","-1.78%"
"06/23/2017","16.90","17.20","17.35","16.80","20.48M","-1.46%"
"06/22/2017","17.15","17.15","17.60","17.10","33.57M","+0.00%"
"06/21/2017","17.15","17.10","17.40","17.10","22.60M","+0.29%"
"06/20/2017","17.10","17.10","17.20","16.90","31.97M","+0.29%"
"06/19/2017","17.05","17.35","17.40","17.00","23.09M","-0.87%"
"06/16/2017","17.20","17.45","17.50","17.10","28.53M","-1.15%"
"06/15/2017","17.40","17.15","17.55","17.10","33.66M","+1.16%"
"06/14/2017","17.20","17.40","17.40","17.05","41.10M","-1.15%"
"06/13/2017","17.40","17.50","17.60","17.30","24.14M","-0.29%"
"06/12/2017","17.45","17.55","17.70","17.35","23.75M","-1.13%"
"06/09/2017","17.65","17.65","17.75","17.55","22.32M","+0.28%"
"06/08/2017","17.60","17.85","17.85","17.50","26.90M","-0.85%"
"06/07/2017","17.75","17.85","18.00","17.70","33.39M","+0.00%"
"06/06/2017","17.75","18.30","18.35","17.70","28.82M","-2.74%"
"06/05/2017","18.25","18.25","18.55","18.15","33.70M","+0.55%"
"06/02/2017","18.15","17.95","18.25","17.95","30.46M","+1.40%"
"06/01/2017","17.90","17.70","18.25","17.70","47.97M","+1.13%"
"05/31/2017","17.70","17.60","17.85","17.60","27.03M","+0.57%"
"05/30/2017","17.60","17.45","17.90","17.20","48.93M","+0.00%"
"05/29/2017","17.60","18.20","18.35","17.50","43.20M","-3.30%"
"05/26/2017","18.20","17.85","18.25","17.65","48.85M","+2.54%"
"05/25/2017","17.75","17.45","18.05","16.95","108.00M","+2.60%"
"05/24/2017","17.30","18.10","18.15","17.20","104.97M","-4.68%"
"05/23/2017","18.15","18.85","19.00","17.85","111.25M","-3.20%"
"05/22/2017","18.75","20.40","20.45","18.50","208.22M","-0.79%"
"05/19/2017","18.90","18.80","19.60","18.70","136.69M","+3.00%"
"05/18/2017","18.35","18.10","19.10","17.95","92.90M","+0.55%"
"05/17/2017","18.25","18.15","18.35","18.00","40.39M","+0.83%"
"05/16/2017","18.10","18.15","18.45","17.85","48.55M","+0.56%"
"05/15/2017","18.00","19.15","19.20","17.70","130.00M","-5.51%"
"05/12/2017","19.05","19.55","19.60","18.95","50.34M","-2.31%"
"05/11/2017","19.50","19.55","19.95","19.45","51.30M","+0.26%"
"05/10/2017","19.45","19.15","19.80","19.10","61.15M","+2.37%"
"05/09/2017","19.00","18.90","19.15","18.85","23.37M","+0.80%"
"05/08/2017","18.85","18.70","18.90","18.65","27.28M","+1.34%"
"05/05/2017","18.60","18.95","19.05","18.55","37.29M","-1.59%"
"05/04/2017","18.90","18.90","19.25","18.85","32.66M","+0.27%"
"05/03/2017","18.85","19.10","19.15","18.80","22.46M","-0.79%"
"05/02/2017","19.00","19.05","19.35","18.90","26.97M","+0.53%"
"04/28/2017","18.90","19.00","19.10","18.85","27.23M","+0.53%"
"04/27/2017","18.80","19.25","19.35","18.75","53.80M","-1.83%"
"04/26/2017","19.15","19.35","19.65","18.80","84.38M","+0.26%"
"04/25/2017","19.10","18.50","19.35","18.35","107.45M","+4.09%"
"04/24/2017","18.35","18.25","18.50","18.20","31.21M","+0.82%"
"04/21/2017","18.20","18.45","18.50","18.15","22.43M","-0.55%"
"04/20/2017","18.30","18.35","18.50","18.25","28.45M","+0.27%"
"04/19/2017","18.25","18.00","18.30","17.85","34.01M","+1.11%"
"04/18/2017","18.05","18.30","18.65","17.95","57.06M","-1.10%"
"04/17/2017","18.25","18.25","18.40","18.05","30.10M","+0.00%"
"04/13/2017","18.25","18.55","18.65","18.25","55.35M","-1.08%"
"04/12/2017","18.45","18.10","18.70","17.95","160.86M","+1.93%"
"04/11/2017","18.10","17.90","18.20","17.90","71.37M","+1.97%"
"04/10/2017","17.75","17.45","18.00","17.35","55.67M","+2.31%"
"04/07/2017","17.35","17.55","17.75","17.15","37.76M","-1.70%"
"04/06/2017","17.65","17.70","17.75","17.50","33.56M","-0.28%"
"04/05/2017","17.70","17.75","17.80","17.65","31.20M","+0.28%"
"04/03/2017","17.65","17.55","17.85","17.50","48.86M","+0.57%"
"03/31/2017","17.55","18.05","18.25","17.40","154.72M","-1.68%"
"03/30/2017","17.85","16.90","17.95","16.85","97.78M","+6.57%"
"03/29/2017","16.75","17.05","17.10","16.65","38.27M","-1.18%"
"03/28/2017","16.95","17.00","17.10","16.90","29.05M","+0.59%"
"03/27/2017","16.85","17.50","17.50","16.75","44.49M","-2.88%"
"03/24/2017","17.35","17.45","17.70","17.30","42.71M","-0.57%"
"03/23/2017","17.45","17.45","17.70","17.30","101.37M","+3.56%"
"03/22/2017","16.85","16.85","17.20","16.65","48.17M","-1.17%"
"03/21/2017","17.05","17.35","17.40","16.80","43.94M","-0.87%"
"03/20/2017","17.20","17.45","18.20","17.00","116.39M","-0.86%"
"03/17/2017","17.35","17.05","17.80","17.00","166.06M","+2.97%"
"03/16/2017","16.85","15.85","17.10","15.70","144.14M","+8.01%"
"03/15/2017","15.60","15.80","15.90","15.55","21.73M","-0.95%"
"03/14/2017","15.75","16.40","16.40","15.70","29.33M","+0.00%"
"03/10/2017","15.75","16.10","16.10","15.55","19.62M","-1.56%"
"03/09/2017","16.00","15.95","16.20","15.90","15.85M","+0.00%"
"03/08/2017","16.00","16.30","16.35","15.95","19.10M","-1.54%"
"03/07/2017","16.25","16.20","16.50","16.10","18.73M","+0.62%"
"03/06/2017","16.15","16.45","16.55","16.10","13.09M","-1.52%"
"03/03/2017","16.40","16.05","16.55","15.85","24.74M","+1.86%"
"03/02/2017","16.10","16.50","16.70","16.05","21.77M","-1.83%"
"03/01/2017","16.40","16.75","16.80","16.30","18.98M","-1.20%"
"02/28/2017","16.60","16.15","16.80","16.00","29.98M","+3.43%"
"02/27/2017","16.05","16.55","16.65","16.00","30.37M","-3.02%"
"02/23/2017","16.55","16.45","16.90","16.45","51.96M","+1.53%"
"02/22/2017","16.30","16.00","16.45","16.00","36.95M","+2.19%"
"02/21/2017","15.95","15.80","16.15","15.70","24.83M","+1.59%"
"02/20/2017","15.70","15.70","15.95","15.60","15.11M","+0.96%"
"02/17/2017","15.55","15.85","15.95","15.50","25.86M","-0.96%"
"02/16/2017","15.70","15.25","15.80","15.15","31.49M","+2.95%"
"02/15/2017","15.25","15.60","15.80","15.10","50.02M","-2.87%"
"02/14/2017","15.70","16.55","16.65","15.65","45.70M","-5.14%"
"02/13/2017","16.55","17.45","17.60","16.40","121.22M","+4.75%"
"02/10/2017","15.80","15.85","16.15","15.65","39.81M","+0.64%"
"02/09/2017","15.70","15.45","16.00","15.35","59.95M","+2.95%"
"02/08/2017","15.25","14.55","15.40","14.55","43.07M","+4.81%"
"02/07/2017","14.55","14.80","14.85","14.40","18.47M","-0.68%"
"02/06/2017","14.65","14.80","14.95","14.50","25.75M","+0.34%"
"02/03/2017","14.60","14.80","15.00","14.40","38.47M","-1.35%"
"02/02/2017","14.80","15.05","15.30","14.75","21.03M","-1.00%"
"02/01/2017","14.95","15.75","16.15","14.80","57.66M","-4.78%"
"01/31/2017","15.70","16.00","16.10","15.65","20.90M","-1.57%"
"01/30/2017","15.95","16.10","16.30","15.90","19.65M","-0.31%"
"01/27/2017","16.00","16.00","16.35","15.80","32.05M","+1.27%"
"01/25/2017","15.80","15.75","16.00","15.55","21.15M","+1.28%"
"01/24/2017","15.60","16.05","16.30","15.45","36.39M","-2.80%"
"01/23/2017","16.05","16.05","16.55","16.00","51.44M","+0.63%"
"01/20/2017","15.95","15.85","16.55","15.60","117.15M","+1.27%"
"01/19/2017","15.75","14.40","16.00","14.40","84.66M","+9.37%"
"01/18/2017","14.40","14.40","14.65","14.30","20.77M","+0.70%"
"01/17/2017","14.30","14.25","14.50","14.20","24.35M","+2.51%"
"01/16/2017","13.95","13.80","14.20","13.75","14.16M","+1.09%"
"01/13/2017","13.80","13.95","14.00","13.75","11.66M","-0.72%"
"01/12/2017","13.90","14.10","14.30","13.80","15.69M","-1.07%"
"01/11/2017","14.05","13.80","14.40","13.75","43.92M","+2.55%"
"01/10/2017","13.70","13.75","13.80","13.65","8.80M","-0.36%"
"01/09/2017","13.75","13.60","13.90","13.45","20.45M","+2.23%"
"01/06/2017","13.45","13.90","14.00","13.40","21.01M","-3.24%"
"01/05/2017","13.90","13.90","14.05","13.75","16.02M","+1.09%"
"01/04/2017","13.75","13.15","13.85","13.15","24.50M","+4.96%"
"01/03/2017","13.10","13.10","13.20","12.95","8.28M","+1.55%"
"01/02/2017","12.90","12.65","13.00","12.65","8.31M","+1.98%"
"12/30/2016","12.65","12.60","12.85","12.55","10.60M","+0.80%"
"12/29/2016","12.55","12.50","12.65","12.50","6.10M","+0.00%"
"12/28/2016","12.55","12.65","12.75","12.55","8.96M","-0.79%"
"12/27/2016","12.65","12.55","12.70","12.55","6.98M","+0.80%"
"12/26/2016","12.55","12.80","12.80","12.55","6.98M","-1.95%"
"12/23/2016","12.80","12.95","13.05","12.80","10.34M","-0.39%"
"12/22/2016","12.85","12.85","13.05","12.65","15.51M","+0.00%"
"12/21/2016","12.85","13.05","13.10","12.80","9.39M","-1.15%"
"12/20/2016","13.00","13.20","13.20","12.95","6.30M","-1.14%"
"12/19/2016","13.15","13.25","13.25","13.10","4.50M","-0.38%"
"12/16/2016","13.20","13.20","13.30","13.10","9.07M","+0.00%"
"12/15/2016","13.20","13.10","13.35","13.05","8.60M","+0.00%"
"12/14/2016","13.20","13.55","13.55","13.20","12.69M","-1.86%"
"12/13/2016","13.45","13.60","13.60","13.30","7.56M","+0.00%"
"12/12/2016","13.45","13.65","13.65","13.40","8.63M","-0.74%"
"12/09/2016","13.55","13.85","13.90","13.50","14.45M","-1.09%"
"12/08/2016","13.70","13.40","13.85","13.40","14.32M","+3.01%"
"12/07/2016","13.30","13.50","13.55","13.25","10.87M","-0.75%"
"12/06/2016","13.40","13.55","13.65","13.30","9.71M","-0.37%"
"12/05/2016","13.45","13.50","13.55","13.40","5.89M","+0.00%"
"12/02/2016","13.45","13.55","13.70","13.35","12.21M","-1.10%"
"12/01/2016","13.60","13.65","13.80","13.45","13.97M","+0.00%"
"11/30/2016","13.60","13.75","13.75","13.45","12.05M","+0.00%"
"11/29/2016","13.60","13.75","13.90","13.60","10.40M","-0.37%"
"11/28/2016","13.65","13.40","13.75","13.25","17.34M","+2.25%"
"11/25/2016","13.35","13.35","13.45","13.15","10.08M","+1.14%"
"11/24/2016","13.20","12.95","13.50","12.80","22.70M","+1.54%"
"11/23/2016","13.00","13.20","13.20","12.90","12.45M","+0.78%"
"11/22/2016","12.90","13.00","13.10","12.60","22.76M","+0.78%"
"11/21/2016","12.80","13.70","13.70","12.70","27.47M","-5.54%"
"11/18/2016","13.55","13.40","13.70","13.20","25.68M","+2.26%"
"11/17/2016","13.25","13.75","13.85","13.20","26.66M","-2.57%"
"11/16/2016","13.60","14.30","14.45","13.50","40.06M","-3.20%"
"11/15/2016","14.05","14.70","14.70","13.75","74.91M","+5.24%"
"11/11/2016","13.35","13.75","14.00","13.30","24.93M","-3.26%"
"11/10/2016","13.80","13.35","13.90","13.15","26.85M","+5.75%"
"11/09/2016","13.05","11.95","13.15","11.00","25.61M","-2.61%"
"11/08/2016","13.40","13.60","13.65","13.30","11.26M","-1.11%"
"11/07/2016","13.55","13.25","13.85","13.20","22.34M","+2.65%"
"11/04/2016","13.20","13.50","13.55","13.10","14.46M","-1.49%"
"11/03/2016","13.40","13.50","13.65","13.35","8.31M","-0.74%"
"11/02/2016","13.50","13.70","13.75","13.45","10.93M","-2.53%"
"11/01/2016","13.85","14.30","14.30","13.80","10.33M","-0.36%"
"10/28/2016","13.90","13.50","14.05","13.35","24.64M","+3.73%"
"10/27/2016","13.40","13.50","13.65","13.30","8.61M","-0.74%"
"10/26/2016","13.50","13.50","13.95","13.40","15.44M","+0.37%"
"10/25/2016","13.45","13.65","13.70","13.40","7.91M","-1.10%"
"10/24/2016","13.60","13.70","13.75","13.55","7.11M","+0.00%"
"10/21/2016","13.60","13.95","14.05","13.55","15.14M","-2.16%"
"10/20/2016","13.90","13.95","14.15","13.85","24.93M","+2.58%"
"10/19/2016","13.55","13.25","14.05","13.20","39.65M","+2.65%"
"10/18/2016","13.20","13.20","13.35","13.15","16.55M","+0.00%"
"10/17/2016","13.20","13.30","13.40","13.15","13.62M","-1.49%"
"10/14/2016","13.40","13.60","13.65","13.25","11.94M","-0.74%"
"10/13/2016","13.50","13.65","14.10","13.40","20.02M","-0.74%"
"10/10/2016","13.60","13.30","13.75","13.30","12.77M","+3.03%"
"10/07/2016","13.20","13.45","13.55","13.10","23.97M","-1.49%"
"10/06/2016","13.40","13.85","13.90","13.30","19.02M","-2.19%"
"10/05/2016","13.70","13.85","13.90","13.65","13.85M","-0.36%"
"10/04/2016","13.75","14.00","14.00","13.70","12.52M","-1.08%"
"10/03/2016","13.90","13.75","14.00","13.75","9.83M","+1.83%"
"09/30/2016","13.65","13.40","13.70","13.35","15.29M","+2.63%"
"09/29/2016","13.30","14.30","14.30","12.95","35.54M","-6.01%"
"09/28/2016","14.15","14.30","14.40","14.15","24.15M","-1.05%"
"09/27/2016","14.30","14.50","14.80","14.25","17.06M","-0.69%"
"09/26/2016","14.40","14.80","14.80","14.40","9.29M","-1.37%"
"09/23/2016","14.60","14.60","15.00","14.50","19.25M","+0.00%"
"09/22/2016","14.60","14.75","14.80","14.55","9.49M","+0.34%"
"09/21/2016","14.55","14.60","14.75","14.50","12.17M","-0.34%"
"09/20/2016","14.60","14.80","14.85","14.60","10.77M","-1.02%"
"09/19/2016","14.75","15.00","15.15","14.70","17.93M","-0.34%"
"09/16/2016","14.80","14.70","15.25","14.45","40.87M","+1.02%"
"09/15/2016","14.65","14.75","14.90","14.30","35.15M","-0.68%"
"09/14/2016","14.75","14.85","15.05","14.35","49.60M","-6.94%"
"09/12/2016","15.85","16.00","16.40","15.75","35.46M","-3.65%"
"09/09/2016","16.45","16.00","16.85","15.65","67.24M","+2.81%"
"09/08/2016","16.00","15.45","16.15","15.25","59.52M","+7.38%"
"09/07/2016","14.90","14.95","15.10","14.80","16.40M","+0.00%"
"09/06/2016","14.90","14.45","15.15","14.40","32.01M","+3.11%"
"09/02/2016","14.45","14.40","14.50","14.35","8.28M","+0.35%"
"09/01/2016","14.40","14.45","14.60","14.30","11.21M","-0.69%"
"08/31/2016","14.50","14.65","14.70","14.45","13.41M","-1.02%"
"08/30/2016","14.65","14.50","14.85","14.40","11.29M","+1.38%"
"08/29/2016","14.45","14.85","14.90","14.40","16.09M","-2.36%"
"08/26/2016","14.80","14.95","15.00","14.80","7.57M","-1.00%"
"08/25/2016","14.95","15.15","15.15","14.90","8.52M","-0.99%"
"08/24/2016","15.10","15.15","15.30","15.05","7.84M","-0.33%"
"08/23/2016","15.15","15.10","15.25","15.00","10.40M","+0.33%"
"08/22/2016","15.10","15.25","15.30","15.05","7.03M","-0.33%"
"08/19/2016","15.15","15.30","15.40","15.10","12.22M","-0.98%"
"08/18/2016","15.30","15.55","15.80","15.30","12.87M","-0.65%"
"08/17/2016","15.40","15.20","15.55","15.10","16.13M","+1.99%"
"08/16/2016","15.10","15.25","15.30","15.00","13.07M","-0.66%"
"08/12/2016","15.20","15.30","15.40","15.15","8.90M","-0.65%"
"08/11/2016","15.30","15.45","15.50","15.05","9.28M","+0.00%"
"08/10/2016","15.30","15.45","15.45","15.10","12.92M","-0.65%"
"08/09/2016","15.40","15.65","15.65","15.35","10.69M","-0.65%"
"08/08/2016","15.50","15.85","15.85","15.50","10.59M","-1.59%"
"08/05/2016","15.75","15.30","16.15","15.25","32.54M","+5.70%"
"08/04/2016","14.90","15.30","15.40","14.90","19.57M","-1.65%"
"08/03/2016","15.15","15.65","15.70","15.05","13.79M","-2.57%"
"08/02/2016","15.55","15.90","15.90","15.50","9.80M","-1.27%"
"08/01/2016","15.75","16.15","16.20","15.65","16.02M","-1.56%"
"07/29/2016","16.00","16.15","16.25","15.90","12.68M","+0.95%"
"07/28/2016","15.85","15.85","16.05","15.75","14.63M","+0.96%"
"07/27/2016","15.70","16.20","16.25","15.60","21.27M","-2.48%"
"07/26/2016","16.10","16.55","16.55","16.05","14.68M","-2.13%"
"07/25/2016","16.45","16.65","16.65","16.35","16.01M","-0.60%"
"07/22/2016","16.55","16.65","16.75","16.50","16.87M","-0.30%"
"07/21/2016","16.60","16.80","17.10","16.55","21.86M","-0.60%"
"07/20/2016","16.70","16.60","16.75","16.40","14.13M","+1.21%"
"07/19/2016","16.50","16.70","16.75","16.40","18.21M","-0.60%"
"07/18/2016","16.60","16.80","17.15","16.55","26.31M","-0.30%"
"07/15/2016","16.65","17.00","17.00","16.60","18.88M","-1.77%"
"07/14/2016","16.95","16.90","17.10","16.85","19.31M","+1.19%"
"07/13/2016","16.75","17.20","17.20","16.65","26.84M","-2.62%"
"07/12/2016","17.20","17.20","17.55","17.05","53.82M","+0.88%"
"07/11/2016","17.05","16.35","17.20","16.20","73.45M","+5.90%"
"07/08/2016","16.10","16.35","16.55","16.10","24.13M","+1.26%"
"07/07/2016","15.90","16.05","16.20","15.80","15.30M","-0.62%"
"07/05/2016","16.00","15.90","16.25","15.80","25.06M","+0.63%"
"07/04/2016","15.90","15.95","16.15","15.80","20.17M","+0.63%"
"07/01/2016","15.80","16.00","16.30","15.75","18.45M","-1.25%"
"06/30/2016","16.00","15.95","16.30","15.75","27.52M","+1.91%"
"06/29/2016","15.70","15.90","16.00","15.65","16.64M","-0.63%"
"06/28/2016","15.80","15.70","16.00","15.70","17.66M","+1.28%"
"06/27/2016","15.60","15.45","15.75","15.40","18.45M","+1.30%"
"06/24/2016","15.40","14.95","15.45","14.65","63.13M","-1.60%"
"06/23/2016","15.65","15.70","15.90","15.45","24.60M","-0.63%"
"06/22/2016","15.75","16.05","16.15","15.65","19.03M","-2.78%"
"06/21/2016","16.20","16.20","16.35","16.05","20.65M","+1.25%"
"06/20/2016","16.00","16.05","16.45","15.95","37.93M","-1.23%"
"06/17/2016","16.20","16.55","16.75","16.00","36.30M","-0.92%"
"06/16/2016","16.35","16.60","16.65","15.70","62.07M","-1.80%"
"06/15/2016","16.65","16.65","16.95","16.55","50.26M","+1.22%"
"06/14/2016","16.45","16.05","16.55","15.95","59.15M","+5.79%"
"06/13/2016","15.55","15.60","15.90","15.45","32.19M","-1.89%"
"06/10/2016","15.85","15.80","16.25","15.50","60.96M","+1.93%"
"06/09/2016","15.55","15.35","15.80","15.15","64.34M","+4.01%"
"06/08/2016","14.95","14.65","15.20","14.60","46.92M","+3.10%"
"06/07/2016","14.50","14.30","14.70","14.25","20.92M","+1.75%"
"06/06/2016","14.25","14.30","14.45","14.20","19.83M","+1.42%"
"06/03/2016","14.05","14.40","14.45","14.00","18.38M","-1.40%"
"06/02/2016","14.25","13.95","14.30","13.75","28.66M","+2.89%"
"06/01/2016","13.85","14.65","14.70","13.70","39.44M","-5.14%"
"05/31/2016","14.60","15.45","15.50","14.55","55.55M","-2.01%"
"05/30/2016","14.90","15.15","15.25","14.50","48.26M","+0.00%"
"05/27/2016","14.90","14.25","15.00","14.15","56.43M","+5.30%"
"05/26/2016","14.15","14.00","14.30","14.00","19.91M","+2.91%"
"05/25/2016","13.75","13.75","13.90","13.65","16.39M","+1.48%"
"05/24/2016","13.55","13.70","13.70","13.40","16.58M","-0.73%"
"05/23/2016","13.65","13.95","14.05","13.60","15.78M","-1.09%"
"05/20/2016","13.80","13.90","14.15","13.75","20.17M","-0.36%"
"05/19/2016","13.85","14.25","14.35","13.75","30.69M","-3.15%"
"05/18/2016","14.30","13.80","14.45","13.70","33.85M","+2.88%"
"05/17/2016","13.90","13.75","14.25","13.75","27.58M","+1.09%"
"05/16/2016","13.75","13.70","13.80","13.50","19.17M","+2.23%"
"05/13/2016","13.45","13.45","13.55","13.25","13.80M","-0.74%"
"05/12/2016","13.55","13.45","13.70","13.40","14.52M","+1.50%"
"05/11/2016","13.35","13.40","13.60","13.25","13.29M","-2.20%"
"05/10/2016","13.65","13.55","13.75","13.40","16.37M","+1.49%"
"05/09/2016","13.45","13.35","13.70","13.10","20.47M","+3.07%"
"05/06/2016","13.05","13.50","13.75","12.85","31.91M","-2.97%"
"05/05/2016","13.45","13.55","13.65","13.40","15.93M","+0.00%"
"05/04/2016","13.45","13.65","13.75","13.40","26.53M","-2.18%"
"05/03/2016","13.75","14.25","14.45","13.70","42.74M","-3.51%"
"05/02/2016","14.25","13.70","14.35","13.30","53.93M","+3.64%"
"04/29/2016","13.75","13.10","14.00","12.95","66.32M","+5.36%"
"04/28/2016","13.05","13.45","13.85","12.95","43.54M","-1.14%"
"04/27/2016","13.20","13.35","13.40","13.15","18.13M","-0.75%"
"04/26/2016","13.30","13.40","13.50","13.20","22.50M","-0.75%"
"04/25/2016","13.40","13.60","13.80","13.35","26.96M","-1.47%"
"04/22/2016","13.60","13.85","13.90","13.55","17.34M","-1.81%"
"04/21/2016","13.85","14.30","14.35","13.80","24.97M","-3.15%"
"04/20/2016","14.30","14.25","14.55","14.10","39.99M","+2.14%"
"04/18/2016","14.00","13.75","14.10","13.65","43.78M","+4.87%"
"04/13/2016","13.35","13.35","13.55","13.30","22.98M","+0.75%"
"04/12/2016","13.25","13.20","13.60","13.10","32.34M","+0.38%"
"04/11/2016","13.20","13.05","13.30","13.00","23.84M","+1.93%"
"04/08/2016","12.95","13.05","13.10","12.85","14.31M","-0.77%"
"04/07/2016","13.05","12.95","13.40","12.95","23.96M","+1.16%"
"04/06/2016","12.90","12.65","13.00","12.45","22.87M","+1.98%"
"04/05/2016","12.65","13.05","13.05","12.55","22.15M","-3.44%"
"04/04/2016","13.10","13.15","13.20","12.90","15.97M","+0.77%"
"04/01/2016","13.00","12.95","13.25","12.80","23.57M","-0.38%"
"03/31/2016","13.05","12.80","13.15","12.50","46.04M","+2.35%"
"03/30/2016","12.75","12.05","12.85","12.05","57.22M","+8.05%"
"03/29/2016","11.80","11.90","12.05","11.75","28.57M","-0.84%"
"03/28/2016","11.90","12.35","12.40","11.85","31.63M","-3.64%"
"03/23/2016","12.35","12.45","12.45","12.15","25.60M","+0.41%"
"03/22/2016","12.30","12.05","12.45","11.90","43.58M","+2.93%"
"03/21/2016","11.95","12.05","12.10","11.90","29.56M","+0.00%"
"03/18/2016","11.95","12.40","12.50","11.85","40.54M","-2.45%"
"03/17/2016","12.25","12.55","12.75","12.15","40.44M","-1.21%"
"03/16/2016","12.40","12.65","12.65","12.30","29.19M","-1.98%"
"03/15/2016","12.65","13.15","13.15","12.65","29.29M","-3.07%"
"03/14/2016","13.05","13.15","13.20","13.00","27.12M","+0.77%"
"03/11/2016","12.95","13.05","13.20","12.80","23.27M","-0.77%"
"03/10/2016","13.05","13.40","13.70","13.00","39.53M","-1.88%"
"03/09/2016","13.30","13.20","13.50","12.90","31.13M","+0.00%"
"03/08/2016","13.30","13.80","13.95","13.20","38.12M","-3.27%"
"03/04/2016","13.75","13.95","14.05","13.60","44.08M","+0.00%"
"03/03/2016","13.75","12.75","14.05","12.65","92.19M","+8.70%"
"03/02/2016","12.65","12.65","12.80","12.45","34.18M","+2.43%"
"03/01/2016","12.35","12.55","12.80","12.25","36.38M","-0.40%"
"02/29/2016","12.40","12.30","12.90","12.20","57.54M","+1.22%"
"02/26/2016","12.25","12.25","12.35","12.05","21.56M","+1.66%"
"02/25/2016","12.05","12.25","12.30","12.05","17.89M","-0.82%"
"02/24/2016","12.15","12.10","12.35","12.05","21.83M","+0.41%"
"02/23/2016","12.10","12.40","12.50","12.05","22.62M","-1.22%"
"02/22/2016","12.25","12.20","12.55","12.05","20.13M","+1.66%"
"02/19/2016","12.05","12.10","12.45","12.00","25.20M","-1.23%"
"02/18/2016","12.20","12.50","12.65","12.05","24.64M","+0.00%"
"02/17/2016","12.20","12.55","12.55","12.00","36.08M","-3.17%"
"02/16/2016","12.60","13.25","13.25","12.45","31.48M","-3.45%"
"02/15/2016","13.05","12.90","13.30","12.85","34.14M","+4.82%"
"02/12/2016","12.45","12.05","12.65","11.75","61.43M","+5.06%"
"02/11/2016","11.85","12.50","12.65","11.75","65.18M","-5.20%"
"02/10/2016","12.50","13.75","13.75","12.25","129.80M","-9.75%"
"02/09/2016","13.85","14.15","14.60","13.75","44.35M","-4.15%"
"02/08/2016","14.45","14.80","14.90","14.20","40.70M","+0.00%"
"02/05/2016","14.45","13.45","14.75","13.05","76.76M","+9.47%"
"02/04/2016","13.20","14.20","14.30","12.65","116.52M","-4.00%"
"02/03/2016","13.75","15.15","15.30","12.65","270.98M","-11.58%"
"02/02/2016","15.55","17.10","17.30","15.40","92.40M","-9.06%"
"02/01/2016","17.10","18.80","19.00","17.00","52.12M","-8.31%"
"01/29/2016","18.65","17.40","18.80","17.30","51.62M","+7.80%"
"01/28/2016","17.30","16.75","17.45","16.65","23.23M","+3.90%"
"01/27/2016","16.65","17.20","17.20","16.55","40.74M","-1.48%"
"01/25/2016","16.90","17.50","17.80","16.85","35.19M","-2.31%"
"01/22/2016","17.30","17.25","17.50","17.20","23.26M","+1.47%"
"01/21/2016","17.05","17.55","17.75","16.95","39.35M","-1.16%"
"01/20/2016","17.25","17.80","17.80","17.15","44.12M","-3.90%"
"01/19/2016","17.95","17.45","18.20","17.35","27.55M","+3.76%"
"01/18/2016","17.30","18.40","18.40","16.90","37.96M","-4.68%"
"01/15/2016","18.15","18.80","19.35","17.95","35.63M","-2.16%"
"01/14/2016","18.55","18.45","19.00","18.25","22.03M","-2.62%"
"01/13/2016","19.05","19.35","19.40","18.25","54.61M","+0.26%"
"01/12/2016","19.00","19.55","19.75","18.90","33.76M","-2.06%"
"01/11/2016","19.40","19.40","20.15","19.20","40.86M","-2.27%"
"01/08/2016","19.85","19.45","20.30","19.45","41.08M","+3.12%"
"01/07/2016","19.25","19.75","19.95","19.15","40.43M","-5.17%"
"01/06/2016","20.30","21.05","21.10","20.20","30.45M","-3.56%"
"01/05/2016","21.05","21.10","21.35","20.90","49.14M","+0.72%"
"01/04/2016","20.90","20.05","21.05","19.95","66.23M","+4.24%"
"01/01/2016","20.05","19.20","20.20","19.00","39.09M","+4.70%"
"12/31/2015","19.15","19.00","19.30","18.70","22.53M","+0.52%"
"12/30/2015","19.05","19.25","19.35","18.95","17.02M","-0.26%"
"12/29/2015","19.10","19.40","19.40","19.05","13.55M","-1.29%"
"12/28/2015","19.35","19.35","19.50","19.30","16.28M","+1.04%"
"12/24/2015","19.15","19.30","19.35","19.10","14.95M","+0.52%"
"12/23/2015","19.05","19.40","19.40","19.00","15.72M","-1.30%"
"12/22/2015","19.30","19.65","19.65","19.25","22.81M","-1.28%"
"12/21/2015","19.55","19.55","19.80","19.45","22.17M","+0.26%"
"12/18/2015","19.50","19.35","19.85","19.10","33.28M","+0.78%"
"12/17/2015","19.35","19.55","19.65","19.10","45.04M","+2.93%"
"12/16/2015","18.80","19.00","19.30","18.80","23.21M","-1.05%"
"12/15/2015","19.00","19.30","19.35","18.80","19.32M","-1.55%"
"12/14/2015","19.30","19.30","19.50","19.15","15.64M","+0.78%"
"12/11/2015","19.15","19.50","19.50","18.95","20.18M","-1.29%"
"12/10/2015","19.40","19.45","19.55","19.10","23.95M","+2.11%"
"12/09/2015","19.00","19.65","19.70","18.80","32.16M","-3.06%"
"12/08/2015","19.60","20.10","20.25","19.50","20.73M","-2.49%"
"12/07/2015","20.10","20.70","21.05","20.00","36.65M","-1.71%"
"12/04/2015","20.45","20.40","20.95","20.35","32.78M","+0.00%"
"12/03/2015","20.45","20.50","21.00","20.40","35.18M","+0.00%"
"12/02/2015","20.45","20.85","20.90","20.40","29.10M","-1.92%"
"12/01/2015","20.85","20.20","21.20","20.10","82.55M","+4.51%"
"11/30/2015","19.95","20.00","20.15","19.90","21.77M","+0.25%"
"11/27/2015","19.90","20.20","20.30","19.80","24.33M","-1.24%"
"11/26/2015","20.15","20.20","20.45","20.00","23.61M","-0.98%"
"11/24/2015","20.35","20.20","20.55","20.15","19.74M","+0.74%"
"11/23/2015","20.20","20.45","20.70","20.10","22.11M","-0.49%"
"11/20/2015","20.30","20.10","20.65","20.00","32.19M","+1.75%"
"11/19/2015","19.95","19.75","20.30","19.65","35.58M","+0.50%"
"11/18/2015","19.85","20.20","20.30","19.70","19.96M","-0.75%"
"11/17/2015","20.00","20.55","20.70","19.90","28.77M","-1.96%"
"11/16/2015","20.40","20.50","20.60","20.10","18.40M","-0.49%"
"11/13/2015","20.50","20.25","20.75","20.00","29.24M","+0.49%"
"11/11/2015","20.40","20.00","20.50","19.95","11.58M","+3.55%"
"11/10/2015","19.70","19.95","20.25","19.45","41.85M","-1.01%"
"11/09/2015","19.90","19.20","20.00","18.70","52.61M","+0.25%"
"11/06/2015","19.85","19.95","20.25","19.65","32.52M","-0.25%"
"11/05/2015","19.90","20.75","20.90","19.80","43.78M","-4.10%"
"11/04/2015","20.75","21.40","21.60","20.70","36.11M","-1.66%"
"11/03/2015","21.10","22.30","22.50","21.05","49.32M","-5.38%"
"11/02/2015","22.30","22.05","23.20","21.85","72.19M","-1.33%"
"10/30/2015","22.60","22.35","23.05","22.15","94.51M","+2.26%"
"10/29/2015","22.10","21.50","22.50","21.45","45.36M","+3.27%"
"10/28/2015","21.40","21.55","21.80","21.30","18.78M","-0.93%"
"10/27/2015","21.60","22.00","22.15","21.50","33.03M","-1.37%"
"10/26/2015","21.90","21.30","22.05","21.15","43.06M","+3.30%"
"10/23/2015","21.20","22.15","22.15","21.10","27.14M","-3.64%"
"10/21/2015","22.00","22.45","22.50","21.60","31.43M","-2.22%"
"10/20/2015","22.50","22.00","22.80","21.85","76.60M","+2.74%"
"10/19/2015","21.90","22.20","22.40","21.75","23.24M","-0.90%"
"10/16/2015","22.10","23.05","23.10","21.95","41.92M","-2.86%"
"10/15/2015","22.75","22.15","23.05","22.05","41.49M","+3.88%"
"10/14/2015","21.90","21.80","22.35","21.60","27.82M","+1.39%"
"10/13/2015","21.60","21.95","22.00","21.45","23.39M","-0.69%"
"10/12/2015","21.75","22.15","22.45","21.60","41.86M","-0.91%"
"10/09/2015","21.95","21.10","22.65","20.85","93.01M","+7.86%"
"10/08/2015","20.35","20.80","20.90","20.15","22.51M","-1.45%"
"10/07/2015","20.65","20.60","20.85","20.30","25.94M","+0.98%"
"10/06/2015","20.45","20.35","20.85","20.25","34.70M","+2.51%"
"10/05/2015","19.95","19.75","20.20","19.75","20.93M","+2.31%"
"10/01/2015","19.50","19.50","19.95","19.25","25.72M","+1.83%"
"09/30/2015","19.15","18.70","19.20","18.70","21.63M","+3.23%"
"09/29/2015","18.55","18.25","18.80","18.20","23.06M","+0.00%"
"09/28/2015","18.55","18.85","18.95","18.50","11.96M","-0.80%"
"09/24/2015","18.70","18.80","19.00","18.65","16.81M","+0.27%"
"09/23/2015","18.65","18.80","19.35","18.50","35.56M","-1.84%"
"09/22/2015","19.00","20.10","20.10","18.80","22.37M","-4.52%"
"09/21/2015","19.90","19.30","20.00","19.25","16.20M","+1.53%"
"09/18/2015","19.60","19.75","20.35","19.50","19.73M","+0.77%"
"09/16/2015","19.45","19.85","19.95","19.35","14.31M","-0.51%"
"09/15/2015","19.55","20.40","20.50","19.45","16.05M","-4.40%"
"09/14/2015","20.45","20.50","20.60","20.15","24.35M","+0.99%"
"09/11/2015","20.25","20.15","20.40","19.95","29.91M","+1.50%"
"09/10/2015","19.95","19.65","20.00","19.20","35.20M","-0.75%"
"09/09/2015","20.10","18.90","20.30","18.70","58.62M","+8.94%"
"09/08/2015","18.45","18.35","18.80","17.55","33.69M","+1.10%"
"09/07/2015","18.25","19.30","19.30","18.10","29.61M","-4.70%"
"09/04/2015","19.15","20.00","20.05","19.00","26.57M","-5.20%"
"09/03/2015","20.20","19.90","20.50","19.65","22.16M","+2.54%"
"09/02/2015","19.70","20.00","20.10","19.60","24.21M","+0.25%"
"09/01/2015","19.65","20.00","20.30","19.40","24.00M","-3.20%"
"08/31/2015","20.30","20.25","20.50","19.95","16.93M","+0.00%"
"08/28/2015","20.30","21.00","21.20","20.20","24.93M","-0.98%"
"08/27/2015","20.50","20.55","20.85","20.20","15.71M","+3.27%"
"08/26/2015","19.85","19.95","20.55","19.40","24.77M","-1.00%"
"08/25/2015","20.05","19.85","21.05","18.20","64.75M","+2.56%"
"08/24/2015","19.55","21.20","21.80","19.25","57.49M","-12.92%"
"08/21/2015","22.45","22.05","22.70","21.80","31.12M","-1.97%"
"08/20/2015","22.90","22.70","23.85","22.55","89.55M","+0.66%"
"08/19/2015","22.75","21.85","23.30","21.70","47.17M","+4.36%"
"08/18/2015","21.80","21.90","22.45","21.75","21.52M","+0.23%"
"08/17/2015","21.75","22.50","22.60","21.60","19.51M","-3.76%"
"08/14/2015","22.60","22.50","22.90","22.45","29.08M","+1.12%"
"08/13/2015","22.35","22.25","22.80","22.15","33.02M","+1.59%"
"08/12/2015","22.00","21.50","22.75","21.15","55.91M","+1.62%"
"08/11/2015","21.65","22.85","22.85","21.55","35.36M","-4.42%"
"08/10/2015","22.65","23.30","23.60","22.55","48.21M","-1.95%"
"08/07/2015","23.10","23.85","24.20","22.90","48.12M","-3.14%"
"08/06/2015","23.85","24.95","25.70","23.60","87.58M","-3.83%"
"08/05/2015","24.80","22.55","25.05","22.45","149.73M","+10.71%"
"08/04/2015","22.40","22.65","22.95","22.00","46.36M","+0.00%"
"08/03/2015","22.40","21.50","23.80","21.35","173.38M","+11.44%"
"07/31/2015","20.10","20.35","21.05","19.70","50.03M","+0.00%"
"07/30/2015","20.10","19.90","20.30","19.70","22.52M","+2.81%"
"07/29/2015","19.55","19.25","19.75","19.20","14.97M","+2.89%"
"07/28/2015","19.00","19.40","19.70","18.90","20.15M","-3.31%"
"07/27/2015","19.65","19.95","20.40","19.30","16.40M","-2.24%"
"07/24/2015","20.10","20.05","20.50","20.00","15.22M","+0.50%"
"07/23/2015","20.00","20.40","20.50","19.95","13.83M","-1.23%"
"07/22/2015","20.25","20.10","20.45","19.95","20.93M","+0.75%"
"07/21/2015","20.10","21.45","21.45","19.95","31.72M","-6.29%"
"07/20/2015","21.45","21.40","22.05","21.10","28.08M","+0.70%"
"07/17/2015","21.30","21.20","21.50","21.00","19.40M","+0.71%"
"07/16/2015","21.15","20.90","21.55","20.75","21.08M","+2.17%"
"07/15/2015","20.70","21.05","21.25","20.55","15.73M","-0.72%"
"07/14/2015","20.85","21.50","21.50","20.75","17.86M","-2.11%"
"07/13/2015","21.30","21.30","21.55","21.05","18.07M","+0.00%"
"07/10/2015","21.30","21.45","21.60","21.00","38.33M","+0.47%"
"07/09/2015","21.20","20.10","22.00","20.00","65.46M","+6.27%"
"07/08/2015","19.95","19.95","20.35","19.55","25.74M","-1.97%"
"07/07/2015","20.35","20.65","20.85","20.25","17.47M","-0.97%"
"07/06/2015","20.55","19.85","20.65","19.85","21.50M","+0.49%"
"07/03/2015","20.45","20.85","21.05","20.35","19.02M","-1.68%"
"07/02/2015","20.80","21.40","21.40","20.70","23.93M","-2.12%"
"07/01/2015","21.25","20.60","21.40","20.50","35.94M","+4.17%"
"06/30/2015","20.40","19.80","20.60","19.70","29.67M","+3.55%"
"06/29/2015","19.70","19.30","19.90","18.85","26.10M","-2.48%"
"06/26/2015","20.20","20.55","20.70","20.10","29.29M","-2.65%"
"06/25/2015","20.75","20.70","20.85","20.10","32.74M","+0.24%"
"06/24/2015","20.70","21.80","21.80","20.55","24.67M","-4.17%"
"06/23/2015","21.60","22.30","22.60","21.50","27.88M","-2.48%"
"06/22/2015","22.15","21.35","22.35","21.25","47.18M","+5.23%"
"06/19/2015","21.05","20.80","21.30","20.60","33.16M","+2.18%"
"06/18/2015","20.60","20.00","21.05","19.95","36.61M","+3.26%"
"06/17/2015","19.95","20.20","20.25","19.85","18.76M","+0.00%"
"06/16/2015","19.95","20.20","20.50","19.70","18.14M","-1.24%"
"06/15/2015","20.20","19.95","20.35","19.85","23.91M","+1.00%"
"06/12/2015","20.00","19.60","20.15","19.50","28.91M","+2.56%"
"06/11/2015","19.50","19.05","20.05","18.90","44.61M","+2.90%"
"06/10/2015","18.95","18.80","19.15","18.65","28.89M","+0.80%"
"06/09/2015","18.80","18.70","18.95","18.35","34.02M","+0.00%"
"06/08/2015","18.80","19.65","19.80","18.50","19.89M","-4.08%"
"06/05/2015","19.60","19.60","20.00","19.20","24.42M","+0.00%"
"06/04/2015","19.60","19.45","19.85","18.95","30.80M","+2.35%"
"06/03/2015","19.15","21.05","21.25","18.55","84.58M","-9.03%"
"06/02/2015","21.05","21.95","22.15","20.90","42.30M","-4.10%"
"06/01/2015","21.95","21.85","22.55","21.65","34.05M","-5.18%"
"05/29/2015","23.15","23.35","23.65","22.80","25.05M","-0.64%"
"05/28/2015","23.30","23.10","23.75","23.10","23.02M","+1.30%"
"05/27/2015","23.00","22.80","23.15","22.65","18.01M","-0.43%"
"05/26/2015","23.10","22.75","23.60","22.55","34.72M","+1.54%"
"05/25/2015","22.75","22.95","23.35","22.55","20.14M","-0.87%"
"05/22/2015","22.95","23.25","23.55","22.85","14.86M","-1.08%"
"05/21/2015","23.20","23.50","23.75","23.05","17.36M","-1.90%"
"05/20/2015","23.65","24.20","24.30","23.50","21.42M","-1.46%"
"05/19/2015","24.00","24.25","24.65","23.85","56.85M","+0.00%"
"05/18/2015","24.00","23.50","24.40","22.55","59.55M","+2.35%"
"05/15/2015","23.45","22.50","23.95","22.50","61.13M","+5.87%"
"05/14/2015","22.15","21.90","22.40","21.60","22.74M","+0.68%"
"05/13/2015","22.00","21.60","22.15","21.40","27.10M","+2.80%"
"05/12/2015","21.40","22.35","22.45","21.30","24.97M","-4.25%"
"05/11/2015","22.35","22.30","22.85","22.25","27.16M","+1.13%"
"05/08/2015","22.10","21.60","22.30","21.55","33.74M","+4.74%"
"05/07/2015","21.10","21.10","21.60","20.75","43.05M","+0.00%"
"05/06/2015","21.10","22.00","22.05","20.95","45.06M","-4.52%"
"05/05/2015","22.10","22.75","22.75","21.95","27.67M","-2.64%"
"05/04/2015","22.70","22.15","22.85","22.15","33.58M","+3.89%"
"04/30/2015","21.85","22.05","22.35","21.60","33.85M","-0.68%"
"04/29/2015","22.00","22.20","23.35","21.85","48.98M","-0.23%"
"04/28/2015","22.05","20.50","22.50","20.45","41.30M","+4.75%"
"04/27/2015","21.05","22.75","22.85","20.80","56.38M","-6.65%"
"04/24/2015","22.55","23.75","23.80","22.30","49.93M","-4.45%"
"04/23/2015","23.60","23.85","24.15","23.40","26.55M","-0.21%"
"04/22/2015","23.65","23.95","24.35","22.85","46.24M","-0.84%"
"04/21/2015","23.85","24.30","24.55","23.75","36.13M","-1.65%"
"04/20/2015","24.25","25.30","25.40","24.05","35.26M","-4.53%"
"04/17/2015","25.40","25.65","26.15","25.15","46.23M","-0.59%"
"04/16/2015","25.55","26.10","26.25","25.05","47.56M","-1.73%"
"04/15/2015","26.00","26.00","26.65","25.55","63.97M","+0.39%"
"04/13/2015","25.90","26.10","26.35","25.65","41.29M","-0.19%"
"04/10/2015","25.95","26.90","26.90","25.85","47.70M","-2.99%"
"04/09/2015","26.75","26.60","27.15","25.30","138.49M","+2.49%"
"04/08/2015","26.10","27.15","27.80","25.95","120.38M","-3.33%"
"04/07/2015","27.00","25.50","27.25","25.10","131.65M","+6.51%"
"04/06/2015","25.35","25.15","25.80","24.95","74.62M","+4.32%"
"04/01/2015","24.30","25.00","25.10","23.55","93.36M","-3.19%"
"03/31/2015","25.10","25.55","25.85","25.00","33.88M","-0.99%"
"03/30/2015","25.35","24.90","25.65","24.85","41.41M","+3.26%"
"03/27/2015","24.55","24.60","25.00","23.70","42.30M","+1.66%"
"03/26/2015","24.15","24.25","24.90","23.90","32.36M","-1.02%"
"03/25/2015","24.40","24.85","25.10","24.35","29.72M","-1.41%"
"03/24/2015","24.75","25.10","25.45","24.55","37.10M","-1.20%"
"03/23/2015","25.05","25.10","25.80","24.20","67.97M","+1.01%"
"03/20/2015","24.80","26.20","27.05","24.35","111.35M","-5.70%"
"03/19/2015","26.30","27.55","28.80","25.75","149.02M","-2.95%"
"03/18/2015","27.10","24.45","27.45","24.35","167.17M","+11.07%"
"03/17/2015","24.40","24.00","24.90","24.00","37.60M","+2.31%"
"03/16/2015","23.85","24.20","24.65","23.70","31.94M","-1.04%"
"03/13/2015","24.10","25.35","25.50","23.85","58.47M","-3.02%"
"03/12/2015","24.85","23.65","25.15","23.55","44.51M","+6.42%"
"03/11/2015","23.35","24.45","24.75","23.10","39.96M","-4.50%"
"03/10/2015","24.45","25.05","25.15","24.20","36.37M","-1.21%"
"03/09/2015","24.75","24.35","25.35","24.05","83.64M","+1.85%"
"03/05/2015","24.30","23.15","24.50","22.70","53.34M","+4.74%"
"03/04/2015","23.20","24.95","25.15","22.55","52.20M","-6.26%"
"03/03/2015","24.75","25.20","25.50","24.45","40.08M","-1.79%"
"03/02/2015","25.20","25.30","26.05","24.90","49.18M","-1.37%"
"02/27/2015","25.55","23.30","25.95","23.05","115.50M","+8.03%"
"02/26/2015","23.65","24.10","24.25","23.40","28.04M","-1.05%"
"02/25/2015","23.90","24.35","24.50","23.60","50.04M","-0.83%"
"02/24/2015","24.10","24.10","24.90","23.75","92.74M","+3.88%"
"02/23/2015","23.20","23.70","24.45","22.95","64.98M","-1.07%"
"02/20/2015","23.45","22.70","24.25","22.20","81.55M","+2.18%"
"02/19/2015","22.95","25.00","25.15","22.60","118.87M","-6.52%"
"02/18/2015","24.55","22.20","25.35","21.60","300.78M","+16.35%"
"02/16/2015","21.10","20.95","21.10","19.20","254.43M","+19.55%"
"02/13/2015","17.65","17.65","18.30","16.30","154.36M","+0.00%"
"02/12/2015","17.65","16.50","17.85","16.25","96.95M","+8.28%"
"02/11/2015","16.30","16.70","16.90","16.10","36.96M","+1.24%"
"02/10/2015","16.10","15.90","17.10","15.60","52.33M","+0.00%"
"02/09/2015","16.10","15.10","16.60","14.80","70.19M","+4.89%"
"02/06/2015","15.35","15.70","15.90","14.75","34.21M","-1.92%"
"02/05/2015","15.65","16.05","16.65","15.40","48.42M","-2.49%"
"02/04/2015","16.05","15.85","16.75","15.60","78.82M","+2.23%"
"02/03/2015","15.70","15.55","16.40","15.10","66.60M","+2.61%"
"02/02/2015","15.30","14.90","15.70","14.70","35.60M","+2.68%"
"01/30/2015","14.90","15.25","15.40","14.50","37.58M","-1.65%"
"01/29/2015","15.15","15.00","15.45","14.75","30.12M","+2.36%"
"01/28/2015","14.80","14.15","15.05","14.00","51.02M","+5.71%"
"01/27/2015","14.00","14.00","14.45","13.85","39.14M","+2.56%"
"01/23/2015","13.65","14.75","14.80","12.95","82.53M","-7.14%"
"01/22/2015","14.70","16.55","17.10","14.55","158.06M","-6.96%"
"01/21/2015","15.80","16.35","16.45","15.50","49.28M","-2.47%"
"01/20/2015","16.20","16.30","16.60","15.25","89.49M","+0.93%"
"01/19/2015","16.05","14.95","16.55","14.40","136.22M","+8.45%"
"01/16/2015","14.80","13.85","15.00","13.60","66.00M","+7.64%"
"01/15/2015","13.75","14.10","14.35","13.70","22.68M","+0.00%"
"01/14/2015","13.75","13.95","14.05","13.30","28.48M","-1.43%"
"01/13/2015","13.95","14.45","14.75","13.75","27.89M","-3.13%"
"01/12/2015","14.40","13.75","14.55","13.70","30.51M","+6.27%"
"01/09/2015","13.55","14.00","14.25","13.45","24.47M","-3.21%"
"01/08/2015","14.00","14.35","14.75","13.85","48.11M","-1.06%"
"01/07/2015","14.15","12.90","15.05","12.75","86.93M","+9.27%"
"01/06/2015","12.95","13.35","13.45","12.60","26.79M","-5.13%"
"01/05/2015","13.65","13.65","14.15","13.50","23.26M","+0.00%"
"01/02/2015","13.65","13.30","14.00","13.30","27.19M","+2.25%"
"01/01/2015","13.35","13.45","13.75","13.25","17.27M","-1.11%"
"12/31/2014","13.50","12.50","14.30","12.35","57.58M","+7.14%"
"12/30/2014","12.60","12.00","12.75","12.00","18.32M","+5.00%"
"12/29/2014","12.00","12.15","12.30","11.90","9.12M","-0.41%"
"12/26/2014","12.05","12.15","12.40","12.00","7.72M","-1.23%"
"12/24/2014","12.20","12.10","12.55","12.10","8.26M","+0.00%"
"12/23/2014","12.20","12.60","12.75","12.10","10.74M","-3.56%"
"12/22/2014","12.65","12.10","12.70","11.95","22.77M","+8.58%"
"12/19/2014","11.65","12.15","12.30","11.45","20.18M","-2.10%"
"12/18/2014","11.90","11.65","12.20","11.65","14.04M","+3.93%"
"12/17/2014","11.45","11.90","12.05","11.25","15.51M","-3.38%"
"12/16/2014","11.85","12.05","12.45","11.10","26.21M","-1.66%"
"12/15/2014","12.05","12.25","12.55","12.05","13.52M","-1.63%"
"12/12/2014","12.25","13.20","13.35","12.20","22.44M","-7.20%"
"12/11/2014","13.20","13.50","13.60","13.10","15.53M","-2.22%"
"12/10/2014","13.50","13.00","13.65","12.95","20.06M","+3.85%"
"12/09/2014","13.00","13.30","13.75","12.90","18.71M","-4.41%"
"12/08/2014","13.60","13.05","14.20","12.85","32.41M","+5.02%"
"12/05/2014","12.95","13.85","13.95","12.90","19.63M","-4.78%"
"12/04/2014","13.60","13.40","14.20","13.20","37.55M","+2.64%"
"12/03/2014","13.25","12.00","13.25","11.95","32.93M","+9.96%"
"12/02/2014","12.05","12.30","12.30","11.95","11.61M","-2.82%"
"12/01/2014","12.40","12.85","13.20","12.30","11.20M","-3.88%"
"11/28/2014","12.90","13.00","13.30","12.85","8.58M","-0.77%"
"11/27/2014","13.00","13.20","13.35","12.95","5.17M","-2.26%"
"11/26/2014","13.30","13.20","13.65","13.20","7.56M","-0.37%"
"11/25/2014","13.35","13.65","13.75","12.85","15.28M","-2.20%"
"11/24/2014","13.65","12.95","13.95","12.95","18.02M","+4.60%"
"11/21/2014","13.05","13.05","13.60","12.95","10.15M","-0.38%"
"11/20/2014","13.10","13.20","13.45","13.05","9.84M","-1.13%"
"11/19/2014","13.25","13.70","13.90","13.10","16.92M","-2.93%"
"11/18/2014","13.65","14.00","14.35","13.40","28.05M","-1.80%"
"11/17/2014","13.90","12.95","14.35","12.90","65.66M","+6.11%"
"11/14/2014","13.10","13.20","13.25","12.90","14.12M","+0.00%"
"11/13/2014","13.10","12.65","13.30","12.30","21.22M","+3.56%"
"11/12/2014","12.65","12.95","13.10","12.60","10.03M","-1.94%"
"11/11/2014","12.90","13.50","13.65","12.45","20.29M","-4.09%"
"11/10/2014","13.45","13.70","13.75","13.10","18.84M","+0.00%"
"11/07/2014","13.45","13.20","13.50","12.95","37.78M","+4.67%"
"11/05/2014","12.85","12.45","12.90","12.35","24.58M","+4.47%"
"11/03/2014","12.30","12.70","12.90","12.20","19.31M","-0.40%"
"10/31/2014","12.35","12.30","12.65","12.10","19.65M","+2.49%"
"10/30/2014","12.05","12.40","12.55","11.80","12.93M","-0.82%"
"10/29/2014","12.15","11.95","12.20","11.85","22.86M","+4.29%"
"10/28/2014","11.65","11.10","11.65","11.10","13.01M","+4.95%"
"10/27/2014","11.10","10.95","11.20","10.65","12.38M","+2.78%"
"10/23/2014","10.80","10.50","10.85","10.40","6.94M","+4.35%"
"10/22/2014","10.35","10.20","10.60","9.95","12.11M","+1.47%"
"10/21/2014","10.20","10.75","10.85","10.20","19.40M","-4.67%"
"10/20/2014","10.70","10.75","11.00","10.65","10.97M","+0.94%"
"10/17/2014","10.60","11.10","11.20","10.55","21.97M","-4.50%"
"10/16/2014","11.10","11.70","12.00","11.05","17.66M","-4.31%"
"10/14/2014","11.60","12.05","12.05","11.45","10.88M","-2.93%"
"10/13/2014","11.95","12.30","12.40","11.80","22.38M","+0.42%"
"10/10/2014","11.90","11.40","12.30","11.35","17.55M","+0.85%"
"10/09/2014","11.80","12.20","12.45","11.60","33.94M","-3.28%"
"10/08/2014","12.20","12.70","12.75","12.20","20.08M","-4.31%"
"10/07/2014","12.75","12.55","12.85","12.05","42.61M","+2.82%"
"10/01/2014","12.40","11.30","12.40","11.30","245.91M","+4.64%"
"09/30/2014","11.85","11.85","11.85","11.85","5.36M","-4.82%"
"09/29/2014","12.45","12.45","12.45","12.45","1.89M","-4.96%"
"09/26/2014","13.10","13.10","13.10","13.10","2.54M","-4.73%"
"09/25/2014","13.75","13.75","13.75","13.75","1.95M","-4.84%"
"09/24/2014","14.45","14.45","14.45","14.45","3.45M","-4.93%"
"09/23/2014","15.20","15.20","15.20","15.20","6.33M","-9.79%"
"09/22/2014","16.85","16.85","16.85","16.85","3.72M","-9.89%"
"09/19/2014","18.70","19.65","19.75","18.70","10.04M","-9.88%"
"09/18/2014","20.75","20.30","21.25","19.95","7.08M","+3.49%"
"09/17/2014","20.05","20.45","20.70","19.95","4.86M","-0.50%"
"09/16/2014","20.15","20.85","21.95","19.90","7.65M","-4.05%"
"09/15/2014","21.00","21.10","21.20","20.60","4.06M","-0.94%"
"09/12/2014","21.20","21.50","21.80","21.05","5.66M","+0.00%"
"09/11/2014","21.20","22.15","22.45","21.15","9.03M","-3.20%"
"09/10/2014","21.90","19.65","21.90","19.50","22.62M","+9.77%"
"09/09/2014","19.95","20.15","20.50","19.40","6.23M","-1.24%"
"09/08/2014","20.20","19.45","20.60","19.45","4.73M","+2.80%"
"09/05/2014","19.65","20.50","20.90","19.35","6.59M","-4.15%"
"09/04/2014","20.50","21.40","21.45","20.50","4.90M","-4.87%"
"09/03/2014","21.55","21.80","22.40","21.35","8.78M","-0.92%"
"09/02/2014","21.75","21.30","21.75","21.00","12.86M","+4.82%"
"09/01/2014","20.75","19.95","20.75","19.95","4.95M","+4.80%"
"08/28/2014","19.80","19.60","20.10","19.60","3.37M","+0.25%"
"08/27/2014","19.75","19.90","20.40","19.45","3.70M","-1.00%"
"08/26/2014","19.95","20.90","21.05","19.90","5.30M","-4.55%"
"08/25/2014","20.90","21.05","21.60","20.55","9.68M","-2.11%"
"08/22/2014","21.35","20.50","21.45","20.35","10.24M","+4.40%"
"08/21/2014","20.45","20.35","20.85","20.30","4.88M","+0.25%"
"08/20/2014","20.40","21.10","21.10","20.05","7.03M","-2.16%"
"08/19/2014","20.85","20.55","20.85","20.35","11.11M","+4.77%"
"08/18/2014","19.90","19.10","19.90","19.10","3.07M","+5.01%"
"08/14/2014","18.95","19.30","19.75","18.85","12.85M","-4.53%"
"08/13/2014","19.85","20.50","20.85","19.85","6.81M","-4.80%"
"08/12/2014","20.85","21.10","21.65","20.70","4.17M","-1.18%"
"08/11/2014","21.10","21.95","22.15","21.00","4.04M","-1.63%"
"08/08/2014","21.45","21.10","21.65","20.85","12.04M","-1.83%"
"08/07/2014","21.85","22.40","22.85","21.35","18.30M","-0.46%"
"08/06/2014","21.95","21.50","21.95","21.50","4.58M","+4.77%"
"08/05/2014","20.95","20.10","20.95","19.95","4.19M","+5.01%"
"08/04/2014","19.95","19.95","19.95","19.65","5.60M","+4.72%"
"08/01/2014","19.05","19.55","20.05","18.95","4.16M","-4.51%"
"07/31/2014","19.95","19.65","20.45","18.80","4.14M","+1.01%"
"07/30/2014","19.75","20.40","20.45","19.65","2.81M","-4.36%"
"07/28/2014","20.65","21.55","21.55","20.50","4.41M","-4.40%"
"07/25/2014","21.60","22.15","22.15","21.15","3.17M","-2.48%"
"07/24/2014","22.15","22.85","22.85","21.95","2.22M","-2.64%"
"07/23/2014","22.75","22.50","22.95","21.85","3.84M","-0.22%"
"07/22/2014","22.80","24.05","24.05","22.65","4.38M","-4.20%"
"07/21/2014","23.80","23.85","23.85","23.40","6.13M","+4.62%"
"07/18/2014","22.75","21.75","23.00","20.90","5.23M","+3.64%"
"07/17/2014","21.95","22.35","22.45","21.60","3.36M","-0.45%"
"07/16/2014","22.05","21.10","22.05","20.55","4.03M","+4.75%"
"07/15/2014","21.05","20.50","21.50","20.10","8.15M","-0.47%"
"07/14/2014","21.15","21.40","21.80","21.15","1.37M","-4.94%"
"07/11/2014","22.25","23.30","23.30","22.25","4.18M","-4.91%"
"07/10/2014","23.40","22.95","24.30","22.20","9.90M","+1.08%"
"07/09/2014","23.15","23.15","24.30","23.15","5.49M","-4.93%"
"07/08/2014","24.35","25.55","26.10","24.35","3.63M","-4.70%"
"07/07/2014","25.55","26.00","26.35","25.25","3.06M","-0.78%"
"07/04/2014","25.75","25.65","26.00","24.80","3.37M","+1.78%"
"07/03/2014","25.30","26.15","26.15","25.00","2.84M","-2.13%"
"07/02/2014","25.85","25.70","26.50","25.55","4.16M","+1.77%"
"07/01/2014","25.40","25.55","26.45","25.25","3.55M","-2.50%"
"06/30/2014","26.05","25.90","26.55","25.25","3.76M","+1.36%"
"06/27/2014","25.70","26.10","26.35","25.50","11.30M","-2.28%"
"06/26/2014","26.30","27.10","27.35","26.10","17.72M","-4.01%"
"06/25/2014","27.40","28.05","28.35","27.00","13.05M","-2.14%"
"06/24/2014","28.00","27.80","28.65","27.60","18.82M","+1.82%"
"06/23/2014","27.50","26.30","27.50","25.85","35.83M","+4.96%"
"06/20/2014","26.20","25.45","26.60","24.40","45.08M","+2.95%"
"06/19/2014","25.45","26.20","26.95","25.00","27.82M","-1.74%"
"06/18/2014","25.90","27.65","28.40","25.75","115.06M","-4.43%"
"06/17/2014","27.10","27.10","27.10","27.10","2.93M","-4.91%"
"06/16/2014","28.50","28.50","28.50","28.50","1.17M","-5.00%"
"06/13/2014","30.00","30.00","30.00","30.00","1.63M","-4.91%"
"06/12/2014","31.55","33.75","33.75","31.55","9.25M","-4.97%"
"06/11/2014","33.20","33.20","33.20","33.20","5.80M","+4.90%"
"06/10/2014","31.65","31.65","31.65","30.75","27.16M","+4.98%"
"06/09/2014","30.15","29.85","30.15","29.60","18.27M","+4.87%"
"06/06/2014","28.75","28.40","28.75","27.75","46.59M","+4.93%"
"06/05/2014","27.40","26.60","27.40","26.45","48.15M","+4.98%"
"06/04/2014","26.10","24.10","26.10","24.05","66.76M","+9.66%"
"06/03/2014","23.80","23.40","24.10","22.55","62.14M","+7.21%"
"06/02/2014","22.20","22.05","22.20","21.60","41.04M","+9.90%"
"05/30/2014","20.20","20.40","20.60","19.40","18.59M","-0.98%"
"05/29/2014","20.40","20.35","21.30","20.05","29.73M","+2.00%"
"05/28/2014","20.00","19.60","20.70","18.80","29.13M","+1.78%"
"05/27/2014","19.65","21.50","21.70","19.35","43.30M","-8.60%"
"05/26/2014","21.50","23.30","24.30","20.25","79.96M","-2.93%"
"05/23/2014","22.15","21.30","22.15","21.10","19.17M","+9.93%"
"05/22/2014","20.15","17.70","20.50","17.70","75.04M","+14.81%"
"05/21/2014","17.55","18.05","18.35","16.85","28.06M","-1.40%"
"05/20/2014","17.80","16.45","18.50","16.30","57.73M","+10.90%"
"05/19/2014","16.05","13.60","16.05","13.60","86.43M","+19.78%"
"05/16/2014","13.40","13.60","13.95","13.20","27.21M","+1.52%"
"05/15/2014","13.20","13.85","13.95","13.10","17.61M","-4.35%"
"05/14/2014","13.80","13.80","13.95","13.30","26.94M","+1.85%"
"05/13/2014","13.55","13.20","13.75","12.95","24.46M","+5.04%"
"05/12/2014","12.90","12.85","13.40","12.85","13.63M","+0.78%"
"05/09/2014","12.80","12.65","12.90","12.55","11.81M","+1.59%"
"05/08/2014","12.60","12.85","13.00","12.45","9.80M","-0.79%"
"05/07/2014","12.70","12.80","13.05","12.60","12.08M","-0.78%"
"05/06/2014","12.80","13.20","13.35","12.65","14.74M","-1.54%"
"05/05/2014","13.00","12.65","13.75","12.65","19.84M","+5.69%"
"05/02/2014","12.30","12.10","12.90","12.10","10.82M","+2.50%"
"04/30/2014","12.00","13.10","13.30","11.75","20.80M","-8.40%"
"04/29/2014","13.10","13.25","13.65","12.85","14.32M","-0.76%"
"04/28/2014","13.20","13.40","13.75","13.10","19.29M","+0.00%"
"04/25/2014","13.20","12.95","13.45","12.60","21.71M","+0.76%"
"04/23/2014","13.10","13.75","13.75","13.00","22.12M","-1.87%"
"04/22/2014","13.35","13.20","13.60","13.00","21.04M","+1.91%"
"04/21/2014","13.10","12.40","13.35","12.25","25.95M","+6.50%"
"04/17/2014","12.30","12.60","12.60","12.00","18.15M","+2.07%"
"04/16/2014","12.05","12.65","12.95","11.95","19.20M","-5.12%"
"04/15/2014","12.70","13.70","13.75","12.35","20.19M","-6.96%"
"04/11/2014","13.65","13.80","13.95","13.45","22.15M","-0.73%"
"04/10/2014","13.75","13.95","14.30","13.60","47.97M","+0.00%"
"04/09/2014","13.75","13.25","14.10","13.25","60.31M","+7.42%"
"04/07/2014","12.80","11.45","13.10","11.40","50.87M","+11.79%"
"04/04/2014","11.45","10.30","11.70","10.15","36.06M","+11.17%"
"04/03/2014","10.30","10.50","10.55","10.10","9.33M","-0.96%"
"04/02/2014","10.40","10.40","10.75","10.20","15.05M","+0.00%"
"04/01/2014","10.40","10.45","10.55","10.10","13.25M","+1.96%"
"03/31/2014","10.20","9.50","10.40","9.50","28.10M","+12.71%"
"03/28/2014","9.05","8.95","9.15","8.95","6.16M","+2.84%"
"03/27/2014","8.80","9.05","9.50","8.70","13.45M","-2.76%"
"03/26/2014","9.05","8.95","9.20","8.95","6.45M","+0.56%"
"03/25/2014","9.00","9.10","9.25","8.90","5.24M","-1.10%"
"03/24/2014","9.10","9.25","9.35","9.00","2.82M","-2.67%"
"03/21/2014","9.35","8.90","9.40","8.90","5.31M","+4.47%"
"03/20/2014","8.95","9.20","9.25","8.90","3.98M","-2.72%"
"03/19/2014","9.20","9.20","9.25","9.15","2.19M","+1.66%"
"03/18/2014","9.05","9.25","9.40","9.00","5.09M","-1.63%"
"03/14/2014","9.20","9.20","9.30","9.15","3.87M","+0.00%"
"03/13/2014","9.20","9.35","9.45","9.20","4.36M","-1.08%"
"03/12/2014","9.30","9.35","9.60","9.25","3.49M","-0.53%"
"03/11/2014","9.35","9.65","9.80","9.25","4.96M","-3.61%"
"03/10/2014","9.70","9.80","9.90","9.55","3.61M","-0.51%"
"03/07/2014","9.75","9.80","10.20","9.65","6.86M","-0.51%"
"03/06/2014","9.80","9.80","9.95","9.65","3.26M","+0.00%"
"03/05/2014","9.80","9.50","10.15","9.45","8.45M","+3.70%"
"03/04/2014","9.45","9.20","9.70","9.20","5.10M","+2.72%"
"03/03/2014","9.20","9.20","9.45","9.15","2.90M","-0.54%"
"02/28/2014","9.25","9.35","9.50","9.20","2.19M","-1.60%"
"02/26/2014","9.40","9.35","9.55","9.35","2.63M","+0.00%"
"02/25/2014","9.40","9.40","9.55","9.35","1.85M","+0.53%"
"02/24/2014","9.35","9.25","9.40","9.25","2.52M","+0.54%"
"02/21/2014","9.30","9.30","9.50","9.25","2.73M","+0.54%"
"02/20/2014","9.25","9.25","9.45","9.25","1.68M","-0.54%"
"02/19/2014","9.30","9.25","9.50","9.25","2.60M","-0.53%"
"02/18/2014","9.35","9.45","9.65","9.30","3.88M","-2.60%"
"02/17/2014","9.60","9.85","9.85","9.15","7.58M","-4.48%"
"02/14/2014","10.05","10.15","10.35","9.90","3.22M","-0.99%"
"02/13/2014","10.15","10.15","10.40","10.00","4.23M","-0.98%"
"02/12/2014","10.25","10.15","10.35","10.05","4.06M","+1.99%"
"02/11/2014","10.05","10.15","10.20","10.00","2.55M","-0.50%"
"02/10/2014","10.10","10.40","10.55","10.05","3.83M","-2.42%"
"02/07/2014","10.35","10.50","10.60","10.20","4.57M","-0.48%"
"02/06/2014","10.40","10.45","10.65","10.20","8.26M","-0.95%"
"02/05/2014","10.50","10.55","10.85","10.40","9.14M","-0.47%"
"02/04/2014","10.55","9.90","10.65","9.85","11.55M","+3.94%"
"02/03/2014","10.15","9.85","10.45","9.80","13.04M","+3.57%"
"01/31/2014","9.80","9.15","9.80","9.15","12.17M","+9.50%"
"01/30/2014","8.95","9.10","9.20","8.90","3.77M","-3.24%"
"01/29/2014","9.25","9.10","9.50","9.05","7.16M","+3.35%"
"01/28/2014","8.95","9.40","9.75","8.55","11.88M","-4.79%"
"01/27/2014","9.40","9.70","9.80","9.35","4.93M","-4.57%"
"01/24/2014","9.85","10.00","10.05","9.80","4.00M","-1.99%"
"01/23/2014","10.05","10.20","10.35","10.00","4.21M","-3.37%"
"01/22/2014","10.40","10.40","10.60","10.35","7.67M","+0.48%"
"01/21/2014","10.35","9.80","10.45","9.80","16.32M","+6.15%"
"01/20/2014","9.75","9.70","9.95","9.65","3.80M","+1.04%"
"01/17/2014","9.65","9.90","10.00","9.65","4.64M","-2.53%"
"01/16/2014","9.90","10.15","10.25","9.85","3.90M","-2.46%"
"01/15/2014","10.15","10.10","10.40","10.05","5.04M","+1.00%"
"01/14/2014","10.05","10.30","10.35","10.00","4.25M","-2.43%"
"01/13/2014","10.30","10.20","10.50","10.20","6.67M","-0.48%"
"01/10/2014","10.35","10.55","10.80","10.25","7.10M","-1.43%"
"01/09/2014","10.50","11.20","11.20","10.45","9.84M","-3.23%"
"01/08/2014","10.85","10.95","11.30","10.75","20.57M","+1.40%"
"01/07/2014","10.70","10.10","11.05","10.05","33.81M","+5.94%"
"01/06/2014","10.10","10.10","10.30","9.85","7.88M","+1.51%"
"01/03/2014","9.95","9.75","10.05","9.60","6.82M","+2.58%"
"01/02/2014","9.70","10.40","10.70","9.55","24.81M","-6.73%"
"01/01/2014","10.40","9.60","10.40","9.50","11.10M","+10.05%"
"12/31/2013","9.45","9.65","9.75","9.40","3.67M","-1.56%"
"12/30/2013","9.60","9.80","9.85","9.55","5.29M","-1.03%"
"12/27/2013","9.70","10.05","10.35","9.60","12.60M","-3.48%"
"12/26/2013","10.05","9.20","10.15","9.10","29.21M","+8.65%"
"12/24/2013","9.25","9.20","9.30","9.00","5.06M","+1.09%"
"12/23/2013","9.15","9.25","9.30","9.10","5.61M","-1.08%"
"12/20/2013","9.25","8.90","9.35","8.65","11.05M","+5.11%"
"12/19/2013","8.80","8.70","8.90","8.60","6.33M","+2.33%"
"12/18/2013","8.60","8.55","8.70","8.50","2.59M","+1.18%"
"12/17/2013","8.50","8.60","8.70","8.45","3.69M","-0.58%"
"12/16/2013","8.55","8.65","8.70","8.45","4.61M","-1.16%"
"12/13/2013","8.65","8.90","9.25","8.60","10.88M","-2.81%"
"12/12/2013","8.90","9.15","9.15","8.85","3.93M","-3.26%"
"12/11/2013","9.20","8.65","9.30","8.50","15.29M","+5.75%"
"12/10/2013","8.70","8.85","8.90","8.50","4.05M","-2.25%"
"12/09/2013","8.90","9.15","9.20","8.85","3.45M","+0.56%"
"12/06/2013","8.85","9.05","9.10","8.80","3.35M","-0.56%"
"12/05/2013","8.90","9.15","9.15","8.85","3.43M","-0.56%"
"12/04/2013","8.95","8.95","9.15","8.80","4.28M","+0.00%"
"12/03/2013","8.95","8.95","9.25","8.90","6.58M","-0.56%"
"12/02/2013","9.00","9.15","9.20","8.90","3.84M","-0.55%"
"11/29/2013","9.05","9.35","9.40","8.90","9.91M","-1.09%"
"11/28/2013","9.15","8.40","9.25","8.35","17.18M","+8.93%"
"11/27/2013","8.40","8.60","8.75","8.15","6.10M","-2.33%"
"11/26/2013","8.60","8.95","9.05","8.55","4.97M","-3.37%"
"11/25/2013","8.90","8.95","9.15","8.85","4.11M","+0.00%"
"11/22/2013","8.90","9.05","9.25","8.80","5.00M","-0.56%"
"11/21/2013","8.95","8.95","9.25","8.70","6.96M","+0.00%"
"11/20/2013","8.95","9.10","9.35","8.90","6.86M","-1.65%"
"11/19/2013","9.10","9.60","9.80","8.75","15.07M","-1.09%"
"11/18/2013","9.20","8.70","9.20","8.70","10.10M","+10.18%"
"11/14/2013","8.35","7.60","8.35","7.60","8.14M","+9.87%"
"11/13/2013","7.60","7.80","7.95","7.60","4.96M","-4.40%"
"11/12/2013","7.95","8.10","8.35","7.90","5.13M","-3.05%"
"11/11/2013","8.20","8.25","8.50","8.15","4.28M","-2.96%"
"11/08/2013","8.45","8.80","8.85","8.35","5.81M","-3.98%"
"11/07/2013","8.80","9.20","9.35","8.70","4.73M","-3.83%"
"11/06/2013","9.15","9.25","9.55","9.15","6.09M","-2.14%"
"11/05/2013","9.35","9.25","9.50","8.80","9.91M","+3.31%"
"11/01/2013","9.05","8.45","9.25","8.40","34.62M","+2.84%"
"10/31/2013","8.80","9.10","9.25","8.80","28.60M","-4.86%"
"10/30/2013","9.25","9.25","9.25","9.25","1.40M","-5.13%"
"10/29/2013","9.75","10.75","10.75","9.75","11.43M","-4.88%"
"10/28/2013","10.25","10.25","10.25","10.25","1.56M","+4.59%"
"10/25/2013","9.80","9.60","9.80","9.55","3.65M","+5.38%"
"10/24/2013","9.30","9.10","9.30","8.70","17.57M","+4.49%"
"10/23/2013","8.90","8.90","8.90","8.75","5.61M","+4.71%"
"10/22/2013","8.50","8.10","8.50","8.05","13.44M","+9.68%"
"10/21/2013","7.75","7.10","7.75","7.05","22.33M","+9.93%"
"10/18/2013","7.05","7.00","7.15","6.95","6.52M","+1.44%"
"10/17/2013","6.95","6.90","7.00","6.70","8.69M","+2.21%"
"10/15/2013","6.80","6.90","7.00","6.60","8.19M","+1.49%"
"10/14/2013","6.70","6.45","6.85","6.45","9.49M","+4.69%"
"10/11/2013","6.40","6.45","6.60","6.30","8.51M","+0.00%"
"10/10/2013","6.40","6.45","6.55","6.25","12.55M","+0.00%"
"10/09/2013","6.40","6.30","6.85","6.15","22.76M","+2.40%"
"10/08/2013","6.25","6.10","6.45","6.00","6.65M","+3.31%"
"10/07/2013","6.05","5.95","6.15","5.90","3.30M","+1.68%"
"10/04/2013","5.95","6.05","6.10","5.95","2.48M","-1.65%"
"10/03/2013","6.05","6.00","6.10","5.95","2.87M","+1.68%"
"10/01/2013","5.95","6.00","6.05","5.95","2.09M","-0.83%"
"09/30/2013","6.00","6.00","6.05","5.90","3.10M","+0.00%"
"09/27/2013","6.00","6.05","6.15","5.95","2.91M","-0.83%"
"09/26/2013","6.05","6.00","6.10","5.95","3.54M","+0.83%"
"09/25/2013","6.00","5.80","6.10","5.80","3.72M","+0.84%"
"09/24/2013","5.95","5.90","6.00","5.85","3.27M","+0.85%"
"09/23/2013","5.90","5.90","5.90","5.75","3.26M","+0.00%"
"09/20/2013","5.90","6.30","6.30","5.85","8.89M","-5.60%"
"09/19/2013","6.25","6.20","6.40","6.15","11.90M","+4.17%"
"09/18/2013","6.00","5.95","6.10","5.90","7.51M","+1.69%"
"09/17/2013","5.90","6.05","6.15","5.75","6.64M","-1.67%"
"09/16/2013","6.00","6.45","6.45","6.00","6.95M","-4.00%"
"09/13/2013","6.25","6.20","6.40","6.05","14.56M","+2.46%"
"09/12/2013","6.10","5.95","6.25","5.90","17.70M","+3.39%"
"09/11/2013","5.90","5.85","6.10","5.80","10.45M","+0.85%"
"09/10/2013","5.85","5.90","5.90","5.75","6.62M","+1.74%"
"09/06/2013","5.75","5.90","5.90","5.70","4.20M","-0.86%"
"09/05/2013","5.80","5.75","5.95","5.65","6.55M","+3.57%"
"09/04/2013","5.60","5.65","5.70","5.50","3.54M","+0.90%"
"09/03/2013","5.55","5.50","5.75","5.50","5.63M","+0.91%"
"09/02/2013","5.50","5.55","5.55","5.45","3.67M","+0.92%"
"08/30/2013","5.45","5.50","5.55","5.40","4.46M","+0.00%"
"08/29/2013","5.45","5.30","5.50","5.30","4.03M","+2.83%"
"08/28/2013","5.30","5.70","5.80","5.25","12.47M","-8.62%"
"08/27/2013","5.80","5.80","5.90","5.75","3.75M","-0.85%"
"08/26/2013","5.85","5.90","6.05","5.80","3.33M","+0.00%"
"08/23/2013","5.85","5.90","6.00","5.80","3.62M","-0.85%"
"08/22/2013","5.90","5.90","6.05","5.80","3.56M","-0.84%"
"08/21/2013","5.95","6.15","6.20","5.90","5.59M","-2.46%"
"08/20/2013","6.10","6.05","6.15","5.90","5.16M","+0.83%"
"08/19/2013","6.05","6.20","6.20","5.90","5.00M","-0.82%"
"08/16/2013","6.10","6.40","6.40","6.05","5.50M","-4.69%"
"08/14/2013","6.40","6.50","6.65","6.35","5.32M","-1.54%"
"08/13/2013","6.50","6.30","6.80","6.25","14.07M","+4.00%"
"08/12/2013","6.25","6.35","6.35","6.20","3.78M","+1.63%"
"08/08/2013","6.15","6.35","6.35","6.10","3.48M","+0.00%"
"08/07/2013","6.15","6.20","6.20","5.90","5.46M","+0.00%"
"08/06/2013","6.15","6.25","6.25","6.05","6.10M","-2.38%"
"08/05/2013","6.30","6.15","6.40","6.05","6.04M","+2.44%"
"08/02/2013","6.15","6.45","6.55","6.05","5.38M","-4.65%"
"08/01/2013","6.45","7.00","7.00","6.25","7.71M","+0.78%"
"07/31/2013","6.40","6.40","6.65","5.80","21.68M","+0.00%"
"07/30/2013","6.40","6.60","6.60","6.30","4.19M","-3.03%"
"07/29/2013","6.60","6.95","7.00","6.55","4.39M","-5.04%"
"07/26/2013","6.95","7.15","7.15","6.90","3.13M","-1.42%"
"07/25/2013","7.05","7.15","7.25","7.00","3.77M","-2.08%"
"07/24/2013","7.20","7.35","7.40","6.95","5.17M","-2.70%"
"07/23/2013","7.40","7.40","7.55","7.40","2.67M","+0.00%"
"07/22/2013","7.40","7.35","7.55","7.35","2.71M","-0.67%"
"07/19/2013","7.45","7.60","7.65","7.40","3.25M","-1.97%"
"07/18/2013","7.60","7.65","7.75","7.50","3.42M","-1.30%"
"07/17/2013","7.70","8.15","8.15","7.60","5.57M","-4.94%"
"07/16/2013","8.10","8.15","8.15","8.05","2.89M","-1.22%"
"07/15/2013","8.20","8.05","8.25","8.00","3.87M","+0.61%"
"07/12/2013","8.15","8.30","8.35","8.05","3.03M","-1.21%"
"07/11/2013","8.25","8.45","8.50","8.20","2.76M","+0.00%"
"07/10/2013","8.25","8.30","8.70","8.20","5.03M","-0.60%"
"07/09/2013","8.30","8.40","8.40","8.25","1.91M","+0.61%"
"07/08/2013","8.25","8.35","8.35","8.15","3.31M","-1.20%"
"07/05/2013","8.35","8.45","8.60","8.30","4.45M","+0.00%"
"07/04/2013","8.35","8.25","8.60","8.20","8.09M","+1.83%"
"07/03/2013","8.20","8.30","8.50","8.15","4.05M","-4.65%"
"07/02/2013","8.60","8.50","8.95","8.50","4.54M","-1.15%"
"07/01/2013","8.70","8.40","8.75","8.35","5.89M","+3.57%"
"06/28/2013","8.40","8.25","8.45","8.25","4.98M","+3.07%"
"06/27/2013","8.15","8.35","8.40","8.15","2.48M","+0.00%"
"06/26/2013","8.15","8.25","8.45","8.05","4.15M","-1.21%"
"06/25/2013","8.25","8.30","8.35","8.10","4.96M","-0.60%"
"06/24/2013","8.30","8.75","8.75","8.25","6.26M","-3.49%"
"06/21/2013","8.60","8.55","8.85","8.40","9.31M","+0.00%"
"06/20/2013","8.60","8.80","8.80","8.60","3.81M","-3.37%"
"06/19/2013","8.90","8.90","9.00","8.70","4.19M","+1.14%"
"06/18/2013","8.80","8.85","9.00","8.65","5.09M","-0.56%"
"06/17/2013","8.85","9.15","9.15","8.70","4.47M","+0.00%"
"06/14/2013","8.85","8.60","8.90","8.60","12.91M","+4.12%"
"06/13/2013","8.50","8.75","8.75","8.45","5.98M","-3.41%"
"06/12/2013","8.80","9.10","9.10","8.70","7.13M","-2.76%"
"06/11/2013","9.05","9.45","9.60","9.00","9.15M","-6.70%"
"06/10/2013","9.70","9.90","10.00","9.65","3.97M","-1.52%"
"06/07/2013","9.85","10.05","10.10","9.80","5.63M","-1.99%"
"06/06/2013","10.05","10.10","10.15","9.90","3.91M","-0.50%"
"06/05/2013","10.10","9.85","10.30","9.80","7.48M","+2.54%"
"06/04/2013","9.85","9.75","10.20","9.55","16.71M","+1.03%"
"06/03/2013","9.75","10.85","10.85","9.75","16.03M","-9.72%"
"05/31/2013","10.80","11.75","11.90","10.80","21.32M","-10.00%"
"05/30/2013","12.00","12.05","12.15","11.90","3.36M","-0.83%"
"05/29/2013","12.10","12.15","12.30","12.05","4.36M","-1.22%"
"05/28/2013","12.25","12.30","12.45","12.20","3.55M","+0.82%"
"05/27/2013","12.15","12.15","12.35","12.10","3.50M","+0.00%"
"05/24/2013","12.15","12.40","12.50","12.05","5.94M","-0.82%"
"05/23/2013","12.25","12.75","12.75","12.20","6.69M","-4.30%"
"05/22/2013","12.80","13.00","13.15","12.75","3.15M","-1.16%"
"05/21/2013","12.95","13.20","13.25","12.85","2.68M","-1.89%"
"05/20/2013","13.20","13.25","13.70","13.15","5.59M","-0.38%"
"05/17/2013","13.25","13.00","13.50","12.95","7.06M","+1.92%"
"05/16/2013","13.00","13.15","13.25","12.90","4.03M","-1.14%"
"05/15/2013","13.15","13.05","13.25","13.00","4.39M","+1.54%"
"05/14/2013","12.95","12.95","13.10","12.85","3.54M","+0.78%"
"05/13/2013","12.85","13.20","13.20","12.80","4.74M","-2.65%"
"05/10/2013","13.20","13.20","13.35","13.15","3.03M","+0.00%"
"05/09/2013","13.20","13.40","13.45","13.15","4.05M","-1.12%"
"05/08/2013","13.35","13.65","13.65","13.20","6.64M","-1.11%"
"05/07/2013","13.50","13.50","13.65","13.30","9.86M","+1.50%"
"05/06/2013","13.30","13.30","13.40","13.20","8.90M","+1.92%"
"05/03/2013","13.05","13.40","13.45","12.90","6.14M","-1.88%"
"05/02/2013","13.30","13.40","13.55","13.15","15.03M","-0.37%"
"04/30/2013","13.35","13.20","13.70","12.75","17.72M","+1.91%"
"04/29/2013","13.10","13.00","13.30","12.95","10.70M","+2.34%"
"04/26/2013","12.80","13.10","13.25","12.65","10.33M","-1.92%"
"04/25/2013","13.05","13.40","13.50","12.95","10.51M","-1.14%"
"04/23/2013","13.20","13.55","13.60","13.10","7.63M","-1.86%"
"04/22/2013","13.45","13.05","13.85","12.70","18.81M","+3.07%"
"04/18/2013","13.05","12.90","13.20","12.90","11.43M","+1.56%"
"04/17/2013","12.85","12.85","13.25","12.65","16.54M","+1.58%"
"04/16/2013","12.65","12.50","12.70","12.45","7.31M","+0.40%"
"04/15/2013","12.60","12.55","12.80","12.50","10.24M","+2.02%"
"04/12/2013","12.35","12.35","12.50","12.15","6.85M","+0.00%"
"04/11/2013","12.35","12.40","12.50","12.30","3.68M","+0.00%"
"04/10/2013","12.35","12.40","12.55","12.20","7.74M","-0.40%"
"04/09/2013","12.40","12.65","12.65","12.35","6.51M","+0.00%"
"04/08/2013","12.40","12.65","12.65","12.35","4.60M","-0.80%"
"04/05/2013","12.50","12.40","12.65","12.40","4.94M","+0.00%"
"04/04/2013","12.50","12.80","12.80","12.35","11.42M","-2.34%"
"04/03/2013","12.80","12.85","13.40","12.75","23.97M","+0.00%"
"04/02/2013","12.80","12.80","12.90","12.65","13.49M","+1.19%"
"04/01/2013","12.65","12.65","13.05","12.60","18.23M","+1.20%"
"03/28/2013","12.50","12.35","12.65","12.15","15.53M","+1.63%"
"03/26/2013","12.30","12.40","12.70","12.20","16.73M","-0.81%"
"03/25/2013","12.40","12.80","13.10","12.20","29.23M","+0.40%"
"03/22/2013","12.35","12.60","12.85","12.10","26.91M","-1.59%"
"03/21/2013","12.55","13.15","13.25","12.50","29.45M","-3.09%"
"03/20/2013","12.95","13.40","13.55","12.85","16.71M","-3.36%"
"03/19/2013","13.40","13.75","14.00","13.30","19.53M","-2.55%"
"03/18/2013","13.75","13.75","14.00","13.40","14.01M","+0.00%"
"03/15/2013","13.75","14.30","14.30","13.60","26.85M","-0.72%"
"03/14/2013","13.85","14.50","14.50","13.70","32.46M","-3.15%"
"03/13/2013","14.30","14.70","14.90","14.20","26.85M","-4.03%"
"03/12/2013","14.90","15.60","15.60","14.75","22.73M","-3.87%"
"03/11/2013","15.50","16.00","16.00","15.45","18.78M","+0.00%"
"03/08/2013","15.50","16.00","16.35","15.45","21.69M","-0.64%"
"03/07/2013","15.60","16.25","16.45","15.45","20.60M","-3.70%"
"03/06/2013","16.20","16.75","16.90","16.05","20.50M","-0.31%"
"03/05/2013","16.25","16.55","16.95","16.05","18.09M","+0.62%"
"03/04/2013","16.15","17.50","17.80","14.90","35.50M","-7.18%"
"03/01/2013","17.40","16.15","19.05","16.15","86.49M","+18.37%"
"02/28/2013","14.70","22.50","23.30","12.25","349.34M","-33.93%"
"02/27/2013","22.25","19.95","22.85","19.80","96.11M","+14.10%"
"02/26/2013","19.50","20.45","20.75","19.35","30.24M","-4.65%"
"02/25/2013","20.45","21.55","21.70","19.55","29.93M","-3.99%"
"02/22/2013","21.30","21.10","21.65","21.10","18.37M","+0.47%"
"02/21/2013","21.20","21.10","21.90","21.00","24.54M","-1.85%"
"02/20/2013","21.60","21.30","22.10","21.20","30.49M","+2.37%"
"02/19/2013","21.10","20.50","21.40","20.50","34.07M","+2.93%"
"02/18/2013","20.50","19.70","20.75","19.65","22.54M","+2.76%"
"02/15/2013","19.95","19.65","20.30","18.15","79.64M","-8.49%"
"02/14/2013","21.80","21.00","22.50","19.95","45.82M","+3.56%"
"02/13/2013","21.05","22.05","22.35","20.80","22.14M","-4.10%"
"02/12/2013","21.95","22.75","22.80","21.75","25.73M","-3.73%"
"02/11/2013","22.80","22.85","23.20","22.30","34.91M","-0.44%"
"02/08/2013","22.90","23.25","23.35","22.75","39.61M","-2.14%"
"02/07/2013","23.40","24.30","24.50","23.25","48.97M","-4.68%"
"02/06/2013","24.55","23.55","24.75","23.35","81.88M","+4.91%"
"02/05/2013","23.40","22.50","23.70","22.20","68.73M","+3.31%"
"02/04/2013","22.65","23.30","23.55","22.35","81.58M","-1.95%"
"02/01/2013","23.10","23.20","24.40","22.85","118.83M","+2.44%"
"01/31/2013","22.55","19.90","23.60","19.85","202.13M","+15.94%"
"01/30/2013","19.45","19.50","19.85","19.15","28.53M","+0.52%"
"01/29/2013","19.35","19.65","20.10","19.00","46.64M","-2.03%"
"01/28/2013","19.75","19.50","20.15","18.95","66.74M","+2.07%"
"01/25/2013","19.35","17.05","19.55","17.00","112.37M","+16.92%"
"01/24/2013","16.55","17.10","17.40","16.45","24.03M","-3.22%"
"01/23/2013","17.10","17.45","17.65","16.85","27.94M","-0.58%"
"01/22/2013","17.20","17.50","17.65","17.10","14.53M","-1.43%"
"01/21/2013","17.45","17.50","17.80","17.30","21.85M","+0.00%"
"01/18/2013","17.45","18.00","18.10","17.35","20.03M","-1.97%"
"01/17/2013","17.80","18.10","18.25","17.70","28.85M","+2.01%"
"01/16/2013","17.45","17.95","18.25","17.35","23.97M","-2.79%"
"01/15/2013","17.95","18.30","18.55","17.90","24.71M","-1.37%"
"01/14/2013","18.20","17.90","18.25","17.35","33.28M","+2.82%"
"01/11/2013","17.70","18.80","19.00","17.65","63.83M","-5.35%"
"01/10/2013","18.70","18.35","19.20","18.25","117.81M","+3.03%"
"01/09/2013","18.15","17.00","18.30","16.95","98.13M","+7.08%"
"01/08/2013","16.95","17.25","17.30","16.85","19.53M","-1.45%"
"01/07/2013","17.20","17.40","17.70","17.10","30.93M","+1.78%"
"01/04/2013","16.90","16.95","17.20","16.85","30.18M","+0.60%"
"01/03/2013","16.80","17.15","17.25","16.75","18.71M","-1.75%"
"01/02/2013","17.10","17.40","17.50","17.05","26.00M","-0.87%"
"01/01/2013","17.25","17.35","17.50","17.15","16.24M","+1.17%"
"12/31/2012","17.05","17.85","18.00","16.95","37.21M","-3.94%"
"12/28/2012","17.75","16.55","18.35","16.55","108.72M","+7.58%"
"12/27/2012","16.50","16.25","16.75","16.00","40.38M","+2.17%"
"12/26/2012","16.15","16.50","16.50","15.40","86.02M","-1.82%"
"12/24/2012","16.45","16.75","17.00","16.35","14.52M","-1.79%"
"12/21/2012","16.75","16.95","17.15","16.65","22.73M","-2.05%"
"12/20/2012","17.10","17.25","17.65","16.95","39.80M","-0.29%"
"12/19/2012","17.15","17.00","17.45","16.55","27.49M","+0.88%"
"12/18/2012","17.00","17.40","17.60","16.80","17.74M","-1.73%"
"12/17/2012","17.30","17.20","17.70","17.15","15.05M","+1.17%"
"12/14/2012","17.10","16.90","17.30","16.85","16.11M","+1.79%"
"12/13/2012","16.80","16.80","17.45","16.65","20.90M","+0.00%"
"12/12/2012","16.80","17.00","17.05","16.55","8.46M","-0.59%"
"12/11/2012","16.90","17.30","17.45","16.65","12.59M","-1.46%"
"12/10/2012","17.15","17.25","17.60","17.10","10.56M","+0.00%"
"12/07/2012","17.15","17.40","17.75","17.10","15.55M","-2.00%"
"12/06/2012","17.50","17.70","17.70","17.15","18.22M","+0.29%"
"12/05/2012","17.45","17.10","17.95","17.10","26.20M","+0.87%"
"12/04/2012","17.30","18.10","18.10","17.10","28.04M","-3.62%"
"12/03/2012","17.95","18.25","18.60","17.75","40.15M","+0.00%"
"11/30/2012","17.95","17.35","18.75","17.20","106.43M","+5.28%"
"11/29/2012","17.05","15.90","17.35","15.80","75.15M","+8.60%"
"11/27/2012","15.70","14.20","16.00","14.20","56.06M","+10.56%"
"11/26/2012","14.20","14.05","14.35","13.95","10.91M","+1.43%"
"11/23/2012","14.00","13.95","14.20","13.90","5.74M","+0.00%"
"11/22/2012","14.00","14.10","14.25","13.95","5.73M","-0.71%"
"11/21/2012","14.10","14.25","14.35","14.05","5.97M","-1.05%"
"11/20/2012","14.25","14.30","14.70","14.15","12.74M","+0.35%"
"11/19/2012","14.20","14.30","14.55","14.15","8.02M","+0.00%"
"11/16/2012","14.20","14.30","14.50","14.10","8.86M","-1.39%"
"11/15/2012","14.40","14.15","14.85","14.05","9.94M","+0.35%"
"11/13/2012","14.35","14.10","14.45","14.10","4.29M","+2.14%"
"11/12/2012","14.05","14.05","14.25","13.80","8.36M","-1.40%"
"11/09/2012","14.25","14.25","14.55","14.15","10.70M","-0.35%"
"11/08/2012","14.30","14.30","14.35","14.15","6.26M","-0.35%"
"11/07/2012","14.35","14.25","14.50","14.25","6.63M","+0.35%"
"11/06/2012","14.30","14.15","14.45","14.15","5.47M","+0.00%"
"11/05/2012","14.30","14.30","14.50","14.25","6.58M","-0.35%"
"11/02/2012","14.35","14.55","14.75","14.25","9.26M","-0.69%"
"11/01/2012","14.45","14.55","14.70","14.30","9.44M","-0.34%"
"10/31/2012","14.50","14.60","14.60","14.35","8.12M","+0.00%"
"10/30/2012","14.50","14.95","15.35","14.15","23.92M","-0.68%"
"10/29/2012","14.60","14.30","14.80","14.00","12.05M","+2.46%"
"10/26/2012","14.25","14.45","14.45","14.00","12.81M","-2.06%"
"10/25/2012","14.55","14.20","14.75","13.95","26.68M","+1.75%"
"10/23/2012","14.30","14.70","14.80","14.20","18.88M","-2.72%"
"10/22/2012","14.70","14.30","15.00","14.30","16.89M","+2.44%"
"10/19/2012","14.35","14.55","14.55","14.25","8.69M","-0.69%"
"10/18/2012","14.45","14.40","14.60","14.35","8.32M","+0.70%"
"10/17/2012","14.35","14.65","14.70","14.25","10.57M","-0.35%"
"10/16/2012","14.40","14.70","14.80","14.30","10.43M","-1.37%"
"10/15/2012","14.60","14.60","14.90","14.45","15.01M","+0.00%"
"10/12/2012","14.60","14.70","15.20","14.40","21.61M","-1.68%"
"10/11/2012","14.85","14.95","15.00","14.40","25.14M","-2.30%"
"10/10/2012","15.20","15.60","15.60","15.15","9.97M","-3.49%"
"10/09/2012","15.75","16.00","16.25","15.65","7.43M","-1.25%"
"10/08/2012","15.95","16.15","16.40","15.85","7.11M","-0.93%"
"10/05/2012","16.10","16.55","16.70","15.90","9.67M","-2.13%"
"10/04/2012","16.45","16.40","16.90","16.35","15.64M","+0.92%"
"10/03/2012","16.30","16.50","16.65","16.15","10.63M","-1.21%"
"10/01/2012","16.50","16.55","16.60","16.00","21.50M","+1.23%"
"09/28/2012","16.30","16.55","16.95","16.20","15.12M","-0.91%"
"09/27/2012","16.45","16.60","16.85","16.30","20.79M","-0.60%"
"09/26/2012","16.55","16.90","17.25","16.45","21.44M","-2.93%"
"09/25/2012","17.05","17.35","17.65","16.70","30.37M","+0.29%"
"09/24/2012","17.00","16.00","17.40","15.90","42.14M","+6.92%"
"09/21/2012","15.90","15.25","16.05","15.05","19.02M","+4.95%"
"09/20/2012","15.15","15.60","15.60","14.90","13.93M","-3.81%"
"09/18/2012","15.75","15.40","16.05","15.30","15.15M","+2.61%"
"09/17/2012","15.35","14.95","15.80","14.90","18.58M","+3.72%"
"09/14/2012","14.80","14.90","15.15","14.65","17.79M","+1.02%"
"09/13/2012","14.65","14.70","14.85","14.35","7.61M","+0.34%"
"09/12/2012","14.60","14.15","14.70","14.15","10.24M","+2.82%"
"09/11/2012","14.20","14.00","14.25","13.90","5.55M","+1.07%"
"09/10/2012","14.05","14.00","14.15","13.95","4.65M","-0.35%"
"09/07/2012","14.10","14.05","14.25","14.00","8.68M","+1.08%"
"09/06/2012","13.95","13.75","14.20","13.75","8.03M","+0.36%"
"09/05/2012","13.90","13.80","14.05","13.80","7.03M","-0.71%"
"09/04/2012","14.00","13.95","14.15","13.85","8.83M","+1.82%"
"09/03/2012","13.75","13.85","14.45","13.60","19.58M","+0.00%"
"08/31/2012","13.75","13.75","13.95","13.55","13.95M","+0.00%"
"08/30/2012","13.75","13.75","14.15","13.60","14.23M","+0.00%"
"08/29/2012","13.75","13.80","14.00","13.60","15.80M","-0.72%"
"08/28/2012","13.85","13.95","14.30","13.75","17.80M","-1.42%"
"08/27/2012","14.05","14.75","14.90","13.95","23.36M","-5.39%"
"08/24/2012","14.85","15.10","15.25","14.70","14.81M","-2.30%"
"08/23/2012","15.20","15.15","15.40","15.05","8.36M","+0.00%"
"08/22/2012","15.20","15.35","15.60","14.95","12.93M","-1.62%"
"08/21/2012","15.45","15.45","15.70","15.30","9.18M","+0.00%"
"08/17/2012","15.45","15.60","15.90","15.30","10.37M","-0.96%"
"08/16/2012","15.60","15.65","15.90","15.55","9.01M","+0.00%"
"08/14/2012","15.60","14.80","15.90","14.80","23.83M","-4.00%"
"08/13/2012","16.25","15.90","16.50","15.90","12.14M","+2.52%"
"08/10/2012","15.85","15.75","16.15","15.75","7.66M","+0.32%"
"08/09/2012","15.80","16.10","16.25","15.65","12.88M","-1.25%"
"08/08/2012","16.00","16.55","16.60","15.95","13.60M","-2.74%"
"08/07/2012","16.45","16.55","16.65","16.35","10.20M","+0.00%"
"08/06/2012","16.45","16.70","16.85","16.35","11.93M","+0.00%"
"08/03/2012","16.45","16.75","16.85","16.30","13.62M","-2.95%"
"08/02/2012","16.95","17.10","17.20","16.80","6.91M","-0.88%"
"08/01/2012","17.10","17.00","17.40","16.90","16.42M","+0.88%"
"07/31/2012","16.95","17.80","17.80","16.85","29.53M","-3.42%"
"07/30/2012","17.55","16.00","17.70","15.85","40.24M","+11.43%"
"07/27/2012","15.75","16.00","16.30","15.60","14.82M","-0.63%"
"07/26/2012","15.85","16.00","16.40","15.70","22.84M","+0.00%"
"07/25/2012","15.85","15.95","16.15","15.70","18.72M","-1.55%"
"07/24/2012","16.10","16.05","16.35","15.75","14.75M","+0.31%"
"07/23/2012","16.05","16.30","16.35","16.00","9.56M","-2.43%"
"07/20/2012","16.45","16.55","16.65","16.35","8.57M","-0.60%"
"07/19/2012","16.55","16.75","17.05","16.55","13.26M","-0.60%"
"07/18/2012","16.65","16.55","16.85","16.40","9.98M","-0.30%"
"07/17/2012","16.70","17.45","17.60","16.55","16.11M","-4.02%"
"07/16/2012","17.40","17.65","17.90","17.25","11.27M","-1.69%"
"07/13/2012","17.70","17.85","18.20","17.65","11.01M","-0.56%"
"07/12/2012","17.80","17.95","18.15","17.70","14.60M","-1.93%"
"07/11/2012","18.15","17.95","18.60","17.80","32.71M","+1.11%"
"07/10/2012","17.95","17.70","18.10","17.70","12.45M","+1.13%"
"07/09/2012","17.75","18.05","18.15","17.50","22.75M","-2.20%"
"07/06/2012","18.15","17.70","18.30","17.50","35.26M","+2.54%"
"07/05/2012","17.70","17.45","17.85","17.40","20.69M","+1.14%"
"07/04/2012","17.50","17.40","17.75","17.25","18.75M","+1.16%"
"07/03/2012","17.30","17.45","17.65","17.05","21.61M","-0.29%"
"07/02/2012","17.35","17.25","17.50","16.75","22.58M","+1.46%"
"06/29/2012","17.10","16.70","17.15","16.70","22.56M","+3.64%"
"06/28/2012","16.50","16.70","17.10","16.35","31.00M","-0.60%"
"06/27/2012","16.60","16.55","16.75","16.45","22.41M","+0.91%"
"06/26/2012","16.45","16.40","16.60","16.15","17.63M","+0.92%"
"06/25/2012","16.30","16.25","16.65","16.20","22.66M","+1.88%"
"06/22/2012","16.00","16.00","16.05","15.85","12.94M","-0.62%"
"06/21/2012","16.10","15.90","16.25","15.90","12.93M","+0.63%"
"06/20/2012","16.00","15.90","16.20","15.90","8.63M","+0.63%"
"06/19/2012","15.90","16.00","16.15","15.80","13.04M","-1.55%"
"06/18/2012","16.15","16.55","16.65","15.95","19.82M","-2.12%"
"06/15/2012","16.50","16.30","16.75","16.05","22.18M","+1.54%"
"06/14/2012","16.25","16.50","16.55","16.10","15.22M","-0.91%"
"06/13/2012","16.40","16.35","16.65","16.20","19.69M","+0.31%"
"06/12/2012","16.35","16.55","16.60","16.20","33.22M","-2.10%"
"06/11/2012","16.70","16.70","17.20","16.55","30.12M","+0.91%"
"06/08/2012","16.55","16.55","17.05","16.30","31.17M","-0.90%"
"06/07/2012","16.70","16.55","17.10","16.00","39.64M","+3.73%"
"06/06/2012","16.10","15.95","16.40","15.90","25.00M","+2.22%"
"06/05/2012","15.75","16.00","16.10","15.60","24.33M","-0.63%"
"06/04/2012","15.85","16.00","16.25","15.60","22.82M","-1.55%"
"06/01/2012","16.10","16.55","16.75","16.00","40.21M","-2.13%"
"05/31/2012","16.45","17.85","17.90","16.30","109.05M","-9.37%"
"05/30/2012","18.15","19.30","19.35","18.00","30.64M","-5.96%"
"05/29/2012","19.30","19.35","19.65","18.90","25.14M","+1.85%"
"05/28/2012","18.95","18.80","19.10","17.90","31.77M","-1.04%"
"05/25/2012","19.15","19.30","19.60","18.90","11.94M","-0.26%"
"05/24/2012","19.20","19.35","19.75","19.00","16.09M","-0.26%"
"05/23/2012","19.25","19.45","19.65","18.95","17.14M","-2.53%"
"05/22/2012","19.75","20.00","20.30","19.55","26.02M","+0.25%"
"05/21/2012","19.70","18.60","20.00","18.60","31.90M","+6.78%"
"05/18/2012","18.45","17.90","18.70","17.70","25.20M","+0.54%"
"05/17/2012","18.35","17.70","18.55","17.55","20.61M","+3.67%"
"05/16/2012","17.70","17.55","18.25","17.05","32.04M","-2.75%"
"05/15/2012","18.20","17.45","18.65","17.10","26.23M","+3.12%"
"05/14/2012","17.65","17.45","18.10","17.45","16.64M","+1.44%"
"05/11/2012","17.40","17.60","17.90","17.20","30.35M","-2.52%"
"05/10/2012","17.85","18.75","19.10","17.70","31.90M","-5.05%"
"05/09/2012","18.80","19.30","19.60","18.55","21.05M","-3.84%"
"05/08/2012","19.55","20.25","20.65","19.30","21.13M","-2.98%"
"05/07/2012","20.15","19.80","20.35","19.20","20.40M","-0.49%"
"05/04/2012","20.25","19.60","20.65","19.50","25.57M","+2.02%"
"05/03/2012","19.85","20.20","20.45","19.55","19.17M","-3.41%"
"05/02/2012","20.55","21.10","21.30","20.40","16.64M","-1.67%"
"04/30/2012","20.90","20.20","21.25","20.10","17.98M","+6.63%"
"04/27/2012","19.60","20.20","20.55","19.35","16.81M","-4.39%"
"04/26/2012","20.50","20.30","20.70","20.05","20.29M","-0.24%"
"04/25/2012","20.55","20.65","20.90","20.00","16.97M","-1.44%"
"04/24/2012","20.85","20.80","21.25","20.40","14.21M","+0.24%"
"04/23/2012","20.80","21.60","21.75","20.55","18.79M","-3.26%"
"04/20/2012","21.50","22.00","22.05","21.20","15.58M","-2.49%"
"04/19/2012","22.05","22.05","22.25","21.90","7.88M","-0.45%"
"04/18/2012","22.15","22.30","22.50","21.95","13.66M","-0.67%"
"04/17/2012","22.30","22.05","22.55","22.05","10.77M","+0.68%"
"04/16/2012","22.15","22.05","22.40","21.90","10.58M","+0.00%"
"04/13/2012","22.15","22.50","23.05","22.10","18.46M","-1.56%"
"04/12/2012","22.50","22.45","22.80","22.25","20.51M","+0.45%"
"04/11/2012","22.40","22.05","23.05","21.70","31.40M","+0.45%"
"04/10/2012","22.30","22.50","22.70","22.05","19.18M","-0.45%"
"04/09/2012","22.40","23.05","23.45","22.30","34.41M","-3.03%"
"04/04/2012","23.10","23.30","23.80","22.80","26.64M","-1.70%"
"04/03/2012","23.50","23.80","24.25","23.30","29.20M","-0.84%"
"04/02/2012","23.70","23.30","24.00","23.25","26.50M","+2.16%"
"03/30/2012","23.20","24.25","24.50","22.85","42.93M","-3.13%"
"03/29/2012","23.95","24.60","24.60","23.85","23.11M","-3.04%"
"03/28/2012","24.70","25.15","25.80","24.50","22.96M","-1.98%"
"03/27/2012","25.20","25.55","25.65","25.00","21.34M","+1.00%"
"03/26/2012","24.95","25.55","25.75","24.80","23.38M","-2.92%"
"03/23/2012","25.70","25.25","26.10","24.80","23.83M","+2.19%"
"03/22/2012","25.15","26.80","26.80","25.00","28.09M","-5.98%"
"03/21/2012","26.75","25.30","26.90","25.00","31.62M","+5.73%"
"03/20/2012","25.30","25.15","25.65","24.80","16.62M","+0.80%"
"03/19/2012","25.10","26.10","26.35","25.00","22.37M","-3.46%"
"03/16/2012","26.00","26.70","27.45","25.45","37.93M","-1.89%"
"03/15/2012","26.50","27.75","27.80","26.15","39.04M","-3.81%"
"03/14/2012","27.55","27.30","28.30","27.00","49.23M","+2.80%"
"03/13/2012","26.80","26.30","27.80","26.05","58.48M","+3.28%"
"03/12/2012","25.95","25.85","26.15","25.15","21.88M","+2.37%"
"03/09/2012","25.35","25.45","25.80","24.85","25.22M","+1.60%"
"03/07/2012","24.95","24.80","25.45","24.35","20.37M","-0.20%"
"03/06/2012","25.00","24.85","26.15","24.50","29.64M","-2.15%"
"03/05/2012","25.55","26.55","27.20","25.25","39.07M","-4.66%"
"03/02/2012","26.80","27.55","28.20","26.50","66.34M","-1.65%"
"03/01/2012","27.25","24.15","28.00","23.50","95.60M","+11.68%"
"02/29/2012","24.40","24.75","25.20","23.60","32.72M","+1.24%"
"02/28/2012","24.10","22.95","24.30","22.85","31.20M","+7.11%"
"02/27/2012","22.50","24.60","24.80","22.15","30.67M","-8.35%"
"02/24/2012","24.55","25.70","26.20","24.35","36.71M","-4.29%"
"02/23/2012","25.65","26.00","26.70","25.00","39.85M","-1.72%"
"02/22/2012","26.10","28.45","29.40","25.65","56.24M","-7.12%"
"02/21/2012","28.10","26.80","28.35","26.80","36.73M","+5.44%"
"02/17/2012","26.65","27.55","28.50","26.20","37.64M","-1.48%"
"02/16/2012","27.05","26.30","27.70","26.20","30.31M","+1.69%"
"02/15/2012","26.60","25.90","27.05","25.85","34.47M","+5.14%"
"02/14/2012","25.30","25.70","25.85","24.90","33.48M","-3.07%"
"02/13/2012","26.10","27.65","27.80","25.55","43.32M","-7.77%"
"02/10/2012","28.30","29.05","29.75","27.45","45.16M","-2.08%"
"02/09/2012","28.90","27.10","29.10","26.85","40.77M","+5.86%"
"02/08/2012","27.30","27.05","27.80","26.75","19.47M","+2.06%"
"02/07/2012","26.75","27.60","27.95","26.45","19.36M","-2.55%"
"02/06/2012","27.45","27.35","28.15","27.10","22.78M","+1.48%"
"02/03/2012","27.05","27.20","27.35","26.55","23.26M","-0.37%"
"02/02/2012","27.15","27.45","28.20","26.75","38.98M","+0.00%"
"02/01/2012","27.15","25.65","27.30","25.40","43.87M","+5.64%"
"01/31/2012","25.70","24.60","25.90","24.40","28.76M","+6.20%"
"01/30/2012","24.20","26.25","26.25","23.95","41.24M","-7.81%"
"01/27/2012","26.25","25.35","26.70","25.25","46.45M","+5.00%"
"01/25/2012","25.00","24.60","25.50","24.60","46.15M","+2.46%"
"01/24/2012","24.40","24.25","25.00","24.05","42.90M","+1.88%"
"01/23/2012","23.95","22.55","24.30","22.40","54.11M","+5.97%"
"01/20/2012","22.60","21.00","22.75","20.85","41.49M","+8.39%"
"01/19/2012","20.85","20.75","21.05","20.55","16.03M","+2.46%"
"01/18/2012","20.35","21.40","21.40","20.20","21.22M","-3.33%"
"01/17/2012","21.05","21.10","21.50","20.70","32.42M","+1.94%"
"01/16/2012","20.65","20.90","21.25","20.10","31.79M","+0.24%"
"01/13/2012","20.60","19.25","20.85","19.05","51.59M","+8.71%"
"01/12/2012","18.95","18.80","19.45","18.45","27.61M","+0.80%"
"01/11/2012","18.80","18.30","19.00","17.95","32.85M","+4.16%"
"01/10/2012","18.05","17.45","18.20","17.35","25.51M","+4.34%"
"01/09/2012","17.30","16.90","17.40","16.30","25.33M","+3.59%"
"01/06/2012","16.70","16.60","17.10","16.15","28.82M","-0.30%"
"01/05/2012","16.75","16.90","17.70","16.60","33.41M","-0.89%"
"01/04/2012","16.90","17.45","17.45","16.70","21.48M","-2.31%"
"01/03/2012","17.30","17.00","17.40","16.85","15.25M","+4.53%"
"01/02/2012","16.55","16.75","16.80","15.80","20.24M","+0.00%"
"12/30/2011","16.55","16.45","16.65","16.20","19.26M","+2.16%"
"12/29/2011","16.20","17.20","17.40","16.00","33.62M","-8.22%"
"12/28/2011","17.65","17.35","17.80","16.95","18.72M","+1.44%"
"12/27/2011","17.40","18.20","18.20","17.15","16.17M","-3.06%"
"12/26/2011","17.95","17.45","18.25","17.35","15.91M","+3.16%"
"12/23/2011","17.40","17.40","17.85","17.20","20.40M","+1.75%"
"12/22/2011","17.10","16.30","17.35","16.05","29.28M","+3.95%"
"12/21/2011","16.45","17.00","17.05","16.15","23.23M","+1.23%"
"12/20/2011","16.25","16.95","16.95","16.00","19.97M","-1.81%"
"12/19/2011","16.55","17.55","17.60","16.25","25.49M","-5.43%"
"12/16/2011","17.50","18.90","19.20","17.35","23.99M","-6.42%"
"12/15/2011","18.70","19.40","19.40","18.15","25.45M","-5.08%"
"12/14/2011","19.70","19.80","20.30","19.55","14.44M","-1.25%"
"12/13/2011","19.95","19.85","20.20","19.60","16.81M","+0.00%"
"12/12/2011","19.95","21.00","21.05","19.80","18.42M","-2.92%"
"12/09/2011","20.55","20.65","21.05","20.20","18.83M","-2.38%"
"12/08/2011","21.05","21.85","22.05","20.95","22.74M","-3.44%"
"12/07/2011","21.80","22.15","22.25","21.60","17.90M","+0.23%"
"12/05/2011","21.75","21.95","22.15","21.50","17.62M","-0.46%"
"12/02/2011","21.85","21.55","22.00","21.05","18.45M","+1.39%"
"12/01/2011","21.55","22.20","22.50","21.15","22.52M","+1.17%"
"11/30/2011","21.30","21.35","21.50","20.60","25.20M","-0.23%"
"11/29/2011","21.35","21.55","22.30","21.20","31.82M","+0.47%"
"11/28/2011","21.25","21.10","21.50","21.00","22.20M","+3.66%"
"11/25/2011","20.50","21.40","21.70","20.30","33.77M","-4.43%"
"11/24/2011","21.45","20.40","21.75","20.25","57.19M","+6.72%"
"11/23/2011","20.10","20.20","20.60","19.35","43.67M","-0.74%"
"11/22/2011","20.25","19.95","21.30","19.70","58.99M","+3.32%"
"11/21/2011","19.60","22.00","22.40","19.30","47.20M","-10.50%"
"11/18/2011","21.90","23.35","23.35","20.70","63.34M","-7.01%"
"11/17/2011","23.55","26.95","27.05","23.30","88.27M","-11.96%"
"11/16/2011","26.75","28.85","28.95","26.40","25.52M","-7.12%"
"11/15/2011","28.80","30.10","30.55","28.40","11.53M","-4.64%"
"11/14/2011","30.20","32.35","32.45","30.05","12.09M","-4.88%"
"11/11/2011","31.75","32.85","33.00","31.70","12.35M","-3.20%"
"11/09/2011","32.80","34.20","34.30","32.60","13.20M","-3.81%"
"11/08/2011","34.10","33.95","34.30","33.45","9.08M","+0.74%"
"11/04/2011","33.85","33.95","34.35","33.65","8.14M","+1.20%"
"11/03/2011","33.45","33.55","33.90","33.10","12.59M","-0.45%"
"11/02/2011","33.60","33.95","34.35","33.50","13.58M","-1.75%"
"11/01/2011","34.20","35.10","35.45","33.95","10.37M","-3.39%"
"10/31/2011","35.40","35.50","35.90","34.65","15.44M","+0.14%"
"10/28/2011","35.35","34.60","35.55","34.45","12.26M","+5.05%"
"10/25/2011","33.65","33.75","33.95","33.10","8.07M","-0.15%"
"10/24/2011","33.70","34.45","34.85","33.50","12.11M","+1.35%"
"10/21/2011","33.25","33.60","34.10","33.00","10.57M","-0.30%"
"10/20/2011","33.35","33.35","33.75","32.85","8.46M","-0.45%"
"10/19/2011","33.50","34.40","34.50","32.90","12.02M","-0.89%"
"10/18/2011","33.80","34.50","34.50","33.50","6.73M","-2.73%"
"10/17/2011","34.75","34.95","35.35","34.45","6.75M","+0.14%"
"10/14/2011","34.70","34.65","35.10","34.50","6.66M","+0.14%"
"10/13/2011","34.65","35.20","35.35","34.50","10.90M","-0.86%"
"10/12/2011","34.95","34.55","35.10","34.40","9.44M","+2.19%"
"10/11/2011","34.20","34.80","35.00","33.90","12.85M","-0.44%"
"10/10/2011","34.35","33.00","34.50","32.95","11.23M","+4.09%"
"10/07/2011","33.00","33.25","33.55","32.50","9.58M","+3.13%"
"10/05/2011","32.00","33.25","33.45","31.75","11.46M","-2.14%"
"10/04/2011","32.70","32.75","33.95","32.45","10.65M","-1.65%"
"10/03/2011","33.25","33.30","33.95","32.85","9.74M","-0.60%"
"09/30/2011","33.45","34.50","35.10","33.10","12.64M","-3.32%"
"09/29/2011","34.60","33.75","34.80","33.50","11.99M","+1.91%"
"09/28/2011","33.95","35.45","35.45","33.75","11.14M","-3.14%"
"09/27/2011","35.05","35.35","35.55","34.90","10.01M","+1.89%"
"09/26/2011","34.40","35.70","35.70","33.40","15.02M","-2.41%"
"09/23/2011","35.25","34.00","35.75","33.85","18.10M","+0.86%"
"09/22/2011","34.95","36.90","37.10","34.65","18.94M","-7.66%"
"09/21/2011","37.85","36.75","38.00","36.40","16.14M","+1.88%"
"09/20/2011","37.15","36.35","37.35","36.25","9.35M","+2.77%"
"09/19/2011","36.15","36.20","37.15","35.85","7.40M","-0.28%"
"09/16/2011","36.25","37.65","37.65","35.90","14.47M","-2.29%"
"09/15/2011","37.10","36.50","37.30","36.05","10.79M","+3.34%"
"09/14/2011","35.90","36.35","36.55","35.35","12.27M","-0.28%"
"09/13/2011","36.00","36.35","37.35","35.70","15.20M","+0.14%"
"09/12/2011","35.95","36.95","37.20","35.55","14.67M","-4.52%"
"09/09/2011","37.65","38.55","39.00","37.35","17.25M","-2.33%"
"09/08/2011","38.55","38.20","39.05","37.55","23.99M","+1.58%"
"09/07/2011","37.95","37.20","38.15","37.05","18.69M","+2.43%"
"09/06/2011","37.05","36.65","37.45","35.00","25.22M","+1.09%"
"09/05/2011","36.65","34.75","36.75","33.95","29.99M","+5.16%"
"09/02/2011","34.85","34.45","35.10","33.50","19.16M","+2.95%"
"08/30/2011","33.85","33.40","34.05","33.00","17.91M","+3.52%"
"08/29/2011","32.70","32.05","33.00","31.95","18.94M","+3.97%"
"08/26/2011","31.45","33.05","33.15","31.20","23.84M","-4.41%"
"08/25/2011","32.90","35.00","35.10","32.70","36.19M","-4.50%"
"08/24/2011","34.45","35.70","36.20","34.20","22.21M","-3.37%"
"08/23/2011","35.65","36.45","36.45","35.00","18.54M","-0.42%"
"08/22/2011","35.80","34.40","36.20","33.85","18.88M","+5.29%"
"08/19/2011","34.00","34.95","35.50","33.20","40.47M","-5.42%"
"08/18/2011","35.95","34.45","36.45","34.45","32.39M","+5.58%"
"08/17/2011","34.05","35.00","35.65","33.75","25.46M","-3.40%"
"08/16/2011","35.25","38.95","38.95","34.90","23.04M","-6.99%"
"08/12/2011","37.90","39.60","39.65","37.70","14.33M","-2.19%"
"08/11/2011","38.75","38.45","39.50","38.10","16.63M","+0.52%"
"08/10/2011","38.55","38.70","39.40","38.10","30.69M","+4.33%"
"08/09/2011","36.95","40.30","40.70","36.55","64.55M","-11.07%"
"08/08/2011","41.55","43.15","43.55","41.35","41.74M","-6.94%"
"08/05/2011","44.65","45.75","46.05","43.25","24.81M","-6.00%"
"08/04/2011","47.50","48.90","49.10","47.20","12.70M","-2.06%"
"08/03/2011","48.50","47.45","48.90","46.85","13.64M","+1.25%"
"08/02/2011","47.90","49.45","49.45","47.65","13.69M","-3.91%"
"08/01/2011","49.85","50.05","50.40","48.85","38.27M","+3.64%"
"07/29/2011","48.10","47.85","49.10","47.80","13.02M","-0.21%"
"07/28/2011","48.20","46.75","48.55","46.25","17.68M","+2.55%"
"07/27/2011","47.00","48.20","48.20","46.45","17.14M","-2.69%"
"07/26/2011","48.30","50.40","50.75","48.10","23.15M","-3.59%"
"07/25/2011","50.10","48.45","51.25","48.10","33.00M","+3.09%"
"07/22/2011","48.60","49.10","49.35","48.20","21.66M","+0.62%"
"07/21/2011","48.30","46.40","49.00","46.05","26.36M","+3.54%"
"07/20/2011","46.65","47.10","47.45","46.50","7.11M","-0.64%"
"07/19/2011","46.95","46.85","47.10","46.30","7.98M","+0.43%"
"07/18/2011","46.75","46.20","47.10","46.15","7.12M","+1.63%"
"07/15/2011","46.00","46.35","46.75","45.70","9.11M","+0.11%"
"07/14/2011","45.95","45.60","46.45","45.20","8.55M","+0.99%"
"07/13/2011","45.50","45.45","46.20","45.20","9.59M","+0.66%"
"07/12/2011","45.20","46.05","46.30","44.45","14.60M","-2.69%"
"07/11/2011","46.45","47.65","47.65","46.25","7.99M","-2.72%"
"07/08/2011","47.75","47.95","48.60","47.55","15.58M","-0.10%"
"07/07/2011","47.80","47.40","48.00","47.25","11.42M","+0.53%"
"07/06/2011","47.55","46.35","47.90","45.95","29.11M","+2.81%"
"07/05/2011","46.25","45.90","46.50","45.20","19.32M","+1.20%"
"07/04/2011","45.70","45.35","46.10","44.30","11.44M","+1.11%"
"07/01/2011","45.20","44.55","45.65","44.25","11.59M","+2.61%"
"06/30/2011","44.05","45.00","45.00","43.80","11.08M","-1.78%"
"06/29/2011","44.85","44.80","45.30","44.60","7.59M","+0.67%"
"06/28/2011","44.55","44.25","44.90","43.55","11.10M","+1.25%"
"06/27/2011","44.00","43.30","44.25","43.00","11.99M","+1.15%"
"06/24/2011","43.50","42.20","43.75","42.10","13.77M","+4.44%"
"06/23/2011","41.65","41.30","41.85","40.25","17.13M","+0.97%"
"06/22/2011","41.25","42.95","43.25","40.85","22.07M","-3.28%"
"06/21/2011","42.65","44.45","45.20","41.65","13.43M","-3.29%"
"06/20/2011","44.10","47.35","47.40","43.65","16.47M","-6.37%"
"06/17/2011","47.10","47.95","48.30","46.95","10.62M","-1.36%"
"06/16/2011","47.75","47.45","48.45","47.05","12.63M","+0.00%"
"06/15/2011","47.75","48.65","48.65","47.45","7.63M","-1.75%"
"06/14/2011","48.60","48.55","49.40","48.30","16.59M","+0.83%"
"06/13/2011","48.20","47.70","48.35","46.90","11.28M","+1.15%"
"06/10/2011","47.65","48.55","48.55","47.30","11.56M","-1.75%"
"06/09/2011","48.50","48.05","48.95","47.65","14.99M","+1.04%"
"06/08/2011","48.00","48.00","48.55","47.45","10.27M","-0.62%"
"06/07/2011","48.30","46.90","48.55","46.80","10.79M","+2.55%"
"06/06/2011","47.10","46.80","47.30","46.00","11.92M","+0.43%"
"06/03/2011","46.90","48.30","49.10","46.50","20.43M","-2.39%"
"06/02/2011","48.05","48.15","49.15","47.60","13.53M","-1.64%"
"06/01/2011","48.85","49.80","49.90","48.55","12.34M","-1.31%"
"05/31/2011","49.50","47.15","49.70","47.00","25.32M","+5.54%"
"05/30/2011","46.90","46.85","47.20","46.30","7.17M","+0.54%"
"05/27/2011","46.65","45.75","46.90","45.75","8.41M","+1.52%"
"05/26/2011","45.95","46.30","46.75","45.60","22.37M","-0.33%"
"05/25/2011","46.10","44.95","46.35","44.50","21.12M","+2.10%"
"05/24/2011","45.15","44.60","45.40","44.55","9.22M","+1.23%"
"05/23/2011","44.60","46.35","46.35","42.40","16.17M","-4.19%"
"05/20/2011","46.55","47.30","47.80","46.30","8.79M","-0.96%"
"05/19/2011","47.00","48.30","48.55","46.65","10.57M","-2.39%"
"05/18/2011","48.15","47.30","48.50","47.15","18.52M","+2.23%"
"05/17/2011","47.10","48.65","49.45","46.65","28.00M","-2.99%"
"05/16/2011","48.55","50.40","50.75","48.15","34.26M","+0.10%"
"05/13/2011","48.50","46.60","49.10","46.60","23.31M","+3.52%"
"05/12/2011","46.85","47.30","48.00","46.45","13.01M","-1.16%"
"05/11/2011","47.40","46.35","47.60","46.15","17.74M","+3.04%"
"05/10/2011","46.00","44.70","46.30","44.35","16.90M","+2.45%"
"05/09/2011","44.90","45.00","45.75","43.35","20.89M","+0.79%"
"05/06/2011","44.55","45.00","45.70","44.00","17.78M","-0.78%"
"05/05/2011","44.90","46.50","47.30","44.60","17.05M","-3.02%"
"05/04/2011","46.30","46.00","47.40","45.75","19.06M","+0.76%"
"05/03/2011","45.95","48.55","48.85","45.70","18.41M","-5.65%"
"05/02/2011","48.70","49.00","49.40","47.50","13.93M","-0.20%"
"04/29/2011","48.80","51.10","51.10","48.45","19.44M","-4.50%"
"04/28/2011","51.10","50.25","51.90","49.50","31.26M","+2.40%"
"04/27/2011","49.90","50.70","51.25","49.65","13.00M","-0.89%"
"04/26/2011","50.35","50.95","50.95","49.40","19.01M","-0.69%"
"04/25/2011","50.70","52.35","52.80","50.55","21.77M","-4.43%"
"04/21/2011","53.05","53.15","53.65","51.95","31.41M","+0.66%"
"04/20/2011","52.70","50.85","52.95","50.20","43.69M","+5.72%"
"04/19/2011","49.85","49.60","50.40","48.25","14.45M","+0.91%"
"04/18/2011","49.40","50.05","51.90","49.15","23.22M","-0.60%"
"04/15/2011","49.70","51.35","52.05","49.50","21.35M","-3.68%"
"04/13/2011","51.60","49.25","51.95","49.10","25.68M","+3.30%"
"04/11/2011","49.95","50.30","52.05","49.70","34.48M","-1.38%"
"04/08/2011","50.65","49.50","51.75","49.20","69.26M","+3.16%"
"04/07/2011","49.10","48.20","49.60","46.80","31.06M","+1.13%"
"04/06/2011","48.55","45.40","49.20","45.15","67.00M","+7.65%"
"04/05/2011","45.10","46.30","46.35","43.90","42.78M","-1.20%"
"04/04/2011","45.65","44.90","46.30","43.65","24.16M","+2.24%"
"04/01/2011","44.65","41.15","45.00","41.15","51.62M","+9.04%"
"03/31/2011","40.95","40.75","41.40","40.40","17.89M","+0.86%"
"03/30/2011","40.60","40.70","41.25","40.40","7.21M","+0.25%"
"03/29/2011","40.50","40.80","41.25","40.40","11.32M","+0.00%"
"03/28/2011","40.50","41.80","42.05","39.85","18.60M","-3.11%"
"03/25/2011","41.80","42.00","42.40","41.65","8.30M","+0.00%"
"03/24/2011","41.80","42.10","42.25","41.40","14.13M","-0.59%"
"03/23/2011","42.05","41.80","42.25","41.10","7.98M","+0.60%"
"03/22/2011","41.80","42.35","42.60","41.60","7.47M","-0.95%"
"03/21/2011","42.20","41.70","42.60","41.35","14.51M","+1.32%"
"03/18/2011","41.65","42.35","42.50","41.40","8.21M","-0.95%"
"03/17/2011","42.05","42.25","42.75","41.85","10.54M","-0.94%"
"03/16/2011","42.45","42.70","43.60","42.30","12.30M","+0.12%"
"03/15/2011","42.40","41.55","43.00","40.50","31.70M","-0.59%"
"03/14/2011","42.65","43.45","44.20","41.10","71.32M","-2.40%"
"03/11/2011","43.70","44.00","44.65","43.45","12.05M","-2.02%"
"03/10/2011","44.60","43.50","44.90","43.05","20.07M","+2.06%"
"03/09/2011","43.70","44.55","44.70","43.20","18.97M","-0.46%"
"03/08/2011","43.90","42.75","44.20","42.70","12.06M","+2.81%"
"03/07/2011","42.70","43.05","43.50","42.15","14.48M","-2.18%"
"03/04/2011","43.65","44.60","45.00","43.35","15.08M","-1.80%"
"03/03/2011","44.45","45.25","45.70","43.65","26.05M","-2.52%"
"03/01/2011","45.60","43.35","45.90","43.10","35.30M","+6.42%"
"02/28/2011","42.85","42.65","44.50","42.60","17.91M","+1.06%"
"02/25/2011","42.40","42.10","43.15","41.40","16.35M","+1.68%"
"02/24/2011","41.70","42.05","42.25","40.45","25.66M","+0.48%"
"02/23/2011","41.50","42.05","42.40","41.35","11.86M","-1.19%"
"02/22/2011","42.00","43.20","43.20","41.55","15.76M","-3.45%"
"02/21/2011","43.50","43.70","43.80","42.40","11.29M","-0.68%"
"02/18/2011","43.80","46.55","46.65","43.50","19.56M","-5.40%"
"02/17/2011","46.30","44.45","46.70","44.15","22.11M","+4.28%"
"02/16/2011","44.40","43.70","44.95","43.50","12.89M","+0.79%"
"02/15/2011","44.05","45.20","45.20","43.40","12.84M","-1.56%"
"02/14/2011","44.75","42.55","45.20","42.40","19.84M","+6.55%"
"02/11/2011","42.00","40.50","42.25","39.95","20.83M","+0.24%"
"02/10/2011","41.90","41.30","42.50","39.30","28.12M","+1.95%"
"02/09/2011","41.10","44.70","44.85","39.60","25.60M","-8.36%"
"02/08/2011","44.85","46.00","47.45","44.55","33.02M","-1.54%"
"02/07/2011","45.55","43.15","46.15","41.85","37.78M","+3.29%"
"02/04/2011","44.10","45.20","46.65","43.65","24.75M","-1.56%"
"02/03/2011","44.80","44.30","45.10","43.90","13.91M","+1.59%"
"02/02/2011","44.10","44.30","45.55","43.70","15.88M","+1.03%"
"02/01/2011","43.65","45.70","45.75","43.35","15.29M","-3.75%"
"01/31/2011","45.35","45.40","46.05","44.70","15.48M","-0.66%"
"01/28/2011","45.65","46.65","47.05","44.70","22.01M","-0.87%"
"01/27/2011","46.05","47.65","47.85","45.60","15.81M","-2.95%"
"01/25/2011","47.45","48.75","48.95","47.30","13.22M","-2.37%"
"01/24/2011","48.60","49.00","49.10","48.00","12.41M","+0.10%"
"01/21/2011","48.55","47.65","48.95","47.45","19.65M","+2.00%"
"01/20/2011","47.60","47.10","48.20","46.90","13.01M","+0.11%"
"01/19/2011","47.55","49.10","49.10","46.75","18.82M","-2.46%"
"01/18/2011","48.75","48.10","49.05","46.90","22.61M","+2.74%"
"01/17/2011","47.45","48.35","49.20","47.25","22.75M","-1.25%"
"01/14/2011","48.05","48.40","50.20","47.60","38.87M","-0.72%"
"01/13/2011","48.40","49.35","50.50","47.90","38.66M","-1.73%"
"01/12/2011","49.25","44.65","50.10","44.30","47.95M","+12.96%"
"01/11/2011","43.60","45.25","46.30","42.55","21.22M","-3.96%"
"01/10/2011","45.40","47.25","47.25","45.05","19.74M","-3.09%"
"01/07/2011","46.85","49.35","49.85","46.60","23.25M","-4.58%"
"01/06/2011","49.10","50.15","51.10","48.75","28.29M","-1.80%"
"01/05/2011","50.00","51.35","51.60","49.70","25.01M","-2.15%"
"01/04/2011","51.10","49.75","52.60","49.35","56.03M","+2.71%"
"01/03/2011","49.75","50.60","50.80","49.65","12.57M","-1.00%"
"12/31/2010","50.25","50.80","50.80","49.70","17.01M","+0.20%"
"12/30/2010","50.15","47.55","50.40","47.55","41.47M","+5.58%"
"12/29/2010","47.50","48.00","48.30","47.30","14.75M","-0.63%"
"12/28/2010","47.80","46.70","48.10","46.10","18.00M","+2.69%"
"12/27/2010","46.55","47.15","48.45","46.10","21.60M","-1.27%"
"12/24/2010","47.15","44.75","47.45","44.20","22.56M","+4.08%"
"12/23/2010","45.30","45.60","45.65","44.70","11.17M","-0.66%"
"12/22/2010","45.60","46.75","47.00","45.20","10.37M","-1.94%"
"12/21/2010","46.50","47.50","47.65","45.45","13.85M","-1.27%"
"12/20/2010","47.10","46.70","47.70","45.95","11.96M","+0.64%"
"12/16/2010","46.80","44.25","47.30","43.85","15.91M","+5.76%"
"12/15/2010","44.25","46.20","46.30","43.70","12.45M","-4.01%"
"12/14/2010","46.10","46.05","46.50","45.30","10.44M","+1.21%"
"12/13/2010","45.55","45.00","45.85","43.25","14.84M","+2.36%"
"12/10/2010","44.50","43.30","45.10","42.25","16.30M","+2.30%"
"12/09/2010","43.50","46.35","46.60","43.15","15.82M","-5.95%"
"12/08/2010","46.25","47.15","47.15","45.90","9.69M","-1.28%"
"12/07/2010","46.85","48.10","48.55","46.30","19.64M","-2.40%"
"12/06/2010","48.00","48.15","49.95","47.55","16.41M","+1.16%"
"12/03/2010","47.45","49.05","49.05","46.65","12.76M","-2.37%"
"12/02/2010","48.60","48.65","49.55","48.20","22.13M","+2.64%"
"12/01/2010","47.35","44.05","47.75","43.50","26.81M","+7.98%"
"11/30/2010","43.85","42.25","44.40","40.95","20.25M","+3.42%"
"11/29/2010","42.40","41.40","43.00","40.45","12.77M","+2.79%"
"11/26/2010","41.25","43.00","43.05","39.50","30.00M","-3.73%"
"11/25/2010","42.85","45.95","46.00","42.40","24.98M","-7.45%"
"11/24/2010","46.30","46.80","47.45","45.95","9.16M","+0.00%"
"11/23/2010","46.30","47.55","47.60","45.75","13.97M","-3.54%"
"11/22/2010","48.00","47.90","48.70","47.60","7.28M","+1.16%"
"11/19/2010","47.45","49.30","49.30","47.00","10.96M","-3.16%"
"11/18/2010","49.00","48.45","49.95","47.95","20.91M","+2.51%"
"11/16/2010","47.80","49.40","50.40","47.50","13.66M","-3.63%"
"11/15/2010","49.60","50.65","50.75","48.95","13.54M","-1.78%"
"11/12/2010","50.50","52.50","52.70","50.25","10.49M","-3.72%"
"11/11/2010","52.45","52.65","53.90","52.20","10.98M","-1.32%"
"11/10/2010","53.15","53.05","53.50","52.55","8.72M","+0.57%"
"11/09/2010","52.85","52.80","53.65","52.50","7.92M","-0.56%"
"11/08/2010","53.15","53.15","53.65","52.35","7.72M","+0.38%"
"11/05/2010","52.95","53.50","53.55","52.80","2.22M","-0.19%"
"11/04/2010","53.05","52.70","53.70","52.15","11.74M","+1.73%"
"11/03/2010","52.15","52.50","53.00","51.85","12.43M","+0.29%"
"11/02/2010","52.00","53.90","54.10","51.80","17.33M","-3.08%"
"11/01/2010","53.65","51.40","54.10","50.60","24.12M","+5.40%"
"10/29/2010","50.90","52.50","52.80","50.20","11.44M","-2.86%"
"10/28/2010","52.40","53.15","53.25","51.95","12.90M","-1.04%"
"10/27/2010","52.95","53.45","53.45","52.50","9.65M","-0.94%"
"10/26/2010","53.45","53.90","54.15","53.25","7.54M","-0.83%"
"10/25/2010","53.90","55.00","55.30","53.50","14.53M","-1.46%"
"10/22/2010","54.70","54.30","55.10","53.90","17.25M","+1.02%"
"10/21/2010","54.15","53.30","54.60","52.80","19.19M","+2.75%"
"10/20/2010","52.70","54.00","54.00","51.65","19.83M","-2.50%"
"10/19/2010","54.05","54.75","55.90","53.40","30.75M","-0.09%"
"10/18/2010","54.10","53.25","54.60","51.95","20.52M","+2.46%"
"10/15/2010","52.80","54.10","54.30","52.60","11.07M","-1.31%"
"10/14/2010","53.50","54.65","54.90","53.25","15.68M","-1.11%"
"10/13/2010","54.10","53.70","54.55","53.20","14.41M","+1.31%"
"10/12/2010","53.40","54.00","54.75","53.00","15.80M","-0.56%"
"10/11/2010","53.70","55.35","55.35","53.05","17.25M","+1.80%"
"10/08/2010","52.75","53.80","54.10","52.15","15.20M","-0.75%"
"10/07/2010","53.15","54.55","55.55","52.80","25.71M","-0.47%"
"10/06/2010","53.40","53.35","54.15","52.95","12.91M","+0.95%"
"10/05/2010","52.90","54.15","54.55","52.70","20.79M","-1.21%"
"10/04/2010","53.55","50.25","53.85","50.25","56.23M","+7.21%"
"10/01/2010","49.95","49.10","50.50","48.70","22.33M","+3.85%"
"09/30/2010","48.10","48.55","48.75","47.15","17.12M","-0.72%"
"09/29/2010","48.45","49.80","49.80","48.20","12.69M","-1.82%"
"09/28/2010","49.35","49.70","50.35","48.95","12.36M","+0.51%"
"09/27/2010","49.10","50.40","50.60","48.90","10.19M","-1.60%"
"09/24/2010","49.90","49.40","50.45","49.15","10.54M","+1.32%"
"09/23/2010","49.25","50.50","50.80","48.85","14.87M","-2.18%"
"09/22/2010","50.35","51.55","51.75","49.95","17.42M","-0.79%"
"09/21/2010","50.75","52.35","53.15","50.45","27.11M","-2.40%"
"09/20/2010","52.00","50.30","52.35","50.15","28.16M","+4.00%"
"09/17/2010","50.00","54.15","54.15","49.05","24.56M","+2.35%"
"09/16/2010","48.85","47.70","49.40","47.40","38.87M","+2.95%"
"09/15/2010","47.45","47.45","48.10","47.40","11.65M","+0.11%"
"09/14/2010","47.40","47.75","50.05","47.05","23.95M","+1.17%"
"09/13/2010","46.85","47.30","47.75","46.60","10.63M","-0.64%"
"09/09/2010","47.15","47.50","47.95","47.00","9.87M","-0.42%"
"09/08/2010","47.35","47.15","48.00","46.85","15.94M","-0.21%"
"09/07/2010","47.45","46.85","48.20","46.25","32.05M","+2.26%"
"09/06/2010","46.40","46.35","47.45","45.80","19.59M","+0.98%"
"09/03/2010","45.95","47.45","47.70","44.35","50.20M","-2.44%"
"09/02/2010","47.10","42.50","48.75","42.40","40.29M","+10.05%"
"09/01/2010","42.80","42.70","43.10","42.20","11.25M","+0.82%"
"08/31/2010","42.45","42.70","42.85","42.10","9.50M","-1.05%"
"08/30/2010","42.90","44.40","44.45","42.50","14.84M","-2.05%"
"08/27/2010","43.80","44.05","44.75","43.50","14.21M","-1.02%"
"08/26/2010","44.25","45.85","45.95","43.95","23.35M","-2.85%"
"08/25/2010","45.55","45.90","46.50","45.15","15.43M","-1.19%"
"08/24/2010","46.10","46.30","47.45","45.25","16.42M","-0.11%"
"08/23/2010","46.15","45.45","46.70","45.00","11.92M","+1.76%"
"08/20/2010","45.35","45.55","45.90","44.60","16.90M","-1.63%"
"08/19/2010","46.10","45.00","46.35","44.05","32.91M","+1.43%"
"08/18/2010","45.45","46.95","47.55","44.85","24.94M","-3.19%"
"08/17/2010","46.95","48.20","48.60","46.85","15.91M","-2.29%"
"08/16/2010","48.05","50.70","50.80","46.50","26.67M","-7.33%"
"08/13/2010","51.85","54.15","54.15","51.45","15.20M","-1.89%"
"08/12/2010","52.85","52.35","53.20","51.85","8.77M","+0.57%"
"08/11/2010","52.55","53.60","54.10","52.40","9.95M","-1.50%"
"08/10/2010","53.35","52.35","54.05","51.95","13.59M","+2.50%"
"08/09/2010","52.05","51.40","52.45","51.25","9.42M","+1.36%"
"08/06/2010","51.35","51.95","52.50","51.15","8.45M","-0.96%"
"08/05/2010","51.85","52.15","52.35","51.70","6.26M","-0.29%"
"08/04/2010","52.00","51.85","52.45","51.55","7.03M","+0.29%"
"08/03/2010","51.85","52.80","52.90","51.40","8.71M","-1.14%"
"08/02/2010","52.45","52.25","52.70","52.05","5.82M","+1.06%"
"07/30/2010","51.90","51.95","52.70","51.65","7.95M","+0.29%"
"07/29/2010","51.75","53.45","53.80","51.60","15.42M","-3.63%"
"07/28/2010","53.70","54.45","54.70","53.45","9.24M","-0.92%"
"07/27/2010","54.20","54.80","55.00","53.95","7.34M","-0.37%"
"07/26/2010","54.40","55.05","55.40","54.15","9.27M","-0.37%"
"07/23/2010","54.60","55.55","55.75","54.40","10.91M","-1.27%"
"07/22/2010","55.30","54.65","55.40","53.95","10.59M","+1.19%"
"07/21/2010","54.65","54.65","54.95","54.15","8.49M","+0.92%"
"07/20/2010","54.15","54.85","55.45","54.00","10.57M","-1.19%"
"07/19/2010","54.80","54.95","55.35","54.65","8.43M","-0.54%"
"07/16/2010","55.10","55.65","55.85","54.85","8.35M","-0.09%"
"07/15/2010","55.15","55.55","56.40","54.80","14.24M","-0.36%"
"07/14/2010","55.35","56.95","57.35","55.10","17.27M","-1.95%"
"07/13/2010","56.45","47.55","56.90","47.55","37.52M","+4.25%"
"07/12/2010","54.15","54.15","54.65","53.75","10.12M","+0.28%"
"07/09/2010","54.00","53.70","54.35","53.70","8.80M","+0.84%"
"07/08/2010","53.55","53.95","54.20","53.40","10.22M","+0.47%"
"07/07/2010","53.30","53.25","54.45","53.05","21.57M","+0.00%"
"07/06/2010","53.30","53.15","53.60","52.85","7.99M","+0.00%"
"07/05/2010","53.30","53.25","54.15","52.80","8.51M","-0.74%"
"07/02/2010","53.70","52.80","54.85","52.55","22.76M","+1.99%"
"07/01/2010","52.65","52.50","53.05","52.50","6.89M","-0.94%"
"06/30/2010","53.15","51.95","53.35","51.90","13.47M","+1.05%"
"06/29/2010","52.60","53.25","53.60","52.45","10.41M","-1.31%"
"06/28/2010","53.30","53.40","53.70","52.30","15.28M","+0.47%"
"06/25/2010","53.05","53.25","53.80","52.85","13.45M","+0.19%"
"06/24/2010","52.95","52.55","54.25","52.55","26.51M","+0.09%"
"06/23/2010","52.90","51.40","53.10","51.40","15.49M","+2.03%"
"06/22/2010","51.85","52.35","52.50","51.65","11.31M","-1.61%"
"06/21/2010","52.70","52.35","53.05","52.30","9.01M","+1.54%"
"06/18/2010","51.90","53.00","53.25","51.60","11.82M","-1.61%"
"06/17/2010","52.75","52.80","53.45","51.90","13.82M","+0.29%"
"06/16/2010","52.60","53.25","53.75","52.35","18.93M","+0.00%"
"06/15/2010","52.60","50.45","53.05","49.90","40.48M","+4.68%"
"06/14/2010","50.25","49.70","50.45","49.10","12.63M","+1.62%"
"06/11/2010","49.45","50.05","50.60","49.10","16.21M","-0.10%"
"06/10/2010","49.50","49.10","49.85","47.85","25.02M","+0.81%"
"06/09/2010","49.10","48.75","50.15","48.55","15.83M","-0.20%"
"06/08/2010","49.20","50.15","50.70","49.10","12.68M","-1.89%"
"06/07/2010","50.15","50.50","50.50","48.75","15.28M","-2.15%"
"06/04/2010","51.25","50.85","51.80","49.95","18.08M","+0.89%"
"06/03/2010","50.80","50.50","51.25","50.15","16.64M","+2.11%"
"06/02/2010","49.75","51.40","51.90","49.10","28.41M","-2.55%"
"06/01/2010","51.05","51.40","53.00","50.70","25.05M","-1.16%"
"05/31/2010","51.65","55.60","56.40","51.05","42.15M","-7.85%"
"05/28/2010","56.05","53.90","56.45","53.90","22.11M","+5.06%"
"05/27/2010","53.35","54.15","54.25","52.75","18.00M","-1.11%"
"05/26/2010","53.95","53.70","54.60","53.45","9.63M","+1.31%"
"05/25/2010","53.25","53.45","54.60","52.55","17.75M","-1.39%"
"05/24/2010","54.00","54.65","55.90","53.50","14.58M","+0.19%"
"05/21/2010","53.90","53.80","54.40","51.85","16.41M","-0.92%"
"05/20/2010","54.40","55.10","56.00","53.95","16.13M","-1.09%"
"05/19/2010","55.00","57.85","58.30","54.25","21.41M","-6.30%"
"05/18/2010","58.70","58.75","60.25","58.25","13.63M","-1.01%"
"05/17/2010","59.30","59.70","59.80","57.00","19.82M","-1.58%"
"05/14/2010","60.25","61.35","61.90","59.75","13.12M","-1.79%"
"05/13/2010","61.35","61.70","62.80","61.10","11.66M","-0.16%"
"05/12/2010","61.45","62.45","63.15","60.50","18.09M","-1.52%"
"05/11/2010","62.40","64.25","64.70","62.15","19.49M","-2.73%"
"05/10/2010","64.15","62.45","64.90","62.45","22.57M","+3.30%"
"05/07/2010","62.10","65.20","65.20","61.25","32.80M","-5.05%"
"05/06/2010","65.40","62.45","65.90","61.80","53.73M","+5.14%"
"05/05/2010","62.20","61.35","62.60","60.45","15.31M","-0.64%"
"05/04/2010","62.60","64.25","64.70","62.40","16.63M","-1.65%"
"05/03/2010","63.65","63.45","64.20","62.75","12.61M","+0.55%"
"04/30/2010","63.30","62.90","63.95","62.60","14.60M","+1.61%"
"04/29/2010","62.30","63.15","63.75","62.10","17.06M","-1.19%"
"04/28/2010","63.05","64.20","64.25","62.75","14.40M","-2.32%"
"04/27/2010","64.55","65.20","65.40","64.35","10.27M","-1.07%"
"04/26/2010","65.25","66.50","66.50","65.05","12.44M","-0.08%"
"04/23/2010","65.30","66.10","66.55","64.60","17.06M","-0.91%"
"04/22/2010","65.90","66.10","66.90","65.40","11.97M","-0.15%"
"04/21/2010","66.00","66.65","67.25","65.65","14.61M","-0.15%"
"04/20/2010","66.10","64.65","66.80","64.25","18.95M","+3.12%"
"04/19/2010","64.10","65.10","65.20","63.80","15.56M","-2.36%"
"04/16/2010","65.65","66.10","66.65","65.25","17.54M","-1.28%"
"04/15/2010","66.50","67.85","68.75","66.10","16.21M","-0.89%"
"04/13/2010","67.10","67.95","68.30","66.95","9.37M","-1.40%"
"04/12/2010","68.05","69.35","69.65","67.50","11.49M","-1.38%"
"04/09/2010","69.00","69.10","69.60","68.70","10.98M","+0.51%"
"04/08/2010","68.65","69.05","69.80","68.25","17.26M","-0.58%"
"04/07/2010","69.05","69.80","69.95","68.15","17.11M","+0.29%"
"04/06/2010","68.85","67.55","69.60","67.50","25.56M","+2.30%"
"04/05/2010","67.30","67.05","67.60","66.75","10.23M","+1.05%"
"04/01/2010","66.60","66.55","67.40","66.30","10.50M","+0.99%"
"03/31/2010","65.95","65.90","66.85","65.75","10.34M","-0.45%"
"03/30/2010","66.25","67.50","68.20","65.85","16.22M","-0.67%"
"03/29/2010","66.70","67.50","67.50","66.40","13.83M","-0.22%"
"03/26/2010","66.85","67.65","67.85","66.30","12.07M","-0.22%"
"03/25/2010","67.00","67.05","67.50","66.65","11.89M","-0.67%"
"03/23/2010","67.45","67.40","68.70","66.95","17.80M","+0.52%"
"03/22/2010","67.10","68.85","68.85","66.90","13.72M","-3.73%"
"03/19/2010","69.70","67.95","70.15","67.95","14.37M","+1.38%"
"03/18/2010","68.75","68.80","69.40","67.95","12.75M","+0.51%"
"03/17/2010","68.40","70.30","70.45","68.05","16.72M","-1.01%"
"03/16/2010","69.10","67.85","69.40","67.50","14.57M","+2.22%"
"03/15/2010","67.60","69.30","69.30","67.30","16.02M","-2.73%"
"03/12/2010","69.50","70.80","71.50","69.25","16.83M","-1.77%"
"03/11/2010","70.75","70.90","72.10","70.15","20.88M","-0.21%"
"03/10/2010","70.90","71.15","71.95","69.95","21.00M","+0.14%"
"03/09/2010","70.80","72.80","73.20","70.45","22.30M","-2.81%"
"03/08/2010","72.85","75.95","75.95","72.60","29.61M","-1.35%"
"03/05/2010","73.85","71.60","74.65","71.30","56.86M","+3.58%"
"03/04/2010","71.30","68.40","71.95","68.15","39.42M","+4.47%"
"03/03/2010","68.25","67.10","68.60","66.60","22.12M","+2.32%"
"03/02/2010","66.70","67.05","67.35","66.10","16.90M","+1.14%"
"02/26/2010","65.95","62.60","66.80","62.50","34.28M","+5.02%"
"02/25/2010","62.80","64.20","64.20","62.65","16.39M","-0.95%"
"02/24/2010","63.40","63.60","64.25","62.60","15.52M","-0.70%"
"02/23/2010","63.85","64.25","64.65","63.35","14.61M","-0.62%"
"02/22/2010","64.25","66.50","66.80","63.80","16.38M","-1.00%"
"02/19/2010","64.90","64.45","65.75","63.45","23.15M","+0.00%"
"02/18/2010","64.90","66.95","67.85","64.65","30.27M","-3.42%"
"02/17/2010","67.20","68.70","69.45","66.90","22.32M","-1.03%"
"02/16/2010","67.90","67.05","68.20","66.35","12.74M","+1.49%"
"02/15/2010","66.90","68.85","68.85","66.35","15.50M","-1.18%"
"02/11/2010","67.70","67.95","68.30","67.20","12.71M","+1.12%"
"02/10/2010","66.95","69.05","69.55","66.50","18.75M","-1.11%"
"02/09/2010","67.70","68.75","69.20","67.10","16.52M","-1.67%"
"02/08/2010","68.85","67.95","69.35","65.85","26.08M","+5.03%"
"02/05/2010","65.55","64.85","66.65","63.40","29.89M","-2.53%"
"02/04/2010","67.25","71.10","71.10","66.90","22.85M","-5.28%"
"02/03/2010","71.00","70.25","72.00","70.25","17.84M","+1.57%"
"02/02/2010","69.90","73.00","73.80","69.40","33.61M","-3.12%"
"02/01/2010","72.15","71.15","73.10","69.90","34.96M","+1.69%"
"01/29/2010","70.95","67.80","71.45","66.15","30.97M","+3.88%"
"01/28/2010","68.30","69.35","70.20","66.85","32.15M","+1.64%"
"01/27/2010","67.20","68.85","71.55","66.10","38.32M","-3.79%"
"01/25/2010","69.85","73.45","73.45","69.35","27.44M","-4.18%"
"01/22/2010","72.90","74.40","74.80","71.70","33.60M","-4.14%"
"01/21/2010","76.05","78.60","79.05","75.60","27.37M","-3.92%"
"01/20/2010","79.15","80.75","81.15","78.50","16.03M","-1.12%"
"01/19/2010","80.05","83.10","83.20","79.60","17.55M","-3.32%"
"01/18/2010","82.80","82.65","83.80","81.45","17.96M","+1.22%"
"01/15/2010","81.80","84.20","84.75","81.25","25.49M","-2.33%"
"01/14/2010","83.75","86.15","86.25","83.55","19.27M","-1.93%"
"01/13/2010","85.40","84.30","85.80","82.40","27.72M","+1.01%"
"01/12/2010","84.55","87.30","87.60","83.80","25.14M","-2.82%"
"01/11/2010","87.00","86.00","87.40","85.50","29.66M","+2.23%"
"01/08/2010","85.10","84.55","86.60","84.55","25.68M","+0.77%"
"01/07/2010","84.45","86.00","86.00","83.35","21.78M","-1.40%"
"01/06/2010","85.65","85.55","86.25","84.30","32.29M","+0.88%"
"01/05/2010","84.90","82.95","85.60","82.95","38.56M","+2.91%"
"01/04/2010","82.50","84.00","84.00","81.90","22.58M","-0.54%"
"12/31/2009","82.95","82.90","84.00","82.65","24.63M","+0.73%"
"12/30/2009","82.35","84.20","84.20","82.10","29.06M","-1.20%"
"12/29/2009","83.35","82.00","84.20","81.30","34.93M","+2.90%"
"12/24/2009","81.00","81.15","82.20","79.80","40.93M","-0.12%"
"12/23/2009","81.10","78.15","81.65","78.05","49.47M","+4.85%"
"12/22/2009","77.35","74.85","78.00","74.75","29.73M","+4.10%"
"12/21/2009","74.30","75.75","76.55","73.85","22.97M","-1.59%"
"12/18/2009","75.50","77.00","77.50","74.45","35.34M","-0.79%"
"12/17/2009","76.10","74.40","76.95","74.00","43.73M","+2.49%"
"12/16/2009","74.25","72.60","74.95","71.25","38.05M","+1.71%"
"12/15/2009","73.00","76.10","76.60","72.40","31.59M","-3.69%"
"12/14/2009","75.80","77.00","77.50","75.40","25.19M","-0.72%"
"12/11/2009","76.35","79.30","79.45","75.10","29.79M","-2.24%"
"12/10/2009","78.10","77.80","78.65","76.90","29.13M","+1.10%"
"12/09/2009","77.25","77.55","79.35","76.85","47.11M","-1.02%"
"12/08/2009","78.05","75.30","78.40","75.30","52.47M","+2.36%"
"12/07/2009","76.25","72.55","77.05","72.55","64.44M","+4.74%"
"12/04/2009","72.80","73.90","75.00","72.10","38.70M","-1.56%"
"12/03/2009","73.95","76.60","80.45","73.20","39.96M","-2.31%"
"12/02/2009","75.70","75.20","76.85","74.40","45.38M","+1.61%"
"12/01/2009","74.50","72.55","74.95","71.40","58.92M","+2.97%"
"11/30/2009","72.35","69.80","72.90","69.60","97.57M","+6.40%"
"11/27/2009","68.00","62.80","68.80","60.85","79.81M","+6.33%"
"11/26/2009","63.95","64.75","65.40","63.25","34.88M","-0.70%"
"11/25/2009","64.40","66.10","66.85","64.10","34.29M","-2.05%"
"11/24/2009","65.75","66.60","67.40","64.95","37.00M","-1.42%"
"11/23/2009","66.70","67.45","68.75","65.40","35.11M","-0.52%"
"11/20/2009","67.05","68.85","71.05","63.95","92.42M","-2.90%"
"11/19/2009","69.05","67.05","73.35","67.05","128.04M","+2.52%"
"11/18/2009","67.35","67.05","68.40","66.10","39.68M","+0.75%"
"11/17/2009","66.85","66.10","67.50","64.75","47.66M","+0.91%"
"11/16/2009","66.25","61.60","66.70","61.60","66.23M","+8.16%"
"11/13/2009","61.25","63.70","64.35","60.80","42.39M","-3.85%"
"11/12/2009","63.70","65.30","65.40","62.45","68.41M","+2.49%"
"11/11/2009","62.15","58.80","62.55","57.40","51.69M","+4.02%"
"11/10/2009","59.75","61.50","62.25","59.25","45.14M","-1.89%"
"11/09/2009","60.90","60.60","62.25","57.70","53.36M","+0.00%"
"11/06/2009","60.90","58.75","62.70","58.70","84.54M","+6.10%"
"11/05/2009","57.40","50.95","58.30","50.80","99.81M","+13.33%"
"11/04/2009","50.65","55.60","56.30","49.40","100.90M","-5.33%"
"11/03/2009","53.50","53.45","58.60","50.60","65.62M","-12.87%"
"10/30/2009","61.40","67.95","68.75","60.60","41.04M","-6.33%"
"10/29/2009","65.55","67.50","67.50","64.00","61.56M","-3.18%"
"10/28/2009","67.70","69.80","69.80","66.30","25.54M","-3.56%"
"10/27/2009","70.20","74.40","74.40","69.80","25.69M","-5.58%"
"10/26/2009","74.35","77.75","78.00","73.85","18.59M","-3.88%"
"10/23/2009","77.35","78.60","79.20","76.90","12.92M","-0.51%"
"10/22/2009","77.75","78.85","80.25","77.20","16.34M","-1.71%"
"10/21/2009","79.10","82.65","82.65","78.15","17.03M","-0.82%"
"10/20/2009","79.75","82.65","82.95","79.45","17.46M","-2.80%"
"10/16/2009","82.05","82.15","83.10","81.30","23.62M","+0.24%"
"10/15/2009","81.85","78.95","82.80","78.90","46.04M","+4.20%"
"10/14/2009","78.55","80.35","80.80","78.15","22.66M","-1.32%"
"10/12/2009","79.60","78.95","79.95","78.50","14.18M","+1.40%"
"10/09/2009","78.50","80.35","80.80","78.15","18.09M","-1.13%"
"10/08/2009","79.40","79.45","80.60","77.85","26.07M","+1.40%"
"10/07/2009","78.30","80.80","82.35","77.85","24.02M","-2.13%"
"10/06/2009","80.00","81.15","82.65","76.80","37.17M","+0.00%"
"10/05/2009","80.00","82.20","84.40","78.30","26.86M","-5.55%"
"10/01/2009","84.70","84.45","85.35","83.65","18.63M","+0.71%"
"09/30/2009","84.10","84.95","85.60","83.85","17.14M","-1.06%"
"09/29/2009","85.00","85.40","86.05","84.30","23.87M","+0.53%"
"09/25/2009","84.55","78.75","85.75","78.75","29.25M","+0.06%"
"09/24/2009","84.50","86.15","86.15","84.00","45.46M","-2.71%"
"09/23/2009","86.85","91.55","91.55","86.20","70.19M","-6.21%"
"09/22/2009","92.60","91.45","93.60","90.90","38.14M","+1.59%"
"09/18/2009","91.15","89.85","91.65","89.05","30.54M","+1.33%"
"09/17/2009","89.95","91.20","91.80","87.85","37.76M","-0.72%"
"09/16/2009","90.60","90.90","92.30","90.15","35.53M","+0.89%"
"09/15/2009","89.80","89.15","90.35","87.40","35.70M","+3.16%"
"09/14/2009","87.05","87.15","88.80","86.05","30.04M","-1.02%"
"09/11/2009","87.95","89.55","90.35","86.50","42.94M","-1.24%"
"09/10/2009","89.05","92.75","93.85","88.40","38.20M","-3.00%"
"09/09/2009","91.80","92.15","94.05","91.35","34.16M","-1.29%"
"09/08/2009","93.00","94.80","96.40","92.55","51.21M","-1.48%"
"09/07/2009","94.40","92.75","94.95","92.15","42.51M","+2.66%"
"09/04/2009","91.95","92.75","93.45","89.60","56.70M","+0.00%"
"09/03/2009","91.95","90.65","94.05","90.25","88.62M","+3.08%"
"09/02/2009","89.20","86.70","90.10","85.90","59.96M","+2.00%"
"09/01/2009","87.45","86.30","91.75","86.30","99.78M","+1.63%"
"08/31/2009","86.05","84.35","87.15","83.20","40.48M","+0.06%"
"08/28/2009","86.00","84.50","86.55","82.80","41.54M","+2.56%"
"08/27/2009","83.85","84.95","85.85","83.45","32.06M","-2.44%"
"08/26/2009","85.95","84.85","87.25","84.80","49.19M","+1.66%"
"08/25/2009","84.55","80.20","85.20","80.00","65.17M","+4.45%"
"08/24/2009","80.95","80.80","82.55","80.35","40.98M","+1.44%"
"08/21/2009","79.80","78.50","80.15","77.35","24.20M","+1.72%"
"08/20/2009","78.45","78.50","81.10","78.15","32.07M","+0.64%"
"08/19/2009","77.95","81.25","82.55","77.35","52.80M","-3.88%"
"08/18/2009","81.10","78.05","81.85","77.50","44.95M","+3.51%"
"08/17/2009","78.35","78.05","82.00","77.60","65.39M","-3.39%"
"08/14/2009","81.10","81.70","84.15","80.60","42.38M","-2.35%"
"08/13/2009","83.05","81.05","83.45","80.55","50.79M","+4.86%"
"08/12/2009","79.20","75.75","79.85","74.45","47.12M","+3.06%"
"08/11/2009","76.85","75.75","78.30","73.80","47.36M","+3.09%"
"08/10/2009","74.55","82.45","82.50","74.10","68.85M","-6.64%"
"08/07/2009","79.85","84.00","84.95","79.20","50.97M","-5.95%"
"08/06/2009","84.90","86.80","89.05","84.05","38.47M","-4.45%"
"08/05/2009","88.85","90.00","90.60","87.30","35.48M","-0.62%"
"08/04/2009","89.40","88.10","90.65","86.40","62.22M","+1.76%"
"08/03/2009","87.85","80.15","89.05","80.15","67.72M","-4.15%"
"07/31/2009","91.65","91.80","95.30","90.10","53.20M","+0.55%"
"07/30/2009","91.15","91.90","93.20","90.00","52.06M","-1.99%"
"07/29/2009","93.00","96.55","98.95","88.55","77.54M","-5.34%"
"07/28/2009","98.25","99.15","100.10","96.95","47.85M","+0.56%"
"07/27/2009","97.70","95.50","98.50","95.50","65.21M","+2.95%"
"07/24/2009","94.90","91.35","95.95","90.00","102.94M","+7.23%"
"07/23/2009","88.50","84.25","89.85","84.25","51.36M","+5.61%"
"07/22/2009","83.80","84.50","88.80","83.05","75.58M","+0.30%"
"07/21/2009","83.55","85.40","86.00","82.70","54.23M","-3.41%"
"07/20/2009","86.50","88.15","89.35","85.60","59.07M","-1.54%"
"07/17/2009","87.85","85.40","89.55","85.40","46.50M","+3.11%"
"07/16/2009","85.20","87.70","90.40","84.50","60.34M","-1.16%"
"07/15/2009","86.20","84.55","87.15","83.35","63.60M","+4.68%"
"07/14/2009","82.35","76.05","84.20","75.75","59.34M","+11.59%"
"07/13/2009","73.80","74.45","75.70","71.15","51.07M","-3.47%"
"07/10/2009","76.45","80.15","82.40","75.00","68.52M","-3.59%"
"07/09/2009","79.30","80.80","81.80","76.50","71.35M","-1.00%"
"07/08/2009","80.10","88.15","88.15","79.60","65.88M","-10.55%"
"07/07/2009","89.55","90.00","93.40","86.95","50.78M","-1.27%"
"07/06/2009","90.70","99.15","101.50","89.05","64.76M","-7.54%"
"07/03/2009","98.10","95.95","99.15","93.65","49.87M","+2.51%"
"07/02/2009","95.70","99.85","99.85","93.65","44.87M","-2.35%"
"07/01/2009","98.00","96.20","99.15","92.90","71.20M","+2.89%"
"06/30/2009","95.25","109.25","109.95","94.20","83.80M","-11.40%"
"06/29/2009","107.50","112.95","113.85","103.60","77.80M","-5.20%"
"06/26/2009","113.40","109.65","114.30","108.35","57.06M","+5.00%"
"06/25/2009","108.00","110.15","112.45","106.05","72.84M","+0.84%"
"06/24/2009","107.10","98.80","107.80","98.30","74.72M","+9.06%"
"06/23/2009","98.20","94.60","99.70","94.10","73.82M","-1.75%"
"06/22/2009","99.95","105.15","106.05","98.85","51.66M","-1.96%"
"06/19/2009","101.95","94.05","103.75","94.05","83.37M","+11.00%"
"06/18/2009","91.85","103.80","105.10","89.60","69.54M","-10.83%"
"06/17/2009","103.00","111.10","112.70","101.15","60.39M","-6.49%"
"06/16/2009","110.15","104.60","111.85","103.75","58.65M","+2.94%"
"06/15/2009","107.00","113.85","114.30","105.60","45.19M","-1.97%"
"06/12/2009","109.15","119.30","119.30","107.25","63.58M","-1.89%"
"06/11/2009","111.25","112.70","114.40","107.05","67.18M","-1.98%"
"06/10/2009","113.50","117.55","121.10","110.70","60.50M","-1.48%"
"06/09/2009","115.20","110.20","117.55","101.40","86.97M","+3.00%"
"06/08/2009","111.85","122.45","127.40","109.25","87.38M","-7.02%"
"06/05/2009","120.30","125.65","133.80","117.80","88.62M","-4.30%"
"06/04/2009","125.70","117.55","128.35","110.30","112.65M","+8.36%"
"06/03/2009","116.00","106.05","117.35","102.00","97.34M","+13.95%"
"06/02/2009","101.80","105.90","107.15","98.40","55.46M","-2.54%"
"06/01/2009","104.45","92.75","106.00","91.75","104.49M","+16.18%"
"05/29/2009","89.90","85.85","91.20","84.50","73.84M","+7.86%"
"05/28/2009","83.35","83.85","85.30","82.20","60.73M","+1.15%"
"05/27/2009","82.40","80.80","83.75","80.60","33.94M","+3.45%"
"05/26/2009","79.65","81.70","84.95","77.85","47.03M","-3.04%"
"05/25/2009","82.15","84.85","87.30","81.15","57.26M","-4.81%"
"05/22/2009","86.30","82.65","87.15","81.70","35.24M","+3.91%"
"05/21/2009","83.05","84.20","88.75","82.00","47.44M","-2.41%"
"05/20/2009","85.10","80.60","87.05","78.40","65.26M","+3.09%"
"05/19/2009","82.55","87.30","91.75","75.30","71.98M","-3.68%"
"05/18/2009","85.70","79.25","90.90","79.25","299.95K","+21.73%"
"05/15/2009","70.40","70.25","72.90","69.50","35.18M","+1.44%"
"05/14/2009","69.40","69.35","71.45","66.35","38.41M","-1.70%"
"05/13/2009","70.60","75.30","76.00","69.05","93.66M","-4.92%"
"05/12/2009","74.25","68.05","75.50","65.55","59.08M","+7.69%"
"05/11/2009","68.95","71.15","72.95","66.80","35.63M","-1.43%"
"05/08/2009","69.95","71.40","72.70","67.25","42.92M","-1.55%"
"05/07/2009","71.05","70.05","72.00","68.70","47.70M","+4.95%"
"05/06/2009","67.70","67.10","71.75","65.45","83.16M","+1.88%"
"05/05/2009","66.45","61.60","67.10","60.10","77.09M","+9.83%"
"05/04/2009","60.50","60.60","62.20","59.60","37.37M","+3.60%"
"04/29/2009","58.40","56.80","59.70","55.90","42.40M","+5.80%"
"04/28/2009","55.20","59.60","60.15","53.60","34.94M","-6.76%"
"04/27/2009","59.20","59.70","61.70","57.95","33.24M","-2.15%"
"04/24/2009","60.50","58.10","60.95","56.00","45.94M","+5.03%"
"04/23/2009","57.60","56.95","58.10","55.55","48.56M","+2.13%"
"04/22/2009","56.40","54.00","57.75","53.75","72.71M","+7.02%"
"04/21/2009","52.70","50.65","54.10","48.30","61.95M","-2.04%"
"04/20/2009","53.80","54.95","56.25","52.40","35.60M","+1.22%"
"04/17/2009","53.15","45.90","56.75","45.90","65.13M","+3.51%"
"04/16/2009","51.35","63.80","67.15","48.90","94.83M","-18.69%"
"04/15/2009","63.15","57.30","64.00","56.05","52.92M","+7.12%"
"04/13/2009","58.95","53.90","60.30","53.15","56.89M","+11.65%"
"04/09/2009","52.80","54.35","55.35","50.85","51.88M","-1.03%"
"04/08/2009","53.35","49.60","53.95","47.85","49.85M","+3.49%"
"04/06/2009","51.55","47.80","53.15","47.80","65.59M","+10.27%"
"04/02/2009","46.75","43.15","47.90","43.15","58.36M","+9.36%"
"04/01/2009","42.75","39.90","43.15","39.00","46.48M","+9.90%"
"03/31/2009","38.90","38.55","39.70","36.90","29.92M","+2.50%"
"03/30/2009","37.95","40.40","41.15","37.65","27.02M","-9.21%"
"03/27/2009","41.80","41.70","42.70","41.25","22.07M","+1.95%"
"03/26/2009","41.00","42.05","42.55","40.30","25.98M","-0.61%"
"03/25/2009","41.25","39.35","41.50","39.35","31.86M","+4.96%"
"03/24/2009","39.30","38.45","40.60","38.25","57.53M","+5.50%"
"03/23/2009","37.25","36.00","38.00","35.40","30.00M","+6.28%"
"03/20/2009","35.05","34.60","35.45","34.05","16.80M","+0.72%"
"03/19/2009","34.80","35.35","36.40","33.65","31.37M","-0.71%"
"03/18/2009","35.05","33.90","36.05","33.70","47.11M","+5.57%"
"03/17/2009","33.20","32.85","34.10","32.20","33.01M","+2.79%"
"03/16/2009","32.30","32.15","32.85","31.20","25.70M","+1.73%"
"03/13/2009","31.75","31.60","32.40","31.15","20.28M","+3.76%"
"03/12/2009","30.60","32.60","33.30","30.35","22.68M","-4.23%"
"03/09/2009","31.95","31.70","33.15","31.45","13.44M","-0.62%"
"03/06/2009","32.15","32.85","33.25","31.75","22.67M","-3.45%"
"03/05/2009","33.30","35.45","36.20","32.35","22.34M","-5.13%"
"03/04/2009","35.10","35.80","36.25","34.95","15.53M","-0.14%"
"03/03/2009","35.15","35.00","36.80","34.60","22.58M","-0.71%"
"03/02/2009","35.40","36.75","36.85","35.15","12.20M","-5.22%"
"02/27/2009","37.35","37.65","38.40","36.80","12.72M","-0.53%"
"02/26/2009","37.55","38.10","38.90","36.85","24.06M","-1.05%"
"02/25/2009","37.95","38.40","39.10","37.65","17.19M","+2.57%"
"02/24/2009","37.00","37.95","37.95","36.50","15.82M","-2.37%"
"02/20/2009","37.90","38.85","38.95","37.50","11.88M","-3.68%"
"02/19/2009","39.35","40.55","43.05","39.00","22.81M","+2.74%"
"02/18/2009","38.30","37.95","39.00","37.10","17.18M","+0.92%"
"02/17/2009","37.95","40.40","40.85","37.65","27.47M","-7.66%"
"02/16/2009","41.10","43.35","43.55","40.75","16.25M","-4.42%"
"02/13/2009","43.00","42.30","43.70","42.25","18.33M","+2.87%"
"02/12/2009","41.80","41.95","43.10","41.40","15.49M","-0.36%"
"02/11/2009","41.95","40.50","42.25","39.95","20.65M","+1.70%"
"02/10/2009","41.25","41.30","42.70","40.70","20.32M","+0.00%"
"02/09/2009","41.25","40.70","41.80","39.70","18.35M","+2.87%"
"02/06/2009","40.10","40.30","41.45","39.75","18.87M","+1.52%"
"02/05/2009","39.50","38.55","40.10","37.80","18.30M","+2.46%"
"02/04/2009","38.55","40.40","40.75","38.10","16.65M","-2.28%"
"02/03/2009","39.45","41.75","42.00","38.70","27.73M","-3.31%"
"02/02/2009","40.80","42.25","44.00","40.45","28.00M","-5.99%"
"01/30/2009","43.40","39.50","43.85","38.20","47.75M","+5.60%"
"01/29/2009","41.10","43.25","44.35","40.15","45.92M","-2.49%"
"01/28/2009","42.15","43.60","44.35","41.45","29.95M","-2.32%"
"01/27/2009","43.15","45.75","46.65","42.80","17.16M","-3.79%"
"01/23/2009","44.85","45.75","45.90","43.60","13.51M","-0.66%"
"01/22/2009","45.15","45.90","47.45","43.75","17.05M","-1.31%"
"01/21/2009","45.75","46.85","48.90","45.10","21.85M","-4.39%"
"01/20/2009","47.85","49.05","49.35","46.85","23.09M","-4.20%"
"01/19/2009","49.95","47.25","50.70","46.60","30.41M","+7.77%"
"01/16/2009","46.35","44.95","47.00","44.75","16.26M","+5.22%"
"01/15/2009","44.05","45.00","45.00","41.50","15.19M","-4.13%"
"01/14/2009","45.95","44.95","46.55","44.55","22.21M","+4.79%"
"01/13/2009","43.85","45.45","47.50","42.75","24.94M","-4.88%"
"01/12/2009","46.10","48.20","49.75","44.25","37.62M","-4.95%"
"01/09/2009","48.50","47.75","50.70","42.25","36.96M","+1.15%"
"01/07/2009","47.95","63.05","64.00","46.65","65.50M","-22.91%"
"01/06/2009","62.20","62.10","64.40","60.15","51.72M","+0.16%"
"01/05/2009","62.10","59.80","62.45","59.30","32.80M","+4.81%"
"01/02/2009","59.25","65.20","66.85","58.65","53.57M","-2.71%"
"01/01/2009","60.90","57.90","61.70","57.70","35.55M","+6.47%"
"12/31/2008","57.20","56.90","59.30","56.00","42.29M","+2.51%"
"12/30/2008","55.80","55.20","56.95","53.55","47.86M","+0.54%"
"12/29/2008","55.50","51.40","55.80","51.40","37.43M","+6.32%"
"12/26/2008","52.20","54.15","56.60","51.90","38.21M","-2.52%"
"12/24/2008","53.55","52.85","55.05","50.85","36.44M","+2.29%"
"12/23/2008","52.35","55.80","57.60","51.30","44.97M","-5.42%"
"12/22/2008","55.35","53.90","56.95","53.05","57.75M","+3.55%"
"12/19/2008","53.45","54.20","57.15","52.50","62.60M","-0.47%"
"12/18/2008","53.70","48.50","54.55","46.30","62.29M","+11.41%"
"12/17/2008","48.20","54.40","56.10","46.45","42.71M","-9.48%"
"12/16/2008","53.25","49.40","54.25","49.40","45.74M","+6.50%"
"12/15/2008","50.00","48.65","52.05","48.65","36.15M","+4.28%"
"12/12/2008","47.95","44.90","48.45","43.00","41.75M","+4.47%"
"12/11/2008","45.90","45.45","49.70","43.25","63.01M","+2.11%"
"12/10/2008","44.95","41.80","46.35","41.50","52.48M","+9.50%"
"12/08/2008","41.05","41.15","42.40","40.50","35.46M","+5.26%"
"12/05/2008","39.00","38.95","41.45","38.20","50.08M","+2.23%"
"12/04/2008","38.15","35.10","38.80","34.70","55.74M","+10.42%"
"12/03/2008","34.55","34.35","36.00","33.70","37.78M","+1.92%"
"12/02/2008","33.90","34.80","35.50","33.25","30.13M","-6.35%"
"12/01/2008","36.20","39.00","39.85","35.95","29.56M","-5.36%"
"11/28/2008","38.25","36.75","38.95","35.85","29.24M","+2.96%"
"11/26/2008","37.15","39.35","40.75","35.15","53.73M","-4.50%"
"11/25/2008","38.90","45.00","45.80","38.15","33.43M","-9.43%"
"11/24/2008","42.95","45.00","46.30","42.00","28.92M","-5.40%"
"11/21/2008","45.40","41.80","46.35","41.55","38.59M","+7.84%"
"11/20/2008","42.10","42.20","43.25","40.15","25.04M","-3.66%"
"11/19/2008","43.70","46.85","49.60","42.80","43.11M","-6.02%"
"11/18/2008","46.50","48.65","49.45","45.90","24.47M","-7.00%"
"11/17/2008","50.00","49.60","51.15","46.10","34.78M","-0.20%"
"11/14/2008","50.10","56.00","57.40","48.45","42.44M","-4.30%"
"11/12/2008","52.35","51.70","57.35","51.15","43.70M","-4.03%"
"11/11/2008","54.55","62.45","62.45","54.00","47.51M","-13.69%"
"11/10/2008","63.20","67.05","69.25","60.80","60.52M","-2.54%"
"11/07/2008","64.85","56.10","65.95","56.10","61.40M","+17.38%"
"11/06/2008","55.25","51.40","57.95","48.65","51.25M","+2.60%"
"11/05/2008","53.85","53.25","60.60","52.25","78.55M","+5.90%"
"11/04/2008","50.85","42.40","51.90","42.05","82.48M","+20.93%"
"11/03/2008","42.05","44.05","45.35","40.85","39.46M","+3.19%"
"10/31/2008","40.75","36.75","45.35","36.75","40.83M","-3.89%"
"10/29/2008","42.40","50.55","50.55","41.30","30.37M","-11.39%"
"10/28/2008","47.85","49.25","49.25","45.90","8.38M","+11.15%"
"10/27/2008","43.05","43.15","50.85","38.30","39.39M","-0.46%"
"10/24/2008","43.25","68.85","70.20","39.50","51.27M","-39.55%"
"10/23/2008","71.55","77.00","77.00","70.40","9.07M","-8.97%"
"10/22/2008","78.60","82.60","83.95","77.75","6.72M","-6.87%"
"10/21/2008","84.40","82.70","86.55","78.50","13.60M","+8.34%"
"10/20/2008","77.90","80.95","83.25","74.65","11.63M","-1.64%"
"10/17/2008","79.20","85.40","92.20","78.05","15.91M","-7.64%"
"10/16/2008","85.75","90.65","90.65","79.95","22.39M","-9.36%"
"10/15/2008","94.60","100.00","101.85","93.30","7.72M","-7.57%"
"10/14/2008","102.35","102.85","109.05","100.70","10.63M","+3.80%"
"10/13/2008","98.60","88.35","100.80","87.25","13.52M","+15.19%"
"10/10/2008","85.60","90.00","96.40","83.20","12.40M","-17.65%"
"10/08/2008","103.95","110.20","110.20","91.85","21.19M","-8.98%"
"10/07/2008","114.20","119.35","124.10","109.75","10.40M","-2.02%"
"10/06/2008","116.55","132.95","132.95","114.80","7.47M","-13.83%"
"10/03/2008","135.25","137.65","141.30","131.75","9.87M","-2.31%"
"10/01/2008","138.45","143.40","147.45","137.40","12.22M","-0.86%"
"09/30/2008","139.65","140.50","145.00","128.45","23.28M","-0.92%"
"09/29/2008","140.95","161.70","164.25","137.95","13.77M","-12.40%"
"09/26/2008","160.90","166.20","168.05","156.65","11.96M","-3.62%"
"09/25/2008","166.95","182.15","183.10","165.35","15.70M","-7.38%"
"09/24/2008","180.25","177.55","182.70","176.05","7.00M","+1.41%"
"09/23/2008","177.75","179.05","186.70","176.60","7.15M","-2.52%"
"09/22/2008","182.35","198.15","200.00","180.45","9.15M","-6.39%"
"09/19/2008","194.80","201.80","207.15","192.25","12.18M","+1.04%"
"09/18/2008","192.80","176.30","202.45","170.05","26.32M","+6.58%"
"09/17/2008","180.90","187.15","188.25","179.35","9.38M","-2.16%"
"09/16/2008","184.90","190.05","194.40","179.35","10.50M","-4.98%"
"09/15/2008","194.60","214.85","214.85","187.40","4.52M","-3.50%"
"09/12/2008","201.65","211.20","212.20","198.15","7.74M","-3.52%"
"09/11/2008","209.00","222.20","222.85","207.15","8.30M","-6.68%"
"09/10/2008","223.95","217.60","225.70","217.05","4.62M","+1.27%"
"09/09/2008","221.15","214.30","224.05","212.35","3.28M","+2.15%"
"09/08/2008","216.50","209.35","224.05","209.35","4.95M","+4.46%"
"09/05/2008","207.25","203.00","213.25","201.10","3.91M","-0.55%"
"09/04/2008","208.40","207.50","209.35","204.10","2.96M","-1.21%"
"09/02/2008","210.95","200.15","214.55","198.70","5.32M","+6.01%"
"09/01/2008","199.00","198.35","202.00","194.65","4.25M","-0.60%"
"08/29/2008","200.20","195.10","201.40","193.05","3.39M","+4.52%"
"08/28/2008","191.55","188.05","194.50","186.60","8.08M","+1.92%"
"08/27/2008","187.95","192.65","194.50","186.55","5.90M","-1.23%"
"08/26/2008","190.30","195.60","196.50","186.60","8.99M","-4.25%"
"08/25/2008","198.75","208.50","214.85","197.40","5.56M","-4.38%"
"08/22/2008","207.85","208.30","210.65","199.55","3.81M","+0.36%"
"08/21/2008","207.10","215.50","216.50","205.95","2.60M","-4.50%"
"08/20/2008","216.85","220.35","222.20","215.85","2.76M","-0.85%"
"08/19/2008","218.70","213.50","220.85","209.35","2.73M","+1.89%"
"08/18/2008","214.65","222.20","222.20","213.50","2.72M","-3.05%"
"08/14/2008","221.40","220.35","225.90","214.45","3.52M","-0.58%"
"08/13/2008","222.70","224.05","227.65","219.55","2.84M","-0.87%"
"08/12/2008","224.65","229.55","229.80","222.20","1.79M","-2.13%"
"08/11/2008","229.55","230.05","233.10","226.90","2.65M","+1.50%"
"08/08/2008","226.15","220.75","228.10","213.95","4.26M","+1.73%"
"08/07/2008","222.30","222.65","225.90","219.10","2.84M","-0.04%"
"08/06/2008","222.40","224.95","230.30","219.90","8.44M","+0.75%"
"08/05/2008","220.75","215.85","222.15","213.60","6.04M","+1.99%"
"08/04/2008","216.45","221.25","228.95","213.60","6.96M","-1.28%"
"08/01/2008","219.25","202.95","221.10","198.55","6.52M","+7.03%"
"07/31/2008","204.85","201.75","212.00","201.75","10.17M","+2.04%"
"07/30/2008","200.75","197.40","204.30","196.60","4.41M","+3.13%"
"07/29/2008","194.65","195.60","198.25","190.15","3.91M","-0.79%"
"07/28/2008","196.20","194.65","200.70","191.10","2.49M","+1.08%"
"07/25/2008","194.10","206.60","206.60","189.30","3.17M","-2.19%"
"07/24/2008","198.45","204.75","210.10","195.75","6.13M","-1.83%"
"07/23/2008","202.15","187.30","204.30","187.30","13.57M","+10.28%"
"07/22/2008","183.30","180.90","188.50","177.30","6.47M","+2.43%"
"07/21/2008","178.95","180.90","182.55","175.40","3.01M","-0.25%"
"07/18/2008","179.40","181.80","190.05","174.90","5.81M","-0.17%"
"07/17/2008","179.70","178.15","183.65","168.30","7.84M","+3.54%"
"07/16/2008","173.55","171.70","178.05","170.35","3.85M","+1.64%"
"07/15/2008","170.75","176.30","180.35","169.85","5.20M","-5.43%"
"07/14/2008","180.55","179.35","189.45","179.25","5.41M","-2.25%"
"07/11/2008","184.70","191.00","193.30","182.15","6.31M","-3.30%"
"07/10/2008","191.00","191.00","193.75","176.40","17.11M","-0.24%"
"07/09/2008","191.45","188.05","192.35","182.05","8.22M","+6.07%"
"07/08/2008","180.50","174.00","185.50","167.10","10.51M","+0.95%"
"07/07/2008","178.80","176.30","189.85","173.55","7.10M","+1.50%"
"07/04/2008","176.15","164.35","178.80","160.70","19.92M","+7.02%"
"07/03/2008","164.60","183.65","184.75","160.40","7.92M","-10.08%"
"07/02/2008","183.05","181.80","186.75","163.65","13.06M","+2.06%"
"07/01/2008","179.35","198.80","202.95","175.20","12.79M","-9.56%"
"06/30/2008","198.30","215.80","217.60","194.20","8.00M","-6.17%"
"06/27/2008","211.35","223.95","223.95","209.50","4.58M","-5.46%"
"06/26/2008","223.55","226.80","228.65","216.95","4.75M","-0.18%"
"06/25/2008","223.95","217.60","225.90","214.85","7.12M","+1.84%"
"06/24/2008","219.90","210.25","223.60","206.75","8.86M","+5.09%"
"06/23/2008","209.25","222.20","223.05","206.85","5.87M","-6.50%"
"06/20/2008","223.80","228.45","228.65","218.55","7.45M","-1.30%"
"06/19/2008","226.75","226.80","232.10","220.85","6.31M","-1.11%"
"06/18/2008","229.30","227.95","234.95","226.10","13.86M","+2.25%"
"06/17/2008","224.25","223.15","226.50","220.70","8.96M","+1.08%"
"06/16/2008","221.85","233.05","233.05","220.35","7.25M","-1.33%"
"06/13/2008","224.85","233.90","239.55","223.15","13.23M","-3.91%"
"06/12/2008","234.00","243.35","243.90","230.30","12.56M","-5.72%"
"06/11/2008","248.20","246.55","257.05","243.50","11.32M","+0.34%"
"06/10/2008","247.35","236.00","248.80","226.00","10.56M","+2.89%"
"06/09/2008","240.40","252.50","254.55","229.60","12.44M","-6.55%"
"06/06/2008","257.25","256.15","264.20","247.40","6.83M","+3.98%"
"06/05/2008","247.40","226.60","250.60","225.90","9.12M","+9.18%"
"06/04/2008","226.60","236.00","242.65","220.60","12.68M","-4.55%"
"06/03/2008","237.40","243.35","244.65","227.90","13.86M","-3.61%"
"06/02/2008","246.30","257.10","261.70","242.85","4.25M","-3.30%"
"05/30/2008","254.70","257.10","259.30","250.20","3.33M","+0.81%"
"05/29/2008","252.65","266.30","268.20","250.50","15.21M","-4.97%"
"05/28/2008","265.85","277.70","278.20","259.50","5.08M","-2.62%"
"05/27/2008","273.00","281.75","285.10","271.90","3.31M","-2.53%"
"05/26/2008","280.10","269.05","282.00","264.45","5.61M","+2.75%"
"05/23/2008","272.60","267.20","276.20","266.35","7.79M","+2.17%"
"05/22/2008","266.80","280.05","281.85","265.50","4.84M","-5.96%"
"05/21/2008","283.70","290.15","292.90","282.15","4.80M","-2.98%"
"05/20/2008","292.40","280.05","294.60","275.45","15.90M","+3.41%"
"05/16/2008","282.75","270.85","284.45","269.70","8.19M","+5.27%"
"05/15/2008","268.60","262.10","269.35","260.75","2.43M","+3.11%"
"05/14/2008","260.50","254.60","261.70","253.45","1.72M","+1.88%"
"05/13/2008","255.70","264.45","264.45","252.75","3.69M","-0.20%"
"05/12/2008","256.20","247.90","258.05","241.20","4.12M","+3.10%"
"05/09/2008","248.50","256.20","260.60","243.40","7.93M","-3.12%"
"05/08/2008","256.50","257.10","263.00","254.35","2.26M","-1.08%"
"05/07/2008","259.30","266.20","266.30","255.30","2.09M","-0.92%"
"05/06/2008","261.70","263.70","269.35","260.05","2.51M","-1.69%"
"05/05/2008","266.20","266.30","272.15","263.20","4.25M","+0.34%"
"05/02/2008","265.30","266.30","269.40","263.55","2.73M","+0.61%"
"04/30/2008","263.70","263.15","268.60","260.30","3.25M","+0.21%"
"04/29/2008","263.15","253.45","264.70","251.15","6.27M","+2.91%"
"04/28/2008","255.70","266.75","268.75","254.00","2.94M","-3.91%"
"04/25/2008","266.10","261.70","266.30","259.85","2.58M","+1.55%"
"04/24/2008","262.05","264.45","268.75","259.70","4.89M","-0.29%"
"04/23/2008","262.80","270.85","275.45","260.85","6.12M","-3.65%"
"04/22/2008","272.75","280.95","284.45","270.40","3.85M","-2.78%"
"04/21/2008","280.55","278.30","291.00","278.30","6.19M","+1.96%"
"04/17/2008","275.15","270.85","278.15","265.90","8.17M","+3.40%"
"04/16/2008","266.10","269.05","272.55","261.30","5.16M","-0.88%"
"04/15/2008","268.45","264.45","275.10","263.65","3.93M","+0.68%"
"04/11/2008","266.65","269.05","274.25","264.55","5.56M","+0.23%"
"04/10/2008","266.05","278.25","279.85","264.90","7.63M","-4.37%"
"04/09/2008","278.20","266.30","279.90","262.60","6.54M","+4.59%"
"04/08/2008","266.00","267.20","272.55","262.90","7.50M","-1.23%"
"04/07/2008","269.30","258.00","271.25","254.60","9.47M","+5.67%"
"04/04/2008","254.85","249.75","257.55","247.45","10.66M","+2.02%"
"04/03/2008","249.80","261.70","263.00","246.10","11.34M","-4.60%"
"04/02/2008","261.85","262.60","271.70","258.20","10.03M","+1.51%"
"04/01/2008","257.95","242.40","260.75","242.40","8.26M","+6.50%"
"03/31/2008","242.20","243.35","255.15","236.25","11.17M","-2.32%"
"03/28/2008","247.95","223.15","251.10","222.20","13.12M","+12.65%"
"03/27/2008","220.10","209.35","223.15","202.95","15.84M","+5.03%"
"03/26/2008","209.55","215.80","216.70","206.35","13.40M","-2.49%"
"03/25/2008","214.90","213.95","220.30","209.45","17.44M","+1.68%"
"03/24/2008","211.35","224.95","224.95","204.85","5.92M","-2.22%"
"03/19/2008","216.15","257.00","257.00","213.40","7.67M","-1.62%"
"03/18/2008","219.70","214.85","228.10","213.95","3.97M","+1.27%"
"03/17/2008","216.95","224.95","224.95","213.05","2.89M","-4.68%"
"03/14/2008","227.60","224.05","233.20","215.80","4.39M","+2.82%"
"03/13/2008","221.35","240.55","240.55","215.05","3.32M","-10.89%"
"03/12/2008","248.40","252.50","258.95","243.40","6.70M","+0.10%"
"03/11/2008","248.15","229.55","251.10","220.35","7.16M","+8.15%"
"03/10/2008","229.45","229.55","233.25","211.20","7.46M","+1.06%"
"03/07/2008","227.05","215.80","232.30","202.95","10.93M","+4.03%"
"03/05/2008","218.25","223.15","223.55","210.60","6.11M","-1.07%"
"03/04/2008","220.60","231.40","236.00","208.90","11.66M","-4.69%"
"03/03/2008","231.45","252.50","257.10","229.65","8.41M","-10.43%"
"02/29/2008","258.40","272.55","272.70","252.50","12.72M","-5.95%"
"02/28/2008","274.75","280.05","280.05","271.35","5.85M","-1.70%"
"02/27/2008","279.50","289.25","294.60","276.45","5.13M","-3.04%"
"02/26/2008","288.25","273.65","291.55","273.65","5.00M","+5.97%"
"02/25/2008","272.00","280.05","283.75","269.50","3.86M","-2.44%"
"02/22/2008","278.80","280.05","282.70","275.55","2.05M","-1.45%"
"02/21/2008","282.90","286.50","292.00","280.20","1.98M","-0.09%"
"02/20/2008","283.15","290.25","290.25","279.60","2.67M","-2.60%"
"02/19/2008","290.70","297.70","307.05","289.25","1.69M","-1.96%"
"02/18/2008","296.50","305.65","310.35","292.90","1.66M","-2.99%"
"02/15/2008","305.65","293.25","311.20","293.25","2.27M","-1.63%"
"02/14/2008","310.70","289.25","312.20","289.25","3.40M","+8.20%"
"02/13/2008","287.15","279.15","293.35","277.50","2.69M","+4.32%"
"02/12/2008","275.25","280.05","282.65","272.70","1.85M","-0.43%"
"02/11/2008","276.45","288.95","288.95","270.95","2.07M","-2.90%"
"02/08/2008","284.70","284.65","289.25","273.65","3.30M","+0.92%"
"02/07/2008","282.10","289.25","293.75","279.55","2.02M","-2.76%"
"02/06/2008","290.10","293.85","295.65","285.55","3.30M","-3.43%"
"02/05/2008","300.40","307.55","313.80","297.50","2.39M","-2.32%"
"02/04/2008","307.55","301.15","316.80","301.15","4.01M","+4.22%"
"02/01/2008","295.10","293.65","298.40","281.45","3.11M","+4.04%"
"01/31/2008","283.65","294.75","302.00","275.45","8.54M","-3.17%"
"01/30/2008","292.95","316.80","316.80","290.15","4.86M","-6.91%"
"01/29/2008","314.70","297.50","324.15","291.05","7.08M","+8.74%"
"01/28/2008","289.40","303.00","303.00","278.70","3.90M","-7.18%"
"01/25/2008","311.80","316.80","337.90","305.90","4.78M","+0.65%"
"01/24/2008","309.80","353.50","362.70","299.35","3.16M","-9.07%"
"01/23/2008","340.70","367.30","367.30","312.20","3.63M","+7.90%"
"01/22/2008","315.75","321.35","359.95","293.85","2.77M","-6.05%"
"01/21/2008","336.10","389.70","389.70","321.35","3.11M","-3.52%"
"01/18/2008","348.35","363.60","366.30","343.65","2.87M","-4.04%"
"01/17/2008","363.00","369.10","374.65","356.25","2.35M","-0.51%"
"01/16/2008","364.85","370.75","370.75","354.65","2.90M","-2.89%"
"01/15/2008","375.70","394.30","397.40","373.70","1.78M","-4.07%"
"01/14/2008","391.65","389.30","402.20","381.05","3.27M","+0.40%"
"01/11/2008","390.10","407.70","407.70","386.85","3.49M","-3.85%"
"01/10/2008","405.70","413.40","415.10","402.20","2.42M","-1.29%"
"01/09/2008","411.00","416.85","422.20","406.25","3.59M","-1.55%"
"01/08/2008","417.45","403.75","422.00","400.35","7.80M","+4.69%"
"01/07/2008","398.75","370.95","405.45","360.40","4.74M","+6.76%"
"01/04/2008","373.50","370.95","376.65","370.95","2.17M","+1.33%"
"01/03/2008","368.60","355.00","371.90","355.00","4.29M","+2.45%"
"01/02/2008","359.80","358.65","363.05","354.50","3.81M","+0.45%"
"01/01/2008","358.20","357.20","364.80","354.65","1.41M","+0.70%"
"12/31/2007","355.70","356.25","358.10","352.95","2.24M","+1.80%"
"12/28/2007","349.40","358.10","359.00","347.10","2.22M","-1.83%"
"12/27/2007","355.90","353.15","358.10","349.10","3.48M","+2.23%"
"12/26/2007","348.15","357.90","357.90","344.35","2.66M","-1.08%"
"12/24/2007","351.95","339.75","354.40","339.75","2.77M","+4.19%"
"12/20/2007","337.80","348.90","359.55","331.85","3.14M","-3.24%"
"12/19/2007","349.10","348.90","352.40","344.35","5.28M","+2.47%"
"12/18/2007","340.70","330.55","347.80","324.25","4.60M","+1.43%"
"12/17/2007","335.90","359.95","359.95","334.25","4.97M","-6.41%"
"12/14/2007","358.90","361.80","364.55","356.80","2.28M","-0.75%"
"12/13/2007","361.60","369.65","370.90","357.25","2.81M","-2.14%"
"12/12/2007","369.50","368.95","374.25","359.95","5.22M","-1.65%"
"12/11/2007","375.70","367.30","377.75","367.30","6.27M","+2.52%"
"12/10/2007","366.45","359.00","370.55","359.00","4.26M","+3.07%"
"12/07/2007","355.55","359.95","366.00","352.40","2.69M","-0.27%"
"12/06/2007","356.50","349.30","359.55","348.90","5.19M","+2.69%"
"12/05/2007","347.15","348.00","351.25","343.80","4.27M","+0.52%"
"12/04/2007","345.35","350.55","351.60","342.70","2.56M","+0.12%"
"12/03/2007","344.95","350.75","353.80","340.70","3.18M","-0.98%"
"11/30/2007","348.35","334.10","351.10","334.10","7.03M","+4.27%"
"11/29/2007","334.10","348.85","349.45","321.40","8.08M","-1.61%"
"11/28/2007","339.55","349.10","356.10","337.00","3.01M","-3.10%"
"11/27/2007","350.40","352.95","357.70","348.00","1.56M","-1.43%"
"11/26/2007","355.50","348.90","360.85","348.90","3.26M","+4.07%"
"11/23/2007","341.60","343.40","357.20","338.90","5.53M","+1.59%"
"11/22/2007","336.25","350.00","357.20","325.95","4.78M","-4.16%"
"11/21/2007","350.85","374.65","380.15","348.20","3.62M","-6.16%"
"11/20/2007","373.90","384.75","388.30","369.10","3.94M","-2.82%"
"11/19/2007","384.75","385.10","396.65","379.25","4.04M","+1.50%"
"11/16/2007","379.05","372.75","388.95","367.30","3.00M","+1.69%"
"11/15/2007","372.75","367.30","383.25","367.05","7.02M","+1.55%"
"11/14/2007","367.05","362.70","370.95","357.20","9.88M","+1.80%"
"11/13/2007","360.55","349.00","367.85","339.75","5.97M","+3.31%"
"11/12/2007","349.00","352.90","352.95","342.50","3.97M","-1.11%"
"11/09/2007","352.90","348.90","357.75","346.50","200.51K","+1.85%"
"11/08/2007","346.50","332.90","353.45","332.90","3.20M","-0.57%"
"11/07/2007","348.50","358.10","360.75","344.35","2.65M","-1.54%"
"11/06/2007","353.95","354.60","362.35","351.70","1.70M","-0.63%"
"11/05/2007","356.20","366.75","366.75","353.50","1.85M","-1.58%"
"11/02/2007","361.90","361.80","363.40","350.75","1.80M","+0.00%"
"11/01/2007","361.90","355.25","367.05","355.25","4.04M","-0.15%"
"10/31/2007","362.45","364.55","367.05","358.10","1.77M","-0.40%"
"10/30/2007","363.90","368.20","368.75","354.85","2.76M","-0.80%"
"10/29/2007","366.85","358.85","372.25","358.85","7.74M","+2.47%"
"10/26/2007","358.00","353.55","370.20","342.85","4.70M","+1.26%"
"10/25/2007","353.55","344.35","357.55","336.05","7.40M","+1.00%"
"10/24/2007","350.05","330.35","358.95","319.90","8.53M","+10.01%"
"10/23/2007","318.20","299.70","332.40","299.70","8.90M","+9.12%"
"10/22/2007","291.60","276.40","302.10","266.75","2.96M","+1.14%"
"10/19/2007","288.30","310.70","311.25","277.65","5.10M","-4.66%"
"10/18/2007","302.40","332.40","335.15","295.75","5.84M","-7.76%"
"10/17/2007","327.85","311.25","330.35","284.65","4.67M","-0.44%"
"10/16/2007","329.30","324.70","332.80","314.95","4.02M","+1.97%"
"10/15/2007","322.95","312.70","325.05","306.85","2.65M","+3.49%"
"10/12/2007","312.05","324.15","324.15","306.50","2.51M","-4.28%"
"10/11/2007","326.00","328.35","332.60","316.80","2.37M","+0.31%"
"10/10/2007","325.00","308.50","329.40","308.50","9.10M","+5.73%"
"10/09/2007","307.40","304.85","309.45","285.65","3.93M","+1.54%"
"10/08/2007","302.75","319.15","319.15","298.90","7.56M","-0.08%"
"10/05/2007","303.00","302.10","306.10","294.00","3.62M","+0.63%"
"10/04/2007","301.10","287.95","304.10","286.55","7.15M","+5.56%"
"10/03/2007","285.25","272.35","288.30","272.35","5.62M","+5.39%"
"10/01/2007","270.65","267.20","271.60","267.20","6.27M","+1.56%"
"09/28/2007","266.50","267.20","271.75","264.25","3.04M","+0.11%"
"09/27/2007","266.20","265.55","267.20","259.90","3.20M","+1.02%"
"09/26/2007","263.50","266.30","271.05","261.95","2.73M","-0.13%"
"09/25/2007","263.85","266.30","267.20","259.20","4.98M","-0.58%"
"09/24/2007","265.40","270.50","271.55","263.55","2.22M","-1.54%"
"09/21/2007","269.55","274.90","276.40","266.30","2.80M","-2.39%"
"09/20/2007","276.15","270.85","278.20","266.70","3.07M","+2.28%"
"09/19/2007","270.00","264.45","273.65","264.45","3.03M","+2.29%"
"09/18/2007","263.95","257.10","264.45","253.45","3.75M","+3.02%"
"09/17/2007","256.20","260.30","260.30","251.60","2.71M","+1.55%"
"09/14/2007","252.30","253.45","258.00","250.35","3.50M","-0.77%"
"09/13/2007","254.25","255.25","257.10","246.45","9.47M","+3.65%"
"09/12/2007","245.30","246.10","249.40","243.55","8.80M","+0.70%"
"09/11/2007","243.60","237.65","247.55","236.00","4.64M","+3.73%"
"09/10/2007","234.85","235.05","237.75","229.75","1.23M","-0.38%"
"09/07/2007","235.75","240.40","241.80","233.40","1.60M","-1.44%"
"09/06/2007","239.20","236.00","242.40","233.25","2.28M","+0.82%"
"09/05/2007","237.25","230.65","239.60","230.65","4.17M","+2.93%"
"09/04/2007","230.50","231.40","233.75","228.80","1.26M","-0.37%"
"09/03/2007","231.35","235.45","237.80","230.30","2.09M","-0.47%"
"08/31/2007","232.45","230.45","234.70","229.55","1.80M","+1.04%"
"08/30/2007","230.05","226.80","231.55","226.80","3.46M","+1.97%"
"08/29/2007","225.60","224.80","231.75","220.05","12.33M","-0.88%"
"08/28/2007","227.60","236.00","236.00","226.80","2.93M","-2.55%"
"08/27/2007","233.55","235.40","235.40","229.35","1.29M","+3.41%"
"08/24/2007","225.85","224.05","234.15","223.15","12.41M","-2.12%"
"08/23/2007","230.75","238.75","246.10","228.85","3.75M","-2.39%"
"08/22/2007","236.40","226.25","237.80","224.05","3.39M","+4.49%"
"08/21/2007","226.25","238.75","239.60","222.40","2.44M","-5.30%"
"08/20/2007","238.90","225.85","241.00","222.40","4.45M","+10.73%"
"08/17/2007","215.75","221.45","221.45","211.20","3.88M","-2.35%"
"08/16/2007","220.95","224.35","231.40","220.20","6.08M","-7.26%"
"08/14/2007","238.25","241.50","242.70","235.90","2.78M","-0.36%"
"08/13/2007","239.10","238.90","242.95","237.85","1.40M","+0.44%"
"08/10/2007","238.05","227.70","240.55","220.35","4.68M","+2.52%"
"08/09/2007","232.20","238.35","244.60","230.10","3.81M","-0.94%"
"08/08/2007","234.40","231.20","235.95","229.55","1.52M","+2.29%"
"08/07/2007","229.15","225.90","231.00","219.80","3.46M","+4.30%"
"08/06/2007","219.70","224.80","224.80","216.00","3.90M","-3.77%"
"08/03/2007","228.30","228.65","230.85","225.95","1.71M","+1.04%"
"08/02/2007","225.95","220.35","231.55","220.30","3.88M","+2.33%"
"08/01/2007","220.80","232.30","235.05","218.55","2.94M","-5.40%"
"07/31/2007","233.40","232.80","238.35","231.40","3.97M","+1.59%"
"07/30/2007","229.75","240.20","240.20","229.55","4.32M","-4.33%"
"07/27/2007","240.15","235.05","245.00","225.90","8.89M","+0.59%"
"07/26/2007","238.75","250.20","253.25","236.00","11.32M","-7.25%"
"07/25/2007","257.40","273.65","277.30","256.00","7.30M","-6.50%"
"07/24/2007","275.30","281.35","288.10","273.65","3.51M","-2.12%"
"07/23/2007","281.25","270.85","282.65","270.85","3.16M","+1.92%"
"07/20/2007","275.95","277.30","278.00","270.90","2.46M","+1.45%"
"07/19/2007","272.00","271.85","274.70","270.50","2.13M","+0.17%"
"07/18/2007","271.55","269.75","275.45","265.00","2.57M","+0.59%"
"07/17/2007","269.95","271.80","275.45","266.30","1.48M","+0.47%"
"07/16/2007","268.70","271.80","276.40","267.40","1.87M","-0.67%"
"07/13/2007","270.50","270.85","279.15","268.10","4.26M","+0.61%"
"07/12/2007","268.85","268.10","270.80","266.30","1.21M","+1.00%"
"07/11/2007","266.20","264.45","270.85","260.75","1.98M","+0.36%"
"07/10/2007","265.25","275.30","275.30","263.75","3.59M","-4.00%"
"07/09/2007","276.30","269.95","277.10","269.95","1.26M","+0.42%"
"07/06/2007","275.15","267.30","277.10","266.30","3.81M","+2.94%"
"07/05/2007","267.30","272.70","274.35","262.25","2.75M","-1.51%"
"07/04/2007","271.40","277.30","277.30","270.45","1.12M","-1.58%"
"07/03/2007","275.75","275.10","277.80","274.55","1.96M","+0.88%"
"07/02/2007","273.35","275.45","279.50","272.70","3.30M","-0.46%"
"06/29/2007","274.60","274.90","280.05","270.85","4.25M","+0.40%"
"06/28/2007","273.50","281.70","281.70","269.05","8.26M","-2.72%"
"06/27/2007","281.15","264.10","285.55","260.85","11.16M","+6.64%"
"06/26/2007","263.65","250.30","265.35","240.80","5.53M","+5.42%"
"06/25/2007","250.10","257.10","257.10","247.45","2.03M","-1.19%"
"06/22/2007","253.10","252.50","256.95","250.65","3.18M","+0.16%"
"06/21/2007","252.70","255.25","259.30","250.65","3.46M","-0.45%"
"06/20/2007","253.85","253.45","257.05","252.90","2.14M","-0.35%"
"06/19/2007","254.75","248.85","255.45","248.50","1.99M","+2.47%"
"06/18/2007","248.60","254.75","262.60","247.00","5.70M","-2.41%"
"06/15/2007","254.75","244.05","257.80","243.50","5.40M","+5.64%"
"06/14/2007","241.15","240.55","243.25","239.85","739.40K","+1.37%"
"06/13/2007","237.90","242.60","244.60","236.90","1.23M","-2.18%"
"06/12/2007","243.20","247.75","247.90","235.45","1.83M","-1.68%"
"06/11/2007","247.35","248.65","252.35","246.10","2.75M","+0.39%"
"06/08/2007","246.40","249.75","251.30","245.20","3.32M","-2.30%"
"06/07/2007","252.20","238.75","257.10","238.75","8.48M","+4.76%"
"06/06/2007","240.75","239.95","248.85","239.95","2.96M","-3.16%"
"06/05/2007","248.60","237.10","250.50","235.10","7.12M","+4.96%"
"06/04/2007","236.85","225.50","244.00","225.50","2.61M","+0.11%"
"06/01/2007","236.60","240.40","245.65","234.90","14.88M","-0.04%"
"05/31/2007","236.70","234.70","240.55","231.00","5.59M","+0.19%"
"05/30/2007","236.25","238.55","242.40","234.35","4.34M","-0.82%"
"05/29/2007","238.20","236.90","242.00","232.50","6.19M","+0.97%"
"05/28/2007","235.90","253.45","256.70","232.35","8.85M","-6.65%"
"05/25/2007","252.70","229.55","260.55","209.30","21.34M","+19.23%"
"05/24/2007","211.95","211.55","214.85","210.30","4.62M","-0.05%"
"05/23/2007","212.05","212.85","216.50","210.10","2.10M","+0.35%"
"05/22/2007","211.30","208.60","213.00","207.70","2.33M","+1.59%"
"05/21/2007","208.00","209.40","210.45","206.40","1.17M","+0.10%"
"05/18/2007","207.80","209.00","210.95","205.75","1.71M","-0.43%"
"05/17/2007","208.70","209.70","213.90","206.95","3.51M","+0.24%"
"05/16/2007","208.20","210.25","213.05","204.05","6.28M","-0.31%"
"05/15/2007","208.85","227.70","230.30","206.60","10.01M","-9.12%"
"05/14/2007","229.80","226.90","231.20","226.90","1.21M","+1.48%"
"05/11/2007","226.45","226.80","235.60","224.25","3.40M","-1.82%"
"05/10/2007","230.65","231.40","232.85","227.95","2.29M","+0.54%"
"05/09/2007","229.40","223.65","229.75","221.65","3.22M","+3.26%"
"05/08/2007","222.15","219.45","224.05","219.45","1.34M","+0.27%"
"05/07/2007","221.55","225.90","225.90","220.35","866.47K","+0.75%"
"05/04/2007","219.90","222.95","223.80","217.45","1.37M","-0.45%"
"05/03/2007","220.90","213.95","225.20","213.95","1.95M","+1.28%"
"04/30/2007","218.10","217.55","221.85","213.05","1.53M","+0.25%"
"04/27/2007","217.55","224.05","224.05","214.90","1.51M","-3.25%"
"04/26/2007","224.85","220.55","226.80","219.80","5.88M","+2.95%"
"04/25/2007","218.40","216.70","220.35","213.05","1.66M","+1.77%"
"04/24/2007","214.60","204.75","216.70","202.00","1.87M","+2.04%"
"04/23/2007","210.30","222.00","222.00","209.55","3.43M","-3.80%"
"04/20/2007","218.60","216.70","220.35","216.70","1.61M","+0.85%"
"04/19/2007","216.75","214.85","219.40","209.55","2.99M","-0.02%"
"04/18/2007","216.80","212.10","221.85","209.35","3.19M","+3.14%"
"04/17/2007","210.20","218.55","220.35","208.65","3.75M","-3.67%"
"04/16/2007","218.20","207.50","224.00","202.65","8.10M","+7.70%"
"04/13/2007","202.60","187.35","204.60","187.35","3.16M","+5.06%"
"04/12/2007","192.85","193.20","198.85","190.10","5.14M","-0.54%"
"04/11/2007","193.90","181.80","196.15","180.90","11.70M","+6.36%"
"04/10/2007","182.30","182.70","185.30","176.55","4.13M","+0.50%"
"04/09/2007","181.40","179.05","182.15","178.50","963.10K","+2.00%"
"04/05/2007","177.85","177.25","178.80","175.40","1.09M","+1.14%"
"04/04/2007","175.85","179.05","180.35","174.85","1.93M","-0.20%"
"04/03/2007","176.20","175.95","179.05","170.95","2.78M","+0.74%"
"04/02/2007","174.90","181.80","181.80","173.55","2.62M","-4.89%"
"03/30/2007","183.90","184.55","186.95","182.70","2.13M","+1.66%"
"03/29/2007","180.90","183.30","188.25","174.65","4.16M","+2.17%"
"03/28/2007","177.05","181.80","185.50","176.35","2.79M","-1.78%"
"03/26/2007","180.25","185.50","185.50","179.60","2.06M","-2.09%"
"03/23/2007","184.10","185.15","186.75","183.45","1.35M","-0.62%"
"03/22/2007","185.25","183.65","188.25","179.15","2.82M","+1.40%"
"03/21/2007","182.70","183.45","187.30","180.90","2.08M","+0.33%"
"03/20/2007","182.10","181.80","186.20","181.45","2.35M","+1.08%"
"03/19/2007","180.15","178.15","181.05","177.40","1.52M","+1.66%"
"03/16/2007","177.20","188.05","189.85","176.30","3.62M","-5.01%"
"03/15/2007","186.55","199.25","200.60","185.15","4.90M","-2.71%"
"03/14/2007","191.75","194.65","196.45","185.75","2.59M","-4.29%"
"03/13/2007","200.35","192.75","202.00","189.15","2.01M","+4.98%"
"03/12/2007","190.85","192.65","192.65","187.40","1.51M","+2.31%"
"03/09/2007","186.55","194.65","194.65","184.95","1.43M","-3.12%"
"03/08/2007","192.55","193.75","194.65","188.25","2.84M","+0.92%"
"03/07/2007","190.80","181.80","195.40","181.80","3.86M","+2.97%"
"03/06/2007","185.30","187.15","188.60","182.00","2.75M","+2.38%"
"03/05/2007","181.00","191.50","191.50","176.75","6.29M","-6.34%"
"03/02/2007","193.25","199.25","200.15","192.00","3.03M","-1.63%"
"03/01/2007","196.45","189.15","197.80","185.50","4.05M","+2.64%"
"02/28/2007","191.40","183.65","201.20","174.65","4.51M","-0.85%"
"02/27/2007","193.05","192.80","193.75","191.00","2.14M","+0.26%"
"02/26/2007","192.55","193.20","195.75","191.00","3.36M","+0.03%"
"02/23/2007","192.50","191.05","194.65","190.05","5.12M","+0.76%"
"02/22/2007","191.05","189.90","193.15","188.25","7.74M","+1.73%"
"02/21/2007","187.80","182.85","189.15","180.00","7.51M","+3.79%"
"02/20/2007","180.95","190.40","190.70","180.00","5.79M","-4.41%"
"02/19/2007","189.30","193.00","195.85","188.40","4.81M","-1.02%"
"02/15/2007","191.25","201.80","205.70","187.50","7.62M","-2.77%"
"02/14/2007","196.70","200.15","200.15","192.80","5.28M","-2.53%"
"02/13/2007","201.80","200.15","210.80","191.70","7.54M","+1.74%"
"02/12/2007","198.35","228.65","228.65","192.80","10.87M","-13.25%"
"02/09/2007","228.65","229.30","231.35","226.05","1.38M","-0.57%"
"02/08/2007","229.95","232.30","232.85","224.80","2.36M","-1.03%"
"02/07/2007","232.35","236.15","236.35","230.50","1.75M","-1.46%"
"02/06/2007","235.80","230.65","238.55","230.45","5.15M","+2.03%"
"02/05/2007","231.10","225.90","232.10","224.05","3.95M","+3.22%"
"02/02/2007","223.90","218.50","224.90","216.70","5.07M","+3.75%"
"02/01/2007","215.80","214.15","217.05","209.55","3.19M","+2.84%"
"01/31/2007","209.85","223.15","225.50","206.65","5.62M","-5.22%"
"01/29/2007","221.40","238.55","240.20","219.70","5.64M","-6.19%"
"01/25/2007","236.00","236.00","237.80","233.95","2.03M","+0.70%"
"01/24/2007","234.35","236.15","236.15","233.25","628.82K","-0.30%"
"01/23/2007","235.05","237.25","238.35","233.45","2.25M","-0.99%"
"01/22/2007","237.40","233.95","238.70","232.10","2.75M","+2.48%"
"01/19/2007","231.65","237.90","238.75","231.00","1.10M","-1.76%"
"01/18/2007","235.80","235.05","241.65","234.15","1.97M","-0.36%"
"01/17/2007","236.65","243.35","245.70","235.80","2.33M","-2.41%"
"01/16/2007","242.50","234.15","243.50","231.40","3.07M","+3.94%"
"01/15/2007","233.30","230.65","233.95","230.45","2.48M","+2.15%"
"01/12/2007","228.40","229.55","231.40","225.25","4.04M","+0.44%"
"01/11/2007","227.40","221.45","229.20","218.15","2.36M","+3.20%"
"01/10/2007","220.35","229.55","229.55","218.60","3.86M","-4.03%"
"01/09/2007","229.60","236.00","238.55","228.80","1.31M","-2.94%"
"01/08/2007","236.55","236.90","237.60","232.70","1.97M","-0.40%"
"01/05/2007","237.50","238.55","240.55","236.05","2.44M","-0.42%"
"01/04/2007","238.50","237.80","240.20","234.15","1.32M","+0.36%"
"01/03/2007","237.65","240.20","240.40","236.05","1.68M","-0.52%"
"01/02/2007","238.90","240.95","240.95","236.55","581.01K","-0.29%"
"12/29/2006","239.60","239.10","242.20","238.75","832.96K","+0.34%"
"12/28/2006","238.80","242.55","244.20","237.90","2.27M","-1.55%"
"12/27/2006","242.55","238.75","243.80","238.75","1.42M","+2.23%"
"12/26/2006","237.25","232.30","238.35","231.50","1.73M","+2.35%"
"12/22/2006","231.80","229.55","233.00","223.15","1.81M","+2.77%"
"12/21/2006","225.55","228.45","229.50","223.15","2.24M","-0.88%"
"12/20/2006","227.55","237.80","237.80","221.55","6.16M","-3.15%"
"12/19/2006","234.95","241.05","241.05","232.90","1.88M","-1.69%"
"12/18/2006","239.00","244.25","244.25","231.55","2.05M","-0.17%"
"12/15/2006","239.40","242.40","244.95","238.75","11.63M","-0.77%"
"12/14/2006","241.25","238.55","243.35","236.35","1.92M","+1.13%"
"12/13/2006","238.55","242.60","242.60","219.45","4.81M","+5.32%"
"12/12/2006","226.50","238.70","238.75","220.35","2.72M","-5.74%"
"12/11/2006","240.30","249.00","249.00","235.45","2.76M","-3.09%"
"12/08/2006","247.95","250.10","251.60","246.80","2.21M","-0.24%"
"12/07/2006","248.55","252.50","255.45","247.45","6.12M","-1.13%"
"12/06/2006","251.40","262.25","262.25","249.10","5.83M","-4.25%"
"12/05/2006","262.55","268.65","270.85","261.35","2.00M","-1.72%"
"12/04/2006","267.15","272.65","274.60","266.30","2.00M","-0.85%"
"12/01/2006","269.45","266.65","270.85","265.40","1.50M","+1.07%"
"11/30/2006","266.60","266.50","269.60","263.65","1.73M","+0.51%"
"11/29/2006","265.25","268.20","270.30","263.55","1.58M","-0.21%"
"11/28/2006","265.80","266.65","270.50","262.90","2.37M","-0.84%"
"11/27/2006","268.05","271.95","274.35","266.45","1.81M","-1.11%"
"11/24/2006","271.05","274.35","277.30","269.35","2.74M","-1.18%"
"11/23/2006","274.30","269.40","277.45","265.90","4.22M","+2.05%"
"11/22/2006","268.80","263.00","271.95","263.00","3.36M","+2.24%"
"11/21/2006","262.90","250.60","264.50","241.35","2.92M","+4.16%"
"11/20/2006","252.40","256.75","256.75","247.55","2.04M","-0.47%"
"11/17/2006","253.60","256.55","258.75","251.25","1.80M","-0.55%"
"11/16/2006","255.00","256.55","261.50","253.65","1.76M","-0.55%"
"11/15/2006","256.40","258.00","259.45","251.95","1.66M","+0.02%"
"11/14/2006","256.35","261.70","262.60","254.95","2.10M","-1.71%"
"11/13/2006","260.80","265.90","271.75","258.95","2.05M","-0.74%"
"11/10/2006","262.75","258.40","263.85","257.10","4.65M","+1.76%"
"11/09/2006","258.20","256.65","259.30","253.75","4.44M","+0.76%"
"11/08/2006","256.25","250.65","259.50","249.75","6.40M","+2.38%"
"11/07/2006","250.30","243.35","252.50","242.40","5.20M","+3.47%"
"11/06/2006","241.90","243.15","243.95","240.95","1.09M","+0.19%"
"11/03/2006","241.45","241.50","242.95","239.10","1.03M","+0.37%"
"11/02/2006","240.55","239.85","243.70","239.50","1.28M","+0.21%"
"11/01/2006","240.05","240.55","242.40","239.45","1.14M","-0.06%"
"10/31/2006","240.20","242.40","244.60","239.00","3.36M","-0.66%"
"10/30/2006","241.80","238.75","242.40","235.10","42.73M","+1.60%"
"10/27/2006","238.00","252.30","252.35","236.00","9.68M","-4.82%"
"10/26/2006","250.05","244.25","253.25","244.25","2.97M","+2.33%"
"10/23/2006","244.35","246.45","247.00","243.50","1.29M","+0.12%"
"10/20/2006","244.05","249.95","250.50","242.45","2.96M","-1.41%"
"10/19/2006","247.55","247.00","249.50","243.60","1.86M","+1.00%"
"10/18/2006","245.10","239.40","250.50","239.40","1.97M","-1.53%"
"10/17/2006","248.90","250.65","250.65","244.45","1.36M","+0.14%"
"10/16/2006","248.55","255.25","255.25","246.50","2.52M","-1.19%"
"10/13/2006","251.55","240.95","255.25","240.95","5.00M","+5.78%"
"10/12/2006","237.80","234.70","239.30","230.50","1.24M","+1.86%"
"10/11/2006","233.45","237.80","239.10","231.40","848.30K","-1.48%"
"10/10/2006","236.95","232.30","239.40","231.75","4.56M","+3.34%"
"10/09/2006","229.30","234.90","234.90","228.70","992.52K","-1.80%"
"10/06/2006","233.50","234.15","235.05","232.35","923.95K","+0.30%"
"10/05/2006","232.80","236.00","238.35","231.80","1.96M","-0.77%"
"10/04/2006","234.60","239.70","239.70","232.55","2.02M","-1.35%"
"10/03/2006","237.80","228.55","239.65","226.80","5.66M","+4.85%"
"09/29/2006","226.80","232.30","233.80","225.55","1.59M","-1.71%"
"09/28/2006","230.75","233.25","235.05","229.20","1.93M","-1.09%"
"09/27/2006","233.30","230.45","234.50","229.75","2.80M","+1.79%"
"09/26/2006","229.20","224.05","230.45","224.05","2.30M","+2.71%"
"09/25/2006","223.15","226.05","228.60","222.20","1.12M","-2.55%"
"09/22/2006","229.00","226.25","229.75","222.25","4.87M","+1.33%"
"09/21/2006","226.00","222.20","226.95","220.55","4.10M","+3.36%"
"09/20/2006","218.65","216.65","219.15","211.55","1.86M","+0.95%"
"09/19/2006","216.60","222.65","224.05","213.95","2.63M","-2.67%"
"09/18/2006","222.55","216.70","227.15","216.70","5.50M","+4.07%"
"09/15/2006","213.85","214.85","215.80","209.90","1.69M","-0.63%"
"09/14/2006","215.20","214.85","219.20","214.20","2.53M","+0.75%"
"09/13/2006","213.60","209.35","216.50","207.70","3.41M","+3.09%"
"09/12/2006","207.20","207.50","212.05","202.05","5.74M","-0.36%"
"09/11/2006","207.95","222.20","223.70","202.20","3.62M","-6.01%"
"09/08/2006","221.25","223.85","224.60","218.75","2.46M","-0.38%"
"09/07/2006","222.10","222.60","225.80","219.75","2.55M","-1.73%"
"09/06/2006","226.00","227.00","230.25","220.80","1.35M","-0.59%"
"09/05/2006","227.35","232.70","232.70","226.30","1.64M","-1.13%"
"09/04/2006","229.95","225.50","231.95","223.90","2.53M","+3.14%"
"09/01/2006","222.95","221.45","224.05","220.55","875.85K","+0.88%"
"08/31/2006","221.00","227.55","228.25","219.45","3.27M","-2.60%"
"08/30/2006","226.90","228.45","230.45","225.90","2.32M","-0.04%"
"08/29/2006","227.00","224.60","228.40","222.20","2.29M","+1.75%"
"08/28/2006","223.10","223.30","224.75","221.50","725.58K","-0.02%"
"08/25/2006","223.15","224.35","226.75","222.40","2.53M","+0.36%"
"08/24/2006","222.35","221.30","223.50","218.35","2.86M","+0.09%"
"08/23/2006","222.15","221.85","232.85","217.65","3.32M","+1.21%"
"08/22/2006","219.50","222.20","224.05","212.10","2.31M","-0.99%"
"08/21/2006","221.70","220.35","224.25","210.80","1.73M","+1.09%"
"08/18/2006","219.30","225.90","225.90","217.80","2.02M","-1.68%"
"08/17/2006","223.05","220.20","226.40","220.20","4.32M","+1.80%"
"08/16/2006","219.10","226.80","229.35","218.10","4.43M","-2.84%"
"08/14/2006","225.50","231.35","231.35","222.20","2.57M","-0.99%"
"08/11/2006","227.75","221.10","231.55","221.10","9.56M","+2.98%"
"08/10/2006","221.15","211.20","223.45","209.35","6.49M","+5.08%"
"08/09/2006","210.45","201.10","212.85","199.50","3.83M","+3.77%"
"08/08/2006","202.80","202.00","204.05","201.10","2.93M","+0.72%"
"08/07/2006","201.35","207.20","207.20","198.45","4.85M","-2.33%"
"08/04/2006","206.15","203.85","207.50","201.65","4.75M","+2.21%"
"08/03/2006","201.70","203.65","205.65","200.35","3.60M","-0.32%"
"08/02/2006","202.35","199.80","203.65","195.40","3.31M","+0.77%"
"08/01/2006","200.80","198.45","201.80","196.15","5.40M","+0.90%"
"07/31/2006","199.00","195.60","203.85","194.65","7.62M","+4.08%"
"07/28/2006","191.20","193.80","196.30","188.25","3.34M","-0.83%"
"07/27/2006","192.80","191.00","200.00","186.60","8.47M","+1.53%"
"07/26/2006","189.90","183.45","190.80","179.25","5.54M","+4.23%"
"07/25/2006","182.20","181.45","186.75","180.25","6.77M","+1.45%"
"07/24/2006","179.60","174.45","180.80","168.15","7.61M","+2.54%"
"07/21/2006","175.15","179.95","179.95","171.15","5.71M","-3.58%"
"07/20/2006","181.65","173.00","184.35","173.00","5.58M","+7.23%"
"07/19/2006","169.40","179.95","181.55","166.95","6.58M","-4.56%"
"07/18/2006","177.50","168.75","179.05","167.10","11.61M","+4.47%"
"07/17/2006","169.90","188.05","188.05","166.00","5.63M","-10.01%"
"07/14/2006","188.80","187.30","191.15","184.05","4.26M","-0.13%"
"07/13/2006","189.05","193.75","194.30","185.30","3.68M","-2.30%"
"07/12/2006","193.50","179.95","194.65","179.95","4.84M","+4.79%"
"07/11/2006","184.65","192.65","197.10","183.00","9.04M","-4.15%"
"07/10/2006","192.65","193.05","197.40","185.25","3.81M","-1.81%"
"07/07/2006","196.20","204.75","205.20","194.65","5.93M","-2.49%"
"07/06/2006","201.20","203.85","208.05","198.45","10.76M","-3.55%"
"07/05/2006","208.60","195.95","210.10","191.00","8.54M","+7.14%"
"07/04/2006","194.70","188.95","197.20","188.95","6.95M","+3.32%"
"07/03/2006","188.45","193.70","193.70","185.65","3.53M","-1.49%"
"06/30/2006","191.30","181.80","192.80","178.15","6.44M","+6.87%"
"06/29/2006","179.00","163.45","183.10","163.00","11.03M","+11.94%"
"06/28/2006","159.90","161.40","162.50","156.55","10.11M","-2.38%"
"06/27/2006","163.80","157.55","165.05","152.45","5.16M","+8.84%"
"06/26/2006","150.50","171.70","171.70","141.75","5.84M","-12.19%"
"06/23/2006","171.40","165.50","173.25","161.60","1.16M","-0.90%"
"06/22/2006","172.95","170.25","174.30","157.95","2.74M","+2.64%"
"06/21/2006","168.50","161.60","170.05","160.85","1.27M","+4.76%"
"06/20/2006","160.85","167.10","167.10","159.75","1.66M","-4.62%"
"06/19/2006","168.65","156.10","170.70","156.10","1.27M","+3.94%"
"06/16/2006","162.25","161.40","171.60","158.85","3.89M","+3.87%"
"06/15/2006","156.20","151.50","159.15","151.50","2.13M","+5.29%"
"06/14/2006","148.35","156.10","156.80","145.55","1.72M","+0.51%"
"06/13/2006","147.60","156.85","156.85","141.35","2.92M","-5.90%"
"06/12/2006","156.85","171.50","171.50","156.10","1.80M","-5.74%"
"06/09/2006","166.40","155.60","169.85","154.25","2.00M","+4.16%"
"06/08/2006","159.75","164.20","166.20","149.10","3.20M","-4.43%"
"06/07/2006","167.15","163.70","169.95","162.50","4.63M","-0.39%"
"06/06/2006","167.80","165.30","172.05","159.80","2.49M","-1.41%"
"06/05/2006","170.20","170.80","174.20","165.45","1.93M","+0.59%"
"06/02/2006","169.20","165.30","170.60","156.10","3.26M","+2.95%"
"06/01/2006","164.35","187.15","187.15","162.90","3.55M","-8.62%"
"05/31/2006","179.85","178.40","183.45","171.85","1.65M","-4.72%"
"05/30/2006","188.75","185.85","192.65","184.40","1.78M","+1.89%"
"05/29/2006","185.25","184.55","188.25","183.65","1.34M","+1.09%"
"05/26/2006","183.25","183.65","189.50","180.90","4.12M","+2.81%"
"05/25/2006","178.25","185.30","185.30","174.50","3.98M","-3.28%"
"05/24/2006","184.30","191.35","197.25","181.40","2.15M","-4.14%"
"05/23/2006","192.25","179.05","199.25","144.90","3.24M","+6.75%"
"05/22/2006","180.10","195.85","195.85","138.85","5.04M","-4.46%"
"05/19/2006","188.50","205.85","212.55","185.70","5.94M","-5.91%"
"05/18/2006","200.35","221.50","221.50","195.75","3.42M","-10.70%"
"05/17/2006","224.35","227.00","231.20","221.45","1.65M","+1.31%"
"05/16/2006","221.45","231.40","231.40","199.05","4.90M","-1.36%"
"05/15/2006","224.50","245.15","251.40","221.30","3.24M","-7.46%"
"05/12/2006","242.60","238.90","246.95","237.10","1.67M","+0.23%"
"05/11/2006","242.05","255.25","255.25","240.95","1.43M","-3.53%"
"05/10/2006","250.90","242.40","254.35","242.05","2.52M","+3.96%"
"05/09/2006","241.35","242.40","242.60","238.00","2.95M","-0.39%"
"05/08/2006","242.30","246.10","248.25","241.10","2.93M","-0.82%"
"05/05/2006","244.30","250.30","250.30","243.35","2.73M","-2.30%"
"05/04/2006","250.05","246.10","252.40","245.55","3.82M","+1.96%"
"05/03/2006","245.25","238.35","247.15","234.05","2.95M","+4.47%"
"05/02/2006","234.75","241.65","242.40","229.55","1.60M","+1.47%"
"04/28/2006","231.35","224.95","233.35","213.65","1.17M","-0.04%"
"04/27/2006","231.45","238.55","241.85","229.55","3.72M","-2.36%"
"04/26/2006","237.05","222.20","238.55","218.55","6.21M","+7.53%"
"04/25/2006","220.45","230.00","234.85","217.80","955.04K","-3.94%"
"04/24/2006","229.50","233.25","233.25","227.75","688.91K","-1.54%"
"04/21/2006","233.10","235.05","235.05","229.20","3.53M","-0.26%"
"04/20/2006","233.70","236.00","238.55","231.00","3.48M","-1.02%"
"04/19/2006","236.10","241.50","241.50","231.40","5.90M","-1.67%"
"04/18/2006","240.10","236.90","241.90","236.90","4.63M","+1.72%"
"04/17/2006","236.05","241.50","244.65","233.70","1.95M","-1.13%"
"04/13/2006","238.75","241.50","246.55","225.90","5.22M","+0.00%"
"04/12/2006","238.75","241.95","250.65","235.10","3.12M","-1.24%"
"04/10/2006","241.75","245.05","250.65","240.55","3.72M","-3.24%"
"04/07/2006","249.85","243.25","262.45","239.60","4.83M","-3.48%"
"04/05/2006","258.85","258.00","260.20","252.00","4.87M","+0.64%"
"04/04/2006","257.20","244.60","258.75","242.40","6.49M","+5.76%"
"04/03/2006","243.20","240.20","245.35","239.30","1.80M","+1.69%"
"03/31/2006","239.15","237.45","242.60","235.15","2.21M","+1.53%"
"03/30/2006","235.55","242.15","245.30","233.45","6.37M","-2.22%"
"03/29/2006","240.90","241.85","243.30","239.65","2.58M","-0.21%"
"03/28/2006","241.40","249.95","250.30","239.85","3.55M","-3.07%"
"03/27/2006","249.05","245.30","250.65","244.80","3.53M","+2.15%"
"03/24/2006","243.80","251.05","252.50","242.45","3.86M","-2.09%"
"03/23/2006","249.00","241.65","251.05","241.65","6.05M","+3.64%"
"03/22/2006","240.25","239.65","243.70","235.10","4.37M","+1.52%"
"03/21/2006","236.65","243.80","243.80","233.25","2.72M","-1.33%"
"03/20/2006","239.85","240.55","245.15","238.20","2.35M","+0.69%"
"03/17/2006","238.20","238.55","243.90","237.10","4.78M","+0.59%"
"03/16/2006","236.80","241.30","241.30","235.80","6.08M","-0.57%"
"03/14/2006","238.15","238.75","245.30","237.10","3.65M","-1.89%"
"03/13/2006","242.75","237.80","246.80","235.05","5.79M","+2.58%"
"03/10/2006","236.65","218.35","239.10","217.85","7.70M","+9.59%"
"03/09/2006","215.95","220.00","220.00","208.45","5.19M","-0.83%"
"03/08/2006","217.75","222.00","226.05","216.15","3.72M","-1.22%"
"03/07/2006","220.45","224.05","226.25","218.75","5.02M","-0.20%"
"03/06/2006","220.90","205.95","224.40","205.95","3.39M","+2.08%"
"03/03/2006","216.40","210.25","222.60","209.90","5.02M","+3.15%"
"03/02/2006","209.80","201.80","211.30","201.10","3.44M","+3.96%"
"03/01/2006","201.80","202.20","205.10","198.35","2.10M","+0.05%"
"02/28/2006","201.70","201.80","202.00","194.65","3.96M","+1.20%"
"02/27/2006","199.30","197.25","200.70","195.75","2.19M","+1.71%"
"02/24/2006","195.95","192.65","197.25","190.25","3.27M","+3.08%"
"02/23/2006","190.10","189.90","196.50","186.20","4.92M","+1.01%"
"02/22/2006","188.20","190.45","191.00","186.95","941.13K","-0.95%"
"02/21/2006","190.00","191.00","192.25","189.15","1.20M","-0.34%"
"02/20/2006","190.65","188.05","191.10","182.40","2.60M","+1.25%"
"02/17/2006","188.30","194.65","196.85","187.30","1.33M","-3.51%"
"02/16/2006","195.15","197.95","198.15","194.30","1.17M","-0.36%"
"02/15/2006","195.85","202.75","203.85","194.65","3.89M","-2.22%"
"02/14/2006","200.30","202.00","207.45","199.25","2.75M","-0.52%"
"02/13/2006","201.35","201.10","204.20","198.50","2.08M","+0.17%"
"02/10/2006","201.00","200.15","203.60","198.15","2.94M","+1.11%"
"02/08/2006","198.80","202.55","202.95","194.65","3.21M","-1.75%"
"02/07/2006","202.35","199.05","203.65","196.55","6.97M","+3.42%"
"02/06/2006","195.65","195.05","200.00","192.80","4.17M","+0.49%"
"02/03/2006","194.70","203.85","204.50","193.75","5.47M","-3.92%"
"02/02/2006","202.65","202.20","209.70","200.20","6.28M","+0.47%"
"02/01/2006","201.70","212.30","213.50","199.85","10.01M","-5.92%"
"01/31/2006","214.40","200.15","218.90","197.65","14.97M","+8.47%"
"01/30/2006","197.65","209.35","212.90","189.35","12.34M","-4.52%"
"01/27/2006","207.00","180.90","210.80","180.90","10.71M","+15.45%"
"01/25/2006","179.30","172.60","182.35","172.60","3.58M","+4.09%"
"01/24/2006","172.25","168.60","173.55","168.60","2.51M","+2.35%"
"01/23/2006","168.30","167.45","170.75","165.30","1.51M","-0.33%"
"01/20/2006","168.85","166.20","169.85","164.75","3.24M","+2.36%"
"01/19/2006","164.95","161.25","166.40","161.25","1.99M","+2.39%"
"01/18/2006","161.10","150.85","162.50","144.55","2.17M","+0.66%"
"01/17/2006","160.05","160.15","161.20","157.00","1.93M","+0.60%"
"01/16/2006","159.10","159.60","161.55","154.80","3.14M","+0.54%"
"01/13/2006","158.25","157.90","160.10","151.50","5.09M","+3.53%"
"01/12/2006","152.85","157.75","158.45","149.65","3.85M","-3.63%"
"01/10/2006","158.60","163.05","164.35","157.95","1.16M","-3.06%"
"01/09/2006","163.60","166.20","166.40","162.70","2.40M","+0.49%"
"01/06/2006","162.80","166.40","166.75","162.25","1.54M","-1.45%"
"01/05/2006","165.20","166.45","167.10","164.15","2.04M","-0.42%"
"01/04/2006","165.90","165.85","168.10","164.65","2.14M","+0.76%"
"01/03/2006","164.65","165.30","166.20","164.20","1.16M","+0.06%"
"01/02/2006","164.55","165.30","166.20","163.30","1.79M","+0.15%"
"12/30/2005","164.30","161.95","166.00","161.60","2.76M","+2.11%"
"12/29/2005","160.90","166.55","166.55","160.15","3.43M","-1.05%"
"12/28/2005","162.60","164.75","166.50","162.00","3.66M","-0.76%"
"12/27/2005","163.85","157.95","164.50","155.35","3.83M","+3.97%"
"12/26/2005","157.60","162.60","162.60","156.45","2.83M","-2.14%"
"12/23/2005","161.05","163.05","163.95","160.30","3.22M","-0.68%"
"12/22/2005","162.15","166.20","166.55","160.90","4.32M","-1.79%"
"12/21/2005","165.10","168.30","168.30","163.45","4.41M","-0.48%"
"12/20/2005","165.90","169.30","171.05","164.65","7.13M","-1.81%"
"12/19/2005","168.95","170.25","172.80","167.10","5.91M","-0.38%"
"12/16/2005","169.60","168.00","170.80","166.05","5.92M","+2.32%"
"12/15/2005","165.75","171.95","174.40","163.10","10.33M","-3.41%"
"12/14/2005","171.60","167.75","173.90","166.20","14.49M","+2.39%"
"12/13/2005","167.60","165.45","170.15","165.45","9.00M","+0.63%"
"12/12/2005","166.55","163.45","172.40","160.15","25.72M","+1.87%"
"12/09/2005","163.50","152.40","165.25","152.25","13.39M","+7.67%"
"12/08/2005","151.85","150.35","152.75","149.70","4.15M","+1.50%"
"12/07/2005","149.60","152.40","153.65","147.65","7.50M","-0.86%"
"12/06/2005","150.90","156.90","156.90","150.30","4.66M","-2.77%"
"12/05/2005","155.20","155.30","156.80","153.85","3.53M","+0.88%"
"12/02/2005","153.85","160.45","160.60","153.00","5.57M","-2.99%"
"12/01/2005","158.60","161.60","161.60","155.85","7.45M","+1.44%"
"11/30/2005","156.35","157.95","163.05","154.75","15.80M","-0.60%"
"11/29/2005","157.30","151.50","158.85","151.50","16.52M","+4.28%"
"11/28/2005","150.85","142.85","151.45","142.50","10.61M","+8.21%"
"11/25/2005","139.40","137.70","140.05","137.20","5.89M","+2.16%"
"11/24/2005","136.45","136.80","138.65","135.70","6.03M","+0.33%"
"11/23/2005","136.00","135.45","136.95","133.30","4.14M","+1.19%"
"11/22/2005","134.40","136.45","137.90","133.75","5.44M","-1.65%"
"11/21/2005","136.65","139.00","140.60","135.90","5.23M","-1.55%"
"11/18/2005","138.80","140.50","142.50","138.10","4.14M","-1.03%"
"11/17/2005","140.25","138.70","142.30","137.75","6.42M","+1.63%"
"11/16/2005","138.00","144.90","144.90","137.35","4.85M","-0.11%"
"11/14/2005","138.15","142.10","143.05","137.75","6.90M","-3.02%"
"11/11/2005","142.45","140.30","143.95","140.10","8.34M","+1.79%"
"11/10/2005","139.95","138.30","141.55","137.10","9.25M","+2.08%"
"11/09/2005","137.10","139.55","144.35","135.85","15.14M","-2.25%"
"11/08/2005","140.25","134.75","145.45","133.60","16.73M","+5.29%"
"11/07/2005","133.20","135.90","140.45","130.45","14.30M","-1.59%"
"11/02/2005","135.35","130.40","136.15","125.75","17.74M","+3.84%"
"11/01/2005","130.35","131.85","135.70","129.15","2.79M","-0.69%"
"10/31/2005","131.25","122.10","132.20","120.45","13.08M","+9.01%"
"10/28/2005","120.40","123.05","123.60","119.45","5.72M","-2.98%"
"10/27/2005","124.10","126.50","129.25","121.40","14.68M","-1.78%"
"10/26/2005","126.35","121.20","127.05","119.45","14.76M","+4.38%"
"10/25/2005","121.05","117.75","121.85","117.75","6.88M","+0.79%"
"10/24/2005","120.10","126.15","126.70","119.05","12.12M","-2.95%"
"10/21/2005","123.75","116.65","127.65","116.65","27.91M","+4.17%"
"10/20/2005","118.80","128.75","129.95","117.00","42.56M","-6.64%"
"10/19/2005","127.25","117.35","128.30","106.55","165.67M","+0.00%"
