"Date","Price","Open","High","Low","Vol.","Change %"
"07/13/2026","384.65","375.80","385.15","375.10","14.17M","+1.87%"
"07/10/2026","377.60","377.45","381.15","376.90","15.47M","+0.12%"
"07/09/2026","377.15","371.50","377.95","368.40","30.72M","+1.90%"
"07/08/2026","370.10","378.50","381.75","369.10","22.52M","-3.04%"
"07/07/2026","381.70","381.50","382.90","378.65","23.22M","+0.10%"
"07/06/2026","381.30","389.75","389.75","380.70","34.16M","-3.89%"
"07/03/2026","396.75","400.00","401.45","394.55","14.75M","-0.64%"
"07/02/2026","399.30","400.45","405.00","397.30","12.98M","-0.29%"
"07/01/2026","400.45","397.35","401.40","393.25","21.72M","+2.09%"
"06/30/2026","392.25","395.50","397.00","389.90","24.82M","-0.82%"
"06/29/2026","395.50","402.50","404.85","394.10","37.21M","-3.30%"
"06/25/2026","409.00","409.50","413.80","407.20","16.59M","+0.75%"
"06/24/2026","405.95","401.65","407.95","400.20","11.77M","+1.07%"
"06/23/2026","401.65","398.00","405.00","398.00","10.08M","-0.12%"
"06/22/2026","402.15","399.25","403.10","398.75","7.16M","+0.73%"
"06/19/2026","399.25","402.50","403.55","398.00","17.50M","-0.92%"
"06/18/2026","402.95","403.95","404.25","399.65","9.34M","-0.38%"
"06/17/2026","404.50","407.85","408.75","402.55","11.65M","-0.82%"
"06/16/2026","407.85","405.75","408.55","404.50","9.08M","+0.52%"
"06/15/2026","405.75","408.00","411.00","402.45","14.27M","+0.61%"
"06/12/2026","403.30","397.75","404.50","394.95","17.23M","+2.53%"
"06/11/2026","393.35","386.00","399.90","384.55","16.14M","+1.35%"
"06/10/2026","388.10","380.50","391.20","380.50","21.43M","+1.68%"
"06/09/2026","381.70","379.70","382.45","377.30","13.99M","+1.22%"
"06/08/2026","377.10","373.00","378.90","372.70","14.46M","-0.09%"
"06/05/2026","377.45","381.50","383.70","374.65","10.13M","-1.06%"
"06/04/2026","381.50","378.50","384.00","377.90","13.89M","+0.13%"
"06/03/2026","381.00","377.60","383.45","375.10","14.84M","+0.51%"
"06/02/2026","379.05","373.00","381.55","372.20","14.83M","+0.44%"
"06/01/2026","377.40","384.15","387.00","375.65","12.34M","-1.77%"
"05/29/2026","384.20","388.85","392.55","381.25","40.11M","-1.16%"
"05/27/2026","388.70","388.55","390.50","386.70","9.33M","+0.01%"
"05/26/2026","388.65","392.85","394.95","387.00","15.06M","-1.07%"
"05/25/2026","392.85","388.30","395.15","387.25","15.57M","+2.26%"
"05/22/2026","384.15","381.00","386.30","381.00","10.35M","+0.87%"
"05/21/2026","380.85","384.70","386.45","377.90","10.13M","-0.61%"
"05/20/2026","383.20","376.30","384.05","376.30","12.34M","+0.33%"
"05/19/2026","381.95","388.50","391.80","380.25","22.57M","-2.51%"
"05/18/2026","391.80","382.00","393.00","380.30","14.58M","+1.23%"
"05/15/2026","387.05","383.20","393.30","380.50","19.46M","+1.00%"
"05/14/2026","383.20","378.00","385.00","375.60","10.65M","+1.47%"
"05/13/2026","377.65","377.90","384.00","376.85","16.27M","+0.44%"
"05/12/2026","376.00","380.20","381.05","374.55","13.07M","-1.33%"
"05/11/2026","381.05","376.10","386.00","374.40","21.35M","+0.07%"
"05/08/2026","380.80","379.00","381.50","374.00","16.18M","+0.37%"
"05/07/2026","379.40","376.10","382.45","374.30","27.29M","+0.74%"
"05/06/2026","376.60","374.00","380.00","365.65","36.20M","+1.41%"
"05/05/2026","371.35","371.00","375.50","368.75","19.08M","-0.08%"
"05/04/2026","371.65","378.90","382.05","363.00","74.47M","-3.04%"
"04/30/2026","383.30","376.60","386.85","375.30","24.81M","+0.34%"
"04/29/2026","382.00","378.00","386.05","377.55","7.91M","+1.07%"
"04/28/2026","377.95","372.00","383.25","372.00","12.85M","+0.31%"
"04/27/2026","376.80","375.00","380.45","373.25","11.56M","+1.60%"
"04/24/2026","370.85","370.60","372.80","367.65","19.68M","+0.12%"
"04/23/2026","370.40","370.05","375.95","367.65","27.63M","-1.71%"
"04/22/2026","376.85","378.10","382.80","376.25","14.47M","-1.39%"
"04/21/2026","382.15","381.45","383.15","378.35","12.32M","+0.78%"
"04/20/2026","379.20","384.10","386.00","378.00","11.15M","-1.15%"
"04/17/2026","383.60","379.30","385.20","376.65","11.63M","+1.17%"
"04/16/2026","379.15","383.15","386.45","378.25","12.06M","-0.85%"
"04/15/2026","382.40","375.50","383.00","375.50","19.10M","+2.82%"
"04/13/2026","371.90","367.95","373.00","365.60","30.03M","-0.71%"
"04/10/2026","374.55","373.50","379.15","372.35","23.75M","+0.71%"
"04/09/2026","371.90","377.00","378.70","369.45","12.42M","-2.17%"
"04/08/2026","380.15","377.00","381.15","369.45","30.16M","+4.74%"
"04/07/2026","362.95","357.00","364.00","357.00","23.66M","+0.67%"
"04/06/2026","360.55","358.00","361.40","350.10","18.32M","+0.71%"
"04/02/2026","358.00","350.30","359.85","345.50","22.06M","+0.55%"
"04/01/2026","356.05","363.80","364.05","355.00","21.25M","+0.75%"
"03/30/2026","353.40","361.00","362.95","351.65","39.76M","-3.48%"
"03/27/2026","366.15","367.55","368.85","362.50","28.93M","-1.33%"
"03/25/2026","371.10","368.95","378.00","363.00","42.44M","+1.16%"
"03/24/2026","366.85","363.00","370.95","361.40","19.99M","+2.89%"
"03/23/2026","356.55","364.85","364.90","355.25","16.98M","-2.78%"
"03/20/2026","366.75","368.60","372.60","365.40","17.08M","-0.38%"
"03/19/2026","368.15","366.15","370.15","363.35","17.31M","-1.93%"
"03/18/2026","375.40","375.00","376.95","371.10","15.24M","+0.32%"
"03/17/2026","374.20","369.85","375.15","368.60","15.18M","+1.18%"
"03/16/2026","369.85","366.85","373.35","364.05","27.93M","+0.82%"
"03/13/2026","366.85","373.00","373.60","363.40","32.18M","-2.25%"
"03/12/2026","375.30","377.00","380.15","374.05","25.05M","-2.06%"
"03/11/2026","383.20","388.85","391.10","379.95","29.99M","-2.21%"
"03/10/2026","391.85","390.50","394.25","387.50","21.35M","+1.42%"
"03/09/2026","386.35","390.00","393.85","385.10","20.28M","-3.36%"
"03/06/2026","399.80","403.70","406.70","399.00","17.51M","-1.84%"
"03/05/2026","407.30","403.60","410.05","402.35","14.96M","+0.98%"
"03/04/2026","403.35","405.00","410.50","402.20","18.39M","-2.36%"
"03/02/2026","413.10","410.00","414.60","407.10","15.24M","-0.51%"
"02/27/2026","415.20","420.50","422.35","414.45","17.81M","-2.20%"
"02/26/2026","424.55","426.70","426.70","421.70","13.42M","-0.09%"
"02/25/2026","424.95","425.50","430.15","421.40","10.19M","-0.64%"
"02/24/2026","427.70","430.90","432.45","425.80","15.02M","-0.70%"
"02/23/2026","430.70","423.00","431.80","420.35","10.40M","+2.22%"
"02/20/2026","421.35","415.00","423.40","415.00","6.60M","+1.19%"
"02/19/2026","416.40","425.70","425.95","415.85","6.47M","-2.33%"
"02/18/2026","426.35","425.70","427.40","421.35","7.33M","+0.45%"
"02/17/2026","424.45","423.65","425.50","420.60","6.43M","-0.27%"
"02/16/2026","425.60","419.00","426.70","418.25","12.40M","+1.18%"
"02/13/2026","420.65","426.00","428.90","419.55","23.23M","-1.31%"
"02/12/2026","426.25","429.40","431.05","425.10","14.00M","-0.77%"
"02/11/2026","429.55","431.70","431.70","427.75","12.30M","+0.06%"
"02/10/2026","429.30","430.80","433.90","428.20","18.43M","+0.12%"
"02/09/2026","428.80","430.00","434.90","424.20","22.54M","+1.53%"
"02/06/2026","422.35","411.00","424.65","410.30","21.23M","+3.33%"
"02/05/2026","408.75","411.00","413.95","404.10","24.81M","-0.87%"
"02/04/2026","412.35","416.70","418.65","410.60","14.95M","-0.83%"
"02/03/2026","415.80","415.00","425.00","410.30","35.40M","+1.86%"
"02/02/2026","408.20","408.70","410.85","405.10","15.42M","+0.23%"
"02/01/2026","407.25","408.50","415.90","403.30","8.97M","-0.18%"
"01/30/2026","408.00","410.00","412.50","405.40","20.68M","-1.07%"
"01/29/2026","412.40","407.00","414.60","407.00","26.09M","+0.00%"
"01/28/2026","412.40","409.30","414.20","406.30","14.82M","+0.91%"
"01/27/2026","408.70","415.00","415.00","400.50","47.61M","-3.33%"
"01/23/2026","422.80","429.00","429.80","420.40","10.55M","-0.75%"
"01/22/2026","426.00","423.80","429.80","420.30","10.09M","+1.04%"
"01/21/2026","421.60","422.10","425.50","416.40","16.39M","-0.52%"
"01/20/2026","423.80","428.00","431.00","422.50","18.81M","-0.73%"
"01/19/2026","426.90","419.00","430.40","415.00","22.23M","+2.08%"
"01/16/2026","418.20","424.00","427.60","417.10","17.99M","-0.67%"
"01/14/2026","421.00","426.00","427.60","418.80","10.82M","-1.29%"
"01/13/2026","426.50","425.40","428.90","424.00","12.72M","-0.05%"
"01/12/2026","426.70","425.40","427.90","421.20","12.72M","+0.31%"
"01/09/2026","425.40","426.60","426.60","423.20","10.32M","-0.28%"
"01/08/2026","426.60","428.00","428.60","423.70","11.48M","-0.51%"
"01/07/2026","428.80","429.30","430.10","421.80","10.56M","-0.12%"
"01/06/2026","429.30","440.40","445.60","427.00","26.54M","-2.03%"
"01/05/2026","438.20","439.40","441.30","436.40","10.91M","-0.18%"
"01/02/2026","439.00","443.60","445.60","436.10","12.24M","-1.04%"
"01/01/2026","443.60","442.00","444.20","437.80","6.73M","+0.77%"
"12/31/2025","440.20","431.60","441.10","431.10","14.28M","+2.25%"
"12/30/2025","430.50","431.90","433.00","427.80","28.36M","-0.28%"
"12/29/2025","431.70","434.10","436.40","431.10","4.86M","-0.25%"
"12/26/2025","432.80","432.40","434.70","430.60","3.69M","+0.02%"
"12/24/2025","432.70","433.60","435.60","432.20","7.79M","+0.05%"
"12/23/2025","432.50","430.50","434.20","429.90","8.07M","+0.60%"
"12/22/2025","429.90","434.00","435.20","429.40","9.04M","-0.46%"
"12/19/2025","431.90","433.70","435.50","431.30","11.50M","-0.23%"
"12/18/2025","432.90","434.60","435.80","432.00","5.63M","-0.39%"
"12/17/2025","434.60","437.60","438.60","432.70","8.06M","-0.44%"
"12/16/2025","436.50","435.60","438.80","434.30","8.54M","+0.05%"
"12/15/2025","436.30","433.40","437.10","431.30","13.78M","+0.23%"
"12/12/2025","435.30","436.30","440.20","434.90","14.31M","-0.16%"
"12/11/2025","436.00","425.90","441.00","423.80","24.98M","+2.37%"
"12/10/2025","425.90","426.00","431.10","424.70","10.94M","+0.09%"
"12/09/2025","425.50","424.00","426.70","421.80","16.04M","-0.19%"
"12/08/2025","426.30","431.70","431.80","425.20","14.96M","-1.09%"
"12/05/2025","431.00","427.00","433.20","426.40","9.66M","+0.91%"
"12/04/2025","427.10","429.20","429.40","424.30","12.87M","-0.49%"
"12/03/2025","429.20","427.00","430.30","423.80","14.03M","+0.16%"
"12/02/2025","428.50","428.00","432.00","427.90","18.29M","-0.23%"
"12/01/2025","429.50","426.80","432.60","425.60","16.31M","+1.08%"
"11/28/2025","424.90","423.80","428.40","420.40","15.84M","+0.69%"
"11/27/2025","422.00","420.80","426.10","418.30","20.15M","+0.29%"
"11/26/2025","420.80","415.00","422.00","414.80","14.90M","+1.64%"
"11/25/2025","414.00","418.90","418.90","413.30","15.16M","-0.84%"
"11/24/2025","417.50","419.00","420.80","415.50","24.92M","-0.02%"
"11/21/2025","417.60","420.00","422.30","415.70","39.19M","-0.50%"
"11/20/2025","419.70","423.00","423.00","418.60","36.70M","-0.36%"
"11/19/2025","421.20","419.90","422.00","417.90","12.46M","+0.62%"
"11/18/2025","418.60","418.10","421.40","416.00","10.30M","-0.48%"
"11/17/2025","420.60","419.00","424.00","418.50","25.15M","+1.13%"
"11/14/2025","415.90","413.20","417.10","412.60","12.20M","+0.22%"
"11/13/2025","415.00","417.90","417.90","412.90","10.71M","-0.46%"
"11/12/2025","416.90","420.00","420.00","416.00","9.04M","-0.12%"
"11/11/2025","417.40","420.00","420.60","415.00","10.81M","-0.26%"
"11/10/2025","418.50","416.20","421.00","416.20","10.87M","+0.19%"
"11/07/2025","417.70","415.70","419.90","411.80","7.00M","+0.26%"
"11/06/2025","416.60","414.60","420.80","414.40","11.90M","-0.64%"
"11/04/2025","419.30","423.30","424.20","418.60","9.58M","-0.80%"
"11/03/2025","422.70","420.40","423.80","417.60","7.66M","+0.55%"
"10/31/2025","420.40","429.40","429.40","420.00","18.93M","-1.64%"
"10/30/2025","427.40","430.00","430.60","425.30","12.44M","-0.63%"
"10/29/2025","430.10","434.00","434.90","429.40","7.09M","-0.49%"
"10/28/2025","432.20","428.40","433.60","428.40","23.30M","+0.58%"
"10/27/2025","429.70","434.40","437.20","424.40","18.60M","-1.76%"
"10/24/2025","437.40","447.60","447.60","433.60","16.29M","-1.73%"
"10/23/2025","445.10","445.00","448.90","442.20","21.50M","+1.30%"
"10/21/2025","439.40","442.80","444.00","437.40","1.13M","-0.77%"
"10/20/2025","442.80","442.80","453.20","440.00","15.21M","+0.36%"
"10/17/2025","441.20","440.80","442.00","438.10","16.71M","+0.02%"
"10/16/2025","441.10","430.60","442.90","430.40","33.69M","+2.61%"
"10/15/2025","429.90","431.00","433.20","428.20","11.54M","-0.12%"
"10/14/2025","430.40","429.80","433.00","428.30","8.02M","+0.00%"
"10/13/2025","430.40","427.20","431.20","426.80","10.60M","+0.09%"
"10/10/2025","430.00","429.00","431.60","427.30","9.68M","+0.26%"
"10/09/2025","428.90","423.60","430.40","420.30","15.83M","+1.25%"
"10/08/2025","423.60","425.30","426.50","422.40","4.40M","-0.42%"
"10/07/2025","425.40","428.40","430.60","424.30","12.36M","-0.89%"
"10/06/2025","429.20","422.80","430.90","418.60","25.76M","+2.17%"
"10/03/2025","420.10","412.70","421.60","412.40","23.68M","+1.79%"
"10/01/2025","412.70","397.20","414.40","397.20","30.58M","+3.56%"
"09/30/2025","398.50","400.80","403.00","397.20","29.31M","+0.05%"
"09/29/2025","398.30","399.20","400.70","394.10","26.53M","-0.18%"
"09/26/2025","399.00","401.80","403.80","397.80","9.60M","-0.92%"
"09/25/2025","402.70","406.50","407.50","402.00","20.04M","-0.89%"
"09/24/2025","406.30","408.40","409.60","405.80","18.39M","-0.78%"
"09/23/2025","409.50","404.60","410.60","401.70","25.43M","+1.29%"
"09/22/2025","404.30","406.40","407.90","403.50","13.23M","-0.47%"
"09/19/2025","406.20","410.90","410.90","405.50","22.43M","-1.14%"
"09/18/2025","410.90","410.00","412.30","408.40","17.42M","+0.20%"
"09/17/2025","410.10","405.80","410.50","404.10","23.92M","+1.43%"
"09/16/2025","404.30","395.30","406.10","394.60","20.08M","+2.56%"
"09/15/2025","394.20","393.60","396.30","393.00","13.10M","-0.08%"
"09/12/2025","394.50","394.60","397.00","393.20","18.08M","+0.00%"
"09/11/2025","394.50","395.40","397.00","392.70","11.82M","-0.05%"
"09/10/2025","394.70","397.00","397.80","393.20","42.60M","+0.66%"
"09/09/2025","392.10","391.20","393.20","388.00","15.87M","+0.54%"
"09/08/2025","390.00","388.50","392.30","386.30","12.53M","+0.23%"
"09/05/2025","389.10","389.90","391.50","387.40","9.91M","-0.21%"
"09/04/2025","389.90","392.20","394.30","389.30","9.46M","-0.54%"
"09/03/2025","392.00","388.80","392.80","386.20","20.04M","+0.90%"
"09/02/2025","388.50","393.20","395.00","388.10","12.92M","-1.32%"
"09/01/2025","393.70","392.10","394.60","391.00","7.89M","+0.41%"
"08/29/2025","392.10","390.00","397.00","390.00","15.37M","+0.82%"
"08/28/2025","388.90","391.00","393.60","388.20","17.99M","-1.07%"
"08/26/2025","393.10","395.60","396.80","392.20","18.55M","-0.91%"
"08/25/2025","396.70","397.40","399.80","395.30","11.85M","-0.15%"
"08/22/2025","397.30","402.00","403.70","396.00","8.96M","-1.56%"
"08/21/2025","403.60","407.80","407.80","402.60","14.49M","+0.02%"
"08/20/2025","403.50","404.10","404.80","401.10","13.13M","-0.62%"
"08/19/2025","406.00","398.80","406.50","398.50","15.56M","+1.42%"
"08/18/2025","400.30","399.60","405.20","399.40","21.52M","+1.19%"
"08/14/2025","395.60","397.60","398.70","395.10","9.92M","-0.48%"
"08/13/2025","397.50","393.60","399.30","392.40","13.73M","+1.45%"
"08/12/2025","391.80","395.00","397.20","391.30","7.89M","-0.86%"
"08/11/2025","395.20","392.80","404.80","391.30","11.01M","+1.20%"
"08/08/2025","390.50","398.80","399.90","389.60","10.93M","-1.98%"
"08/07/2025","398.40","396.20","399.10","393.00","72.76M","-0.52%"
"08/06/2025","400.50","400.60","405.10","398.50","13.31M","-0.02%"
"08/05/2025","400.60","401.60","401.60","399.00","12.11M","+0.30%"
"08/04/2025","399.40","397.40","401.40","396.40","7.72M","+0.23%"
"08/01/2025","398.50","396.60","401.40","394.40","13.36M","+0.71%"
"07/31/2025","395.70","388.20","399.70","387.00","21.52M","+0.97%"
"07/30/2025","391.90","393.20","396.20","391.40","17.95M","-0.66%"
"07/29/2025","394.50","393.40","395.90","390.60","25.22M","+0.31%"
"07/28/2025","393.30","405.10","411.10","392.00","69.12M","-7.44%"
"07/25/2025","424.90","427.80","430.00","423.70","8.73M","-0.82%"
"07/24/2025","428.40","433.10","434.40","428.00","10.29M","-1.31%"
"07/23/2025","434.10","434.20","436.00","431.20","13.95M","+0.49%"
"07/22/2025","432.00","434.40","435.00","429.00","7.82M","-0.23%"
"07/21/2025","433.00","427.60","433.50","426.00","9.14M","+1.14%"
"07/18/2025","428.10","433.50","433.60","426.20","12.83M","-1.40%"
"07/17/2025","434.20","435.00","438.30","433.30","10.90M","-0.39%"
"07/16/2025","435.90","436.80","438.00","431.20","11.44M","-0.39%"
"07/15/2025","437.60","442.00","446.70","436.40","14.87M","-0.73%"
"07/14/2025","440.80","444.80","445.40","439.50","11.98M","-0.74%"
"07/11/2025","444.10","440.40","445.00","439.70","13.40M","+0.75%"
"07/10/2025","440.80","445.80","448.50","437.40","28.61M","-1.14%"
"07/09/2025","445.90","443.40","446.80","442.80","10.10M","+0.22%"
"07/08/2025","444.90","437.00","448.30","435.20","37.63M","+3.47%"
"07/07/2025","430.00","426.00","431.40","424.40","10.85M","+0.94%"
"07/04/2025","426.00","424.80","427.50","422.20","8.43M","+0.16%"
"07/03/2025","425.30","427.80","430.40","424.40","23.34M","-1.96%"
"07/02/2025","433.80","437.00","439.40","432.20","9.38M","-0.66%"
"07/01/2025","436.70","432.70","437.30","431.90","20.13M","+0.92%"
"06/30/2025","432.70","441.60","441.80","430.90","18.64M","-2.02%"
"06/27/2025","441.60","442.00","443.50","436.50","48.25M","+0.18%"
"06/26/2025","440.80","440.50","442.00","436.00","28.35M","+0.25%"
"06/25/2025","439.70","444.60","444.70","438.20","17.88M","-1.12%"
"06/24/2025","444.70","441.60","446.70","438.30","28.02M","+1.81%"
"06/23/2025","436.80","431.60","437.90","430.20","8.60M","+0.65%"
"06/20/2025","434.00","429.00","435.20","426.30","16.86M","+1.09%"
"06/19/2025","429.30","427.90","430.90","426.60","17.03M","+0.66%"
"06/18/2025","426.50","425.00","427.50","421.70","19.50M","-0.21%"
"06/17/2025","427.40","427.80","431.20","426.00","15.54M","-0.09%"
"06/16/2025","427.80","421.60","428.90","417.80","14.71M","+1.49%"
"06/13/2025","421.50","414.40","424.40","414.40","22.34M","-0.92%"
"06/12/2025","425.40","429.10","429.80","424.40","14.89M","-0.86%"
"06/11/2025","429.10","429.80","432.10","426.60","8.91M","-0.26%"
"06/10/2025","430.20","429.30","434.60","427.60","24.58M","+0.61%"
"06/09/2025","427.60","422.20","428.50","418.00","28.90M","+3.11%"
"06/06/2025","414.70","408.80","417.00","406.80","22.12M","+1.64%"
"06/05/2025","408.00","411.00","411.30","406.80","18.63M","-0.32%"
"06/04/2025","409.30","409.40","411.70","408.20","11.66M","+0.10%"
"06/03/2025","408.90","414.00","415.20","406.80","32.32M","-0.92%"
"06/02/2025","412.70","413.40","415.20","410.20","13.51M","-0.53%"
"05/30/2025","414.90","416.30","418.00","413.10","49.04M","-0.34%"
"05/29/2025","416.30","415.50","419.20","411.00","24.94M","+0.34%"
"05/28/2025","414.90","415.00","416.10","412.70","8.17M","-0.14%"
"05/27/2025","415.50","418.00","419.80","412.20","17.30M","-0.57%"
"05/26/2025","417.90","418.00","422.40","417.00","10.20M","-0.55%"
"05/23/2025","420.20","413.20","421.90","413.20","8.25M","+1.69%"
"05/22/2025","413.20","414.80","415.50","410.10","16.45M","-0.27%"
"05/21/2025","414.30","419.00","419.30","412.00","10.71M","-0.89%"
"05/20/2025","418.00","423.00","423.60","416.90","19.55M","-0.99%"
"05/19/2025","422.20","420.40","424.80","420.10","7.53M","+0.14%"
"05/16/2025","421.60","420.00","423.00","418.00","10.29M","+0.07%"
"05/15/2025","421.30","417.00","422.40","413.10","21.31M","+0.67%"
"05/14/2025","418.50","422.20","424.00","416.80","10.69M","-1.09%"
"05/13/2025","423.10","427.00","429.20","420.20","21.54M","-1.38%"
"05/12/2025","429.00","426.80","432.70","425.20","15.11M","+2.00%"
"05/09/2025","420.60","415.00","424.00","415.00","23.27M","-0.45%"
"05/08/2025","422.50","419.80","427.70","419.00","34.62M","+0.84%"
"05/07/2025","419.00","412.70","420.40","410.90","18.70M","+1.01%"
"05/06/2025","414.80","417.20","418.30","413.00","17.03M","-0.53%"
"05/05/2025","417.00","421.00","426.80","411.60","44.11M","-4.58%"
"05/02/2025","437.00","440.80","444.70","434.20","13.40M","-1.04%"
"04/30/2025","441.60","442.80","446.20","437.60","23.11M","+0.14%"
"04/29/2025","441.00","445.10","449.40","439.80","15.29M","-0.92%"
"04/28/2025","445.10","439.40","446.40","437.90","12.19M","+0.95%"
"04/25/2025","440.90","444.00","446.70","435.60","10.68M","-0.83%"
"04/24/2025","444.60","443.60","447.60","442.70","20.84M","-0.18%"
"04/23/2025","445.40","457.00","458.00","444.00","17.62M","-1.85%"
"04/22/2025","453.80","449.80","460.40","449.10","33.66M","+1.23%"
"04/21/2025","448.30","439.00","452.20","435.10","24.43M","+2.45%"
"04/17/2025","437.60","423.00","438.80","419.50","26.94M","+3.04%"
"04/16/2025","424.70","424.00","430.30","422.70","14.50M","+0.17%"
"04/15/2025","424.00","429.00","429.40","419.90","28.18M","+0.43%"
"04/11/2025","422.20","413.00","427.90","411.70","27.97M","+2.85%"
"04/09/2025","410.50","410.80","413.00","408.40","19.60M","-0.12%"
"04/08/2025","411.00","412.50","416.00","407.60","20.47M","+0.83%"
"04/07/2025","407.60","403.70","416.70","400.20","35.70M","-4.41%"
"04/04/2025","426.40","426.20","429.30","423.60","18.94M","-0.02%"
"04/03/2025","426.50","425.80","430.30","425.40","8.47M","-1.02%"
"04/02/2025","430.90","428.20","432.10","427.90","10.66M","+0.40%"
"04/01/2025","429.20","434.90","435.70","427.20","18.75M","-1.15%"
"03/28/2025","434.20","427.90","436.00","427.80","18.36M","+2.00%"
"03/27/2025","425.70","428.80","430.30","422.40","47.11M","-0.77%"
"03/26/2025","429.00","435.00","435.20","426.00","15.08M","-1.15%"
"03/25/2025","434.00","436.00","440.50","432.00","36.71M","-0.28%"
"03/24/2025","435.20","420.00","436.80","418.00","42.54M","+4.67%"
"03/21/2025","415.80","408.00","419.50","407.00","94.25M","+2.14%"
"03/20/2025","407.10","406.20","407.80","403.30","13.42M","+0.69%"
"03/19/2025","404.30","407.80","410.20","403.40","26.69M","-0.61%"
"03/18/2025","406.80","400.00","407.80","397.70","26.92M","+2.06%"
"03/17/2025","398.60","396.00","399.80","394.80","15.85M","+0.40%"
"03/13/2025","397.00","395.10","398.70","393.90","24.63M","+0.13%"
"03/12/2025","396.50","388.00","399.50","387.60","33.52M","+2.45%"
"03/11/2025","387.00","384.60","388.80","380.90","16.04M","+0.68%"
"03/10/2025","384.40","386.50","388.00","383.30","11.14M","-0.70%"
"03/07/2025","387.10","383.40","388.10","382.00","13.90M","+0.73%"
"03/06/2025","384.30","388.80","389.00","382.00","25.97M","-0.59%"
"03/05/2025","386.60","380.60","390.70","379.10","19.06M","+1.31%"
"03/04/2025","381.60","380.20","383.20","379.40","15.86M","-0.34%"
"03/03/2025","382.90","381.10","384.70","379.00","13.04M","+0.60%"
"02/28/2025","380.60","387.40","387.40","378.80","34.85M","-2.28%"
"02/27/2025","389.50","394.40","395.00","388.00","18.54M","-0.99%"
"02/25/2025","393.40","393.80","395.90","391.70","20.10M","+0.05%"
"02/24/2025","393.20","387.70","394.00","386.70","11.09M","+0.67%"
"02/21/2025","390.60","394.10","395.70","386.90","20.04M","-0.89%"
"02/20/2025","394.10","396.50","396.50","392.00","23.62M","-0.73%"
"02/19/2025","397.00","392.80","399.00","392.40","19.57M","+1.09%"
"02/18/2025","392.70","388.40","393.20","387.80","21.72M","+0.93%"
"02/17/2025","389.10","391.00","392.80","386.50","11.50M","-0.36%"
"02/14/2025","390.50","394.80","394.80","386.70","13.05M","-1.04%"
"02/13/2025","394.60","392.60","398.60","392.10","63.39M","+1.49%"
"02/12/2025","388.80","384.70","389.80","381.00","16.10M","+1.33%"
"02/11/2025","383.70","392.90","394.10","381.30","17.53M","-2.12%"
"02/10/2025","392.00","387.10","393.00","384.70","17.85M","+1.61%"
"02/07/2025","385.80","384.20","392.10","381.60","22.07M","+0.68%"
"02/06/2025","383.20","383.40","384.00","379.30","15.97M","+0.21%"
"02/05/2025","382.40","387.60","387.80","380.50","17.14M","-0.86%"
"02/04/2025","385.70","378.20","388.20","375.40","26.66M","+2.33%"
"02/03/2025","376.90","378.70","380.80","376.30","16.60M","-1.36%"
"02/01/2025","382.10","379.80","383.40","374.30","5.47M","+0.47%"
"01/31/2025","380.30","380.60","381.80","377.90","11.67M","+0.00%"
"01/30/2025","380.30","384.10","387.60","375.50","21.20M","-0.99%"
"01/29/2025","384.10","377.60","384.90","377.00","11.76M","+1.72%"
"01/28/2025","377.60","379.00","381.00","374.20","25.79M","+0.35%"
"01/27/2025","376.30","375.00","379.80","372.60","9.64M","-0.24%"
"01/24/2025","377.20","378.20","383.70","374.60","20.13M","-0.47%"
"01/23/2025","379.00","381.40","384.80","378.40","15.81M","-1.17%"
"01/22/2025","383.50","379.80","384.10","377.40","20.88M","+1.27%"
"01/21/2025","378.70","384.20","384.20","378.20","22.08M","-1.41%"
"01/20/2025","384.10","378.00","386.00","373.20","66.62M","+9.21%"
"01/17/2025","351.70","359.40","361.10","349.70","17.61M","-2.60%"
"01/16/2025","361.10","359.20","363.00","357.10","22.26M","+0.89%"
"01/15/2025","357.90","352.00","359.00","352.00","17.55M","+2.23%"
"01/14/2025","350.10","349.90","353.80","345.90","24.74M","+0.69%"
"01/13/2025","347.70","346.60","348.90","344.80","15.46M","-1.00%"
"01/10/2025","351.20","356.80","357.90","350.70","17.51M","-1.90%"
"01/09/2025","358.00","354.80","361.70","354.80","27.35M","+1.22%"
"01/08/2025","353.70","356.00","356.90","352.50","21.82M","-0.20%"
"01/07/2025","354.40","357.40","359.50","354.00","22.00M","-0.42%"
"01/06/2025","355.90","364.20","365.00","354.60","19.96M","-3.21%"
"01/03/2025","367.70","370.20","370.60","363.40","21.39M","+0.08%"
"01/02/2025","367.40","360.00","368.00","359.40","25.48M","+2.71%"
"01/01/2025","357.70","355.80","359.40","355.40","7.42M","+0.14%"
"12/31/2024","357.20","347.00","359.30","347.00","23.66M","+2.61%"
"12/30/2024","348.10","353.00","356.20","346.70","27.51M","-1.11%"
"12/27/2024","352.00","352.00","355.40","350.80","12.24M","+0.40%"
"12/26/2024","350.60","351.40","353.90","348.40","5.66M","+0.23%"
"12/24/2024","349.80","348.50","350.90","347.60","13.56M","+0.20%"
"12/23/2024","349.10","349.50","352.80","348.00","13.74M","+0.11%"
"12/20/2024","348.70","351.00","353.80","346.70","73.43M","-1.05%"
"12/19/2024","352.40","352.70","353.60","349.10","20.37M","-1.01%"
"12/18/2024","356.00","356.40","357.30","354.10","17.65M","-0.22%"
"12/17/2024","356.80","359.20","361.40","355.00","17.96M","-1.14%"
"12/16/2024","360.90","360.60","362.60","358.80","14.95M","-0.06%"
"12/13/2024","361.10","351.70","361.80","349.60","19.47M","+2.09%"
"12/12/2024","353.70","358.00","359.30","353.10","17.44M","-1.45%"
"12/11/2024","358.90","359.20","361.40","358.00","11.97M","+0.00%"
"12/10/2024","358.90","356.60","360.60","356.60","9.90M","+0.48%"
"12/09/2024","357.20","353.60","361.00","353.60","12.77M","+0.51%"
"12/06/2024","355.40","354.80","357.00","352.20","12.98M","+0.11%"
"12/05/2024","355.00","352.80","357.70","349.60","28.49M","+1.00%"
"12/04/2024","351.50","350.40","353.40","349.30","15.93M","+0.43%"
"12/03/2024","350.00","352.00","352.20","348.00","19.86M","-0.23%"
"12/02/2024","350.80","353.00","354.50","349.20","21.33M","-0.62%"
"11/29/2024","353.00","351.40","354.70","351.40","14.94M","+0.34%"
"11/28/2024","351.80","356.60","357.80","350.70","19.86M","-1.35%"
"11/27/2024","356.60","356.20","361.10","355.80","16.01M","-0.03%"
"11/26/2024","356.70","359.00","359.20","355.00","11.56M","-0.42%"
"11/25/2024","358.20","356.40","358.90","353.40","34.36M","+1.67%"
"11/22/2024","352.30","346.80","354.40","346.60","17.77M","+1.41%"
"11/21/2024","347.40","343.00","348.20","340.80","16.47M","+0.52%"
"11/19/2024","345.60","346.00","348.00","342.70","13.80M","+0.29%"
"11/18/2024","344.60","342.80","345.60","339.90","10.41M","+0.88%"
"11/14/2024","341.60","338.00","342.50","338.00","16.64M","+1.18%"
"11/13/2024","337.60","342.80","345.60","335.80","17.97M","-1.95%"
"11/12/2024","344.30","349.00","349.90","343.00","16.14M","-1.29%"
"11/11/2024","348.80","349.00","352.70","347.40","16.03M","-0.11%"
"11/08/2024","349.20","349.00","352.80","347.80","18.23M","-0.06%"
"11/07/2024","349.40","352.60","353.00","346.60","15.30M","-0.88%"
"11/06/2024","352.50","352.00","353.70","349.30","18.26M","+0.31%"
"11/05/2024","351.40","344.30","352.10","342.20","20.14M","+1.59%"
"11/04/2024","345.90","348.80","348.80","344.80","14.42M","-0.86%"
"11/01/2024","348.90","347.90","350.80","347.30","912.45K","+0.78%"
"10/31/2024","346.20","345.50","349.30","344.80","14.72M","-0.20%"
"10/30/2024","346.90","345.40","352.00","345.30","21.93M","-1.45%"
"10/29/2024","352.00","348.70","353.40","346.10","20.79M","+0.57%"
"10/28/2024","350.00","353.60","356.10","349.00","16.51M","-1.07%"
"10/25/2024","353.80","353.00","357.30","351.40","14.15M","+0.40%"
"10/24/2024","352.40","353.20","354.60","350.10","11.58M","-0.34%"
"10/23/2024","353.60","352.20","357.40","351.60","14.18M","+0.28%"
"10/22/2024","352.60","358.40","359.10","351.80","27.47M","-1.45%"
"10/21/2024","357.80","370.00","371.00","347.00","65.89M","-4.38%"
"10/18/2024","374.20","373.60","375.70","369.60","19.17M","+0.38%"
"10/17/2024","372.80","375.30","375.70","370.30","17.71M","-0.67%"
"10/16/2024","375.30","376.80","378.50","373.60","15.73M","-0.98%"
"10/15/2024","379.00","382.40","383.10","377.50","21.48M","-0.84%"
"10/14/2024","382.20","377.00","383.20","376.50","21.96M","+1.51%"
"10/11/2024","376.50","374.40","378.70","372.20","26.06M","+0.35%"
"10/10/2024","375.20","362.00","376.80","361.10","29.53M","+4.16%"
"10/09/2024","360.20","360.20","364.00","358.00","35.39M","-0.14%"
"10/08/2024","360.70","360.00","362.80","356.40","25.49M","+0.75%"
"10/07/2024","358.00","362.00","367.30","353.90","37.23M","-1.05%"
"10/04/2024","361.80","363.10","370.00","359.70","18.67M","-0.77%"
"10/03/2024","364.60","371.60","372.70","363.20","31.82M","-3.01%"
"10/01/2024","375.90","369.40","377.00","369.40","24.36M","+1.38%"
"09/30/2024","370.80","371.30","376.90","368.60","16.23M","-0.99%"
"09/27/2024","374.50","380.00","382.00","373.30","33.22M","-1.58%"
"09/26/2024","380.50","379.00","382.70","376.90","21.02M","+0.24%"
"09/25/2024","379.60","382.00","384.50","378.90","16.54M","-0.86%"
"09/24/2024","382.90","387.00","387.70","381.90","18.55M","-1.03%"
"09/23/2024","386.90","383.00","388.40","381.60","18.43M","+1.58%"
"09/20/2024","380.90","374.80","385.30","374.00","94.25M","+1.74%"
"09/19/2024","374.40","370.00","375.00","369.00","14.46M","+1.77%"
"09/18/2024","367.90","370.00","371.90","367.10","34.39M","-0.38%"
"09/17/2024","369.30","367.90","370.70","366.10","18.37M","+0.82%"
"09/16/2024","366.30","366.60","369.10","365.70","13.65M","+0.60%"
"09/13/2024","364.10","367.40","367.40","363.40","10.28M","-0.38%"
"09/12/2024","365.50","360.80","366.80","359.00","31.83M","+2.15%"
"09/11/2024","357.80","359.00","361.10","357.00","18.67M","-0.14%"
"09/10/2024","358.30","359.60","359.90","355.60","17.49M","+0.08%"
"09/09/2024","358.00","353.50","358.80","351.70","17.18M","+1.47%"
"09/06/2024","352.80","353.50","356.40","351.30","16.27M","-0.79%"
"09/05/2024","355.60","356.20","357.30","352.00","17.87M","-0.34%"
"09/04/2024","356.80","354.00","357.70","352.70","15.96M","+0.00%"
"09/03/2024","356.80","356.00","357.30","354.50","25.98M","+0.22%"
"09/02/2024","356.00","356.40","358.70","354.50","20.24M","-0.06%"
"08/30/2024","356.20","355.50","358.00","354.90","37.29M","+0.23%"
"08/29/2024","355.40","356.60","359.70","354.60","27.66M","-0.81%"
"08/28/2024","358.30","359.20","361.20","357.20","21.40M","-0.67%"
"08/27/2024","360.70","362.20","362.60","358.30","22.71M","-0.50%"
"08/26/2024","362.50","364.00","364.60","361.90","11.78M","-0.30%"
"08/23/2024","363.60","364.30","365.60","362.50","9.08M","-0.19%"
"08/22/2024","364.30","362.80","364.90","361.20","16.09M","+0.47%"
"08/21/2024","362.60","360.00","363.40","357.50","28.59M","+0.42%"
"08/20/2024","361.10","356.60","362.60","355.20","15.58M","+1.35%"
"08/19/2024","356.30","356.10","358.00","354.20","10.86M","+0.23%"
"08/16/2024","355.50","352.40","357.20","349.20","14.81M","+1.69%"
"08/14/2024","349.60","351.00","352.00","348.90","12.93M","-0.23%"
"08/13/2024","350.40","352.60","358.30","349.20","17.65M","-1.16%"
"08/12/2024","354.50","352.20","358.20","350.20","22.72M","+0.17%"
"08/09/2024","353.90","357.00","357.10","353.00","12.32M","-0.20%"
"08/08/2024","354.60","353.30","356.40","352.50","12.36M","-0.20%"
"08/07/2024","355.30","357.00","357.30","352.00","17.69M","+0.34%"
"08/06/2024","354.10","357.00","358.40","352.00","19.62M","-0.17%"
"08/05/2024","354.70","354.00","361.10","353.70","24.56M","-1.66%"
"08/02/2024","360.70","356.20","362.00","355.00","16.21M","+0.61%"
"08/01/2024","358.50","361.40","363.60","357.20","19.08M","-0.86%"
"07/31/2024","361.60","358.60","363.20","354.60","29.03M","+1.23%"
"07/30/2024","357.20","358.80","361.30","356.30","28.40M","-0.45%"
"07/29/2024","358.80","364.90","365.40","356.70","40.03M","-1.10%"
"07/26/2024","362.80","351.60","366.00","351.60","26.55M","+2.20%"
"07/25/2024","355.00","346.40","355.80","346.40","15.48M","+1.66%"
"07/24/2024","349.20","353.60","356.20","345.80","37.44M","-1.30%"
"07/23/2024","353.80","353.80","356.10","347.80","30.78M","+0.65%"
"07/22/2024","351.50","364.20","364.20","349.80","53.71M","-3.51%"
"07/19/2024","364.30","363.70","366.20","361.20","20.69M","-0.30%"
"07/18/2024","365.40","361.00","366.20","358.60","37.95M","+1.19%"
"07/16/2024","361.10","368.40","369.80","360.20","32.71M","-2.06%"
"07/15/2024","368.70","367.80","371.60","365.30","29.55M","+0.57%"
"07/12/2024","366.60","368.90","370.20","365.20","21.20M","-0.62%"
"07/11/2024","368.90","366.20","370.40","364.30","23.08M","+0.79%"
"07/10/2024","366.00","368.60","368.90","364.00","28.15M","-0.97%"
"07/09/2024","369.60","372.20","374.00","366.00","19.60M","-0.27%"
"07/08/2024","370.60","370.80","371.40","367.10","19.31M","+0.03%"
"07/05/2024","370.50","364.00","371.60","363.70","17.33M","+1.01%"
"07/04/2024","366.80","361.30","367.70","360.30","25.34M","+1.30%"
"07/03/2024","362.10","353.20","363.20","350.40","44.91M","+2.32%"
"07/02/2024","353.90","364.20","364.20","347.40","48.13M","-2.13%"
"07/01/2024","361.60","360.50","362.60","358.00","14.51M","+0.31%"
"06/28/2024","360.50","364.40","369.60","359.80","24.85M","-1.53%"
"06/27/2024","366.10","358.20","367.60","357.00","66.71M","+1.81%"
"06/26/2024","359.60","356.00","363.20","355.20","33.43M","+0.90%"
"06/25/2024","356.40","355.30","359.60","352.60","29.67M","+0.54%"
"06/24/2024","354.50","351.40","355.00","350.00","21.14M","-0.17%"
"06/21/2024","355.10","354.00","357.80","349.10","95.16M","+0.54%"
"06/20/2024","353.20","353.00","358.00","352.10","46.22M","+1.12%"
"06/19/2024","349.30","345.80","352.60","343.00","49.80M","+1.57%"
"06/18/2024","343.90","343.70","344.90","340.60","28.54M","+0.15%"
"06/14/2024","343.40","344.60","347.00","342.10","15.77M","-0.55%"
"06/13/2024","345.30","346.30","347.50","343.80","30.08M","+0.61%"
"06/12/2024","343.20","344.00","346.80","342.60","29.41M","-0.23%"
"06/11/2024","344.00","349.30","349.40","343.40","20.53M","-1.46%"
"06/10/2024","349.10","350.00","354.70","347.20","24.24M","-0.46%"
"06/07/2024","350.70","346.00","351.70","344.40","23.04M","+1.10%"
"06/06/2024","346.90","344.20","347.70","340.80","31.80M","+0.96%"
"06/05/2024","343.60","332.50","345.00","329.00","72.13M","+4.88%"
"06/04/2024","327.60","340.60","343.10","320.50","76.15M","-4.66%"
"06/03/2024","343.60","344.30","347.80","340.00","49.01M","+2.23%"
"05/31/2024","336.10","340.60","340.60","332.10","64.02M","-0.56%"
"05/30/2024","338.00","336.90","341.50","336.60","27.90M","+0.12%"
"05/29/2024","337.60","339.60","342.20","336.40","24.76M","-0.91%"
"05/28/2024","340.70","342.50","343.20","339.60","18.58M","-0.44%"
"05/27/2024","342.20","340.70","344.40","340.50","17.27M","+0.44%"
"05/24/2024","340.70","342.20","343.60","338.90","24.68M","-0.32%"
"05/23/2024","341.80","340.00","342.70","339.40","28.41M","+0.56%"
"05/22/2024","339.90","340.60","341.00","336.20","30.29M","+0.09%"
"05/21/2024","339.60","338.40","343.00","338.00","29.05M","+0.06%"
"05/18/2024","339.40","339.60","340.80","338.40","1.46M","+0.03%"
"05/17/2024","339.30","334.80","341.10","333.00","48.09M","+1.47%"
"05/16/2024","334.40","331.00","335.00","329.40","34.99M","+1.27%"
"05/15/2024","330.20","329.90","330.80","327.40","26.30M","+0.27%"
"05/14/2024","329.30","328.40","330.00","326.50","21.41M","+0.34%"
"05/13/2024","328.20","325.40","328.70","323.20","29.20M","+0.80%"
"05/10/2024","325.60","328.60","330.60","323.20","58.85M","-0.91%"
"05/09/2024","328.60","329.60","332.40","327.40","23.28M","-0.33%"
"05/08/2024","329.70","328.00","331.50","327.20","49.27M","+0.27%"
"05/07/2024","328.80","325.70","329.50","323.60","49.33M","+1.20%"
"05/06/2024","324.90","321.00","326.60","318.80","108.04M","+5.04%"
"05/03/2024","309.30","316.60","317.60","308.80","80.62M","-1.84%"
"05/02/2024","315.10","318.00","318.90","310.50","133.20M","-2.99%"
"04/30/2024","324.80","328.10","329.40","324.00","91.03M","-1.01%"
"04/29/2024","328.10","322.00","329.40","321.90","56.14M","+1.99%"
"04/26/2024","321.70","328.50","331.00","321.00","110.73M","-2.07%"
"04/25/2024","328.50","333.00","339.60","320.40","330.90M","-10.88%"
"04/24/2024","368.60","362.40","369.10","361.60","16.48M","+1.65%"
"04/23/2024","362.60","362.00","365.80","360.60","29.78M","+0.17%"
"04/22/2024","362.00","362.60","364.50","360.00","30.76M","+0.98%"
"04/19/2024","358.50","352.80","361.00","352.60","19.35M","+0.31%"
"04/18/2024","357.40","358.00","362.60","356.60","21.25M","-0.31%"
"04/16/2024","358.50","355.60","360.90","355.10","20.48M","-0.31%"
"04/15/2024","359.60","358.00","361.90","356.00","21.60M","-0.83%"
"04/12/2024","362.60","362.20","363.60","359.90","19.83M","-0.71%"
"04/10/2024","365.20","357.80","366.00","356.80","27.63M","+2.56%"
"04/09/2024","356.10","358.10","358.60","355.10","11.87M","-0.45%"
"04/08/2024","357.70","358.80","360.40","357.00","13.17M","+0.20%"
"04/05/2024","357.00","349.80","357.40","348.00","32.79M","+2.06%"
"04/04/2024","349.80","349.40","350.30","344.70","65.63M","+1.04%"
"04/03/2024","346.20","350.70","351.30","345.80","63.42M","-1.51%"
"04/02/2024","351.50","358.80","359.60","350.90","34.26M","-1.84%"
"04/01/2024","358.10","359.00","363.50","357.30","14.43M","+0.28%"
"03/28/2024","357.10","355.60","360.80","354.80","33.15M","+0.56%"
"03/27/2024","355.10","351.60","356.00","350.80","41.16M","+1.25%"
"03/26/2024","350.70","353.00","355.10","350.00","26.52M","-1.29%"
"03/22/2024","355.30","354.00","356.50","353.00","35.31M","+0.25%"
"03/21/2024","354.40","354.40","358.10","352.90","18.92M","+0.37%"
"03/20/2024","353.10","350.30","353.70","346.20","22.10M","+0.91%"
"03/19/2024","349.90","347.00","351.40","346.10","22.41M","+0.66%"
"03/18/2024","347.60","347.50","349.00","343.10","11.57M","-0.03%"
"03/15/2024","347.70","347.20","351.20","344.20","77.54M","-0.23%"
"03/14/2024","348.50","345.00","351.60","343.80","24.05M","+0.75%"
"03/13/2024","345.90","344.10","348.60","343.40","29.08M","+0.52%"
"03/12/2024","344.10","347.00","348.70","341.50","51.22M","-0.52%"
"03/11/2024","345.90","353.20","354.00","344.80","18.20M","-1.06%"
"03/07/2024","349.60","352.00","353.00","349.00","15.70M","-0.68%"
"03/06/2024","352.00","344.60","354.40","343.70","37.26M","+2.59%"
"03/05/2024","343.10","345.40","345.40","341.80","15.61M","-0.67%"
"03/04/2024","345.40","345.60","348.30","343.70","13.89M","+0.20%"
"03/02/2024","344.70","345.60","346.60","343.40","899.59K","-0.23%"
"03/01/2024","345.50","339.10","346.00","339.00","17.22M","+2.25%"
"02/29/2024","337.90","337.40","340.40","333.50","33.03M","+0.36%"
"02/28/2024","336.70","342.20","342.60","335.00","15.38M","-1.38%"
"02/27/2024","341.40","342.60","343.00","339.40","22.16M","+0.03%"
"02/26/2024","341.30","344.40","345.10","340.40","29.79M","-1.02%"
"02/23/2024","344.80","344.90","346.60","343.10","17.27M","-0.06%"
"02/22/2024","345.00","348.90","349.00","342.80","31.00M","-1.20%"
"02/21/2024","349.20","353.80","353.80","348.10","20.92M","-0.94%"
"02/20/2024","352.50","347.90","353.70","347.50","38.06M","+1.79%"
"02/19/2024","346.30","348.80","348.80","345.20","22.24M","-0.20%"
"02/16/2024","347.00","350.00","350.20","346.40","8.22M","-0.23%"
"02/15/2024","347.80","351.00","351.50","344.00","12.71M","-0.57%"
"02/14/2024","349.80","344.70","353.00","342.40","19.25M","+0.69%"
"02/13/2024","347.40","342.60","349.00","341.80","22.46M","+1.61%"
"02/12/2024","341.90","348.60","349.80","338.20","22.53M","-1.89%"
"02/09/2024","348.50","346.00","349.80","343.80","20.32M","+0.75%"
"02/08/2024","345.90","360.30","360.80","345.40","22.71M","-3.51%"
"02/07/2024","358.50","358.20","362.00","356.80","22.96M","+0.31%"
"02/06/2024","357.40","362.80","362.80","356.60","23.46M","-1.19%"
"02/05/2024","361.70","365.00","365.40","359.80","17.30M","-0.80%"
"02/02/2024","364.60","368.40","370.00","363.70","25.25M","+0.00%"
"02/01/2024","364.60","366.00","366.40","362.60","10.36M","-0.11%"
"01/31/2024","365.00","363.20","368.30","357.70","40.59M","+0.08%"
"01/30/2024","364.70","365.00","367.90","360.70","19.15M","+0.03%"
"01/29/2024","364.60","357.10","366.00","355.20","26.18M","+3.08%"
"01/25/2024","353.70","358.00","359.50","350.50","33.51M","-1.12%"
"01/24/2024","357.70","357.80","360.70","352.60","16.34M","+0.22%"
"01/23/2024","356.90","360.20","365.00","352.80","33.90M","-1.25%"
"01/20/2024","361.40","354.90","365.90","351.60","27.28M","+2.41%"
"01/19/2024","352.90","357.40","360.00","350.80","22.80M","-0.70%"
"01/18/2024","355.40","354.00","358.50","352.90","21.47M","-0.14%"
"01/17/2024","355.90","364.60","366.90","355.20","54.18M","-3.71%"
"01/16/2024","369.60","370.10","372.20","368.20","23.25M","-0.19%"
"01/15/2024","370.30","368.60","370.70","367.20","30.86M","+1.01%"
"01/12/2024","366.60","365.00","368.50","362.90","10.86M","+0.55%"
"01/11/2024","364.60","366.40","368.30","363.10","20.85M","+0.11%"
"01/10/2024","364.20","364.20","366.50","362.30","35.26M","-0.30%"
"01/09/2024","365.30","367.40","371.60","364.20","21.70M","+0.03%"
"01/08/2024","365.20","369.60","370.30","363.70","61.27M","-1.16%"
"01/05/2024","369.50","373.10","374.00","368.30","39.00M","-0.86%"
"01/04/2024","372.70","374.30","374.30","372.10","14.33M","-0.13%"
"01/03/2024","373.20","372.80","374.00","369.50","18.91M","+0.05%"
"01/02/2024","373.00","381.60","381.60","372.00","25.60M","-2.30%"
"01/01/2024","381.80","381.80","383.80","378.60","7.13M","+0.05%"
"12/29/2023","381.60","382.40","383.60","378.00","12.23M","-0.70%"
"12/28/2023","384.30","382.20","385.30","380.60","24.75M","+1.00%"
"12/27/2023","380.50","378.80","382.00","376.60","17.04M","+0.82%"
"12/26/2023","377.40","373.40","379.80","371.40","21.75M","+1.42%"
"12/22/2023","372.10","370.90","375.90","370.20","16.55M","+0.43%"
"12/21/2023","370.50","364.20","371.50","361.00","12.02M","+1.42%"
"12/20/2023","365.30","370.40","372.80","363.10","19.84M","-1.08%"
"12/19/2023","369.30","370.00","371.00","367.10","15.44M","-0.03%"
"12/18/2023","369.40","369.00","371.20","368.00","18.79M","-0.19%"
"12/15/2023","370.10","373.00","373.00","368.60","19.39M","-0.19%"
"12/14/2023","370.80","368.80","373.10","366.50","24.39M","+1.53%"
"12/13/2023","365.20","364.80","367.20","362.60","16.26M","+0.08%"
"12/12/2023","364.90","369.60","370.60","363.80","19.07M","-1.06%"
"12/11/2023","368.80","369.00","372.30","368.10","16.03M","+0.30%"
"12/08/2023","367.70","365.40","368.60","364.10","14.93M","+0.63%"
"12/07/2023","365.40","365.00","367.40","362.70","12.50M","+0.30%"
"12/06/2023","364.30","366.40","367.90","362.60","23.48M","-0.38%"
"12/05/2023","365.70","365.60","367.40","361.70","27.86M","+0.55%"
"12/04/2023","363.70","354.00","365.20","350.50","22.90M","+3.88%"
"12/01/2023","350.10","352.00","353.20","349.60","10.01M","-0.28%"
"11/30/2023","351.10","351.30","353.20","349.20","31.27M","+0.11%"
"11/29/2023","350.70","349.70","351.80","348.00","17.37M","+0.66%"
"11/28/2023","348.40","349.00","349.60","347.60","16.75M","-0.11%"
"11/24/2023","348.80","347.90","349.90","346.70","12.81M","+0.26%"
"11/23/2023","347.90","348.00","349.80","347.40","14.18M","-0.34%"
"11/22/2023","349.10","351.60","352.60","347.50","22.57M","-1.22%"
"11/21/2023","353.40","355.80","355.80","352.10","13.53M","-0.20%"
"11/20/2023","354.10","351.20","355.20","350.00","9.62M","+0.34%"
"11/17/2023","352.90","352.00","356.80","351.90","13.55M","-0.48%"
"11/16/2023","354.60","354.20","356.70","353.00","10.40M","+0.20%"
"11/15/2023","353.90","352.20","354.50","350.00","17.16M","+1.23%"
"11/13/2023","349.60","350.20","350.40","346.70","14.28M","-0.26%"
"11/12/2023","350.50","350.40","351.20","349.40","1.00M","+0.40%"
"11/10/2023","349.10","346.90","349.80","346.90","8.17M","+0.03%"
"11/09/2023","349.00","349.20","351.30","347.80","9.72M","-0.06%"
"11/08/2023","349.20","350.60","352.20","348.00","18.21M","-0.29%"
"11/07/2023","350.20","347.00","350.90","345.20","18.00M","+0.63%"
"11/06/2023","348.00","348.80","349.40","346.40","5.93M","+0.40%"
"11/03/2023","346.60","348.00","348.80","346.00","7.79M","-0.26%"
"11/02/2023","347.50","347.00","351.70","346.40","12.75M","+0.75%"
"11/01/2023","344.90","346.20","347.20","343.60","12.64M","-0.86%"
"10/31/2023","347.90","345.50","349.40","343.40","24.20M","+1.28%"
"10/30/2023","343.50","340.40","344.20","337.70","7.56M","+0.88%"
"10/27/2023","340.50","341.60","341.60","337.80","14.87M","+0.44%"
"10/26/2023","339.00","345.50","345.50","337.80","31.40M","-1.91%"
"10/25/2023","345.60","349.80","352.40","344.40","17.56M","-0.75%"
"10/23/2023","348.20","353.80","353.80","344.50","37.73M","-1.61%"
"10/20/2023","353.90","346.70","354.60","346.50","20.36M","+1.78%"
"10/19/2023","347.70","348.40","350.70","347.10","9.97M","-0.86%"
"10/18/2023","350.70","354.60","355.00","349.00","15.26M","-1.02%"
"10/17/2023","354.30","351.00","355.00","350.20","16.09M","+1.23%"
"10/16/2023","350.00","352.20","352.40","349.30","7.90M","-0.68%"
"10/13/2023","352.40","351.00","354.00","350.40","10.62M","-0.11%"
"10/12/2023","352.80","355.00","355.40","352.20","11.92M","-0.42%"
"10/11/2023","354.30","352.00","356.00","352.00","17.50M","+0.88%"
"10/10/2023","351.20","345.50","353.70","344.10","16.84M","+2.12%"
"10/09/2023","343.90","346.00","346.80","343.40","9.20M","-1.40%"
"10/06/2023","348.80","347.10","349.40","346.00","9.96M","+0.58%"
"10/05/2023","346.80","346.00","349.40","344.20","14.83M","+0.70%"
"10/04/2023","344.40","343.00","345.40","341.80","31.10M","-0.29%"
"10/03/2023","345.40","346.00","347.00","343.10","27.67M","-0.49%"
"09/29/2023","347.10","348.80","348.80","346.60","17.86M","+0.14%"
"09/28/2023","346.60","352.40","354.40","345.80","41.32M","-1.81%"
"09/27/2023","353.00","352.80","354.20","350.00","15.02M","+0.06%"
"09/26/2023","352.80","355.20","356.40","350.70","18.28M","-1.15%"
"09/25/2023","356.90","352.80","357.90","351.40","11.13M","+1.59%"
"09/22/2023","351.30","351.60","354.00","350.40","18.55M","+0.06%"
"09/21/2023","351.10","356.80","358.20","350.20","23.92M","-1.90%"
"09/20/2023","357.90","357.40","360.70","355.10","26.84M","-0.50%"
"09/18/2023","359.70","362.20","362.40","358.80","19.85M","-0.85%"
"09/15/2023","362.80","363.20","364.70","362.20","20.61M","-0.41%"
"09/14/2023","364.30","365.60","366.40","362.80","12.80M","-0.16%"
"09/13/2023","364.90","360.10","367.20","360.10","29.66M","+0.75%"
"09/12/2023","362.20","363.80","363.80","359.30","17.04M","+0.17%"
"09/11/2023","361.60","360.00","362.30","359.00","11.58M","+0.84%"
"09/08/2023","358.60","359.40","361.00","356.30","11.93M","+0.22%"
"09/07/2023","357.80","355.00","358.50","353.50","11.04M","+1.04%"
"09/06/2023","354.10","354.20","355.40","352.00","31.10M","-0.03%"
"09/05/2023","354.20","353.00","356.60","352.60","21.29M","+0.51%"
"09/04/2023","352.40","355.50","357.80","351.50","23.49M","-0.51%"
"09/01/2023","354.20","352.80","355.90","350.90","13.48M","+0.68%"
"08/31/2023","351.80","355.00","356.80","350.90","41.57M","-0.90%"
"08/30/2023","355.00","358.20","358.60","353.00","12.98M","-0.45%"
"08/29/2023","356.60","359.40","359.50","355.80","13.54M","-0.42%"
"08/28/2023","358.10","355.80","359.30","354.90","9.90M","+0.65%"
"08/25/2023","355.80","354.20","357.90","353.40","10.22M","-0.11%"
"08/24/2023","356.20","357.80","359.80","355.20","20.62M","+0.06%"
"08/23/2023","356.00","354.00","356.40","350.80","16.69M","+0.96%"
"08/22/2023","352.60","353.80","354.40","351.70","16.64M","+0.14%"
"08/21/2023","352.10","350.20","354.50","349.80","19.78M","+0.54%"
"08/18/2023","350.20","351.40","353.70","349.30","20.57M","-0.82%"
"08/17/2023","353.10","356.40","357.50","352.60","25.66M","-1.15%"
"08/16/2023","357.20","357.40","358.00","355.50","9.42M","-0.45%"
"08/14/2023","358.80","357.80","360.50","357.00","16.50M","+0.14%"
"08/11/2023","358.30","359.60","360.00","356.40","21.33M","-0.53%"
"08/10/2023","360.20","365.20","366.50","359.20","25.56M","-1.67%"
"08/09/2023","366.30","366.80","366.80","363.40","13.12M","+0.19%"
"08/08/2023","365.60","366.30","368.50","364.40","20.45M","-0.19%"
"08/07/2023","366.30","369.00","369.00","365.30","18.54M","-0.38%"
"08/04/2023","367.70","365.80","368.60","362.20","27.22M","+0.85%"
"08/03/2023","364.60","364.00","366.80","361.20","35.08M","-0.03%"
"08/02/2023","364.70","368.10","369.60","363.60","20.90M","-1.43%"
"08/01/2023","370.00","370.00","373.20","368.90","22.34M","-0.35%"
"07/31/2023","371.30","373.20","375.00","369.80","20.13M","-1.09%"
"07/28/2023","375.40","373.90","377.20","372.20","11.51M","+0.16%"
"07/27/2023","374.80","377.80","380.50","372.50","31.45M","-1.13%"
"07/26/2023","379.10","376.00","379.60","375.10","12.31M","+1.07%"
"07/25/2023","375.10","380.20","380.40","371.30","39.72M","-1.13%"
"07/24/2023","379.40","390.00","390.00","377.60","35.17M","-3.71%"
"07/21/2023","394.00","390.40","397.60","390.10","19.25M","+0.66%"
"07/20/2023","391.40","380.20","392.50","378.60","46.53M","+2.65%"
"07/19/2023","381.30","379.00","383.00","378.30","16.89M","+0.82%"
"07/18/2023","378.20","379.10","381.60","375.90","28.98M","-0.32%"
"07/17/2023","379.40","374.20","379.90","373.30","16.65M","+1.50%"
"07/14/2023","373.80","374.00","377.50","372.00","35.66M","-0.03%"
"07/13/2023","373.90","377.80","380.30","373.30","26.33M","-0.45%"
"07/12/2023","375.60","375.00","378.20","373.60","21.78M","+0.62%"
"07/11/2023","373.30","374.80","378.80","372.70","20.48M","-0.03%"
"07/10/2023","373.40","370.60","374.90","369.00","17.19M","+0.73%"
"07/07/2023","370.70","374.40","374.90","370.10","10.38M","-1.28%"
"07/06/2023","375.50","372.00","376.60","371.80","18.27M","+0.67%"
"07/05/2023","373.00","372.60","373.60","370.60","15.60M","+0.19%"
"07/04/2023","372.30","370.00","373.70","367.20","32.88M","+0.95%"
"07/03/2023","368.80","371.20","371.80","367.60","16.04M","-0.14%"
"06/30/2023","369.30","369.60","370.10","366.60","19.67M","+0.33%"
"06/28/2023","368.10","369.20","369.60","365.90","26.70M","-0.22%"
"06/27/2023","368.90","365.50","369.40","364.10","10.69M","+1.18%"
"06/26/2023","364.60","366.40","366.40","364.00","11.07M","-0.30%"
"06/23/2023","365.70","366.60","369.10","364.80","12.92M","-0.41%"
"06/22/2023","367.20","369.10","369.50","366.10","17.14M","-0.51%"
"06/21/2023","369.10","369.40","370.00","367.20","12.00M","+0.08%"
"06/20/2023","368.80","364.00","369.40","363.10","23.11M","+1.07%"
"06/19/2023","364.90","372.80","373.70","363.60","38.05M","-1.78%"
"06/16/2023","371.50","367.40","372.30","366.60","15.99M","+1.31%"
"06/15/2023","366.70","373.60","373.80","365.70","24.19M","-1.66%"
"06/14/2023","372.90","371.20","373.60","369.30","27.89M","+0.46%"
"06/13/2023","371.20","375.10","376.60","370.40","47.81M","-1.25%"
"06/12/2023","375.90","375.00","376.80","372.90","14.08M","+0.40%"
"06/09/2023","374.40","372.40","379.50","372.10","70.98M","-0.77%"
"06/08/2023","377.30","387.40","387.40","375.90","27.46M","-2.73%"
"06/07/2023","387.90","394.40","394.40","387.20","15.50M","-1.00%"
"06/06/2023","391.80","387.00","393.30","386.00","20.56M","+1.77%"
"06/05/2023","385.00","389.00","390.30","384.40","12.03M","-0.72%"
"06/02/2023","387.80","389.00","390.30","385.60","17.79M","+0.47%"
"06/01/2023","386.00","393.60","395.80","385.00","29.84M","-4.19%"
"05/31/2023","402.90","397.00","412.90","390.80","442.99M","+2.03%"
"05/30/2023","394.90","391.60","395.80","390.50","37.15M","+1.10%"
"05/29/2023","390.60","392.60","394.70","389.60","18.88M","+0.41%"
"05/26/2023","389.00","390.00","390.00","384.70","16.48M","+0.78%"
"05/25/2023","386.00","383.60","386.70","381.50","29.83M","+1.02%"
"05/24/2023","382.10","384.40","388.00","379.50","17.79M","-0.57%"
"05/23/2023","384.30","388.00","388.00","383.00","21.68M","-0.95%"
"05/22/2023","388.00","389.00","390.50","384.70","17.00M","-0.08%"
"05/19/2023","388.30","386.00","389.40","384.70","19.73M","+0.73%"
"05/18/2023","385.50","384.80","386.70","382.20","20.73M","+0.97%"
"05/17/2023","381.80","390.00","390.20","379.10","27.41M","-1.95%"
"05/16/2023","389.40","395.60","395.60","387.60","22.85M","-1.32%"
"05/15/2023","394.60","391.40","395.40","390.50","14.86M","+0.64%"
"05/12/2023","392.10","390.80","393.60","388.70","16.09M","+0.13%"
"05/11/2023","391.60","394.00","396.00","390.40","22.06M","-0.03%"
"05/10/2023","391.70","392.00","392.80","386.30","19.56M","+0.20%"
"05/09/2023","390.90","393.00","394.00","389.60","18.12M","-0.23%"
"05/08/2023","391.80","387.20","393.70","384.20","19.35M","+1.58%"
"05/05/2023","385.70","390.40","394.80","383.10","17.42M","-0.98%"
"05/04/2023","389.50","386.00","390.20","384.40","17.26M","+0.85%"
"05/03/2023","386.20","383.80","386.80","382.50","17.25M","+0.52%"
"05/02/2023","384.20","383.60","387.50","378.00","23.03M","-0.88%"
"04/28/2023","387.60","381.20","388.70","379.20","21.84M","+1.55%"
"04/27/2023","381.70","375.40","382.60","375.40","25.31M","+1.60%"
"04/26/2023","375.70","375.50","378.90","372.70","15.80M","-0.58%"
"04/25/2023","377.90","380.40","381.40","375.40","23.69M","-0.40%"
"04/24/2023","379.40","378.00","380.40","375.50","10.09M","+0.18%"
"04/21/2023","378.70","376.40","380.70","375.40","8.36M","+0.50%"
"04/20/2023","376.80","376.90","380.70","374.40","11.61M","-0.05%"
"04/19/2023","377.00","377.70","377.70","375.20","9.38M","-0.19%"
"04/18/2023","377.70","380.20","380.90","377.20","14.86M","-0.34%"
"04/17/2023","379.00","377.80","382.80","365.20","51.77M","+1.36%"
"04/13/2023","373.90","367.60","374.90","366.20","14.62M","+1.38%"
"04/12/2023","368.80","368.40","370.20","366.30","17.04M","-0.14%"
"04/11/2023","369.30","369.40","371.80","365.20","46.47M","+4.94%"
"04/10/2023","351.90","351.40","353.60","349.90","6.27M","+0.14%"
"04/06/2023","351.40","350.00","352.30","347.90","7.79M","+0.29%"
"04/05/2023","350.40","349.00","351.90","347.80","12.63M","+0.37%"
"04/03/2023","349.10","346.80","350.40","346.60","12.18M","+0.72%"
"03/31/2023","346.60","345.10","348.10","344.20","17.83M","+0.70%"
"03/29/2023","344.20","340.00","345.40","339.00","14.11M","+1.29%"
"03/28/2023","339.80","341.80","342.00","337.10","11.86M","-0.35%"
"03/27/2023","341.00","340.10","342.60","338.60","14.19M","+0.77%"
"03/24/2023","338.40","335.20","341.80","335.00","27.40M","+0.74%"
"03/23/2023","335.90","339.80","340.00","335.00","28.21M","-1.50%"
"03/22/2023","341.00","342.00","342.60","338.40","16.63M","-0.12%"
"03/21/2023","341.40","341.50","342.40","338.40","9.03M","+0.44%"
"03/20/2023","339.90","337.40","340.60","336.20","22.32M","+0.38%"
"03/17/2023","338.60","335.90","341.20","334.20","44.64M","+1.77%"
"03/16/2023","332.70","334.00","335.80","329.60","18.16M","-0.15%"
"03/15/2023","333.20","333.60","337.60","332.30","23.46M","+1.09%"
"03/14/2023","329.60","334.60","335.50","328.70","70.69M","-1.55%"
"03/13/2023","334.80","339.80","344.70","333.20","44.89M","-1.50%"
"03/10/2023","339.90","341.40","342.70","338.40","24.38M","-0.99%"
"03/09/2023","343.30","347.90","348.90","342.70","34.64M","-1.35%"
"03/08/2023","348.00","347.20","348.90","345.40","26.01M","-0.63%"
"03/06/2023","350.20","351.30","352.90","348.30","25.93M","+0.00%"
"03/03/2023","350.20","346.40","353.00","344.00","18.13M","+1.71%"
"03/02/2023","344.30","347.10","349.30","343.60","20.60M","-1.35%"
"03/01/2023","349.00","345.80","350.10","345.20","28.07M","+0.93%"
"02/28/2023","345.80","345.20","348.30","344.30","21.98M","+0.17%"
"02/27/2023","345.20","339.70","346.00","338.20","11.72M","+1.68%"
"02/24/2023","339.50","342.60","344.80","338.80","10.40M","-0.56%"
"02/23/2023","341.40","341.50","342.80","337.60","13.85M","+0.38%"
"02/22/2023","340.10","344.80","345.20","339.60","17.70M","-1.71%"
"02/21/2023","346.00","349.00","349.00","345.00","14.68M","-0.43%"
"02/20/2023","347.50","353.60","353.60","346.00","16.12M","-1.22%"
"02/17/2023","351.80","356.60","358.30","350.20","12.94M","-1.62%"
"02/16/2023","357.60","358.80","360.80","356.70","11.46M","+0.14%"
"02/15/2023","357.10","353.70","358.00","352.00","12.05M","+0.85%"
"02/14/2023","354.10","354.00","355.40","352.80","8.07M","-0.20%"
"02/13/2023","354.80","355.00","356.90","352.30","11.95M","+0.11%"
"02/10/2023","354.40","353.60","355.70","353.00","7.23M","+0.06%"
"02/09/2023","354.20","353.60","355.00","349.60","10.82M","+0.31%"
"02/08/2023","353.10","355.80","356.00","352.20","7.23M","-0.56%"
"02/07/2023","355.10","350.40","356.00","349.40","18.22M","+1.63%"
"02/06/2023","349.40","355.00","355.60","348.00","15.20M","-1.88%"
"02/03/2023","356.10","354.10","356.70","349.00","13.38M","+1.05%"
"02/02/2023","352.40","344.00","353.60","344.00","20.92M","+1.00%"
"02/01/2023","348.90","349.00","356.80","344.20","18.26M","+0.78%"
"01/31/2023","346.20","346.10","347.70","342.60","21.93M","+0.29%"
"01/30/2023","345.20","342.60","346.10","336.80","24.70M","+0.76%"
"01/27/2023","342.60","350.40","350.40","340.80","37.58M","-2.11%"
"01/25/2023","350.00","351.40","352.10","346.60","21.40M","-0.57%"
"01/24/2023","352.00","358.50","358.50","349.80","20.80M","-1.35%"
"01/23/2023","356.80","358.00","359.90","354.00","38.82M","+1.19%"
"01/20/2023","352.60","355.80","355.80","351.40","21.35M","-0.25%"
"01/19/2023","353.50","360.70","360.70","353.00","22.13M","-1.75%"
"01/18/2023","359.80","360.60","365.40","359.20","14.18M","+0.08%"
"01/17/2023","359.50","356.00","360.40","355.30","10.66M","+0.70%"
"01/16/2023","357.00","357.40","359.80","356.00","10.59M","+0.25%"
"01/13/2023","356.10","355.90","357.50","351.80","19.92M","+0.06%"
"01/12/2023","355.90","361.40","361.40","354.50","17.65M","-1.25%"
"01/11/2023","360.40","360.00","360.80","356.80","8.02M","+0.36%"
"01/10/2023","359.10","361.70","363.20","357.80","7.37M","-0.91%"
"01/09/2023","362.40","360.20","363.20","357.80","17.13M","+1.40%"
"01/06/2023","357.40","365.20","365.20","354.10","19.00M","-1.84%"
"01/05/2023","364.10","364.00","366.60","361.20","8.66M","-0.03%"
"01/04/2023","364.20","367.00","367.00","362.80","8.32M","-0.65%"
"01/03/2023","366.60","364.40","367.30","364.20","8.32M","+0.44%"
"01/02/2023","365.00","365.60","366.60","363.30","5.63M","-0.11%"
"12/30/2022","365.40","365.00","367.60","364.50","13.46M","+0.44%"
"12/29/2022","363.80","362.90","364.00","360.20","10.77M","-0.05%"
"12/28/2022","364.00","364.90","366.30","363.00","9.52M","-0.05%"
"12/27/2022","364.20","364.50","365.60","361.40","7.74M","+0.41%"
"12/26/2022","362.70","364.40","365.20","358.80","23.73M","-0.47%"
"12/23/2022","364.40","363.20","367.80","362.40","10.51M","-0.22%"
"12/22/2022","365.20","365.20","367.00","363.80","8.57M","+0.63%"
"12/21/2022","362.90","372.10","372.20","361.80","11.91M","-1.76%"
"12/20/2022","369.40","369.00","372.40","367.00","7.05M","-0.59%"
"12/19/2022","371.60","368.10","372.80","368.10","8.57M","+0.95%"
"12/16/2022","368.10","370.90","371.40","367.00","12.44M","-1.21%"
"12/15/2022","372.60","375.10","376.40","371.00","10.21M","-0.53%"
"12/14/2022","374.60","374.20","375.20","372.80","18.74M","+0.24%"
"12/13/2022","373.70","372.80","374.40","371.60","34.70M","+0.13%"
"12/12/2022","373.20","373.00","375.90","372.60","16.41M","-1.17%"
"12/09/2022","377.60","382.80","383.40","375.80","13.24M","-0.47%"
"12/08/2022","379.40","379.80","381.00","375.40","63.10M","-0.76%"
"12/07/2022","382.30","386.50","386.50","381.10","11.81M","-1.21%"
"12/06/2022","387.00","384.10","388.60","384.10","6.83M","-0.18%"
"12/05/2022","387.70","388.40","388.80","384.00","6.23M","+0.39%"
"12/02/2022","386.20","383.40","387.00","383.40","7.95M","-0.18%"
"12/01/2022","386.90","391.00","392.40","385.60","12.36M","-0.64%"
"11/30/2022","389.40","387.80","391.00","383.20","14.75M","+1.12%"
"11/29/2022","385.10","386.30","387.80","384.60","6.82M","-0.13%"
"11/28/2022","385.60","383.20","388.60","383.20","7.82M","-0.03%"
"11/25/2022","385.70","389.80","389.80","384.00","10.49M","-0.85%"
"11/24/2022","389.00","390.90","391.30","386.60","7.00M","-0.44%"
"11/23/2022","390.70","390.10","392.30","389.10","12.50M","+0.70%"
"11/22/2022","388.00","390.80","390.80","386.00","5.83M","-0.21%"
"11/21/2022","388.80","390.90","390.90","386.60","5.96M","-0.79%"
"11/18/2022","391.90","392.20","399.50","389.60","21.36M","+0.46%"
"11/17/2022","390.10","392.80","393.00","388.60","12.04M","-0.79%"
"11/16/2022","393.20","382.80","393.70","382.80","32.19M","+2.80%"
"11/15/2022","382.50","385.00","386.70","379.10","9.95M","-0.55%"
"11/14/2022","384.60","380.60","385.70","380.20","10.71M","+1.26%"
"11/11/2022","379.80","386.60","386.80","378.20","17.12M","-0.68%"
"11/10/2022","382.40","379.00","383.00","378.30","12.55M","+0.98%"
"11/09/2022","378.70","379.60","380.70","376.10","11.61M","+0.58%"
"11/07/2022","376.50","381.60","382.00","374.30","13.12M","-0.92%"
"11/04/2022","380.00","381.20","381.60","378.90","10.41M","+0.00%"
"11/03/2022","380.00","381.00","382.60","378.70","7.96M","-0.52%"
"11/02/2022","382.00","383.80","384.00","379.50","9.32M","+0.05%"
"11/01/2022","381.80","381.60","388.30","380.70","12.73M","+0.37%"
"10/31/2022","380.40","379.80","382.40","377.80","9.37M","+0.96%"
"10/28/2022","376.80","374.80","379.00","374.20","15.24M","+1.02%"
"10/27/2022","373.00","376.70","377.60","369.90","22.97M","+1.00%"
"10/25/2022","369.30","382.20","382.30","368.40","17.56M","-2.61%"
"10/24/2022","379.20","380.50","383.00","378.00","3.25M","-0.34%"
"10/21/2022","380.50","374.00","385.00","373.30","19.71M","+2.09%"
"10/20/2022","372.70","372.00","376.60","371.10","7.96M","-0.32%"
"10/19/2022","373.90","373.80","375.50","371.00","4.57M","+0.54%"
"10/18/2022","371.90","373.50","375.20","371.00","8.05M","+0.08%"
"10/17/2022","371.60","365.60","372.40","364.00","5.52M","+1.31%"
"10/14/2022","366.80","365.60","371.60","364.50","8.35M","+1.80%"
"10/13/2022","360.30","361.00","363.20","358.60","5.86M","-0.47%"
"10/12/2022","362.00","357.60","362.60","356.00","5.18M","+1.23%"
"10/11/2022","357.60","362.00","362.00","356.70","7.48M","-1.11%"
"10/10/2022","361.60","360.20","364.40","358.90","5.19M","-0.96%"
"10/07/2022","365.10","362.10","366.00","360.40","5.32M","+0.36%"
"10/06/2022","363.80","365.00","368.00","362.40","8.74M","-0.16%"
"10/04/2022","364.40","361.60","365.60","360.40","8.34M","+2.13%"
"10/03/2022","356.80","361.60","362.60","354.70","12.20M","-1.92%"
"09/30/2022","363.80","353.60","365.30","351.50","14.02M","+3.03%"
"09/29/2022","353.10","360.40","362.00","352.00","14.00M","-1.51%"
"09/28/2022","358.50","358.00","361.60","355.00","8.86M","-0.39%"
"09/27/2022","359.90","366.40","367.00","358.40","13.70M","-1.61%"
"09/26/2022","365.80","367.20","371.60","363.30","11.43M","-1.80%"
"09/23/2022","372.50","374.00","377.70","368.40","13.07M","-1.61%"
"09/22/2022","378.60","381.10","384.90","376.20","9.29M","-1.33%"
"09/21/2022","383.70","385.40","390.00","379.70","11.19M","-1.11%"
"09/20/2022","388.00","388.80","392.30","386.60","8.06M","+0.54%"
"09/19/2022","385.90","384.60","388.00","381.50","8.38M","-0.05%"
"09/16/2022","386.10","385.20","396.00","382.00","25.84M","-0.18%"
"09/15/2022","386.80","393.50","397.40","384.60","18.74M","-1.05%"
"09/14/2022","390.90","378.40","395.60","378.40","18.71M","+1.61%"
"09/13/2022","384.70","386.60","388.00","384.00","7.92M","-0.03%"
"09/12/2022","384.80","385.00","388.80","383.60","7.42M","-0.13%"
"09/09/2022","385.30","390.00","390.10","383.30","14.09M","-0.18%"
"09/08/2022","386.00","384.00","387.60","382.40","12.06M","+1.15%"
"09/07/2022","381.60","380.00","383.00","377.10","9.88M","-0.39%"
"09/06/2022","383.10","389.00","390.00","382.00","13.84M","-1.16%"
"09/05/2022","387.60","382.20","391.40","382.20","19.03M","+0.99%"
"09/02/2022","383.80","383.40","385.80","380.90","16.66M","+0.84%"
"09/01/2022","380.60","375.00","385.10","375.00","21.04M","-0.65%"
"08/30/2022","383.10","373.00","384.00","371.40","19.43M","+3.54%"
"08/29/2022","370.00","371.60","375.60","369.00","18.20M","-2.73%"
"08/26/2022","380.40","374.50","385.40","373.80","16.72M","+1.77%"
"08/25/2022","373.80","375.00","381.10","371.20","11.02M","+0.08%"
"08/24/2022","373.50","370.20","374.80","368.30","7.08M","+0.62%"
"08/23/2022","371.20","364.80","373.80","364.00","11.07M","+1.31%"
"08/22/2022","366.40","365.40","367.60","362.30","20.81M","-2.40%"
"08/19/2022","375.40","383.80","388.50","374.20","22.82M","-1.44%"
"08/18/2022","380.90","367.80","382.40","366.40","18.31M","+3.53%"
"08/17/2022","367.90","370.80","370.80","366.20","16.92M","-0.38%"
"08/16/2022","369.30","370.10","372.40","367.70","6.57M","+0.30%"
"08/12/2022","368.20","372.00","372.00","367.30","6.98M","-0.67%"
"08/11/2022","370.70","369.80","371.30","366.60","13.89M","+1.37%"
"08/10/2022","365.70","369.60","369.80","364.20","8.29M","-0.87%"
"08/08/2022","368.90","366.00","369.90","363.40","7.78M","+0.57%"
"08/05/2022","366.80","369.00","370.00","364.50","8.32M","-0.08%"
"08/04/2022","367.10","371.30","371.80","362.80","11.81M","-0.84%"
"08/03/2022","370.20","375.00","376.00","368.00","12.68M","-1.78%"
"08/02/2022","376.90","370.30","378.60","366.80","16.79M","+1.54%"
"08/01/2022","371.20","363.00","372.40","362.40","8.28M","+2.51%"
"07/29/2022","362.10","367.50","371.40","360.70","11.94M","-0.98%"
"07/28/2022","365.70","355.00","366.40","353.00","10.77M","+4.25%"
"07/27/2022","350.80","352.20","352.20","346.50","17.40M","-0.43%"
"07/26/2022","352.30","358.20","359.00","350.40","9.01M","-1.89%"
"07/25/2022","359.10","363.20","369.80","357.00","9.43M","-1.72%"
"07/22/2022","365.40","360.20","368.40","357.90","16.75M","+1.47%"
"07/21/2022","360.10","365.00","365.00","357.60","10.93M","-1.50%"
"07/20/2022","365.60","369.20","370.00","363.60","12.86M","-0.38%"
"07/19/2022","367.00","367.00","370.40","365.60","14.48M","-0.57%"
"07/18/2022","369.10","360.00","370.00","358.80","15.59M","+3.24%"
"07/15/2022","357.50","354.50","358.00","354.00","11.67M","+0.99%"
"07/14/2022","354.00","348.00","355.40","347.40","32.85M","+1.61%"
"07/13/2022","348.40","344.80","349.20","344.70","18.07M","+1.34%"
"07/12/2022","343.80","344.30","347.80","342.40","9.14M","-1.26%"
"07/11/2022","348.20","348.60","349.40","345.60","7.67M","-0.23%"
"07/08/2022","349.00","351.00","351.30","346.40","8.89M","+0.37%"
"07/07/2022","347.70","343.60","348.80","343.20","15.85M","+1.99%"
"07/06/2022","340.90","336.40","342.50","334.20","27.86M","+2.50%"
"07/05/2022","332.60","335.00","339.00","331.40","13.21M","-0.48%"
"07/04/2022","334.20","333.30","336.90","332.00","9.34M","+0.18%"
"07/01/2022","333.60","329.00","335.90","327.20","11.50M","+0.42%"
"06/30/2022","332.20","326.40","335.40","326.20","19.91M","+1.13%"
"06/29/2022","328.50","330.00","331.80","327.30","14.66M","-1.59%"
"06/28/2022","333.80","337.00","338.50","332.90","14.00M","-1.33%"
"06/27/2022","338.30","343.40","344.00","337.00","10.64M","-0.41%"
"06/24/2022","339.70","340.00","343.00","338.00","8.09M","+0.86%"
"06/23/2022","336.80","335.00","339.00","329.80","12.45M","+0.87%"
"06/22/2022","333.90","333.00","335.20","330.60","8.86M","-0.71%"
"06/21/2022","336.30","338.00","341.80","334.50","12.52M","+0.15%"
"06/20/2022","335.80","334.70","338.00","330.40","8.84M","+0.33%"
"06/17/2022","334.70","332.20","336.70","329.70","15.82M","-0.15%"
"06/16/2022","335.20","348.40","350.70","334.00","14.87M","-3.48%"
"06/15/2022","347.30","347.60","350.00","345.80","8.85M","-0.17%"
"06/14/2022","347.90","347.10","349.70","344.30","7.76M","+0.12%"
"06/13/2022","347.50","348.60","350.50","343.70","11.75M","-3.04%"
"06/10/2022","358.40","368.00","370.80","356.80","14.30M","-3.91%"
"06/09/2022","373.00","367.80","374.60","365.50","6.40M","+1.06%"
"06/08/2022","369.10","372.00","376.00","367.80","7.33M","-0.67%"
"06/07/2022","371.60","372.80","373.00","366.40","8.56M","-0.62%"
"06/06/2022","373.90","369.00","375.40","368.60","12.94M","+0.59%"
"06/03/2022","371.70","375.80","375.80","370.60","9.08M","+0.05%"
"06/02/2022","371.50","369.60","375.80","369.20","13.32M","-0.40%"
"06/01/2022","373.00","368.00","374.80","367.10","11.91M","+0.97%"
"05/31/2022","369.40","378.20","379.20","365.70","74.15M","-2.94%"
"05/30/2022","380.60","389.00","390.40","379.10","19.94M","-2.21%"
"05/27/2022","389.20","384.20","390.00","382.60","12.20M","+1.96%"
"05/26/2022","381.70","383.00","384.40","376.80","24.75M","+0.05%"
"05/25/2022","381.50","379.60","388.30","377.30","31.26M","+1.33%"
"05/24/2022","376.50","371.60","378.00","368.60","17.11M","+1.51%"
"05/23/2022","370.90","370.40","374.30","368.20","14.13M","+1.39%"
"05/20/2022","365.80","362.20","368.00","358.90","13.25M","+2.55%"
"05/19/2022","356.70","362.40","365.50","355.70","15.54M","-3.44%"
"05/18/2022","369.40","369.40","372.80","368.20","26.61M","+0.35%"
"05/17/2022","368.10","364.60","369.00","363.50","15.10M","+1.52%"
"05/16/2022","362.60","356.20","365.00","353.20","15.20M","+1.88%"
"05/13/2022","355.90","357.00","359.00","351.20","13.69M","+1.05%"
"05/12/2022","352.20","360.60","361.30","351.40","21.41M","-2.71%"
"05/11/2022","362.00","359.60","363.60","359.20","13.11M","+0.72%"
"05/10/2022","359.40","354.00","361.80","353.50","9.95M","+1.67%"
"05/09/2022","353.50","349.00","356.80","348.60","10.85M","-0.45%"
"05/06/2022","355.10","351.00","359.00","350.00","14.24M","-1.22%"
"05/05/2022","359.50","360.20","364.20","356.90","17.84M","+1.24%"
"05/04/2022","355.10","353.60","364.70","353.60","28.73M","+0.06%"
"05/02/2022","354.90","353.10","356.10","350.00","9.90M","-0.92%"
"04/29/2022","358.20","353.80","362.10","353.40","18.44M","+1.44%"
"04/28/2022","353.10","349.80","354.60","346.50","11.71M","+1.38%"
"04/27/2022","348.30","344.80","350.40","344.80","14.11M","-0.06%"
"04/26/2022","348.50","349.20","349.60","346.20","7.27M","+0.78%"
"04/25/2022","345.80","340.50","347.60","338.80","10.75M","+0.06%"
"04/22/2022","345.60","348.00","349.80","344.30","11.28M","-1.87%"
"04/21/2022","352.20","345.00","354.70","344.80","13.65M","+2.29%"
"04/20/2022","344.30","342.60","345.40","336.70","16.01M","+0.82%"
"04/19/2022","341.50","352.60","353.30","337.40","11.95M","-2.46%"
"04/18/2022","350.10","355.10","355.10","346.00","9.80M","-1.63%"
"04/13/2022","355.90","361.50","363.70","354.60","9.62M","-1.25%"
"04/12/2022","360.40","354.20","362.50","354.00","12.06M","+1.04%"
"04/11/2022","356.70","355.00","361.20","352.70","9.59M","-0.06%"
"04/08/2022","356.90","355.00","358.00","351.20","11.91M","+1.02%"
"04/07/2022","353.30","354.20","358.40","352.60","21.94M","-0.73%"
"04/06/2022","355.90","357.50","358.60","354.40","11.75M","-1.25%"
"04/05/2022","360.40","367.20","367.60","358.80","10.66M","-1.85%"
"04/04/2022","367.20","357.40","368.00","347.00","19.99M","+3.35%"
"04/01/2022","355.30","349.90","356.00","349.10","11.87M","+1.28%"
"03/31/2022","350.80","351.00","355.80","349.40","14.24M","-0.51%"
"03/30/2022","352.60","349.90","353.80","347.20","16.79M","+1.91%"
"03/29/2022","346.00","347.60","348.20","343.80","12.93M","+0.29%"
"03/28/2022","345.00","345.60","345.60","338.40","15.35M","+0.17%"
"03/25/2022","344.40","345.60","346.40","342.40","15.20M","+0.47%"
"03/24/2022","342.80","343.00","345.80","340.20","98.55M","-3.16%"
"03/23/2022","354.00","363.00","365.40","351.60","16.13M","-2.10%"
"03/22/2022","361.60","355.40","362.70","351.10","16.99M","+1.74%"
"03/21/2022","355.40","363.10","366.00","354.60","11.99M","-2.36%"
"03/17/2022","364.00","358.00","365.50","356.50","16.80M","+3.38%"
"03/16/2022","352.10","352.00","355.00","350.60","14.64M","+1.53%"
"03/15/2022","346.80","356.80","358.00","342.80","24.04M","-3.07%"
"03/14/2022","357.80","349.10","359.50","348.40","16.58M","+1.47%"
"03/11/2022","352.60","349.00","356.00","347.20","12.53M","+0.48%"
"03/10/2022","350.90","360.00","362.60","347.20","20.94M","+0.89%"
"03/09/2022","347.80","344.60","349.60","338.40","34.60M","+0.93%"
"03/08/2022","344.60","340.00","345.90","334.50","27.18M","+0.64%"
"03/07/2022","342.40","338.70","346.20","336.00","13.49M","-2.28%"
"03/04/2022","350.40","354.00","357.20","346.70","12.75M","-2.23%"
"03/03/2022","358.40","362.60","363.90","354.50","14.81M","-0.78%"
"03/02/2022","361.20","362.40","363.90","355.10","14.15M","-2.01%"
"02/28/2022","368.60","367.40","370.40","362.90","13.56M","-0.73%"
"02/25/2022","371.30","364.20","373.20","360.20","19.97M","+3.43%"
"02/24/2022","359.00","366.90","374.90","355.40","24.78M","-4.83%"
"02/23/2022","377.20","370.60","382.60","370.60","34.58M","+2.39%"
"02/22/2022","368.40","358.00","369.80","358.00","15.11M","+0.82%"
"02/21/2022","365.40","361.60","370.30","360.40","6.72M","+0.03%"
"02/18/2022","365.30","361.80","366.20","361.20","6.15M","+0.50%"
"02/17/2022","363.50","367.00","368.80","362.10","14.05M","-0.68%"
"02/16/2022","366.00","363.00","370.60","360.00","11.35M","+0.94%"
"02/15/2022","362.60","351.20","363.80","349.20","10.28M","+3.78%"
"02/14/2022","349.40","358.00","364.80","347.60","15.13M","-4.43%"
"02/11/2022","365.60","370.80","370.80","364.40","9.30M","-2.09%"
"02/10/2022","373.40","367.00","377.80","366.00","12.54M","+1.74%"
"02/09/2022","367.00","367.10","369.60","364.50","8.12M","+0.94%"
"02/08/2022","363.60","367.00","369.60","358.60","17.85M","-0.57%"
"02/07/2022","365.70","370.00","378.00","364.00","10.27M","-2.95%"
"02/04/2022","376.80","382.80","383.60","376.00","8.86M","-1.31%"
"02/03/2022","381.80","388.00","388.50","379.20","11.20M","-1.72%"
"02/02/2022","388.50","382.20","389.60","379.40","13.55M","+3.19%"
"02/01/2022","376.50","376.40","381.00","366.80","15.49M","+1.37%"
"01/31/2022","371.40","384.00","387.80","368.20","22.58M","-2.19%"
"01/28/2022","379.70","379.00","391.40","377.70","24.86M","+0.50%"
"01/27/2022","377.80","368.00","379.70","364.20","18.59M","+1.86%"
"01/25/2022","370.90","362.90","374.80","356.40","12.85M","+1.28%"
"01/24/2022","366.20","376.80","377.60","362.00","12.74M","-3.33%"
"01/21/2022","378.80","373.60","380.20","369.90","8.77M","+0.08%"
"01/20/2022","378.50","385.00","385.00","375.40","7.45M","-0.68%"
"01/19/2022","381.10","389.00","389.00","380.00","7.61M","-1.88%"
"01/18/2022","388.40","386.00","395.00","386.00","10.41M","+0.23%"
"01/17/2022","387.50","384.40","390.60","383.70","8.38M","-0.03%"
"01/14/2022","387.60","381.80","389.00","379.60","9.14M","+0.60%"
"01/13/2022","385.30","392.00","393.40","384.50","7.44M","-1.53%"
"01/12/2022","391.30","391.00","395.20","389.40","10.75M","+1.01%"
"01/11/2022","387.40","389.60","390.80","384.00","13.57M","-0.56%"
"01/10/2022","389.60","380.80","391.10","380.30","14.31M","+2.31%"
"01/07/2022","380.80","378.40","385.10","376.70","11.52M","+0.63%"
"01/06/2022","378.40","381.40","383.00","375.00","11.29M","-1.56%"
"01/05/2022","384.40","371.40","385.70","368.00","21.04M","+3.75%"
"01/04/2022","370.50","366.00","371.40","363.10","13.18M","+1.53%"
"01/03/2022","364.90","359.40","365.60","358.30","9.93M","+1.59%"
"12/31/2021","359.20","352.40","360.20","352.00","11.06M","+2.34%"
"12/30/2021","351.00","351.80","354.00","348.70","12.49M","-0.51%"
"12/29/2021","352.80","354.80","356.00","350.80","7.06M","-0.62%"
"12/28/2021","355.00","357.00","357.90","353.10","6.43M","+0.08%"
"12/27/2021","354.70","348.60","355.80","344.20","8.27M","+1.43%"
"12/24/2021","349.70","356.00","356.00","346.00","11.36M","-1.52%"
"12/23/2021","355.10","357.00","357.70","353.50","9.60M","+0.74%"
"12/22/2021","352.50","349.60","354.00","346.60","17.27M","+1.50%"
"12/21/2021","347.30","352.20","353.60","344.20","11.32M","-0.34%"
"12/20/2021","348.50","356.00","356.00","344.50","16.35M","-2.87%"
"12/17/2021","358.80","371.00","372.00","358.00","14.68M","-3.60%"
"12/16/2021","372.20","377.20","378.20","370.20","15.27M","-0.35%"
"12/15/2021","373.50","369.10","376.40","367.40","26.53M","+1.47%"
"12/14/2021","368.10","374.60","374.80","363.20","50.56M","-1.74%"
"12/13/2021","374.60","382.00","383.20","372.40","20.43M","-1.27%"
"12/10/2021","379.40","383.00","384.00","377.70","15.27M","-1.02%"
"12/09/2021","383.30","385.20","387.40","377.20","23.27M","-0.21%"
"12/08/2021","384.10","394.00","394.00","383.10","25.63M","-0.85%"
"12/07/2021","387.40","382.40","392.80","382.00","36.72M","+2.76%"
"12/06/2021","377.00","384.00","385.30","375.40","15.41M","-1.52%"
"12/03/2021","382.80","393.30","398.00","381.00","17.46M","-2.55%"
"12/02/2021","392.80","389.50","396.20","389.10","9.66M","+0.54%"
"12/01/2021","390.70","395.80","397.20","388.00","12.93M","-0.43%"
"11/30/2021","392.40","404.60","407.90","389.40","21.33M","-2.85%"
"11/29/2021","403.90","398.60","409.00","387.40","20.86M","+2.80%"
"11/26/2021","392.90","400.40","401.40","391.00","13.24M","-3.46%"
"11/25/2021","407.00","404.00","409.60","402.60","15.82M","+1.17%"
"11/24/2021","402.30","395.90","405.00","394.00","9.74M","+1.44%"
"11/23/2021","396.60","387.60","398.60","386.50","16.15M","+1.41%"
"11/22/2021","391.10","408.80","408.80","388.20","13.74M","-3.41%"
"11/18/2021","404.90","410.00","412.50","401.80","13.97M","-1.39%"
"11/17/2021","410.60","414.00","416.40","409.10","7.23M","-1.44%"
"11/16/2021","416.60","420.00","420.80","414.00","7.73M","-0.69%"
"11/15/2021","419.50","416.00","421.60","416.00","9.10M","+1.11%"
"11/12/2021","414.90","413.60","416.00","410.60","7.17M","+1.00%"
"11/11/2021","410.80","414.60","415.50","409.50","7.74M","-1.06%"
"11/10/2021","415.20","417.00","418.30","412.60","7.23M","-1.00%"
"11/09/2021","419.40","424.00","425.40","416.70","8.89M","-1.04%"
"11/08/2021","423.80","411.00","425.50","411.00","10.61M","+3.01%"
"11/04/2021","411.40","408.00","412.40","407.80","1.03M","+0.96%"
"11/03/2021","407.50","416.00","422.30","405.60","10.34M","-1.88%"
"11/02/2021","415.30","413.20","418.70","412.00","7.68M","+0.00%"
"11/01/2021","415.30","411.00","417.40","407.00","9.83M","+2.24%"
"10/29/2021","406.20","415.50","419.40","403.00","23.33M","-3.22%"
"10/28/2021","419.70","437.60","438.00","418.10","15.51M","-4.09%"
"10/27/2021","437.60","440.00","450.60","435.30","22.75M","-1.04%"
"10/26/2021","442.20","430.90","448.00","424.70","53.35M","+2.62%"
"10/25/2021","430.90","430.40","436.60","423.00","33.89M","-0.78%"
"10/22/2021","434.30","431.00","440.30","424.60","29.66M","+1.28%"
"10/21/2021","428.80","406.20","431.00","404.40","47.48M","+6.38%"
"10/20/2021","403.10","408.40","409.00","399.60","8.97M","-0.98%"
"10/19/2021","407.10","402.40","409.00","398.40","8.48M","+1.19%"
"10/18/2021","402.30","403.60","409.40","401.60","10.83M","-0.32%"
"10/14/2021","403.60","401.60","405.10","397.00","8.26M","+0.42%"
"10/13/2021","401.90","400.80","404.40","398.90","8.71M","+0.73%"
"10/12/2021","399.00","396.00","400.80","393.00","9.45M","+0.99%"
"10/11/2021","395.10","389.80","401.00","389.00","11.88M","+2.01%"
"10/08/2021","387.30","390.00","393.20","386.20","9.69M","-0.82%"
"10/07/2021","390.50","393.60","396.40","389.80","11.11M","-0.18%"
"10/06/2021","391.20","395.20","401.00","388.40","14.90M","-1.34%"
"10/05/2021","396.50","399.00","399.60","395.10","13.60M","-0.43%"
"10/04/2021","398.20","399.00","403.00","397.60","10.22M","-0.13%"
"10/01/2021","398.70","399.40","402.20","394.40","16.87M","-0.60%"
"09/30/2021","401.10","405.10","407.00","399.40","22.86M","-1.23%"
"09/29/2021","406.10","412.00","412.00","404.00","17.10M","-1.81%"
"09/28/2021","413.60","408.00","415.60","402.60","19.50M","+1.70%"
"09/27/2021","406.70","406.20","411.60","405.10","9.15M","+0.27%"
"09/24/2021","405.60","406.00","410.50","402.80","10.57M","+0.20%"
"09/23/2021","404.80","400.80","410.40","398.20","14.95M","+1.94%"
"09/22/2021","397.10","403.30","404.50","395.80","9.56M","-1.27%"
"09/21/2021","402.20","403.40","405.50","399.20","19.33M","+0.47%"
"09/20/2021","400.30","398.00","407.40","396.30","29.41M","-0.32%"
"09/17/2021","401.60","383.20","403.40","382.60","73.19M","+5.30%"
"09/16/2021","381.40","375.40","382.00","373.60","20.64M","+1.90%"
"09/15/2021","374.30","374.80","379.70","371.60","24.07M","+0.19%"
"09/14/2021","373.60","370.00","375.80","369.00","20.84M","+1.52%"
"09/13/2021","368.00","365.70","370.00","359.00","16.36M","+1.21%"
"09/09/2021","363.60","365.20","368.30","361.40","18.21M","+0.14%"
"09/08/2021","363.10","352.00","365.60","351.00","76.25M","+2.86%"
"09/07/2021","353.00","354.90","355.90","349.20","14.61M","-0.54%"
"09/06/2021","354.90","361.60","361.60","354.00","9.51M","-0.98%"
"09/03/2021","358.40","358.60","362.30","355.50","24.23M","+0.87%"
"09/02/2021","355.30","350.40","357.70","348.80","28.82M","+1.72%"
"09/01/2021","349.30","350.80","350.80","347.60","36.33M","-0.40%"
"08/31/2021","350.70","348.80","351.90","347.80","22.46M","+1.01%"
"08/30/2021","347.20","343.20","347.90","343.20","12.81M","+1.31%"
"08/27/2021","342.70","339.00","344.80","339.00","18.31M","+0.94%"
"08/26/2021","339.50","338.80","343.30","337.80","21.91M","+0.03%"
"08/25/2021","339.40","341.00","343.30","338.80","14.57M","-0.47%"
"08/24/2021","341.00","345.00","345.00","338.30","23.54M","-0.70%"
"08/23/2021","343.40","344.90","344.90","340.00","15.47M","+0.79%"
"08/20/2021","340.70","346.40","346.40","339.40","28.22M","-2.63%"
"08/18/2021","349.90","357.70","358.10","349.10","13.82M","-2.18%"
"08/17/2021","357.70","355.80","359.00","355.40","7.10M","+0.34%"
"08/16/2021","356.50","356.80","360.20","354.40","7.77M","-0.31%"
"08/13/2021","357.60","356.80","359.80","354.80","9.20M","+0.03%"
"08/12/2021","357.50","355.00","358.20","352.40","8.21M","+0.39%"
"08/11/2021","356.10","364.00","364.00","352.40","15.51M","-1.79%"
"08/10/2021","362.60","357.00","365.00","355.90","22.97M","+1.80%"
"08/09/2021","356.20","355.40","357.90","352.40","7.98M","+0.23%"
"08/06/2021","355.40","353.80","356.90","351.20","18.20M","+0.28%"
"08/05/2021","354.40","352.30","358.60","350.50","30.26M","+1.26%"
"08/04/2021","350.00","339.70","350.60","337.00","35.02M","+3.83%"
"08/03/2021","337.10","333.00","337.80","333.00","16.15M","+1.23%"
"08/02/2021","333.00","333.00","335.50","331.50","12.95M","+0.60%"
"07/30/2021","331.00","328.30","334.00","325.20","16.11M","+0.82%"
"07/29/2021","328.30","332.80","332.80","327.00","14.97M","-0.70%"
"07/28/2021","330.60","341.00","341.20","329.20","25.26M","-2.65%"
"07/27/2021","339.60","350.40","350.60","338.80","21.51M","-2.44%"
"07/26/2021","348.10","342.30","350.00","334.70","19.70M","+1.02%"
"07/23/2021","344.60","342.00","345.50","338.80","9.98M","+0.94%"
"07/22/2021","341.40","341.30","344.40","340.60","9.29M","+0.26%"
"07/20/2021","340.50","344.60","344.80","339.20","10.72M","-1.19%"
"07/19/2021","344.60","346.80","348.00","342.40","10.73M","-1.51%"
"07/16/2021","349.90","351.10","352.40","348.00","9.19M","-0.03%"
"07/15/2021","350.00","351.40","351.40","348.00","9.75M","+0.11%"
"07/14/2021","349.60","348.00","351.60","347.10","10.79M","+0.06%"
"07/13/2021","349.40","348.60","350.50","344.70","10.33M","+0.87%"
"07/12/2021","346.40","346.40","348.60","345.00","8.69M","+0.70%"
"07/09/2021","344.00","345.80","346.00","343.00","8.49M","-0.72%"
"07/08/2021","346.50","351.60","352.60","345.00","11.04M","-1.67%"
"07/07/2021","352.40","351.20","353.70","348.60","13.63M","+0.37%"
"07/06/2021","351.10","345.80","352.00","345.40","18.46M","+1.42%"
"07/05/2021","346.20","345.40","348.00","344.30","9.44M","+0.93%"
"07/02/2021","343.00","345.40","345.60","342.00","11.21M","-0.06%"
"07/01/2021","343.20","342.00","345.00","341.20","14.94M","+0.59%"
"06/30/2021","341.20","341.20","348.70","339.70","44.11M","+0.00%"
"06/29/2021","341.20","347.60","347.60","340.40","51.97M","-1.56%"
"06/28/2021","346.60","347.00","349.60","344.40","17.50M","-0.12%"
"06/25/2021","347.00","347.00","350.80","344.20","47.89M","-0.17%"
"06/24/2021","347.60","347.00","348.60","345.40","17.98M","+0.09%"
"06/23/2021","347.30","352.80","352.80","345.40","38.01M","-1.17%"
"06/22/2021","351.40","356.00","357.00","350.80","7.86M","-0.85%"
"06/21/2021","354.40","348.00","355.40","346.30","6.40M","+0.65%"
"06/18/2021","352.10","355.00","355.30","346.60","13.39M","-0.31%"
"06/17/2021","353.20","349.40","354.40","347.20","12.89M","+0.31%"
"06/16/2021","352.10","354.20","356.20","350.60","14.23M","-0.59%"
"06/15/2021","354.20","355.20","356.80","353.20","8.68M","+0.17%"
"06/14/2021","353.60","358.00","358.00","351.90","12.72M","-1.48%"
"06/11/2021","358.90","361.80","362.00","357.60","8.11M","-0.28%"
"06/10/2021","359.90","357.50","360.60","355.20","9.27M","+0.93%"
"06/09/2021","356.60","358.00","362.40","355.00","10.19M","-0.59%"
"06/08/2021","358.70","363.00","363.30","357.60","6.66M","-1.18%"
"06/07/2021","363.00","365.00","365.00","361.40","5.48M","+0.22%"
"06/04/2021","362.20","364.00","364.20","359.40","7.54M","-0.17%"
"06/03/2021","362.80","358.00","365.60","358.00","17.22M","+1.74%"
"06/02/2021","356.60","358.60","358.60","354.00","15.49M","-0.78%"
"06/01/2021","359.40","363.00","364.80","357.60","11.45M","-0.58%"
"05/31/2021","361.50","359.80","362.40","357.00","11.55M","+0.36%"
"05/28/2021","360.20","357.20","362.60","355.60","16.24M","+1.35%"
"05/27/2021","355.40","348.00","356.70","345.10","26.70M","+2.10%"
"05/26/2021","348.10","352.00","352.40","347.40","14.23M","-0.57%"
"05/25/2021","350.10","354.10","354.80","347.60","11.01M","-0.37%"
"05/24/2021","351.40","352.70","355.80","348.40","18.07M","-0.03%"
"05/21/2021","351.50","343.10","352.90","343.10","21.47M","+2.90%"
"05/20/2021","341.60","346.40","347.40","341.00","12.99M","-1.30%"
"05/19/2021","346.10","349.60","350.10","345.50","11.86M","-1.40%"
"05/18/2021","351.00","353.60","354.20","350.00","23.29M","+0.63%"
"05/17/2021","348.80","343.40","351.00","342.00","21.06M","+2.20%"
"05/14/2021","341.30","345.80","345.80","340.20","14.69M","-0.73%"
"05/12/2021","343.80","350.80","350.80","343.10","15.91M","-2.08%"
"05/11/2021","351.10","355.30","358.90","350.60","14.78M","-2.98%"
"05/10/2021","361.90","361.80","362.60","358.10","6.66M","+1.63%"
"05/07/2021","356.10","359.20","362.60","354.70","8.05M","-0.42%"
"05/06/2021","357.60","356.30","358.70","352.60","11.90M","+0.96%"
"05/05/2021","354.20","348.20","355.60","344.40","12.06M","+2.22%"
"05/04/2021","346.50","350.20","352.80","345.10","21.28M","+0.41%"
"05/03/2021","345.10","347.00","351.80","337.00","27.97M","-1.34%"
"04/30/2021","349.80","356.00","360.40","347.90","13.11M","-3.10%"
"04/29/2021","361.00","365.00","369.10","356.10","19.80M","-0.36%"
"04/28/2021","362.30","352.50","364.80","350.80","20.87M","+3.48%"
"04/27/2021","350.10","350.00","352.50","344.90","22.67M","-0.51%"
"04/26/2021","351.90","348.00","356.60","346.70","16.27M","+1.47%"
"04/23/2021","346.80","346.80","351.30","344.00","9.47M","-0.12%"
"04/22/2021","347.20","338.00","348.00","333.80","17.95M","+2.27%"
"04/20/2021","339.50","345.00","346.70","336.90","16.59M","-0.21%"
"04/19/2021","340.20","344.00","344.00","335.00","19.33M","-3.57%"
"04/16/2021","352.80","354.80","357.60","352.00","14.56M","-0.51%"
"04/15/2021","354.60","360.00","361.90","350.50","17.73M","-0.17%"
"04/13/2021","355.20","349.20","357.20","344.70","15.59M","+1.92%"
"04/12/2021","348.50","351.40","353.60","344.70","16.64M","-3.14%"
"04/09/2021","359.80","354.00","361.30","348.80","15.70M","+0.90%"
"04/08/2021","356.60","359.20","364.70","355.70","14.45M","-0.50%"
"04/07/2021","358.40","353.20","362.10","349.10","15.79M","+1.33%"
"04/06/2021","353.70","355.20","356.30","345.70","14.37M","+0.54%"
"04/05/2021","351.80","357.20","359.90","346.90","12.24M","-2.52%"
"04/01/2021","360.90","354.00","362.60","350.10","19.01M","+2.94%"
"03/31/2021","350.60","355.80","355.80","348.50","18.99M","-1.57%"
"03/30/2021","356.20","356.40","360.40","355.00","27.88M","+0.56%"
"03/26/2021","354.20","357.00","358.50","352.60","16.55M","+0.45%"
"03/25/2021","352.60","358.60","359.80","349.00","20.57M","-1.09%"
"03/24/2021","356.50","360.00","361.00","354.70","15.23M","-1.66%"
"03/23/2021","362.50","368.80","368.80","359.80","21.25M","-0.55%"
"03/22/2021","364.50","366.60","370.00","361.00","12.17M","-0.63%"
"03/19/2021","366.80","363.70","374.40","362.80","24.02M","+0.19%"
"03/18/2021","366.10","376.20","378.60","365.00","10.99M","-2.03%"
"03/17/2021","373.70","380.60","383.50","372.20","13.47M","-1.81%"
"03/16/2021","380.60","385.00","388.30","380.00","13.85M","-0.81%"
"03/15/2021","383.70","388.80","388.80","378.60","13.22M","-0.85%"
"03/12/2021","387.00","395.80","396.00","382.40","13.10M","-1.48%"
"03/10/2021","392.80","396.60","399.90","391.40","13.81M","-0.76%"
"03/09/2021","395.80","383.60","398.20","383.60","39.59M","+3.29%"
"03/08/2021","383.20","384.00","389.60","378.70","23.49M","-0.34%"
"03/05/2021","384.50","375.10","385.70","373.60","27.04M","+1.32%"
"03/04/2021","379.50","372.80","382.10","370.00","20.11M","-0.11%"
"03/03/2021","379.90","371.00","381.80","370.20","14.38M","+2.98%"
"03/02/2021","368.90","369.00","373.70","364.00","19.19M","-0.05%"
"03/01/2021","369.10","362.20","371.00","360.30","16.30M","+3.65%"
"02/26/2021","356.10","373.80","373.80","354.60","42.00M","-6.07%"
"02/25/2021","379.10","385.40","393.00","377.50","28.11M","-0.81%"
"02/24/2021","382.20","377.80","384.80","370.40","19.11M","+2.03%"
"02/23/2021","374.60","393.00","393.00","373.20","27.86M","-3.92%"
"02/22/2021","389.90","387.80","392.40","384.30","19.27M","+0.54%"
"02/19/2021","387.80","388.40","394.00","385.00","13.68M","-0.33%"
"02/18/2021","389.10","395.80","397.00","387.60","17.69M","-2.21%"
"02/17/2021","397.90","403.00","404.70","393.80","21.98M","-1.49%"
"02/16/2021","403.90","400.00","409.80","399.60","27.40M","+1.69%"
"02/15/2021","397.20","392.00","399.80","391.40","14.65M","+1.79%"
"02/12/2021","390.20","392.00","395.00","389.20","8.45M","-0.51%"
"02/11/2021","392.20","389.80","397.00","388.20","11.23M","+0.46%"
"02/10/2021","390.40","390.00","392.60","387.40","14.30M","+0.15%"
"02/09/2021","389.80","392.00","395.00","387.60","11.15M","-0.41%"
"02/08/2021","391.40","400.00","406.00","390.30","20.11M","-1.29%"
"02/05/2021","396.50","383.00","399.70","382.60","81.34M","+3.77%"
"02/04/2021","382.10","367.80","383.00","366.20","48.21M","+3.16%"
"02/03/2021","370.40","374.00","376.60","364.00","21.45M","-0.51%"
"02/02/2021","372.30","366.00","375.80","360.00","29.36M","+3.33%"
"02/01/2021","360.30","346.00","362.00","339.20","24.15M","+5.17%"
"01/29/2021","342.60","350.00","350.00","340.80","25.70M","-0.58%"
"01/28/2021","344.60","346.20","352.90","340.20","30.18M","-2.35%"
"01/27/2021","352.90","359.60","364.70","349.30","39.46M","-1.67%"
"01/25/2021","358.90","369.00","373.50","355.00","33.05M","-1.83%"
"01/22/2021","365.60","370.00","375.00","364.90","21.49M","-1.61%"
"01/21/2021","371.60","380.00","381.00","369.20","28.34M","-1.35%"
"01/20/2021","376.70","378.00","378.00","373.90","15.21M","-0.19%"
"01/19/2021","377.40","371.20","378.40","369.00","24.03M","+2.17%"
"01/18/2021","369.40","374.10","374.40","367.80","25.02M","-0.91%"
"01/15/2021","372.80","378.80","380.80","370.80","13.58M","-1.51%"
"01/14/2021","378.50","378.40","381.00","374.20","24.02M","+0.56%"
"01/13/2021","376.40","382.20","382.20","375.40","27.92M","-1.13%"
"01/12/2021","380.70","386.00","386.00","379.20","30.18M","-1.78%"
"01/11/2021","387.60","392.00","393.40","387.10","14.98M","-1.65%"
"01/08/2021","394.10","394.40","395.20","389.20","16.31M","+0.92%"
"01/07/2021","390.50","396.80","396.80","389.50","17.10M","-0.91%"
"01/06/2021","394.10","394.80","395.80","389.70","17.26M","+0.54%"
"01/05/2021","392.00","391.90","392.90","387.00","16.32M","-0.28%"
"01/04/2021","393.10","400.80","401.20","391.00","15.71M","-1.43%"
"01/01/2021","398.80","399.40","401.60","398.10","5.53M","-0.08%"
"12/31/2020","399.10","403.30","403.80","397.40","13.97M","-1.11%"
"12/30/2020","403.60","400.60","405.40","399.80","13.29M","+0.93%"
"12/29/2020","399.90","396.60","403.40","396.60","15.76M","+0.53%"
"12/28/2020","397.80","392.60","399.20","392.40","13.72M","+1.45%"
"12/24/2020","392.10","383.60","395.60","383.40","16.69M","+2.06%"
"12/23/2020","384.20","380.20","385.00","378.50","11.70M","+0.95%"
"12/22/2020","380.60","386.00","386.00","377.20","25.37M","-0.94%"
"12/21/2020","384.20","387.00","391.80","381.50","19.71M","-1.46%"
"12/18/2020","389.90","392.80","392.80","384.30","16.86M","-0.81%"
"12/17/2020","393.10","393.00","393.80","388.50","17.30M","+0.67%"
"12/16/2020","390.50","393.00","393.00","387.30","13.82M","+0.08%"
"12/15/2020","390.20","389.60","391.60","383.90","20.71M","+0.59%"
"12/14/2020","387.90","386.80","389.40","379.80","17.28M","+0.99%"
"12/11/2020","384.10","378.70","385.70","378.70","27.33M","+0.89%"
"12/10/2020","380.70","380.00","384.00","372.00","23.48M","+1.06%"
"12/09/2020","376.70","367.20","377.80","367.20","21.85M","+2.70%"
"12/08/2020","366.80","366.50","367.80","363.40","19.77M","+0.74%"
"12/07/2020","364.10","369.90","371.20","361.00","30.16M","-1.38%"
"12/04/2020","369.20","365.60","371.40","360.50","19.95M","+1.37%"
"12/03/2020","364.20","367.20","368.80","362.30","22.31M","+0.39%"
"12/02/2020","362.80","376.00","376.70","361.80","37.29M","-3.30%"
"12/01/2020","375.20","386.00","386.00","372.90","39.78M","-1.63%"
"11/27/2020","381.40","379.00","385.00","369.40","393.51M","+0.95%"
"11/26/2020","377.80","375.00","380.00","370.00","34.32M","+1.42%"
"11/25/2020","372.50","387.80","387.80","370.60","34.19M","-3.25%"
"11/24/2020","385.00","379.20","389.70","378.20","44.75M","+1.42%"
"11/23/2020","379.60","378.50","381.10","374.20","52.22M","+0.45%"
"11/20/2020","377.90","364.00","379.80","362.40","45.58M","+3.45%"
"11/19/2020","365.30","363.80","372.10","363.20","43.59M","-0.22%"
"11/18/2020","366.10","358.30","370.00","356.80","30.88M","+1.89%"
"11/17/2020","359.30","354.40","360.40","352.90","29.13M","+1.47%"
"11/14/2020","354.10","354.80","355.00","353.00","1.55M","+0.40%"
"11/13/2020","352.70","350.00","355.00","344.10","31.32M","+0.48%"
"11/12/2020","351.00","359.80","359.80","349.70","33.88M","-2.93%"
"11/11/2020","361.60","354.80","363.70","352.00","52.67M","+3.14%"
"11/10/2020","350.60","346.20","358.90","345.10","40.02M","+1.45%"
"11/09/2020","345.60","346.00","350.40","340.10","26.05M","+0.58%"
"11/06/2020","343.60","332.00","345.00","330.00","29.79M","+2.54%"
"11/05/2020","335.10","328.60","336.00","326.40","30.37M","+2.76%"
"11/04/2020","326.10","317.80","327.20","315.60","25.44M","+2.32%"
"11/03/2020","318.70","316.20","320.30","314.00","26.30M","+0.82%"
"11/02/2020","316.10","311.00","321.00","307.00","28.56M","+2.13%"
"10/30/2020","309.50","314.80","314.90","303.70","21.01M","-1.50%"
"10/29/2020","314.20","306.40","317.80","305.00","36.43M","+1.26%"
"10/28/2020","310.30","315.00","315.00","308.20","36.23M","-2.27%"
"10/27/2020","317.50","290.50","320.40","290.50","165.84M","+12.03%"
"10/26/2020","283.40","279.80","285.80","269.50","40.11M","+2.46%"
"10/23/2020","276.60","280.00","281.50","275.60","11.93M","-0.72%"
"10/22/2020","278.60","277.60","281.00","275.50","18.05M","-0.04%"
"10/21/2020","278.70","275.00","280.00","271.70","21.40M","+1.79%"
"10/20/2020","273.80","274.30","277.20","271.10","16.14M","-0.54%"
"10/19/2020","275.30","270.00","276.00","266.70","19.86M","+2.99%"
"10/16/2020","267.30","261.70","268.70","261.70","11.79M","+2.06%"
"10/15/2020","261.90","270.70","273.20","260.20","17.48M","-3.25%"
"10/14/2020","270.70","267.00","271.60","264.80","16.79M","+0.63%"
"10/13/2020","269.00","263.90","269.90","261.40","24.36M","+2.44%"
"10/12/2020","262.60","265.60","271.60","261.50","25.88M","-0.53%"
"10/09/2020","264.00","264.60","267.60","261.10","26.56M","+0.00%"
"10/08/2020","264.00","265.30","268.20","262.20","25.86M","-0.34%"
"10/07/2020","264.90","268.00","268.00","264.40","14.17M","-1.01%"
"10/06/2020","267.60","265.00","268.40","262.20","13.16M","+1.79%"
"10/05/2020","262.90","262.00","266.70","261.70","19.30M","+0.73%"
"10/01/2020","261.00","256.00","262.00","255.80","15.81M","+2.92%"
"09/30/2020","253.60","252.60","255.40","250.40","14.75M","+0.40%"
"09/29/2020","252.60","257.40","258.60","251.80","11.75M","-1.21%"
"09/28/2020","255.70","251.60","256.80","250.70","9.46M","+2.04%"
"09/25/2020","250.60","251.00","251.70","246.10","18.20M","+0.56%"
"09/24/2020","249.20","253.40","257.00","247.20","28.08M","-2.31%"
"09/23/2020","255.10","256.00","257.50","253.00","14.18M","+0.39%"
"09/22/2020","254.10","257.60","260.30","252.30","21.19M","-1.36%"
"09/21/2020","257.60","255.20","263.90","254.60","34.30M","+0.86%"
"09/18/2020","255.40","262.60","262.80","252.50","32.65M","-2.15%"
"09/17/2020","261.00","263.00","265.30","260.20","16.55M","-1.55%"
"09/16/2020","265.10","264.80","266.40","260.10","16.43M","+0.11%"
"09/15/2020","264.80","261.60","265.80","257.80","25.15M","+1.49%"
"09/14/2020","260.90","267.40","269.60","260.00","19.46M","-1.95%"
"09/11/2020","266.10","263.40","267.20","262.20","17.50M","+0.83%"
"09/10/2020","263.90","266.00","268.60","263.00","16.45M","-0.49%"
"09/09/2020","265.20","268.60","270.00","262.60","17.22M","-1.81%"
"09/08/2020","270.10","274.40","274.40","269.50","14.12M","-1.35%"
"09/07/2020","273.80","275.80","275.80","271.30","11.61M","-0.80%"
"09/04/2020","276.00","276.00","278.90","270.80","20.51M","-1.18%"
"09/03/2020","279.30","286.80","287.40","278.00","11.98M","-1.90%"
"09/02/2020","284.70","285.00","287.50","281.40","16.63M","-0.49%"
"09/01/2020","286.10","284.00","288.40","277.20","21.29M","+2.07%"
"08/31/2020","280.30","297.60","300.30","274.80","34.87M","-4.46%"
"08/28/2020","293.40","282.00","294.80","280.20","53.23M","+3.31%"
"08/27/2020","284.00","288.20","289.20","282.30","21.42M","-1.15%"
"08/26/2020","287.30","282.00","288.30","280.60","28.59M","+2.61%"
"08/25/2020","280.00","278.40","281.00","276.10","22.81M","+0.94%"
"08/24/2020","277.40","269.50","279.30","268.50","30.15M","+3.55%"
"08/21/2020","267.90","268.40","270.40","266.20","12.43M","+0.07%"
"08/20/2020","267.70","268.60","270.00","266.00","14.21M","-1.25%"
"08/19/2020","271.10","274.50","276.20","270.00","16.99M","-1.02%"
"08/18/2020","273.90","263.70","275.00","263.60","21.31M","+3.16%"
"08/17/2020","265.50","264.00","266.70","262.40","14.16M","+1.53%"
"08/14/2020","261.50","267.50","269.40","260.50","16.66M","-2.13%"
"08/13/2020","267.20","268.40","271.70","266.80","16.66M","+0.07%"
"08/12/2020","267.00","270.00","271.00","266.70","19.20M","-2.16%"
"08/11/2020","272.90","274.60","277.00","271.40","12.51M","+0.33%"
"08/10/2020","272.00","269.80","276.00","269.20","14.80M","+1.30%"
"08/07/2020","268.50","268.30","269.60","264.60","14.04M","+0.19%"
"08/06/2020","268.00","269.00","273.50","266.10","18.39M","+0.45%"
"08/05/2020","266.80","266.40","270.60","264.40","17.38M","+0.76%"
"08/04/2020","264.80","264.00","266.30","260.40","24.73M","+1.18%"
"08/03/2020","261.70","271.20","271.20","260.00","26.21M","-4.21%"
"07/31/2020","273.20","275.00","278.00","270.10","16.12M","-1.37%"
"07/30/2020","277.00","279.00","284.90","275.20","30.49M","-0.32%"
"07/29/2020","277.90","277.00","279.60","269.20","20.34M","+0.40%"
"07/28/2020","276.80","266.00","280.40","263.90","33.76M","+4.65%"
"07/27/2020","264.50","273.00","275.90","262.00","37.80M","-2.04%"
"07/24/2020","270.00","272.00","273.00","268.30","15.56M","-1.75%"
"07/23/2020","274.80","268.00","276.00","267.10","21.54M","+2.35%"
"07/22/2020","268.50","273.00","273.30","266.20","20.86M","-1.21%"
"07/21/2020","271.80","265.00","272.60","265.00","22.02M","+3.03%"
"07/20/2020","263.80","266.00","267.30","261.80","17.41M","-0.64%"
"07/17/2020","265.50","263.40","267.60","260.20","21.00M","+0.38%"
"07/16/2020","264.50","257.70","265.60","253.40","21.02M","+2.52%"
"07/15/2020","258.00","261.30","262.40","256.00","21.86M","-0.65%"
"07/14/2020","259.70","265.80","266.30","258.70","14.58M","-2.77%"
"07/13/2020","267.10","272.00","273.00","264.80","16.78M","-1.04%"
"07/10/2020","269.90","272.70","275.00","269.10","15.09M","-1.35%"
"07/09/2020","273.60","271.20","274.90","269.60","17.23M","+1.11%"
"07/08/2020","270.60","273.60","275.80","269.60","16.92M","-1.10%"
"07/07/2020","273.60","274.00","274.90","270.30","17.87M","+0.00%"
"07/06/2020","273.60","274.00","276.20","272.20","16.24M","+1.03%"
"07/03/2020","270.80","272.00","273.70","270.00","13.84M","+0.15%"
"07/02/2020","270.40","271.60","274.40","268.50","24.97M","-0.37%"
"07/01/2020","271.40","263.80","273.00","263.20","44.70M","-0.26%"
"06/30/2020","272.10","273.00","274.60","269.00","23.92M","+0.37%"
"06/29/2020","271.10","267.20","273.40","262.60","19.10M","+1.16%"
"06/26/2020","268.00","276.00","276.60","265.40","33.47M","-3.00%"
"06/25/2020","276.30","267.40","278.00","265.00","49.93M","+2.79%"
"06/24/2020","268.80","278.40","279.60","267.40","26.66M","-3.31%"
"06/23/2020","278.00","271.00","279.10","270.00","23.35M","+2.55%"
"06/22/2020","271.10","262.00","277.00","259.20","38.17M","+4.07%"
"06/19/2020","260.50","260.80","263.20","255.30","42.46M","-0.08%"
"06/18/2020","260.70","248.00","262.00","245.70","33.36M","+4.78%"
"06/17/2020","248.80","253.90","257.00","247.30","27.15M","-2.58%"
"06/16/2020","255.40","255.20","259.20","247.60","26.33M","+2.24%"
"06/15/2020","249.80","254.00","254.20","247.40","37.77M","-2.42%"
"06/12/2020","256.00","248.00","257.90","246.30","44.96M","-1.42%"
"06/11/2020","259.70","266.80","266.90","257.80","21.88M","-2.52%"
"06/10/2020","266.40","260.90","268.90","260.70","24.38M","+2.15%"
"06/09/2020","260.80","268.40","272.00","259.80","27.39M","-2.47%"
"06/08/2020","267.40","271.00","273.00","263.10","26.51M","-0.07%"
"06/05/2020","267.60","268.80","271.60","264.20","28.44M","+0.26%"
"06/04/2020","266.90","276.00","276.00","266.10","30.02M","-3.75%"
"06/03/2020","277.30","272.80","285.60","268.40","61.72M","+3.24%"
"06/02/2020","268.60","264.60","270.60","259.60","86.60M","+7.57%"
"06/01/2020","249.70","249.80","255.80","247.60","34.72M","+2.00%"
"05/29/2020","244.80","243.30","246.00","240.00","27.49M","-0.45%"
"05/28/2020","245.90","244.80","251.00","241.90","53.55M","+0.99%"
"05/27/2020","243.50","232.80","248.60","232.20","58.73M","+5.59%"
"05/26/2020","230.60","232.00","235.00","228.90","27.35M","-0.60%"
"05/22/2020","232.00","228.00","233.40","223.30","25.95M","+0.87%"
"05/21/2020","230.00","233.00","237.90","228.90","29.89M","-0.86%"
"05/20/2020","232.00","226.00","235.60","223.00","26.27M","+2.61%"
"05/19/2020","226.10","230.00","234.00","225.10","31.92M","+1.53%"
"05/18/2020","222.70","235.00","235.20","222.00","31.99M","-5.52%"
"05/15/2020","235.70","236.00","238.00","230.80","19.32M","+0.47%"
"05/14/2020","234.60","235.80","242.80","233.40","35.50M","-1.14%"
"05/13/2020","237.30","243.00","244.00","234.50","59.57M","+2.55%"
"05/12/2020","231.40","235.60","235.60","227.40","51.34M","-2.65%"
"05/11/2020","237.70","248.10","250.50","237.00","23.37M","-2.38%"
"05/08/2020","243.50","244.40","248.60","242.20","17.56M","+1.46%"
"05/07/2020","240.00","246.10","248.00","236.80","34.22M","-3.69%"
"05/06/2020","249.20","246.20","255.50","242.80","23.02M","+0.61%"
"05/05/2020","247.70","259.40","260.60","245.00","25.02M","-3.09%"
"05/04/2020","255.60","259.00","261.20","252.70","25.48M","-5.82%"
"04/30/2020","271.40","268.00","276.00","266.80","31.36M","+2.18%"
"04/29/2020","265.60","265.40","270.40","263.00","33.52M","+0.11%"
"04/28/2020","265.30","262.00","267.30","262.00","33.39M","+1.76%"
"04/27/2020","260.70","250.40","265.00","250.40","38.86M","+5.16%"
"04/24/2020","247.90","243.80","251.60","242.70","33.92M","-0.80%"
"04/23/2020","249.90","234.40","251.00","231.60","52.79M","+8.46%"
"04/22/2020","230.40","225.40","233.40","221.60","34.82M","+1.95%"
"04/21/2020","226.00","230.00","231.00","225.00","24.00M","-4.07%"
"04/20/2020","235.60","244.00","244.90","234.40","32.80M","-0.67%"
"04/17/2020","237.20","237.50","239.60","227.00","42.93M","+4.86%"
"04/16/2020","226.20","233.00","233.00","222.90","55.28M","-3.66%"
"04/15/2020","234.80","253.20","254.20","230.70","45.23M","-6.16%"
"04/13/2020","250.20","250.00","251.40","243.20","21.25M","-1.73%"
"04/09/2020","254.60","243.00","256.20","238.00","40.49M","+7.20%"
"04/08/2020","237.50","237.00","248.50","232.10","37.03M","-0.88%"
"04/07/2020","239.60","244.20","245.80","234.20","42.76M","+5.00%"
"04/03/2020","228.20","236.30","236.60","217.40","50.56M","-3.43%"
"04/01/2020","236.30","259.00","259.00","231.60","54.19M","-8.83%"
"03/31/2020","259.20","265.70","266.00","257.00","22.38M","+0.19%"
"03/30/2020","258.70","269.00","276.00","255.20","27.85M","-7.54%"
"03/27/2020","279.80","287.20","290.00","274.90","51.13M","+1.89%"
"03/26/2020","274.60","260.00","278.00","250.60","36.27M","+6.43%"
"03/25/2020","258.00","228.00","264.80","225.00","32.25M","+11.88%"
"03/24/2020","230.60","230.60","237.00","208.20","36.86M","+5.01%"
"03/23/2020","219.60","227.50","240.90","215.60","33.47M","-13.03%"
"03/20/2020","252.50","243.40","256.70","229.30","51.90M","+4.25%"
"03/19/2020","242.20","219.00","250.70","200.20","49.59M","+3.33%"
"03/18/2020","234.40","265.20","265.80","232.40","55.84M","-11.38%"
"03/17/2020","264.50","278.40","280.60","260.60","24.11M","-4.41%"
"03/16/2020","276.70","283.40","289.00","275.00","32.90M","-5.88%"
"03/13/2020","294.00","280.00","301.00","234.40","57.04M","+0.34%"
"03/12/2020","293.00","302.00","309.30","270.20","39.04M","-7.83%"
"03/11/2020","317.90","315.20","321.00","308.50","23.57M","+0.73%"
"03/09/2020","315.60","319.00","322.00","308.50","27.68M","-3.25%"
"03/06/2020","326.20","321.00","328.80","319.60","17.71M","-1.24%"
"03/05/2020","330.30","323.00","335.30","321.60","25.30M","+2.71%"
"03/04/2020","321.60","326.40","326.60","315.50","12.65M","-1.14%"
"03/03/2020","325.30","320.80","327.30","317.40","14.59M","+1.72%"
"03/02/2020","319.80","326.20","327.50","316.80","23.81M","-1.33%"
"02/28/2020","324.10","331.00","332.00","322.80","18.72M","-3.71%"
"02/27/2020","336.60","333.20","337.80","332.10","13.45M","+0.99%"
"02/26/2020","333.30","334.00","335.50","331.40","12.93M","-0.57%"
"02/25/2020","335.20","335.20","337.90","333.70","7.68M","-0.12%"
"02/24/2020","335.60","334.40","336.80","332.50","9.63M","-0.47%"
"02/20/2020","337.20","339.50","339.80","335.20","10.50M","-0.88%"
"02/19/2020","340.20","348.00","348.00","339.10","15.84M","+0.59%"
"02/18/2020","338.20","336.50","340.00","335.70","11.10M","+0.00%"
"02/17/2020","338.20","337.00","339.80","334.40","9.06M","+0.59%"
"02/14/2020","336.20","339.20","340.60","332.70","9.46M","-0.53%"
"02/13/2020","338.00","342.90","342.90","336.50","11.23M","-1.46%"
"02/12/2020","343.00","336.00","344.00","335.00","15.05M","+2.24%"
"02/11/2020","335.50","336.50","337.20","333.30","9.57M","+0.48%"
"02/10/2020","333.90","332.00","334.90","329.10","6.78M","+1.00%"
"02/07/2020","330.60","335.20","335.60","328.80","11.45M","-1.25%"
"02/06/2020","334.80","338.80","339.60","333.60","12.66M","-0.95%"
"02/05/2020","338.00","340.40","341.50","335.40","10.48M","-0.50%"
"02/04/2020","339.70","336.80","340.60","334.00","10.35M","+1.34%"
"02/03/2020","335.20","329.10","336.20","326.80","12.55M","+1.70%"
"02/01/2020","329.60","336.80","337.90","326.00","11.32M","-2.60%"
"01/31/2020","338.40","341.90","345.80","336.60","47.48M","+3.93%"
"01/30/2020","325.60","327.60","328.10","323.50","7.95M","-0.76%"
"01/29/2020","328.10","326.60","329.20","324.60","11.14M","+0.89%"
"01/28/2020","325.20","324.00","327.60","322.00","9.91M","+0.46%"
"01/27/2020","323.70","325.70","325.80","321.70","9.37M","-1.49%"
"01/24/2020","328.60","321.10","329.80","317.40","21.26M","+2.30%"
"01/23/2020","321.20","317.60","321.70","316.30","17.48M","+1.29%"
"01/22/2020","317.10","326.60","327.60","315.20","27.40M","-2.43%"
"01/21/2020","325.00","321.00","326.10","317.00","28.73M","+0.43%"
"01/20/2020","323.60","341.80","341.80","322.20","40.02M","-4.71%"
"01/17/2020","339.60","340.80","341.20","338.00","11.48M","-0.21%"
"01/16/2020","340.30","335.80","341.10","335.80","16.61M","+1.55%"
"01/15/2020","335.10","335.20","337.30","333.20","12.45M","-0.09%"
"01/14/2020","335.40","339.20","339.20","334.20","10.68M","-0.83%"
"01/13/2020","338.20","338.40","340.90","337.10","9.04M","+0.39%"
"01/10/2020","336.90","334.80","338.40","334.20","12.68M","+1.17%"
"01/09/2020","333.00","334.70","334.80","331.70","13.34M","+0.60%"
"01/08/2020","331.00","330.90","332.30","327.60","15.63M","-0.96%"
"01/07/2020","334.20","332.20","335.00","330.10","12.49M","+1.12%"
"01/06/2020","330.50","331.40","331.50","327.70","7.40M","-0.27%"
"01/03/2020","331.40","334.20","334.60","329.10","7.97M","-0.87%"
"01/02/2020","334.30","336.00","336.70","332.90","9.26M","-0.15%"
"01/01/2020","334.80","337.80","339.40","334.40","7.38M","-0.62%"
"12/31/2019","336.90","338.10","338.20","334.10","9.85M","-0.35%"
"12/30/2019","338.10","338.00","341.40","337.10","9.34M","+0.30%"
"12/27/2019","337.10","341.00","341.00","336.30","7.65M","-0.50%"
"12/26/2019","338.80","342.20","343.00","337.90","8.23M","-1.02%"
"12/24/2019","342.30","341.00","343.30","340.00","8.51M","+0.38%"
"12/23/2019","341.00","339.80","342.20","339.00","8.73M","+0.74%"
"12/20/2019","338.50","344.60","344.90","337.50","15.29M","-2.14%"
"12/19/2019","345.90","345.00","347.00","343.10","13.51M","+0.29%"
"12/18/2019","344.90","343.80","345.20","341.30","22.96M","+0.64%"
"12/17/2019","342.70","343.20","344.30","341.70","13.23M","+0.56%"
"12/16/2019","340.80","338.80","346.00","338.80","18.31M","+0.65%"
"12/13/2019","338.60","343.20","343.80","337.40","17.64M","-1.31%"
"12/12/2019","343.10","338.00","344.00","336.40","13.48M","+1.72%"
"12/11/2019","337.30","333.20","338.20","331.80","10.15M","+1.44%"
"12/10/2019","332.50","333.00","333.20","330.20","7.07M","+0.21%"
"12/09/2019","331.80","335.60","335.80","331.30","9.47M","-0.93%"
"12/06/2019","334.90","330.00","336.00","328.70","19.00M","+1.52%"
"12/05/2019","329.90","330.20","332.00","328.10","14.68M","-0.09%"
"12/04/2019","330.20","328.70","332.00","326.60","13.52M","+0.24%"
"12/03/2019","329.40","326.90","330.00","326.30","11.61M","+0.86%"
"12/02/2019","326.60","322.90","327.30","320.00","11.45M","+1.11%"
"11/29/2019","323.00","322.00","324.40","318.50","8.65M","+0.00%"
"11/28/2019","323.00","323.40","325.20","321.40","11.19M","-0.19%"
"11/27/2019","323.60","321.00","324.80","320.30","10.20M","+0.84%"
"11/26/2019","320.90","320.20","322.10","318.30","7.78M","+0.06%"
"11/25/2019","320.70","314.80","321.20","314.00","10.09M","+2.20%"
"11/22/2019","313.80","318.40","318.80","313.00","9.31M","-1.63%"
"11/21/2019","319.00","320.70","321.00","317.50","8.37M","-0.28%"
"11/20/2019","319.90","324.60","324.80","319.20","7.81M","-1.51%"
"11/19/2019","324.80","326.00","326.20","322.80","7.98M","-0.18%"
"11/18/2019","325.40","325.30","327.00","323.30","10.07M","+0.25%"
"11/15/2019","324.60","321.20","325.80","320.50","10.34M","+1.60%"
"11/14/2019","319.50","321.20","322.10","316.80","13.20M","-0.53%"
"11/13/2019","321.20","323.40","325.60","320.20","13.02M","-0.68%"
"11/11/2019","323.40","319.00","323.90","318.40","14.62M","+1.06%"
"11/08/2019","320.00","315.80","321.20","314.40","19.57M","+1.01%"
"11/07/2019","316.80","315.40","317.40","311.80","12.56M","+0.83%"
"11/06/2019","314.20","311.30","317.60","308.20","11.24M","+1.09%"
"11/05/2019","310.80","313.70","314.00","310.10","11.32M","-1.08%"
"11/04/2019","314.20","316.80","319.40","313.00","7.17M","-0.57%"
"11/01/2019","316.00","314.40","317.20","312.60","11.10M","+0.35%"
"10/31/2019","314.90","316.80","321.00","313.20","12.41M","-0.28%"
"10/30/2019","315.80","316.00","317.70","314.80","8.39M","+0.22%"
"10/29/2019","315.10","319.50","319.50","313.60","15.01M","-1.10%"
"10/27/2019","318.60","318.80","320.20","318.00","988.17K","+0.28%"
"10/25/2019","317.70","322.80","322.80","313.80","14.34M","-1.52%"
"10/24/2019","322.60","324.00","326.00","319.50","8.00M","-0.03%"
"10/23/2019","322.70","326.00","327.70","320.70","15.43M","-0.95%"
"10/22/2019","325.80","325.40","328.60","318.40","24.48M","+0.87%"
"10/18/2019","323.00","320.80","323.90","318.20","11.79M","+0.65%"
"10/17/2019","320.90","322.00","322.70","317.30","10.38M","-0.06%"
"10/16/2019","321.10","323.00","324.70","318.50","13.43M","-0.62%"
"10/15/2019","323.10","319.10","325.90","315.50","13.53M","+1.89%"
"10/14/2019","317.10","319.60","321.80","315.20","10.05M","-0.16%"
"10/11/2019","317.60","319.00","325.00","315.00","12.13M","+0.19%"
"10/10/2019","317.00","320.00","321.50","313.40","7.85M","-1.71%"
"10/09/2019","322.50","311.90","325.60","309.60","12.99M","+3.66%"
"10/07/2019","311.10","312.60","318.70","309.90","15.23M","-0.48%"
"10/04/2019","312.60","326.00","326.70","311.50","27.44M","-3.28%"
"10/03/2019","323.20","328.80","328.80","321.40","13.27M","-1.94%"
"10/01/2019","329.60","327.80","331.40","324.70","14.63M","+0.21%"
"09/30/2019","328.90","327.00","332.40","322.90","16.79M","+0.06%"
"09/27/2019","328.70","323.20","329.90","321.20","12.91M","+1.01%"
"09/26/2019","325.40","321.40","336.80","321.00","21.54M","+1.59%"
"09/25/2019","320.30","323.40","323.40","316.10","17.84M","-1.02%"
"09/24/2019","323.60","326.70","328.30","318.00","18.85M","-1.37%"
"09/23/2019","328.10","315.00","330.40","305.80","34.27M","+6.60%"
"09/20/2019","307.80","291.00","319.80","290.10","35.80M","+5.96%"
"09/19/2019","290.50","293.00","293.00","289.00","7.25M","-0.85%"
"09/18/2019","293.00","290.00","295.80","290.00","9.27M","+1.14%"
"09/17/2019","289.70","294.20","296.20","288.80","6.77M","-1.80%"
"09/16/2019","295.00","294.80","298.40","293.00","9.29M","-0.61%"
"09/13/2019","296.80","291.40","297.20","289.40","8.84M","+1.82%"
"09/12/2019","291.50","296.00","296.70","290.40","12.12M","-1.19%"
"09/11/2019","295.00","294.30","295.80","291.80","13.02M","+0.24%"
"09/09/2019","294.30","287.80","294.90","284.80","16.06M","+2.08%"
"09/06/2019","288.30","282.50","288.90","282.50","11.23M","+2.23%"
"09/05/2019","282.00","286.40","288.40","281.10","11.91M","-1.16%"
"09/04/2019","285.30","282.80","287.60","279.70","12.10M","+0.85%"
"09/03/2019","282.90","285.80","285.80","281.00","13.76M","-1.19%"
"08/30/2019","286.30","289.60","291.90","284.60","23.59M","-1.34%"
"08/29/2019","290.20","295.90","295.90","289.40","19.66M","-2.19%"
"08/28/2019","296.70","299.80","300.20","294.70","11.46M","-1.20%"
"08/27/2019","300.30","302.80","304.60","298.90","13.70M","-0.76%"
"08/26/2019","302.60","300.00","303.90","290.60","10.94M","+2.93%"
"08/23/2019","294.00","296.00","297.40","289.20","18.08M","-0.54%"
"08/22/2019","295.60","300.80","302.00","294.50","9.37M","-1.86%"
"08/21/2019","301.20","300.80","303.60","299.20","7.42M","+0.07%"
"08/20/2019","301.00","298.10","302.20","296.50","8.62M","+0.57%"
"08/19/2019","299.30","301.00","303.90","298.10","7.74M","-0.17%"
"08/16/2019","299.80","297.80","301.30","295.50","10.85M","+0.47%"
"08/14/2019","298.40","303.00","303.10","295.90","11.77M","-1.29%"
"08/13/2019","302.30","305.00","306.80","301.00","13.83M","-1.34%"
"08/09/2019","306.40","301.20","307.10","300.80","12.23M","+1.93%"
"08/08/2019","300.60","297.00","302.00","293.40","9.66M","+1.79%"
"08/07/2019","295.30","298.80","299.90","293.10","11.81M","-0.61%"
"08/06/2019","297.10","290.90","298.80","290.30","14.15M","+1.75%"
"08/05/2019","292.00","299.00","299.00","291.00","19.32M","-3.15%"
"08/02/2019","301.50","297.60","303.00","294.00","19.35M","+0.77%"
"08/01/2019","299.20","301.20","303.80","297.20","11.29M","-1.55%"
"07/31/2019","303.90","298.00","306.90","296.20","14.74M","+1.40%"
"07/30/2019","299.70","301.00","301.90","296.80","8.72M","-0.27%"
"07/29/2019","300.50","302.80","304.90","299.40","10.50M","-0.63%"
"07/26/2019","302.40","298.00","303.60","295.40","8.41M","+1.82%"
"07/25/2019","297.00","298.40","300.80","296.00","14.19M","-0.80%"
"07/24/2019","299.40","298.60","302.00","295.30","14.69M","+0.20%"
"07/23/2019","298.80","292.00","302.40","291.00","38.30M","+2.72%"
"07/22/2019","290.90","298.60","299.40","288.40","17.12M","-2.97%"
"07/19/2019","299.80","308.00","308.20","298.00","10.47M","-2.54%"
"07/18/2019","307.60","306.30","308.60","305.20","11.33M","+0.23%"
"07/17/2019","306.90","300.40","309.40","299.40","31.01M","+2.20%"
"07/16/2019","300.30","301.60","302.30","298.00","6.76M","-0.43%"
"07/15/2019","301.60","297.80","302.20","295.70","8.76M","+1.65%"
"07/12/2019","296.70","297.40","298.90","295.20","10.36M","-0.10%"
"07/11/2019","297.00","295.80","298.80","294.40","7.99M","+0.61%"
"07/10/2019","295.20","292.60","296.40","292.20","10.90M","+0.89%"
"07/09/2019","292.60","294.20","294.60","288.00","11.49M","-0.85%"
"07/08/2019","295.10","302.70","302.70","294.00","8.96M","-2.74%"
"07/05/2019","303.40","301.00","304.00","300.00","14.84M","+1.27%"
"07/04/2019","299.60","295.00","301.00","295.00","15.13M","+1.56%"
"07/03/2019","295.00","294.80","296.40","292.50","13.24M","+0.24%"
"07/02/2019","294.30","296.80","297.40","293.40","9.02M","-0.64%"
"07/01/2019","296.20","297.40","298.20","293.90","9.52M","+0.27%"
"06/28/2019","295.40","297.00","297.20","294.30","9.07M","-0.30%"
"06/27/2019","296.30","300.00","301.30","295.50","19.30M","-0.60%"
"06/26/2019","298.10","297.00","299.20","295.10","11.05M","+0.44%"
"06/25/2019","296.80","294.40","298.20","293.40","10.26M","+0.92%"
"06/24/2019","294.10","297.80","299.50","292.90","10.13M","-1.31%"
"06/21/2019","298.00","303.20","303.20","296.60","6.07M","-1.88%"
"06/20/2019","303.70","300.10","304.00","299.40","12.84M","+1.37%"
"06/19/2019","299.60","294.60","301.00","294.40","19.46M","+2.46%"
"06/18/2019","292.40","293.00","294.90","291.00","12.12M","+0.10%"
"06/17/2019","292.10","295.60","295.70","290.20","11.83M","-0.92%"
"06/14/2019","294.80","300.80","300.80","293.10","9.77M","-1.99%"
"06/13/2019","300.80","296.40","301.80","295.40","11.52M","+1.38%"
"06/12/2019","296.70","300.00","300.50","295.20","8.84M","-1.59%"
"06/11/2019","301.50","301.90","302.80","298.50","4.72M","+0.33%"
"06/10/2019","300.50","300.70","302.20","297.30","8.58M","-0.63%"
"06/07/2019","302.40","304.80","304.80","297.60","7.67M","-0.13%"
"06/06/2019","302.80","306.50","308.20","300.20","10.22M","-1.14%"
"06/04/2019","306.30","306.00","308.00","304.40","5.87M","+0.03%"
"06/03/2019","306.20","302.60","307.00","301.20","6.18M","+0.59%"
"05/31/2019","304.40","307.20","308.80","293.50","13.80M","-0.88%"
"05/30/2019","307.10","302.80","308.40","302.40","14.70M","+1.42%"
"05/29/2019","302.80","301.90","306.00","300.40","7.25M","+0.20%"
"05/28/2019","302.20","306.60","306.60","300.00","9.97M","-1.21%"
"05/27/2019","305.90","301.30","306.60","300.00","11.14M","+1.19%"
"05/24/2019","302.30","302.00","304.80","298.00","14.37M","+0.77%"
"05/23/2019","300.00","303.80","311.20","297.80","28.98M","+0.33%"
"05/22/2019","299.00","298.60","303.50","297.70","12.49M","+0.47%"
"05/21/2019","297.60","300.60","303.00","296.80","16.12M","-0.97%"
"05/20/2019","300.50","298.20","301.10","292.20","23.34M","+2.91%"
"05/17/2019","292.00","283.20","294.00","283.10","19.00M","+3.33%"
"05/16/2019","282.60","279.40","284.70","275.70","7.12M","+1.22%"
"05/15/2019","279.20","276.80","280.70","275.70","10.61M","+0.94%"
"05/14/2019","276.60","277.70","279.40","273.70","14.65M","-0.47%"
"05/13/2019","277.90","279.20","280.00","276.00","8.27M","-0.61%"
"05/10/2019","279.60","274.00","281.30","273.60","20.75M","+0.90%"
"05/09/2019","277.10","278.80","281.60","273.30","23.52M","-1.18%"
"05/08/2019","280.40","280.80","283.00","277.70","12.70M","-0.43%"
"05/07/2019","281.60","282.00","285.00","279.80","13.93M","-0.18%"
"05/06/2019","282.10","280.00","283.40","279.90","10.55M","-0.53%"
"05/03/2019","283.60","281.30","287.20","280.00","21.35M","+0.82%"
"05/02/2019","281.30","278.80","284.40","276.50","23.90M","+1.44%"
"04/30/2019","277.30","276.40","279.40","270.20","31.05M","+0.54%"
"04/26/2019","275.80","272.40","276.90","268.60","12.80M","+1.36%"
"04/25/2019","272.10","273.80","275.40","271.00","9.04M","-0.48%"
"04/24/2019","273.40","271.00","274.00","267.90","9.67M","+0.85%"
"04/23/2019","271.10","271.60","273.70","270.20","8.10M","-0.07%"
"04/22/2019","271.30","272.00","273.20","269.20","12.10M","-0.95%"
"04/18/2019","273.90","277.30","278.40","272.60","12.04M","-1.23%"
"04/16/2019","277.30","276.50","278.10","274.00","11.66M","+0.91%"
"04/15/2019","274.80","269.60","275.60","268.70","14.40M","+2.27%"
"04/12/2019","268.70","268.60","269.60","267.30","8.52M","+0.04%"
"04/11/2019","268.60","269.90","270.00","266.70","6.74M","-0.52%"
"04/10/2019","270.00","267.60","273.60","267.60","15.16M","+0.63%"
"04/09/2019","268.30","268.00","269.40","264.40","11.23M","-0.11%"
"04/08/2019","268.60","268.20","269.50","266.60","7.94M","+0.52%"
"04/05/2019","267.20","266.00","268.00","265.20","8.72M","+0.98%"
"04/04/2019","264.60","267.50","269.00","263.40","12.96M","-0.82%"
"04/03/2019","266.80","268.40","271.50","266.20","13.83M","-0.41%"
"04/02/2019","267.90","268.80","269.00","265.60","8.88M","+0.00%"
"04/01/2019","267.90","267.20","272.40","265.20","15.84M","+0.37%"
"03/29/2019","266.90","270.00","270.40","265.80","11.29M","-0.48%"
"03/28/2019","268.20","267.60","270.40","265.80","23.08M","+0.60%"
"03/27/2019","266.60","270.00","272.80","265.00","15.20M","-0.74%"
"03/26/2019","268.60","262.40","269.60","262.00","10.26M","+2.64%"
"03/25/2019","261.70","265.20","266.20","260.60","14.35M","-2.06%"
"03/22/2019","267.20","270.90","272.90","266.20","13.10M","-1.15%"
"03/20/2019","270.30","269.80","271.60","266.20","19.85M","+0.26%"
"03/19/2019","269.60","270.00","271.00","267.70","15.59M","+0.33%"
"03/18/2019","268.70","268.00","272.00","266.20","26.92M","+1.40%"
"03/15/2019","265.00","254.40","267.90","254.00","51.97M","+4.41%"
"03/14/2019","253.80","252.60","255.50","251.40","12.49M","+0.63%"
"03/13/2019","252.20","252.70","253.80","249.40","12.13M","-0.20%"
"03/12/2019","252.70","252.10","254.40","250.60","17.71M","+1.12%"
"03/11/2019","249.90","247.60","251.00","246.80","10.33M","+0.85%"
"03/08/2019","247.80","247.40","248.70","246.30","5.26M","+0.16%"
"03/07/2019","247.40","248.80","249.20","247.00","7.17M","-0.36%"
"03/06/2019","248.30","248.40","249.40","247.30","11.53M","+0.08%"
"03/05/2019","248.10","244.80","249.30","243.60","15.64M","+1.18%"
"03/01/2019","245.20","244.30","246.10","243.50","10.81M","+1.07%"
"02/28/2019","242.60","242.60","245.00","242.00","43.61M","-0.25%"
"02/27/2019","243.20","247.60","248.30","242.20","26.94M","-1.62%"
"02/26/2019","247.20","244.80","249.90","244.00","25.13M","-0.40%"
"02/25/2019","248.20","248.70","249.40","246.00","18.68M","+0.24%"
"02/22/2019","247.60","250.20","251.60","245.00","419.30M","-3.96%"
"02/21/2019","257.80","258.40","259.50","256.70","9.10M","-0.08%"
"02/20/2019","258.00","256.30","258.40","255.80","6.75M","+0.74%"
"02/19/2019","256.10","255.40","257.00","254.40","6.34M","+0.27%"
"02/18/2019","255.40","256.20","257.60","254.60","6.33M","-0.51%"
"02/15/2019","256.70","257.60","258.00","254.00","10.03M","-0.27%"
"02/14/2019","257.40","260.40","260.40","254.30","12.46M","-0.89%"
"02/13/2019","259.70","261.00","261.40","258.60","4.51M","+0.00%"
"02/12/2019","259.70","260.00","262.00","259.10","7.41M","-0.23%"
"02/11/2019","260.30","259.20","263.00","258.80","15.72M","+0.15%"
"02/08/2019","259.90","256.80","262.20","255.50","12.41M","+1.17%"
"02/07/2019","256.90","256.00","259.00","255.10","5.99M","+0.39%"
"02/06/2019","255.90","256.00","257.80","255.30","5.79M","+0.04%"
"02/05/2019","255.80","255.20","257.40","253.50","9.59M","+0.55%"
"02/04/2019","254.40","249.00","254.90","249.00","6.90M","+1.31%"
"02/01/2019","251.10","251.40","254.20","248.00","10.95M","-0.04%"
"01/31/2019","251.20","244.40","252.00","242.30","14.84M","+2.78%"
"01/30/2019","244.40","251.00","251.10","243.60","13.77M","-2.36%"
"01/29/2019","250.30","252.00","254.60","249.60","12.96M","-0.71%"
"01/28/2019","252.10","253.80","257.00","251.00","10.27M","-0.43%"
"01/25/2019","253.20","253.80","257.50","251.70","7.21M","-0.16%"
"01/24/2019","253.60","254.80","255.30","252.60","7.30M","-0.67%"
"01/23/2019","255.30","259.80","259.80","254.20","16.29M","-1.20%"
"01/22/2019","258.40","255.80","261.60","254.60","45.36M","+1.93%"
"01/21/2019","253.50","248.10","255.10","244.50","48.93M","+2.22%"
"01/18/2019","248.00","244.00","248.60","243.30","12.99M","+1.64%"
"01/17/2019","244.00","241.60","245.00","240.00","19.67M","+1.41%"
"01/16/2019","240.60","243.10","243.40","239.60","11.87M","-0.87%"
"01/15/2019","242.70","243.40","244.00","242.10","5.77M","+0.12%"
"01/14/2019","242.40","243.40","244.90","241.30","6.82M","-0.90%"
"01/11/2019","244.60","245.00","245.80","242.60","10.65M","+0.29%"
"01/10/2019","243.90","247.80","248.40","243.30","8.26M","-1.49%"
"01/09/2019","247.60","247.50","248.80","245.60","8.24M","+0.73%"
"01/08/2019","245.80","248.60","248.80","245.20","8.31M","-1.40%"
"01/07/2019","249.30","250.20","250.80","248.20","6.06M","-0.12%"
"01/04/2019","249.60","247.60","250.40","246.00","7.34M","+1.05%"
"01/03/2019","247.00","248.00","250.20","245.50","9.13M","-0.44%"
"01/02/2019","248.10","249.60","249.60","245.40","8.57M","-0.80%"
"01/01/2019","250.10","250.80","251.20","248.40","6.01M","-0.48%"
"12/31/2018","251.30","247.40","252.50","246.70","11.62M","+1.21%"
"12/28/2018","248.30","248.80","250.20","247.00","8.70M","+0.12%"
"12/27/2018","248.00","251.40","251.70","247.10","13.27M","-0.64%"
"12/26/2018","249.60","246.90","250.20","242.10","11.90M","+0.77%"
"12/24/2018","247.70","246.00","248.70","244.20","7.70M","+0.94%"
"12/21/2018","245.40","248.00","248.60","244.70","11.04M","-0.77%"
"12/20/2018","247.30","244.00","247.90","243.10","11.50M","+0.90%"
"12/19/2018","245.10","247.80","249.10","244.40","15.16M","-0.93%"
"12/18/2018","247.40","243.00","247.90","242.80","18.39M","+1.19%"
"12/17/2018","244.50","252.00","253.20","241.40","36.93M","-2.67%"
"12/14/2018","251.20","252.90","254.30","249.40","13.36M","-0.67%"
"12/13/2018","252.90","248.00","254.40","245.70","21.14M","+2.22%"
"12/12/2018","247.40","245.90","252.20","244.80","32.82M","+1.52%"
"12/11/2018","243.70","237.80","247.80","234.20","50.39M","+1.67%"
"12/10/2018","239.70","248.80","258.00","237.60","94.74M","-6.33%"
"12/07/2018","255.90","236.20","269.20","235.20","169.04M","+8.43%"
"12/06/2018","236.00","241.00","241.00","234.20","15.49M","-2.60%"
"12/05/2018","242.30","244.30","245.70","240.60","14.28M","-1.14%"
"12/04/2018","245.10","245.40","247.30","242.00","7.83M","-0.04%"
"12/03/2018","245.20","248.00","248.80","243.70","9.09M","-0.65%"
"11/30/2018","246.80","241.80","247.70","239.50","15.03M","+1.73%"
"11/29/2018","242.60","233.10","244.00","231.40","33.04M","+4.57%"
"11/28/2018","232.00","234.40","237.50","231.50","9.75M","-1.15%"
"11/27/2018","234.70","232.60","235.80","232.60","8.69M","+0.26%"
"11/26/2018","234.10","234.60","236.00","230.60","12.28M","+0.00%"
"11/22/2018","234.10","234.20","236.40","233.50","6.29M","-0.51%"
"11/21/2018","235.30","234.00","237.00","234.00","7.16M","+0.56%"
"11/20/2018","234.00","234.00","235.70","232.40","9.03M","-0.43%"
"11/19/2018","235.00","235.00","237.80","233.00","10.03M","+0.56%"
"11/16/2018","233.70","234.40","234.60","230.60","9.31M","+0.56%"
"11/15/2018","232.40","227.80","233.20","226.40","15.25M","+2.83%"
"11/14/2018","226.00","234.00","235.00","224.50","13.53M","-3.09%"
"11/13/2018","233.20","230.00","234.30","228.00","10.59M","+1.08%"
"11/12/2018","230.70","227.80","232.40","227.60","11.44M","+1.59%"
"11/09/2018","227.10","226.40","227.80","223.20","8.18M","+0.89%"
"11/06/2018","225.10","225.70","228.00","224.20","10.53M","-0.35%"
"11/05/2018","225.90","227.00","227.00","223.10","7.02M","-0.31%"
"11/02/2018","226.60","223.60","229.20","222.50","19.50M","+2.12%"
"11/01/2018","221.90","224.70","225.40","220.20","13.35M","-0.85%"
"10/31/2018","223.80","225.80","227.00","221.40","13.82M","-0.44%"
"10/30/2018","224.80","228.00","229.20","223.10","9.75M","-1.23%"
"10/29/2018","227.60","230.40","230.60","219.70","18.56M","-1.77%"
"10/26/2018","231.70","237.00","238.60","230.50","9.21M","-2.32%"
"10/25/2018","237.20","234.60","238.80","233.00","18.07M","+0.76%"
"10/24/2018","235.40","237.00","239.00","230.80","21.55M","+0.21%"
"10/23/2018","234.90","230.00","236.00","228.70","11.19M","+0.90%"
"10/22/2018","232.80","241.00","243.80","231.50","21.71M","-2.92%"
"10/19/2018","239.80","233.00","241.20","232.10","17.83M","+1.96%"
"10/17/2018","235.20","237.00","237.70","234.40","23.96M","+0.00%"
"10/16/2018","235.20","234.30","236.30","232.60","18.43M","+0.47%"
"10/15/2018","234.10","234.00","236.80","231.50","15.91M","+0.30%"
"10/12/2018","233.40","224.40","234.60","224.40","31.38M","+4.62%"
"10/11/2018","223.10","220.00","224.00","219.00","11.42M","-1.98%"
"10/10/2018","227.60","222.70","229.30","222.40","16.93M","+2.66%"
"10/09/2018","221.70","221.20","225.30","217.10","15.57M","+0.36%"
"10/08/2018","220.90","210.00","223.40","208.80","20.34M","+4.99%"
"10/05/2018","210.40","214.10","217.80","208.10","18.84M","-2.09%"
"10/04/2018","214.90","217.00","218.90","211.30","17.20M","-2.14%"
"10/03/2018","219.60","223.40","227.70","217.20","14.81M","-2.14%"
"10/01/2018","224.40","218.00","226.20","200.40","52.68M","-1.71%"
"09/28/2018","228.30","229.40","232.60","226.70","17.11M","-0.09%"
"09/27/2018","228.50","234.40","235.40","227.80","19.84M","-2.31%"
"09/26/2018","233.90","237.20","237.70","232.30","12.23M","-1.18%"
"09/25/2018","236.70","229.20","238.20","224.00","18.88M","+3.05%"
"09/24/2018","229.70","236.00","236.60","228.90","17.29M","-2.67%"
"09/21/2018","236.00","245.40","249.20","228.60","22.67M","-3.83%"
"09/19/2018","245.40","243.40","246.80","243.40","10.39M","+0.95%"
"09/18/2018","243.10","245.60","246.80","242.10","11.35M","-1.22%"
"09/17/2018","246.10","245.50","247.80","244.30","9.31M","-0.73%"
"09/14/2018","247.90","248.00","248.90","245.70","9.61M","+0.73%"
"09/12/2018","246.10","241.20","246.80","240.00","10.53M","+1.99%"
"09/11/2018","241.30","245.40","245.50","240.80","11.44M","-1.39%"
"09/10/2018","244.70","248.20","248.30","243.00","12.19M","-1.73%"
"09/07/2018","249.00","251.40","252.00","247.60","7.26M","-1.27%"
"09/06/2018","252.20","248.40","252.90","247.60","14.74M","+1.86%"
"09/05/2018","247.60","251.40","253.20","245.50","11.31M","-1.55%"
"09/04/2018","251.50","254.00","255.10","250.20","10.01M","-0.91%"
"09/03/2018","253.80","258.40","259.00","253.00","10.38M","-1.40%"
"08/31/2018","257.40","255.10","258.80","255.10","7.85M","+0.70%"
"08/30/2018","255.60","256.40","256.40","252.70","11.86M","-0.81%"
"08/29/2018","257.70","256.40","259.00","255.00","7.37M","+0.27%"
"08/28/2018","257.00","255.90","259.00","255.00","8.04M","+0.78%"
"08/27/2018","255.00","252.00","257.00","251.70","12.50M","+1.63%"
"08/24/2018","250.90","249.80","252.80","248.50","11.07M","+0.56%"
"08/23/2018","249.50","252.80","252.80","247.60","15.76M","-1.27%"
"08/21/2018","252.70","253.80","254.50","252.00","5.72M","-0.90%"
"08/20/2018","255.00","252.60","256.00","252.30","5.27M","+0.95%"
"08/17/2018","252.60","250.40","254.80","249.00","16.27M","+1.41%"
"08/16/2018","249.10","254.00","254.40","248.60","28.75M","-3.67%"
"08/14/2018","258.60","258.00","259.80","257.00","8.03M","+0.47%"
"08/13/2018","257.40","255.00","258.20","255.00","9.91M","+0.12%"
"08/10/2018","257.10","254.60","258.00","254.40","7.70M","+0.67%"
"08/09/2018","255.40","258.40","258.40","254.00","7.11M","-0.89%"
"08/08/2018","257.70","257.60","259.90","256.50","7.59M","+0.39%"
"08/07/2018","256.70","257.40","259.80","254.80","8.76M","+0.04%"
"08/06/2018","256.60","262.80","262.80","255.80","9.48M","-2.02%"
"08/03/2018","261.90","259.40","262.80","257.90","13.73M","+2.30%"
"08/02/2018","256.00","261.90","262.20","255.30","10.33M","-2.48%"
"08/01/2018","262.50","261.00","265.20","261.00","8.42M","+0.42%"
"07/31/2018","261.40","260.80","262.70","257.40","9.14M","+0.15%"
"07/30/2018","261.00","261.60","261.60","257.10","8.60M","-0.46%"
"07/27/2018","262.20","262.60","265.40","261.10","9.43M","+0.00%"
"07/26/2018","262.20","262.30","264.50","258.90","18.32M","-0.30%"
"07/25/2018","263.00","261.80","263.50","258.80","15.59M","+0.23%"
"07/24/2018","262.40","268.40","269.80","261.00","15.63M","-1.87%"
"07/23/2018","267.40","266.00","270.20","264.50","9.79M","+0.26%"
"07/20/2018","266.70","268.00","273.30","266.20","16.53M","-1.04%"
"07/19/2018","269.50","281.60","281.60","266.80","30.07M","-3.65%"
"07/18/2018","279.70","280.80","281.60","278.40","6.87M","-0.14%"
"07/17/2018","280.10","281.70","283.20","278.60","7.25M","-0.57%"
"07/16/2018","281.70","282.00","283.40","279.60","7.53M","+0.28%"
"07/13/2018","280.90","277.00","282.40","277.00","7.20M","+1.04%"
"07/12/2018","278.00","279.00","280.10","276.40","8.00M","+0.22%"
"07/11/2018","277.40","274.40","278.00","273.40","7.24M","+1.09%"
"07/10/2018","274.40","277.20","277.70","273.20","7.38M","-0.94%"
"07/09/2018","277.00","275.00","277.60","273.50","9.38M","+1.02%"
"07/06/2018","274.20","271.60","275.40","271.60","5.21M","+0.44%"
"07/05/2018","273.00","274.60","275.50","272.70","9.07M","+0.00%"
"07/04/2018","273.00","271.00","274.00","269.30","6.74M","+0.89%"
"07/03/2018","270.60","267.40","271.40","265.50","7.44M","+1.12%"
"07/02/2018","267.60","269.80","270.90","266.40","6.51M","-0.37%"
"06/29/2018","268.60","267.20","272.00","267.10","11.53M","+0.30%"
"06/28/2018","267.80","263.80","270.00","262.40","21.54M","+1.13%"
"06/27/2018","264.80","266.40","268.00","264.00","6.54M","-0.45%"
"06/26/2018","266.00","264.40","268.40","264.00","8.19M","+0.15%"
"06/25/2018","265.60","264.20","267.00","263.00","5.26M","+0.49%"
"06/22/2018","264.30","263.60","264.80","261.70","6.34M","+0.57%"
"06/21/2018","262.80","266.40","266.40","262.20","4.58M","-0.79%"
"06/20/2018","264.90","261.80","265.70","259.80","5.63M","+1.65%"
"06/19/2018","260.60","263.10","264.40","260.00","8.08M","-0.95%"
"06/18/2018","263.10","268.00","268.20","262.40","9.02M","-1.83%"
"06/15/2018","268.00","266.50","268.90","264.50","8.29M","+0.56%"
"06/14/2018","266.50","265.00","267.60","263.90","7.92M","+0.53%"
"06/13/2018","265.10","266.30","266.30","262.50","7.48M","-0.30%"
"06/12/2018","265.90","265.80","266.50","264.00","4.89M","+0.45%"
"06/11/2018","264.70","264.80","266.00","263.80","6.56M","+0.38%"
"06/08/2018","263.70","261.60","265.00","260.20","9.24M","+0.61%"
"06/07/2018","262.10","264.80","266.90","261.30","10.25M","-0.38%"
"06/06/2018","263.10","261.40","264.20","260.00","5.15M","+0.84%"
"06/05/2018","260.90","260.80","262.50","259.40","10.43M","+0.04%"
"06/04/2018","260.80","266.80","266.80","258.60","7.31M","-1.06%"
"06/01/2018","263.60","263.40","266.80","261.40","11.66M","-1.24%"
"05/31/2018","266.90","261.40","280.00","260.30","33.42M","+2.42%"
"05/30/2018","260.60","255.40","261.70","254.10","10.22M","+1.48%"
"05/29/2018","256.80","259.40","260.20","255.70","5.47M","-1.00%"
"05/28/2018","259.40","260.00","261.90","258.00","7.64M","+0.08%"
"05/25/2018","259.20","255.60","261.40","254.50","5.33M","+1.61%"
"05/24/2018","255.10","250.10","255.90","249.20","7.86M","+1.59%"
"05/23/2018","251.10","252.00","253.00","248.40","7.56M","-0.55%"
"05/22/2018","252.50","255.40","256.80","251.70","6.79M","-1.10%"
"05/21/2018","255.30","260.00","260.00","253.90","9.99M","-1.39%"
"05/18/2018","258.90","253.60","259.40","253.40","16.84M","+1.89%"
"05/17/2018","254.10","257.00","259.20","253.00","11.01M","-0.86%"
"05/16/2018","256.30","254.40","258.60","253.00","6.91M","-0.19%"
"05/15/2018","256.80","254.80","260.90","251.80","19.90M","+0.98%"
"05/14/2018","254.30","253.60","257.60","251.20","8.37M","+0.32%"
"05/11/2018","253.50","250.00","254.50","249.60","7.08M","+1.60%"
"05/10/2018","249.50","250.90","252.00","248.60","4.92M","-0.28%"
"05/09/2018","250.20","248.30","251.10","246.60","8.36M","+0.72%"
"05/08/2018","248.40","249.50","249.50","245.20","13.37M","-0.24%"
"05/07/2018","249.00","247.00","249.70","245.90","11.53M","+0.93%"
"05/04/2018","246.70","248.00","248.00","242.80","9.57M","+0.00%"
"05/03/2018","246.70","251.00","252.60","245.20","14.89M","-1.87%"
"05/02/2018","251.40","246.40","257.70","244.60","44.46M","+3.80%"
"04/30/2018","242.20","239.80","243.80","238.70","17.15M","+1.85%"
"04/27/2018","237.80","238.00","241.40","235.70","9.08M","+0.30%"
"04/26/2018","237.10","233.80","238.60","232.20","15.98M","+1.50%"
"04/25/2018","233.60","232.80","234.10","230.10","6.26M","+0.17%"
"04/24/2018","233.20","234.50","234.50","230.70","4.96M","-0.26%"
"04/23/2018","233.80","231.70","235.40","230.60","6.77M","+1.39%"
"04/20/2018","230.60","230.20","232.80","229.00","6.09M","-0.09%"
"04/19/2018","230.80","232.00","233.10","230.20","3.30M","+0.00%"
"04/18/2018","230.80","233.50","233.50","230.20","4.45M","-0.94%"
"04/17/2018","233.00","235.20","235.50","232.10","4.56M","-0.60%"
"04/16/2018","234.40","229.50","235.00","229.00","8.13M","+1.82%"
"04/13/2018","230.20","227.80","231.40","227.40","14.76M","+1.45%"
"04/12/2018","226.90","224.70","227.50","222.70","6.72M","+0.75%"
"04/11/2018","225.20","222.00","225.80","222.00","4.42M","+1.12%"
"04/10/2018","222.70","224.00","227.00","222.10","5.99M","-0.40%"
"04/09/2018","223.60","224.00","227.50","223.00","9.26M","-0.09%"
"04/06/2018","223.80","223.20","224.60","220.40","6.47M","+0.04%"
"04/05/2018","223.70","218.40","224.20","216.90","9.94M","+3.71%"
"04/04/2018","215.70","221.80","222.40","215.00","6.53M","-2.27%"
"04/03/2018","220.70","218.90","221.00","217.50","6.73M","+0.64%"
"04/02/2018","219.30","209.80","220.10","209.80","13.33M","+4.63%"
"03/28/2018","209.60","208.80","211.40","208.10","29.64M","-0.19%"
"03/27/2018","210.00","208.60","211.60","208.60","10.74M","+1.01%"
"03/26/2018","207.90","208.00","208.20","205.80","39.09M","+0.05%"
"03/23/2018","207.80","208.20","209.40","205.70","9.81M","-1.33%"
"03/22/2018","210.60","210.20","211.90","209.60","8.83M","+0.19%"
"03/21/2018","210.20","211.00","212.40","209.10","8.71M","+0.53%"
"03/20/2018","209.10","209.60","210.30","207.70","4.94M","-0.33%"
"03/19/2018","209.80","212.90","213.10","209.00","9.40M","-1.13%"
"03/16/2018","212.20","216.30","216.40","211.30","13.62M","-2.26%"
"03/15/2018","217.10","217.00","218.40","215.70","6.84M","+0.32%"
"03/14/2018","216.40","216.00","217.00","214.00","6.05M","-0.18%"
"03/13/2018","216.80","220.00","221.70","215.80","6.90M","-1.50%"
"03/12/2018","220.10","217.50","221.00","216.70","6.28M","+1.66%"
"03/09/2018","216.50","217.00","218.40","215.30","8.22M","+0.00%"
"03/08/2018","216.50","217.70","218.60","214.90","8.76M","-0.23%"
"03/07/2018","217.00","216.40","219.50","214.70","14.83M","+0.23%"
"03/06/2018","216.50","221.00","221.20","215.10","12.02M","-1.59%"
"03/05/2018","220.00","218.00","220.80","216.20","12.05M","+0.41%"
"03/01/2018","219.10","217.60","220.80","217.20","7.40M","+0.46%"
"02/28/2018","218.10","218.00","219.00","216.90","4.43M","-0.23%"
"02/27/2018","218.60","221.00","221.00","217.60","5.17M","-1.09%"
"02/26/2018","221.00","216.20","221.90","216.20","9.09M","+2.22%"
"02/23/2018","216.20","214.50","216.70","214.50","11.36M","+0.79%"
"02/22/2018","214.50","210.50","215.50","210.10","25.71M","+1.66%"
"02/21/2018","211.00","209.50","212.20","208.50","17.86M","+0.86%"
"02/20/2018","209.20","211.20","213.10","208.30","4.18M","-0.95%"
"02/19/2018","211.20","211.80","211.80","209.30","5.94M","+0.57%"
"02/16/2018","210.00","208.60","212.40","208.20","8.28M","+0.77%"
"02/15/2018","208.40","208.70","209.50","206.60","4.54M","-0.05%"
"02/14/2018","208.50","210.00","210.50","207.40","5.94M","-0.05%"
"02/12/2018","208.60","207.50","209.20","206.50","3.86M","+1.07%"
"02/09/2018","206.40","208.00","209.10","205.60","9.49M","-1.90%"
"02/08/2018","210.40","207.30","211.20","206.10","9.20M","+1.50%"
"02/07/2018","207.30","207.40","210.00","206.20","17.68M","+0.24%"
"02/06/2018","206.80","207.10","209.90","203.60","16.67M","-2.64%"
"02/05/2018","212.40","215.00","216.20","210.20","11.85M","-2.21%"
"02/02/2018","217.20","223.00","223.00","215.60","11.41M","-3.12%"
"02/01/2018","224.20","221.00","226.20","221.00","19.28M","+1.08%"
"01/31/2018","221.80","216.80","222.60","216.60","15.72M","+1.93%"
"01/30/2018","217.60","222.60","223.60","216.80","13.46M","-2.42%"
"01/29/2018","223.00","218.40","223.90","218.20","11.08M","+2.06%"
"01/25/2018","218.50","215.20","219.60","210.00","20.31M","+1.16%"
"01/24/2018","216.00","214.20","216.80","214.20","5.84M","+0.42%"
"01/23/2018","215.10","215.40","216.80","214.00","12.29M","+0.14%"
"01/22/2018","214.80","212.20","215.60","208.80","15.95M","+1.27%"
"01/19/2018","212.10","210.50","212.80","208.60","21.52M","+1.34%"
"01/18/2018","209.30","206.60","210.20","206.30","18.24M","+1.90%"
"01/17/2018","205.40","205.60","206.80","204.40","8.02M","-0.58%"
"01/16/2018","206.60","208.70","208.80","205.50","5.79M","-0.53%"
"01/15/2018","207.70","205.00","208.30","204.10","17.56M","+1.47%"
"01/12/2018","204.70","204.50","205.20","203.20","11.60M","+0.59%"
"01/11/2018","203.50","200.70","204.20","200.20","10.39M","+1.55%"
"01/10/2018","200.40","201.50","201.90","200.00","3.38M","-0.79%"
"01/09/2018","202.00","202.00","204.10","199.20","6.21M","+0.40%"
"01/08/2018","201.20","201.80","202.60","200.70","8.90M","+0.30%"
"01/05/2018","200.60","200.50","201.30","199.30","10.74M","+0.25%"
"01/04/2018","200.10","200.20","200.60","199.20","3.92M","+0.05%"
"01/03/2018","200.00","200.50","201.40","199.60","4.42M","-0.30%"
"01/02/2018","200.60","200.20","201.20","198.50","5.36M","+0.30%"
"01/01/2018","200.00","202.40","202.40","199.40","6.59M","-0.99%"
"12/29/2017","202.00","200.60","202.40","200.50","5.95M","+0.50%"
"12/28/2017","201.00","202.60","202.90","200.50","5.18M","-0.89%"
"12/27/2017","202.80","203.30","204.40","202.00","2.80M","-0.20%"
"12/26/2017","203.20","202.00","204.10","201.40","8.16M","+0.59%"
"12/22/2017","202.00","202.80","202.90","201.20","5.06M","-0.05%"
"12/21/2017","202.10","202.00","203.00","201.40","10.77M","-0.20%"
"12/20/2017","202.50","204.30","204.40","201.70","9.90M","-0.88%"
"12/19/2017","204.30","205.00","205.60","202.50","5.16M","-0.15%"
"12/18/2017","204.60","205.80","207.60","199.90","9.95M","-0.68%"
"12/15/2017","206.00","206.50","207.40","204.10","47.59M","+0.54%"
"12/14/2017","204.90","203.40","205.40","201.60","7.31M","+0.94%"
"12/13/2017","203.00","201.20","205.40","198.60","14.28M","+1.45%"
"12/12/2017","200.10","201.00","201.40","199.50","9.13M","-0.79%"
"12/11/2017","201.70","201.80","202.30","200.40","5.42M","-0.05%"
"12/08/2017","201.80","201.40","202.40","200.60","9.42M","+0.75%"
"12/07/2017","200.30","200.60","201.20","198.80","5.14M","+0.20%"
"12/06/2017","199.90","200.00","202.10","199.30","8.88M","-0.05%"
"12/05/2017","200.00","199.70","201.00","199.00","9.12M","+0.20%"
"12/04/2017","199.60","201.20","202.20","198.50","11.12M","-0.70%"
"12/01/2017","201.00","200.60","202.40","200.20","14.40M","+0.45%"
"11/30/2017","200.10","203.80","204.10","199.20","14.00M","-2.49%"
"11/29/2017","205.20","205.80","206.60","204.40","7.07M","-0.39%"
"11/28/2017","206.00","207.20","208.00","205.20","3.67M","-0.63%"
"11/27/2017","207.30","206.00","208.30","204.70","4.85M","+0.58%"
"11/24/2017","206.10","205.00","207.30","204.20","5.88M","+0.83%"
"11/23/2017","204.40","206.30","206.30","203.30","6.17M","-0.39%"
"11/22/2017","205.20","206.50","207.10","203.80","7.73M","-0.39%"
"11/21/2017","206.00","208.50","210.00","205.40","12.20M","-1.01%"
"11/20/2017","208.10","204.60","208.40","203.40","6.24M","+1.71%"
"11/17/2017","204.60","205.50","206.00","202.90","9.21M","+0.54%"
"11/16/2017","203.50","202.00","205.30","201.60","6.54M","+0.59%"
"11/15/2017","202.30","199.60","202.90","199.60","6.67M","+1.25%"
"11/14/2017","199.80","198.80","200.60","198.50","6.87M","+0.45%"
"11/13/2017","198.90","198.00","199.80","196.50","10.66M","+0.10%"
"11/10/2017","198.70","200.20","201.80","198.00","9.27M","-1.19%"
"11/09/2017","201.10","202.30","203.00","200.50","8.24M","-0.59%"
"11/08/2017","202.30","202.70","204.20","201.40","7.26M","-0.20%"
"11/07/2017","202.70","202.20","205.20","201.60","9.25M","+0.35%"
"11/06/2017","202.00","203.00","203.80","199.90","13.97M","-0.54%"
"11/03/2017","203.10","205.50","205.50","201.70","14.71M","-0.39%"
"11/02/2017","203.90","204.60","206.70","203.50","6.44M","-0.49%"
"11/01/2017","204.90","206.40","207.40","203.50","8.29M","-0.05%"
"10/31/2017","205.00","206.20","207.00","204.40","4.87M","-0.39%"
"10/30/2017","205.80","205.60","206.80","204.10","7.82M","+0.00%"
"10/27/2017","205.80","204.70","209.00","204.60","13.20M","+0.98%"
"10/26/2017","203.80","204.30","205.10","197.00","18.40M","+0.84%"
"10/25/2017","202.10","214.30","215.00","199.70","41.25M","-5.16%"
"10/24/2017","213.10","214.10","215.30","211.80","6.53M","+0.38%"
"10/23/2017","212.30","216.00","216.60","211.60","9.70M","-3.15%"
"10/18/2017","219.20","215.80","223.00","215.50","13.77M","+1.62%"
"10/17/2017","215.70","216.50","217.50","214.40","8.39M","-0.37%"
"10/16/2017","216.50","216.50","219.70","215.60","12.87M","+0.00%"
"10/13/2017","216.50","211.60","217.80","210.50","8.78M","+2.36%"
"10/12/2017","211.50","208.70","212.50","207.60","5.88M","+1.29%"
"10/11/2017","208.80","211.40","211.40","207.60","6.65M","-1.09%"
"10/10/2017","211.10","210.60","212.20","208.90","8.01M","+0.52%"
"10/09/2017","210.00","207.40","210.80","207.00","7.73M","+1.01%"
"10/06/2017","207.90","206.40","208.60","205.70","5.33M","+0.63%"
"10/05/2017","206.60","205.80","207.40","204.00","6.98M","+0.34%"
"10/04/2017","205.90","201.70","207.40","201.70","11.28M","+2.29%"
"10/03/2017","201.30","201.20","202.00","199.00","10.67M","+0.45%"
"09/29/2017","200.40","202.80","203.00","199.70","8.30M","-0.30%"
"09/28/2017","201.00","196.50","202.90","193.60","29.04M","+2.60%"
"09/27/2017","195.90","199.50","201.00","195.40","10.20M","-1.46%"
"09/26/2017","198.80","200.20","201.50","198.10","6.69M","-0.55%"
"09/25/2017","199.90","204.20","204.30","199.00","9.28M","-2.20%"
"09/22/2017","204.40","205.00","206.20","203.80","9.23M","-0.68%"
"09/21/2017","205.80","204.40","207.40","204.00","4.62M","+0.59%"
"09/20/2017","204.60","206.90","207.40","204.00","9.86M","-1.11%"
"09/19/2017","206.90","204.00","209.10","203.10","9.88M","+1.72%"
"09/18/2017","203.40","201.50","205.00","201.50","4.70M","+1.19%"
"09/15/2017","201.00","201.60","202.30","199.50","26.64M","-0.25%"
"09/14/2017","201.50","204.40","205.30","200.50","7.42M","-1.23%"
"09/13/2017","204.00","204.40","205.00","203.10","5.55M","-0.20%"
"09/12/2017","204.40","202.40","204.90","201.40","8.25M","+1.54%"
"09/11/2017","201.30","202.00","203.00","200.20","6.62M","-0.10%"
"09/08/2017","201.50","199.20","202.20","198.30","10.38M","+1.41%"
"09/07/2017","198.70","199.80","200.90","197.60","7.57M","-0.25%"
"09/06/2017","199.20","197.40","201.60","196.00","8.69M","+0.76%"
"09/05/2017","197.70","195.60","198.20","195.20","4.26M","+1.07%"
"09/04/2017","195.60","199.60","199.70","194.60","3.52M","-1.46%"
"09/01/2017","198.50","195.80","199.60","194.50","9.74M","+1.69%"
"08/31/2017","195.20","194.90","196.20","192.70","12.62M","+0.46%"
"08/30/2017","194.30","194.00","195.30","193.20","4.99M","+0.73%"
"08/29/2017","192.90","195.00","195.20","192.40","6.57M","-1.18%"
"08/28/2017","195.20","196.00","196.60","194.50","3.11M","+0.41%"
"08/24/2017","194.40","197.00","197.00","193.20","6.68M","-0.82%"
"08/23/2017","196.00","195.60","196.80","192.80","11.77M","+0.93%"
"08/22/2017","194.20","195.00","195.50","193.30","6.03M","+0.15%"
"08/21/2017","193.90","197.70","198.30","193.50","4.23M","-1.42%"
"08/18/2017","196.70","196.60","197.00","195.20","4.78M","-0.56%"
"08/17/2017","197.80","200.60","200.60","196.40","5.38M","-1.15%"
"08/16/2017","200.10","198.00","201.00","193.50","15.74M","+1.83%"
"08/14/2017","196.50","198.50","200.00","196.00","13.33M","-0.96%"
"08/11/2017","198.40","197.80","199.50","194.70","7.11M","-0.50%"
"08/10/2017","199.40","199.00","200.50","196.60","12.48M","+0.45%"
"08/09/2017","198.50","197.80","199.90","195.90","5.66M","+0.51%"
"08/08/2017","197.50","200.00","200.00","196.00","6.11M","-1.05%"
"08/07/2017","199.60","200.00","200.40","198.90","3.10M","+0.20%"
"08/04/2017","199.20","199.80","199.90","197.70","5.94M","-0.05%"
"08/03/2017","199.30","202.00","202.00","198.80","5.76M","-1.43%"
"08/02/2017","202.20","203.20","204.60","201.00","5.60M","-0.44%"
"08/01/2017","203.10","204.80","204.80","202.20","10.32M","-0.59%"
"07/31/2017","204.30","203.60","206.30","202.60","12.32M","+0.89%"
"07/28/2017","202.50","199.30","203.50","199.00","6.52M","+1.45%"
"07/27/2017","199.60","198.70","201.00","196.50","12.82M","+1.17%"
"07/26/2017","197.30","199.10","199.10","196.50","9.08M","-0.15%"
"07/25/2017","197.60","200.00","200.00","196.60","6.50M","-0.50%"
"07/24/2017","198.60","200.90","201.70","197.50","11.13M","-0.65%"
"07/21/2017","199.90","197.00","200.50","194.10","10.52M","+1.99%"
"07/20/2017","196.00","200.40","203.30","195.10","53.45M","-1.41%"
"07/19/2017","198.80","196.50","199.60","195.20","24.95M","+1.74%"
"07/18/2017","195.40","196.40","197.40","194.30","5.48M","-0.26%"
"07/17/2017","195.90","196.60","198.00","195.30","12.77M","+0.26%"
"07/14/2017","195.40","193.80","196.70","192.80","18.86M","+1.56%"
"07/13/2017","192.40","192.00","193.60","191.40","13.94M","+0.58%"
"07/12/2017","191.30","192.00","192.60","190.20","8.32M","-0.26%"
"07/11/2017","191.80","194.00","194.20","191.00","6.67M","-0.93%"
"07/10/2017","193.60","192.80","194.60","192.00","1.77M","+0.36%"
"07/07/2017","192.90","191.40","193.50","190.80","6.12M","+0.68%"
"07/06/2017","191.60","192.40","192.60","190.80","4.02M","-0.21%"
"07/05/2017","192.00","192.10","192.70","190.80","6.20M","+0.10%"
"07/04/2017","191.80","190.50","192.30","188.60","7.19M","+1.05%"
"07/03/2017","189.80","190.60","191.10","188.00","6.69M","-0.73%"
"06/30/2017","191.20","189.20","192.30","187.20","9.61M","+0.79%"
"06/29/2017","189.70","194.70","195.40","189.00","13.99M","-2.42%"
"06/28/2017","194.40","196.80","196.80","193.60","6.67M","-0.31%"
"06/27/2017","195.00","197.00","198.60","193.30","7.89M","-1.02%"
"06/23/2017","197.00","199.80","200.90","196.60","7.28M","-1.30%"
"06/22/2017","199.60","198.00","200.80","198.00","8.73M","+0.60%"
"06/21/2017","198.40","196.60","199.00","195.80","5.47M","+0.92%"
"06/20/2017","196.60","198.00","198.00","196.10","3.29M","-0.46%"
"06/19/2017","197.50","197.20","198.40","197.00","4.59M","+0.51%"
"06/16/2017","196.50","193.40","198.00","192.50","20.99M","+2.08%"
"06/15/2017","192.50","192.50","194.00","192.00","5.79M","-0.57%"
"06/14/2017","193.60","194.00","194.40","192.60","4.78M","-0.62%"
"06/13/2017","194.80","194.60","196.00","194.20","4.50M","-0.26%"
"06/12/2017","195.30","197.20","198.00","194.40","5.96M","-0.86%"
"06/09/2017","197.00","195.80","197.40","195.10","6.92M","+0.61%"
"06/08/2017","195.80","194.00","196.70","193.20","7.55M","+1.08%"
"06/07/2017","193.70","194.00","194.00","192.80","3.32M","+0.21%"
"06/06/2017","193.30","194.00","194.00","192.00","8.50M","-0.05%"
"06/05/2017","193.40","193.20","193.80","191.90","4.17M","+0.21%"
"06/02/2017","193.00","193.10","194.50","192.70","2.25M","+0.26%"
"06/01/2017","192.50","192.70","193.60","191.80","3.79M","-0.36%"
"05/31/2017","193.20","192.60","194.30","192.50","6.76M","+0.42%"
"05/30/2017","192.40","193.40","193.40","191.10","3.16M","-0.67%"
"05/29/2017","193.70","193.10","194.10","191.40","5.55M","+0.36%"
"05/26/2017","193.00","192.00","193.90","190.50","8.17M","+0.89%"
"05/25/2017","191.30","187.20","192.50","187.20","20.72M","+2.19%"
"05/24/2017","187.20","187.70","188.70","186.50","5.07M","-0.43%"
"05/23/2017","188.00","188.20","189.20","187.10","6.85M","-0.11%"
"05/22/2017","188.20","188.50","190.80","187.50","6.93M","+0.37%"
"05/19/2017","187.50","189.00","189.50","187.20","6.21M","-0.58%"
"05/18/2017","188.60","189.60","190.60","187.00","29.14M","-0.84%"
"05/17/2017","190.20","192.50","192.50","189.10","5.94M","-0.94%"
"05/16/2017","192.00","194.70","195.00","191.40","11.99M","-1.39%"
"05/15/2017","194.70","191.00","196.30","190.90","20.78M","+1.99%"
"05/12/2017","190.90","188.00","192.40","187.50","21.54M","+1.87%"
"05/11/2017","187.40","186.60","188.10","186.10","11.00M","+1.02%"
"05/10/2017","185.50","182.20","185.90","182.20","9.70M","+2.26%"
"05/09/2017","181.40","182.00","182.30","181.10","2.92M","-0.06%"
"05/08/2017","181.50","181.50","182.00","180.00","5.34M","-0.11%"
"05/05/2017","181.70","181.80","182.40","180.00","10.98M","+0.33%"
"05/04/2017","181.10","183.40","183.60","180.10","7.52M","-1.25%"
"05/03/2017","183.40","184.00","184.40","182.80","5.06M","-0.11%"
"05/02/2017","183.60","180.40","184.00","180.20","12.85M","+1.77%"
"04/28/2017","180.40","183.50","184.00","180.20","6.18M","-1.58%"
"04/27/2017","183.30","181.60","183.90","178.00","35.30M","+1.78%"
"04/26/2017","180.10","179.90","184.20","179.10","18.06M","+0.28%"
"04/25/2017","179.60","179.80","180.80","177.00","12.48M","+0.22%"
"04/24/2017","179.20","175.60","179.70","175.30","15.64M","+1.76%"
"04/21/2017","176.10","178.00","179.50","175.70","6.30M","-0.96%"
"04/20/2017","177.80","175.30","178.30","175.20","4.99M","+1.54%"
"04/19/2017","175.10","175.80","176.30","173.40","4.49M","-0.68%"
"04/18/2017","176.30","178.00","178.50","175.30","6.33M","-0.68%"
"04/17/2017","177.50","177.00","178.00","175.00","6.16M","+0.91%"
"04/13/2017","175.90","175.80","176.80","174.50","4.69M","+0.00%"
"04/12/2017","175.90","176.20","176.70","174.70","5.44M","-0.17%"
"04/11/2017","176.20","174.50","177.80","174.20","7.00M","+0.40%"
"04/10/2017","175.50","175.50","176.00","173.50","4.73M","+0.52%"
"04/07/2017","174.60","178.00","178.60","174.00","8.06M","-2.40%"
"04/06/2017","178.90","177.00","179.50","176.70","9.94M","+0.51%"
"04/05/2017","178.00","176.00","179.30","175.50","10.03M","+1.60%"
"04/03/2017","175.20","175.40","176.00","174.20","6.83M","+0.46%"
"03/31/2017","174.40","173.00","176.00","172.40","12.93M","+0.81%"
"03/30/2017","173.00","172.50","174.40","171.90","17.67M","+0.87%"
"03/29/2017","171.50","172.80","173.00","170.50","12.42M","-0.23%"
"03/28/2017","171.90","175.50","176.00","171.20","15.25M","-1.32%"
"03/27/2017","174.20","175.90","176.00","171.70","10.00M","-0.97%"
"03/24/2017","175.90","174.20","177.30","172.80","11.40M","+1.32%"
"03/23/2017","173.60","172.60","174.70","172.40","8.05M","+0.70%"
"03/22/2017","172.40","170.60","173.00","169.70","46.77M","+0.29%"
"03/21/2017","171.90","171.00","172.30","170.20","7.29M","+0.59%"
"03/20/2017","170.90","171.00","172.40","169.60","7.96M","+0.77%"
"03/17/2017","169.60","170.60","170.90","168.50","23.23M","-0.41%"
"03/16/2017","170.30","169.80","171.30","169.80","6.31M","+0.89%"
"03/15/2017","168.80","167.40","169.70","167.00","8.59M","+0.96%"
"03/14/2017","167.20","168.60","170.30","166.40","15.58M","+0.84%"
"03/10/2017","165.80","167.00","167.80","165.20","6.76M","+0.42%"
"03/09/2017","165.10","165.20","165.60","164.00","7.99M","+0.06%"
"03/08/2017","165.00","164.60","167.80","163.80","19.08M","+0.98%"
"03/07/2017","163.40","164.00","164.20","162.80","4.75M","-0.24%"
"03/06/2017","163.80","162.60","164.40","162.20","7.20M","+1.17%"
"03/03/2017","161.90","163.20","163.40","160.60","6.59M","-0.80%"
"03/02/2017","163.20","165.50","165.70","162.60","22.28M","-0.97%"
"03/01/2017","164.80","160.40","165.40","160.40","14.84M","+2.74%"
"02/28/2017","160.40","160.40","161.70","159.80","4.86M","+0.19%"
"02/27/2017","160.10","161.50","162.50","159.10","11.91M","-1.29%"
"02/23/2017","162.20","159.70","162.90","158.50","22.88M","+1.88%"
"02/22/2017","159.20","160.00","160.90","158.80","5.53M","-0.25%"
"02/21/2017","159.60","159.80","160.10","158.20","3.16M","+0.13%"
"02/20/2017","159.40","160.40","161.00","159.00","4.24M","+0.06%"
"02/17/2017","159.30","161.00","162.20","158.00","21.30M","+0.50%"
"02/16/2017","158.50","157.00","159.70","156.00","11.28M","+1.02%"
"02/15/2017","156.90","158.20","159.00","156.40","6.80M","-0.76%"
"02/14/2017","158.10","158.80","159.30","157.20","6.69M","-0.32%"
"02/13/2017","158.60","156.00","159.20","155.90","9.02M","+1.80%"
"02/10/2017","155.80","154.20","157.30","154.20","9.36M","+1.23%"
"02/09/2017","153.90","154.00","155.90","153.00","6.53M","+0.26%"
"02/08/2017","153.50","154.90","155.20","152.40","13.04M","-0.78%"
"02/07/2017","154.70","153.80","157.00","153.70","14.98M","+0.91%"
"02/06/2017","153.30","154.00","154.80","153.10","9.84M","+0.13%"
"02/03/2017","153.10","153.90","155.40","152.00","7.81M","-0.65%"
"02/02/2017","154.10","155.80","156.10","152.90","10.11M","-0.84%"
"02/01/2017","155.40","155.50","156.60","147.80","24.76M","+0.39%"
"01/31/2017","154.80","155.40","156.10","152.60","7.00M","-0.19%"
"01/30/2017","155.10","157.20","158.00","154.20","10.92M","-1.21%"
"01/27/2017","157.00","159.60","160.40","156.10","18.55M","-1.26%"
"01/25/2017","159.00","149.50","160.20","149.00","43.86M","+6.93%"
"01/24/2017","148.70","147.50","149.00","146.80","6.03M","+1.43%"
"01/23/2017","146.60","144.50","148.00","144.40","7.29M","+1.38%"
"01/20/2017","144.60","146.60","146.60","143.60","5.58M","-0.69%"
"01/19/2017","145.60","146.20","147.40","145.40","4.58M","-0.41%"
"01/18/2017","146.20","145.00","148.40","145.00","5.63M","+0.69%"
"01/17/2017","145.20","146.60","147.00","144.90","3.41M","-0.68%"
"01/16/2017","146.20","145.20","147.20","144.60","3.71M","+0.41%"
"01/13/2017","145.60","146.30","147.10","144.90","5.03M","+0.00%"
"01/12/2017","145.60","146.50","146.50","144.60","5.53M","-0.07%"
"01/11/2017","145.70","143.00","146.80","141.60","17.89M","+2.25%"
"01/10/2017","142.50","142.20","143.10","142.00","4.34M","+0.49%"
"01/09/2017","141.80","143.60","144.80","141.40","7.70M","-1.12%"
"01/06/2017","143.40","139.60","143.70","138.70","18.32M","+2.58%"
"01/05/2017","139.80","140.60","140.60","139.20","10.90M","+0.50%"
"01/04/2017","139.10","142.60","142.60","138.50","21.29M","-2.32%"
"01/03/2017","142.40","143.00","143.50","141.40","6.91M","-0.42%"
"01/02/2017","143.00","144.00","144.20","141.60","6.03M","-0.63%"
"12/30/2016","143.90","142.80","144.60","142.80","4.95M","+0.84%"
"12/29/2016","142.70","142.00","143.00","141.70","6.52M","+0.07%"
"12/28/2016","142.60","142.40","143.80","141.80","6.06M","+0.14%"
"12/27/2016","142.40","141.40","143.20","141.10","6.69M","+0.14%"
"12/26/2016","142.20","142.40","142.80","140.80","2.43M","-0.14%"
"12/23/2016","142.40","141.00","142.80","140.80","5.11M","-0.14%"
"12/22/2016","142.60","143.70","143.80","142.30","4.21M","-0.97%"
"12/21/2016","144.00","143.40","145.30","143.40","5.37M","+0.21%"
"12/20/2016","143.70","144.20","144.60","143.40","4.58M","-0.14%"
"12/19/2016","143.90","143.80","144.40","143.10","5.08M","+0.07%"
"12/16/2016","143.80","145.00","145.40","143.40","18.91M","-0.83%"
"12/15/2016","145.00","143.80","146.90","142.40","5.22M","-0.41%"
"12/14/2016","145.60","146.10","146.30","144.70","4.26M","-0.41%"
"12/13/2016","146.20","145.60","147.70","144.60","3.43M","+0.14%"
"12/12/2016","146.00","149.20","149.30","145.70","1.98M","-2.01%"
"12/09/2016","149.00","149.90","150.50","148.60","4.06M","-0.47%"
"12/08/2016","149.70","147.20","150.30","147.20","4.13M","+1.91%"
"12/07/2016","146.90","147.10","147.90","144.90","10.66M","+0.07%"
"12/06/2016","146.80","146.20","147.50","146.00","2.48M","+0.55%"
"12/05/2016","146.00","145.20","146.40","144.60","4.64M","+0.90%"
"12/02/2016","144.70","148.00","148.80","144.00","14.23M","-2.89%"
"12/01/2016","149.00","151.00","151.30","148.20","5.76M","-1.39%"
"11/30/2016","151.10","149.20","152.00","148.00","5.67M","+1.34%"
"11/29/2016","149.10","149.60","150.50","148.50","5.05M","-0.60%"
"11/28/2016","150.00","148.90","150.60","147.20","11.50M","-0.27%"
"11/25/2016","150.40","149.40","151.90","149.00","7.84M","+1.35%"
"11/24/2016","148.40","152.00","152.00","147.40","25.37M","-3.13%"
"11/23/2016","153.20","154.40","154.80","153.00","6.89M","-0.45%"
"11/22/2016","153.90","153.00","154.50","152.30","8.50M","+0.92%"
"11/21/2016","152.50","156.00","156.20","150.70","10.26M","-2.12%"
"11/18/2016","155.80","156.20","157.00","154.70","6.75M","+0.39%"
"11/17/2016","155.20","153.20","156.40","153.20","7.94M","+0.71%"
"11/16/2016","154.10","159.40","159.40","153.40","23.64M","-2.41%"
"11/15/2016","157.90","163.70","163.70","156.70","15.10M","-3.19%"
"11/11/2016","163.10","162.60","165.10","161.50","11.58M","-0.43%"
"11/10/2016","163.80","165.60","166.70","162.60","12.89M","-0.36%"
"11/09/2016","164.40","155.80","165.90","152.40","21.35M","+1.23%"
"11/08/2016","162.40","160.60","163.10","158.80","4.83M","+1.25%"
"11/07/2016","160.40","161.50","161.60","160.00","4.98M","+0.31%"
"11/04/2016","159.90","162.00","162.40","158.00","5.47M","-0.81%"
"11/03/2016","161.20","160.70","162.20","159.40","3.98M","+0.25%"
"11/02/2016","160.80","160.00","161.20","159.20","6.34M","-0.19%"
"11/01/2016","161.10","164.00","164.00","160.80","5.88M","-1.71%"
"10/28/2016","163.90","161.30","164.40","160.00","7.21M","+1.61%"
"10/27/2016","161.30","162.40","162.40","160.20","5.47M","-0.62%"
"10/26/2016","162.30","156.60","164.20","156.20","22.16M","+3.18%"
"10/25/2016","157.30","158.00","158.60","156.10","16.34M","-0.13%"
"10/24/2016","157.50","156.40","157.90","155.50","4.70M","+0.77%"
"10/21/2016","156.30","154.00","156.60","153.80","8.84M","+1.17%"
"10/20/2016","154.50","156.40","156.60","154.10","8.31M","-0.19%"
"10/19/2016","154.80","155.80","157.00","154.50","5.29M","-0.39%"
"10/18/2016","155.40","155.00","156.20","154.00","8.14M","+1.04%"
"10/17/2016","153.80","156.60","156.60","152.80","9.60M","-1.66%"
"10/14/2016","156.40","155.20","156.80","154.10","5.17M","+1.23%"
"10/13/2016","154.50","155.60","155.60","153.10","8.82M","-0.96%"
"10/10/2016","156.00","157.00","157.10","155.80","3.75M","-0.32%"
"10/07/2016","156.50","156.50","157.00","155.00","3.70M","-0.06%"
"10/06/2016","156.60","156.40","158.00","155.50","6.81M","+0.13%"
"10/05/2016","156.40","159.00","159.00","156.10","5.04M","-1.20%"
"10/04/2016","158.30","158.20","159.30","156.50","5.76M","+0.44%"
"10/03/2016","157.60","157.80","158.50","156.60","4.91M","+1.42%"
"09/30/2016","155.40","154.40","156.50","153.20","12.16M","+0.58%"
"09/29/2016","154.50","157.50","159.90","153.80","275.29M","-1.28%"
"09/28/2016","156.50","156.60","158.40","155.70","9.78M","-0.25%"
"09/27/2016","156.90","157.00","159.60","156.50","7.14M","-0.44%"
"09/26/2016","157.60","158.40","158.80","156.90","5.59M","-1.01%"
"09/23/2016","159.20","159.10","160.70","158.60","20.95M","+0.13%"
"09/22/2016","159.00","159.80","160.40","158.20","10.56M","+0.82%"
"09/21/2016","157.70","158.80","159.20","157.30","11.59M","-0.57%"
"09/20/2016","158.60","160.40","160.70","158.30","7.79M","-1.25%"
"09/19/2016","160.60","161.70","162.40","159.80","11.29M","-0.43%"
"09/16/2016","161.30","162.20","164.00","160.90","21.76M","-0.25%"
"09/15/2016","161.70","161.40","162.40","160.70","5.91M","+0.31%"
"09/14/2016","161.20","162.80","164.00","160.70","10.21M","-0.92%"
"09/12/2016","162.70","162.40","163.00","161.00","3.71M","-0.67%"
"09/09/2016","163.80","163.90","165.10","161.70","5.72M","-0.12%"
"09/08/2016","164.00","161.00","164.50","160.00","8.62M","+1.99%"
"09/07/2016","160.80","163.80","164.60","160.50","5.86M","-1.71%"
"09/06/2016","163.60","164.00","164.40","163.00","5.14M","+0.55%"
"09/02/2016","162.70","162.40","163.20","161.70","4.65M","+0.37%"
"09/01/2016","162.10","162.60","163.50","161.50","5.81M","+0.43%"
"08/31/2016","161.40","159.00","163.00","158.60","16.73M","+2.67%"
"08/30/2016","157.20","156.40","157.40","156.00","4.00M","+0.58%"
"08/29/2016","156.30","156.10","157.80","155.00","3.81M","+0.06%"
"08/26/2016","156.20","156.50","157.80","154.60","4.27M","+0.00%"
"08/25/2016","156.20","155.60","156.80","154.40","7.39M","+0.51%"
"08/24/2016","155.40","155.80","156.40","154.40","5.71M","-0.19%"
"08/23/2016","155.70","154.70","156.00","154.20","2.86M","+0.71%"
"08/22/2016","154.60","156.00","156.40","153.80","3.06M","-0.77%"
"08/19/2016","155.80","157.20","157.20","154.80","4.98M","-0.70%"
"08/18/2016","156.90","153.40","157.20","153.40","8.83M","+2.48%"
"08/17/2016","153.10","154.20","154.30","152.20","4.07M","-0.97%"
"08/16/2016","154.60","153.30","155.20","152.40","9.13M","+1.31%"
"08/12/2016","152.60","154.40","154.40","152.00","5.64M","-0.20%"
"08/11/2016","152.90","152.20","153.80","151.80","5.03M","+0.46%"
"08/10/2016","152.20","153.90","153.90","151.70","5.47M","-0.52%"
"08/09/2016","153.00","154.60","154.60","152.00","4.39M","-0.84%"
"08/08/2016","154.30","155.40","156.40","153.60","8.30M","-0.39%"
"08/05/2016","154.90","152.00","155.20","151.30","11.83M","+2.38%"
"08/04/2016","151.30","152.00","152.30","150.20","6.25M","+0.07%"
"08/03/2016","151.20","151.80","152.80","151.00","6.72M","-0.53%"
"08/02/2016","152.00","150.10","152.60","150.00","7.48M","+0.93%"
"08/01/2016","150.60","153.20","153.90","149.60","8.75M","-1.38%"
"07/29/2016","152.70","150.30","153.20","149.90","7.29M","+1.73%"
"07/28/2016","150.10","151.20","152.00","149.10","17.18M","-0.46%"
"07/27/2016","150.80","150.40","152.00","149.10","5.38M","+0.33%"
"07/26/2016","150.30","153.10","153.20","149.30","8.75M","-1.70%"
"07/25/2016","152.90","152.40","154.60","150.00","16.97M","+0.59%"
"07/22/2016","152.00","152.40","153.00","150.60","7.15M","-0.07%"
"07/21/2016","152.10","157.30","157.50","151.80","19.25M","-2.75%"
"07/20/2016","156.40","155.60","156.90","155.60","6.58M","+0.51%"
"07/19/2016","155.60","155.90","156.30","153.90","8.04M","+0.13%"
"07/18/2016","155.40","155.00","156.60","153.90","11.79M","+0.65%"
"07/15/2016","154.40","155.80","156.20","153.50","10.30M","-1.03%"
"07/14/2016","156.00","155.80","156.80","154.90","7.78M","+0.65%"
"07/13/2016","155.00","152.70","155.40","152.10","10.09M","+1.51%"
"07/12/2016","152.70","153.00","153.40","151.60","7.71M","+0.39%"
"07/11/2016","152.10","150.20","152.60","149.40","9.36M","+2.29%"
"07/08/2016","148.70","149.00","149.50","147.50","3.02M","-0.34%"
"07/07/2016","149.20","148.20","150.30","147.80","4.82M","+0.74%"
"07/05/2016","148.10","148.90","149.50","147.70","5.63M","-0.47%"
"07/04/2016","148.80","151.10","151.20","148.20","5.86M","-1.26%"
"07/01/2016","150.70","152.80","153.20","150.20","7.83M","-1.31%"
"06/30/2016","152.70","152.00","153.30","150.80","16.67M","+1.39%"
"06/29/2016","150.60","149.00","150.80","148.50","7.39M","+1.28%"
"06/28/2016","148.70","147.70","149.60","147.50","3.81M","+0.54%"
"06/27/2016","147.90","144.60","148.90","144.60","3.87M","+0.75%"
"06/24/2016","146.80","146.00","147.60","142.20","10.01M","-1.74%"
"06/23/2016","149.40","148.20","150.00","147.60","4.94M","+1.01%"
"06/22/2016","147.90","149.40","150.20","146.70","13.43M","-1.00%"
"06/21/2016","149.40","150.00","150.70","148.60","3.51M","-0.66%"
"06/20/2016","150.40","148.40","151.40","148.00","4.47M","+0.13%"
"06/17/2016","150.20","151.20","152.20","149.80","4.07M","-0.46%"
"06/16/2016","150.90","153.20","153.20","149.30","5.39M","-1.44%"
"06/15/2016","153.10","151.40","153.60","150.60","4.44M","+1.80%"
"06/14/2016","150.40","151.70","151.70","149.90","3.32M","-0.53%"
"06/13/2016","151.20","149.20","151.50","149.00","8.15M","+0.73%"
"06/10/2016","150.10","150.20","151.50","148.70","7.55M","-0.33%"
"06/09/2016","150.60","152.40","152.40","150.00","6.51M","-0.86%"
"06/08/2016","151.90","153.60","154.00","151.00","6.14M","-1.62%"
"06/07/2016","154.40","154.00","155.80","152.20","9.29M","+0.92%"
"06/06/2016","153.00","154.00","155.00","152.50","5.79M","-0.58%"
"06/03/2016","153.90","150.00","154.50","148.60","12.40M","+3.08%"
"06/02/2016","149.30","149.80","150.00","147.30","8.03M","+0.13%"
"06/01/2016","149.10","150.00","150.00","148.10","4.59M","-0.13%"
"05/31/2016","149.30","148.70","150.00","147.90","5.84M","+0.54%"
"05/30/2016","148.50","149.70","150.90","148.00","3.65M","+0.00%"
"05/27/2016","148.50","146.90","148.90","146.60","6.47M","+1.71%"
"05/26/2016","146.00","143.20","147.80","142.90","9.68M","+2.38%"
"05/25/2016","142.60","140.80","143.10","140.10","14.54M","+2.08%"
"05/24/2016","139.70","140.60","140.60","138.50","10.34M","-0.64%"
"05/23/2016","140.60","141.20","142.10","140.20","7.19M","+0.14%"
"05/20/2016","140.40","142.00","142.10","140.00","3.00M","-0.57%"
"05/19/2016","141.20","141.60","142.10","140.30","4.82M","-0.42%"
"05/18/2016","141.80","141.60","142.70","140.00","5.74M","+0.00%"
"05/17/2016","141.80","143.80","145.00","141.60","12.36M","-1.25%"
"05/16/2016","143.60","141.60","144.00","140.60","12.19M","+1.41%"
"05/13/2016","141.60","145.40","145.80","141.40","7.15M","-2.61%"
"05/12/2016","145.40","147.10","148.80","144.20","13.93M","-0.62%"
"05/11/2016","146.30","143.60","147.40","142.80","20.59M","+1.18%"
"05/10/2016","144.60","143.60","146.00","142.30","7.88M","+1.26%"
"05/09/2016","142.80","140.60","143.20","140.60","9.43M","+1.56%"
"05/06/2016","140.60","141.20","142.00","139.20","3.34M","-0.85%"
"05/05/2016","141.80","142.80","143.00","140.80","4.88M","-0.49%"
"05/04/2016","142.50","141.20","144.10","141.00","10.56M","+0.71%"
"05/03/2016","141.50","143.80","144.60","139.80","6.79M","-1.46%"
"05/02/2016","143.60","142.80","145.00","142.40","6.48M","+0.14%"
"04/29/2016","143.40","139.80","143.90","139.10","7.45M","+2.21%"
"04/28/2016","140.30","143.00","143.70","139.70","7.58M","-1.54%"
"04/27/2016","142.50","140.50","144.00","140.20","9.65M","+1.64%"
"04/26/2016","140.20","136.00","141.00","135.80","10.54M","+3.01%"
"04/25/2016","136.10","134.20","136.60","134.20","6.06M","+0.67%"
"04/22/2016","135.20","136.00","136.80","134.60","9.88M","-1.53%"
"04/21/2016","137.30","137.80","137.90","136.60","10.69M","-0.07%"
"04/20/2016","137.40","137.50","138.40","136.00","5.44M","+0.51%"
"04/18/2016","136.70","138.20","138.20","131.50","8.19M","-1.30%"
"04/13/2016","138.50","137.40","140.00","136.60","12.19M","+2.21%"
"04/12/2016","135.50","134.00","136.40","134.00","5.93M","+0.89%"
"04/11/2016","134.30","134.20","135.00","132.10","9.95M","+0.90%"
"04/08/2016","133.10","131.60","134.10","131.60","5.04M","+0.45%"
"04/07/2016","132.50","133.40","133.60","131.10","8.10M","-0.82%"
"04/06/2016","133.60","133.80","134.90","132.90","8.42M","-0.15%"
"04/05/2016","133.80","136.80","137.00","133.00","14.46M","-2.69%"
"04/04/2016","137.50","136.30","137.90","134.80","10.30M","+1.10%"
"04/01/2016","136.00","136.40","137.30","135.40","7.35M","-0.07%"
"03/31/2016","136.10","135.40","139.00","135.40","19.91M","-0.51%"
"03/30/2016","136.80","135.00","137.30","133.10","14.14M","+1.86%"
"03/29/2016","134.30","134.00","136.40","133.80","9.83M","+0.30%"
"03/28/2016","133.90","132.90","135.60","132.10","14.52M","+1.44%"
"03/23/2016","132.00","133.20","135.20","131.00","16.35M","-0.98%"
"03/22/2016","133.30","132.00","134.00","131.00","5.90M","+0.45%"
"03/21/2016","132.70","132.00","133.00","130.50","5.82M","+0.68%"
"03/18/2016","131.80","130.00","132.20","129.80","9.70M","+1.23%"
"03/17/2016","130.20","131.20","131.40","128.80","28.95M","+0.00%"
"03/16/2016","130.20","127.30","130.70","127.10","10.77M","+1.80%"
"03/15/2016","127.90","127.60","128.60","126.40","10.75M","+0.39%"
"03/14/2016","127.40","130.00","130.00","126.50","12.83M","-0.86%"
"03/11/2016","128.50","131.40","131.80","128.10","21.47M","-1.83%"
"03/10/2016","130.90","134.00","134.00","130.20","17.83M","-0.83%"
"03/09/2016","132.00","130.00","132.80","129.50","4.06M","+1.46%"
"03/08/2016","130.10","133.00","133.20","129.60","3.32M","-2.25%"
"03/04/2016","133.10","131.60","134.00","129.00","3.58M","+1.22%"
"03/03/2016","131.50","131.60","132.30","130.00","4.61M","+0.15%"
"03/02/2016","131.30","129.40","132.00","128.30","6.22M","+2.82%"
"03/01/2016","127.70","124.00","128.20","124.00","9.90M","+1.27%"
"02/29/2016","126.10","123.00","128.10","117.20","10.50M","+2.35%"
"02/26/2016","123.20","122.80","124.30","121.30","2.93M","+1.48%"
"02/25/2016","121.40","124.20","124.30","120.90","5.12M","-1.94%"
"02/24/2016","123.80","124.10","126.00","123.30","3.35M","-0.64%"
"02/23/2016","124.60","127.80","127.80","124.00","3.18M","-2.66%"
"02/22/2016","128.00","126.80","128.40","126.40","2.22M","+1.43%"
"02/19/2016","126.20","126.50","128.00","125.10","2.93M","-0.71%"
"02/18/2016","127.10","126.00","127.60","124.80","4.25M","+1.60%"
"02/17/2016","125.10","123.80","126.00","122.00","4.78M","+0.89%"
"02/16/2016","124.00","126.00","126.00","123.00","3.70M","-0.80%"
"02/15/2016","125.00","125.40","127.30","124.40","6.38M","+0.48%"
"02/12/2016","124.40","126.00","127.40","122.70","6.50M","-1.11%"
"02/11/2016","125.80","133.40","133.40","125.00","7.93M","-5.77%"
"02/10/2016","133.50","135.40","136.00","132.20","4.98M","-1.40%"
"02/09/2016","135.40","133.60","136.00","132.50","4.49M","+0.59%"
"02/08/2016","134.60","139.00","139.00","134.10","2.87M","-2.75%"
"02/05/2016","138.40","135.40","139.50","135.10","9.34M","+2.37%"
"02/04/2016","135.20","134.10","136.20","133.70","2.41M","+1.58%"
"02/03/2016","133.10","134.40","134.40","132.30","6.04M","-1.70%"
"02/02/2016","135.40","137.40","138.20","134.30","3.01M","-1.53%"
"02/01/2016","137.50","136.60","138.20","135.90","2.96M","+0.59%"
"01/29/2016","136.70","132.90","137.20","132.90","8.23M","+3.09%"
"01/28/2016","132.60","135.00","136.00","132.00","7.34M","-1.70%"
"01/27/2016","134.90","136.00","136.50","133.30","3.28M","-0.95%"
"01/25/2016","136.20","137.00","137.00","134.90","3.53M","-0.29%"
"01/22/2016","136.60","134.20","137.80","132.80","5.01M","+3.33%"
"01/21/2016","132.20","134.30","135.40","130.20","4.25M","-0.23%"
"01/20/2016","132.50","132.00","140.00","130.50","3.55M","-0.90%"
"01/19/2016","133.70","134.00","135.20","132.70","5.53M","+0.15%"
"01/18/2016","133.50","135.20","137.40","132.60","11.03M","-1.18%"
"01/15/2016","135.10","135.90","137.80","134.20","5.44M","-1.24%"
"01/14/2016","136.80","136.40","138.20","134.60","4.45M","-0.73%"
"01/13/2016","137.80","139.60","140.10","136.40","3.37M","-0.43%"
"01/12/2016","138.40","140.00","140.10","136.90","4.17M","-1.28%"
"01/11/2016","140.20","138.00","141.00","136.20","2.89M","+0.86%"
"01/08/2016","139.00","138.80","140.80","138.70","2.23M","+0.51%"
"01/07/2016","138.30","139.50","140.60","137.80","3.16M","-1.71%"
"01/06/2016","140.70","140.80","142.20","139.40","3.01M","-0.64%"
"01/05/2016","141.60","141.60","142.60","141.00","3.45M","+0.35%"
"01/04/2016","141.10","145.40","145.40","140.80","6.11M","-2.96%"
"01/01/2016","145.40","144.00","146.00","142.20","3.11M","+0.97%"
"12/31/2015","144.00","141.20","144.80","141.20","5.82M","+1.55%"
"12/30/2015","141.80","141.60","142.10","140.90","2.34M","+0.42%"
"12/29/2015","141.20","141.60","142.90","141.00","5.46M","-0.28%"
"12/28/2015","141.60","139.80","142.70","139.70","5.25M","+0.93%"
"12/24/2015","140.30","140.20","140.90","139.40","2.42M","-0.14%"
"12/23/2015","140.50","140.30","141.00","139.30","2.20M","+0.64%"
"12/22/2015","139.60","141.20","141.20","138.90","3.72M","-1.13%"
"12/21/2015","141.20","140.40","141.60","139.80","4.17M","+0.50%"
"12/18/2015","140.50","139.70","141.20","138.60","5.62M","-0.07%"
"12/17/2015","140.60","139.40","141.00","137.70","7.21M","+1.22%"
"12/16/2015","138.90","138.00","139.40","136.80","5.97M","+1.17%"
"12/15/2015","137.30","134.80","137.80","133.50","5.28M","+1.85%"
"12/14/2015","134.80","132.80","135.50","132.60","4.36M","+0.97%"
"12/11/2015","133.50","136.40","136.40","132.80","2.86M","-1.55%"
"12/10/2015","135.60","133.90","136.10","133.00","3.08M","+1.42%"
"12/09/2015","133.70","134.50","135.30","133.20","1.49M","-0.82%"
"12/08/2015","134.80","133.60","135.60","133.40","3.46M","+0.37%"
"12/07/2015","134.30","133.00","134.80","132.80","2.26M","+1.05%"
"12/04/2015","132.90","134.40","135.10","132.20","6.32M","-1.56%"
"12/03/2015","135.00","135.20","136.70","134.20","2.00M","-0.81%"
"12/02/2015","136.10","138.20","138.50","135.40","1.95M","-1.16%"
"12/01/2015","137.70","138.70","139.10","137.30","2.18M","-0.58%"
"11/30/2015","138.50","139.50","139.50","137.70","3.40M","-0.93%"
"11/27/2015","139.80","137.00","140.60","136.60","6.15M","+2.04%"
"11/26/2015","137.00","136.00","137.50","135.30","2.34M","+1.11%"
"11/24/2015","135.50","136.60","137.10","135.10","2.29M","-0.95%"
"11/23/2015","136.80","137.70","138.80","136.00","2.94M","+0.22%"
"11/20/2015","136.50","136.00","138.50","135.70","5.11M","+0.07%"
"11/19/2015","136.40","135.20","136.80","134.00","3.18M","+1.34%"
"11/18/2015","134.60","134.20","136.60","133.50","3.51M","-0.59%"
"11/17/2015","135.40","136.20","136.20","134.50","2.36M","-0.29%"
"11/16/2015","135.80","133.20","137.90","133.20","5.56M","+1.42%"
"11/13/2015","133.90","130.70","134.80","129.40","4.44M","+2.14%"
"11/11/2015","131.10","131.40","131.90","130.80","776.21K","+1.31%"
"11/10/2015","129.40","130.60","131.60","129.00","3.26M","-1.97%"
"11/09/2015","132.00","128.60","132.70","126.90","5.85M","+0.53%"
"11/06/2015","131.30","129.70","133.10","129.40","2.85M","+0.92%"
"11/05/2015","130.10","134.40","134.40","129.60","4.66M","-3.34%"
"11/04/2015","134.60","137.50","137.80","134.00","2.19M","-1.46%"
"11/03/2015","136.60","137.60","138.00","135.10","5.38M","-0.51%"
"11/02/2015","137.30","137.60","137.80","136.00","4.66M","-0.15%"
"10/30/2015","137.50","133.00","138.80","132.30","22.08M","+3.54%"
"10/29/2015","132.80","134.60","135.00","132.20","9.25M","-1.12%"
"10/28/2015","134.30","131.70","135.40","131.60","7.53M","+1.67%"
"10/27/2015","132.10","132.30","133.20","131.50","3.00M","-0.23%"
"10/26/2015","132.40","133.80","133.80","130.90","2.89M","-0.45%"
"10/23/2015","133.00","132.80","133.60","132.00","4.31M","+1.29%"
"10/21/2015","131.30","130.80","132.00","130.00","5.58M","+0.38%"
"10/20/2015","130.80","131.80","132.40","129.40","4.82M","-0.68%"
"10/19/2015","131.70","132.00","132.60","130.70","3.28M","-0.15%"
"10/16/2015","131.90","130.30","132.40","129.00","4.56M","+0.92%"
"10/15/2015","130.70","131.10","132.80","130.40","4.25M","+0.08%"
"10/14/2015","130.60","131.20","132.50","130.20","3.27M","-0.46%"
"10/13/2015","131.20","132.10","133.00","130.20","2.28M","-0.91%"
"10/12/2015","132.40","132.20","133.90","131.30","3.03M","+0.38%"
"10/09/2015","131.90","131.20","132.40","130.80","4.60M","+0.92%"
"10/08/2015","130.70","132.70","132.80","129.90","7.33M","-1.06%"
"10/07/2015","132.10","131.00","133.00","130.20","3.89M","+0.69%"
"10/06/2015","131.20","131.80","132.40","128.40","5.29M","+0.46%"
"10/05/2015","130.60","130.00","132.00","127.50","6.38M","+1.87%"
"10/01/2015","128.20","129.20","130.90","127.60","4.81M","-1.08%"
"09/30/2015","129.60","130.60","131.60","128.50","4.61M","-0.54%"
"09/29/2015","130.30","126.20","131.40","124.80","7.46M","+1.64%"
"09/28/2015","128.20","130.60","132.00","127.70","4.24M","-2.06%"
"09/24/2015","130.90","131.60","132.40","128.40","9.07M","-0.61%"
"09/23/2015","131.70","126.20","132.40","126.20","4.60M","+2.49%"
"09/22/2015","128.50","134.00","134.00","127.70","5.26M","-3.46%"
"09/21/2015","133.10","131.80","133.80","130.80","5.11M","+1.22%"
"09/18/2015","131.50","128.60","133.60","126.90","14.72M","+2.57%"
"09/16/2015","128.20","128.70","129.40","127.00","3.81M","+0.16%"
"09/15/2015","128.00","128.50","129.10","127.00","3.68M","-0.93%"
"09/14/2015","129.20","126.40","129.90","126.10","4.76M","+2.38%"
"09/11/2015","126.20","126.60","128.40","125.50","4.76M","-0.71%"
"09/10/2015","127.10","124.80","128.00","122.40","5.91M","+0.16%"
"09/09/2015","126.90","125.60","127.80","125.20","6.33M","+2.26%"
"09/08/2015","124.10","120.80","124.90","120.10","7.79M","+3.33%"
"09/07/2015","120.10","121.00","122.60","119.00","6.18M","-0.99%"
"09/04/2015","121.30","124.80","124.80","118.90","8.48M","-3.27%"
"09/03/2015","125.40","121.90","126.00","121.00","9.18M","+3.04%"
"09/02/2015","121.70","123.60","123.80","120.20","8.74M","-0.90%"
"09/01/2015","122.80","129.40","129.50","121.70","11.29M","-5.76%"
"08/31/2015","130.30","128.40","131.80","127.50","2.91M","+0.62%"
"08/28/2015","129.50","131.80","132.40","128.20","6.09M","-0.46%"
"08/27/2015","130.10","125.00","131.10","125.00","9.75M","+3.75%"
"08/26/2015","125.40","127.90","129.50","124.70","6.37M","-1.95%"
"08/25/2015","127.90","131.60","132.10","124.40","8.82M","-1.24%"
"08/24/2015","129.50","134.40","135.00","126.10","12.48M","-5.89%"
"08/21/2015","137.60","137.90","140.00","136.00","6.15M","-1.36%"
"08/20/2015","139.50","142.60","143.00","138.60","4.08M","-2.11%"
"08/19/2015","142.50","140.90","143.70","139.50","4.73M","+1.06%"
"08/18/2015","141.00","144.00","144.30","139.80","2.37M","-2.08%"
"08/17/2015","144.00","143.80","145.00","141.10","3.81M","+0.35%"
"08/14/2015","143.50","138.50","143.90","138.40","4.11M","+3.84%"
"08/13/2015","138.20","137.60","139.00","136.60","2.96M","+0.73%"
"08/12/2015","137.20","140.60","140.80","136.50","3.93M","-2.63%"
"08/11/2015","140.90","141.40","142.20","140.00","3.46M","-0.42%"
"08/10/2015","141.50","141.60","143.30","140.40","4.83M","+0.35%"
"08/07/2015","141.00","141.20","142.50","140.30","4.39M","-0.28%"
"08/06/2015","141.40","138.80","142.00","138.20","5.93M","+2.17%"
"08/05/2015","138.40","139.00","139.10","136.70","7.40M","+0.14%"
"08/04/2015","138.20","138.80","139.80","136.00","7.33M","+0.14%"
"08/03/2015","138.00","139.00","141.10","137.40","7.29M","-0.79%"
"07/31/2015","139.10","139.40","141.70","136.80","24.72M","-3.00%"
"07/30/2015","143.40","146.70","146.80","142.80","12.01M","-1.24%"
"07/29/2015","145.20","146.40","147.50","144.20","4.67M","-0.48%"
"07/28/2015","145.90","143.60","146.30","143.50","4.23M","+2.03%"
"07/27/2015","143.00","143.90","144.90","142.60","3.93M","-1.31%"
"07/24/2015","144.90","144.00","146.00","143.50","3.75M","+0.56%"
"07/23/2015","144.10","145.80","147.00","143.60","4.61M","-1.10%"
"07/22/2015","145.70","143.80","146.70","143.50","3.29M","+1.11%"
"07/21/2015","144.10","147.00","149.00","143.60","4.84M","-2.17%"
"07/20/2015","147.30","147.00","148.00","145.00","4.12M","+0.48%"
"07/17/2015","146.60","147.40","147.60","145.40","5.79M","-1.08%"
"07/16/2015","148.20","142.80","148.60","142.40","11.09M","+4.00%"
"07/15/2015","142.50","142.20","143.00","141.50","4.47M","+0.28%"
"07/14/2015","142.10","143.00","143.00","140.80","5.86M","-0.63%"
"07/13/2015","143.00","142.60","143.60","140.60","4.78M","+0.78%"
"07/10/2015","141.90","141.40","142.30","139.30","6.92M","+0.64%"
"07/09/2015","141.00","142.20","144.00","140.20","3.90M","-0.28%"
"07/08/2015","141.40","140.80","142.40","138.60","11.71M","-0.84%"
"07/07/2015","142.60","145.00","145.90","142.10","11.74M","-1.25%"
"07/06/2015","144.40","144.00","146.40","143.00","21.56M","+1.05%"
"07/03/2015","142.90","144.30","146.10","141.80","16.48M","-0.42%"
"07/02/2015","143.50","141.40","143.90","140.30","8.39M","+1.92%"
"07/01/2015","140.80","138.00","143.00","137.70","9.22M","+1.59%"
"06/30/2015","138.60","137.80","140.40","137.40","9.40M","+1.32%"
"06/29/2015","136.80","135.80","137.90","134.20","5.33M","-0.87%"
"06/26/2015","138.00","139.00","139.20","137.40","5.05M","-1.92%"
"06/25/2015","140.70","137.50","141.40","136.90","13.36M","+1.66%"
"06/24/2015","138.40","138.00","139.50","136.60","5.89M","+0.29%"
"06/23/2015","138.00","135.90","138.50","134.80","7.40M","+1.62%"
"06/22/2015","135.80","133.70","137.40","132.80","6.23M","+2.26%"
"06/19/2015","132.80","130.80","133.80","126.20","4.30M","+1.61%"
"06/18/2015","130.70","129.90","131.40","129.00","10.09M","+0.93%"
"06/17/2015","129.50","129.60","130.20","128.00","8.36M","+0.47%"
"06/16/2015","128.90","126.70","129.60","126.20","6.12M","-0.08%"
"06/15/2015","129.00","131.30","131.50","125.80","9.80M","-1.60%"
"06/12/2015","131.10","127.20","132.00","126.40","7.89M","+2.34%"
"06/11/2015","128.10","133.80","134.40","127.10","7.87M","-4.04%"
"06/10/2015","133.50","133.10","134.60","132.50","4.19M","+0.30%"
"06/09/2015","133.10","134.90","136.50","132.50","4.92M","-1.63%"
"06/08/2015","135.30","136.00","136.20","134.20","3.55M","-0.22%"
"06/05/2015","135.60","135.70","136.60","135.00","5.34M","-0.66%"
"06/04/2015","136.50","135.00","137.00","134.00","7.26M","+1.41%"
"06/03/2015","134.60","136.40","136.40","133.60","8.05M","-0.96%"
"06/02/2015","135.90","139.10","139.40","135.20","7.37M","-2.44%"
"06/01/2015","139.30","140.00","141.00","138.70","5.01M","-0.43%"
"05/29/2015","139.90","135.70","140.50","135.70","6.56M","+2.27%"
"05/28/2015","136.80","137.50","138.50","136.40","15.98M","-0.51%"
"05/27/2015","137.50","137.50","138.30","136.80","6.52M","-0.51%"
"05/26/2015","138.20","137.30","138.90","136.20","3.81M","+0.51%"
"05/25/2015","137.50","138.50","139.40","135.80","6.19M","-0.87%"
"05/22/2015","138.70","139.30","140.30","137.80","4.44M","-0.79%"
"05/21/2015","139.80","138.10","140.10","136.80","5.42M","+0.94%"
"05/20/2015","138.50","138.20","139.60","137.90","5.33M","+0.58%"
"05/19/2015","137.70","136.40","139.40","136.20","7.84M","+0.95%"
"05/18/2015","136.40","133.80","136.80","133.50","5.24M","+1.41%"
"05/15/2015","134.50","133.40","135.20","132.80","7.81M","+1.36%"
"05/14/2015","132.70","133.20","133.40","131.50","8.46M","-1.12%"
"05/13/2015","134.20","132.20","135.10","131.10","9.09M","+1.74%"
"05/12/2015","131.90","133.60","133.60","130.80","6.85M","-1.49%"
"05/11/2015","133.90","133.50","135.10","132.40","7.10M","+0.68%"
"05/08/2015","133.00","131.70","135.10","131.50","10.87M","+1.68%"
"05/07/2015","130.80","135.20","135.20","129.20","14.55M","-3.18%"
"05/06/2015","135.10","143.10","143.50","134.30","23.52M","-5.06%"
"05/05/2015","142.30","134.80","142.90","134.20","33.41M","+6.27%"
"05/04/2015","133.90","130.60","134.20","130.60","6.38M","+0.45%"
"04/30/2015","133.30","132.00","134.00","129.70","21.57M","+0.23%"
"04/29/2015","133.00","133.90","133.90","131.00","6.13M","-0.89%"
"04/28/2015","134.20","133.20","136.20","131.30","9.74M","+0.37%"
"04/27/2015","133.70","136.90","138.40","132.50","5.95M","-2.27%"
"04/24/2015","136.80","137.60","139.00","133.60","8.46M","-0.73%"
"04/23/2015","137.80","136.90","138.80","134.80","5.06M","+1.17%"
"04/22/2015","136.20","135.50","138.10","130.40","8.50M","+0.67%"
"04/21/2015","135.30","137.10","138.00","134.60","9.94M","-1.31%"
"04/20/2015","137.10","138.20","138.70","136.00","12.15M","-1.15%"
"04/17/2015","138.70","141.30","142.10","137.20","5.86M","-2.19%"
"04/16/2015","141.80","144.30","144.60","140.80","7.28M","-1.80%"
"04/15/2015","144.40","144.70","147.50","143.00","25.21M","-0.14%"
"04/13/2015","144.60","142.20","145.40","141.00","8.13M","+1.69%"
"04/10/2015","142.20","143.80","143.90","141.30","8.83M","-0.63%"
"04/09/2015","143.10","137.90","144.40","136.60","16.09M","+4.30%"
"04/08/2015","137.20","138.70","139.50","136.70","3.02M","-1.08%"
"04/07/2015","138.70","140.00","141.30","137.00","15.74M","-0.79%"
"04/06/2015","139.80","137.00","140.40","135.20","11.08M","+2.72%"
"04/01/2015","136.10","132.30","136.90","130.50","4.83M","+3.66%"
"03/31/2015","131.30","131.50","132.50","130.00","3.82M","+0.08%"
"03/30/2015","131.20","130.10","132.00","129.10","8.52M","+1.00%"
"03/27/2015","129.90","132.00","132.40","127.60","4.89M","-0.46%"
"03/26/2015","130.50","131.50","133.90","130.00","19.96M","-1.66%"
"03/25/2015","132.70","133.80","134.20","131.80","3.69M","-1.04%"
"03/24/2015","134.10","132.60","136.20","132.60","3.24M","+0.37%"
"03/23/2015","133.60","134.20","134.40","132.60","4.68M","-0.30%"
"03/20/2015","134.00","132.10","134.40","130.70","7.95M","+1.06%"
"03/19/2015","132.60","135.00","136.30","131.60","7.61M","-1.27%"
"03/18/2015","134.30","134.00","134.80","132.40","5.82M","+0.22%"
"03/17/2015","134.00","132.50","134.70","131.30","4.37M","+1.90%"
"03/16/2015","131.50","133.70","134.40","130.40","8.27M","-1.94%"
"03/13/2015","134.10","139.00","139.00","133.50","3.83M","-2.12%"
"03/12/2015","137.00","138.70","139.10","135.50","4.11M","-0.44%"
"03/11/2015","137.60","134.30","138.50","134.00","5.42M","+2.08%"
"03/10/2015","134.80","136.80","137.20","131.90","7.29M","-1.25%"
"03/09/2015","136.50","140.50","140.50","135.90","7.27M","-3.33%"
"03/05/2015","141.20","140.40","142.20","140.20","14.30M","+0.14%"
"03/04/2015","141.00","143.60","145.80","140.00","40.13M","+0.07%"
"03/03/2015","140.90","140.90","141.80","140.40","16.28M","+0.28%"
"03/02/2015","140.50","140.40","142.50","139.90","18.06M","+5.01%"
"02/27/2015","133.80","132.70","134.40","132.00","6.26M","+0.38%"
"02/26/2015","133.30","134.10","134.90","131.50","19.28M","-0.74%"
"02/25/2015","134.30","135.60","136.60","133.80","19.25M","-0.52%"
"02/24/2015","135.00","131.70","135.40","131.40","30.13M","+2.51%"
"02/23/2015","131.70","133.20","133.50","130.70","17.79M","+1.46%"
"02/20/2015","129.80","130.70","131.50","129.00","5.98M","-0.69%"
"02/19/2015","130.70","131.00","131.70","128.50","6.48M","-0.08%"
"02/18/2015","130.80","129.20","131.20","128.40","6.88M","+1.24%"
"02/16/2015","129.20","132.30","132.30","128.50","5.49M","-1.37%"
"02/13/2015","131.00","130.00","132.30","128.30","11.46M","+1.00%"
"02/12/2015","129.70","130.20","130.60","127.90","10.26M","-0.15%"
"02/11/2015","129.90","129.70","130.20","128.00","5.62M","+1.01%"
"02/10/2015","128.60","124.90","129.90","124.90","14.26M","+1.58%"
"02/09/2015","126.60","125.10","128.30","123.60","8.24M","-0.08%"
"02/06/2015","126.70","128.80","128.80","126.30","6.08M","-1.63%"
"02/05/2015","128.80","128.80","130.90","127.70","9.16M","-0.31%"
"02/04/2015","129.20","130.90","132.80","128.50","11.78M","-1.07%"
"02/03/2015","130.60","136.10","136.60","130.00","15.31M","-3.40%"
"02/02/2015","135.20","132.00","136.00","130.40","16.56M","+2.27%"
"01/30/2015","132.20","134.00","134.90","131.70","13.99M","-0.68%"
"01/29/2015","133.10","134.90","135.50","132.50","22.50M","-1.48%"
"01/28/2015","135.10","138.30","139.00","134.70","37.20M","-2.67%"
"01/27/2015","138.80","138.30","139.30","136.20","8.43M","+0.22%"
"01/23/2015","138.50","139.20","139.60","138.20","7.77M","-0.22%"
"01/22/2015","138.80","138.70","139.80","137.00","20.00M","+0.00%"
"01/21/2015","138.80","139.60","141.90","138.50","13.42M","-0.57%"
"01/20/2015","139.60","139.20","140.10","138.30","18.92M","+0.50%"
"01/19/2015","138.90","139.30","139.90","138.20","8.78M","-0.43%"
"01/16/2015","139.50","138.70","140.00","138.00","13.40M","-0.36%"
"01/15/2015","140.00","143.80","144.40","139.20","19.85M","+0.65%"
"01/14/2015","139.10","139.40","139.80","137.70","7.59M","-0.14%"
"01/13/2015","139.30","137.20","141.00","136.80","9.61M","+1.60%"
"01/12/2015","137.10","136.10","138.70","134.80","8.43M","+0.73%"
"01/09/2015","136.10","135.40","137.00","134.10","32.19M","+1.49%"
"01/08/2015","134.10","130.00","135.30","128.60","34.55M","+5.42%"
"01/07/2015","127.20","124.80","130.40","124.80","17.86M","+1.68%"
"01/06/2015","125.10","125.50","126.20","123.40","11.35M","-1.18%"
"01/05/2015","126.60","127.20","127.90","126.20","3.05M","-0.47%"
"01/02/2015","127.20","126.10","127.90","125.80","6.32M","+1.03%"
"01/01/2015","125.90","126.40","126.50","125.10","2.51M","-0.40%"
"12/31/2014","126.40","124.40","127.30","124.00","4.49M","+1.36%"
"12/30/2014","124.70","124.40","125.10","123.20","3.59M","+0.24%"
"12/29/2014","124.40","125.60","126.00","124.10","4.58M","-0.72%"
"12/26/2014","125.30","124.70","125.80","123.50","3.52M","+0.64%"
"12/24/2014","124.50","124.10","125.40","123.60","13.59M","+0.08%"
"12/23/2014","124.40","126.40","127.20","123.80","6.82M","-1.11%"
"12/22/2014","125.80","124.00","126.50","124.00","7.18M","+1.78%"
"12/19/2014","123.60","126.00","126.60","123.20","18.78M","-1.28%"
"12/18/2014","125.20","125.70","127.00","124.00","8.62M","+0.56%"
"12/17/2014","124.50","127.60","127.60","123.80","22.64M","-3.04%"
"12/16/2014","128.40","130.10","130.70","127.10","9.91M","-1.91%"
"12/15/2014","130.90","124.20","131.60","124.20","15.02M","+4.97%"
"12/12/2014","124.70","125.10","125.40","124.20","6.18M","+0.08%"
"12/11/2014","124.60","123.10","125.30","123.10","10.37M","+0.89%"
"12/10/2014","123.50","122.90","124.50","122.60","5.55M","+0.24%"
"12/09/2014","123.20","124.20","124.40","122.50","6.41M","-1.12%"
"12/08/2014","124.60","124.30","125.40","123.00","7.50M","+0.48%"
"12/05/2014","124.00","123.20","124.90","122.40","10.34M","+1.31%"
"12/04/2014","122.40","122.10","123.30","120.50","6.50M","+0.25%"
"12/03/2014","122.10","121.60","122.90","121.10","9.18M","+0.49%"
"12/02/2014","121.50","119.00","122.30","119.00","10.48M","+1.08%"
"12/01/2014","120.20","120.50","123.20","119.60","13.05M","+0.00%"
"11/28/2014","120.20","116.40","120.80","116.40","11.91M","+3.80%"
"11/27/2014","115.80","116.60","116.70","114.60","17.54M","-0.17%"
"11/26/2014","116.00","116.40","117.20","114.70","13.61M","-0.09%"
"11/25/2014","116.10","119.40","120.20","115.40","22.23M","-3.25%"
"11/24/2014","120.00","120.50","121.40","117.60","16.65M","+0.08%"
"11/21/2014","119.90","120.60","126.50","118.30","63.14M","+3.63%"
"11/20/2014","115.70","109.50","116.30","109.00","36.34M","+7.33%"
"11/19/2014","107.80","108.60","108.90","106.00","10.42M","-0.65%"
"11/18/2014","108.50","111.00","111.40","108.30","7.16M","-2.08%"
"11/17/2014","110.80","109.50","111.60","104.00","7.23M","+1.28%"
"11/14/2014","109.40","111.10","111.30","108.60","5.20M","-1.62%"
"11/13/2014","111.20","112.80","112.90","110.70","6.30M","-1.24%"
"11/12/2014","112.60","111.20","113.30","110.40","8.98M","+1.72%"
"11/11/2014","110.70","110.90","111.60","110.00","4.93M","-0.18%"
"11/10/2014","110.90","112.50","113.20","110.50","4.55M","-1.25%"
"11/07/2014","112.30","113.80","113.80","110.40","11.93M","-0.44%"
"11/05/2014","112.80","111.30","114.00","110.30","9.23M","+1.62%"
"11/03/2014","111.00","111.90","112.10","109.80","7.44M","-0.72%"
"10/31/2014","111.80","110.20","112.20","109.40","6.14M","+2.19%"
"10/30/2014","109.40","107.60","110.00","107.50","8.41M","+1.30%"
"10/29/2014","108.00","108.70","108.70","107.10","11.54M","-0.28%"
"10/28/2014","108.30","108.90","109.40","107.70","4.52M","-0.18%"
"10/27/2014","108.50","106.70","109.20","106.50","9.60M","+2.17%"
"10/23/2014","106.20","106.80","107.00","105.70","1.27M","-0.09%"
"10/22/2014","106.30","102.10","106.80","102.00","31.21M","+4.83%"
"10/21/2014","101.40","100.80","101.70","100.00","16.43M","+1.00%"
"10/20/2014","100.40","101.50","103.30","100.10","11.66M","+0.40%"
"10/17/2014","100.00","99.70","100.50","98.00","11.41M","+0.81%"
"10/16/2014","99.20","100.80","100.90","98.20","9.14M","-2.07%"
"10/14/2014","101.30","101.20","102.10","100.20","4.73M","+0.50%"
"10/13/2014","100.80","99.90","101.30","98.80","7.82M","+0.50%"
"10/10/2014","100.30","101.70","101.90","99.70","7.55M","-1.96%"
"10/09/2014","102.30","100.40","102.60","100.20","14.51M","+2.30%"
"10/08/2014","100.00","100.70","101.10","99.70","12.46M","-0.60%"
"10/07/2014","100.60","100.70","101.30","99.60","13.93M","-0.59%"
"10/01/2014","101.20","100.80","101.50","100.10","10.77M","-0.10%"
"09/30/2014","101.30","101.30","102.90","100.70","8.64M","+1.00%"
"09/29/2014","100.30","102.40","102.40","99.60","3.65M","-2.05%"
"09/26/2014","102.40","102.50","103.60","101.10","11.55M","-0.39%"
"09/25/2014","102.80","103.00","105.70","102.50","18.17M","-0.77%"
"09/24/2014","103.60","104.10","104.80","102.80","6.55M","-0.48%"
"09/23/2014","104.10","104.20","105.40","102.90","6.00M","-0.29%"
"09/22/2014","104.40","105.60","106.00","103.50","5.22M","-1.88%"
"09/19/2014","106.40","104.70","106.90","104.60","11.66M","+1.53%"
"09/18/2014","104.80","101.90","105.10","101.90","4.18M","+2.54%"
"09/17/2014","102.20","103.00","103.50","102.00","5.52M","-0.49%"
"09/16/2014","102.70","105.00","105.40","102.40","6.39M","-1.82%"
"09/15/2014","104.60","106.50","106.60","104.20","8.62M","-2.15%"
"09/12/2014","106.90","105.80","107.20","105.70","11.01M","+0.38%"
"09/11/2014","106.50","106.30","107.40","105.80","9.41M","+0.00%"
"09/10/2014","106.50","107.00","107.40","106.00","6.62M","-0.75%"
"09/09/2014","107.30","107.60","108.70","107.00","3.26M","-0.28%"
"09/08/2014","107.60","108.00","108.60","106.10","5.02M","-0.19%"
"09/05/2014","107.80","105.80","108.60","105.40","6.34M","+1.79%"
"09/04/2014","105.90","105.40","106.60","104.60","6.67M","+0.19%"
"09/03/2014","105.70","106.70","106.70","104.80","5.71M","-0.09%"
"09/02/2014","105.80","104.80","106.20","103.50","4.83M","+0.95%"
"09/01/2014","104.80","104.20","105.40","104.20","4.55M","+0.96%"
"08/28/2014","103.80","104.40","104.90","103.30","14.85M","-0.19%"
"08/27/2014","104.00","105.60","106.00","103.10","12.31M","-1.33%"
"08/26/2014","105.40","104.50","106.00","104.00","9.60M","+0.86%"
"08/25/2014","104.50","103.10","105.40","102.60","5.28M","+1.36%"
"08/22/2014","103.10","102.00","103.50","101.90","14.53M","+1.18%"
"08/21/2014","101.90","99.80","102.80","99.80","18.23M","+1.90%"
"08/20/2014","100.00","98.40","100.20","97.50","12.79M","+1.94%"
"08/19/2014","98.10","97.00","98.60","96.60","12.08M","+1.45%"
"08/18/2014","96.70","95.00","97.40","94.50","6.46M","+1.47%"
"08/14/2014","95.30","96.30","96.30","94.50","10.20M","-0.42%"
"08/13/2014","95.70","96.50","97.00","95.10","10.77M","-0.83%"
"08/12/2014","96.50","95.20","97.00","94.30","5.89M","+1.58%"
"08/11/2014","95.00","93.60","95.80","93.30","7.36M","+1.93%"
"08/08/2014","93.20","93.30","93.50","91.90","7.81M","-0.85%"
"08/07/2014","94.00","92.80","94.90","92.60","8.27M","+0.86%"
"08/06/2014","93.20","93.40","94.30","92.50","7.79M","-0.64%"
"08/05/2014","93.80","94.30","94.30","92.70","8.57M","+0.00%"
"08/04/2014","93.80","93.10","94.20","92.80","6.64M","+1.41%"
"08/01/2014","92.50","94.80","95.30","92.20","12.73M","-3.04%"
"07/31/2014","95.40","97.40","98.00","94.90","16.90M","-2.05%"
"07/30/2014","97.40","94.30","97.70","93.90","10.30M","+3.51%"
"07/28/2014","94.10","94.50","95.20","92.30","9.02M","-0.42%"
"07/25/2014","94.50","93.90","95.30","93.30","10.18M","+0.64%"
"07/24/2014","93.90","93.20","94.10","92.90","11.66M","+0.64%"
"07/23/2014","93.30","94.90","95.40","93.00","8.38M","-1.69%"
"07/22/2014","94.90","94.50","95.30","93.20","7.18M","+0.85%"
"07/21/2014","94.10","96.70","96.70","93.60","21.69M","+0.53%"
"07/18/2014","93.60","91.50","94.80","90.20","23.69M","+2.30%"
"07/17/2014","91.50","88.50","91.80","88.10","31.85M","+3.39%"
"07/16/2014","88.50","88.00","88.80","86.60","20.50M","+1.49%"
"07/15/2014","87.20","86.30","87.40","85.50","10.47M","+1.99%"
"07/14/2014","85.50","86.20","86.40","85.20","12.14M","-0.35%"
"07/11/2014","85.80","87.90","88.30","84.70","28.18M","-0.92%"
"07/10/2014","86.60","86.40","88.70","85.30","14.17M","+0.23%"
"07/09/2014","86.40","87.40","87.80","85.40","8.15M","-0.92%"
"07/08/2014","87.20","88.20","89.30","86.60","11.60M","+0.11%"
"07/07/2014","87.10","87.80","88.40","85.30","143.19M","-1.25%"
"07/04/2014","88.20","89.00","89.50","87.70","7.11M","-1.01%"
"07/03/2014","89.10","89.30","90.20","88.80","4.12M","-0.22%"
"07/02/2014","89.30","88.70","89.70","88.30","3.37M","+1.02%"
"07/01/2014","88.40","88.60","88.90","88.00","3.24M","+0.00%"
"06/30/2014","88.40","86.10","88.60","86.10","4.33M","+2.08%"
"06/27/2014","86.60","87.00","87.30","85.50","4.72M","+0.00%"
"06/26/2014","86.60","88.40","89.00","85.60","11.17M","-2.04%"
"06/25/2014","88.40","89.50","89.50","87.60","5.23M","+0.57%"
"06/24/2014","87.90","89.80","90.00","87.30","17.05M","-1.79%"
"06/23/2014","89.50","92.50","92.60","88.90","8.14M","-3.87%"
"06/20/2014","93.10","92.60","94.20","92.00","3.80M","+0.76%"
"06/19/2014","92.40","96.20","96.30","91.90","6.94M","-3.75%"
"06/18/2014","96.00","94.50","97.20","94.50","16.09M","+2.45%"
"06/17/2014","93.70","92.80","94.20","91.20","6.26M","+0.75%"
"06/16/2014","93.00","92.00","93.30","90.50","5.61M","+1.42%"
"06/13/2014","91.70","93.50","95.00","91.40","5.77M","-1.82%"
"06/12/2014","93.40","93.30","94.00","91.80","5.38M","+0.54%"
"06/11/2014","92.90","90.40","93.40","90.20","11.22M","+3.22%"
"06/10/2014","90.00","90.30","90.40","88.20","4.31M","+0.00%"
"06/09/2014","90.00","91.00","91.70","89.60","7.78M","-0.33%"
"06/06/2014","90.30","87.30","90.80","86.60","17.84M","+3.91%"
"06/05/2014","86.90","86.20","87.30","85.30","8.72M","+0.93%"
"06/04/2014","86.10","87.20","87.30","85.70","3.24M","-1.37%"
"06/03/2014","87.30","88.70","89.10","86.60","6.99M","-1.58%"
"06/02/2014","88.70","86.60","89.10","85.30","5.27M","+2.07%"
"05/30/2014","86.90","86.50","87.60","84.20","12.85M","+1.05%"
"05/29/2014","86.00","86.30","87.20","85.40","13.53M","+0.12%"
"05/28/2014","85.90","87.00","87.00","85.20","7.86M","-1.38%"
"05/27/2014","87.10","86.00","87.40","85.00","7.31M","+1.16%"
"05/26/2014","86.10","88.00","89.00","85.20","12.40M","-1.94%"
"05/23/2014","87.80","89.40","89.80","87.30","10.68M","-1.68%"
"05/22/2014","89.30","90.00","91.00","88.70","6.94M","-0.45%"
"05/21/2014","89.70","90.20","90.60","88.40","7.43M","-0.66%"
"05/20/2014","90.30","92.00","92.00","89.80","9.32M","-1.53%"
"05/19/2014","91.70","90.90","93.20","90.70","10.02M","+1.21%"
"05/16/2014","90.60","88.60","95.10","88.60","20.70M","+4.14%"
"05/15/2014","87.00","85.80","87.50","85.80","7.74M","+1.28%"
"05/14/2014","85.90","86.00","88.50","85.30","7.27M","-0.23%"
"05/13/2014","86.10","85.50","86.90","84.80","11.28M","+1.18%"
"05/12/2014","85.10","85.20","86.50","84.70","9.40M","+0.00%"
"05/09/2014","85.10","81.30","85.50","81.10","10.67M","+4.80%"
"05/08/2014","81.20","81.20","82.00","80.70","9.13M","+0.25%"
"05/07/2014","81.00","80.00","81.60","80.00","5.20M","+0.37%"
"05/06/2014","80.70","81.00","81.20","80.10","3.66M","-0.12%"
"05/05/2014","80.80","79.80","81.20","79.80","3.45M","+0.62%"
"05/02/2014","80.30","80.40","81.10","79.90","5.32M","+0.00%"
"04/30/2014","80.30","80.50","81.90","79.60","7.71M","-0.50%"
"04/29/2014","80.70","82.10","82.50","80.40","4.77M","-2.06%"
"04/28/2014","82.40","80.80","83.00","79.70","7.34M","+1.98%"
"04/25/2014","80.80","82.20","83.50","80.60","6.89M","-1.70%"
"04/23/2014","82.20","80.00","83.00","79.70","12.93M","+2.62%"
"04/22/2014","80.10","80.30","80.70","79.60","4.71M","+0.00%"
"04/21/2014","80.10","80.70","80.90","79.50","15.61M","+0.00%"
"04/17/2014","80.10","78.40","80.40","78.00","5.78M","+2.17%"
"04/16/2014","78.40","79.00","79.20","77.40","4.16M","-0.88%"
"04/15/2014","79.10","80.50","80.50","78.30","5.77M","-1.86%"
"04/11/2014","80.60","79.50","80.80","79.20","7.81M","+0.37%"
"04/10/2014","80.30","78.30","81.20","78.00","12.24M","+2.29%"
"04/09/2014","78.50","77.50","78.50","76.70","10.45M","+2.08%"
"04/07/2014","76.90","75.70","77.20","75.30","8.46M","+1.85%"
"04/04/2014","75.50","75.20","76.10","75.00","5.10M","-0.66%"
"04/03/2014","76.00","77.10","77.20","75.60","7.55M","-1.30%"
"04/02/2014","77.00","76.80","77.30","75.90","11.48M","+0.79%"
"04/01/2014","76.40","78.20","78.20","75.20","8.05M","-2.18%"
"03/31/2014","78.10","78.00","78.50","76.80","7.62M","+0.39%"
"03/28/2014","77.80","77.70","78.80","76.70","10.98M","+0.78%"
"03/27/2014","77.20","77.20","78.00","76.10","14.20M","+0.00%"
"03/26/2014","77.20","77.50","78.00","76.30","8.59M","-0.13%"
"03/25/2014","77.30","76.50","77.70","76.50","8.29M","+0.91%"
"03/24/2014","76.60","74.40","77.00","74.40","9.14M","+2.96%"
"03/21/2014","74.40","75.40","75.50","73.80","10.19M","-0.40%"
"03/20/2014","74.70","76.50","76.50","74.20","8.13M","-1.97%"
"03/19/2014","76.20","76.80","77.00","75.70","5.70M","-0.39%"
"03/18/2014","76.50","75.70","77.50","75.70","8.31M","+1.19%"
"03/14/2014","75.60","75.70","76.10","73.30","8.03M","-1.05%"
"03/13/2014","76.40","74.50","77.70","74.30","10.01M","+2.55%"
"03/12/2014","74.50","74.50","75.30","73.50","6.90M","+0.13%"
"03/11/2014","74.40","75.60","75.80","73.40","7.22M","-1.06%"
"03/10/2014","75.20","71.00","75.50","70.00","14.75M","+5.62%"
"03/07/2014","71.20","69.80","71.80","69.10","18.56M","+3.64%"
"03/06/2014","68.70","68.30","69.10","67.80","6.15M","+0.88%"
"03/05/2014","68.10","68.10","68.40","67.10","7.15M","+0.59%"
"03/04/2014","67.70","67.10","67.90","66.50","6.89M","+1.04%"
"03/03/2014","67.00","68.20","69.30","66.80","4.50M","-2.05%"
"02/28/2014","68.40","68.50","69.40","67.60","9.32M","-0.15%"
"02/26/2014","68.50","67.50","69.10","67.50","7.56M","+1.33%"
"02/25/2014","67.60","68.00","68.30","67.20","4.38M","-0.29%"
"02/24/2014","67.80","66.80","68.10","66.20","7.37M","+0.89%"
"02/21/2014","67.20","67.00","67.80","66.40","4.76M","+0.30%"
"02/20/2014","67.00","68.20","68.30","66.70","5.70M","-2.33%"
"02/19/2014","68.60","68.00","68.80","67.00","11.18M","+0.88%"
"02/18/2014","68.00","65.10","68.30","64.80","10.66M","+4.45%"
"02/17/2014","65.10","64.70","65.30","64.30","4.64M","+0.77%"
"02/14/2014","64.60","63.80","65.30","63.00","8.03M","+1.41%"
"02/13/2014","63.70","64.90","65.40","63.20","3.89M","-2.00%"
"02/12/2014","65.00","65.00","65.60","64.40","5.22M","+0.46%"
"02/11/2014","64.70","64.90","65.20","64.10","4.91M","+0.00%"
"02/10/2014","64.70","66.20","66.20","64.40","7.40M","-1.82%"
"02/07/2014","65.90","66.20","66.60","65.20","7.18M","-0.15%"
"02/06/2014","66.00","67.20","67.60","65.20","10.91M","-1.20%"
"02/05/2014","66.80","66.50","67.10","65.00","8.32M","+0.45%"
"02/04/2014","66.50","64.80","66.80","64.40","5.08M","+1.53%"
"02/03/2014","65.50","65.10","65.80","65.00","11.59M","-0.30%"
"01/31/2014","65.70","65.00","66.10","64.90","5.57M","+1.08%"
"01/30/2014","65.00","65.00","66.00","64.80","8.42M","-2.11%"
"01/29/2014","66.40","66.70","67.50","66.30","5.37M","+0.61%"
"01/28/2014","66.00","65.70","67.00","64.50","13.39M","+0.30%"
"01/27/2014","65.80","67.80","68.20","65.50","16.15M","-3.94%"
"01/24/2014","68.50","69.50","70.50","68.10","8.58M","-2.84%"
"01/23/2014","70.50","70.70","71.20","70.30","3.38M","-0.70%"
"01/22/2014","71.00","70.50","71.80","69.80","13.20M","+0.57%"
"01/21/2014","70.60","73.00","73.20","70.40","17.00M","-3.02%"
"01/20/2014","72.80","72.60","73.80","72.00","4.99M","+0.14%"
"01/17/2014","72.70","73.00","73.80","72.00","3.23M","-0.55%"
"01/16/2014","73.10","73.00","73.50","72.30","5.51M","+0.27%"
"01/15/2014","72.90","71.40","73.10","71.30","5.56M","+2.53%"
"01/14/2014","71.10","71.60","72.30","70.70","2.64M","-0.84%"
"01/13/2014","71.70","69.50","72.50","69.50","4.72M","+2.43%"
"01/10/2014","70.00","70.40","71.50","69.80","3.66M","-1.41%"
"01/09/2014","71.00","71.00","71.60","70.70","3.08M","-0.42%"
"01/08/2014","71.30","70.90","71.70","70.40","3.13M","+0.71%"
"01/07/2014","70.80","71.20","71.50","70.00","6.44M","-0.84%"
"01/06/2014","71.40","71.00","71.70","70.60","4.47M","+0.14%"
"01/03/2014","71.30","70.70","71.60","69.70","5.73M","+0.85%"
"01/02/2014","70.70","72.30","73.10","70.30","4.56M","-2.21%"
"01/01/2014","72.30","73.20","73.20","72.10","3.93M","-0.69%"
"12/31/2013","72.80","73.50","73.50","72.60","1.80M","-0.55%"
"12/30/2013","73.20","74.00","74.10","72.60","4.47M","-1.08%"
"12/27/2013","74.00","73.00","74.30","72.70","5.35M","+1.93%"
"12/26/2013","72.60","72.70","73.50","72.20","9.25M","-0.41%"
"12/24/2013","72.90","73.40","73.50","72.30","2.91M","-0.55%"
"12/23/2013","73.30","73.50","74.10","72.90","4.06M","+0.00%"
"12/20/2013","73.30","72.30","73.60","71.50","10.89M","+1.52%"
"12/19/2013","72.20","75.70","75.70","72.00","6.80M","-3.73%"
"12/18/2013","75.00","74.10","76.30","73.80","10.75M","+1.21%"
"12/17/2013","74.10","75.60","75.90","73.80","3.07M","-1.33%"
"12/16/2013","75.10","75.80","75.90","74.80","3.58M","-0.92%"
"12/13/2013","75.80","75.90","76.20","75.40","3.69M","-0.92%"
"12/12/2013","76.50","76.20","77.10","75.70","3.01M","-0.52%"
"12/11/2013","76.90","76.70","77.50","76.10","4.57M","-0.39%"
"12/10/2013","77.20","76.40","77.70","75.50","7.62M","+1.05%"
"12/09/2013","76.40","78.50","78.80","76.00","7.86M","+0.79%"
"12/06/2013","75.80","76.40","76.90","75.20","6.29M","-0.52%"
"12/05/2013","76.20","75.80","77.10","75.50","7.59M","+1.74%"
"12/04/2013","74.90","75.30","76.10","74.70","5.48M","-1.32%"
"12/03/2013","75.90","76.70","76.80","75.40","4.33M","-1.56%"
"12/02/2013","77.10","75.60","77.40","75.60","4.75M","+1.85%"
"11/29/2013","75.70","75.80","76.50","75.20","5.74M","+0.66%"
"11/28/2013","75.20","74.70","75.70","74.00","8.00M","+0.67%"
"11/27/2013","74.70","74.50","75.00","73.70","2.51M","+0.13%"
"11/26/2013","74.60","74.40","75.00","73.50","16.49M","+0.00%"
"11/25/2013","74.60","72.20","74.80","72.10","5.10M","+4.04%"
"11/22/2013","71.70","71.60","72.80","71.40","5.31M","+0.70%"
"11/21/2013","71.20","72.60","72.80","70.80","6.39M","-2.86%"
"11/20/2013","73.30","73.50","74.50","72.60","4.45M","-0.27%"
"11/19/2013","73.50","74.60","74.60","73.30","4.05M","-1.08%"
"11/18/2013","74.30","73.80","74.50","73.20","6.06M","+2.34%"
"11/14/2013","72.60","72.50","73.50","72.00","5.31M","+1.11%"
"11/13/2013","71.80","71.30","72.40","71.00","4.33M","+0.28%"
"11/12/2013","71.60","71.10","72.90","71.10","3.33M","+0.56%"
"11/11/2013","71.20","71.60","72.70","70.90","4.90M","-2.06%"
"11/08/2013","72.70","72.60","73.40","71.70","4.26M","-1.09%"
"11/07/2013","73.50","73.20","74.70","73.00","4.11M","+0.55%"
"11/06/2013","73.10","74.50","74.80","73.00","2.71M","-1.88%"
"11/05/2013","74.50","74.30","75.30","73.40","8.46M","-0.40%"
"11/01/2013","74.80","75.30","75.60","74.60","11.73M","-0.53%"
"10/31/2013","75.20","73.90","76.20","72.90","11.47M","+1.90%"
"10/30/2013","73.80","73.60","74.50","73.30","6.36M","+0.68%"
"10/29/2013","73.30","70.60","73.50","70.40","14.60M","+3.53%"
"10/28/2013","70.80","71.00","71.60","70.60","6.31M","+0.43%"
"10/25/2013","70.50","70.60","71.70","69.50","10.62M","-0.28%"
"10/24/2013","70.70","70.60","73.00","70.40","15.55M","-0.42%"
"10/23/2013","71.00","71.10","71.90","70.50","6.76M","+0.14%"
"10/22/2013","70.90","71.20","72.00","70.60","9.48M","-1.12%"
"10/21/2013","71.70","70.50","72.40","70.00","14.29M","+2.28%"
"10/18/2013","70.10","68.00","70.40","67.90","12.45M","+3.55%"
"10/17/2013","67.70","68.50","69.40","67.30","7.46M","-0.88%"
"10/15/2013","68.30","70.30","70.50","67.80","6.69M","-2.29%"
"10/14/2013","69.90","70.50","71.40","69.60","7.13M","-0.85%"
"10/11/2013","70.50","71.50","72.00","70.30","8.83M","-0.14%"
"10/10/2013","70.60","71.70","72.40","70.00","9.73M","-1.81%"
"10/09/2013","71.90","68.70","72.40","68.50","5.94M","+3.45%"
"10/08/2013","69.50","70.60","71.70","68.60","5.23M","+1.16%"
"10/07/2013","68.70","69.30","70.00","67.70","4.90M","-1.29%"
"10/04/2013","69.60","69.80","70.80","69.00","7.77M","-0.57%"
"10/03/2013","70.00","69.00","70.50","68.80","7.86M","+2.19%"
"10/01/2013","68.50","67.80","69.00","66.70","4.63M","+1.03%"
"09/30/2013","67.80","67.70","68.90","66.80","6.54M","-0.73%"
"09/27/2013","68.30","70.70","71.30","68.00","6.82M","-2.84%"
"09/26/2013","70.30","70.90","72.20","69.80","12.73M","-0.85%"
"09/25/2013","70.90","72.10","72.50","69.50","16.27M","-1.53%"
"09/24/2013","72.00","70.70","73.20","70.70","6.78M","+0.14%"
"09/23/2013","71.90","73.40","74.10","71.40","7.62M","-3.88%"
"09/20/2013","74.80","77.30","77.60","72.70","12.68M","-3.11%"
"09/19/2013","77.20","74.70","77.90","74.20","17.43M","+7.97%"
"09/18/2013","71.50","71.00","71.70","69.70","8.16M","+0.85%"
"09/17/2013","70.90","71.40","71.60","70.10","4.98M","-0.28%"
"09/16/2013","71.10","73.50","73.90","70.40","56.72M","-0.70%"
"09/13/2013","71.60","69.50","72.30","69.10","9.72M","+2.29%"
"09/12/2013","70.00","71.50","72.10","69.20","6.54M","-2.10%"
"09/11/2013","71.50","70.00","71.80","68.90","9.70M","+0.99%"
"09/10/2013","70.80","68.60","71.40","68.50","9.53M","+4.58%"
"09/06/2013","67.70","66.80","68.20","65.30","10.97M","+2.27%"
"09/05/2013","66.20","62.50","67.50","62.50","16.32M","+8.88%"
"09/04/2013","60.80","60.00","62.40","59.10","10.79M","+1.16%"
"09/03/2013","60.10","63.00","64.00","59.60","11.32M","-4.15%"
"09/02/2013","62.70","65.50","67.50","62.20","6.81M","-5.00%"
"08/30/2013","66.00","63.50","66.90","60.80","17.75M","+2.01%"
"08/29/2013","64.70","60.80","66.00","59.60","24.86M","+6.59%"
"08/28/2013","60.70","59.80","62.40","58.80","15.67M","-1.14%"
"08/27/2013","61.40","62.00","62.20","60.10","11.28M","-3.00%"
"08/26/2013","63.30","64.90","65.00","62.50","7.39M","-1.56%"
"08/23/2013","64.30","63.60","64.70","62.40","20.29M","+1.90%"
"08/22/2013","63.10","62.20","63.80","61.50","15.37M","+0.96%"
"08/21/2013","62.50","65.00","67.40","61.80","9.42M","-1.42%"
"08/20/2013","63.40","60.60","64.30","60.20","47.65M","+2.09%"
"08/19/2013","62.10","62.90","63.50","61.20","6.60M","-1.74%"
"08/16/2013","63.20","65.20","66.10","62.70","18.94M","-4.39%"
"08/14/2013","66.10","66.00","66.90","65.40","14.76M","+0.30%"
"08/13/2013","65.90","65.00","66.20","63.80","7.08M","+1.38%"
"08/12/2013","65.00","65.30","66.00","64.70","27.23M","-0.46%"
"08/08/2013","65.30","64.50","65.60","63.80","6.40M","+1.87%"
"08/07/2013","64.10","63.20","64.60","63.20","10.04M","+0.47%"
"08/06/2013","63.80","65.70","65.70","63.00","27.73M","-3.48%"
"08/05/2013","66.10","65.40","66.60","64.10","5.22M","+1.07%"
"08/02/2013","65.40","66.20","67.20","64.50","7.49M","-1.80%"
"08/01/2013","66.60","65.50","67.50","63.90","10.90M","+2.15%"
"07/31/2013","65.20","64.80","66.00","62.20","19.05M","+0.31%"
"07/30/2013","65.00","66.20","67.90","64.70","8.76M","-1.81%"
"07/29/2013","66.20","67.70","68.30","65.70","12.94M","-2.65%"
"07/26/2013","68.00","69.40","69.50","66.80","9.15M","-0.73%"
"07/25/2013","68.50","68.90","69.90","68.10","6.73M","-0.58%"
"07/24/2013","68.90","71.70","71.70","68.00","7.97M","-5.62%"
"07/23/2013","73.00","70.50","73.40","70.30","6.14M","+4.14%"
"07/22/2013","70.10","68.50","70.40","68.10","6.59M","+1.45%"
"07/19/2013","69.10","71.10","71.40","68.60","11.29M","-2.95%"
"07/18/2013","71.20","71.50","72.50","67.90","24.21M","+0.14%"
"07/17/2013","71.10","71.50","71.70","70.00","10.55M","-0.28%"
"07/16/2013","71.30","73.10","74.50","70.30","10.01M","-5.81%"
"07/15/2013","75.70","75.60","76.20","74.60","4.39M","-0.13%"
"07/12/2013","75.80","75.30","76.20","73.70","5.92M","+1.61%"
"07/11/2013","74.60","73.00","75.20","73.00","8.08M","+2.75%"
"07/10/2013","72.60","71.80","73.60","71.80","8.92M","+1.68%"
"07/09/2013","71.40","69.60","71.90","68.60","5.58M","+3.18%"
"07/08/2013","69.20","69.70","70.10","68.30","5.30M","-1.56%"
"07/05/2013","70.30","70.80","70.80","69.80","2.15M","+0.43%"
"07/04/2013","70.00","70.20","71.10","69.40","4.09M","+0.14%"
"07/03/2013","69.90","71.20","71.50","69.50","4.05M","-2.37%"
"07/02/2013","71.60","72.00","72.50","71.30","3.36M","-1.10%"
"07/01/2013","72.40","72.30","73.50","71.50","4.60M","+0.28%"
"06/28/2013","72.20","70.80","72.70","70.80","15.42M","+2.85%"
"06/27/2013","70.20","69.40","71.00","69.30","11.69M","+2.03%"
"06/26/2013","68.80","71.80","72.00","68.30","11.73M","-4.18%"
"06/25/2013","71.80","69.70","72.50","69.20","12.40M","+3.46%"
"06/24/2013","69.40","72.50","72.50","69.00","6.66M","-4.93%"
"06/21/2013","73.00","73.10","73.80","72.00","6.85M","-1.22%"
"06/20/2013","73.90","75.90","76.00","73.10","5.97M","-3.52%"
"06/19/2013","76.60","76.30","77.00","75.90","4.19M","+0.39%"
"06/18/2013","76.30","75.60","77.20","75.00","7.91M","+0.93%"
"06/17/2013","75.60","75.70","76.10","74.50","4.10M","-0.13%"
"06/14/2013","75.70","75.30","76.20","74.80","2.60M","+1.88%"
"06/13/2013","74.30","73.90","74.80","73.80","3.03M","-0.40%"
"06/12/2013","74.60","74.50","75.50","74.10","7.47M","-0.40%"
"06/11/2013","74.90","74.80","76.50","74.70","9.16M","-0.66%"
"06/10/2013","75.40","76.60","76.80","74.30","4.26M","-1.18%"
"06/07/2013","76.30","77.50","77.50","76.20","4.03M","-1.55%"
"06/06/2013","77.50","76.60","77.80","76.00","3.47M","+0.91%"
"06/05/2013","76.80","76.20","77.20","75.90","4.05M","+0.13%"
"06/04/2013","76.70","76.50","77.70","76.30","4.04M","-0.39%"
"06/03/2013","77.00","78.10","78.60","76.50","3.50M","-1.66%"
"05/31/2013","78.30","79.30","79.60","77.70","6.86M","-2.13%"
"05/30/2013","80.00","77.90","80.70","77.20","7.71M","+2.96%"
"05/29/2013","77.70","77.50","78.20","76.40","3.21M","+0.26%"
"05/28/2013","77.50","78.80","79.20","77.30","4.37M","-1.77%"
"05/27/2013","78.90","78.10","79.40","76.90","6.17M","+1.02%"
"05/24/2013","78.10","76.70","78.40","75.90","3.81M","+1.96%"
"05/23/2013","76.60","76.30","77.20","75.30","4.55M","-0.26%"
"05/22/2013","76.80","76.60","77.30","75.90","3.18M","+0.39%"
"05/21/2013","76.50","78.20","78.30","76.30","5.36M","-2.17%"
"05/20/2013","78.20","79.40","79.80","77.80","5.32M","-1.51%"
"05/17/2013","79.40","77.40","79.90","76.90","5.72M","+2.06%"
"05/16/2013","77.80","76.30","78.20","76.20","7.84M","+1.30%"
"05/15/2013","76.80","73.00","77.00","72.70","7.84M","+5.21%"
"05/14/2013","73.00","72.60","73.20","72.10","3.28M","+0.69%"
"05/13/2013","72.50","73.60","73.70","72.30","3.43M","-0.68%"
"05/10/2013","73.00","72.10","73.30","71.60","4.32M","+0.97%"
"05/09/2013","72.30","72.90","73.00","72.10","2.49M","-0.82%"
"05/08/2013","72.90","73.00","73.50","72.00","4.41M","+0.14%"
"05/07/2013","72.80","71.30","73.10","71.30","7.05M","+2.25%"
"05/06/2013","71.20","72.20","72.20","70.50","3.52M","-1.52%"
"05/03/2013","72.30","71.60","72.80","70.80","8.01M","+0.84%"
"05/02/2013","71.70","70.40","72.50","70.10","13.90M","+1.41%"
"04/30/2013","70.70","70.70","71.50","69.70","6.10M","-0.28%"
"04/29/2013","70.90","71.40","71.40","70.00","4.95M","-0.56%"
"04/26/2013","71.30","71.00","71.60","69.60","3.12M","+0.42%"
"04/25/2013","71.00","69.30","71.50","69.20","11.32M","+2.60%"
"04/23/2013","69.20","67.60","69.60","67.10","3.39M","+2.37%"
"04/22/2013","67.60","66.90","68.00","66.30","3.17M","+1.05%"
"04/18/2013","66.90","65.40","67.20","65.40","4.77M","+1.36%"
"04/17/2013","66.00","65.60","66.50","64.70","8.17M","+1.07%"
"04/16/2013","65.30","63.90","65.80","63.70","3.70M","+1.87%"
"04/15/2013","64.10","63.80","64.90","63.30","3.00M","+0.47%"
"04/12/2013","63.80","63.00","64.20","63.00","2.84M","+1.11%"
"04/11/2013","63.10","64.00","64.10","62.00","6.42M","-1.10%"
"04/10/2013","63.80","62.00","64.00","61.80","3.72M","+3.07%"
"04/09/2013","61.90","63.30","64.40","61.50","5.07M","-1.75%"
"04/08/2013","63.00","63.10","64.00","62.30","13.61M","-1.10%"
"04/05/2013","63.70","63.60","64.10","62.90","5.74M","+0.63%"
"04/04/2013","63.30","64.60","65.10","63.00","5.40M","-2.76%"
"04/03/2013","65.10","65.60","66.00","64.60","3.52M","-0.76%"
"04/02/2013","65.60","65.50","66.00","64.70","3.16M","+0.61%"
"04/01/2013","65.20","65.50","65.60","64.50","2.03M","-0.15%"
"03/28/2013","65.30","64.00","66.00","63.70","6.43M","+2.03%"
"03/26/2013","64.00","63.20","64.30","62.60","5.95M","+1.27%"
"03/25/2013","63.20","64.40","64.80","62.90","8.50M","-1.10%"
"03/22/2013","63.90","63.20","65.20","62.70","4.85M","+1.11%"
"03/21/2013","63.20","63.40","65.10","62.50","6.34M","-0.16%"
"03/20/2013","63.30","63.70","64.00","62.80","5.37M","-0.78%"
"03/19/2013","63.80","65.60","66.10","63.60","5.55M","-2.45%"
"03/18/2013","65.40","65.70","66.60","65.10","4.65M","-1.51%"
"03/15/2013","66.40","65.90","67.20","65.90","3.23M","+0.91%"
"03/14/2013","65.80","64.70","66.30","63.70","4.98M","+1.23%"
"03/13/2013","65.00","66.40","66.80","64.50","1.74M","-2.69%"
"03/12/2013","66.80","66.90","67.50","66.40","5.15M","-0.15%"
"03/11/2013","66.90","67.50","67.70","66.60","9.93M","-0.89%"
"03/08/2013","67.50","65.90","67.90","65.10","11.01M","+3.05%"
"03/07/2013","65.50","65.30","65.80","64.30","3.80M","+0.00%"
"03/06/2013","65.50","65.80","65.80","65.10","10.08M","-0.15%"
"03/05/2013","65.60","65.40","66.20","65.20","10.26M","+0.15%"
"03/04/2013","65.50","65.40","65.80","64.90","13.24M","+0.00%"
"03/01/2013","65.50","65.50","65.90","65.10","12.15M","-0.76%"
"02/28/2013","66.00","65.50","66.50","64.90","20.86M","+0.92%"
"02/27/2013","65.40","66.30","66.40","64.90","6.38M","-1.06%"
"02/26/2013","66.10","65.60","66.50","65.60","4.32M","+0.00%"
"02/25/2013","66.10","66.70","66.70","65.40","4.55M","-0.60%"
"02/22/2013","66.50","65.90","67.00","65.70","4.70M","+0.76%"
"02/21/2013","66.00","66.60","66.90","65.80","5.66M","-1.20%"
"02/20/2013","66.80","67.60","68.00","66.60","3.00M","-1.04%"
"02/19/2013","67.50","66.60","67.70","66.60","1.28M","+1.35%"
"02/18/2013","66.60","67.20","67.20","66.30","1.34M","-0.60%"
"02/15/2013","67.00","66.40","67.40","66.40","1.37M","+0.75%"
"02/14/2013","66.50","66.90","67.30","66.10","2.78M","-0.45%"
"02/13/2013","66.80","67.40","67.80","66.50","3.85M","-0.45%"
"02/12/2013","67.10","67.20","67.50","66.80","3.03M","-0.15%"
"02/11/2013","67.20","68.20","68.20","66.80","5.75M","-0.88%"
"02/08/2013","67.80","68.50","68.90","67.50","5.74M","-1.45%"
"02/07/2013","68.80","68.90","69.60","68.50","5.08M","-1.01%"
"02/06/2013","69.50","68.10","69.70","68.10","12.27M","+2.21%"
"02/05/2013","68.00","67.20","68.30","67.10","5.17M","+0.44%"
"02/04/2013","67.70","67.20","68.10","66.90","9.91M","+0.74%"
"02/01/2013","67.20","68.00","68.50","66.70","6.48M","-1.18%"
"01/31/2013","68.00","67.70","68.40","67.70","13.11M","+0.15%"
"01/30/2013","67.90","67.60","68.50","67.00","29.11M","+0.59%"
"01/29/2013","67.50","66.80","67.90","66.20","24.06M","+1.05%"
"01/28/2013","66.80","66.80","67.30","66.50","6.20M","+0.45%"
"01/25/2013","66.50","65.30","66.80","64.90","9.56M","+1.84%"
"01/24/2013","65.30","64.30","65.50","64.20","10.11M","+1.24%"
"01/23/2013","64.50","65.40","65.40","63.80","8.38M","+0.62%"
"01/22/2013","64.10","63.10","64.80","62.70","28.70M","+1.58%"
"01/21/2013","63.10","62.80","63.50","62.60","9.69M","+0.16%"
"01/18/2013","63.00","62.60","63.00","61.90","23.80M","+0.32%"
"01/17/2013","62.80","62.40","63.00","62.00","6.23M","+0.48%"
"01/16/2013","62.50","63.10","63.30","62.20","6.06M","-0.79%"
"01/15/2013","63.00","62.80","63.60","61.70","11.09M","+0.16%"
"01/14/2013","62.90","63.20","63.30","62.30","7.77M","-0.16%"
"01/11/2013","63.00","65.30","65.80","62.80","5.78M","-3.67%"
"01/10/2013","65.40","65.30","66.20","64.90","7.50M","+0.77%"
"01/09/2013","64.90","65.00","65.60","64.80","7.82M","-0.61%"
"01/08/2013","65.30","64.70","65.50","64.30","6.05M","+0.77%"
"01/07/2013","64.80","65.10","65.40","64.50","6.58M","-0.31%"
"01/04/2013","65.00","65.80","65.80","64.70","4.91M","-0.76%"
"01/03/2013","65.50","66.00","66.30","65.30","5.65M","-0.30%"
"01/02/2013","65.70","65.40","66.40","65.20","12.19M","+1.08%"
"01/01/2013","65.00","65.30","65.70","64.90","6.67M","+0.00%"
"12/31/2012","65.00","64.90","65.40","64.60","6.19M","-0.15%"
"12/28/2012","65.10","65.20","65.60","64.70","3.54M","+0.15%"
"12/27/2012","65.00","65.10","65.40","64.70","9.10M","+0.15%"
"12/26/2012","64.90","64.60","65.40","64.00","4.45M","+0.31%"
"12/24/2012","64.70","65.30","65.40","64.20","3.21M","-0.46%"
"12/21/2012","65.00","65.80","66.10","64.70","3.83M","-1.81%"
"12/20/2012","66.20","66.40","66.80","65.80","3.63M","-0.90%"
"12/19/2012","66.80","66.80","66.90","65.80","6.28M","+0.60%"
"12/18/2012","66.40","66.30","66.70","65.20","4.14M","+0.45%"
"12/17/2012","66.10","66.40","66.60","65.30","4.04M","-0.60%"
"12/14/2012","66.50","65.40","66.80","65.30","3.31M","+1.99%"
"12/13/2012","65.20","66.20","66.30","64.60","6.87M","-1.21%"
"12/12/2012","66.00","66.90","67.30","65.70","7.60M","-1.05%"
"12/11/2012","66.70","67.40","67.70","65.90","7.47M","-1.04%"
"12/10/2012","67.40","66.50","67.60","66.20","4.12M","+1.51%"
"12/07/2012","66.40","66.90","67.10","66.20","3.62M","-0.15%"
"12/06/2012","66.50","66.70","67.00","65.20","5.58M","+0.30%"
"12/05/2012","66.30","67.20","67.40","66.00","5.81M","-1.19%"
"12/04/2012","67.10","66.80","67.40","66.10","5.90M","+0.75%"
"12/03/2012","66.60","67.00","67.00","65.80","4.69M","-0.60%"
"11/30/2012","67.00","65.70","67.50","64.90","20.29M","+2.92%"
"11/29/2012","65.10","63.60","65.80","63.60","8.69M","+2.52%"
"11/27/2012","63.50","62.90","63.70","62.30","6.30M","+1.28%"
"11/26/2012","62.70","62.60","63.00","62.10","1.78M","+0.48%"
"11/23/2012","62.40","62.80","63.20","62.20","2.08M","-0.64%"
"11/22/2012","62.80","63.20","63.30","62.30","2.65M","-0.16%"
"11/21/2012","62.90","62.50","63.00","62.10","3.62M","+1.13%"
"11/20/2012","62.20","62.70","63.20","61.70","4.66M","-0.16%"
"11/19/2012","62.30","62.50","62.60","61.30","1.63M","+0.00%"
"11/16/2012","62.30","63.90","63.90","61.60","2.50M","-2.20%"
"11/15/2012","63.70","61.70","64.00","61.50","7.52M","+3.07%"
"11/13/2012","61.80","62.20","62.30","61.50","354.62K","-0.96%"
"11/12/2012","62.40","62.50","62.80","62.10","1.63M","+0.48%"
"11/09/2012","62.10","63.00","63.20","61.80","2.13M","-0.96%"
"11/08/2012","62.70","62.50","63.00","62.40","1.90M","-0.48%"
"11/07/2012","63.00","62.50","63.30","62.40","5.25M","+0.48%"
"11/06/2012","62.70","62.00","62.90","62.00","3.83M","+0.16%"
"11/05/2012","62.60","61.20","62.70","61.20","6.20M","+2.29%"
"11/02/2012","61.20","61.60","61.80","61.00","2.85M","-0.16%"
"11/01/2012","61.30","60.40","61.40","59.70","4.26M","+1.49%"
"10/31/2012","60.40","60.00","60.60","59.10","3.99M","+0.83%"
"10/30/2012","59.90","61.10","61.30","59.60","10.99M","-1.80%"
"10/29/2012","61.00","61.60","62.20","60.80","7.85M","-0.81%"
"10/26/2012","61.50","62.40","62.40","60.80","3.99M","-1.76%"
"10/25/2012","62.60","62.10","62.80","61.50","17.50M","+0.81%"
"10/23/2012","62.10","63.30","63.50","61.80","4.07M","-2.05%"
"10/22/2012","63.40","62.40","63.50","62.20","3.93M","+0.96%"
"10/19/2012","62.80","63.40","63.60","62.60","3.72M","-1.57%"
"10/18/2012","63.80","63.00","64.00","62.30","5.06M","+1.92%"
"10/17/2012","62.60","63.10","63.20","62.10","3.15M","-0.48%"
"10/16/2012","62.90","63.50","63.60","62.50","3.13M","+0.00%"
"10/15/2012","62.90","62.70","63.00","62.10","4.40M","+0.32%"
"10/12/2012","62.70","63.20","63.80","62.50","7.11M","-1.10%"
"10/11/2012","63.40","63.00","63.60","62.60","7.55M","+0.79%"
"10/10/2012","62.90","63.20","63.30","62.70","3.09M","-1.26%"
"10/09/2012","63.70","62.90","64.20","62.90","3.02M","+1.59%"
"10/08/2012","62.70","63.60","63.90","62.50","3.81M","-1.88%"
"10/05/2012","63.90","64.20","65.10","54.70","11.49M","-0.16%"
"10/04/2012","64.00","64.10","65.20","63.60","8.34M","+0.16%"
"10/03/2012","63.90","64.40","64.60","63.60","6.40M","-0.93%"
"10/01/2012","64.50","64.80","65.20","63.90","2.65M","-0.62%"
"09/28/2012","64.90","64.80","65.10","64.30","5.43M","+0.62%"
"09/27/2012","64.50","64.20","64.80","64.00","6.57M","+0.62%"
"09/26/2012","64.10","64.00","65.10","63.90","11.41M","+0.00%"
"09/25/2012","64.10","62.40","64.40","62.40","9.46M","+2.72%"
"09/24/2012","62.40","62.20","62.90","61.40","6.03M","+0.32%"
"09/21/2012","62.20","60.50","62.60","60.20","13.42M","+3.15%"
"09/20/2012","60.30","59.30","60.70","59.10","4.36M","+0.50%"
"09/18/2012","60.00","60.60","61.10","59.00","4.75M","-0.99%"
"09/17/2012","60.60","61.50","62.20","60.20","11.04M","-0.49%"
"09/14/2012","60.90","59.10","61.10","58.70","12.19M","+4.28%"
"09/13/2012","58.40","58.50","58.70","58.00","2.40M","-0.17%"
"09/12/2012","58.50","58.60","58.60","57.70","3.00M","+0.34%"
"09/11/2012","58.30","56.90","58.60","56.60","3.09M","+2.10%"
"09/10/2012","57.10","57.60","58.10","57.00","3.95M","-1.04%"
"09/07/2012","57.70","58.10","58.30","57.50","5.77M","+0.70%"
"09/06/2012","57.30","56.40","57.60","56.40","2.28M","+0.70%"
"09/05/2012","56.90","57.20","57.20","56.30","4.18M","-0.70%"
"09/04/2012","57.30","57.20","57.80","56.80","6.63M","-0.35%"
"09/03/2012","57.50","57.70","58.10","57.20","6.42M","+0.17%"
"08/31/2012","57.40","59.10","59.10","57.20","6.87M","-3.20%"
"08/30/2012","59.30","57.90","60.00","57.60","11.23M","+2.24%"
"08/29/2012","58.00","58.00","58.40","57.60","8.85M","+0.69%"
"08/28/2012","57.60","57.90","58.10","56.80","10.84M","+0.17%"
"08/27/2012","57.50","58.40","58.60","57.20","7.68M","-1.71%"
"08/24/2012","58.50","59.10","59.10","58.10","18.84M","-1.02%"
"08/23/2012","59.10","59.80","59.80","58.70","4.08M","-0.51%"
"08/22/2012","59.40","58.40","59.60","58.40","3.65M","+0.85%"
"08/21/2012","58.90","59.00","59.10","58.30","7.51M","-0.17%"
"08/17/2012","59.00","58.60","59.40","58.40","7.21M","+0.68%"
"08/16/2012","58.60","58.70","59.20","58.30","3.95M","+0.00%"
"08/14/2012","58.60","58.50","58.90","57.90","9.16M","+0.34%"
"08/13/2012","58.40","58.00","58.80","57.50","14.79M","+0.69%"
"08/10/2012","58.00","56.40","58.40","55.70","10.36M","+2.47%"
"08/09/2012","56.60","56.70","56.90","56.00","3.57M","+0.18%"
"08/08/2012","56.50","56.00","56.80","55.80","8.32M","+0.53%"
"08/07/2012","56.20","56.60","56.80","55.80","9.07M","+0.18%"
"08/06/2012","56.10","55.30","56.50","55.20","11.62M","+2.56%"
"08/03/2012","54.70","55.00","55.50","54.40","11.89M","-1.44%"
"08/02/2012","55.50","55.50","55.90","55.00","15.50M","+0.00%"
"08/01/2012","55.50","53.80","55.70","53.50","10.41M","+3.54%"
"07/31/2012","53.60","53.90","54.10","52.50","11.69M","-0.19%"
"07/30/2012","53.70","53.50","53.90","52.50","11.03M","+1.32%"
"07/27/2012","53.00","54.70","55.20","52.40","13.79M","-2.03%"
"07/26/2012","54.10","54.00","54.50","53.20","13.42M","+0.37%"
"07/25/2012","53.90","54.00","54.60","53.60","5.69M","-0.92%"
"07/24/2012","54.40","55.30","55.90","54.20","13.21M","-1.45%"
"07/23/2012","55.20","55.80","56.00","54.70","12.60M","-1.95%"
"07/20/2012","56.30","57.40","57.60","55.80","13.62M","-2.93%"
"07/19/2012","58.00","60.00","60.30","57.60","29.74M","-2.36%"
"07/18/2012","59.40","59.40","59.80","58.50","2.95M","+0.17%"
"07/17/2012","59.30","60.00","60.10","58.80","3.60M","-0.34%"
"07/16/2012","59.50","60.10","60.50","59.20","4.29M","-1.33%"
"07/13/2012","60.30","60.50","61.00","60.00","3.26M","-0.17%"
"07/12/2012","60.40","60.40","60.70","59.90","3.53M","-0.49%"
"07/11/2012","60.70","59.90","61.30","59.60","10.01M","+1.34%"
"07/10/2012","59.90","59.70","60.20","59.30","6.39M","+0.34%"
"07/09/2012","59.70","59.90","60.00","59.10","3.88M","-1.00%"
"07/06/2012","60.30","60.00","60.80","59.40","8.22M","+0.50%"
"07/05/2012","60.00","59.60","60.20","59.00","4.63M","+0.67%"
"07/04/2012","59.60","60.30","60.40","59.40","5.79M","-1.16%"
"07/03/2012","60.30","60.00","60.60","59.50","13.27M","+0.67%"
"07/02/2012","59.90","59.30","60.20","59.30","5.85M","+1.18%"
"06/29/2012","59.20","57.70","59.40","57.70","7.87M","+2.78%"
"06/28/2012","57.60","57.20","58.00","56.80","10.47M","+0.88%"
"06/27/2012","57.10","58.50","58.50","56.50","11.83M","-1.55%"
"06/26/2012","58.00","57.40","58.20","57.20","6.78M","+1.40%"
"06/25/2012","57.20","58.80","58.80","57.10","5.69M","-2.22%"
"06/22/2012","58.50","57.10","58.70","57.10","8.17M","+1.39%"
"06/21/2012","57.70","56.50","57.80","56.30","6.27M","+1.41%"
"06/20/2012","56.90","56.70","57.30","56.30","5.79M","+0.53%"
"06/19/2012","56.60","56.80","56.90","55.80","7.11M","-0.53%"
"06/18/2012","56.90","58.70","58.90","56.60","12.35M","-2.07%"
"06/15/2012","58.10","56.90","58.60","56.90","9.35M","+2.29%"
"06/14/2012","56.80","58.10","58.60","56.60","5.86M","-3.07%"
"06/13/2012","58.60","58.60","59.30","58.40","7.03M","-0.17%"
"06/12/2012","58.70","57.30","58.90","57.20","9.03M","+1.73%"
"06/11/2012","57.70","57.60","58.20","57.30","6.57M","+0.52%"
"06/08/2012","57.40","56.40","57.80","55.80","6.44M","+1.59%"
"06/07/2012","56.50","57.00","57.10","56.10","7.47M","-0.35%"
"06/06/2012","56.70","55.20","56.90","55.10","12.14M","+3.47%"
"06/05/2012","54.80","55.00","55.50","54.00","4.82M","+0.18%"
"06/04/2012","54.70","53.80","55.00","53.20","5.44M","+0.74%"
"06/01/2012","54.30","56.40","56.40","54.10","4.37M","-3.72%"
"05/31/2012","56.40","54.50","56.60","54.10","10.41M","+2.17%"
"05/30/2012","55.20","55.50","55.60","54.80","3.38M","-1.25%"
"05/29/2012","55.90","55.70","56.30","55.10","4.28M","+0.72%"
"05/28/2012","55.50","54.50","55.80","54.30","3.58M","+2.02%"
"05/25/2012","54.40","54.20","54.90","53.80","3.66M","-0.18%"
"05/24/2012","54.50","53.50","54.80","52.80","8.05M","+2.25%"
"05/23/2012","53.30","54.80","54.90","53.00","10.28M","-3.27%"
"05/22/2012","55.10","56.60","56.90","54.70","8.01M","-2.30%"
"05/21/2012","56.40","55.00","56.80","55.00","7.33M","+2.36%"
"05/18/2012","55.10","53.60","55.60","53.30","7.35M","+1.66%"
"05/17/2012","54.20","55.50","56.10","53.80","5.76M","-1.99%"
"05/16/2012","55.30","53.50","55.90","53.50","13.61M","+1.65%"
"05/15/2012","54.40","53.60","54.80","53.60","5.33M","+0.55%"
"05/14/2012","54.10","54.00","54.50","53.00","5.87M","-0.18%"
"05/11/2012","54.20","53.60","55.30","53.20","6.03M","+0.00%"
"05/10/2012","54.20","53.90","55.40","53.40","6.62M","+1.50%"
"05/09/2012","53.40","54.70","55.00","52.70","9.03M","-3.96%"
"05/08/2012","55.60","58.20","58.20","54.70","11.31M","-3.64%"
"05/07/2012","57.70","55.50","58.00","55.30","6.16M","+2.30%"
"05/04/2012","56.40","57.80","57.80","55.90","8.60M","-3.09%"
"05/03/2012","58.20","58.20","59.20","57.80","11.94M","-0.85%"
"05/02/2012","58.70","58.40","59.40","58.20","2.87M","+0.69%"
"04/30/2012","58.30","58.00","59.10","57.90","3.96M","+0.00%"
"04/27/2012","58.30","58.40","59.10","57.40","3.74M","+0.00%"
"04/26/2012","58.30","56.50","58.60","56.20","8.00M","+3.19%"
"04/25/2012","56.50","57.00","57.50","55.80","6.68M","-0.88%"
"04/24/2012","57.00","58.20","58.80","56.30","9.16M","-1.89%"
"04/23/2012","58.10","59.60","59.60","57.40","3.53M","-1.86%"
"04/20/2012","59.20","59.80","60.30","58.50","4.97M","-0.50%"
"04/19/2012","59.50","58.40","60.00","57.40","4.58M","+2.59%"
"04/18/2012","58.00","58.60","58.90","57.70","4.35M","-0.34%"
"04/17/2012","58.20","58.40","59.10","57.20","8.06M","-0.34%"
"04/16/2012","58.40","57.90","58.90","57.90","4.90M","+0.34%"
"04/13/2012","58.20","57.00","58.40","56.80","11.49M","+2.46%"
"04/12/2012","56.80","56.20","57.00","55.80","6.45M","+1.79%"
"04/11/2012","55.80","54.40","56.40","53.80","6.65M","+2.01%"
"04/10/2012","54.70","53.70","55.00","53.40","5.76M","+2.43%"
"04/09/2012","53.40","54.40","55.40","53.10","3.83M","-3.09%"
"04/04/2012","55.10","55.80","55.80","54.90","2.89M","-1.43%"
"04/03/2012","55.90","56.00","56.40","55.50","8.47M","+0.54%"
"04/02/2012","55.60","54.60","56.00","54.60","7.34M","+2.02%"
"03/30/2012","54.50","52.80","55.10","52.40","4.75M","+3.81%"
"03/29/2012","52.50","51.30","53.60","51.00","9.61M","+0.77%"
"03/28/2012","52.10","53.90","53.90","51.80","6.77M","-3.34%"
"03/27/2012","53.90","54.00","54.70","53.10","7.79M","+1.51%"
"03/26/2012","53.10","52.50","53.90","52.30","9.09M","+0.95%"
"03/23/2012","52.60","52.20","53.30","51.40","7.07M","+1.54%"
"03/22/2012","51.80","54.50","54.60","51.20","6.37M","-4.95%"
"03/21/2012","54.50","53.50","54.60","53.50","7.82M","+1.11%"
"03/20/2012","53.90","52.90","54.20","52.20","8.00M","+1.32%"
"03/19/2012","53.20","53.60","53.80","52.50","4.94M","-1.30%"
"03/16/2012","53.90","55.90","56.70","53.50","6.77M","-3.58%"
"03/15/2012","55.90","57.10","57.60","54.90","6.14M","-2.27%"
"03/14/2012","57.20","57.60","57.60","56.60","8.15M","+0.53%"
"03/13/2012","56.90","56.50","57.50","56.30","7.81M","+1.25%"
"03/12/2012","56.20","57.10","57.10","55.70","5.84M","+0.72%"
"03/09/2012","55.80","56.00","56.50","55.20","7.29M","+1.09%"
"03/07/2012","55.20","54.80","55.70","54.40","4.65M","+0.18%"
"03/06/2012","55.10","55.60","56.90","54.60","6.38M","-1.43%"
"03/05/2012","55.90","56.10","56.40","55.50","8.29M","-1.24%"
"03/02/2012","56.60","56.00","57.60","54.80","9.66M","+1.98%"
"03/01/2012","55.50","54.30","57.40","54.20","6.17M","+1.28%"
"02/29/2012","54.80","55.60","56.60","54.10","6.47M","-0.54%"
"02/28/2012","55.10","54.40","56.70","54.40","12.30M","+1.47%"
"02/27/2012","54.30","55.20","55.20","53.00","6.49M","-1.63%"
"02/24/2012","55.20","56.90","57.60","54.70","7.30M","-2.65%"
"02/23/2012","56.70","56.40","57.40","55.60","16.10M","+0.00%"
"02/22/2012","56.70","57.50","58.20","56.30","9.46M","-1.56%"
"02/21/2012","57.60","57.50","58.50","56.90","18.21M","+0.00%"
"02/17/2012","57.60","58.00","58.40","57.30","8.77M","+0.35%"
"02/16/2012","57.40","57.00","57.90","56.50","7.22M","+0.00%"
"02/15/2012","57.40","56.40","57.60","56.00","10.82M","+2.50%"
"02/14/2012","56.00","56.50","56.90","55.80","6.94M","-1.23%"
"02/13/2012","56.70","55.00","57.00","54.40","9.67M","+3.66%"
"02/10/2012","54.70","55.10","55.90","54.10","21.09M","-0.73%"
"02/09/2012","55.10","52.80","55.50","52.80","11.21M","+3.38%"
"02/08/2012","53.30","53.40","53.90","52.70","7.46M","-0.56%"
"02/07/2012","53.60","52.20","53.80","51.70","10.81M","+3.08%"
"02/06/2012","52.00","52.40","52.50","51.30","4.90M","+0.19%"
"02/03/2012","51.90","51.10","52.00","50.00","10.45M","+1.57%"
"02/02/2012","51.10","51.30","51.50","49.80","14.58M","+0.00%"
"02/01/2012","51.10","49.80","51.20","49.20","13.72M","+2.61%"
"01/31/2012","49.80","48.00","50.00","47.90","5.27M","+4.18%"
"01/30/2012","47.80","48.70","49.40","47.50","5.22M","-3.04%"
"01/27/2012","49.30","50.00","50.20","48.40","7.58M","-0.60%"
"01/25/2012","49.60","49.80","49.80","48.20","10.63M","+0.00%"
"01/24/2012","49.60","47.90","49.80","47.30","13.69M","+3.98%"
"01/23/2012","47.70","49.70","50.00","47.40","13.22M","-3.44%"
"01/20/2012","49.40","47.80","49.80","47.10","16.46M","+4.22%"
"01/19/2012","47.40","46.70","47.50","46.50","7.82M","+2.38%"
"01/18/2012","46.30","47.80","48.00","45.60","7.88M","-2.94%"
"01/17/2012","47.70","46.40","47.90","46.40","10.07M","+3.47%"
"01/16/2012","46.10","46.90","47.50","45.70","6.33M","-2.54%"
"01/13/2012","47.30","47.00","47.60","46.10","6.70M","+1.28%"
"01/12/2012","46.70","46.20","47.80","46.20","11.42M","+0.43%"
"01/11/2012","46.50","46.60","47.00","45.90","4.66M","-0.21%"
"01/10/2012","46.60","45.60","47.00","45.50","5.40M","+2.87%"
"01/09/2012","45.30","44.70","45.70","44.50","6.60M","-0.22%"
"01/06/2012","45.40","44.10","46.10","44.10","9.40M","+2.02%"
"01/05/2012","44.50","44.00","44.80","43.20","13.98M","+1.37%"
"01/04/2012","43.90","44.90","44.90","43.60","6.10M","-2.44%"
"01/03/2012","45.00","42.60","45.40","42.60","10.77M","+6.64%"
"01/02/2012","42.20","43.30","43.40","41.80","4.82M","-2.09%"
"12/30/2011","43.10","44.80","44.80","42.70","6.47M","-3.36%"
"12/29/2011","44.60","45.10","45.60","44.20","5.02M","-1.76%"
"12/28/2011","45.40","45.00","45.80","44.20","10.27M","+0.22%"
"12/27/2011","45.30","46.40","46.50","45.00","3.34M","-2.16%"
"12/26/2011","46.30","46.00","46.50","45.50","3.11M","+1.31%"
"12/23/2011","45.70","46.40","46.70","45.20","5.51M","-1.30%"
"12/22/2011","46.30","46.30","46.80","45.20","9.82M","-0.43%"
"12/21/2011","46.50","45.80","47.80","43.40","17.57M","+4.49%"
"12/20/2011","44.50","47.00","47.30","44.00","16.39M","-4.91%"
"12/19/2011","46.80","47.80","48.20","46.50","8.23M","-2.90%"
"12/16/2011","48.20","48.60","49.60","47.00","8.55M","-0.41%"
"12/15/2011","48.40","48.30","48.80","47.80","5.23M","-0.82%"
"12/14/2011","48.80","48.60","49.50","48.30","8.24M","+0.41%"
"12/13/2011","48.60","48.00","49.00","47.50","10.25M","+0.41%"
"12/12/2011","48.40","49.20","49.70","47.90","7.32M","-1.02%"
"12/09/2011","48.90","47.70","49.40","47.40","5.44M","+1.03%"
"12/08/2011","48.40","49.10","49.20","47.80","5.51M","-1.63%"
"12/07/2011","49.20","49.40","50.10","49.00","8.96M","+0.20%"
"12/05/2011","49.10","49.60","49.60","48.60","5.05M","-1.01%"
"12/02/2011","49.60","48.20","49.80","47.50","5.67M","+3.55%"
"12/01/2011","47.90","47.90","48.90","47.20","6.80M","+2.57%"
"11/30/2011","46.70","45.00","47.00","44.90","8.50M","+2.64%"
"11/29/2011","45.50","47.30","47.30","45.20","7.10M","-2.78%"
"11/28/2011","46.80","45.30","47.50","45.00","5.02M","+4.70%"
"11/25/2011","44.70","44.10","45.20","43.60","6.95M","+1.13%"
"11/24/2011","44.20","44.10","44.90","42.80","11.80M","+0.23%"
"11/23/2011","44.10","44.80","45.40","43.80","13.00M","-2.43%"
"11/22/2011","45.20","46.10","47.20","45.00","3.77M","-2.16%"
"11/21/2011","46.20","47.30","47.30","45.80","3.44M","-2.74%"
"11/18/2011","47.50","47.80","47.80","46.30","3.69M","-0.63%"
"11/17/2011","47.80","49.20","49.30","47.10","3.51M","-2.65%"
"11/16/2011","49.10","48.50","49.80","48.20","5.70M","+0.00%"
"11/15/2011","49.10","50.20","50.70","48.60","3.76M","-2.19%"
"11/14/2011","50.20","50.50","51.10","50.10","8.24M","+0.40%"
"11/11/2011","50.00","49.00","50.40","49.00","11.06M","+1.21%"
"11/09/2011","49.40","50.20","50.40","49.20","6.51M","-1.00%"
"11/08/2011","49.90","50.20","50.50","49.10","5.12M","-0.60%"
"11/04/2011","50.20","50.60","51.00","49.80","4.10M","-0.59%"
"11/03/2011","50.50","49.90","50.60","49.20","4.53M","+0.60%"
"11/02/2011","50.20","49.90","50.80","49.80","6.40M","-0.59%"
"11/01/2011","50.50","50.70","51.50","49.70","5.91M","-1.37%"
"10/31/2011","51.20","51.00","51.30","50.30","6.92M","+0.39%"
"10/28/2011","51.00","50.50","52.00","49.90","14.34M","+2.82%"
"10/25/2011","49.60","47.20","50.40","46.50","26.29M","+5.31%"
"10/24/2011","47.10","47.00","47.70","46.90","4.02M","+1.07%"
"10/21/2011","46.60","47.40","47.40","46.40","2.53M","-1.27%"
"10/20/2011","47.20","47.00","47.30","46.20","3.34M","-0.63%"
"10/19/2011","47.50","46.80","47.60","46.60","3.90M","+2.15%"
"10/18/2011","46.50","46.90","47.30","46.20","5.05M","-1.48%"
"10/17/2011","47.20","48.00","48.00","46.80","3.60M","-0.63%"
"10/14/2011","47.50","46.90","48.00","46.70","79.38M","+0.21%"
"10/13/2011","47.40","47.40","47.80","46.80","7.03M","+0.64%"
"10/12/2011","47.10","45.80","47.50","45.40","5.43M","+3.97%"
"10/11/2011","45.30","45.80","46.30","45.10","4.47M","-0.22%"
"10/10/2011","45.40","44.30","45.70","44.30","2.47M","+1.57%"
"10/07/2011","44.70","44.10","45.50","44.10","5.76M","+4.20%"
"10/05/2011","42.90","44.10","44.80","42.50","8.32M","-2.72%"
"10/04/2011","44.10","44.60","45.40","43.70","7.08M","-1.12%"
"10/03/2011","44.60","45.50","45.50","44.20","4.84M","-3.04%"
"09/30/2011","46.00","47.60","47.60","45.30","5.17M","-3.36%"
"09/29/2011","47.60","45.80","48.00","45.70","6.92M","+3.03%"
"09/28/2011","46.20","46.50","46.70","45.50","5.56M","-1.28%"
"09/27/2011","46.80","46.10","47.00","46.00","5.84M","+2.18%"
"09/26/2011","45.80","45.60","46.10","44.40","4.75M","+0.66%"
"09/23/2011","45.50","45.40","46.60","44.60","10.47M","-0.44%"
"09/22/2011","45.70","47.10","47.40","45.40","5.03M","-4.99%"
"09/21/2011","48.10","47.80","48.50","47.60","5.62M","+0.42%"
"09/20/2011","47.90","47.20","48.10","47.10","5.67M","+1.05%"
"09/19/2011","47.40","46.60","47.60","46.50","5.40M","+0.64%"
"09/16/2011","47.10","48.20","48.50","46.80","13.30M","-1.87%"
"09/15/2011","48.00","46.60","48.20","46.60","18.40M","+3.00%"
"09/14/2011","46.60","46.60","46.90","45.80","5.68M","+0.65%"
"09/13/2011","46.30","45.40","47.00","45.40","11.63M","+1.98%"
"09/12/2011","45.40","45.30","46.00","44.80","7.02M","-1.30%"
"09/09/2011","46.00","47.00","47.10","45.70","5.55M","-2.13%"
"09/08/2011","47.00","46.90","47.40","46.10","5.88M","+0.21%"
"09/07/2011","46.90","46.30","47.00","45.90","8.62M","+2.18%"
"09/06/2011","45.90","44.20","46.20","43.60","10.70M","+2.91%"
"09/05/2011","44.60","44.20","44.80","43.80","7.43M","+0.68%"
"09/02/2011","44.30","45.60","45.80","43.80","8.71M","+0.00%"
"08/30/2011","44.30","44.90","44.90","43.50","7.37M","+0.45%"
"08/29/2011","44.10","41.70","44.40","41.50","9.39M","+6.27%"
"08/26/2011","41.50","42.30","42.70","41.10","9.74M","-1.89%"
"08/25/2011","42.30","43.40","43.40","41.90","8.92M","-1.40%"
"08/24/2011","42.90","42.60","43.80","42.60","8.41M","-0.23%"
"08/23/2011","43.00","43.20","43.90","42.80","6.62M","+0.00%"
"08/22/2011","43.00","43.20","43.80","42.60","8.45M","-0.69%"
"08/19/2011","43.30","42.60","44.20","42.40","9.73M","-0.46%"
"08/18/2011","43.50","44.50","45.00","43.00","7.95M","-2.47%"
"08/17/2011","44.60","44.50","45.40","43.00","8.42M","+0.90%"
"08/16/2011","44.20","46.10","46.50","44.00","3.42M","-3.49%"
"08/12/2011","45.80","47.80","47.80","45.40","5.21M","-2.55%"
"08/11/2011","47.00","45.50","47.70","45.30","8.78M","+2.40%"
"08/10/2011","45.90","45.90","46.40","45.10","10.15M","+2.46%"
"08/09/2011","44.80","42.90","45.10","42.50","12.62M","+2.28%"
"08/08/2011","43.80","42.30","45.30","42.30","8.26M","-0.45%"
"08/05/2011","44.00","43.80","44.90","43.20","15.64M","-2.65%"
"08/04/2011","45.20","46.10","46.30","45.00","10.08M","-1.53%"
"08/03/2011","45.90","45.10","46.40","45.00","11.71M","+0.22%"
"08/02/2011","45.80","45.10","46.00","44.60","17.06M","+0.88%"
"08/01/2011","45.40","44.90","46.00","44.70","7.77M","+2.02%"
"07/29/2011","44.50","45.80","45.80","44.10","13.81M","-2.84%"
"07/28/2011","45.80","46.40","46.80","45.40","16.30M","-1.08%"
"07/27/2011","46.30","46.90","47.00","45.30","8.63M","-0.64%"
"07/26/2011","46.60","48.80","49.00","46.30","11.42M","-4.31%"
"07/25/2011","48.70","48.60","48.80","47.70","6.67M","+0.21%"
"07/22/2011","48.60","47.80","48.90","47.60","7.78M","+2.10%"
"07/21/2011","47.60","49.00","49.20","47.30","17.53M","-3.05%"
"07/20/2011","49.10","50.30","50.90","48.80","7.34M","-2.00%"
"07/19/2011","50.10","48.70","50.50","48.60","13.88M","+2.66%"
"07/18/2011","48.80","49.20","49.20","48.20","4.03M","-0.20%"
"07/15/2011","48.90","49.40","49.70","48.70","5.82M","-1.81%"
"07/14/2011","49.80","48.80","50.10","48.80","52.63M","+1.63%"
"07/13/2011","49.00","48.00","49.40","47.50","35.60M","+2.94%"
"07/12/2011","47.60","47.50","48.20","47.00","5.89M","-1.24%"
"07/11/2011","48.20","48.00","48.40","47.80","5.74M","+0.21%"
"07/08/2011","48.10","48.90","49.10","47.80","6.72M","-1.64%"
"07/07/2011","48.90","47.80","49.10","47.70","5.11M","+2.09%"
"07/06/2011","47.90","48.40","48.60","47.70","2.51M","-1.03%"
"07/05/2011","48.40","49.00","49.10","47.90","4.23M","-0.82%"
"07/04/2011","48.80","47.90","49.50","47.40","7.68M","+3.17%"
"07/01/2011","47.30","48.30","48.40","47.20","4.14M","-1.25%"
"06/30/2011","47.90","46.30","48.40","46.20","15.46M","+3.23%"
"06/29/2011","46.40","46.40","46.70","45.90","5.69M","+0.65%"
"06/28/2011","46.10","45.60","46.50","45.20","11.85M","+1.10%"
"06/27/2011","45.60","44.70","45.80","44.50","12.15M","+1.79%"
"06/24/2011","44.80","43.50","45.00","43.50","10.45M","+3.23%"
"06/23/2011","43.40","43.10","43.60","42.60","4.03M","+0.93%"
"06/22/2011","43.00","44.00","44.00","42.80","3.60M","-1.15%"
"06/21/2011","43.50","43.20","44.30","43.20","5.02M","+0.46%"
"06/20/2011","43.30","43.90","44.60","42.90","11.44M","-1.59%"
"06/17/2011","44.00","44.40","44.80","43.70","39.32M","+0.00%"
"06/16/2011","44.00","43.00","44.90","43.00","7.74M","+0.23%"
"06/15/2011","43.90","44.80","45.00","43.70","2.87M","-2.01%"
"06/14/2011","44.80","44.40","45.20","44.40","47.16M","+0.90%"
"06/13/2011","44.40","43.70","44.70","43.70","7.46M","+0.91%"
"06/10/2011","44.00","44.10","44.30","43.50","8.44M","+0.00%"
"06/09/2011","44.00","44.30","45.00","43.80","2.32M","-1.12%"
"06/08/2011","44.50","44.60","45.20","44.20","8.60M","-0.67%"
"06/07/2011","44.80","43.90","45.00","43.90","11.51M","+1.13%"
"06/06/2011","44.30","43.20","44.40","43.20","10.83M","+1.61%"
"06/03/2011","43.60","43.20","43.90","43.20","6.57M","+0.93%"
"06/02/2011","43.20","43.80","44.00","42.90","6.18M","-2.04%"
"06/01/2011","44.10","44.10","44.70","43.90","1.65M","+0.00%"
"05/31/2011","44.10","43.60","44.50","43.40","5.87M","+1.61%"
"05/30/2011","43.40","43.60","44.40","43.10","4.15M","-0.91%"
"05/27/2011","43.80","42.60","44.10","42.60","14.28M","+2.34%"
"05/26/2011","42.80","42.20","43.10","42.00","12.50M","+1.42%"
"05/25/2011","42.20","41.00","42.40","41.00","27.21M","+2.43%"
"05/24/2011","41.20","40.90","41.70","40.80","5.77M","+0.49%"
"05/23/2011","41.00","41.40","41.60","40.40","9.66M","-1.68%"
"05/20/2011","41.70","41.20","42.10","41.00","5.74M","+1.71%"
"05/19/2011","41.00","41.30","41.50","40.90","6.81M","+0.00%"
"05/18/2011","41.00","41.00","41.60","41.00","3.43M","+0.00%"
"05/17/2011","41.00","41.00","41.60","40.80","8.31M","-0.24%"
"05/16/2011","41.10","41.80","42.30","41.00","2.81M","-2.14%"
"05/13/2011","42.00","41.20","42.40","41.20","7.99M","+1.94%"
"05/12/2011","41.20","42.40","42.80","41.00","7.84M","-2.83%"
"05/11/2011","42.40","42.70","42.70","41.80","5.27M","+0.47%"
"05/10/2011","42.20","43.00","43.10","41.90","4.11M","-1.63%"
"05/09/2011","42.90","43.50","43.60","42.30","2.87M","-0.69%"
"05/06/2011","43.20","42.50","43.40","42.40","8.21M","+2.37%"
"05/05/2011","42.20","41.30","42.50","40.30","28.45M","+2.18%"
"05/04/2011","41.30","41.30","42.10","41.10","13.01M","+0.00%"
"05/03/2011","41.30","41.40","42.30","40.80","15.75M","+0.00%"
"05/02/2011","41.30","43.40","43.50","41.00","7.12M","-3.95%"
"04/29/2011","43.00","44.30","44.70","42.10","5.76M","-2.49%"
"04/28/2011","44.10","46.00","46.40","43.70","8.50M","-3.71%"
"04/27/2011","45.80","46.40","46.90","45.50","4.68M","-1.29%"
"04/26/2011","46.40","46.90","47.00","45.30","5.90M","-1.28%"
"04/25/2011","47.00","45.60","47.20","45.40","5.09M","+1.73%"
"04/21/2011","46.20","46.10","46.50","45.50","3.33M","+0.43%"
"04/20/2011","46.00","44.60","46.20","44.40","5.54M","+3.84%"
"04/19/2011","44.30","44.60","44.90","44.00","4.43M","-1.56%"
"04/18/2011","45.00","45.30","45.50","44.50","14.97M","-0.44%"
"04/15/2011","45.20","45.40","46.10","44.90","6.94M","-0.88%"
"04/13/2011","45.60","44.10","45.80","43.90","7.36M","+2.93%"
"04/11/2011","44.30","44.00","44.70","44.00","6.88M","+0.23%"
"04/08/2011","44.20","44.50","44.90","43.90","3.16M","-0.90%"
"04/07/2011","44.60","45.00","45.40","44.30","8.14M","-0.89%"
"04/06/2011","45.00","45.60","45.90","44.80","6.82M","-1.32%"
"04/05/2011","45.60","46.50","46.50","45.20","4.90M","-1.08%"
"04/04/2011","46.10","45.00","46.40","44.60","7.29M","+2.22%"
"04/01/2011","45.10","45.70","46.20","44.80","5.09M","-1.53%"
"03/31/2011","45.80","45.90","46.30","45.20","14.50M","-0.22%"
"03/30/2011","45.90","45.70","46.20","45.40","6.53M","+0.66%"
"03/29/2011","45.60","45.20","45.90","45.10","8.48M","+0.66%"
"03/28/2011","45.30","45.40","45.90","44.90","10.15M","+0.00%"
"03/25/2011","45.30","44.90","45.50","44.10","22.84M","+1.57%"
"03/24/2011","44.60","43.40","44.90","43.40","8.87M","+3.00%"
"03/23/2011","43.30","42.00","43.40","42.00","24.23M","+2.85%"
"03/22/2011","42.10","42.00","42.40","41.90","3.84M","+0.00%"
"03/21/2011","42.10","42.40","42.50","41.70","8.18M","-0.47%"
"03/18/2011","42.30","43.30","43.30","42.00","11.54M","-0.94%"
"03/17/2011","42.70","42.00","43.20","41.60","10.42M","+0.71%"
"03/16/2011","42.40","41.90","42.50","41.70","3.50M","+1.92%"
"03/15/2011","41.60","41.50","42.00","41.20","7.41M","-2.35%"
"03/14/2011","42.60","41.80","43.00","41.50","6.20M","+1.43%"
"03/11/2011","42.00","42.10","42.40","41.30","11.13M","-1.64%"
"03/10/2011","42.70","42.90","43.00","42.20","7.49M","-1.16%"
"03/09/2011","43.20","42.50","43.70","42.50","16.33M","+2.13%"
"03/08/2011","42.30","41.30","42.70","41.10","7.74M","+1.68%"
"03/07/2011","41.60","41.70","41.90","40.60","9.77M","-0.72%"
"03/04/2011","41.90","42.00","42.70","41.50","9.92M","+0.96%"
"03/03/2011","41.50","41.40","42.60","40.50","14.64M","+0.24%"
"03/01/2011","41.40","41.10","42.00","40.70","10.17M","+2.22%"
"02/28/2011","40.50","40.80","42.80","40.20","13.09M","+0.25%"
"02/25/2011","40.40","40.20","41.00","38.90","7.64M","+0.50%"
"02/24/2011","40.20","40.40","40.80","39.10","53.54M","-1.47%"
"02/23/2011","40.80","40.80","41.20","40.50","9.56M","-0.24%"
"02/22/2011","40.90","41.00","41.40","40.10","9.39M","-0.73%"
"02/21/2011","41.20","40.90","41.50","40.60","7.12M","+0.98%"
"02/18/2011","40.80","41.40","42.10","40.60","14.74M","-0.97%"
"02/17/2011","41.20","40.90","41.50","40.50","8.60M","+0.73%"
"02/16/2011","40.90","41.10","41.40","40.00","16.08M","-0.49%"
"02/15/2011","41.10","39.80","41.70","39.20","15.03M","+3.27%"
"02/14/2011","39.80","37.90","40.10","37.90","10.28M","+5.29%"
"02/11/2011","37.80","36.40","38.20","35.60","9.11M","+4.13%"
"02/10/2011","36.30","35.50","37.10","34.70","11.74M","+1.97%"
"02/09/2011","35.60","33.50","36.30","33.30","21.73M","+5.33%"
"02/08/2011","33.80","36.00","36.40","33.50","10.53M","-6.11%"
"02/07/2011","36.00","36.20","36.60","35.80","9.75M","+0.00%"
"02/04/2011","36.00","37.80","38.10","35.60","7.51M","-5.01%"
"02/03/2011","37.90","37.20","38.20","36.90","4.16M","+1.88%"
"02/02/2011","37.20","37.80","38.70","36.70","7.86M","-1.33%"
"02/01/2011","37.70","38.60","39.30","37.40","11.71M","-2.08%"
"01/31/2011","38.50","37.90","38.80","36.90","8.14M","+1.32%"
"01/28/2011","38.00","39.20","39.40","37.40","9.71M","-3.06%"
"01/27/2011","39.20","40.80","40.90","39.00","8.85M","-3.21%"
"01/25/2011","40.50","41.60","42.10","40.40","7.25M","-2.17%"
"01/24/2011","41.40","41.50","42.20","41.00","6.01M","+0.00%"
"01/21/2011","41.40","41.80","42.10","41.10","5.47M","-1.19%"
"01/20/2011","41.90","41.50","42.10","40.70","12.11M","+1.21%"
"01/19/2011","41.40","40.80","41.80","40.30","8.13M","+2.22%"
"01/18/2011","40.50","40.90","41.40","40.20","8.38M","+0.25%"
"01/17/2011","40.40","40.10","41.00","39.40","7.82M","+1.51%"
"01/14/2011","39.80","40.70","42.30","39.40","8.07M","-2.21%"
"01/13/2011","40.70","42.50","43.30","40.30","10.42M","-4.01%"
"01/12/2011","42.40","42.00","43.00","41.50","10.11M","+1.44%"
"01/11/2011","41.80","41.40","42.90","40.60","12.75M","+1.21%"
"01/10/2011","41.30","43.40","43.50","40.20","15.26M","-5.06%"
"01/07/2011","43.50","44.20","45.00","43.20","8.85M","-2.25%"
"01/06/2011","44.50","45.00","45.50","44.30","4.61M","-0.89%"
"01/05/2011","44.90","46.00","46.50","44.60","5.94M","-2.39%"
"01/04/2011","46.00","45.70","46.40","45.70","6.33M","+0.66%"
"01/03/2011","45.70","45.80","46.00","45.60","4.40M","+0.66%"
"12/31/2010","45.40","44.50","45.70","44.50","4.48M","+2.02%"
"12/30/2010","44.50","45.10","45.20","44.20","11.09M","-0.89%"
"12/29/2010","44.90","45.30","45.40","44.60","7.01M","+0.00%"
"12/28/2010","44.90","45.00","45.30","44.60","7.51M","+0.45%"
"12/27/2010","44.70","45.20","45.50","44.40","3.00M","-0.89%"
"12/24/2010","45.10","44.90","45.30","44.60","8.13M","+0.45%"
"12/23/2010","44.90","45.40","45.60","44.70","7.44M","-1.10%"
"12/22/2010","45.40","45.90","45.90","45.10","5.83M","-0.22%"
"12/21/2010","45.50","45.40","45.90","45.00","9.34M","+1.11%"
"12/20/2010","45.00","47.90","47.90","44.80","7.81M","-3.02%"
"12/16/2010","46.40","45.00","46.60","44.70","7.51M","+3.11%"
"12/15/2010","45.00","46.70","46.70","44.40","15.06M","-3.85%"
"12/14/2010","46.80","47.00","47.40","46.00","10.93M","-0.21%"
"12/13/2010","46.90","47.40","47.50","45.50","6.75M","-0.64%"
"12/10/2010","47.20","45.30","47.40","45.00","9.95M","+4.19%"
"12/09/2010","45.30","47.00","47.10","44.00","8.97M","-2.79%"
"12/08/2010","46.60","46.50","46.90","45.40","9.00M","+0.43%"
"12/07/2010","46.40","47.80","48.10","46.20","11.91M","-3.33%"
"12/06/2010","48.00","48.60","49.50","47.50","7.02M","-1.23%"
"12/03/2010","48.60","48.90","49.20","48.20","3.72M","-0.61%"
"12/02/2010","48.90","48.40","49.20","47.90","9.68M","+1.87%"
"12/01/2010","48.00","47.40","48.70","47.40","8.56M","+0.63%"
"11/30/2010","47.70","46.50","48.00","45.50","5.98M","+2.36%"
"11/29/2010","46.60","46.20","46.80","45.00","5.50M","+1.08%"
"11/26/2010","46.10","46.00","47.40","43.50","7.24M","+0.44%"
"11/25/2010","45.90","47.50","47.60","45.10","15.13M","-3.57%"
"11/24/2010","47.60","48.20","48.50","47.20","5.46M","-0.63%"
"11/23/2010","47.90","47.90","48.20","46.80","8.96M","-0.42%"
"11/22/2010","48.10","46.80","48.40","46.30","6.74M","+4.11%"
"11/19/2010","46.20","48.00","48.10","45.70","12.81M","-4.15%"
"11/18/2010","48.20","48.20","48.80","46.50","13.59M","+0.00%"
"11/16/2010","48.20","48.60","48.70","47.30","16.69M","+0.00%"
"11/15/2010","48.20","47.80","49.30","47.00","10.26M","+0.84%"
"11/12/2010","47.80","48.30","48.90","47.20","10.09M","-2.25%"
"11/11/2010","48.90","48.80","49.80","48.50","8.42M","+0.62%"
"11/10/2010","48.60","49.40","49.40","48.30","8.02M","-1.22%"
"11/09/2010","49.20","49.30","49.50","48.60","5.67M","+0.00%"
"11/08/2010","49.20","49.70","49.70","48.10","8.94M","-0.40%"
"11/05/2010","49.40","49.60","49.60","49.20","2.37M","+0.82%"
"11/04/2010","49.00","48.70","49.50","48.40","11.89M","+0.82%"
"11/03/2010","48.60","47.90","49.00","47.50","11.53M","+2.53%"
"11/02/2010","47.40","47.10","47.70","46.60","11.89M","+1.28%"
"11/01/2010","46.80","47.10","47.40","46.50","10.44M","+0.86%"
"10/29/2010","46.40","47.80","48.00","45.50","17.58M","-2.93%"
"10/28/2010","47.80","48.20","49.00","47.30","24.16M","-0.42%"
"10/27/2010","48.00","49.20","49.40","47.40","19.34M","-2.44%"
"10/26/2010","49.20","50.30","50.30","49.10","11.62M","-1.99%"
"10/25/2010","50.20","49.70","50.40","49.50","7.20M","+1.62%"
"10/22/2010","49.40","50.50","50.60","49.20","9.85M","-1.79%"
"10/21/2010","50.30","50.50","50.60","49.10","26.07M","+0.20%"
"10/20/2010","50.20","50.50","51.40","49.70","14.16M","-0.59%"
"10/19/2010","50.50","51.30","51.70","50.20","13.18M","-0.79%"
"10/18/2010","50.90","51.10","51.10","49.70","11.30M","+0.00%"
"10/15/2010","50.90","51.50","51.60","50.70","9.41M","-1.17%"
"10/14/2010","51.50","52.50","52.70","51.10","10.23M","-1.34%"
"10/13/2010","52.20","50.50","52.40","50.30","14.31M","+3.78%"
"10/12/2010","50.30","52.00","52.30","49.90","22.27M","-3.27%"
"10/11/2010","52.00","51.10","52.40","50.70","10.57M","+3.38%"
"10/08/2010","50.30","51.30","51.60","49.80","8.00M","-1.95%"
"10/07/2010","51.30","51.70","52.30","50.90","12.73M","-0.77%"
"10/06/2010","51.70","51.50","52.20","51.20","9.62M","+0.78%"
"10/05/2010","51.30","51.30","51.70","50.70","10.67M","+0.98%"
"10/04/2010","50.80","50.60","51.20","50.30","12.30M","+2.21%"
"10/01/2010","49.70","48.00","50.30","47.80","17.17M","+4.41%"
"09/30/2010","47.60","48.20","48.50","47.10","21.68M","-1.65%"
"09/29/2010","48.40","49.30","49.30","48.00","7.83M","-0.82%"
"09/28/2010","48.80","48.90","49.00","48.20","10.51M","+0.41%"
"09/27/2010","48.60","48.40","49.50","48.40","12.81M","+0.41%"
"09/24/2010","48.40","47.80","48.80","47.80","12.90M","+0.21%"
"09/23/2010","48.30","49.20","49.50","48.00","11.89M","-1.63%"
"09/22/2010","49.10","49.10","49.60","48.30","16.64M","+0.61%"
"09/21/2010","48.80","47.70","49.60","47.60","33.07M","+2.74%"
"09/20/2010","47.50","47.60","48.30","47.10","14.20M","+0.42%"
"09/17/2010","47.30","47.10","47.80","46.80","16.60M","+1.28%"
"09/16/2010","46.70","47.90","48.50","46.30","30.27M","-1.48%"
"09/15/2010","47.40","47.90","50.60","47.00","48.35M","-0.42%"
"09/14/2010","47.60","45.40","49.10","45.40","39.11M","+4.62%"
"09/13/2010","45.50","43.80","46.00","43.50","19.37M","+5.32%"
"09/09/2010","43.20","42.50","43.40","42.50","22.82M","+2.13%"
"09/08/2010","42.30","42.50","42.70","42.00","14.74M","-0.24%"
"09/07/2010","42.40","42.00","42.80","41.80","19.43M","+1.44%"
"09/06/2010","41.80","41.70","41.90","41.40","12.37M","+0.97%"
"09/03/2010","41.40","41.00","41.60","40.90","12.59M","+1.47%"
"09/02/2010","40.80","42.30","42.30","40.50","16.14M","-1.69%"
"09/01/2010","41.50","41.80","41.80","40.80","11.84M","+0.24%"
"08/31/2010","41.40","42.40","42.40","40.90","10.97M","-2.13%"
"08/30/2010","42.30","42.40","43.00","42.00","8.08M","+0.95%"
"08/27/2010","41.90","41.80","42.40","41.60","10.01M","-0.24%"
"08/26/2010","42.00","42.30","42.30","41.40","21.76M","+0.24%"
"08/25/2010","41.90","42.90","43.10","41.80","12.71M","-2.33%"
"08/24/2010","42.90","43.50","43.90","42.60","16.83M","-1.15%"
"08/23/2010","43.40","43.10","43.70","43.00","7.35M","+0.70%"
"08/20/2010","43.10","42.70","43.40","42.60","18.06M","+0.23%"
"08/19/2010","43.00","42.20","43.20","41.70","21.87M","+2.38%"
"08/18/2010","42.00","41.90","42.20","41.50","11.04M","+0.72%"
"08/17/2010","41.70","41.70","42.20","41.20","15.25M","+0.48%"
"08/16/2010","41.50","41.60","42.30","41.20","23.39M","+0.00%"
"08/13/2010","41.50","40.40","41.60","40.40","21.04M","+3.23%"
"08/12/2010","40.20","40.50","40.80","39.80","12.69M","-0.74%"
"08/11/2010","40.50","40.40","40.80","40.00","14.58M","+0.00%"
"08/10/2010","40.50","41.30","41.90","40.30","14.45M","-1.70%"
"08/09/2010","41.20","40.60","41.20","40.50","7.44M","+1.48%"
"08/06/2010","40.60","41.00","41.40","40.40","10.28M","-1.46%"
"08/05/2010","41.20","41.20","42.00","41.00","30.29M","+0.00%"
"08/04/2010","41.20","40.30","41.30","40.10","30.95M","+2.74%"
"08/03/2010","40.10","39.40","40.30","39.20","24.88M","+2.30%"
"08/02/2010","39.20","38.80","39.40","38.60","14.47M","+1.55%"
"07/30/2010","38.60","38.20","39.00","38.20","11.67M","+1.05%"
"07/29/2010","38.20","38.40","38.50","38.10","15.68M","-0.26%"
"07/28/2010","38.30","38.50","38.70","38.00","7.98M","+0.00%"
"07/27/2010","38.30","38.50","38.60","38.10","9.66M","+0.26%"
"07/26/2010","38.20","38.70","38.70","38.10","7.92M","-0.78%"
"07/23/2010","38.50","38.90","38.90","38.30","16.33M","+0.00%"
"07/22/2010","38.50","39.50","39.50","38.10","31.65M","-1.79%"
"07/21/2010","39.20","39.50","39.50","38.10","47.49M","+0.26%"
"07/20/2010","39.10","39.60","39.90","38.70","12.13M","-1.26%"
"07/19/2010","39.60","39.20","39.80","39.00","23.57M","+1.02%"
"07/16/2010","39.20","38.20","39.30","38.10","23.36M","+3.16%"
"07/15/2010","38.00","37.90","38.40","37.70","19.83M","+0.80%"
"07/14/2010","37.70","38.20","38.70","37.60","17.88M","-1.05%"
"07/13/2010","38.10","38.00","38.20","37.60","11.34M","+0.26%"
"07/12/2010","38.00","38.30","38.60","37.90","11.77M","-0.52%"
"07/09/2010","38.20","38.00","38.60","37.80","7.36M","+0.53%"
"07/08/2010","38.00","38.00","38.20","37.80","6.80M","+1.06%"
"07/07/2010","37.60","38.30","38.30","37.30","7.11M","-1.83%"
"07/06/2010","38.30","38.20","38.50","37.90","6.65M","+0.26%"
"07/05/2010","38.20","38.00","38.20","37.60","5.22M","+0.53%"
"07/02/2010","38.00","38.60","38.80","37.80","8.92M","-1.30%"
"07/01/2010","38.50","38.50","38.80","37.80","13.57M","+0.00%"
"06/30/2010","38.50","37.20","38.70","37.20","47.51M","+3.49%"
"06/29/2010","37.20","38.30","38.30","37.10","13.82M","-2.36%"
"06/28/2010","38.10","37.50","38.40","37.50","16.95M","+1.60%"
"06/25/2010","37.50","37.90","38.20","37.40","14.57M","-0.79%"
"06/24/2010","37.80","38.80","38.80","37.50","375.66M","-3.57%"
"06/23/2010","39.20","39.10","40.20","39.00","9.97M","-1.26%"
"06/22/2010","39.70","39.50","40.40","39.40","20.57M","+0.00%"
"06/21/2010","39.70","38.80","40.00","38.80","13.17M","+2.58%"
"06/18/2010","38.70","38.70","39.00","38.30","7.61M","+0.26%"
"06/17/2010","38.60","38.00","38.80","37.70","11.36M","+1.05%"
"06/16/2010","38.20","38.60","38.80","37.90","7.93M","-0.78%"
"06/15/2010","38.50","38.70","38.70","38.20","5.46M","+0.00%"
"06/14/2010","38.50","38.10","38.60","38.00","7.30M","+1.32%"
"06/11/2010","38.00","37.70","38.30","37.20","10.97M","+2.15%"
"06/10/2010","37.20","37.00","37.30","36.60","8.64M","+0.81%"
"06/09/2010","36.90","37.00","37.50","36.80","5.21M","-0.27%"
"06/08/2010","37.00","37.90","38.10","36.80","7.57M","-1.86%"
"06/07/2010","37.70","36.50","37.90","36.40","7.94M","+0.27%"
"06/04/2010","37.60","38.00","38.10","37.40","6.89M","-1.05%"
"06/03/2010","38.00","38.10","38.70","37.80","5.32M","+0.80%"
"06/02/2010","37.70","38.00","38.00","37.10","6.77M","-0.26%"
"06/01/2010","37.80","38.20","39.00","37.30","15.83M","-0.26%"
"05/31/2010","37.90","38.20","38.20","37.40","6.85M","-0.26%"
"05/28/2010","38.00","38.10","38.20","37.60","21.98M","+0.53%"
"05/27/2010","37.80","37.40","38.00","36.70","10.05M","+1.61%"
"05/26/2010","37.20","36.50","37.70","35.80","12.34M","+2.48%"
"05/25/2010","36.30","36.80","36.80","35.60","14.04M","-1.89%"
"05/24/2010","37.00","37.70","37.90","36.90","7.94M","+0.00%"
"05/21/2010","37.00","36.80","38.00","36.30","17.27M","-1.33%"
"05/20/2010","37.50","37.50","38.10","37.10","9.12M","+0.81%"
"05/19/2010","37.20","38.80","39.20","36.80","18.34M","-5.10%"
"05/18/2010","39.20","39.30","39.60","38.50","11.26M","+0.00%"
"05/17/2010","39.20","37.50","39.40","37.20","24.56M","+3.43%"
"05/14/2010","37.90","38.80","39.50","37.60","16.73M","-2.32%"
"05/13/2010","38.80","38.90","39.20","38.60","14.05M","+1.04%"
"05/12/2010","38.40","37.50","38.70","37.40","32.09M","+2.95%"
"05/11/2010","37.30","38.20","38.60","37.10","22.44M","-1.84%"
"05/10/2010","38.00","36.30","38.20","36.20","26.43M","+6.74%"
"05/07/2010","35.60","37.00","37.10","35.40","11.01M","-5.07%"
"05/06/2010","37.50","37.20","37.90","36.60","10.30M","+0.54%"
"05/05/2010","37.30","36.10","37.50","35.80","14.12M","+1.91%"
"05/04/2010","36.60","37.50","37.50","36.40","8.65M","-0.81%"
"05/03/2010","36.90","37.00","37.50","36.70","7.18M","+0.00%"
"04/30/2010","36.90","36.50","37.20","36.50","12.64M","+1.37%"
"04/29/2010","36.40","37.00","37.00","36.30","18.07M","-1.09%"
"04/28/2010","36.80","36.60","37.50","36.60","8.34M","-2.13%"
"04/27/2010","37.60","37.80","38.00","37.50","4.56M","-0.53%"
"04/26/2010","37.80","37.60","38.00","37.30","6.88M","+1.34%"
"04/23/2010","37.30","37.20","37.50","36.80","5.67M","+0.54%"
"04/22/2010","37.10","37.00","37.80","36.70","11.32M","+0.00%"
"04/21/2010","37.10","36.80","37.40","36.60","9.27M","+1.37%"
"04/20/2010","36.60","36.50","37.00","36.20","10.82M","+1.10%"
"04/19/2010","36.20","35.00","36.70","35.00","16.27M","+0.00%"
"04/16/2010","36.20","37.00","37.00","36.20","19.35M","-2.95%"
"04/15/2010","37.30","38.60","38.70","37.10","16.29M","-2.86%"
"04/13/2010","38.40","38.60","38.80","38.10","7.31M","+0.26%"
"04/12/2010","38.30","39.90","39.90","38.00","9.83M","-2.54%"
"04/09/2010","39.30","39.40","39.80","39.10","10.75M","+0.00%"
"04/08/2010","39.30","39.40","39.80","39.00","21.11M","-0.25%"
"04/07/2010","39.40","39.20","39.80","38.90","42.16M","+0.77%"
"04/06/2010","39.10","38.50","39.50","38.40","29.81M","+2.09%"
"04/05/2010","38.30","37.60","38.50","37.30","20.89M","+2.68%"
"04/01/2010","37.30","37.60","37.70","37.20","6.89M","-0.27%"
"03/31/2010","37.40","37.50","37.80","37.20","10.46M","+0.00%"
"03/30/2010","37.40","37.70","38.30","37.30","12.07M","-0.80%"
"03/29/2010","37.70","37.60","38.20","37.50","14.01M","+0.27%"
"03/26/2010","37.60","37.20","37.90","37.10","15.59M","+1.62%"
"03/25/2010","37.00","36.40","37.10","36.10","21.90M","+1.37%"
"03/23/2010","36.50","37.40","37.60","36.30","13.27M","-1.88%"
"03/22/2010","37.20","36.60","37.60","36.50","18.37M","-0.27%"
"03/19/2010","37.30","38.00","38.00","37.10","12.78M","-1.06%"
"03/18/2010","37.70","38.20","38.20","37.50","17.69M","-1.05%"
"03/17/2010","38.10","38.10","38.80","38.00","17.03M","+0.53%"
"03/16/2010","37.90","38.10","38.30","37.50","14.54M","-0.26%"
"03/15/2010","38.00","39.10","39.20","37.80","11.48M","-2.06%"
"03/12/2010","38.80","39.00","39.50","38.70","8.05M","-0.26%"
"03/11/2010","38.90","39.50","39.60","38.80","7.78M","-2.02%"
"03/10/2010","39.70","39.50","39.90","39.10","7.18M","+0.00%"
"03/09/2010","39.70","40.70","40.70","39.40","6.39M","-2.22%"
"03/08/2010","40.60","40.20","41.00","40.20","15.90M","+1.25%"
"03/05/2010","40.10","39.00","40.20","38.80","23.67M","+3.35%"
"03/04/2010","38.80","38.10","38.90","37.80","12.69M","+2.11%"
"03/03/2010","38.00","37.80","38.30","37.40","8.84M","+1.33%"
"03/02/2010","37.50","37.60","37.80","37.10","8.12M","+0.81%"
"02/26/2010","37.20","36.90","37.90","36.30","14.51M","+1.92%"
"02/25/2010","36.50","40.50","40.50","35.70","25.31M","+3.11%"
"02/24/2010","35.40","34.80","35.60","34.80","7.15M","+0.28%"
"02/23/2010","35.30","35.70","36.20","35.10","17.33M","-1.40%"
"02/22/2010","35.80","38.00","38.00","35.70","5.67M","-1.92%"
"02/19/2010","36.50","37.30","37.30","36.20","5.12M","-2.93%"
"02/18/2010","37.60","37.90","38.00","37.30","11.15M","-0.79%"
"02/17/2010","37.90","37.10","38.20","37.00","10.02M","+2.43%"
"02/16/2010","37.00","36.60","37.10","36.30","4.75M","+1.65%"
"02/15/2010","36.40","40.20","40.20","36.30","4.37M","-1.09%"
"02/11/2010","36.80","36.70","37.30","36.40","11.08M","+1.10%"
"02/10/2010","36.40","37.50","37.60","36.10","6.78M","-2.15%"
"02/09/2010","37.20","36.90","37.60","36.50","10.83M","+0.81%"
"02/08/2010","36.90","36.40","37.40","35.70","13.47M","+3.07%"
"02/05/2010","35.80","36.00","36.60","35.60","12.14M","-4.53%"
"02/04/2010","37.50","39.00","39.00","37.30","6.26M","-3.85%"
"02/03/2010","39.00","37.40","39.20","37.40","13.31M","+3.45%"
"02/02/2010","37.70","40.00","40.00","37.50","8.24M","-3.83%"
"02/01/2010","39.20","38.40","39.90","38.30","14.98M","+0.77%"
"01/29/2010","38.90","38.20","39.60","37.20","19.62M","-0.26%"
"01/28/2010","39.00","38.60","39.70","38.50","15.80M","+1.83%"
"01/27/2010","38.30","38.40","41.10","37.60","12.75M","-1.54%"
"01/25/2010","38.90","40.20","40.20","38.70","18.88M","-3.95%"
"01/22/2010","40.50","41.20","41.80","40.20","25.05M","-4.03%"
"01/21/2010","42.20","43.60","43.60","41.80","13.59M","-3.65%"
"01/20/2010","43.80","43.00","44.00","42.80","15.61M","+2.10%"
"01/19/2010","42.90","43.00","43.80","42.80","20.85M","+0.70%"
"01/18/2010","42.60","40.60","42.90","40.50","14.50M","+3.65%"
"01/15/2010","41.10","41.20","41.50","40.80","12.53M","-0.24%"
"01/14/2010","41.20","41.10","42.00","40.60","12.09M","+1.48%"
"01/13/2010","40.60","40.80","41.10","40.30","15.40M","-1.46%"
"01/12/2010","41.20","42.40","42.50","41.00","11.32M","-2.83%"
"01/11/2010","42.40","42.80","43.10","42.10","6.49M","+0.24%"
"01/08/2010","42.30","42.70","42.70","41.90","7.45M","-0.47%"
"01/07/2010","42.50","42.20","42.70","41.70","20.80M","+0.95%"
"01/06/2010","42.10","41.60","42.20","41.30","13.93M","+1.20%"
"01/05/2010","41.60","41.40","41.70","41.10","7.11M","+1.22%"
"01/04/2010","41.10","40.70","41.20","40.30","5.53M","+1.99%"
"12/31/2009","40.30","41.50","41.70","40.10","7.49M","-1.71%"
"12/30/2009","41.00","40.40","41.10","40.10","12.62M","+1.49%"
"12/29/2009","40.40","40.30","40.70","40.20","4.83M","+0.25%"
"12/24/2009","40.30","40.80","40.80","40.10","6.01M","-0.49%"
"12/23/2009","40.50","40.00","40.60","40.00","7.03M","+1.50%"
"12/22/2009","39.90","39.30","40.10","39.30","9.15M","+2.31%"
"12/21/2009","39.00","38.50","39.70","38.40","12.32M","+0.78%"
"12/18/2009","38.70","39.00","39.40","38.60","8.13M","-1.28%"
"12/17/2009","39.20","38.90","39.40","38.50","9.95M","+1.03%"
"12/16/2009","38.80","39.40","39.40","38.50","24.70M","-1.52%"
"12/15/2009","39.40","40.00","40.30","39.10","14.98M","-1.25%"
"12/14/2009","39.90","40.00","40.40","39.80","7.98M","-0.50%"
"12/11/2009","40.10","40.40","40.60","39.50","7.50M","+0.25%"
"12/10/2009","40.00","39.60","40.20","39.50","5.51M","+1.27%"
"12/09/2009","39.50","40.20","40.40","39.30","7.91M","-1.99%"
"12/08/2009","40.30","39.20","40.60","39.00","8.23M","+2.81%"
"12/07/2009","39.20","40.20","40.40","39.10","8.83M","-1.51%"
"12/04/2009","39.80","40.20","40.40","39.50","8.19M","-1.24%"
"12/03/2009","40.30","41.00","41.40","40.10","7.98M","-1.47%"
"12/02/2009","40.90","40.80","41.20","40.60","11.83M","+0.25%"
"12/01/2009","40.80","39.50","40.90","36.60","15.85M","+3.55%"
"11/30/2009","39.40","38.20","39.70","38.00","8.67M","+3.14%"
"11/27/2009","38.20","39.00","39.00","36.30","19.39M","-2.55%"
"11/26/2009","39.20","39.80","39.80","38.90","15.18M","-0.76%"
"11/25/2009","39.50","39.00","39.90","38.80","14.83M","+1.54%"
"11/24/2009","38.90","40.20","40.40","38.60","15.43M","-3.47%"
"11/23/2009","40.30","40.00","40.70","39.60","14.04M","+1.51%"
"11/20/2009","39.70","39.20","40.00","38.30","16.10M","+1.28%"
"11/19/2009","39.20","40.90","41.10","38.80","15.93M","-3.92%"
"11/18/2009","40.80","41.90","42.50","40.60","33.85M","-1.69%"
"11/17/2009","41.50","41.20","41.80","40.30","10.82M","+0.73%"
"11/16/2009","41.20","40.80","41.60","40.80","10.66M","+1.73%"
"11/13/2009","40.50","39.60","40.80","39.30","16.42M","+2.79%"
"11/12/2009","39.40","40.00","40.80","39.10","10.42M","-3.19%"
"11/11/2009","40.70","39.80","40.90","38.90","15.70M","+3.04%"
"11/10/2009","39.50","40.70","40.90","39.30","14.71M","-1.74%"
"11/09/2009","40.20","38.80","40.90","37.60","26.84M","+5.24%"
"11/06/2009","38.20","36.00","38.70","36.00","15.51M","+6.41%"
"11/05/2009","35.90","35.00","36.00","34.30","12.54M","+2.57%"
"11/04/2009","35.00","34.40","35.20","34.20","10.77M","+2.64%"
"11/03/2009","34.10","35.20","35.90","33.60","22.59M","-4.48%"
"10/30/2009","35.70","36.50","38.20","35.20","22.84M","-0.28%"
"10/29/2009","35.80","37.20","37.40","35.50","12.97M","-5.54%"
"10/28/2009","37.90","38.30","39.10","37.60","11.94M","-0.52%"
"10/27/2009","38.10","38.10","39.20","37.30","19.79M","-2.31%"
"10/26/2009","39.00","39.80","40.00","38.60","12.00M","-2.01%"
"10/23/2009","39.80","40.20","40.50","39.60","15.14M","+0.00%"
"10/22/2009","39.80","40.80","40.80","39.40","17.38M","-2.93%"
"10/21/2009","41.00","41.20","41.30","40.60","7.23M","+0.00%"
"10/20/2009","41.00","41.70","42.00","40.60","8.54M","-0.73%"
"10/16/2009","41.30","41.10","41.90","40.80","12.27M","+0.49%"
"10/15/2009","41.10","40.90","41.60","40.70","11.96M","+1.73%"
"10/14/2009","40.40","40.20","40.80","39.90","23.26M","+1.00%"
"10/12/2009","40.00","38.40","40.40","38.20","31.12M","+4.17%"
"10/09/2009","38.40","38.70","39.70","38.10","15.74M","-0.26%"
"10/08/2009","38.50","37.70","38.90","37.40","13.34M","+2.39%"
"10/07/2009","37.60","38.00","38.80","37.30","11.60M","-0.53%"
"10/06/2009","37.80","37.20","38.00","36.50","11.59M","+2.16%"
"10/05/2009","37.00","37.50","38.30","36.80","9.61M","-3.65%"
"10/01/2009","38.40","38.70","39.10","38.30","13.20M","-1.54%"
"09/30/2009","39.00","38.10","39.20","37.90","29.57M","+2.90%"
"09/29/2009","37.90","37.60","38.00","36.80","15.99M","+3.55%"
"09/25/2009","36.60","36.90","37.40","36.40","7.19M","-0.81%"
"09/24/2009","36.90","36.20","37.10","35.80","19.06M","+1.10%"
"09/23/2009","36.50","36.80","37.10","36.30","11.33M","-1.08%"
"09/22/2009","36.90","36.80","37.20","36.70","11.83M","+0.27%"
"09/18/2009","36.80","36.40","37.50","35.30","12.49M","+0.00%"
"09/17/2009","36.80","37.60","37.70","36.50","12.04M","-0.54%"
"09/16/2009","37.00","38.00","38.20","36.80","21.91M","-1.33%"
"09/15/2009","37.50","36.50","38.00","36.50","31.82M","+1.90%"
"09/14/2009","36.80","36.00","37.00","36.00","14.53M","+1.66%"
"09/11/2009","36.20","36.80","37.00","31.60","22.16M","-0.55%"
"09/10/2009","36.40","36.20","37.60","36.20","32.84M","+1.39%"
"09/09/2009","35.90","36.40","36.60","35.80","14.03M","-0.83%"
"09/08/2009","36.20","36.80","36.90","36.00","13.29M","-0.28%"
"09/07/2009","36.30","36.00","36.40","35.60","17.80M","+1.68%"
"09/04/2009","35.70","35.50","36.00","35.10","13.16M","+2.00%"
"09/03/2009","35.00","35.00","35.70","34.70","20.67M","+0.57%"
"09/02/2009","34.80","34.80","35.60","34.50","18.36M","-1.42%"
"09/01/2009","35.30","35.90","36.60","34.90","19.62M","-1.40%"
"08/31/2009","35.80","35.60","36.00","35.30","14.62M","-1.10%"
"08/28/2009","36.20","35.70","36.90","35.40","22.42M","+1.40%"
"08/27/2009","35.70","36.20","36.20","35.10","27.71M","-1.92%"
"08/26/2009","36.40","36.20","36.70","35.40","15.91M","+0.83%"
"08/25/2009","36.10","36.50","37.00","35.40","25.94M","-1.37%"
"08/24/2009","36.60","36.20","37.20","36.20","16.09M","+1.67%"
"08/21/2009","36.00","34.90","36.20","34.30","26.18M","+2.56%"
"08/20/2009","35.10","34.60","35.40","34.30","24.79M","+3.85%"
"08/19/2009","33.80","34.80","35.00","33.40","21.53M","-2.59%"
"08/18/2009","34.70","34.20","35.30","34.10","23.83M","+1.76%"
"08/17/2009","34.10","36.40","36.40","33.80","23.04M","-7.34%"
"08/14/2009","36.80","37.90","37.90","36.60","15.36M","-2.39%"
"08/13/2009","37.70","36.30","37.90","36.00","27.43M","+5.60%"
"08/12/2009","35.70","35.90","36.20","34.40","29.31M","-1.65%"
"08/11/2009","36.30","36.40","37.10","35.50","45.12M","+0.28%"
"08/10/2009","36.20","36.20","36.90","34.80","47.96M","+1.69%"
"08/07/2009","35.60","36.20","36.90","35.10","43.63M","-2.73%"
"08/06/2009","36.60","37.00","38.50","36.10","68.02M","-1.88%"
"08/05/2009","37.30","35.20","37.50","34.80","57.70M","+5.97%"
"08/04/2009","35.20","33.40","35.40","33.40","50.55M","+5.39%"
"08/03/2009","33.40","33.00","33.60","32.60","16.19M","+1.83%"
"07/31/2009","32.80","32.10","33.10","31.80","31.37M","+4.46%"
"07/30/2009","31.40","31.20","31.70","30.80","29.61M","+0.64%"
"07/29/2009","31.20","33.20","33.50","31.00","35.94M","-5.74%"
"07/28/2009","33.10","33.70","34.10","32.40","43.44M","-0.90%"
"07/27/2009","33.40","31.90","33.60","31.80","30.52M","+5.03%"
"07/24/2009","31.80","32.60","32.60","31.20","22.75M","-0.93%"
"07/23/2009","32.10","31.70","32.60","31.50","26.62M","+2.88%"
"07/22/2009","31.20","32.50","33.20","31.00","29.18M","-2.80%"
"07/21/2009","32.10","33.80","34.20","31.90","26.58M","-4.75%"
"07/20/2009","33.70","32.30","33.90","32.10","24.20M","+4.98%"
"07/17/2009","32.10","31.20","32.40","31.20","20.72M","+3.22%"
"07/16/2009","31.10","30.50","31.60","30.00","30.04M","+2.98%"
"07/15/2009","30.20","29.20","30.80","28.60","46.42M","+4.14%"
"07/14/2009","29.00","28.50","29.20","28.30","24.29M","+4.32%"
"07/13/2009","27.80","27.20","28.20","26.50","29.07M","+0.00%"
"07/10/2009","27.80","28.70","29.10","27.20","26.66M","-2.11%"
"07/09/2009","28.40","28.50","28.70","27.40","23.21M","-0.35%"
"07/08/2009","28.50","29.80","29.80","28.00","30.18M","-5.00%"
"07/07/2009","30.00","30.20","30.60","29.30","29.12M","+0.67%"
"07/06/2009","29.80","32.40","33.30","29.40","36.40M","-8.02%"
"07/03/2009","32.40","32.20","32.70","31.80","18.87M","+0.31%"
"07/02/2009","32.30","32.40","32.70","31.70","27.15M","+0.62%"
"07/01/2009","32.10","31.80","32.70","31.00","29.60M","+1.58%"
"06/30/2009","31.60","33.80","34.00","31.30","32.57M","-5.95%"
"06/29/2009","33.60","32.90","34.80","32.10","34.07M","+3.07%"
"06/26/2009","32.60","31.00","32.80","31.00","28.96M","+5.50%"
"06/25/2009","30.90","30.60","31.70","30.50","35.73M","+1.64%"
"06/24/2009","30.40","29.90","30.70","29.60","28.69M","+1.33%"
"06/23/2009","30.00","30.10","30.70","29.30","35.44M","-3.23%"
"06/22/2009","31.00","32.00","32.40","30.80","25.15M","-1.59%"
"06/19/2009","31.50","32.60","32.90","30.10","32.19M","-0.94%"
"06/18/2009","31.80","32.70","33.90","30.50","38.95M","-1.85%"
"06/17/2009","32.40","34.20","35.00","31.90","24.32M","-5.54%"
"06/16/2009","34.30","33.00","34.60","31.90","21.17M","+4.26%"
"06/15/2009","32.90","33.60","34.00","32.50","21.21M","-2.37%"
"06/12/2009","33.70","35.70","35.70","33.50","26.26M","-3.71%"
"06/11/2009","35.00","36.50","36.70","34.30","27.06M","-3.05%"
"06/10/2009","36.10","34.50","36.80","34.40","53.79M","+5.87%"
"06/09/2009","34.10","31.00","34.50","31.00","29.35M","+5.90%"
"06/08/2009","32.20","34.00","34.10","31.80","20.88M","-5.01%"
"06/05/2009","33.90","35.00","35.00","33.50","31.82M","-0.59%"
"06/04/2009","34.10","30.40","34.40","30.40","38.29M","+2.40%"
"06/03/2009","33.30","33.20","33.80","32.30","27.13M","+1.22%"
"06/02/2009","32.90","34.30","34.40","32.10","34.10M","-3.24%"
"06/01/2009","34.00","34.50","36.40","33.60","34.74M","+0.29%"
"05/29/2009","33.90","34.50","35.10","33.70","40.71M","-0.88%"
"05/28/2009","34.20","33.00","34.90","32.10","69.75M","+3.64%"
"05/27/2009","33.00","33.80","33.90","32.40","30.95M","+4.76%"
"05/26/2009","31.50","34.80","34.80","31.20","38.03M","-7.89%"
"05/25/2009","34.20","32.40","34.60","31.40","47.35M","+6.21%"
"05/22/2009","32.20","30.90","32.40","29.80","49.85M","+3.87%"
"05/21/2009","31.00","32.90","33.50","30.40","67.81M","-6.06%"
"05/20/2009","33.00","32.80","33.90","32.20","46.25M","-1.79%"
"05/19/2009","33.60","31.30","36.10","28.80","78.57M","+11.63%"
"05/18/2009","30.10","28.80","32.50","28.80","111.36K","+18.97%"
"05/15/2009","25.30","25.40","26.10","25.00","67.23M","+1.20%"
"05/14/2009","25.00","24.00","25.20","23.20","77.71M","+2.88%"
"05/13/2009","24.30","24.20","25.40","23.90","88.43M","+0.41%"
"05/12/2009","24.20","22.20","25.60","21.20","108.69M","+9.50%"
"05/11/2009","22.10","22.10","22.80","21.40","47.47M","+1.84%"
"05/08/2009","21.70","22.70","22.80","21.00","47.11M","-1.36%"
"05/07/2009","22.00","21.60","22.30","21.20","40.79M","+3.77%"
"05/06/2009","21.20","22.90","23.20","20.70","56.50M","-6.61%"
"05/05/2009","22.70","21.70","23.00","21.30","52.01M","+7.08%"
"05/04/2009","21.20","19.80","21.60","19.80","65.86M","+9.84%"
"04/29/2009","19.30","18.70","19.50","18.40","34.57M","+6.04%"
"04/28/2009","18.20","19.70","19.90","17.90","37.93M","-7.61%"
"04/27/2009","19.70","19.00","20.50","19.00","38.46M","-1.01%"
"04/24/2009","19.90","19.50","20.20","19.20","42.21M","+2.05%"
"04/23/2009","19.50","18.40","19.70","17.50","50.34M","+5.41%"
"04/22/2009","18.50","19.40","19.80","18.20","39.58M","-3.65%"
"04/21/2009","19.20","19.50","19.50","18.30","44.51M","-3.52%"
"04/20/2009","19.90","21.10","21.10","19.40","37.33M","-0.50%"
"04/17/2009","20.00","20.20","21.00","19.60","51.87M","+1.01%"
"04/16/2009","19.80","21.90","22.10","19.50","72.09M","-7.04%"
"04/15/2009","21.30","19.50","22.00","18.10","77.83M","+6.50%"
"04/13/2009","20.00","19.00","20.30","18.80","39.98M","+7.53%"
"04/09/2009","18.60","18.80","18.90","17.90","44.13M","+2.76%"
"04/08/2009","18.10","17.80","18.40","17.00","58.61M","-2.16%"
"04/06/2009","18.50","17.80","19.20","17.30","64.02M","+8.82%"
"04/02/2009","17.00","15.00","17.50","15.00","78.93M","+13.33%"
"04/01/2009","15.00","14.20","15.10","13.60","49.94M","+6.38%"
"03/31/2009","14.10","13.70","14.80","13.00","66.18M","+4.44%"
"03/30/2009","13.50","14.90","15.00","13.30","32.75M","-10.60%"
"03/27/2009","15.10","14.70","15.30","14.60","33.80M","+2.72%"
"03/26/2009","14.70","14.40","15.00","14.00","42.14M","+5.76%"
"03/25/2009","13.90","13.80","14.00","13.20","35.41M","+3.73%"
"03/24/2009","13.40","13.80","14.50","13.30","49.99M","-1.47%"
"03/23/2009","13.60","13.00","13.80","13.00","29.45M","+5.43%"
"03/20/2009","12.90","13.30","13.40","12.80","27.62M","-4.44%"
"03/19/2009","13.50","13.00","13.60","12.80","72.71M","+5.47%"
"03/18/2009","12.80","12.60","13.20","12.60","31.58M","+2.40%"
"03/17/2009","12.50","12.40","12.80","12.10","39.17M","+0.00%"
"03/16/2009","12.50","12.30","12.60","11.90","38.81M","+2.46%"
"03/13/2009","12.20","11.90","12.30","11.90","34.47M","+5.17%"
"03/12/2009","11.60","11.40","11.70","11.20","32.67M","+3.57%"
"03/09/2009","11.20","11.30","11.60","11.00","41.94M","-0.88%"
"03/06/2009","11.30","10.50","11.60","10.40","100.63M","+4.63%"
"03/05/2009","10.80","12.00","12.00","10.50","79.89M","-7.69%"
"03/04/2009","11.70","12.00","12.10","11.50","37.13M","-1.68%"
"03/03/2009","11.90","12.10","12.40","11.80","35.86M","-3.25%"
"03/02/2009","12.30","12.80","12.80","12.20","11.97M","-5.38%"
"02/27/2009","13.00","12.50","13.00","12.40","22.38M","+3.17%"
"02/26/2009","12.60","12.70","12.80","12.10","24.19M","-0.79%"
"02/25/2009","12.70","12.60","13.00","12.50","18.23M","+1.60%"
"02/24/2009","12.50","12.00","12.60","11.80","19.73M","+2.46%"
"02/20/2009","12.20","12.70","12.70","12.10","18.07M","-3.17%"
"02/19/2009","12.60","12.70","13.10","12.60","15.74M","-1.56%"
"02/18/2009","12.80","12.80","13.10","12.50","19.02M","-1.54%"
"02/17/2009","13.00","13.10","13.20","12.80","17.66M","-2.26%"
"02/16/2009","13.30","14.00","14.10","13.20","16.24M","-5.00%"
"02/13/2009","14.00","13.80","14.20","13.80","15.72M","+2.94%"
"02/12/2009","13.60","13.80","14.10","13.60","19.54M","-1.45%"
"02/11/2009","13.80","13.80","13.90","13.40","20.15M","-1.43%"
"02/10/2009","14.00","13.80","14.50","13.70","28.65M","+2.19%"
"02/09/2009","13.70","13.40","13.80","13.40","18.96M","+3.01%"
"02/06/2009","13.30","13.20","13.50","13.20","13.81M","+2.31%"
"02/05/2009","13.00","13.70","13.80","12.80","18.30M","-4.41%"
"02/04/2009","13.60","13.80","14.00","13.40","28.76M","+0.00%"
"02/03/2009","13.60","13.80","14.20","13.10","28.28M","-0.73%"
"02/02/2009","13.70","13.10","14.20","13.10","17.71M","-3.52%"
"01/30/2009","14.20","14.20","14.40","13.70","19.08M","+1.43%"
"01/29/2009","14.00","13.90","14.20","13.40","43.27M","+1.45%"
"01/28/2009","13.80","13.10","14.10","13.10","37.28M","+6.15%"
"01/27/2009","13.00","13.20","13.40","12.50","38.31M","+1.56%"
"01/23/2009","12.80","13.60","13.70","12.40","65.76M","-7.25%"
"01/22/2009","13.80","14.90","15.20","13.30","37.47M","-6.12%"
"01/21/2009","14.70","15.00","15.40","14.50","24.18M","-3.29%"
"01/20/2009","15.20","15.20","15.40","14.80","15.39M","-2.56%"
"01/19/2009","15.60","16.00","16.20","15.30","17.95M","-1.27%"
"01/16/2009","15.80","15.20","16.00","15.20","22.31M","+3.27%"
"01/15/2009","15.30","16.50","16.50","15.00","34.11M","-9.47%"
"01/14/2009","16.90","16.00","17.20","16.00","16.50M","+4.32%"
"01/13/2009","16.20","16.50","17.20","15.60","34.86M","-1.22%"
"01/12/2009","16.40","17.20","17.40","16.10","20.16M","-4.65%"
"01/09/2009","17.20","18.00","20.00","16.40","25.38M","-5.49%"
"01/07/2009","18.20","19.50","20.10","17.90","32.41M","-5.70%"
"01/06/2009","19.30","20.00","20.50","18.80","45.08M","-3.02%"
"01/05/2009","19.90","19.90","20.30","19.40","29.78M","+1.53%"
"01/02/2009","19.60","18.70","19.80","18.50","31.29M","+5.95%"
"01/01/2009","18.50","18.00","18.70","17.90","17.29M","+3.35%"
"12/31/2008","17.90","18.30","18.40","17.80","23.53M","-1.10%"
"12/30/2008","18.10","17.80","18.50","17.40","27.36M","+2.84%"
"12/29/2008","17.60","16.90","17.80","16.60","25.56M","+4.14%"
"12/26/2008","16.90","17.80","18.20","16.80","23.19M","-4.52%"
"12/24/2008","17.70","16.70","18.40","16.30","32.87M","+5.36%"
"12/23/2008","16.80","18.00","18.00","16.60","23.58M","-6.67%"
"12/22/2008","18.00","19.00","19.30","17.70","28.49M","-5.26%"
"12/19/2008","19.00","19.00","19.60","18.40","34.28M","-0.52%"
"12/18/2008","19.10","18.00","19.40","17.60","39.03M","+4.95%"
"12/17/2008","18.20","19.80","19.80","17.90","26.97M","-5.70%"
"12/16/2008","19.30","19.40","19.80","18.80","35.52M","-0.52%"
"12/15/2008","19.40","19.00","20.00","19.00","28.46M","+4.30%"
"12/12/2008","18.60","18.90","18.90","17.80","26.32M","-1.59%"
"12/11/2008","18.90","18.00","19.20","17.80","39.68M","+4.42%"
"12/10/2008","18.10","18.00","18.40","17.40","45.48M","+2.84%"
"12/08/2008","17.60","18.50","19.20","17.40","36.09M","-2.22%"
"12/05/2008","18.00","17.70","19.30","17.60","57.49M","+1.69%"
"12/04/2008","17.70","16.50","18.00","16.40","25.70M","+7.27%"
"12/03/2008","16.50","16.70","16.80","16.00","23.12M","+0.61%"
"12/02/2008","16.40","15.20","16.60","15.10","31.16M","+2.50%"
"12/01/2008","16.00","17.00","17.40","15.80","30.87M","-4.76%"
"11/28/2008","16.80","16.00","17.00","15.80","37.84M","+3.70%"
"11/26/2008","16.20","15.80","16.40","15.00","39.59M","+3.85%"
"11/25/2008","15.60","15.80","16.60","15.20","38.53M","-0.64%"
"11/24/2008","15.70","15.40","15.90","14.70","47.03M","+1.29%"
"11/21/2008","15.50","14.70","15.80","14.30","42.24M","+6.90%"
"11/20/2008","14.50","14.40","14.80","13.70","34.15M","-2.03%"
"11/19/2008","14.80","15.30","16.30","14.60","49.34M","-3.90%"
"11/18/2008","15.40","16.50","16.60","15.10","65.30M","-8.88%"
"11/17/2008","16.90","19.00","19.20","16.30","49.38M","-10.58%"
"11/14/2008","18.90","20.20","20.70","18.00","39.01M","-2.58%"
"11/12/2008","19.40","19.80","20.60","18.90","40.35M","-3.00%"
"11/11/2008","20.00","21.40","21.60","19.90","26.16M","-8.26%"
"11/10/2008","21.80","21.50","22.10","20.80","34.43M","+5.83%"
"11/07/2008","20.60","21.30","21.70","19.80","50.42M","-4.19%"
"11/06/2008","21.50","20.50","22.50","20.50","60.78M","+0.47%"
"11/05/2008","21.40","22.00","23.40","20.90","63.10M","+1.42%"
"11/04/2008","21.10","18.50","21.70","17.80","48.18M","+14.05%"
"11/03/2008","18.50","17.40","18.80","17.40","28.83M","+9.47%"
"10/31/2008","16.90","17.10","17.70","15.60","55.29M","+3.68%"
"10/29/2008","16.30","16.00","17.00","15.80","39.38M","+4.49%"
"10/28/2008","15.60","15.30","16.50","15.30","4.01M","+4.70%"
"10/27/2008","14.90","15.00","15.80","12.00","45.66M","+0.68%"
"10/24/2008","14.80","19.00","19.20","13.60","44.40M","-21.28%"
"10/23/2008","18.80","19.50","20.20","18.40","35.74M","-6.00%"
"10/22/2008","20.00","21.20","21.70","19.70","27.67M","-5.66%"
"10/21/2008","21.20","21.00","21.70","20.60","23.22M","+3.41%"
"10/20/2008","20.50","21.60","22.40","20.20","37.23M","-4.65%"
"10/17/2008","21.50","23.50","23.90","21.00","26.28M","-8.12%"
"10/16/2008","23.40","23.00","24.80","22.00","42.32M","-1.68%"
"10/15/2008","23.80","24.40","24.80","23.20","25.43M","-3.64%"
"10/14/2008","24.70","25.00","25.60","24.30","33.51M","+5.11%"
"10/13/2008","23.50","22.10","24.00","22.10","28.34M","+5.38%"
"10/10/2008","22.30","22.00","23.00","20.00","51.26M","-1.76%"
"10/08/2008","22.70","20.10","23.00","19.60","63.33M","+4.61%"
"10/07/2008","21.70","24.20","25.10","21.30","58.30M","-8.82%"
"10/06/2008","23.80","26.50","26.70","23.40","45.94M","-11.85%"
"10/03/2008","27.00","27.80","28.30","26.60","34.49M","-3.57%"
"10/01/2008","28.00","27.90","28.80","26.80","39.23M","+1.08%"
"09/30/2008","27.70","26.20","28.20","25.10","55.28M","+2.97%"
"09/29/2008","26.90","28.60","28.80","25.90","57.25M","-5.94%"
"09/26/2008","28.60","29.40","30.00","28.30","34.38M","-3.05%"
"09/25/2008","29.50","30.50","30.70","29.30","36.33M","-1.99%"
"09/24/2008","30.10","29.80","31.20","29.60","45.44M","+1.35%"
"09/23/2008","29.70","30.20","31.00","29.40","36.77M","-3.88%"
"09/22/2008","30.90","32.30","32.30","30.50","39.11M","-1.90%"
"09/19/2008","31.50","30.20","31.80","29.80","50.01M","+8.62%"
"09/18/2008","29.00","25.00","29.30","25.00","70.25M","+4.69%"
"09/17/2008","27.70","29.30","29.30","27.10","45.14M","-2.46%"
"09/16/2008","28.40","27.80","28.80","27.00","55.58M","-0.35%"
"09/15/2008","28.50","28.50","29.20","26.40","50.07M","-1.38%"
"09/12/2008","28.90","30.80","31.40","28.60","51.36M","-5.25%"
"09/11/2008","30.50","30.70","31.10","29.70","44.14M","-0.97%"
"09/10/2008","30.80","30.40","31.10","30.20","38.39M","-0.65%"
"09/09/2008","31.00","31.00","31.50","30.10","39.60M","-0.32%"
"09/08/2008","31.10","31.70","32.30","30.90","34.18M","+2.98%"
"09/05/2008","30.20","30.50","31.30","30.00","63.78M","-5.63%"
"09/04/2008","32.00","32.40","33.00","31.30","72.74M","-1.54%"
"09/02/2008","32.50","30.00","34.20","29.80","82.19M","+9.43%"
"09/01/2008","29.70","30.00","30.00","29.10","33.19M","-1.98%"
"08/29/2008","30.30","29.00","30.40","28.40","45.31M","+8.99%"
"08/28/2008","27.80","29.20","29.20","27.60","38.62M","-3.47%"
"08/27/2008","28.80","30.00","30.40","28.60","35.70M","-3.68%"
"08/26/2008","29.90","29.20","30.20","28.20","37.02M","+2.40%"
"08/25/2008","29.20","28.60","29.70","28.60","23.74M","+2.82%"
"08/22/2008","28.40","27.10","28.70","27.10","31.83M","+3.27%"
"08/21/2008","27.50","29.00","29.00","27.40","32.80M","-4.51%"
"08/20/2008","28.80","29.00","29.40","28.50","23.12M","+0.35%"
"08/19/2008","28.70","30.00","30.00","27.80","34.39M","-4.01%"
"08/18/2008","29.90","30.60","31.20","29.60","42.17M","-2.61%"
"08/14/2008","30.70","33.20","33.20","30.50","33.17M","-6.12%"
"08/13/2008","32.70","32.00","33.20","31.30","40.98M","+1.55%"
"08/12/2008","32.20","33.20","33.60","31.60","41.84M","-2.72%"
"08/11/2008","33.10","36.40","36.40","32.30","38.38M","+3.76%"
"08/08/2008","31.90","29.00","32.20","29.00","42.16M","+5.98%"
"08/07/2008","30.10","30.00","30.70","29.10","21.14M","+0.00%"
"08/06/2008","30.10","30.80","31.10","29.90","54.74M","+2.38%"
"08/05/2008","29.40","27.70","29.60","27.60","34.75M","+6.14%"
"08/04/2008","27.70","28.00","28.90","27.40","39.73M","-2.12%"
"08/01/2008","28.30","25.80","28.50","25.50","28.57M","+6.79%"
"07/31/2008","26.50","27.60","27.60","26.10","23.99M","-2.57%"
"07/30/2008","27.20","26.60","27.70","26.30","31.66M","+3.82%"
"07/29/2008","26.20","28.00","28.80","25.70","49.87M","-9.34%"
"07/28/2008","28.90","27.00","29.20","27.00","43.87M","+3.21%"
"07/25/2008","28.00","28.10","28.60","27.60","27.78M","-3.11%"
"07/24/2008","28.90","29.00","30.00","27.40","38.60M","+0.00%"
"07/23/2008","28.90","26.50","29.30","26.50","51.03M","+13.33%"
"07/22/2008","25.50","23.80","25.70","23.70","44.62M","+6.69%"
"07/21/2008","23.90","23.80","24.40","23.20","52.10M","+1.70%"
"07/18/2008","23.50","23.50","25.00","22.80","33.32M","+0.43%"
"07/17/2008","23.40","23.20","23.70","23.00","22.06M","+4.93%"
"07/16/2008","22.30","23.00","23.70","22.10","25.32M","-3.88%"
"07/15/2008","23.20","24.10","24.50","22.80","30.77M","-5.69%"
"07/14/2008","24.60","24.80","25.80","24.20","39.37M","-2.77%"
"07/11/2008","25.30","26.00","26.60","24.90","33.43M","-2.32%"
"07/10/2008","25.90","25.50","26.90","25.00","37.91M","-0.38%"
"07/09/2008","26.00","24.80","26.20","24.60","34.92M","+7.88%"
"07/08/2008","24.10","22.70","24.80","21.60","36.24M","+3.88%"
"07/07/2008","23.20","22.90","24.20","22.80","30.20M","+3.11%"
"07/04/2008","22.50","21.50","22.80","21.00","73.94M","+4.65%"
"07/03/2008","21.50","23.80","24.10","20.90","53.42M","-10.79%"
"07/02/2008","24.10","22.40","25.00","21.80","36.43M","+8.56%"
"07/01/2008","22.20","22.60","23.40","21.80","34.13M","-3.90%"
"06/30/2008","23.10","24.60","24.60","22.80","19.83M","-5.71%"
"06/27/2008","24.50","25.80","25.80","24.20","48.30M","-5.77%"
"06/26/2008","26.00","26.50","27.30","25.60","25.95M","-1.14%"
"06/25/2008","26.30","26.90","27.00","25.50","39.69M","-2.23%"
"06/24/2008","26.90","28.50","29.00","26.50","23.52M","-4.27%"
"06/23/2008","28.10","29.50","29.90","28.00","20.75M","-5.70%"
"06/20/2008","29.80","30.90","31.20","28.80","31.85M","-2.93%"
"06/19/2008","30.70","32.20","32.20","30.50","14.46M","-5.54%"
"06/18/2008","32.50","33.90","34.40","32.30","18.44M","-4.13%"
"06/17/2008","33.90","31.60","34.40","31.40","28.80M","+7.62%"
"06/16/2008","31.50","31.20","31.90","31.00","21.20M","+2.61%"
"06/13/2008","30.70","31.30","31.60","30.40","13.86M","-0.97%"
"06/12/2008","31.00","30.30","31.20","29.60","34.61M","-2.82%"
"06/11/2008","31.90","32.10","32.40","31.50","20.59M","+1.59%"
"06/10/2008","31.40","31.70","32.60","29.60","30.60M","-1.26%"
"06/09/2008","31.80","31.50","32.20","29.60","28.54M","-0.31%"
"06/06/2008","31.90","33.00","33.40","31.60","14.22M","-1.24%"
"06/05/2008","32.30","32.20","32.70","31.20","22.26M","+1.25%"
"06/04/2008","31.90","33.60","33.90","31.30","17.26M","-4.78%"
"06/03/2008","33.50","32.00","33.90","30.80","20.21M","+3.40%"
"06/02/2008","32.40","35.00","35.00","32.20","22.42M","-6.36%"
"05/30/2008","34.60","34.40","35.20","33.80","12.26M","+1.76%"
"05/29/2008","34.00","35.80","36.00","33.60","21.59M","-3.68%"
"05/28/2008","35.30","33.30","35.80","33.00","14.07M","+6.01%"
"05/27/2008","33.30","33.10","35.00","32.90","26.09M","+1.22%"
"05/26/2008","32.90","34.50","34.50","32.50","13.18M","-6.00%"
"05/23/2008","35.00","35.90","36.30","34.80","14.10M","-2.23%"
"05/22/2008","35.80","36.20","36.80","35.20","15.21M","-2.98%"
"05/21/2008","36.90","38.00","38.00","36.80","9.99M","-2.64%"
"05/20/2008","37.90","38.20","38.90","37.00","17.13M","-1.81%"
"05/16/2008","38.60","38.00","38.90","38.00","14.89M","+2.12%"
"05/15/2008","37.80","36.50","38.00","36.50","23.04M","+4.42%"
"05/14/2008","36.20","37.00","37.20","35.80","20.99M","-2.69%"
"05/13/2008","37.20","37.80","38.80","36.80","24.95M","+0.00%"
"05/12/2008","37.20","36.20","37.70","35.60","36.11M","+0.81%"
"05/09/2008","36.90","39.10","40.00","36.30","52.69M","-5.87%"
"05/08/2008","39.20","41.80","41.80","38.90","20.30M","-6.22%"
"05/07/2008","41.80","42.00","42.90","41.30","13.22M","-2.56%"
"05/06/2008","42.90","43.00","43.50","41.80","23.81M","-1.15%"
"05/05/2008","43.40","41.80","44.40","41.10","48.54M","+5.60%"
"05/02/2008","41.10","40.00","41.70","40.00","30.25M","+3.79%"
"04/30/2008","39.60","39.50","40.20","38.80","17.05M","+0.25%"
"04/29/2008","39.50","38.60","41.20","38.50","28.80M","+0.77%"
"04/28/2008","39.20","38.00","39.30","37.80","17.26M","+3.16%"
"04/25/2008","38.00","38.50","38.50","36.90","16.23M","+0.53%"
"04/24/2008","37.80","38.20","38.50","37.20","14.17M","-0.79%"
"04/23/2008","38.10","37.60","38.30","37.50","18.35M","+1.06%"
"04/22/2008","37.70","36.80","38.20","36.50","26.86M","+2.17%"
"04/21/2008","36.90","36.40","37.20","35.20","13.33M","+2.50%"
"04/17/2008","36.00","36.00","36.80","35.80","13.70M","+1.41%"
"04/16/2008","35.50","36.20","36.20","34.20","22.81M","+5.03%"
"04/15/2008","33.80","31.90","34.00","31.20","35.02M","+5.96%"
"04/11/2008","31.90","32.50","33.10","31.80","16.35M","-1.54%"
"04/10/2008","32.40","33.90","34.00","32.20","28.67M","-3.28%"
"04/09/2008","33.50","32.00","33.70","31.60","23.33M","+4.36%"
"04/08/2008","32.10","31.60","32.80","31.20","43.78M","+1.90%"
"04/07/2008","31.50","31.10","31.70","29.60","29.59M","+2.61%"
"04/04/2008","30.70","32.10","32.50","30.20","25.88M","-4.66%"
"04/03/2008","32.20","32.10","33.20","31.60","13.47M","-0.31%"
"04/02/2008","32.30","32.80","34.00","31.90","20.68M","+0.62%"
"04/01/2008","32.10","31.60","32.70","29.80","22.13M","+2.56%"
"03/31/2008","31.30","33.60","33.60","30.60","21.28M","-7.12%"
"03/28/2008","33.70","34.60","35.00","32.20","30.63M","-0.88%"
"03/27/2008","34.00","33.00","34.80","32.50","22.72M","+0.00%"
"03/26/2008","34.00","32.00","34.40","30.70","41.45M","+8.28%"
"03/25/2008","31.40","28.20","32.20","28.20","35.53M","+13.77%"
"03/24/2008","27.60","27.50","28.80","27.10","15.68M","+1.10%"
"03/19/2008","27.30","29.80","30.90","26.80","33.26M","-3.19%"
"03/18/2008","28.20","29.80","30.70","27.70","25.05M","-5.69%"
"03/17/2008","29.90","31.10","31.50","29.40","19.04M","-9.67%"
"03/14/2008","33.10","31.30","33.60","31.00","19.82M","+6.09%"
"03/13/2008","31.20","33.80","33.80","30.80","18.93M","-10.09%"
"03/12/2008","34.70","35.00","36.20","34.20","27.22M","+2.97%"
"03/11/2008","33.70","30.00","34.30","29.10","44.02M","+11.22%"
"03/10/2008","30.30","31.10","31.40","29.20","51.89M","-3.50%"
"03/07/2008","31.40","33.70","33.70","29.80","48.22M","-7.37%"
"03/05/2008","33.90","34.00","35.40","32.80","25.44M","-1.17%"
"03/04/2008","34.30","35.10","37.20","32.60","25.85M","-5.77%"
"03/03/2008","36.40","39.60","39.60","36.00","34.97M","-9.23%"
"02/29/2008","40.10","40.80","41.40","39.20","20.93M","-2.67%"
"02/28/2008","41.20","42.70","42.70","40.80","13.88M","-2.83%"
"02/27/2008","42.40","42.50","43.60","42.10","9.66M","+0.71%"
"02/26/2008","42.10","42.00","42.60","41.80","4.87M","+1.20%"
"02/25/2008","41.60","41.30","41.80","40.00","11.10M","+1.96%"
"02/22/2008","40.80","41.80","41.80","40.60","12.31M","-2.16%"
"02/21/2008","41.70","44.40","44.40","41.20","14.54M","-3.92%"
"02/20/2008","43.40","44.50","45.80","42.80","17.21M","-5.03%"
"02/19/2008","45.70","46.90","47.20","45.10","8.56M","-0.87%"
"02/18/2008","46.10","45.50","47.20","44.60","12.55M","+2.44%"
"02/15/2008","45.00","41.80","45.40","41.30","16.20M","+3.45%"
"02/14/2008","43.50","43.80","44.50","43.20","16.60M","+3.08%"
"02/13/2008","42.20","40.90","43.90","40.90","16.58M","+3.18%"
"02/12/2008","40.90","40.30","43.00","38.20","21.81M","+2.51%"
"02/11/2008","39.90","43.40","44.70","38.80","32.55M","-6.99%"
"02/08/2008","42.90","45.50","45.50","41.60","24.03M","-5.09%"
"02/07/2008","45.20","46.60","47.70","44.70","18.13M","-2.16%"
"02/06/2008","46.20","46.50","47.60","46.00","13.32M","-4.55%"
"02/05/2008","48.40","49.00","49.80","47.60","18.31M","-1.83%"
"02/04/2008","49.30","49.20","50.70","48.60","16.24M","+1.44%"
"02/01/2008","48.60","51.80","52.40","47.90","37.01M","-5.45%"
"01/31/2008","51.40","52.20","54.20","50.00","18.97M","-1.34%"
"01/30/2008","52.10","52.50","54.90","51.10","7.13M","-4.23%"
"01/29/2008","54.40","57.20","57.50","50.60","17.91M","-0.18%"
"01/28/2008","54.50","54.50","56.20","50.90","16.56M","+0.18%"
"01/25/2008","54.40","47.00","55.50","47.00","16.98M","+3.42%"
"01/24/2008","52.60","57.00","58.20","48.50","27.36M","-4.71%"
"01/23/2008","55.20","60.40","60.40","51.10","65.86M","+9.09%"
"01/22/2008","50.60","46.50","52.50","40.00","46.05M","+4.98%"
"01/21/2008","48.20","56.00","57.00","43.00","32.05M","-14.39%"
"01/18/2008","56.30","60.30","63.00","55.00","20.03M","-10.78%"
"01/17/2008","63.10","62.90","64.40","61.00","13.50M","+1.45%"
"01/16/2008","62.20","62.90","62.90","59.30","15.59M","-1.74%"
"01/15/2008","63.30","62.00","65.90","62.00","11.95M","-1.09%"
"01/14/2008","64.00","61.70","64.30","60.80","18.21M","+3.73%"
"01/11/2008","61.70","61.60","63.20","59.80","23.85M","-1.44%"
"01/10/2008","62.60","65.20","66.90","62.20","15.14M","-3.54%"
"01/09/2008","64.90","63.80","67.10","63.80","13.45M","-2.26%"
"01/08/2008","66.40","70.20","70.20","64.60","10.50M","-4.32%"
"01/07/2008","69.40","67.50","71.90","66.20","12.11M","+0.73%"
"01/04/2008","68.90","67.80","69.90","67.80","8.28M","+2.23%"
"01/03/2008","67.40","70.40","70.40","66.90","10.99M","-3.44%"
"01/02/2008","69.80","65.80","70.20","64.30","15.29M","+8.22%"
"01/01/2008","64.50","67.50","67.50","63.80","4.22M","-0.46%"
"12/31/2007","64.80","67.00","67.00","63.00","6.45M","+0.31%"
"12/28/2007","64.60","62.50","65.00","61.00","9.57M","+4.19%"
"12/27/2007","62.00","63.00","64.80","61.60","11.05M","-1.27%"
"12/26/2007","62.80","60.00","63.00","60.00","6.44M","+5.02%"
"12/24/2007","59.80","58.50","60.20","58.10","11.57M","+2.75%"
"12/20/2007","58.20","57.50","58.90","56.20","15.15M","+3.56%"
"12/19/2007","56.20","59.40","59.50","54.50","16.90M","-1.75%"
"12/18/2007","57.20","57.80","62.20","55.60","11.97M","-1.55%"
"12/17/2007","58.10","65.10","65.10","57.00","12.91M","-8.07%"
"12/14/2007","63.20","62.60","65.40","62.60","9.01M","-2.77%"
"12/13/2007","65.00","65.80","66.30","64.10","8.44M","-0.91%"
"12/12/2007","65.60","65.00","66.20","64.80","13.33M","-0.46%"
"12/11/2007","65.90","70.00","70.00","65.40","7.75M","+0.61%"
"12/10/2007","65.50","66.80","66.80","62.00","21.54M","+1.24%"
"12/07/2007","64.70","65.50","65.80","62.70","12.92M","-0.92%"
"12/06/2007","65.30","65.50","66.50","64.80","7.45M","+0.00%"
"12/05/2007","65.30","63.80","65.60","63.60","9.72M","+2.83%"
"12/04/2007","63.50","62.70","63.80","60.60","10.50M","+1.60%"
"12/03/2007","62.50","62.40","63.70","60.30","11.75M","+1.30%"
"11/30/2007","61.70","57.00","62.40","56.30","23.76M","+9.79%"
"11/29/2007","56.20","60.50","60.50","55.90","12.35M","+1.26%"
"11/28/2007","55.50","54.30","58.40","54.30","11.13M","-1.25%"
"11/27/2007","56.20","56.50","57.50","55.60","7.19M","-1.58%"
"11/26/2007","57.10","57.50","58.70","56.50","8.34M","+1.42%"
"11/23/2007","56.30","54.10","58.00","54.10","13.40M","+0.72%"
"11/22/2007","55.90","54.20","57.00","51.00","15.67M","+2.76%"
"11/21/2007","54.40","57.50","58.50","53.60","12.02M","-4.56%"
"11/20/2007","57.00","55.80","58.40","55.00","15.47M","+2.52%"
"11/19/2007","55.60","55.50","57.10","55.20","19.16M","+1.83%"
"11/16/2007","54.60","54.50","55.70","50.10","16.89M","+2.82%"
"11/15/2007","53.10","50.20","55.00","50.10","16.07M","+5.15%"
"11/14/2007","50.50","49.80","51.00","49.30","9.10M","+3.27%"
"11/13/2007","48.90","47.00","49.50","46.50","9.95M","+4.71%"
"11/12/2007","46.70","46.90","47.40","45.50","9.70M","-1.06%"
"11/09/2007","47.20","49.00","49.00","46.80","1.08M","-2.28%"
"11/08/2007","48.30","47.20","49.40","44.80","10.96M","+3.43%"
"11/07/2007","46.70","48.20","48.80","46.20","9.11M","-2.10%"
"11/06/2007","47.70","50.00","50.40","47.20","9.49M","-2.85%"
"11/05/2007","49.10","50.40","51.80","48.80","13.59M","-2.96%"
"11/02/2007","50.60","48.80","50.80","48.00","5.79M","+1.20%"
"11/01/2007","50.00","50.80","52.20","49.60","10.77M","+0.00%"
"10/31/2007","50.00","50.80","51.80","49.60","10.73M","-1.38%"
"10/30/2007","50.70","51.80","52.90","50.10","14.78M","-2.69%"
"10/29/2007","52.10","52.50","53.40","51.40","11.51M","+1.36%"
"10/26/2007","51.40","49.80","52.60","49.10","25.60M","+5.76%"
"10/25/2007","48.60","48.40","50.20","47.60","29.69M","+1.25%"
"10/24/2007","48.00","48.50","49.40","47.40","14.69M","+0.84%"
"10/23/2007","47.60","45.00","48.00","42.20","21.31M","+13.60%"
"10/22/2007","41.90","41.60","42.90","40.50","15.73M","+0.96%"
"10/19/2007","41.50","45.00","45.50","40.00","16.58M","-8.79%"
"10/18/2007","45.50","47.00","49.10","44.80","13.96M","-2.57%"
"10/17/2007","46.70","47.00","48.00","40.40","15.01M","-6.60%"
"10/16/2007","50.00","49.90","51.70","48.60","12.95M","+0.40%"
"10/15/2007","49.80","49.20","50.40","48.60","9.60M","+3.11%"
"10/12/2007","48.30","48.60","49.40","47.80","6.01M","-2.03%"
"10/11/2007","49.30","48.80","50.00","48.10","5.85M","+0.82%"
"10/10/2007","48.90","49.00","49.60","47.70","10.77M","+0.62%"
"10/09/2007","48.60","45.80","48.80","44.60","15.04M","+6.58%"
"10/08/2007","45.60","48.40","49.40","44.20","17.65M","-4.80%"
"10/05/2007","47.90","48.10","50.50","47.40","11.46M","-4.39%"
"10/04/2007","50.10","49.60","50.60","49.00","13.32M","+1.42%"
"10/03/2007","49.40","47.40","49.90","45.80","25.14M","+4.44%"
"10/01/2007","47.30","46.20","47.50","45.80","15.29M","+2.60%"
"09/28/2007","46.10","44.80","46.40","44.80","11.17M","+3.13%"
"09/27/2007","44.70","46.50","46.90","44.20","20.39M","-1.97%"
"09/26/2007","45.60","44.00","46.60","43.50","19.21M","+2.70%"
"09/25/2007","44.40","44.50","45.00","43.00","11.53M","-0.22%"
"09/24/2007","44.50","43.50","44.90","43.40","10.47M","+2.30%"
"09/21/2007","43.50","41.80","43.80","41.80","13.18M","+1.87%"
"09/20/2007","42.70","42.40","43.30","41.70","17.37M","+1.91%"
"09/19/2007","41.90","41.50","42.50","41.40","14.96M","+2.70%"
"09/18/2007","40.80","38.70","41.00","35.70","24.91M","+2.26%"
"09/17/2007","39.90","38.00","40.20","38.00","14.75M","+3.37%"
"09/14/2007","38.60","39.20","39.60","38.40","20.44M","-0.26%"
"09/13/2007","38.70","37.70","38.80","37.40","21.87M","+3.48%"
"09/12/2007","37.40","37.20","37.80","37.20","10.81M","+1.36%"
"09/11/2007","36.90","37.60","38.00","36.80","17.41M","-1.34%"
"09/10/2007","37.40","35.20","37.50","35.20","14.51M","+4.18%"
"09/07/2007","35.90","36.90","37.00","35.80","6.41M","-1.91%"
"09/06/2007","36.60","32.60","36.80","32.60","9.22M","+1.95%"
"09/05/2007","35.90","35.30","36.80","35.30","7.11M","-1.64%"
"09/04/2007","36.50","38.80","38.80","36.00","14.29M","+0.83%"
"09/03/2007","36.20","36.00","36.40","35.40","15.41M","+2.55%"
"08/31/2007","35.30","34.90","35.80","34.40","20.71M","+2.32%"
"08/30/2007","34.50","35.20","35.70","34.10","19.44M","-1.43%"
"08/29/2007","35.00","34.90","35.20","33.70","24.49M","+0.00%"
"08/28/2007","35.00","34.30","35.40","33.60","23.60M","+2.64%"
"08/27/2007","34.10","33.00","34.30","32.60","20.72M","+5.25%"
"08/24/2007","32.40","31.80","32.60","31.40","17.80M","+3.51%"
"08/23/2007","31.30","32.90","33.40","31.00","19.16M","-3.40%"
"08/22/2007","32.40","31.80","33.00","31.00","21.28M","+1.25%"
"08/21/2007","32.00","34.50","34.80","31.70","22.87M","-6.71%"
"08/20/2007","34.30","32.50","34.60","32.20","27.07M","+8.20%"
"08/17/2007","31.70","33.30","34.00","30.60","38.88M","-4.80%"
"08/16/2007","33.30","31.40","35.00","31.40","25.28M","-6.46%"
"08/14/2007","35.60","36.20","37.00","35.40","24.12M","-1.11%"
"08/13/2007","36.00","36.40","37.50","35.70","18.38M","-2.17%"
"08/10/2007","36.80","37.70","38.00","36.40","21.90M","-3.92%"
"08/09/2007","38.30","40.00","40.80","37.90","14.28M","-3.53%"
"08/08/2007","39.70","39.30","40.40","39.30","12.35M","+1.53%"
"08/07/2007","39.10","38.90","40.20","38.40","20.98M","+2.36%"
"08/06/2007","38.20","37.60","38.70","36.80","14.83M","+0.26%"
"08/03/2007","38.10","38.70","39.20","37.90","18.35M","-0.78%"
"08/02/2007","38.40","35.80","39.00","35.40","25.29M","+7.56%"
"08/01/2007","35.70","37.10","37.10","35.40","13.97M","-3.51%"
"07/31/2007","37.00","35.90","37.40","35.30","12.92M","+3.06%"
"07/30/2007","35.90","35.50","36.30","35.00","6.94M","+0.56%"
"07/27/2007","35.70","36.70","36.70","34.80","19.06M","-2.19%"
"07/26/2007","36.50","37.30","37.30","36.20","14.19M","+0.00%"
"07/25/2007","36.50","37.70","37.70","35.90","13.43M","-1.08%"
"07/24/2007","36.90","37.20","37.50","36.00","21.32M","-0.81%"
"07/23/2007","37.20","36.40","37.40","36.20","14.08M","+2.20%"
"07/20/2007","36.40","36.90","37.10","36.20","15.57M","-0.55%"
"07/19/2007","36.60","35.80","36.90","35.70","20.95M","+3.39%"
"07/18/2007","35.40","34.40","36.00","33.90","17.79M","+3.81%"
"07/17/2007","34.10","35.10","35.40","29.60","18.24M","-1.45%"
"07/16/2007","34.60","33.60","34.80","33.30","12.80M","+3.90%"
"07/13/2007","33.30","33.30","34.00","33.00","12.27M","+1.22%"
"07/12/2007","32.90","32.90","33.20","32.70","4.40M","+0.61%"
"07/11/2007","32.70","32.60","33.00","32.20","5.22M","+0.31%"
"07/10/2007","32.60","33.00","33.50","32.50","6.76M","-1.21%"
"07/09/2007","33.00","33.00","33.20","32.30","8.76M","+0.92%"
"07/06/2007","32.70","32.70","33.20","32.50","7.50M","+0.31%"
"07/05/2007","32.60","32.70","33.50","32.30","10.66M","-1.81%"
"07/04/2007","33.20","34.00","34.00","32.80","9.74M","-1.48%"
"07/03/2007","33.70","33.20","33.90","33.20","13.07M","+1.51%"
"07/02/2007","33.20","33.90","33.90","32.60","8.68M","-1.48%"
"06/29/2007","33.70","32.20","33.90","32.20","20.83M","+4.98%"
"06/28/2007","32.10","32.00","32.40","31.80","16.68M","+1.26%"
"06/27/2007","31.70","31.00","32.00","30.40","13.12M","+3.59%"
"06/26/2007","30.60","31.40","31.40","30.50","7.63M","-1.61%"
"06/25/2007","31.10","31.00","31.30","28.70","5.87M","+0.97%"
"06/22/2007","30.80","31.40","32.00","30.60","17.99M","-2.22%"
"06/21/2007","31.50","30.50","31.80","30.30","20.63M","+4.65%"
"06/20/2007","30.10","29.80","30.50","29.50","6.49M","+2.03%"
"06/19/2007","29.50","27.90","29.70","27.90","6.81M","+4.98%"
"06/18/2007","28.10","29.80","29.80","28.00","4.18M","-1.06%"
"06/15/2007","28.40","28.30","28.80","28.20","7.19M","+1.43%"
"06/14/2007","28.00","27.90","28.60","27.70","5.83M","+1.45%"
"06/13/2007","27.60","28.10","28.20","27.50","2.89M","-1.78%"
"06/12/2007","28.10","28.50","28.60","27.80","4.66M","-1.06%"
"06/11/2007","28.40","28.90","29.20","28.30","6.53M","-0.35%"
"06/08/2007","28.50","28.90","29.20","28.50","7.94M","-2.06%"
"06/07/2007","29.10","29.40","29.80","28.80","6.62M","-1.36%"
"06/06/2007","29.50","30.40","31.20","29.30","13.96M","-2.64%"
"06/05/2007","30.30","29.00","30.50","28.80","11.23M","+5.21%"
"06/04/2007","28.80","29.20","29.30","28.70","5.50M","-1.03%"
"06/01/2007","29.10","28.90","29.40","28.60","9.29M","+1.75%"
"05/31/2007","28.60","28.50","28.80","28.20","10.38M","+1.42%"
"05/30/2007","28.20","28.80","29.50","28.00","9.71M","-2.08%"
"05/29/2007","28.80","29.20","29.20","28.70","3.46M","-0.35%"
"05/28/2007","28.90","29.20","29.70","28.80","7.14M","+0.00%"
"05/25/2007","28.90","29.00","29.50","28.00","6.84M","-0.69%"
"05/24/2007","29.10","29.40","29.90","28.80","9.99M","-1.02%"
"05/23/2007","29.40","30.40","30.40","29.20","8.69M","-3.29%"
"05/22/2007","30.40","29.00","31.40","28.70","31.22M","+5.56%"
"05/21/2007","28.80","28.20","29.00","28.10","14.42M","+2.86%"
"05/18/2007","28.00","28.70","28.80","27.80","11.55M","-1.75%"
"05/17/2007","28.50","27.90","28.60","27.70","19.92M","+3.26%"
"05/16/2007","27.60","27.00","27.80","26.80","13.27M","+2.22%"
"05/15/2007","27.00","26.80","27.40","26.40","8.63M","+0.75%"
"05/14/2007","26.80","26.80","27.10","26.70","3.57M","+0.75%"
"05/11/2007","26.60","26.30","26.90","25.90","7.25M","+0.38%"
"05/10/2007","26.50","27.20","27.40","26.30","7.44M","-1.12%"
"05/09/2007","26.80","27.20","27.20","26.10","11.78M","-1.11%"
"05/08/2007","27.10","27.50","28.00","26.90","11.84M","-1.09%"
"05/07/2007","27.40","27.40","28.00","27.10","11.46M","+0.37%"
"05/04/2007","27.30","27.70","28.10","27.10","9.13M","-1.44%"
"05/03/2007","27.70","27.50","28.30","27.40","17.30M","+1.84%"
"04/30/2007","27.20","26.00","27.40","25.60","21.94M","+4.21%"
"04/27/2007","26.10","25.30","26.40","25.20","26.50M","+3.57%"
"04/26/2007","25.20","25.60","25.70","24.90","11.15M","+0.00%"
"04/25/2007","25.20","25.00","25.70","25.00","22.62M","+0.80%"
"04/24/2007","25.00","24.50","25.60","24.50","29.20M","+1.21%"
"04/23/2007","24.70","25.50","25.90","24.50","12.74M","-1.98%"
"04/20/2007","25.20","25.00","25.40","24.80","8.25M","+1.20%"
"04/19/2007","24.90","24.40","25.10","23.90","5.73M","+0.40%"
"04/18/2007","24.80","24.50","25.20","24.50","6.17M","+0.81%"
"04/17/2007","24.60","24.80","26.80","24.20","9.99M","+0.00%"
"04/16/2007","24.60","24.80","25.00","24.50","4.87M","+0.41%"
"04/13/2007","24.50","24.00","24.70","24.00","6.50M","+2.08%"
"04/12/2007","24.00","24.20","24.20","23.80","6.54M","-1.23%"
"04/11/2007","24.30","24.80","25.50","24.20","12.66M","-2.80%"
"04/10/2007","25.00","25.50","25.60","24.70","15.95M","-1.19%"
"04/09/2007","25.30","23.80","25.40","23.60","16.01M","+7.20%"
"04/05/2007","23.60","23.50","23.90","23.00","7.17M","+0.43%"
"04/04/2007","23.50","23.40","24.20","23.20","18.70M","+0.86%"
"04/03/2007","23.30","23.50","24.00","22.80","28.78M","+1.75%"
"04/02/2007","22.90","23.00","23.50","22.10","20.03M","-4.58%"
"03/30/2007","24.00","23.10","24.00","22.60","18.00M","+3.90%"
"03/29/2007","23.10","22.80","23.60","22.80","17.52M","+0.00%"
"03/28/2007","23.10","23.20","23.50","22.30","14.00M","-0.43%"
"03/26/2007","23.20","23.20","23.80","22.80","13.20M","+0.43%"
"03/23/2007","23.10","22.20","23.40","21.90","17.93M","+5.00%"
"03/22/2007","22.00","21.90","22.20","21.70","9.79M","+2.33%"
"03/21/2007","21.50","21.40","21.80","21.30","12.55M","+0.47%"
"03/20/2007","21.40","22.00","22.00","21.30","7.21M","-1.38%"
"03/19/2007","21.70","21.50","22.20","21.50","3.87M","+0.93%"
"03/16/2007","21.50","21.60","21.80","21.30","11.95M","+0.00%"
"03/15/2007","21.50","21.50","21.90","21.40","7.55M","+0.00%"
"03/14/2007","21.50","21.00","21.70","21.00","12.41M","-1.83%"
"03/13/2007","21.90","22.00","22.20","21.70","3.37M","-0.45%"
"03/12/2007","22.00","22.00","22.40","21.60","2.82M","+0.46%"
"03/09/2007","21.90","22.60","23.00","21.50","11.64M","-2.23%"
"03/08/2007","22.40","21.60","22.60","21.50","3.08M","+2.28%"
"03/07/2007","21.90","22.20","22.20","21.40","7.45M","+0.92%"
"03/06/2007","21.70","21.10","21.80","21.10","6.86M","+5.34%"
"03/05/2007","20.60","21.40","21.40","20.10","9.79M","-4.19%"
"03/02/2007","21.50","21.20","22.00","21.00","7.28M","+1.90%"
"03/01/2007","21.10","21.00","21.70","20.10","8.73M","-0.47%"
"02/28/2007","21.20","20.80","22.00","20.10","8.31M","-3.20%"
"02/27/2007","21.90","22.10","22.40","21.60","7.54M","+0.46%"
"02/26/2007","21.80","22.50","22.50","21.10","7.34M","-0.46%"
"02/23/2007","21.90","22.60","22.60","21.50","6.27M","-2.23%"
"02/22/2007","22.40","23.70","24.50","21.70","11.29M","-4.68%"
"02/21/2007","23.50","24.20","24.20","23.40","2.04M","-0.84%"
"02/20/2007","23.70","24.80","24.80","23.50","3.35M","-3.27%"
"02/19/2007","24.50","24.70","25.00","24.30","2.63M","+1.24%"
"02/15/2007","24.20","24.80","24.80","23.70","4.69M","+0.83%"
"02/14/2007","24.00","22.60","24.20","21.50","13.06M","+1.27%"
"02/13/2007","23.70","23.20","24.30","22.80","7.64M","+0.42%"
"02/12/2007","23.60","25.30","25.30","23.30","5.42M","-6.72%"
"02/09/2007","25.30","25.80","26.20","25.10","11.23M","-1.17%"
"02/08/2007","25.60","25.70","26.40","25.50","17.23M","+0.39%"
"02/07/2007","25.50","25.60","25.80","25.10","9.65M","+0.39%"
"02/06/2007","25.40","25.50","26.20","25.00","14.65M","+0.40%"
"02/05/2007","25.30","24.50","25.60","24.20","16.13M","+3.69%"
"02/02/2007","24.40","23.60","25.40","23.30","19.56M","+5.17%"
"02/01/2007","23.20","23.40","23.60","23.10","3.21M","-0.43%"
"01/31/2007","23.30","23.60","24.00","23.20","6.39M","-1.27%"
"01/29/2007","23.60","23.50","24.30","19.00","18.51M","-0.42%"
"01/25/2007","23.70","23.60","24.00","23.50","5.72M","+0.42%"
"01/24/2007","23.60","23.40","24.10","23.00","6.83M","+1.72%"
"01/23/2007","23.20","24.80","24.80","22.90","7.55M","-4.13%"
"01/22/2007","24.20","23.20","24.30","22.20","20.40M","+8.52%"
"01/19/2007","22.30","22.20","22.50","21.20","4.82M","+4.21%"
"01/18/2007","21.40","21.80","21.80","20.90","3.30M","-0.47%"
"01/17/2007","21.50","21.10","21.70","21.10","3.43M","+1.90%"
"01/16/2007","21.10","21.50","21.80","21.10","4.90M","-0.47%"
"01/15/2007","21.20","21.20","21.50","21.00","3.80M","+0.47%"
"01/12/2007","21.10","21.00","21.20","20.90","2.61M","+1.93%"
"01/11/2007","20.70","20.60","20.80","20.10","2.95M","+2.48%"
"01/10/2007","20.20","20.30","20.60","20.10","2.34M","-0.49%"
"01/09/2007","20.30","21.00","21.10","20.20","4.36M","-2.40%"
"01/08/2007","20.80","20.50","21.10","20.50","4.07M","+0.97%"
"01/05/2007","20.60","20.80","21.30","20.50","8.97M","-0.96%"
"01/04/2007","20.80","20.60","21.40","20.50","14.85M","+1.46%"
"01/03/2007","20.50","20.20","20.80","20.10","8.78M","+2.50%"
"01/02/2007","20.00","20.20","20.70","19.90","7.75M","+0.00%"
"12/29/2006","20.00","19.20","21.00","19.20","16.44M","+5.26%"
"12/28/2006","19.00","19.10","19.40","18.90","1.66M","+0.00%"
"12/27/2006","19.00","19.20","19.60","18.90","1.94M","-1.04%"
"12/26/2006","19.20","19.00","19.30","18.80","615.30K","+1.59%"
"12/22/2006","18.90","18.60","19.00","18.60","871.04K","+0.53%"
"12/21/2006","18.80","18.40","18.90","18.20","439.38K","+0.53%"
"12/20/2006","18.70","19.40","19.80","18.50","1.27M","-1.06%"
"12/19/2006","18.90","19.10","19.40","18.40","1.94M","+0.00%"
"12/18/2006","18.90","19.80","19.80","18.80","2.11M","-3.57%"
"12/15/2006","19.60","19.60","19.80","19.00","2.80M","+3.70%"
"12/14/2006","18.90","18.50","19.10","18.50","1.93M","+1.07%"
"12/13/2006","18.70","18.80","18.80","18.20","4.42M","+0.00%"
"12/12/2006","18.70","18.60","19.20","18.10","3.17M","-1.58%"
"12/11/2006","19.00","19.20","19.20","18.50","2.55M","-3.06%"
"12/08/2006","19.60","20.00","20.00","19.20","1.95M","-1.51%"
"12/07/2006","19.90","19.30","20.10","19.30","5.84M","+3.65%"
"12/06/2006","19.20","18.80","19.20","18.80","3.10M","+2.13%"
"12/05/2006","18.80","18.80","19.20","18.60","3.74M","+1.08%"
"12/04/2006","18.60","18.80","19.10","18.50","1.22M","-0.53%"
"12/01/2006","18.70","19.00","19.40","18.60","1.74M","-2.09%"
"11/30/2006","19.10","18.80","19.20","18.80","1.92M","+2.14%"
"11/29/2006","18.70","19.00","19.30","18.40","2.91M","-0.53%"
"11/28/2006","18.80","19.40","19.80","18.80","3.08M","-3.09%"
"11/27/2006","19.40","18.80","19.60","18.60","6.58M","+3.74%"
"11/24/2006","18.70","18.40","18.80","18.20","3.74M","+1.63%"
"11/23/2006","18.40","19.00","19.00","18.20","1.68M","-2.65%"
"11/22/2006","18.90","18.90","19.00","18.80","3.55M","+1.07%"
"11/21/2006","18.70","18.90","19.20","18.60","5.20M","-1.06%"
"11/20/2006","18.90","19.20","19.40","18.20","4.31M","-2.58%"
"11/17/2006","19.40","20.00","20.00","18.90","3.87M","-2.51%"
"11/16/2006","19.90","20.30","20.60","19.60","13.34M","-1.49%"
"11/15/2006","20.20","19.00","20.50","18.80","12.13M","+5.76%"
"11/14/2006","19.10","18.50","19.30","17.10","13.07M","+3.80%"
"11/13/2006","18.40","18.20","18.50","18.10","2.19M","+1.66%"
"11/10/2006","18.10","17.90","18.30","17.70","14.72M","+1.69%"
"11/09/2006","17.80","17.60","17.90","17.50","1.39M","-1.11%"
"11/08/2006","18.00","18.40","18.50","17.90","1.43M","-1.64%"
"11/07/2006","18.30","18.40","18.50","18.10","3.35M","+0.55%"
"11/06/2006","18.20","18.40","18.40","17.90","3.03M","-0.55%"
"11/03/2006","18.30","18.20","18.50","17.60","6.71M","+0.55%"
"11/02/2006","18.20","17.20","18.70","17.20","7.46M","+5.20%"
"11/01/2006","17.30","17.50","17.50","17.20","1.69M","-0.57%"
"10/31/2006","17.40","17.20","17.50","16.80","3.72M","+1.75%"
"10/30/2006","17.10","16.90","17.20","16.60","1.19M","+1.18%"
"10/27/2006","16.90","16.60","17.00","16.60","2.52M","+2.42%"
"10/26/2006","16.50","16.60","16.70","16.40","963.72K","+0.00%"
"10/23/2006","16.50","16.90","16.90","16.40","951.22K","-0.60%"
"10/20/2006","16.60","17.00","17.20","16.40","1.12M","-2.35%"
"10/19/2006","17.00","17.10","17.20","16.60","2.29M","+0.00%"
"10/18/2006","17.00","16.80","17.20","16.80","2.95M","+0.00%"
"10/17/2006","17.00","17.70","17.70","16.90","2.18M","-3.41%"
"10/16/2006","17.60","17.30","17.80","17.30","5.42M","+1.73%"
"10/13/2006","17.30","17.00","17.30","17.00","2.40M","+2.37%"
"10/12/2006","16.90","16.80","17.00","16.60","1.52M","+0.60%"
"10/11/2006","16.80","17.00","17.00","16.70","1.31M","-0.59%"
"10/10/2006","16.90","17.00","17.30","16.80","1.80M","-0.59%"
"10/09/2006","17.00","16.50","17.10","16.20","2.42M","+2.41%"
"10/06/2006","16.60","16.60","16.60","16.50","1.05M","+0.61%"
"10/05/2006","16.50","16.60","16.80","16.40","1.73M","+0.61%"
"10/04/2006","16.40","16.40","16.70","16.00","4.55M","+2.50%"
"10/03/2006","16.00","16.70","16.70","16.00","3.07M","-4.19%"
"09/29/2006","16.70","17.10","17.20","16.50","6.63M","-1.76%"
"09/28/2006","17.00","16.20","17.20","16.00","7.24M","+6.25%"
"09/27/2006","16.00","15.70","16.40","15.70","5.43M","+2.56%"
"09/26/2006","15.60","15.60","15.80","15.40","7.16M","+0.00%"
"09/25/2006","15.60","16.10","16.10","15.60","1.89M","-2.50%"
"09/22/2006","16.00","16.30","16.40","15.80","2.35M","-2.44%"
"09/21/2006","16.40","16.10","16.50","16.00","4.99M","+3.80%"
"09/20/2006","15.80","15.70","15.90","15.30","1.68M","+0.64%"
"09/19/2006","15.70","15.70","16.20","15.50","4.18M","+0.00%"
"09/18/2006","15.70","15.30","15.80","15.30","5.21M","+3.29%"
"09/15/2006","15.20","15.40","15.60","15.20","2.13M","-0.65%"
"09/14/2006","15.30","15.40","15.60","15.20","2.15M","+0.00%"
"09/13/2006","15.30","15.40","15.80","15.10","3.39M","+0.00%"
"09/12/2006","15.30","15.50","15.50","15.10","2.96M","-0.65%"
"09/11/2006","15.40","15.80","16.00","15.10","2.14M","-2.53%"
"09/08/2006","15.80","16.00","16.20","15.70","1.35M","-1.25%"
"09/07/2006","16.00","15.90","16.20","15.70","2.12M","+1.27%"
"09/06/2006","15.80","16.00","16.40","15.60","4.01M","+0.00%"
"09/05/2006","15.80","15.80","15.90","15.60","12.28M","+1.28%"
"09/04/2006","15.60","15.70","15.80","15.50","1.39M","+0.00%"
"09/01/2006","15.60","15.70","15.80","15.40","9.85M","+0.00%"
"08/31/2006","15.60","15.80","16.00","15.40","4.83M","+0.00%"
"08/30/2006","15.60","15.60","15.80","15.40","1.43M","+0.65%"
"08/29/2006","15.50","15.70","15.80","15.30","4.01M","-0.64%"
"08/28/2006","15.60","15.60","16.00","15.40","2.20M","+0.65%"
"08/25/2006","15.50","15.50","15.70","15.40","2.67M","+0.65%"
"08/24/2006","15.40","15.50","15.60","15.10","1.95M","+0.00%"
"08/23/2006","15.40","16.20","16.20","15.10","5.23M","-1.91%"
"08/22/2006","15.70","17.50","17.50","15.50","4.36M","-5.99%"
"08/21/2006","16.70","16.40","17.00","16.40","2.66M","+0.60%"
"08/18/2006","16.60","16.80","16.80","16.10","2.70M","+0.00%"
"08/17/2006","16.60","16.60","17.40","16.20","10.10M","+1.84%"
"08/16/2006","16.30","15.20","16.50","15.10","6.73M","+8.67%"
"08/14/2006","15.00","14.90","15.10","14.90","1.77M","+1.35%"
"08/11/2006","14.80","14.80","15.00","14.70","1.91M","+0.68%"
"08/10/2006","14.70","14.80","15.00","14.50","2.15M","+0.00%"
"08/09/2006","14.70","14.40","14.90","14.00","2.84M","+2.08%"
"08/08/2006","14.40","14.40","14.60","14.20","8.58M","+1.41%"
"08/07/2006","14.20","14.50","14.50","13.70","4.27M","-1.39%"
"08/04/2006","14.40","14.00","14.40","13.80","4.51M","+3.60%"
"08/03/2006","13.90","14.10","15.70","13.80","23.43M","+0.00%"
"08/02/2006","13.90","14.20","14.20","13.80","581.38K","-0.71%"
"08/01/2006","14.00","14.20","14.20","13.80","2.00M","-1.41%"
"07/31/2006","14.20","14.10","14.30","14.00","1.61M","+2.16%"
"07/28/2006","13.90","13.40","14.00","13.40","2.88M","+1.46%"
"07/27/2006","13.70","13.80","14.00","13.60","1.86M","-0.72%"
"07/26/2006","13.80","13.60","14.00","13.20","4.42M","+2.22%"
"07/25/2006","13.50","13.40","13.60","13.10","5.55M","+2.27%"
"07/24/2006","13.20","12.80","13.60","12.70","7.30M","+0.76%"
"07/21/2006","13.10","12.20","13.20","11.90","9.67M","+3.15%"
"07/20/2006","12.70","12.50","13.60","12.50","26.46M","+4.10%"
"07/19/2006","12.20","12.40","12.40","11.70","58.69M","+0.83%"
"07/18/2006","12.10","12.20","12.40","11.60","9.30M","-0.82%"
"07/17/2006","12.20","12.30","12.50","12.10","3.21M","-0.81%"
"07/14/2006","12.30","12.00","12.30","11.60","15.39M","+4.24%"
"07/13/2006","11.80","11.90","12.10","11.80","700.30K","-1.67%"
"07/12/2006","12.00","11.40","12.00","11.40","852.82K","+0.84%"
"07/11/2006","11.90","12.00","12.00","11.80","715.12K","-0.83%"
"07/10/2006","12.00","12.70","12.70","11.80","963.50K","-0.83%"
"07/07/2006","12.10","12.60","12.70","12.00","1.14M","-3.20%"
"07/06/2006","12.50","12.30","12.80","12.00","2.79M","+0.81%"
"07/05/2006","12.40","12.20","12.80","12.10","8.61M","+1.64%"
"07/04/2006","12.20","12.20","12.30","12.10","4.54M","+0.00%"
"07/03/2006","12.20","12.20","12.20","12.00","2.49M","+0.00%"
"06/30/2006","12.20","12.00","12.30","11.80","4.24M","+5.17%"
"06/29/2006","11.60","11.40","11.80","11.30","2.24M","+4.50%"
"06/28/2006","11.10","11.50","11.50","11.00","3.83M","-3.48%"
"06/27/2006","11.50","12.00","12.00","11.30","16.15M","-4.17%"
"06/26/2006","12.00","12.30","12.30","11.80","6.14M","-0.83%"
"06/23/2006","12.10","12.20","12.20","11.80","23.43M","-0.82%"
"06/22/2006","12.20","12.00","12.50","12.00","5.25M","+1.67%"
"06/21/2006","12.00","12.00","12.40","11.80","7.24M","+0.00%"
"06/20/2006","12.00","11.60","12.40","11.60","38.28M","+0.00%"
"06/19/2006","12.00","12.40","12.40","11.90","7.24M","-1.64%"
"06/16/2006","12.20","12.90","13.60","11.90","6.88M","-0.81%"
"06/15/2006","12.30","12.20","12.40","11.60","4.28M","+7.89%"
"06/14/2006","11.40","12.30","12.90","11.10","5.30M","-4.20%"
"06/13/2006","11.90","12.40","12.40","11.20","5.07M","-4.80%"
"06/12/2006","12.50","13.10","14.10","12.00","7.83M","-3.10%"
"06/09/2006","12.90","10.80","12.90","10.50","3.83M","+19.44%"
"06/08/2006","10.80","13.00","13.00","10.60","28.56M","-18.80%"
"06/07/2006","13.30","13.80","14.00","13.00","4.12M","-5.00%"
"06/06/2006","14.00","13.80","14.20","13.40","1.39M","-1.41%"
"06/05/2006","14.20","14.30","14.40","13.80","8.05M","+0.00%"
"06/02/2006","14.20","14.50","14.50","13.30","4.20M","+2.16%"
"06/01/2006","13.90","15.00","15.60","13.60","3.44M","-5.44%"
"05/31/2006","14.70","15.00","15.00","14.20","3.03M","-3.92%"
"05/30/2006","15.30","15.80","16.10","15.20","3.03M","-1.92%"
"05/29/2006","15.60","14.40","17.00","13.40","7.66M","+9.09%"
"05/26/2006","14.30","14.20","14.60","13.80","1.55M","+3.62%"
"05/25/2006","13.80","14.60","14.60","13.80","2.17M","-5.48%"
"05/24/2006","14.60","15.20","15.20","14.40","4.62M","-3.95%"
"05/23/2006","15.20","15.10","15.60","14.00","2.18M","+2.70%"
"05/22/2006","14.80","15.10","16.20","13.00","6.21M","-9.20%"
"05/19/2006","16.30","17.20","17.50","15.70","10.07M","-1.81%"
"05/18/2006","16.60","17.60","17.80","16.50","3.68M","-7.26%"
"05/17/2006","17.90","19.00","19.00","17.80","1.86M","-0.56%"
"05/16/2006","18.00","18.50","19.20","17.80","11.39M","-1.10%"
"05/15/2006","18.20","18.20","19.20","16.80","3.12M","+0.55%"
"05/12/2006","18.10","18.50","18.50","17.20","1.20M","-2.16%"
"05/11/2006","18.50","18.80","18.90","18.30","1.06M","-1.07%"
"05/10/2006","18.70","19.00","19.20","18.50","2.55M","-1.06%"
"05/09/2006","18.90","18.90","19.20","18.50","1.89M","+0.53%"
"05/08/2006","18.80","18.90","19.50","18.60","4.71M","+0.53%"
"05/05/2006","18.70","19.50","20.00","18.60","14.71M","+1.08%"
"05/04/2006","18.50","15.90","19.00","15.90","10.27M","+17.09%"
"05/03/2006","15.80","15.80","15.90","15.70","2.19M","+1.28%"
"05/02/2006","15.60","15.80","16.00","15.40","2.12M","-0.64%"
"04/28/2006","15.70","14.50","15.90","14.00","2.42M","+1.29%"
"04/27/2006","15.50","15.40","15.70","15.20","3.06M","+0.00%"
"04/26/2006","15.50","15.10","15.60","14.60","2.31M","+0.65%"
"04/25/2006","15.40","15.20","15.70","15.00","2.90M","+1.32%"
"04/24/2006","15.20","15.80","16.10","15.10","3.87M","-3.80%"
"04/21/2006","15.80","15.00","16.20","14.90","6.06M","+5.33%"
"04/20/2006","15.00","14.40","15.20","14.20","5.33M","+4.17%"
"04/19/2006","14.40","14.50","14.60","14.30","1.72M","+0.00%"
"04/18/2006","14.40","13.90","14.60","13.80","2.70M","+2.13%"
"04/17/2006","14.10","14.10","14.20","13.70","3.21M","+2.92%"
"04/13/2006","13.70","14.20","14.20","12.60","5.16M","-3.52%"
"04/12/2006","14.20","14.00","14.50","14.00","3.67M","+1.43%"
"04/10/2006","14.00","13.40","14.20","13.40","1.49M","-0.71%"
"04/07/2006","14.10","14.40","14.40","13.90","2.00M","+0.00%"
"04/05/2006","14.10","14.30","14.40","14.00","1.18M","+0.00%"
"04/04/2006","14.10","14.40","14.50","14.00","1.34M","-0.70%"
"04/03/2006","14.20","14.10","14.30","14.00","1.80M","+1.43%"
"03/31/2006","14.00","13.10","14.20","13.10","2.40M","+0.00%"
"03/30/2006","14.00","14.60","14.70","13.80","4.33M","-1.41%"
"03/29/2006","14.20","13.80","14.30","13.40","3.54M","+2.90%"
"03/28/2006","13.80","13.80","14.00","13.70","2.06M","+0.00%"
"03/27/2006","13.80","14.00","14.10","13.70","4.54M","-1.43%"
"03/24/2006","14.00","13.90","14.10","13.70","4.88M","+2.19%"
"03/23/2006","13.70","13.40","14.00","13.40","6.75M","+2.24%"
"03/22/2006","13.40","13.30","13.40","12.60","8.80M","+1.52%"
"03/21/2006","13.20","12.90","13.30","12.60","11.33M","+2.33%"
"03/20/2006","12.90","12.60","13.10","12.60","20.39M","+3.20%"
"03/17/2006","12.50","12.40","12.60","12.30","19.00M","+1.63%"
"03/16/2006","12.30","11.80","12.40","11.80","40.65M","+6.96%"
"03/14/2006","11.50","11.50","11.80","11.50","4.43M","+0.00%"
"03/13/2006","11.50","11.80","12.10","11.40","5.95M","-2.54%"
"03/10/2006","11.80","12.20","12.40","11.70","5.39M","-2.48%"
"03/09/2006","12.10","11.50","12.20","11.50","14.83M","+5.22%"
"03/08/2006","11.50","11.90","11.90","11.40","4.10M","-2.54%"
"03/07/2006","11.80","12.00","12.10","11.80","2.29M","-1.67%"
"03/06/2006","12.00","12.40","12.60","12.00","3.68M","-3.23%"
"03/03/2006","12.40","12.50","12.50","12.20","5.35M","+0.00%"
"03/02/2006","12.40","12.50","14.20","12.00","20.38M","+4.20%"
"03/01/2006","11.90","11.60","12.20","11.60","3.49M","+3.48%"
"02/28/2006","11.50","11.80","12.00","11.20","1.46M","-0.86%"
"02/27/2006","11.60","11.40","11.80","11.40","1.11M","-0.85%"
"02/24/2006","11.70","11.60","11.90","11.50","2.74M","+1.74%"
"02/23/2006","11.50","11.60","11.60","11.50","1.37M","+0.00%"
"02/22/2006","11.50","11.70","11.70","11.40","2.04M","-0.86%"
"02/21/2006","11.60","11.70","11.90","11.50","1.45M","+0.00%"
"02/20/2006","11.60","11.70","11.70","11.40","1.86M","-0.85%"
"02/17/2006","11.70","11.90","12.00","11.60","1.47M","-0.85%"
"02/16/2006","11.80","12.00","12.00","11.80","1.30M","-0.84%"
"02/15/2006","11.90","11.90","12.20","11.80","1.39M","+0.00%"
"02/14/2006","11.90","12.30","12.30","11.80","4.31M","-1.65%"
"02/13/2006","12.10","12.20","12.30","12.00","5.03M","+0.83%"
"02/10/2006","12.00","12.60","12.70","12.00","13.51M","-4.00%"
"02/08/2006","12.50","12.90","12.90","12.10","10.43M","-3.10%"
"02/07/2006","12.90","12.40","13.00","12.30","14.26M","+4.88%"
"02/06/2006","12.30","11.70","12.60","11.60","12.25M","+6.03%"
"02/03/2006","11.60","11.40","11.60","11.40","3.29M","+1.75%"
"02/02/2006","11.40","11.60","11.80","11.30","2.14M","-2.56%"
"02/01/2006","11.70","11.80","11.80","11.50","4.29M","+0.00%"
"01/31/2006","11.70","11.10","12.00","11.10","2.98M","-2.50%"
"01/30/2006","12.00","12.10","12.10","11.60","3.92M","+0.00%"
"01/27/2006","12.00","11.50","12.20","11.50","7.49M","+5.26%"
"01/25/2006","11.40","11.80","11.80","11.40","2.09M","-2.56%"
"01/24/2006","11.70","11.80","12.00","11.60","3.26M","-0.85%"
"01/23/2006","11.80","11.90","11.90","11.60","2.63M","-0.84%"
"01/20/2006","11.90","11.20","12.00","11.20","10.28M","+6.25%"
"01/19/2006","11.20","11.10","11.40","11.10","5.36M","+1.82%"
"01/18/2006","11.00","11.40","11.40","11.00","5.63M","-1.79%"
"01/17/2006","11.20","11.30","11.50","11.10","3.71M","-0.88%"
"01/16/2006","11.30","11.60","11.70","11.20","3.06M","-1.74%"
"01/13/2006","11.50","11.60","11.90","11.40","3.82M","-0.86%"
"01/12/2006","11.60","12.00","12.00","11.50","2.49M","-2.52%"
"01/10/2006","11.90","12.10","12.10","11.90","4.22M","-1.65%"
"01/09/2006","12.10","12.00","12.20","11.80","5.59M","+0.83%"
"01/06/2006","12.00","12.30","12.40","11.80","6.42M","-2.44%"
"01/05/2006","12.30","12.00","12.30","11.90","7.19M","+3.36%"
"01/04/2006","11.90","11.80","12.10","11.80","9.09M","+1.71%"
"01/03/2006","11.70","11.40","11.80","11.30","9.01M","+3.54%"
"01/02/2006","11.30","11.40","11.40","11.20","3.39M","+0.89%"
"12/30/2005","11.20","11.20","11.40","11.10","3.90M","+1.82%"
"12/29/2005","11.00","11.30","11.40","11.00","7.63M","-2.65%"
"12/28/2005","11.30","11.70","11.70","11.20","3.56M","-0.88%"
"12/27/2005","11.40","11.30","11.60","11.20","2.85M","+0.88%"
"12/26/2005","11.30","11.80","11.80","11.10","4.52M","-4.24%"
"12/23/2005","11.80","12.20","12.20","11.70","2.08M","+0.00%"
"12/22/2005","11.80","12.10","12.10","11.70","2.60M","-1.67%"
"12/21/2005","12.00","12.20","12.20","11.80","2.96M","-0.83%"
"12/20/2005","12.10","12.20","12.40","12.00","4.48M","-1.63%"
"12/19/2005","12.30","12.60","12.60","12.20","5.09M","+1.65%"
"12/16/2005","12.10","11.90","12.20","11.80","6.94M","+2.54%"
"12/15/2005","11.80","12.20","12.20","11.60","6.45M","-2.48%"
"12/14/2005","12.10","12.20","12.40","12.00","28.31M","+0.00%"
"12/13/2005","12.10","11.40","12.20","11.40","19.22M","+7.08%"
"12/12/2005","11.30","12.00","12.00","11.20","11.83M","-4.24%"
"12/09/2005","11.80","12.80","12.80","11.70","26.16M","-5.60%"
"12/08/2005","12.50","11.50","12.60","11.40","25.00M","+10.62%"
"12/07/2005","11.30","11.10","11.40","11.10","2.32M","+1.80%"
"12/06/2005","11.10","11.50","11.60","10.90","6.58M","-3.48%"
"12/05/2005","11.50","11.50","11.70","11.40","5.26M","+0.88%"
"12/02/2005","11.40","11.00","11.80","10.90","27.58M","+4.59%"
"12/01/2005","10.90","10.60","11.00","10.60","5.68M","+2.83%"
"11/30/2005","10.60","10.50","11.00","10.40","11.73M","+0.95%"
"11/29/2005","10.50","10.50","10.60","10.20","4.28M","+0.96%"
"11/28/2005","10.40","10.50","10.80","10.30","6.46M","+0.00%"
"11/25/2005","10.40","10.40","10.50","10.40","2.56M","+0.00%"
"11/24/2005","10.40","10.50","10.60","10.20","6.52M","-0.95%"
"11/23/2005","10.50","10.70","10.80","10.30","9.50M","+0.00%"
"11/22/2005","10.50","10.20","10.60","10.00","11.02M","+5.00%"
"11/21/2005","10.00","10.40","10.40","10.00","1.24M","-2.91%"
"11/18/2005","10.30","10.30","10.40","10.20","3.13M","+0.98%"
"11/17/2005","10.20","10.40","10.40","10.00","2.72M","-1.92%"
"11/16/2005","10.40","10.00","10.50","9.90","7.57M","+5.05%"
"11/14/2005","9.90","9.90","10.00","9.90","2.33M","+0.00%"
"11/11/2005","9.90","9.80","9.90","9.80","1.68M","+1.02%"
"11/10/2005","9.80","9.80","10.00","9.80","1.72M","+1.03%"
"11/09/2005","9.70","10.20","10.30","9.60","3.87M","-4.90%"
"11/08/2005","10.20","9.80","10.20","9.80","7.05M","+4.08%"
"11/07/2005","9.80","9.40","9.90","9.40","3.29M","+3.16%"
"11/02/2005","9.50","8.80","9.60","8.70","3.87M","+7.95%"
"11/01/2005","8.80","8.80","8.90","8.70","568.46K","+2.33%"
"10/31/2005","8.60","8.70","8.70","8.50","1.21M","+0.00%"
"10/28/2005","8.60","8.90","9.00","8.50","1.39M","-3.37%"
"10/27/2005","8.90","9.00","9.30","8.70","7.07M","-1.11%"
"10/26/2005","9.00","8.80","9.10","8.70","1.86M","+2.27%"
"10/25/2005","8.80","8.70","8.80","8.60","2.28M","+1.15%"
"10/24/2005","8.70","8.80","8.80","8.60","1.88M","+0.00%"
"10/21/2005","8.70","8.60","8.80","8.20","2.47M","+3.57%"
"10/20/2005","8.40","8.70","8.90","8.20","1.83M","-2.33%"
"10/19/2005","8.60","8.10","8.90","8.10","1.99M","-3.37%"
"10/18/2005","8.90","9.00","9.10","8.90","1.07M","-1.11%"
"10/17/2005","9.00","9.20","9.20","8.90","1.40M","-1.10%"
"10/14/2005","9.10","9.50","9.50","9.00","4.85M","-2.15%"
"10/13/2005","9.30","9.50","9.60","9.30","1.68M","-2.11%"
"10/11/2005","9.50","9.60","9.60","9.20","2.24M","+1.06%"
"10/10/2005","9.40","9.60","9.60","9.40","2.04M","+0.00%"
"10/07/2005","9.40","9.40","9.70","9.30","5.50M","+1.08%"
"10/06/2005","9.30","9.60","10.00","9.20","10.30M","-4.12%"
"10/05/2005","9.70","10.00","10.10","9.60","7.62M","-3.00%"
"10/04/2005","10.00","10.20","10.20","10.00","2.20M","+0.00%"
"10/03/2005","10.00","10.20","10.20","10.00","2.01M","+0.00%"
"09/30/2005","10.00","10.20","10.30","9.90","2.63M","-1.96%"
"09/29/2005","10.20","10.30","10.60","10.10","5.74M","+0.00%"
"09/28/2005","10.20","10.10","10.20","10.00","2.04M","+2.00%"
"09/27/2005","10.00","10.10","10.20","9.90","2.02M","+1.01%"
"09/26/2005","9.90","10.00","10.10","9.80","1.51M","+1.02%"
"09/23/2005","9.80","10.00","10.20","9.60","2.27M","+0.00%"
"09/22/2005","9.80","10.20","10.20","9.50","4.36M","-3.92%"
"09/21/2005","10.20","10.40","10.40","9.60","4.86M","-0.97%"
"09/20/2005","10.30","10.30","10.40","10.10","3.14M","-0.96%"
"09/19/2005","10.40","10.30","10.80","10.20","5.39M","+1.96%"
"09/16/2005","10.20","10.30","10.30","10.10","3.03M","+0.00%"
"09/15/2005","10.20","10.20","10.30","10.10","4.16M","+0.00%"
"09/14/2005","10.20","10.50","10.60","10.00","4.83M","-2.86%"
"09/13/2005","10.50","10.80","10.80","10.40","5.92M","-1.87%"
"09/12/2005","10.70","9.60","11.20","9.60","21.07M","+11.46%"
"09/09/2005","9.60","9.70","9.70","9.50","2.09M","+0.00%"
"09/08/2005","9.60","9.80","9.80","9.60","1.84M","-1.03%"
"09/06/2005","9.70","9.70","9.80","9.60","1.27M","+0.00%"
"09/05/2005","9.70","9.60","9.80","9.60","2.26M","+1.04%"
"09/02/2005","9.60","9.80","9.90","9.50","4.87M","-1.03%"
"09/01/2005","9.70","10.10","10.30","9.70","5.41M","-3.00%"
"08/31/2005","10.00","10.50","10.50","10.00","4.46M","-2.91%"
"08/30/2005","10.30","12.20","12.20","10.20","3.33M","-0.96%"
"08/29/2005","10.40","10.70","10.90","10.30","2.99M","-2.80%"
"08/26/2005","10.70","10.40","11.00","10.20","5.81M","+5.94%"
"08/25/2005","10.10","10.50","10.50","9.40","3.34M","+8.60%"
"08/24/2005","9.30","9.60","9.60","9.20","24.00M","-2.11%"
"08/23/2005","9.50","9.90","9.90","9.50","2.92M","-2.06%"
"08/22/2005","9.70","10.10","10.10","9.70","5.49M","-1.02%"
"08/19/2005","9.80","9.90","9.90","9.70","1.51M","+0.00%"
"08/18/2005","9.80","9.90","10.00","9.80","2.13M","+0.00%"
"08/17/2005","9.80","9.90","10.00","9.70","1.86M","-1.01%"
"08/16/2005","9.90","9.90","10.00","9.80","3.42M","+1.02%"
"08/12/2005","9.80","9.90","10.00","9.80","2.59M","+0.00%"
"08/11/2005","9.80","10.10","10.10","9.70","4.05M","-2.00%"
"08/10/2005","10.00","10.10","10.10","9.90","1.99M","+0.00%"
"08/09/2005","10.00","10.20","10.30","9.80","4.84M","+0.00%"
"08/08/2005","10.00","9.80","11.00","9.70","5.80M","+4.17%"
"08/05/2005","9.60","9.20","9.70","9.20","4.57M","+5.49%"
"08/04/2005","9.10","8.80","9.20","8.70","3.22M","+3.41%"
"08/03/2005","8.80","8.60","8.90","8.60","2.60M","+2.33%"
"08/02/2005","8.60","8.60","8.60","8.50","1.18M","+1.18%"
"08/01/2005","8.50","8.60","8.70","8.40","2.23M","+0.00%"
"07/29/2005","8.50","8.50","8.70","8.50","2.53M","-1.16%"
"07/27/2005","8.60","8.60","8.70","8.50","3.19M","+0.00%"
"07/26/2005","8.60","8.60","8.70","8.30","4.59M","+0.00%"
"07/25/2005","8.60","8.50","8.70","8.40","3.17M","+1.18%"
"07/22/2005","8.50","8.40","8.50","8.30","3.21M","+1.19%"
"07/21/2005","8.40","8.30","8.40","8.20","1.99M","+1.20%"
"07/20/2005","8.30","8.20","8.40","8.10","2.30M","+2.47%"
"07/19/2005","8.10","8.20","8.20","8.00","1.46M","+1.25%"
"07/18/2005","8.00","8.30","8.40","8.00","28.14M","-2.44%"
"07/15/2005","8.20","8.40","8.40","8.20","887.15K","-1.20%"
"07/14/2005","8.30","9.30","9.30","8.20","1.50M","+1.22%"
"07/13/2005","8.20","8.60","8.60","8.20","1.84M","-3.53%"
"07/12/2005","8.50","8.50","8.60","8.40","2.33M","+0.00%"
"07/11/2005","8.50","8.40","8.50","8.30","5.15M","+2.41%"
"07/08/2005","8.30","8.10","8.30","8.10","3.64M","+2.47%"
"07/07/2005","8.10","8.10","8.20","8.00","7.50M","+1.25%"
"07/06/2005","8.00","8.10","8.10","8.00","4.68M","+0.00%"
"07/05/2005","8.00","7.80","8.00","7.80","3.14M","+0.00%"
"07/04/2005","8.00","7.90","8.00","7.90","1.59M","+1.27%"
"07/01/2005","7.90","7.80","7.90","7.80","810.15K","+0.00%"
"06/30/2005","7.90","7.80","7.90","7.80","1.08M","+1.28%"
"06/29/2005","7.80","7.60","7.90","7.60","1.12M","+0.00%"
"06/28/2005","7.80","7.90","7.90","7.80","2.01M","-2.50%"
"06/27/2005","8.00","7.90","8.00","7.80","4.76M","+1.27%"
"06/24/2005","7.90","8.00","8.00","7.80","2.12M","+0.00%"
"06/23/2005","7.90","7.90","8.00","7.70","7.61M","+1.28%"
"06/22/2005","7.80","7.50","7.80","7.50","5.99M","+4.00%"
"06/21/2005","7.50","7.50","7.60","7.40","1.64M","+0.00%"
"06/20/2005","7.50","7.60","7.60","7.40","1.87M","-1.32%"
"06/17/2005","7.60","7.70","7.70","7.40","3.28M","+0.00%"
"06/16/2005","7.60","7.80","7.90","7.60","5.45M","-1.30%"
"06/15/2005","7.70","7.90","7.90","7.70","3.15M","-1.28%"
"06/14/2005","7.80","7.80","7.90","7.80","3.85M","+0.00%"
"06/13/2005","7.80","7.80","7.90","7.50","3.12M","+0.00%"
"06/10/2005","7.80","7.90","8.00","7.80","3.40M","-1.27%"
"06/09/2005","7.90","8.00","8.00","7.80","6.63M","+0.00%"
"06/08/2005","7.90","8.00","8.10","7.90","21.62M","-1.25%"
"06/07/2005","8.00","7.90","8.20","7.80","63.45M","+2.56%"
"06/06/2005","7.80","7.90","8.40","7.80","7.03M","+2.63%"
"06/03/2005","7.60","7.70","7.80","7.60","7.19M","-1.30%"
"06/02/2005","7.70","7.90","7.90","7.70","24.67M","-3.75%"
"06/01/2005","8.00","7.60","8.30","7.50","55.54M","+6.67%"
"05/31/2005","7.50","8.30","8.30","7.30","36.25M","+8.70%"
"05/30/2005","6.90","7.00","7.00","6.90","955.15K","-1.43%"
"05/27/2005","7.00","6.90","7.00","6.90","807.00K","+1.45%"
"05/26/2005","6.90","7.00","7.10","6.80","564.05K","-1.43%"
"05/25/2005","7.00","6.90","7.10","6.90","803.90K","+0.00%"
"05/24/2005","7.00","6.80","7.00","6.80","1.37M","+0.00%"
"05/23/2005","7.00","7.00","7.10","6.90","2.01M","+1.45%"
"05/20/2005","6.90","6.30","7.10","6.30","2.05M","+1.47%"
"05/19/2005","6.80","6.90","7.00","6.80","1.22M","+0.00%"
"05/18/2005","6.80","6.80","7.00","6.70","5.52M","-1.45%"
"05/17/2005","6.90","7.00","7.00","6.80","2.04M","-1.43%"
"05/16/2005","7.00","6.90","7.10","6.90","2.26M","+1.45%"
"05/13/2005","6.90","6.60","7.20","6.60","7.79M","+4.55%"
"05/12/2005","6.60","6.70","6.80","6.50","1.41M","-1.49%"
"05/11/2005","6.70","6.30","6.70","6.30","2.76M","+4.69%"
"05/10/2005","6.40","6.50","6.50","6.30","1.47M","+0.00%"
"05/09/2005","6.40","6.50","6.50","6.30","661.70K","+0.00%"
"05/06/2005","6.40","6.40","6.50","6.30","1.65M","+0.00%"
"05/05/2005","6.40","6.30","7.00","6.30","3.75M","+4.92%"
"05/04/2005","6.10","6.10","6.10","6.00","816.65K","+0.00%"
"05/03/2005","6.10","6.00","6.10","6.00","3.04M","+1.67%"
"05/02/2005","6.00","6.10","6.10","5.90","2.07M","-1.64%"
"04/29/2005","6.10","6.20","6.20","5.90","846.50K","+0.00%"
"04/28/2005","6.10","6.10","6.30","6.10","630.15K","-3.17%"
"04/27/2005","6.30","6.40","6.40","6.20","680.45K","-1.56%"
"04/26/2005","6.40","6.00","6.50","6.00","792.20K","+1.59%"
"04/25/2005","6.30","6.40","6.50","6.20","1.38M","-1.56%"
"04/22/2005","6.40","6.00","6.50","6.00","2.46M","+8.47%"
"04/21/2005","5.90","5.90","6.00","5.80","2.07M","+0.00%"
"04/20/2005","5.90","5.90","6.00","5.80","2.27M","+0.00%"
"04/19/2005","5.90","6.30","6.30","5.70","1.85M","-3.28%"
"04/18/2005","6.10","6.20","6.30","6.10","2.11M","-3.17%"
"04/15/2005","6.30","6.20","6.60","6.20","773.70K","-4.55%"
"04/13/2005","6.60","6.80","6.80","6.60","375.60K","-2.94%"
"04/12/2005","6.80","6.70","6.80","6.60","793.45K","+3.03%"
"04/11/2005","6.60","6.60","6.70","6.50","730.40K","+0.00%"
"04/08/2005","6.60","6.80","6.80","6.50","518.35K","-1.49%"
"04/07/2005","6.70","6.80","6.90","6.70","673.90K","+0.00%"
"04/06/2005","6.70","6.80","6.80","6.00","1.05M","+0.00%"
"04/05/2005","6.70","6.70","6.80","6.60","782.05K","+1.52%"
"04/04/2005","6.60","7.10","7.20","6.50","1.54M","-2.94%"
"04/01/2005","6.80","6.90","6.90","6.00","1.78M","+0.00%"
"03/31/2005","6.80","7.10","7.10","6.70","1.49M","-1.45%"
"03/30/2005","6.90","6.70","7.50","6.60","4.21M","+2.99%"
"03/29/2005","6.70","6.80","6.80","6.60","2.65M","-1.47%"
"03/28/2005","6.80","6.60","6.80","6.60","2.56M","+3.03%"
"03/24/2005","6.60","7.00","7.00","6.50","3.73M","-4.35%"
"03/23/2005","6.90","7.00","7.30","6.70","6.65M","-5.48%"
"03/22/2005","7.30","7.30","7.40","7.30","1.76M","+0.00%"
"03/21/2005","7.30","7.50","7.50","7.30","1.56M","+0.00%"
"03/18/2005","7.30","7.40","8.00","7.20","8.25M","+0.00%"
"03/17/2005","7.30","7.30","7.40","7.20","947.55K","+0.00%"
"03/16/2005","7.30","7.30","7.30","7.20","952.65K","+1.39%"
"03/15/2005","7.20","7.30","7.40","7.10","6.87M","+0.00%"
"03/14/2005","7.20","7.60","7.60","7.20","2.65M","-4.00%"
"03/11/2005","7.50","7.50","7.60","7.30","3.85M","+1.35%"
"03/10/2005","7.40","7.20","7.50","7.20","2.74M","+0.00%"
"03/09/2005","7.40","7.20","7.50","7.20","4.08M","+2.78%"
"03/08/2005","7.20","7.30","7.50","7.10","1.19M","-1.37%"
"03/07/2005","7.30","7.30","7.50","7.30","3.20M","+1.39%"
"03/04/2005","7.20","7.40","7.50","7.10","4.43M","-2.70%"
"03/03/2005","7.40","7.60","7.60","7.20","7.95M","-1.33%"
"03/02/2005","7.50","7.00","7.80","7.00","25.31M","+5.63%"
"03/01/2005","7.10","6.70","7.90","6.10","18.50M","+7.58%"
"02/28/2005","6.60","6.40","6.60","6.40","1.63M","+3.12%"
"02/25/2005","6.40","6.10","6.50","6.10","1.67M","-1.54%"
"02/24/2005","6.50","6.60","6.70","6.40","1.63M","+0.00%"
"02/23/2005","6.50","6.20","6.50","6.20","2.26M","+4.84%"
"02/22/2005","6.20","6.10","6.30","6.10","1.01M","+1.64%"
"02/21/2005","6.10","6.50","6.70","6.00","1.50M","+1.67%"
"02/18/2005","6.00","6.10","6.20","5.90","11.60M","-1.64%"
"02/17/2005","6.10","6.20","6.20","6.00","1.13M","+0.00%"
"02/16/2005","6.10","6.20","6.40","6.00","1.11M","-3.17%"
"02/15/2005","6.30","6.50","6.60","6.20","2.16M","-1.56%"
"02/14/2005","6.40","6.70","6.70","6.40","887.95K","-3.03%"
"02/11/2005","6.60","6.70","6.70","6.60","6.24M","+0.00%"
"02/10/2005","6.60","6.40","6.70","6.30","3.68M","+3.12%"
"02/09/2005","6.40","6.40","6.40","6.20","1.63M","+0.00%"
"02/08/2005","6.40","6.30","6.40","6.30","1.85M","+1.59%"
"02/07/2005","6.30","6.40","6.80","6.20","5.40M","+1.61%"
"02/04/2005","6.20","6.20","6.30","6.10","2.52M","+1.64%"
"02/03/2005","6.10","5.90","6.20","5.80","3.54M","+1.67%"
"02/02/2005","6.00","5.80","6.00","5.80","1.85M","+1.69%"
"02/01/2005","5.90","5.70","5.90","5.60","1.78M","+1.72%"
"01/31/2005","5.80","5.60","5.80","5.60","2.25M","+3.57%"
"01/28/2005","5.60","5.40","5.60","5.40","1.08M","+3.70%"
"01/27/2005","5.40","5.60","5.70","5.20","660.50K","+3.85%"
"01/25/2005","5.20","5.20","5.20","5.10","720.65K","+0.00%"
"01/24/2005","5.20","5.40","5.40","5.20","389.10K","-3.70%"
"01/20/2005","5.40","5.40","5.40","5.20","855.50K","+0.00%"
"01/19/2005","5.40","5.40","5.40","5.30","629.45K","+0.00%"
"01/18/2005","5.40","5.40","5.50","5.30","748.05K","+0.00%"
"01/17/2005","5.40","5.50","5.50","5.30","1.23M","+0.00%"
"01/14/2005","5.40","5.50","5.50","5.30","829.75K","+0.00%"
"01/13/2005","5.40","5.30","5.70","5.10","2.07M","+1.89%"
"01/12/2005","5.30","5.40","5.50","5.00","1.25M","-3.64%"
"01/11/2005","5.50","5.50","5.70","5.40","16.47M","-3.51%"
"01/10/2005","5.70","5.70","5.80","5.60","3.58M","+0.00%"
"01/07/2005","5.70","5.80","5.80","5.60","1.13M","+1.79%"
"01/06/2005","5.60","5.80","5.80","5.30","5.14M","-3.45%"
"01/05/2005","5.80","6.00","6.00","5.60","3.68M","-3.33%"
"01/04/2005","6.00","5.80","6.10","5.60","3.73M","+5.26%"
"01/03/2005","5.70","5.80","5.80","5.60","3.81M","+0.00%"
"12/31/2004","5.70","5.70","5.90","5.60","1.45M","+0.00%"
"12/30/2004","5.70","5.80","5.80","5.60","2.03M","+0.00%"
"12/29/2004","5.70","5.80","5.90","5.60","2.07M","-1.72%"
"12/28/2004","5.80","5.80","6.00","5.70","4.26M","+3.57%"
"12/27/2004","5.60","5.50","5.60","5.50","2.51M","+1.82%"
"12/24/2004","5.50","5.50","5.60","5.50","3.01M","+0.00%"
"12/23/2004","5.50","5.30","5.50","5.20","4.34M","+3.77%"
"12/22/2004","5.30","5.20","5.30","5.20","1.35M","+1.92%"
"12/21/2004","5.20","5.40","5.40","5.20","1.82M","-1.89%"
"12/20/2004","5.30","5.40","5.50","5.10","2.46M","-1.85%"
"12/17/2004","5.40","5.40","5.50","5.40","6.18M","+0.00%"
"12/16/2004","5.40","5.00","5.40","5.00","3.89M","+3.85%"
"12/15/2004","5.20","5.00","5.30","5.00","3.52M","+4.00%"
"12/14/2004","5.00","5.10","5.10","5.00","1.85M","+0.00%"
"12/13/2004","5.00","4.90","5.00","4.90","1.71M","+2.04%"
"12/10/2004","4.90","5.00","5.10","4.90","1.34M","-2.00%"
"12/09/2004","5.00","5.10","5.10","4.90","1.58M","-1.96%"
"12/08/2004","5.10","5.10","5.20","5.00","2.46M","+2.00%"
"12/07/2004","5.00","5.20","5.20","5.00","2.82M","-3.85%"
"12/06/2004","5.20","5.30","5.50","5.10","6.37M","-1.89%"
"12/03/2004","5.30","5.60","5.60","5.20","3.92M","-1.85%"
"12/02/2004","5.40","5.40","5.60","5.30","7.83M","+1.89%"
"12/01/2004","5.30","5.20","5.40","5.10","5.51M","+1.92%"
"11/30/2004","5.20","5.20","5.40","5.10","7.17M","+1.96%"
"11/29/2004","5.10","4.80","5.20","4.80","13.95M","+6.25%"
"11/25/2004","4.80","5.00","5.00","4.80","5.23M","-2.04%"
"11/24/2004","4.90","4.60","5.00","4.60","8.77M","+6.52%"
"11/23/2004","4.60","4.50","4.70","4.50","5.11M","+2.22%"
"11/22/2004","4.50","4.30","4.50","4.30","7.65M","+4.65%"
"11/19/2004","4.30","4.10","4.30","4.10","8.77M","+7.50%"
"11/18/2004","4.00","3.90","4.20","3.80","5.61M","+2.56%"
"11/17/2004","3.90","3.80","3.90","3.80","2.89M","+2.63%"
"11/16/2004","3.80","3.80","3.80","3.70","1.26M","+0.00%"
"11/12/2004","3.80","3.80","3.80","3.70","186.95K","+0.00%"
"11/11/2004","3.80","3.80","3.90","3.70","722.55K","+0.00%"
"11/10/2004","3.80","3.90","3.90","3.80","6.08M","+0.00%"
"11/09/2004","3.80","3.70","3.90","3.70","2.77M","+0.00%"
"11/08/2004","3.80","3.80","3.80","3.70","1.63M","+2.70%"
"11/05/2004","3.70","3.70","3.80","3.70","2.89M","-2.63%"
"11/04/2004","3.80","3.60","3.90","3.60","5.47M","+5.56%"
"11/03/2004","3.60","3.70","3.70","3.60","1.67M","+0.00%"
"11/02/2004","3.60","3.60","3.60","3.60","1.17M","+0.00%"
"11/01/2004","3.60","3.60","3.60","3.50","1.05M","+0.00%"
"10/29/2004","3.60","3.50","3.60","3.50","2.07M","+2.86%"
"10/28/2004","3.50","3.60","3.60","3.50","1.25M","+0.00%"
"10/27/2004","3.50","3.50","3.60","3.50","576.30K","+0.00%"
"10/26/2004","3.50","3.60","3.60","3.50","663.85K","-2.78%"
"10/25/2004","3.60","3.60","3.60","3.60","551.80K","+0.00%"
"10/21/2004","3.60","3.60","3.70","3.60","401.20K","+0.00%"
"10/20/2004","3.60","3.70","3.70","3.60","3.77M","+0.00%"
"10/19/2004","3.60","3.70","3.70","3.60","4.06M","+0.00%"
"10/18/2004","3.60","3.80","3.80","3.60","6.34M","-2.70%"
"10/15/2004","3.70","3.60","3.70","3.60","758.75K","+0.00%"
"10/14/2004","3.70","3.70","3.80","3.60","779.40K","+0.00%"
"10/12/2004","3.70","3.70","3.80","3.70","715.70K","+0.00%"
"10/11/2004","3.70","3.80","3.80","3.70","653.05K","+0.00%"
"10/08/2004","3.70","3.70","3.80","3.70","719.80K","-2.63%"
"10/07/2004","3.80","3.80","3.80","3.80","1.02M","+2.70%"
"10/06/2004","3.70","3.80","3.80","3.70","1.87M","-2.63%"
"10/05/2004","3.80","3.80","3.90","3.80","1.18M","+0.00%"
"10/04/2004","3.80","3.80","3.80","3.80","2.58M","+0.00%"
"10/01/2004","3.80","3.70","3.80","3.60","1.91M","+2.70%"
"09/30/2004","3.70","3.70","3.70","3.70","571.60K","+0.00%"
"09/29/2004","3.70","3.70","3.80","3.60","716.35K","+0.00%"
"09/28/2004","3.70","3.70","3.70","3.60","521.15K","+0.00%"
"09/27/2004","3.70","3.80","3.80","3.70","1.16M","-2.63%"
"09/24/2004","3.80","3.80","3.90","3.70","2.36M","+0.00%"
"09/23/2004","3.80","3.70","3.90","3.70","7.04M","+5.56%"
"09/22/2004","3.60","3.70","3.70","3.60","5.19M","+0.00%"
"09/21/2004","3.60","3.60","3.70","3.60","1.08M","+0.00%"
"09/20/2004","3.60","3.70","3.70","3.60","975.50K","-2.70%"
"09/17/2004","3.70","3.70","3.70","3.60","2.18M","+2.78%"
"09/16/2004","3.60","3.60","3.70","3.60","2.11M","+0.00%"
"09/15/2004","3.60","3.60","3.70","3.60","5.19M","+2.86%"
"09/14/2004","3.50","3.50","3.60","3.40","1.13M","+0.00%"
"09/13/2004","3.50","3.50","3.50","3.50","1.32M","+0.00%"
"09/10/2004","3.50","3.50","3.50","3.40","380.50K","+0.00%"
"09/09/2004","3.50","3.50","3.50","3.50","630.85K","+0.00%"
"09/08/2004","3.50","3.50","3.50","3.50","1.19M","+0.00%"
"09/07/2004","3.50","3.50","3.50","3.20","1.03M","+0.00%"
"09/06/2004","3.50","3.50","3.60","3.50","1.02M","+0.00%"
"09/03/2004","3.50","3.50","3.60","3.40","565.00K","+0.00%"
"09/02/2004","3.50","3.50","3.50","3.40","594.85K","+0.00%"
"09/01/2004","3.50","3.60","3.60","3.50","488.30K","+0.00%"
"08/31/2004","3.50","3.40","3.60","3.40","350.55K","+0.00%"
"08/30/2004","3.50","3.40","3.50","3.40","333.75K","+0.00%"
"08/27/2004","3.50","3.50","3.50","3.50","906.15K","+0.00%"
"08/26/2004","3.50","3.50","3.60","3.40","902.55K","+0.00%"
"08/25/2004","3.50","3.40","3.60","3.40","1.28M","-2.78%"
"08/24/2004","3.60","3.60","3.70","3.50","4.20M","+2.86%"
"08/23/2004","3.50","3.60","3.60","3.50","3.00M","+0.00%"
"08/20/2004","3.50","3.50","3.50","3.50","1.73M","+0.00%"
"08/19/2004","3.50","3.50","3.60","3.50","1.55M","+0.00%"
"08/18/2004","3.50","3.60","3.60","3.50","682.10K","+0.00%"
"08/17/2004","3.50","3.60","3.60","3.50","1.32M","+0.00%"
"08/16/2004","3.50","3.50","3.60","3.50","2.69M","+0.00%"
"08/13/2004","3.50","3.50","3.60","3.50","2.69M","+0.00%"
"08/12/2004","3.50","3.60","3.60","3.50","1.31M","-2.78%"
"08/11/2004","3.60","3.70","3.70","3.60","1.09M","+0.00%"
"08/10/2004","3.60","3.70","3.70","3.60","1.74M","+0.00%"
"08/09/2004","3.60","3.80","3.80","3.60","1.97M","-5.26%"
"08/06/2004","3.80","3.80","3.80","3.70","1.63M","+0.00%"
"08/05/2004","3.80","3.70","3.80","3.70","29.92M","+2.70%"
"08/04/2004","3.70","3.70","3.70","3.70","762.00K","+0.00%"
"08/03/2004","3.70","3.70","3.80","3.60","1.57M","+0.00%"
"08/02/2004","3.70","3.60","3.70","3.60","1.14M","+2.78%"
"07/30/2004","3.60","3.50","3.60","3.50","599.20K","+2.86%"
"07/29/2004","3.50","3.60","3.60","3.50","933.40K","+0.00%"
"07/28/2004","3.50","3.60","3.60","3.50","800.40K","-2.78%"
"07/27/2004","3.60","3.70","3.70","3.60","956.50K","+0.00%"
"07/26/2004","3.60","3.60","3.70","3.50","2.24M","-2.70%"
"07/23/2004","3.70","3.60","3.70","3.60","363.70K","+0.00%"
"07/22/2004","3.70","3.70","3.70","3.70","936.30K","+0.00%"
"07/21/2004","3.70","3.70","3.70","3.70","628.30K","+0.00%"
"07/20/2004","3.70","3.70","3.70","3.70","4.14M","+0.00%"
"07/19/2004","3.70","3.70","3.70","3.70","994.30K","+0.00%"
"07/16/2004","3.70","3.60","3.80","3.60","1.49M","+0.00%"
"07/15/2004","3.70","3.70","3.70","3.70","526.70K","+0.00%"
"07/14/2004","3.70","3.80","3.80","3.60","1.03M","+0.00%"
"07/13/2004","3.70","3.80","3.80","3.70","1.54M","+0.00%"
"07/12/2004","3.70","3.60","3.70","3.60","1.20M","+2.78%"
"07/09/2004","3.60","3.40","3.60","3.40","3.64M","+0.00%"
"07/08/2004","3.60","3.70","3.80","3.60","6.71M","-2.70%"
"07/07/2004","3.70","3.50","3.80","3.50","3.62M","+2.78%"
"07/06/2004","3.60","3.60","3.70","3.50","4.12M","+0.00%"
"07/05/2004","3.60","2.80","3.70","2.80","8.21M","+2.86%"
"07/02/2004","3.50","3.50","3.60","3.50","1.49M","+0.00%"
"07/01/2004","3.50","3.40","3.50","3.40","716.70K","+0.00%"
"06/30/2004","3.50","3.50","3.50","3.40","918.20K","+0.00%"
"06/29/2004","3.50","3.40","3.50","3.40","1.49M","+0.00%"
"06/28/2004","3.50","3.30","3.50","3.30","3.33M","+6.06%"
"06/25/2004","3.30","3.30","3.30","3.30","4.36M","+0.00%"
"06/24/2004","3.30","3.20","3.30","3.20","1.35M","+3.12%"
"06/23/2004","3.20","3.20","3.30","3.20","2.36M","-15.79%"
"05/21/2004","3.80","3.50","3.80","3.30","10.29M","+11.76%"
"05/20/2004","3.40","3.40","3.50","3.00","5.71M","+3.03%"
"05/19/2004","3.30","3.50","3.80","3.20","10.88M","+3.12%"
"05/18/2004","3.20","3.50","3.50","3.00","4.54M","+6.67%"
"05/17/2004","3.00","3.70","3.70","2.90","6.41M","-16.67%"
"05/14/2004","3.60","4.00","4.00","3.40","3.27M","-10.00%"
"05/13/2004","4.00","3.80","4.00","3.80","4.22M","+2.56%"
"05/12/2004","3.90","3.80","4.00","3.80","460.60K","+2.63%"
"05/11/2004","3.80","3.80","3.90","3.80","884.70K","-2.56%"
"05/10/2004","3.90","3.90","4.00","3.90","184.60K","-2.50%"
"05/07/2004","4.00","4.00","4.00","4.00","521.70K","+0.00%"
"05/06/2004","4.00","4.00","4.10","4.00","1.08M","+0.00%"
"05/05/2004","4.00","4.00","4.10","4.00","995.50K","+0.00%"
"05/04/2004","4.00","4.00","4.10","4.00","3.83M","+2.56%"
"05/03/2004","3.90","4.00","4.00","3.90","3.04M","+0.00%"
"04/30/2004","3.90","3.90","4.00","3.90","406.70K","-2.50%"
"04/29/2004","4.00","3.90","4.00","3.90","635.70K","+2.56%"
"04/28/2004","3.90","3.80","4.00","3.80","833.80K","+2.63%"
"04/27/2004","3.80","3.80","4.00","3.80","818.00K","-5.00%"
"04/23/2004","4.00","4.10","4.10","4.00","926.60K","-2.44%"
"04/22/2004","4.10","4.10","4.10","4.10","439.90K","+0.00%"
"04/21/2004","4.10","4.10","4.10","4.10","1.86M","+0.00%"
"04/20/2004","4.10","4.10","4.10","4.10","2.56M","+0.00%"
"04/19/2004","4.10","4.10","4.20","4.10","2.51M","+0.00%"
"04/16/2004","4.10","4.00","4.10","4.00","2.85M","+2.50%"
"04/15/2004","4.00","4.00","4.00","4.00","734.00K","+0.00%"
"04/13/2004","4.00","4.00","4.00","4.00","599.20K","+0.00%"
"04/12/2004","4.00","4.00","4.00","4.00","616.00K","+0.00%"
"04/08/2004","4.00","4.00","4.00","4.00","578.50K","+0.00%"
"04/07/2004","4.00","4.00","4.00","3.90","338.00K","+0.00%"
"04/06/2004","4.00","4.00","4.10","4.00","766.30K","+0.00%"
"04/05/2004","4.00","4.10","4.10","4.00","1.26M","-2.44%"
"04/02/2004","4.10","4.10","4.20","4.00","3.02M","-2.38%"
"04/01/2004","4.20","4.00","4.30","4.00","10.35M","+5.00%"
"03/31/2004","4.00","3.90","4.10","3.90","1.14M","+2.56%"
"03/30/2004","3.90","4.00","4.00","3.90","407.40K","-2.50%"
"03/29/2004","4.00","4.10","4.10","3.90","538.90K","+0.00%"
"03/26/2004","4.00","4.00","4.00","4.00","945.90K","+0.00%"
"03/25/2004","4.00","4.10","4.10","3.90","1.07M","+0.00%"
"03/24/2004","4.00","4.00","4.00","3.90","1.03M","+0.00%"
"03/23/2004","4.00","4.00","4.00","3.90","1.50M","+0.00%"
"03/22/2004","4.00","4.00","4.10","4.00","3.52M","+0.00%"
"03/19/2004","4.00","3.90","4.00","3.90","2.57M","+2.56%"
"03/18/2004","3.90","3.90","4.00","3.90","2.48M","+0.00%"
"03/17/2004","3.90","3.90","4.00","3.90","1.19M","+0.00%"
"03/16/2004","3.90","3.90","3.90","3.90","2.06M","+0.00%"
"03/15/2004","3.90","3.90","3.90","3.90","1.08M","+0.00%"
"03/12/2004","3.90","3.80","3.90","3.80","600.30K","+0.00%"
"03/11/2004","3.90","3.90","3.90","3.90","817.90K","+0.00%"
"03/10/2004","3.90","3.90","3.90","3.90","806.70K","+0.00%"
"03/09/2004","3.90","3.90","4.00","3.80","1.41M","+0.00%"
"03/08/2004","3.90","4.00","4.00","3.90","981.30K","+0.00%"
"03/05/2004","3.90","4.00","4.00","3.80","935.60K","+0.00%"
"03/04/2004","3.90","4.00","4.00","3.90","2.10M","-2.50%"
"03/03/2004","4.00","4.10","4.10","4.00","7.84M","+0.00%"
"03/01/2004","4.00","3.90","4.10","3.80","5.59M","+2.56%"
"02/27/2004","3.90","3.90","3.90","3.80","2.00M","+0.00%"
"02/26/2004","3.90","4.00","4.00","3.90","974.90K","+0.00%"
"02/25/2004","3.90","3.90","3.90","3.90","605.20K","+0.00%"
"02/24/2004","3.90","3.90","3.90","3.90","1.62M","+0.00%"
"02/23/2004","3.90","4.00","4.00","3.90","2.65M","-2.50%"
"02/20/2004","4.00","4.00","4.20","3.90","19.03M","+0.00%"
"02/19/2004","4.00","4.00","4.00","3.90","6.55M","+2.56%"
"02/18/2004","3.90","3.90","4.00","3.90","4.39M","+0.00%"
"02/17/2004","3.90","3.90","4.00","3.90","1.97M","+0.00%"
"02/16/2004","3.90","3.90","3.90","3.80","1.98M","+2.63%"
"02/13/2004","3.80","3.80","3.90","3.70","4.92M","+0.00%"
"02/12/2004","3.80","3.90","3.90","3.80","5.06M","-2.56%"
"02/11/2004","3.90","3.80","3.90","3.80","2.52M","+2.63%"
"02/10/2004","3.80","3.90","3.90","3.80","3.66M","+0.00%"
"02/09/2004","3.80","3.70","3.80","3.70","2.82M","+2.70%"
"02/06/2004","3.70","3.70","3.80","3.70","778.40K","+0.00%"
"02/05/2004","3.70","3.60","3.80","3.60","978.80K","-2.63%"
"02/04/2004","3.80","3.80","3.80","3.70","2.73M","+0.00%"
"02/03/2004","3.80","4.00","4.00","3.80","28.45M","-5.00%"
"01/30/2004","4.00","3.80","4.00","3.80","4.77M","+0.00%"
"01/29/2004","4.00","4.10","4.10","4.00","7.95M","-2.44%"
"01/28/2004","4.10","3.80","4.20","3.80","22.69M","+10.81%"
"01/27/2004","3.70","3.80","3.80","3.70","2.01M","+0.00%"
"01/23/2004","3.70","3.60","3.80","3.60","2.21M","+0.00%"
"01/22/2004","3.70","3.80","3.80","3.60","7.54M","-2.63%"
"01/21/2004","3.80","3.80","3.90","3.70","3.95M","-2.56%"
"01/20/2004","3.90","3.80","3.90","3.80","4.76M","+2.63%"
"01/19/2004","3.80","3.80","3.80","3.80","1.84M","+0.00%"
"01/16/2004","3.80","3.90","4.00","3.80","2.72M","-2.56%"
"01/15/2004","3.90","4.00","4.00","3.80","5.00M","+2.63%"
"01/14/2004","3.80","3.80","3.90","3.80","1.70M","-2.56%"
"01/13/2004","3.90","3.90","3.90","3.80","5.57M","+2.63%"
"01/12/2004","3.80","3.90","3.90","3.80","13.73M","-2.56%"
"01/09/2004","3.90","3.90","4.00","3.90","18.43M","+2.63%"
"01/08/2004","3.80","3.80","3.90","3.70","5.10M","+2.70%"
"01/07/2004","3.70","3.50","3.80","3.50","5.88M","+0.00%"
"01/06/2004","3.70","3.80","3.80","3.60","8.46M","+0.00%"
"01/05/2004","3.70","3.90","3.90","3.70","9.84M","-2.63%"
"01/02/2004","3.80","4.00","4.00","3.80","10.10M","-2.56%"
"01/01/2004","3.90","4.00","4.00","3.80","5.41M","+2.63%"
"12/31/2003","3.80","3.80","3.90","3.80","5.08M","+0.00%"
"12/30/2003","3.80","4.00","4.10","3.70","9.49M","-2.56%"
"12/29/2003","3.90","3.80","4.00","3.70","8.97M","+5.41%"
"12/26/2003","3.70","3.80","3.80","3.60","4.98M","+0.00%"
"12/24/2003","3.70","3.80","3.80","3.70","3.04M","-2.63%"
"12/23/2003","3.80","3.90","4.00","3.80","8.69M","+0.00%"
"12/22/2003","3.80","3.60","4.00","3.60","17.98M","+5.56%"
"12/19/2003","3.60","3.70","3.70","3.60","5.93M","+0.00%"
"12/18/2003","3.60","3.60","3.60","3.60","3.04M","+0.00%"
"12/17/2003","3.60","3.60","3.70","3.60","4.31M","+0.00%"
"12/16/2003","3.60","3.70","3.70","3.40","4.04M","-2.70%"
"12/15/2003","3.70","3.70","3.80","3.60","12.72M","+2.78%"
"12/12/2003","3.60","3.40","3.60","3.40","6.60M","+5.88%"
"12/11/2003","3.40","3.40","3.50","3.40","2.22M","+0.00%"
"12/10/2003","3.40","3.40","3.50","3.40","2.64M","+0.00%"
"12/09/2003","3.40","3.40","3.50","3.40","2.90M","+0.00%"
"12/08/2003","3.40","3.50","3.50","3.40","1.49M","+0.00%"
"12/05/2003","3.40","3.60","3.60","3.40","2.73M","-5.56%"
"12/04/2003","3.60","3.70","3.80","3.50","3.35M","-2.70%"
"12/03/2003","3.70","3.80","3.80","3.60","19.51M","+2.78%"
"12/02/2003","3.60","3.60","3.70","3.60","19.71M","+0.00%"
"12/01/2003","3.60","3.50","3.60","3.50","13.05M","+5.88%"
"11/28/2003","3.40","3.40","3.50","3.40","4.35M","+0.00%"
"11/27/2003","3.40","3.30","3.50","3.30","7.52M","+0.00%"
"11/25/2003","3.40","3.40","3.40","3.20","6.57M","+3.03%"
"11/24/2003","3.30","3.30","3.40","3.30","3.26M","+3.12%"
"11/21/2003","3.20","3.30","3.30","3.00","6.79M","-3.03%"
"11/20/2003","3.30","3.40","3.40","3.20","2.42M","-2.94%"
"11/19/2003","3.40","3.40","3.40","3.30","2.30M","+0.00%"
"11/18/2003","3.40","3.40","3.40","3.40","1.89M","+0.00%"
"11/17/2003","3.40","3.30","3.40","3.30","1.84M","+0.00%"
"11/14/2003","3.40","3.50","3.50","3.40","3.37M","+0.00%"
"11/13/2003","3.40","3.40","3.50","3.40","3.69M","-2.86%"
"11/12/2003","3.50","3.40","3.50","3.40","4.34M","+2.94%"
"11/11/2003","3.40","3.40","3.40","3.40","2.96M","+0.00%"
"11/10/2003","3.40","3.40","3.40","3.30","753.90K","+0.00%"
"11/07/2003","3.40","3.40","3.40","3.30","4.87M","+0.00%"
"11/06/2003","3.40","3.40","3.40","3.40","3.52M","+3.03%"
"11/05/2003","3.30","3.50","3.50","3.30","4.85M","-5.71%"
"11/04/2003","3.50","3.60","3.60","3.30","7.07M","+0.00%"
"11/03/2003","3.50","3.50","3.60","3.50","9.25M","+2.94%"
"10/31/2003","3.40","3.40","3.50","3.40","4.79M","+0.00%"
"10/30/2003","3.40","3.40","3.50","3.30","4.27M","+0.00%"
"10/29/2003","3.40","3.30","3.40","3.30","5.74M","+3.03%"
"10/28/2003","3.30","3.30","3.40","3.30","5.43M","+0.00%"
"10/27/2003","3.30","3.40","3.40","3.30","4.00M","-2.94%"
"10/24/2003","3.40","3.30","3.40","3.30","9.05M","+3.03%"
"10/23/2003","3.30","3.40","3.60","3.30","13.60M","-2.94%"
"10/22/2003","3.40","3.50","3.50","3.40","7.59M","+0.00%"
"10/21/2003","3.40","3.40","3.70","3.30","14.21M","+0.00%"
"10/20/2003","3.40","3.60","3.60","3.40","4.98M","-5.56%"
"10/17/2003","3.60","3.60","3.70","3.50","10.08M","+0.00%"
"10/16/2003","3.60","3.60","3.70","3.60","10.08M","-2.70%"
"10/15/2003","3.70","3.60","3.80","3.60","11.79M","+2.78%"
"10/14/2003","3.60","3.80","3.80","3.60","25.95M","-5.26%"
"10/13/2003","3.80","3.50","3.90","3.50","50.28M","+8.57%"
"10/10/2003","3.50","3.20","3.60","3.20","32.05M","+9.37%"
"10/09/2003","3.20","3.00","3.20","3.00","14.80M","+3.23%"
"10/08/2003","3.10","2.90","3.20","2.90","16.87M","+6.90%"
"10/07/2003","2.90","2.90","3.00","2.80","3.57M","+0.00%"
"10/06/2003","2.90","3.00","3.00","2.90","6.21M","+0.00%"
"10/03/2003","2.90","2.90","3.00","2.80","10.96M","+0.00%"
"10/01/2003","2.90","2.80","3.00","2.80","27.15M","+7.41%"
"09/30/2003","2.70","2.70","2.80","2.70","8.64M","+0.00%"
"09/29/2003","2.70","2.60","2.70","2.50","13.95M","+8.00%"
"09/26/2003","2.50","2.40","2.60","2.40","13.38M","+4.17%"
"09/25/2003","2.40","2.20","2.40","2.20","2.97M","+0.00%"
"09/24/2003","2.40","2.30","2.40","2.30","1.14M","+0.00%"
"09/23/2003","2.40","2.30","2.40","2.30","1.40M","+0.00%"
"09/22/2003","2.40","2.30","2.40","2.30","2.15M","+0.00%"
"09/19/2003","2.40","2.40","2.50","2.30","3.82M","+0.00%"
"09/18/2003","2.40","2.50","2.50","2.40","2.41M","-4.00%"
"09/17/2003","2.50","2.50","2.60","2.50","8.64M","+0.00%"
"09/16/2003","2.50","2.50","2.50","2.40","5.38M","+0.00%"
"09/15/2003","2.50","2.50","2.60","2.40","16.42M","+4.17%"
"09/12/2003","2.40","2.50","2.50","2.30","12.83M","-4.00%"
"09/11/2003","2.50","2.20","2.50","2.20","37.58M","+8.70%"
"09/10/2003","2.30","2.20","2.30","2.20","4.46M","+4.55%"
"09/09/2003","2.20","2.20","2.20","2.20","6.83M","+0.00%"
"09/08/2003","2.20","2.20","2.30","2.20","3.47M","-4.35%"
"09/05/2003","2.30","2.20","2.30","2.20","8.11M","+0.00%"
"09/04/2003","2.30","2.10","2.30","2.10","18.56M","+15.00%"
"09/03/2003","2.00","2.20","2.20","2.00","5.14M","-4.76%"
"09/02/2003","2.10","2.10","2.20","2.10","7.18M","+0.00%"
"09/01/2003","2.10","2.10","2.10","2.10","2.30M","+0.00%"
"08/29/2003","2.10","2.10","2.10","2.10","2.50M","+0.00%"
"08/28/2003","2.10","2.20","2.20","2.10","5.54M","-4.55%"
"08/27/2003","2.20","2.20","2.20","2.10","5.34M","+4.76%"
"08/26/2003","2.10","2.10","2.20","2.10","4.74M","+0.00%"
"08/25/2003","2.10","2.20","2.20","2.00","7.30M","-4.55%"
"08/22/2003","2.20","2.20","2.20","2.10","11.48M","+0.00%"
"08/21/2003","2.20","2.00","2.30","2.00","13.39M","-4.35%"
"08/20/2003","2.30","2.20","2.30","2.20","16.87M","+9.52%"
"08/19/2003","2.10","2.40","2.40","2.10","7.84M","-8.70%"
"08/18/2003","2.30","2.00","2.40","2.00","23.07M","+15.00%"
"08/14/2003","2.00","2.00","2.10","2.00","4.56M","+0.00%"
"08/13/2003","2.00","2.00","2.00","2.00","1.82M","+0.00%"
"08/12/2003","2.00","2.00","2.00","2.00","1.97M","+0.00%"
"08/11/2003","2.00","2.10","2.10","2.00","1.88M","-4.76%"
"08/08/2003","2.10","2.10","2.10","2.10","3.61M","+0.00%"
"08/07/2003","2.10","2.00","2.10","2.00","3.20M","+5.00%"
"08/06/2003","2.00","2.00","2.10","2.00","5.22M","-4.76%"
"08/05/2003","2.10","2.20","2.20","2.10","5.06M","+0.00%"
"08/04/2003","2.10","2.20","2.20","2.10","3.03M","-4.55%"
"08/01/2003","2.20","2.20","2.20","2.20","5.51M","+0.00%"
"07/31/2003","2.20","2.20","2.20","2.10","9.50M","+0.00%"
"07/30/2003","2.20","2.20","2.20","2.20","6.34M","+0.00%"
"07/29/2003","2.20","2.20","2.20","2.10","15.35M","+0.00%"
"07/28/2003","2.20","2.10","2.30","2.00","44.80M","+10.00%"
"07/25/2003","2.00","1.80","2.00","1.80","28.88M","+11.11%"
"07/24/2003","1.80","1.80","1.80","1.80","2.69M","+0.00%"
"07/23/2003","1.80","1.80","1.90","1.80","4.37M","+0.00%"
"07/22/2003","1.80","1.80","1.80","1.70","4.53M","+0.00%"
"07/21/2003","1.80","1.80","1.90","1.80","8.17M","+0.00%"
"07/18/2003","1.80","1.70","1.80","1.70","3.77M","+0.00%"
"07/17/2003","1.80","1.80","1.90","1.80","12.92M","+0.00%"
"07/16/2003","1.80","1.70","1.90","1.70","14.69M","+5.88%"
"07/15/2003","1.70","1.70","1.80","1.70","9.22M","+0.00%"
"07/14/2003","1.70","1.60","1.80","1.60","14.34M","+6.25%"
"07/11/2003","1.60","1.60","1.60","1.60","1.84M","+0.00%"
"07/10/2003","1.60","1.60","1.60","1.60","1.71M","+0.00%"
"07/09/2003","1.60","1.70","1.70","1.60","2.16M","+0.00%"
"07/08/2003","1.60","1.70","1.70","1.60","2.12M","-5.88%"
"07/07/2003","1.70","1.70","1.70","1.70","5.02M","+6.25%"
"07/04/2003","1.60","1.70","1.70","1.60","5.06M","-5.88%"
"07/03/2003","1.70","1.80","1.80","1.70","10.61M","+0.00%"
"07/02/2003","1.70","1.60","1.80","1.60","19.81M","+6.25%"
"07/01/2003","1.60","1.60","1.60","1.60","8.89M","+0.00%"
"06/30/2003","1.60","1.60","1.70","1.60","8.28M","+0.00%"
"06/27/2003","1.60","1.50","1.60","1.50","9.39M","+6.67%"
"06/26/2003","1.50","1.50","1.50","1.50","7.21M","+0.00%"
"06/25/2003","1.50","1.50","1.50","1.40","3.42M","+7.14%"
"06/24/2003","1.40","1.50","1.50","1.40","11.45M","-6.67%"
"06/23/2003","1.50","1.50","1.60","1.50","9.87M","+0.00%"
"06/20/2003","1.50","1.50","1.50","1.50","2.08M","+0.00%"
"06/19/2003","1.50","1.50","1.50","1.50","2.86M","+0.00%"
"06/18/2003","1.50","1.50","1.50","1.50","2.61M","+0.00%"
"06/17/2003","1.50","1.50","1.50","1.50","3.36M","+0.00%"
"06/16/2003","1.50","1.50","1.50","1.50","1.28M","+0.00%"
"06/13/2003","1.50","1.50","1.50","1.50","2.31M","+0.00%"
"06/12/2003","1.50","1.50","1.50","1.50","1.69M","+0.00%"
"06/11/2003","1.50","1.50","1.50","1.50","2.95M","+0.00%"
"06/10/2003","1.50","1.50","1.60","1.50","2.07M","+0.00%"
"06/09/2003","1.50","1.60","1.60","1.50","1.53M","+0.00%"
"06/06/2003","1.50","1.60","1.60","1.50","2.19M","+0.00%"
"06/05/2003","1.50","1.60","1.60","1.50","3.16M","-6.25%"
"06/04/2003","1.60","1.60","1.60","1.60","8.67M","+0.00%"
"06/03/2003","1.60","1.60","1.60","1.50","4.50M","+6.67%"
"06/02/2003","1.50","1.50","1.50","1.50","1.68M","+0.00%"
"05/30/2003","1.50","1.50","1.50","1.50","3.46M","+0.00%"
"05/29/2003","1.50","1.50","1.60","1.40","4.60M","+0.00%"
"05/28/2003","1.50","1.50","1.50","1.40","2.46M","+0.00%"
"05/27/2003","1.50","1.60","1.60","1.50","1.85M","+0.00%"
"05/26/2003","1.50","1.60","1.60","1.50","1.34M","-6.25%"
"05/23/2003","1.60","1.60","1.60","1.50","1.22M","+0.00%"
"05/22/2003","1.60","1.60","1.60","1.60","1.73M","+0.00%"
"05/21/2003","1.60","1.60","1.60","1.60","5.44M","+0.00%"
"05/20/2003","1.60","1.50","1.60","1.50","26.53M","+6.67%"
"05/19/2003","1.50","1.60","1.60","1.50","2.41M","-6.25%"
"05/16/2003","1.60","1.60","1.60","1.50","3.53M","+0.00%"
"05/15/2003","1.60","1.50","1.60","1.50","8.73M","+6.67%"
"05/14/2003","1.50","1.50","1.50","1.50","3.27M","+0.00%"
"05/13/2003","1.50","1.50","1.50","1.40","2.94M","+7.14%"
"05/12/2003","1.40","1.40","1.50","1.40","2.09M","+0.00%"
"05/09/2003","1.40","1.40","1.40","1.40","1.04M","+0.00%"
"05/08/2003","1.40","1.40","1.40","1.40","605.80K","+0.00%"
"05/07/2003","1.40","1.40","1.40","1.40","1.32M","+0.00%"
"05/06/2003","1.40","1.50","1.50","1.40","679.00K","+0.00%"
"05/05/2003","1.40","1.40","1.50","1.40","857.80K","+0.00%"
"05/02/2003","1.40","1.40","1.40","1.40","404.90K","+0.00%"
"04/30/2003","1.40","1.40","1.50","1.40","821.80K","+0.00%"
"04/29/2003","1.40","1.40","1.50","1.40","1.17M","+0.00%"
"04/28/2003","1.40","1.50","1.50","1.40","1.62M","-6.67%"
"04/25/2003","1.50","1.50","1.50","1.40","521.20K","+0.00%"
"04/24/2003","1.50","1.50","1.50","1.50","1.71M","+0.00%"
"04/23/2003","1.50","1.50","1.60","1.50","3.73M","+0.00%"
"04/22/2003","1.50","1.60","1.60","1.50","541.10K","-6.25%"
"04/21/2003","1.60","1.50","1.60","1.40","1.00M","+6.67%"
"04/17/2003","1.50","1.40","1.50","1.40","1.95M","+0.00%"
"04/16/2003","1.50","1.50","1.50","1.40","1.07M","+0.00%"
"04/15/2003","1.50","1.50","1.50","1.40","1.43M","+7.14%"
"04/11/2003","1.40","1.40","1.50","1.40","1.13M","+0.00%"
"04/10/2003","1.40","1.40","1.50","1.40","2.87M","-6.67%"
"04/09/2003","1.50","1.50","1.50","1.40","5.57M","+0.00%"
"04/08/2003","1.50","1.60","1.60","1.50","2.98M","-6.25%"
"04/07/2003","1.60","1.60","1.60","1.60","2.04M","+0.00%"
"04/04/2003","1.60","1.60","1.60","1.60","826.20K","+0.00%"
"04/03/2003","1.60","1.60","1.60","1.60","620.90K","+0.00%"
"04/02/2003","1.60","1.60","1.60","1.60","1.06M","+0.00%"
"04/01/2003","1.60","1.60","1.60","1.60","1.84M","+0.00%"
"03/31/2003","1.60","1.70","1.70","1.60","2.32M","-5.88%"
"03/28/2003","1.70","1.70","1.70","1.70","5.29M","+0.00%"
"03/27/2003","1.70","1.60","1.70","1.60","7.21M","+0.00%"
"03/26/2003","1.70","1.70","1.70","1.60","5.13M","+0.00%"
"03/25/2003","1.70","1.50","1.70","1.50","4.86M","+6.25%"
"03/24/2003","1.60","1.70","1.70","1.60","2.70M","+0.00%"
"03/21/2003","1.60","1.60","1.60","1.60","1.68M","+0.00%"
"03/20/2003","1.60","1.50","1.60","1.50","5.49M","+0.00%"
"03/19/2003","1.60","1.60","1.60","1.50","6.09M","+6.67%"
"03/17/2003","1.50","1.50","1.60","1.50","3.89M","+0.00%"
"03/13/2003","1.50","1.50","1.50","1.40","1.92M","+0.00%"
"03/12/2003","1.50","1.50","1.60","1.50","4.59M","+0.00%"
"03/11/2003","1.50","1.40","1.50","1.40","2.83M","+7.14%"
"03/10/2003","1.40","1.50","1.50","1.40","1.29M","-6.67%"
"03/07/2003","1.50","1.60","1.60","1.50","1.41M","-6.25%"
"03/06/2003","1.60","1.60","1.60","1.50","2.35M","+0.00%"
"03/05/2003","1.60","1.60","1.60","1.60","1.86M","-5.88%"
"03/04/2003","1.70","1.70","1.70","1.60","1.47M","+0.00%"
"03/03/2003","1.70","1.70","1.80","1.70","2.85M","+0.00%"
"02/28/2003","1.70","1.80","1.80","1.70","5.12M","+0.00%"
"02/27/2003","1.70","1.70","1.70","1.70","2.15M","+0.00%"
"02/26/2003","1.70","1.70","1.70","1.70","1.67M","+0.00%"
"02/25/2003","1.70","1.70","1.70","1.70","1.65M","+0.00%"
"02/24/2003","1.70","1.80","1.80","1.70","2.38M","+0.00%"
"02/21/2003","1.70","1.80","1.80","1.70","2.57M","-5.56%"
"02/20/2003","1.80","1.70","1.80","1.70","11.16M","+0.00%"
"02/19/2003","1.80","1.80","1.80","1.70","3.86M","+0.00%"
"02/18/2003","1.80","1.80","1.80","1.80","3.85M","+0.00%"
"02/17/2003","1.80","1.80","1.80","1.80","5.51M","+0.00%"
"02/14/2003","1.80","1.80","1.80","1.80","8.99M","+0.00%"
"02/12/2003","1.80","2.00","2.00","1.80","13.27M","+0.00%"
"02/11/2003","1.80","1.80","1.80","1.80","30.13M","+0.00%"
"02/10/2003","1.80","1.90","2.00","1.80","83.60M","-5.26%"
"02/07/2003","1.90","1.80","2.10","1.80","138.16M","+11.76%"
"02/06/2003","1.70","1.50","1.70","1.50","7.26M","+6.25%"
"02/05/2003","1.60","1.60","1.60","1.60","672.90K","+0.00%"
"02/04/2003","1.60","1.60","1.60","1.60","907.60K","+0.00%"
"02/03/2003","1.60","1.60","1.60","1.60","508.20K","+0.00%"
"01/31/2003","1.60","1.60","1.60","1.60","1.29M","+0.00%"
"01/30/2003","1.60","1.60","1.60","1.60","1.13M","+0.00%"
"01/29/2003","1.60","1.60","1.60","1.60","569.00K","+0.00%"
"01/28/2003","1.60","1.60","1.60","1.60","1.34M","+0.00%"
"01/27/2003","1.60","1.60","1.60","1.60","1.94M","+0.00%"
"01/24/2003","1.60","1.70","1.70","1.60","1.83M","-5.88%"
"01/23/2003","1.70","1.70","1.70","1.70","1.04M","+0.00%"
"01/22/2003","1.70","1.70","1.70","1.60","1.00M","+0.00%"
"01/21/2003","1.70","1.60","1.70","1.60","1.11M","+6.25%"
"01/20/2003","1.60","1.70","1.70","1.60","1.34M","-5.88%"
"01/17/2003","1.70","1.60","1.70","1.60","1.27M","+0.00%"
"01/16/2003","1.70","1.70","1.70","1.70","831.30K","+0.00%"
"01/15/2003","1.70","1.70","1.70","1.70","681.00K","+0.00%"
"01/14/2003","1.70","1.70","1.70","1.70","557.40K","+0.00%"
"01/13/2003","1.70","1.70","1.70","1.70","851.90K","+0.00%"
"01/10/2003","1.70","1.80","1.80","1.70","1.83M","+0.00%"
"01/09/2003","1.70","1.60","1.70","1.60","3.62M","+0.00%"
"01/08/2003","1.70","1.60","1.70","1.60","1.83M","+6.25%"
"01/07/2003","1.60","1.60","1.60","1.60","810.00K","+0.00%"
"01/06/2003","1.60","1.60","1.60","1.60","948.20K","-5.88%"
"01/03/2003","1.70","1.60","1.70","1.60","1.60M","+6.25%"
"01/02/2003","1.60","1.70","1.70","1.60","1.04M","-5.88%"
"01/01/2003","1.70","1.70","1.70","1.70","722.30K","+0.00%"
