"Date","Price","Open","High","Low","Vol.","Change %"
"07/13/2026","372.45","363.85","387.50","352.65","566.24K","+1.97%"
"07/10/2026","365.25","337.05","386.75","337.00","4.35M","+8.22%"
"07/09/2026","337.50","346.55","350.45","335.20","25.30K","-2.47%"
"07/08/2026","346.05","355.90","360.00","343.40","26.15K","-2.78%"
"07/07/2026","355.95","355.45","359.00","347.95","43.89K","+0.14%"
"07/06/2026","355.45","356.90","359.55","350.60","37.31K","+0.25%"
"07/03/2026","354.55","359.40","359.40","352.35","15.54K","-0.56%"
"07/02/2026","356.55","361.90","365.00","355.00","24.97K","-0.97%"
"07/01/2026","360.05","355.60","365.00","355.15","21.87K","+0.80%"
"06/30/2026","357.20","362.90","365.95","355.60","8.21K","-2.19%"
"06/29/2026","365.20","358.30","374.40","349.65","92.00K","+2.47%"
"06/25/2026","356.40","362.00","368.50","352.25","80.43K","-1.37%"
"06/24/2026","361.35","347.80","388.00","347.55","782.23K","+2.76%"
"06/23/2026","351.65","357.00","359.45","350.00","25.24K","-1.50%"
"06/22/2026","357.00","360.55","366.00","355.35","17.04K","-0.97%"
"06/19/2026","360.50","361.70","365.95","357.30","16.50K","-0.41%"
"06/18/2026","362.00","357.80","364.05","356.00","24.89K","+0.79%"
"06/17/2026","359.15","371.85","371.85","357.00","51.33K","-3.00%"
"06/16/2026","370.25","368.00","375.60","367.00","24.90K","-0.01%"
"06/15/2026","370.30","378.85","390.00","366.65","38.23K","-1.16%"
"06/12/2026","374.65","367.60","380.80","365.05","94.39K","+2.80%"
"06/11/2026","364.45","354.90","365.50","347.05","39.24K","+2.16%"
"06/10/2026","356.75","349.90","363.40","349.90","25.32K","+1.05%"
"06/09/2026","353.05","347.00","354.95","346.95","13.47K","+1.82%"
"06/08/2026","346.75","355.00","357.85","342.50","19.59K","-3.14%"
"06/05/2026","358.00","361.50","365.20","354.50","40.55K","-0.94%"
"06/04/2026","361.40","368.05","368.50","355.05","55.50K","-1.61%"
"06/03/2026","367.30","364.00","372.00","361.25","123.67K","+0.07%"
"06/02/2026","367.05","348.45","369.75","346.65","79.81K","+4.39%"
"06/01/2026","351.60","354.55","356.75","348.00","25.11K","-0.83%"
"05/29/2026","354.55","356.30","358.15","350.00","33.52K","+0.30%"
"05/27/2026","353.50","334.00","363.70","333.85","167.39K","+5.95%"
"05/26/2026","333.65","337.30","337.75","331.20","88.62K","-1.08%"
"05/25/2026","337.30","331.80","342.50","329.00","47.20K","+2.17%"
"05/22/2026","330.15","329.30","333.85","324.70","14.60K","+0.26%"
"05/21/2026","329.30","334.95","340.45","326.25","43.97K","-1.64%"
"05/20/2026","334.80","336.80","338.00","326.80","33.37K","-1.05%"
"05/19/2026","338.35","321.75","345.30","321.75","56.92K","+3.58%"
"05/18/2026","326.65","325.00","331.00","316.55","37.45K","-0.76%"
"05/15/2026","329.15","324.50","331.50","319.35","52.36K","+1.43%"
"05/14/2026","324.50","333.90","336.15","321.30","50.44K","-2.63%"
"05/13/2026","333.25","330.00","339.40","326.00","66.97K","+0.53%"
"05/12/2026","331.50","360.00","363.00","329.35","84.09K","-4.86%"
"05/11/2026","348.45","358.00","358.00","341.10","95.12K","-2.45%"
"05/08/2026","357.20","352.00","364.65","351.50","125.37K","-0.36%"
"05/07/2026","358.50","347.95","373.75","341.00","777.32K","+5.71%"
"05/06/2026","339.15","292.10","353.50","285.30","3.96M","+14.67%"
"05/05/2026","295.75","302.50","302.50","294.05","37.87K","-1.45%"
"05/04/2026","300.10","296.90","302.60","296.00","37.44K","+1.08%"
"04/30/2026","296.90","294.75","300.30","290.45","49.72K","+0.83%"
"04/29/2026","294.45","294.80","297.65","286.05","106.40K","+0.74%"
"04/28/2026","292.30","297.05","298.40","291.60","40.04K","-1.60%"
"04/27/2026","297.05","295.00","299.00","293.15","51.93K","+0.22%"
"04/24/2026","296.40","301.90","301.90","293.00","78.61K","-0.19%"
"04/23/2026","296.95","304.50","305.00","294.70","78.81K","-2.03%"
"04/22/2026","303.10","311.40","312.90","302.00","91.95K","-1.73%"
"04/21/2026","308.45","308.30","317.20","300.00","265.26K","+0.87%"
"04/20/2026","305.80","299.00","314.90","294.10","316.12K","+2.31%"
"04/17/2026","298.90","293.50","304.20","292.10","126.51K","+1.93%"
"04/16/2026","293.25","298.90","305.20","292.00","148.20K","-2.14%"
"04/15/2026","299.65","301.30","301.30","296.00","63.61K","+1.22%"
"04/13/2026","296.05","295.80","301.00","287.30","36.20K","+0.08%"
"04/10/2026","295.80","300.00","304.90","294.10","140.64K","-1.40%"
"04/09/2026","300.00","298.00","302.60","292.35","82.40K","+0.77%"
"04/08/2026","297.70","299.00","301.40","290.00","143.30K","+3.67%"
"04/07/2026","287.15","297.10","299.40","285.10","59.08K","-3.62%"
"04/06/2026","297.95","295.70","303.05","290.10","30.80K","+0.76%"
"04/02/2026","295.70","294.00","298.00","288.70","25.20K","-0.89%"
"04/01/2026","298.35","292.45","300.00","292.45","23.95K","+3.24%"
"03/30/2026","289.00","289.60","300.00","282.85","47.49K","-1.70%"
"03/27/2026","294.00","295.00","299.00","285.35","77.11K","-1.59%"
"03/25/2026","298.75","293.25","300.80","293.25","75.39K","+1.53%"
"03/24/2026","294.25","289.00","298.00","283.30","92.85K","+2.31%"
"03/23/2026","287.60","287.00","290.30","277.00","88.48K","-0.31%"
"03/20/2026","288.50","288.25","295.90","283.10","67.24K","-0.22%"
"03/19/2026","289.15","299.70","299.70","288.00","22.88K","-3.90%"
"03/18/2026","300.90","301.50","306.05","297.50","36.16K","-0.27%"
"03/17/2026","301.70","298.10","305.00","295.00","39.13K","+1.46%"
"03/16/2026","297.35","307.30","307.30","292.50","74.16K","-3.25%"
"03/13/2026","307.35","306.20","310.20","301.35","53.45K","-0.55%"
"03/12/2026","309.05","303.30","314.30","296.60","78.86K","+1.39%"
"03/11/2026","304.80","303.70","315.00","299.00","220.31K","+0.86%"
"03/10/2026","302.20","303.60","305.50","298.00","95.89K","+0.20%"
"03/09/2026","301.60","301.10","306.65","294.05","39.13K","-2.98%"
"03/06/2026","310.85","304.60","313.50","302.00","62.14K","+1.78%"
"03/05/2026","305.40","293.70","308.90","288.40","253.41K","+4.57%"
"03/04/2026","292.05","300.00","300.00","288.80","148.75K","-3.61%"
"03/02/2026","303.00","275.95","311.60","275.95","102.00K","-0.28%"
"02/27/2026","303.85","313.00","313.30","299.95","827.87K","-3.71%"
"02/26/2026","315.55","320.00","320.00","312.00","76.22K","-1.44%"
"02/25/2026","320.15","315.00","323.35","309.10","116.53K","+1.35%"
"02/24/2026","315.90","330.00","330.00","313.00","97.36K","-5.28%"
"02/23/2026","333.50","336.10","349.25","330.35","72.78K","-0.79%"
"02/20/2026","336.15","331.35","338.40","324.00","151.04K","-0.33%"
"02/19/2026","337.25","369.15","369.15","333.10","171.51K","-6.91%"
"02/18/2026","362.30","365.20","384.70","353.05","135.36K","-0.28%"
"02/17/2026","363.30","371.05","371.05","355.00","167.04K","-2.42%"
"02/16/2026","372.30","392.10","402.00","367.65","225.12K","-6.95%"
"02/13/2026","400.10","410.25","410.25","395.60","38.27K","-2.88%"
"02/12/2026","411.95","411.45","425.00","405.00","44.04K","-0.29%"
"02/11/2026","413.15","410.00","415.45","391.00","75.53K","+0.77%"
"02/10/2026","410.00","398.45","413.40","398.45","35.31K","+2.40%"
"02/09/2026","400.40","395.50","403.95","391.10","28.52K","+1.46%"
"02/06/2026","394.65","391.00","395.95","382.55","16.63K","+0.78%"
"02/05/2026","391.60","387.10","394.90","383.20","11.87K","+0.75%"
"02/04/2026","388.70","385.10","394.90","376.05","52.24K","+0.93%"
"02/03/2026","385.10","367.60","388.45","362.05","65.58K","+6.23%"
"02/02/2026","362.50","355.40","363.85","349.05","11.91K","+2.97%"
"02/01/2026","352.05","361.80","363.10","347.15","11.49K","-3.92%"
"01/30/2026","366.40","354.75","370.85","348.55","51.72K","+2.76%"
"01/29/2026","356.55","342.80","362.00","341.85","69.85K","+3.50%"
"01/28/2026","344.50","341.50","347.00","340.55","22.41K","+0.16%"
"01/27/2026","343.95","346.85","346.90","337.00","25.79K","-1.26%"
"01/23/2026","348.35","344.80","352.00","341.65","60.12K","+0.99%"
"01/22/2026","344.95","340.00","347.90","323.25","170.49K","+0.94%"
"01/21/2026","341.75","335.00","358.00","319.30","1.66M","-6.23%"
"01/20/2026","364.45","370.00","370.00","360.40","56.21K","-2.08%"
"01/19/2026","372.20","386.90","387.30","370.35","47.21K","-4.50%"
"01/16/2026","389.75","387.15","397.00","382.80","64.60K","+0.15%"
"01/14/2026","389.15","367.90","397.90","366.50","64.91K","+4.72%"
"01/13/2026","371.60","368.40","375.30","368.40","17.35K","+1.05%"
"01/12/2026","367.75","375.00","375.00","365.00","31.91K","-2.56%"
"01/09/2026","377.40","373.10","380.10","368.50","27.29K","+1.00%"
"01/08/2026","373.65","379.80","382.35","372.20","17.49K","-1.22%"
"01/07/2026","378.25","380.15","380.15","374.10","15.32K","-0.60%"
"01/06/2026","380.55","388.30","389.05","372.35","56.07K","-1.98%"
"01/05/2026","388.25","390.65","394.65","382.75","46.31K","-0.27%"
"01/02/2026","389.30","383.20","391.75","380.55","32.06K","+1.94%"
"01/01/2026","381.90","385.00","386.40","380.50","22.16K","-0.78%"
"12/31/2025","384.90","371.45","387.70","371.45","72.80K","+3.11%"
"12/30/2025","373.30","384.00","385.40","371.40","71.49K","-3.20%"
"12/29/2025","385.65","396.35","403.30","383.05","121.96K","-3.26%"
"12/26/2025","398.65","416.00","423.20","396.60","219.20K","-3.67%"
"12/24/2025","413.85","429.50","440.80","412.60","660.26K","-2.61%"
"12/23/2025","424.95","421.85","434.40","421.85","109.01K","-1.77%"
"12/22/2025","432.60","454.30","454.30","430.35","132.15K","-4.31%"
"12/19/2025","452.10","444.60","456.05","444.60","34.24K","+0.76%"
"12/18/2025","448.70","442.55","452.00","439.00","33.90K","+0.82%"
"12/17/2025","445.05","439.00","448.05","438.00","20.11K","+0.47%"
"12/16/2025","442.95","439.30","445.90","437.70","25.28K","+0.40%"
"12/15/2025","441.20","439.00","452.20","435.00","63.53K","+0.50%"
"12/12/2025","439.00","428.10","446.00","428.10","55.71K","+1.62%"
"12/11/2025","432.00","425.95","442.00","416.30","89.61K","+1.28%"
"12/10/2025","426.55","412.80","430.00","409.85","128.50K","+3.88%"
"12/09/2025","410.60","398.00","413.20","398.00","47.32K","+2.52%"
"12/08/2025","400.50","402.05","403.50","391.50","27.21K","-0.73%"
"12/05/2025","403.45","406.00","406.75","399.90","27.61K","-0.69%"
"12/04/2025","406.25","409.90","425.00","403.00","73.28K","-0.89%"
"12/03/2025","409.90","416.75","417.60","408.25","20.90K","-1.64%"
"12/02/2025","416.75","420.05","420.05","415.00","17.98K","-1.03%"
"12/01/2025","421.10","425.80","434.00","417.40","38.91K","-1.10%"
"11/28/2025","425.80","429.85","430.70","422.60","10.48K","-0.84%"
"11/27/2025","429.40","424.00","433.00","420.60","36.33K","+1.39%"
"11/26/2025","423.50","421.00","426.00","415.10","68.64K","+1.12%"
"11/25/2025","418.80","418.75","438.40","415.15","84.31K","-0.69%"
"11/24/2025","421.70","430.95","438.70","415.15","84.33K","-3.11%"
"11/21/2025","435.25","444.00","445.20","432.20","38.99K","-2.49%"
"11/20/2025","446.35","451.90","451.90","440.00","59.51K","-0.71%"
"11/19/2025","449.55","447.10","451.35","441.55","29.82K","+0.11%"
"11/18/2025","449.05","459.65","462.10","446.10","34.84K","-2.31%"
"11/17/2025","459.65","465.90","465.90","452.00","93.86K","-0.61%"
"11/14/2025","462.45","460.90","469.30","450.00","58.04K","+0.87%"
"11/13/2025","458.45","462.80","462.85","454.00","26.17K","-0.54%"
"11/12/2025","460.95","470.00","474.10","460.00","161.50K","-1.96%"
"11/11/2025","470.15","474.20","476.45","465.90","29.27K","-1.04%"
"11/10/2025","475.10","468.40","476.55","466.90","48.67K","+0.52%"
"11/07/2025","472.65","475.45","482.65","462.50","85.00K","-0.49%"
"11/06/2025","475.00","485.05","490.00","465.50","92.02K","-1.95%"
"11/04/2025","484.45","503.50","504.50","483.00","61.08K","-3.93%"
"11/03/2025","504.25","510.00","517.20","495.00","223.14K","-1.98%"
"10/31/2025","514.45","518.90","521.20","511.60","13.60K","-0.86%"
"10/30/2025","518.90","522.10","522.15","515.05","52.20K","-0.11%"
"10/29/2025","519.45","527.90","527.90","517.15","16.78K","-1.09%"
"10/28/2025","525.15","532.45","536.00","517.85","238.90K","-1.37%"
"10/27/2025","532.45","518.05","541.00","508.00","95.12K","+2.50%"
"10/24/2025","519.45","526.60","530.40","518.05","18.70K","-1.99%"
"10/23/2025","530.00","521.30","533.65","520.00","80.87K","+2.20%"
"10/21/2025","518.60","524.95","524.95","511.40","8.13K","-0.95%"
"10/20/2025","523.55","517.80","532.00","508.80","123.75K","+0.81%"
"10/17/2025","519.35","523.50","527.00","506.30","70.45K","-0.79%"
"10/16/2025","523.50","508.50","532.00","508.50","30.79K","+2.05%"
"10/15/2025","513.00","518.40","519.80","511.70","15.68K","-0.51%"
"10/14/2025","515.65","526.60","533.95","513.95","22.71K","-2.97%"
"10/13/2025","531.45","525.00","533.60","522.00","33.80K","+1.09%"
"10/10/2025","525.70","530.10","532.20","524.00","11.46K","-0.61%"
"10/09/2025","528.90","525.40","535.05","519.35","42.06K","+0.68%"
"10/08/2025","525.35","523.80","558.00","522.50","277.45K","+0.83%"
"10/07/2025","521.05","527.50","530.00","517.20","29.96K","-0.71%"
"10/06/2025","524.75","522.65","544.20","518.05","629.99K","+0.40%"
"10/03/2025","522.65","520.70","525.85","514.80","13.80K","+0.37%"
"10/01/2025","520.70","521.80","523.70","509.10","64.32K","+0.31%"
"09/30/2025","519.10","522.50","529.10","515.15","41.52K","-0.13%"
"09/29/2025","519.80","540.45","540.45","512.00","349.99K","-3.82%"
"09/26/2025","540.45","541.60","548.75","537.60","17.33K","-1.12%"
"09/25/2025","546.55","547.40","552.00","545.00","13.95K","-0.44%"
"09/24/2025","548.95","553.70","559.40","543.90","78.55K","-0.34%"
"09/23/2025","550.85","563.40","563.40","547.45","12.69K","-1.25%"
"09/22/2025","557.80","560.00","572.00","547.00","70.56K","+0.05%"
"09/19/2025","557.50","551.20","559.90","546.10","25.60K","+1.15%"
"09/18/2025","551.15","555.00","555.00","544.70","22.74K","+0.05%"
"09/17/2025","550.85","559.00","559.00","547.05","29.24K","-1.15%"
"09/16/2025","557.25","539.00","560.00","530.85","119.10K","+3.39%"
"09/15/2025","539.00","533.40","545.15","530.00","32.31K","+1.05%"
"09/12/2025","533.40","532.25","538.00","524.85","35.24K","+1.01%"
"09/11/2025","528.05","560.00","564.80","522.60","250.86K","-4.30%"
"09/10/2025","551.80","538.55","556.00","529.00","53.68K","+2.49%"
"09/09/2025","538.40","552.80","554.45","536.20","16.85K","-2.10%"
"09/08/2025","549.95","546.00","561.00","542.55","93.04K","+0.25%"
"09/05/2025","548.60","542.55","551.00","533.05","24.21K","+1.16%"
"09/04/2025","542.30","545.00","554.15","535.55","53.42K","+0.51%"
"09/03/2025","539.55","534.00","540.00","526.90","23.92K","+1.48%"
"09/02/2025","531.70","527.00","536.95","522.85","16.63K","+0.03%"
"09/01/2025","531.55","539.85","541.45","528.40","23.21K","-1.54%"
"08/29/2025","539.85","536.00","543.95","525.60","27.64K","+1.25%"
"08/28/2025","533.20","539.00","539.15","525.20","19.71K","-1.08%"
"08/26/2025","539.00","540.00","545.00","530.15","49.57K","-1.06%"
"08/25/2025","544.80","549.00","561.00","541.60","36.52K","+0.14%"
"08/22/2025","544.05","543.30","545.00","530.30","27.41K","+0.14%"
"08/21/2025","543.30","538.80","545.00","533.30","18.86K","+0.96%"
"08/20/2025","538.15","538.65","551.25","534.70","26.36K","-0.46%"
"08/19/2025","540.65","530.40","545.00","525.10","40.60K","+1.00%"
"08/18/2025","535.30","516.85","542.00","512.05","51.64K","+4.70%"
"08/14/2025","511.25","517.05","523.95","508.00","13.22K","-1.50%"
"08/13/2025","519.05","522.75","529.70","515.35","31.24K","-0.99%"
"08/12/2025","524.25","524.00","532.00","520.05","13.38K","+0.58%"
"08/11/2025","521.25","512.60","524.00","505.30","18.98K","+0.75%"
"08/08/2025","517.35","516.60","522.00","508.25","13.39K","+0.67%"
"08/07/2025","513.90","516.70","516.75","507.65","18.28K","-0.55%"
"08/06/2025","516.75","526.00","527.70","512.55","21.23K","-1.56%"
"08/05/2025","524.95","528.00","532.00","514.25","42.40K","-0.63%"
"08/04/2025","528.30","524.70","535.00","519.80","24.34K","+0.71%"
"08/01/2025","524.55","521.90","552.75","516.00","126.57K","+0.95%"
"07/31/2025","519.60","525.00","534.00","516.00","22.31K","-1.53%"
"07/30/2025","527.65","521.15","530.00","514.30","95.36K","+1.25%"
"07/29/2025","521.15","518.90","524.00","512.05","37.58K","+0.97%"
"07/28/2025","516.15","517.00","536.00","511.10","50.39K","-2.85%"
"07/25/2025","531.30","526.00","539.45","519.70","46.66K","+0.17%"
"07/24/2025","530.40","541.45","542.90","526.60","26.96K","-2.04%"
"07/23/2025","541.45","557.60","557.60","538.10","29.95K","-1.96%"
"07/22/2025","552.25","550.45","563.75","543.15","75.98K","+0.36%"
"07/21/2025","550.25","557.00","557.45","542.20","125.81K","-0.92%"
"07/18/2025","555.35","553.00","559.00","540.10","410.76K","-2.90%"
"07/17/2025","571.95","568.00","588.75","563.35","316.94K","-0.74%"
"07/16/2025","576.20","552.30","584.20","548.00","866.73K","+5.69%"
"07/15/2025","545.20","519.10","551.00","519.10","477.10K","+3.21%"
"07/14/2025","528.25","514.10","542.50","506.05","170.08K","+3.28%"
"07/11/2025","511.45","510.50","530.00","509.55","61.91K","+0.29%"
"07/10/2025","509.95","514.90","520.20","503.85","341.17K","-1.87%"
"07/09/2025","519.65","504.05","526.00","498.55","57.42K","+2.22%"
"07/08/2025","508.35","492.10","518.00","491.05","70.27K","+2.44%"
"07/07/2025","496.25","497.50","510.40","494.00","13.31K","-1.17%"
"07/04/2025","502.10","504.90","512.15","498.00","19.25K","-1.46%"
"07/03/2025","509.55","510.10","517.00","504.60","27.49K","+0.41%"
"07/02/2025","507.45","503.60","509.00","496.30","22.91K","+1.30%"
"07/01/2025","500.95","504.05","508.80","487.50","440.51K","-0.12%"
"06/30/2025","501.55","509.10","512.10","495.00","17.39K","-0.96%"
"06/27/2025","506.40","503.70","509.85","501.10","15.99K","+0.54%"
"06/26/2025","503.70","496.80","509.55","496.80","16.03K","+0.46%"
"06/25/2025","501.40","492.45","505.40","490.05","20.05K","+1.83%"
"06/24/2025","492.40","498.00","503.00","489.10","11.39K","+0.95%"
"06/23/2025","487.75","480.50","498.00","480.00","26.22K","+0.55%"
"06/20/2025","485.10","488.70","501.80","476.50","22.22K","-1.63%"
"06/19/2025","493.15","505.00","507.90","491.00","19.23K","-2.13%"
"06/18/2025","503.90","495.30","506.45","491.45","25.78K","+1.33%"
"06/17/2025","497.30","496.65","505.50","494.60","13.58K","+0.13%"
"06/16/2025","496.65","499.00","506.30","493.35","13.04K","-1.35%"
"06/13/2025","503.45","499.00","509.20","499.00","32.87K","-1.79%"
"06/12/2025","512.65","522.50","525.00","506.35","19.82K","-1.37%"
"06/11/2025","519.75","516.30","522.00","508.05","25.20K","+1.21%"
"06/10/2025","513.55","525.50","525.50","509.95","23.48K","-1.16%"
"06/09/2025","519.60","506.05","524.50","497.30","78.58K","+3.21%"
"06/06/2025","503.45","504.40","507.20","499.15","18.32K","+0.34%"
"06/05/2025","501.75","498.40","504.90","493.75","16.97K","+0.84%"
"06/04/2025","497.55","500.00","503.00","496.00","20.00K","-0.83%"
"06/03/2025","501.70","506.05","507.75","499.40","19.23K","-0.86%"
"06/02/2025","506.05","508.70","508.70","501.00","11.80K","-0.52%"
"05/30/2025","508.70","515.50","515.50","502.50","21.92K","-0.83%"
"05/29/2025","512.95","510.00","519.00","509.60","36.90K","-0.25%"
"05/28/2025","514.25","516.75","519.45","509.00","22.01K","-0.48%"
"05/27/2025","516.75","513.90","522.00","510.10","19.84K","+0.55%"
"05/26/2025","513.90","520.00","520.00","509.50","26.21K","+0.06%"
"05/23/2025","513.60","505.55","525.00","502.50","33.19K","+1.59%"
"05/22/2025","505.55","510.60","518.70","499.55","24.29K","-1.19%"
"05/21/2025","511.65","511.40","514.15","508.35","21.23K","-0.86%"
"05/20/2025","516.10","526.10","528.70","512.25","24.43K","-1.39%"
"05/19/2025","523.35","524.85","529.80","519.25","57.20K","+0.18%"
"05/16/2025","522.40","518.25","525.00","509.95","44.29K","+0.99%"
"05/15/2025","517.30","517.60","522.70","512.05","37.44K","-0.14%"
"05/14/2025","518.05","511.85","525.00","507.20","40.67K","+0.71%"
"05/13/2025","514.40","504.30","516.00","494.05","48.13K","+2.53%"
"05/12/2025","501.70","494.00","510.00","491.55","74.30K","+2.82%"
"05/09/2025","487.95","480.65","491.45","475.00","26.16K","-0.28%"
"05/08/2025","489.30","496.35","501.10","485.00","243.52K","-1.42%"
"05/07/2025","496.35","485.00","508.00","482.10","32.26K","+1.66%"
"05/06/2025","488.25","507.75","513.05","482.20","49.57K","-3.60%"
"05/05/2025","506.50","493.10","515.00","488.05","86.84K","+2.72%"
"05/02/2025","493.10","502.20","507.85","488.25","71.66K","-3.29%"
"04/30/2025","509.85","538.75","538.75","503.40","446.79K","-6.98%"
"04/29/2025","548.10","550.00","555.00","531.95","38.37K","+0.60%"
"04/28/2025","544.85","545.00","554.60","536.40","39.52K","-0.09%"
"04/25/2025","545.35","561.25","561.95","533.90","41.03K","-2.83%"
"04/24/2025","561.25","546.25","580.00","538.55","150.17K","+2.40%"
"04/23/2025","548.10","557.50","558.10","536.60","30.43K","-0.32%"
"04/22/2025","549.85","531.10","557.65","523.50","290.07K","+4.07%"
"04/21/2025","528.35","518.10","537.95","513.10","49.37K","+1.98%"
"04/17/2025","518.10","522.20","530.35","513.60","66.21K","-0.26%"
"04/16/2025","519.45","521.20","524.50","513.60","30.68K","+0.18%"
"04/15/2025","518.50","499.10","520.00","499.10","29.60K","+4.71%"
"04/11/2025","495.20","490.10","499.20","489.80","23.81K","+1.97%"
"04/09/2025","485.65","500.90","506.00","481.10","32.09K","-3.45%"
"04/08/2025","503.00","509.30","515.55","497.25","44.24K","+0.98%"
"04/07/2025","498.10","496.20","523.35","489.15","64.30K","-6.38%"
"04/04/2025","532.05","554.85","555.45","529.10","10.66K","-3.92%"
"04/03/2025","553.75","557.90","559.55","547.75","12.95K","-0.81%"
"04/02/2025","558.25","531.90","570.00","528.40","64.71K","+4.40%"
"04/01/2025","534.70","542.90","547.70","531.30","22.19K","-2.40%"
"03/28/2025","547.85","556.40","560.05","537.30","63.54K","-3.01%"
"03/27/2025","564.85","515.00","575.20","505.00","330.30K","+10.02%"
"03/26/2025","513.40","507.00","517.80","494.00","51.22K","+0.57%"
"03/25/2025","510.50","519.95","523.95","505.00","43.17K","-2.31%"
"03/24/2025","522.55","508.80","527.30","508.80","57.01K","+3.25%"
"03/21/2025","506.10","500.00","508.00","494.55","28.87K","+1.45%"
"03/20/2025","498.85","502.10","508.80","495.55","31.91K","-0.13%"
"03/19/2025","499.50","491.80","502.75","487.30","36.78K","+2.06%"
"03/18/2025","489.40","487.50","497.00","477.00","71.53K","+0.93%"
"03/17/2025","484.90","480.90","490.00","474.75","75.62K","+0.85%"
"03/13/2025","480.80","481.70","486.15","467.15","42.68K","-0.17%"
"03/12/2025","481.60","493.50","500.05","480.00","33.50K","-1.25%"
"03/11/2025","487.70","490.00","500.85","483.20","56.88K","-1.84%"
"03/10/2025","496.85","511.50","518.30","493.60","24.00K","-3.49%"
"03/07/2025","514.80","520.45","528.80","510.55","28.65K","-1.09%"
"03/06/2025","520.45","522.10","535.00","514.35","37.48K","+0.17%"
"03/05/2025","519.55","514.90","526.45","510.00","36.02K","+1.43%"
"03/04/2025","512.25","510.20","515.00","495.85","59.31K","-0.51%"
"03/03/2025","514.85","520.05","530.75","495.10","63.70K","-1.60%"
"02/28/2025","523.20","512.30","540.00","500.25","71.05K","+1.21%"
"02/27/2025","516.95","519.20","522.10","506.35","23.38K","-1.25%"
"02/25/2025","523.50","526.80","529.35","520.10","12.28K","-0.10%"
"02/24/2025","524.05","530.00","534.50","521.25","19.82K","-1.59%"
"02/21/2025","532.50","521.20","539.00","521.20","21.73K","+1.15%"
"02/20/2025","526.45","528.55","536.00","517.95","27.02K","-0.40%"
"02/19/2025","528.55","519.40","537.00","514.10","49.96K","+0.84%"
"02/18/2025","524.15","518.10","527.85","510.00","41.06K","-0.55%"
"02/17/2025","527.05","526.05","540.55","522.10","33.49K","-2.24%"
"02/14/2025","539.15","554.85","559.90","531.05","49.49K","-1.99%"
"02/13/2025","550.10","560.00","569.40","537.10","64.15K","-2.50%"
"02/12/2025","564.20","570.20","585.95","544.50","30.09K","-0.53%"
"02/11/2025","567.20","591.10","591.10","565.00","25.16K","-4.92%"
"02/10/2025","596.55","599.00","602.45","584.95","45.41K","+0.39%"
"02/07/2025","594.25","595.05","612.95","586.35","30.42K","-0.56%"
"02/06/2025","597.60","615.00","615.00","595.05","20.87K","-2.36%"
"02/05/2025","612.05","617.75","617.75","605.00","24.24K","+0.26%"
"02/04/2025","610.45","603.05","625.00","603.05","107.03K","+0.32%"
"02/03/2025","608.50","598.95","627.05","586.00","78.81K","+0.58%"
"02/01/2025","605.00","579.50","619.25","567.15","79.91K","+5.55%"
"01/31/2025","573.20","578.90","582.45","564.10","75.62K","-0.46%"
"01/30/2025","575.85","581.95","592.45","572.75","37.64K","+0.07%"
"01/29/2025","575.45","580.00","587.90","571.55","189.87K","+0.11%"
"01/28/2025","574.80","582.00","592.45","561.05","189.87K","-2.54%"
"01/27/2025","589.80","585.70","594.00","569.05","65.94K","-1.08%"
"01/24/2025","596.25","605.80","610.00","592.15","34.07K","-1.05%"
"01/23/2025","602.60","603.20","609.95","594.50","71.21K","-1.01%"
"01/22/2025","608.75","615.00","622.15","597.15","67.28K","-1.93%"
"01/21/2025","620.75","635.00","639.60","613.00","78.75K","-2.28%"
"01/20/2025","635.25","630.15","643.40","629.95","102.02K","+0.81%"
"01/17/2025","630.15","622.00","636.80","622.00","100.27K","-0.18%"
"01/16/2025","631.30","624.00","637.00","617.40","423.93K","+0.99%"
"01/15/2025","625.10","667.95","688.70","618.00","3.36M","+0.79%"
"01/14/2025","620.20","612.00","628.55","588.00","79.03K","+2.46%"
"01/13/2025","605.30","620.10","620.10","599.55","53.66K","-1.87%"
"01/10/2025","616.85","614.90","624.65","593.15","72.63K","+0.11%"
"01/09/2025","616.15","617.20","642.25","608.00","131.26K","-2.17%"
"01/08/2025","629.80","590.65","660.00","590.65","633.88K","+5.69%"
"01/07/2025","595.90","578.95","599.00","577.10","363.74K","+2.76%"
"01/06/2025","579.90","613.95","613.95","575.00","62.82K","-4.52%"
"01/03/2025","607.35","615.35","625.55","603.60","48.09K","-0.53%"
"01/02/2025","610.60","605.00","617.30","603.25","32.58K","+1.24%"
"01/01/2025","603.15","602.15","613.55","600.00","26.51K","+0.06%"
"12/31/2024","602.80","602.00","606.00","592.05","236.85K","+0.10%"
"12/30/2024","602.20","605.10","609.65","598.00","22.20K","-0.48%"
"12/27/2024","605.10","605.95","607.75","594.50","107.54K","+0.62%"
"12/26/2024","601.40","624.95","624.95","591.60","247.91K","-1.30%"
"12/24/2024","609.30","615.15","618.00","602.00","101.39K","-1.57%"
"12/23/2024","619.05","647.10","647.70","615.05","733.08K","-3.84%"
"12/20/2024","643.75","647.60","657.75","642.00","108.12K","-0.63%"
"12/19/2024","647.80","643.80","666.00","633.00","413.82K","+1.46%"
"12/18/2024","638.50","649.80","668.90","631.10","397.75K","+1.74%"
"12/17/2024","627.60","612.10","632.80","602.55","142.40K","+3.64%"
"12/16/2024","605.55","604.80","608.85","602.00","13.78K","+0.60%"
"12/13/2024","601.95","609.95","609.95","595.40","45.58K","-0.63%"
"12/12/2024","605.75","619.60","619.60","601.65","37.39K","-1.26%"
"12/11/2024","613.45","623.75","630.95","611.45","53.89K","-0.18%"
"12/10/2024","614.55","640.80","641.55","610.05","95.61K","-4.08%"
"12/09/2024","640.70","623.90","645.00","621.20","22.06K","+2.73%"
"12/06/2024","623.70","634.00","639.80","620.30","23.17K","-1.74%"
"12/05/2024","634.75","632.00","640.00","621.00","30.36K","+0.19%"
"12/04/2024","633.55","635.00","664.05","627.40","127.37K","-1.25%"
"12/03/2024","641.60","601.00","659.00","601.00","137.07K","+5.20%"
"12/02/2024","609.90","599.00","615.05","595.85","27.11K","+2.13%"
"11/29/2024","597.20","610.00","614.95","594.05","31.23K","-1.77%"
"11/28/2024","607.95","606.00","628.80","605.00","43.60K","+0.59%"
"11/27/2024","604.40","600.00","622.80","594.05","48.84K","+1.09%"
"11/26/2024","597.90","605.00","608.75","596.00","23.43K","-0.97%"
"11/25/2024","603.75","611.75","623.00","600.00","21.98K","+0.01%"
"11/22/2024","603.70","606.90","615.35","600.20","29.78K","+0.34%"
"11/21/2024","601.65","625.00","626.95","599.00","23.54K","-3.22%"
"11/19/2024","621.65","607.00","628.45","607.00","15.37K","+1.75%"
"11/18/2024","610.95","623.00","636.40","606.00","43.14K","-2.30%"
"11/14/2024","625.35","633.15","633.15","610.00","34.73K","-0.06%"
"11/13/2024","625.70","634.90","634.90","604.95","28.08K","-0.56%"
"11/12/2024","629.20","646.95","647.95","617.95","74.34K","-2.50%"
"11/11/2024","645.35","635.75","657.90","629.35","34.25K","+1.51%"
"11/08/2024","635.75","645.20","656.70","631.05","137.33K","-2.73%"
"11/07/2024","653.60","667.00","672.15","652.05","58.08K","-0.55%"
"11/06/2024","657.20","659.95","665.95","646.35","164.56K","-0.42%"
"11/05/2024","659.95","665.10","682.00","654.20","61.76K","+0.22%"
"11/04/2024","658.50","675.00","739.40","651.20","337.04K","-3.47%"
"11/01/2024","682.15","680.10","688.40","672.55","5.82K","+1.40%"
"10/31/2024","672.75","669.70","685.55","667.45","18.38K","+0.46%"
"10/30/2024","669.70","679.05","691.45","666.25","20.51K","-0.39%"
"10/29/2024","672.35","690.00","690.00","664.55","12.01K","-1.57%"
"10/28/2024","683.10","670.95","690.45","653.05","37.64K","+3.49%"
"10/25/2024","660.05","688.30","691.65","643.40","80.01K","-4.40%"
"10/24/2024","690.45","715.25","715.25","682.00","63.46K","-2.02%"
"10/23/2024","704.70","666.05","745.30","663.10","155.00K","-1.67%"
"10/22/2024","716.70","730.40","736.00","688.95","53.20K","-1.88%"
"10/21/2024","730.40","738.95","744.25","717.00","26.84K","-1.46%"
"10/18/2024","741.25","742.05","759.80","731.00","30.76K","-0.88%"
"10/17/2024","747.85","753.45","762.95","742.25","22.61K","-1.18%"
"10/16/2024","756.75","761.85","767.40","752.30","21.40K","-0.67%"
"10/15/2024","761.85","766.00","776.00","759.90","24.57K","-0.42%"
"10/14/2024","765.10","772.75","795.70","756.05","26.04K","-0.99%"
"10/11/2024","772.75","779.25","785.00","766.95","15.48K","-0.11%"
"10/10/2024","773.60","775.00","783.00","751.85","17.33K","+0.52%"
"10/09/2024","769.60","781.30","792.80","765.10","28.61K","-0.02%"
"10/08/2024","769.75","751.90","775.00","739.55","35.19K","+2.16%"
"10/07/2024","753.50","794.45","798.45","750.10","49.21K","-4.29%"
"10/04/2024","787.30","783.70","809.00","775.05","60.10K","+0.46%"
"10/03/2024","783.70","824.40","825.00","778.05","72.19K","-5.29%"
"10/01/2024","827.50","789.25","838.00","779.00","167.31K","+4.83%"
"09/30/2024","789.40","818.05","827.95","783.60","148.07K","-4.87%"
"09/27/2024","829.85","881.05","884.55","820.15","176.94K","-6.74%"
"09/26/2024","889.80","902.00","909.95","879.80","158.41K","+0.13%"
"09/25/2024","888.65","857.80","898.85","849.60","133.76K","+3.39%"
"09/24/2024","859.50","840.00","895.00","840.00","78.80K","+0.84%"
"09/23/2024","852.35","850.00","859.35","834.25","24.96K","+0.74%"
"09/20/2024","846.10","842.50","854.85","838.50","38.31K","-0.69%"
"09/19/2024","852.00","836.15","876.95","836.15","146.96K","-0.08%"
"09/18/2024","852.65","871.90","880.00","846.80","43.86K","-1.94%"
"09/17/2024","869.55","892.00","892.75","865.05","51.60K","-2.48%"
"09/16/2024","891.65","914.05","932.05","884.30","135.75K","-2.45%"
"09/13/2024","914.05","890.00","921.60","884.30","198.12K","+2.11%"
"09/12/2024","895.15","895.95","943.40","878.10","662.98K","+0.51%"
"09/11/2024","890.60","815.65","935.90","812.45","1.91M","+8.97%"
"09/10/2024","817.30","815.80","833.50","810.10","21.96K","+0.71%"
"09/09/2024","811.50","817.25","831.60","802.05","134.49K","-0.70%"
"09/06/2024","817.25","830.00","860.00","810.30","50.62K","-1.48%"
"09/05/2024","829.55","807.00","864.95","807.00","180.58K","+1.77%"
"09/04/2024","815.10","810.00","820.50","782.00","271.08K","+0.20%"
"09/03/2024","813.50","795.05","818.95","787.25","37.58K","+2.40%"
"09/02/2024","794.45","810.15","816.00","785.50","24.14K","-1.94%"
"08/30/2024","810.15","790.45","820.00","766.65","50.71K","+4.21%"
"08/29/2024","777.40","807.30","807.30","767.05","33.57K","-2.74%"
"08/28/2024","799.30","794.30","824.00","787.55","83.75K","+1.72%"
"08/27/2024","785.75","780.25","792.90","778.40","41.26K","-0.20%"
"08/26/2024","787.35","796.00","797.50","780.45","40.08K","-0.03%"
"08/23/2024","787.60","795.10","805.20","780.00","61.42K","-0.42%"
"08/22/2024","790.95","820.00","820.00","789.45","26.62K","-2.51%"
"08/21/2024","811.30","776.25","826.40","771.80","190.05K","+4.52%"
"08/20/2024","776.25","775.00","784.00","760.00","36.26K","+0.41%"
"08/19/2024","773.10","768.55","778.40","757.15","30.99K","+0.59%"
"08/16/2024","768.55","750.20","774.85","738.85","26.55K","+3.47%"
"08/14/2024","742.80","767.40","767.40","737.00","15.59K","-3.21%"
"08/13/2024","767.40","766.05","785.90","755.30","65.10K","+0.31%"
"08/12/2024","765.00","749.25","770.75","733.70","103.15K","+1.57%"
"08/09/2024","753.15","739.90","775.85","721.25","79.09K","+2.99%"
"08/08/2024","731.25","710.00","747.00","706.30","264.45K","+3.15%"
"08/07/2024","708.90","708.45","718.00","698.60","119.92K","+1.51%"
"08/06/2024","698.35","715.35","728.95","697.00","25.68K","-1.22%"
"08/05/2024","706.95","732.50","735.80","702.75","49.52K","-4.11%"
"08/02/2024","737.25","753.00","761.70","731.60","132.28K","-2.39%"
"08/01/2024","755.30","773.40","781.45","751.35","20.12K","-3.23%"
"07/31/2024","780.50","791.30","791.30","774.55","19.86K","-0.26%"
"07/30/2024","782.55","770.70","795.20","770.70","41.52K","+1.64%"
"07/29/2024","769.95","773.20","776.25","763.00","45.56K","-0.03%"
"07/26/2024","770.15","769.55","774.90","758.00","20.74K","+1.16%"
"07/25/2024","761.35","773.00","774.40","755.30","26.25K","-1.80%"
"07/24/2024","775.30","748.10","806.05","742.55","335.85K","+3.92%"
"07/23/2024","746.05","759.20","759.20","737.00","47.32K","-1.22%"
"07/22/2024","755.25","776.60","776.60","751.50","49.15K","-3.10%"
"07/19/2024","779.45","790.05","799.95","770.05","139.36K","-4.87%"
"07/18/2024","819.35","821.30","840.85","811.00","73.87K","-0.24%"
"07/16/2024","821.30","832.50","832.50","813.95","147.80K","-0.83%"
"07/15/2024","828.15","852.00","857.55","823.50","52.85K","-2.74%"
"07/12/2024","851.50","829.05","867.90","829.05","196.77K","+1.71%"
"07/11/2024","837.20","872.35","881.70","831.80","598.24K","-6.56%"
"07/10/2024","895.95","771.10","920.00","767.00","1.42M","+16.80%"
"07/09/2024","767.10","778.50","788.35","762.20","26.46K","+0.14%"
"07/08/2024","766.00","783.05","803.15","763.75","172.03K","-2.82%"
"07/05/2024","788.25","782.00","791.00","769.00","33.56K","+0.44%"
"07/04/2024","784.80","771.10","792.95","769.90","70.63K","+1.78%"
"07/03/2024","771.10","757.50","774.35","751.00","35.13K","+1.80%"
"07/02/2024","757.50","760.90","760.90","751.00","17.61K","-0.45%"
"07/01/2024","760.95","756.95","763.20","746.20","21.20K","+0.89%"
"06/28/2024","754.25","750.65","760.00","749.00","47.61K","+1.18%"
"06/27/2024","745.45","753.00","757.10","735.05","27.63K","-0.40%"
"06/26/2024","748.45","762.15","768.15","745.10","46.58K","-1.80%"
"06/25/2024","762.15","759.80","768.20","755.10","27.13K","+0.84%"
"06/24/2024","755.80","756.00","770.95","748.60","38.35K","+0.27%"
"06/21/2024","753.80","756.30","774.00","743.05","475.21K","+0.35%"
"06/20/2024","751.15","735.90","754.00","731.05","43.13K","+2.49%"
"06/19/2024","732.90","729.70","738.65","727.15","16.40K","+0.90%"
"06/18/2024","726.35","744.85","749.70","725.00","38.71K","-1.88%"
"06/14/2024","740.30","754.10","757.90","738.90","34.39K","-1.32%"
"06/13/2024","750.20","749.75","758.00","743.85","14.72K","-0.33%"
"06/12/2024","752.70","747.50","758.00","744.25","16.83K","+0.79%"
"06/11/2024","746.80","749.00","754.85","742.30","12.34K","-0.35%"
"06/10/2024","749.45","756.55","756.75","740.35","26.86K","+0.17%"
"06/07/2024","748.20","733.50","758.30","732.55","34.10K","+2.00%"
"06/06/2024","733.50","714.50","743.65","714.50","24.33K","+2.66%"
"06/05/2024","714.50","712.50","719.40","690.95","18.39K","+0.81%"
"06/04/2024","708.75","732.00","732.00","689.00","36.39K","-2.36%"
"06/03/2024","725.90","744.90","749.00","722.30","17.72K","-0.54%"
"05/31/2024","729.85","736.00","736.00","721.00","26.30K","-0.31%"
"05/30/2024","732.15","726.50","741.30","726.00","72.41K","-0.14%"
"05/29/2024","733.20","747.95","764.70","730.00","323.11K","-1.54%"
"05/28/2024","744.70","751.25","751.75","740.55","11.05K","-0.87%"
"05/27/2024","751.25","768.30","770.85","746.95","12.53K","-2.22%"
"05/24/2024","768.30","760.00","770.00","758.35","19.65K","+0.45%"
"05/23/2024","764.85","771.35","771.35","758.80","14.20K","-1.24%"
"05/22/2024","774.45","765.45","780.90","745.00","74.51K","+0.87%"
"05/21/2024","767.80","753.00","777.00","748.00","78.83K","+2.22%"
"05/18/2024","751.15","746.10","760.70","742.00","4.30K","-0.21%"
"05/17/2024","752.75","725.10","756.65","725.10","70.30K","+2.87%"
"05/16/2024","731.75","732.45","739.10","725.05","29.69K","+0.42%"
"05/15/2024","728.70","725.70","734.95","723.00","11.29K","+0.93%"
"05/14/2024","721.95","720.85","728.70","716.30","12.86K","+0.25%"
"05/13/2024","720.15","727.90","728.90","716.05","21.94K","-1.06%"
"05/10/2024","727.90","716.05","729.95","711.60","13.45K","+1.10%"
"05/09/2024","719.95","723.10","733.60","713.10","64.39K","-1.34%"
"05/08/2024","729.75","723.55","732.15","714.00","38.54K","+0.86%"
"05/07/2024","723.55","723.15","729.00","712.00","27.86K","+0.54%"
"05/06/2024","719.65","728.00","737.20","714.15","32.19K","-1.65%"
"05/03/2024","731.75","745.75","750.00","726.35","45.11K","-1.36%"
"05/02/2024","741.85","717.70","750.05","714.00","107.57K","+3.46%"
"04/30/2024","717.05","729.00","752.65","707.35","307.56K","+0.30%"
"04/29/2024","714.90","718.00","728.20","709.00","65.24K","+0.58%"
"04/26/2024","710.80","717.55","717.55","708.15","22.97K","+0.05%"
"04/25/2024","710.45","710.00","714.45","707.05","22.15K","-0.24%"
"04/24/2024","712.15","712.00","718.70","706.90","61.70K","+0.51%"
"04/23/2024","708.55","712.00","720.00","705.25","57.63K","-0.01%"
"04/22/2024","708.65","714.90","719.55","703.60","75.17K","-0.35%"
"04/19/2024","711.15","694.50","715.15","686.90","55.04K","+1.47%"
"04/18/2024","700.85","709.00","712.20","697.00","41.80K","-1.09%"
"04/16/2024","708.60","711.00","722.90","705.00","30.52K","-1.03%"
"04/15/2024","716.00","723.00","733.60","710.00","30.40K","-1.87%"
"04/12/2024","729.65","747.80","747.80","721.00","70.58K","-1.91%"
"04/10/2024","743.85","755.60","755.60","738.40","384.11K","-1.03%"
"04/09/2024","751.60","765.00","765.00","744.70","26.59K","-1.25%"
"04/08/2024","761.10","767.20","775.00","757.60","44.45K","+0.28%"
"04/05/2024","759.00","759.00","773.05","748.90","85.89K","-0.05%"
"04/04/2024","759.35","771.55","782.95","754.10","52.80K","-1.98%"
"04/03/2024","774.65","767.70","807.00","765.60","62.82K","+0.30%"
"04/02/2024","772.30","778.30","779.50","765.50","47.01K","-0.77%"
"04/01/2024","778.30","755.00","782.00","747.05","59.00K","+3.09%"
"03/28/2024","755.00","764.60","767.65","733.05","222.08K","-2.45%"
"03/27/2024","773.95","771.00","807.00","750.60","196.13K","+0.81%"
"03/26/2024","767.75","749.00","776.00","743.00","45.43K","+1.75%"
"03/22/2024","754.55","773.90","774.20","745.25","35.70K","-2.16%"
"03/21/2024","771.20","779.00","785.30","763.00","38.48K","-1.01%"
"03/20/2024","779.05","776.05","785.10","770.00","70.68K","+0.32%"
"03/19/2024","776.55","756.30","791.35","752.20","154.28K","+1.15%"
"03/18/2024","767.75","728.35","772.65","720.95","206.51K","+6.01%"
"03/15/2024","724.25","717.50","740.40","709.55","237.93K","+0.35%"
"03/14/2024","721.75","713.55","734.95","703.95","29.59K","+0.68%"
"03/13/2024","716.90","770.00","781.50","702.75","69.72K","-6.90%"
"03/12/2024","770.00","770.00","778.95","735.60","87.66K","+0.00%"
"03/11/2024","770.00","756.00","788.50","756.00","281.55K","+2.36%"
"03/07/2024","752.25","727.75","762.10","726.00","62.78K","+3.62%"
"03/06/2024","725.95","738.95","741.55","717.00","33.06K","-1.70%"
"03/05/2024","738.50","719.95","742.30","715.55","108.40K","+2.48%"
"03/04/2024","720.60","742.95","742.95","712.75","78.32K","-2.33%"
"03/02/2024","737.80","748.00","748.00","730.05","1.96K","-0.63%"
"03/01/2024","742.50","737.10","749.80","733.70","26.59K","+0.12%"
"02/29/2024","741.60","737.40","745.00","730.90","51.31K","+0.91%"
"02/28/2024","734.90","743.30","752.25","730.00","30.20K","-0.07%"
"02/27/2024","735.40","746.00","746.00","730.00","24.50K","-0.60%"
"02/26/2024","739.85","737.40","747.20","731.45","35.97K","+0.80%"
"02/23/2024","733.95","735.00","742.15","727.10","12.68K","-0.04%"
"02/22/2024","734.25","740.00","744.70","725.00","21.51K","-1.04%"
"02/21/2024","742.00","755.10","766.95","732.75","26.48K","-2.43%"
"02/20/2024","760.45","761.40","766.75","752.60","24.79K","-0.11%"
"02/19/2024","761.30","745.25","772.00","745.25","82.80K","+2.16%"
"02/16/2024","745.20","730.20","747.50","730.20","33.57K","+1.47%"
"02/15/2024","734.40","749.55","749.55","726.60","23.59K","-0.59%"
"02/14/2024","738.75","716.10","747.00","713.00","36.65K","+1.08%"
"02/13/2024","730.85","725.00","746.40","705.00","328.22K","-0.44%"
"02/12/2024","734.10","749.80","763.55","729.00","209.50K","-2.04%"
"02/09/2024","749.40","767.95","767.95","740.10","106.76K","-1.52%"
"02/08/2024","760.95","779.00","786.00","760.00","74.22K","-1.52%"
"02/07/2024","772.70","751.50","803.00","746.65","264.21K","+2.62%"
"02/06/2024","753.00","751.75","762.75","743.35","61.80K","+0.47%"
"02/05/2024","749.50","750.05","755.00","741.15","95.58K","-0.07%"
"02/02/2024","750.05","745.95","769.00","737.00","302.04K","+0.35%"
"02/01/2024","747.45","757.10","761.90","732.15","92.17K","-0.88%"
"01/31/2024","754.10","758.70","767.00","748.00","181.03K","+0.83%"
"01/30/2024","747.90","745.00","755.55","739.45","722.54K","+1.18%"
"01/29/2024","739.15","707.00","745.00","699.60","902.51K","+4.84%"
"01/25/2024","705.00","715.80","715.85","695.00","571.90K","-1.13%"
"01/24/2024","713.05","710.30","716.40","701.00","61.78K","+0.71%"
"01/23/2024","708.05","716.00","716.00","696.05","79.01K","-0.48%"
"01/20/2024","711.50","696.00","715.20","693.80","95.56K","+2.40%"
"01/19/2024","694.85","667.40","697.65","667.40","909.03K","-1.09%"
"01/18/2024","702.50","689.30","709.00","680.30","41.28K","+1.91%"
"01/17/2024","689.30","688.00","700.00","674.35","74.56K","-0.91%"
"01/16/2024","695.65","707.35","707.35","690.90","28.58K","-1.26%"
"01/15/2024","704.50","715.00","717.15","700.95","71.63K","+0.21%"
"01/12/2024","703.00","696.00","707.10","687.65","602.42K","+1.55%"
"01/11/2024","692.25","690.00","709.00","676.05","62.06K","+1.61%"
"01/10/2024","681.25","699.00","706.45","677.25","56.57K","-1.92%"
"01/09/2024","694.60","690.00","696.95","681.85","98.46K","+0.70%"
"01/08/2024","689.80","692.00","695.15","685.00","47.15K","-0.32%"
"01/05/2024","692.00","699.00","703.95","686.10","49.98K","-0.41%"
"01/04/2024","694.85","684.00","704.45","684.00","78.65K","+1.73%"
"01/03/2024","683.05","690.00","699.00","680.00","270.67K","-0.15%"
"01/02/2024","684.10","683.95","688.95","677.70","161.25K","+0.02%"
"01/01/2024","683.95","691.00","697.95","681.25","23.97K","-1.02%"
"12/29/2023","691.00","684.90","695.00","678.50","53.41K","+1.54%"
"12/28/2023","680.50","683.55","697.00","676.50","484.99K","-0.45%"
"12/27/2023","683.55","699.00","703.00","682.00","45.07K","-2.04%"
"12/26/2023","697.80","690.00","704.55","686.10","41.39K","+1.19%"
"12/22/2023","689.60","666.00","691.35","666.00","52.32K","+4.45%"
"12/21/2023","660.25","660.00","672.85","656.70","42.66K","-1.05%"
"12/20/2023","667.25","683.50","687.95","663.10","27.96K","-2.13%"
"12/19/2023","681.80","689.45","692.90","677.20","39.88K","-0.26%"
"12/18/2023","683.55","699.85","699.85","682.40","42.42K","-1.95%"
"12/15/2023","697.15","706.00","715.00","692.50","46.54K","-1.24%"
"12/14/2023","705.90","712.30","714.60","703.25","42.56K","-0.61%"
"12/13/2023","710.20","701.00","712.25","690.50","38.48K","+2.17%"
"12/12/2023","695.15","717.00","719.00","691.30","40.24K","-2.37%"
"12/11/2023","712.00","713.40","720.65","709.05","72.57K","-0.06%"
"12/08/2023","712.45","708.00","721.95","697.00","223.76K","+2.39%"
"12/07/2023","695.80","686.45","698.05","684.40","86.14K","+1.36%"
"12/06/2023","686.45","681.95","695.00","678.90","105.27K","+0.43%"
"12/05/2023","683.50","685.50","689.00","672.75","62.13K","-0.21%"
"12/04/2023","684.95","689.75","690.30","673.55","284.18K","+0.30%"
"12/01/2023","682.90","686.40","693.90","673.10","166.67K","-0.51%"
"11/30/2023","686.40","690.00","702.00","680.00","82.12K","-0.26%"
"11/29/2023","688.20","689.90","695.95","679.90","119.95K","-0.04%"
"11/28/2023","688.50","680.00","692.00","672.55","56.16K","+1.71%"
"11/24/2023","676.95","668.00","681.00","662.00","36.25K","+1.69%"
"11/23/2023","665.70","664.90","669.00","658.35","22.80K","+0.33%"
"11/22/2023","663.50","660.40","672.15","656.80","21.72K","+0.68%"
"11/21/2023","659.05","658.50","662.95","655.30","19.00K","+0.00%"
"11/20/2023","659.05","658.40","666.95","644.15","53.48K","+0.11%"
"11/17/2023","658.35","671.05","674.70","656.75","57.57K","-1.89%"
"11/16/2023","671.05","666.95","672.60","663.55","21.97K","+0.23%"
"11/15/2023","669.50","667.30","676.00","655.25","46.13K","+0.13%"
"11/13/2023","668.60","659.00","678.00","651.55","108.97K","+1.43%"
"11/12/2023","659.20","663.00","664.70","657.05","7.76K","+0.46%"
"11/10/2023","656.15","650.75","658.35","644.00","25.00K","+0.69%"
"11/09/2023","651.65","660.00","660.00","645.60","30.33K","-0.92%"
"11/08/2023","657.70","642.80","661.70","637.80","430.50K","+3.04%"
"11/07/2023","638.30","636.00","643.70","635.25","31.25K","-0.56%"
"11/06/2023","641.90","628.00","644.00","627.00","22.01K","+2.10%"
"11/03/2023","628.70","630.00","638.75","626.30","24.40K","-0.61%"
"11/02/2023","632.55","634.00","637.85","622.25","25.66K","+0.81%"
"11/01/2023","627.45","640.10","645.00","625.20","67.39K","-1.98%"
"10/31/2023","640.10","646.00","654.75","616.00","62.91K","+0.02%"
"10/30/2023","640.00","635.05","645.10","630.40","21.35K","+0.10%"
"10/27/2023","639.35","649.00","652.35","637.80","93.52K","-1.76%"
"10/26/2023","650.80","643.30","655.55","625.00","37.77K","+1.16%"
"10/25/2023","643.35","650.05","657.00","622.50","61.76K","-1.21%"
"10/23/2023","651.25","665.55","665.55","649.55","26.80K","-2.15%"
"10/20/2023","665.55","670.00","675.00","659.75","99.57K","-1.75%"
"10/19/2023","677.40","660.00","688.40","651.00","401.19K","-1.94%"
"10/18/2023","690.80","682.60","697.00","675.60","31.77K","+1.20%"
"10/17/2023","682.60","686.60","691.85","678.65","25.01K","-0.90%"
"10/16/2023","688.80","692.35","693.95","686.05","15.08K","-0.46%"
"10/13/2023","691.95","690.00","695.40","678.20","107.53K","-0.42%"
"10/12/2023","694.85","669.45","702.95","666.20","119.36K","+3.85%"
"10/11/2023","669.10","664.00","675.00","659.25","41.91K","+1.61%"
"10/10/2023","658.50","660.00","665.00","653.50","26.80K","+0.70%"
"10/09/2023","653.95","650.00","666.05","649.95","23.93K","-2.37%"
"10/06/2023","669.85","685.00","685.00","661.05","65.73K","-1.49%"
"10/05/2023","679.95","674.25","684.00","674.25","17.22K","+0.85%"
"10/04/2023","674.25","684.95","685.95","672.00","25.38K","-1.55%"
"10/03/2023","684.90","690.00","690.00","672.10","63.37K","-0.06%"
"09/29/2023","685.30","669.00","687.50","646.00","99.44K","+3.16%"
"09/28/2023","664.30","674.00","676.45","662.00","86.07K","-1.04%"
"09/27/2023","671.30","685.00","687.90","665.00","91.21K","-1.99%"
"09/26/2023","684.95","690.05","697.30","680.10","64.05K","-0.70%"
"09/25/2023","689.75","690.00","693.45","679.05","48.12K","-0.04%"
"09/22/2023","690.00","700.00","700.35","684.35","23.53K","-0.53%"
"09/21/2023","693.65","700.00","706.00","685.00","35.00K","-1.32%"
"09/20/2023","702.95","702.65","706.50","691.50","44.05K","+0.04%"
"09/18/2023","702.65","712.00","712.40","695.55","31.14K","-0.66%"
"09/15/2023","707.35","715.00","719.00","698.50","80.79K","-0.34%"
"09/14/2023","709.75","697.00","713.00","690.40","66.37K","+2.54%"
"09/13/2023","692.15","707.35","715.00","682.80","115.79K","-2.15%"
"09/12/2023","707.35","718.05","722.40","692.80","107.17K","-1.30%"
"09/11/2023","716.65","718.00","722.05","715.00","71.33K","+0.23%"
"09/08/2023","715.00","718.00","727.85","710.60","130.28K","+0.50%"
"09/07/2023","711.45","717.10","721.60","710.00","77.71K","-0.75%"
"09/06/2023","716.80","729.65","729.65","707.20","189.82K","-1.76%"
"09/05/2023","729.65","726.15","735.35","724.00","98.55K","+0.50%"
"09/04/2023","726.05","731.60","731.95","718.00","133.15K","+0.20%"
"09/01/2023","724.60","726.05","733.45","720.35","265.48K","-0.58%"
"08/31/2023","728.80","718.10","730.00","714.05","130.66K","+1.49%"
"08/30/2023","718.10","725.00","725.00","716.05","79.86K","-0.04%"
"08/29/2023","718.40","725.95","729.80","714.50","162.51K","-0.56%"
"08/28/2023","722.45","713.00","741.80","702.35","730.21K","+1.89%"
"08/25/2023","709.05","785.05","789.95","701.05","2.51M","-12.71%"
"08/24/2023","812.25","808.00","819.90","801.15","161.97K","+1.33%"
"08/23/2023","801.55","795.00","806.00","788.45","22.72K","+1.49%"
"08/22/2023","789.80","795.25","799.70","784.10","63.12K","-0.69%"
"08/21/2023","795.25","799.90","804.95","781.60","127.27K","-0.58%"
"08/18/2023","799.90","790.00","808.00","783.10","119.89K","-1.32%"
"08/17/2023","810.60","818.00","826.00","805.10","18.26K","-0.59%"
"08/16/2023","815.40","810.00","830.50","806.20","68.88K","-0.06%"
"08/14/2023","815.90","822.75","855.95","808.20","178.09K","-0.10%"
"08/11/2023","816.70","809.00","825.00","792.10","61.74K","+1.05%"
"08/10/2023","808.20","805.25","822.05","799.10","90.12K","+0.37%"
"08/09/2023","805.25","814.60","888.50","777.95","999.18K","-0.04%"
"08/08/2023","805.60","815.60","818.95","801.00","17.98K","-1.23%"
"08/07/2023","815.65","800.85","818.00","788.90","23.98K","+1.71%"
"08/04/2023","801.90","812.00","819.35","794.25","24.28K","-1.24%"
"08/03/2023","811.95","808.60","815.85","801.45","105.77K","+0.48%"
"08/02/2023","808.05","810.05","818.30","804.10","136.90K","-0.22%"
"08/01/2023","809.80","797.40","824.70","792.15","176.53K","+1.56%"
"07/31/2023","797.40","792.80","808.60","781.05","236.63K","+0.73%"
"07/28/2023","791.65","797.95","797.95","782.55","219.90K","-0.07%"
"07/27/2023","792.20","787.30","795.60","780.00","33.56K","+0.62%"
"07/26/2023","787.30","776.90","794.70","756.00","130.67K","+1.42%"
"07/25/2023","776.30","725.25","779.80","725.25","223.27K","+1.68%"
"07/24/2023","763.45","788.85","788.85","756.00","33.40K","-2.34%"
"07/21/2023","781.75","789.45","799.45","774.05","28.13K","-0.88%"
"07/20/2023","788.70","780.00","799.40","773.20","37.47K","+2.05%"
"07/19/2023","772.85","783.10","795.00","771.10","35.80K","-1.31%"
"07/18/2023","783.10","793.50","793.50","774.15","48.15K","-2.19%"
"07/17/2023","800.60","809.50","818.25","785.55","52.57K","-1.10%"
"07/14/2023","809.50","815.05","826.65","805.10","22.20K","-1.31%"
"07/13/2023","820.25","825.75","829.00","811.30","36.00K","-0.67%"
"07/12/2023","825.75","820.00","828.80","815.10","48.19K","+0.92%"
"07/11/2023","818.25","811.25","824.00","809.80","36.05K","+0.86%"
"07/10/2023","811.25","814.00","829.70","802.55","48.98K","-0.44%"
"07/07/2023","814.85","810.00","819.80","807.00","40.34K","-0.21%"
"07/06/2023","816.60","819.60","825.45","805.10","82.53K","-0.37%"
"07/05/2023","819.60","821.15","827.25","806.50","73.06K","+0.81%"
"07/04/2023","813.00","818.65","831.95","806.25","27.03K","-0.69%"
"07/03/2023","818.65","810.00","820.00","810.00","30.61K","+0.24%"
"06/30/2023","816.65","794.00","820.00","791.55","154.54K","+2.85%"
"06/28/2023","794.00","796.15","806.95","786.00","83.39K","-0.84%"
"06/27/2023","800.70","800.00","808.55","789.05","120.07K","+1.13%"
"06/26/2023","791.75","792.10","799.00","779.90","40.01K","-1.01%"
"06/23/2023","799.85","807.10","812.95","793.20","71.08K","-0.90%"
"06/22/2023","807.10","816.95","828.00","795.10","84.96K","-0.25%"
"06/21/2023","809.15","808.75","814.00","781.10","90.47K","+1.16%"
"06/20/2023","799.85","808.00","814.00","788.00","110.38K","-0.39%"
"06/19/2023","803.00","789.00","814.95","782.50","136.01K","+2.71%"
"06/16/2023","781.80","795.00","806.15","776.25","86.90K","-0.60%"
"06/15/2023","786.50","781.00","789.95","776.65","28.84K","+1.52%"
"06/14/2023","774.75","776.80","781.95","767.15","39.19K","+0.51%"
"06/13/2023","770.80","779.95","793.35","765.60","91.25K","-0.88%"
"06/12/2023","777.65","780.45","787.00","771.65","179.15K","-0.24%"
"06/09/2023","779.50","779.95","783.95","771.70","71.41K","-0.19%"
"06/08/2023","781.00","780.00","788.45","760.60","122.88K","+0.12%"
"06/07/2023","780.05","800.00","800.75","762.20","76.65K","-1.52%"
"06/06/2023","792.10","780.00","794.70","769.00","31.51K","+1.53%"
"06/05/2023","780.20","775.00","788.00","765.80","46.49K","+1.17%"
"06/02/2023","771.15","767.00","773.10","756.10","39.78K","+0.78%"
"06/01/2023","765.15","761.00","768.35","754.10","55.15K","+0.59%"
"05/31/2023","760.65","754.00","764.15","746.00","168.62K","+1.28%"
"05/30/2023","751.00","763.90","763.90","750.20","34.72K","-1.11%"
"05/29/2023","759.45","760.00","770.10","750.00","184.45K","+1.25%"
"05/26/2023","750.10","755.00","755.00","743.05","315.84K","+0.01%"
"05/25/2023","750.00","749.95","751.95","737.80","82.08K","+0.35%"
"05/24/2023","747.35","740.00","749.70","731.75","27.05K","+0.58%"
"05/23/2023","743.05","735.65","746.00","730.55","50.95K","+1.54%"
"05/22/2023","731.80","715.30","741.30","715.30","60.09K","+0.93%"
"05/19/2023","725.05","725.00","728.95","713.85","38.86K","+0.01%"
"05/18/2023","725.00","734.90","734.90","712.75","53.37K","-0.59%"
"05/17/2023","729.30","709.00","734.80","705.00","161.29K","+3.40%"
"05/16/2023","705.35","700.00","711.40","697.60","156.46K","+0.76%"
"05/15/2023","700.05","693.45","718.25","693.45","215.97K","+0.95%"
"05/12/2023","693.45","690.00","698.60","680.55","110.87K","+0.38%"
"05/11/2023","690.80","678.35","695.75","677.30","140.47K","+1.84%"
"05/10/2023","678.35","700.00","700.00","676.00","129.61K","-2.02%"
"05/09/2023","692.35","683.90","697.95","676.10","68.17K","+1.24%"
"05/08/2023","683.90","688.95","690.10","677.60","83.70K","-0.18%"
"05/05/2023","685.10","684.50","688.90","670.55","37.05K","+0.09%"
"05/04/2023","684.50","671.05","690.50","671.05","50.95K","+1.44%"
"05/03/2023","674.75","686.75","693.60","669.60","141.04K","-1.75%"
"05/02/2023","686.75","664.00","720.20","664.00","440.25K","+3.57%"
"04/28/2023","663.10","650.00","673.00","640.25","341.96K","+2.89%"
"04/27/2023","644.50","639.00","655.00","631.00","996.61K","+4.41%"
"04/26/2023","617.25","625.00","626.95","610.45","32.65K","-1.05%"
"04/25/2023","623.80","610.15","631.95","607.75","61.18K","+2.20%"
"04/24/2023","610.35","610.00","614.00","605.75","20.86K","-0.73%"
"04/21/2023","614.85","624.90","624.95","609.00","40.00K","-1.61%"
"04/20/2023","624.90","598.00","641.65","595.15","409.65K","+5.54%"
"04/19/2023","592.10","579.00","598.00","573.80","465.38K","+1.50%"
"04/18/2023","583.35","584.60","588.10","574.05","39.16K","+0.03%"
"04/17/2023","583.20","596.45","597.70","582.00","133.15K","-2.22%"
"04/13/2023","596.45","605.95","611.70","594.00","46.11K","-1.36%"
"04/12/2023","604.65","611.00","618.00","596.00","363.92K","-0.62%"
"04/11/2023","608.45","602.00","612.95","601.05","23.52K","+1.37%"
"04/10/2023","600.20","620.00","620.00","593.85","111.39K","-1.98%"
"04/06/2023","612.30","634.50","634.50","608.25","191.60K","-3.67%"
"04/05/2023","635.60","643.10","649.40","632.00","24.62K","-2.07%"
"04/03/2023","649.05","650.00","650.00","643.05","27.76K","+0.05%"
"03/31/2023","648.75","642.00","650.00","631.55","50.80K","+0.12%"
"03/29/2023","648.00","642.85","651.00","635.45","31.28K","+0.79%"
"03/28/2023","642.90","631.00","644.90","627.80","30.05K","+1.10%"
"03/27/2023","635.90","635.00","643.00","622.65","61.92K","-0.53%"
"03/24/2023","639.30","648.00","648.00","628.50","24.49K","-0.87%"
"03/23/2023","644.90","643.90","650.00","632.20","57.63K","+0.69%"
"03/22/2023","640.50","629.00","644.45","625.70","49.62K","+1.83%"
"03/21/2023","629.00","621.20","639.00","606.00","145.69K","+1.02%"
"03/20/2023","622.65","630.00","643.90","618.00","39.30K","-2.34%"
"03/17/2023","637.55","648.00","648.00","628.00","31.66K","-1.02%"
"03/16/2023","644.10","638.10","647.75","625.20","18.70K","+0.94%"
"03/15/2023","638.10","630.90","640.00","622.20","18.01K","+1.68%"
"03/14/2023","627.55","639.85","644.00","620.15","39.60K","-0.45%"
"03/13/2023","630.40","635.00","639.20","615.80","37.34K","-1.60%"
"03/10/2023","640.65","640.00","643.00","632.05","17.45K","-0.65%"
"03/09/2023","644.85","652.00","652.50","640.05","90.70K","-0.08%"
"03/08/2023","645.35","644.00","647.95","634.00","26.25K","+0.21%"
"03/06/2023","644.00","642.45","650.00","631.60","53.97K","+0.55%"
"03/03/2023","640.45","638.10","642.70","632.10","17.64K","-0.06%"
"03/02/2023","640.85","647.95","647.95","632.85","21.27K","-0.28%"
"03/01/2023","642.65","650.00","650.00","634.05","28.95K","-1.12%"
"02/28/2023","649.90","644.75","650.00","638.45","42.49K","+1.72%"
"02/27/2023","638.90","650.00","650.00","633.60","14.60K","-1.70%"
"02/24/2023","649.95","643.10","650.00","638.50","62.08K","+1.33%"
"02/23/2023","641.45","648.30","648.30","635.05","11.70K","-0.33%"
"02/22/2023","643.60","643.45","647.95","637.35","17.21K","-0.90%"
"02/21/2023","649.45","641.50","650.00","623.60","61.78K","+1.27%"
"02/20/2023","641.30","646.00","650.00","636.00","26.44K","-0.66%"
"02/17/2023","645.55","641.00","648.00","635.05","8.96K","+0.35%"
"02/16/2023","643.30","627.95","648.00","615.95","54.84K","+2.38%"
"02/15/2023","628.35","635.00","641.95","621.35","26.29K","-1.90%"
"02/14/2023","640.55","640.50","645.60","631.95","23.70K","-0.39%"
"02/13/2023","643.05","675.00","675.00","640.00","43.64K","-4.33%"
"02/10/2023","672.15","660.65","675.50","655.25","24.04K","+0.84%"
"02/09/2023","666.55","670.00","675.00","660.00","24.80K","+0.48%"
"02/08/2023","663.35","650.00","665.00","641.25","59.19K","+2.31%"
"02/07/2023","648.40","647.40","650.00","641.20","16.67K","+0.15%"
"02/06/2023","647.40","627.05","655.00","627.05","29.48K","+1.34%"
"02/03/2023","638.85","655.60","655.60","631.95","39.26K","-1.09%"
"02/02/2023","645.90","668.00","668.00","632.25","75.82K","-1.94%"
"02/01/2023","658.65","661.55","667.50","645.80","79.89K","-0.44%"
"01/31/2023","661.55","643.00","668.90","637.95","91.77K","+2.49%"
"01/30/2023","645.45","641.00","655.00","637.55","45.17K","-1.41%"
"01/27/2023","654.65","657.00","660.95","643.00","49.66K","+0.03%"
"01/25/2023","654.45","650.00","659.70","646.00","200.51K","+1.35%"
"01/24/2023","645.75","673.00","691.95","641.15","184.58K","-3.24%"
"01/23/2023","667.35","673.10","679.50","658.05","37.32K","-1.48%"
"01/20/2023","677.40","665.10","679.80","665.10","19.96K","+0.65%"
"01/19/2023","673.05","695.00","696.50","670.10","23.22K","-1.99%"
"01/18/2023","686.70","685.00","692.25","681.60","13.17K","+0.55%"
"01/17/2023","682.95","671.85","686.10","671.85","19.27K","+0.63%"
"01/16/2023","678.65","690.10","694.50","677.40","17.39K","-1.61%"
"01/13/2023","689.75","686.75","695.95","682.55","14.99K","+0.44%"
"01/12/2023","686.75","699.10","711.85","681.20","30.72K","-1.16%"
"01/11/2023","694.80","704.65","715.90","690.35","22.74K","-1.64%"
"01/10/2023","706.40","707.75","709.80","696.25","18.56K","-0.19%"
"01/09/2023","707.75","710.25","739.00","704.90","110.96K","-0.35%"
"01/06/2023","710.25","697.00","714.10","685.10","30.96K","+2.21%"
"01/05/2023","694.90","710.55","710.55","681.30","84.02K","-0.95%"
"01/04/2023","701.55","705.90","709.45","693.00","35.23K","-0.26%"
"01/03/2023","703.40","720.40","724.00","696.60","22.26K","-1.57%"
"01/02/2023","714.60","709.70","725.00","706.30","209.12K","+0.74%"
"12/30/2022","709.35","700.00","712.40","693.70","72.09K","+1.88%"
"12/29/2022","696.25","706.00","706.00","691.30","28.93K","-0.77%"
"12/28/2022","701.65","686.05","706.95","683.45","32.76K","+0.88%"
"12/27/2022","695.55","698.90","704.00","675.30","79.96K","+1.02%"
"12/26/2022","688.55","672.85","695.00","655.05","106.10K","+2.92%"
"12/23/2022","669.00","659.95","683.60","622.10","103.69K","-0.10%"
"12/22/2022","669.70","688.00","697.75","649.55","45.22K","-3.59%"
"12/21/2022","694.65","680.00","708.45","677.05","128.85K","+1.51%"
"12/20/2022","684.35","670.55","688.00","670.55","10.20K","+0.79%"
"12/19/2022","679.00","676.90","689.75","675.95","15.55K","-0.87%"
"12/16/2022","684.95","692.05","695.60","680.15","18.40K","-1.53%"
"12/15/2022","695.60","724.00","724.00","690.10","30.10K","-2.96%"
"12/14/2022","716.80","692.00","720.30","684.00","112.96K","+3.94%"
"12/13/2022","689.65","681.50","690.00","674.25","22.80K","+1.68%"
"12/12/2022","678.25","679.10","683.15","668.60","52.16K","-0.13%"
"12/09/2022","679.10","680.10","687.00","672.00","44.28K","-0.15%"
"12/08/2022","680.10","686.00","686.00","667.00","32.25K","-0.86%"
"12/07/2022","686.00","704.70","704.70","681.35","59.97K","-2.12%"
"12/06/2022","700.85","699.00","704.00","686.20","29.66K","+0.93%"
"12/05/2022","694.40","692.00","704.95","685.35","43.86K","-0.26%"
"12/02/2022","696.20","705.70","705.70","687.10","37.15K","-0.67%"
"12/01/2022","700.90","689.95","705.00","685.50","75.17K","+2.34%"
"11/30/2022","684.90","685.15","692.50","677.00","66.34K","-0.73%"
"11/29/2022","689.95","687.00","690.65","678.10","57.81K","+0.38%"
"11/28/2022","687.35","671.00","690.20","670.05","55.82K","+1.09%"
"11/25/2022","679.95","668.00","685.00","663.25","45.16K","+0.60%"
"11/24/2022","675.90","678.00","695.00","661.95","48.22K","+0.07%"
"11/23/2022","675.40","679.05","690.45","667.05","85.58K","+0.78%"
"11/22/2022","670.15","652.60","679.95","640.05","117.44K","+2.65%"
"11/21/2022","652.85","642.00","655.00","625.20","93.75K","-0.37%"
"11/18/2022","655.30","666.50","669.95","640.00","214.44K","-3.26%"
"11/17/2022","677.35","684.95","687.05","671.05","135.30K","-1.21%"
"11/16/2022","685.65","702.80","704.70","675.00","319.44K","-2.34%"
"11/15/2022","702.05","734.00","742.00","690.05","240.37K","-3.64%"
"11/14/2022","728.60","731.00","734.45","704.50","172.45K","-0.22%"
"11/11/2022","730.20","749.70","759.95","725.00","192.57K","-0.23%"
"11/10/2022","731.85","759.00","768.55","724.40","78.21K","-2.98%"
"11/09/2022","754.35","782.65","782.65","740.40","93.75K","-2.64%"
"11/07/2022","774.80","793.95","797.00","769.90","117.29K","-1.37%"
"11/04/2022","785.60","793.95","793.95","780.10","29.76K","+0.72%"
"11/03/2022","779.95","780.40","791.70","763.70","62.91K","-0.12%"
"11/02/2022","780.90","767.60","812.00","762.00","260.79K","+2.43%"
"11/01/2022","762.40","756.00","766.00","743.55","49.74K","+1.71%"
"10/31/2022","749.55","759.95","766.75","738.95","56.55K","+0.31%"
"10/28/2022","747.20","725.00","756.65","724.05","67.29K","+2.69%"
"10/27/2022","727.60","726.00","732.30","692.95","173.59K","+0.28%"
"10/25/2022","725.60","777.40","782.95","720.10","108.59K","-6.34%"
"10/24/2022","774.70","791.40","793.10","765.40","20.03K","-1.18%"
"10/21/2022","783.95","799.70","820.00","774.80","144.22K","+1.18%"
"10/20/2022","774.80","797.90","802.00","733.65","376.81K","-3.35%"
"10/19/2022","801.65","779.70","814.95","777.20","327.29K","+2.93%"
"10/18/2022","778.80","768.00","792.90","759.45","71.00K","+1.80%"
"10/17/2022","765.05","765.15","788.00","750.00","69.81K","-0.01%"
"10/14/2022","765.15","770.15","773.65","760.85","48.65K","+0.30%"
"10/13/2022","762.85","773.25","778.85","757.00","42.04K","-1.12%"
"10/12/2022","771.50","758.85","779.95","758.00","105.29K","+2.25%"
"10/11/2022","754.55","776.20","808.60","741.40","196.30K","-2.44%"
"10/10/2022","773.45","744.95","782.00","743.30","98.33K","+2.84%"
"10/07/2022","752.10","748.00","762.50","736.25","31.01K","+0.23%"
"10/06/2022","750.35","759.00","785.00","743.35","122.71K","-1.08%"
"10/04/2022","758.55","755.30","763.85","745.55","40.00K","+1.02%"
"10/03/2022","750.90","747.75","770.15","742.00","97.20K","+0.37%"
"09/30/2022","748.15","720.00","753.90","720.00","55.08K","+2.28%"
"09/29/2022","731.45","734.80","744.00","714.10","208.91K","-0.55%"
"09/28/2022","735.50","713.45","747.55","705.60","62.35K","+2.49%"
"09/27/2022","717.60","693.25","724.95","693.00","40.30K","+2.67%"
"09/26/2022","698.95","717.00","717.35","663.40","199.57K","-3.57%"
"09/23/2022","724.80","750.00","755.00","716.55","46.64K","-2.97%"
"09/22/2022","747.00","745.70","755.00","734.80","50.02K","+0.65%"
"09/21/2022","742.20","748.80","756.00","732.45","100.68K","-0.37%"
"09/20/2022","744.95","750.00","754.20","736.45","89.92K","-0.39%"
"09/19/2022","747.90","737.95","755.75","729.20","277.50K","+1.31%"
"09/16/2022","738.25","749.00","779.75","716.35","824.54K","-1.27%"
"09/15/2022","747.75","705.90","756.15","702.95","719.48K","+6.71%"
"09/14/2022","700.70","661.65","709.15","661.65","602.69K","+4.53%"
"09/13/2022","670.35","666.00","682.55","665.95","134.07K","+1.11%"
"09/12/2022","663.00","675.90","683.50","658.00","209.59K","-1.38%"
"09/09/2022","672.25","668.00","677.65","656.45","303.73K","+0.28%"
"09/08/2022","670.40","677.50","698.00","664.55","419.84K","-0.24%"
"09/07/2022","672.00","639.65","689.00","638.60","986.18K","+4.41%"
"09/06/2022","643.60","618.50","673.00","617.65","541.69K","+4.06%"
"09/05/2022","618.50","620.00","626.90","616.20","61.42K","-0.61%"
"09/02/2022","622.30","628.00","630.70","617.70","49.69K","-0.01%"
"09/01/2022","622.35","622.00","632.05","619.90","65.17K","-0.27%"
"08/30/2022","624.05","615.35","643.75","615.35","287.87K","+1.98%"
"08/29/2022","611.95","600.00","619.90","599.05","84.21K","-0.42%"
"08/26/2022","614.55","619.00","627.70","610.00","144.75K","-0.64%"
"08/25/2022","618.50","622.00","633.35","616.05","143.10K","+0.41%"
"08/24/2022","616.00","602.50","621.00","600.95","170.03K","+1.82%"
"08/23/2022","605.00","599.50","615.00","586.85","138.34K","+0.00%"
"08/22/2022","605.00","616.25","621.70","598.55","133.94K","-1.80%"
"08/19/2022","616.10","618.80","639.70","603.50","303.40K","-0.04%"
"08/18/2022","616.35","616.95","622.00","612.40","98.38K","+0.06%"
"08/17/2022","616.00","620.00","634.00","611.55","184.44K","-0.44%"
"08/16/2022","618.70","641.00","646.80","611.50","181.87K","-3.12%"
"08/12/2022","638.65","627.45","647.00","613.35","301.16K","+2.39%"
"08/11/2022","623.75","615.90","637.00","615.05","272.44K","+1.81%"
"08/10/2022","612.65","603.65","619.00","601.50","254.85K","+1.49%"
"08/08/2022","603.65","598.00","609.90","593.05","291.98K","+1.59%"
"08/05/2022","594.20","596.60","604.95","589.00","157.17K","-0.40%"
"08/04/2022","596.60","590.50","602.60","574.10","260.98K","+0.90%"
"08/03/2022","591.25","606.00","618.00","584.00","278.38K","-2.47%"
"08/02/2022","606.20","609.50","629.90","600.00","506.47K","-0.39%"
"08/01/2022","608.60","591.90","614.00","581.35","461.09K","+4.31%"
"07/29/2022","583.45","588.05","591.60","579.05","266.35K","-0.38%"
"07/28/2022","585.70","590.00","612.00","581.10","1.38M","+0.25%"
"07/27/2022","584.25","575.95","605.00","567.35","6.15M","+7.90%"
"07/26/2022","541.45","555.00","570.15","534.05","299.07K","-1.61%"
"07/25/2022","550.30","547.15","558.70","540.00","119.16K","+1.38%"
"07/22/2022","542.80","546.00","560.00","540.00","163.87K","-0.46%"
"07/21/2022","545.30","541.45","552.00","537.65","109.30K","+1.17%"
"07/20/2022","539.00","558.75","558.80","535.00","187.69K","-3.78%"
"07/19/2022","560.20","540.40","573.80","539.15","243.33K","+3.41%"
"07/18/2022","541.75","554.80","557.50","536.45","136.19K","-1.44%"
"07/15/2022","549.65","542.80","557.00","540.00","234.93K","+1.88%"
"07/14/2022","539.50","532.30","544.90","527.30","137.32K","+1.35%"
"07/13/2022","532.30","543.50","552.80","528.10","149.39K","-1.50%"
"07/12/2022","540.40","530.00","543.40","525.70","191.45K","+0.87%"
"07/11/2022","535.75","523.85","551.00","520.70","599.89K","+2.31%"
"07/08/2022","523.65","487.10","537.20","486.45","514.95K","+7.77%"
"07/07/2022","485.90","479.90","492.00","470.10","66.32K","+2.19%"
"07/06/2022","475.50","475.45","484.05","472.85","34.98K","+0.30%"
"07/05/2022","474.10","477.30","484.50","469.05","34.25K","+0.10%"
"07/04/2022","473.65","477.00","478.00","470.75","39.38K","-0.46%"
"07/01/2022","475.85","486.50","487.00","472.20","77.07K","-2.58%"
"06/30/2022","488.45","484.90","506.95","481.05","289.64K","+1.13%"
"06/29/2022","483.00","472.25","489.00","468.70","81.83K","+2.28%"
"06/28/2022","472.25","462.00","481.85","458.00","115.61K","+0.81%"
"06/27/2022","468.45","460.00","472.00","448.80","150.36K","+4.49%"
"06/24/2022","448.30","424.00","453.00","424.00","100.86K","+4.87%"
"06/23/2022","427.50","422.60","430.00","412.45","103.57K","+2.08%"
"06/22/2022","418.80","418.95","423.70","396.60","83.78K","+0.56%"
"06/21/2022","416.45","435.35","438.10","403.30","421.54K","-2.90%"
"06/20/2022","428.90","440.00","449.30","415.00","115.65K","-1.46%"
"06/17/2022","435.25","436.70","440.25","430.10","38.55K","-1.78%"
"06/16/2022","443.15","455.05","459.90","427.65","82.14K","-1.88%"
"06/15/2022","451.65","443.45","454.60","441.05","53.65K","+1.71%"
"06/14/2022","444.05","443.00","449.20","438.85","36.66K","+0.12%"
"06/13/2022","443.50","447.60","454.00","431.00","79.98K","-1.61%"
"06/10/2022","450.75","456.00","460.60","446.65","51.01K","-2.56%"
"06/09/2022","462.60","457.05","471.95","457.05","222.70K","-0.79%"
"06/08/2022","466.30","475.00","476.60","463.60","79.03K","+0.47%"
"06/07/2022","464.10","488.00","488.00","457.00","137.78K","-2.48%"
"06/06/2022","475.90","480.10","485.15","470.45","70.48K","-1.49%"
"06/03/2022","483.10","477.90","485.90","467.90","295.43K","+1.96%"
"06/02/2022","473.80","474.70","480.00","460.40","160.77K","+0.13%"
"06/01/2022","473.20","467.50","484.05","466.30","146.31K","+2.08%"
"05/31/2022","463.55","478.00","489.00","457.40","665.24K","-1.57%"
"05/30/2022","470.95","465.45","474.20","456.20","87.08K","+2.05%"
"05/27/2022","461.50","483.00","483.60","456.65","70.20K","-2.34%"
"05/26/2022","472.55","461.00","476.45","441.60","327.26K","+2.64%"
"05/25/2022","460.40","477.90","481.50","444.55","239.75K","-2.27%"
"05/24/2022","471.10","481.90","485.85","467.90","164.46K","-1.40%"
"05/23/2022","477.80","483.50","495.00","470.75","156.34K","-0.34%"
"05/20/2022","479.45","483.00","494.70","476.75","156.96K","+0.44%"
"05/19/2022","477.35","466.50","481.00","465.00","116.03K","+0.05%"
"05/18/2022","477.10","483.70","492.75","472.00","139.13K","-0.81%"
"05/17/2022","481.00","490.00","490.00","477.70","158.12K","+0.10%"
"05/16/2022","480.50","470.35","489.85","470.35","210.19K","+2.16%"
"05/13/2022","470.35","459.00","476.00","446.00","331.41K","+6.50%"
"05/12/2022","441.65","435.00","463.00","435.00","185.57K","-0.96%"
"05/11/2022","445.95","463.85","472.40","426.10","223.97K","-3.09%"
"05/10/2022","460.15","474.95","493.90","445.60","338.33K","-2.58%"
"05/09/2022","472.35","489.05","492.20","466.85","98.66K","-2.99%"
"05/06/2022","486.90","476.90","494.80","467.00","303.40K","+0.41%"
"05/05/2022","484.90","487.20","503.00","481.25","218.07K","+0.22%"
"05/04/2022","483.85","501.60","504.00","480.00","237.50K","-2.40%"
"05/02/2022","495.75","500.00","514.80","481.65","386.65K","-1.28%"
"04/29/2022","502.20","520.00","520.00","486.15","1.50M","-7.15%"
"04/28/2022","540.85","499.00","597.90","498.00","3.33M","+8.55%"
"04/27/2022","498.25","485.30","502.70","479.55","161.59K","+1.91%"
"04/26/2022","488.90","484.00","505.00","483.50","358.10K","+1.70%"
"04/25/2022","480.75","490.60","504.75","477.35","258.00K","-3.30%"
"04/22/2022","497.15","489.90","522.90","487.60","646.59K","+0.39%"
"04/21/2022","495.20","509.90","514.85","490.25","515.90K","-1.49%"
"04/20/2022","502.70","476.00","543.65","472.05","2.82M","+6.99%"
"04/19/2022","469.85","468.00","474.00","460.65","164.34K","+0.96%"
"04/18/2022","465.40","477.70","477.70","458.00","90.25K","-1.23%"
"04/13/2022","471.20","471.20","487.00","468.00","303.68K","+1.28%"
"04/12/2022","465.25","455.10","469.70","445.30","211.38K","+2.23%"
"04/11/2022","455.10","463.20","468.80","453.40","158.56K","-0.70%"
"04/08/2022","458.30","465.00","465.00","453.20","139.58K","-0.40%"
"04/07/2022","460.15","473.10","488.00","456.55","204.15K","-2.74%"
"04/06/2022","473.10","467.00","485.00","467.00","124.99K","+0.29%"
"04/05/2022","471.75","466.90","481.90","462.00","177.75K","+1.44%"
"04/04/2022","465.05","464.75","473.30","460.05","209.90K","+0.55%"
"04/01/2022","462.50","480.90","480.90","460.05","190.85K","-1.71%"
"03/31/2022","470.55","468.40","483.25","449.25","229.69K","+1.19%"
"03/30/2022","465.00","467.40","473.90","460.35","285.51K","+0.92%"
"03/29/2022","460.75","456.00","471.95","449.50","345.11K","+1.23%"
"03/28/2022","455.15","445.05","465.00","432.95","247.77K","+2.02%"
"03/25/2022","446.15","454.35","456.45","440.00","317.44K","-1.80%"
"03/24/2022","454.35","436.25","461.40","432.50","1.06M","+4.71%"
"03/23/2022","433.90","454.30","459.80","428.85","594.70K","-2.79%"
"03/22/2022","446.35","411.00","454.85","405.35","1.56M","+8.67%"
"03/21/2022","410.75","407.00","445.00","401.00","1.37M","+1.66%"
"03/17/2022","404.05","392.00","407.45","390.00","950.45K","+4.39%"
"03/16/2022","387.05","363.00","389.00","363.00","492.64K","+7.51%"
"03/15/2022","360.00","369.45","374.95","357.40","69.08K","-2.12%"
"03/14/2022","367.80","373.00","377.65","364.20","255.11K","-0.57%"
"03/11/2022","369.90","353.15","379.30","353.15","403.76K","+4.01%"
"03/10/2022","355.65","360.00","364.00","348.35","137.61K","+0.64%"
"03/09/2022","353.40","332.80","357.05","332.80","236.73K","+7.94%"
"03/08/2022","327.40","335.50","348.25","322.95","345.51K","-3.76%"
"03/07/2022","340.20","340.05","345.95","326.65","115.40K","-2.76%"
"03/04/2022","349.85","348.00","353.90","343.00","72.46K","-0.37%"
"03/03/2022","351.15","355.00","359.00","347.00","87.91K","+1.15%"
"03/02/2022","347.15","330.50","350.00","330.50","239.45K","+2.72%"
"02/28/2022","337.95","331.15","342.25","328.75","253.62K","-0.85%"
"02/25/2022","340.85","334.00","346.70","326.90","267.52K","+7.15%"
"02/24/2022","318.10","321.00","331.40","302.45","451.27K","-5.52%"
"02/23/2022","336.70","331.85","341.25","331.85","97.58K","+1.46%"
"02/22/2022","331.85","320.00","343.90","319.55","287.73K","+0.23%"
"02/21/2022","331.10","340.00","346.15","328.00","61.38K","-2.60%"
"02/18/2022","339.95","342.65","350.05","338.00","75.44K","-1.78%"
"02/17/2022","346.10","355.00","357.60","343.10","109.88K","-3.22%"
"02/16/2022","357.60","328.00","367.00","328.00","940.49K","+8.79%"
"02/15/2022","328.70","321.55","384.00","317.80","232.15K","+2.57%"
"02/14/2022","320.45","337.50","338.85","315.75","193.50K","-7.40%"
"02/11/2022","346.05","345.90","359.05","345.00","131.94K","-0.72%"
"02/10/2022","348.55","353.50","353.95","346.65","65.70K","-0.81%"
"02/09/2022","351.40","356.00","357.00","348.05","61.20K","-0.55%"
"02/08/2022","353.35","362.05","366.85","349.30","96.78K","-2.17%"
"02/07/2022","361.20","364.50","372.00","358.55","93.59K","-0.63%"
"02/04/2022","363.50","368.70","373.50","361.80","114.85K","-0.76%"
"02/03/2022","366.30","370.00","375.25","363.50","156.36K","-1.55%"
"02/02/2022","372.05","376.90","387.20","366.00","334.29K","-0.19%"
"02/01/2022","372.75","356.50","380.00","350.95","262.66K","+5.62%"
"01/31/2022","352.90","368.65","369.70","351.00","207.84K","-2.84%"
"01/28/2022","363.20","380.00","389.00","358.40","334.54K","-4.14%"
"01/27/2022","378.90","356.00","382.00","356.00","464.10K","+2.41%"
"01/25/2022","370.00","384.70","384.70","366.90","519.51K","-1.67%"
"01/24/2022","376.30","381.60","397.00","361.35","1.45M","-0.46%"
"01/21/2022","378.05","394.30","425.00","368.85","6.86M","+4.58%"
"01/20/2022","361.50","351.10","365.00","345.40","215.76K","+2.96%"
"01/19/2022","351.10","354.00","367.25","339.75","673.81K","-0.31%"
"01/18/2022","352.20","347.70","393.15","346.15","2.75M","+2.10%"
"01/17/2022","344.95","339.60","348.00","339.60","108.53K","+2.04%"
"01/14/2022","338.05","334.70","339.70","332.45","45.85K","+0.91%"
"01/13/2022","335.00","339.90","349.90","332.55","149.68K","-0.95%"
"01/12/2022","338.20","331.95","341.00","330.35","212.02K","+2.62%"
"01/11/2022","329.55","322.70","334.70","320.00","174.26K","+2.12%"
"01/10/2022","322.70","324.35","325.70","321.05","53.98K","+0.26%"
"01/07/2022","321.85","322.20","327.00","318.95","53.97K","-0.02%"
"01/06/2022","321.90","324.00","329.95","320.50","97.84K","-1.12%"
"01/05/2022","325.55","327.60","334.65","321.20","114.57K","-1.18%"
"01/04/2022","329.45","328.60","332.00","326.55","72.50K","+0.64%"
"01/03/2022","327.35","334.90","338.55","326.20","64.21K","-1.04%"
"12/31/2021","330.80","320.65","332.40","320.65","144.30K","+3.49%"
"12/30/2021","319.65","321.40","323.85","314.00","163.24K","-0.54%"
"12/29/2021","321.40","333.10","336.75","318.00","73.16K","-3.73%"
"12/28/2021","333.85","341.50","347.45","332.25","48.55K","-1.68%"
"12/27/2021","339.55","338.00","341.70","336.50","26.91K","-1.05%"
"12/24/2021","343.15","353.00","353.00","340.10","44.35K","-1.66%"
"12/23/2021","348.95","346.00","352.75","345.90","59.46K","+1.07%"
"12/22/2021","345.25","349.90","352.75","341.40","90.44K","-0.25%"
"12/21/2021","346.10","337.00","351.00","337.00","59.15K","+3.25%"
"12/20/2021","335.20","350.95","350.95","331.15","97.68K","-4.83%"
"12/17/2021","352.20","366.70","366.70","347.35","80.04K","-2.52%"
"12/16/2021","361.30","368.00","369.95","352.00","74.47K","-0.55%"
"12/15/2021","363.30","361.40","371.70","358.35","71.28K","+0.92%"
"12/14/2021","360.00","367.90","371.10","358.25","80.64K","-2.35%"
"12/13/2021","368.65","371.70","372.40","365.55","90.81K","+0.10%"
"12/10/2021","368.30","364.80","373.35","362.45","96.55K","+0.96%"
"12/09/2021","364.80","357.80","369.25","354.10","137.76K","+1.96%"
"12/08/2021","357.80","342.30","365.00","342.30","433.62K","+4.74%"
"12/07/2021","341.60","343.40","347.00","337.65","95.13K","+2.55%"
"12/06/2021","333.10","333.80","351.95","326.55","127.86K","-0.21%"
"12/03/2021","333.80","338.90","342.90","331.60","142.69K","-0.77%"
"12/02/2021","336.40","323.15","340.00","323.15","89.79K","+3.00%"
"12/01/2021","326.60","328.00","332.50","316.10","69.03K","+1.04%"
"11/30/2021","323.25","315.35","334.70","315.35","174.78K","+1.65%"
"11/29/2021","318.00","313.00","320.00","301.10","105.75K","+0.97%"
"11/26/2021","314.95","338.00","347.35","311.50","284.77K","-7.77%"
"11/25/2021","341.50","348.00","355.00","337.55","82.99K","-1.14%"
"11/24/2021","345.45","345.90","353.90","343.35","73.46K","+0.38%"
"11/23/2021","344.15","336.00","352.00","325.00","207.57K","+2.38%"
"11/22/2021","336.15","352.75","356.55","323.85","145.73K","-4.71%"
"11/18/2021","352.75","364.75","364.90","350.00","59.93K","-3.00%"
"11/17/2021","363.65","366.80","370.00","354.35","102.95K","-0.37%"
"11/16/2021","365.00","374.70","377.65","364.00","75.38K","-1.64%"
"11/15/2021","371.10","381.35","383.25","370.00","80.36K","-2.17%"
"11/12/2021","379.35","383.90","388.30","372.00","140.08K","+0.08%"
"11/11/2021","379.05","380.75","390.00","370.10","260.97K","+0.16%"
"11/10/2021","378.45","388.80","391.00","376.00","470.56K","-4.29%"
"11/09/2021","395.40","360.20","409.00","358.40","2.42M","+10.25%"
"11/08/2021","358.65","363.60","370.00","355.00","201.54K","-0.66%"
"11/04/2021","361.05","359.45","369.90","355.00","130.47K","+1.30%"
"11/03/2021","356.40","376.40","384.90","353.50","422.73K","-4.96%"
"11/02/2021","375.00","351.35","384.90","351.35","643.28K","+6.07%"
"11/01/2021","353.55","352.90","362.00","345.00","285.50K","+2.58%"
"10/29/2021","344.65","348.00","357.05","337.00","217.65K","-0.85%"
"10/28/2021","347.60","356.00","365.00","336.35","232.11K","-3.35%"
"10/27/2021","359.65","354.60","369.90","345.15","503.19K","+2.38%"
"10/26/2021","351.30","347.40","366.90","337.05","1.40M","-0.90%"
"10/25/2021","354.50","326.00","362.55","315.05","3.79M","+9.75%"
"10/22/2021","323.00","340.00","345.80","317.15","2.78M","-4.07%"
"10/21/2021","336.70","295.00","336.70","294.15","6.00M","+19.99%"
"10/20/2021","280.60","282.70","299.85","277.15","644.27K","-0.74%"
"10/19/2021","282.70","283.20","288.00","270.55","343.67K","+1.14%"
"10/18/2021","279.50","281.75","282.45","276.65","132.60K","+0.61%"
"10/14/2021","277.80","272.40","283.75","272.40","383.69K","+1.98%"
"10/13/2021","272.40","272.65","283.05","267.80","327.65K","+0.18%"
"10/12/2021","271.90","279.70","279.70","271.10","138.83K","-1.13%"
"10/11/2021","275.00","278.00","286.10","272.20","154.52K","-0.76%"
"10/08/2021","277.10","280.95","283.00","275.45","116.25K","-0.65%"
"10/07/2021","278.90","278.95","289.00","278.00","203.91K","+0.80%"
"10/06/2021","276.70","284.50","289.70","275.00","272.53K","-1.93%"
"10/05/2021","282.15","288.60","296.90","280.20","726.93K","-2.10%"
"10/04/2021","288.20","264.10","291.60","264.10","1.33M","+9.25%"
"10/01/2021","263.80","261.80","269.90","261.75","209.37K","+0.15%"
"09/30/2021","263.40","262.70","271.00","260.70","300.59K","-0.21%"
"09/29/2021","263.95","260.00","271.90","256.00","322.94K","+0.13%"
"09/28/2021","263.60","262.80","275.00","261.25","727.82K","-0.06%"
"09/27/2021","263.75","246.60","269.00","246.60","944.56K","+7.85%"
"09/24/2021","244.55","251.45","257.00","243.05","252.29K","-2.12%"
"09/23/2021","249.85","251.90","261.00","247.00","300.69K","-0.10%"
"09/22/2021","250.10","244.90","255.95","244.90","185.38K","+2.71%"
"09/21/2021","243.50","249.00","250.85","241.20","166.60K","-2.15%"
"09/20/2021","248.85","256.80","264.00","247.10","180.03K","-4.03%"
"09/17/2021","259.30","264.35","264.35","255.00","275.51K","-2.06%"
"09/16/2021","264.75","251.15","269.70","250.85","1.33M","+5.42%"
"09/15/2021","251.15","251.20","255.00","250.20","94.47K","-0.02%"
"09/14/2021","251.20","249.55","258.50","249.35","280.23K","+0.32%"
"09/13/2021","250.40","250.55","254.55","248.80","135.64K","-1.05%"
"09/09/2021","253.05","251.00","257.55","249.10","202.78K","+0.48%"
"09/08/2021","251.85","249.70","259.40","245.85","503.38K","+1.16%"
"09/07/2021","248.95","244.90","253.15","242.25","289.61K","+1.59%"
"09/06/2021","245.05","245.95","249.00","243.25","621.17K","+0.02%"
"09/03/2021","245.00","245.60","249.40","244.00","625.89K","-0.45%"
"09/02/2021","246.10","239.40","249.00","238.80","297.63K","+2.80%"
"09/01/2021","239.40","247.70","254.90","237.05","1.59M","-0.54%"
"08/31/2021","240.70","240.60","244.75","239.30","117.19K","+0.15%"
"08/30/2021","240.35","247.80","247.80","238.25","152.58K","-1.48%"
"08/27/2021","243.95","244.35","246.85","239.00","149.13K","-0.73%"
"08/26/2021","245.75","236.60","257.80","236.60","1.04M","+2.37%"
"08/25/2021","240.05","238.00","241.90","235.70","105.83K","+1.07%"
"08/24/2021","237.50","229.30","242.00","228.50","98.97K","+3.24%"
"08/23/2021","230.05","236.00","241.30","225.50","127.08K","-2.27%"
"08/20/2021","235.40","237.05","239.25","232.55","106.08K","-1.90%"
"08/18/2021","239.95","244.95","245.70","239.50","87.59K","-2.00%"
"08/17/2021","244.85","245.35","250.15","239.00","240.96K","-1.39%"
"08/16/2021","248.30","241.25","255.25","237.40","322.66K","+2.27%"
"08/13/2021","242.80","244.40","247.40","241.05","80.53K","-2.14%"
"08/12/2021","248.10","236.70","255.45","235.25","913.32K","+6.39%"
"08/11/2021","233.20","236.25","238.25","226.00","211.16K","-1.54%"
"08/10/2021","236.85","248.70","249.70","231.40","125.83K","-4.38%"
"08/09/2021","247.70","251.50","252.55","246.50","105.37K","-0.90%"
"08/06/2021","249.95","256.40","256.45","248.00","107.29K","-1.85%"
"08/05/2021","254.65","255.00","260.00","250.00","187.03K","+0.65%"
"08/04/2021","253.00","263.00","270.00","251.00","287.62K","-3.18%"
"08/03/2021","261.30","266.75","270.90","260.10","190.37K","-1.79%"
"08/02/2021","266.05","275.00","275.00","263.00","383.58K","-0.43%"
"07/30/2021","267.20","263.00","275.00","259.05","1.12M","+0.11%"
"07/29/2021","266.90","242.30","290.60","242.20","4.18M","+10.20%"
"07/28/2021","242.20","245.90","248.00","238.20","147.27K","-1.04%"
"07/27/2021","244.75","249.70","251.90","243.55","192.76K","-1.41%"
"07/26/2021","248.25","249.00","253.05","245.65","201.13K","+0.67%"
"07/23/2021","246.60","254.90","255.30","245.10","126.05K","-2.76%"
"07/22/2021","253.60","247.00","258.00","247.00","355.29K","+2.61%"
"07/20/2021","247.15","251.60","251.60","241.85","148.36K","-1.77%"
"07/19/2021","251.60","244.80","254.00","242.85","231.75K","+1.78%"
"07/16/2021","247.20","249.40","252.20","246.15","102.06K","-0.28%"
"07/15/2021","247.90","251.90","254.70","247.40","142.91K","-1.12%"
"07/14/2021","250.70","254.35","257.00","249.10","190.27K","-0.89%"
"07/13/2021","252.95","253.00","266.70","250.60","1.23M","+0.66%"
"07/12/2021","251.30","246.05","257.55","246.05","459.76K","+2.18%"
"07/09/2021","245.95","245.90","250.00","244.00","140.13K","-0.18%"
"07/08/2021","246.40","246.80","256.20","243.80","486.28K","-0.56%"
"07/07/2021","247.80","245.00","255.00","244.25","421.76K","+1.52%"
"07/06/2021","244.10","244.95","257.60","241.80","903.29K","-0.10%"
"07/05/2021","244.35","239.45","248.20","238.15","172.41K","+2.78%"
"07/02/2021","237.75","240.00","246.80","235.65","228.79K","-0.40%"
"07/01/2021","238.70","240.35","243.55","234.55","286.14K","-0.04%"
"06/30/2021","238.80","244.45","246.75","236.70","196.41K","-1.81%"
"06/29/2021","243.20","248.75","254.85","240.30","581.48K","-2.19%"
"06/28/2021","248.65","256.80","259.40","244.00","1.57M","-4.95%"
"06/25/2021","261.60","226.15","270.00","224.00","2.89M","+15.88%"
"06/24/2021","225.75","229.70","230.40","224.85","50.93K","-1.10%"
"06/23/2021","228.25","231.95","236.00","226.50","128.38K","-0.89%"
"06/22/2021","230.30","236.85","237.00","228.00","92.73K","-1.90%"
"06/21/2021","234.75","225.00","236.70","221.20","135.30K","+3.60%"
"06/18/2021","226.60","233.00","233.60","218.70","88.42K","-1.69%"
"06/17/2021","230.50","234.00","239.20","228.20","120.31K","-1.81%"
"06/16/2021","234.75","232.05","236.90","230.50","106.43K","+0.62%"
"06/15/2021","233.30","236.50","237.50","231.00","79.74K","-0.66%"
"06/14/2021","234.85","240.25","240.25","232.50","111.92K","-1.51%"
"06/11/2021","238.45","237.30","243.00","236.00","99.04K","+1.06%"
"06/10/2021","235.95","238.00","238.95","235.00","93.80K","+0.30%"
"06/09/2021","235.25","241.30","244.15","231.00","179.58K","-2.12%"
"06/08/2021","240.35","244.30","244.30","236.55","159.43K","-1.31%"
"06/07/2021","243.55","239.35","248.50","239.30","287.18K","+2.53%"
"06/04/2021","237.55","243.70","246.00","236.25","377.63K","-0.69%"
"06/03/2021","239.20","230.90","243.50","226.40","899.87K","+4.09%"
"06/02/2021","229.80","223.50","232.00","221.55","221.83K","+2.75%"
"06/01/2021","223.65","229.40","230.80","222.05","149.08K","-1.82%"
"05/31/2021","227.80","220.00","229.50","220.00","269.24K","+3.57%"
"05/28/2021","219.95","223.75","224.40","218.00","181.93K","-0.83%"
"05/27/2021","221.80","231.60","231.75","219.75","194.56K","-3.59%"
"05/26/2021","230.05","223.65","232.95","223.45","445.75K","+3.67%"
"05/25/2021","221.90","222.90","228.95","216.60","523.33K","+0.45%"
"05/24/2021","220.90","209.75","223.50","208.40","682.10K","+5.82%"
"05/21/2021","208.75","210.35","211.00","207.65","95.98K","+0.14%"
"05/20/2021","208.45","211.50","212.50","206.50","99.89K","-0.43%"
"05/19/2021","209.35","204.70","214.20","204.00","313.49K","+2.82%"
"05/18/2021","203.60","204.90","206.30","203.00","56.03K","+0.57%"
"05/17/2021","202.45","200.70","206.50","199.75","91.64K","+1.78%"
"05/14/2021","198.90","203.65","203.65","197.00","57.56K","-1.19%"
"05/12/2021","201.30","206.50","207.50","200.15","92.36K","-1.73%"
"05/11/2021","204.85","195.40","208.75","194.85","203.96K","+4.25%"
"05/10/2021","196.50","194.50","198.50","194.45","65.04K","+1.08%"
"05/07/2021","194.40","193.95","197.25","193.00","59.98K","+0.23%"
"05/06/2021","193.95","194.55","196.60","193.15","54.50K","-1.07%"
"05/05/2021","196.05","197.20","197.30","195.30","24.74K","+0.13%"
"05/04/2021","195.80","199.25","202.00","195.00","97.30K","-0.96%"
"05/03/2021","197.70","202.00","203.00","196.20","91.25K","-1.13%"
"04/30/2021","199.95","200.00","203.55","191.55","97.60K","-0.15%"
"04/29/2021","200.25","196.50","204.50","195.10","450.08K","+3.49%"
"04/28/2021","193.50","194.20","196.00","192.80","45.82K","+0.18%"
"04/27/2021","193.15","193.10","196.20","191.25","68.97K","-0.64%"
"04/26/2021","194.40","192.00","196.85","192.00","90.30K","+1.54%"
"04/23/2021","191.45","191.10","197.70","189.60","103.66K","+0.71%"
"04/22/2021","190.10","188.30","191.15","186.10","37.35K","-0.63%"
"04/20/2021","191.30","186.95","196.00","186.95","127.32K","+3.21%"
"04/19/2021","185.35","190.20","190.20","174.10","122.56K","-4.06%"
"04/16/2021","193.20","195.00","195.00","190.60","87.26K","-0.41%"
"04/15/2021","194.00","188.15","196.20","187.50","97.14K","+0.91%"
"04/13/2021","192.25","189.60","193.50","187.00","69.77K","+1.94%"
"04/12/2021","188.60","200.40","200.40","188.00","208.70K","-7.48%"
"04/09/2021","203.85","206.50","206.50","203.00","69.65K","-0.83%"
"04/08/2021","205.55","205.00","208.55","204.55","74.17K","+0.32%"
"04/07/2021","204.90","203.70","208.45","200.40","140.35K","+1.14%"
"04/06/2021","202.60","205.70","206.50","201.00","176.19K","-0.56%"
"04/05/2021","203.75","211.60","215.60","201.50","185.34K","-5.50%"
"04/01/2021","215.60","217.00","218.40","212.40","126.56K","+0.28%"
"03/31/2021","215.00","215.00","217.70","206.65","193.04K","+1.06%"
"03/30/2021","212.75","211.25","216.30","203.85","251.41K","+0.21%"
"03/26/2021","212.30","214.00","216.35","206.00","220.48K","+1.34%"
"03/25/2021","209.50","212.60","230.00","200.50","501.40K","-1.34%"
"03/24/2021","212.35","219.00","220.55","210.30","100.25K","-3.76%"
"03/23/2021","220.65","223.45","228.00","219.05","155.63K","-0.43%"
"03/22/2021","221.60","219.00","225.00","214.05","151.04K","+1.42%"
"03/19/2021","218.50","216.20","220.20","210.15","266.56K","-1.55%"
"03/18/2021","221.95","227.60","229.70","218.00","189.17K","-0.76%"
"03/17/2021","223.65","236.20","237.00","221.90","192.61K","-5.71%"
"03/16/2021","237.20","232.00","243.60","231.95","219.39K","+2.15%"
"03/15/2021","232.20","238.70","238.70","229.15","179.25K","-2.07%"
"03/12/2021","237.10","246.00","246.80","235.55","209.81K","-3.09%"
"03/10/2021","244.65","253.70","253.70","242.55","242.46K","-1.73%"
"03/09/2021","248.95","263.45","269.95","243.15","963.99K","-3.68%"
"03/08/2021","258.45","252.40","264.00","252.40","1.23M","+4.53%"
"03/05/2021","247.25","243.95","265.55","241.40","3.54M","+2.02%"
"03/04/2021","242.35","230.80","249.05","223.10","1.86M","+3.88%"
"03/03/2021","233.30","214.25","247.00","212.75","4.19M","+10.00%"
"03/02/2021","212.10","212.65","215.00","209.80","141.13K","-0.26%"
"03/01/2021","212.65","208.05","214.80","206.70","170.47K","+2.46%"
"02/26/2021","207.55","206.00","209.25","203.40","161.34K","-0.41%"
"02/25/2021","208.40","208.80","214.00","207.20","80.69K","+0.68%"
"02/24/2021","207.00","204.45","210.35","203.20","50.50K","+1.72%"
"02/23/2021","203.50","203.10","208.30","202.60","80.48K","+0.20%"
"02/22/2021","203.10","208.00","210.00","202.05","109.79K","-2.96%"
"02/19/2021","209.30","212.50","216.00","208.20","187.43K","-1.60%"
"02/18/2021","212.70","217.90","217.90","211.90","117.69K","-0.51%"
"02/17/2021","213.80","211.10","218.80","209.40","233.22K","+0.35%"
"02/16/2021","213.05","216.90","216.90","211.00","178.61K","-1.75%"
"02/15/2021","216.85","212.35","221.50","208.55","524.69K","+2.94%"
"02/12/2021","210.65","219.00","223.20","208.55","754.76K","-2.81%"
"02/11/2021","216.75","199.00","221.95","198.05","723.00K","+9.30%"
"02/10/2021","198.30","200.10","202.00","197.50","79.28K","-1.32%"
"02/09/2021","200.95","203.35","203.70","199.60","59.56K","-0.47%"
"02/08/2021","201.90","202.80","205.50","201.60","80.82K","+0.05%"
"02/05/2021","201.80","206.00","207.00","200.10","84.49K","-1.46%"
"02/04/2021","204.80","207.70","208.85","204.25","74.87K","-0.92%"
"02/03/2021","206.70","203.40","211.80","201.20","416.20K","+2.53%"
"02/02/2021","201.60","201.50","205.70","200.00","75.74K","+1.13%"
"02/01/2021","199.35","202.00","202.00","196.95","77.38K","+0.99%"
"01/29/2021","197.40","196.40","199.40","196.00","80.12K","+1.00%"
"01/28/2021","195.45","196.00","199.50","193.05","74.37K","-0.96%"
"01/27/2021","197.35","201.45","201.55","196.55","75.46K","-1.82%"
"01/25/2021","201.00","202.90","203.15","200.00","85.89K","+0.32%"
"01/22/2021","200.35","202.00","205.35","198.00","127.52K","-1.84%"
"01/21/2021","204.10","210.00","210.00","202.25","159.33K","-1.40%"
"01/20/2021","207.00","209.80","210.40","201.00","236.61K","-1.33%"
"01/19/2021","209.80","208.10","214.60","207.05","215.50K","+1.48%"
"01/18/2021","206.75","206.70","216.00","203.40","455.06K","+0.02%"
"01/15/2021","206.70","214.80","219.45","192.60","759.20K","-2.75%"
"01/14/2021","212.55","214.70","216.95","212.00","185.20K","-0.54%"
"01/13/2021","213.70","216.50","225.00","212.00","442.96K","-0.35%"
"01/12/2021","214.45","212.80","221.00","208.75","789.61K","+1.11%"
"01/11/2021","212.10","204.30","217.00","204.30","1.03M","+4.59%"
"01/08/2021","202.80","205.00","207.00","202.00","141.84K","-0.59%"
"01/07/2021","204.00","204.50","206.40","200.00","209.44K","+0.84%"
"01/06/2021","202.30","205.30","209.20","200.00","180.57K","-1.00%"
"01/05/2021","204.35","204.00","205.75","200.80","287.76K","-1.09%"
"01/04/2021","206.60","207.30","209.00","203.90","151.92K","+0.46%"
"01/01/2021","205.65","201.50","208.00","199.80","194.57K","+3.01%"
"12/31/2020","199.65","200.70","202.20","199.05","93.48K","-0.05%"
"12/30/2020","199.75","204.45","204.45","198.65","127.85K","-1.02%"
"12/29/2020","201.80","204.50","206.00","198.25","259.02K","-0.30%"
"12/28/2020","202.40","204.70","205.90","202.00","135.36K","+0.70%"
"12/24/2020","201.00","203.85","206.65","176.15","346.91K","-0.86%"
"12/23/2020","202.75","197.00","213.80","197.00","457.26K","+4.54%"
"12/22/2020","193.95","191.10","197.00","181.05","284.14K","+0.18%"
"12/21/2020","193.60","211.80","212.00","174.05","403.36K","-8.25%"
"12/18/2020","211.00","216.90","218.40","208.10","232.31K","-2.36%"
"12/17/2020","216.10","212.30","224.80","210.10","975.55K","+2.76%"
"12/16/2020","210.30","208.60","212.75","207.25","148.65K","+2.09%"
"12/15/2020","206.00","210.00","210.70","204.10","144.63K","-1.69%"
"12/14/2020","209.55","211.60","218.35","208.10","204.28K","-1.20%"
"12/11/2020","212.10","211.00","222.50","210.40","723.34K","+1.19%"
"12/10/2020","209.60","221.70","221.70","208.30","592.81K","-4.51%"
"12/09/2020","219.50","195.60","229.00","195.20","3.15M","+12.80%"
"12/08/2020","194.60","191.40","197.40","191.00","359.14K","+1.67%"
"12/07/2020","191.40","188.50","193.70","185.05","343.00K","+2.54%"
"12/04/2020","186.65","189.90","189.90","184.15","97.71K","-0.59%"
"12/03/2020","187.75","185.25","191.45","184.65","274.71K","+1.84%"
"12/02/2020","184.35","186.00","186.00","184.00","55.65K","-0.11%"
"12/01/2020","184.55","186.20","187.80","183.20","91.10K","-0.89%"
"11/27/2020","186.20","190.00","190.00","185.05","143.20K","+1.53%"
"11/26/2020","183.40","185.00","186.80","182.50","87.67K","-0.62%"
"11/25/2020","184.55","181.65","186.45","181.05","135.94K","+2.02%"
"11/24/2020","180.90","185.00","185.00","180.00","88.97K","-1.17%"
"11/23/2020","183.05","185.00","185.00","179.90","111.17K","-1.13%"
"11/20/2020","185.15","182.00","186.45","182.00","138.59K","+2.15%"
"11/19/2020","181.25","187.95","192.00","180.15","405.35K","-0.52%"
"11/18/2020","182.20","178.00","185.00","176.10","513.93K","+2.24%"
"11/17/2020","178.20","179.90","179.90","174.75","157.13K","-0.17%"
"11/14/2020","178.50","178.25","179.90","177.35","65.03K","+0.65%"
"11/13/2020","177.35","172.65","180.85","170.20","505.01K","+2.81%"
"11/12/2020","172.50","172.30","175.50","171.05","72.81K","+0.00%"
"11/11/2020","172.50","176.05","177.05","171.55","115.05K","-1.09%"
"11/10/2020","174.40","170.40","177.50","169.45","397.49K","+4.87%"
"11/09/2020","166.30","167.15","168.45","164.80","53.49K","-0.51%"
"11/06/2020","167.15","170.10","170.10","166.65","23.70K","-0.30%"
"11/05/2020","167.65","167.15","169.45","167.15","35.74K","+0.03%"
"11/04/2020","167.60","168.45","168.60","167.15","59.53K","-0.18%"
"11/03/2020","167.90","169.15","169.45","165.70","49.48K","+1.42%"
"11/02/2020","165.55","168.05","168.05","162.35","66.92K","+1.44%"
"10/30/2020","163.20","163.40","168.30","161.80","33.66K","-0.55%"
"10/29/2020","164.10","165.70","168.35","159.05","48.41K","-1.47%"
"10/28/2020","166.55","170.40","170.95","165.20","52.40K","-1.71%"
"10/27/2020","169.45","168.50","172.85","167.30","65.03K","-0.03%"
"10/26/2020","169.50","175.15","175.70","168.50","131.81K","-1.25%"
"10/23/2020","171.65","175.15","175.70","170.55","91.55K","-0.61%"
"10/22/2020","172.70","166.65","174.45","166.65","138.88K","+2.86%"
"10/21/2020","167.90","169.70","171.20","166.10","153.64K","-1.06%"
"10/20/2020","169.70","167.35","172.05","164.80","120.55K","+1.40%"
"10/19/2020","167.35","167.55","169.45","163.80","177.23K","+1.86%"
"10/16/2020","164.30","167.50","167.50","161.10","47.22K","+0.74%"
"10/15/2020","163.10","164.85","168.50","161.90","62.16K","-1.42%"
"10/14/2020","165.45","167.45","169.45","162.85","37.44K","+0.52%"
"10/13/2020","164.60","164.85","169.45","162.85","63.39K","-0.15%"
"10/12/2020","164.85","169.00","169.00","162.85","71.54K","-1.32%"
"10/09/2020","167.05","168.15","169.85","164.75","87.74K","-0.21%"
"10/08/2020","167.40","171.75","171.75","165.70","96.42K","-1.82%"
"10/07/2020","170.50","174.90","174.90","169.50","144.38K","-1.90%"
"10/06/2020","173.80","181.00","182.35","172.90","245.95K","-3.58%"
"10/05/2020","180.25","173.15","187.25","173.10","2.43M","+5.13%"
"10/01/2020","171.45","164.75","173.75","164.75","299.10K","+4.64%"
"09/30/2020","163.85","164.00","166.00","161.45","48.38K","-0.09%"
"09/29/2020","164.00","168.95","168.95","161.25","62.40K","-1.56%"
"09/28/2020","166.60","160.85","167.55","158.15","211.82K","+5.34%"
"09/25/2020","158.15","160.85","160.85","154.00","60.23K","+1.28%"
"09/24/2020","156.15","157.15","157.15","152.90","90.20K","-2.13%"
"09/23/2020","159.55","152.60","160.95","152.60","160.65K","+3.98%"
"09/22/2020","153.45","157.35","161.55","147.85","150.02K","-4.03%"
"09/21/2020","159.90","161.85","162.15","158.80","107.44K","-0.37%"
"09/18/2020","160.50","162.10","163.10","160.00","76.79K","-0.65%"
"09/17/2020","161.55","164.25","164.75","160.95","98.75K","-1.91%"
"09/16/2020","164.70","167.55","167.55","163.90","60.07K","-0.90%"
"09/15/2020","166.20","170.20","170.20","164.25","64.03K","-1.39%"
"09/14/2020","168.55","168.45","170.40","167.20","163.95K","+2.31%"
"09/11/2020","164.75","162.35","166.45","161.95","69.73K","+1.32%"
"09/10/2020","162.60","160.95","164.65","160.95","63.28K","+1.78%"
"09/09/2020","159.75","161.40","161.95","157.15","134.11K","-2.08%"
"09/08/2020","163.15","167.00","167.40","161.90","186.64K","-1.92%"
"09/07/2020","166.35","170.75","173.00","164.50","170.73K","-1.33%"
"09/04/2020","168.60","168.50","171.30","163.55","297.69K","-2.43%"
"09/03/2020","172.80","168.25","176.00","168.05","252.13K","+3.60%"
"09/02/2020","166.80","169.10","169.10","164.80","166.50K","-0.21%"
"09/01/2020","167.15","170.90","174.70","161.90","266.38K","-1.82%"
"08/31/2020","170.25","180.85","182.00","166.65","506.20K","-4.99%"
"08/28/2020","179.20","179.90","181.75","176.45","354.28K","+0.20%"
"08/27/2020","178.85","185.45","185.45","177.10","403.26K","-2.77%"
"08/26/2020","183.95","184.60","188.40","182.00","691.22K","+1.69%"
"08/25/2020","180.90","178.35","184.35","176.85","1.06M","+2.52%"
"08/24/2020","176.45","176.50","181.85","171.40","844.86K","+2.71%"
"08/21/2020","171.80","165.15","175.05","164.75","1.19M","+4.98%"
"08/20/2020","163.65","158.60","170.35","156.90","1.19M","+4.30%"
"08/19/2020","156.90","156.00","161.35","156.00","508.44K","+0.58%"
"08/18/2020","156.00","157.75","159.30","155.25","231.72K","-1.86%"
"08/17/2020","158.95","164.75","164.75","158.10","209.73K","-2.27%"
"08/14/2020","162.65","170.35","173.25","160.00","647.96K","-1.84%"
"08/13/2020","165.70","157.15","170.40","156.30","1.20M","+6.22%"
"08/12/2020","156.00","153.35","162.35","152.00","462.34K","+0.78%"
"08/11/2020","154.80","150.65","159.55","150.65","656.41K","+2.35%"
"08/10/2020","151.25","156.20","156.20","150.55","170.50K","+0.13%"
"08/07/2020","151.05","148.65","157.85","148.65","311.23K","+1.21%"
"08/06/2020","149.25","154.80","154.80","145.35","52.75K","-1.26%"
"08/05/2020","151.15","155.15","156.05","150.55","160.08K","-0.03%"
"08/04/2020","151.20","147.60","160.30","146.00","149.17K","+3.74%"
"08/03/2020","145.75","149.95","149.95","145.35","73.96K","-2.61%"
"07/31/2020","149.65","153.35","155.95","148.05","158.00K","-2.38%"
"07/30/2020","153.30","146.85","156.50","146.85","746.34K","+7.73%"
"07/29/2020","142.30","144.65","144.85","141.55","115.71K","-0.94%"
"07/28/2020","143.65","148.50","148.50","142.90","48.54K","-1.37%"
"07/27/2020","145.65","149.10","149.60","143.55","68.27K","-0.75%"
"07/24/2020","146.75","151.30","151.30","146.25","85.19K","-3.29%"
"07/23/2020","151.75","149.60","153.35","148.65","80.64K","+1.54%"
"07/22/2020","149.45","152.15","152.45","147.25","64.77K","-0.37%"
"07/21/2020","150.00","149.40","152.25","146.75","87.49K","+0.40%"
"07/20/2020","149.40","150.55","151.90","146.75","77.74K","+0.54%"
"07/17/2020","148.60","142.50","150.55","140.10","115.78K","+4.03%"
"07/16/2020","142.85","146.75","149.15","142.00","83.56K","-2.49%"
"07/15/2020","146.50","149.05","153.00","144.85","84.64K","-1.71%"
"07/14/2020","149.05","153.20","155.75","146.75","77.98K","-2.01%"
"07/13/2020","152.10","159.05","159.05","151.10","176.77K","-4.37%"
"07/10/2020","159.05","164.25","164.25","157.40","141.69K","-3.17%"
"07/09/2020","164.25","164.90","168.45","162.60","70.27K","+0.37%"
"07/08/2020","163.65","165.70","169.45","161.90","156.77K","+0.03%"
"07/07/2020","163.60","162.35","165.05","160.45","158.48K","+1.02%"
"07/06/2020","161.95","160.95","163.80","159.10","185.50K","+1.82%"
"07/03/2020","159.05","161.85","161.85","158.10","82.54K","+0.06%"
"07/02/2020","158.95","162.85","164.55","158.35","111.56K","-0.81%"
"07/01/2020","160.25","161.90","161.90","159.05","121.04K","+0.34%"
"06/30/2020","159.70","167.55","172.20","158.60","218.23K","-3.33%"
"06/29/2020","165.20","165.85","169.45","163.85","99.39K","-3.45%"
"06/26/2020","171.10","169.45","174.20","169.45","110.20K","+1.27%"
"06/25/2020","168.95","165.85","172.20","165.20","86.28K","-0.32%"
"06/24/2020","169.50","176.10","178.00","168.50","231.66K","-2.33%"
"06/23/2020","173.55","173.25","174.95","167.65","157.25K","+1.17%"
"06/22/2020","171.55","172.45","173.75","167.55","165.89K","+0.76%"
"06/19/2020","170.25","170.40","174.20","169.30","143.39K","+0.53%"
"06/18/2020","169.35","165.30","173.20","165.30","121.03K","+2.48%"
"06/17/2020","165.25","167.55","174.20","161.90","277.71K","-1.72%"
"06/16/2020","168.15","175.15","177.05","163.80","230.98K","-3.86%"
"06/15/2020","174.90","175.15","184.20","172.30","326.71K","+1.16%"
"06/12/2020","172.90","166.65","174.25","166.65","372.26K","-1.45%"
"06/11/2020","175.45","173.25","179.90","173.25","229.73K","-2.66%"
"06/10/2020","180.25","190.20","194.10","179.90","331.71K","-4.50%"
"06/09/2020","188.75","198.55","198.85","188.40","378.32K","-4.74%"
"06/08/2020","198.15","211.10","211.10","193.45","684.38K","-2.53%"
"06/05/2020","203.30","194.20","203.90","184.45","1.44M","+4.69%"
"06/04/2020","194.20","214.55","214.55","194.20","1.60M","-4.97%"
"06/03/2020","204.35","204.35","204.35","200.70","198.24K","+9.98%"
"06/02/2020","185.80","165.70","185.80","165.25","1.91M","+19.99%"
"06/01/2020","154.85","147.70","154.85","138.20","1.40M","+19.99%"
"05/29/2020","129.05","127.70","135.85","124.80","1.11M","+2.34%"
"05/28/2020","126.10","128.75","128.75","125.05","149.95K","+0.20%"
"05/27/2020","125.85","127.35","127.35","124.50","69.92K","+0.16%"
"05/26/2020","125.65","129.70","129.70","124.20","101.08K","-0.20%"
"05/22/2020","125.90","126.85","128.80","124.10","256.47K","+0.12%"
"05/21/2020","125.75","127.80","135.95","124.00","451.77K","-0.04%"
"05/20/2020","125.80","125.90","130.80","124.10","77.24K","-1.33%"
"05/19/2020","127.50","137.20","138.00","124.15","137.50K","-3.48%"
"05/18/2020","132.10","150.45","150.45","130.65","152.99K","-12.55%"
"05/15/2020","151.05","152.40","157.70","148.00","56.92K","+0.03%"
"05/14/2020","151.00","151.50","154.20","150.55","39.89K","-1.66%"
"05/13/2020","153.55","154.80","159.95","152.45","38.92K","+0.52%"
"05/12/2020","152.75","157.00","157.00","149.85","34.70K","-1.10%"
"05/11/2020","154.45","157.85","159.25","153.65","31.93K","+0.16%"
"05/08/2020","154.20","158.85","161.90","153.35","38.20K","-1.15%"
"05/07/2020","156.00","158.90","164.55","153.20","86.92K","+0.13%"
"05/06/2020","155.80","158.10","166.65","154.80","92.26K","-1.17%"
"05/05/2020","157.65","172.30","172.30","155.25","72.84K","-5.40%"
"05/04/2020","166.65","177.05","179.90","165.70","82.77K","-5.87%"
"04/30/2020","177.05","183.60","192.20","172.30","205.66K","-1.91%"
"04/29/2020","180.50","182.55","188.40","176.85","41.00K","+1.55%"
"04/28/2020","177.75","184.60","185.30","176.30","16.54K","-2.20%"
"04/27/2020","181.75","187.45","189.35","181.00","5.86K","+1.06%"
"04/24/2020","179.85","185.40","187.40","178.50","12.89K","-2.04%"
"04/23/2020","183.60","188.20","188.20","181.80","44.35K","+1.72%"
"04/22/2020","180.50","176.10","182.45","176.10","13.91K","+0.81%"
"04/21/2020","179.05","189.05","192.20","172.90","34.16K","-4.23%"
"04/20/2020","186.95","191.25","196.75","185.55","35.68K","-1.03%"
"04/17/2020","188.90","194.10","198.70","173.85","24.47K","-0.05%"
"04/16/2020","189.00","193.80","194.10","187.45","13.51K","+1.02%"
"04/15/2020","187.10","184.15","198.70","184.15","20.28K","+1.60%"
"04/13/2020","184.15","187.45","191.65","180.90","32.06K","-2.44%"
"04/09/2020","188.75","187.75","198.80","175.65","31.14K","+1.13%"
"04/08/2020","186.65","184.45","195.75","182.80","15.50K","+1.28%"
"04/07/2020","184.30","182.80","199.35","176.50","16.83K","+1.68%"
"04/03/2020","181.25","189.25","189.25","175.35","6.37K","-0.82%"
"04/01/2020","182.75","179.00","188.40","178.95","4.71K","+0.74%"
"03/31/2020","181.40","191.50","213.25","179.00","17.69K","-6.45%"
"03/30/2020","193.90","189.35","200.70","184.90","364.09K","-1.92%"
"03/27/2020","197.70","196.90","207.05","196.00","5.32K","+1.33%"
"03/26/2020","195.10","182.70","208.15","179.90","21.52K","+1.64%"
"03/25/2020","191.95","170.40","195.25","165.70","6.43K","+8.14%"
"03/24/2020","177.50","178.95","184.55","164.90","19.87K","-3.08%"
"03/23/2020","183.15","180.85","216.80","179.05","23.83K","-7.59%"
"03/20/2020","198.20","213.10","221.75","191.85","13.22K","-7.01%"
"03/19/2020","213.15","217.75","221.60","203.70","13.82K","-3.90%"
"03/18/2020","221.80","248.45","254.60","217.80","30.82K","-10.28%"
"03/17/2020","247.20","247.30","265.35","242.00","87.03K","-4.94%"
"03/16/2020","260.05","277.40","284.60","255.55","20.91K","-10.57%"
"03/13/2020","290.80","274.55","321.90","274.55","12.72K","-2.56%"
"03/12/2020","298.45","331.35","331.35","295.15","18.53K","-11.04%"
"03/11/2020","335.50","341.80","354.05","329.75","20.56K","-1.60%"
"03/09/2020","340.95","336.55","348.55","332.35","20.78K","-2.53%"
"03/06/2020","349.80","340.85","357.40","340.85","4.95K","-1.48%"
"03/05/2020","355.05","355.05","359.55","344.45","26.63K","-0.17%"
"03/04/2020","355.65","359.90","364.45","350.55","34.29K","-0.77%"
"03/03/2020","358.40","359.70","361.55","348.95","28.80K","+0.67%"
"03/02/2020","356.00","359.70","362.15","347.15","31.14K","-1.04%"
"02/28/2020","359.75","360.60","361.10","347.30","25.89K","-0.80%"
"02/27/2020","362.65","362.40","364.45","356.35","21.63K","+0.03%"
"02/26/2020","362.55","359.85","364.45","354.55","25.56K","-0.01%"
"02/25/2020","362.60","363.95","366.40","359.75","14.93K","-1.15%"
"02/24/2020","366.80","358.45","369.15","355.85","31.99K","+1.26%"
"02/20/2020","362.25","359.75","363.80","351.55","14.30K","-0.10%"
"02/19/2020","362.60","363.50","366.15","357.90","30.71K","-0.06%"
"02/18/2020","362.80","363.90","366.30","356.65","6.35K","-0.06%"
"02/17/2020","363.00","360.75","369.00","351.65","9.63K","+0.68%"
"02/14/2020","360.55","365.70","369.25","356.90","178.58K","-1.78%"
"02/13/2020","367.10","369.00","369.25","364.50","19.57K","-0.47%"
"02/12/2020","368.85","371.10","372.05","366.65","84.50K","-0.67%"
"02/11/2020","371.35","374.95","376.80","365.45","61.02K","-1.17%"
"02/10/2020","375.75","379.30","381.50","373.55","60.73K","-0.94%"
"02/07/2020","379.30","373.95","382.30","370.20","12.08K","+0.13%"
"02/06/2020","378.80","380.10","385.10","376.40","7.72K","-1.16%"
"02/05/2020","383.25","382.50","391.65","379.65","15.12K","+0.01%"
"02/04/2020","383.20","393.75","393.75","380.90","61.93K","-1.48%"
"02/03/2020","388.95","381.45","395.35","381.45","22.84K","-0.35%"
"02/01/2020","390.30","387.20","395.45","385.50","497.27K","-0.46%"
"01/31/2020","392.10","397.55","397.55","391.95","8.34K","-1.36%"
"01/30/2020","397.50","394.80","398.60","390.15","23.90K","-0.05%"
"01/29/2020","397.70","405.10","405.10","392.85","15.44K","-0.05%"
"01/28/2020","397.90","394.80","411.25","389.60","43.73K","-0.13%"
"01/27/2020","398.40","388.15","401.35","388.15","20.47K","+0.84%"
"01/24/2020","395.10","393.40","398.95","387.25","17.52K","+0.83%"
"01/23/2020","391.85","385.45","396.70","384.50","299.29K","-0.04%"
"01/22/2020","392.00","406.15","406.60","388.90","27.47K","-2.92%"
"01/21/2020","403.80","387.25","423.65","381.55","399.35K","+3.23%"
"01/20/2020","391.15","391.75","407.95","384.05","507.95K","+0.49%"
"01/17/2020","389.25","384.40","397.65","379.65","22.45K","+2.19%"
"01/16/2020","380.90","383.15","385.15","376.10","287.78K","-1.04%"
"01/15/2020","384.90","377.75","393.80","368.70","103.80K","+3.70%"
"01/14/2020","371.15","365.15","372.00","365.15","10.07K","+0.49%"
"01/13/2020","369.35","369.25","370.60","364.50","14.38K","+1.33%"
"01/10/2020","364.50","366.40","366.40","359.75","287.44K","+0.90%"
"01/09/2020","361.25","359.65","363.50","356.95","16.70K","+1.16%"
"01/08/2020","357.10","343.75","359.55","343.75","18.53K","+2.01%"
"01/07/2020","350.05","346.65","352.90","342.35","8.29K","-0.06%"
"01/06/2020","350.25","360.60","360.60","346.55","15.35K","-1.27%"
"01/03/2020","354.75","354.10","360.20","344.85","34.76K","+0.81%"
"01/02/2020","351.90","354.45","354.45","343.30","14.29K","+0.60%"
"01/01/2020","349.80","346.05","352.65","345.15","2.52K","-0.75%"
"12/31/2019","352.45","354.00","354.05","343.25","70.58K","-0.48%"
"12/30/2019","354.15","343.55","356.90","338.75","90.55K","+4.09%"
"12/27/2019","340.25","323.90","344.55","320.05","57.14K","+5.10%"
"12/26/2019","323.75","326.65","326.75","320.20","25.63K","-0.63%"
"12/24/2019","325.80","328.30","339.70","323.05","17.30K","-1.45%"
"12/23/2019","330.60","331.35","339.35","327.95","36.92K","-1.12%"
"12/20/2019","334.35","336.65","337.00","333.25","1.09K","-1.14%"
"12/19/2019","338.20","344.50","344.50","329.80","13.73K","+2.66%"
"12/18/2019","329.45","335.15","336.15","326.25","14.98K","-1.74%"
"12/17/2019","335.30","329.50","336.05","329.50","7.69K","+0.72%"
"12/16/2019","332.90","328.50","337.45","326.40","27.84K","+1.03%"
"12/13/2019","329.50","331.35","331.85","323.80","10.05K","+0.72%"
"12/12/2019","327.15","333.15","333.95","325.65","2.82K","-0.50%"
"12/11/2019","328.80","331.35","331.35","324.70","4.98K","+0.29%"
"12/10/2019","327.85","334.20","334.20","327.80","3.73K","-0.89%"
"12/09/2019","330.80","338.95","338.95","328.40","4.29K","-2.12%"
"12/06/2019","337.95","330.40","341.75","327.10","25.82K","+2.27%"
"12/05/2019","330.45","331.35","333.85","327.65","6.36K","-0.63%"
"12/04/2019","332.55","349.30","349.30","327.70","14.02K","-3.59%"
"12/03/2019","344.95","337.65","362.60","326.65","62.77K","+3.57%"
"12/02/2019","333.05","336.20","336.95","331.35","2.78K","-1.26%"
"11/29/2019","337.30","331.35","338.95","326.65","7.08K","+2.38%"
"11/28/2019","329.45","342.70","342.70","326.70","10.64K","-1.30%"
"11/27/2019","333.80","355.95","355.95","329.45","6.63K","+0.51%"
"11/26/2019","332.10","326.65","335.15","322.85","8.03K","+2.72%"
"11/25/2019","323.30","322.70","328.70","320.00","27.17K","-0.52%"
"11/22/2019","325.00","332.30","332.30","322.85","20.52K","-1.19%"
"11/21/2019","328.90","345.45","345.45","328.50","29.82K","-1.75%"
"11/20/2019","334.75","336.10","338.00","331.35","4.11K","+0.42%"
"11/19/2019","333.35","339.90","340.95","331.35","13.31K","-1.68%"
"11/18/2019","339.05","348.80","348.80","338.00","17.81K","-1.98%"
"11/15/2019","345.90","341.80","354.55","341.80","7.17K","+1.32%"
"11/14/2019","341.40","342.70","345.50","340.85","384.72K","-0.25%"
"11/13/2019","342.25","358.75","358.80","339.90","28.33K","-1.81%"
"11/11/2019","348.55","349.35","359.75","347.60","3.75K","-0.19%"
"11/08/2019","349.20","361.00","361.00","343.85","4.71K","-0.48%"
"11/07/2019","350.90","349.35","353.90","349.35","2.72K","+0.78%"
"11/06/2019","348.20","350.30","351.20","346.50","4.93K","-0.80%"
"11/05/2019","351.00","361.35","361.50","348.40","10.48K","-2.74%"
"11/04/2019","360.90","357.90","364.90","357.90","5.64K","+0.33%"
"11/01/2019","359.70","359.75","366.35","356.30","6.29K","+1.52%"
"10/31/2019","354.30","342.40","363.55","342.40","14.52K","+2.31%"
"10/30/2019","346.30","350.30","352.95","344.75","8.00K","-0.47%"
"10/29/2019","347.95","350.40","354.05","345.60","5.93K","-0.66%"
"10/27/2019","350.25","345.55","354.10","345.55","1.31K","+0.24%"
"10/25/2019","349.40","356.00","360.00","346.80","6.17K","-1.94%"
"10/24/2019","356.30","369.35","371.65","355.10","15.75K","-4.61%"
"10/23/2019","373.50","382.50","382.50","372.00","7.41K","-1.46%"
"10/22/2019","379.05","381.50","382.15","370.70","7.36K","+1.64%"
"10/18/2019","372.95","369.30","376.75","369.30","2.79K","-0.04%"
"10/17/2019","373.10","372.55","377.55","369.35","7.94K","+0.23%"
"10/16/2019","372.25","378.70","378.70","370.25","4.57K","-0.64%"
"10/15/2019","374.65","387.10","394.65","373.00","56.35K","-4.50%"
"10/14/2019","392.30","385.95","395.75","380.00","7.21K","+2.23%"
"10/11/2019","383.75","380.60","394.80","379.65","4.44K","+0.21%"
"10/10/2019","382.95","388.45","395.20","380.60","3.44K","-2.38%"
"10/09/2019","392.30","394.90","395.65","389.50","5.18K","-0.58%"
"10/07/2019","394.60","395.70","404.05","391.80","4.91K","-1.25%"
"10/04/2019","399.60","397.60","407.10","394.25","18.00K","-1.37%"
"10/03/2019","405.15","407.00","407.00","392.55","5.50K","-0.31%"
"10/01/2019","406.40","402.30","407.10","389.20","19.24K","+0.37%"
"09/30/2019","404.90","386.95","407.10","375.20","36.98K","+4.76%"
"09/27/2019","386.50","388.15","392.05","385.10","4.16K","-1.38%"
"09/26/2019","391.90","385.15","401.35","380.15","9.69K","+1.98%"
"09/25/2019","384.30","406.95","406.95","380.60","62.39K","-4.37%"
"09/24/2019","401.85","403.00","407.10","393.85","29.79K","+0.61%"
"09/23/2019","399.40","378.70","401.35","378.70","55.67K","+6.89%"
"09/20/2019","373.65","383.45","396.65","369.25","70.17K","-1.54%"
"09/19/2019","379.50","372.05","388.05","362.45","83.39K","+1.20%"
"09/18/2019","375.00","378.70","384.80","369.25","11.02K","-0.05%"
"09/17/2019","375.20","387.20","389.75","372.05","5.47K","-4.18%"
"09/16/2019","391.55","381.55","392.90","377.80","12.57K","+1.49%"
"09/13/2019","385.80","372.75","397.70","369.25","78.91K","+3.93%"
"09/12/2019","371.20","374.80","378.65","370.25","3.64K","-0.91%"
"09/11/2019","374.60","372.05","379.10","369.25","9.37K","-0.31%"
"09/09/2019","375.75","374.95","379.65","371.30","4.67K","-1.07%"
"09/06/2019","379.80","378.70","382.50","375.55","5.08K","-0.17%"
"09/05/2019","380.45","386.40","393.05","375.05","12.99K","-2.64%"
"09/04/2019","390.75","383.50","397.60","376.95","40.41K","+1.28%"
"09/03/2019","385.80","380.60","387.20","374.00","20.69K","+1.62%"
"08/30/2019","379.65","369.70","382.90","369.70","8.79K","+1.38%"
"08/29/2019","374.50","378.60","381.35","370.05","4.01K","-1.16%"
"08/28/2019","378.90","383.10","383.10","364.50","23.70K","-1.19%"
"08/27/2019","383.45","359.80","385.30","359.80","61.34K","+3.55%"
"08/26/2019","370.30","349.15","373.90","346.15","59.63K","+6.21%"
"08/23/2019","348.65","337.05","353.10","336.10","29.93K","+1.91%"
"08/22/2019","342.10","345.60","347.15","341.75","3.11K","-1.57%"
"08/21/2019","347.55","351.30","354.80","345.60","1.91K","-1.78%"
"08/20/2019","353.85","351.85","362.45","350.30","48.81K","-0.31%"
"08/19/2019","354.95","355.10","358.70","350.45","5.54K","-1.05%"
"08/16/2019","358.70","360.70","365.10","355.10","1.75K","-2.05%"
"08/14/2019","366.20","373.95","373.95","359.75","4.11K","-2.06%"
"08/13/2019","373.90","388.10","388.10","364.80","15.01K","+1.34%"
"08/09/2019","368.95","365.45","370.90","358.10","16.11K","+1.08%"
"08/08/2019","365.00","355.65","398.90","355.65","16.82K","+2.72%"
"08/07/2019","355.35","352.20","358.65","342.60","22.85K","-0.42%"
"08/06/2019","356.85","362.50","362.55","352.25","3.59K","-0.83%"
"08/05/2019","359.85","344.60","362.70","326.65","22.77K","+5.17%"
"08/02/2019","342.15","325.20","347.45","320.95","30.82K","+2.42%"
"08/01/2019","334.05","352.20","352.20","323.80","32.25K","-6.11%"
"07/31/2019","355.80","355.05","367.15","332.30","464.37K","-0.71%"
"07/30/2019","358.35","362.00","367.70","356.90","7.39K","-2.54%"
"07/29/2019","367.70","365.85","372.10","362.60","8.83K","-1.18%"
"07/26/2019","372.10","383.45","384.85","365.55","28.76K","-2.08%"
"07/25/2019","380.00","371.55","383.10","362.65","32.75K","+0.24%"
"07/24/2019","379.10","397.65","402.35","362.20","89.14K","-6.57%"
"07/23/2019","405.75","427.70","427.70","400.05","42.46K","-5.76%"
"07/22/2019","430.55","440.05","440.05","425.10","49.07K","-2.15%"
"07/19/2019","440.00","443.10","446.80","431.85","8.14K","+1.23%"
"07/18/2019","434.65","442.05","442.05","432.65","4.68K","-1.46%"
"07/17/2019","441.10","438.60","444.00","437.45","11.65K","+0.02%"
"07/16/2019","441.00","445.80","453.55","436.50","16.28K","-2.18%"
"07/15/2019","450.85","449.80","459.10","439.75","13.30K","+0.17%"
"07/12/2019","450.10","459.15","459.15","445.60","7.26K","-0.86%"
"07/11/2019","454.00","450.75","459.15","448.80","10.48K","+0.67%"
"07/10/2019","451.00","449.10","452.50","440.55","9.49K","+0.21%"
"07/09/2019","450.05","459.15","461.80","447.80","14.74K","-2.54%"
"07/08/2019","461.80","473.35","475.30","456.70","17.39K","-2.42%"
"07/05/2019","473.25","471.50","478.10","469.60","12.47K","-0.20%"
"07/04/2019","474.20","480.70","481.90","467.70","18.45K","-0.62%"
"07/03/2019","477.15","472.45","482.80","467.70","149.56K","+2.28%"
"07/02/2019","466.50","460.10","468.35","457.65","19.16K","+0.59%"
"07/01/2019","463.75","462.00","468.60","456.75","14.14K","+0.64%"
"06/28/2019","460.80","451.95","462.95","451.15","15.73K","+1.55%"
"06/27/2019","453.75","456.35","458.55","450.65","19.98K","-0.57%"
"06/26/2019","456.35","449.20","462.00","445.25","14.14K","+1.98%"
"06/25/2019","447.50","455.20","460.05","441.25","189.57K","-1.43%"
"06/24/2019","454.00","459.15","462.00","446.50","51.27K","+0.14%"
"06/21/2019","453.35","452.90","456.25","448.45","14.78K","-0.78%"
"06/20/2019","456.90","446.45","458.20","445.90","19.71K","+1.31%"
"06/19/2019","451.00","448.85","451.55","446.40","11.00K","+0.09%"
"06/18/2019","450.60","452.50","452.50","445.90","14.61K","-0.31%"
"06/17/2019","452.00","447.80","453.40","447.80","35.41K","-1.28%"
"06/14/2019","457.85","454.55","461.00","452.55","18.95K","-0.11%"
"06/13/2019","458.35","454.75","459.10","454.75","12.81K","+0.12%"
"06/12/2019","457.80","458.65","459.05","454.45","7.53K","-0.01%"
"06/11/2019","457.85","457.20","459.10","454.45","12.13K","-0.51%"
"06/10/2019","460.20","452.90","461.95","452.25","16.35K","+1.51%"
"06/07/2019","453.35","457.25","458.10","450.65","24.54K","-1.12%"
"06/06/2019","458.50","457.50","459.10","454.45","13.88K","-0.10%"
"06/04/2019","458.95","457.95","459.10","454.75","12.62K","-0.02%"
"06/03/2019","459.05","460.30","460.30","450.85","10.62K","-0.61%"
"05/31/2019","461.85","456.55","465.75","453.10","18.73K","-0.43%"
"05/30/2019","463.85","459.10","464.80","457.45","13.15K","+0.68%"
"05/29/2019","460.70","460.30","462.90","453.10","11.41K","+0.09%"
"05/28/2019","460.30","465.35","465.35","454.90","20.36K","-1.09%"
"05/27/2019","465.35","446.45","467.20","446.45","50.60K","+2.90%"
"05/24/2019","452.25","449.55","454.45","444.95","28.38K","+1.32%"
"05/23/2019","446.35","445.50","448.70","440.25","21.15K","+0.19%"
"05/22/2019","445.50","437.05","446.85","434.60","23.36K","+1.14%"
"05/21/2019","440.50","435.40","444.90","432.30","14.11K","+1.17%"
"05/20/2019","435.40","435.55","445.85","423.65","55.15K","+0.65%"
"05/17/2019","432.60","425.25","434.95","424.15","35.24K","+1.73%"
"05/16/2019","425.25","429.80","432.60","421.60","131.11K","-1.81%"
"05/15/2019","433.10","432.30","439.25","431.00","13.79K","-0.95%"
"05/14/2019","437.25","428.80","439.75","424.15","240.25K","+0.96%"
"05/13/2019","433.10","437.05","437.05","426.05","14.24K","-0.60%"
"05/10/2019","435.70","434.65","442.15","427.95","13.16K","+0.33%"
"05/09/2019","434.25","423.65","435.50","423.30","24.60K","+1.05%"
"05/08/2019","429.75","421.30","431.80","415.90","74.65K","+1.74%"
"05/07/2019","422.40","427.10","427.10","421.30","86.08K","-1.62%"
"05/06/2019","429.35","428.40","430.45","424.45","26.58K","-1.25%"
"05/03/2019","434.80","441.20","441.20","431.20","23.24K","-2.09%"
"05/02/2019","444.10","427.00","449.40","419.40","113.58K","+1.31%"
"04/30/2019","438.35","443.10","443.10","425.05","46.42K","-1.08%"
"04/26/2019","443.15","433.80","446.20","430.10","44.13K","+1.66%"
"04/25/2019","435.90","439.25","439.55","430.40","22.94K","+0.11%"
"04/24/2019","435.40","425.55","439.55","423.70","46.83K","+1.78%"
"04/23/2019","427.80","431.70","431.70","425.00","75.19K","-0.22%"
"04/22/2019","428.75","423.40","431.55","422.80","15.43K","-0.08%"
"04/18/2019","429.10","430.65","433.80","426.00","29.44K","-0.64%"
"04/16/2019","431.85","433.35","434.55","426.05","36.20K","+0.07%"
"04/15/2019","431.55","428.90","433.20","427.30","18.45K","+1.01%"
"04/12/2019","427.25","428.85","430.75","419.45","19.86K","+0.28%"
"04/11/2019","426.05","425.75","427.65","420.90","16.99K","+0.77%"
"04/10/2019","422.80","418.45","431.70","418.45","231.13K","+1.20%"
"04/09/2019","417.80","420.35","422.95","407.20","153.01K","-0.68%"
"04/08/2019","420.65","431.70","431.70","418.45","60.38K","-1.53%"
"04/05/2019","427.20","437.50","442.15","420.00","463.97K","-2.65%"
"04/04/2019","438.85","446.45","453.00","436.30","57.75K","-1.75%"
"04/03/2019","446.65","460.10","463.45","443.25","189.30K","-1.22%"
"04/02/2019","452.15","445.50","456.35","442.80","964.87K","+0.98%"
"04/01/2019","447.75","446.60","451.55","440.50","25.00K","+0.27%"
"03/29/2019","446.55","443.10","449.65","436.90","20.25K","+1.47%"
"03/28/2019","440.10","440.25","444.00","437.00","23.61K","-0.98%"
"03/27/2019","444.45","445.35","448.70","438.85","24.98K","-0.20%"
"03/26/2019","445.35","436.20","450.60","431.75","74.26K","+1.76%"
"03/25/2019","437.65","443.05","443.05","432.30","271.50K","-0.79%"
"03/22/2019","441.15","447.10","447.10","438.50","22.64K","-0.01%"
"03/20/2019","441.20","447.65","448.20","437.40","32.05K","-2.09%"
"03/19/2019","450.60","453.65","453.80","446.85","23.76K","-0.96%"
"03/18/2019","454.95","451.10","458.20","443.30","80.41K","+2.30%"
"03/15/2019","444.70","447.25","448.85","443.10","20.03K","-0.57%"
"03/14/2019","447.25","455.40","456.40","442.70","44.52K","-1.76%"
"03/13/2019","455.25","456.30","456.65","447.75","19.70K","+0.19%"
"03/12/2019","454.40","456.05","458.15","446.90","121.15K","+0.49%"
"03/11/2019","452.20","446.85","453.50","438.80","73.53K","+1.58%"
"03/08/2019","445.15","465.80","479.95","438.35","446.89K","-3.74%"
"03/07/2019","462.45","463.90","465.45","455.40","37.58K","+0.34%"
"03/06/2019","460.90","457.30","463.90","454.60","49.12K","+1.43%"
"03/05/2019","454.40","455.40","457.65","452.60","50.41K","+0.13%"
"03/01/2019","453.80","454.45","454.45","448.30","13.65K","+0.02%"
"02/28/2019","453.70","454.45","454.45","449.70","60.50K","-0.07%"
"02/27/2019","454.00","461.05","461.05","446.95","30.64K","-0.36%"
"02/26/2019","455.65","459.20","463.40","449.80","12.65K","-1.74%"
"02/25/2019","463.70","463.90","464.85","459.65","9.22K","-0.04%"
"02/22/2019","463.90","461.10","465.80","459.35","11.19K","+0.01%"
"02/21/2019","463.85","463.90","463.90","459.90","17.64K","-0.04%"
"02/20/2019","464.05","463.90","471.45","460.90","34.14K","-1.07%"
"02/19/2019","469.05","476.30","476.30","464.50","37.77K","-1.90%"
"02/18/2019","478.15","475.80","482.85","467.85","13.24K","+0.47%"
"02/15/2019","475.90","472.90","480.95","468.70","59.28K","+0.52%"
"02/14/2019","473.45","482.65","482.65","467.35","40.96K","-1.91%"
"02/13/2019","482.65","474.65","485.65","469.70","48.10K","+1.69%"
"02/12/2019","474.65","465.10","477.90","456.35","34.41K","+1.31%"
"02/11/2019","468.50","471.95","477.10","467.70","42.95K","-0.84%"
"02/08/2019","472.45","477.65","480.90","468.65","28.10K","-0.93%"
"02/07/2019","476.90","472.80","478.80","469.25","17.49K","+0.41%"
"02/06/2019","474.95","476.95","479.55","468.90","39.37K","-0.92%"
"02/05/2019","479.35","473.55","482.60","467.20","18.25K","+1.22%"
"02/04/2019","473.55","480.00","482.75","464.45","42.91K","-2.49%"
"02/01/2019","485.65","487.55","494.00","477.25","33.86K","+0.08%"
"01/31/2019","485.25","475.80","489.45","475.80","25.18K","+0.55%"
"01/30/2019","482.60","482.20","489.45","474.20","43.65K","-0.29%"
"01/29/2019","484.00","500.65","500.65","479.05","124.63K","-1.53%"
"01/28/2019","491.50","484.80","494.20","480.45","12.78K","+0.42%"
"01/25/2019","489.45","487.55","492.10","483.85","9.84K","-0.54%"
"01/24/2019","492.10","490.35","493.25","483.75","11.67K","+0.32%"
"01/23/2019","490.55","488.15","494.65","483.05","13.37K","-0.22%"
"01/22/2019","491.65","488.00","494.20","482.95","19.92K","-0.03%"
"01/21/2019","491.80","481.35","496.95","477.20","14.89K","+2.17%"
"01/18/2019","481.35","479.20","486.65","476.20","14.26K","+0.01%"
"01/17/2019","481.30","493.30","493.30","471.55","47.07K","-2.72%"
"01/16/2019","494.75","492.35","497.05","486.00","23.73K","+1.04%"
"01/15/2019","489.65","485.80","495.60","483.80","25.01K","+0.19%"
"01/14/2019","488.70","487.55","491.55","483.05","11.30K","-1.06%"
"01/11/2019","493.95","497.05","499.90","484.15","27.47K","-0.85%"
"01/10/2019","498.20","474.35","501.75","474.30","60.11K","+4.22%"
"01/09/2019","478.05","474.70","480.00","474.30","31.16K","+0.07%"
"01/08/2019","477.70","488.15","492.30","476.20","67.39K","-2.93%"
"01/07/2019","492.10","487.60","495.15","486.25","26.59K","-0.01%"
"01/04/2019","492.15","488.50","492.80","479.50","20.68K","+0.51%"
"01/03/2019","489.65","498.30","500.00","485.30","22.72K","-1.93%"
"01/02/2019","499.30","498.95","503.35","489.10","22.98K","-0.97%"
"01/01/2019","504.20","511.45","516.90","498.00","27.89K","-1.42%"
"12/31/2018","511.45","501.80","530.50","490.45","86.08K","+1.97%"
"12/28/2018","501.55","477.35","530.20","476.95","188.13K","+4.14%"
"12/27/2018","481.60","491.35","491.35","475.90","33.51K","-0.54%"
"12/26/2018","484.20","479.05","489.40","469.80","62.44K","+0.83%"
"12/24/2018","480.20","482.85","482.85","474.95","26.45K","-0.28%"
"12/21/2018","481.55","477.00","486.60","470.10","70.61K","+0.65%"
"12/20/2018","478.45","473.35","483.75","467.70","59.14K","+1.11%"
"12/19/2018","473.20","492.00","496.85","467.25","216.35K","-2.70%"
"12/18/2018","486.35","484.75","489.40","478.30","29.91K","+0.56%"
"12/17/2018","483.65","480.25","484.75","479.05","21.58K","+0.03%"
"12/14/2018","483.50","479.95","483.80","475.30","18.65K","+0.38%"
"12/13/2018","481.65","474.50","482.85","474.50","33.30K","+0.87%"
"12/12/2018","477.50","476.70","482.60","471.45","33.98K","+1.37%"
"12/11/2018","471.05","464.10","472.40","460.10","9.91K","+0.19%"
"12/10/2018","470.15","456.35","472.40","450.50","23.14K","-0.21%"
"12/07/2018","471.15","468.70","473.35","464.90","14.19K","+0.49%"
"12/06/2018","468.85","464.15","471.45","460.15","16.82K","-0.27%"
"12/05/2018","470.10","466.25","473.35","460.10","17.83K","-0.51%"
"12/04/2018","472.50","473.35","473.35","465.30","7.68K","-0.12%"
"12/03/2018","473.05","477.05","477.10","457.80","24.16K","+0.24%"
"11/30/2018","471.90","476.20","476.20","464.85","24.89K","+0.14%"
"11/29/2018","471.25","463.10","472.40","463.10","16.99K","+0.62%"
"11/28/2018","468.35","454.45","471.50","454.45","25.90K","+3.09%"
"11/27/2018","454.30","458.05","462.95","446.05","26.72K","+0.13%"
"11/26/2018","453.70","456.65","459.15","448.20","35.58K","-0.65%"
"11/22/2018","456.65","473.40","473.45","448.40","46.92K","-3.62%"
"11/21/2018","473.80","472.90","476.90","468.65","18.09K","+0.22%"
"11/20/2018","472.75","471.55","475.30","465.55","14.69K","-0.13%"
"11/19/2018","473.35","463.90","474.30","463.90","17.91K","+0.76%"
"11/16/2018","469.80","473.35","474.05","462.95","34.04K","-0.71%"
"11/15/2018","473.15","473.35","477.15","467.75","26.32K","-0.04%"
"11/14/2018","473.35","475.25","482.80","471.80","49.68K","-0.97%"
"11/13/2018","478.00","477.95","478.60","471.45","25.93K","+0.02%"
"11/12/2018","477.90","481.50","481.50","468.00","21.60K","+0.20%"
"11/09/2018","476.95","482.85","487.10","475.00","38.63K","-0.33%"
"11/06/2018","478.55","463.85","486.50","461.70","106.98K","+3.99%"
"11/05/2018","460.20","458.70","463.90","437.60","83.07K","+1.28%"
"11/02/2018","454.40","451.60","463.90","451.60","78.70K","-0.41%"
"11/01/2018","456.25","469.55","469.65","452.55","80.79K","-1.60%"
"10/31/2018","463.65","461.05","473.15","449.35","69.11K","+0.85%"
"10/30/2018","459.75","467.20","473.25","449.35","111.36K","-0.81%"
"10/29/2018","463.50","451.50","475.90","438.20","126.39K","+4.19%"
"10/26/2018","444.85","455.40","470.35","428.20","76.76K","-3.30%"
"10/25/2018","460.05","444.95","463.90","444.05","25.19K","+2.06%"
"10/24/2018","450.75","462.00","467.65","447.85","44.84K","-1.95%"
"10/23/2018","459.70","470.50","470.50","450.20","26.72K","-2.66%"
"10/22/2018","472.25","487.35","487.35","466.80","25.78K","-1.68%"
"10/19/2018","480.30","484.75","486.65","469.70","31.94K","-1.82%"
"10/17/2018","489.20","518.65","519.40","484.80","66.28K","-4.47%"
"10/16/2018","512.10","478.15","520.60","478.15","89.62K","+6.39%"
"10/15/2018","481.35","476.65","488.50","460.15","23.01K","+0.99%"
"10/12/2018","476.65","445.15","481.90","445.15","48.10K","+7.08%"
"10/11/2018","445.15","446.85","452.45","440.35","75.98K","-3.68%"
"10/10/2018","462.15","460.15","470.55","456.20","47.55K","+0.91%"
"10/09/2018","458.00","464.25","477.65","447.80","50.19K","-0.88%"
"10/08/2018","462.05","462.00","473.20","446.85","31.63K","-0.15%"
"10/05/2018","462.75","470.55","477.15","450.45","33.42K","-0.55%"
"10/04/2018","465.30","444.90","472.45","429.10","58.91K","+3.40%"
"10/03/2018","450.00","473.35","473.85","442.25","84.70K","-4.81%"
"10/01/2018","472.75","499.10","499.10","456.35","81.91K","-5.28%"
"09/28/2018","499.10","513.65","519.50","484.95","89.09K","-4.00%"
"09/27/2018","519.90","523.55","526.90","511.35","47.37K","-2.10%"
"09/26/2018","531.05","539.35","552.90","517.15","71.11K","-1.75%"
"09/25/2018","540.50","539.45","545.45","520.40","52.16K","+0.46%"
"09/24/2018","538.05","526.00","553.35","508.70","86.98K","-0.04%"
"09/21/2018","538.25","557.65","560.45","471.90","132.15K","-3.30%"
"09/19/2018","556.60","572.80","581.30","528.60","193.14K","-2.95%"
"09/18/2018","573.50","585.10","596.45","571.80","79.27K","-1.85%"
"09/17/2018","584.30","578.45","590.75","569.95","41.49K","+1.26%"
"09/14/2018","577.05","582.25","586.70","567.10","74.60K","+0.01%"
"09/12/2018","577.00","583.20","590.55","560.95","82.27K","-0.89%"
"09/11/2018","582.20","601.25","606.75","575.80","35.85K","-2.80%"
"09/10/2018","599.00","605.90","614.75","591.70","44.75K","-0.22%"
"09/07/2018","600.30","602.15","610.90","589.10","58.71K","-0.32%"
"09/06/2018","602.20","591.70","614.45","587.05","105.12K","+2.26%"
"09/05/2018","588.90","598.00","599.80","575.00","48.11K","-1.43%"
"09/04/2018","597.45","626.75","632.45","592.40","117.28K","-4.45%"
"09/03/2018","625.30","596.30","652.55","596.30","687.83K","+5.84%"
"08/31/2018","590.80","598.90","609.00","582.35","71.30K","-1.15%"
"08/30/2018","597.70","582.25","611.60","569.15","211.20K","+2.52%"
"08/29/2018","583.00","602.90","612.55","574.95","118.15K","-2.88%"
"08/28/2018","600.30","603.00","633.65","591.35","583.17K","-0.06%"
"08/27/2018","600.65","539.55","627.70","526.75","726.67K","+12.33%"
"08/24/2018","534.70","522.20","539.55","518.80","49.07K","+2.21%"
"08/23/2018","523.15","524.35","527.35","518.90","16.84K","-0.68%"
"08/21/2018","526.75","527.00","533.90","517.20","50.26K","+0.29%"
"08/20/2018","525.25","525.45","526.70","522.20","16.57K","-0.13%"
"08/17/2018","525.95","520.40","527.80","518.80","28.11K","+0.86%"
"08/16/2018","521.45","515.50","528.30","508.00","28.40K","+1.19%"
"08/14/2018","515.30","520.70","525.40","510.25","34.41K","-0.19%"
"08/13/2018","516.30","520.65","526.40","509.35","33.63K","-1.43%"
"08/10/2018","523.80","529.25","529.25","518.00","19.90K","+0.37%"
"08/09/2018","521.85","533.95","533.95","515.25","43.00K","-1.66%"
"08/08/2018","530.65","535.55","535.55","527.50","469.15K","-1.18%"
"08/07/2018","537.00","534.85","540.55","522.60","42.82K","+1.27%"
"08/06/2018","530.25","531.45","532.00","518.85","21.59K","-0.23%"
"08/03/2018","531.45","522.20","533.35","521.65","25.94K","+1.98%"
"08/02/2018","521.15","526.40","528.30","517.70","571.52K","-1.38%"
"08/01/2018","528.45","530.10","530.15","519.50","448.81K","+0.56%"
"07/31/2018","525.50","521.10","529.10","508.00","36.74K","+0.84%"
"07/30/2018","521.10","515.90","530.10","515.20","69.28K","+0.26%"
"07/27/2018","519.75","522.50","547.20","511.35","427.58K","+0.37%"
"07/26/2018","517.85","509.75","521.60","509.75","37.20K","+0.57%"
"07/25/2018","514.90","515.50","520.65","507.95","92.41K","+0.44%"
"07/24/2018","512.65","501.95","515.25","501.95","18.45K","+1.70%"
"07/23/2018","504.10","489.45","514.10","485.20","49.49K","+2.45%"
"07/20/2018","492.05","477.25","500.35","450.45","121.72K","+1.52%"
"07/19/2018","484.70","520.65","520.65","479.45","82.36K","-5.91%"
"07/18/2018","515.15","515.05","516.80","509.30","13.28K","-0.15%"
"07/17/2018","515.90","513.15","516.00","511.55","20.45K","-0.16%"
"07/16/2018","516.75","516.00","520.15","503.75","27.44K","+0.85%"
"07/13/2018","512.40","527.95","527.95","503.25","118.91K","-2.91%"
"07/12/2018","527.75","537.75","537.75","522.90","37.42K","-1.84%"
"07/11/2018","537.65","535.85","539.65","531.55","52.07K","-0.14%"
"07/10/2018","538.40","538.70","544.35","530.45","54.76K","+1.01%"
"07/09/2018","533.00","526.30","534.85","526.30","36.28K","+1.27%"
"07/06/2018","526.30","517.35","528.35","513.35","52.20K","+1.61%"
"07/05/2018","517.95","510.05","524.40","509.35","35.90K","+1.51%"
"07/04/2018","510.25","524.15","524.55","500.45","111.29K","-2.46%"
"07/03/2018","523.10","520.60","525.55","511.25","11.99K","+1.56%"
"07/02/2018","515.05","523.15","523.15","510.40","18.93K","-1.43%"
"06/29/2018","522.50","508.40","536.80","505.95","68.25K","+3.50%"
"06/28/2018","504.85","512.15","516.20","501.80","31.43K","-1.44%"
"06/27/2018","512.25","515.40","518.65","506.70","25.86K","-0.75%"
"06/26/2018","516.10","525.45","528.55","512.45","43.37K","-1.25%"
"06/25/2018","522.65","529.30","530.20","518.75","23.70K","-1.22%"
"06/22/2018","529.10","528.20","533.90","523.50","27.82K","+0.97%"
"06/21/2018","524.00","527.35","530.95","521.65","19.54K","-0.67%"
"06/20/2018","527.55","521.90","543.40","516.90","71.38K","+1.19%"
"06/19/2018","521.35","533.95","537.25","516.50","35.85K","-2.71%"
"06/18/2018","535.85","525.90","537.70","522.60","25.61K","+1.23%"
"06/15/2018","529.35","530.75","534.70","523.55","27.59K","-0.40%"
"06/14/2018","531.50","531.60","534.00","523.20","30.45K","-0.61%"
"06/13/2018","534.75","544.40","546.45","526.90","94.66K","-1.72%"
"06/12/2018","544.10","551.00","551.00","541.55","78.11K","-1.03%"
"06/11/2018","549.75","547.45","558.60","535.55","80.93K","+1.14%"
"06/08/2018","543.55","541.00","545.35","531.35","36.89K","+0.27%"
"06/07/2018","542.10","538.65","545.30","534.90","60.74K","+1.10%"
"06/06/2018","536.20","518.85","537.75","518.85","30.93K","+2.06%"
"06/05/2018","525.40","529.95","531.55","513.15","33.73K","-1.13%"
"06/04/2018","531.40","539.55","541.85","528.05","38.00K","-1.51%"
"06/01/2018","539.55","541.80","552.85","533.00","84.97K","-1.20%"
"05/31/2018","546.10","530.20","559.50","517.45","119.88K","+3.71%"
"05/30/2018","526.55","515.40","531.05","514.20","59.45K","+1.22%"
"05/29/2018","520.20","520.70","524.70","513.90","27.74K","-0.86%"
"05/28/2018","524.70","518.10","529.25","512.15","54.01K","+1.31%"
"05/25/2018","517.90","506.65","519.75","499.90","34.29K","+2.33%"
"05/24/2018","506.10","512.40","513.35","498.25","24.56K","-1.52%"
"05/23/2018","513.90","510.95","520.65","502.00","26.55K","+0.31%"
"05/22/2018","512.30","510.70","520.60","494.35","61.01K","+0.33%"
"05/21/2018","510.60","516.15","518.80","505.15","27.91K","-2.02%"
"05/18/2018","521.15","522.65","524.80","512.20","49.98K","-0.38%"
"05/17/2018","523.15","516.95","530.10","511.35","16.07K","+1.10%"
"05/16/2018","517.45","522.60","522.60","506.85","46.09K","-0.81%"
"05/15/2018","521.65","533.15","535.80","516.50","63.10K","-2.11%"
"05/14/2018","532.90","541.60","542.45","530.20","620.38K","-1.64%"
"05/11/2018","541.80","534.00","545.30","531.15","158.44K","+1.23%"
"05/10/2018","535.20","539.65","541.50","531.15","58.48K","-0.48%"
"05/09/2018","537.80","540.25","540.25","532.40","22.47K","-0.27%"
"05/08/2018","539.25","538.70","541.50","532.05","18.66K","+0.63%"
"05/07/2018","535.85","538.70","538.75","530.20","78.84K","-0.51%"
"05/04/2018","538.60","540.55","544.35","527.40","29.00K","+0.67%"
"05/03/2018","535.00","541.55","541.55","524.50","67.60K","-0.05%"
"05/02/2018","535.25","533.00","539.65","530.20","29.30K","-0.21%"
"04/30/2018","536.35","558.60","558.60","531.75","90.64K","-2.09%"
"04/27/2018","547.80","544.15","551.90","539.65","91.54K","+1.45%"
"04/26/2018","539.95","535.50","544.40","532.65","49.86K","+0.14%"
"04/25/2018","539.20","546.45","551.00","535.60","151.63K","-0.71%"
"04/24/2018","543.05","540.60","544.55","536.80","57.99K","+0.38%"
"04/23/2018","541.00","535.70","546.20","534.00","84.36K","+0.99%"
"04/20/2018","535.70","534.90","539.15","528.45","27.35K","-0.09%"
"04/19/2018","536.20","539.65","539.65","526.40","138.64K","-0.68%"
"04/18/2018","539.85","558.55","562.35","531.35","70.84K","-3.42%"
"04/17/2018","558.95","554.15","561.80","544.40","75.79K","+0.19%"
"04/16/2018","557.90","553.85","562.85","550.30","95.56K","+0.69%"
"04/13/2018","554.10","543.45","563.20","543.45","273.50K","+1.95%"
"04/12/2018","543.50","533.00","548.05","530.75","137.02K","+1.68%"
"04/11/2018","534.50","528.30","539.60","524.35","26.83K","+1.08%"
"04/10/2018","528.80","528.95","531.60","522.70","43.37K","+0.33%"
"04/09/2018","527.05","524.40","533.00","520.70","95.75K","+0.24%"
"04/06/2018","525.80","522.80","530.20","520.70","82.91K","-0.50%"
"04/05/2018","528.45","520.70","534.90","516.50","141.18K","+2.37%"
"04/04/2018","516.20","516.00","523.90","508.00","157.32K","+0.39%"
"04/03/2018","514.20","508.80","525.45","508.80","139.77K","-0.71%"
"04/02/2018","517.90","501.80","524.50","492.95","83.42K","+3.88%"
"03/28/2018","498.55","487.55","521.65","477.15","166.73K","+1.97%"
"03/27/2018","488.90","498.10","498.10","485.30","83.02K","-1.43%"
"03/26/2018","496.00","511.25","511.25","484.75","199.41K","-1.53%"
"03/23/2018","503.70","501.00","521.65","488.60","62.58K","-0.79%"
"03/22/2018","507.70","527.25","540.35","503.10","146.99K","-2.75%"
"03/21/2018","522.05","509.30","534.85","506.55","45.81K","+2.39%"
"03/20/2018","509.85","505.40","512.60","500.00","45.76K","+0.47%"
"03/19/2018","507.45","512.60","517.80","503.30","31.60K","-1.00%"
"03/16/2018","512.60","514.70","522.05","506.50","86.92K","+0.04%"
"03/15/2018","512.40","512.30","528.95","507.50","112.92K","+0.13%"
"03/14/2018","511.75","516.90","520.70","504.05","42.91K","+0.37%"
"03/13/2018","509.85","510.55","525.45","501.80","62.82K","-0.08%"
"03/12/2018","510.25","504.60","515.40","502.35","23.91K","+1.09%"
"03/09/2018","504.75","503.20","525.90","493.45","97.85K","-0.21%"
"03/08/2018","505.80","496.50","516.00","489.50","37.57K","+2.39%"
"03/07/2018","494.00","494.05","500.80","486.65","239.08K","+0.15%"
"03/06/2018","493.25","504.15","505.65","492.30","354.34K","-1.83%"
"03/05/2018","502.45","507.05","512.20","497.15","122.55K","-1.42%"
"03/01/2018","509.70","511.25","527.40","506.60","202.83K","-0.13%"
"02/28/2018","510.35","506.50","511.25","499.75","438.96K","+0.34%"
"02/27/2018","508.60","506.55","511.20","502.70","27.48K","+0.89%"
"02/26/2018","504.10","506.40","508.35","497.05","30.57K","+0.86%"
"02/23/2018","499.80","499.35","506.20","490.70","24.20K","+1.12%"
"02/22/2018","494.25","498.95","498.95","490.45","35.59K","-0.79%"
"02/21/2018","498.20","492.45","504.90","483.35","35.55K","+1.54%"
"02/20/2018","490.65","492.30","494.85","484.00","24.04K","-0.86%"
"02/19/2018","494.90","493.30","501.70","477.15","47.51K","-0.64%"
"02/16/2018","498.10","505.95","505.95","494.20","22.64K","-1.26%"
"02/15/2018","504.45","509.10","514.05","499.30","43.64K","-0.84%"
"02/14/2018","508.70","503.90","513.15","501.85","35.80K","+0.95%"
"02/12/2018","503.90","505.45","507.00","498.95","22.23K","-0.61%"
"02/09/2018","507.00","495.15","510.25","494.20","55.89K","+0.93%"
"02/08/2018","502.35","492.85","507.45","492.75","64.44K","+1.98%"
"02/07/2018","492.60","499.85","500.90","489.05","57.05K","-0.54%"
"02/06/2018","495.25","480.85","502.65","475.35","351.10K","-0.17%"
"02/05/2018","496.10","491.45","499.90","476.70","63.79K","+0.95%"
"02/02/2018","491.45","487.60","505.55","474.30","155.65K","-0.46%"
"02/01/2018","493.70","483.80","509.05","472.45","122.72K","+0.72%"
"01/31/2018","490.15","487.45","497.05","474.15","55.96K","-0.45%"
"01/30/2018","492.35","471.45","496.55","468.35","188.08K","+3.76%"
"01/29/2018","474.50","494.50","498.65","470.55","79.76K","-2.95%"
"01/25/2018","488.90","488.00","492.20","482.10","28.41K","+0.36%"
"01/24/2018","487.15","489.95","490.50","480.15","39.55K","-0.48%"
"01/23/2018","489.50","505.35","505.35","483.30","107.39K","-2.46%"
"01/22/2018","501.85","490.40","508.40","488.55","84.16K","+2.40%"
"01/19/2018","490.10","489.35","496.10","483.15","59.33K","+0.15%"
"01/18/2018","489.35","498.45","506.50","483.10","264.76K","-1.08%"
"01/17/2018","494.70","499.25","501.75","485.30","100.34K","-0.57%"
"01/16/2018","497.55","510.05","510.05","493.25","103.18K","-1.95%"
"01/15/2018","507.45","513.00","520.20","503.90","126.17K","+0.90%"
"01/12/2018","502.90","517.85","534.70","497.05","549.52K","-2.80%"
"01/11/2018","517.40","522.40","525.45","514.15","98.36K","-0.32%"
"01/10/2018","519.05","513.10","560.30","507.10","653.42K","+1.88%"
"01/09/2018","509.45","511.20","511.25","505.10","50.30K","+0.39%"
"01/08/2018","507.45","514.05","514.05","503.75","111.64K","-0.15%"
"01/05/2018","508.20","508.35","513.10","503.15","162.24K","+0.91%"
"01/04/2018","503.60","504.85","506.50","498.95","63.60K","-0.25%"
"01/03/2018","504.85","511.00","511.00","500.35","41.05K","-0.52%"
"01/02/2018","507.50","524.50","525.40","504.80","51.19K","-2.71%"
"01/01/2018","521.65","536.80","538.05","519.85","48.43K","-1.67%"
"12/29/2017","530.50","530.20","537.75","526.40","48.32K","+0.39%"
"12/28/2017","528.45","522.50","541.55","517.30","39.64K","+1.14%"
"12/27/2017","522.50","528.25","530.15","518.80","23.88K","-1.09%"
"12/26/2017","528.25","531.25","534.90","524.50","32.56K","-1.25%"
"12/22/2017","534.95","539.55","544.35","526.00","32.44K","-0.18%"
"12/21/2017","535.90","532.75","539.65","525.00","80.83K","+1.29%"
"12/20/2017","529.10","546.75","547.05","525.45","158.03K","-1.79%"
"12/19/2017","538.75","509.45","544.10","509.45","264.31K","+4.66%"
"12/18/2017","514.75","502.75","522.60","496.10","30.11K","+0.59%"
"12/15/2017","511.75","519.35","519.75","504.65","29.89K","-0.47%"
"12/14/2017","514.15","504.95","520.70","501.75","68.84K","+2.07%"
"12/13/2017","503.70","504.55","508.40","499.95","66.35K","+0.93%"
"12/12/2017","499.05","508.85","509.25","497.65","22.68K","-1.11%"
"12/11/2017","504.65","508.10","511.25","503.00","19.96K","-0.68%"
"12/08/2017","508.10","515.05","518.80","502.65","67.69K","-0.43%"
"12/07/2017","510.30","504.00","519.55","500.40","105.80K","+2.02%"
"12/06/2017","500.20","509.60","509.60","497.15","37.86K","-1.84%"
"12/05/2017","509.60","501.10","514.85","492.80","59.13K","+1.71%"
"12/04/2017","501.05","512.30","514.00","497.75","35.87K","-1.15%"
"12/01/2017","506.90","525.65","525.65","504.60","82.33K","-2.46%"
"11/30/2017","519.70","525.00","525.25","490.65","311.06K","-1.56%"
"11/29/2017","527.95","524.35","534.90","519.10","64.02K","+0.06%"
"11/28/2017","527.65","527.95","535.85","516.00","55.96K","+0.56%"
"11/27/2017","524.70","517.85","530.20","511.25","51.89K","+1.23%"
"11/24/2017","518.35","524.50","526.40","511.35","73.75K","-0.19%"
"11/23/2017","519.35","505.80","524.30","505.80","77.15K","+3.21%"
"11/22/2017","503.20","517.80","525.05","501.80","147.25K","-2.22%"
"11/21/2017","514.65","525.45","537.55","511.35","77.18K","-2.69%"
"11/20/2017","528.90","527.40","543.70","524.55","81.28K","+0.43%"
"11/17/2017","526.65","528.30","534.90","519.35","64.58K","+0.17%"
"11/16/2017","525.75","520.65","530.20","510.55","61.02K","+2.00%"
"11/15/2017","515.45","514.85","530.20","501.80","113.11K","+0.22%"
"11/14/2017","514.30","522.60","528.40","511.80","66.72K","-1.60%"
"11/13/2017","522.65","520.70","527.90","516.95","61.29K","+1.14%"
"11/10/2017","516.75","520.35","528.15","511.55","85.38K","+0.10%"
"11/09/2017","516.25","541.35","549.25","511.55","155.94K","-3.75%"
"11/08/2017","536.35","534.90","544.40","523.45","109.55K","+0.35%"
"11/07/2017","534.50","544.45","554.80","523.55","186.95K","-2.69%"
"11/06/2017","549.30","549.10","558.60","534.90","221.50K","-1.79%"
"11/03/2017","559.30","558.60","564.25","549.10","444.63K","+0.61%"
"11/02/2017","555.90","533.10","570.90","525.80","802.03K","+2.43%"
"11/01/2017","542.70","501.80","553.85","501.75","690.06K","+8.67%"
"10/31/2017","499.40","511.25","511.25","495.25","90.28K","-2.48%"
"10/30/2017","512.10","528.30","528.30","510.60","113.39K","-2.61%"
"10/27/2017","525.80","478.10","530.15","473.35","826.04K","+7.39%"
"10/26/2017","489.60","501.95","513.15","481.40","388.02K","-1.94%"
"10/25/2017","499.30","512.20","516.00","494.20","116.37K","-2.45%"
"10/24/2017","511.85","513.20","521.90","505.55","110.73K","-0.94%"
"10/23/2017","516.70","514.15","524.50","510.75","119.33K","+1.21%"
"10/18/2017","510.50","520.75","524.35","507.45","434.70K","-1.88%"
"10/17/2017","520.30","516.90","539.55","508.20","634.23K","+0.91%"
"10/16/2017","515.60","512.20","522.60","504.55","513.10K","+0.85%"
"10/13/2017","511.25","516.90","519.05","502.70","382.74K","-0.57%"
"10/12/2017","514.20","494.85","521.45","487.55","376.34K","+3.91%"
"10/11/2017","494.85","491.30","516.90","475.85","790.01K","+1.94%"
"10/10/2017","485.45","480.00","496.95","477.15","360.76K","+1.79%"
"10/09/2017","476.90","489.30","490.35","474.30","207.71K","-1.92%"
"10/06/2017","486.25","501.80","522.50","476.70","1.54M","+1.21%"
"10/05/2017","480.45","476.00","496.95","471.55","1.05M","+3.00%"
"10/04/2017","466.45","448.65","484.75","439.05","982.06K","+4.87%"
"10/03/2017","444.80","460.50","465.75","442.20","181.61K","-2.74%"
"09/29/2017","457.35","428.80","483.90","426.00","777.81K","+7.94%"
"09/28/2017","423.70","435.50","444.95","418.55","256.80K","-3.99%"
"09/27/2017","441.30","449.90","454.35","437.30","402.50K","-2.98%"
"09/26/2017","454.85","492.05","511.05","449.80","2.22M","-3.99%"
"09/25/2017","473.75","473.35","475.00","445.05","2.46M","+19.68%"
"09/22/2017","395.85","411.85","414.65","392.30","145.88K","-2.97%"
"09/21/2017","407.95","414.65","423.20","401.80","344.44K","+1.92%"
"09/20/2017","400.25","402.35","403.25","396.70","62.75K","+0.78%"
"09/19/2017","397.15","394.75","405.70","386.45","106.97K","+1.81%"
"09/18/2017","390.10","409.95","412.00","386.25","86.39K","-2.83%"
"09/15/2017","401.45","388.15","411.65","385.30","88.69K","+3.43%"
"09/14/2017","388.15","400.25","403.25","386.00","72.78K","-2.46%"
"09/13/2017","397.95","416.45","421.25","390.40","154.88K","-3.29%"
"09/12/2017","411.50","420.70","420.85","408.15","131.23K","-1.30%"
"09/11/2017","416.90","390.95","429.80","390.95","655.83K","+6.72%"
"09/08/2017","390.65","382.50","402.35","381.15","478.19K","+3.01%"
"09/07/2017","379.25","359.70","404.15","357.05","930.79K","+5.60%"
"09/06/2017","359.15","355.05","360.65","353.35","89.07K","+0.36%"
"09/05/2017","357.85","349.35","362.55","343.80","107.53K","+2.54%"
"09/04/2017","349.00","349.65","350.30","338.25","29.96K","+0.03%"
"09/01/2017","348.90","339.40","355.05","339.40","172.10K","+2.32%"
"08/31/2017","341.00","341.90","348.90","338.20","130.79K","-0.60%"
"08/30/2017","343.05","333.65","352.00","333.25","103.87K","+2.19%"
"08/29/2017","335.70","332.30","338.75","331.45","8.28K","-0.34%"
"08/28/2017","336.85","339.90","343.70","332.35","38.08K","+0.58%"
"08/24/2017","334.90","326.60","345.55","325.65","177.28K","+3.00%"
"08/23/2017","325.15","325.65","329.35","313.35","93.74K","+1.47%"
"08/22/2017","320.45","312.95","325.70","309.60","47.61K","+1.07%"
"08/21/2017","317.05","316.60","319.75","313.00","16.64K","+1.10%"
"08/18/2017","313.60","322.30","322.40","307.70","52.38K","-1.35%"
"08/17/2017","317.90","325.70","325.75","315.15","36.98K","-0.72%"
"08/16/2017","320.20","321.05","326.65","316.20","18.94K","-0.25%"
"08/14/2017","321.00","323.00","330.20","318.60","24.89K","-1.64%"
"08/11/2017","326.35","310.90","328.45","310.90","38.59K","+1.46%"
"08/10/2017","321.65","331.45","331.45","310.90","32.33K","-3.12%"
"08/09/2017","332.00","331.40","336.10","322.10","48.47K","-0.75%"
"08/08/2017","334.50","338.90","338.90","332.30","8.91K","-0.74%"
"08/07/2017","337.00","329.65","340.30","329.40","21.54K","+1.95%"
"08/04/2017","330.55","338.95","340.25","326.60","72.16K","-2.87%"
"08/03/2017","340.30","338.25","343.65","327.20","94.39K","-0.12%"
"08/02/2017","340.70","338.75","344.60","337.05","32.18K","-0.29%"
"08/01/2017","341.70","333.25","346.50","330.15","119.10K","+3.50%"
"07/31/2017","330.15","326.65","337.05","320.40","25.42K","+0.76%"
"07/28/2017","327.65","328.40","346.85","321.90","333.82K","-1.68%"
"07/27/2017","333.25","333.70","334.65","329.45","24.73K","+0.11%"
"07/26/2017","332.90","331.35","335.15","329.45","37.17K","+0.30%"
"07/25/2017","331.90","332.30","336.10","328.50","15.16K","+0.05%"
"07/24/2017","331.75","334.90","334.90","328.50","12.18K","-0.78%"
"07/21/2017","334.35","334.95","338.00","327.55","27.98K","+0.62%"
"07/20/2017","332.30","330.10","336.10","324.15","8.83K","+0.90%"
"07/19/2017","329.35","325.70","332.30","323.80","9.49K","+1.64%"
"07/18/2017","324.05","322.10","326.65","320.00","5.96K","-0.90%"
"07/17/2017","327.00","327.55","331.15","319.05","9.60K","+0.57%"
"07/14/2017","325.15","331.35","331.35","318.60","53.45K","-1.87%"
"07/13/2017","331.35","332.30","332.45","327.65","7.57K","-0.05%"
"07/12/2017","331.50","325.90","336.10","325.90","21.20K","+0.38%"
"07/11/2017","330.25","329.45","331.35","326.45","12.95K","-0.77%"
"07/10/2017","332.80","331.35","336.10","290.65","12.60K","+0.91%"
"07/07/2017","329.80","331.75","333.25","326.65","49.00K","-0.41%"
"07/06/2017","331.15","330.25","331.35","327.15","23.37K","-0.02%"
"07/05/2017","331.20","326.65","334.20","326.65","25.50K","+0.45%"
"07/04/2017","329.70","327.55","331.45","324.75","25.13K","-0.33%"
"07/03/2017","330.80","321.90","332.30","319.05","33.95K","+2.18%"
"06/30/2017","323.75","321.90","326.80","314.50","51.62K","+0.02%"
"06/29/2017","323.70","298.15","348.40","298.15","312.14K","+8.93%"
"06/28/2017","297.15","311.25","311.25","294.10","5.41K","-2.46%"
"06/27/2017","304.65","321.35","321.70","300.70","41.68K","-5.86%"
"06/23/2017","323.60","319.70","331.35","318.95","15.76K","-0.80%"
"06/22/2017","326.20","326.15","328.05","319.90","8.55K","+0.03%"
"06/21/2017","326.10","332.10","338.85","319.40","23.75K","-3.66%"
"06/20/2017","338.50","331.45","340.75","329.40","11.29K","+0.73%"
"06/19/2017","336.05","332.20","341.75","324.80","33.41K","+1.60%"
"06/16/2017","330.75","329.20","336.10","323.80","13.65K","+1.52%"
"06/15/2017","325.80","330.40","334.20","323.00","9.85K","-0.81%"
"06/14/2017","328.45","310.35","335.90","309.10","21.14K","+5.37%"
"06/13/2017","311.70","308.85","314.30","307.65","7.85K","+0.29%"
"06/12/2017","310.80","314.30","315.20","305.95","8.48K","-1.33%"
"06/09/2017","315.00","313.25","317.15","310.55","7.90K","-0.44%"
"06/08/2017","316.40","318.00","318.10","311.50","302.99K","+0.48%"
"06/07/2017","314.90","312.70","318.65","310.35","11.19K","-0.97%"
"06/06/2017","318.00","314.30","321.40","304.15","32.95K","+1.21%"
"06/05/2017","314.20","295.35","321.90","290.35","53.86K","+7.95%"
"06/02/2017","291.05","287.80","293.40","287.35","9.42K","+1.36%"
"06/01/2017","287.15","276.45","289.65","276.45","12.89K","+4.53%"
"05/31/2017","274.70","288.75","289.55","270.75","34.51K","-3.98%"
"05/30/2017","286.10","287.05","291.50","284.50","3.95K","-0.05%"
"05/29/2017","286.25","290.45","290.80","285.15","5.02K","-1.45%"
"05/26/2017","290.45","285.15","295.90","285.15","9.14K","+1.63%"
"05/25/2017","285.80","296.40","301.05","280.85","34.37K","-4.37%"
"05/24/2017","298.85","302.95","307.70","295.90","23.06K","-2.75%"
"05/23/2017","307.30","311.50","314.75","304.25","22.89K","-1.60%"
"05/22/2017","312.30","314.50","316.00","309.65","12.00K","-0.70%"
"05/19/2017","314.50","315.50","328.70","312.55","32.87K","-0.32%"
"05/18/2017","315.50","320.35","320.40","312.85","15.00K","-1.94%"
"05/17/2017","321.75","322.15","324.75","318.75","15.38K","-0.12%"
"05/16/2017","322.15","322.00","327.90","317.25","27.54K","+0.05%"
"05/15/2017","322.00","326.15","326.15","318.65","15.47K","-0.69%"
"05/12/2017","324.25","343.55","343.55","317.85","122.60K","-4.73%"
"05/11/2017","340.35","341.80","343.55","331.95","41.73K","+0.09%"
"05/10/2017","340.05","337.05","345.55","326.85","50.41K","+1.02%"
"05/09/2017","336.60","341.25","345.45","326.90","53.57K","-1.36%"
"05/08/2017","341.25","350.30","350.30","334.60","54.99K","-4.57%"
"05/05/2017","357.60","362.60","363.45","351.65","62.29K","+0.60%"
"05/04/2017","355.45","343.65","359.55","343.65","99.29K","+2.69%"
"05/03/2017","346.15","348.80","352.20","338.00","38.79K","+0.76%"
"05/02/2017","343.55","340.85","346.20","338.30","20.22K","+0.23%"
"04/28/2017","342.75","349.55","353.15","338.10","29.96K","-1.80%"
"04/27/2017","349.05","352.30","353.15","347.05","15.45K","-0.40%"
"04/26/2017","350.45","357.70","357.75","347.45","22.71K","-0.76%"
"04/25/2017","353.15","350.65","355.50","348.00","9.80K","+0.71%"
"04/24/2017","350.65","348.90","354.00","343.70","22.08K","+0.39%"
"04/21/2017","349.30","358.35","358.35","348.10","17.76K","-1.19%"
"04/20/2017","353.50","356.70","364.95","348.50","44.10K","-0.76%"
"04/19/2017","356.20","354.05","359.75","342.80","48.80K","+1.35%"
"04/18/2017","351.45","350.95","355.05","343.75","22.30K","+1.09%"
"04/17/2017","347.65","359.75","359.75","345.55","17.65K","-1.95%"
"04/13/2017","354.55","360.40","364.40","353.50","30.74K","-1.62%"
"04/12/2017","360.40","358.80","367.30","354.35","66.35K","+0.45%"
"04/11/2017","358.80","355.00","360.60","350.30","46.05K","+0.67%"
"04/10/2017","356.40","354.70","362.45","353.70","21.59K","+0.62%"
"04/07/2017","354.20","350.80","357.80","345.60","39.95K","+0.93%"
"04/06/2017","350.95","355.85","357.50","339.85","70.80K","-0.69%"
"04/05/2017","353.40","347.45","355.00","339.95","34.66K","+2.63%"
"04/03/2017","344.35","348.45","354.10","341.35","47.03K","-0.39%"
"03/31/2017","345.70","340.85","356.90","339.70","110.62K","+0.99%"
"03/30/2017","342.30","340.85","346.45","330.45","59.42K","+0.68%"
"03/29/2017","340.00","337.05","345.35","330.95","90.62K","+2.13%"
"03/28/2017","332.90","332.80","344.60","304.85","386.20K","+0.50%"
"03/27/2017","331.25","328.75","338.60","323.15","52.73K","+1.77%"
"03/24/2017","325.50","304.00","328.45","302.55","248.14K","+7.07%"
"03/23/2017","304.00","310.00","313.40","300.30","42.44K","-1.90%"
"03/22/2017","309.90","315.95","320.90","307.70","26.55K","-2.72%"
"03/21/2017","318.55","320.90","324.90","307.85","89.28K","+1.03%"
"03/20/2017","315.30","320.95","325.65","308.25","35.57K","-0.88%"
"03/17/2017","318.10","325.70","325.70","313.00","50.78K","-2.05%"
"03/16/2017","324.75","312.45","326.65","308.90","125.69K","+5.13%"
"03/15/2017","308.90","303.90","315.25","303.90","142.47K","+0.36%"
"03/14/2017","307.80","311.45","311.45","303.10","231.03K","+1.65%"
"03/10/2017","302.80","305.65","309.00","297.30","133.99K","-1.34%"
"03/09/2017","306.90","310.35","312.40","303.55","25.16K","-0.28%"
"03/08/2017","307.75","310.65","312.45","300.70","36.11K","+0.42%"
"03/07/2017","306.45","310.55","310.55","302.00","16.07K","-0.79%"
"03/06/2017","308.90","307.10","312.45","302.95","25.70K","+2.07%"
"03/03/2017","302.65","306.75","307.70","298.85","23.64K","-0.98%"
"03/02/2017","305.65","310.55","312.70","302.95","29.88K","-1.94%"
"03/01/2017","311.70","306.75","315.25","305.40","27.73K","+0.47%"
"02/28/2017","310.25","302.20","317.15","300.10","76.16K","+4.08%"
"02/27/2017","298.10","302.00","302.95","295.60","16.35K","-0.48%"
"02/23/2017","299.55","304.05","304.45","296.35","17.21K","-1.48%"
"02/22/2017","304.05","313.35","316.20","301.05","53.22K","-2.67%"
"02/21/2017","312.40","302.45","316.95","298.20","54.67K","+4.39%"
"02/20/2017","299.25","296.75","303.90","292.80","20.76K","+2.10%"
"02/17/2017","293.10","302.95","306.50","289.70","23.39K","-2.23%"
"02/16/2017","299.80","303.60","303.60","294.75","22.70K","-0.23%"
"02/15/2017","300.50","306.70","314.15","285.90","294.51K","-1.28%"
"02/14/2017","304.40","310.55","310.55","296.80","24.57K","-1.25%"
"02/13/2017","308.25","307.45","316.20","296.40","289.64K","+1.63%"
"02/10/2017","303.30","306.20","309.60","300.60","34.64K","-1.32%"
"02/09/2017","307.35","296.35","315.25","295.55","219.27K","+4.70%"
"02/08/2017","293.55","281.15","301.90","277.40","449.67K","+5.25%"
"02/07/2017","278.90","281.30","281.30","277.60","81.99K","+0.56%"
"02/06/2017","277.35","278.35","278.80","276.90","54.02K","+0.20%"
"02/03/2017","276.80","276.45","278.35","274.80","16.87K","-0.56%"
"02/02/2017","278.35","270.50","278.70","270.50","26.59K","+1.94%"
"02/01/2017","273.05","274.60","276.40","266.50","15.21K","-0.05%"
"01/31/2017","273.20","280.25","280.25","271.20","20.09K","-2.46%"
"01/30/2017","280.10","281.10","283.10","277.85","18.01K","+0.76%"
"01/27/2017","278.00","285.90","292.40","277.05","77.17K","+0.51%"
"01/25/2017","276.60","289.70","289.70","275.50","42.76K","-1.88%"
"01/24/2017","281.90","278.35","292.15","276.45","139.85K","+1.29%"
"01/23/2017","278.30","277.85","279.20","274.60","33.08K","+1.07%"
"01/20/2017","275.35","273.70","279.30","267.60","6.03K","-1.01%"
"01/19/2017","278.15","278.35","278.35","276.90","2.67K","-0.04%"
"01/18/2017","278.25","276.45","278.60","276.45","3.34K","+0.38%"
"01/17/2017","277.20","278.30","278.35","275.50","3.35K","-0.36%"
"01/16/2017","278.20","276.45","278.65","276.45","5.07K","+0.00%"
"01/13/2017","278.20","277.10","279.25","276.10","20.85K","-0.02%"
"01/12/2017","278.25","280.65","281.25","275.15","5.50K","-0.02%"
"01/11/2017","278.30","277.40","279.30","275.50","6.11K","+0.25%"
"01/10/2017","277.60","277.40","279.60","274.65","5.68K","+0.27%"
"01/09/2017","276.85","275.05","282.15","274.55","9.24K","+0.07%"
"01/06/2017","276.65","278.35","279.30","273.85","5.93K","-0.54%"
"01/05/2017","278.15","278.85","280.25","275.50","14.21K","+0.04%"
"01/04/2017","278.05","280.25","280.70","275.60","3.00K","-0.59%"
"01/03/2017","279.70","276.50","281.20","274.55","5.41K","+0.97%"
"01/02/2017","277.00","279.25","279.25","274.55","4.15K","+1.19%"
"12/30/2016","273.75","264.10","290.50","258.55","36.59K","+4.01%"
"12/29/2016","263.20","259.00","264.60","256.55","8.04K","+1.62%"
"12/28/2016","259.00","266.35","272.65","253.75","26.38K","-4.64%"
"12/27/2016","271.60","273.50","275.15","267.45","8.90K","-0.69%"
"12/26/2016","273.50","274.95","283.70","271.70","8.21K","-2.58%"
"12/23/2016","280.75","280.90","282.50","275.60","3.83K","+0.93%"
"12/22/2016","278.15","277.40","281.10","274.55","4.94K","-0.68%"
"12/21/2016","280.05","280.00","282.00","274.55","4.78K","+0.02%"
"12/20/2016","280.00","282.10","282.15","272.75","3.87K","+0.85%"
"12/19/2016","277.65","274.55","279.15","272.65","3.45K","+1.02%"
"12/16/2016","274.85","274.50","275.50","269.80","4.76K","+0.02%"
"12/15/2016","274.80","274.55","277.35","272.65","4.78K","+0.29%"
"12/14/2016","274.00","273.60","277.85","271.70","5.48K","-1.05%"
"12/13/2016","276.90","279.25","279.30","271.75","6.06K","+0.67%"
"12/12/2016","275.05","274.55","278.65","269.60","9.31K","-0.15%"
"12/09/2016","275.45","280.30","282.10","272.65","9.49K","-1.75%"
"12/08/2016","280.35","278.55","283.10","274.70","5.74K","+1.05%"
"12/07/2016","277.45","279.30","281.15","269.85","4.99K","-0.54%"
"12/06/2016","278.95","284.50","294.30","271.00","77.77K","-1.57%"
"12/05/2016","283.40","284.30","285.80","276.45","7.91K","+0.71%"
"12/02/2016","281.40","274.65","284.00","274.65","2.60K","+1.04%"
"12/01/2016","278.50","281.60","282.15","276.45","4.29K","-0.30%"
"11/30/2016","279.35","288.70","288.70","278.35","214.94K","+0.31%"
"11/29/2016","278.50","284.00","288.85","277.40","16.00K","-0.70%"
"11/28/2016","280.45","282.90","285.85","277.90","12.34K","+0.38%"
"11/25/2016","279.40","283.95","284.00","277.55","24.21K","+0.16%"
"11/24/2016","278.95","291.55","291.60","274.85","15.29K","-3.98%"
"11/23/2016","290.50","293.35","297.30","279.40","2.99K","+2.65%"
"11/22/2016","283.00","280.65","287.80","275.30","433.05K","+0.77%"
"11/21/2016","280.85","295.70","298.20","274.55","21.63K","-4.84%"
"11/18/2016","295.15","302.95","319.05","289.35","29.65K","-5.28%"
"11/17/2016","311.60","311.75","321.85","296.30","8.82K","+0.31%"
"11/16/2016","310.65","316.15","321.40","306.45","3.22K","-1.16%"
"11/15/2016","314.30","327.95","327.95","307.75","12.86K","-0.33%"
"11/11/2016","315.35","321.95","324.50","312.45","4.14K","-3.75%"
"11/10/2016","327.65","328.45","330.40","321.75","2.47K","+3.39%"
"11/09/2016","316.90","331.35","331.35","269.60","11.35K","-5.85%"
"11/08/2016","336.60","340.55","340.55","330.50","2.83K","+1.57%"
"11/07/2016","331.40","332.95","336.50","327.10","63.56K","-0.18%"
"11/04/2016","332.00","343.65","348.40","328.05","10.28K","-3.14%"
"11/03/2016","342.75","345.30","348.25","340.90","3.62K","-0.20%"
"11/02/2016","343.45","347.95","349.30","341.80","2.00K","-1.09%"
"11/01/2016","347.25","352.10","353.15","346.20","4.71K","-0.60%"
"10/28/2016","349.35","355.90","356.40","348.40","12.50K","-1.31%"
"10/27/2016","354.00","351.25","357.80","351.25","2.51K","+0.24%"
"10/26/2016","353.15","352.45","384.75","350.30","120.08K","-0.24%"
"10/25/2016","354.00","345.55","358.50","345.55","14.79K","+1.99%"
"10/24/2016","347.10","348.70","350.30","345.50","1.09K","-0.46%"
"10/21/2016","348.70","346.05","370.00","344.60","20.59K","+0.82%"
"10/20/2016","345.85","344.60","351.70","344.60","1.70K","-1.07%"
"10/19/2016","349.60","347.35","352.20","342.70","3.78K","+1.16%"
"10/18/2016","345.60","353.00","353.05","328.05","33.72K","-2.00%"
"10/17/2016","352.65","346.10","354.95","346.10","3.07K","+1.38%"
"10/14/2016","347.85","348.40","349.30","343.45","2.41K","+0.49%"
"10/13/2016","346.15","349.35","356.40","343.05","8.14K","-1.70%"
"10/10/2016","352.15","358.75","358.80","350.60","2.37K","-0.48%"
"10/07/2016","353.85","353.85","355.05","348.15","111.69K","+0.91%"
"10/06/2016","350.65","350.30","353.05","348.40","2.15K","-0.10%"
"10/05/2016","351.00","350.05","354.90","348.40","5.50K","+0.27%"
"10/04/2016","350.05","350.55","355.05","346.90","7.62K","-1.09%"
"10/03/2016","353.90","346.65","356.65","346.65","11.33K","+1.81%"
"09/30/2016","347.60","342.05","350.20","342.05","4.88K","+0.42%"
"09/29/2016","346.15","351.00","354.10","340.85","12.71K","-1.30%"
"09/28/2016","350.70","351.70","353.20","349.35","3.81K","-0.36%"
"09/27/2016","351.95","351.35","355.90","351.30","4.31K","+0.11%"
"09/26/2016","351.55","359.75","359.75","350.35","5.91K","-1.43%"
"09/23/2016","356.65","357.85","359.75","354.20","5.20K","-0.81%"
"09/22/2016","359.55","359.75","359.75","356.00","2.46K","+0.06%"
"09/21/2016","359.35","363.50","363.55","357.85","3.12K","-0.65%"
"09/20/2016","361.70","360.60","364.10","355.10","2.27K","+0.31%"
"09/19/2016","360.60","359.50","363.50","356.00","2.46K","+0.66%"
"09/16/2016","358.25","361.10","366.25","356.00","9.60K","+0.01%"
"09/15/2016","358.20","357.85","373.65","353.20","9.12K","+0.65%"
"09/14/2016","355.90","352.20","356.90","351.35","1.98K","+0.99%"
"09/12/2016","352.40","363.50","363.50","351.30","3.69K","-1.70%"
"09/09/2016","358.50","366.60","371.80","355.65","7.05K","-2.30%"
"09/08/2016","366.95","376.80","376.80","362.60","8.50K","-0.69%"
"09/07/2016","369.50","375.80","378.75","364.60","25.06K","-0.51%"
"09/06/2016","371.40","366.40","383.45","360.90","41.10K","+1.70%"
"09/02/2016","365.20","369.25","374.90","362.75","26.19K","+0.38%"
"09/01/2016","363.80","369.25","372.05","360.25","7.55K","-1.61%"
"08/31/2016","369.75","362.60","373.45","362.60","9.57K","+1.23%"
"08/30/2016","365.25","361.40","384.40","355.05","119.07K","+0.94%"
"08/29/2016","361.85","358.20","364.40","353.60","7.16K","+1.02%"
"08/26/2016","358.20","356.85","359.50","353.35","5.42K","+1.13%"
"08/25/2016","354.20","356.95","356.95","350.45","9.64K","-0.81%"
"08/24/2016","357.10","350.35","362.50","350.35","8.15K","+1.62%"
"08/23/2016","351.40","355.05","355.05","349.05","3.39K","-0.72%"
"08/22/2016","353.95","352.80","356.00","351.30","5.26K","-0.80%"
"08/19/2016","356.80","354.55","358.80","351.25","6.44K","+0.76%"
"08/18/2016","354.10","355.05","358.80","348.90","7.36K","+0.38%"
"08/17/2016","352.75","356.00","358.55","347.10","11.58K","-0.51%"
"08/16/2016","354.55","358.05","359.75","345.10","9.59K","-0.81%"
"08/12/2016","357.45","362.60","363.75","355.30","12.58K","-1.79%"
"08/11/2016","363.95","357.90","367.35","355.10","12.28K","+0.86%"
"08/10/2016","360.85","358.40","366.40","356.90","6.16K","+0.24%"
"08/09/2016","360.00","363.10","367.25","356.50","8.91K","-1.71%"
"08/08/2016","366.25","354.10","372.05","352.65","23.02K","+4.40%"
"08/05/2016","350.80","336.40","355.00","336.40","13.58K","+4.53%"
"08/04/2016","335.60","348.60","353.10","331.50","28.31K","-2.75%"
"08/03/2016","345.10","354.25","362.00","340.90","28.15K","-4.47%"
"08/02/2016","361.25","356.65","365.45","352.45","18.30K","+1.40%"
"08/01/2016","356.25","355.70","359.50","350.30","13.92K","+0.00%"
"07/29/2016","356.25","358.05","370.15","352.20","171.28K","-0.82%"
"07/28/2016","359.20","355.00","366.35","350.90","10.34K","+1.48%"
"07/27/2016","353.95","357.75","358.25","352.15","9.99K","-0.48%"
"07/26/2016","355.65","360.70","360.70","353.15","7.62K","-1.24%"
"07/25/2016","360.10","350.95","366.40","348.00","118.35K","+2.37%"
"07/22/2016","351.75","348.55","354.75","345.85","8.79K","+0.47%"
"07/21/2016","350.10","346.55","355.05","343.65","5.48K","+1.17%"
"07/20/2016","346.05","353.15","353.15","341.10","9.96K","-1.09%"
"07/19/2016","349.85","352.55","357.25","348.20","6.13K","-1.19%"
"07/18/2016","354.05","352.20","358.80","352.20","6.75K","+0.47%"
"07/15/2016","352.40","353.40","355.95","348.70","5.76K","-0.27%"
"07/14/2016","353.35","356.00","356.00","351.85","7.49K","+0.11%"
"07/13/2016","352.95","355.05","357.80","351.35","9.82K","-1.89%"
"07/12/2016","359.75","355.80","361.65","350.90","9.03K","+1.15%"
"07/11/2016","355.65","359.80","359.80","353.25","14.74K","-1.66%"
"07/08/2016","361.65","360.25","363.55","354.25","5.48K","+1.42%"
"07/07/2016","356.60","356.15","363.55","352.45","8.92K","-1.10%"
"07/05/2016","360.55","359.95","363.75","356.00","8.52K","-1.10%"
"07/04/2016","364.55","359.80","368.30","358.80","12.66K","+0.21%"
"07/01/2016","363.80","359.80","368.10","356.90","18.18K","+0.87%"
"06/30/2016","360.65","360.70","365.45","351.75","20.17K","+0.36%"
"06/29/2016","359.35","359.75","373.00","356.40","224.96K","+4.14%"
"06/28/2016","345.05","346.55","349.35","337.25","12.41K","+1.01%"
"06/27/2016","341.60","336.10","345.55","336.10","8.82K","+0.09%"
"06/24/2016","341.30","336.10","349.35","331.40","10.14K","-1.39%"
"06/23/2016","346.10","338.10","348.40","338.10","7.34K","+1.21%"
"06/22/2016","341.95","346.10","350.20","337.50","61.13K","-1.95%"
"06/21/2016","348.75","349.35","353.15","343.70","13.13K","+0.37%"
"06/20/2016","347.45","345.55","350.30","336.15","6.99K","+0.64%"
"06/17/2016","345.25","343.65","354.10","339.60","17.94K","+0.77%"
"06/16/2016","342.60","333.40","347.85","331.60","10.99K","+3.18%"
"06/15/2016","332.05","334.25","336.10","328.80","18.10K","-0.60%"
"06/14/2016","334.05","331.50","336.00","331.50","8.21K","+0.16%"
"06/13/2016","333.50","336.85","337.15","330.15","30.23K","-1.49%"
"06/10/2016","338.55","335.15","341.80","333.85","5.51K","+0.46%"
"06/09/2016","337.00","338.00","340.50","333.30","7.84K","+0.09%"
"06/08/2016","336.70","336.10","338.85","332.90","9.64K","+0.07%"
"06/07/2016","336.45","336.55","337.90","333.20","8.70K","+0.90%"
"06/06/2016","333.45","338.85","338.85","332.80","5.49K","-0.83%"
"06/03/2016","336.25","334.20","338.90","334.20","6.37K","+0.54%"
"06/02/2016","334.45","331.40","338.45","329.45","11.64K","+0.81%"
"06/01/2016","331.75","332.30","335.75","329.20","59.55K","-0.17%"
"05/31/2016","332.30","342.65","342.70","328.60","119.23K","-2.47%"
"05/30/2016","340.70","348.25","348.30","338.20","13.44K","-2.31%"
"05/27/2016","348.75","348.90","355.05","342.90","5.76K","+0.53%"
"05/26/2016","346.90","343.55","350.30","338.05","11.29K","+1.24%"
"05/25/2016","342.65","344.55","345.55","338.95","7.14K","-0.17%"
"05/24/2016","343.25","343.20","345.60","338.45","6.14K","-0.64%"
"05/23/2016","345.45","341.80","348.80","340.80","4.10K","+0.98%"
"05/20/2016","342.10","351.00","351.15","333.25","21.16K","-1.07%"
"05/19/2016","345.80","355.65","358.70","341.80","8.20K","-2.77%"
"05/18/2016","355.65","349.65","359.65","347.40","6.93K","+1.73%"
"05/17/2016","349.60","337.00","369.25","333.25","37.44K","+4.13%"
"05/16/2016","335.75","345.55","345.55","327.25","80.20K","-2.01%"
"05/13/2016","342.65","347.35","347.35","341.80","4.44K","-1.11%"
"05/12/2016","346.50","354.10","354.10","344.30","12.02K","-0.47%"
"05/11/2016","348.15","355.05","355.05","345.70","13.67K","-1.50%"
"05/10/2016","353.45","361.20","361.20","350.90","12.52K","-2.17%"
"05/09/2016","361.30","371.80","373.70","357.15","34.34K","-1.67%"
"05/06/2016","367.45","362.20","373.00","362.15","8.30K","-0.22%"
"05/05/2016","368.25","360.70","378.70","360.70","27.34K","+0.78%"
"05/04/2016","365.40","367.35","371.60","360.75","27.89K","-3.14%"
"05/03/2016","377.25","373.95","379.85","370.25","13.58K","+1.00%"
"05/02/2016","373.50","367.30","374.65","359.85","11.50K","+2.47%"
"04/29/2016","364.50","358.75","368.30","357.00","5.39K","+1.69%"
"04/28/2016","358.45","360.55","362.60","356.90","5.79K","-0.71%"
"04/27/2016","361.00","357.10","364.40","355.65","17.71K","+1.68%"
"04/26/2016","355.05","358.15","362.30","353.25","9.45K","-0.35%"
"04/25/2016","356.30","355.65","362.65","352.75","12.50K","-2.45%"
"04/22/2016","365.25","357.05","372.85","355.50","6.94K","+2.31%"
"04/21/2016","357.00","358.65","369.20","352.20","13.32K","-2.49%"
"04/20/2016","366.10","356.50","368.75","350.40","27.54K","+2.72%"
"04/18/2016","356.40","351.25","358.35","351.25","7.42K","+1.02%"
"04/13/2016","352.80","342.55","361.20","342.55","31.52K","+3.64%"
"04/12/2016","340.40","340.00","358.35","334.35","455.47K","+0.12%"
"04/11/2016","340.00","340.90","344.55","336.45","8.31K","+0.10%"
"04/08/2016","339.65","339.50","341.50","338.00","9.28K","+0.04%"
"04/07/2016","339.50","337.85","341.80","337.85","12.02K","-0.41%"
"04/06/2016","340.90","336.75","342.20","336.75","3.24K","-0.41%"
"04/05/2016","342.30","346.25","346.50","339.55","3.48K","-0.44%"
"04/04/2016","343.80","342.70","345.75","340.00","10.23K","-0.10%"
"04/01/2016","344.15","343.70","347.00","337.15","9.75K","+0.07%"
"03/31/2016","343.90","345.55","346.10","340.00","10.15K","-0.52%"
"03/30/2016","345.70","345.50","347.20","341.15","33.10K","+1.44%"
"03/29/2016","340.80","337.65","343.65","337.05","8.87K","-0.13%"
"03/28/2016","341.25","341.75","345.55","333.30","3.74K","+0.69%"
"03/23/2016","338.90","337.45","340.85","331.35","8.55K","+0.80%"
"03/22/2016","336.20","338.00","338.90","334.05","11.40K","-0.44%"
"03/21/2016","337.70","335.70","341.80","331.50","26.12K","+0.60%"
"03/18/2016","335.70","332.25","340.80","327.65","18.70K","+1.05%"
"03/17/2016","332.20","332.90","335.90","326.65","10.09K","-0.21%"
"03/16/2016","332.90","331.35","336.05","326.10","161.62K","+1.26%"
"03/15/2016","328.75","333.25","335.30","325.35","18.74K","-1.08%"
"03/14/2016","332.35","329.55","344.35","329.35","29.71K","-0.70%"
"03/11/2016","334.70","333.30","338.65","327.55","31.06K","+0.37%"
"03/10/2016","333.45","334.20","338.60","327.55","13.53K","+0.83%"
"03/09/2016","330.70","322.30","333.25","319.05","38.91K","+2.61%"
"03/08/2016","322.30","319.95","326.15","317.45","7.83K","+1.56%"
"03/04/2016","317.35","328.40","328.40","315.25","18.24K","-1.93%"
"03/03/2016","323.60","323.85","328.50","321.95","9.20K","+0.20%"
"03/02/2016","322.95","325.70","328.50","320.05","48.20K","-0.83%"
"03/01/2016","325.65","324.95","330.60","322.20","39.93K","+0.35%"
"02/29/2016","324.50","325.00","330.40","318.15","50.21K","-0.34%"
"02/26/2016","325.60","330.15","330.15","321.90","207.43K","-1.02%"
"02/25/2016","328.95","326.65","335.05","322.75","45.31K","-0.02%"
"02/24/2016","329.00","324.80","331.20","321.95","29.84K","+1.34%"
"02/23/2016","324.65","326.55","331.55","321.95","46.01K","-0.57%"
"02/22/2016","326.50","326.75","329.40","323.00","39.60K","-0.14%"
"02/19/2016","326.95","331.40","332.25","320.95","55.11K","-1.27%"
"02/18/2016","331.15","341.00","341.75","327.55","43.49K","-2.69%"
"02/17/2016","340.30","337.05","341.75","330.35","108.40K","-0.10%"
"02/16/2016","340.65","345.75","345.75","336.45","49.82K","-1.43%"
"02/15/2016","345.60","332.30","347.40","328.15","25.52K","+4.38%"
"02/12/2016","331.10","338.05","343.20","324.75","55.02K","-3.14%"
"02/11/2016","341.85","350.30","353.00","337.10","3.78K","-3.76%"
"02/10/2016","355.20","355.25","356.90","344.60","17.62K","-0.01%"
"02/09/2016","355.25","350.35","356.90","347.55","10.09K","-0.21%"
"02/08/2016","356.00","354.80","357.85","347.05","9.89K","+0.34%"
"02/05/2016","354.80","343.55","357.55","341.15","24.02K","+2.60%"
"02/04/2016","345.80","367.35","367.35","342.90","13.37K","-3.22%"
"02/03/2016","357.30","354.00","361.20","346.50","56.63K","+0.42%"
"02/02/2016","355.80","364.90","365.95","354.10","9.31K","-2.49%"
"02/01/2016","364.90","379.60","379.60","362.60","53.23K","-2.95%"
"01/29/2016","376.00","360.25","397.45","354.15","188.31K","+4.46%"
"01/28/2016","359.95","352.45","363.55","345.65","10.13K","+1.59%"
"01/27/2016","354.30","359.75","359.75","352.65","6.37K","-0.99%"
"01/25/2016","357.85","360.75","367.80","356.90","6.82K","-1.58%"
"01/22/2016","363.60","348.55","369.25","347.50","14.48K","+4.15%"
"01/21/2016","349.10","347.60","359.75","342.75","29.83K","+0.14%"
"01/20/2016","348.60","342.50","356.95","331.35","14.12K","+1.57%"
"01/19/2016","343.20","350.40","350.40","340.90","6.66K","-1.90%"
"01/18/2016","349.85","345.55","353.60","340.85","8.87K","-0.96%"
"01/15/2016","353.25","366.40","366.40","346.50","10.05K","-3.43%"
"01/14/2016","365.80","367.30","369.25","362.15","4.73K","+0.12%"
"01/13/2016","365.35","374.90","376.85","358.65","27.70K","-2.06%"
"01/12/2016","373.05","375.80","375.85","366.50","7.20K","-0.41%"
"01/11/2016","374.60","373.90","381.20","367.45","2.61K","+0.38%"
"01/08/2016","373.20","377.60","381.55","370.75","18.90K","+0.84%"
"01/07/2016","370.10","388.10","388.10","362.70","23.24K","-1.95%"
"01/06/2016","377.45","389.25","392.90","373.95","15.70K","-1.82%"
"01/05/2016","384.45","378.75","388.00","373.90","10.08K","+0.25%"
"01/04/2016","383.50","383.45","389.80","378.70","4.07K","+0.01%"
"01/01/2016","383.45","387.10","387.10","379.60","7.81K","-0.14%"
"12/31/2015","384.00","382.65","387.20","376.80","55.57K","+0.13%"
"12/30/2015","383.50","387.20","391.90","379.80","10.17K","-0.71%"
"12/29/2015","386.25","388.10","394.90","383.60","33.12K","-0.73%"
"12/28/2015","389.10","383.45","391.95","374.05","16.10K","+1.42%"
"12/24/2015","383.65","389.90","389.95","379.65","9.40K","-1.18%"
"12/23/2015","388.25","383.50","402.30","375.85","177.96K","+1.54%"
"12/22/2015","382.35","387.30","391.85","371.80","25.34K","-1.11%"
"12/21/2015","386.65","355.85","391.95","355.40","66.43K","+9.15%"
"12/18/2015","354.25","370.20","370.20","347.05","62.01K","-3.12%"
"12/17/2015","365.65","351.30","372.00","350.90","35.34K","+5.33%"
"12/16/2015","347.15","359.70","362.40","343.70","31.62K","-2.29%"
"12/15/2015","355.30","354.95","358.80","350.40","46.77K","+0.92%"
"12/14/2015","352.05","355.90","359.50","350.40","3.13K","-0.72%"
"12/11/2015","354.60","359.70","365.40","351.35","13.82K","-0.77%"
"12/10/2015","357.35","362.90","372.00","353.15","17.42K","-0.74%"
"12/09/2015","360.00","368.70","368.70","351.80","22.69K","-1.48%"
"12/08/2015","365.40","369.85","373.00","360.90","20.98K","-1.14%"
"12/07/2015","369.60","377.05","378.65","365.00","8.96K","-1.90%"
"12/04/2015","376.75","378.80","383.35","369.30","22.71K","-1.59%"
"12/03/2015","382.85","388.15","388.15","378.85","25.16K","-1.21%"
"12/02/2015","387.55","388.40","391.00","353.40","28.86K","-0.22%"
"12/01/2015","388.40","377.05","392.90","366.45","55.83K","+3.79%"
"11/30/2015","374.20","374.30","386.45","369.25","300.15K","-1.19%"
"11/27/2015","378.70","385.35","385.35","371.15","187.40K","-0.08%"
"11/26/2015","379.00","369.25","390.55","369.25","287.84K","+1.62%"
"11/24/2015","372.95","355.05","379.50","354.15","16.35K","+4.70%"
"11/23/2015","356.20","353.60","360.75","353.60","7.18K","+0.79%"
"11/20/2015","353.40","359.70","359.70","351.55","4.40K","-0.30%"
"11/19/2015","354.45","351.90","364.00","345.65","12.54K","+1.29%"
"11/18/2015","349.95","355.05","355.05","343.50","14.03K","-0.50%"
"11/17/2015","351.70","354.80","356.75","349.00","10.54K","-0.83%"
"11/16/2015","354.65","355.10","360.05","352.25","4.96K","-0.87%"
"11/13/2015","357.75","355.10","365.40","355.10","2.90K","-1.21%"
"11/11/2015","362.15","360.65","364.40","358.45","692","+0.74%"
"11/10/2015","359.50","362.60","367.35","356.25","3.46K","-0.57%"
"11/09/2015","361.55","359.05","367.35","355.10","8.19K","-1.32%"
"11/06/2015","366.40","364.55","371.00","362.45","2.91K","-0.64%"
"11/05/2015","368.75","369.25","372.70","360.85","4.98K","-0.50%"
"11/04/2015","370.60","364.55","372.05","364.50","18.60K","+1.56%"
"11/03/2015","364.90","370.60","376.80","362.05","33.62K","-0.75%"
"11/02/2015","367.65","362.75","371.10","361.05","7.98K","-0.24%"
"10/30/2015","368.55","373.90","375.40","357.85","35.38K","-1.39%"
"10/29/2015","373.75","372.60","377.75","366.45","4.95K","+1.03%"
"10/28/2015","369.95","369.35","375.85","364.50","1.21K","-0.94%"
"10/27/2015","373.45","370.05","377.70","365.25","42.85K","+0.92%"
"10/26/2015","370.05","369.55","373.45","362.05","4.16K","+0.49%"
"10/23/2015","368.25","369.75","374.05","360.75","8.67K","-0.22%"
"10/21/2015","369.05","371.25","373.95","364.50","5.83K","+0.38%"
"10/20/2015","367.65","369.25","372.10","360.85","1.90K","-0.35%"
"10/19/2015","368.95","381.85","386.20","365.55","7.48K","-2.21%"
"10/16/2015","377.30","371.55","386.25","362.60","6.69K","+2.92%"
"10/15/2015","366.60","368.95","383.55","356.65","9.54K","-1.62%"
"10/14/2015","372.65","371.10","373.00","369.25","774","+0.42%"
"10/13/2015","371.10","369.25","382.95","367.35","7.77K","+1.66%"
"10/12/2015","365.05","369.30","373.95","362.60","2.68K","-1.86%"
"10/09/2015","371.95","372.05","374.60","362.60","4.84K","+1.35%"
"10/08/2015","367.00","363.85","377.60","363.35","7.61K","+1.47%"
"10/07/2015","361.70","357.85","363.50","356.00","2.78K","-0.12%"
"10/06/2015","362.15","356.40","364.50","352.75","3.34K","+1.61%"
"10/05/2015","356.40","359.75","364.45","354.10","10.63K","-0.86%"
"10/01/2015","359.50","357.80","360.65","351.30","2.78K","+0.70%"
"09/30/2015","357.00","356.30","359.75","355.05","795","+0.63%"
"09/29/2015","354.75","355.00","359.20","351.35","1.95K","-0.91%"
"09/28/2015","358.00","356.95","361.15","355.55","1.31K","-0.17%"
"09/24/2015","358.60","361.20","361.65","355.55","2.95K","-0.99%"
"09/23/2015","362.20","345.55","365.40","345.55","6.33K","+2.90%"
"09/22/2015","352.00","359.70","372.95","348.90","3.63K","-1.57%"
"09/21/2015","357.60","355.10","361.55","355.10","542","-1.32%"
"09/18/2015","362.40","357.25","366.25","351.70","7.09K","+3.41%"
"09/16/2015","350.45","367.30","367.30","349.40","322.18K","-1.61%"
"09/15/2015","356.20","355.60","362.65","355.10","5.30K","-1.36%"
"09/14/2015","361.10","359.70","362.05","355.90","1.24K","+0.87%"
"09/11/2015","358.00","359.80","365.45","355.10","864","-1.20%"
"09/10/2015","362.35","362.35","364.50","359.80","664","-1.04%"
"09/09/2015","366.15","362.20","368.95","362.20","3.99K","+0.51%"
"09/08/2015","364.30","352.45","375.95","348.40","3.46K","+1.83%"
"09/07/2015","357.75","359.75","360.70","341.80","13.15K","-0.42%"
"09/04/2015","359.25","367.35","367.35","346.65","7.79K","-2.55%"
"09/03/2015","368.65","356.40","373.20","356.40","4.99K","+2.85%"
"09/02/2015","358.45","357.10","363.45","352.65","2.52K","+1.98%"
"09/01/2015","351.50","366.40","366.40","350.80","1.97K","-3.88%"
"08/31/2015","365.70","373.85","374.00","358.80","6.58K","-1.46%"
"08/28/2015","371.10","371.20","377.75","361.80","34.35K","+0.04%"
"08/27/2015","370.95","376.55","376.55","354.20","9.34K","+3.68%"
"08/26/2015","357.80","350.05","363.55","345.55","4.69K","+1.71%"
"08/25/2015","351.80","349.30","363.15","322.20","431.77K","+2.18%"
"08/24/2015","344.30","345.55","365.75","329.45","19.32K","-5.90%"
"08/21/2015","365.90","369.25","369.30","364.50","33.57K","-1.51%"
"08/20/2015","371.50","375.75","380.30","367.30","8.23K","-1.82%"
"08/19/2015","378.40","382.90","382.95","375.10","8.72K","-0.86%"
"08/18/2015","381.70","383.15","387.50","375.25","7.73K","+0.12%"
"08/17/2015","381.25","374.45","383.45","369.30","5.88K","+2.74%"
"08/14/2015","371.10","369.30","379.65","367.40","146.84K","+0.34%"
"08/13/2015","369.85","376.80","380.30","366.40","8.74K","-1.99%"
"08/12/2015","377.35","383.50","383.50","372.05","5.63K","-1.81%"
"08/11/2015","384.30","391.35","393.30","378.65","11.96K","-1.60%"
"08/10/2015","390.55","392.60","397.10","388.15","89.05K","+0.41%"
"08/07/2015","388.95","405.90","405.90","384.95","37.44K","-2.43%"
"08/06/2015","398.65","394.80","422.55","391.55","176.06K","+2.11%"
"08/05/2015","390.40","390.60","398.85","388.65","108.64K","+0.23%"
"08/04/2015","389.50","388.15","391.95","374.90","17.69K","+1.42%"
"08/03/2015","384.05","374.60","387.70","374.60","35.59K","+0.42%"
"07/31/2015","382.45","388.10","401.40","365.80","269.21K","+0.22%"
"07/30/2015","381.60","385.40","386.25","373.95","24.03K","-0.97%"
"07/29/2015","385.35","377.55","390.05","377.55","13.08K","+2.07%"
"07/28/2015","377.55","384.40","385.35","370.20","14.09K","-1.59%"
"07/27/2015","383.65","379.85","391.95","368.30","23.90K","+1.00%"
"07/24/2015","379.85","387.20","391.95","376.90","17.91K","-2.74%"
"07/23/2015","390.55","388.10","402.30","384.70","112.88K","+2.97%"
"07/22/2015","379.30","369.20","410.85","366.60","277.68K","+3.38%"
"07/21/2015","366.90","368.25","372.75","364.50","18.99K","-0.07%"
"07/20/2015","367.15","364.50","369.20","363.65","12.67K","+0.08%"
"07/17/2015","366.85","362.55","368.30","358.35","45.12K","+2.98%"
"07/16/2015","356.25","364.40","364.40","347.35","90.52K","-0.85%"
"07/15/2015","359.30","369.20","369.20","357.85","51.45K","-1.63%"
"07/14/2015","365.25","373.95","391.00","363.55","212.25K","-3.39%"
"07/13/2015","378.05","373.00","378.20","369.75","5.37K","+1.67%"
"07/10/2015","371.85","368.90","376.60","367.35","28.57K","+0.20%"
"07/09/2015","371.10","367.40","383.15","366.85","10.91K","+0.39%"
"07/08/2015","369.65","371.95","373.00","364.60","6.11K","-1.14%"
"07/07/2015","373.90","367.55","377.75","365.50","7.30K","+0.61%"
"07/06/2015","371.65","367.80","376.35","360.75","9.19K","+0.96%"
"07/03/2015","368.10","365.65","374.90","364.60","13.82K","+0.57%"
"07/02/2015","366.00","368.35","372.05","359.75","7.81K","-0.03%"
"07/01/2015","366.10","374.20","383.45","362.50","17.62K","-2.98%"
"06/30/2015","377.35","373.90","379.55","368.75","4.32K","+0.61%"
"06/29/2015","375.05","364.80","378.70","359.80","5.95K","-0.19%"
"06/26/2015","375.75","365.60","377.55","365.60","3.86K","+0.59%"
"06/25/2015","373.55","369.25","385.30","368.05","17.01K","+0.42%"
"06/24/2015","372.00","369.25","375.90","365.40","3.69K","-0.13%"
"06/23/2015","372.50","373.90","375.80","364.50","4.54K","+0.87%"
"06/22/2015","369.30","360.85","372.05","360.80","4.43K","+1.67%"
"06/19/2015","363.25","361.90","368.00","357.85","5.25K","+1.06%"
"06/18/2015","359.45","357.40","359.75","351.35","8.41K","+1.45%"
"06/17/2015","354.30","353.20","357.85","350.65","13.66K","-0.37%"
"06/16/2015","355.60","360.30","362.60","351.75","9.54K","-2.31%"
"06/15/2015","364.00","363.10","369.25","355.10","8.57K","-0.25%"
"06/12/2015","364.90","362.10","370.95","353.40","7.40K","+0.77%"
"06/11/2015","362.10","374.95","378.70","359.85","12.10K","-4.07%"
"06/10/2015","377.45","370.20","381.50","370.20","3.07K","+0.72%"
"06/09/2015","374.75","369.30","381.55","364.50","6.50K","+0.79%"
"06/08/2015","371.80","383.35","383.40","364.60","6.12K","-1.56%"
"06/05/2015","377.70","377.75","382.85","370.40","4.63K","+1.12%"
"06/04/2015","373.50","375.00","378.70","365.50","6.48K","-0.28%"
"06/03/2015","374.55","373.95","382.85","360.75","10.11K","-0.52%"
"06/02/2015","376.50","388.90","388.90","372.05","86.48K","-2.09%"
"06/01/2015","384.55","387.10","387.10","374.45","7.28K","+0.25%"
"05/29/2015","383.60","384.45","387.20","369.25","23.67K","-0.13%"
"05/28/2015","384.10","383.35","388.15","373.95","4.79K","+1.47%"
"05/27/2015","378.55","374.20","386.25","374.20","6.38K","-0.17%"
"05/26/2015","379.20","372.10","383.45","365.45","58.95K","+1.20%"
"05/25/2015","374.70","377.35","384.40","371.20","6.14K","-2.08%"
"05/22/2015","382.65","383.45","390.05","376.80","11.46K","-0.69%"
"05/21/2015","385.30","373.95","392.35","370.25","19.53K","+2.15%"
"05/20/2015","377.20","369.55","383.45","363.55","14.30K","+2.06%"
"05/19/2015","369.60","368.25","378.10","352.65","33.64K","+1.83%"
"05/18/2015","362.95","363.55","372.95","357.20","18.25K","+1.03%"
"05/15/2015","359.25","355.05","362.65","347.95","419.06K","+3.38%"
"05/14/2015","347.50","364.15","364.15","343.65","89.27K","-4.57%"
"05/13/2015","364.15","357.80","367.80","350.95","22.72K","+4.61%"
"05/12/2015","348.10","364.00","364.00","344.60","12.05K","-3.59%"
"05/11/2015","361.05","359.55","364.20","351.30","21.97K","+2.19%"
"05/08/2015","353.30","349.30","357.85","343.70","26.84K","+2.85%"
"05/07/2015","343.50","331.35","350.00","331.35","62.91K","+3.50%"
"05/06/2015","331.90","339.00","345.50","326.65","145.33K","-2.90%"
"05/05/2015","341.80","345.55","346.55","337.05","23.80K","-1.17%"
"05/04/2015","345.85","340.80","382.95","335.10","244.90K","+3.56%"
"04/30/2015","333.95","348.90","348.90","329.75","16.46K","-3.29%"
"04/29/2015","345.30","354.85","354.85","339.90","37.23K","-1.44%"
"04/28/2015","350.35","346.50","359.75","341.90","58.10K","+5.24%"
"04/27/2015","332.90","338.00","345.55","318.60","15.19K","+0.35%"
"04/24/2015","331.75","330.40","338.00","318.40","126.84K","+1.10%"
"04/23/2015","328.15","334.20","336.80","326.65","55.22K","-1.74%"
"04/22/2015","333.95","337.50","337.50","327.10","18.64K","+0.72%"
"04/21/2015","331.55","341.80","345.50","328.50","27.72K","-2.74%"
"04/20/2015","340.90","364.45","364.45","336.10","32.85K","-3.25%"
"04/17/2015","352.35","350.35","363.55","342.70","234.06K","+1.40%"
"04/16/2015","347.50","353.65","355.05","346.25","18.54K","-1.12%"
"04/15/2015","351.45","365.45","365.45","349.35","188.74K","-3.63%"
"04/13/2015","364.70","372.50","373.95","363.05","15.49K","-1.95%"
"04/10/2015","371.95","378.55","379.90","369.55","15.57K","-0.60%"
"04/09/2015","374.20","390.95","452.55","370.20","327.86K","-3.06%"
"04/08/2015","386.00","391.50","401.15","384.90","49.46K","-0.72%"
"04/07/2015","388.80","395.65","395.65","383.55","24.32K","-0.33%"
"04/06/2015","390.10","388.75","401.70","388.30","104.18K","+0.35%"
"04/01/2015","388.75","388.20","399.20","385.30","14.28K","-0.09%"
"03/31/2015","389.10","392.90","396.65","387.20","5.78K","-1.09%"
"03/30/2015","393.40","393.85","397.55","386.85","42.77K","+0.24%"
"03/27/2015","392.45","401.35","402.80","388.25","14.58K","-2.36%"
"03/26/2015","401.95","397.65","405.30","395.80","14.12K","+0.65%"
"03/25/2015","399.35","400.45","401.45","387.20","17.18K","-0.61%"
"03/24/2015","401.80","400.45","403.25","397.65","6.84K","+0.74%"
"03/23/2015","398.85","401.85","403.20","390.60","10.39K","-0.78%"
"03/20/2015","402.00","401.40","404.20","388.25","16.30K","-0.21%"
"03/19/2015","402.85","401.40","405.85","398.10","42.04K","+0.76%"
"03/18/2015","399.80","406.05","411.10","395.75","46.33K","-1.22%"
"03/17/2015","404.75","407.10","415.65","400.45","12.89K","-0.05%"
"03/16/2015","404.95","409.60","414.65","399.55","17.50K","-1.69%"
"03/13/2015","411.90","420.90","423.60","409.20","34.20K","-1.09%"
"03/12/2015","416.45","416.55","422.00","411.95","22.07K","+0.77%"
"03/11/2015","413.25","422.35","425.10","409.95","78.91K","-2.30%"
"03/10/2015","423.00","414.65","427.30","410.15","24.67K","+2.52%"
"03/09/2015","412.60","424.10","426.05","405.45","25.83K","-3.02%"
"03/05/2015","425.45","432.45","443.90","417.60","126.47K","-2.50%"
"03/04/2015","436.35","432.70","446.75","432.70","33.95K","+0.23%"
"03/03/2015","435.35","435.50","440.25","431.00","34.24K","+0.79%"
"03/02/2015","431.95","444.95","444.95","430.75","16.93K","-2.83%"
"02/27/2015","444.55","442.15","453.15","436.95","17.60K","-0.16%"
"02/26/2015","445.25","447.15","455.95","441.55","11.24K","-0.44%"
"02/25/2015","447.20","446.55","454.45","445.50","16.35K","-0.02%"
"02/24/2015","447.30","454.50","454.50","440.40","9.57K","-1.52%"
"02/23/2015","454.20","456.95","459.10","440.45","19.68K","+0.88%"
"02/20/2015","450.25","441.15","458.20","435.75","31.83K","+1.87%"
"02/19/2015","442.00","454.45","454.45","436.70","12.21K","-1.60%"
"02/18/2015","449.20","436.00","454.65","436.00","30.48K","+2.85%"
"02/16/2015","436.75","440.75","444.00","432.65","11.05K","-0.56%"
"02/13/2015","439.20","444.55","446.85","438.35","7.21K","-1.16%"
"02/12/2015","444.35","443.50","448.75","440.85","30.57K","+1.44%"
"02/11/2015","438.05","444.90","444.95","433.90","11.38K","-0.07%"
"02/10/2015","438.35","443.10","449.55","427.10","24.92K","-1.07%"
"02/09/2015","443.10","450.65","457.85","435.55","158.68K","+0.34%"
"02/06/2015","441.60","456.10","465.80","432.00","43.21K","-2.81%"
"02/05/2015","454.35","463.60","475.25","450.95","42.46K","+0.03%"
"02/04/2015","454.20","450.80","464.60","449.25","70.67K","+1.10%"
"02/03/2015","449.25","437.80","454.45","437.80","308.25K","+2.63%"
"02/02/2015","437.75","433.60","453.45","433.60","38.78K","-0.36%"
"01/30/2015","439.35","449.05","465.80","429.80","68.88K","-1.93%"
"01/29/2015","448.00","456.20","458.20","445.05","12.64K","-1.30%"
"01/28/2015","453.90","456.85","462.50","451.60","11.34K","-1.73%"
"01/27/2015","461.90","456.35","467.45","445.30","49.12K","+1.90%"
"01/23/2015","453.30","457.35","460.95","447.35","22.95K","+0.15%"
"01/22/2015","452.60","459.05","472.45","440.45","110.33K","-1.41%"
"01/21/2015","459.05","473.35","474.00","457.45","16.40K","-2.42%"
"01/20/2015","470.45","473.40","477.85","467.25","15.88K","-0.73%"
"01/19/2015","473.90","466.30","482.35","465.15","61.41K","+1.63%"
"01/16/2015","466.30","465.00","471.55","464.85","5.35K","-0.03%"
"01/15/2015","466.45","473.35","477.65","462.95","69.19K","+1.49%"
"01/14/2015","459.60","468.65","471.45","457.35","10.17K","-1.70%"
"01/13/2015","467.55","471.55","481.90","465.20","480.36K","-1.00%"
"01/12/2015","472.25","463.55","478.40","460.10","467.81K","+1.58%"
"01/09/2015","464.90","474.25","475.30","455.95","351.18K","-1.63%"
"01/08/2015","472.60","456.40","477.65","456.40","31.94K","+3.81%"
"01/07/2015","455.25","459.15","468.35","451.65","52.89K","-0.60%"
"01/06/2015","458.00","462.65","473.15","452.70","34.75K","-1.55%"
"01/05/2015","465.20","463.90","481.90","456.85","48.04K","+0.92%"
"01/02/2015","460.95","460.15","464.60","458.20","7.18K","+0.18%"
"01/01/2015","460.10","466.80","477.15","457.45","20.29K","-2.06%"
"12/31/2014","469.80","477.20","478.05","463.00","22.98K","-1.48%"
"12/30/2014","476.85","477.30","479.85","468.90","15.46K","-0.09%"
"12/29/2014","477.30","488.50","488.50","473.35","50.53K","+0.53%"
"12/26/2014","474.80","457.70","478.00","452.55","62.05K","+3.74%"
"12/24/2014","457.70","452.90","462.00","450.05","12.69K","+0.62%"
"12/23/2014","454.90","456.30","459.15","444.95","30.83K","+0.35%"
"12/22/2014","453.30","459.10","463.90","450.65","30.12K","+0.20%"
"12/19/2014","452.40","458.20","463.90","447.40","155.16K","-0.58%"
"12/18/2014","455.05","456.40","468.80","452.55","45.85K","+0.56%"
"12/17/2014","452.50","460.55","468.65","449.70","25.28K","-2.22%"
"12/16/2014","462.75","464.95","473.35","459.10","11.88K","-0.77%"
"12/15/2014","466.35","462.00","481.10","459.60","30.74K","+0.25%"
"12/12/2014","465.20","471.00","477.15","463.90","9.15K","-1.88%"
"12/11/2014","474.10","468.60","480.10","464.10","45.21K","+1.57%"
"12/10/2014","466.75","466.80","484.25","464.50","44.44K","-0.19%"
"12/09/2014","467.65","478.90","482.75","462.40","42.71K","-1.91%"
"12/08/2014","476.75","478.70","489.20","474.35","18.23K","-0.37%"
"12/05/2014","478.50","484.75","490.10","475.30","32.09K","-1.11%"
"12/04/2014","483.85","475.25","491.35","475.25","53.69K","+1.84%"
"12/03/2014","475.10","474.70","493.20","470.40","111.19K","+0.08%"
"12/02/2014","474.70","468.55","478.30","454.65","68.56K","+1.63%"
"12/01/2014","467.10","455.60","471.55","455.60","41.06K","+2.54%"
"11/28/2014","455.55","459.05","475.65","451.80","83.03K","-1.35%"
"11/27/2014","461.80","455.75","476.60","455.75","41.41K","+0.59%"
"11/26/2014","459.10","463.00","468.65","454.45","20.38K","-1.30%"
"11/25/2014","465.15","466.40","473.35","451.80","54.65K","+0.35%"
"11/24/2014","463.55","470.55","472.35","459.75","17.05K","-1.20%"
"11/21/2014","469.20","462.15","477.15","462.15","58.96K","+1.19%"
"11/20/2014","463.70","469.60","473.30","459.40","60.43K","-1.47%"
"11/19/2014","470.60","465.80","482.85","465.80","97.29K","+0.92%"
"11/18/2014","466.30","482.85","490.40","464.00","75.16K","-3.05%"
"11/17/2014","480.95","476.45","491.80","468.70","127.20K","+1.22%"
"11/14/2014","475.15","452.55","484.65","452.55","127.31K","+5.59%"
"11/13/2014","450.00","459.45","467.70","448.45","504.52K","-2.04%"
"11/12/2014","459.35","459.25","470.45","456.35","82.72K","-0.57%"
"11/11/2014","462.00","458.45","472.40","454.75","111.64K","+1.34%"
"11/10/2014","455.90","463.55","463.90","452.80","27.48K","-1.89%"
"11/07/2014","464.70","474.30","474.30","461.55","154.18K","-0.44%"
"11/05/2014","466.75","503.65","525.25","460.10","974.95K","-5.69%"
"11/03/2014","494.90","498.10","510.30","492.30","20.26K","-2.77%"
"10/31/2014","509.00","521.20","528.25","505.60","50.91K","-2.28%"
"10/30/2014","520.90","525.75","542.50","516.10","38.31K","-1.84%"
"10/29/2014","530.65","535.85","561.40","526.60","92.88K","-1.05%"
"10/28/2014","536.30","539.00","544.30","530.20","13.81K","-0.38%"
"10/27/2014","538.35","544.25","570.90","533.95","49.04K","-1.53%"
"10/23/2014","546.70","549.10","549.15","539.85","4.41K","+1.30%"
"10/22/2014","539.70","550.25","555.75","534.90","12.31K","-1.92%"
"10/21/2014","550.25","539.65","557.80","522.00","88.92K","+0.76%"
"10/20/2014","546.10","525.25","591.15","511.30","218.92K","+5.33%"
"10/17/2014","518.45","488.60","528.30","488.60","66.88K","+2.60%"
"10/16/2014","505.30","510.70","516.00","493.35","34.19K","-1.42%"
"10/14/2014","512.60","483.80","520.60","480.95","42.21K","+5.42%"
"10/13/2014","486.25","475.25","491.25","472.70","7.55K","+0.84%"
"10/10/2014","482.20","492.30","492.30","476.35","12.12K","-2.18%"
"10/09/2014","492.95","489.40","496.00","483.40","55.22K","+1.42%"
"10/08/2014","486.05","492.30","496.45","477.45","13.22K","-1.70%"
"10/07/2014","494.45","504.20","511.25","489.65","17.23K","-4.05%"
"10/01/2014","515.30","513.35","530.20","507.45","74.97K","-1.61%"
"09/30/2014","523.75","499.05","537.75","493.55","41.73K","+3.90%"
"09/29/2014","504.10","485.70","506.50","483.20","10.74K","+4.07%"
"09/26/2014","484.40","487.55","490.40","469.60","11.17K","+1.01%"
"09/25/2014","479.55","480.75","488.75","459.15","23.74K","-1.26%"
"09/24/2014","485.65","498.20","498.20","476.50","24.36K","-2.52%"
"09/23/2014","498.20","504.90","528.85","483.40","17.14K","-2.31%"
"09/22/2014","510.00","515.05","520.60","504.60","20.90K","-0.13%"
"09/19/2014","510.65","505.35","516.00","501.80","8.69K","+1.05%"
"09/18/2014","505.35","488.20","510.30","488.20","18.66K","+1.82%"
"09/17/2014","496.30","492.30","506.45","480.00","23.42K","+1.41%"
"09/16/2014","489.40","532.05","536.85","476.55","32.26K","-6.44%"
"09/15/2014","523.10","518.10","538.70","512.35","36.26K","+0.97%"
"09/12/2014","518.10","503.65","541.55","500.85","72.42K","+4.26%"
"09/11/2014","496.95","487.55","505.55","482.90","28.65K","+2.76%"
"09/10/2014","483.60","482.85","487.50","478.20","17.24K","-1.35%"
"09/09/2014","490.20","484.75","494.30","467.40","50.20K","+1.21%"
"09/08/2014","484.35","465.80","487.55","459.20","114.23K","+6.36%"
"09/05/2014","455.40","443.10","458.90","438.80","24.19K","+3.27%"
"09/04/2014","441.00","446.85","446.85","432.70","22.42K","-1.21%"
"09/03/2014","446.40","447.95","456.35","435.75","40.38K","-1.04%"
"09/02/2014","451.10","446.85","459.15","434.70","26.09K","+0.61%"
"09/01/2014","448.35","430.75","454.15","417.60","42.29K","+4.52%"
"08/28/2014","428.95","416.30","447.55","410.00","39.58K","+3.37%"
"08/27/2014","414.95","414.65","430.20","399.80","51.14K","+0.72%"
"08/26/2014","412.00","395.75","420.25","388.45","19.83K","+3.90%"
"08/25/2014","396.55","403.75","416.45","391.95","14.42K","-2.62%"
"08/22/2014","407.20","409.20","412.60","394.30","18.14K","+0.15%"
"08/21/2014","406.60","405.25","419.40","399.50","30.83K","-0.33%"
"08/20/2014","407.95","426.05","433.60","407.15","62.40K","-0.48%"
"08/19/2014","409.90","400.45","424.15","389.20","326.34K","+3.96%"
"08/18/2014","394.30","389.95","397.65","384.45","8.74K","+1.12%"
"08/14/2014","389.95","387.95","397.65","381.35","118.32K","+0.52%"
"08/13/2014","387.95","398.10","399.50","382.10","34.61K","-2.51%"
"08/12/2014","397.95","406.85","406.90","390.55","15.56K","-1.22%"
"08/11/2014","402.85","395.75","411.75","394.15","227.51K","+0.83%"
"08/08/2014","399.55","394.30","414.65","386.75","29.46K","+0.72%"
"08/07/2014","396.70","402.35","405.50","388.00","8.10K","-1.92%"
"08/06/2014","404.45","409.85","416.50","402.35","16.98K","-2.93%"
"08/05/2014","416.65","380.15","421.50","373.95","54.89K","+8.64%"
"08/04/2014","383.50","370.20","392.45","367.05","148.69K","+3.49%"
"08/01/2014","370.55","367.35","372.55","355.10","18.42K","-0.38%"
"07/31/2014","371.95","370.65","379.65","364.55","30.44K","+0.49%"
"07/30/2014","370.15","367.35","373.90","364.50","56.89K","+0.16%"
"07/28/2014","369.55","364.65","384.35","364.50","152.85K","+0.08%"
"07/25/2014","369.25","374.15","374.90","367.25","1.69K","-2.15%"
"07/24/2014","377.35","374.10","377.80","373.95","4.26K","+0.31%"
"07/23/2014","376.20","377.30","381.85","369.35","170.91K","-0.27%"
"07/22/2014","377.20","369.90","385.15","369.90","10.34K","+0.95%"
"07/21/2014","373.65","372.05","385.80","366.40","30.25K","+1.83%"
"07/18/2014","366.95","361.95","369.15","361.95","3.71K","-0.20%"
"07/17/2014","367.70","371.10","373.50","363.15","6.01K","-1.86%"
"07/16/2014","374.65","363.10","383.05","363.10","16.89K","+1.74%"
"07/15/2014","368.25","361.60","386.65","355.10","31.58K","+4.05%"
"07/14/2014","353.90","359.90","365.85","350.30","5.55K","-3.56%"
"07/11/2014","366.95","376.45","378.40","360.25","5.66K","-1.33%"
"07/10/2014","371.90","373.00","376.80","351.75","11.02K","+4.03%"
"07/09/2014","357.50","356.10","366.40","350.30","7.71K","-0.61%"
"07/08/2014","359.70","377.75","380.60","349.80","16.63K","-4.44%"
"07/07/2014","376.40","371.65","382.45","371.60","35.06K","+1.31%"
"07/04/2014","371.55","373.35","376.80","369.25","6.37K","-0.20%"
"07/03/2014","372.30","370.80","377.55","370.50","3.57K","-0.33%"
"07/02/2014","373.55","371.10","377.75","370.20","9.66K","+0.32%"
"07/01/2014","372.35","377.75","384.30","370.25","20.03K","-1.56%"
"06/30/2014","378.25","378.70","386.10","367.35","114.35K","+1.93%"
"06/27/2014","371.10","352.20","377.75","352.20","20.28K","+4.54%"
"06/26/2014","355.00","364.50","376.70","349.05","28.13K","-2.57%"
"06/25/2014","364.35","368.30","370.55","361.35","21.13K","-1.02%"
"06/24/2014","368.10","381.55","383.25","364.85","54.26K","-2.67%"
"06/23/2014","378.20","379.95","387.85","376.55","2.83K","-0.87%"
"06/20/2014","381.50","386.70","388.15","379.95","5.13K","-1.19%"
"06/19/2014","386.10","390.90","392.00","382.65","13.57K","-0.35%"
"06/18/2014","387.45","389.25","394.75","380.00","7.51K","-0.53%"
"06/17/2014","389.50","388.15","393.90","382.60","13.26K","-0.78%"
"06/16/2014","392.55","396.40","402.35","388.20","132.55K","-1.85%"
"06/13/2014","399.95","395.25","433.60","395.25","82.09K","-0.56%"
"06/12/2014","402.20","401.40","406.00","396.65","4.20K","-0.68%"
"06/11/2014","404.95","402.10","414.45","393.35","20.08K","-0.30%"
"06/10/2014","406.15","407.40","410.90","394.00","21.43K","-0.20%"
"06/09/2014","406.95","393.95","411.75","393.15","36.23K","+2.17%"
"06/06/2014","398.30","391.95","407.05","389.10","20.46K","+0.75%"
"06/05/2014","395.35","390.05","414.65","385.35","69.27K","+1.46%"
"06/04/2014","389.65","386.95","418.45","382.50","22.66K","+2.35%"
"06/03/2014","380.70","393.15","400.90","377.75","18.79K","-3.33%"
"06/02/2014","393.80","370.70","415.60","368.30","102.38K","+4.90%"
"05/30/2014","375.40","365.65","377.95","365.65","5.63K","+2.67%"
"05/29/2014","365.65","366.40","373.85","365.65","2.29K","-0.16%"
"05/28/2014","366.25","376.70","376.70","365.05","2.11K","-2.06%"
"05/27/2014","373.95","375.85","384.25","364.55","6.17K","-1.27%"
"05/26/2014","378.75","366.20","388.15","366.05","18.93K","+2.08%"
"05/23/2014","371.05","369.50","375.15","369.50","2.46K","-0.76%"
"05/22/2014","373.90","371.15","377.75","366.90","15.18K","-0.15%"
"05/21/2014","374.45","375.60","383.40","362.70","11.87K","-0.31%"
"05/20/2014","375.60","369.55","377.75","360.35","20.85K","+1.90%"
"05/19/2014","368.60","361.65","369.25","360.70","37.08K","+2.08%"
"05/16/2014","361.10","331.05","362.60","324.95","20.93K","+2.76%"
"05/15/2014","351.40","340.90","357.85","340.85","53.82K","+3.13%"
"05/14/2014","340.75","350.05","350.10","339.10","4.06K","-2.14%"
"05/13/2014","348.20","339.50","352.20","339.50","16.90K","+2.56%"
"05/12/2014","339.50","339.85","344.15","326.40","25.13K","-2.09%"
"05/09/2014","346.75","326.65","349.35","322.85","17.07K","+5.78%"
"05/08/2014","327.80","330.50","337.95","326.65","17.98K","-1.06%"
"05/07/2014","331.30","338.00","343.65","328.50","7.25K","-2.96%"
"05/06/2014","341.40","333.35","342.35","333.35","7.17K","+1.61%"
"05/05/2014","336.00","348.40","356.80","332.30","34.99K","-3.39%"
"05/02/2014","347.80","347.45","355.05","339.10","14.77K","+0.09%"
"04/30/2014","347.50","331.45","363.35","317.15","95.31K","+2.15%"
"04/29/2014","340.20","340.85","347.90","336.10","12.77K","-1.02%"
"04/28/2014","343.70","345.45","346.05","339.30","6.46K","+0.63%"
"04/25/2014","341.55","345.35","346.35","336.40","12.79K","-1.10%"
"04/23/2014","345.35","344.35","352.05","342.80","8.59K","+0.88%"
"04/22/2014","342.35","345.60","347.45","340.85","5.47K","-0.81%"
"04/21/2014","345.15","347.45","349.85","342.95","2.60K","-0.52%"
"04/17/2014","346.95","347.20","349.10","345.10","2.68K","-0.30%"
"04/16/2014","348.00","351.65","354.10","345.55","27.97K","+0.88%"
"04/15/2014","344.95","345.50","349.55","341.10","27.05K","+0.54%"
"04/11/2014","343.10","346.25","346.50","340.90","5.22K","-0.91%"
"04/10/2014","346.25","350.30","351.25","345.55","28.21K","-1.84%"
"04/09/2014","352.75","350.15","354.25","343.65","23.45K","+1.66%"
"04/07/2014","347.00","344.60","350.65","342.70","7.31K","-0.20%"
"04/04/2014","347.70","347.10","354.95","339.75","20.74K","+0.17%"
"04/03/2014","347.10","352.75","354.65","345.95","7.92K","-1.59%"
"04/02/2014","352.70","356.95","358.80","352.40","16.16K","-0.95%"
"04/01/2014","356.10","360.70","363.55","355.05","15.55K","-2.12%"
"03/31/2014","363.80","363.55","367.80","359.60","156.38K","+0.39%"
"03/28/2014","362.40","363.50","364.40","360.60","52.46K","+0.12%"
"03/27/2014","361.95","359.55","364.50","358.50","15.57K","-0.58%"
"03/26/2014","364.05","356.00","369.25","356.00","28.90K","+0.25%"
"03/25/2014","363.15","363.55","368.30","360.80","42.44K","+0.65%"
"03/24/2014","360.80","357.80","372.55","355.80","57.76K","+0.80%"
"03/21/2014","357.95","358.80","373.80","352.85","57.85K","+0.80%"
"03/20/2014","355.10","365.80","365.80","352.20","28.77K","-0.01%"
"03/19/2014","355.15","359.70","359.70","351.80","28.87K","+0.23%"
"03/18/2014","354.35","355.10","356.00","354.10","4.88K","-0.21%"
"03/14/2014","355.10","355.35","359.95","353.35","18.28K","-0.25%"
"03/13/2014","356.00","359.75","367.30","355.20","5.12K","-0.49%"
"03/12/2014","357.75","359.75","360.45","356.00","2.06K","-0.87%"
"03/11/2014","360.90","366.40","374.85","359.75","5.71K","-2.66%"
"03/10/2014","370.75","351.25","375.30","350.30","30.09K","+5.75%"
"03/07/2014","350.60","351.55","359.75","347.50","9.77K","-1.25%"
"03/06/2014","355.05","351.70","357.30","351.25","132.38K","-0.04%"
"03/05/2014","355.20","359.70","364.05","353.65","6.31K","-0.01%"
"03/04/2014","355.25","363.50","364.40","353.15","3.98K","+0.28%"
"03/03/2014","354.25","363.55","366.40","350.65","4.22K","-2.48%"
"02/28/2014","363.25","373.95","373.95","354.10","1.78K","-0.45%"
"02/26/2014","364.90","373.95","373.95","355.15","3.27K","-0.64%"
"02/25/2014","367.25","373.95","373.95","363.55","8.49K","+0.41%"
"02/24/2014","365.75","366.85","371.10","352.35","6.07K","+1.16%"
"02/21/2014","361.55","364.50","367.35","355.05","11.06K","+1.33%"
"02/20/2014","356.80","369.25","369.25","355.10","4.65K","-1.99%"
"02/19/2014","364.05","370.20","370.20","357.85","7.86K","+1.13%"
"02/18/2014","360.00","350.30","369.25","348.45","12.95K","+1.62%"
"02/17/2014","354.25","354.10","360.70","351.30","7.70K","-1.14%"
"02/14/2014","358.35","345.55","383.45","345.55","130.96K","+3.08%"
"02/13/2014","347.65","347.10","356.90","345.85","4.99K","-1.85%"
"02/12/2014","354.20","351.80","356.25","351.50","3.99K","-0.20%"
"02/11/2014","354.90","354.10","359.75","351.80","5.60K","+0.87%"
"02/10/2014","351.85","355.05","357.50","350.75","4.96K","+0.31%"
"02/07/2014","350.75","355.25","357.85","348.50","22.82K","-2.26%"
"02/06/2014","358.85","360.30","368.70","355.20","4.39K","-0.33%"
"02/05/2014","360.05","357.85","363.55","354.10","6.61K","-0.50%"
"02/04/2014","361.85","351.25","363.55","344.35","11.43K","+1.94%"
"02/03/2014","354.95","361.65","370.20","352.45","22.89K","-2.95%"
"01/31/2014","365.75","357.15","371.10","350.25","8.98K","+1.20%"
"01/30/2014","361.40","356.90","363.55","348.40","19.70K","-1.09%"
"01/29/2014","365.40","356.00","369.25","356.00","15.19K","+1.56%"
"01/28/2014","359.80","361.65","363.55","352.75","3.72K","-1.42%"
"01/27/2014","365.00","356.90","375.05","345.65","12.40K","+1.18%"
"01/24/2014","360.75","362.60","386.25","359.75","2.36K","-1.02%"
"01/23/2014","364.45","369.25","372.05","363.55","15.98K","-1.49%"
"01/22/2014","369.95","365.75","373.00","358.55","3.23K","+0.08%"
"01/21/2014","369.65","372.05","373.80","369.30","3.52K","+0.00%"
"01/20/2014","369.65","375.85","388.15","368.05","4.33K","+0.01%"
"01/17/2014","369.60","367.45","375.85","367.45","14.22K","-0.30%"
"01/16/2014","370.70","369.25","380.45","368.75","5.42K","-2.19%"
"01/15/2014","379.00","371.10","382.80","369.35","4.76K","+0.97%"
"01/14/2014","375.35","376.70","378.75","372.45","2.48K","-1.03%"
"01/13/2014","379.25","366.40","383.10","366.40","9.93K","-0.28%"
"01/10/2014","380.30","379.65","387.10","374.55","6.61K","-1.32%"
"01/09/2014","385.40","394.90","394.90","379.65","16.53K","-2.41%"
"01/08/2014","394.90","383.55","401.40","374.45","24.35K","+3.66%"
"01/07/2014","380.95","384.40","387.20","377.75","7.09K","+0.59%"
"01/06/2014","378.70","394.80","394.80","377.65","15.14K","-2.91%"
"01/03/2014","390.05","378.10","396.65","376.00","4.46K","+1.84%"
"01/02/2014","383.00","401.00","402.35","375.40","13.43K","-3.48%"
"01/01/2014","396.80","413.75","413.75","395.35","8.32K","-2.52%"
"12/31/2013","407.05","409.95","423.10","404.25","56.25K","+2.25%"
"12/30/2013","398.10","389.10","405.90","389.10","29.63K","+0.84%"
"12/27/2013","394.80","392.90","400.20","386.80","30.93K","+0.25%"
"12/26/2013","393.80","389.80","400.45","380.60","22.40K","+0.99%"
"12/24/2013","389.95","376.15","392.90","375.65","13.02K","+3.23%"
"12/23/2013","377.75","392.50","395.75","372.15","35.86K","-2.97%"
"12/20/2013","389.30","365.10","393.85","365.10","41.57K","+4.71%"
"12/19/2013","371.80","373.70","376.60","364.50","21.13K","+1.71%"
"12/18/2013","365.55","363.55","373.70","355.05","133.66K","+3.95%"
"12/17/2013","351.65","350.25","355.05","346.20","18.36K","+0.79%"
"12/16/2013","348.90","335.20","350.30","335.20","12.83K","+1.78%"
"12/13/2013","342.80","341.80","349.80","337.25","13.43K","-1.34%"
"12/12/2013","347.45","345.60","350.30","334.25","44.98K","+0.87%"
"12/11/2013","344.45","325.40","347.45","325.35","62.94K","+2.73%"
"12/10/2013","335.30","334.25","339.65","327.10","17.98K","+0.31%"
"12/09/2013","334.25","335.55","340.30","323.00","29.48K","+1.10%"
"12/06/2013","330.60","330.20","332.30","321.95","83.78K","+1.24%"
"12/05/2013","326.55","334.10","334.10","318.10","41.26K","+0.66%"
"12/04/2013","324.40","334.15","335.80","322.85","17.13K","-2.80%"
"12/03/2013","333.75","323.25","337.05","323.25","100.68K","+3.38%"
"12/02/2013","322.85","312.30","328.90","307.70","881.16K","+3.41%"
"11/29/2013","312.20","304.15","345.55","304.15","1.13M","+2.65%"
"11/28/2013","304.15","308.65","308.80","304.15","1.06M","-1.15%"
"11/27/2013","307.70","308.20","311.50","302.55","6.97K","-0.16%"
"11/26/2013","308.20","315.25","317.35","304.40","10.86K","-1.34%"
"11/25/2013","312.40","315.45","321.50","309.80","38.35K","-1.22%"
"11/22/2013","316.25","312.30","320.95","310.50","40.72K","+1.01%"
"11/21/2013","313.10","316.90","323.15","307.70","34.35K","-2.10%"
"11/20/2013","319.80","319.05","321.90","318.10","1.65K","-0.48%"
"11/19/2013","321.35","329.40","329.40","318.15","6.81K","-1.27%"
"11/18/2013","325.50","317.65","327.95","317.65","8.40K","-0.78%"
"11/14/2013","328.05","318.10","329.45","313.15","12.04K","+6.04%"
"11/13/2013","309.35","319.00","319.00","308.65","3.26K","-1.47%"
"11/12/2013","313.95","326.60","326.60","312.65","3.54K","-1.24%"
"11/11/2013","317.90","333.20","333.25","317.20","1.39K","-1.26%"
"11/08/2013","321.95","321.55","324.75","314.25","12.65K","+1.19%"
"11/07/2013","318.15","321.90","328.45","316.80","6.23K","-2.68%"
"11/06/2013","326.90","332.95","334.95","324.90","8.82K","-1.33%"
"11/05/2013","331.30","331.20","345.75","321.85","52.77K","+3.71%"
"11/01/2013","319.45","319.15","326.60","318.10","7.55K","-2.53%"
"10/31/2013","327.75","321.40","333.25","317.15","25.96K","+2.81%"
"10/30/2013","318.80","320.95","331.10","318.10","26.51K","-0.84%"
"10/29/2013","321.50","320.00","323.80","314.40","17.34K","+3.56%"
"10/28/2013","310.45","323.75","326.65","299.75","1.23M","-2.53%"
"10/25/2013","318.50","321.90","328.45","316.40","122.93K","-0.59%"
"10/24/2013","320.40","314.80","324.75","314.80","4.58K","+1.38%"
"10/23/2013","316.05","325.00","325.00","312.70","3.02K","-0.97%"
"10/22/2013","319.15","317.20","324.60","312.90","21.07K","-0.61%"
"10/21/2013","321.10","321.90","322.05","318.10","4.15K","-0.17%"
"10/18/2013","321.65","323.55","323.55","316.30","12.49K","+0.70%"
"10/17/2013","319.40","326.15","326.15","317.35","14.54K","-0.08%"
"10/15/2013","319.65","319.05","324.35","318.10","4.56K","-0.53%"
"10/14/2013","321.35","328.65","329.40","319.10","46.13K","-2.22%"
"10/11/2013","328.65","326.50","333.05","325.70","6.02K","+0.66%"
"10/10/2013","326.50","319.05","334.90","319.05","16.90K","+1.21%"
"10/09/2013","322.60","326.95","330.70","320.95","113.64K","-1.19%"
"10/08/2013","326.50","327.60","332.20","325.55","1.69K","-0.35%"
"10/07/2013","327.65","329.45","331.15","325.55","2.83K","-0.77%"
"10/04/2013","330.20","330.10","335.90","326.65","3.55K","-1.54%"
"10/03/2013","335.35","335.15","340.15","333.25","1.50K","-0.24%"
"10/01/2013","336.15","335.35","339.20","333.30","3.07K","-1.41%"
"09/30/2013","340.95","336.15","342.70","328.50","37.01K","+0.09%"
"09/27/2013","340.65","331.45","342.20","329.35","26.52K","-0.01%"
"09/26/2013","340.70","338.90","357.35","323.45","15.87K","+2.70%"
"09/25/2013","331.75","323.80","335.20","317.30","11.46K","+2.87%"
"09/24/2013","322.50","326.65","326.65","311.95","11.28K","+1.03%"
"09/23/2013","319.20","334.20","334.20","317.15","7.33K","-2.53%"
"09/20/2013","327.50","339.35","339.35","325.70","6.23K","-1.99%"
"09/19/2013","334.15","339.90","339.90","331.35","143.54K","+1.06%"
"09/18/2013","330.65","346.50","346.50","329.50","6.53K","-2.41%"
"09/17/2013","338.80","342.70","342.70","328.50","4.21K","+1.50%"
"09/16/2013","333.80","335.55","339.75","331.75","297","+0.09%"
"09/13/2013","333.50","342.65","344.70","331.35","2.02K","-2.27%"
"09/12/2013","341.25","340.60","345.55","334.35","9.20K","+1.38%"
"09/11/2013","336.60","335.10","337.95","330.45","1.48K","+0.10%"
"09/10/2013","336.25","331.35","338.00","325.50","10.50K","+1.62%"
"09/06/2013","330.90","342.05","342.05","329.45","4.04K","-1.63%"
"09/05/2013","336.40","348.40","350.30","334.20","2.68K","-1.58%"
"09/04/2013","341.80","328.35","346.05","323.95","220.78K","+3.23%"
"09/03/2013","331.10","338.65","338.65","322.60","8.26K","+0.46%"
"09/02/2013","329.60","340.80","340.80","327.15","2.80K","+0.84%"
"08/30/2013","326.85","331.35","334.05","320.95","30.52K","-1.19%"
"08/29/2013","330.80","330.40","332.30","321.90","12.26K","+1.30%"
"08/28/2013","326.55","326.65","327.55","313.00","10.87K","+0.06%"
"08/27/2013","326.35","338.85","338.85","318.10","48.90K","-2.74%"
"08/26/2013","335.55","340.80","345.55","333.25","2.64K","-1.53%"
"08/23/2013","340.75","331.60","343.40","331.60","12.68K","+0.93%"
"08/22/2013","337.60","338.95","348.70","326.65","10.76K","-1.43%"
"08/21/2013","342.50","349.35","349.35","333.80","13.50K","+1.72%"
"08/20/2013","336.70","327.60","340.65","324.00","5.89K","+1.32%"
"08/19/2013","332.30","330.40","338.95","321.90","7.85K","-0.55%"
"08/16/2013","334.15","328.65","340.85","322.00","9.76K","+0.03%"
"08/14/2013","334.05","337.00","340.85","332.30","4.77K","-1.98%"
"08/13/2013","340.80","335.55","350.30","331.40","150.79K","-1.45%"
"08/12/2013","345.80","345.55","348.35","328.15","8.20K","+1.93%"
"08/08/2013","339.25","334.20","345.55","322.85","4.79K","+2.79%"
"08/07/2013","330.05","318.10","342.50","318.10","9.87K","+2.01%"
"08/06/2013","323.55","324.45","330.95","320.45","8.07K","-2.34%"
"08/05/2013","331.30","326.65","337.05","326.65","11.82K","-1.37%"
"08/02/2013","335.90","350.20","352.20","327.60","27.08K","-1.45%"
"08/01/2013","340.85","337.60","355.05","326.20","28.38K","+2.59%"
"07/31/2013","332.25","338.95","348.40","327.95","62.38K","+0.00%"
"07/30/2013","332.25","341.80","349.35","324.70","48.73K","-3.86%"
"07/29/2013","345.60","333.25","350.65","331.70","5.84K","+2.60%"
"07/26/2013","336.85","338.00","345.55","327.15","7.08K","-1.20%"
"07/25/2013","340.95","336.10","342.70","332.30","9.44K","+0.25%"
"07/24/2013","340.10","351.65","354.90","337.80","123.14K","-3.63%"
"07/23/2013","352.90","351.15","355.40","345.55","36.05K","+1.34%"
"07/22/2013","348.25","359.60","359.60","345.80","2.59K","-0.94%"
"07/19/2013","351.55","345.15","357.40","345.15","8.28K","+1.88%"
"07/18/2013","345.05","351.45","358.05","342.85","3.28K","-1.95%"
"07/17/2013","351.90","359.75","359.75","349.40","5.42K","-1.32%"
"07/16/2013","356.60","356.90","371.10","349.40","18.35K","-0.31%"
"07/15/2013","357.70","355.05","368.95","355.05","3.59K","+0.93%"
"07/12/2013","354.40","356.70","360.70","353.35","54.24K","-0.81%"
"07/11/2013","357.30","356.00","368.85","352.20","35.21K","-0.63%"
"07/10/2013","359.55","356.00","361.45","355.05","21.47K","+0.06%"
"07/09/2013","359.35","368.05","368.05","350.80","7.61K","-1.45%"
"07/08/2013","364.65","371.10","371.10","355.60","4.94K","+0.68%"
"07/05/2013","362.20","357.85","365.45","357.85","8.60K","+2.00%"
"07/04/2013","355.10","354.10","364.20","353.15","55.05K","-0.73%"
"07/03/2013","357.70","377.75","385.80","355.10","56.04K","-2.12%"
"07/02/2013","365.45","360.20","374.65","359.75","22.17K","+1.53%"
"07/01/2013","359.95","369.25","369.25","353.75","15.88K","-2.64%"
"06/28/2013","369.70","366.40","378.70","355.10","143.36K","+1.08%"
"06/27/2013","365.75","338.20","395.85","334.30","12.73K","+6.88%"
"06/26/2013","342.20","336.15","355.50","333.75","17.83K","+1.35%"
"06/25/2013","337.65","336.10","340.85","327.15","4.70K","+1.09%"
"06/24/2013","334.00","327.80","337.50","322.85","3.05K","+0.24%"
"06/21/2013","333.20","331.35","340.55","315.00","14.27K","+3.27%"
"06/20/2013","322.65","332.30","336.10","319.05","4.57K","-3.02%"
"06/19/2013","332.70","333.25","341.80","327.60","83.78K","-1.26%"
"06/18/2013","336.95","348.45","354.10","331.60","25.46K","-3.44%"
"06/17/2013","348.95","348.40","351.15","348.40","755","-0.43%"
"06/14/2013","350.45","343.85","355.05","343.80","4.99K","+0.16%"
"06/13/2013","349.90","339.85","350.30","335.90","12.87K","+1.92%"
"06/12/2013","343.30","344.15","349.35","336.35","3.94K","-2.10%"
"06/11/2013","350.65","343.65","351.75","342.20","3.94K","+0.00%"
"06/10/2013","350.65","342.80","352.45","340.85","3.69K","+1.86%"
"06/07/2013","344.25","354.80","354.80","343.65","1.79K","-0.66%"
"06/06/2013","346.55","344.75","349.35","344.70","2.60K","-0.94%"
"06/05/2013","349.85","348.70","354.80","348.35","7.49K","+0.24%"
"06/04/2013","349.00","347.70","354.95","347.70","1.51K","-1.26%"
"06/03/2013","353.45","356.90","356.90","347.95","1.76K","-0.45%"
"05/31/2013","355.05","348.55","357.85","348.55","114.58K","+0.85%"
"05/30/2013","352.05","346.50","359.65","346.50","31.87K","+0.61%"
"05/29/2013","349.90","354.60","354.60","348.40","4.50K","-1.53%"
"05/28/2013","355.35","355.05","357.85","349.35","4.30K","-0.14%"
"05/27/2013","355.85","359.70","359.70","346.05","13.82K","+1.63%"
"05/24/2013","350.15","356.85","357.80","348.15","3.29K","-0.61%"
"05/23/2013","352.30","355.05","359.65","343.35","10.13K","-1.98%"
"05/22/2013","359.40","357.10","361.85","352.20","56.58K","-0.10%"
"05/21/2013","359.75","362.55","362.55","351.95","36.56K","+0.46%"
"05/20/2013","358.10","351.40","363.45","351.40","5.63K","+0.31%"
"05/17/2013","357.00","350.30","358.70","345.80","9.23K","+1.19%"
"05/16/2013","352.80","342.90","358.80","342.90","21.30K","+0.90%"
"05/15/2013","349.65","337.05","353.15","337.05","18.76K","+3.74%"
"05/14/2013","337.05","336.10","340.70","329.10","21.91K","-0.97%"
"05/13/2013","340.35","345.70","352.45","332.35","5.44K","-2.97%"
"05/10/2013","350.75","353.05","354.10","348.45","11.44K","+0.88%"
"05/09/2013","347.70","355.55","355.95","346.50","16.65K","-3.20%"
"05/08/2013","359.20","362.45","364.15","359.00","8.13K","-1.45%"
"05/07/2013","364.50","359.80","368.85","359.00","14.16K","+0.87%"
"05/06/2013","361.35","353.15","370.15","351.50","75.58K","+1.40%"
"05/03/2013","356.35","356.90","361.65","355.25","26.99K","-0.32%"
"05/02/2013","357.50","359.75","368.70","356.00","107.09K","+1.26%"
"04/30/2013","353.05","347.45","362.60","342.80","25.79K","+1.19%"
"04/29/2013","348.90","354.90","354.90","347.50","5.11K","-0.65%"
"04/26/2013","351.20","356.85","360.70","346.90","5.20K","-0.96%"
"04/25/2013","354.60","364.15","364.15","353.15","60.24K","-0.74%"
"04/23/2013","357.25","363.00","368.80","355.05","5.61K","-3.29%"
"04/22/2013","369.40","355.05","373.05","355.05","8.96K","+3.16%"
"04/18/2013","358.10","359.60","359.70","355.10","3.41K","+0.59%"
"04/17/2013","356.00","378.70","378.70","354.10","5.19K","-2.05%"
"04/16/2013","363.45","354.10","373.00","354.10","22.03K","+1.56%"
"04/15/2013","357.85","361.95","363.70","355.05","3.77K","-0.94%"
"04/12/2013","361.25","361.85","366.85","357.60","4.07K","-1.39%"
"04/11/2013","366.35","364.55","371.05","359.85","7.71K","+0.84%"
"04/10/2013","363.30","361.85","367.65","359.75","8.31K","-0.76%"
"04/09/2013","366.10","370.20","374.90","361.65","6.18K","-1.00%"
"04/08/2013","369.80","382.45","382.45","364.65","1.04K","-1.23%"
"04/05/2013","374.40","368.85","377.75","367.55","7.19K","+2.27%"
"04/04/2013","366.10","373.00","374.00","359.75","12.64K","-2.83%"
"04/03/2013","376.75","374.95","378.70","371.10","101.44K","+0.03%"
"04/02/2013","376.65","377.80","379.65","374.95","8.03K","+1.02%"
"04/01/2013","372.85","378.70","378.70","372.75","5.25K","-1.86%"
"03/28/2013","379.90","376.90","392.60","371.90","80.08K","+0.17%"
"03/26/2013","379.25","361.65","382.65","353.70","38.57K","+5.44%"
"03/25/2013","359.70","362.10","363.45","353.25","67.89K","-0.48%"
"03/22/2013","361.45","350.90","368.05","349.95","12.19K","+1.52%"
"03/21/2013","356.05","353.60","368.55","344.05","21.61K","+0.27%"
"03/20/2013","355.10","352.20","358.75","343.10","10.33K","-0.07%"
"03/19/2013","355.35","356.00","363.65","355.10","7.90K","-1.17%"
"03/18/2013","359.55","362.60","364.50","355.05","115.11K","-1.84%"
"03/15/2013","366.30","371.65","378.20","358.50","26.84K","-1.86%"
"03/14/2013","373.25","370.85","378.40","370.20","10.21K","-0.25%"
"03/13/2013","374.20","375.10","378.20","370.20","6.63K","-0.95%"
"03/12/2013","377.80","382.80","386.70","375.00","7.34K","-0.68%"
"03/11/2013","380.40","383.35","388.05","378.80","10.65K","-0.77%"
"03/08/2013","383.35","387.70","389.40","375.25","13.42K","-0.07%"
"03/07/2013","383.60","384.55","390.90","381.60","8.79K","-0.79%"
"03/06/2013","386.65","381.55","392.70","381.55","16.61K","+1.51%"
"03/05/2013","380.90","375.85","388.05","375.85","11.14K","+1.57%"
"03/04/2013","375.00","380.30","385.35","369.25","17.56K","-1.37%"
"03/01/2013","380.20","389.70","397.20","364.60","27.55K","-3.61%"
"02/28/2013","394.45","397.75","402.35","364.00","78.77K","-0.32%"
"02/27/2013","395.70","405.45","405.45","386.25","14.88K","-0.21%"
"02/26/2013","396.55","403.90","403.90","383.60","12.76K","+0.28%"
"02/25/2013","395.45","407.00","409.95","390.40","11.16K","-1.47%"
"02/22/2013","401.35","407.10","416.55","394.00","9.57K","+0.89%"
"02/21/2013","397.80","411.75","411.75","392.90","17.67K","-1.78%"
"02/20/2013","405.00","411.70","412.80","402.35","26.61K","+0.05%"
"02/19/2013","404.80","402.35","413.75","396.20","12.37K","+1.36%"
"02/18/2013","399.35","389.75","402.35","385.05","22.07K","+3.77%"
"02/15/2013","384.85","376.75","389.60","369.25","30.17K","+1.10%"
"02/14/2013","380.65","391.00","392.70","375.75","28.92K","-1.86%"
"02/13/2013","387.85","396.30","399.30","383.45","110.66K","-1.31%"
"02/12/2013","393.00","392.95","396.70","391.25","8.70K","-0.30%"
"02/11/2013","394.20","402.20","402.20","392.90","7.41K","-0.94%"
"02/08/2013","397.95","401.05","402.30","392.90","24.58K","-0.57%"
"02/07/2013","400.25","399.10","405.95","396.70","10.36K","-0.15%"
"02/06/2013","400.85","405.00","410.90","397.90","8.23K","-0.98%"
"02/05/2013","404.80","405.45","413.50","401.15","20.24K","-1.35%"
"02/04/2013","410.35","412.40","421.20","409.95","11.84K","-1.04%"
"02/01/2013","414.65","422.40","429.80","411.85","53.91K","-0.78%"
"01/31/2013","417.90","413.80","421.80","406.90","45.19K","+1.51%"
"01/30/2013","411.70","394.75","424.15","391.35","117.80K","+2.50%"
"01/29/2013","401.65","415.40","415.55","394.15","68.89K","-1.66%"
"01/28/2013","408.45","417.45","417.45","402.20","20.52K","+0.76%"
"01/25/2013","405.35","402.15","410.90","391.85","24.63K","+0.82%"
"01/24/2013","402.05","402.70","410.70","395.15","40.27K","-2.45%"
"01/23/2013","412.15","422.65","423.20","408.45","71.78K","-2.29%"
"01/22/2013","421.80","410.10","439.30","402.25","599.55K","+4.57%"
"01/21/2013","403.35","396.85","407.10","395.45","25.07K","+1.64%"
"01/18/2013","396.85","403.80","407.30","392.90","39.20K","-1.65%"
"01/17/2013","403.50","400.90","408.05","399.05","18.64K","+0.59%"
"01/16/2013","401.15","410.50","414.65","396.35","32.19K","-2.29%"
"01/15/2013","410.55","420.35","420.35","409.00","21.13K","-1.32%"
"01/14/2013","416.05","417.50","419.60","402.50","56.12K","+1.43%"
"01/11/2013","410.20","421.30","421.95","406.45","33.87K","-2.29%"
"01/10/2013","419.80","422.35","429.35","416.45","23.63K","-0.60%"
"01/09/2013","422.35","430.05","433.60","419.20","61.43K","-1.79%"
"01/08/2013","430.05","421.50","438.85","412.40","84.69K","+0.33%"
"01/07/2013","428.65","433.60","438.35","426.75","41.81K","-0.96%"
"01/04/2013","432.80","430.15","443.10","427.95","81.74K","+0.27%"
"01/03/2013","431.65","438.35","440.25","429.80","43.47K","-1.51%"
"01/02/2013","438.25","442.50","448.30","436.05","96.53K","-0.53%"
"01/01/2013","440.60","446.85","446.85","438.70","74.40K","-0.19%"
"12/31/2012","441.45","437.40","448.20","432.90","330.78K","+1.42%"
"12/28/2012","435.25","418.45","443.10","418.45","582.94K","+3.40%"
"12/27/2012","420.95","397.65","427.95","397.65","99.12K","+2.25%"
"12/26/2012","411.70","409.05","415.60","405.40","85.14K","+0.96%"
"12/24/2012","407.80","412.30","413.80","401.85","68.56K","-0.17%"
"12/21/2012","408.50","413.35","422.70","406.15","147.28K","-1.35%"
"12/20/2012","414.10","408.05","427.95","403.85","409.00K","+2.39%"
"12/19/2012","404.45","392.50","410.40","388.15","281.02K","+4.05%"
"12/18/2012","388.70","390.95","393.95","384.70","98.58K","-0.28%"
"12/17/2012","389.80","388.35","395.65","381.60","162.92K","+1.37%"
"12/14/2012","384.55","387.65","392.90","380.70","132.93K","+0.01%"
"12/13/2012","384.50","387.90","398.50","378.80","261.69K","-0.88%"
"12/12/2012","387.90","391.95","406.25","383.70","255.23K","-3.52%"
"12/11/2012","402.05","417.85","419.45","398.10","216.93K","-3.49%"
"12/10/2012","416.60","434.50","434.50","412.30","229.41K","-4.45%"
"12/07/2012","436.00","446.00","450.65","408.15","877.57K","-1.92%"
"12/06/2012","444.55","467.70","470.45","436.75","1.48M","+1.05%"
"12/05/2012","439.95","414.50","468.65","404.25","964.60K","+7.53%"
"12/04/2012","409.15","422.25","427.00","402.75","146.91K","-2.00%"
"12/03/2012","417.50","408.95","420.65","398.90","309.46K","+2.57%"
"11/30/2012","407.05","406.00","409.65","399.55","90.76K","+1.61%"
"11/29/2012","400.60","401.35","407.85","397.65","81.98K","+0.79%"
"11/27/2012","397.45","404.10","418.20","394.45","254.46K","-1.67%"
"11/26/2012","404.20","403.20","414.65","395.90","126.26K","+1.15%"
"11/23/2012","399.60","391.55","404.25","391.55","22.93K","+0.88%"
"11/22/2012","396.10","407.10","411.85","393.30","26.96K","-0.48%"
"11/21/2012","398.00","397.80","410.50","386.25","72.19K","+2.27%"
"11/20/2012","389.15","388.15","392.90","383.40","27.05K","+1.28%"
"11/19/2012","384.25","382.40","387.20","375.90","17.35K","+1.60%"
"11/16/2012","378.20","380.85","394.50","373.95","18.72K","-1.63%"
"11/15/2012","384.45","383.35","396.60","368.30","41.51K","-0.57%"
"11/13/2012","386.65","380.80","389.90","380.75","3.94K","+0.81%"
"11/12/2012","383.55","388.90","405.00","380.10","32.62K","-3.22%"
"11/09/2012","396.30","399.80","401.75","393.65","9.88K","-0.54%"
"11/08/2012","398.45","395.80","402.95","395.00","29.34K","+0.13%"
"11/07/2012","397.95","395.85","405.70","395.85","67.45K","+0.93%"
"11/06/2012","394.30","399.45","401.25","391.10","12.85K","-1.25%"
"11/05/2012","399.30","403.40","403.40","396.70","24.68K","-1.40%"
"11/02/2012","404.95","403.25","410.90","394.20","66.31K","+0.72%"
"11/01/2012","402.05","415.55","415.55","396.85","108.11K","-3.70%"
"10/31/2012","417.50","387.20","427.95","374.20","179.21K","+5.10%"
"10/30/2012","397.25","404.95","410.85","392.90","64.75K","-1.16%"
"10/29/2012","401.90","391.95","409.95","389.85","80.43K","+2.83%"
"10/26/2012","390.85","386.00","394.90","385.95","29.66K","+0.46%"
"10/25/2012","389.05","385.35","391.00","382.60","31.11K","+1.33%"
"10/23/2012","383.95","391.00","391.05","380.60","18.79K","+0.96%"
"10/22/2012","380.30","382.50","384.40","378.70","11.80K","-0.80%"
"10/19/2012","383.35","385.30","389.10","377.35","84.06K","+0.14%"
"10/18/2012","382.80","377.75","383.45","369.30","53.68K","+2.31%"
"10/17/2012","374.15","378.65","378.65","369.40","27.72K","-0.21%"
"10/16/2012","374.95","374.55","377.30","373.00","21.17K","+0.13%"
"10/15/2012","374.45","371.10","380.30","367.35","48.60K","+0.74%"
"10/12/2012","371.70","373.65","379.60","367.35","96.62K","-0.42%"
"10/11/2012","373.25","369.20","374.80","364.95","53.62K","+1.25%"
"10/10/2012","368.65","369.25","372.05","363.10","51.53K","+0.55%"
"10/09/2012","366.65","368.90","375.75","361.90","70.92K","+0.23%"
"10/08/2012","365.80","370.20","376.75","361.50","32.08K","-2.05%"
"10/05/2012","373.45","369.35","377.75","356.40","79.89K","+1.49%"
"10/04/2012","367.95","366.45","372.45","356.20","60.89K","+0.42%"
"10/03/2012","366.40","378.70","378.70","363.65","67.36K","-1.74%"
"10/01/2012","372.90","377.75","381.30","369.35","42.16K","-1.61%"
"09/28/2012","379.00","377.75","383.45","372.40","117.56K","+1.57%"
"09/27/2012","373.15","377.30","381.55","369.35","118.98K","-1.03%"
"09/26/2012","377.05","383.50","395.25","371.30","296.56K","-1.71%"
"09/25/2012","383.60","375.75","394.50","365.75","628.61K","+3.41%"
"09/24/2012","370.95","361.65","380.10","359.75","234.26K","+2.08%"
"09/21/2012","363.40","370.10","377.70","360.15","296.55K","+0.76%"
"09/20/2012","360.65","354.10","369.25","342.95","262.00K","+0.81%"
"09/18/2012","357.75","360.70","368.25","350.30","145.10K","-1.53%"
"09/17/2012","363.30","355.10","392.90","355.10","1.04M","+7.79%"
"09/14/2012","337.05","340.85","352.80","331.85","484.15K","+1.19%"
"09/13/2012","333.10","334.15","338.00","331.40","7.45K","-0.60%"
"09/12/2012","335.10","336.05","338.75","328.60","49.89K","+1.01%"
"09/11/2012","331.75","332.80","337.95","331.35","12.25K","+0.02%"
"09/10/2012","331.70","331.35","337.80","329.95","19.80K","+0.52%"
"09/07/2012","330.00","332.30","345.55","325.70","78.53K","+0.02%"
"09/06/2012","329.95","332.75","338.20","327.95","9.00K","-1.95%"
"09/05/2012","336.50","338.95","339.85","331.85","12.00K","-0.10%"
"09/04/2012","336.85","325.95","340.90","325.95","16.69K","+1.28%"
"09/03/2012","332.60","329.35","334.70","329.35","8.39K","+1.39%"
"08/31/2012","328.05","341.60","341.80","324.10","18.48K","-2.58%"
"08/30/2012","336.75","333.25","337.05","331.40","12.14K","+0.03%"
"08/29/2012","336.65","337.00","338.95","326.70","18.28K","+0.72%"
"08/28/2012","334.25","340.85","343.65","331.35","20.01K","-1.36%"
"08/27/2012","338.85","335.30","343.65","332.30","16.25K","+1.94%"
"08/24/2012","332.40","337.55","338.95","329.45","47.51K","-3.76%"
"08/23/2012","345.40","350.30","355.00","342.70","29.63K","-2.37%"
"08/22/2012","353.80","354.10","359.75","343.65","46.88K","-0.74%"
"08/21/2012","356.45","354.95","372.45","345.55","143.66K","+2.92%"
"08/17/2012","346.35","342.10","353.15","342.10","38.10K","+0.17%"
"08/16/2012","345.75","343.55","348.10","336.35","17.97K","+0.98%"
"08/14/2012","342.40","346.50","350.30","341.05","21.69K","+0.15%"
"08/13/2012","341.90","341.10","359.75","338.45","68.41K","+0.87%"
"08/10/2012","338.95","342.70","345.55","333.30","28.17K","-0.37%"
"08/09/2012","340.20","336.10","341.80","324.85","49.55K","+0.55%"
"08/08/2012","338.35","339.40","342.70","332.35","21.27K","+0.36%"
"08/07/2012","337.15","336.10","340.85","335.15","16.94K","+0.55%"
"08/06/2012","335.30","338.40","342.65","332.60","26.02K","+0.19%"
"08/03/2012","334.65","340.80","346.50","324.30","28.37K","-1.83%"
"08/02/2012","340.90","336.35","346.40","336.35","32.28K","+0.66%"
"08/01/2012","338.65","331.35","345.50","331.35","79.44K","-0.07%"
"07/31/2012","338.90","334.75","348.20","331.60","136.60K","+1.73%"
"07/30/2012","333.15","321.90","335.70","321.90","80.56K","+3.11%"
"07/27/2012","323.10","337.80","339.10","317.25","18.99K","-2.97%"
"07/26/2012","333.00","340.90","345.50","331.50","13.11K","-2.66%"
"07/25/2012","342.10","345.65","352.15","339.20","89.33K","-1.20%"
"07/24/2012","346.25","352.15","360.70","343.10","304.33K","+0.04%"
"07/23/2012","346.10","358.80","358.80","343.65","105.33K","-4.93%"
"07/20/2012","364.05","359.75","370.25","358.00","155.58K","+2.61%"
"07/19/2012","354.80","360.70","362.95","352.45","51.78K","-0.91%"
"07/18/2012","358.05","338.95","365.70","336.55","291.73K","+4.75%"
"07/17/2012","341.80","344.65","346.40","337.10","30.19K","-0.48%"
"07/16/2012","343.45","354.10","354.10","341.05","28.55K","-0.69%"
"07/13/2012","345.85","341.95","348.40","341.95","16.38K","+1.04%"
"07/12/2012","342.30","341.55","351.05","336.20","38.42K","+0.68%"
"07/11/2012","340.00","333.75","345.55","333.75","34.31K","-1.03%"
"07/10/2012","343.55","340.85","346.50","329.55","56.50K","-1.51%"
"07/09/2012","348.80","355.05","355.05","345.80","23.22K","-1.32%"
"07/06/2012","353.45","363.30","369.15","349.35","131.87K","-2.04%"
"07/05/2012","360.80","368.30","370.80","345.65","472.25K","+8.04%"
"07/04/2012","333.95","338.00","344.60","329.95","22.51K","-1.32%"
"07/03/2012","338.40","333.40","349.80","333.35","52.82K","+0.85%"
"07/02/2012","335.55","323.20","338.90","319.10","67.50K","+4.37%"
"06/29/2012","321.50","318.90","323.75","308.15","60.17K","+2.98%"
"06/28/2012","312.20","313.20","317.05","311.00","23.27K","+0.05%"
"06/27/2012","312.05","313.35","320.00","309.00","28.83K","+0.14%"
"06/26/2012","311.60","304.95","315.10","304.95","50.11K","+2.13%"
"06/25/2012","305.10","307.55","316.95","302.95","86.77K","+0.44%"
"06/22/2012","303.75","300.95","306.45","294.65","123.38K","+2.65%"
"06/21/2012","295.90","302.85","315.25","293.50","160.54K","-1.66%"
"06/20/2012","300.90","284.00","306.60","279.30","2.40M","+6.68%"
"06/19/2012","282.05","285.95","286.75","280.35","11.28K","-0.70%"
"06/18/2012","284.05","295.40","295.40","283.10","19.20K","-1.53%"
"06/15/2012","288.45","282.20","289.70","280.70","69.38K","+1.51%"
"06/14/2012","284.15","291.10","292.55","282.20","16.24K","-2.27%"
"06/13/2012","290.75","285.80","295.35","285.80","36.16K","+1.36%"
"06/12/2012","286.85","284.50","288.05","279.45","29.03K","+1.07%"
"06/11/2012","283.80","282.10","287.80","276.55","91.82K","+1.85%"
"06/08/2012","278.65","277.85","291.55","272.85","150.64K","-1.38%"
"06/07/2012","282.55","287.15","288.30","277.40","32.22K","+0.39%"
"06/06/2012","281.45","282.35","288.75","276.70","36.61K","-0.28%"
"06/05/2012","282.25","285.90","290.85","279.55","12.25K","+0.02%"
"06/04/2012","282.20","294.45","295.40","278.55","15.80K","-3.92%"
"06/01/2012","293.70","299.20","305.80","290.30","9.23K","-3.29%"
"05/31/2012","303.70","303.00","305.80","298.20","7.76K","+1.30%"
"05/30/2012","299.80","297.30","302.80","296.35","8.34K","+0.10%"
"05/29/2012","299.50","302.90","304.35","296.55","24.71K","-0.84%"
"05/28/2012","302.05","307.45","310.65","300.20","20.85K","-1.40%"
"05/25/2012","306.35","311.70","312.45","305.15","11.18K","-1.32%"
"05/24/2012","310.45","315.25","315.25","307.85","84.21K","-0.81%"
"05/23/2012","313.00","315.25","323.80","310.60","33.12K","-1.32%"
"05/22/2012","317.20","320.70","347.75","315.35","5.24K","-0.78%"
"05/21/2012","319.70","318.35","329.30","315.65","20.39K","+0.14%"
"05/18/2012","319.25","310.25","326.05","309.60","76.92K","+1.95%"
"05/17/2012","313.15","310.55","315.40","308.00","24.74K","-0.16%"
"05/16/2012","313.65","306.05","316.20","304.95","7.68K","-0.03%"
"05/15/2012","313.75","302.95","320.05","302.95","35.60K","+2.43%"
"05/14/2012","306.30","306.75","313.30","304.10","12.01K","-1.29%"
"05/11/2012","310.30","308.35","316.95","308.35","8.09K","-0.82%"
"05/10/2012","312.85","319.45","319.70","310.65","7.92K","-0.56%"
"05/09/2012","314.60","312.45","320.95","303.15","38.96K","+0.61%"
"05/08/2012","312.70","327.55","327.55","310.55","64.82K","-2.63%"
"05/07/2012","321.15","330.40","330.40","317.35","87.76K","-3.06%"
"05/04/2012","331.30","327.70","334.20","324.35","41.27K","+0.11%"
"05/03/2012","330.95","326.70","334.90","317.25","217.91K","-0.48%"
"05/02/2012","332.55","335.60","336.30","323.30","84.96K","-1.13%"
"04/30/2012","336.35","328.00","343.50","323.95","66.74K","+3.81%"
"04/27/2012","324.00","328.55","333.05","321.90","10.51K","-1.31%"
"04/26/2012","328.30","325.85","331.35","322.00","15.01K","+0.74%"
"04/25/2012","325.90","331.65","339.30","316.15","60.20K","-2.37%"
"04/24/2012","333.80","339.10","345.05","331.60","21.05K","-2.20%"
"04/23/2012","341.30","340.85","350.30","336.20","49.31K","-0.80%"
"04/20/2012","344.05","352.20","354.10","340.85","42.06K","-2.31%"
"04/19/2012","352.20","350.40","354.10","350.40","145.02K","+0.56%"
"04/18/2012","350.25","353.45","358.20","345.85","350.04K","+1.32%"
"04/17/2012","345.70","341.55","349.35","339.10","25.39K","+1.92%"
"04/16/2012","339.20","340.85","344.60","334.30","13.08K","-0.10%"
"04/13/2012","339.55","343.65","351.25","335.05","125.92K","-0.01%"
"04/12/2012","339.60","342.70","350.30","337.20","51.12K","-0.45%"
"04/11/2012","341.15","334.20","345.35","334.20","48.86K","+1.04%"
"04/10/2012","337.65","346.50","350.20","332.45","165.54K","-0.98%"
"04/09/2012","341.00","357.90","360.50","339.25","24.66K","-4.54%"
"04/04/2012","357.20","363.50","367.70","356.00","55.30K","-0.87%"
"04/03/2012","360.35","372.05","373.00","358.05","334.54K","-2.88%"
"04/02/2012","371.05","370.20","373.95","364.05","130.89K","+0.83%"
"03/30/2012","368.00","368.25","377.45","359.70","39.32K","+2.21%"
"03/29/2012","360.05","369.05","373.00","351.55","49.40K","-2.04%"
"03/28/2012","367.55","372.10","378.55","364.00","29.17K","-1.01%"
"03/27/2012","371.30","384.40","387.60","369.25","30.22K","-2.46%"
"03/26/2012","380.65","377.20","383.45","373.45","61.37K","+0.77%"
"03/23/2012","377.75","378.15","385.25","373.40","37.22K","-0.25%"
"03/22/2012","378.70","364.60","386.25","364.60","173.41K","+1.91%"
"03/21/2012","371.60","370.70","382.40","362.05","321.56K","+0.24%"
"03/20/2012","370.70","376.75","389.10","361.00","246.57K","-2.32%"
"03/19/2012","379.50","347.70","390.45","342.55","1.11M","+9.71%"
"03/16/2012","345.90","326.35","382.20","314.35","1.06M","+7.51%"
"03/15/2012","321.75","312.45","326.65","312.45","66.71K","+1.47%"
"03/14/2012","317.10","306.75","323.80","306.75","67.98K","+1.47%"
"03/13/2012","312.50","306.10","316.00","303.55","55.78K","+3.39%"
"03/12/2012","302.25","307.70","350.30","300.25","34.84K","-0.30%"
"03/09/2012","303.15","317.05","317.10","299.65","50.55K","-1.43%"
"03/07/2012","307.55","292.50","316.20","292.50","488.76K","-3.66%"
"03/06/2012","319.25","315.65","333.20","315.65","40.54K","-0.16%"
"03/05/2012","319.75","322.85","323.75","316.15","19.41K","+0.09%"
"03/02/2012","319.45","323.05","326.55","317.50","25.94K","-1.30%"
"03/01/2012","323.65","329.45","331.25","321.90","57.88K","-0.06%"
"02/29/2012","323.85","311.50","328.35","311.50","97.89K","+5.54%"
"02/28/2012","306.85","302.90","310.55","291.80","34.11K","+4.02%"
"02/27/2012","295.00","301.05","306.55","290.65","40.45K","-3.22%"
"02/24/2012","304.80","307.15","312.40","302.05","24.73K","-0.86%"
"02/23/2012","307.45","303.90","319.55","303.90","39.26K","-1.44%"
"02/22/2012","311.95","334.40","334.40","308.75","49.55K","-5.90%"
"02/21/2012","331.50","324.75","335.15","324.75","96.13K","+2.68%"
"02/17/2012","322.85","334.20","335.55","320.45","66.18K","-2.18%"
"02/16/2012","330.05","326.70","341.80","322.85","227.04K","+1.43%"
"02/15/2012","325.40","318.30","332.80","318.30","89.86K","-0.44%"
"02/14/2012","326.85","323.75","333.05","323.75","34.63K","-0.17%"
"02/13/2012","327.40","320.10","329.35","319.00","52.81K","+1.06%"
"02/10/2012","323.95","327.90","338.95","319.05","206.02K","-1.64%"
"02/09/2012","329.35","325.30","331.15","315.35","192.84K","+2.27%"
"02/08/2012","322.05","331.35","331.35","317.15","155.42K","-1.53%"
"02/07/2012","327.05","318.65","335.55","318.10","360.48K","+3.20%"
"02/06/2012","316.90","321.35","325.50","310.60","125.57K","+0.11%"
"02/03/2012","316.55","335.55","335.55","313.85","330.68K","-3.68%"
"02/02/2012","328.65","283.10","334.60","283.10","861.80K","+16.44%"
"02/01/2012","282.25","274.65","285.75","270.65","118.14K","+1.82%"
"01/31/2012","277.20","277.20","284.95","268.50","289.20K","+0.27%"
"01/30/2012","276.45","270.75","278.60","269.90","78.64K","+1.67%"
"01/27/2012","271.90","275.35","279.75","270.95","54.04K","-0.95%"
"01/25/2012","274.50","273.90","279.00","271.35","71.52K","+0.22%"
"01/24/2012","273.90","273.35","279.30","269.90","139.79K","+0.83%"
"01/23/2012","271.65","278.55","278.55","267.60","62.86K","-2.48%"
"01/20/2012","278.55","288.75","293.40","276.65","175.08K","-2.77%"
"01/19/2012","286.50","271.30","289.90","269.90","315.18K","+5.76%"
"01/18/2012","270.90","269.25","280.25","262.60","160.45K","+0.22%"
"01/17/2012","270.30","275.85","282.10","268.40","72.56K","-1.19%"
"01/16/2012","273.55","274.60","283.30","270.00","76.08K","-2.34%"
"01/13/2012","280.10","283.10","285.65","277.60","108.34K","-0.46%"
"01/12/2012","281.40","292.55","293.30","278.50","166.03K","-2.55%"
"01/11/2012","288.75","285.55","329.55","284.00","646.84K","+5.13%"
"01/10/2012","274.65","274.10","283.10","267.10","181.86K","+1.07%"
"01/09/2012","271.75","297.65","297.65","269.80","389.50K","+3.15%"
"01/06/2012","263.45","250.00","285.65","248.05","706.23K","+5.57%"
"01/05/2012","249.55","246.15","257.50","246.15","11.69K","+0.00%"
"01/04/2012","249.55","250.95","260.25","248.05","10.34K","-2.29%"
"01/03/2012","255.40","248.85","257.90","247.20","48.54K","+4.35%"
"01/02/2012","244.75","252.80","252.80","243.30","11.00K","-1.69%"
"12/30/2011","248.95","249.00","253.65","242.30","151.06K","-0.99%"
"12/29/2011","251.45","246.20","253.75","241.40","32.62K","+2.13%"
"12/28/2011","246.20","245.20","249.40","238.60","143.08K","+0.78%"
"12/27/2011","244.30","243.90","249.80","241.40","18.06K","-0.79%"
"12/26/2011","246.25","246.30","251.80","241.40","151.82K","+0.90%"
"12/23/2011","244.05","251.25","260.05","240.55","130.49K","-2.46%"
"12/22/2011","250.20","252.80","259.75","242.50","112.14K","-1.09%"
"12/21/2011","252.95","255.15","269.10","236.90","154.57K","+0.52%"
"12/20/2011","251.65","255.70","268.85","243.50","55.28K","-4.97%"
"12/19/2011","264.80","283.05","283.10","256.95","110.11K","-6.56%"
"12/16/2011","283.40","291.70","297.65","277.30","39.22K","-0.77%"
"12/15/2011","285.60","291.50","302.00","272.55","112.32K","-2.87%"
"12/14/2011","294.05","291.10","300.10","287.80","37.61K","+1.01%"
"12/13/2011","291.10","295.35","297.30","282.30","148.34K","-3.83%"
"12/12/2011","302.70","318.10","321.90","293.50","77.82K","-3.66%"
"12/09/2011","314.20","322.80","325.70","311.50","36.32K","-3.78%"
"12/08/2011","326.55","326.60","336.00","323.80","98.98K","-1.36%"
"12/07/2011","331.05","341.05","343.60","325.05","469.41K","-4.87%"
"12/05/2011","348.00","331.35","359.65","308.95","435.13K","+2.10%"
"12/02/2011","340.85","345.50","354.00","335.35","132.83K","-2.43%"
"12/01/2011","349.35","345.55","355.05","342.25","218.78K","+2.28%"
"11/30/2011","341.55","336.10","356.00","333.15","333.02K","+1.32%"
"11/29/2011","337.10","341.80","347.30","327.60","351.61K","-3.30%"
"11/28/2011","348.60","370.20","375.80","340.85","411.45K","-6.97%"
"11/25/2011","374.70","361.20","404.25","361.20","2.08M","+6.22%"
"11/24/2011","352.75","338.85","356.00","336.15","186.47K","+5.49%"
"11/23/2011","334.40","346.50","356.90","329.45","129.21K","-3.10%"
"11/22/2011","345.10","326.65","355.60","310.35","56.93K","+5.76%"
"11/21/2011","326.30","340.90","340.90","318.10","31.70K","-3.12%"
"11/18/2011","336.80","335.55","344.60","333.35","68.95K","+1.26%"
"11/17/2011","332.60","341.80","362.10","324.10","135.06K","-1.86%"
"11/16/2011","338.90","321.10","343.50","312.20","29.92K","+5.12%"
"11/15/2011","322.40","320.00","331.35","318.15","14.31K","-1.38%"
"11/14/2011","326.90","322.00","332.30","322.00","2.17K","+0.08%"
"11/11/2011","326.65","324.05","335.15","314.55","11.46K","-0.24%"
"11/09/2011","327.45","328.45","329.45","322.15","7.32K","+0.77%"
"11/08/2011","324.95","328.50","335.15","322.25","5.46K","-0.94%"
"11/04/2011","328.05","329.45","338.95","312.50","6.59K","-0.50%"
"11/03/2011","329.70","344.15","368.95","327.00","4.71K","-1.46%"
"11/02/2011","334.60","345.30","377.75","333.25","17.31K","+2.17%"
"11/01/2011","327.50","327.55","336.10","323.10","3.13K","-1.19%"
"10/31/2011","331.45","336.10","340.80","327.85","22.12K","-2.07%"
"10/28/2011","338.45","342.70","342.70","337.05","7.13K","+1.47%"
"10/25/2011","333.55","323.90","336.10","320.95","7.46K","+1.88%"
"10/24/2011","327.40","350.25","364.45","323.45","11.75K","-2.85%"
"10/21/2011","337.00","339.50","345.55","333.30","8.62K","+0.58%"
"10/20/2011","335.05","337.90","340.90","331.90","3.38K","-0.13%"
"10/19/2011","335.50","335.35","349.35","333.05","3.64K","-0.94%"
"10/18/2011","338.70","331.35","343.65","325.00","7.47K","+0.36%"
"10/17/2011","337.50","341.50","345.55","336.10","1.10K","-1.17%"
"10/14/2011","341.50","347.35","347.45","337.15","1.67K","-0.87%"
"10/13/2011","344.50","349.35","349.40","341.85","1.95K","-0.06%"
"10/12/2011","344.70","348.40","350.30","340.95","4.00K","-0.43%"
"10/11/2011","346.20","340.90","350.25","340.80","14.01K","+2.06%"
"10/10/2011","339.20","323.80","340.85","323.80","11.02K","+3.89%"
"10/07/2011","326.50","305.80","329.00","305.80","17.07K","+8.15%"
"10/05/2011","301.90","308.65","315.25","296.90","11.19K","-2.31%"
"10/04/2011","309.05","319.10","322.80","303.15","8.50K","-3.87%"
"10/03/2011","321.50","325.70","329.40","318.15","9.60K","-2.90%"
"09/30/2011","331.10","334.20","339.30","323.80","21.13K","+0.27%"
"09/29/2011","330.20","333.25","335.15","325.85","460.15K","-1.87%"
"09/28/2011","336.50","345.60","345.60","332.55","13.70K","-2.02%"
"09/27/2011","343.45","350.25","350.30","340.90","10.38K","-0.35%"
"09/26/2011","344.65","345.80","350.75","334.20","13.65K","-1.44%"
"09/23/2011","349.70","351.25","359.50","342.30","15.45K","-0.78%"
"09/22/2011","352.45","364.45","364.45","348.40","25.89K","-3.40%"
"09/21/2011","364.85","371.10","380.60","362.60","31.03K","-1.54%"
"09/20/2011","370.55","373.45","374.05","368.40","10.14K","-0.58%"
"09/19/2011","372.70","369.90","373.85","357.00","32.09K","+0.61%"
"09/16/2011","370.45","356.00","376.80","351.25","37.98K","+5.35%"
"09/15/2011","351.65","358.70","363.35","350.30","9.78K","-1.39%"
"09/14/2011","356.60","353.15","359.35","350.30","8.59K","+0.37%"
"09/13/2011","355.30","354.30","369.15","354.10","14.10K","-0.77%"
"09/12/2011","358.05","360.70","362.60","353.85","5.43K","-2.12%"
"09/09/2011","365.80","372.15","375.85","363.55","6.04K","-1.94%"
"09/08/2011","373.05","373.95","379.65","372.05","13.93K","+0.00%"
"09/07/2011","373.05","372.05","379.70","370.20","41.01K","-1.22%"
"09/06/2011","377.65","373.00","382.50","363.20","36.45K","+1.21%"
"09/05/2011","373.15","377.60","380.50","371.10","183.58K","-2.05%"
"09/02/2011","380.95","380.60","396.95","374.90","34.48K","+0.75%"
"08/30/2011","378.10","375.85","387.20","367.35","27.52K","+1.75%"
"08/29/2011","371.60","359.75","373.00","356.95","27.02K","+5.70%"
"08/26/2011","351.55","371.10","371.10","346.50","15.92K","-4.87%"
"08/25/2011","369.55","378.70","395.55","366.40","12.55K","-1.90%"
"08/24/2011","376.70","377.75","383.45","369.25","25.48K","+0.28%"
"08/23/2011","375.65","370.20","378.50","369.25","11.95K","+0.27%"
"08/22/2011","374.65","356.95","376.70","356.20","23.01K","+3.90%"
"08/19/2011","360.60","360.70","364.50","347.65","34.35K","-0.93%"
"08/18/2011","364.00","369.25","369.25","353.25","33.29K","-1.67%"
"08/17/2011","370.20","366.40","372.85","358.80","30.09K","+2.03%"
"08/16/2011","362.85","363.70","373.95","359.85","206.17K","-0.48%"
"08/12/2011","364.60","377.75","380.60","361.65","25.79K","-2.86%"
"08/11/2011","375.35","374.90","382.20","369.35","45.89K","+0.12%"
"08/10/2011","374.90","388.15","401.40","369.25","48.77K","-0.41%"
"08/09/2011","376.45","358.65","379.65","350.30","101.91K","+2.32%"
"08/08/2011","367.90","387.20","387.20","365.45","69.90K","-5.14%"
"08/05/2011","387.85","361.65","399.45","351.25","141.94K","+1.20%"
"08/04/2011","383.25","392.45","398.10","379.55","91.29K","-1.21%"
"08/03/2011","387.95","366.40","414.50","352.20","313.04K","+4.29%"
"08/02/2011","372.00","380.75","383.30","366.40","34.27K","-2.30%"
"08/01/2011","380.75","376.80","391.00","373.55","57.56K","+2.06%"
"07/29/2011","373.05","394.85","400.45","365.55","55.66K","-4.96%"
"07/28/2011","392.50","401.40","409.00","388.65","85.89K","-4.48%"
"07/27/2011","410.90","425.10","428.20","407.10","205.72K","-2.60%"
"07/26/2011","421.85","443.10","444.95","412.00","371.86K","-4.73%"
"07/25/2011","442.80","463.90","477.95","439.30","302.48K","+0.02%"
"07/22/2011","442.70","432.65","451.60","429.80","78.89K","+4.39%"
"07/21/2011","424.10","430.75","435.50","419.05","64.73K","-0.85%"
"07/20/2011","427.75","438.00","441.20","423.20","12.17K","-1.87%"
"07/19/2011","435.90","437.40","438.35","423.20","22.81K","+0.13%"
"07/18/2011","435.35","435.20","438.35","430.80","18.55K","-0.58%"
"07/15/2011","437.90","446.20","449.40","436.95","22.09K","-1.07%"
"07/14/2011","442.65","441.80","449.70","439.30","25.41K","+0.19%"
"07/13/2011","441.80","446.90","449.45","429.05","31.48K","-0.61%"
"07/12/2011","444.50","449.75","449.75","440.25","18.97K","-1.16%"
"07/11/2011","449.70","456.80","456.80","438.90","457.39K","+0.56%"
"07/08/2011","447.20","465.80","468.65","444.10","144.74K","-2.46%"
"07/07/2011","458.50","448.30","462.50","446.00","111.47K","+3.10%"
"07/06/2011","444.70","439.30","448.55","436.60","32.17K","+0.92%"
"07/05/2011","440.65","440.75","451.10","436.50","151.28K","+1.25%"
"07/04/2011","435.20","435.40","448.75","426.25","126.54K","+2.18%"
"07/01/2011","425.90","435.50","449.70","422.25","91.90K","-0.70%"
"06/30/2011","428.90","432.55","435.50","427.00","18.46K","+0.00%"
"06/29/2011","428.90","421.70","439.65","417.50","41.11K","+1.82%"
"06/28/2011","421.25","416.55","426.05","415.80","97.29K","+1.76%"
"06/27/2011","413.95","406.05","424.90","400.55","50.77K","+1.95%"
"06/24/2011","406.05","403.10","410.30","400.20","39.86K","+1.59%"
"06/23/2011","399.70","404.15","406.10","394.05","57.67K","+0.26%"
"06/22/2011","398.65","416.30","418.45","397.65","60.46K","-2.91%"
"06/21/2011","410.60","407.10","420.30","394.80","82.12K","+1.47%"
"06/20/2011","404.65","435.55","444.00","374.90","164.97K","-5.92%"
"06/17/2011","430.10","435.45","452.50","428.65","158.73K","-0.54%"
"06/16/2011","432.45","428.90","440.90","427.95","89.36K","-0.39%"
"06/15/2011","434.15","414.60","450.25","409.10","304.53K","+5.13%"
"06/14/2011","412.95","418.45","418.45","408.05","44.68K","-0.95%"
"06/13/2011","416.90","415.60","426.15","412.90","176.30K","+1.39%"
"06/10/2011","411.20","381.55","416.55","378.70","462.72K","+8.31%"
"06/09/2011","379.65","383.15","386.20","374.00","11.55K","+0.56%"
"06/08/2011","377.55","380.00","382.50","374.90","7.53K","-0.29%"
"06/07/2011","378.65","381.25","381.25","370.50","9.88K","+0.45%"
"06/06/2011","376.95","388.05","388.05","373.95","6.75K","-0.25%"
"06/03/2011","377.90","392.90","392.90","371.40","18.19K","-2.09%"
"06/02/2011","385.95","376.80","389.55","371.60","25.55K","+1.07%"
"06/01/2011","381.85","363.60","385.80","363.10","36.20K","+4.83%"
"05/31/2011","364.25","369.10","373.80","348.40","14.79K","-0.29%"
"05/30/2011","365.30","360.35","373.85","359.75","7.68K","-0.37%"
"05/27/2011","366.65","369.00","373.90","363.90","19.66K","-0.64%"
"05/26/2011","369.00","360.70","373.00","355.05","26.58K","+2.59%"
"05/25/2011","359.70","343.65","363.55","342.65","18.20K","+3.14%"
"05/24/2011","348.75","340.85","350.30","340.85","7.47K","+0.88%"
"05/23/2011","345.70","360.70","360.70","342.70","12.23K","-4.20%"
"05/20/2011","360.85","371.10","374.85","356.00","22.26K","-2.13%"
"05/19/2011","368.70","383.45","391.95","363.75","198.85K","-2.23%"
"05/18/2011","377.10","339.25","394.80","339.25","30.29K","+9.23%"
"05/17/2011","345.25","353.15","354.10","340.85","7.36K","-2.39%"
"05/16/2011","353.70","345.55","355.05","338.20","12.97K","+2.30%"
"05/13/2011","345.75","341.80","348.40","340.95","6.01K","+0.51%"
"05/12/2011","344.00","346.15","348.10","341.80","2.16K","-1.49%"
"05/11/2011","349.20","347.45","353.15","346.20","12.23K","-0.21%"
"05/10/2011","349.95","334.40","359.30","334.20","314.61K","+3.15%"
"05/09/2011","339.25","332.30","344.60","327.70","19.06K","+1.63%"
"05/06/2011","333.80","332.45","334.65","323.80","6.76K","+0.69%"
"05/05/2011","331.50","335.50","336.10","324.60","5.32K","-0.58%"
"05/04/2011","333.45","319.20","335.15","319.20","20.32K","+2.52%"
"05/03/2011","325.25","325.20","329.00","319.10","4.73K","-0.54%"
"05/02/2011","327.00","331.45","335.80","318.25","35.18K","-1.37%"
"04/29/2011","331.55","324.75","336.75","321.95","139.47K","+4.90%"
"04/28/2011","316.05","312.45","321.70","307.95","30.68K","+0.67%"
"04/27/2011","313.95","321.85","321.90","312.45","8.85K","-0.85%"
"04/26/2011","316.65","318.65","319.50","314.35","11.20K","-1.26%"
"04/25/2011","320.70","320.00","325.15","317.30","14.71K","-0.14%"
"04/21/2011","321.15","329.45","335.55","318.45","42.01K","-1.92%"
"04/20/2011","327.45","336.00","337.05","316.05","91.31K","-0.50%"
"04/19/2011","329.10","322.80","331.35","319.35","6.88K","+1.76%"
"04/18/2011","323.40","322.35","335.10","321.90","8.43K","-1.30%"
"04/15/2011","327.65","333.15","333.15","325.70","13.09K","-0.62%"
"04/13/2011","329.70","324.00","336.10","319.05","16.16K","+2.44%"
"04/11/2011","321.85","326.65","333.25","320.10","15.89K","-2.45%"
"04/08/2011","329.95","340.80","342.50","324.90","16.78K","-2.42%"
"04/07/2011","338.15","340.90","344.20","337.05","4.01K","-0.69%"
"04/06/2011","340.50","347.25","347.25","338.05","7.15K","-0.93%"
"04/05/2011","343.70","335.50","347.00","331.35","38.19K","+3.60%"
"04/04/2011","331.75","331.35","334.15","327.10","12.41K","+1.38%"
"04/01/2011","327.25","331.35","335.85","323.10","73.50K","+0.17%"
"03/31/2011","326.70","328.55","336.10","324.75","26.29K","+0.55%"
"03/30/2011","324.90","330.40","331.35","321.90","6.85K","-0.03%"
"03/29/2011","325.00","329.20","371.10","322.85","32.57K","+0.92%"
"03/28/2011","322.05","325.10","331.10","317.65","20.91K","+0.11%"
"03/25/2011","321.70","326.65","330.20","318.10","14.21K","-0.79%"
"03/24/2011","324.25","325.00","340.80","319.70","21.69K","-1.16%"
"03/23/2011","328.05","309.75","330.80","309.75","28.00K","+5.08%"
"03/22/2011","312.20","317.15","322.65","310.55","19.14K","+1.08%"
"03/21/2011","308.85","313.35","319.05","307.80","2.98K","-2.29%"
"03/18/2011","316.10","314.35","318.10","307.85","8.50K","+0.85%"
"03/17/2011","313.45","314.30","320.00","302.20","14.10K","-0.70%"
"03/16/2011","315.65","302.90","324.00","302.00","26.29K","+3.46%"
"03/15/2011","305.10","302.50","309.60","288.85","34.70K","+0.73%"
"03/14/2011","302.90","306.75","306.75","293.50","8.87K","+2.30%"
"03/11/2011","296.10","294.80","299.85","288.80","10.58K","-0.80%"
"03/10/2011","298.50","304.40","306.90","294.45","10.41K","-0.70%"
"03/09/2011","300.60","305.45","309.60","298.20","35.80K","-0.82%"
"03/08/2011","303.10","295.85","315.25","295.85","34.47K","+1.37%"
"03/07/2011","299.00","307.70","307.70","294.00","122.94K","-3.55%"
"03/04/2011","310.00","323.95","334.30","305.80","40.83K","-4.10%"
"03/03/2011","323.25","327.50","337.05","321.90","21.28K","-0.84%"
"03/01/2011","326.00","331.35","337.05","321.90","16.94K","-2.04%"
"02/28/2011","332.80","334.95","348.95","312.45","103.06K","+1.82%"
"02/25/2011","326.85","326.60","330.90","315.75","8.87K","+3.96%"
"02/24/2011","314.40","326.60","339.80","312.45","139.11K","-0.95%"
"02/23/2011","317.40","314.30","326.65","304.00","61.46K","+1.58%"
"02/22/2011","312.45","317.15","329.45","308.75","24.52K","-2.04%"
"02/21/2011","318.95","321.85","328.45","309.75","4.65K","+1.11%"
"02/18/2011","315.45","320.00","328.50","312.45","6.35K","-2.43%"
"02/17/2011","323.30","329.05","329.40","320.95","5.04K","-0.09%"
"02/16/2011","323.60","334.80","334.80","320.95","5.80K","-0.45%"
"02/15/2011","325.05","317.15","336.10","317.15","16.04K","+1.34%"
"02/14/2011","320.75","317.05","336.10","306.00","24.76K","+1.15%"
"02/11/2011","317.10","274.90","333.25","250.00","93.79K","+13.92%"
"02/10/2011","278.35","293.50","302.95","274.55","15.03K","-5.18%"
"02/09/2011","293.55","315.25","315.25","286.90","6.10K","-6.60%"
"02/08/2011","314.30","329.45","329.45","310.75","7.96K","-2.33%"
"02/07/2011","321.80","321.90","331.25","319.10","4.64K","-0.36%"
"02/04/2011","322.95","326.65","334.90","319.05","2.81K","-2.34%"
"02/03/2011","330.70","331.35","331.35","322.00","19.04K","+2.24%"
"02/02/2011","323.45","326.65","333.20","318.25","10.85K","+0.06%"
"02/01/2011","323.25","336.10","338.80","320.00","7.32K","-2.97%"
"01/31/2011","333.15","324.75","337.65","318.35","31.99K","+0.85%"
"01/28/2011","330.35","322.85","335.15","321.95","20.75K","-0.38%"
"01/27/2011","331.60","356.90","357.40","328.55","192.17K","-5.34%"
"01/25/2011","350.30","345.55","368.00","344.60","138.53K","+1.43%"
"01/24/2011","345.35","369.20","369.20","340.90","559.93K","+2.98%"
"01/21/2011","335.35","336.10","352.20","331.75","18.40K","-0.80%"
"01/20/2011","338.05","317.20","344.45","316.35","28.16K","+3.49%"
"01/19/2011","326.65","339.35","339.35","314.95","14.23K","-1.89%"
"01/18/2011","332.95","308.35","352.15","286.20","85.95K","+7.11%"
"01/17/2011","310.85","317.40","325.70","301.05","9.07K","-2.48%"
"01/14/2011","318.75","317.70","327.20","317.15","4.04K","-0.70%"
"01/13/2011","321.00","317.45","329.00","317.45","4.30K","-1.85%"
"01/12/2011","327.05","324.75","338.95","323.05","19.88K","-3.07%"
"01/11/2011","337.40","342.45","354.95","332.80","28.36K","-0.07%"
"01/10/2011","337.65","351.65","355.00","334.20","10.00K","-4.90%"
"01/07/2011","355.05","364.75","364.75","351.30","47.01K","-1.66%"
"01/06/2011","361.05","360.05","364.25","357.40","7.82K","-0.47%"
"01/05/2011","362.75","365.45","368.30","357.45","23.65K","-0.38%"
"01/04/2011","364.15","359.30","372.55","357.65","65.58K","+2.69%"
"01/03/2011","354.60","354.50","357.40","351.45","10.18K","+0.33%"
"12/31/2010","353.45","348.40","354.50","348.40","33.24K","+1.43%"
"12/30/2010","348.45","346.95","355.00","343.70","41.68K","+1.23%"
"12/29/2010","344.20","345.55","347.65","339.10","6.14K","+0.12%"
"12/28/2010","343.80","345.55","352.60","342.25","37.47K","+0.61%"
"12/27/2010","341.70","342.30","349.30","338.45","5.84K","-0.18%"
"12/24/2010","342.30","341.30","347.65","341.30","9.92K","+0.20%"
"12/23/2010","341.60","352.65","357.40","338.70","24.16K","-0.16%"
"12/22/2010","342.15","342.00","347.95","338.45","41.79K","+0.46%"
"12/21/2010","340.60","340.35","345.30","336.55","119.00K","-0.79%"
"12/20/2010","343.30","320.30","346.50","269.80","43.83K","+2.92%"
"12/16/2010","333.55","340.35","343.90","308.30","5.82K","-1.97%"
"12/15/2010","340.25","346.05","347.95","336.10","14.18K","-1.79%"
"12/14/2010","346.45","352.65","352.65","338.20","12.35K","+2.50%"
"12/13/2010","338.00","338.70","340.80","331.35","42.53K","+2.10%"
"12/10/2010","331.05","319.55","333.60","319.55","26.33K","+0.26%"
"12/09/2010","330.20","336.10","343.20","308.65","251.87K","-3.14%"
"12/08/2010","340.90","340.85","346.50","333.75","7.37K","-0.61%"
"12/07/2010","343.00","347.90","347.90","341.30","6.88K","-0.78%"
"12/06/2010","345.70","342.25","350.30","342.25","8.11K","+0.28%"
"12/03/2010","344.75","353.80","353.80","343.70","10.87K","-1.08%"
"12/02/2010","348.50","353.60","356.25","345.55","21.46K","-0.90%"
"12/01/2010","351.65","340.85","367.30","340.85","207.96K","+4.63%"
"11/30/2010","336.10","338.95","344.10","332.55","13.64K","-0.31%"
"11/29/2010","337.15","336.10","340.25","330.40","15.37K","+1.28%"
"11/26/2010","332.90","334.20","338.00","326.65","209.34K","-1.61%"
"11/25/2010","338.35","341.80","341.80","333.75","13.76K","-1.02%"
"11/24/2010","341.85","349.75","349.75","338.00","22.25K","-0.61%"
"11/23/2010","343.95","331.05","348.40","330.60","136.20K","+3.65%"
"11/22/2010","331.85","333.00","337.50","329.45","36.70K","+0.03%"
"11/19/2010","331.75","330.40","334.20","319.55","82.03K","+0.68%"
"11/18/2010","329.50","327.60","336.10","318.15","64.61K","+0.60%"
"11/16/2010","327.55","334.65","334.65","322.35","36.28K","-0.47%"
"11/15/2010","329.10","333.75","338.40","324.25","41.62K","-0.54%"
"11/12/2010","330.90","344.85","345.10","329.00","28.85K","-2.73%"
"11/11/2010","340.20","343.20","352.15","336.15","80.53K","-0.16%"
"11/10/2010","340.75","333.80","347.35","333.80","89.02K","+1.32%"
"11/09/2010","336.30","337.25","340.30","335.15","88.86K","-0.52%"
"11/08/2010","338.05","331.85","341.80","328.10","102.11K","+0.84%"
"11/05/2010","335.25","338.35","338.35","331.60","11.80K","+0.62%"
"11/04/2010","333.20","331.30","336.85","326.65","38.53K","+0.98%"
"11/03/2010","329.95","337.05","337.05","327.10","20.27K","-1.52%"
"11/02/2010","335.05","343.20","343.20","331.35","41.23K","+0.03%"
"11/01/2010","334.95","335.15","342.00","331.10","106.47K","+1.96%"
"10/29/2010","328.50","336.10","345.00","315.75","260.72K","-1.84%"
"10/28/2010","334.65","333.25","351.90","324.25","503.99K","+3.46%"
"10/27/2010","323.45","330.40","330.40","317.15","16.03K","-1.34%"
"10/26/2010","327.85","332.30","336.10","325.20","78.19K","+0.61%"
"10/25/2010","325.85","328.25","339.40","319.55","154.40K","+0.45%"
"10/22/2010","324.40","317.15","330.40","317.15","54.22K","+1.25%"
"10/21/2010","320.40","321.35","323.65","315.40","20.70K","+0.42%"
"10/20/2010","319.05","312.55","322.85","312.55","37.88K","-0.28%"
"10/19/2010","319.95","321.15","323.80","317.20","32.96K","+0.96%"
"10/18/2010","316.90","314.30","321.85","310.55","31.28K","-0.20%"
"10/15/2010","317.55","317.15","320.45","315.05","40.97K","-0.73%"
"10/14/2010","319.90","321.90","328.05","318.20","46.59K","+0.09%"
"10/13/2010","319.60","317.15","321.65","316.20","76.99K","+1.20%"
"10/12/2010","315.80","315.30","321.65","310.05","154.37K","+0.14%"
"10/11/2010","315.35","315.75","321.90","308.65","215.79K","+0.06%"
"10/08/2010","315.15","313.85","322.35","312.40","89.14K","-0.06%"
"10/07/2010","315.35","311.65","326.60","308.15","191.84K","+1.28%"
"10/06/2010","311.35","312.90","319.00","310.15","33.90K","-0.56%"
"10/05/2010","313.10","313.85","320.80","310.30","161.96K","-0.45%"
"10/04/2010","314.50","321.60","322.80","312.45","57.24K","-1.30%"
"10/01/2010","318.65","313.35","324.25","310.30","419.28K","+2.69%"
"09/30/2010","310.30","323.80","323.80","307.20","80.44K","-4.20%"
"09/29/2010","323.90","326.15","332.55","322.45","352.82K","+0.73%"
"09/28/2010","321.55","328.05","332.30","318.60","377.69K","-1.00%"
"09/27/2010","324.80","294.45","340.55","294.45","1.87M","+9.95%"
"09/24/2010","295.40","291.15","301.50","291.15","39.11K","+0.56%"
"09/23/2010","293.75","294.65","298.05","291.65","17.28K","+0.19%"
"09/22/2010","293.20","301.55","306.75","289.25","29.28K","-2.23%"
"09/21/2010","299.90","306.25","309.10","297.30","33.88K","-1.67%"
"09/20/2010","305.00","310.05","314.75","303.90","37.29K","-1.55%"
"09/17/2010","309.80","309.10","319.55","305.90","167.86K","+0.18%"
"09/16/2010","309.25","302.95","312.35","301.05","88.50K","+2.79%"
"09/15/2010","300.85","307.70","309.55","299.15","26.18K","-1.47%"
"09/14/2010","305.35","313.35","313.35","303.05","29.26K","-1.20%"
"09/13/2010","309.05","306.25","316.70","306.25","90.53K","+0.65%"
"09/09/2010","307.05","310.05","310.50","303.00","79.69K","+0.46%"
"09/08/2010","305.65","303.40","318.60","302.20","65.10K","+1.36%"
"09/07/2010","301.55","311.95","311.95","300.60","33.06K","-1.81%"
"09/06/2010","307.10","298.20","311.40","298.20","40.09K","+1.67%"
"09/03/2010","302.05","298.20","311.95","297.75","80.08K","+1.38%"
"09/02/2010","297.95","297.30","302.50","296.00","33.72K","+0.40%"
"09/01/2010","296.75","301.05","301.05","290.65","68.63K","+1.11%"
"08/31/2010","293.50","296.35","299.60","280.45","80.19K","-1.99%"
"08/30/2010","299.45","307.70","311.50","298.70","48.15K","-2.08%"
"08/27/2010","305.80","312.35","318.10","303.00","89.90K","-0.91%"
"08/26/2010","308.60","308.55","319.05","304.40","110.61K","+0.16%"
"08/25/2010","308.10","326.65","329.00","299.45","83.06K","-5.43%"
"08/24/2010","325.80","337.05","337.05","322.50","43.03K","-2.03%"
"08/23/2010","332.55","326.65","339.90","326.65","180.87K","+1.43%"
"08/20/2010","327.85","333.75","335.15","324.25","91.58K","-2.56%"
"08/19/2010","336.45","335.90","342.95","335.15","85.95K","+0.39%"
"08/18/2010","335.15","335.15","363.55","332.50","900.81K","+0.90%"
"08/17/2010","332.15","319.40","335.20","319.05","469.99K","+5.04%"
"08/16/2010","316.20","307.70","336.10","305.35","501.38K","+3.35%"
"08/13/2010","305.95","309.80","313.35","304.15","29.25K","-0.21%"
"08/12/2010","306.60","312.45","314.80","305.35","62.04K","-3.11%"
"08/11/2010","316.45","305.80","319.55","305.80","256.57K","+3.48%"
"08/10/2010","305.80","312.45","314.75","303.90","44.22K","-1.75%"
"08/09/2010","311.25","302.15","316.00","301.05","133.13K","+1.65%"
"08/06/2010","306.20","309.60","315.25","302.50","266.85K","-0.24%"
"08/05/2010","306.95","309.20","312.45","302.50","153.45K","+0.16%"
"08/04/2010","306.45","304.95","315.25","299.25","162.45K","+0.66%"
"08/03/2010","304.45","312.45","313.85","302.95","77.24K","-2.33%"
"08/02/2010","311.70","309.35","319.05","309.10","226.30K","+1.40%"
"07/30/2010","307.40","294.45","311.00","291.20","667.89K","+3.76%"
"07/29/2010","296.25","291.10","306.25","288.75","427.53K","+2.46%"
"07/28/2010","289.15","289.70","290.15","288.40","27.02K","+0.23%"
"07/27/2010","288.50","291.60","291.60","286.85","26.71K","-0.36%"
"07/26/2010","289.55","289.70","292.40","285.90","38.08K","+0.16%"
"07/23/2010","289.10","290.65","296.85","287.80","202.70K","+0.12%"
"07/22/2010","288.75","287.80","294.45","285.90","101.43K","+0.12%"
"07/21/2010","288.40","286.40","295.30","286.40","181.32K","+0.80%"
"07/20/2010","286.10","292.30","292.30","284.65","42.47K","-0.45%"
"07/19/2010","287.40","287.80","296.80","284.55","102.35K","-1.14%"
"07/16/2010","290.70","292.90","295.75","289.25","112.74K","-0.29%"
"07/15/2010","291.55","298.20","313.35","285.90","382.09K","+2.05%"
"07/14/2010","285.70","295.90","299.10","282.15","160.49K","-2.91%"
"07/13/2010","294.25","290.20","300.15","271.60","666.22K","+1.71%"
"07/12/2010","289.30","295.40","295.80","286.85","169.76K","-1.25%"
"07/09/2010","292.95","295.85","300.90","289.75","796.12K","-0.02%"
"07/08/2010","293.00","298.75","315.50","289.45","2.87M","-1.11%"
"07/07/2010","296.30","269.05","308.65","267.00","1.54M","+11.43%"
"07/06/2010","265.90","262.35","272.20","258.00","302.13K","+2.09%"
"07/05/2010","260.45","263.55","266.50","258.45","95.53K","+0.21%"
"07/02/2010","259.90","264.60","267.85","258.00","127.74K","-1.29%"
"07/01/2010","263.30","270.85","277.80","259.10","278.48K","-2.16%"
"06/30/2010","269.10","250.90","279.30","250.90","750.05K","+6.87%"
"06/29/2010","251.80","250.40","253.70","244.25","54.65K","+0.52%"
"06/28/2010","250.50","253.45","254.60","247.80","44.69K","+0.02%"
"06/25/2010","250.45","255.55","255.55","249.00","175.60K","-0.20%"
"06/24/2010","250.95","239.05","255.15","239.05","1.03M","+4.48%"
"06/23/2010","240.20","229.10","258.95","229.10","1.58M","+5.93%"
"06/22/2010","226.75","227.10","230.55","221.55","40.49K","+1.27%"
"06/21/2010","223.90","224.40","226.15","221.60","9.35K","+1.20%"
"06/18/2010","221.25","223.00","224.55","221.05","4.46K","-0.78%"
"06/17/2010","223.00","222.00","229.60","221.55","20.25K","-0.13%"
"06/16/2010","223.30","226.15","231.90","221.05","15.38K","-0.33%"
"06/15/2010","224.05","217.75","225.55","216.85","26.74K","+2.05%"
"06/14/2010","219.55","223.90","224.60","217.80","34.17K","-1.41%"
"06/11/2010","222.70","225.80","225.80","213.00","44.63K","+5.65%"
"06/10/2010","210.80","204.00","212.05","204.00","57.55K","+2.31%"
"06/09/2010","206.05","201.20","208.30","201.20","12.01K","+1.20%"
"06/08/2010","203.60","205.50","210.65","201.65","29.12K","-1.07%"
"06/07/2010","205.80","195.50","207.25","195.50","41.88K","+2.29%"
"06/04/2010","201.20","204.15","204.15","201.20","10.85K","-1.23%"
"06/03/2010","203.70","200.30","208.30","200.30","38.84K","+1.04%"
"06/02/2010","201.60","205.90","208.20","199.35","20.83K","+0.42%"
"06/01/2010","200.75","204.95","204.95","197.85","48.24K","-1.16%"
"05/31/2010","203.10","201.40","212.00","201.30","381.76K","+0.97%"
"05/28/2010","201.15","194.00","206.40","187.95","169.96K","+6.63%"
"05/27/2010","188.65","188.40","195.05","187.20","14.16K","-0.71%"
"05/26/2010","190.00","179.40","193.15","177.05","24.43K","+6.74%"
"05/25/2010","178.00","189.30","191.70","175.20","7.21K","-3.86%"
"05/24/2010","185.15","189.35","189.35","184.20","5.20K","+0.27%"
"05/21/2010","184.65","166.95","188.90","166.95","9.51K","+2.27%"
"05/20/2010","180.55","184.60","186.50","175.65","7.83K","+0.00%"
"05/19/2010","180.55","182.70","184.60","178.95","2.06K","-2.01%"
"05/18/2010","184.25","185.35","186.20","183.65","2.38K","-0.14%"
"05/17/2010","184.50","182.25","190.30","173.25","19.42K","-0.22%"
"05/14/2010","184.90","189.25","189.30","183.20","10.68K","-1.33%"
"05/13/2010","187.40","186.05","193.10","181.35","62.51K","+2.54%"
"05/12/2010","182.75","188.55","188.55","182.00","4.30K","-0.92%"
"05/11/2010","184.45","182.75","188.85","182.75","12.38K","-1.65%"
"05/10/2010","187.55","186.95","191.50","181.30","7.68K","+3.56%"
"05/07/2010","181.10","180.65","184.65","176.10","15.24K","-2.32%"
"05/06/2010","185.40","191.95","191.95","184.15","14.16K","+0.49%"
"05/05/2010","184.50","175.45","186.55","174.15","7.93K","-0.94%"
"05/04/2010","186.25","188.90","190.75","185.10","19.08K","+0.08%"
"05/03/2010","186.10","188.90","188.90","185.60","8.25K","-1.33%"
"04/30/2010","188.60","188.90","190.65","187.50","41.34K","+1.26%"
"04/29/2010","186.25","193.60","196.15","185.60","79.13K","-0.13%"
"04/28/2010","186.50","185.10","192.15","181.80","25.83K","+0.00%"
"04/27/2010","186.50","189.30","191.25","183.65","15.44K","+0.59%"
"04/26/2010","185.40","187.45","188.90","184.65","2.80K","+0.32%"
"04/23/2010","184.80","187.00","187.00","184.10","10.40K","-0.62%"
"04/22/2010","185.95","184.60","194.10","184.60","14.93K","-2.00%"
"04/21/2010","189.75","184.60","194.05","184.15","26.90K","+3.46%"
"04/20/2010","183.40","180.35","189.30","179.00","23.31K","+2.77%"
"04/19/2010","178.45","182.25","182.25","177.50","10.37K","-2.86%"
"04/16/2010","183.70","185.70","187.45","182.25","8.77K","-1.82%"
"04/15/2010","187.10","191.95","191.95","185.55","4.73K","-2.30%"
"04/13/2010","191.50","194.55","194.55","190.85","10.59K","-0.31%"
"04/12/2010","192.10","189.90","193.60","187.05","83.98K","+1.08%"
"04/09/2010","190.05","184.60","191.25","184.60","21.57K","+2.01%"
"04/08/2010","186.30","190.30","192.05","185.20","31.09K","-1.66%"
"04/07/2010","189.45","188.90","192.20","187.10","17.16K","-0.60%"
"04/06/2010","190.60","186.55","194.05","186.05","33.98K","+1.09%"
"04/05/2010","188.55","184.85","191.25","184.85","11.98K","+1.53%"
"04/01/2010","185.70","190.80","191.25","183.70","8.56K","-2.34%"
"03/31/2010","190.15","190.30","196.45","186.05","174.19K","+1.90%"
"03/30/2010","186.60","176.10","191.65","173.75","72.55K","+5.33%"
"03/29/2010","177.15","183.70","184.55","176.10","34.31K","-3.33%"
"03/26/2010","183.25","188.90","193.10","182.25","195.19K","-2.03%"
"03/25/2010","187.05","178.00","200.45","178.00","754.53K","+4.15%"
"03/23/2010","179.60","178.30","182.25","178.30","10.39K","+0.25%"
"03/22/2010","179.15","175.20","181.25","166.95","6.14K","-1.84%"
"03/19/2010","182.50","182.70","187.40","180.10","70.22K","-0.35%"
"03/18/2010","183.15","182.25","185.55","178.95","27.20K","+1.44%"
"03/17/2010","180.55","172.00","182.25","172.00","48.46K","+3.94%"
"03/16/2010","173.70","168.55","175.60","168.55","42.25K","+3.06%"
"03/15/2010","168.55","166.65","171.80","162.90","41.00K","+2.18%"
"03/12/2010","164.95","168.80","168.80","164.25","18.13K","-0.78%"
"03/11/2010","166.25","177.95","177.95","165.25","56.47K","-4.59%"
"03/10/2010","174.25","178.45","182.25","171.00","231.62K","-2.16%"
"03/09/2010","178.10","184.60","185.55","176.55","12.32K","-3.34%"
"03/08/2010","184.25","177.50","186.05","173.50","93.16K","+5.02%"
"03/05/2010","175.45","175.15","177.50","173.25","4.22K","-0.76%"
"03/04/2010","176.80","175.10","177.50","172.80","12.16K","+1.73%"
"03/03/2010","173.80","172.80","175.15","171.85","14.39K","-0.37%"
"03/02/2010","174.45","167.55","175.15","165.90","22.57K","+5.19%"
"02/26/2010","165.85","157.15","167.55","157.15","30.99K","+4.44%"
"02/25/2010","158.80","156.20","161.40","155.75","8.77K","+0.13%"
"02/24/2010","158.60","156.20","159.50","154.80","8.57K","+0.83%"
"02/23/2010","157.30","155.80","159.50","154.40","8.96K","-0.44%"
"02/22/2010","158.00","157.80","159.55","156.30","8.17K","+0.77%"
"02/19/2010","156.80","161.40","161.40","156.70","8.31K","-2.61%"
"02/18/2010","161.00","159.60","162.00","159.60","9.75K","+0.00%"
"02/17/2010","161.00","160.05","164.75","160.05","10.73K","-0.59%"
"02/16/2010","161.95","156.25","164.70","154.80","38.66K","+3.55%"
"02/15/2010","156.40","159.85","159.85","155.25","9.27K","-0.41%"
"02/11/2010","157.05","157.10","158.60","156.20","14.29K","+0.51%"
"02/10/2010","156.25","153.35","158.00","152.15","31.16K","+0.87%"
"02/09/2010","154.90","152.20","158.25","152.20","61.75K","+0.68%"
"02/08/2010","153.85","156.20","157.60","152.45","23.23K","-0.10%"
"02/05/2010","154.00","150.55","156.20","150.55","27.06K","-2.81%"
"02/04/2010","158.45","163.30","168.00","156.75","318.88K","-3.94%"
"02/03/2010","164.95","160.85","167.90","155.75","162.34K","+4.83%"
"02/02/2010","157.35","163.30","164.25","155.75","44.26K","-1.66%"
"02/01/2010","160.00","161.65","163.30","157.15","56.14K","+0.53%"
"01/29/2010","159.15","156.20","164.00","149.80","46.50K","+0.32%"
"01/28/2010","158.65","147.00","165.70","147.00","76.26K","-0.97%"
"01/27/2010","160.20","172.00","178.85","158.65","59.01K","-5.15%"
"01/25/2010","168.90","168.10","171.35","165.75","26.88K","+1.11%"
"01/22/2010","167.05","166.70","171.55","157.65","49.10K","-1.33%"
"01/21/2010","169.30","174.65","176.55","165.70","39.84K","-3.01%"
"01/20/2010","174.55","178.95","180.65","172.85","66.41K","-1.52%"
"01/19/2010","177.25","179.65","187.00","175.20","665.06K","-0.31%"
"01/18/2010","177.80","179.80","182.25","176.60","87.35K","+0.48%"
"01/15/2010","176.95","180.30","181.70","175.75","20.53K","-0.31%"
"01/14/2010","177.50","177.05","182.65","176.10","34.83K","+0.25%"
"01/13/2010","177.05","180.35","181.80","175.75","19.29K","-2.16%"
"01/12/2010","180.95","180.85","182.90","180.10","25.65K","+0.17%"
"01/11/2010","180.65","180.50","183.90","179.90","18.44K","+0.36%"
"01/08/2010","180.00","179.90","184.60","178.45","33.45K","-1.07%"
"01/07/2010","181.95","179.40","185.55","178.95","70.79K","+1.14%"
"01/06/2010","179.90","180.85","184.15","177.65","45.25K","-0.30%"
"01/05/2010","180.45","184.60","185.35","166.95","60.88K","-1.55%"
"01/04/2010","183.30","186.90","189.80","181.80","385.96K","-0.05%"
"12/31/2009","183.40","182.60","185.55","176.55","65.14K","+1.47%"
"12/30/2009","180.75","181.75","188.90","178.65","335.07K","+0.64%"
"12/29/2009","179.60","179.25","183.80","178.45","113.84K","+0.20%"
"12/24/2009","179.25","182.25","186.50","177.55","77.23K","-0.58%"
"12/23/2009","180.30","177.50","183.60","177.50","38.11K","+2.01%"
"12/22/2009","176.75","172.30","178.85","172.30","22.70K","+1.49%"
"12/21/2009","174.15","178.85","179.40","172.80","19.51K","-2.08%"
"12/18/2009","177.85","181.30","187.95","176.40","118.14K","-1.08%"
"12/17/2009","179.80","176.10","184.10","172.90","77.20K","+2.48%"
"12/16/2009","175.45","172.80","181.05","168.30","98.71K","+0.98%"
"12/15/2009","173.75","184.60","185.90","171.05","55.56K","-5.03%"
"12/14/2009","182.95","186.70","192.20","181.35","229.03K","-0.81%"
"12/11/2009","184.45","173.25","196.45","169.75","756.29K","+8.28%"
"12/10/2009","170.35","171.55","175.15","168.60","57.21K","+2.81%"
"12/09/2009","165.70","168.00","175.15","161.05","1.30M","-0.27%"
"12/08/2009","166.15","165.65","168.50","164.15","29.36K","+1.47%"
"12/07/2009","163.75","166.65","174.15","161.55","43.50K","-0.91%"
"12/04/2009","165.25","165.65","169.40","164.25","23.89K","+0.61%"
"12/03/2009","164.25","169.95","176.05","162.05","66.28K","-2.14%"
"12/02/2009","167.85","171.85","174.20","166.65","4.71K","-1.24%"
"12/01/2009","169.95","172.10","173.25","168.05","5.63K","+0.24%"
"11/30/2009","169.55","169.45","176.10","166.40","18.32K","+1.34%"
"11/27/2009","167.30","161.35","172.25","156.25","28.49K","-1.15%"
"11/26/2009","169.25","169.45","172.70","165.20","10.45K","+0.18%"
"11/25/2009","168.95","172.25","177.45","168.20","27.45K","-0.85%"
"11/24/2009","170.40","169.45","177.50","165.75","34.70K","-0.03%"
"11/23/2009","170.45","163.80","175.75","163.80","239.51K","+3.77%"
"11/20/2009","164.25","168.90","168.95","161.55","16.54K","-1.59%"
"11/19/2009","166.90","176.10","177.50","165.75","18.09K","-4.27%"
"11/18/2009","174.35","177.40","181.80","173.30","25.01K","-1.97%"
"11/17/2009","177.85","175.15","183.70","175.15","142.11K","-0.08%"
"11/16/2009","178.00","173.75","181.30","168.20","179.93K","+3.49%"
"11/13/2009","172.00","179.80","183.55","170.45","266.55K","-4.15%"
"11/12/2009","179.45","152.90","182.70","152.90","590.42K","+17.56%"
"11/11/2009","152.65","141.05","155.30","139.65","114.23K","+6.90%"
"11/10/2009","142.80","142.60","145.80","136.80","51.11K","+0.32%"
"11/09/2009","142.35","129.70","145.35","129.70","44.29K","+6.19%"
"11/06/2009","134.05","134.85","137.75","130.35","13.52K","+1.02%"
"11/05/2009","132.70","130.65","135.35","129.00","14.20K","+1.92%"
"11/04/2009","130.20","124.95","131.60","124.95","16.67K","+3.50%"
"11/03/2009","125.80","133.65","136.55","123.55","33.98K","-8.38%"
"10/30/2009","137.30","141.05","141.45","130.20","60.09K","+0.81%"
"10/29/2009","136.20","128.05","145.35","126.55","150.12K","+5.05%"
"10/28/2009","129.65","129.40","131.60","124.60","5.93K","+0.54%"
"10/27/2009","128.95","127.55","132.50","117.85","56.05K","+0.70%"
"10/26/2009","128.05","138.70","138.70","127.80","14.74K","-3.87%"
"10/23/2009","133.20","135.85","140.55","132.10","17.52K","-1.70%"
"10/22/2009","135.50","133.00","137.75","124.20","36.40K","+0.67%"
"10/21/2009","134.60","133.55","136.35","133.55","3.54K","+0.26%"
"10/20/2009","134.25","139.40","139.40","133.30","5.43K","-1.50%"
"10/16/2009","136.30","139.30","140.80","135.10","27.33K","-1.98%"
"10/15/2009","139.05","136.80","140.40","133.20","46.99K","+2.85%"
"10/14/2009","135.20","134.45","142.00","133.35","83.77K","+2.04%"
"10/12/2009","132.50","129.25","134.65","126.90","114.74K","+1.38%"
"10/09/2009","130.70","127.80","132.05","126.20","37.92K","+2.75%"
"10/08/2009","127.20","129.70","133.50","119.05","103.92K","-1.43%"
"10/07/2009","129.05","129.25","131.10","126.40","89.96K","+0.90%"
"10/06/2009","127.90","128.30","128.95","124.00","12.18K","-0.31%"
"10/05/2009","128.30","128.75","132.05","127.00","17.67K","-1.04%"
"10/01/2009","129.65","128.30","131.60","127.80","19.49K","-1.37%"
"09/30/2009","131.45","125.85","134.85","124.75","77.96K","+3.54%"
"09/29/2009","126.95","126.15","129.70","125.45","6.93K","+0.63%"
"09/25/2009","126.15","120.70","133.00","120.70","93.53K","-2.29%"
"09/24/2009","129.10","125.45","132.05","123.30","22.09K","+1.10%"
"09/23/2009","127.70","129.25","129.55","125.45","15.75K","-1.01%"
"09/22/2009","129.00","129.25","131.55","127.15","88.31K","+0.51%"
"09/18/2009","128.35","135.80","135.80","127.85","57.16K","-4.47%"
"09/17/2009","134.35","136.55","139.65","130.65","96.77K","-0.44%"
"09/16/2009","134.95","134.90","139.55","132.60","193.12K","+0.90%"
"09/15/2009","133.75","146.75","146.75","130.20","309.95K","-2.97%"
"09/14/2009","137.85","122.05","145.70","121.65","441.73K","+12.16%"
"09/11/2009","122.90","131.45","132.05","122.15","42.96K","-3.46%"
"09/10/2009","127.30","134.90","134.90","125.90","45.35K","-3.96%"
"09/09/2009","132.55","134.75","138.65","128.90","57.57K","-3.00%"
"09/08/2009","136.65","130.20","141.00","128.30","85.58K","+6.43%"
"09/07/2009","128.40","124.00","133.20","123.10","167.83K","+4.35%"
"09/04/2009","123.05","121.20","123.60","118.80","74.61K","+2.03%"
"09/03/2009","120.60","122.15","124.95","118.80","313.95K","-0.62%"
"09/02/2009","121.35","117.65","123.05","116.00","69.13K","+3.59%"
"09/01/2009","117.15","122.15","127.70","115.15","240.76K","-1.64%"
"08/31/2009","119.10","116.55","124.45","116.55","48.30K","-2.14%"
"08/28/2009","121.70","124.90","127.20","118.80","175.41K","-2.72%"
"08/27/2009","125.10","111.25","130.20","111.25","294.82K","+12.15%"
"08/26/2009","111.55","106.05","112.75","105.10","210.75K","+7.11%"
"08/25/2009","104.15","97.05","107.95","95.40","176.90K","+6.28%"
"08/24/2009","98.00","93.75","99.85","92.40","66.26K","+6.06%"
"08/21/2009","92.40","79.00","93.75","79.00","17.81K","+0.71%"
"08/20/2009","91.75","91.40","92.80","88.35","40.83K","+0.11%"
"08/19/2009","91.65","94.65","95.95","88.50","58.15K","-1.56%"
"08/18/2009","93.10","89.25","95.05","89.00","152.41K","+3.56%"
"08/17/2009","89.90","88.50","92.75","87.55","48.67K","-3.02%"
"08/14/2009","92.70","94.20","97.05","92.35","238.89K","-0.70%"
"08/13/2009","93.35","91.85","95.10","90.75","168.13K","+4.59%"
"08/12/2009","89.25","87.05","92.05","83.35","78.31K","+4.63%"
"08/11/2009","85.30","83.60","87.35","83.60","15.59K","+0.06%"
"08/10/2009","85.25","89.85","89.85","83.30","71.50K","-2.18%"
"08/07/2009","87.15","91.75","91.75","85.55","98.64K","-3.38%"
"08/06/2009","90.20","89.95","96.55","89.45","142.22K","-0.06%"
"08/05/2009","90.25","94.65","96.25","89.50","96.60K","-3.89%"
"08/04/2009","93.90","87.00","95.60","85.20","478.70K","+9.06%"
"08/03/2009","86.10","86.15","88.10","85.20","56.88K","+0.12%"
"07/31/2009","86.00","86.00","87.90","85.20","85.34K","+0.88%"
"07/30/2009","85.25","84.05","87.35","82.05","103.76K","+2.10%"
"07/29/2009","83.50","85.20","87.65","80.45","313.93K","-2.00%"
"07/28/2009","85.20","85.20","86.85","84.25","251.36K","+1.19%"
"07/27/2009","84.20","90.40","90.40","83.80","163.03K","-5.71%"
"07/24/2009","89.30","81.90","94.20","81.90","2.00M","+13.76%"
"07/23/2009","78.50","75.75","82.35","75.30","1.32M","+4.74%"
"07/22/2009","74.95","73.30","83.30","72.90","764.27K","+2.95%"
"07/21/2009","72.80","73.85","74.80","71.00","17.73K","-1.09%"
"07/20/2009","73.60","69.70","75.75","69.70","2.92K","+4.69%"
"07/17/2009","70.30","68.65","72.45","67.70","2.52K","+3.46%"
"07/16/2009","67.95","69.55","78.00","67.20","3.25K","+1.72%"
"07/15/2009","66.80","64.65","68.60","64.65","1.30K","+3.17%"
"07/14/2009","64.75","61.55","67.20","61.55","5.08K","+4.52%"
"07/13/2009","61.95","62.05","63.45","58.20","3.88K","-1.59%"
"07/10/2009","62.95","65.80","68.65","61.55","1.38K","-4.91%"
"07/09/2009","66.20","66.75","67.65","63.90","1.17K","+1.92%"
"07/08/2009","64.95","68.15","68.65","59.90","2.65K","-5.80%"
"07/07/2009","68.95","70.05","71.45","68.65","961","-1.22%"
"07/06/2009","69.80","72.10","74.80","67.00","3.97K","-4.32%"
"07/03/2009","72.95","73.85","74.30","71.70","1.23K","+0.21%"
"07/02/2009","72.80","74.80","76.20","71.95","6.16K","-2.02%"
"07/01/2009","74.30","71.95","75.25","70.55","1.99K","+2.55%"
"06/30/2009","72.45","75.25","76.70","71.95","2.70K","-3.85%"
"06/29/2009","75.35","74.30","78.10","71.95","10.33K","+0.87%"
"06/26/2009","74.70","72.90","75.45","72.70","1.15K","+2.89%"
"06/25/2009","72.60","71.95","75.25","71.05","2.57K","+0.48%"
"06/24/2009","72.25","72.70","72.80","70.65","3.25K","-0.62%"
"06/23/2009","72.70","74.80","74.80","69.25","6.19K","-4.28%"
"06/22/2009","75.95","72.45","79.40","72.45","1.56K","+3.97%"
"06/19/2009","73.05","71.00","75.70","71.00","6.61K","-1.68%"
"06/18/2009","74.30","78.60","83.80","73.90","3.41K","-5.53%"
"06/17/2009","78.65","83.30","89.90","77.25","11.37K","-4.55%"
"06/16/2009","82.40","82.40","85.20","77.45","4.87K","-1.49%"
"06/15/2009","83.65","87.95","89.40","82.85","2.93K","-4.89%"
"06/12/2009","87.95","94.20","94.20","87.55","4.37K","-6.24%"
"06/11/2009","93.80","89.95","94.20","88.10","17.28K","+1.08%"
"06/10/2009","92.80","94.65","98.95","90.40","17.18K","-0.64%"
"06/09/2009","93.40","91.35","95.50","88.05","119.13K","+0.97%"
"06/08/2009","92.50","93.75","99.40","91.35","69.93K","+1.37%"
"06/05/2009","91.25","85.20","92.90","84.05","95.69K","+8.05%"
"06/04/2009","84.45","83.35","86.55","81.90","4.73K","+0.90%"
"06/03/2009","83.70","85.20","88.45","82.35","14.47K","+0.12%"
"06/02/2009","83.60","87.55","89.95","81.00","20.57K","-2.22%"
"06/01/2009","85.50","84.25","87.55","83.95","7.89K","+1.12%"
"05/29/2009","84.55","80.25","86.15","80.05","14.60K","+4.58%"
"05/28/2009","80.85","80.45","82.75","78.60","6.17K","-1.64%"
"05/27/2009","82.20","81.40","82.85","78.10","4.84K","+3.46%"
"05/26/2009","79.45","86.65","87.55","77.55","28.07K","-7.78%"
"05/25/2009","86.15","87.55","89.00","83.50","26.37K","-1.54%"
"05/22/2009","87.50","81.40","89.00","79.10","38.84K","+10.62%"
"05/21/2009","79.10","71.95","85.35","69.45","102.21K","+9.94%"
"05/20/2009","71.95","68.15","73.35","66.25","47.61K","+8.52%"
"05/19/2009","66.30","66.25","69.60","56.90","138.82K","+8.60%"
"05/18/2009","61.05","61.05","61.05","61.05","254","+7.29%"
"05/15/2009","56.90","58.70","59.65","55.90","14.96K","-0.35%"
"05/14/2009","57.10","54.55","59.65","54.55","19.42K","-1.89%"
"05/13/2009","58.20","55.40","62.90","55.40","143.95K","+3.56%"
"05/12/2009","56.20","55.85","58.20","53.70","16.48K","-0.53%"
"05/11/2009","56.50","54.75","59.65","54.75","32.93K","+3.48%"
"05/08/2009","54.60","54.45","58.05","53.95","10.79K","-0.27%"
"05/07/2009","54.75","54.95","56.35","54.05","10.10K","-1.08%"
"05/06/2009","55.35","57.70","58.80","54.95","17.38K","-1.86%"
"05/05/2009","56.40","56.80","59.90","54.50","46.11K","+2.17%"
"05/04/2009","55.20","55.40","58.65","52.55","30.76K","+4.55%"
"04/29/2009","52.80","49.35","54.80","49.35","13.62K","+0.86%"
"04/28/2009","52.35","56.80","56.80","50.20","19.59K","-8.40%"
"04/27/2009","57.15","59.10","61.55","56.55","28.44K","-3.79%"
"04/24/2009","59.40","63.60","63.60","58.20","29.68K","-6.60%"
"04/23/2009","63.60","63.90","71.00","62.00","557.98K","+5.12%"
"04/22/2009","60.50","50.45","60.50","50.45","190.57K","+20.04%"
"04/21/2009","50.40","48.30","51.60","48.30","2.81K","+1.51%"
"04/20/2009","49.65","49.70","50.95","48.75","7.17K","-2.93%"
"04/17/2009","51.15","56.30","56.30","49.70","6.29K","-3.31%"
"04/16/2009","52.90","59.65","60.60","51.10","14.55K","-10.72%"
"04/15/2009","59.25","56.40","62.65","54.45","30.16K","+2.95%"
"04/13/2009","57.55","52.10","59.60","51.70","59.95K","+15.56%"
"04/09/2009","49.80","52.05","54.30","49.25","19.92K","-3.49%"
"04/08/2009","51.60","46.85","53.25","46.85","20.43K","+8.63%"
"04/06/2009","47.50","49.25","50.20","46.90","15.89K","-1.66%"
"04/02/2009","48.30","47.15","51.60","47.15","28.02K","+1.36%"
"04/01/2009","47.65","46.85","49.70","46.85","5.92K","+0.85%"
"03/31/2009","47.25","47.80","48.75","46.50","13.76K","-2.88%"
"03/30/2009","48.65","45.90","51.10","45.90","10.18K","+0.72%"
"03/27/2009","48.30","47.35","49.00","47.35","9.02K","+1.05%"
"03/26/2009","47.80","46.40","48.45","46.40","34.79K","+0.21%"
"03/25/2009","47.70","44.55","49.65","44.55","24.91K","+3.02%"
"03/24/2009","46.30","47.75","48.75","44.95","3.52K","-2.01%"
"03/23/2009","47.25","47.00","48.05","47.00","8.93K","+1.07%"
"03/20/2009","46.75","45.50","48.65","45.50","8.66K","-1.58%"
"03/19/2009","47.50","45.35","49.25","45.35","22.28K","+3.71%"
"03/18/2009","45.80","44.85","47.10","44.85","14.20K","+2.00%"
"03/17/2009","44.90","45.00","46.85","44.50","9.39K","-0.88%"
"03/16/2009","45.30","42.60","45.90","42.60","16.05K","+3.54%"
"03/13/2009","43.75","43.35","44.60","42.20","21.91K","-1.35%"
"03/12/2009","44.35","43.55","44.80","41.90","11.23K","+2.19%"
"03/09/2009","43.40","42.25","44.40","40.95","26.64K","+2.72%"
"03/06/2009","42.25","40.10","43.10","40.10","18.49K","+2.67%"
"03/05/2009","41.15","41.20","42.35","40.35","30.26K","-1.44%"
"03/04/2009","41.75","40.70","42.25","40.30","10.20K","+2.71%"
"03/03/2009","40.65","38.90","41.90","38.85","49.42K","+2.01%"
"03/02/2009","39.85","38.80","41.20","38.80","18.79K","-1.36%"
"02/27/2009","40.40","39.60","40.70","39.35","9.59K","-0.86%"
"02/26/2009","40.75","41.40","41.40","38.80","29.22K","+1.75%"
"02/25/2009","40.05","39.75","41.20","38.80","30.76K","+0.38%"
"02/24/2009","39.90","40.25","40.70","38.10","34.14K","-1.24%"
"02/20/2009","40.40","39.80","41.50","39.30","46.14K","-0.98%"
"02/19/2009","40.80","42.60","43.40","40.70","97.63K","-2.04%"
"02/18/2009","41.65","39.25","44.75","38.95","238.10K","-0.36%"
"02/17/2009","41.80","36.00","44.50","36.00","137.62K","-5.54%"
"02/16/2009","44.25","44.00","48.15","43.55","376.41K","-1.45%"
"02/13/2009","44.90","44.95","49.15","44.30","496.30K","-6.17%"
"02/12/2009","47.85","51.10","53.50","47.00","1.48M","-2.45%"
"02/11/2009","49.05","41.65","49.95","39.30","817.62K","+17.91%"
"02/10/2009","41.60","42.60","42.60","40.70","7.37K","-0.95%"
"02/09/2009","42.00","41.85","43.90","40.70","66.52K","+6.60%"
"02/06/2009","39.40","40.70","44.20","38.10","867.42K","+2.07%"
"02/05/2009","38.60","39.30","40.70","37.00","110.60K","-5.16%"
"02/04/2009","40.70","42.60","42.60","40.70","23.91K","-2.98%"
"02/03/2009","41.95","46.30","46.45","40.85","5.40K","-8.61%"
"02/02/2009","45.90","47.90","49.15","45.05","1.10K","-6.90%"
"01/30/2009","49.30","43.10","53.90","43.10","33.03K","+8.23%"
"01/29/2009","45.55","46.85","48.70","43.70","1.58K","-0.55%"
"01/28/2009","45.80","45.45","48.30","44.20","1.87K","-3.27%"
"01/27/2009","47.35","47.35","47.35","45.00","885","+2.82%"
"01/23/2009","46.05","47.35","47.35","43.10","1.82K","-0.11%"
"01/22/2009","46.10","47.80","51.05","45.25","4.22K","-0.97%"
"01/21/2009","46.55","51.60","51.60","45.90","4.16K","-10.22%"
"01/20/2009","51.85","44.50","56.30","44.50","1.52K","-0.86%"
"01/19/2009","52.30","52.05","53.05","52.05","1.13K","-0.10%"
"01/16/2009","52.35","52.55","54.90","52.05","1.90K","-1.60%"
"01/15/2009","53.20","55.85","55.85","51.60","3.53K","-5.25%"
"01/14/2009","56.15","59.15","60.95","54.55","1.24K","-3.77%"
"01/13/2009","58.35","58.25","61.55","57.75","1.80K","-3.23%"
"01/12/2009","60.30","67.35","67.35","59.70","7.72K","-5.71%"
"01/09/2009","63.95","70.05","71.00","60.60","5.28K","-9.03%"
"01/07/2009","70.30","76.60","80.45","68.65","7.35K","-8.10%"
"01/06/2009","76.50","78.10","80.25","73.35","14.04K","-3.77%"
"01/05/2009","79.50","85.20","85.20","77.15","175.31K","-3.46%"
"01/02/2009","82.35","82.80","85.15","79.10","866","+3.26%"
"01/01/2009","79.75","87.45","87.45","79.70","201","-2.63%"
"12/31/2008","81.90","77.80","82.75","77.80","127.38K","+4.40%"
"12/30/2008","78.45","80.95","81.85","78.10","830","-2.30%"
"12/29/2008","80.30","80.45","81.30","78.10","1.81K","+1.32%"
"12/26/2008","79.25","81.40","81.40","78.10","22.44K","+1.93%"
"12/24/2008","77.75","82.85","84.70","76.35","76.27K","-9.70%"
"12/23/2008","86.10","86.10","86.10","86.10","21","+3.80%"
"12/22/2008","82.95","82.40","89.00","82.40","558","-1.01%"
"12/19/2008","83.80","82.85","84.25","82.85","412","+2.01%"
"12/18/2008","82.15","89.00","89.00","79.05","359","-0.79%"
"12/17/2008","82.80","84.25","89.70","81.90","769","-6.18%"
"12/16/2008","88.25","85.20","89.70","85.20","264","+7.95%"
"12/15/2008","81.75","85.20","85.20","81.75","110","+0.31%"
"12/12/2008","81.50","85.20","85.50","81.40","2.16K","-0.55%"
"12/11/2008","81.95","84.25","86.10","81.40","80","-0.49%"
"12/10/2008","82.35","85.20","87.10","82.35","13.73K","-1.26%"
"12/08/2008","83.40","82.40","87.45","82.35","106","+0.60%"
"12/05/2008","82.90","88.50","88.50","82.85","234","+0.91%"
"12/04/2008","82.15","89.95","94.65","81.45","156","-5.63%"
"12/03/2008","87.05","77.85","87.55","77.85","1.18K","+8.68%"
"12/02/2008","80.10","82.85","82.85","75.85","4.47K","-3.55%"
"12/01/2008","83.05","84.25","88.05","81.40","737","+0.24%"
"11/28/2008","82.85","89.95","89.95","82.55","32.13K","-6.12%"
"11/26/2008","88.25","89.00","89.05","87.55","8.57K","-0.84%"
"11/25/2008","89.00","89.00","89.00","89.00","423","+0.00%"
"11/24/2008","89.00","87.65","89.00","87.65","4","+0.00%"
"11/21/2008","89.00","87.55","95.60","87.55","1.12K","-0.17%"
"11/20/2008","89.15","89.95","91.85","87.55","8.87K","-5.81%"
"11/19/2008","94.65","94.90","94.90","91.85","25.83K","-1.10%"
"11/18/2008","95.70","89.95","99.40","89.95","1.39K","+0.21%"
"11/17/2008","95.50","101.80","101.80","93.75","220","-1.60%"
"11/14/2008","97.05","91.40","99.40","91.40","14.32K","+6.18%"
"11/12/2008","91.40","102.70","102.70","89.95","5.70K","-1.88%"
"11/11/2008","93.15","89.95","94.20","82.85","5.57K","+4.49%"
"11/10/2008","89.15","89.95","89.95","87.55","332","+1.83%"
"11/07/2008","87.55","85.20","89.90","85.20","1.11K","+1.33%"
"11/06/2008","86.40","82.85","87.45","82.85","613","+7.40%"
"11/05/2008","80.45","75.75","80.45","75.40","163","-1.23%"
"11/04/2008","81.45","80.05","85.20","80.05","1.47K","-2.28%"
"11/03/2008","83.35","87.55","91.35","82.85","955","-1.19%"
"10/31/2008","84.35","76.25","85.20","76.20","513","+9.69%"
"10/29/2008","76.90","80.00","81.40","76.20","408","-6.16%"
"10/28/2008","81.95","80.40","87.10","80.40","146","+1.93%"
"10/27/2008","80.40","80.45","85.20","68.20","1.58K","-0.06%"
"10/24/2008","80.45","78.55","81.20","71.00","2.79K","-0.92%"
"10/23/2008","81.20","91.80","91.80","80.50","139","-7.20%"
"10/22/2008","87.50","85.70","101.25","85.70","3.49K","-1.91%"
"10/21/2008","89.20","85.20","89.95","85.20","1.27K","+5.94%"
"10/20/2008","84.20","89.45","98.95","79.55","761","-10.04%"
"10/17/2008","93.60","93.60","93.65","93.60","42","+1.57%"
"10/16/2008","92.15","85.70","92.70","85.70","53","+2.50%"
"10/15/2008","89.90","94.70","94.70","81.90","936","-6.21%"
"10/14/2008","95.85","93.75","98.45","93.75","158","+5.16%"
"10/13/2008","91.15","97.05","104.15","87.55","661","-5.50%"
"10/10/2008","96.45","96.55","96.55","93.25","1.28K","-1.58%"
"10/08/2008","98.00","95.65","99.40","89.95","1.59K","+0.51%"
"10/07/2008","97.50","94.65","102.70","79.20","2.80K","+1.93%"
"10/06/2008","95.65","104.15","104.15","94.65","1.88K","-9.81%"
"10/03/2008","106.05","108.90","108.90","98.00","1.07K","+1.19%"
"10/01/2008","104.80","102.15","111.25","101.80","2.67K","+0.38%"
"09/30/2008","104.40","106.50","106.50","99.10","15.63K","-6.37%"
"09/29/2008","111.50","113.60","122.15","106.50","334","-5.07%"
"09/26/2008","117.45","112.40","120.70","112.40","270","-4.82%"
"09/25/2008","123.40","123.40","123.40","120.70","59","+1.44%"
"09/24/2008","121.65","117.05","132.55","115.15","1.16K","-1.18%"
"09/23/2008","123.10","124.95","124.95","123.10","65","+2.80%"
"09/22/2008","119.75","119.75","119.75","119.75","11","-0.83%"
"09/19/2008","120.75","136.80","136.80","118.85","752","+2.20%"
"09/18/2008","118.15","116.90","122.35","116.00","332","-2.80%"
"09/17/2008","121.55","120.80","134.45","120.60","382","+0.87%"
"09/16/2008","120.50","132.55","132.55","116.65","2.74K","-8.95%"
"09/15/2008","132.35","128.30","137.30","125.90","376","+2.32%"
"09/12/2008","129.35","128.80","138.65","127.90","1.49K","-2.52%"
"09/11/2008","132.70","129.50","143.50","129.50","951","-2.07%"
"09/10/2008","135.50","137.30","137.30","133.55","615","-1.31%"
"09/09/2008","137.30","135.40","137.30","135.40","283","+0.51%"
"09/08/2008","136.60","142.00","142.00","135.40","1.81K","-1.83%"
"09/05/2008","139.15","139.15","139.15","135.95","1.19K","+1.31%"
"09/04/2008","137.35","139.65","140.50","137.30","530","-1.65%"
"09/02/2008","139.65","139.65","139.65","139.65","241","-0.07%"
"09/01/2008","139.75","135.45","142.00","135.45","152","-0.85%"
"08/29/2008","140.95","139.10","141.05","135.40","919","+2.29%"
"08/28/2008","137.80","144.85","144.85","135.00","587","+0.00%"
"08/27/2008","137.80","133.75","141.90","133.75","2.29K","+0.99%"
"08/26/2008","136.45","137.35","142.00","136.35","754","-3.71%"
"08/25/2008","141.70","145.35","145.35","139.75","1.02K","-1.36%"
"08/22/2008","143.65","138.70","143.90","136.80","129","+1.99%"
"08/21/2008","140.85","146.20","146.20","139.20","382","-1.50%"
"08/20/2008","143.00","143.45","145.35","139.65","1.71K","-0.31%"
"08/19/2008","143.45","139.90","146.45","139.90","374","+0.00%"
"08/18/2008","143.45","143.45","145.35","142.95","151.21K","-0.21%"
"08/14/2008","143.75","144.40","151.50","142.50","1.15K","-2.08%"
"08/13/2008","146.80","142.95","151.00","142.95","467","+2.44%"
"08/12/2008","143.30","149.50","149.50","142.00","661","-3.76%"
"08/11/2008","148.90","146.75","154.80","145.80","1.52K","+4.02%"
"08/08/2008","143.15","146.75","149.60","143.05","716","-0.87%"
"08/07/2008","144.40","149.60","149.60","144.40","689","-2.96%"
"08/06/2008","148.80","149.10","155.75","146.75","1.24K","+4.09%"
"08/05/2008","142.95","165.60","169.45","127.80","682","-0.97%"
"08/04/2008","144.35","140.60","144.40","140.10","283","+2.92%"
"08/01/2008","140.25","134.90","146.25","134.90","1.02K","+0.50%"
"07/31/2008","139.55","146.75","146.75","137.50","1.48K","-3.02%"
"07/30/2008","143.90","145.70","145.80","142.05","843","+3.41%"
"07/29/2008","139.15","146.20","146.20","139.15","175","-0.50%"
"07/28/2008","139.85","134.95","144.25","134.95","602","-0.32%"
"07/25/2008","140.30","142.05","142.50","139.90","363","-2.33%"
"07/24/2008","143.65","155.25","155.25","138.45","1.41K","+0.24%"
"07/23/2008","143.30","147.20","147.20","142.55","1.59K","+2.50%"
"07/22/2008","139.80","146.75","146.75","137.75","469","-0.78%"
"07/21/2008","140.90","146.75","151.00","139.95","2.04K","-5.88%"
"07/18/2008","149.70","142.50","151.55","142.50","465","+2.39%"
"07/17/2008","146.20","142.00","150.75","142.00","1.19K","+1.25%"
"07/16/2008","144.40","137.90","144.40","137.90","883","+1.69%"
"07/15/2008","142.00","140.15","143.45","139.65","1.20K","-0.66%"
"07/14/2008","142.95","146.20","146.20","140.10","898","+0.46%"
"07/11/2008","142.30","142.05","150.30","138.95","322.01K","-1.18%"
"07/10/2008","144.00","143.90","144.90","139.65","425","+0.70%"
"07/09/2008","143.00","140.10","144.35","139.65","693","+1.74%"
"07/08/2008","140.55","144.40","146.75","137.60","1.11K","-3.30%"
"07/07/2008","145.35","142.50","157.65","142.50","192","-1.59%"
"07/04/2008","147.70","164.60","164.60","132.55","2.01K","+6.49%"
"07/03/2008","138.70","131.15","142.00","131.15","820","+2.29%"
"07/02/2008","135.60","132.70","140.10","132.55","672","-1.95%"
"07/01/2008","138.30","149.10","157.80","138.20","942","-9.58%"
"06/30/2008","152.95","147.85","161.80","147.85","475","-5.00%"
"06/27/2008","161.00","157.80","175.05","157.80","1.05K","-4.25%"
"06/26/2008","168.15","170.45","174.65","167.55","853","-4.00%"
"06/25/2008","175.15","179.90","179.90","170.40","570","-1.85%"
"06/24/2008","178.45","176.80","183.15","168.55","2.31K","+1.88%"
"06/23/2008","175.15","177.50","188.35","164.75","1.83K","-3.55%"
"06/20/2008","181.60","179.90","187.00","175.90","718","-2.73%"
"06/19/2008","186.70","184.15","189.35","166.75","1.06K","+3.21%"
"06/18/2008","180.90","178.45","187.00","178.45","668","+1.26%"
"06/17/2008","178.65","178.55","184.60","177.50","1.04K","-1.02%"
"06/16/2008","180.50","184.60","188.85","179.90","602","+0.33%"
"06/13/2008","179.90","173.75","188.40","173.75","201","-0.17%"
"06/12/2008","180.20","182.70","188.75","179.90","357","-1.50%"
"06/11/2008","182.95","189.35","189.35","182.30","727","-3.41%"
"06/10/2008","189.40","184.65","190.30","184.60","4.83K","+0.56%"
"06/09/2008","188.35","184.60","188.40","182.25","2.61K","-0.74%"
"06/06/2008","189.75","189.35","191.50","189.35","256","+0.21%"
"06/05/2008","189.35","189.35","191.20","184.65","346","+0.00%"
"06/04/2008","189.35","189.35","190.75","187.50","2.36K","-0.99%"
"06/03/2008","191.25","187.00","191.25","187.00","1.25K","+0.16%"
"06/02/2008","190.95","184.85","192.20","184.85","1.42K","+0.82%"
"05/30/2008","189.40","189.35","193.95","189.35","1.62K","-0.26%"
"05/29/2008","189.90","189.40","191.25","189.35","256","+0.03%"
"05/28/2008","189.85","189.35","191.50","187.25","2.85K","+0.26%"
"05/27/2008","189.35","184.65","193.15","184.65","955","-0.24%"
"05/26/2008","189.80","190.30","193.15","189.30","3.96K","+0.24%"
"05/23/2008","189.35","188.45","190.30","188.45","1.33K","+0.00%"
"05/22/2008","189.35","190.75","191.65","189.35","1.80K","+0.00%"
"05/21/2008","189.35","189.40","189.80","189.35","2.09K","-0.29%"
"05/20/2008","189.90","189.80","193.05","189.40","1.05K","-1.68%"
"05/16/2008","193.15","201.15","201.15","190.35","1.08K","-1.13%"
"05/15/2008","195.35","185.65","196.45","185.55","1.17K","+0.33%"
"05/14/2008","194.70","189.35","195.50","189.35","3.23K","+2.58%"
"05/13/2008","189.80","190.55","195.50","189.35","2.96K","-1.38%"
"05/12/2008","192.45","189.35","193.60","188.10","3.13K","+1.64%"
"05/09/2008","189.35","189.35","191.70","187.00","4.74K","-0.68%"
"05/08/2008","190.65","189.80","191.70","189.35","1.36K","+0.37%"
"05/07/2008","189.95","189.50","196.40","189.45","526","-1.25%"
"05/06/2008","192.35","202.95","202.95","189.60","2.67K","+0.47%"
"05/05/2008","191.45","189.35","191.70","189.35","4.56K","+0.87%"
"05/02/2008","189.80","194.10","194.10","189.35","110.25K","+0.24%"
"04/30/2008","189.35","190.75","193.15","189.35","3.48K","-0.29%"
"04/29/2008","189.90","188.40","191.65","182.25","4.69K","+0.50%"
"04/28/2008","188.95","196.00","198.30","187.45","7.65K","-1.84%"
"04/25/2008","192.50","195.05","203.55","189.40","5.32K","+0.81%"
"04/24/2008","190.95","197.85","198.35","189.55","4.81K","-1.14%"
"04/23/2008","193.15","187.70","193.50","187.70","264","+1.79%"
"04/22/2008","189.75","196.00","196.45","189.40","1.76K","-1.43%"
"04/21/2008","192.50","191.70","194.05","189.60","902","+1.40%"
"04/17/2008","189.85","193.35","193.35","186.65","917","+0.50%"
"04/16/2008","188.90","199.30","199.30","177.50","826","-1.38%"
"04/15/2008","191.55","222.50","222.50","182.25","26.75K","+0.52%"
"04/11/2008","190.55","199.75","199.75","187.00","710","+1.33%"
"04/10/2008","188.05","186.50","192.95","186.05","437","-0.69%"
"04/09/2008","189.35","207.70","207.70","185.55","896","+1.01%"
"04/08/2008","187.45","189.35","191.70","187.00","511","-1.00%"
"04/07/2008","189.35","189.35","191.70","185.10","304","+0.50%"
"04/04/2008","188.40","189.35","189.35","184.60","608","-0.24%"
"04/03/2008","188.85","192.20","192.20","186.55","1.56K","+2.00%"
"04/02/2008","185.15","196.70","196.70","182.70","12.88K","-2.50%"
"04/01/2008","189.90","197.40","197.40","189.35","727","-1.09%"
"03/31/2008","192.00","191.75","203.55","185.25","40.73K","-1.13%"
"03/28/2008","194.20","194.30","195.50","185.60","758","+0.88%"
"03/27/2008","192.50","186.50","196.45","186.50","12.64K","+0.03%"
"03/26/2008","192.45","186.05","196.90","185.10","4.42K","+1.64%"
"03/25/2008","189.35","189.35","201.20","185.35","6.63K","+2.38%"
"03/24/2008","184.95","174.20","198.80","174.20","12.75K","-0.08%"
"03/19/2008","185.10","191.70","204.00","185.10","5.08K","-2.58%"
"03/18/2008","190.00","199.30","203.55","180.35","21.95K","-6.68%"
"03/17/2008","203.60","217.30","230.55","191.70","10.21K","-2.26%"
"03/14/2008","208.30","204.50","209.95","204.50","2.49K","-1.21%"
"03/13/2008","210.85","200.35","212.30","199.75","1.47K","+0.98%"
"03/12/2008","208.80","201.20","212.90","201.20","7.98K","+0.12%"
"03/11/2008","208.55","189.35","210.55","189.35","6.61K","+7.56%"
"03/10/2008","193.90","191.70","199.75","189.80","7.06K","-1.30%"
"03/07/2008","196.45","196.95","207.35","194.15","4.40K","-5.67%"
"03/05/2008","208.25","197.85","208.30","197.85","31.21K","+0.82%"
"03/04/2008","206.55","214.90","214.90","200.45","1.83K","-4.60%"
"03/03/2008","216.50","213.00","234.80","210.65","5.22K","-0.76%"
"02/29/2008","218.15","195.05","236.70","195.05","12.74K","+4.65%"
"02/28/2008","208.45","197.15","210.20","197.15","2.23K","-0.17%"
"02/27/2008","208.80","189.80","210.65","189.80","5.38K","+2.78%"
"02/26/2008","203.15","201.30","208.15","200.30","1.15K","-1.65%"
"02/25/2008","206.55","205.45","210.20","200.25","3.30K","-0.94%"
"02/22/2008","208.50","199.30","210.65","199.30","4.97K","+0.70%"
"02/21/2008","207.05","231.50","231.50","204.30","6.70K","+0.63%"
"02/20/2008","205.75","221.30","221.30","189.35","31.41K","-3.79%"
"02/19/2008","213.85","194.10","221.30","193.60","268.44K","+15.97%"
"02/18/2008","184.40","171.85","188.90","171.85","7.59K","-2.10%"
"02/15/2008","188.35","181.80","189.80","179.90","3.82K","+3.49%"
"02/14/2008","182.00","182.25","189.35","176.10","1.25K","+1.53%"
"02/13/2008","179.25","172.80","188.90","172.80","6.21K","-1.48%"
"02/12/2008","181.95","184.65","203.10","170.90","6.23K","-2.49%"
"02/11/2008","186.60","183.70","190.75","183.70","731","-3.37%"
"02/08/2008","193.10","180.35","193.85","180.35","31.80K","+2.99%"
"02/07/2008","187.50","184.65","194.05","184.60","957","-1.94%"
"02/06/2008","191.20","191.70","191.70","187.00","530","-1.82%"
"02/05/2008","194.75","190.30","198.30","190.30","471","+1.25%"
"02/04/2008","192.35","217.75","217.75","191.70","6.01K","-0.31%"
"02/01/2008","192.95","196.45","200.20","189.45","1.56K","-0.57%"
"01/31/2008","194.05","184.80","201.20","184.80","66.90K","+3.85%"
"01/30/2008","186.85","180.65","188.35","168.05","175.96K","-1.35%"
"01/29/2008","189.40","196.45","196.45","188.40","14.22K","-0.53%"
"01/28/2008","190.40","201.15","201.15","188.40","2.23K","-5.34%"
"01/25/2008","201.15","194.10","201.20","190.05","4.88K","+2.81%"
"01/24/2008","195.65","210.65","213.00","189.40","2.16K","-1.56%"
"01/23/2008","198.75","191.70","198.80","187.00","19.37K","+9.11%"
"01/22/2008","182.15","179.60","194.55","158.15","5.56K","-7.70%"
"01/21/2008","197.35","222.50","224.85","189.80","4.84K","-12.00%"
"01/18/2008","224.25","229.60","231.95","220.10","4.94K","-3.32%"
"01/17/2008","231.95","227.20","236.70","227.20","4.31K","-1.74%"
"01/16/2008","236.05","236.70","242.35","232.45","1.79K","-1.75%"
"01/15/2008","240.25","250.40","250.40","237.20","6.38K","+0.48%"
"01/14/2008","239.10","237.65","251.85","237.65","1.56K","-0.73%"
"01/11/2008","240.85","257.85","257.85","239.55","10.31K","-2.03%"
"01/10/2008","245.85","250.75","274.10","244.50","30.45K","-2.69%"
"01/09/2008","252.65","259.65","259.65","248.50","4.11K","-2.70%"
"01/08/2008","259.65","282.55","282.55","253.85","28.12K","-5.98%"
"01/07/2008","276.15","278.35","288.65","265.10","21.69K","+1.06%"
"01/04/2008","273.25","256.55","298.65","256.55","95.59K","+6.10%"
"01/03/2008","257.55","241.90","263.65","241.90","8.93K","+0.37%"
"01/02/2008","256.60","259.65","266.05","254.65","18.83K","-2.89%"
"01/01/2008","264.25","262.70","267.45","253.25","9.99K","+0.49%"
"12/31/2007","262.95","260.85","272.20","260.85","46.88K","-0.51%"
"12/28/2007","264.30","258.00","267.65","240.25","12.65K","+1.05%"
"12/27/2007","261.55","254.60","265.10","250.90","38.49K","+5.23%"
"12/26/2007","248.55","249.95","260.85","243.40","41.49K","+3.26%"
"12/24/2007","240.70","243.85","246.10","233.60","16.26K","+3.19%"
"12/20/2007","233.25","233.85","235.75","231.70","5.20K","+1.86%"
"12/19/2007","229.00","232.90","238.55","228.15","955","+0.04%"
"12/18/2007","228.90","235.75","236.20","224.85","4.56K","-1.76%"
"12/17/2007","233.00","238.60","238.60","218.20","7.78K","-1.89%"
"12/14/2007","237.50","232.30","243.80","227.20","22.67K","+2.24%"
"12/13/2007","232.30","230.30","235.20","227.20","7.60K","-0.34%"
"12/12/2007","233.10","229.45","236.60","229.45","5.13K","+0.93%"
"12/11/2007","230.95","231.95","236.05","229.10","13.55K","+0.81%"
"12/10/2007","229.10","232.45","236.70","227.35","7.56K","-1.34%"
"12/07/2007","232.20","237.65","239.05","220.90","7.40K","-2.89%"
"12/06/2007","239.10","238.30","241.25","236.70","58.62K","+0.55%"
"12/05/2007","237.80","241.40","243.80","236.70","2.35K","-1.12%"
"12/04/2007","240.50","240.45","241.85","234.45","1.86K","+1.16%"
"12/03/2007","237.75","246.15","246.15","234.30","3.95K","-4.11%"
"11/30/2007","247.95","239.05","259.90","237.20","7.05K","+3.72%"
"11/29/2007","239.05","237.65","243.10","237.20","2.58K","+0.04%"
"11/28/2007","238.95","242.35","242.35","237.15","1.99K","+0.15%"
"11/27/2007","238.60","237.15","244.25","236.70","1.13K","-0.60%"
"11/26/2007","240.05","241.40","243.75","239.05","2.27K","-0.85%"
"11/23/2007","242.10","243.30","250.80","235.15","80.07K","+0.46%"
"11/22/2007","241.00","229.20","245.70","229.20","1.38K","-1.69%"
"11/21/2007","245.15","260.35","260.35","240.45","8.83K","-2.41%"
"11/20/2007","251.20","246.15","257.90","242.40","283.73K","+0.18%"
"11/19/2007","250.75","246.15","253.00","242.15","6.69K","+2.24%"
"11/16/2007","245.25","232.00","248.50","232.00","3.03K","+2.38%"
"11/15/2007","239.55","252.80","252.80","239.05","1.88K","-1.40%"
"11/14/2007","242.95","237.65","253.25","237.65","7.01K","-3.07%"
"11/13/2007","250.65","236.70","272.20","236.70","8.51K","+3.34%"
"11/12/2007","242.55","248.50","250.90","237.15","4.62K","-1.98%"
"11/09/2007","247.45","248.05","248.50","224.20","1.71K","+2.80%"
"11/08/2007","240.70","243.40","245.70","239.05","758","-2.09%"
"11/07/2007","245.85","250.90","250.90","242.35","7.93K","-0.02%"
"11/06/2007","245.90","255.60","255.60","243.80","5.72K","-2.77%"
"11/05/2007","252.90","257.45","257.65","244.75","3.74K","+1.91%"
"11/02/2007","248.15","246.15","253.25","244.75","6.03K","+0.12%"
"11/01/2007","247.85","254.65","291.10","231.05","11.83K","-0.10%"
"10/31/2007","248.10","253.15","253.15","241.40","5.20K","+0.75%"
"10/30/2007","246.25","253.75","256.55","239.55","10.64K","-0.22%"
"10/29/2007","246.80","239.05","263.00","222.50","127.31K","+8.32%"
"10/26/2007","227.85","226.75","230.55","222.95","1.53K","+1.63%"
"10/25/2007","224.20","225.80","227.20","217.75","2.52K","+1.08%"
"10/24/2007","221.80","222.50","226.75","219.65","1.01K","-0.52%"
"10/23/2007","222.95","226.05","231.95","217.75","5.17K","+3.41%"
"10/22/2007","215.60","231.95","231.95","209.25","9.45K","-2.47%"
"10/19/2007","221.05","226.25","227.20","215.90","1.70K","-2.38%"
"10/18/2007","226.45","224.85","231.90","221.10","3.97K","-0.13%"
"10/17/2007","226.75","227.20","231.95","222.50","10.11K","-1.48%"
"10/16/2007","230.15","229.85","234.30","227.20","5.63K","-0.88%"
"10/15/2007","232.20","234.30","236.70","227.20","4.11K","-0.88%"
"10/12/2007","234.25","232.00","241.40","229.60","3.62K","+0.47%"
"10/11/2007","233.15","231.95","236.20","231.05","1.91K","+0.09%"
"10/10/2007","232.95","241.40","241.40","224.45","2.67K","-1.15%"
"10/09/2007","235.65","233.85","241.40","222.50","1.59K","+1.35%"
"10/08/2007","232.50","243.80","246.10","229.60","2.10K","-3.04%"
"10/05/2007","239.80","241.35","243.30","235.75","7.68K","+1.98%"
"10/04/2007","235.15","244.75","244.75","234.30","3.92K","-4.18%"
"10/03/2007","245.40","251.35","257.50","243.80","2.57K","-3.31%"
"10/01/2007","253.80","255.60","256.55","246.65","20.49K","+0.22%"
"09/28/2007","253.25","250.90","256.10","246.75","34.16K","+0.58%"
"09/27/2007","251.80","246.40","254.65","246.40","2.56K","-0.55%"
"09/26/2007","253.20","246.15","253.25","246.15","6.01K","+1.83%"
"09/25/2007","248.65","237.80","255.15","237.80","4.04K","-2.13%"
"09/24/2007","254.05","258.00","258.80","253.25","1.68K","-0.33%"
"09/21/2007","254.90","249.05","258.00","247.10","951","-0.23%"
"09/20/2007","255.50","258.00","262.70","253.25","1.55K","+0.75%"
"09/19/2007","253.60","260.35","260.35","246.25","3.04K","-2.80%"
"09/18/2007","260.90","251.35","262.25","251.35","1.61K","+2.05%"
"09/17/2007","255.65","243.95","259.90","243.90","1.08K","+0.27%"
"09/14/2007","254.95","260.35","260.35","246.15","27.15K","-2.07%"
"09/13/2007","260.35","260.35","261.80","260.35","1.03K","-0.36%"
"09/12/2007","261.30","260.40","262.70","260.35","5.79K","-0.48%"
"09/11/2007","262.55","260.35","262.70","258.95","1.68K","+0.15%"
"09/10/2007","262.15","261.80","265.10","260.35","788","+0.13%"
"09/07/2007","261.80","260.35","267.45","260.35","2.42K","+0.67%"
"09/06/2007","260.05","260.35","260.35","258.00","9.82K","-0.48%"
"09/05/2007","261.30","261.80","264.60","257.05","2.26K","+1.77%"
"09/04/2007","256.75","255.60","258.45","246.15","2.95K","+4.56%"
"09/03/2007","245.55","251.35","251.35","244.25","763","-2.15%"
"08/31/2007","250.95","254.65","255.60","250.40","1.27K","+0.08%"
"08/30/2007","250.75","248.50","258.00","243.80","3.02K","+0.44%"
"08/29/2007","249.65","245.70","253.25","236.70","2.70K","+4.22%"
"08/28/2007","239.55","241.40","245.70","236.70","2.52K","-3.31%"
"08/27/2007","247.75","241.40","250.90","237.15","4.63K","+2.61%"
"08/24/2007","241.45","234.30","241.90","234.30","991","+4.73%"
"08/23/2007","230.55","228.15","241.40","228.15","273","-0.22%"
"08/22/2007","231.05","266.05","266.05","225.80","1.81K","+1.52%"
"08/21/2007","227.60","247.35","247.35","216.35","1.35K","-4.79%"
"08/20/2007","239.05","258.45","258.95","239.05","965","+0.08%"
"08/17/2007","238.85","248.45","250.85","236.70","2.18K","-0.13%"
"08/16/2007","239.15","239.55","248.50","236.70","2.14K","-3.12%"
"08/14/2007","246.85","260.85","260.85","244.75","48.82K","-5.37%"
"08/13/2007","260.85","260.85","269.35","260.85","78","+0.00%"
"08/10/2007","260.85","260.35","264.50","260.35","3.62K","+0.12%"
"08/09/2007","260.55","268.40","286.85","260.35","7.84K","+0.13%"
"08/08/2007","260.20","262.70","262.70","255.60","11.66K","-0.21%"
"08/07/2007","260.75","260.40","262.70","260.35","1.68K","-0.93%"
"08/06/2007","263.20","260.35","265.10","255.60","2.80K","+0.82%"
"08/03/2007","261.05","260.85","265.95","260.35","706","+0.25%"
"08/02/2007","260.40","262.25","265.10","253.25","347.64K","-1.21%"
"08/01/2007","263.60","249.45","267.45","249.45","1.37K","-1.20%"
"07/31/2007","266.80","274.55","274.55","255.60","649","+4.34%"
"07/30/2007","255.70","283.55","283.55","255.60","4.27K","-2.50%"
"07/27/2007","262.25","270.30","281.15","254.20","1.50K","-3.94%"
"07/26/2007","273.00","283.55","283.55","269.80","1.19K","-2.24%"
"07/25/2007","279.25","279.30","284.50","274.55","213.68K","-0.43%"
"07/24/2007","280.45","279.30","283.55","279.30","1.48K","+0.41%"
"07/23/2007","279.30","279.30","285.80","279.30","6.64K","+0.00%"
"07/20/2007","279.30","280.00","286.35","279.30","5.54K","+0.00%"
"07/19/2007","279.30","280.25","280.25","279.30","2.86K","-0.18%"
"07/18/2007","279.80","279.30","283.10","279.30","1.83K","+0.13%"
"07/17/2007","279.45","283.80","283.80","279.30","754","-0.04%"
"07/16/2007","279.55","319.55","319.55","278.35","2.72K","+0.09%"
"07/13/2007","279.30","284.00","295.85","279.30","7.70K","-0.21%"
"07/12/2007","279.90","279.30","283.05","279.25","9.52K","+0.14%"
"07/11/2007","279.50","279.35","283.55","279.30","277","+0.02%"
"07/10/2007","279.45","279.30","281.65","279.30","1.50K","-0.32%"
"07/09/2007","280.35","284.00","288.70","267.45","3.11K","+0.38%"
"07/06/2007","279.30","279.30","281.65","279.30","1.10K","-1.15%"
"07/05/2007","282.55","279.30","282.60","279.30","1.11K","+1.16%"
"07/04/2007","279.30","284.00","284.00","279.30","3.64K","-1.03%"
"07/03/2007","282.20","279.30","284.00","279.30","1.51K","+1.04%"
"07/02/2007","279.30","277.85","281.20","277.85","896","+0.98%"
"06/29/2007","276.60","275.60","278.35","270.30","539","-0.97%"
"06/28/2007","279.30","279.60","284.00","279.30","4.02K","-0.64%"
"06/27/2007","281.10","279.30","281.65","279.30","5.78K","+0.23%"
"06/26/2007","280.45","279.30","281.65","279.30","1.02K","+0.41%"
"06/25/2007","279.30","279.35","281.20","278.35","2.65K","-0.18%"
"06/22/2007","279.80","279.75","282.15","279.30","454","+0.09%"
"06/21/2007","279.55","279.30","282.15","279.30","2.52K","+0.09%"
"06/20/2007","279.30","282.60","282.60","276.05","4.72K","-0.37%"
"06/19/2007","280.35","284.00","286.40","279.25","14.47K","-1.32%"
"06/18/2007","284.10","281.65","295.60","281.65","5.87K","-0.04%"
"06/15/2007","284.20","282.15","286.40","281.65","1.32K","+0.91%"
"06/14/2007","281.65","279.30","284.95","279.30","3.91K","-0.18%"
"06/13/2007","282.15","279.30","288.75","279.30","3.65K","-0.65%"
"06/12/2007","284.00","284.00","284.00","284.00","306","+0.00%"
"06/11/2007","284.00","284.50","285.90","284.00","3.71K","+0.00%"
"06/08/2007","284.00","284.95","285.90","284.00","1.75K","+0.00%"
"06/07/2007","284.00","285.90","287.35","284.00","545","-0.66%"
"06/06/2007","285.90","284.15","286.40","284.15","1.24K","-0.09%"
"06/05/2007","286.15","284.00","290.90","284.00","1.91K","+0.25%"
"06/04/2007","285.45","284.50","287.35","284.00","1.12K","-0.78%"
"06/01/2007","287.70","284.05","287.80","284.05","839","+0.66%"
"05/31/2007","285.80","284.00","288.25","279.30","1.18K","-0.21%"
"05/30/2007","286.40","284.95","288.75","284.95","604","-1.61%"
"05/29/2007","291.10","288.30","291.10","284.00","70.78K","+1.71%"
"05/28/2007","286.20","281.25","286.40","281.25","1.31K","+0.74%"
"05/25/2007","284.10","279.90","286.85","279.55","1.48K","-0.09%"
"05/24/2007","284.35","284.05","288.75","284.00","1.15K","-2.34%"
"05/23/2007","291.15","284.25","293.95","270.40","6.87K","+1.73%"
"05/22/2007","286.20","291.10","291.10","284.00","1.46K","-0.88%"
"05/21/2007","288.75","288.75","293.00","284.95","356.97K","-0.10%"
"05/18/2007","289.05","286.40","290.80","286.40","1.11K","+0.85%"
"05/17/2007","286.60","284.95","291.10","284.15","881","-0.98%"
"05/16/2007","289.45","285.45","291.10","285.05","1.50K","+0.16%"
"05/15/2007","289.00","295.85","295.85","284.50","2.21K","+2.43%"
"05/14/2007","282.15","284.00","291.10","277.00","1.51K","-2.32%"
"05/11/2007","288.85","284.00","293.45","284.00","2.79K","+2.87%"
"05/10/2007","280.80","285.45","290.20","279.30","1.78K","-1.89%"
"05/09/2007","286.20","285.90","288.75","284.00","2.81K","-0.07%"
"05/08/2007","286.40","296.80","296.80","285.20","1.50K","-2.70%"
"05/07/2007","294.35","303.90","305.35","282.20","19.23K","-2.85%"
"05/04/2007","303.00","313.35","314.80","302.95","2.80K","-5.28%"
"05/03/2007","319.90","319.55","326.65","312.90","3.56K","-0.84%"
"04/30/2007","322.60","317.15","330.40","314.80","4.32K","+1.43%"
"04/27/2007","318.05","317.15","321.40","315.25","2.12K","+0.17%"
"04/26/2007","317.50","318.10","319.50","317.15","2.25K","-0.50%"
"04/25/2007","319.10","319.55","321.90","317.15","2.67K","-0.20%"
"04/24/2007","319.75","317.15","321.90","314.80","3.95K","+0.46%"
"04/23/2007","318.30","325.20","326.15","316.70","4.25K","+1.87%"
"04/20/2007","312.45","298.35","316.20","298.20","18.87K","+4.69%"
"04/19/2007","298.45","298.25","302.95","298.20","1.65K","+0.07%"
"04/18/2007","298.25","302.50","302.50","298.25","758","+0.02%"
"04/17/2007","298.20","293.50","300.60","293.50","1.19K","-0.40%"
"04/16/2007","299.40","294.65","300.60","294.45","1.06K","+1.82%"
"04/13/2007","294.05","294.45","299.55","293.50","5.08K","+0.05%"
"04/12/2007","293.90","299.65","301.05","293.55","1.85K","-2.26%"
"04/11/2007","300.70","293.50","307.60","293.50","34.06K","+2.33%"
"04/10/2007","293.85","294.90","295.35","293.50","532","-0.02%"
"04/09/2007","293.90","295.85","295.85","291.60","1.22K","+0.12%"
"04/05/2007","293.55","315.25","315.25","293.50","6.16K","+0.53%"
"04/04/2007","292.00","291.15","297.75","291.10","788","+0.27%"
"04/03/2007","291.20","289.70","295.75","288.75","961","+0.52%"
"04/02/2007","289.70","288.75","291.10","286.65","2.35K","-2.10%"
"03/30/2007","295.90","288.75","302.95","287.80","12.01K","+2.48%"
"03/29/2007","288.75","286.40","290.90","286.40","2.35K","-0.53%"
"03/28/2007","290.30","284.00","295.85","284.00","126.02K","+2.34%"
"03/26/2007","283.65","291.10","291.10","281.20","657","-0.67%"
"03/23/2007","285.55","284.50","288.30","284.50","2.02K","+0.02%"
"03/22/2007","285.50","284.05","288.25","284.00","1.38K","+0.40%"
"03/21/2007","284.35","284.25","288.50","284.05","469","-1.37%"
"03/20/2007","288.30","284.05","288.30","284.05","773","+1.35%"
"03/19/2007","284.45","291.60","298.20","284.00","4.25K","+0.74%"
"03/16/2007","282.35","279.40","284.00","278.35","211.57K","-0.67%"
"03/15/2007","284.25","286.85","286.85","275.50","342.11K","+3.53%"
"03/14/2007","274.55","272.20","281.20","268.40","369.41K","-2.56%"
"03/13/2007","281.75","277.85","285.35","276.90","1.98K","+2.12%"
"03/12/2007","275.90","282.35","284.50","275.10","1.71K","-2.82%"
"03/09/2007","283.90","297.75","298.20","279.75","608","-3.17%"
"03/08/2007","293.20","280.00","302.95","278.80","4.36K","+1.52%"
"03/07/2007","288.80","289.30","297.75","275.25","3.64K","-1.75%"
"03/06/2007","293.95","286.15","295.85","284.00","3.06K","+0.98%"
"03/05/2007","291.10","274.95","304.85","265.55","8.96K","-1.22%"
"03/02/2007","294.70","286.85","302.30","286.85","2.51K","+1.17%"
"03/01/2007","291.30","298.20","298.20","286.85","1.84K","-1.94%"
"02/28/2007","297.05","298.20","305.80","291.60","3.89K","-1.95%"
"02/27/2007","302.95","307.65","307.65","302.95","1.32K","-0.28%"
"02/26/2007","303.80","293.50","306.50","273.40","1.93K","+3.51%"
"02/23/2007","293.50","288.80","298.45","288.80","46.72K","-1.97%"
"02/22/2007","299.40","296.70","299.40","294.45","4.37K","-1.24%"
"02/21/2007","303.15","304.85","307.15","300.60","1.28K","+1.68%"
"02/20/2007","298.15","314.80","314.80","289.95","1.38K","-2.84%"
"02/19/2007","306.85","295.85","311.95","284.00","3.11K","+5.27%"
"02/15/2007","291.50","291.10","295.80","286.40","1.30K","+4.91%"
"02/14/2007","277.85","287.80","288.75","272.20","7.92K","-3.34%"
"02/13/2007","287.45","284.00","302.95","272.20","119.76K","-0.83%"
"02/12/2007","289.85","298.20","307.65","284.00","3.76K","-4.78%"
"02/09/2007","304.40","307.70","311.50","301.55","2.03K","+1.62%"
"02/08/2007","299.55","309.10","310.05","298.75","1.78K","-2.73%"
"02/07/2007","307.95","302.95","312.45","302.95","44.44K","-0.31%"
"02/06/2007","308.90","317.15","317.15","308.15","1.13K","-2.60%"
"02/05/2007","317.15","317.15","320.95","312.90","159.10K","+0.79%"
"02/02/2007","314.65","324.25","324.75","312.90","849","-0.13%"
"02/01/2007","315.05","324.20","324.25","314.80","17.69K","-1.88%"
"01/31/2007","321.10","323.40","327.05","320.05","480","-2.16%"
"01/29/2007","328.20","331.35","339.90","319.10","9.31K","-0.11%"
"01/25/2007","328.55","330.90","330.90","317.15","16.48K","-0.12%"
"01/24/2007","328.95","326.65","333.75","313.95","8.74K","+2.76%"
"01/23/2007","320.10","315.25","325.70","315.25","1.16K","-1.30%"
"01/22/2007","324.30","329.00","329.00","317.65","866","+0.90%"
"01/19/2007","321.40","321.40","324.25","319.55","226","-0.14%"
"01/18/2007","321.85","321.90","326.65","317.40","8.78K","-0.54%"
"01/17/2007","323.60","325.70","326.65","320.45","30.94K","-0.96%"
"01/16/2007","326.75","326.65","331.35","324.45","10.42K","-0.67%"
"01/15/2007","328.95","332.80","332.80","307.85","6.75K","+0.57%"
"01/12/2007","327.10","324.25","331.35","322.45","9.63K","+0.68%"
"01/11/2007","324.90","312.45","331.35","298.75","14.22K","+2.43%"
"01/10/2007","317.20","319.55","326.65","311.60","25.36K","-4.31%"
"01/09/2007","331.50","336.10","336.10","326.55","2.17K","+0.06%"
"01/08/2007","331.30","335.35","355.05","327.55","24.06K","-1.21%"
"01/05/2007","335.35","330.40","371.60","318.35","14.21K","+2.54%"
"01/04/2007","327.05","330.40","330.40","321.95","811","+0.31%"
"01/03/2007","326.05","320.25","336.10","320.25","746","-1.23%"
"01/02/2007","330.10","314.95","331.85","314.95","1.70K","+2.72%"
"12/29/2006","321.35","317.15","330.55","312.45","7.95K","-2.01%"
"12/28/2006","327.95","317.20","330.90","312.90","1.09K","+2.82%"
"12/27/2006","318.95","322.35","329.00","312.45","2.73K","-0.53%"
"12/26/2006","320.65","303.45","336.10","303.45","13.23K","+4.14%"
"12/22/2006","307.90","310.05","310.05","307.70","1.60K","-0.15%"
"12/21/2006","308.35","312.45","312.45","307.70","416","+0.16%"
"12/20/2006","307.85","308.65","323.80","307.70","2.43K","-0.26%"
"12/19/2006","308.65","308.75","310.05","305.35","8.04K","-0.64%"
"12/18/2006","310.65","312.45","321.90","306.20","71.39K","-1.60%"
"12/15/2006","315.70","317.15","324.25","311.95","1.34K","+0.70%"
"12/14/2006","313.50","307.70","318.95","307.70","1.79K","+1.67%"
"12/13/2006","308.35","309.10","312.45","303.45","119.48K","+1.38%"
"12/12/2006","304.15","335.15","336.00","294.05","34.50K","-8.11%"
"12/11/2006","331.00","341.80","345.10","324.30","26.81K","+0.59%"
"12/08/2006","329.05","337.30","342.70","321.90","147.53K","-2.20%"
"12/07/2006","336.45","340.85","340.85","336.10","1.11K","-2.70%"
"12/06/2006","345.80","333.75","350.30","333.75","27.74K","+1.38%"
"12/05/2006","341.10","338.45","343.20","336.15","49.97K","-0.28%"
"12/04/2006","342.05","340.85","347.95","336.10","56.43K","+0.69%"
"12/01/2006","339.70","324.25","367.35","324.25","74.58K","+4.89%"
"11/30/2006","323.85","317.15","324.25","317.15","90.79K","+1.36%"
"11/29/2006","319.50","319.55","321.65","317.15","17.70K","+1.19%"
"11/28/2006","315.75","324.25","324.25","314.80","3.33K","-1.96%"
"11/27/2006","322.05","331.50","355.65","317.15","5.55K","+1.42%"
"11/24/2006","317.55","312.45","320.45","312.45","6.21K","+1.63%"
"11/23/2006","312.45","310.05","314.80","310.05","2.58K","+0.00%"
"11/22/2006","312.45","306.75","314.30","306.75","56.74K","+0.10%"
"11/21/2006","312.15","312.45","312.45","306.75","80.03K","-0.24%"
"11/20/2006","312.90","305.35","314.80","305.35","3.99K","+0.19%"
"11/17/2006","312.30","317.15","326.65","309.60","38.87K","-1.90%"
"11/16/2006","318.35","307.70","322.40","307.70","12.38K","+5.26%"
"11/15/2006","302.45","322.35","325.20","298.70","24.52K","-6.03%"
"11/14/2006","321.85","318.10","327.10","302.15","2.88K","-0.80%"
"11/13/2006","324.45","329.95","335.35","320.30","2.88K","-1.08%"
"11/10/2006","328.00","338.35","342.20","326.65","9.94K","-2.54%"
"11/09/2006","336.55","342.70","366.40","323.10","17.50K","+4.55%"
"11/08/2006","321.90","307.70","326.65","307.70","238.48K","+3.31%"
"11/07/2006","311.60","307.70","317.15","307.70","9.46K","+1.27%"
"11/06/2006","307.70","302.50","309.10","302.50","7.45K","+0.44%"
"11/03/2006","306.35","307.70","310.05","301.55","6.36K","-0.89%"
"11/02/2006","309.10","300.60","310.05","300.60","17.08K","+1.49%"
"11/01/2006","304.55","274.20","306.95","274.20","8.82K","+3.45%"
"10/31/2006","294.40","295.85","295.85","275.50","6.41K","+0.60%"
"10/30/2006","292.65","300.10","307.20","284.00","20.58K","+4.00%"
"10/27/2006","281.40","279.30","284.00","279.30","7.63K","+0.41%"
"10/26/2006","280.25","274.60","288.75","274.60","3.97K","-1.67%"
"10/23/2006","285.00","274.55","286.40","267.95","6.91K","+2.26%"
"10/20/2006","278.70","279.00","282.10","278.10","796","+0.80%"
"10/19/2006","276.50","285.90","285.90","269.80","22.65K","-2.66%"
"10/18/2006","284.05","281.65","286.40","281.65","2.23K","-0.42%"
"10/17/2006","285.25","284.00","286.40","284.00","6.50K","+0.42%"
"10/16/2006","284.05","284.00","288.45","284.00","3.81K","+0.02%"
"10/13/2006","284.00","286.40","286.55","279.35","13.56K","-0.11%"
"10/12/2006","284.30","284.05","286.40","284.00","4.18K","+0.11%"
"10/11/2006","284.00","287.80","287.80","282.40","5.22K","-0.79%"
"10/10/2006","286.25","284.00","290.65","282.70","90.60K","+1.81%"
"10/09/2006","281.15","271.70","287.80","271.70","4.01K","-2.00%"
"10/06/2006","286.90","282.15","291.10","282.15","36.85K","+2.10%"
"10/05/2006","281.00","272.20","291.10","268.15","12.53K","+4.11%"
"10/04/2006","269.90","278.80","278.80","262.70","4.30K","-0.41%"
"10/03/2006","271.00","278.35","278.35","268.40","1.72K","-1.22%"
"09/29/2006","274.35","271.25","276.90","264.15","15.73K","+4.14%"
"09/28/2006","263.45","269.80","269.80","261.30","3.12K","+0.50%"
"09/27/2006","262.15","273.60","273.60","258.95","6.09K","+0.48%"
"09/26/2006","260.90","275.50","278.80","255.75","15.43K","-3.97%"
"09/25/2006","271.70","274.55","281.20","269.90","3.93K","-1.56%"
"09/22/2006","276.00","280.65","286.30","270.75","8.53K","+0.02%"
"09/21/2006","275.95","267.95","299.15","267.55","65.36K","+3.49%"
"09/20/2006","266.65","262.70","269.80","258.00","4.82K","-0.50%"
"09/19/2006","268.00","273.90","276.25","267.45","7.30K","-2.28%"
"09/18/2006","274.25","271.90","277.40","267.45","16.33K","+2.43%"
"09/15/2006","267.75","266.05","279.30","265.10","131.91K","-0.09%"
"09/14/2006","268.00","250.90","274.55","248.50","21.09K","+7.24%"
"09/13/2006","249.90","250.40","253.25","247.60","9.35K","+1.83%"
"09/12/2006","245.40","250.90","250.90","241.40","6.55K","+1.43%"
"09/11/2006","241.95","255.15","264.15","239.55","18.19K","-2.99%"
"09/08/2006","249.40","243.30","253.25","238.10","38.14K","+4.57%"
"09/07/2006","238.50","236.70","241.40","236.70","141.68K","+1.99%"
"09/06/2006","233.85","229.60","253.75","229.60","1.73M","+1.76%"
"09/05/2006","229.80","229.60","230.75","227.70","7.20K","+0.20%"
"09/04/2006","229.35","227.20","231.00","225.80","3.27K","+1.39%"
"09/01/2006","226.20","224.95","231.00","224.95","739","-0.85%"
"08/31/2006","228.15","227.25","233.35","226.75","3.18K","-0.59%"
"08/30/2006","229.50","234.30","234.30","227.20","3.98K","-1.73%"
"08/29/2006","233.55","226.25","236.15","226.25","5.12K","+1.85%"
"08/28/2006","229.30","229.10","229.75","222.65","5.76K","+0.61%"
"08/25/2006","227.90","217.85","236.70","217.85","5.26K","-0.87%"
"08/24/2006","229.90","217.75","233.15","215.40","13.61K","+4.41%"
"08/23/2006","220.20","222.50","227.10","215.40","19.27K","-1.12%"
"08/22/2006","222.70","214.20","227.20","214.20","20.18K","-0.20%"
"08/21/2006","223.15","214.20","229.10","214.20","19.70K","-1.20%"
"08/18/2006","225.85","227.20","227.20","222.65","1.12K","+0.58%"
"08/17/2006","224.55","231.95","231.95","221.55","2.03K","-2.52%"
"08/16/2006","230.35","229.60","232.45","224.90","14.60K","+2.67%"
"08/14/2006","224.35","223.90","225.80","222.50","3.11K","+1.04%"
"08/11/2006","222.05","222.00","223.90","220.10","3.36K","+1.46%"
"08/10/2006","218.85","212.05","231.00","211.65","1.23K","-0.61%"
"08/09/2006","220.20","216.35","221.55","216.35","1.05K","+1.76%"
"08/08/2006","216.40","217.30","218.70","213.00","1.17K","+0.51%"
"08/07/2006","215.30","213.50","217.75","205.90","49.53K","+0.73%"
"08/04/2006","213.75","216.35","221.55","213.00","2.29K","-0.19%"
"08/03/2006","214.15","219.65","224.85","211.70","4.65K","-0.90%"
"08/02/2006","216.10","216.35","220.10","215.40","1.30K","-1.57%"
"08/01/2006","219.55","226.25","226.25","212.05","2.42K","+1.34%"
"07/31/2006","216.65","231.50","231.50","213.00","4.32K","-1.32%"
"07/28/2006","219.55","222.50","223.90","216.55","1.13K","-0.99%"
"07/27/2006","221.75","226.65","226.65","219.40","480","+0.80%"
"07/26/2006","220.00","226.95","226.95","213.95","171","-1.12%"
"07/25/2006","222.50","219.15","226.65","218.20","515","+3.66%"
"07/24/2006","214.65","216.80","216.80","209.70","97.72K","-2.12%"
"07/21/2006","219.30","233.35","233.35","192.60","5.34K","-7.35%"
"07/20/2006","236.70","236.70","237.15","236.70","1.09K","-0.23%"
"07/19/2006","237.25","238.10","239.05","234.30","19.98K","+0.13%"
"07/18/2006","236.95","231.95","260.35","231.95","87.84K","+0.45%"
"07/17/2006","235.90","231.95","239.05","231.95","9.68K","-0.11%"
"07/14/2006","236.15","231.95","236.70","230.60","2.60K","-0.15%"
"07/13/2006","236.50","232.75","238.10","232.75","1.77K","+2.07%"
"07/12/2006","231.70","231.95","232.45","227.20","1.29K","-0.73%"
"07/11/2006","233.40","234.30","238.95","232.45","339.99K","-0.43%"
"07/10/2006","234.40","236.40","236.70","223.50","36.37K","-0.40%"
"07/07/2006","235.35","234.80","239.00","234.80","5.44K","-0.55%"
"07/06/2006","236.65","236.70","241.40","228.65","18.66K","-0.23%"
"07/05/2006","237.20","230.30","237.65","230.30","2.71K","+2.24%"
"07/04/2006","232.00","236.70","236.70","230.55","1.05K","-0.60%"
"07/03/2006","233.40","235.75","239.55","231.95","22.60K","-0.41%"
"06/30/2006","234.35","239.05","239.05","232.70","19.80K","-1.10%"
"06/29/2006","236.95","231.95","241.90","231.95","39.92K","+0.15%"
"06/28/2006","236.60","236.75","240.45","227.20","26.86K","-1.00%"
"06/27/2006","239.00","237.40","249.95","232.45","4.95K","+0.53%"
"06/26/2006","237.75","229.60","239.55","229.60","6.69K","+1.56%"
"06/23/2006","234.10","226.75","239.55","226.75","10.67K","+0.67%"
"06/22/2006","232.55","222.50","238.60","222.50","10.77K","+5.35%"
"06/21/2006","220.75","210.65","222.95","210.65","3.60K","+5.45%"
"06/20/2006","209.35","201.20","210.65","199.30","3.09K","+0.36%"
"06/19/2006","208.60","194.65","212.55","194.55","2.46K","+0.60%"
"06/16/2006","207.35","201.20","210.60","196.90","23.97K","+7.19%"
"06/15/2006","193.45","201.20","201.25","189.35","135.02K","+0.29%"
"06/14/2006","192.90","189.35","202.60","178.00","28.81K","-1.10%"
"06/13/2006","195.05","192.20","198.80","182.70","16.01K","-4.01%"
"06/12/2006","203.20","208.30","213.00","197.15","8.11K","-3.24%"
"06/09/2006","210.00","189.80","212.55","189.35","21.09K","+8.50%"
"06/08/2006","193.55","215.85","222.50","190.30","94.27K","-17.00%"
"06/07/2006","233.20","249.05","255.60","224.85","24.04K","-8.96%"
"06/06/2006","256.15","262.70","265.05","250.90","12.85K","-3.61%"
"06/05/2006","265.75","287.80","288.65","262.75","10.00K","-5.58%"
"06/02/2006","281.45","276.90","284.00","258.00","13.93K","-0.60%"
"06/01/2006","283.15","283.10","287.35","275.65","5.35K","-2.02%"
"05/31/2006","289.00","270.75","293.50","270.35","6.29K","+1.03%"
"05/30/2006","286.05","281.65","297.30","281.65","7.85K","-1.73%"
"05/29/2006","291.10","279.75","300.10","279.30","2.78K","-0.97%"
"05/26/2006","293.95","279.30","300.60","279.30","6.59K","+0.94%"
"05/25/2006","291.20","274.55","302.95","267.45","29.86K","-0.12%"
"05/24/2006","291.55","298.20","298.20","272.20","11.98K","-0.14%"
"05/23/2006","291.95","260.95","304.70","260.95","50.99K","+3.09%"
"05/22/2006","283.20","295.85","304.35","247.10","14.75K","-8.17%"
"05/19/2006","308.40","307.70","312.45","286.40","50.42K","+1.30%"
"05/18/2006","304.45","331.35","331.35","295.90","29.30K","-5.10%"
"05/17/2006","320.80","309.60","327.10","282.50","36.80K","+5.11%"
"05/16/2006","305.20","305.30","310.30","284.25","11.84K","+1.28%"
"05/15/2006","301.35","293.95","329.00","293.95","47.67K","-2.81%"
"05/12/2006","310.05","298.20","319.50","289.35","37.60K","+3.92%"
"05/11/2006","298.35","297.65","307.65","291.10","213.87K","+0.08%"
"05/10/2006","298.10","273.60","324.25","273.60","65.17K","+10.20%"
"05/09/2006","270.50","275.10","276.45","269.80","7.38K","-2.06%"
"05/08/2006","276.20","279.05","279.30","269.80","8.86K","+0.58%"
"05/05/2006","274.60","272.65","292.90","269.80","99.27K","+1.31%"
"05/04/2006","271.05","269.80","274.55","268.90","9.05K","+1.27%"
"05/03/2006","267.65","275.50","275.50","267.45","46.94K","-0.67%"
"05/02/2006","269.45","292.55","292.55","267.45","102.67K","+1.64%"
"04/28/2006","265.10","269.80","269.80","260.35","35.48K","-1.74%"
"04/27/2006","269.80","274.55","274.55","268.00","18.60K","-1.46%"
"04/26/2006","273.80","274.10","275.05","271.70","6.45K","-0.62%"
"04/25/2006","275.50","273.60","276.90","269.80","2.41K","+0.40%"
"04/24/2006","274.40","272.20","275.50","270.30","31.98K","+0.55%"
"04/21/2006","272.90","275.05","275.50","272.20","23.23K","-1.73%"
"04/20/2006","277.70","276.90","280.70","275.75","2.69K","-1.42%"
"04/19/2006","281.70","284.20","284.50","277.95","2.95K","+1.77%"
"04/18/2006","276.80","276.90","283.65","273.15","3.59K","+1.28%"
"04/17/2006","273.30","274.55","279.30","272.20","12.21K","-1.55%"
"04/13/2006","277.60","284.00","284.00","272.20","7.47K","-2.10%"
"04/12/2006","283.55","292.90","298.20","279.75","33.61K","-1.13%"
"04/10/2006","286.80","267.95","293.50","265.15","24.52K","+5.13%"
"04/07/2006","272.80","254.90","276.90","254.90","50.08K","+2.58%"
"04/05/2006","265.95","258.05","268.90","258.00","45.75K","+1.55%"
"04/04/2006","261.90","260.20","273.15","258.00","67.40K","+2.20%"
"04/03/2006","256.25","265.10","265.10","253.40","18.52K","-1.06%"
"03/31/2006","259.00","260.35","262.70","256.85","37.69K","-0.56%"
"03/30/2006","260.45","258.45","269.35","258.45","19.20K","+0.00%"
"03/29/2006","260.45","273.15","273.15","258.45","6.26K","-0.74%"
"03/28/2006","262.40","268.40","269.80","257.70","11.32K","-2.76%"
"03/27/2006","269.85","276.45","277.40","267.95","22.83K","-1.71%"
"03/24/2006","274.55","281.65","281.65","265.10","26.33K","-1.38%"
"03/23/2006","278.40","268.40","284.95","263.00","33.04K","+3.84%"
"03/22/2006","268.10","258.00","270.75","257.30","7.34K","+2.04%"
"03/21/2006","262.75","264.15","265.10","260.35","9.21K","+0.36%"
"03/20/2006","261.80","262.70","269.30","260.35","4.41K","-2.33%"
"03/17/2006","268.05","261.25","272.20","261.25","11.25K","+0.24%"
"03/16/2006","267.40","264.60","269.80","256.10","11.30K","+2.69%"
"03/14/2006","260.40","263.20","263.20","258.00","23.04K","-0.82%"
"03/13/2006","262.55","260.35","264.55","251.60","31.11K","+0.73%"
"03/10/2006","260.65","257.55","261.30","257.55","34.02K","+0.13%"
"03/09/2006","260.30","256.60","262.65","256.55","34.37K","-0.06%"
"03/08/2006","260.45","251.35","263.65","250.90","94.73K","+1.52%"
"03/07/2006","256.55","249.00","258.00","249.00","11.17K","+1.08%"
"03/06/2006","253.80","255.60","256.10","250.90","14.03K","+0.57%"
"03/03/2006","252.35","251.00","255.60","249.95","5.13K","+0.32%"
"03/02/2006","251.55","248.55","257.50","248.50","13.20K","+0.14%"
"03/01/2006","251.20","255.15","259.90","246.65","19.31K","-0.10%"
"02/28/2006","251.45","250.90","252.80","248.50","12.15K","+1.15%"
"02/27/2006","248.60","251.85","252.30","247.10","7.25K","+0.83%"
"02/24/2006","246.55","251.85","251.85","245.20","12.14K","-0.58%"
"02/23/2006","248.00","250.40","250.40","246.15","4.79K","+0.00%"
"02/22/2006","248.00","246.15","250.90","246.15","10.74K","-0.02%"
"02/21/2006","248.05","253.20","253.20","246.15","4.84K","-0.30%"
"02/20/2006","248.80","246.15","250.90","244.30","18.17K","+0.93%"
"02/17/2006","246.50","257.95","258.45","246.10","16.10K","-3.56%"
"02/16/2006","255.60","255.15","264.90","249.45","17.97K","+0.57%"
"02/15/2006","254.15","241.90","260.35","241.90","79.67K","+2.75%"
"02/14/2006","247.35","259.40","265.10","244.25","240.77K","-7.01%"
"02/13/2006","266.00","255.60","274.05","255.60","25.73K","-1.44%"
"02/10/2006","269.90","265.10","272.20","264.15","75.63K","+2.35%"
"02/08/2006","263.70","246.15","274.55","246.15","49.47K","+5.50%"
"02/07/2006","249.95","252.80","255.15","245.75","15.39K","-0.91%"
"02/06/2006","252.25","251.85","257.75","250.90","9.31K","+0.42%"
"02/03/2006","251.20","250.90","254.20","248.60","13.28K","-0.38%"
"02/02/2006","252.15","246.65","259.35","246.65","45.38K","+1.39%"
"02/01/2006","248.70","248.40","251.30","241.40","46.13K","+0.81%"
"01/31/2006","246.70","240.95","253.25","236.70","93.90K","+3.11%"
"01/30/2006","239.25","239.05","240.70","236.70","23.98K","-0.91%"
"01/27/2006","241.45","220.25","243.65","219.20","106.19K","+1.94%"
"01/25/2006","236.85","239.55","248.45","236.70","164.14K","+0.08%"
"01/24/2006","236.65","247.55","248.50","234.30","192.03K","+1.44%"
"01/23/2006","233.30","220.65","248.00","218.75","256.61K","+5.73%"
"01/20/2006","220.65","224.15","224.85","220.10","27.06K","-0.88%"
"01/19/2006","222.60","220.65","227.20","220.60","35.34K","+1.07%"
"01/18/2006","220.25","222.00","227.20","217.75","208.32K","+0.18%"
"01/17/2006","219.85","216.80","221.55","215.40","57.65K","+2.07%"
"01/16/2006","215.40","214.90","217.05","213.00","69.06K","+0.82%"
"01/13/2006","213.65","212.25","217.20","211.10","148.67K","+2.32%"
"01/12/2006","208.80","208.30","217.75","205.90","165.25K","-0.14%"
"01/10/2006","209.10","210.65","210.65","208.30","6.35K","-0.50%"
"01/09/2006","210.15","215.25","215.40","209.25","10.96K","-1.87%"
"01/06/2006","214.15","209.70","217.75","207.55","33.55K","+2.15%"
"01/05/2006","209.65","208.75","211.60","206.40","20.38K","+1.92%"
"01/04/2006","205.70","208.35","211.35","205.45","3.59K","-0.51%"
"01/03/2006","206.75","201.90","208.30","201.90","14.55K","-0.07%"
"01/02/2006","206.90","198.80","209.20","198.80","5.09K","+0.19%"
"12/30/2005","206.50","205.90","209.25","204.95","7.34K","+0.05%"
"12/29/2005","206.40","207.80","210.20","205.45","10.71K","-0.63%"
"12/28/2005","207.70","205.45","208.30","204.25","26.52K","+2.11%"
"12/27/2005","203.40","203.55","205.90","201.65","36.65K","-0.34%"
"12/26/2005","204.10","212.05","212.05","197.30","31.07K","-2.02%"
"12/23/2005","208.30","217.70","218.20","205.90","27.89K","-2.82%"
"12/22/2005","214.35","220.10","220.10","212.70","43.43K","-1.97%"
"12/21/2005","218.65","218.75","222.45","214.45","21.36K","+0.16%"
"12/20/2005","218.30","219.65","220.10","215.35","47.16K","+0.00%"
"12/19/2005","218.30","213.00","224.70","211.60","83.27K","+2.58%"
"12/16/2005","212.80","209.45","213.50","207.10","34.72K","+1.65%"
"12/15/2005","209.35","204.60","210.20","204.60","25.78K","+0.48%"
"12/14/2005","208.35","210.55","210.65","203.60","25.00K","-1.04%"
"12/13/2005","210.55","210.20","211.60","207.85","20.40K","+0.67%"
"12/12/2005","209.15","211.10","214.90","207.80","22.03K","+0.60%"
"12/09/2005","207.90","205.85","215.40","204.50","32.15K","+1.79%"
"12/08/2005","204.25","204.50","206.85","202.65","205.21K","-0.90%"
"12/07/2005","206.10","206.85","208.05","204.50","31.81K","-0.79%"
"12/06/2005","207.75","208.95","210.40","206.40","19.78K","-0.31%"
"12/05/2005","208.40","210.55","210.55","207.35","15.73K","+0.17%"
"12/02/2005","208.05","210.65","212.95","205.95","37.40K","-0.29%"
"12/01/2005","208.65","204.45","210.65","202.25","63.94K","+3.09%"
"11/30/2005","202.40","214.15","217.15","198.95","58.78K","-4.10%"
"11/29/2005","211.05","221.90","221.90","209.45","129.54K","-4.48%"
"11/28/2005","220.95","212.80","224.85","208.45","312.56K","+7.39%"
"11/25/2005","205.75","202.15","210.65","198.80","297.03K","+3.42%"
"11/24/2005","198.95","189.35","202.60","189.35","155.59K","+5.52%"
"11/23/2005","188.55","190.15","190.15","187.20","6.93K","+0.24%"
"11/22/2005","188.10","191.60","191.60","184.60","16.91K","+0.03%"
"11/21/2005","188.05","192.25","194.05","187.45","13.10K","-3.34%"
"11/18/2005","194.55","193.15","196.00","192.65","33.28K","-0.18%"
"11/17/2005","194.90","193.60","195.75","189.90","26.35K","+0.57%"
"11/16/2005","193.80","191.25","196.45","189.90","80.43K","+2.27%"
"11/14/2005","189.50","197.85","197.85","189.35","43.61K","-3.41%"
"11/11/2005","196.20","196.45","198.80","192.20","163.81K","+0.46%"
"11/10/2005","195.30","183.65","196.40","180.85","323.28K","+7.16%"
"11/09/2005","182.25","178.00","184.15","177.50","26.50K","+2.56%"
"11/08/2005","177.70","177.05","178.45","176.50","10.98K","+0.08%"
"11/07/2005","177.55","175.75","178.45","175.15","10.96K","+0.23%"
"11/02/2005","177.15","175.60","178.20","173.55","30.50K","+1.11%"
"11/01/2005","175.20","179.40","179.85","173.25","3.30K","-0.85%"
"10/31/2005","176.70","172.80","179.40","172.75","11.21K","+1.96%"
"10/28/2005","173.30","172.30","173.75","169.95","42.00K","-0.29%"
"10/27/2005","173.80","173.75","177.25","172.80","18.34K","-0.86%"
"10/26/2005","175.30","175.05","176.60","173.75","12.05K","+0.83%"
"10/25/2005","173.85","176.10","179.15","171.15","16.33K","-0.23%"
"10/24/2005","174.25","179.40","183.65","172.80","32.47K","+1.16%"
"10/21/2005","172.25","173.25","176.30","167.35","29.88K","-1.54%"
"10/20/2005","174.95","183.65","183.65","172.85","44.97K","-2.04%"
"10/19/2005","178.60","182.70","183.20","175.60","46.47K","-2.62%"
"10/18/2005","183.40","177.50","187.00","177.50","696.43K","+0.55%"
"10/17/2005","182.40","181.80","183.20","174.25","36.55K","+0.19%"
"10/14/2005","182.05","182.25","184.60","181.80","44.76K","+0.39%"
"10/13/2005","181.35","180.90","187.45","177.65","93.71K","-0.44%"
"10/11/2005","182.15","182.95","184.15","180.85","58.64K","-0.14%"
"10/10/2005","182.40","182.25","184.60","181.35","56.81K","+0.52%"
"10/07/2005","181.45","183.65","183.65","179.40","46.15K","-0.68%"
"10/06/2005","182.70","183.20","185.10","178.95","65.13K","+0.22%"
"10/05/2005","182.30","184.15","185.55","181.05","67.24K","-0.44%"
"10/04/2005","183.10","179.40","190.75","179.40","227.83K","+2.23%"
"10/03/2005","179.10","179.90","179.90","175.30","40.60K","+0.67%"
"09/30/2005","177.90","171.95","179.90","171.95","99.15K","+3.58%"
"09/29/2005","171.75","176.55","177.05","170.40","80.17K","-2.25%"
"09/28/2005","175.70","175.60","179.40","173.35","95.17K","+0.00%"
"09/27/2005","175.70","173.35","177.05","172.35","99.54K","+1.27%"
"09/26/2005","173.50","172.80","174.20","171.25","19.83K","+0.70%"
"09/23/2005","172.30","170.50","172.80","168.10","36.30K","+1.41%"
"09/22/2005","169.90","173.30","173.95","168.05","75.74K","-3.14%"
"09/21/2005","175.40","178.00","179.75","170.40","91.84K","-1.38%"
"09/20/2005","177.85","181.80","181.80","173.75","91.83K","+0.76%"
"09/19/2005","176.50","174.65","182.15","174.20","67.61K","+1.61%"
"09/16/2005","173.70","175.15","175.15","172.80","22.80K","+0.06%"
"09/15/2005","173.60","172.30","174.60","171.35","63.61K","+0.73%"
"09/14/2005","172.35","173.25","175.15","171.35","54.36K","+0.29%"
"09/13/2005","171.85","172.35","174.20","170.40","70.53K","-0.29%"
"09/12/2005","172.35","173.75","174.65","170.90","22.83K","-1.15%"
"09/09/2005","174.35","174.65","175.50","172.05","29.63K","+0.03%"
"09/08/2005","174.30","172.30","175.40","171.85","37.02K","+0.37%"
"09/06/2005","173.65","173.75","175.85","171.35","45.91K","+0.99%"
"09/05/2005","171.95","172.80","177.50","169.45","60.71K","+0.91%"
"09/02/2005","170.40","170.90","172.80","169.95","50.02K","-1.02%"
"09/01/2005","172.15","171.35","173.25","170.40","45.19K","+0.94%"
"08/31/2005","170.55","169.50","178.40","169.50","75.36K","-0.20%"
"08/30/2005","170.90","174.60","174.60","169.70","38.33K","+0.23%"
"08/29/2005","170.50","166.20","171.80","166.20","22.75K","-0.53%"
"08/26/2005","171.40","170.35","174.20","169.90","244.44K","+1.90%"
"08/25/2005","168.20","170.40","174.60","167.60","34.32K","-1.41%"
"08/24/2005","170.60","170.40","171.85","166.25","87.47K","-0.99%"
"08/23/2005","172.30","177.00","177.50","169.95","122.51K","-1.80%"
"08/22/2005","175.45","177.05","178.80","172.85","35.75K","-0.34%"
"08/19/2005","176.05","176.50","180.85","174.20","51.35K","+0.06%"
"08/18/2005","175.95","179.40","182.95","174.20","189.72K","-1.21%"
"08/17/2005","178.10","180.00","182.25","176.10","174.38K","-1.85%"
"08/16/2005","181.45","180.85","187.00","175.15","380.66K","-0.90%"
"08/12/2005","183.10","169.45","188.15","168.80","700.30K","+6.95%"
"08/11/2005","171.20","168.10","171.85","168.10","66.56K","+0.77%"
"08/10/2005","169.90","170.30","170.45","168.05","108.39K","+0.80%"
"08/09/2005","168.55","169.95","170.40","165.85","69.26K","-0.62%"
"08/08/2005","169.60","169.45","171.30","168.50","54.81K","+0.09%"
"08/05/2005","169.45","167.15","170.40","166.65","58.91K","+0.56%"
"08/04/2005","168.50","170.40","170.90","167.10","77.00K","-1.55%"
"08/03/2005","171.15","171.85","175.15","170.40","55.76K","-0.87%"
"08/02/2005","172.65","167.95","175.15","166.65","86.28K","+3.60%"
"08/01/2005","166.65","168.05","168.40","163.35","37.56K","-1.16%"
"07/29/2005","168.60","166.65","169.95","166.65","49.30K","+0.03%"
"07/27/2005","168.55","173.25","173.45","168.05","23.67K","-2.46%"
"07/26/2005","172.80","172.30","174.65","168.10","209.84K","+1.38%"
"07/25/2005","170.45","172.80","172.80","167.55","130.82K","+1.82%"
"07/22/2005","167.40","166.65","168.45","166.20","52.14K","+0.36%"
"07/21/2005","166.80","167.05","167.75","166.65","30.83K","+0.06%"
"07/20/2005","166.70","168.50","169.90","166.65","27.03K","-0.15%"
"07/19/2005","166.95","162.85","168.05","162.85","92.15K","+2.71%"
"07/18/2005","162.55","164.75","167.55","159.30","105.89K","-1.31%"
"07/15/2005","164.70","168.05","168.05","164.30","46.61K","-1.50%"
"07/14/2005","167.20","168.05","169.95","166.65","43.04K","-1.27%"
"07/13/2005","169.35","170.40","171.35","168.35","47.22K","-0.73%"
"07/12/2005","170.60","169.70","171.35","168.60","111.02K","+1.19%"
"07/11/2005","168.60","173.15","175.00","167.80","166.59K","-0.94%"
"07/08/2005","170.20","167.45","170.40","167.45","111.72K","+2.53%"
"07/07/2005","166.00","167.10","169.10","165.20","111.19K","-0.42%"
"07/06/2005","166.70","166.65","167.95","166.30","128.87K","+0.21%"
"07/05/2005","166.35","169.95","170.20","165.90","139.29K","-1.63%"
"07/04/2005","169.10","168.05","170.40","164.75","99.13K","+0.39%"
"07/01/2005","168.45","172.30","173.95","167.55","113.69K","-1.32%"
"06/30/2005","170.70","170.75","174.65","169.45","224.53K","+0.32%"
"06/29/2005","170.15","169.45","173.95","169.00","215.67K","+1.28%"
"06/28/2005","168.00","168.05","170.45","165.25","432.97K","+1.11%"
"06/27/2005","166.15","167.55","171.35","164.25","138.83K","-2.55%"
"06/24/2005","170.50","171.85","173.75","168.60","71.93K","-1.33%"
"06/23/2005","172.80","174.45","174.65","171.35","90.05K","-0.35%"
"06/22/2005","173.40","173.45","176.05","172.05","127.64K","-0.03%"
"06/21/2005","173.45","171.85","176.10","169.00","242.77K","+0.67%"
"06/20/2005","172.30","175.15","175.15","170.40","221.85K","-1.46%"
"06/17/2005","174.85","176.60","177.50","172.55","165.93K","-1.82%"
"06/16/2005","178.10","177.05","179.65","177.05","241.17K","-0.11%"
"06/15/2005","178.30","181.80","182.65","177.65","267.23K","-1.44%"
"06/14/2005","180.90","184.45","184.50","179.70","199.88K","-1.50%"
"06/13/2005","183.65","186.60","186.60","182.60","241.05K","-0.19%"
"06/10/2005","184.00","187.20","192.40","182.30","1.02M","-1.76%"
"06/09/2005","187.30","183.40","190.20","180.85","606.58K","+2.35%"
"06/08/2005","183.00","182.25","184.10","181.45","528.87K","+0.33%"
"06/07/2005","182.40","181.30","183.40","181.30","435.39K","+0.27%"
"06/06/2005","181.90","180.35","183.50","180.35","520.92K","-0.41%"
"06/03/2005","182.65","183.45","184.55","180.45","938.24K","+0.08%"
"06/02/2005","182.50","186.35","186.35","180.05","1.62M","-0.95%"
"06/01/2005","184.25","182.70","187.30","181.80","2.74M","+0.85%"
"05/31/2005","182.70","183.00","185.55","181.80","3.92M","-0.08%"
"05/30/2005","182.85","176.10","184.90","176.10","6.88M","+4.43%"
"05/27/2005","175.10","170.40","178.00","168.60","6.26M","+3.67%"
"05/26/2005","168.90","169.45","171.35","166.75","2.00M","+0.27%"
"05/25/2005","168.45","168.05","175.40","166.65","7.77M","+1.29%"
"05/24/2005","166.30","177.50","178.90","164.10","6.74M","-5.46%"
"05/23/2005","175.90","168.60","199.70","168.60","16.22M","+0.00%"
