"Date","Price","Open","High","Low","Vol.","Change %"
"07/13/2026","502.65","498.55","504.20","494.60","295.79K","+0.04%"
"07/10/2026","502.45","507.95","511.00","500.65","395.62K","-0.43%"
"07/09/2026","504.60","498.00","509.85","497.70","211.50K","+1.39%"
"07/08/2026","497.70","508.50","515.15","495.65","564.11K","-3.07%"
"07/07/2026","513.45","523.00","525.85","512.25","292.19K","-1.45%"
"07/06/2026","521.00","530.00","533.95","519.00","268.37K","-1.55%"
"07/03/2026","529.20","535.80","541.20","525.00","461.93K","-0.93%"
"07/02/2026","534.15","532.50","539.60","531.35","319.47K","+0.67%"
"07/01/2026","530.60","543.95","552.00","528.10","308.71K","-2.36%"
"06/30/2026","543.40","548.40","551.90","540.00","252.37K","-0.56%"
"06/29/2026","546.45","543.00","559.70","538.90","322.90K","-0.07%"
"06/25/2026","546.85","560.20","566.00","542.20","293.93K","-2.00%"
"06/24/2026","558.00","560.00","564.40","555.50","271.11K","-0.31%"
"06/23/2026","559.75","579.90","581.45","558.05","460.26K","-3.74%"
"06/22/2026","581.50","567.80","616.00","567.80","2.47M","+2.44%"
"06/19/2026","567.65","559.80","580.75","559.35","812.91K","+0.90%"
"06/18/2026","562.60","562.90","576.60","559.05","657.21K","+0.60%"
"06/17/2026","559.25","538.80","562.90","537.45","1.63M","+4.33%"
"06/16/2026","536.05","514.95","541.70","513.00","1.57M","+5.12%"
"06/15/2026","509.95","509.40","523.00","508.85","323.03K","+1.21%"
"06/12/2026","503.85","499.00","505.00","494.60","183.43K","+2.53%"
"06/11/2026","491.40","487.00","497.00","484.00","246.34K","-0.45%"
"06/10/2026","493.60","502.00","509.40","491.10","405.86K","-1.05%"
"06/09/2026","498.85","487.10","512.00","485.65","199.01K","+2.63%"
"06/08/2026","486.05","494.00","494.00","485.00","276.71K","-2.74%"
"06/05/2026","499.75","504.50","510.00","498.10","175.38K","-0.63%"
"06/04/2026","502.90","501.00","508.30","500.10","151.15K","-0.01%"
"06/03/2026","502.95","506.00","506.20","497.25","217.81K","-0.76%"
"06/02/2026","506.80","495.00","508.60","492.85","186.24K","+1.50%"
"06/01/2026","499.30","505.00","509.30","498.00","257.80K","-0.99%"
"05/29/2026","504.30","519.00","521.40","502.00","375.01K","-2.30%"
"05/27/2026","516.15","520.00","539.60","515.00","670.84K","-0.21%"
"05/26/2026","517.25","515.05","523.00","513.90","264.82K","+0.43%"
"05/25/2026","515.05","513.00","525.00","510.10","510.22K","+1.67%"
"05/22/2026","506.60","522.90","526.90","504.90","506.31K","-2.99%"
"05/21/2026","522.20","522.00","526.80","508.70","826.34K","+0.34%"
"05/20/2026","520.45","539.00","540.80","519.10","1.01M","-4.67%"
"05/19/2026","545.95","532.90","552.00","526.00","6.49M","+5.17%"
"05/18/2026","519.10","512.00","523.80","505.80","843.76K","+0.92%"
"05/15/2026","514.35","524.00","531.00","512.65","899.69K","-1.08%"
"05/14/2026","519.95","499.00","521.70","499.00","2.31M","+6.12%"
"05/13/2026","489.95","472.00","496.00","471.15","425.98K","+4.21%"
"05/12/2026","470.15","484.50","484.50","467.90","368.24K","-3.06%"
"05/11/2026","485.00","497.85","497.85","482.35","291.22K","-2.25%"
"05/08/2026","496.15","502.00","506.70","492.90","364.54K","-1.00%"
"05/07/2026","501.15","502.00","504.00","495.00","321.46K","+0.56%"
"05/06/2026","498.35","485.55","506.00","485.55","984.16K","+3.14%"
"05/05/2026","483.20","480.00","491.40","477.50","417.65K","+1.47%"
"05/04/2026","476.20","472.00","479.00","469.70","127.48K","+1.47%"
"04/30/2026","469.30","474.70","476.25","466.00","161.71K","-1.18%"
"04/29/2026","474.90","475.60","482.70","473.95","299.22K","-0.07%"
"04/28/2026","475.25","474.00","477.00","471.85","163.53K","+0.08%"
"04/27/2026","474.85","471.45","478.90","470.50","135.39K","+1.37%"
"04/24/2026","468.45","486.00","486.00","465.90","278.01K","-2.80%"
"04/23/2026","481.95","487.10","491.00","481.50","170.58K","-1.34%"
"04/22/2026","488.50","484.55","490.00","483.10","232.13K","+1.08%"
"04/21/2026","483.30","482.20","490.10","479.10","242.83K","+0.43%"
"04/20/2026","481.25","492.00","492.90","478.05","403.02K","-1.73%"
"04/17/2026","489.70","465.00","496.80","464.00","1.01M","+5.76%"
"04/16/2026","463.05","457.00","466.40","451.00","352.82K","+2.82%"
"04/15/2026","450.35","445.25","454.40","444.10","348.45K","+2.42%"
"04/13/2026","439.70","426.00","442.65","419.80","401.38K","+1.66%"
"04/10/2026","432.50","428.50","436.90","427.50","210.34K","+0.93%"
"04/09/2026","428.50","423.00","438.15","421.85","510.79K","+2.19%"
"04/08/2026","419.30","421.00","422.20","413.35","368.42K","+3.20%"
"04/07/2026","406.30","405.00","409.75","400.00","167.60K","+0.31%"
"04/06/2026","405.05","400.25","406.50","392.20","257.63K","+1.59%"
"04/02/2026","398.70","384.00","400.75","375.60","305.87K","+1.90%"
"04/01/2026","391.25","372.00","392.95","371.95","310.18K","+6.77%"
"03/30/2026","366.45","385.00","385.50","365.00","614.52K","-4.94%"
"03/27/2026","385.50","398.70","399.05","383.00","564.02K","-3.31%"
"03/25/2026","398.70","393.00","403.00","391.55","319.81K","+1.94%"
"03/24/2026","391.10","390.70","396.00","384.35","368.36K","+2.00%"
"03/23/2026","383.45","406.65","406.65","380.00","450.95K","-5.80%"
"03/20/2026","407.05","411.40","418.00","405.00","281.92K","-0.72%"
"03/19/2026","410.00","418.00","419.00","409.00","147.39K","-2.52%"
"03/18/2026","420.60","414.00","425.20","411.70","259.54K","+1.99%"
"03/17/2026","412.40","419.00","419.00","409.75","373.23K","-1.27%"
"03/16/2026","417.70","426.15","426.55","412.20","222.71K","-1.98%"
"03/13/2026","426.15","430.00","437.70","422.35","215.48K","-1.58%"
"03/12/2026","433.00","422.00","443.45","415.65","354.19K","+1.85%"
"03/11/2026","425.15","435.00","441.50","422.90","262.43K","-2.01%"
"03/10/2026","433.85","416.60","436.90","408.25","820.77K","+5.99%"
"03/09/2026","409.35","419.60","419.60","405.45","420.15K","-5.09%"
"03/06/2026","431.30","430.00","435.85","428.30","142.60K","-0.42%"
"03/05/2026","433.10","427.05","434.80","425.30","241.95K","+0.97%"
"03/04/2026","428.95","435.00","436.80","423.25","292.33K","-2.75%"
"03/02/2026","441.10","436.95","450.60","436.95","205.54K","-3.03%"
"02/27/2026","454.90","458.20","458.30","452.55","104.20K","-0.51%"
"02/26/2026","457.25","458.00","461.00","456.00","96.96K","-0.08%"
"02/25/2026","457.60","459.75","462.00","456.05","122.00K","+0.01%"
"02/24/2026","457.55","460.15","461.20","454.75","97.22K","-1.08%"
"02/23/2026","462.55","463.55","467.00","460.05","98.10K","-0.36%"
"02/20/2026","464.20","460.20","467.95","457.00","100.61K","+0.65%"
"02/19/2026","461.20","468.65","469.20","459.05","85.43K","-1.41%"
"02/18/2026","467.80","471.15","471.15","464.30","70.71K","-0.07%"
"02/17/2026","468.15","460.10","469.90","458.00","107.44K","+1.76%"
"02/16/2026","460.05","464.00","464.95","456.55","112.96K","-1.48%"
"02/13/2026","466.95","467.50","472.85","463.10","127.90K","-0.63%"
"02/12/2026","469.90","476.00","477.30","468.35","104.73K","-1.63%"
"02/11/2026","477.70","486.00","487.05","474.00","303.51K","-2.35%"
"02/10/2026","489.20","482.90","491.25","482.15","272.47K","+1.81%"
"02/09/2026","480.50","467.95","483.00","466.50","245.99K","+3.53%"
"02/06/2026","464.10","465.50","466.80","462.00","90.66K","-0.36%"
"02/05/2026","465.80","472.00","473.05","464.05","106.05K","-0.68%"
"02/04/2026","469.00","468.35","471.80","463.00","135.08K","+0.14%"
"02/03/2026","468.35","479.00","481.20","465.10","179.65K","-0.07%"
"02/02/2026","468.70","460.00","474.00","454.75","162.70K","+1.95%"
"02/01/2026","459.75","469.80","473.70","457.00","136.75K","-1.51%"
"01/30/2026","466.80","464.80","472.45","460.50","301.43K","-0.36%"
"01/29/2026","468.50","471.00","472.80","465.05","124.19K","-0.54%"
"01/28/2026","471.05","455.60","473.00","455.60","151.79K","+3.41%"
"01/27/2026","455.50","466.00","466.00","450.25","228.03K","-1.87%"
"01/23/2026","464.20","451.60","467.80","451.40","316.13K","+2.79%"
"01/22/2026","451.60","457.70","457.70","448.80","136.12K","+1.59%"
"01/21/2026","444.55","455.00","456.45","442.45","293.27K","-3.03%"
"01/20/2026","458.45","468.20","468.40","454.50","217.21K","-2.12%"
"01/19/2026","468.40","480.95","480.95","465.10","156.13K","-1.89%"
"01/16/2026","477.40","483.00","484.50","475.95","110.65K","-1.05%"
"01/14/2026","482.45","473.25","484.05","473.25","101.81K","+1.70%"
"01/13/2026","474.40","478.00","479.45","472.55","93.09K","+0.19%"
"01/12/2026","473.50","479.95","480.70","469.40","189.72K","-1.12%"
"01/09/2026","478.85","481.80","484.05","475.50","128.51K","-0.94%"
"01/08/2026","483.40","485.15","490.90","481.80","128.85K","-0.78%"
"01/07/2026","487.20","488.25","489.70","485.20","106.57K","+0.04%"
"01/06/2026","487.00","492.50","492.50","486.05","107.07K","-0.90%"
"01/05/2026","491.40","493.55","498.75","489.40","150.38K","-0.44%"
"01/02/2026","493.55","491.05","494.00","488.05","121.68K","+0.62%"
"01/01/2026","490.50","493.75","495.00","489.05","56.38K","-0.66%"
"12/31/2025","493.75","485.25","494.70","485.25","249.74K","+1.75%"
"12/30/2025","485.25","492.10","495.40","484.05","363.71K","-1.78%"
"12/29/2025","494.05","487.80","501.90","487.80","255.07K","+1.27%"
"12/26/2025","487.85","490.10","495.05","486.50","197.13K","-0.24%"
"12/24/2025","489.00","494.30","496.80","486.80","220.81K","-0.08%"
"12/23/2025","489.40","489.05","494.80","488.35","160.06K","+0.18%"
"12/22/2025","488.50","489.70","491.70","487.30","137.69K","+0.55%"
"12/19/2025","485.85","491.25","491.25","485.05","144.79K","-0.42%"
"12/18/2025","487.90","491.50","492.10","485.05","112.75K","-0.44%"
"12/17/2025","490.05","492.90","495.05","488.25","82.57K","-0.39%"
"12/16/2025","491.95","492.60","497.40","490.10","182.06K","-0.52%"
"12/15/2025","494.50","491.00","499.90","490.65","183.26K","+0.74%"
"12/12/2025","490.85","492.95","494.00","489.45","101.09K","+0.20%"
"12/11/2025","489.85","495.00","495.00","488.15","126.90K","-0.92%"
"12/10/2025","494.40","497.80","505.90","491.00","154.92K","-1.37%"
"12/09/2025","501.25","495.00","510.95","493.65","670.37K","+0.56%"
"12/08/2025","498.45","502.60","502.60","496.15","244.81K","-0.85%"
"12/05/2025","502.70","504.00","506.00","498.55","133.69K","-0.15%"
"12/04/2025","503.45","502.00","508.50","501.10","210.20K","-0.11%"
"12/03/2025","504.00","502.00","505.40","495.45","202.17K","+0.48%"
"12/02/2025","501.60","503.45","503.45","496.60","88.07K","-0.15%"
"12/01/2025","502.35","497.95","504.00","497.05","186.19K","+0.88%"
"11/28/2025","497.95","496.70","498.95","491.50","188.60K","+0.28%"
"11/27/2025","496.55","489.65","499.20","488.30","166.01K","+1.54%"
"11/26/2025","489.00","485.25","489.65","482.75","167.38K","+0.79%"
"11/25/2025","485.15","487.90","489.30","483.50","129.53K","-0.56%"
"11/24/2025","487.90","493.90","497.95","486.15","178.76K","-0.89%"
"11/21/2025","492.30","491.00","494.65","489.55","125.84K","+0.11%"
"11/20/2025","491.75","495.10","496.40","491.00","101.00K","-0.43%"
"11/19/2025","493.85","497.70","498.45","492.50","133.24K","-0.77%"
"11/18/2025","497.70","501.35","502.80","495.00","170.94K","-0.65%"
"11/17/2025","500.95","504.60","507.05","500.10","252.87K","-0.70%"
"11/14/2025","504.50","517.55","523.60","501.80","456.56K","-2.29%"
"11/13/2025","516.35","516.05","526.40","513.05","1.05M","-0.60%"
"11/12/2025","519.45","496.80","521.00","494.65","993.94K","+5.29%"
"11/11/2025","493.35","492.30","496.65","490.65","130.32K","+0.21%"
"11/10/2025","492.30","490.95","497.20","490.15","101.45K","+0.34%"
"11/07/2025","490.65","488.00","494.25","482.50","131.86K","+0.07%"
"11/06/2025","490.30","497.25","499.40","488.05","142.53K","-1.21%"
"11/04/2025","496.30","506.50","507.95","495.45","144.86K","-1.98%"
"11/03/2025","506.35","500.15","508.00","500.15","121.24K","+0.68%"
"10/31/2025","502.95","505.10","507.00","500.10","124.52K","-1.04%"
"10/30/2025","508.25","508.80","512.00","504.95","136.06K","-0.10%"
"10/29/2025","508.75","513.00","514.70","507.50","231.43K","-0.11%"
"10/28/2025","509.30","499.60","511.30","499.05","335.20K","+1.97%"
"10/27/2025","499.45","499.00","500.50","495.85","99.95K","+0.41%"
"10/24/2025","497.40","501.15","501.15","495.35","145.00K","-0.79%"
"10/23/2025","501.35","499.00","504.90","498.05","129.87K","+0.47%"
"10/21/2025","499.00","495.30","501.50","495.30","25.96K","+0.27%"
"10/20/2025","497.65","500.00","500.00","493.25","144.92K","+0.19%"
"10/17/2025","496.70","501.05","502.25","495.15","95.57K","-0.93%"
"10/16/2025","501.35","501.90","507.40","500.00","166.49K","-0.10%"
"10/15/2025","501.85","495.00","505.95","489.30","287.22K","+2.31%"
"10/14/2025","490.50","498.40","499.50","490.00","130.38K","-1.56%"
"10/13/2025","498.25","495.85","499.90","493.20","114.22K","+0.05%"
"10/10/2025","498.00","497.00","503.10","495.05","153.51K","+0.22%"
"10/09/2025","496.90","494.40","498.30","491.00","151.66K","+0.47%"
"10/08/2025","494.60","496.00","497.70","492.80","157.10K","-0.44%"
"10/07/2025","496.80","497.05","498.60","493.00","217.26K","+0.07%"
"10/06/2025","496.45","498.10","504.25","495.00","256.04K","-1.16%"
"10/03/2025","502.30","498.00","503.35","497.15","157.73K","+1.23%"
"10/01/2025","496.20","490.80","497.00","489.50","180.79K","+1.06%"
"09/30/2025","491.00","494.00","497.25","488.00","251.06K","-0.71%"
"09/29/2025","494.50","497.30","514.00","485.30","1.22M","-0.56%"
"09/26/2025","497.30","503.90","503.90","490.60","249.76K","-0.99%"
"09/25/2025","502.25","500.40","503.60","496.15","248.35K","+0.20%"
"09/24/2025","501.25","503.65","504.90","500.30","158.14K","-0.48%"
"09/23/2025","503.65","508.00","509.40","503.00","138.11K","-0.60%"
"09/22/2025","506.70","510.10","513.60","506.00","179.66K","-1.23%"
"09/19/2025","513.00","516.20","518.70","511.35","318.73K","-0.62%"
"09/18/2025","516.20","509.80","517.70","506.40","482.64K","+1.66%"
"09/17/2025","507.75","509.90","512.80","506.55","232.47K","-0.03%"
"09/16/2025","507.90","507.60","509.00","504.30","144.03K","+0.38%"
"09/15/2025","506.00","508.00","508.95","504.55","123.09K","+0.11%"
"09/12/2025","505.45","508.05","511.00","504.15","134.24K","-0.26%"
"09/11/2025","506.75","507.90","514.45","505.55","228.33K","-0.07%"
"09/10/2025","507.10","505.55","510.00","504.90","136.94K","+0.33%"
"09/09/2025","505.45","506.50","508.00","502.05","151.04K","+0.18%"
"09/08/2025","504.55","508.90","510.90","503.30","168.79K","+0.02%"
"09/05/2025","504.45","515.50","516.95","502.55","365.05K","-2.01%"
"09/04/2025","514.80","523.40","525.00","513.05","238.59K","-0.81%"
"09/03/2025","519.00","519.80","523.20","514.50","344.98K","-0.17%"
"09/02/2025","519.90","520.00","525.75","516.10","708.54K","-3.27%"
"09/01/2025","537.45","526.10","539.00","524.50","831.22K","+2.81%"
"08/29/2025","522.75","522.00","526.15","517.70","364.52K","+0.36%"
"08/28/2025","520.90","527.40","527.55","518.00","309.16K","-1.04%"
"08/26/2025","526.35","530.25","533.70","524.95","453.16K","-0.74%"
"08/25/2025","530.25","534.25","535.95","529.50","307.97K","-0.24%"
"08/22/2025","531.55","533.00","537.90","529.10","290.30K","-0.19%"
"08/21/2025","532.55","530.50","536.25","529.10","271.92K","+0.73%"
"08/20/2025","528.70","519.25","531.40","519.25","480.39K","+1.89%"
"08/19/2025","518.90","510.00","519.50","509.10","368.03K","+2.11%"
"08/18/2025","508.20","508.90","509.85","501.65","262.39K","+1.32%"
"08/14/2025","501.60","506.00","508.95","498.55","183.33K","-0.99%"
"08/13/2025","506.60","504.00","508.90","503.75","237.36K","+0.70%"
"08/12/2025","503.10","500.00","506.75","497.05","324.71K","+0.92%"
"08/11/2025","498.50","499.00","504.25","493.00","282.21K","+0.05%"
"08/08/2025","498.25","507.40","508.95","492.20","676.44K","-0.99%"
"08/07/2025","503.25","524.00","524.00","499.20","2.34M","-7.65%"
"08/06/2025","544.95","550.00","552.00","541.10","285.87K","-0.15%"
"08/05/2025","545.75","540.20","551.30","537.80","349.37K","+1.11%"
"08/04/2025","539.75","540.00","545.00","533.45","203.71K","+0.88%"
"08/01/2025","535.05","540.80","553.85","533.05","380.10K","-1.06%"
"07/31/2025","540.80","540.65","545.30","536.75","224.88K","-0.99%"
"07/30/2025","546.20","540.00","555.00","540.00","286.20K","+1.15%"
"07/29/2025","540.00","528.00","548.00","528.00","530.23K","+1.63%"
"07/28/2025","531.35","537.50","541.45","528.35","203.29K","-1.31%"
"07/25/2025","538.40","551.30","551.95","536.60","291.15K","-2.36%"
"07/24/2025","551.40","555.00","560.00","549.40","326.36K","-0.27%"
"07/23/2025","552.90","545.95","555.90","542.90","335.58K","+1.36%"
"07/22/2025","545.50","549.40","550.00","543.55","147.56K","-0.19%"
"07/21/2025","546.55","551.40","556.00","545.30","281.59K","+0.13%"
"07/18/2025","545.85","547.60","549.35","540.10","236.60K","-0.31%"
"07/17/2025","547.55","548.55","549.90","545.05","175.20K","-0.21%"
"07/16/2025","548.70","554.00","554.30","546.05","184.80K","-0.44%"
"07/15/2025","551.10","537.40","552.70","537.40","431.53K","+2.89%"
"07/14/2025","535.60","537.00","540.95","533.20","143.50K","-0.65%"
"07/11/2025","539.10","545.60","546.75","537.30","193.66K","-1.24%"
"07/10/2025","545.85","551.00","553.60","544.00","195.77K","-0.79%"
"07/09/2025","550.20","553.65","556.85","547.40","265.01K","-0.91%"
"07/08/2025","555.25","553.95","560.10","550.25","271.87K","+0.56%"
"07/07/2025","552.15","560.90","561.85","551.00","258.09K","-1.11%"
"07/04/2025","558.35","559.90","561.55","554.40","245.49K","-0.08%"
"07/03/2025","558.80","561.95","566.00","557.15","386.26K","-0.41%"
"07/02/2025","561.10","572.25","573.75","559.00","661.79K","-1.37%"
"07/01/2025","568.90","554.05","571.55","553.45","1.97M","+2.88%"
"06/30/2025","553.00","550.10","557.05","549.20","354.50K","+1.24%"
"06/27/2025","546.20","552.10","556.00","544.60","643.07K","-0.70%"
"06/26/2025","550.05","556.50","558.60","546.10","358.18K","-0.65%"
"06/25/2025","553.65","541.00","557.60","538.50","710.56K","+2.88%"
"06/24/2025","538.15","532.35","539.80","531.00","345.11K","+1.82%"
"06/23/2025","528.55","519.00","529.85","517.25","269.77K","+1.09%"
"06/20/2025","522.85","519.40","526.50","513.15","333.14K","+0.67%"
"06/19/2025","519.35","531.35","535.00","518.00","486.97K","-2.26%"
"06/18/2025","531.35","539.00","541.45","529.00","289.27K","-1.56%"
"06/17/2025","539.75","539.25","548.70","536.70","428.54K","+0.09%"
"06/16/2025","539.25","537.00","541.65","527.25","355.50K","+0.61%"
"06/13/2025","536.00","530.40","542.00","525.00","318.75K","-1.01%"
"06/12/2025","541.45","555.40","560.00","539.10","588.80K","-2.00%"
"06/11/2025","552.50","553.50","559.60","546.75","552.15K","+0.07%"
"06/10/2025","552.10","555.00","556.85","551.00","283.10K","-0.29%"
"06/09/2025","553.70","549.00","559.00","545.15","853.50K","+1.22%"
"06/06/2025","547.00","547.00","551.00","543.10","299.18K","+0.16%"
"06/05/2025","546.15","550.40","557.50","545.00","455.56K","-0.46%"
"06/04/2025","548.65","555.00","562.90","545.80","874.22K","-0.49%"
"06/03/2025","551.35","536.70","557.50","533.65","1.87M","+2.98%"
"06/02/2025","535.40","536.00","538.95","528.10","446.85K","-0.01%"
"05/30/2025","535.45","546.40","547.35","530.10","706.80K","-1.64%"
"05/29/2025","544.40","548.60","557.70","542.45","829.74K","-0.50%"
"05/28/2025","547.15","550.00","554.05","545.15","850.42K","-0.13%"
"05/27/2025","547.85","549.95","558.00","541.70","2.21M","+0.27%"
"05/26/2025","546.40","527.00","553.65","525.00","9.60M","+6.43%"
"05/23/2025","513.40","511.00","514.70","502.50","699.09K","+0.82%"
"05/22/2025","509.20","498.00","510.75","497.90","478.29K","+2.07%"
"05/21/2025","498.85","508.50","508.50","494.40","408.36K","-1.34%"
"05/20/2025","505.65","517.50","525.00","504.20","570.11K","-1.86%"
"05/19/2025","515.25","513.05","519.30","507.05","684.49K","+0.94%"
"05/16/2025","510.45","508.00","514.95","502.40","496.13K","+1.04%"
"05/15/2025","505.20","502.00","512.00","496.35","616.48K","+1.44%"
"05/14/2025","498.05","488.00","501.50","484.15","401.13K","+2.60%"
"05/13/2025","485.45","487.00","490.00","482.25","352.67K","-0.28%"
"05/12/2025","486.80","485.00","489.70","479.90","665.74K","+4.39%"
"05/09/2025","466.35","475.00","476.70","461.20","479.91K","-2.86%"
"05/08/2025","480.10","492.10","498.90","475.60","299.30K","-2.57%"
"05/07/2025","492.75","485.00","494.80","478.20","363.65K","+0.49%"
"05/06/2025","490.35","488.00","494.15","485.10","403.75K","+0.77%"
"05/05/2025","486.60","487.05","489.60","483.00","215.87K","+0.01%"
"05/02/2025","486.55","488.50","490.80","480.10","211.61K","+0.04%"
"04/30/2025","486.35","500.00","500.00","484.00","311.43K","-2.30%"
"04/29/2025","497.80","496.80","506.40","495.00","278.47K","+0.53%"
"04/28/2025","495.20","490.00","498.10","483.05","316.29K","+1.56%"
"04/25/2025","487.60","512.10","512.10","487.00","726.35K","-4.41%"
"04/24/2025","510.10","505.60","514.40","504.00","402.09K","+0.89%"
"04/23/2025","505.60","518.00","520.00","502.00","660.06K","-1.69%"
"04/22/2025","514.30","509.95","519.50","507.15","1.16M","+1.31%"
"04/21/2025","507.65","513.40","514.70","505.15","812.52K","+0.11%"
"04/17/2025","507.10","497.00","515.00","493.05","1.72M","+2.32%"
"04/16/2025","495.60","492.90","500.75","491.05","300.51K","+0.89%"
"04/15/2025","491.25","492.90","492.90","483.80","416.81K","+2.17%"
"04/11/2025","480.80","484.40","487.45","477.45","268.23K","+0.97%"
"04/09/2025","476.20","480.00","480.85","472.10","99.75K","-0.85%"
"04/08/2025","480.30","477.90","484.90","471.50","185.30K","+2.28%"
"04/07/2025","469.60","458.80","472.40","451.55","448.06K","-4.45%"
"04/04/2025","491.45","505.00","505.00","487.05","265.28K","-2.55%"
"04/03/2025","504.30","497.00","505.15","495.10","248.54K","+0.78%"
"04/02/2025","500.40","495.00","503.95","485.05","238.10K","+1.24%"
"04/01/2025","494.25","494.00","499.00","489.80","260.35K","-0.44%"
"03/28/2025","496.45","505.00","509.70","492.15","686.87K","-1.66%"
"03/27/2025","504.85","497.95","511.00","493.10","911.15K","+1.77%"
"03/26/2025","496.05","494.00","499.05","490.55","706.63K","+0.82%"
"03/25/2025","492.00","505.00","508.15","489.05","1.04M","-1.30%"
"03/24/2025","498.50","495.70","505.55","493.95","601.08K","+1.53%"
"03/21/2025","491.00","496.00","500.75","489.10","567.61K","-1.01%"
"03/20/2025","496.00","487.10","503.90","487.10","499.58K","+2.12%"
"03/19/2025","485.70","483.95","488.00","481.10","419.65K","+0.92%"
"03/18/2025","481.25","473.55","483.95","473.15","277.77K","+1.63%"
"03/17/2025","473.55","482.40","485.10","472.00","280.88K","-1.83%"
"03/13/2025","482.40","492.15","494.40","480.00","213.72K","-1.77%"
"03/12/2025","491.10","494.05","506.65","489.55","295.88K","-0.55%"
"03/11/2025","493.80","499.95","503.50","491.25","345.89K","-1.60%"
"03/10/2025","501.85","505.00","507.95","494.00","542.71K","-0.12%"
"03/07/2025","502.45","500.10","510.80","498.15","325.32K","+0.43%"
"03/06/2025","500.30","500.00","506.00","494.40","327.48K","+1.06%"
"03/05/2025","495.05","485.90","498.00","485.90","328.50K","+1.93%"
"03/04/2025","485.70","468.95","489.70","459.00","663.79K","+3.22%"
"03/03/2025","470.55","475.00","475.80","449.00","831.99K","+0.36%"
"02/28/2025","468.85","481.60","484.90","465.25","893.40K","-4.20%"
"02/27/2025","489.40","543.25","543.80","478.45","3.36M","-10.02%"
"02/25/2025","543.90","542.65","552.15","540.00","387.03K","+0.03%"
"02/24/2025","543.75","543.00","549.90","535.75","324.61K","+0.02%"
"02/21/2025","543.65","552.00","562.00","540.20","587.22K","-1.36%"
"02/20/2025","551.15","547.50","553.75","536.70","303.04K","+1.08%"
"02/19/2025","545.25","545.25","555.50","532.40","444.43K","+0.00%"
"02/18/2025","545.25","554.35","557.85","539.10","523.18K","-2.13%"
"02/17/2025","557.10","554.00","558.90","530.50","1.48M","+0.96%"
"02/14/2025","551.80","573.50","574.40","540.70","690.53K","-3.48%"
"02/13/2025","571.70","559.60","577.00","556.70","578.88K","+2.19%"
"02/12/2025","559.45","561.45","564.95","527.55","779.90K","-0.37%"
"02/11/2025","561.55","574.10","578.75","557.50","695.23K","-2.17%"
"02/10/2025","574.00","576.95","580.55","565.70","526.94K","-0.46%"
"02/07/2025","576.65","576.05","581.00","565.20","307.34K","+0.19%"
"02/06/2025","575.55","579.70","584.05","572.65","249.65K","-0.69%"
"02/05/2025","579.55","577.50","584.70","575.85","399.21K","+0.44%"
"02/04/2025","577.00","559.80","578.80","558.20","884.46K","+3.67%"
"02/03/2025","556.55","550.25","559.00","540.75","405.75K","+0.82%"
"02/01/2025","552.00","555.29","567.04","546.15","653.76K","-0.44%"
"01/31/2025","554.45","545.00","556.20","543.00","504.18K","+1.62%"
"01/30/2025","545.60","548.55","556.40","539.00","405.14K","-0.54%"
"01/29/2025","548.55","527.50","550.35","527.00","429.77K","+4.64%"
"01/28/2025","524.25","540.45","542.55","517.00","624.92K","-2.09%"
"01/27/2025","535.45","552.05","552.10","532.50","428.91K","-3.77%"
"01/24/2025","556.45","564.05","570.65","552.80","580.00K","-0.79%"
"01/23/2025","560.90","547.95","565.00","545.25","332.68K","+2.12%"
"01/22/2025","549.25","558.00","558.00","537.10","514.05K","-1.23%"
"01/21/2025","556.10","566.50","570.90","553.70","306.05K","-0.91%"
"01/20/2025","561.20","566.70","566.90","557.05","162.07K","-0.35%"
"01/17/2025","563.15","551.15","564.95","548.15","594.52K","+2.18%"
"01/16/2025","551.15","539.95","555.50","539.40","586.60K","+3.35%"
"01/15/2025","533.30","537.95","543.45","531.30","285.45K","-0.35%"
"01/14/2025","535.15","525.00","538.15","524.95","326.74K","+2.67%"
"01/13/2025","521.25","545.95","545.95","516.30","725.94K","-4.60%"
"01/10/2025","546.40","568.90","568.90","543.00","750.55K","-4.13%"
"01/09/2025","569.95","560.00","573.50","558.40","987.40K","+2.27%"
"01/08/2025","557.30","554.45","559.95","544.10","842.66K","+0.51%"
"01/07/2025","554.45","538.40","558.70","538.40","442.75K","+3.17%"
"01/06/2025","537.40","567.00","569.25","535.65","976.37K","-5.22%"
"01/03/2025","567.00","574.05","578.95","564.85","259.31K","-1.28%"
"01/02/2025","574.35","570.35","576.05","562.60","551.64K","+1.48%"
"01/01/2025","565.95","558.55","567.00","553.25","351.98K","+1.24%"
"12/31/2024","559.00","556.40","564.00","547.35","499.64K","+0.98%"
"12/30/2024","553.60","571.95","573.95","551.90","913.72K","-3.14%"
"12/27/2024","571.55","580.70","580.70","570.50","267.87K","-0.69%"
"12/26/2024","575.50","581.00","585.60","571.15","404.90K","-1.20%"
"12/24/2024","582.50","582.15","596.45","579.85","528.03K","+0.39%"
"12/23/2024","580.25","588.60","588.65","577.00","443.47K","-0.61%"
"12/20/2024","583.80","600.00","603.75","582.10","493.07K","-2.70%"
"12/19/2024","600.00","595.40","602.55","593.90","349.17K","-0.83%"
"12/18/2024","605.05","611.05","616.35","603.85","366.65K","-1.26%"
"12/17/2024","612.80","620.30","630.90","610.10","828.38K","-1.09%"
"12/16/2024","619.55","618.00","623.80","615.00","327.99K","+0.03%"
"12/13/2024","619.35","618.10","621.15","605.10","344.13K","+0.13%"
"12/12/2024","618.55","626.00","627.80","614.40","273.00K","-0.98%"
"12/11/2024","624.70","628.55","634.25","623.00","249.60K","-0.61%"
"12/10/2024","628.55","624.95","632.25","620.00","550.03K","+0.99%"
"12/09/2024","622.40","634.00","639.00","620.50","442.01K","-2.25%"
"12/06/2024","636.70","637.90","638.95","632.20","277.10K","+0.27%"
"12/05/2024","635.00","638.50","640.30","628.25","404.55K","-0.04%"
"12/04/2024","635.25","639.15","643.80","633.20","338.44K","-0.30%"
"12/03/2024","637.15","656.85","663.65","635.00","2.37M","-2.32%"
"12/02/2024","652.25","633.05","656.70","631.55","1.77M","+2.11%"
"11/29/2024","638.80","610.10","640.85","610.10","1.37M","+4.00%"
"11/28/2024","614.25","597.05","617.40","597.05","1.47M","+2.45%"
"11/27/2024","599.55","591.95","604.30","586.95","1.42M","+1.10%"
"11/26/2024","593.05","584.45","594.45","582.80","662.71K","+1.48%"
"11/25/2024","584.40","570.50","587.30","569.05","967.29K","+3.58%"
"11/22/2024","564.20","557.10","565.50","554.00","294.64K","+1.56%"
"11/21/2024","555.55","568.00","568.00","549.15","557.68K","-0.98%"
"11/19/2024","561.05","561.90","567.70","556.75","323.62K","+0.46%"
"11/18/2024","558.50","560.50","564.00","546.30","633.18K","+0.78%"
"11/14/2024","554.20","524.00","563.70","524.00","3.15M","+1.69%"
"11/13/2024","545.00","587.00","588.10","542.45","2.60M","-7.50%"
"11/12/2024","589.20","606.55","613.40","585.35","518.46K","-2.86%"
"11/11/2024","606.55","614.55","616.75","598.05","1.15M","-1.96%"
"11/08/2024","618.65","637.30","638.75","617.10","404.49K","-2.94%"
"11/07/2024","637.40","630.90","647.00","628.90","873.51K","+1.61%"
"11/06/2024","627.30","618.00","629.45","613.70","387.13K","+2.16%"
"11/05/2024","614.05","602.50","617.75","602.50","778.50K","+1.05%"
"11/04/2024","607.65","626.70","628.50","591.50","875.70K","-3.04%"
"11/01/2024","626.70","625.15","629.85","624.80","44.19K","+0.25%"
"10/31/2024","625.15","624.95","631.35","620.00","497.54K","+0.09%"
"10/30/2024","624.60","617.05","632.00","612.65","480.01K","+1.28%"
"10/29/2024","616.70","606.10","619.60","599.30","513.27K","+1.95%"
"10/28/2024","604.90","595.00","609.40","589.50","529.70K","+1.29%"
"10/25/2024","597.20","632.10","634.75","591.70","1.84M","-5.57%"
"10/24/2024","632.40","632.00","638.00","628.00","375.68K","+0.06%"
"10/23/2024","632.05","633.00","638.30","624.20","869.15K","-0.46%"
"10/22/2024","634.95","641.00","641.00","630.00","629.23K","-0.76%"
"10/21/2024","639.80","643.00","644.20","630.05","477.00K","-0.28%"
"10/18/2024","641.60","636.00","644.70","627.00","326.76K","+0.38%"
"10/17/2024","639.20","644.00","647.05","636.80","314.86K","-0.72%"
"10/16/2024","643.85","644.50","649.35","641.20","224.44K","-0.28%"
"10/15/2024","645.65","647.00","650.00","640.25","278.96K","-0.32%"
"10/14/2024","647.70","649.00","653.35","645.45","279.63K","+0.00%"
"10/11/2024","647.70","647.10","654.30","645.10","229.51K","-0.12%"
"10/10/2024","648.50","651.50","664.90","645.15","558.58K","+0.16%"
"10/09/2024","647.45","641.00","653.90","641.00","424.71K","+1.19%"
"10/08/2024","639.85","631.70","641.00","625.80","531.70K","+1.29%"
"10/07/2024","631.70","648.35","652.00","621.10","1.43M","-2.18%"
"10/04/2024","645.75","675.05","679.75","642.85","2.35M","-4.68%"
"10/03/2024","677.45","685.00","701.95","673.20","1.04M","-3.15%"
"10/01/2024","699.45","679.85","700.95","675.20","2.34M","+3.51%"
"09/30/2024","675.70","677.00","684.30","672.55","469.38K","+0.07%"
"09/27/2024","675.25","671.70","686.20","668.85","1.38M","+1.09%"
"09/26/2024","668.00","667.90","671.00","656.15","755.87K","+0.40%"
"09/25/2024","665.35","667.95","681.80","661.55","1.40M","+0.11%"
"09/24/2024","664.65","662.00","670.70","660.80","751.72K","+0.58%"
"09/23/2024","660.80","647.30","664.65","642.30","837.98K","+2.51%"
"09/20/2024","644.60","646.00","647.65","640.80","570.22K","-0.26%"
"09/19/2024","646.25","663.00","663.10","638.60","963.74K","-1.32%"
"09/18/2024","654.90","652.05","659.75","648.00","667.00K","+0.35%"
"09/17/2024","652.60","654.00","656.10","650.30","378.15K","-0.30%"
"09/16/2024","654.55","664.70","664.70","652.85","907.76K","-0.84%"
"09/13/2024","660.10","660.00","667.90","655.75","410.75K","+0.15%"
"09/12/2024","659.10","659.05","660.20","649.00","741.16K","+0.57%"
"09/11/2024","655.35","676.05","678.10","653.00","698.21K","-3.55%"
"09/10/2024","679.45","675.40","681.40","672.55","447.24K","+1.04%"
"09/09/2024","672.45","676.00","685.45","666.05","803.49K","-1.19%"
"09/06/2024","680.55","688.80","689.90","668.20","2.81M","-3.50%"
"09/05/2024","705.20","699.60","707.70","692.00","2.08M","+1.34%"
"09/04/2024","695.90","684.90","697.35","681.05","2.10M","+1.35%"
"09/03/2024","686.60","698.90","699.00","685.30","1.05M","-1.09%"
"09/02/2024","694.15","688.95","699.00","682.60","2.09M","+1.56%"
"08/30/2024","683.50","680.00","692.90","680.00","1.47M","+1.12%"
"08/29/2024","675.95","677.00","679.60","667.75","1.08M","+0.04%"
"08/28/2024","675.70","684.95","689.70","672.30","774.03K","-0.72%"
"08/27/2024","680.60","677.00","693.00","675.50","2.38M","+0.75%"
"08/26/2024","675.55","671.50","679.40","668.70","891.93K","+1.30%"
"08/23/2024","666.85","669.00","672.50","664.30","351.81K","-0.36%"
"08/22/2024","669.25","670.00","682.00","665.30","1.07M","+0.16%"
"08/21/2024","668.15","659.25","669.40","656.00","940.95K","+1.44%"
"08/20/2024","658.65","653.50","659.90","650.05","623.14K","+1.31%"
"08/19/2024","650.15","655.85","659.60","648.20","414.20K","-0.07%"
"08/16/2024","650.60","652.25","655.05","646.00","549.52K","+0.14%"
"08/14/2024","649.70","660.00","686.00","646.95","3.45M","-1.28%"
"08/13/2024","658.10","674.80","678.95","653.05","2.51M","-1.73%"
"08/12/2024","669.70","666.00","677.80","654.10","1.10M","+0.39%"
"08/09/2024","667.10","666.80","673.70","665.15","726.70K","+0.63%"
"08/08/2024","662.90","669.85","672.40","660.45","822.50K","-0.53%"
"08/07/2024","666.45","651.95","669.00","648.65","1.02M","+3.76%"
"08/06/2024","642.30","660.00","669.70","639.20","1.13M","-1.06%"
"08/05/2024","649.15","666.00","672.00","645.00","2.06M","-4.46%"
"08/02/2024","679.45","691.25","703.15","675.80","1.76M","-3.41%"
"08/01/2024","703.45","713.60","720.50","701.40","1.30M","-1.35%"
"07/31/2024","713.10","715.40","725.80","710.00","2.13M","+0.01%"
"07/30/2024","713.05","691.00","715.00","689.05","2.34M","+3.15%"
"07/29/2024","691.30","685.00","699.70","683.50","1.20M","+1.22%"
"07/26/2024","683.00","668.20","687.00","668.20","1.19M","+1.99%"
"07/25/2024","669.65","660.00","674.00","656.05","2.06M","+0.12%"
"07/24/2024","668.85","663.00","674.85","654.00","1.74M","+1.00%"
"07/23/2024","662.25","687.00","695.00","642.05","3.06M","-3.19%"
"07/22/2024","684.05","663.00","697.45","653.55","4.43M","+3.00%"
"07/19/2024","664.15","682.55","684.50","659.70","1.53M","-2.27%"
"07/18/2024","679.60","687.00","688.45","669.15","1.91M","-0.99%"
"07/16/2024","686.40","681.95","694.90","681.05","1.23M","+0.82%"
"07/15/2024","680.80","686.25","688.50","675.25","1.10M","-0.75%"
"07/12/2024","685.95","687.20","704.20","683.00","1.44M","-0.01%"
"07/11/2024","686.00","688.35","691.20","679.00","932.29K","-0.17%"
"07/10/2024","687.20","704.45","705.00","671.70","2.01M","-2.45%"
"07/09/2024","704.45","720.00","724.40","700.05","1.61M","-1.33%"
"07/08/2024","713.95","714.00","722.40","706.50","1.64M","-0.02%"
"07/05/2024","714.10","730.00","730.00","710.05","1.48M","-1.90%"
"07/04/2024","727.95","727.15","738.90","712.70","2.33M","+0.62%"
"07/03/2024","723.50","717.15","731.75","712.00","1.94M","+1.17%"
"07/02/2024","715.10","724.15","728.45","705.55","1.32M","-1.25%"
"07/01/2024","724.15","714.60","729.55","713.05","2.97M","+1.92%"
"06/28/2024","710.50","679.00","713.35","676.60","7.33M","+5.68%"
"06/27/2024","672.30","695.45","698.20","660.05","3.87M","-3.18%"
"06/26/2024","694.35","697.00","705.75","686.20","1.96M","-0.04%"
"06/25/2024","694.65","702.00","709.50","692.00","1.62M","-1.74%"
"06/24/2024","706.95","701.00","711.45","677.90","3.25M","-1.24%"
"06/21/2024","715.85","766.40","766.95","712.00","6.62M","-6.49%"
"06/20/2024","765.55","704.45","776.60","700.90","25.73M","+9.84%"
"06/19/2024","696.95","710.00","714.00","687.05","5.16M","-0.89%"
"06/18/2024","703.20","683.10","706.80","677.20","2.68M","+2.84%"
"06/14/2024","683.80","689.40","689.40","680.80","446.58K","-0.83%"
"06/13/2024","689.50","687.00","694.40","682.05","780.12K","+0.55%"
"06/12/2024","685.70","689.00","691.15","682.55","889.39K","+0.46%"
"06/11/2024","682.55","670.40","689.70","665.30","2.24M","+2.32%"
"06/10/2024","667.05","647.70","672.70","643.80","1.33M","+3.20%"
"06/07/2024","646.35","639.45","651.40","635.45","902.87K","+1.38%"
"06/06/2024","637.55","637.00","647.95","630.00","1.31M","+2.16%"
"06/05/2024","624.10","617.30","629.15","611.25","1.15M","+1.37%"
"06/04/2024","615.65","661.00","661.00","596.65","1.69M","-7.13%"
"06/03/2024","662.90","646.35","665.00","642.55","832.12K","+4.62%"
"05/31/2024","633.65","648.00","651.70","632.00","1.17M","-1.07%"
"05/30/2024","640.50","666.95","669.50","638.50","727.10K","-4.25%"
"05/29/2024","668.95","648.00","673.55","645.05","1.68M","-0.25%"
"05/28/2024","670.65","668.80","672.95","663.95","762.89K","+0.79%"
"05/27/2024","665.40","646.55","669.80","646.55","603.80K","+1.37%"
"05/24/2024","656.40","664.50","681.75","654.60","1.34M","-1.23%"
"05/23/2024","664.55","666.00","667.90","657.30","362.26K","+0.17%"
"05/22/2024","663.45","676.85","676.85","660.50","389.97K","-1.47%"
"05/21/2024","673.35","668.25","676.60","661.60","557.89K","+0.76%"
"05/18/2024","668.25","672.00","673.05","665.00","49.94K","-0.36%"
"05/17/2024","670.65","669.65","671.90","662.90","621.62K","+0.95%"
"05/16/2024","664.35","664.00","667.10","655.10","340.32K","+0.58%"
"05/15/2024","660.55","660.35","672.90","657.25","714.26K","+0.53%"
"05/14/2024","657.05","646.40","659.25","641.40","414.28K","+1.30%"
"05/13/2024","648.60","647.50","651.75","633.60","350.04K","+0.44%"
"05/10/2024","645.75","637.05","647.50","631.25","399.93K","+1.37%"
"05/09/2024","637.05","659.65","661.65","632.10","853.92K","-3.35%"
"05/08/2024","659.15","650.70","661.85","644.10","523.34K","+1.30%"
"05/07/2024","650.70","677.00","677.95","648.95","799.51K","-4.12%"
"05/06/2024","678.65","685.00","690.15","668.00","488.59K","-0.90%"
"05/03/2024","684.80","702.25","704.00","679.85","974.96K","-1.93%"
"05/02/2024","698.25","711.50","715.70","695.10","828.97K","-2.02%"
"04/30/2024","712.65","723.50","728.25","709.30","747.05K","-1.13%"
"04/29/2024","720.80","723.00","729.00","716.70","657.99K","+0.19%"
"04/26/2024","719.45","713.65","728.85","712.05","2.27M","+1.45%"
"04/25/2024","709.15","715.65","718.00","706.05","752.82K","-0.26%"
"04/24/2024","711.00","698.50","718.95","695.80","1.84M","+2.51%"
"04/23/2024","693.60","686.60","697.00","681.55","635.03K","+1.54%"
"04/22/2024","683.05","687.80","694.45","671.35","795.86K","+0.10%"
"04/19/2024","682.35","672.45","685.00","659.00","729.33K","+1.49%"
"04/18/2024","672.35","683.90","685.90","668.00","568.17K","-1.70%"
"04/16/2024","683.95","682.70","686.95","676.00","465.42K","+0.07%"
"04/15/2024","683.50","690.00","694.00","670.80","866.09K","-2.22%"
"04/12/2024","699.00","708.50","714.30","696.00","776.37K","-1.34%"
"04/10/2024","708.50","697.50","719.00","695.65","1.57M","+2.12%"
"04/09/2024","693.80","702.70","708.95","692.00","477.25K","-1.27%"
"04/08/2024","702.70","714.60","714.60","698.10","665.18K","-0.70%"
"04/05/2024","707.65","693.60","713.65","684.40","1.71M","+2.03%"
"04/04/2024","693.60","695.00","699.90","689.50","851.00K","+0.25%"
"04/03/2024","691.85","656.00","704.70","655.00","3.21M","+4.98%"
"04/02/2024","659.00","646.00","662.00","644.40","813.19K","+2.20%"
"04/01/2024","644.80","633.00","646.60","629.60","728.66K","+3.15%"
"03/28/2024","625.10","636.00","636.05","623.35","612.08K","-0.77%"
"03/27/2024","629.95","629.90","642.35","627.65","920.88K","+0.43%"
"03/26/2024","627.25","621.00","636.35","618.85","538.78K","+0.46%"
"03/22/2024","624.40","622.90","632.00","621.05","684.96K","+0.44%"
"03/21/2024","621.65","614.00","623.50","614.00","465.78K","+2.30%"
"03/20/2024","607.70","615.00","618.60","603.60","464.49K","-0.76%"
"03/19/2024","612.35","620.00","624.00","610.15","406.59K","-1.35%"
"03/18/2024","620.75","626.50","631.90","615.20","460.92K","-0.92%"
"03/15/2024","626.50","613.00","630.90","606.00","1.36M","+1.91%"
"03/14/2024","614.75","598.00","621.00","590.25","1.13M","+2.79%"
"03/13/2024","598.05","626.00","626.00","593.20","1.61M","-3.56%"
"03/12/2024","620.15","616.00","629.95","610.00","1.24M","+0.42%"
"03/11/2024","617.55","633.65","633.65","611.20","984.95K","-2.02%"
"03/07/2024","630.30","624.80","641.65","619.45","1.28M","+1.61%"
"03/06/2024","620.30","633.00","633.90","609.05","896.34K","-1.74%"
"03/05/2024","631.30","634.00","646.70","629.70","1.02M","-0.42%"
"03/04/2024","633.95","640.50","641.95","626.55","823.85K","-0.84%"
"03/02/2024","639.35","633.00","641.70","633.00","62.82K","+1.19%"
"03/01/2024","631.85","642.60","650.15","630.50","671.38K","-1.36%"
"02/29/2024","640.55","646.00","650.95","627.70","1.67M","-1.10%"
"02/28/2024","647.65","671.95","673.80","643.30","460.39K","-2.79%"
"02/27/2024","666.25","678.90","686.60","663.85","798.64K","-1.82%"
"02/26/2024","678.60","674.05","680.00","663.85","484.83K","+0.53%"
"02/23/2024","675.05","669.95","676.30","669.20","373.80K","+0.87%"
"02/22/2024","669.25","668.05","672.00","658.15","273.07K","+0.18%"
"02/21/2024","668.05","672.00","683.00","665.00","750.23K","-0.88%"
"02/20/2024","674.00","674.00","681.00","669.00","646.22K","-0.04%"
"02/19/2024","674.30","663.00","677.00","660.75","917.50K","+2.27%"
"02/16/2024","659.35","656.00","667.65","655.30","707.16K","+0.96%"
"02/15/2024","653.05","650.00","667.45","647.35","1.03M","+1.23%"
"02/14/2024","645.10","635.00","647.60","629.35","500.64K","+0.71%"
"02/13/2024","640.55","643.00","653.80","634.40","806.41K","-0.61%"
"02/12/2024","644.45","674.00","675.50","640.00","858.85K","-4.06%"
"02/09/2024","671.70","684.75","690.00","663.80","1.06M","-1.95%"
"02/08/2024","685.05","665.00","700.50","663.05","2.49M","-2.30%"
"02/07/2024","701.20","720.00","720.00","696.30","1.11M","-2.06%"
"02/06/2024","715.95","715.00","721.00","710.75","746.33K","+0.57%"
"02/05/2024","711.90","735.00","735.00","706.70","1.06M","-2.84%"
"02/02/2024","732.70","738.25","744.85","728.85","1.05M","-0.18%"
"02/01/2024","734.00","754.30","755.00","732.30","571.75K","-2.28%"
"01/31/2024","751.10","742.00","752.75","738.30","608.99K","+1.74%"
"01/30/2024","738.25","754.00","759.90","736.00","845.66K","-1.81%"
"01/29/2024","751.85","737.95","755.70","733.75","1.04M","+2.63%"
"01/25/2024","732.55","730.00","736.00","724.00","692.37K","+0.96%"
"01/24/2024","725.60","712.40","726.95","709.15","605.44K","+2.46%"
"01/23/2024","708.15","747.00","747.85","702.70","1.24M","-4.70%"
"01/20/2024","743.05","746.00","764.00","738.90","1.28M","-0.31%"
"01/19/2024","745.35","733.90","752.00","732.20","608.10K","+2.38%"
"01/18/2024","728.00","736.95","739.85","712.55","842.95K","-1.21%"
"01/17/2024","736.95","742.25","755.00","734.20","635.33K","-1.81%"
"01/16/2024","750.55","759.00","761.75","742.15","561.03K","-0.76%"
"01/15/2024","756.30","765.95","768.80","752.65","535.86K","-0.93%"
"01/12/2024","763.40","778.00","781.10","761.00","530.70K","-1.77%"
"01/11/2024","777.15","778.00","791.30","769.55","1.57M","+0.63%"
"01/10/2024","772.25","766.70","775.00","748.10","1.18M","+1.04%"
"01/09/2024","764.30","746.00","770.45","746.00","1.73M","+3.14%"
"01/08/2024","741.05","765.00","765.00","738.00","1.48M","-2.83%"
"01/05/2024","762.65","800.00","804.35","760.00","2.89M","-4.81%"
"01/04/2024","801.20","795.60","814.90","795.00","2.00M","+0.70%"
"01/03/2024","795.60","792.95","802.80","777.00","1.09M","+0.33%"
"01/02/2024","792.95","797.40","809.90","779.05","2.24M","-0.13%"
"01/01/2024","793.95","756.40","809.00","752.50","5.43M","+5.47%"
"12/29/2023","752.75","749.00","759.65","738.15","951.80K","+0.53%"
"12/28/2023","748.75","742.20","753.30","733.25","951.78K","+0.90%"
"12/27/2023","742.10","750.70","757.85","730.30","937.97K","-1.15%"
"12/26/2023","750.70","731.20","754.00","727.00","995.45K","+2.67%"
"12/22/2023","731.20","730.00","738.95","726.05","437.83K","+0.42%"
"12/21/2023","728.15","702.90","729.65","697.05","620.49K","+2.61%"
"12/20/2023","709.60","740.00","750.00","705.65","1.04M","-3.94%"
"12/19/2023","738.70","742.95","753.00","734.45","632.33K","-0.30%"
"12/18/2023","740.90","749.00","749.50","738.60","505.46K","-0.87%"
"12/15/2023","747.40","731.25","763.00","731.25","4.09M","+2.21%"
"12/14/2023","731.25","735.00","737.05","725.55","917.67K","+0.15%"
"12/13/2023","730.15","723.30","737.90","721.15","867.73K","+0.97%"
"12/12/2023","723.10","724.90","735.80","718.55","776.61K","-0.14%"
"12/11/2023","724.15","718.90","729.40","718.00","358.61K","+0.78%"
"12/08/2023","718.55","735.00","743.25","710.15","815.96K","-2.08%"
"12/07/2023","733.80","740.00","740.65","724.25","994.00K","-0.49%"
"12/06/2023","737.45","715.30","744.00","712.50","3.48M","+3.49%"
"12/05/2023","712.55","715.00","718.70","702.55","902.88K","+0.14%"
"12/04/2023","711.55","715.00","726.25","700.10","2.04M","+1.22%"
"12/01/2023","703.00","686.65","708.75","686.65","1.25M","+2.35%"
"11/30/2023","686.85","695.00","697.45","680.00","1.18M","-0.16%"
"11/29/2023","687.95","689.00","691.25","679.05","864.12K","+0.26%"
"11/28/2023","686.20","693.50","699.20","685.00","611.70K","-1.00%"
"11/24/2023","693.15","700.00","706.95","691.10","454.94K","-1.83%"
"11/23/2023","706.05","694.95","709.80","694.10","1.27M","+2.11%"
"11/22/2023","691.45","707.45","708.00","686.60","923.49K","-2.26%"
"11/21/2023","707.45","712.60","713.00","702.20","687.24K","-0.05%"
"11/20/2023","707.80","709.00","714.90","702.30","672.71K","+0.11%"
"11/17/2023","707.05","708.10","716.40","705.70","771.88K","-0.14%"
"11/16/2023","708.05","709.95","720.50","702.55","1.68M","+0.13%"
"11/15/2023","707.15","686.90","709.85","681.00","4.10M","+4.02%"
"11/13/2023","679.85","674.50","685.70","670.70","700.03K","+0.79%"
"11/12/2023","674.55","679.90","684.90","673.00","265.55K","-0.15%"
"11/10/2023","675.55","684.00","693.00","670.10","1.64M","-0.07%"
"11/09/2023","676.00","669.00","682.50","660.50","3.21M","-2.37%"
"11/08/2023","692.40","690.00","697.95","683.30","870.31K","+1.32%"
"11/07/2023","683.40","703.10","703.25","680.00","1.13M","-2.64%"
"11/06/2023","701.95","699.50","704.00","693.45","1.36M","+1.07%"
"11/03/2023","694.55","701.00","704.40","692.05","633.23K","-0.46%"
"11/02/2023","697.75","697.30","705.20","695.95","905.27K","+0.80%"
"11/01/2023","692.20","693.70","695.00","684.00","778.25K","+0.11%"
"10/31/2023","691.45","689.80","707.00","688.25","3.31M","+1.05%"
"10/30/2023","684.25","668.00","692.95","659.90","3.43M","+2.84%"
"10/27/2023","665.35","652.00","667.80","650.00","1.33M","+2.88%"
"10/26/2023","646.70","646.00","651.85","629.15","1.06M","-0.27%"
"10/25/2023","648.45","654.90","661.90","635.00","1.52M","-0.67%"
"10/23/2023","652.80","672.00","685.00","645.20","4.86M","-0.65%"
"10/20/2023","657.10","663.80","678.00","651.35","1.87M","-1.23%"
"10/19/2023","665.25","667.90","671.00","656.15","1.14M","-0.43%"
"10/18/2023","668.15","655.95","671.55","653.10","2.81M","+2.38%"
"10/17/2023","652.60","671.70","673.60","649.65","2.05M","-2.45%"
"10/16/2023","669.00","636.90","676.35","629.00","7.35M","+5.37%"
"10/13/2023","634.90","628.55","645.00","623.70","1.74M","+0.89%"
"10/12/2023","629.30","627.85","633.65","625.55","668.77K","+0.78%"
"10/11/2023","624.45","624.40","633.80","622.50","1.13M","+0.33%"
"10/10/2023","622.40","608.50","626.70","608.50","791.64K","+1.84%"
"10/09/2023","611.15","611.45","614.95","601.00","720.86K","-0.90%"
"10/06/2023","616.70","615.00","618.00","610.45","403.97K","+0.67%"
"10/05/2023","612.60","618.00","625.95","611.50","707.85K","-0.66%"
"10/04/2023","616.70","611.55","621.85","606.50","894.00K","+0.84%"
"10/03/2023","611.55","612.00","614.25","605.05","470.53K","-0.09%"
"09/29/2023","612.10","601.15","616.55","601.15","603.92K","+2.17%"
"09/28/2023","599.10","609.80","612.00","596.35","780.59K","-1.37%"
"09/27/2023","607.40","606.00","608.40","601.00","390.24K","+0.40%"
"09/26/2023","605.00","603.80","612.95","601.80","686.48K","+0.29%"
"09/25/2023","603.25","599.90","608.55","597.45","747.06K","+1.11%"
"09/22/2023","596.60","601.55","605.95","595.15","602.91K","-0.82%"
"09/21/2023","601.55","607.00","611.15","597.20","697.11K","-0.94%"
"09/20/2023","607.25","616.80","618.55","602.25","989.72K","-1.73%"
"09/18/2023","617.95","620.85","627.00","615.20","1.75M","-0.47%"
"09/15/2023","620.85","625.70","627.00","615.40","1.50M","-0.15%"
"09/14/2023","621.80","628.85","631.90","613.00","2.80M","-0.22%"
"09/13/2023","623.20","596.05","625.50","595.35","2.41M","+4.58%"
"09/12/2023","595.90","620.95","620.95","593.00","1.85M","-3.44%"
"09/11/2023","617.10","617.00","624.50","604.00","1.66M","+0.66%"
"09/08/2023","613.05","621.70","623.40","610.10","1.12M","-0.78%"
"09/07/2023","617.85","609.95","623.40","606.00","2.11M","+2.24%"
"09/06/2023","604.30","614.50","622.00","594.75","2.25M","-1.10%"
"09/05/2023","611.00","610.00","617.00","607.40","1.21M","+0.85%"
"09/04/2023","605.85","596.15","609.40","596.00","1.63M","+2.10%"
"09/01/2023","593.40","582.00","594.00","580.15","1.80M","+2.40%"
"08/31/2023","579.50","578.00","581.00","568.45","927.16K","+0.83%"
"08/30/2023","574.75","579.00","591.00","573.15","2.33M","+0.28%"
"08/29/2023","573.15","564.00","579.40","559.25","2.33M","+2.36%"
"08/28/2023","559.95","544.85","565.55","542.60","3.73M","+4.04%"
"08/25/2023","538.20","535.00","544.90","532.60","1.01M","+0.60%"
"08/24/2023","535.00","532.50","539.45","531.00","809.65K","+1.42%"
"08/23/2023","527.50","524.00","531.55","523.40","803.44K","+1.40%"
"08/22/2023","520.20","513.90","523.50","513.00","836.03K","+1.22%"
"08/21/2023","513.95","511.40","516.60","508.50","642.66K","+0.51%"
"08/18/2023","511.35","513.95","514.85","507.00","444.49K","-0.20%"
"08/17/2023","512.35","511.90","516.25","511.20","282.73K","+0.22%"
"08/16/2023","511.25","507.20","513.00","503.50","457.62K","+1.20%"
"08/14/2023","505.20","514.85","514.85","502.00","781.83K","-1.77%"
"08/11/2023","514.30","521.00","521.00","513.05","667.42K","-0.76%"
"08/10/2023","518.25","524.90","526.90","515.30","594.55K","-1.17%"
"08/09/2023","524.40","522.00","530.35","518.30","1.51M","+1.26%"
"08/08/2023","517.85","525.60","526.90","512.90","1.82M","-2.24%"
"08/07/2023","529.70","555.75","558.50","523.30","3.00M","-4.69%"
"08/04/2023","555.75","554.45","559.50","553.45","472.19K","+0.50%"
"08/03/2023","553.00","553.95","557.70","547.15","788.28K","-0.57%"
"08/02/2023","556.15","579.90","582.00","548.35","2.98M","-3.81%"
"08/01/2023","578.20","563.90","584.35","563.35","2.26M","+2.72%"
"07/31/2023","562.90","556.35","567.75","556.30","644.57K","+1.18%"
"07/28/2023","556.35","556.70","559.90","550.00","702.17K","+0.32%"
"07/27/2023","554.55","572.70","574.35","553.20","1.15M","-2.51%"
"07/26/2023","568.80","560.50","572.00","560.20","1.14M","+1.92%"
"07/25/2023","558.10","562.00","564.00","556.10","572.79K","-0.42%"
"07/24/2023","560.45","564.00","566.50","558.10","624.54K","-0.43%"
"07/21/2023","562.85","567.90","567.90","560.60","524.01K","-1.12%"
"07/20/2023","569.25","567.30","573.80","566.30","728.90K","+0.40%"
"07/19/2023","567.00","567.55","575.70","565.20","608.04K","-0.20%"
"07/18/2023","568.15","575.95","577.90","563.00","536.07K","-0.91%"
"07/17/2023","573.35","566.55","581.00","566.55","1.77M","+1.69%"
"07/14/2023","563.80","558.55","565.15","551.95","896.42K","+1.33%"
"07/13/2023","556.40","574.95","575.55","555.00","975.15K","-3.10%"
"07/12/2023","574.20","570.00","579.00","563.25","790.98K","+0.91%"
"07/11/2023","569.00","566.00","572.75","560.25","525.31K","+0.65%"
"07/10/2023","565.35","570.00","577.40","562.00","561.72K","-0.45%"
"07/07/2023","567.90","581.50","585.50","563.10","1.55M","-1.84%"
"07/06/2023","578.55","571.95","582.40","571.00","1.56M","+1.24%"
"07/05/2023","571.45","564.00","573.00","563.00","704.57K","+1.36%"
"07/04/2023","563.80","571.30","573.85","560.40","703.31K","-1.31%"
"07/03/2023","571.30","570.00","575.75","567.00","659.06K","+0.38%"
"06/30/2023","569.15","562.00","574.90","559.00","1.22M","+2.16%"
"06/28/2023","557.10","558.15","563.20","554.00","608.33K","+0.36%"
"06/27/2023","555.10","549.00","564.40","549.00","867.29K","+1.18%"
"06/26/2023","548.60","546.00","550.00","540.70","485.57K","+0.71%"
"06/23/2023","544.75","559.50","559.70","542.00","1.06M","-2.31%"
"06/22/2023","557.65","572.95","583.50","554.40","2.62M","-2.17%"
"06/21/2023","570.00","560.40","573.00","559.20","1.04M","+2.07%"
"06/20/2023","558.45","558.50","564.60","554.60","458.97K","+0.00%"
"06/19/2023","558.45","562.90","565.70","556.00","446.20K","-0.22%"
"06/16/2023","559.70","557.15","567.00","554.90","807.94K","+0.68%"
"06/15/2023","555.90","568.00","568.00","554.00","869.34K","-1.44%"
"06/14/2023","564.05","552.50","574.75","547.75","2.65M","+2.60%"
"06/13/2023","549.75","550.70","552.50","544.55","622.80K","+0.14%"
"06/12/2023","549.00","536.40","553.70","532.70","985.35K","+2.50%"
"06/09/2023","535.60","550.00","550.50","534.00","758.83K","-2.21%"
"06/08/2023","547.70","557.00","559.10","546.65","653.62K","-1.45%"
"06/07/2023","555.75","557.00","561.55","554.00","635.89K","+0.21%"
"06/06/2023","554.60","552.00","557.00","546.65","546.99K","+0.30%"
"06/05/2023","552.95","558.95","559.60","552.30","461.70K","-0.43%"
"06/02/2023","555.35","557.00","557.65","551.30","475.04K","+0.41%"
"06/01/2023","553.10","559.50","564.95","552.25","827.79K","-0.96%"
"05/31/2023","558.45","565.45","567.45","555.50","775.34K","-1.25%"
"05/30/2023","565.50","568.00","570.50","562.85","358.52K","-0.44%"
"05/29/2023","568.00","565.40","574.80","563.95","964.30K","+0.77%"
"05/26/2023","563.65","575.65","575.65","560.05","1.18M","-1.75%"
"05/25/2023","573.70","566.00","594.00","554.40","1.41M","+1.25%"
"05/24/2023","566.60","561.10","572.00","561.10","666.85K","-0.04%"
"05/23/2023","566.85","572.95","576.00","562.50","1.37M","-0.58%"
"05/22/2023","570.15","561.80","574.00","550.00","1.23M","+1.70%"
"05/19/2023","560.60","565.50","572.00","551.20","3.14M","-2.05%"
"05/18/2023","572.35","629.00","636.60","559.30","6.72M","-8.39%"
"05/17/2023","624.75","618.50","626.75","611.70","1.98M","+1.08%"
"05/16/2023","618.10","609.20","623.55","608.05","2.31M","+2.06%"
"05/15/2023","605.65","593.85","607.00","587.10","1.52M","+2.53%"
"05/12/2023","590.70","594.85","613.00","588.35","4.14M","-0.46%"
"05/11/2023","593.40","571.80","595.10","570.10","3.91M","+4.33%"
"05/10/2023","568.75","561.00","570.00","559.00","593.86K","+1.16%"
"05/09/2023","562.25","570.00","571.50","560.00","576.42K","-1.22%"
"05/08/2023","569.20","569.50","574.90","566.65","682.60K","+0.31%"
"05/05/2023","567.45","562.00","572.00","559.10","1.36M","+0.67%"
"05/04/2023","563.70","572.70","574.00","559.80","1.74M","-1.25%"
"05/03/2023","570.85","564.00","575.45","562.00","1.48M","+0.65%"
"05/02/2023","567.15","560.05","573.00","555.15","1.83M","+1.55%"
"04/28/2023","558.50","550.00","568.00","547.25","2.81M","+1.84%"
"04/27/2023","548.40","561.00","563.00","545.00","3.10M","-1.54%"
"04/26/2023","557.00","522.20","565.00","512.70","12.87M","+11.18%"
"04/25/2023","501.00","497.00","504.15","492.70","517.83K","+0.92%"
"04/24/2023","496.45","495.50","500.90","494.00","576.58K","+0.19%"
"04/21/2023","495.50","502.70","504.30","492.00","553.34K","-1.24%"
"04/20/2023","501.70","506.95","510.50","500.10","815.35K","-0.49%"
"04/19/2023","504.15","514.80","514.95","501.90","711.13K","-1.66%"
"04/18/2023","512.65","514.90","517.55","508.05","527.34K","-0.42%"
"04/17/2023","514.80","513.50","523.40","511.55","518.11K","-0.21%"
"04/13/2023","515.90","517.45","523.50","511.10","755.73K","-0.09%"
"04/12/2023","516.35","502.90","523.20","502.45","1.34M","+2.72%"
"04/11/2023","502.70","507.10","508.45","500.55","389.33K","-0.38%"
"04/10/2023","504.60","502.20","509.15","502.20","541.70K","+0.98%"
"04/06/2023","499.70","498.05","501.95","494.20","356.45K","+0.18%"
"04/05/2023","498.80","498.95","501.50","491.00","429.91K","+0.34%"
"04/03/2023","497.10","481.85","502.65","480.80","1.03M","+3.70%"
"03/31/2023","479.35","466.00","486.85","466.00","1.12M","+3.50%"
"03/29/2023","463.15","460.90","466.00","456.60","908.87K","+0.58%"
"03/28/2023","460.50","469.45","471.00","454.45","1.02M","-1.90%"
"03/27/2023","469.40","487.30","487.30","467.55","1.02M","-3.16%"
"03/24/2023","484.70","496.60","501.50","482.95","588.27K","-2.21%"
"03/23/2023","495.65","502.20","508.25","495.00","660.78K","-2.00%"
"03/22/2023","505.75","506.95","512.40","504.25","454.71K","+0.16%"
"03/21/2023","504.95","496.20","509.85","492.70","949.36K","+2.31%"
"03/20/2023","493.55","495.10","497.55","485.50","598.09K","-0.71%"
"03/17/2023","497.10","496.50","502.50","491.00","579.13K","+0.76%"
"03/16/2023","493.35","499.00","501.85","483.10","734.25K","-1.02%"
"03/15/2023","498.45","509.00","510.00","495.60","456.48K","-0.98%"
"03/14/2023","503.40","502.00","507.45","495.00","682.08K","+0.49%"
"03/13/2023","500.95","513.00","514.30","494.20","972.83K","-2.73%"
"03/10/2023","515.00","520.95","522.00","512.00","909.02K","-2.54%"
"03/09/2023","528.40","543.90","548.00","525.00","1.53M","-2.27%"
"03/08/2023","540.70","524.95","544.20","518.90","1.23M","+2.42%"
"03/06/2023","527.90","521.85","531.95","518.00","1.41M","+2.19%"
"03/03/2023","516.60","515.00","522.50","514.00","634.65K","+0.80%"
"03/02/2023","512.50","511.00","520.80","507.20","881.18K","+0.19%"
"03/01/2023","511.55","496.95","516.60","491.05","1.05M","+3.20%"
"02/28/2023","495.70","503.25","504.00","491.70","875.22K","-0.97%"
"02/27/2023","500.55","528.00","529.95","495.10","2.31M","-4.05%"
"02/24/2023","521.70","497.15","524.95","493.60","2.38M","+5.50%"
"02/23/2023","494.50","505.70","506.95","493.40","690.57K","-1.87%"
"02/22/2023","503.90","517.45","517.45","502.00","641.40K","-2.77%"
"02/21/2023","518.25","524.00","531.60","517.00","556.16K","-1.10%"
"02/20/2023","524.00","513.95","533.75","509.70","1.68M","+2.29%"
"02/17/2023","512.25","520.00","520.05","510.65","397.68K","-1.52%"
"02/16/2023","520.15","505.90","522.85","505.90","957.13K","+2.83%"
"02/15/2023","505.85","499.00","508.00","497.50","419.14K","+1.28%"
"02/14/2023","499.45","498.00","504.00","490.70","498.77K","+0.19%"
"02/13/2023","498.50","506.20","508.30","493.75","474.95K","-1.52%"
"02/10/2023","506.20","500.75","508.70","496.10","404.04K","+0.89%"
"02/09/2023","501.75","512.00","512.25","498.40","673.85K","-1.50%"
"02/08/2023","509.40","488.00","512.15","481.45","2.02M","+3.93%"
"02/07/2023","490.15","504.90","504.90","485.30","758.51K","-2.23%"
"02/06/2023","501.35","487.95","506.10","484.00","718.48K","+2.67%"
"02/03/2023","488.30","496.10","499.90","469.40","1.10M","-1.16%"
"02/02/2023","494.05","504.00","507.05","491.65","676.52K","-2.36%"
"02/01/2023","506.00","526.00","534.55","495.45","1.51M","-2.77%"
"01/31/2023","520.40","498.55","523.40","496.00","1.04M","+4.57%"
"01/30/2023","497.65","500.50","515.40","494.00","733.89K","+0.01%"
"01/27/2023","497.60","523.45","523.95","486.80","1.07M","-4.43%"
"01/25/2023","520.65","544.45","545.50","517.75","791.04K","-4.35%"
"01/24/2023","544.35","552.00","552.75","542.10","430.61K","-0.88%"
"01/23/2023","549.20","535.05","550.60","535.05","1.37M","+2.94%"
"01/20/2023","533.50","532.00","536.25","528.20","550.50K","+0.29%"
"01/19/2023","531.95","532.95","538.00","527.00","567.12K","-0.91%"
"01/18/2023","536.85","540.55","546.65","534.00","366.90K","-1.16%"
"01/17/2023","543.15","534.95","544.90","529.25","572.42K","+1.11%"
"01/16/2023","537.20","545.00","548.85","535.00","451.49K","-1.22%"
"01/13/2023","543.85","545.85","549.80","541.50","406.45K","-0.69%"
"01/12/2023","547.65","551.00","554.70","541.10","558.93K","-0.65%"
"01/11/2023","551.25","549.00","555.75","547.00","652.55K","+0.97%"
"01/10/2023","545.95","546.95","556.40","540.00","1.27M","-0.69%"
"01/09/2023","549.75","560.00","566.70","546.75","1.90M","-1.41%"
"01/06/2023","557.60","543.25","560.35","540.00","2.32M","+2.86%"
"01/05/2023","542.10","551.95","553.45","535.60","1.55M","-1.53%"
"01/04/2023","550.50","539.20","556.55","538.80","3.81M","+2.46%"
"01/03/2023","537.30","534.95","540.20","527.00","749.97K","+0.85%"
"01/02/2023","532.75","529.65","537.80","522.70","822.23K","+1.09%"
"12/30/2022","527.00","523.55","536.50","522.45","1.37M","+1.26%"
"12/29/2022","520.45","528.00","528.20","514.55","1.82M","-1.43%"
"12/28/2022","528.00","502.50","533.10","498.40","2.55M","+5.59%"
"12/27/2022","500.05","503.15","508.75","498.45","1.12M","+0.07%"
"12/26/2022","499.70","491.00","507.15","486.20","1.16M","+1.66%"
"12/23/2022","491.55","518.00","519.35","487.45","2.09M","-5.91%"
"12/22/2022","522.40","526.50","529.90","502.55","1.44M","-0.06%"
"12/21/2022","522.70","541.20","545.95","520.50","1.24M","-3.15%"
"12/20/2022","539.70","547.00","547.00","537.55","768.88K","-1.33%"
"12/19/2022","547.00","555.90","555.90","545.10","637.61K","-1.20%"
"12/16/2022","553.65","566.95","568.85","550.10","1.34M","-2.75%"
"12/15/2022","569.30","568.50","578.60","561.20","1.62M","+0.01%"
"12/14/2022","569.25","570.00","574.30","567.00","715.92K","+0.33%"
"12/13/2022","567.35","559.10","569.20","557.20","700.34K","+1.29%"
"12/12/2022","560.15","553.60","564.65","544.10","692.59K","+1.19%"
"12/09/2022","553.55","570.00","574.00","550.50","881.07K","-2.44%"
"12/08/2022","567.40","563.65","570.95","558.30","922.94K","+1.20%"
"12/07/2022","560.65","568.00","568.90","550.25","928.55K","-1.05%"
"12/06/2022","566.60","569.00","572.80","564.00","586.10K","-0.45%"
"12/05/2022","569.15","568.40","578.90","565.30","1.24M","+0.57%"
"12/02/2022","565.90","565.60","569.90","560.10","1.18M","+0.32%"
"12/01/2022","564.10","574.30","576.75","563.00","1.07M","-1.25%"
"11/30/2022","571.25","569.05","572.90","556.50","2.02M","+0.59%"
"11/29/2022","567.90","577.00","579.80","566.60","1.05M","-1.53%"
"11/28/2022","576.75","576.90","586.40","573.55","1.09M","-0.08%"
"11/25/2022","577.20","575.00","580.45","566.50","1.34M","+0.62%"
"11/24/2022","573.65","594.00","598.65","570.25","2.65M","-3.37%"
"11/23/2022","593.65","560.00","602.70","560.00","7.21M","+5.64%"
"11/22/2022","561.95","546.00","563.35","540.00","2.51M","+2.90%"
"11/21/2022","546.10","526.50","549.30","519.15","2.22M","+3.54%"
"11/18/2022","527.45","541.90","542.75","525.00","1.68M","-2.08%"
"11/17/2022","538.65","547.00","555.25","535.00","1.29M","-1.05%"
"11/16/2022","544.35","551.00","568.00","542.05","2.11M","-0.77%"
"11/15/2022","548.55","565.00","569.70","545.00","1.90M","-2.49%"
"11/14/2022","562.55","574.35","574.90","551.05","2.52M","-1.72%"
"11/11/2022","572.40","617.00","626.00","560.40","6.81M","-11.04%"
"11/10/2022","643.45","675.00","683.00","638.45","1.51M","-5.64%"
"11/09/2022","681.90","683.70","696.00","677.05","1.11M","-0.01%"
"11/07/2022","681.95","677.10","684.00","672.55","604.74K","+0.80%"
"11/04/2022","676.55","677.00","682.20","669.75","608.85K","+0.37%"
"11/03/2022","674.05","665.00","679.00","661.00","626.26K","+1.00%"
"11/02/2022","667.35","677.00","681.05","665.00","751.52K","-1.36%"
"11/01/2022","676.55","679.15","685.65","671.85","1.05M","-0.38%"
"10/31/2022","679.15","674.40","685.00","670.25","1.25M","+1.24%"
"10/28/2022","670.85","689.50","692.55","668.85","682.57K","-2.63%"
"10/27/2022","688.95","694.20","695.30","683.00","752.91K","-0.17%"
"10/25/2022","690.15","698.85","705.00","688.55","813.85K","-1.03%"
"10/24/2022","697.35","700.50","703.00","696.00","194.15K","-0.01%"
"10/21/2022","697.40","697.00","701.85","686.85","877.71K","-0.03%"
"10/20/2022","697.60","686.65","699.90","682.00","982.40K","+0.79%"
"10/19/2022","692.15","680.00","700.50","676.25","1.85M","+1.89%"
"10/18/2022","679.30","686.90","688.95","675.20","1.50M","-0.18%"
"10/17/2022","680.50","672.30","687.00","666.15","4.51M","+1.86%"
"10/14/2022","668.05","640.80","678.00","634.00","7.47M","+5.55%"
"10/13/2022","632.95","624.70","637.00","609.10","1.87M","+1.34%"
"10/12/2022","624.55","625.30","630.70","611.65","964.95K","+0.44%"
"10/11/2022","621.80","636.75","644.10","618.00","1.49M","-2.34%"
"10/10/2022","636.70","629.00","642.95","620.00","881.46K","-0.20%"
"10/07/2022","638.00","643.00","643.45","627.10","1.12M","-0.41%"
"10/06/2022","640.65","624.00","644.25","622.90","1.48M","+3.60%"
"10/04/2022","618.40","617.65","621.15","609.35","978.48K","+2.11%"
"10/03/2022","605.60","610.00","625.70","601.00","1.81M","-0.99%"
"09/30/2022","611.65","597.55","616.95","590.30","1.26M","+2.90%"
"09/29/2022","594.40","593.10","610.15","590.25","1.91M","+1.37%"
"09/28/2022","586.35","593.00","601.80","584.50","987.93K","-2.47%"
"09/27/2022","601.20","599.95","613.50","598.45","1.15M","+0.74%"
"09/26/2022","596.80","632.00","632.00","594.00","1.67M","-6.36%"
"09/23/2022","637.35","668.50","669.50","634.25","1.32M","-4.14%"
"09/22/2022","664.90","653.05","681.45","653.05","2.36M","+1.81%"
"09/21/2022","653.05","670.00","675.40","647.50","928.48K","-2.07%"
"09/20/2022","666.85","664.95","677.75","654.60","1.42M","+1.34%"
"09/19/2022","658.05","690.10","696.30","655.50","2.03M","-5.36%"
"09/16/2022","695.30","738.00","744.60","691.60","1.46M","-6.24%"
"09/15/2022","741.55","752.15","756.00","738.05","882.58K","-0.86%"
"09/14/2022","747.95","737.00","751.25","731.20","1.02M","+0.03%"
"09/13/2022","747.75","754.40","759.25","744.00","1.11M","-0.35%"
"09/12/2022","750.35","724.90","754.30","723.05","2.89M","+4.06%"
"09/09/2022","721.10","729.75","736.00","718.00","1.65M","-0.67%"
"09/08/2022","725.95","712.45","730.85","706.40","2.14M","+2.48%"
"09/07/2022","708.40","703.00","721.80","703.00","1.11M","+0.16%"
"09/06/2022","707.25","716.65","717.45","703.00","900.34K","-0.79%"
"09/05/2022","712.85","710.25","722.50","710.25","901.42K","+0.37%"
"09/02/2022","710.25","715.65","721.70","708.00","846.38K","-0.29%"
"09/01/2022","712.35","722.55","728.40","705.85","1.58M","-1.12%"
"08/30/2022","720.45","703.90","723.40","700.60","2.50M","+3.30%"
"08/29/2022","697.45","690.00","702.35","685.05","1.32M","-2.65%"
"08/26/2022","716.40","697.75","723.95","695.00","2.17M","+3.25%"
"08/25/2022","693.85","709.30","713.45","691.40","1.41M","-1.67%"
"08/24/2022","705.60","690.00","708.70","688.30","1.39M","+1.17%"
"08/23/2022","697.45","679.95","701.10","677.85","1.60M","+0.82%"
"08/22/2022","691.80","720.00","729.00","687.00","1.68M","-5.54%"
"08/19/2022","732.35","750.00","758.60","728.45","1.52M","-3.07%"
"08/18/2022","755.55","758.00","768.50","753.85","1.56M","-0.07%"
"08/17/2022","756.10","735.10","766.70","730.60","3.18M","+3.40%"
"08/16/2022","731.25","724.80","735.60","721.05","864.98K","+1.42%"
"08/12/2022","721.00","712.00","728.00","711.80","1.23M","+0.84%"
"08/11/2022","715.00","737.95","739.85","710.85","1.59M","-2.60%"
"08/10/2022","734.10","720.00","742.50","702.10","3.49M","-1.13%"
"08/08/2022","742.50","743.90","749.00","736.90","1.29M","+0.20%"
"08/05/2022","741.05","742.90","751.65","735.80","1.11M","+0.21%"
"08/04/2022","739.50","725.00","747.25","717.75","2.49M","+2.15%"
"08/03/2022","723.95","718.00","726.60","700.00","1.77M","+0.81%"
"08/02/2022","718.15","721.85","731.90","709.10","1.77M","-0.62%"
"08/01/2022","722.60","695.45","725.00","693.35","2.02M","+4.45%"
"07/29/2022","691.80","689.50","700.55","683.60","2.18M","+0.86%"
"07/28/2022","685.90","669.00","688.90","662.30","3.27M","+3.67%"
"07/27/2022","661.60","631.50","667.85","616.15","2.90M","+5.02%"
"07/26/2022","629.95","642.20","647.00","627.35","1.09M","-1.88%"
"07/25/2022","642.05","639.40","651.50","635.00","1.58M","+0.35%"
"07/22/2022","639.80","646.00","646.75","630.00","1.96M","+0.22%"
"07/21/2022","638.40","628.30","645.00","623.55","1.16M","+1.92%"
"07/20/2022","626.40","630.50","645.75","623.35","2.44M","+0.29%"
"07/19/2022","624.60","607.80","627.40","605.05","2.21M","+2.62%"
"07/18/2022","608.65","608.00","611.35","601.15","981.43K","+1.59%"
"07/15/2022","599.10","582.35","603.00","578.95","1.29M","+2.88%"
"07/14/2022","582.35","587.00","590.00","576.00","569.50K","-0.64%"
"07/13/2022","586.10","592.60","595.45","582.50","741.63K","-0.51%"
"07/12/2022","589.10","598.50","608.45","588.00","1.30M","-1.87%"
"07/11/2022","600.30","589.80","601.65","584.65","1.51M","+1.76%"
"07/08/2022","589.90","585.00","593.95","580.75","1.62M","+1.66%"
"07/07/2022","580.25","577.80","581.65","570.00","1.39M","+1.22%"
"07/06/2022","573.25","569.70","575.95","562.00","1.03M","+1.02%"
"07/05/2022","567.45","571.00","581.50","565.50","2.17M","-0.09%"
"07/04/2022","567.95","550.00","575.00","548.00","1.72M","+3.07%"
"07/01/2022","551.05","536.00","552.00","533.25","1.20M","+1.71%"
"06/30/2022","541.80","554.00","562.75","540.10","1.56M","-2.45%"
"06/29/2022","555.40","560.00","564.00","548.05","1.83M","-2.77%"
"06/28/2022","571.20","582.90","595.70","560.10","5.11M","-1.22%"
"06/27/2022","578.25","561.00","587.80","557.70","3.53M","+4.76%"
"06/24/2022","551.95","552.00","559.60","546.60","1.44M","+1.16%"
"06/23/2022","545.60","547.05","553.00","531.00","1.52M","+0.62%"
"06/22/2022","542.25","550.00","555.00","535.25","1.74M","-2.71%"
"06/21/2022","557.35","522.00","561.60","518.00","3.83M","+8.69%"
"06/20/2022","512.80","576.05","585.00","503.00","4.38M","-11.20%"
"06/17/2022","577.45","566.80","588.00","560.50","1.95M","+1.22%"
"06/16/2022","570.50","585.95","597.00","565.20","2.23M","-1.12%"
"06/15/2022","576.95","573.00","585.00","568.60","1.20M","+1.57%"
"06/14/2022","568.05","568.45","579.70","563.00","1.35M","-0.07%"
"06/13/2022","568.45","581.25","588.00","558.60","1.39M","-4.00%"
"06/10/2022","592.15","600.25","604.00","588.35","1.07M","-2.01%"
"06/09/2022","604.30","594.00","607.00","587.70","1.38M","+1.47%"
"06/08/2022","595.55","635.90","638.00","588.85","2.32M","-5.85%"
"06/07/2022","632.55","639.00","653.80","626.15","1.11M","-0.92%"
"06/06/2022","638.45","627.65","641.75","618.55","1.46M","+1.12%"
"06/03/2022","631.35","647.00","655.60","627.00","1.66M","-1.36%"
"06/02/2022","640.05","649.95","656.40","632.00","1.58M","-1.42%"
"06/01/2022","649.30","636.05","665.70","635.80","3.17M","+2.13%"
"05/31/2022","635.75","623.90","643.00","618.05","2.26M","+1.74%"
"05/30/2022","624.85","601.95","627.35","601.20","1.91M","+4.79%"
"05/27/2022","596.30","580.90","600.95","575.45","3.24M","+4.84%"
"05/26/2022","568.75","567.00","577.85","538.80","4.30M","+1.03%"
"05/25/2022","562.95","606.90","621.00","552.05","4.04M","-8.34%"
"05/24/2022","614.20","633.00","649.40","607.35","2.45M","-2.79%"
"05/23/2022","631.85","611.00","647.40","595.00","4.71M","+4.28%"
"05/20/2022","605.90","594.00","617.00","586.00","3.66M","+4.76%"
"05/19/2022","578.35","589.00","597.90","573.00","2.59M","-5.02%"
"05/18/2022","608.90","612.30","615.25","588.75","2.85M","-0.05%"
"05/17/2022","609.20","596.00","619.00","583.00","3.87M","+2.59%"
"05/16/2022","593.80","588.75","612.60","568.95","4.80M","+0.86%"
"05/13/2022","588.75","673.00","677.85","584.05","9.62M","-9.74%"
"05/12/2022","652.25","667.70","680.90","630.05","7.59M","-3.18%"
"05/11/2022","673.70","808.00","808.40","666.75","10.69M","-14.39%"
"05/10/2022","786.95","750.00","824.70","747.00","13.26M","+8.08%"
"05/09/2022","728.10","752.05","772.75","722.05","2.05M","-5.37%"
"05/06/2022","769.40","795.00","795.95","757.10","1.77M","-4.12%"
"05/05/2022","802.45","803.90","839.00","795.00","2.15M","+0.78%"
"05/04/2022","796.25","806.00","818.00","790.05","1.65M","-0.84%"
"05/02/2022","803.00","792.00","806.65","788.70","1.16M","+0.68%"
"04/29/2022","797.55","816.70","819.90","795.00","1.37M","-1.78%"
"04/28/2022","812.00","823.50","827.75","791.55","1.62M","-0.76%"
"04/27/2022","818.25","822.00","825.95","806.65","1.42M","-1.02%"
"04/26/2022","826.70","795.00","832.90","795.00","2.51M","+5.13%"
"04/25/2022","786.35","816.40","828.75","777.10","2.38M","-3.92%"
"04/22/2022","818.45","847.05","857.40","815.00","1.41M","-3.50%"
"04/21/2022","848.10","842.90","859.60","841.05","1.70M","+1.34%"
"04/20/2022","836.90","830.40","846.85","826.65","1.54M","+1.89%"
"04/19/2022","821.40","861.95","874.65","804.90","2.51M","-4.24%"
"04/18/2022","857.80","831.85","862.00","819.20","2.48M","+2.71%"
"04/13/2022","835.20","831.95","846.00","830.25","1.72M","+0.95%"
"04/12/2022","827.30","819.95","840.00","803.85","3.85M","+1.11%"
"04/11/2022","818.20","855.60","870.85","810.40","3.12M","-4.09%"
"04/08/2022","853.05","842.60","860.35","838.75","1.93M","+1.77%"
"04/07/2022","838.25","867.75","873.60","835.35","2.59M","-3.39%"
"04/06/2022","867.65","868.15","881.00","851.30","2.83M","-0.60%"
"04/05/2022","872.85","847.80","882.00","846.70","3.73M","+2.59%"
"04/04/2022","850.80","830.05","857.00","830.05","2.35M","+2.17%"
"04/01/2022","832.75","806.65","845.35","802.40","3.63M","+2.25%"
"03/31/2022","814.45","792.00","820.65","789.65","3.48M","+3.28%"
"03/30/2022","788.60","809.85","810.40","782.00","2.49M","-2.36%"
"03/29/2022","807.70","793.75","824.60","786.50","6.78M","+2.29%"
"03/28/2022","789.65","743.00","795.00","740.00","6.38M","+7.01%"
"03/25/2022","737.95","772.50","788.50","732.10","5.37M","-4.02%"
"03/24/2022","768.85","740.10","773.05","735.50","4.72M","+2.94%"
"03/23/2022","746.90","765.00","765.00","711.20","9.07M","-2.93%"
"03/22/2022","769.45","732.00","778.00","728.60","6.98M","+5.05%"
"03/21/2022","732.45","735.00","755.00","721.55","8.17M","+0.43%"
"03/17/2022","729.30","685.05","738.60","674.05","11.35M","+7.61%"
"03/16/2022","677.75","673.60","690.70","669.45","2.97M","+1.57%"
"03/15/2022","667.30","697.25","705.95","654.00","5.70M","-4.71%"
"03/14/2022","700.25","677.00","711.00","671.05","9.85M","+3.15%"
"03/11/2022","678.85","601.50","685.75","598.00","13.49M","+13.05%"
"03/10/2022","600.50","595.00","605.20","588.05","2.33M","+1.96%"
"03/09/2022","588.95","583.00","595.00","578.00","2.66M","+1.73%"
"03/08/2022","578.95","584.00","584.70","563.10","2.04M","+0.13%"
"03/07/2022","578.20","556.40","587.50","540.00","3.85M","+1.65%"
"03/04/2022","568.80","546.00","579.75","546.00","6.84M","+2.50%"
"03/03/2022","554.90","565.20","570.00","551.35","3.35M","+0.41%"
"03/02/2022","552.65","514.00","561.95","514.00","4.44M","+5.67%"
"02/28/2022","523.00","514.00","526.50","507.05","2.15M","+1.28%"
"02/25/2022","516.40","494.00","519.50","490.10","2.34M","+8.03%"
"02/24/2022","478.00","481.55","503.50","475.00","2.68M","-6.39%"
"02/23/2022","510.65","494.10","515.00","494.10","2.00M","+4.35%"
"02/22/2022","489.35","492.00","499.60","478.15","2.69M","-3.59%"
"02/21/2022","507.55","518.00","521.80","505.00","1.72M","-2.06%"
"02/18/2022","518.20","524.05","531.70","515.55","1.29M","-1.12%"
"02/17/2022","524.05","526.70","535.00","518.35","1.69M","-0.14%"
"02/16/2022","524.80","530.00","545.80","520.10","3.80M","-0.62%"
"02/15/2022","528.10","512.85","530.40","494.00","3.09M","+3.68%"
"02/14/2022","509.35","523.00","533.00","507.00","4.74M","-4.95%"
"02/11/2022","535.90","530.00","547.90","529.40","4.79M","-0.90%"
"02/10/2022","540.75","511.80","543.00","511.50","6.12M","+4.70%"
"02/09/2022","516.50","510.00","521.40","502.10","4.48M","+1.60%"
"02/08/2022","508.35","486.00","513.90","477.85","11.12M","+4.70%"
"02/07/2022","485.55","470.70","505.00","470.70","16.93M","+14.19%"
"02/04/2022","425.20","440.20","446.25","423.50","946.62K","-3.11%"
"02/03/2022","438.85","433.95","442.00","432.60","723.13K","+1.47%"
"02/02/2022","432.50","436.60","440.00","429.00","703.42K","-0.40%"
"02/01/2022","434.25","442.90","445.95","425.10","1.06M","-1.25%"
"01/31/2022","439.75","440.00","451.15","432.20","1.07M","+1.22%"
"01/28/2022","434.45","442.50","451.00","432.00","791.86K","-0.65%"
"01/27/2022","437.30","424.00","441.80","421.10","1.13M","+1.95%"
"01/25/2022","428.95","413.10","435.00","406.70","1.35M","+2.62%"
"01/24/2022","418.00","452.50","452.95","409.80","2.20M","-8.00%"
"01/21/2022","454.35","462.00","477.45","447.00","3.64M","-2.42%"
"01/20/2022","465.60","457.80","470.00","451.65","2.36M","+1.45%"
"01/19/2022","458.95","445.50","462.00","442.00","1.95M","+3.04%"
"01/18/2022","445.40","466.70","468.70","440.75","1.91M","-4.08%"
"01/17/2022","464.35","457.45","469.90","453.80","2.41M","+1.11%"
"01/14/2022","459.25","458.00","463.30","451.25","1.86M","+0.72%"
"01/13/2022","455.95","436.00","457.75","431.55","3.75M","+4.77%"
"01/12/2022","435.20","421.65","438.20","420.00","2.06M","+3.77%"
"01/11/2022","419.40","428.95","431.80","417.55","839.72K","-1.97%"
"01/10/2022","427.85","423.00","432.00","421.85","694.13K","+1.49%"
"01/07/2022","421.55","430.20","432.80","416.25","901.47K","-1.48%"
"01/06/2022","427.90","427.80","441.45","414.00","1.69M","-1.12%"
"01/05/2022","432.75","441.80","449.55","428.25","3.00M","-1.02%"
"01/04/2022","437.20","416.00","445.00","407.30","3.19M","+5.44%"
"01/03/2022","414.65","411.40","419.80","408.10","1.20M","+0.97%"
"12/31/2021","410.65","408.05","419.00","407.20","1.43M","+0.85%"
"12/30/2021","407.20","420.00","420.00","405.30","843.00K","-2.99%"
"12/29/2021","419.75","403.10","423.30","396.20","2.47M","+4.32%"
"12/28/2021","402.35","378.00","406.20","378.00","1.11M","+7.29%"
"12/27/2021","375.00","381.45","382.70","373.05","396.37K","-1.60%"
"12/24/2021","381.10","392.10","394.60","379.50","323.54K","-2.41%"
"12/23/2021","390.50","391.00","398.50","387.75","462.55K","+0.72%"
"12/22/2021","387.70","389.80","392.65","383.85","203.40K","+0.38%"
"12/21/2021","386.25","385.00","393.35","380.25","346.97K","+1.02%"
"12/20/2021","382.35","392.00","394.85","374.00","520.90K","-5.15%"
"12/17/2021","403.10","414.75","414.75","394.00","481.15K","-2.52%"
"12/16/2021","413.50","403.80","416.00","402.05","965.89K","+2.98%"
"12/15/2021","401.55","393.95","408.95","391.55","1.01M","+2.18%"
"12/14/2021","393.00","384.05","394.70","383.05","292.46K","+1.43%"
"12/13/2021","387.45","393.00","398.00","386.00","531.66K","-1.19%"
"12/10/2021","392.10","386.70","395.75","380.70","601.12K","+1.04%"
"12/09/2021","388.05","388.15","396.60","385.40","618.55K","+0.92%"
"12/08/2021","384.50","381.00","387.50","378.65","447.17K","+1.83%"
"12/07/2021","377.60","380.50","387.30","376.00","646.67K","+0.23%"
"12/06/2021","376.75","392.00","395.20","374.60","568.99K","-4.05%"
"12/03/2021","392.65","395.00","398.85","391.00","579.86K","-0.87%"
"12/02/2021","396.10","395.50","400.00","392.25","508.63K","+0.09%"
"12/01/2021","395.75","415.00","432.00","392.55","4.08M","+0.25%"
"11/30/2021","394.75","384.50","401.90","384.00","746.42K","+1.83%"
"11/29/2021","387.65","382.00","394.40","369.20","1.05M","+1.27%"
"11/26/2021","382.80","373.85","395.80","364.00","1.65M","+1.22%"
"11/25/2021","378.20","377.50","382.00","372.35","380.92K","+0.19%"
"11/24/2021","377.50","380.50","388.65","375.10","453.73K","-0.03%"
"11/23/2021","377.60","365.20","383.10","363.45","577.02K","+3.21%"
"11/22/2021","365.85","373.85","384.00","360.10","831.26K","-2.35%"
"11/18/2021","374.65","395.25","407.45","364.70","1.42M","-5.78%"
"11/17/2021","397.65","410.10","413.80","395.10","505.21K","-3.53%"
"11/16/2021","412.20","416.00","424.90","409.25","451.70K","-0.81%"
"11/15/2021","415.55","438.95","441.65","413.55","599.77K","-5.33%"
"11/12/2021","438.95","435.00","447.70","431.40","560.57K","+1.19%"
"11/11/2021","433.80","437.00","438.45","431.10","272.67K","-0.46%"
"11/10/2021","435.80","432.20","443.80","430.40","559.49K","+0.33%"
"11/09/2021","434.35","432.00","439.00","430.55","527.51K","+0.50%"
"11/08/2021","432.20","439.50","442.65","430.10","773.58K","-2.05%"
"11/04/2021","441.25","438.00","444.80","437.20","194.68K","+1.03%"
"11/03/2021","436.75","457.50","459.90","434.00","866.47K","-4.47%"
"11/02/2021","457.20","469.00","474.90","453.15","1.28M","-2.17%"
"11/01/2021","467.35","432.50","470.85","429.25","2.86M","+8.53%"
"10/29/2021","430.60","432.00","436.35","400.00","1.79M","+1.53%"
"10/28/2021","424.10","436.15","441.45","420.00","957.40K","-4.16%"
"10/27/2021","442.50","414.85","445.80","413.25","1.88M","+7.55%"
"10/26/2021","411.45","420.00","429.80","407.65","826.99K","-1.06%"
"10/25/2021","415.85","403.90","423.00","396.30","1.10M","+3.43%"
"10/22/2021","402.05","409.40","420.95","395.50","848.75K","-1.24%"
"10/21/2021","407.10","415.75","425.70","402.15","930.64K","-1.55%"
"10/20/2021","413.50","425.00","430.00","402.05","1.21M","-3.96%"
"10/19/2021","430.55","457.35","457.35","426.40","1.19M","-4.96%"
"10/18/2021","453.00","448.10","461.00","446.40","1.12M","+1.89%"
"10/14/2021","444.60","449.00","458.65","436.90","1.08M","-0.37%"
"10/13/2021","446.25","453.35","456.00","440.30","1.56M","-0.61%"
"10/12/2021","449.00","434.00","453.70","422.80","1.86M","+2.91%"
"10/11/2021","436.30","441.50","445.60","430.20","1.12M","-0.75%"
"10/08/2021","439.60","454.50","459.70","431.30","2.12M","-3.23%"
"10/07/2021","454.25","462.10","467.70","447.50","1.71M","-0.75%"
"10/06/2021","457.70","471.40","488.20","448.95","6.05M","-2.39%"
"10/05/2021","468.90","424.00","478.75","422.10","7.38M","+11.95%"
"10/04/2021","418.85","398.70","426.10","398.70","2.35M","+5.98%"
"10/01/2021","395.20","398.00","403.95","390.35","1.21M","-2.24%"
"09/30/2021","404.25","410.10","416.10","401.00","1.32M","-0.94%"
"09/29/2021","408.10","414.00","418.65","403.40","1.58M","-2.62%"
"09/28/2021","419.10","411.00","421.80","406.05","3.97M","+3.25%"
"09/27/2021","405.90","382.50","411.70","382.50","7.80M","+8.11%"
"09/24/2021","375.45","360.15","380.00","360.10","5.59M","+4.96%"
"09/23/2021","357.70","360.25","368.00","349.70","1.91M","-0.13%"
"09/22/2021","358.15","356.20","371.50","354.00","4.36M","+1.46%"
"09/21/2021","353.00","325.40","356.15","319.25","6.86M","+8.53%"
"09/20/2021","325.25","303.65","338.65","302.10","5.13M","+6.87%"
"09/17/2021","304.35","312.00","313.10","297.45","427.74K","-1.78%"
"09/16/2021","309.85","315.80","320.25","308.65","717.43K","-1.32%"
"09/15/2021","314.00","310.20","322.70","310.20","909.24K","+1.34%"
"09/14/2021","309.85","308.10","314.35","307.70","621.82K","+0.86%"
"09/13/2021","307.20","304.95","312.60","303.05","461.70K","+0.52%"
"09/09/2021","305.60","304.20","309.00","300.90","383.07K","+0.97%"
"09/08/2021","302.65","309.75","311.10","301.00","278.49K","-1.88%"
"09/07/2021","308.45","312.05","314.95","305.50","328.03K","-0.60%"
"09/06/2021","310.30","308.35","318.75","308.00","730.90K","+1.44%"
"09/03/2021","305.90","309.00","310.05","304.00","201.27K","-0.42%"
"09/02/2021","307.20","297.10","309.60","295.30","855.44K","+4.07%"
"09/01/2021","295.20","302.90","303.60","292.60","330.62K","-2.45%"
"08/31/2021","302.60","299.70","306.00","296.00","436.04K","+1.51%"
"08/30/2021","298.10","289.00","305.45","289.00","1.04M","+3.61%"
"08/27/2021","287.70","286.00","296.15","286.00","374.90K","-0.48%"
"08/26/2021","289.10","289.15","297.50","288.00","474.57K","-2.31%"
"08/25/2021","295.95","302.90","304.50","294.50","289.61K","-2.05%"
"08/24/2021","302.15","285.90","303.30","284.10","797.93K","+5.48%"
"08/23/2021","286.45","305.00","307.45","285.00","675.62K","-5.79%"
"08/20/2021","304.05","311.60","315.20","300.10","366.28K","-4.42%"
"08/18/2021","318.10","326.40","328.00","316.00","437.95K","-2.75%"
"08/17/2021","327.10","335.70","335.70","323.85","405.95K","-1.51%"
"08/16/2021","332.10","338.10","341.00","329.90","373.03K","-1.19%"
"08/13/2021","336.10","336.00","344.00","330.30","908.62K","+2.70%"
"08/12/2021","327.25","319.90","329.65","319.50","309.93K","+3.41%"
"08/11/2021","316.45","323.80","324.90","300.00","969.91K","-1.74%"
"08/10/2021","322.05","336.50","337.55","320.20","413.95K","-4.02%"
"08/09/2021","335.55","336.00","343.60","328.85","456.36K","+0.31%"
"08/06/2021","334.50","340.90","344.90","334.00","573.15K","-1.56%"
"08/05/2021","339.80","344.90","348.80","334.35","461.97K","-0.92%"
"08/04/2021","342.95","357.50","359.35","338.05","533.46K","-3.07%"
"08/03/2021","353.80","355.00","357.45","351.05","444.51K","+0.01%"
"08/02/2021","353.75","357.70","358.70","350.20","525.61K","-0.27%"
"07/30/2021","354.70","350.95","364.50","346.15","1.71M","+1.28%"
"07/29/2021","350.20","357.40","357.45","348.25","413.25K","-1.06%"
"07/28/2021","353.95","351.00","357.65","345.05","1.25M","+2.33%"
"07/27/2021","345.90","344.00","354.95","343.00","1.08M","+0.90%"
"07/26/2021","342.80","336.00","345.00","336.00","740.76K","+2.45%"
"07/23/2021","334.60","331.50","342.00","331.00","787.26K","+1.66%"
"07/22/2021","329.15","328.00","335.90","325.80","389.72K","+1.09%"
"07/20/2021","325.60","334.00","334.00","321.20","301.06K","-2.05%"
"07/19/2021","332.40","329.00","335.95","328.10","407.54K","+0.82%"
"07/16/2021","329.70","328.65","336.70","327.45","559.04K","+1.17%"
"07/15/2021","325.90","330.10","330.80","325.25","360.48K","-0.88%"
"07/14/2021","328.80","330.90","336.65","328.10","549.69K","-0.44%"
"07/13/2021","330.25","337.00","337.30","329.40","438.88K","-1.24%"
"07/12/2021","334.40","338.00","339.30","332.70","297.05K","-0.16%"
"07/09/2021","334.95","339.20","341.50","334.10","311.10K","-1.25%"
"07/08/2021","339.20","341.25","346.55","337.10","594.69K","+0.16%"
"07/07/2021","338.65","337.50","341.45","331.10","355.20K","+1.32%"
"07/06/2021","334.25","343.30","345.00","332.00","442.89K","-2.64%"
"07/05/2021","343.30","340.00","351.65","339.00","543.84K","+0.99%"
"07/02/2021","339.95","347.00","347.50","337.65","374.71K","-1.65%"
"07/01/2021","345.65","350.00","351.90","342.70","445.81K","-0.45%"
"06/30/2021","347.20","345.50","352.50","344.15","930.75K","+1.03%"
"06/29/2021","343.65","336.00","348.65","335.00","976.81K","+1.99%"
"06/28/2021","336.95","332.90","338.50","332.90","522.42K","+1.81%"
"06/25/2021","330.95","332.90","334.90","328.45","442.87K","+0.33%"
"06/24/2021","329.85","332.25","334.95","328.00","276.16K","-0.35%"
"06/23/2021","331.00","339.65","340.75","330.00","361.82K","-2.00%"
"06/22/2021","337.75","328.80","343.80","328.00","844.66K","+3.54%"
"06/21/2021","326.20","321.00","333.90","320.30","464.72K","-0.84%"
"06/18/2021","328.95","334.95","337.70","321.00","750.67K","-1.67%"
"06/17/2021","334.55","337.00","345.65","332.60","584.41K","-2.02%"
"06/16/2021","341.45","344.30","351.00","336.00","1.17M","-0.36%"
"06/15/2021","342.70","338.90","347.60","338.90","576.72K","+1.21%"
"06/14/2021","338.60","341.90","341.90","332.15","596.68K","-0.56%"
"06/11/2021","340.50","342.80","347.65","339.25","540.66K","+0.16%"
"06/10/2021","339.95","347.70","347.70","339.00","953.93K","-1.62%"
"06/09/2021","345.55","355.30","357.70","344.20","484.37K","-2.11%"
"06/08/2021","353.00","353.60","358.00","349.55","692.05K","+0.43%"
"06/07/2021","351.50","355.00","361.85","350.00","600.73K","-1.03%"
"06/04/2021","355.15","359.00","359.00","351.05","406.35K","-0.60%"
"06/03/2021","357.30","346.70","360.90","343.70","773.82K","+3.61%"
"06/02/2021","344.85","339.90","346.75","335.05","455.69K","+1.71%"
"06/01/2021","339.05","347.00","348.80","335.05","483.28K","-1.97%"
"05/31/2021","345.85","347.95","352.95","343.55","426.49K","-1.12%"
"05/28/2021","349.75","364.00","364.75","348.25","617.00K","-3.90%"
"05/27/2021","363.95","350.00","365.70","349.35","2.11M","+5.23%"
"05/26/2021","345.85","336.70","350.45","336.10","729.75K","+2.90%"
"05/25/2021","336.10","344.20","352.00","335.00","761.10K","-2.64%"
"05/24/2021","345.20","357.45","357.45","338.15","1.07M","-3.02%"
"05/21/2021","355.95","356.45","365.90","354.10","685.30K","+0.45%"
"05/20/2021","354.35","369.00","373.70","352.10","1.24M","-0.78%"
"05/19/2021","357.15","360.00","367.90","356.00","827.23K","-1.00%"
"05/18/2021","360.75","391.00","391.00","357.30","2.91M","-2.66%"
"05/17/2021","370.60","361.00","375.25","354.50","1.71M","+3.25%"
"05/14/2021","358.95","375.70","377.20","354.75","1.95M","-2.99%"
"05/12/2021","370.00","378.00","392.40","365.30","4.31M","-0.42%"
"05/11/2021","371.55","340.00","378.85","338.90","4.44M","+8.32%"
"05/10/2021","343.00","340.85","347.00","337.00","961.69K","+1.54%"
"05/07/2021","337.80","345.25","346.65","336.00","627.84K","-1.85%"
"05/06/2021","344.15","334.90","349.80","330.15","1.54M","+2.98%"
"05/05/2021","334.20","332.20","338.75","326.60","750.59K","+1.70%"
"05/04/2021","328.60","350.50","354.45","322.40","1.83M","-5.22%"
"05/03/2021","346.70","331.00","349.80","328.65","1.83M","+4.47%"
"04/30/2021","331.85","325.30","343.65","320.25","2.04M","+1.00%"
"04/29/2021","328.55","320.80","337.80","312.50","3.25M","+3.40%"
"04/28/2021","317.75","323.80","328.95","315.05","3.31M","-0.55%"
"04/27/2021","319.50","281.10","323.50","281.00","7.76M","+14.03%"
"04/26/2021","280.20","282.30","282.50","277.45","444.50K","+0.61%"
"04/23/2021","278.50","276.20","284.00","275.00","600.46K","-0.20%"
"04/22/2021","279.05","276.60","285.55","274.20","839.69K","+0.69%"
"04/20/2021","277.15","280.60","283.15","274.25","425.77K","-0.23%"
"04/19/2021","277.80","288.10","288.50","273.65","958.36K","-3.56%"
"04/16/2021","288.05","280.00","299.50","278.45","1.27M","+3.45%"
"04/15/2021","278.45","281.00","283.25","271.30","615.32K","-0.91%"
"04/13/2021","281.00","266.50","284.90","266.30","689.41K","+5.26%"
"04/12/2021","266.95","278.20","280.00","264.25","836.27K","-7.34%"
"04/09/2021","288.10","296.50","299.90","285.10","711.86K","-3.14%"
"04/08/2021","297.45","299.45","303.75","295.75","1.42M","+0.10%"
"04/07/2021","297.15","285.70","299.40","284.55","1.54M","+4.85%"
"04/06/2021","283.40","277.90","287.85","275.05","1.24M","+2.26%"
"04/05/2021","277.15","281.00","281.00","266.15","1.13M","-1.70%"
"04/01/2021","281.95","274.00","283.75","273.70","1.09M","+4.35%"
"03/31/2021","270.20","262.90","275.25","262.80","649.92K","+1.75%"
"03/30/2021","265.55","259.30","267.35","254.00","1.13M","+3.45%"
"03/26/2021","256.70","255.90","259.00","251.65","751.70K","+1.95%"
"03/25/2021","251.80","272.90","272.90","248.70","1.91M","-3.93%"
"03/24/2021","262.10","268.95","271.80","260.60","758.24K","-2.62%"
"03/23/2021","269.15","273.50","277.50","267.00","849.99K","-0.94%"
"03/22/2021","271.70","276.70","284.30","270.45","931.89K","-1.15%"
"03/19/2021","274.85","272.30","277.00","257.20","1.28M","+0.73%"
"03/18/2021","272.85","276.00","282.75","265.05","1.11M","-0.11%"
"03/17/2021","273.15","278.20","285.35","271.50","720.37K","-3.38%"
"03/16/2021","282.70","280.00","290.90","278.00","1.11M","+1.24%"
"03/15/2021","279.25","279.10","281.70","272.40","831.00K","+0.43%"
"03/12/2021","278.05","281.95","291.00","275.45","1.31M","-0.63%"
"03/10/2021","279.80","281.00","287.80","278.65","972.95K","+0.16%"
"03/09/2021","279.35","292.00","295.00","274.60","839.25K","-3.64%"
"03/08/2021","289.90","279.95","295.00","278.30","1.24M","+4.49%"
"03/05/2021","277.45","290.00","294.00","272.10","1.56M","-4.41%"
"03/04/2021","290.25","287.85","295.60","286.00","1.11M","-0.38%"
"03/03/2021","291.35","295.20","304.00","284.00","2.05M","-1.20%"
"03/02/2021","294.90","306.00","309.70","286.20","3.73M","-1.68%"
"03/01/2021","299.95","270.00","304.75","267.35","8.95M","+14.64%"
"02/26/2021","261.65","244.00","269.00","239.70","5.60M","+6.73%"
"02/25/2021","245.15","233.00","250.00","230.45","4.98M","+7.78%"
"02/24/2021","227.45","228.75","234.40","225.90","2.06M","+2.41%"
"02/23/2021","222.10","209.90","224.75","208.30","4.14M","+6.83%"
"02/22/2021","207.90","211.00","215.85","205.20","3.65M","+2.74%"
"02/19/2021","202.35","202.95","208.60","200.25","1.91M","+0.62%"
"02/18/2021","201.10","196.45","206.10","196.30","1.92M","+2.84%"
"02/17/2021","195.55","197.45","198.85","194.30","571.19K","-1.01%"
"02/16/2021","197.55","201.00","203.00","195.50","718.70K","-0.78%"
"02/15/2021","199.10","196.25","201.50","194.50","1.06M","+1.87%"
"02/12/2021","195.45","194.50","199.00","192.85","653.77K","+0.54%"
"02/11/2021","194.40","192.90","196.00","192.60","434.08K","+0.62%"
"02/10/2021","193.20","198.65","198.80","192.00","551.83K","-1.90%"
"02/09/2021","196.95","195.00","201.75","194.00","1.36M","+2.15%"
"02/08/2021","192.80","200.00","201.80","192.00","1.25M","-2.70%"
"02/05/2021","198.15","208.00","209.90","196.60","3.31M","-1.17%"
"02/04/2021","200.50","192.00","202.35","192.00","2.45M","+4.56%"
"02/03/2021","191.75","184.05","194.90","183.10","2.02M","+5.42%"
"02/02/2021","181.90","182.15","185.30","180.30","705.02K","+0.47%"
"02/01/2021","181.05","181.45","185.25","179.25","1.06M","+0.14%"
"01/29/2021","180.80","179.40","186.80","177.25","1.32M","+1.57%"
"01/28/2021","178.00","174.00","179.90","172.30","636.73K","+1.66%"
"01/27/2021","175.10","178.30","180.25","173.45","568.41K","-2.07%"
"01/25/2021","178.80","184.20","185.80","177.50","633.19K","-2.45%"
"01/22/2021","183.30","188.00","189.00","182.20","725.98K","-2.11%"
"01/21/2021","187.25","180.95","190.95","180.95","2.02M","+4.23%"
"01/20/2021","179.65","182.20","183.80","178.35","646.08K","-0.66%"
"01/19/2021","180.85","182.05","185.00","178.60","617.81K","+0.03%"
"01/18/2021","180.80","184.60","187.45","178.50","731.66K","-2.11%"
"01/15/2021","184.70","191.30","192.10","183.70","871.22K","-3.48%"
"01/14/2021","191.35","189.40","192.50","188.65","430.03K","+1.67%"
"01/13/2021","188.20","193.35","198.40","186.80","1.60M","-2.00%"
"01/12/2021","192.05","192.40","196.80","191.30","764.79K","-0.10%"
"01/11/2021","192.25","195.00","196.90","191.10","976.37K","-0.31%"
"01/08/2021","192.85","197.45","202.85","190.90","1.36M","-1.41%"
"01/07/2021","195.60","195.30","200.00","194.75","679.12K","+0.75%"
"01/06/2021","194.15","199.00","200.80","192.45","648.81K","-1.89%"
"01/05/2021","197.90","197.00","203.00","196.20","1.54M","+1.00%"
"01/04/2021","195.95","196.40","199.45","194.00","504.10K","+0.23%"
"01/01/2021","195.50","194.45","198.80","194.00","492.66K","+0.77%"
"12/31/2020","194.00","192.50","196.20","191.40","319.71K","+0.78%"
"12/30/2020","192.50","198.10","198.40","191.10","749.46K","-2.70%"
"12/29/2020","197.85","200.40","200.80","192.40","752.90K","-1.27%"
"12/28/2020","200.40","199.90","203.60","195.50","939.26K","+0.83%"
"12/24/2020","198.75","190.10","202.40","190.05","1.68M","+6.31%"
"12/23/2020","186.95","184.00","191.55","182.15","1.20M","+2.80%"
"12/22/2020","181.85","185.00","196.00","175.55","1.38M","-4.26%"
"12/21/2020","189.95","209.00","209.50","180.80","920.24K","-9.93%"
"12/18/2020","210.90","212.60","213.95","205.55","787.89K","-0.96%"
"12/17/2020","212.95","217.50","221.45","210.00","1.11M","-1.82%"
"12/16/2020","216.90","217.55","222.90","214.75","1.24M","+1.36%"
"12/15/2020","214.00","217.40","218.50","208.90","882.05K","-1.86%"
"12/14/2020","218.05","214.60","221.40","210.90","862.49K","+2.44%"
"12/11/2020","212.85","221.50","222.60","210.85","944.11K","-3.43%"
"12/10/2020","220.40","215.00","224.75","213.00","2.74M","+3.35%"
"12/09/2020","213.25","204.40","215.80","201.30","2.08M","+4.95%"
"12/08/2020","203.20","213.00","215.00","197.75","1.32M","-3.88%"
"12/07/2020","211.40","195.60","214.70","193.05","3.09M","+8.08%"
"12/04/2020","195.60","192.90","197.40","190.05","924.40K","+1.82%"
"12/03/2020","192.10","194.00","197.70","190.10","2.18M","+4.06%"
"12/02/2020","184.60","182.20","187.40","182.20","1.06M","+1.74%"
"12/01/2020","181.45","181.50","185.25","178.15","761.13K","+0.72%"
"11/27/2020","180.15","178.40","181.85","175.50","1.09M","+1.24%"
"11/26/2020","177.95","172.90","178.80","169.60","741.49K","+3.49%"
"11/25/2020","171.95","177.90","178.70","171.00","784.73K","-2.41%"
"11/24/2020","176.20","164.45","177.60","164.15","1.73M","+7.41%"
"11/23/2020","164.05","163.75","165.20","162.70","234.65K","+0.89%"
"11/20/2020","162.60","162.05","163.40","160.05","289.28K","+0.53%"
"11/19/2020","161.75","162.75","164.80","161.10","344.24K","-0.74%"
"11/18/2020","162.95","161.85","165.00","161.00","428.71K","+1.27%"
"11/17/2020","160.90","168.00","168.65","160.00","533.54K","-3.48%"
"11/14/2020","166.70","164.00","167.70","163.50","201.45K","+2.71%"
"11/13/2020","162.30","161.80","164.90","161.05","584.71K","+0.40%"
"11/12/2020","161.65","162.35","165.90","160.10","624.33K","+0.40%"
"11/11/2020","161.00","166.15","169.85","159.35","622.57K","-3.36%"
"11/10/2020","166.60","172.60","172.60","165.55","342.94K","-2.09%"
"11/09/2020","170.15","178.45","180.90","169.10","831.13K","-4.65%"
"11/06/2020","178.45","177.00","181.45","176.60","492.47K","+1.54%"
"11/05/2020","175.75","175.40","179.00","173.10","396.11K","+2.18%"
"11/04/2020","172.00","174.00","176.00","170.05","261.00K","-0.86%"
"11/03/2020","173.50","174.95","177.80","172.00","343.92K","-0.14%"
"11/02/2020","173.75","175.75","181.00","172.00","423.36K","-1.17%"
"10/30/2020","175.80","177.70","180.40","173.80","277.22K","-1.10%"
"10/29/2020","177.75","178.00","183.25","175.90","389.75K","-1.09%"
"10/28/2020","179.70","176.80","185.20","176.80","634.52K","+0.98%"
"10/27/2020","177.95","178.20","181.20","173.70","424.87K","-0.84%"
"10/26/2020","179.45","175.65","181.75","174.15","704.33K","+2.78%"
"10/23/2020","174.60","177.40","177.90","173.50","222.83K","-0.43%"
"10/22/2020","175.35","167.00","177.25","165.95","424.20K","+4.37%"
"10/21/2020","168.00","170.10","172.90","163.30","459.31K","-0.44%"
"10/20/2020","168.75","170.95","171.95","168.20","231.76K","-1.29%"
"10/19/2020","170.95","170.00","173.85","168.00","644.98K","+2.43%"
"10/16/2020","166.90","163.90","168.50","159.60","586.52K","+2.87%"
"10/15/2020","162.25","155.25","168.70","154.80","1.34M","+4.78%"
"10/14/2020","154.85","161.00","161.70","153.20","781.86K","-4.44%"
"10/13/2020","162.05","168.00","168.40","161.25","735.78K","-4.25%"
"10/12/2020","169.25","177.75","178.40","167.50","548.75K","-4.24%"
"10/09/2020","176.75","181.95","181.95","176.10","457.27K","-2.32%"
"10/08/2020","180.95","180.45","183.00","178.40","640.20K","+0.92%"
"10/07/2020","179.30","180.90","181.45","175.90","750.87K","-0.50%"
"10/06/2020","180.20","179.90","182.80","178.40","653.49K","+1.12%"
"10/05/2020","178.20","184.45","185.65","177.00","643.74K","-2.49%"
"10/01/2020","182.75","181.00","189.45","180.25","1.55M","+2.64%"
"09/30/2020","178.05","181.00","182.40","177.00","763.02K","-1.06%"
"09/29/2020","179.95","181.95","184.75","177.70","818.37K","-0.53%"
"09/28/2020","180.90","182.10","185.20","179.40","740.77K","+1.01%"
"09/25/2020","179.10","178.00","182.85","174.65","935.32K","+2.26%"
"09/24/2020","175.15","177.40","181.50","173.05","1.19M","-2.96%"
"09/23/2020","180.50","180.40","185.80","176.00","836.62K","+1.06%"
"09/22/2020","178.60","182.00","184.30","170.50","1.59M","-0.56%"
"09/21/2020","179.60","197.50","202.35","178.00","2.33M","-7.11%"
"09/18/2020","193.35","187.00","198.70","186.50","4.30M","+4.83%"
"09/17/2020","184.45","178.80","187.00","176.60","2.58M","+2.81%"
"09/16/2020","179.40","180.00","183.65","178.10","863.38K","+0.59%"
"09/15/2020","178.35","185.00","185.95","177.50","567.59K","-3.20%"
"09/14/2020","184.25","181.85","187.10","178.15","1.07M","+2.33%"
"09/11/2020","180.05","182.00","183.45","174.25","792.39K","-1.02%"
"09/10/2020","181.90","178.00","189.45","177.90","2.26M","+3.35%"
"09/09/2020","176.00","175.35","178.10","167.35","953.67K","-0.76%"
"09/08/2020","177.35","184.45","187.65","175.10","924.18K","-3.06%"
"09/07/2020","182.95","189.00","191.35","179.30","1.00M","+2.35%"
"09/04/2020","178.75","183.90","186.70","177.80","943.23K","-4.95%"
"09/03/2020","188.05","175.80","191.00","175.80","960.75K","+6.51%"
"09/02/2020","176.55","160.20","178.75","160.20","785.27K","+10.38%"
"09/01/2020","159.95","156.00","168.80","155.20","995.79K","-7.38%"
"08/31/2020","172.70","190.00","191.50","164.40","918.20K","-8.53%"
"08/28/2020","188.80","190.40","195.45","188.00","728.17K","-0.16%"
"08/27/2020","189.10","190.25","192.00","183.55","833.32K","-0.89%"
"08/26/2020","190.80","193.35","195.60","185.00","3.13M","-1.50%"
"08/25/2020","193.70","196.80","202.50","188.00","5.86M","+3.86%"
"08/24/2020","186.50","167.50","193.20","165.00","5.07M","+12.69%"
"08/21/2020","165.50","155.00","166.40","153.05","4.10M","+8.21%"
"08/20/2020","152.95","142.00","154.85","140.85","2.33M","+3.69%"
"08/19/2020","147.50","149.10","151.40","147.10","789.16K","-0.87%"
"08/18/2020","148.80","148.15","151.90","147.60","1.79M","+1.36%"
"08/17/2020","146.80","140.45","148.00","139.10","2.87M","+5.57%"
"08/14/2020","139.05","140.00","143.90","136.80","1.18M","+0.00%"
"08/13/2020","139.05","141.80","144.20","137.50","1.49M","-0.89%"
"08/12/2020","140.30","141.10","144.50","138.10","2.13M","-2.13%"
"08/11/2020","143.35","139.00","145.40","139.00","1.93M","+4.18%"
"08/10/2020","137.60","137.35","141.95","135.85","1.43M","+1.33%"
"08/07/2020","135.80","134.00","138.65","133.70","828.95K","+1.04%"
"08/06/2020","134.40","135.00","136.30","133.55","530.43K","+0.04%"
"08/05/2020","134.35","136.00","138.35","134.00","896.58K","-0.74%"
"08/04/2020","135.35","133.60","136.50","133.00","602.21K","+1.92%"
"08/03/2020","132.80","133.80","135.95","131.55","1.08M","-1.08%"
"07/31/2020","134.25","133.50","135.90","131.75","1.01M","+0.22%"
"07/30/2020","133.95","138.00","139.50","133.10","1.59M","-2.01%"
"07/29/2020","136.70","130.30","138.65","129.55","2.17M","+5.07%"
"07/28/2020","130.10","128.65","131.25","128.65","754.86K","+1.52%"
"07/27/2020","128.15","132.10","132.85","127.30","907.54K","-2.73%"
"07/24/2020","131.75","132.90","134.35","130.60","972.74K","-1.64%"
"07/23/2020","133.95","133.90","136.60","132.75","1.28M","+0.26%"
"07/22/2020","133.60","134.40","135.50","130.90","684.93K","-0.15%"
"07/21/2020","133.80","134.35","138.60","133.00","1.40M","+0.38%"
"07/20/2020","133.30","132.50","135.25","131.45","1.30M","+1.21%"
"07/17/2020","131.70","129.80","133.65","129.10","886.17K","+2.33%"
"07/16/2020","128.70","130.60","131.00","126.15","451.46K","-0.96%"
"07/15/2020","129.95","136.90","137.70","128.20","808.60K","-3.09%"
"07/14/2020","134.10","140.00","140.75","132.50","799.07K","-4.89%"
"07/13/2020","141.00","148.80","149.75","140.05","3.01M","-1.54%"
"07/10/2020","143.20","141.00","148.80","140.50","4.37M","+1.99%"
"07/09/2020","140.40","134.90","142.50","134.25","2.93M","+5.21%"
"07/08/2020","133.45","131.90","138.80","131.90","2.52M","+2.46%"
"07/07/2020","130.25","128.50","133.90","127.65","1.55M","+1.52%"
"07/06/2020","128.30","128.00","130.90","126.60","922.52K","+3.22%"
"07/03/2020","124.30","124.10","125.90","123.30","348.54K","+0.28%"
"07/02/2020","123.95","126.00","127.00","123.00","423.94K","-1.51%"
"07/01/2020","125.85","124.60","126.50","121.25","719.86K","+2.11%"
"06/30/2020","123.25","128.00","129.90","122.60","562.42K","-3.07%"
"06/29/2020","127.15","129.80","131.20","126.25","880.13K","-3.01%"
"06/26/2020","131.10","133.10","135.30","130.10","1.43M","-0.76%"
"06/25/2020","132.10","128.25","133.40","127.65","1.60M","+3.00%"
"06/24/2020","128.25","132.70","134.75","126.50","2.23M","-2.55%"
"06/23/2020","131.60","127.40","133.70","125.55","2.17M","+4.28%"
"06/22/2020","126.20","125.60","128.00","125.05","777.26K","+0.68%"
"06/19/2020","125.35","128.00","129.40","124.00","902.98K","-1.65%"
"06/18/2020","127.45","124.60","129.90","124.60","2.18M","+3.49%"
"06/17/2020","123.15","123.20","127.80","121.85","1.30M","-1.52%"
"06/16/2020","125.05","133.00","134.00","120.60","2.14M","-3.96%"
"06/15/2020","130.20","123.25","133.50","118.65","4.40M","+6.29%"
"06/12/2020","122.50","121.45","123.90","118.60","1.85M","-2.35%"
"06/11/2020","125.45","122.00","136.40","120.10","5.98M","+2.58%"
"06/10/2020","122.30","123.55","126.50","118.25","1.32M","-0.04%"
"06/09/2020","122.35","116.10","125.00","113.90","3.77M","+6.25%"
"06/08/2020","115.15","117.75","119.90","114.00","1.28M","-0.04%"
"06/05/2020","115.20","110.80","120.20","110.05","3.95M","+4.97%"
"06/04/2020","109.75","110.70","112.90","108.25","779.38K","-0.81%"
"06/03/2020","110.65","109.50","114.00","108.55","2.18M","+2.12%"
"06/02/2020","108.35","108.00","110.70","107.45","1.11M","+0.70%"
"06/01/2020","107.60","106.00","111.00","106.00","4.16M","+6.91%"
"05/29/2020","100.65","100.50","106.90","98.55","3.01M","+0.15%"
"05/28/2020","100.50","96.75","102.00","96.55","641.18K","+4.42%"
"05/27/2020","96.25","97.35","97.60","94.40","444.15K","-0.26%"
"05/26/2020","96.50","100.00","100.00","96.05","435.10K","-2.13%"
"05/22/2020","98.60","99.95","103.45","98.10","646.49K","-1.55%"
"05/21/2020","100.15","102.10","104.00","99.50","523.55K","-1.57%"
"05/20/2020","101.75","102.20","104.10","101.40","385.88K","-0.78%"
"05/19/2020","102.55","104.00","105.45","101.25","571.21K","+0.20%"
"05/18/2020","102.35","108.75","108.75","101.60","435.70K","-5.54%"
"05/15/2020","108.35","110.00","110.00","107.65","593.94K","-4.45%"
"05/14/2020","113.40","110.20","115.45","108.60","1.18M","+1.07%"
"05/13/2020","112.20","109.70","114.40","107.20","1.47M","+6.55%"
"05/12/2020","105.30","103.90","106.90","100.50","571.79K","+1.06%"
"05/11/2020","104.20","107.45","108.60","103.85","431.64K","-1.51%"
"05/08/2020","105.80","110.05","111.70","105.55","436.24K","-3.33%"
"05/07/2020","109.45","110.45","112.00","109.05","291.46K","-2.28%"
"05/06/2020","112.00","116.50","118.90","110.50","1.76M","+0.95%"
"05/05/2020","110.95","109.00","113.20","106.20","1.54M","+3.07%"
"05/04/2020","107.65","111.50","111.70","105.05","719.14K","-2.76%"
"04/30/2020","110.70","117.95","118.00","110.00","893.40K","-4.73%"
"04/29/2020","116.20","116.85","121.80","115.00","2.13M","+1.62%"
"04/28/2020","114.35","111.50","116.60","109.05","1.33M","+3.86%"
"04/27/2020","110.10","114.90","117.00","109.10","997.32K","-2.00%"
"04/24/2020","112.35","106.40","113.75","105.05","1.63M","+3.22%"
"04/23/2020","108.85","109.80","115.45","107.10","1.31M","+1.35%"
"04/22/2020","107.40","104.50","110.40","98.95","751.06K","+2.24%"
"04/21/2020","105.05","109.90","110.00","104.10","295.21K","-6.54%"
"04/20/2020","112.40","118.00","118.00","111.35","403.83K","-2.30%"
"04/17/2020","115.05","119.40","119.40","112.35","533.74K","+0.79%"
"04/16/2020","114.15","111.50","119.80","111.50","1.39M","+4.49%"
"04/15/2020","109.25","105.10","114.90","103.80","2.19M","+7.53%"
"04/13/2020","101.60","103.90","106.80","95.55","567.55K","-0.64%"
"04/09/2020","102.25","100.20","108.80","98.70","1.99M","+11.32%"
"04/08/2020","91.85","86.60","97.60","86.00","1.37M","+6.06%"
"04/07/2020","86.60","82.30","88.65","82.00","1.39M","+9.34%"
"04/03/2020","79.20","82.50","83.20","78.05","567.83K","-3.83%"
"04/01/2020","82.35","84.75","86.25","81.10","358.09K","-2.77%"
"03/31/2020","84.70","75.60","89.50","75.50","2.04M","+13.01%"
"03/30/2020","74.95","75.80","77.70","70.00","250.83K","-1.70%"
"03/27/2020","76.25","80.00","84.40","75.20","564.71K","-4.03%"
"03/26/2020","79.45","75.75","84.70","70.20","1.43M","+9.97%"
"03/25/2020","72.25","67.50","76.35","65.55","241.72K","+6.25%"
"03/24/2020","68.00","78.90","79.00","66.10","301.16K","-2.23%"
"03/23/2020","69.55","80.00","80.00","67.05","295.11K","-19.03%"
"03/20/2020","85.90","82.00","87.50","80.15","315.17K","+9.01%"
"03/19/2020","78.80","83.20","85.40","74.75","452.30K","-10.05%"
"03/18/2020","87.60","93.05","96.70","85.05","321.50K","-5.25%"
"03/17/2020","92.45","98.05","99.80","91.25","407.23K","-3.35%"
"03/16/2020","95.65","100.80","102.70","95.00","338.50K","-9.03%"
"03/13/2020","105.15","95.00","110.70","80.05","859.09K","+2.69%"
"03/12/2020","102.40","102.00","114.95","100.50","606.38K","-8.04%"
"03/11/2020","111.35","105.30","118.25","105.30","429.98K","+4.60%"
"03/09/2020","106.45","112.95","112.95","103.00","420.03K","-8.55%"
"03/06/2020","116.40","120.00","123.00","115.65","360.19K","-7.47%"
"03/05/2020","125.80","130.00","131.00","125.05","282.13K","-0.24%"
"03/04/2020","126.10","131.15","132.10","123.50","229.84K","-4.36%"
"03/03/2020","131.85","131.50","134.20","130.00","166.37K","+1.38%"
"03/02/2020","130.05","138.00","138.00","128.00","355.32K","+3.34%"
"02/28/2020","125.85","130.10","133.90","125.10","333.34K","-7.12%"
"02/27/2020","135.50","139.90","139.90","135.00","260.89K","-2.62%"
"02/26/2020","139.15","142.80","143.00","138.10","321.91K","-2.79%"
"02/25/2020","143.15","140.20","145.70","137.60","549.21K","+1.92%"
"02/24/2020","140.45","145.00","145.85","139.90","259.36K","-4.42%"
"02/20/2020","146.95","149.00","151.90","146.00","276.65K","-0.54%"
"02/19/2020","147.75","143.60","152.20","142.70","515.31K","+3.18%"
"02/18/2020","143.20","145.00","146.50","140.65","404.33K","-2.95%"
"02/17/2020","147.55","153.00","153.80","146.45","390.59K","-3.69%"
"02/14/2020","153.20","157.00","159.75","150.55","610.22K","-2.01%"
"02/13/2020","156.35","164.00","164.15","155.30","462.98K","-4.02%"
"02/12/2020","162.90","169.50","172.90","161.70","1.85M","+1.84%"
"02/11/2020","159.95","166.55","167.35","158.10","818.51K","-3.96%"
"02/10/2020","166.55","167.75","176.30","164.15","5.87M","+9.54%"
"02/07/2020","152.05","145.10","155.40","141.65","982.82K","+5.30%"
"02/06/2020","144.40","144.40","148.90","142.90","442.99K","+0.59%"
"02/05/2020","143.55","143.25","146.00","143.00","292.38K","+0.56%"
"02/04/2020","142.75","142.10","146.60","140.40","548.81K","+1.82%"
"02/03/2020","140.20","152.00","152.00","139.05","534.84K","-8.16%"
"02/01/2020","152.65","164.00","171.40","150.00","753.34K","-6.84%"
"01/31/2020","163.85","166.00","166.40","162.00","218.90K","-0.40%"
"01/30/2020","164.50","173.00","173.00","163.00","342.62K","-4.55%"
"01/29/2020","172.35","176.90","178.00","171.45","343.16K","-1.88%"
"01/28/2020","175.65","180.10","182.00","171.50","530.48K","-1.98%"
"01/27/2020","179.20","181.00","184.00","178.20","876.77K","+0.11%"
"01/24/2020","179.00","175.00","184.90","173.25","2.30M","+2.23%"
"01/23/2020","175.10","173.65","176.60","168.70","1.24M","+1.36%"
"01/22/2020","172.75","165.05","174.15","164.55","803.25K","+5.30%"
"01/21/2020","164.05","163.95","166.20","162.00","442.23K","+0.03%"
"01/20/2020","164.00","166.90","169.65","162.25","325.63K","-2.09%"
"01/17/2020","167.50","170.50","171.80","166.40","892.03K","-4.64%"
"01/16/2020","175.65","169.20","176.95","167.05","1.32M","+3.17%"
"01/15/2020","170.25","165.00","181.95","161.20","2.09M","+2.71%"
"01/14/2020","165.75","164.00","168.20","163.30","757.56K","+1.38%"
"01/13/2020","163.50","159.40","165.80","158.00","1.07M","+2.77%"
"01/10/2020","159.10","161.80","162.90","156.50","641.22K","-1.24%"
"01/09/2020","161.10","157.95","165.30","156.30","2.59M","+4.07%"
"01/08/2020","154.80","142.00","156.55","141.05","2.90M","+5.27%"
"01/07/2020","147.05","136.00","149.40","136.00","1.51M","+9.21%"
"01/06/2020","134.65","139.90","141.00","133.15","417.52K","-3.96%"
"01/03/2020","140.20","135.00","144.35","133.25","1.57M","+1.37%"
"01/02/2020","138.30","128.55","141.60","125.00","1.87M","+4.69%"
"01/01/2020","132.10","134.60","134.60","131.35","408.86K","-1.34%"
"12/31/2019","133.90","137.25","137.80","133.55","748.60K","-2.19%"
"12/30/2019","136.90","139.35","140.70","136.65","489.42K","-1.69%"
"12/27/2019","139.25","144.25","145.00","138.25","618.99K","-2.25%"
"12/26/2019","142.45","137.00","147.70","136.10","935.16K","+4.02%"
"12/24/2019","136.95","136.70","138.50","135.15","238.63K","+0.00%"
"12/23/2019","136.95","138.00","139.20","136.50","211.24K","-0.80%"
"12/20/2019","138.05","141.25","141.95","138.00","307.07K","-2.37%"
"12/19/2019","141.40","143.40","143.85","140.80","117.26K","-1.15%"
"12/18/2019","143.05","143.40","145.50","140.50","234.46K","-0.14%"
"12/17/2019","143.25","141.95","144.25","141.25","211.90K","+1.63%"
"12/16/2019","140.95","140.35","143.55","140.35","160.58K","+0.04%"
"12/13/2019","140.90","144.45","145.50","140.00","240.38K","-1.81%"
"12/12/2019","143.50","142.00","144.80","141.20","124.79K","+1.74%"
"12/11/2019","141.05","141.70","143.15","139.20","112.06K","+0.25%"
"12/10/2019","140.70","139.50","144.05","139.50","257.17K","+1.37%"
"12/09/2019","138.80","147.55","148.65","137.55","394.93K","-6.37%"
"12/06/2019","148.25","151.45","152.80","147.55","157.88K","-1.85%"
"12/05/2019","151.05","156.00","156.70","150.20","281.86K","-3.14%"
"12/04/2019","155.95","156.50","157.40","155.15","106.86K","-0.42%"
"12/03/2019","156.60","158.90","160.40","156.00","107.03K","-1.69%"
"12/02/2019","159.30","164.00","164.45","158.60","122.02K","-2.45%"
"11/29/2019","163.30","162.00","164.90","161.25","164.97K","+0.40%"
"11/28/2019","162.65","161.30","164.50","160.30","110.44K","+1.18%"
"11/27/2019","160.75","165.00","166.00","159.75","167.44K","-2.58%"
"11/26/2019","165.00","161.80","166.60","161.00","386.79K","+2.68%"
"11/25/2019","160.70","160.00","162.55","159.00","224.25K","+1.10%"
"11/22/2019","158.95","161.05","162.60","158.50","186.56K","-1.15%"
"11/21/2019","160.80","163.95","164.30","160.30","156.32K","-1.77%"
"11/20/2019","163.70","164.95","166.90","162.90","176.26K","-0.37%"
"11/19/2019","164.30","163.95","165.40","161.00","154.03K","+0.52%"
"11/18/2019","163.45","161.20","166.80","160.45","144.82K","+0.65%"
"11/15/2019","162.40","163.90","165.90","161.50","179.53K","-0.49%"
"11/14/2019","163.20","166.65","167.10","162.25","195.64K","-2.30%"
"11/13/2019","167.05","172.60","172.85","165.75","192.25K","-2.74%"
"11/11/2019","171.75","172.40","174.75","170.05","194.00K","-0.64%"
"11/08/2019","172.85","173.65","181.00","171.30","419.82K","-1.79%"
"11/07/2019","176.00","175.45","179.25","173.00","351.70K","+1.21%"
"11/06/2019","173.90","172.35","179.00","169.20","572.74K","-4.19%"
"11/05/2019","181.50","189.55","189.90","180.20","306.28K","-4.17%"
"11/04/2019","189.40","191.45","194.50","186.80","525.18K","-1.20%"
"11/01/2019","191.70","187.65","194.60","184.25","752.74K","+2.76%"
"10/31/2019","186.55","176.00","193.50","176.00","1.25M","+5.96%"
"10/30/2019","176.05","176.50","179.10","175.00","284.42K","+0.31%"
"10/29/2019","175.50","176.25","177.00","172.55","234.04K","+0.29%"
"10/27/2019","175.00","173.90","176.85","171.90","69.40K","+1.63%"
"10/25/2019","172.20","179.00","179.00","171.25","304.61K","-2.85%"
"10/24/2019","177.25","171.35","180.30","169.20","476.34K","+4.23%"
"10/23/2019","170.05","168.55","175.85","165.30","456.59K","+0.89%"
"10/22/2019","168.55","169.50","172.00","167.75","246.53K","-0.59%"
"10/18/2019","169.55","170.00","175.70","167.25","500.63K","+1.31%"
"10/17/2019","167.35","165.10","168.45","162.25","217.29K","+1.70%"
"10/16/2019","164.55","167.10","171.20","163.50","191.93K","-1.50%"
"10/15/2019","167.05","174.40","175.70","161.50","239.61K","-3.99%"
"10/14/2019","174.00","171.00","175.90","171.00","174.67K","+1.84%"
"10/11/2019","170.85","172.00","173.25","166.60","163.50K","-0.20%"
"10/10/2019","171.20","168.80","175.45","166.70","264.25K","+1.33%"
"10/09/2019","168.95","162.90","169.70","160.05","157.85K","+3.94%"
"10/07/2019","162.55","167.80","167.80","160.55","128.69K","-2.25%"
"10/04/2019","166.30","167.00","169.45","164.05","212.00K","+0.15%"
"10/03/2019","166.05","167.90","168.75","164.05","187.05K","-2.41%"
"10/01/2019","170.15","176.50","178.75","166.25","260.45K","-1.31%"
"09/30/2019","172.40","180.60","180.60","170.00","198.87K","-4.12%"
"09/27/2019","179.80","185.00","189.35","178.40","360.56K","-2.20%"
"09/26/2019","183.85","179.90","186.00","176.20","403.78K","+2.22%"
"09/25/2019","179.85","185.90","188.50","178.00","618.13K","-1.83%"
"09/24/2019","183.20","176.00","186.90","170.50","554.17K","+3.83%"
"09/23/2019","176.45","178.95","185.10","174.50","347.58K","+0.92%"
"09/20/2019","174.85","158.40","180.00","156.25","871.09K","+10.56%"
"09/19/2019","158.15","161.40","161.40","156.40","219.40K","-2.10%"
"09/18/2019","161.55","161.55","163.75","159.20","254.71K","+1.03%"
"09/17/2019","159.90","173.00","178.00","157.30","1.39M","-4.91%"
"09/16/2019","168.15","164.90","172.00","163.10","364.81K","+0.54%"
"09/13/2019","167.25","162.10","171.75","159.10","317.76K","+3.05%"
"09/12/2019","162.30","164.00","167.80","161.10","219.99K","+0.00%"
"09/11/2019","162.30","157.75","164.00","156.35","538.70K","+2.88%"
"09/09/2019","157.75","153.65","159.90","151.40","216.78K","+2.44%"
"09/06/2019","154.00","148.85","156.00","148.25","289.33K","+4.58%"
"09/05/2019","147.25","145.95","151.90","145.50","147.46K","+1.52%"
"09/04/2019","145.05","144.90","145.85","143.45","131.62K","+0.52%"
"09/03/2019","144.30","148.15","148.50","143.00","90.89K","-3.64%"
"08/30/2019","149.75","146.75","152.40","146.75","162.40K","+2.11%"
"08/29/2019","146.65","150.20","151.80","145.10","240.95K","-3.99%"
"08/28/2019","152.75","162.00","162.90","151.50","203.21K","-6.14%"
"08/27/2019","162.75","154.20","163.70","153.30","277.81K","+6.55%"
"08/26/2019","152.75","152.95","153.90","144.00","250.19K","+2.72%"
"08/23/2019","148.70","146.00","151.35","138.50","286.57K","+0.92%"
"08/22/2019","147.35","155.85","155.85","142.00","455.29K","-9.99%"
"08/21/2019","163.70","167.25","168.70","162.65","193.41K","-2.62%"
"08/20/2019","168.10","166.20","169.80","166.20","200.91K","+1.36%"
"08/19/2019","165.85","165.00","167.65","162.80","268.71K","+0.82%"
"08/16/2019","164.50","165.00","165.65","161.10","247.60K","+0.49%"
"08/14/2019","163.70","168.20","169.95","161.20","451.87K","-5.13%"
"08/13/2019","172.55","177.60","178.80","170.20","167.65K","-2.10%"
"08/09/2019","176.25","180.50","186.50","175.40","207.42K","-1.40%"
"08/08/2019","178.75","176.05","180.00","174.05","148.91K","+1.59%"
"08/07/2019","175.95","171.20","182.20","171.20","215.23K","+3.44%"
"08/06/2019","170.10","168.90","172.50","167.65","131.49K","+0.35%"
"08/05/2019","169.50","176.00","176.05","167.25","214.51K","-4.91%"
"08/02/2019","178.25","175.50","180.50","174.05","125.93K","+0.34%"
"08/01/2019","177.65","180.50","184.00","175.00","151.18K","-1.85%"
"07/31/2019","181.00","180.00","184.50","179.00","190.14K","+0.42%"
"07/30/2019","180.25","181.95","183.70","179.00","185.61K","-0.93%"
"07/29/2019","181.95","182.60","184.50","180.00","150.56K","-0.36%"
"07/26/2019","182.60","181.95","184.80","180.55","132.12K","-0.03%"
"07/25/2019","182.65","180.10","184.00","179.10","166.32K","+1.98%"
"07/24/2019","179.10","177.00","181.70","175.80","249.93K","+1.39%"
"07/23/2019","176.65","176.00","179.35","174.65","200.68K","+0.60%"
"07/22/2019","175.60","183.75","183.75","174.00","422.98K","-4.98%"
"07/19/2019","184.80","198.40","198.40","182.00","319.06K","-4.77%"
"07/18/2019","194.05","199.50","199.50","193.20","154.03K","-2.73%"
"07/17/2019","199.50","195.10","203.90","195.10","241.64K","+2.02%"
"07/16/2019","195.55","198.50","198.50","194.15","144.22K","-0.84%"
"07/15/2019","197.20","203.40","204.90","195.20","219.32K","-2.69%"
"07/12/2019","202.65","203.90","208.80","201.15","294.31K","-0.12%"
"07/11/2019","202.90","204.00","204.75","201.25","122.02K","+0.12%"
"07/10/2019","202.65","204.90","207.25","201.00","165.57K","-1.15%"
"07/09/2019","205.00","205.00","208.60","200.90","263.78K","+0.24%"
"07/08/2019","204.50","206.60","208.80","202.20","211.50K","-2.73%"
"07/05/2019","210.25","225.40","226.90","208.55","435.30K","-6.01%"
"07/04/2019","223.70","220.90","227.20","220.85","284.49K","+1.38%"
"07/03/2019","220.65","220.00","226.50","218.35","538.65K","+0.64%"
"07/02/2019","219.25","210.20","221.70","210.20","959.74K","+5.03%"
"07/01/2019","208.75","204.50","209.80","204.50","281.77K","+2.40%"
"06/28/2019","203.85","210.10","211.00","202.30","323.92K","-2.37%"
"06/27/2019","208.80","211.00","213.85","208.00","215.54K","-0.36%"
"06/26/2019","209.55","206.80","212.00","206.80","299.45K","+1.38%"
"06/25/2019","206.70","210.95","211.55","205.95","204.01K","-1.69%"
"06/24/2019","210.25","214.00","216.40","209.10","159.64K","-1.82%"
"06/21/2019","214.15","213.00","217.00","209.70","199.55K","+0.37%"
"06/20/2019","213.35","205.20","215.50","202.65","310.34K","+2.42%"
"06/19/2019","208.30","215.00","219.40","205.50","315.55K","-2.80%"
"06/18/2019","214.30","220.25","224.35","212.25","196.92K","-3.40%"
"06/17/2019","221.85","232.20","232.20","220.65","207.67K","-4.46%"
"06/14/2019","232.20","233.60","237.25","230.50","123.67K","-0.54%"
"06/13/2019","233.45","242.80","243.00","232.20","249.33K","-4.32%"
"06/12/2019","244.00","235.20","245.85","235.20","452.34K","+3.46%"
"06/11/2019","235.85","236.50","237.80","231.10","234.94K","-0.38%"
"06/10/2019","236.75","249.40","250.90","233.75","292.78K","-4.63%"
"06/07/2019","248.25","253.05","253.80","246.00","172.29K","-0.92%"
"06/06/2019","250.55","258.60","260.90","250.00","195.57K","-2.57%"
"06/04/2019","257.15","257.00","264.15","256.00","197.26K","-0.25%"
"06/03/2019","257.80","263.00","263.00","257.10","155.14K","-1.94%"
"05/31/2019","262.90","264.00","264.35","259.05","304.08K","+1.49%"
"05/30/2019","259.05","260.00","264.45","256.25","906.45K","-6.90%"
"05/29/2019","278.25","276.45","286.05","272.40","542.18K","+0.45%"
"05/28/2019","277.00","288.00","291.70","275.00","381.05K","-3.80%"
"05/27/2019","287.95","276.50","295.70","276.45","643.27K","+4.41%"
"05/24/2019","275.80","267.90","278.00","265.30","285.02K","+4.55%"
"05/23/2019","263.80","270.00","271.95","262.05","206.95K","-0.32%"
"05/22/2019","264.65","266.40","271.00","261.10","172.22K","-1.25%"
"05/21/2019","268.00","268.20","277.15","264.40","184.99K","-0.94%"
"05/20/2019","270.55","259.00","273.25","259.00","331.27K","+7.28%"
"05/17/2019","252.20","252.25","256.00","248.20","181.53K","-0.02%"
"05/16/2019","252.25","254.50","254.55","246.25","114.09K","-0.32%"
"05/15/2019","253.05","253.00","256.15","252.40","162.53K","+0.32%"
"05/14/2019","252.25","260.25","261.80","247.15","292.79K","-3.63%"
"05/13/2019","261.75","263.00","265.95","260.35","127.79K","-0.36%"
"05/10/2019","262.70","262.50","265.90","261.00","130.67K","+0.52%"
"05/09/2019","261.35","273.00","273.00","260.65","184.32K","-4.83%"
"05/08/2019","274.60","272.00","277.95","271.40","207.27K","+1.29%"
"05/07/2019","271.10","283.20","285.45","270.00","137.94K","-4.27%"
"05/06/2019","283.20","279.90","285.00","278.00","118.49K","+0.76%"
"05/03/2019","281.05","284.00","286.45","280.00","148.34K","-1.14%"
"05/02/2019","284.30","283.90","289.00","281.50","161.06K","+0.30%"
"04/30/2019","283.45","292.55","292.95","282.00","191.23K","-2.69%"
"04/26/2019","291.30","285.30","294.00","284.15","275.40K","+2.77%"
"04/25/2019","283.45","283.30","288.15","282.00","155.11K","+0.05%"
"04/24/2019","283.30","287.50","288.10","281.00","192.14K","-0.82%"
"04/23/2019","285.65","287.00","288.75","285.00","145.40K","+0.02%"
"04/22/2019","285.60","290.10","291.25","284.60","175.21K","-2.07%"
"04/18/2019","291.65","293.05","297.30","287.55","216.91K","-0.92%"
"04/16/2019","294.35","300.60","300.65","293.10","177.92K","-1.52%"
"04/15/2019","298.90","296.80","301.70","296.30","259.63K","+1.39%"
"04/12/2019","294.80","297.80","299.00","292.50","133.53K","-1.02%"
"04/11/2019","297.85","300.00","307.80","295.95","290.30K","-1.05%"
"04/10/2019","301.00","293.00","304.00","293.00","358.25K","+2.80%"
"04/09/2019","292.80","291.50","296.45","288.60","183.47K","-1.45%"
"04/08/2019","297.10","301.00","304.80","292.80","338.16K","-1.03%"
"04/05/2019","300.20","297.60","302.00","295.05","459.00K","+2.16%"
"04/04/2019","293.85","285.40","295.00","285.00","670.23K","+2.94%"
"04/03/2019","285.45","282.75","288.90","281.45","481.39K","+1.73%"
"04/02/2019","280.60","285.60","285.65","278.60","237.25K","-1.41%"
"04/01/2019","284.60","277.00","288.30","277.00","321.33K","+3.13%"
"03/29/2019","275.95","284.20","286.75","274.10","310.69K","-2.54%"
"03/28/2019","283.15","276.75","283.70","276.30","412.51K","+3.36%"
"03/27/2019","273.95","273.00","276.80","268.55","381.50K","+0.77%"
"03/26/2019","271.85","263.45","273.90","263.00","388.69K","+3.94%"
"03/25/2019","261.55","266.60","268.00","261.00","252.67K","-3.33%"
"03/22/2019","270.55","275.20","277.45","268.25","228.29K","-1.65%"
"03/20/2019","275.10","278.40","279.75","273.40","269.77K","-0.63%"
"03/19/2019","276.85","268.35","278.90","265.10","555.24K","+3.86%"
"03/18/2019","266.55","278.40","279.55","263.05","386.44K","-3.69%"
"03/15/2019","276.75","282.00","283.50","275.60","282.62K","-1.37%"
"03/14/2019","280.60","280.90","281.95","276.00","280.44K","+0.38%"
"03/13/2019","279.55","279.00","284.35","276.60","640.77K","+0.49%"
"03/12/2019","278.20","269.20","280.00","268.95","890.65K","+4.51%"
"03/11/2019","266.20","258.90","268.50","258.05","1.05M","+3.52%"
"03/08/2019","257.15","251.00","259.50","249.05","331.13K","+1.78%"
"03/07/2019","252.65","256.50","257.90","249.40","358.61K","-1.46%"
"03/06/2019","256.40","262.75","264.40","254.10","549.24K","-1.74%"
"03/05/2019","260.95","244.15","263.90","244.15","916.26K","+6.88%"
"03/01/2019","244.15","231.35","246.45","231.00","702.98K","+6.27%"
"02/28/2019","229.75","228.70","233.35","227.25","247.53K","+1.61%"
"02/27/2019","226.10","225.80","236.20","223.50","394.29K","-0.09%"
"02/26/2019","226.30","230.80","232.40","223.50","396.31K","-3.60%"
"02/25/2019","234.75","229.45","236.35","228.00","478.67K","+2.74%"
"02/22/2019","228.50","223.60","233.80","223.00","686.13K","+2.77%"
"02/21/2019","222.35","216.40","226.50","216.00","576.28K","+2.49%"
"02/20/2019","216.95","218.50","219.25","215.15","346.33K","+0.09%"
"02/19/2019","216.75","209.00","219.00","208.30","534.84K","+3.26%"
"02/18/2019","209.90","218.10","220.00","208.55","595.73K","-4.63%"
"02/15/2019","220.10","225.00","232.80","219.00","710.20K","-2.29%"
"02/14/2019","225.25","236.00","237.75","223.70","804.26K","-5.24%"
"02/13/2019","237.70","247.00","254.80","235.65","706.51K","-3.18%"
"02/12/2019","245.50","258.00","259.00","240.10","2.12M","-11.58%"
"02/11/2019","277.65","289.20","290.75","275.00","403.06K","-3.78%"
"02/08/2019","288.55","293.05","294.35","287.55","154.63K","-1.90%"
"02/07/2019","294.15","290.65","299.95","288.00","276.54K","+1.99%"
"02/06/2019","288.40","290.95","292.30","284.40","138.84K","-0.55%"
"02/05/2019","290.00","291.10","294.70","288.00","155.65K","-0.34%"
"02/04/2019","291.00","297.75","297.75","287.50","196.72K","-1.62%"
"02/01/2019","295.80","300.00","309.70","292.40","393.95K","-0.89%"
"01/31/2019","298.45","296.70","300.80","295.90","225.85K","+1.10%"
"01/30/2019","295.20","291.50","296.80","288.20","290.42K","+1.86%"
"01/29/2019","289.80","285.00","295.65","285.00","357.15K","+0.19%"
"01/28/2019","289.25","291.00","294.60","275.10","455.63K","-0.38%"
"01/25/2019","290.35","308.40","311.50","287.40","479.90K","-5.41%"
"01/24/2019","306.95","312.40","315.40","305.25","312.68K","-1.10%"
"01/23/2019","310.35","324.10","325.95","308.00","340.37K","-4.51%"
"01/22/2019","325.00","326.05","326.85","322.00","207.94K","+0.56%"
"01/21/2019","323.20","334.50","335.05","321.80","372.43K","-4.02%"
"01/18/2019","336.75","334.80","338.60","330.20","281.63K","+1.10%"
"01/17/2019","333.10","343.30","344.75","332.10","285.21K","-2.91%"
"01/16/2019","343.10","351.00","353.00","341.15","406.91K","-1.76%"
"01/15/2019","349.25","335.00","351.90","334.00","1.04M","+4.91%"
"01/14/2019","332.90","333.90","335.75","327.25","300.87K","-0.79%"
"01/11/2019","335.55","327.10","337.20","327.00","484.17K","+1.99%"
"01/10/2019","329.00","320.00","334.80","318.65","768.70K","+2.32%"
"01/09/2019","321.55","320.50","327.90","317.60","703.63K","+1.10%"
"01/08/2019","318.05","317.70","319.70","314.45","205.37K","+0.11%"
"01/07/2019","317.70","315.95","320.40","312.00","360.79K","+1.65%"
"01/04/2019","312.55","311.30","313.60","308.15","284.71K","+0.06%"
"01/03/2019","312.35","313.00","317.85","311.05","333.93K","-0.34%"
"01/02/2019","313.40","317.90","323.60","312.20","412.92K","-1.68%"
"01/01/2019","318.75","311.60","325.90","311.60","735.09K","+2.46%"
"12/31/2018","311.10","313.85","314.50","310.10","253.67K","-0.51%"
"12/28/2018","312.70","310.75","315.60","310.05","233.78K","+1.18%"
"12/27/2018","309.05","311.90","316.90","308.00","235.21K","-0.37%"
"12/26/2018","310.20","313.25","313.90","303.10","323.02K","-1.23%"
"12/24/2018","314.05","320.70","321.05","313.10","338.98K","-1.66%"
"12/21/2018","319.35","330.20","332.65","318.10","453.74K","-4.10%"
"12/20/2018","333.00","323.70","336.00","318.15","755.33K","+2.52%"
"12/19/2018","324.80","341.00","341.50","322.00","768.49K","-3.30%"
"12/18/2018","335.90","310.30","339.50","310.00","1.42M","+7.64%"
"12/17/2018","312.05","309.60","314.00","309.00","315.57K","+1.69%"
"12/14/2018","306.85","308.60","311.70","306.00","228.90K","-1.19%"
"12/13/2018","310.55","313.00","316.85","308.40","460.70K","+0.06%"
"12/12/2018","310.35","307.00","314.80","305.15","369.99K","+1.74%"
"12/11/2018","305.05","300.00","308.75","297.30","278.04K","+0.26%"
"12/10/2018","304.25","304.80","308.45","303.00","203.40K","-1.85%"
"12/07/2018","310.00","313.00","314.85","308.10","233.47K","-0.37%"
"12/06/2018","311.15","305.85","314.50","303.60","348.27K","+0.73%"
"12/05/2018","308.90","312.00","312.90","306.00","235.63K","-1.80%"
"12/04/2018","314.55","315.00","318.05","312.15","487.14K","+0.91%"
"12/03/2018","311.70","314.75","318.65","310.40","332.13K","+0.11%"
"11/30/2018","311.35","307.00","313.50","306.50","448.27K","+1.65%"
"11/29/2018","306.30","309.00","309.75","305.00","239.90K","-0.13%"
"11/28/2018","306.70","308.90","312.40","303.90","397.52K","-0.39%"
"11/27/2018","307.90","305.95","310.00","305.05","313.51K","+0.77%"
"11/26/2018","305.55","308.20","311.00","302.20","414.46K","-0.49%"
"11/22/2018","307.05","306.90","316.80","305.00","534.31K","+0.46%"
"11/21/2018","305.65","313.35","315.50","301.00","548.87K","-2.38%"
"11/20/2018","313.10","324.50","324.95","311.20","328.88K","-3.45%"
"11/19/2018","324.30","330.50","332.30","323.00","243.58K","-1.59%"
"11/16/2018","329.55","323.00","338.80","322.55","568.04K","+2.00%"
"11/15/2018","323.10","333.00","333.45","319.15","484.82K","-2.87%"
"11/14/2018","332.65","341.70","342.95","330.75","334.62K","-2.10%"
"11/13/2018","339.80","331.00","341.95","331.00","341.08K","+2.18%"
"11/12/2018","332.55","343.00","343.05","331.35","357.34K","-3.20%"
"11/09/2018","343.55","349.90","349.90","339.80","346.87K","-0.61%"
"11/06/2018","345.65","351.70","356.70","343.10","317.64K","-1.73%"
"11/05/2018","351.75","348.00","359.00","346.10","875.82K","+0.27%"
"11/02/2018","350.80","338.00","365.50","333.35","4.07M","+14.04%"
"11/01/2018","307.60","305.40","311.00","304.05","403.13K","+1.69%"
"10/31/2018","302.50","301.20","307.50","298.55","296.19K","+0.60%"
"10/30/2018","300.70","299.70","307.20","294.10","350.95K","+0.70%"
"10/29/2018","298.60","294.00","302.00","291.00","261.94K","+1.84%"
"10/26/2018","293.20","302.80","302.80","291.35","331.56K","-2.25%"
"10/25/2018","299.95","303.50","305.20","297.25","175.85K","-2.23%"
"10/24/2018","306.80","310.80","314.00","304.55","179.03K","-0.08%"
"10/23/2018","307.05","307.40","316.90","293.45","295.55K","+0.31%"
"10/22/2018","306.10","315.55","316.70","305.00","190.72K","-2.48%"
"10/19/2018","313.90","307.00","317.50","301.00","355.86K","+1.92%"
"10/17/2018","308.00","317.90","320.40","307.00","361.80K","-2.13%"
"10/16/2018","314.70","320.15","333.65","312.05","666.04K","-1.55%"
"10/15/2018","319.65","302.00","324.40","302.00","563.34K","+5.90%"
"10/12/2018","301.85","297.20","307.00","297.20","300.70K","+2.15%"
"10/11/2018","295.50","292.00","299.70","287.40","164.06K","-2.43%"
"10/10/2018","302.85","293.00","307.90","292.00","318.19K","+3.75%"
"10/09/2018","291.90","296.45","299.35","288.20","390.71K","-0.88%"
"10/08/2018","294.50","302.10","306.75","286.25","374.61K","-3.24%"
"10/05/2018","304.35","298.50","306.60","297.00","299.85K","+0.95%"
"10/04/2018","301.50","300.70","307.25","297.10","335.69K","-2.65%"
"10/03/2018","309.70","302.30","316.00","294.40","387.75K","+2.09%"
"10/01/2018","303.35","319.00","320.00","285.25","659.29K","-5.04%"
"09/28/2018","319.45","332.75","336.10","305.05","566.01K","-4.00%"
"09/27/2018","332.75","330.75","337.90","328.05","290.57K","+0.51%"
"09/26/2018","331.05","334.00","336.90","327.05","278.97K","+0.21%"
"09/25/2018","330.35","336.50","342.00","325.00","408.76K","-0.77%"
"09/24/2018","332.90","353.35","354.80","331.55","369.17K","-5.26%"
"09/21/2018","351.40","373.00","375.95","292.10","598.37K","-5.69%"
"09/19/2018","372.60","373.90","379.00","369.05","503.00K","+0.66%"
"09/18/2018","370.15","367.65","381.75","365.25","780.64K","+1.40%"
"09/17/2018","365.05","369.90","369.90","363.35","270.58K","-2.35%"
"09/14/2018","373.85","368.00","375.05","366.05","439.01K","+2.14%"
"09/12/2018","366.00","374.00","374.00","359.00","324.73K","-0.96%"
"09/11/2018","369.55","370.50","377.10","367.50","554.04K","-0.47%"
"09/10/2018","371.30","364.95","372.75","359.50","583.17K","+1.59%"
"09/07/2018","365.50","354.75","367.40","351.00","605.12K","+3.31%"
"09/06/2018","353.80","349.00","356.65","346.40","553.00K","+2.30%"
"09/05/2018","345.85","353.90","358.55","341.00","579.56K","-3.22%"
"09/04/2018","357.35","361.80","363.85","355.20","376.11K","-1.09%"
"09/03/2018","361.30","364.00","371.00","360.00","570.68K","-0.12%"
"08/31/2018","361.75","356.30","365.00","356.30","450.52K","+0.60%"
"08/30/2018","359.60","370.00","370.85","358.10","808.18K","-2.99%"
"08/29/2018","370.70","374.25","378.90","369.05","515.80K","-0.95%"
"08/28/2018","374.25","382.00","388.00","372.55","985.00K","-0.89%"
"08/27/2018","377.60","373.25","380.00","370.90","685.31K","+1.49%"
"08/24/2018","372.05","372.00","376.45","370.70","347.03K","-0.23%"
"08/23/2018","372.90","375.80","378.00","371.05","598.23K","-2.37%"
"08/21/2018","381.95","379.80","386.00","378.60","652.10K","+0.82%"
"08/20/2018","378.85","378.85","383.50","376.10","409.88K","+0.46%"
"08/17/2018","377.10","377.00","379.80","375.10","355.20K","+0.39%"
"08/16/2018","375.65","378.00","382.80","374.00","458.05K","-0.40%"
"08/14/2018","377.15","375.70","380.75","374.50","325.17K","+0.33%"
"08/13/2018","375.90","373.20","383.80","371.00","492.92K","-1.49%"
"08/10/2018","381.60","397.50","401.70","380.00","1.54M","-4.71%"
"08/09/2018","400.45","397.00","408.40","396.00","931.07K","+1.44%"
"08/08/2018","394.75","392.50","399.00","390.10","531.21K","+0.55%"
"08/07/2018","392.60","403.40","405.70","391.30","569.98K","-2.36%"
"08/06/2018","402.10","402.50","409.40","398.60","659.92K","+0.92%"
"08/03/2018","398.45","386.00","400.90","384.55","1.01M","+3.56%"
"08/02/2018","384.75","386.00","391.00","381.60","435.23K","-0.75%"
"08/01/2018","387.65","388.00","394.90","385.00","631.99K","+0.06%"
"07/31/2018","387.40","386.00","390.40","382.95","493.18K","+0.38%"
"07/30/2018","385.95","381.15","392.90","378.90","878.41K","+0.97%"
"07/27/2018","382.25","387.00","388.50","381.00","478.02K","-0.78%"
"07/26/2018","385.25","379.50","386.40","378.50","510.14K","+1.70%"
"07/25/2018","378.80","387.75","387.80","377.70","542.73K","-2.02%"
"07/24/2018","386.60","377.95","392.85","373.70","980.70K","+2.72%"
"07/23/2018","376.35","372.50","378.00","368.00","554.02K","+1.62%"
"07/20/2018","370.35","377.80","377.80","366.30","444.45K","-1.02%"
"07/19/2018","374.15","374.00","378.30","365.00","680.43K","+0.71%"
"07/18/2018","371.50","380.80","385.30","367.10","573.60K","-1.68%"
"07/17/2018","377.85","370.00","382.00","364.05","820.38K","+2.59%"
"07/16/2018","368.30","383.00","383.00","365.60","975.97K","-4.65%"
"07/13/2018","386.25","402.00","421.95","378.20","2.23M","-8.56%"
"07/12/2018","422.40","422.00","428.20","415.10","409.92K","+0.14%"
"07/11/2018","421.80","429.80","429.80","416.55","542.40K","-2.43%"
"07/10/2018","432.30","428.80","436.00","421.10","1.03M","+1.35%"
"07/09/2018","426.55","401.90","429.30","401.90","1.51M","+6.45%"
"07/06/2018","400.70","386.00","404.95","383.60","753.20K","+3.27%"
"07/05/2018","388.00","383.50","394.90","378.00","595.28K","+0.62%"
"07/04/2018","385.60","378.90","389.00","375.90","858.11K","+1.80%"
"07/03/2018","378.80","369.50","382.70","364.55","678.95K","+2.42%"
"07/02/2018","369.85","373.00","380.40","362.10","809.67K","-0.67%"
"06/29/2018","372.35","365.25","373.90","365.00","644.42K","+2.70%"
"06/28/2018","362.55","376.75","376.75","360.05","743.05K","-3.50%"
"06/27/2018","375.70","400.50","401.95","371.20","1.14M","-5.89%"
"06/26/2018","399.20","416.25","419.85","396.20","640.25K","-4.10%"
"06/25/2018","416.25","423.50","429.00","413.50","486.58K","-1.30%"
"06/22/2018","421.75","419.00","424.00","414.85","455.69K","+0.58%"
"06/21/2018","419.30","426.90","428.75","415.15","557.51K","-1.45%"
"06/20/2018","425.45","424.00","431.50","424.00","400.34K","-0.09%"
"06/19/2018","425.85","436.25","438.00","423.95","419.44K","-2.88%"
"06/18/2018","438.50","439.30","444.65","436.55","456.24K","-0.15%"
"06/15/2018","439.15","437.05","442.50","431.00","669.29K","+0.21%"
"06/14/2018","438.25","439.00","440.00","435.00","399.46K","-0.49%"
"06/13/2018","440.40","448.00","448.70","438.25","536.46K","-1.74%"
"06/12/2018","448.20","447.00","454.10","446.00","724.17K","+0.12%"
"06/11/2018","447.65","446.25","454.70","443.00","704.67K","+0.92%"
"06/08/2018","443.55","442.70","448.45","438.00","588.96K","-0.87%"
"06/07/2018","447.45","436.00","453.00","436.00","974.07K","+2.96%"
"06/06/2018","434.60","415.00","439.00","406.90","1.16M","+3.97%"
"06/05/2018","418.00","437.90","440.75","415.60","1.25M","-4.65%"
"06/04/2018","438.40","450.00","464.50","435.15","1.75M","-1.79%"
"06/01/2018","446.40","447.00","449.80","437.10","801.15K","-0.21%"
"05/31/2018","447.35","447.80","451.75","443.10","570.58K","+0.00%"
"05/30/2018","447.35","433.00","449.80","430.00","1.06M","+1.77%"
"05/29/2018","439.55","454.00","464.90","435.00","1.84M","-3.30%"
"05/28/2018","454.55","439.40","458.20","436.00","967.13K","+4.51%"
"05/25/2018","434.95","429.95","438.50","429.00","562.65K","+1.75%"
"05/24/2018","427.45","426.75","432.00","419.10","535.04K","+1.03%"
"05/23/2018","423.10","427.85","437.50","421.65","1.20M","-1.29%"
"05/22/2018","428.65","445.00","445.00","425.90","972.77K","-3.40%"
"05/21/2018","443.75","460.70","463.80","437.50","1.11M","-3.98%"
"05/18/2018","462.15","452.00","472.00","448.00","2.39M","+2.56%"
"05/17/2018","450.60","452.00","456.40","445.60","834.00K","+0.12%"
"05/16/2018","450.05","442.00","453.80","436.65","719.95K","+1.33%"
"05/15/2018","444.15","444.60","459.40","438.10","1.02M","-0.97%"
"05/14/2018","448.50","455.90","456.80","442.20","651.95K","-1.29%"
"05/11/2018","454.35","457.00","461.65","452.45","656.86K","+0.03%"
"05/10/2018","454.20","472.00","472.40","451.15","1.03M","-2.95%"
"05/09/2018","468.00","467.90","476.70","462.20","1.81M","-0.19%"
"05/08/2018","468.90","457.95","470.95","453.30","2.43M","+2.66%"
"05/07/2018","456.75","440.00","458.40","439.10","1.92M","+4.19%"
"05/04/2018","438.40","433.25","444.90","429.00","1.51M","+0.92%"
"05/03/2018","434.40","425.10","436.95","415.00","1.43M","+2.19%"
"05/02/2018","425.10","449.00","458.00","417.95","2.59M","-4.78%"
"04/30/2018","446.45","425.00","449.50","421.95","2.00M","+5.13%"
"04/27/2018","424.65","427.10","431.00","420.85","861.33K","-0.04%"
"04/26/2018","424.80","420.60","428.00","416.30","1.32M","+1.28%"
"04/25/2018","419.45","435.95","440.00","416.00","2.10M","-2.61%"
"04/24/2018","430.70","430.00","445.90","422.00","7.91M","+7.73%"
"04/23/2018","399.80","418.00","421.30","386.50","2.25M","-3.78%"
"04/20/2018","415.50","408.00","419.00","404.45","2.70M","+2.14%"
"04/19/2018","406.80","384.00","409.40","382.60","3.32M","+6.79%"
"04/18/2018","380.95","384.85","388.50","376.85","1.18M","-0.57%"
"04/17/2018","383.15","383.40","391.90","381.50","1.95M","+0.43%"
"04/16/2018","381.50","379.25","386.70","377.10","1.44M","-0.53%"
"04/13/2018","383.55","376.65","386.00","373.00","2.24M","+2.95%"
"04/12/2018","372.55","364.00","379.70","359.00","1.93M","+2.45%"
"04/11/2018","363.65","370.60","370.90","360.00","975.74K","-1.40%"
"04/10/2018","368.80","373.00","374.90","366.00","954.09K","-0.62%"
"04/09/2018","371.10","368.80","378.80","368.80","1.46M","+0.94%"
"04/06/2018","367.65","361.10","375.70","358.10","1.62M","+1.50%"
"04/05/2018","362.20","364.00","367.00","359.00","952.80K","+1.41%"
"04/04/2018","357.15","360.95","373.55","355.10","2.12M","-0.60%"
"04/03/2018","359.30","354.00","363.20","352.60","1.31M","+0.32%"
"04/02/2018","358.15","335.20","364.40","335.20","2.55M","+7.25%"
"03/28/2018","333.95","343.45","344.00","332.70","693.83K","-2.77%"
"03/27/2018","343.45","350.00","354.40","342.15","923.38K","-0.77%"
"03/26/2018","346.10","354.00","357.85","341.05","1.18M","-2.15%"
"03/23/2018","353.70","353.90","359.00","350.00","864.53K","-3.52%"
"03/22/2018","366.60","375.00","379.20","364.00","898.28K","-1.94%"
"03/21/2018","373.85","384.20","392.60","372.25","2.82M","-2.39%"
"03/20/2018","383.00","376.00","387.75","373.05","683.05K","+0.96%"
"03/19/2018","379.35","390.10","391.00","375.75","842.54K","-1.93%"
"03/16/2018","386.80","404.00","410.50","385.00","872.16K","-4.71%"
"03/15/2018","405.90","401.00","409.50","401.00","1.31M","+2.49%"
"03/14/2018","396.05","384.60","398.00","382.05","1.34M","+2.39%"
"03/13/2018","386.80","372.15","388.50","372.10","930.42K","+2.69%"
"03/12/2018","376.65","380.00","382.40","366.05","917.55K","+1.11%"
"03/09/2018","372.50","384.85","387.40","368.30","861.26K","-2.38%"
"03/08/2018","381.60","390.05","396.35","375.05","852.39K","-1.84%"
"03/07/2018","388.75","391.05","393.35","381.25","735.64K","+0.08%"
"03/06/2018","388.45","400.25","405.60","385.35","580.99K","-2.55%"
"03/05/2018","398.60","405.90","407.50","393.05","616.92K","-1.67%"
"03/01/2018","405.35","404.90","412.00","403.10","584.88K","+0.43%"
"02/28/2018","403.60","411.90","412.00","402.00","909.86K","-2.66%"
"02/27/2018","414.65","419.55","429.00","411.55","1.04M","-0.64%"
"02/26/2018","417.30","425.05","429.00","415.20","719.84K","-0.64%"
"02/23/2018","420.00","417.60","425.50","415.20","755.03K","+1.49%"
"02/22/2018","413.85","429.70","429.70","411.05","735.49K","-4.22%"
"02/21/2018","432.10","437.50","439.70","428.40","391.05K","-0.39%"
"02/20/2018","433.80","438.50","443.10","430.95","464.85K","-0.85%"
"02/19/2018","437.50","442.10","444.30","428.00","772.25K","-1.04%"
"02/16/2018","442.10","455.25","459.05","436.05","662.37K","-2.15%"
"02/15/2018","451.80","467.70","473.25","445.80","692.01K","-2.58%"
"02/14/2018","463.75","461.00","478.40","460.50","1.33M","+1.13%"
"02/12/2018","458.55","447.00","461.90","446.00","1.11M","+2.63%"
"02/09/2018","446.80","410.00","450.80","407.05","1.61M","+4.67%"
"02/08/2018","426.85","412.00","432.50","411.15","1.13M","+4.20%"
"02/07/2018","409.65","398.00","413.35","397.70","1.46M","+5.81%"
"02/06/2018","387.15","380.00","402.00","369.95","1.79M","-7.07%"
"02/05/2018","416.60","384.20","424.00","365.25","1.79M","+3.18%"
"02/02/2018","403.75","431.00","433.00","398.10","1.56M","-7.67%"
"02/01/2018","437.30","452.50","464.80","433.60","1.72M","-2.85%"
"01/31/2018","450.15","446.00","456.00","436.80","1.16M","+0.32%"
"01/30/2018","448.70","459.10","459.50","445.65","885.43K","-2.27%"
"01/29/2018","459.10","470.00","484.90","456.00","1.77M","-1.85%"
"01/25/2018","467.75","478.60","479.80","462.10","896.48K","-2.19%"
"01/24/2018","478.20","491.00","497.00","475.50","1.74M","-2.21%"
"01/23/2018","489.00","502.00","512.00","483.50","6.10M","+1.52%"
"01/22/2018","481.70","466.90","504.00","466.00","6.93M","+3.54%"
"01/19/2018","465.25","465.00","472.80","455.25","1.27M","+0.56%"
"01/18/2018","462.65","460.50","486.90","457.00","3.64M","-0.52%"
"01/17/2018","465.05","453.75","468.00","432.50","3.82M","+2.07%"
"01/16/2018","455.60","512.00","517.40","450.25","7.71M","-10.74%"
"01/15/2018","510.40","454.50","516.80","454.50","6.11M","+12.52%"
"01/12/2018","453.60","456.50","464.90","450.00","676.66K","-0.10%"
"01/11/2018","454.05","442.05","459.90","440.15","791.15K","+2.60%"
"01/10/2018","442.55","447.80","450.80","440.25","295.25K","-1.07%"
"01/09/2018","447.35","455.50","457.40","446.10","359.63K","-1.64%"
"01/08/2018","454.80","457.30","461.00","453.00","451.84K","-0.12%"
"01/05/2018","455.35","456.00","462.80","453.00","417.92K","-0.32%"
"01/04/2018","456.80","457.00","463.10","455.00","442.13K","+0.02%"
"01/03/2018","456.70","455.10","463.30","453.00","664.68K","+1.26%"
"01/02/2018","451.00","459.90","461.85","440.25","579.84K","-1.49%"
"01/01/2018","457.80","464.20","468.50","456.00","585.49K","-1.34%"
"12/29/2017","464.00","466.80","475.00","461.40","1.06M","+0.36%"
"12/28/2017","462.35","461.50","469.80","458.20","1.06M","+0.29%"
"12/27/2017","461.00","454.75","468.40","453.00","1.26M","+1.47%"
"12/26/2017","454.30","451.00","457.05","448.00","563.63K","+0.74%"
"12/22/2017","450.95","453.35","456.05","449.05","561.57K","+0.01%"
"12/21/2017","450.90","456.50","457.70","446.00","612.71K","-1.02%"
"12/20/2017","455.55","458.45","464.40","453.20","1.06M","-0.10%"
"12/19/2017","456.00","444.20","463.00","444.05","2.03M","+3.16%"
"12/18/2017","442.05","435.00","459.90","395.60","3.32M","-1.16%"
"12/15/2017","447.25","430.00","453.90","428.25","3.38M","+6.92%"
"12/14/2017","418.30","416.00","420.95","408.00","664.01K","+0.61%"
"12/13/2017","415.75","426.00","431.00","412.10","570.41K","-2.37%"
"12/12/2017","425.85","436.40","437.35","423.00","470.64K","-3.00%"
"12/11/2017","439.00","440.00","444.30","431.00","997.36K","+0.88%"
"12/08/2017","435.15","437.00","444.00","432.60","1.27M","+0.43%"
"12/07/2017","433.30","427.55","441.95","426.00","2.33M","+2.40%"
"12/06/2017","423.15","407.00","425.95","405.00","1.60M","+3.79%"
"12/05/2017","407.70","403.30","415.90","398.10","762.54K","+0.33%"
"12/04/2017","406.35","410.00","416.55","400.10","544.46K","-0.45%"
"12/01/2017","408.20","420.00","429.00","403.35","1.10M","-1.03%"
"11/30/2017","412.45","397.80","422.50","392.00","1.70M","+4.05%"
"11/29/2017","396.40","395.60","406.95","395.20","695.14K","-0.28%"
"11/28/2017","397.50","406.55","407.15","396.00","861.88K","-2.02%"
"11/27/2017","405.70","413.40","413.40","404.70","653.74K","-1.83%"
"11/24/2017","413.25","415.95","423.00","410.50","1.04M","-0.24%"
"11/23/2017","414.25","408.40","423.50","408.05","1.99M","+1.98%"
"11/22/2017","406.20","405.60","410.30","401.55","756.02K","+0.54%"
"11/21/2017","404.00","408.50","414.60","401.00","718.16K","-1.28%"
"11/20/2017","409.25","414.00","415.00","398.05","780.85K","-0.50%"
"11/17/2017","411.30","421.95","427.00","410.00","976.90K","-1.63%"
"11/16/2017","418.10","407.95","422.00","405.25","1.34M","+3.50%"
"11/15/2017","403.95","419.00","420.00","400.00","1.29M","-3.52%"
"11/14/2017","418.70","396.00","421.95","395.30","2.36M","+5.99%"
"11/13/2017","395.05","413.15","419.70","393.20","1.49M","-5.21%"
"11/10/2017","416.75","412.85","430.50","404.00","1.87M","+0.57%"
"11/09/2017","414.40","420.00","441.00","395.10","4.12M","-2.57%"
"11/08/2017","425.35","477.80","480.00","425.35","3.84M","-10.62%"
"11/07/2017","475.90","480.05","486.70","470.00","1.53M","+0.54%"
"11/06/2017","473.35","467.85","484.55","463.85","1.03M","+1.08%"
"11/03/2017","468.30","476.30","481.00","466.10","1.01M","-1.64%"
"11/02/2017","476.10","480.75","488.40","472.35","1.09M","-0.73%"
"11/01/2017","479.60","495.50","496.50","476.20","1.24M","-2.80%"
"10/31/2017","493.40","488.10","498.00","484.80","2.03M","+1.93%"
"10/30/2017","484.05","470.30","488.00","465.80","1.78M","+3.39%"
"10/27/2017","468.20","477.20","482.00","463.55","1.64M","-1.57%"
"10/26/2017","475.65","465.55","490.50","451.10","2.59M","+2.14%"
"10/25/2017","465.70","498.50","504.70","436.65","3.34M","-4.67%"
"10/24/2017","488.50","491.00","518.50","479.15","9.44M","+0.95%"
"10/23/2017","483.90","449.00","489.70","449.00","7.47M","+16.95%"
"10/18/2017","413.75","403.60","417.90","393.90","2.50M","+2.44%"
"10/17/2017","403.90","407.00","407.90","398.50","1.29M","-0.30%"
"10/16/2017","405.10","404.60","407.45","397.10","1.87M","+1.41%"
"10/13/2017","399.45","390.00","403.70","381.00","4.31M","+3.04%"
"10/12/2017","387.65","381.95","390.00","378.25","2.32M","+2.72%"
"10/11/2017","377.40","395.00","399.00","366.00","5.22M","-2.20%"
"10/10/2017","385.90","365.00","390.80","365.00","6.93M","+7.48%"
"10/09/2017","359.05","343.15","363.50","338.05","3.53M","+5.82%"
"10/06/2017","339.30","349.00","356.00","336.00","3.86M","+0.03%"
"10/05/2017","339.20","317.00","344.50","317.00","6.04M","+8.37%"
"10/04/2017","313.00","300.70","329.00","300.70","7.52M","+6.25%"
"10/03/2017","294.60","278.00","299.70","277.10","2.37M","+7.89%"
"09/29/2017","273.05","273.45","283.60","272.00","773.84K","+0.72%"
"09/28/2017","271.10","272.50","274.70","267.55","317.06K","+0.50%"
"09/27/2017","269.75","278.00","279.50","265.40","527.09K","-1.78%"
"09/26/2017","274.65","275.50","280.50","269.60","660.26K","-0.56%"
"09/25/2017","276.20","290.00","290.00","273.05","683.33K","-4.59%"
"09/22/2017","289.50","309.00","310.90","286.60","909.73K","-6.90%"
"09/21/2017","310.95","306.15","314.60","295.00","979.00K","+2.34%"
"09/20/2017","303.85","311.60","312.70","297.00","676.35K","-1.87%"
"09/19/2017","309.65","305.15","314.65","300.60","1.07M","+2.03%"
"09/18/2017","303.50","293.00","307.00","291.00","1.32M","+4.67%"
"09/15/2017","289.95","291.05","298.00","288.10","667.36K","-1.61%"
"09/14/2017","294.70","298.00","301.40","293.00","503.27K","+1.12%"
"09/13/2017","291.45","300.00","303.10","290.00","507.13K","-2.75%"
"09/12/2017","299.70","307.00","307.20","297.50","552.99K","-1.82%"
"09/11/2017","305.25","307.45","310.40","303.30","463.72K","+0.49%"
"09/08/2017","303.75","307.85","316.80","301.10","1.40M","-1.33%"
"09/07/2017","307.85","310.40","316.00","301.50","1.01M","-0.37%"
"09/06/2017","309.00","303.80","317.80","300.10","2.49M","+0.95%"
"09/05/2017","306.10","280.95","308.50","280.10","4.38M","+9.56%"
"09/04/2017","279.40","282.90","283.90","267.00","849.58K","-0.83%"
"09/01/2017","281.75","270.95","285.50","269.40","1.49M","+4.06%"
"08/31/2017","270.75","261.45","273.30","258.80","894.95K","+3.95%"
"08/30/2017","260.45","256.80","262.50","256.80","360.21K","+2.80%"
"08/29/2017","253.35","261.00","264.60","251.50","555.74K","-2.76%"
"08/28/2017","260.55","251.75","262.50","251.50","769.01K","+3.87%"
"08/24/2017","250.85","254.00","259.90","249.40","1.05M","-0.83%"
"08/23/2017","252.95","249.00","254.00","248.10","1.47M","+3.63%"
"08/22/2017","244.10","240.00","245.90","237.55","648.40K","+2.97%"
"08/21/2017","237.05","242.50","245.50","235.25","276.97K","-2.21%"
"08/18/2017","242.40","244.65","250.90","241.30","482.22K","-1.56%"
"08/17/2017","246.25","239.75","248.35","238.20","495.98K","+2.80%"
"08/16/2017","239.55","235.85","243.00","234.00","330.56K","+0.44%"
"08/14/2017","238.50","240.65","244.00","237.20","282.94K","+0.44%"
"08/11/2017","237.45","229.00","241.65","225.00","457.50K","+2.15%"
"08/10/2017","232.45","245.40","246.90","230.80","624.25K","-5.81%"
"08/09/2017","246.80","249.00","254.50","245.00","385.38K","-0.96%"
"08/08/2017","249.20","261.75","263.00","247.50","704.95K","-3.73%"
"08/07/2017","258.85","269.00","270.00","254.00","1.82M","-3.32%"
"08/04/2017","267.75","271.90","274.20","265.05","839.88K","-0.85%"
"08/03/2017","270.05","267.70","273.00","265.25","584.54K","+1.14%"
"08/02/2017","267.00","267.90","277.70","265.50","875.31K","-0.15%"
"08/01/2017","267.40","271.70","272.50","261.20","665.40K","-0.98%"
"07/31/2017","270.05","269.90","274.20","269.05","427.78K","+0.22%"
"07/28/2017","269.45","268.75","278.70","265.25","554.28K","-0.24%"
"07/27/2017","270.10","279.00","281.60","267.60","481.99K","-2.89%"
"07/26/2017","278.15","277.00","286.80","275.90","1.11M","+0.18%"
"07/25/2017","277.65","273.20","282.25","273.20","842.30K","+1.72%"
"07/24/2017","272.95","264.00","282.20","263.60","1.47M","+3.02%"
"07/21/2017","264.95","264.50","269.50","262.00","345.49K","+0.04%"
"07/20/2017","264.85","266.00","267.90","259.80","471.34K","+0.32%"
"07/19/2017","264.00","254.65","268.80","254.00","897.52K","+3.86%"
"07/18/2017","254.20","255.00","257.90","250.15","263.42K","-0.18%"
"07/17/2017","254.65","254.35","257.65","251.00","272.22K","+0.75%"
"07/14/2017","252.75","257.00","258.80","249.50","223.56K","-1.75%"
"07/13/2017","257.25","258.80","263.60","255.35","394.76K","-0.45%"
"07/12/2017","258.40","254.25","260.00","253.50","302.69K","+1.61%"
"07/11/2017","254.30","255.40","260.00","252.85","368.29K","-0.27%"
"07/10/2017","255.00","256.00","262.85","246.00","92.85K","+0.28%"
"07/07/2017","254.30","246.10","255.30","243.70","652.72K","+3.10%"
"07/06/2017","246.65","253.45","254.25","245.30","586.85K","-2.68%"
"07/05/2017","253.45","252.60","256.90","247.00","648.95K","+0.76%"
"07/04/2017","251.55","254.85","260.00","250.50","520.58K","-1.31%"
"07/03/2017","254.90","240.20","258.30","240.20","985.57K","+6.99%"
"06/30/2017","238.25","233.60","239.50","231.25","305.71K","+1.71%"
"06/29/2017","234.25","237.00","240.00","233.50","305.36K","-0.95%"
"06/28/2017","236.50","231.70","238.65","229.20","435.92K","+1.68%"
"06/27/2017","232.60","241.50","242.55","231.80","504.23K","-3.94%"
"06/23/2017","242.15","248.35","251.00","241.00","374.62K","-3.12%"
"06/22/2017","249.95","248.00","251.75","247.50","443.59K","+0.56%"
"06/21/2017","248.55","252.40","255.00","247.60","490.01K","-1.53%"
"06/20/2017","252.40","256.60","259.45","251.25","334.31K","-1.17%"
"06/19/2017","255.40","262.95","265.65","254.20","445.90K","-2.70%"
"06/16/2017","262.50","267.00","269.25","261.00","409.40K","-1.65%"
"06/15/2017","266.90","271.00","272.35","265.30","380.88K","-1.66%"
"06/14/2017","271.40","272.00","274.80","265.60","656.75K","-0.39%"
"06/13/2017","272.45","271.95","276.70","269.10","331.68K","+0.33%"
"06/12/2017","271.55","270.00","278.50","262.00","439.54K","+0.11%"
"06/09/2017","271.25","269.60","272.00","266.00","403.56K","+0.80%"
"06/08/2017","269.10","273.00","274.90","268.00","332.96K","-1.32%"
"06/07/2017","272.70","267.25","280.00","266.05","699.68K","+3.33%"
"06/06/2017","263.90","270.20","273.70","262.00","296.03K","-3.12%"
"06/05/2017","272.40","272.50","275.50","265.30","385.47K","-0.02%"
"06/02/2017","272.45","273.85","277.55","272.00","459.22K","+0.31%"
"06/01/2017","271.60","265.00","275.55","265.00","992.75K","+3.05%"
"05/31/2017","263.55","252.90","266.90","252.45","1.04M","+5.10%"
"05/30/2017","250.75","252.40","254.90","238.85","915.15K","+0.18%"
"05/29/2017","250.30","261.10","266.85","246.30","490.40K","-3.73%"
"05/26/2017","260.00","246.80","268.00","245.00","970.05K","+6.04%"
"05/25/2017","245.20","244.40","247.20","241.15","359.73K","+0.97%"
"05/24/2017","242.85","246.85","249.95","239.00","471.30K","-1.84%"
"05/23/2017","247.40","251.80","252.45","230.00","740.19K","-0.84%"
"05/22/2017","249.50","262.90","264.40","245.10","495.22K","-4.97%"
"05/19/2017","262.55","264.90","268.50","257.00","524.58K","-0.13%"
"05/18/2017","262.90","268.80","270.45","261.25","319.45K","-2.65%"
"05/17/2017","270.05","273.90","274.60","268.50","232.86K","-1.32%"
"05/16/2017","273.65","275.80","279.75","273.00","342.23K","-0.51%"
"05/15/2017","275.05","280.50","283.80","274.45","515.87K","-0.92%"
"05/12/2017","277.60","282.00","282.00","273.65","338.81K","-1.14%"
"05/11/2017","280.80","287.65","289.00","279.30","409.86K","-2.11%"
"05/10/2017","286.85","282.35","291.15","282.00","953.82K","+2.15%"
"05/09/2017","280.80","280.80","285.85","279.30","647.51K","+1.03%"
"05/08/2017","277.95","282.85","284.30","275.60","435.79K","-1.73%"
"05/05/2017","282.85","290.95","291.55","276.25","852.51K","-2.30%"
"05/04/2017","289.50","286.50","292.70","284.10","1.42M","+1.49%"
"05/03/2017","285.25","286.10","288.70","283.00","688.94K","+0.21%"
"05/02/2017","284.65","277.00","290.00","276.60","2.33M","+4.67%"
"04/28/2017","271.95","270.00","276.75","269.50","1.15M","+1.82%"
"04/27/2017","267.10","265.00","269.00","261.50","448.55K","+0.47%"
"04/26/2017","265.85","270.70","274.95","259.00","987.39K","-1.02%"
"04/25/2017","268.60","259.50","273.25","256.35","1.92M","+3.57%"
"04/24/2017","259.35","263.80","267.60","258.00","639.12K","-1.46%"
"04/21/2017","263.20","268.85","271.95","259.50","951.57K","-1.05%"
"04/20/2017","266.00","252.00","272.00","250.30","1.20M","+5.91%"
"04/19/2017","251.15","254.00","255.75","249.30","324.30K","-0.65%"
"04/18/2017","252.80","256.50","262.45","250.95","528.73K","-1.35%"
"04/17/2017","256.25","258.00","258.75","254.60","233.17K","-0.21%"
"04/13/2017","256.80","255.75","262.00","252.40","769.69K","+0.82%"
"04/12/2017","254.70","248.00","263.00","243.60","1.78M","+3.01%"
"04/11/2017","247.25","245.00","251.40","242.40","491.82K","+1.39%"
"04/10/2017","243.85","243.05","247.40","242.40","365.31K","+1.90%"
"04/07/2017","239.30","245.00","248.90","237.50","978.78K","-2.27%"
"04/06/2017","244.85","247.00","252.45","243.35","656.07K","-2.29%"
"04/05/2017","250.60","262.00","263.90","249.40","914.80K","-4.70%"
"04/03/2017","262.95","257.75","264.90","252.10","934.64K","+2.30%"
"03/31/2017","257.05","253.10","264.90","253.00","2.06M","+2.47%"
"03/30/2017","250.85","236.90","254.90","236.45","1.91M","+6.79%"
"03/29/2017","234.90","232.90","239.00","232.20","598.62K","+1.10%"
"03/28/2017","232.35","226.90","233.50","226.10","311.85K","+2.81%"
"03/27/2017","226.00","228.75","230.80","225.20","182.84K","-1.48%"
"03/24/2017","229.40","232.40","234.00","228.20","220.88K","-1.01%"
"03/23/2017","231.75","225.50","232.95","224.55","554.98K","+3.07%"
"03/22/2017","224.85","226.50","231.00","222.90","319.58K","-1.60%"
"03/21/2017","228.50","230.00","232.55","226.00","359.58K","-0.59%"
"03/20/2017","229.85","227.00","234.80","225.00","439.95K","+2.06%"
"03/17/2017","225.20","229.70","230.00","224.05","216.38K","-1.47%"
"03/16/2017","228.55","230.00","232.10","227.00","210.82K","-0.50%"
"03/15/2017","229.70","230.00","232.80","227.65","361.82K","+0.00%"
"03/14/2017","229.70","231.80","233.00","226.70","398.29K","+0.86%"
"03/10/2017","227.75","233.15","236.00","225.80","207.27K","-1.60%"
"03/09/2017","231.45","224.00","234.90","223.25","416.58K","+2.71%"
"03/08/2017","225.35","228.00","229.80","225.00","301.44K","-1.68%"
"03/07/2017","229.20","232.50","234.90","227.55","318.90K","-1.65%"
"03/06/2017","233.05","235.15","238.50","232.10","213.43K","-1.54%"
"03/03/2017","236.70","232.15","238.00","230.00","306.35K","+1.54%"
"03/02/2017","233.10","236.45","239.80","231.00","371.20K","-0.83%"
"03/01/2017","235.05","240.70","243.80","233.85","324.04K","-1.96%"
"02/28/2017","239.75","238.20","241.75","233.50","409.58K","+0.99%"
"02/27/2017","237.40","233.95","239.45","233.15","305.41K","+1.84%"
"02/23/2017","233.10","238.85","239.50","232.00","255.84K","-2.31%"
"02/22/2017","238.60","247.40","248.30","237.05","354.25K","-3.15%"
"02/21/2017","246.35","250.90","250.90","245.15","288.69K","-1.74%"
"02/20/2017","250.70","244.00","253.90","240.60","1.03M","+2.56%"
"02/17/2017","244.45","232.80","246.00","231.00","1.17M","+5.94%"
"02/16/2017","230.75","221.50","233.80","221.50","508.45K","+4.91%"
"02/15/2017","219.95","230.90","231.30","217.85","449.81K","-4.54%"
"02/14/2017","230.40","236.90","237.80","229.60","334.17K","-2.06%"
"02/13/2017","235.25","241.00","244.70","230.55","621.21K","-1.90%"
"02/10/2017","239.80","235.00","248.00","234.10","1.18M","+2.65%"
"02/09/2017","233.60","229.55","235.30","228.65","720.86K","+2.21%"
"02/08/2017","228.55","222.95","230.00","219.05","802.65K","+2.83%"
"02/07/2017","222.25","221.50","226.75","220.20","506.31K","+0.02%"
"02/06/2017","222.20","217.70","223.15","212.50","654.76K","+3.20%"
"02/03/2017","215.30","212.30","221.00","209.05","802.37K","+1.92%"
"02/02/2017","211.25","212.00","215.95","206.35","443.84K","-0.78%"
"02/01/2017","212.90","214.00","218.45","211.50","553.30K","-0.09%"
"01/31/2017","213.10","218.20","222.00","212.00","370.40K","-2.38%"
"01/30/2017","218.30","218.30","226.90","216.70","427.50K","-0.23%"
"01/27/2017","218.80","222.00","224.60","218.00","314.20K","-0.91%"
"01/25/2017","220.80","221.00","224.90","219.40","393.53K","+0.87%"
"01/24/2017","218.90","223.00","227.20","204.45","1.20M","-2.99%"
"01/23/2017","225.65","222.50","227.45","222.50","403.34K","+1.30%"
"01/20/2017","222.75","230.20","233.20","220.00","612.59K","-3.51%"
"01/19/2017","230.85","233.00","234.75","230.00","359.23K","-0.71%"
"01/18/2017","232.50","231.00","237.00","229.70","790.60K","+0.80%"
"01/17/2017","230.65","234.90","235.75","228.30","632.12K","-1.41%"
"01/16/2017","233.95","234.40","237.75","232.25","838.78K","-0.34%"
"01/13/2017","234.75","223.35","236.00","219.00","1.73M","+5.46%"
"01/12/2017","222.60","226.70","227.25","216.40","771.69K","-1.81%"
"01/11/2017","226.70","230.45","232.80","224.60","891.19K","-1.09%"
"01/10/2017","229.20","228.50","233.40","227.00","1.46M","+1.01%"
"01/09/2017","226.90","218.30","231.90","215.40","1.83M","+3.87%"
"01/06/2017","218.45","224.30","224.90","213.50","1.51M","-1.86%"
"01/05/2017","222.60","207.30","225.70","205.30","4.20M","+8.77%"
"01/04/2017","204.65","196.50","206.45","195.70","1.64M","+4.55%"
"01/03/2017","195.75","189.50","197.30","187.20","1.04M","+4.21%"
"01/02/2017","187.85","185.00","189.60","183.00","433.48K","+2.31%"
"12/30/2016","183.60","181.20","187.20","181.05","622.27K","+2.09%"
"12/29/2016","179.85","178.05","182.70","176.50","457.00K","+0.70%"
"12/28/2016","178.60","174.90","180.80","173.60","485.11K","+2.85%"
"12/27/2016","173.65","174.00","175.80","168.50","437.89K","-0.40%"
"12/26/2016","174.35","178.90","181.90","172.25","460.40K","-1.47%"
"12/23/2016","176.95","179.35","182.80","175.65","316.70K","-0.98%"
"12/22/2016","178.70","184.10","184.10","178.00","307.78K","-3.33%"
"12/21/2016","184.85","185.50","187.65","181.30","371.48K","+0.38%"
"12/20/2016","184.15","193.20","194.60","181.90","846.35K","-4.04%"
"12/19/2016","191.90","186.50","197.05","183.70","2.27M","+2.73%"
"12/16/2016","186.80","181.00","190.90","180.20","1.37M","+3.58%"
"12/15/2016","180.35","177.80","182.85","176.55","236.69K","+0.08%"
"12/14/2016","180.20","181.35","187.40","179.15","591.21K","-1.15%"
"12/13/2016","182.30","178.55","185.00","177.35","530.04K","+2.30%"
"12/12/2016","178.20","177.90","181.00","176.80","307.34K","-0.20%"
"12/09/2016","178.55","182.65","183.90","178.00","366.54K","-1.65%"
"12/08/2016","181.55","181.25","183.80","180.10","586.46K","+2.45%"
"12/07/2016","177.20","178.90","181.00","176.00","354.37K","-0.20%"
"12/06/2016","177.55","178.70","181.80","176.70","396.20K","+0.03%"
"12/05/2016","177.50","177.90","180.80","173.60","664.06K","+0.06%"
"12/02/2016","177.40","181.50","189.40","175.15","757.35K","-2.98%"
"12/01/2016","182.85","189.00","193.80","181.80","863.77K","-2.01%"
"11/30/2016","186.60","183.95","190.50","177.70","1.37M","+2.27%"
"11/29/2016","182.45","183.40","188.30","180.00","706.63K","-0.33%"
"11/28/2016","183.05","187.00","189.00","181.65","739.04K","-0.71%"
"11/25/2016","184.35","176.00","185.90","173.20","1.13M","+5.67%"
"11/24/2016","174.45","172.75","177.80","166.25","1.01M","+0.43%"
"11/23/2016","173.70","162.05","175.00","160.05","1.56M","+8.53%"
"11/22/2016","160.05","162.80","165.00","156.00","589.20K","-0.68%"
"11/21/2016","161.15","172.45","172.45","160.10","740.57K","-5.23%"
"11/18/2016","170.05","172.10","174.85","169.00","578.10K","-1.02%"
"11/17/2016","171.80","174.70","174.80","167.10","812.87K","-0.03%"
"11/16/2016","171.85","172.25","179.00","166.00","1.59M","+2.05%"
"11/15/2016","168.40","176.80","176.80","160.00","1.37M","-3.19%"
"11/11/2016","173.95","178.25","181.40","171.60","3.13M","+1.28%"
"11/10/2016","171.75","166.30","176.40","164.55","1.94M","+6.84%"
"11/09/2016","160.75","150.00","164.40","150.00","2.18M","-5.44%"
"11/08/2016","170.00","166.10","176.90","160.75","5.32M","+0.65%"
"11/07/2016","168.90","189.00","192.60","164.30","3.20M","-8.03%"
"11/04/2016","183.65","190.00","200.65","177.00","5.64M","-4.07%"
"11/03/2016","191.45","237.00","239.90","185.00","25.72M","-19.79%"
"11/02/2016","238.70","246.50","246.50","231.00","1.40M","-4.27%"
"11/01/2016","249.35","253.00","261.80","247.60","1.02M","-0.58%"
"10/28/2016","250.80","248.80","255.70","246.35","963.99K","+0.97%"
"10/27/2016","248.40","242.25","259.80","241.80","2.15M","+2.33%"
"10/26/2016","242.75","251.70","253.60","240.10","1.27M","-3.90%"
"10/25/2016","252.60","252.50","262.00","241.65","4.72M","+0.98%"
"10/24/2016","250.15","213.20","257.50","213.20","7.47M","+18.30%"
"10/21/2016","211.45","193.50","217.50","193.00","4.90M","+9.90%"
"10/20/2016","192.40","198.50","199.00","187.70","1.10M","-1.99%"
"10/19/2016","196.30","180.60","198.00","180.00","3.80M","+10.28%"
"10/18/2016","178.00","183.00","188.35","173.55","1.91M","-1.22%"
"10/17/2016","180.20","165.00","184.90","164.15","4.42M","+10.18%"
"10/14/2016","163.55","157.80","164.80","157.05","1.44M","+5.14%"
"10/13/2016","155.55","150.15","158.00","145.25","1.04M","+2.30%"
"10/10/2016","152.05","157.60","159.15","151.10","541.81K","-3.40%"
"10/07/2016","157.40","158.00","161.10","156.20","580.00K","-0.25%"
"10/06/2016","157.80","158.45","167.50","156.15","2.20M","+1.12%"
"10/05/2016","156.05","154.20","159.90","152.65","908.08K","+1.46%"
"10/04/2016","153.80","152.45","158.10","150.75","854.64K","+0.89%"
"10/03/2016","152.45","150.00","154.00","148.55","549.75K","+3.22%"
"09/30/2016","147.70","143.80","150.70","140.00","524.26K","+2.53%"
"09/29/2016","144.05","152.00","153.90","132.00","1.31M","-4.32%"
"09/28/2016","150.55","143.00","153.25","143.00","1.60M","+5.61%"
"09/27/2016","142.55","137.00","145.50","136.25","671.85K","+5.16%"
"09/26/2016","135.55","141.95","141.95","135.00","331.76K","-5.04%"
"09/23/2016","142.75","146.25","146.30","141.90","265.01K","-2.23%"
"09/22/2016","146.00","147.25","149.90","143.10","525.21K","+0.48%"
"09/21/2016","145.30","145.85","148.90","142.00","1.02M","+0.38%"
"09/20/2016","144.75","138.90","146.80","138.60","1.26M","+5.12%"
"09/19/2016","137.70","138.80","142.60","135.60","1.30M","-0.40%"
"09/16/2016","138.25","128.15","139.75","128.15","1.83M","+7.59%"
"09/15/2016","128.50","132.50","133.60","127.10","326.89K","-2.43%"
"09/14/2016","131.70","118.25","132.90","118.25","798.53K","+9.75%"
"09/12/2016","120.00","116.95","124.15","116.15","306.45K","-0.33%"
"09/09/2016","120.40","124.00","125.35","120.00","216.55K","-2.90%"
"09/08/2016","124.00","124.50","125.40","122.10","267.49K","+0.08%"
"09/07/2016","123.90","125.40","127.80","123.50","300.61K","-1.08%"
"09/06/2016","125.25","120.10","128.00","120.00","414.53K","+4.55%"
"09/02/2016","119.80","120.00","121.85","118.15","183.89K","-0.17%"
"09/01/2016","120.00","123.60","125.00","118.40","128.99K","-3.58%"
"08/31/2016","124.45","123.05","127.55","123.00","264.33K","+1.18%"
"08/30/2016","123.00","124.10","126.40","122.45","206.41K","-0.45%"
"08/29/2016","123.55","122.65","126.40","120.15","273.19K","+0.41%"
"08/26/2016","123.05","129.60","130.40","122.00","377.18K","-4.61%"
"08/25/2016","129.00","130.85","132.90","128.10","314.10K","-2.05%"
"08/24/2016","131.70","130.95","135.20","130.60","932.54K","+0.80%"
"08/23/2016","130.65","129.75","135.70","128.35","996.19K","+1.20%"
"08/22/2016","129.10","126.05","130.40","125.55","540.75K","+2.66%"
"08/19/2016","125.75","125.90","130.90","125.00","475.64K","-0.16%"
"08/18/2016","125.95","125.10","128.40","124.50","242.17K","-0.08%"
"08/17/2016","126.05","121.75","127.50","121.00","374.00K","+3.62%"
"08/16/2016","121.65","115.00","131.70","115.00","1.05M","+4.69%"
"08/12/2016","116.20","110.45","117.55","109.20","571.45K","+5.93%"
"08/11/2016","109.70","108.20","112.30","108.15","447.37K","+1.43%"
"08/10/2016","108.15","111.35","113.00","107.65","368.72K","-2.87%"
"08/09/2016","111.35","115.75","116.45","110.55","207.25K","-3.38%"
"08/08/2016","115.25","115.75","121.50","114.00","482.59K","-0.09%"
"08/05/2016","115.35","113.25","116.95","113.25","246.90K","+2.53%"
"08/04/2016","112.50","116.40","118.10","111.60","174.27K","-2.30%"
"08/03/2016","115.15","115.30","117.40","112.10","409.95K","+0.35%"
"08/02/2016","114.75","119.25","120.85","114.00","348.42K","-4.02%"
"08/01/2016","119.55","125.20","126.75","116.40","561.44K","-3.86%"
"07/29/2016","124.35","127.70","128.60","124.10","356.53K","-2.62%"
"07/28/2016","127.70","127.10","129.95","127.00","225.33K","+1.19%"
"07/27/2016","126.20","128.20","130.25","125.35","338.58K","-0.83%"
"07/26/2016","127.25","126.85","133.00","124.70","803.03K","+1.52%"
"07/25/2016","125.35","129.10","130.70","125.00","433.37K","-2.64%"
"07/22/2016","128.75","138.50","138.50","127.50","2.16M","-8.82%"
"07/21/2016","141.20","140.00","143.80","135.25","1.00M","+0.64%"
"07/20/2016","140.30","137.50","141.50","137.00","509.98K","+0.43%"
"07/19/2016","139.70","137.95","143.50","134.60","1.12M","+1.60%"
"07/18/2016","137.50","138.35","142.45","136.65","592.43K","-0.36%"
"07/15/2016","138.00","135.95","142.80","135.15","1.30M","+2.56%"
"07/14/2016","134.55","125.10","136.00","122.85","858.85K","+7.47%"
"07/13/2016","125.20","130.15","131.00","124.00","281.21K","-3.77%"
"07/12/2016","130.10","130.45","133.05","128.00","421.55K","-0.31%"
"07/11/2016","130.50","128.95","133.60","128.10","430.97K","+2.15%"
"07/08/2016","127.75","130.60","131.45","126.50","348.70K","-2.33%"
"07/07/2016","130.80","133.00","134.70","129.60","653.55K","-1.06%"
"07/05/2016","132.20","133.20","135.80","128.10","1.38M","-0.11%"
"07/04/2016","132.35","130.95","134.00","128.20","810.96K","+1.77%"
"07/01/2016","130.05","125.40","134.00","122.10","2.53M","+3.34%"
"06/30/2016","125.85","121.90","147.50","121.90","6.43M","+5.93%"
"06/29/2016","118.80","107.50","121.85","107.00","2.21M","+12.13%"
"06/28/2016","105.95","107.50","109.40","105.25","308.40K","-0.89%"
"06/27/2016","106.90","102.95","110.30","102.00","459.84K","+3.48%"
"06/24/2016","103.30","101.60","106.30","94.20","392.92K","-2.32%"
"06/23/2016","105.75","106.95","107.70","104.55","112.86K","-0.61%"
"06/22/2016","106.40","110.00","110.00","105.25","133.51K","-2.65%"
"06/21/2016","109.30","108.00","110.85","107.95","219.82K","+1.82%"
"06/20/2016","107.35","107.00","110.70","106.85","280.98K","-0.92%"
"06/17/2016","108.35","108.95","113.20","107.50","309.10K","+0.51%"
"06/16/2016","107.80","110.00","111.00","104.55","326.69K","-3.14%"
"06/15/2016","111.30","108.00","113.30","107.25","489.93K","+3.92%"
"06/14/2016","107.10","105.90","108.80","104.90","265.08K","+2.19%"
"06/13/2016","104.80","108.25","108.55","103.50","303.47K","-4.03%"
"06/10/2016","109.20","109.90","111.70","108.75","313.93K","-0.09%"
"06/09/2016","109.30","110.00","112.00","108.00","276.53K","+0.00%"
"06/08/2016","109.30","108.25","114.45","107.00","734.96K","+0.74%"
"06/07/2016","108.50","106.60","111.20","105.00","440.52K","+2.46%"
"06/06/2016","105.90","108.00","108.80","102.60","249.49K","-1.81%"
"06/03/2016","107.85","106.00","111.25","105.95","695.69K","+1.84%"
"06/02/2016","105.90","106.05","108.55","105.25","298.15K","-0.66%"
"06/01/2016","106.60","109.25","111.00","105.90","269.09K","-2.07%"
"05/31/2016","108.85","107.00","113.45","106.00","923.81K","+0.51%"
"05/30/2016","108.30","104.00","109.65","102.10","796.83K","+4.29%"
"05/27/2016","103.85","106.40","106.70","101.10","362.47K","-1.56%"
"05/26/2016","105.50","103.70","108.50","102.75","685.98K","+2.98%"
"05/25/2016","102.45","92.95","103.80","92.10","1.20M","+11.48%"
"05/24/2016","91.90","96.60","96.80","88.65","462.45K","-3.72%"
"05/23/2016","95.45","98.95","99.80","94.50","262.33K","-2.90%"
"05/20/2016","98.30","104.90","105.70","96.20","489.10K","-5.71%"
"05/19/2016","104.25","104.00","109.00","103.20","840.32K","-0.38%"
"05/18/2016","104.65","98.80","105.00","97.55","963.70K","+4.70%"
"05/17/2016","99.95","97.15","102.20","94.60","1.10M","+3.25%"
"05/16/2016","96.80","95.50","99.60","94.40","820.05K","+2.06%"
"05/13/2016","94.85","89.00","98.65","88.30","1.88M","+8.03%"
"05/12/2016","87.80","88.10","89.50","86.30","557.07K","+1.15%"
"05/11/2016","86.80","83.50","88.10","82.20","598.17K","+1.22%"
"05/10/2016","85.75","84.00","88.95","83.80","828.01K","+2.08%"
"05/09/2016","84.00","83.00","85.20","81.80","249.35K","-0.12%"
"05/06/2016","84.10","85.05","86.25","82.40","481.38K","-1.12%"
"05/05/2016","85.05","86.80","89.65","83.00","1.03M","-1.39%"
"05/04/2016","86.25","81.50","93.40","81.50","2.83M","+5.25%"
"05/03/2016","81.95","80.70","84.45","80.70","1.37M","+1.99%"
"05/02/2016","80.35","69.75","82.20","69.00","3.23M","+15.53%"
"04/29/2016","69.55","66.05","70.00","66.00","501.99K","+5.70%"
"04/28/2016","65.80","66.05","71.40","64.75","1.21M","+0.30%"
"04/27/2016","65.60","65.90","67.50","64.75","1.49M","+2.66%"
"04/26/2016","63.90","62.65","64.80","61.55","643.69K","+2.32%"
"04/25/2016","62.45","59.65","64.05","59.30","826.64K","+6.03%"
"04/22/2016","58.90","59.95","60.05","57.85","74.46K","-0.42%"
"04/21/2016","59.15","59.30","61.50","58.10","119.94K","-1.17%"
"04/20/2016","59.85","59.40","60.90","57.20","236.47K","+1.87%"
"04/18/2016","58.75","57.65","59.80","57.10","92.45K","+1.82%"
"04/13/2016","57.70","60.90","60.95","57.20","143.58K","-3.35%"
"04/12/2016","59.70","59.55","61.00","58.60","299.31K","+1.96%"
"04/11/2016","58.55","57.10","60.60","57.10","314.26K","+1.30%"
"04/08/2016","57.80","52.45","58.50","52.15","429.52K","+10.10%"
"04/07/2016","52.50","54.45","55.60","51.85","117.25K","-3.85%"
"04/06/2016","54.60","49.90","55.45","49.80","336.29K","+11.66%"
"04/05/2016","48.90","53.90","53.95","48.10","116.96K","-9.19%"
"04/04/2016","53.85","51.00","54.80","51.00","118.80K","+6.95%"
"04/01/2016","50.35","52.90","53.35","50.10","29.43K","-2.42%"
"03/31/2016","51.60","52.50","53.95","51.20","55.53K","-0.10%"
"03/30/2016","51.65","48.50","52.60","48.50","95.25K","+6.49%"
"03/29/2016","48.50","47.15","50.70","47.10","60.25K","+0.94%"
"03/28/2016","48.05","49.00","49.90","46.45","107.68K","-1.74%"
"03/23/2016","48.90","48.05","51.90","47.25","94.98K","+0.93%"
"03/22/2016","48.45","48.00","49.60","46.30","70.81K","+0.10%"
"03/21/2016","48.40","49.30","50.35","47.00","44.69K","-1.83%"
"03/18/2016","49.30","51.30","52.50","48.60","71.95K","-2.47%"
"03/17/2016","50.55","53.10","54.20","49.50","86.07K","-5.60%"
"03/16/2016","53.55","52.95","54.20","50.85","198.95K","+1.32%"
"03/15/2016","52.85","52.80","54.60","51.15","302.87K","+0.09%"
"03/14/2016","52.80","50.45","53.90","48.10","688.82K","+6.45%"
"03/11/2016","49.60","45.00","50.95","42.60","839.96K","+9.25%"
"03/10/2016","45.40","38.00","46.60","37.50","1.37M","+22.37%"
"03/09/2016","37.10","40.50","41.40","36.85","267.77K","-8.62%"
"03/08/2016","40.60","41.50","42.40","40.10","59.94K","-2.17%"
"03/04/2016","41.50","42.50","42.50","41.15","40.37K","-2.35%"
"03/03/2016","42.50","41.25","42.75","41.25","45.08K","+3.66%"
"03/02/2016","41.00","40.10","42.80","40.10","364.48K","+3.27%"
"03/01/2016","39.70","39.55","40.85","38.55","67.21K","+1.40%"
"02/29/2016","39.15","39.95","41.00","38.55","47.29K","+0.26%"
"02/26/2016","39.05","40.60","40.90","38.55","49.64K","-0.76%"
"02/25/2016","39.35","39.90","40.90","38.30","37.96K","-1.38%"
"02/24/2016","39.90","40.00","40.50","39.15","31.37K","-0.75%"
"02/23/2016","40.20","42.30","43.70","39.65","106.29K","-4.96%"
"02/22/2016","42.30","42.80","44.15","41.80","48.62K","+2.79%"
"02/19/2016","41.15","41.10","44.50","40.70","108.71K","-3.40%"
"02/18/2016","42.60","43.00","44.00","40.10","70.84K","+0.24%"
"02/17/2016","42.50","40.05","43.95","37.05","78.39K","+4.81%"
"02/16/2016","40.55","44.40","44.40","40.00","50.82K","-6.67%"
"02/15/2016","43.45","40.90","44.20","40.00","123.98K","+7.68%"
"02/12/2016","40.35","36.55","43.50","35.05","188.54K","+10.85%"
"02/11/2016","36.40","44.00","44.60","35.05","122.24K","-17.46%"
"02/10/2016","44.10","44.55","44.80","43.10","30.92K","-1.01%"
"02/09/2016","44.55","46.10","46.35","44.10","48.95K","-4.60%"
"02/08/2016","46.70","46.90","47.75","45.60","43.73K","-0.64%"
"02/05/2016","47.00","44.25","47.60","43.35","79.17K","+6.33%"
"02/04/2016","44.20","46.20","48.80","43.45","102.86K","-4.95%"
"02/03/2016","46.50","50.00","50.70","46.10","126.90K","-9.88%"
"02/02/2016","51.60","51.45","53.30","49.35","127.47K","+1.08%"
"02/01/2016","51.05","53.25","53.40","50.80","80.89K","-2.76%"
"01/29/2016","52.50","54.00","55.80","51.70","142.72K","-6.42%"
"01/28/2016","56.10","59.00","59.00","54.20","1.21M","+8.83%"
"01/27/2016","51.55","51.00","52.80","48.50","138.02K","+3.62%"
"01/25/2016","49.75","48.00","51.70","46.60","84.53K","+6.30%"
"01/22/2016","46.80","47.85","49.15","45.30","56.61K","+1.96%"
"01/21/2016","45.90","45.10","47.55","44.60","40.07K","+3.38%"
"01/20/2016","44.40","47.75","47.75","44.00","66.15K","-7.21%"
"01/19/2016","47.85","46.05","50.80","46.05","62.44K","-0.10%"
"01/18/2016","47.90","52.20","56.80","45.35","83.65K","-8.50%"
"01/15/2016","52.35","55.00","58.00","51.35","174.03K","-3.86%"
"01/14/2016","54.45","52.00","59.00","50.50","328.36K","+1.68%"
"01/13/2016","53.55","57.90","59.00","51.20","486.18K","-5.56%"
"01/12/2016","56.70","54.70","58.20","53.50","429.06K","+5.88%"
"01/11/2016","53.55","51.00","54.30","50.65","77.54K","+1.52%"
"01/08/2016","52.75","51.25","53.80","50.35","76.63K","+1.54%"
"01/07/2016","51.95","52.00","52.90","50.20","113.28K","-1.42%"
"01/06/2016","52.70","52.10","54.70","52.05","136.43K","+1.74%"
"01/05/2016","51.80","54.50","54.90","51.25","106.56K","-4.25%"
"01/04/2016","54.10","53.00","55.95","52.00","233.74K","+2.66%"
"01/01/2016","52.70","51.65","53.05","50.10","174.61K","+3.54%"
"12/31/2015","50.90","48.50","52.70","47.25","248.32K","+8.30%"
"12/30/2015","47.00","48.35","48.35","46.90","31.72K","-1.88%"
"12/29/2015","47.90","47.20","48.00","46.65","46.86K","+1.81%"
"12/28/2015","47.05","47.15","48.35","46.25","41.90K","-0.32%"
"12/24/2015","47.20","47.35","48.20","47.10","33.27K","-1.05%"
"12/23/2015","47.70","48.30","48.70","47.35","27.85K","+1.49%"
"12/22/2015","47.00","47.40","48.90","46.85","46.65K","-1.26%"
"12/21/2015","47.60","46.10","48.15","46.10","26.47K","+0.00%"
"12/18/2015","47.60","48.15","49.45","47.20","45.02K","-2.16%"
"12/17/2015","48.65","49.45","50.00","47.75","89.53K","+0.41%"
"12/16/2015","48.45","50.00","50.00","47.70","69.00K","+0.10%"
"12/15/2015","48.40","48.05","49.70","48.00","91.87K","+0.10%"
"12/14/2015","48.35","44.70","48.85","44.60","101.64K","+7.21%"
"12/11/2015","45.10","45.20","48.25","44.10","65.89K","-3.01%"
"12/10/2015","46.50","45.00","47.00","44.10","57.92K","+3.33%"
"12/09/2015","45.00","47.95","49.15","44.60","66.62K","-6.15%"
"12/08/2015","47.95","48.05","49.40","47.10","80.88K","-0.21%"
"12/07/2015","48.05","47.85","49.55","47.00","49.14K","+0.73%"
"12/04/2015","47.70","46.35","49.75","46.35","63.11K","-0.52%"
"12/03/2015","47.95","46.05","51.00","46.05","223.54K","+1.80%"
"12/02/2015","47.10","48.95","48.95","47.00","64.73K","-2.38%"
"12/01/2015","48.25","47.30","49.25","45.90","148.56K","+4.44%"
"11/30/2015","46.20","47.90","47.90","46.00","68.14K","-1.07%"
"11/27/2015","46.70","48.05","48.90","46.00","90.80K","-3.21%"
"11/26/2015","48.25","49.05","49.80","48.00","66.28K","-0.82%"
"11/24/2015","48.65","48.20","50.00","48.20","72.93K","-0.41%"
"11/23/2015","48.85","50.85","50.90","48.40","88.17K","-2.50%"
"11/20/2015","50.10","48.85","52.45","48.15","377.87K","+2.98%"
"11/19/2015","48.65","48.50","49.90","46.75","188.80K","+2.31%"
"11/18/2015","47.55","46.45","50.50","46.05","361.31K","+1.82%"
"11/17/2015","46.70","42.90","48.50","41.55","394.59K","+10.66%"
"11/16/2015","42.20","43.20","43.90","42.00","62.86K","-2.99%"
"11/13/2015","43.50","45.00","45.35","43.15","107.18K","-3.76%"
"11/11/2015","45.20","44.40","45.80","43.40","73.45K","+4.03%"
"11/10/2015","43.45","44.50","46.95","43.00","190.67K","-1.92%"
"11/09/2015","44.30","42.80","45.85","41.90","236.17K","-4.11%"
"11/06/2015","46.20","38.05","47.90","38.05","972.91K","+16.67%"
"11/05/2015","39.60","42.00","43.90","38.60","751.26K","-8.44%"
"11/04/2015","43.25","39.00","45.45","36.65","2.45M","+30.47%"
"11/03/2015","33.15","31.90","33.80","31.70","269.83K","+5.24%"
"11/02/2015","31.50","30.25","32.00","29.70","55.65K","+1.12%"
"10/30/2015","31.15","31.45","32.45","30.75","65.67K","-0.64%"
"10/29/2015","31.35","31.85","32.95","31.10","114.79K","-2.94%"
"10/28/2015","32.30","31.35","33.00","30.70","449.04K","+4.03%"
"10/27/2015","31.05","30.35","32.10","29.25","201.93K","+2.81%"
"10/26/2015","30.20","31.05","33.65","30.00","178.76K","+2.03%"
"10/23/2015","29.60","31.25","31.45","29.15","59.69K","-4.67%"
"10/21/2015","31.05","31.60","31.70","31.00","35.21K","-0.16%"
"10/20/2015","31.10","30.80","31.50","30.50","32.22K","+0.16%"
"10/19/2015","31.05","31.35","31.95","30.90","30.39K","-0.16%"
"10/16/2015","31.10","31.35","32.05","31.00","122.32K","+0.32%"
"10/15/2015","31.00","32.00","32.10","30.70","35.75K","-0.32%"
"10/14/2015","31.10","32.10","32.50","30.45","77.66K","-4.16%"
"10/13/2015","32.45","34.45","34.45","31.85","54.24K","-2.84%"
"10/12/2015","33.40","31.05","34.60","31.00","69.31K","+5.70%"
"10/09/2015","31.60","31.00","32.05","30.95","56.79K","+1.77%"
"10/08/2015","31.05","30.35","32.10","29.65","64.82K","+4.02%"
"10/07/2015","29.85","29.35","30.55","29.00","42.02K","+2.93%"
"10/06/2015","29.00","29.15","29.85","28.30","36.20K","+1.22%"
"10/05/2015","28.65","27.55","29.90","27.55","22.88K","+2.87%"
"10/01/2015","27.85","28.80","29.45","27.30","44.57K","-0.18%"
"09/30/2015","27.90","28.55","29.45","27.10","38.73K","-1.93%"
"09/29/2015","28.45","28.95","29.50","27.55","35.13K","-1.56%"
"09/28/2015","28.90","28.65","30.60","27.20","57.03K","+3.58%"
"09/24/2015","27.90","28.60","28.70","27.65","13.74K","-0.36%"
"09/23/2015","28.00","27.05","28.50","26.15","25.11K","+5.07%"
"09/22/2015","26.65","28.05","28.70","26.25","28.48K","-5.66%"
"09/21/2015","28.25","27.35","28.80","27.00","19.76K","+4.82%"
"09/18/2015","26.95","27.40","27.90","26.50","17.29K","-1.28%"
"09/16/2015","27.30","27.55","27.95","27.25","8.64K","-0.55%"
"09/15/2015","27.45","27.75","27.85","26.70","11.94K","+2.04%"
"09/14/2015","26.90","26.30","27.25","26.10","38.92K","+1.89%"
"09/11/2015","26.40","26.35","27.25","26.05","25.11K","+0.57%"
"09/10/2015","26.25","26.10","27.95","25.50","43.20K","-1.50%"
"09/09/2015","26.65","28.00","28.90","26.15","29.98K","+1.33%"
"09/08/2015","26.30","26.65","26.65","25.00","35.72K","+1.74%"
"09/07/2015","25.85","27.95","28.45","25.50","18.64K","-4.08%"
"09/04/2015","26.95","28.00","29.65","25.10","47.19K","-0.92%"
"09/03/2015","27.20","27.85","28.65","27.00","40.75K","-4.06%"
"09/02/2015","28.35","27.20","28.90","27.15","24.77K","+1.43%"
"09/01/2015","27.95","29.00","29.00","26.50","46.59K","-2.61%"
"08/31/2015","28.70","28.25","29.70","28.20","22.12K","+0.35%"
"08/28/2015","28.60","28.85","29.75","28.15","21.62K","-0.35%"
"08/27/2015","28.70","26.55","29.15","25.55","49.24K","+15.03%"
"08/26/2015","24.95","24.80","27.75","24.50","78.94K","+0.40%"
"08/25/2015","24.85","25.00","27.85","23.40","43.57K","+3.11%"
"08/24/2015","24.10","28.10","29.80","23.70","155.95K","-20.98%"
"08/21/2015","30.50","31.75","31.90","29.50","48.20K","-3.48%"
"08/20/2015","31.60","33.00","33.00","31.40","33.18K","-2.62%"
"08/19/2015","32.45","33.85","34.00","32.10","45.48K","-2.41%"
"08/18/2015","33.25","33.45","34.20","32.55","56.80K","+0.15%"
"08/17/2015","33.20","34.85","35.20","33.00","39.33K","-2.50%"
"08/14/2015","34.05","34.00","35.35","33.65","54.72K","+0.00%"
"08/13/2015","34.05","34.80","35.95","34.00","54.06K","-2.16%"
"08/12/2015","34.80","39.40","39.40","34.10","113.15K","-12.23%"
"08/11/2015","39.65","40.70","42.40","39.10","162.34K","+1.41%"
"08/10/2015","39.10","37.05","41.90","37.05","226.45K","+5.53%"
"08/07/2015","37.05","37.05","37.95","36.20","46.58K","+0.14%"
"08/06/2015","37.00","34.70","40.00","34.70","254.34K","+4.82%"
"08/05/2015","35.30","34.00","35.80","34.00","93.59K","+4.28%"
"08/04/2015","33.85","33.35","34.35","33.20","28.91K","+1.04%"
"08/03/2015","33.50","34.55","34.60","33.50","35.25K","-2.47%"
"07/31/2015","34.35","33.50","35.45","33.50","34.60K","+2.08%"
"07/30/2015","33.65","33.80","35.00","32.50","40.46K","+3.22%"
"07/29/2015","32.60","33.70","33.70","32.35","22.33K","-0.46%"
"07/28/2015","32.75","33.65","34.00","32.30","35.48K","-2.53%"
"07/27/2015","33.60","33.45","35.60","33.40","39.15K","-2.47%"
"07/24/2015","34.45","34.70","36.35","34.10","72.95K","-1.01%"
"07/23/2015","34.80","33.30","35.50","32.80","138.14K","+4.66%"
"07/22/2015","33.25","32.90","33.55","32.55","26.29K","+1.53%"
"07/21/2015","32.75","33.15","34.75","32.35","91.65K","-2.09%"
"07/20/2015","33.45","32.80","34.70","32.55","96.52K","+3.08%"
"07/17/2015","32.45","31.35","33.00","31.35","69.05K","+3.51%"
"07/16/2015","31.35","31.50","31.90","31.10","65.22K","+0.80%"
"07/15/2015","31.10","32.00","32.05","31.05","41.04K","-2.05%"
"07/14/2015","31.75","32.25","32.30","31.10","31.10K","+0.95%"
"07/13/2015","31.45","32.20","32.20","31.05","34.32K","+0.48%"
"07/10/2015","31.30","33.75","33.75","31.15","30.83K","-2.95%"
"07/09/2015","32.25","32.45","32.90","31.10","95.84K","+3.53%"
"07/08/2015","31.15","29.50","33.50","29.40","306.83K","+4.01%"
"07/07/2015","29.95","30.15","32.15","29.50","209.45K","+1.18%"
"07/06/2015","29.60","30.80","30.80","29.00","36.46K","-2.63%"
"07/03/2015","30.40","30.75","31.80","30.00","73.81K","+1.16%"
"07/02/2015","30.05","31.00","32.30","29.75","80.36K","-2.12%"
"07/01/2015","30.70","29.35","31.50","29.35","66.30K","+6.41%"
"06/30/2015","28.85","29.00","29.85","28.05","51.18K","+0.00%"
"06/29/2015","28.85","31.85","31.85","28.00","67.74K","-5.41%"
"06/26/2015","30.50","31.25","31.90","29.75","23.27K","-3.63%"
"06/25/2015","31.65","31.20","32.15","31.00","14.73K","+0.00%"
"06/24/2015","31.65","32.50","32.50","31.40","28.95K","-0.31%"
"06/23/2015","31.75","32.35","32.60","31.05","31.97K","-1.09%"
"06/22/2015","32.10","32.80","33.05","31.50","47.30K","+2.07%"
"06/19/2015","31.45","31.00","32.50","30.20","52.53K","+2.44%"
"06/18/2015","30.70","29.10","31.55","28.50","52.14K","+4.42%"
"06/17/2015","29.40","27.70","30.40","27.50","41.38K","+6.52%"
"06/16/2015","27.60","28.30","29.35","27.20","46.45K","-3.50%"
"06/15/2015","28.60","29.60","29.60","28.50","30.46K","-1.72%"
"06/12/2015","29.10","29.30","30.15","29.00","23.31K","-0.68%"
"06/11/2015","29.30","30.00","30.55","29.10","23.28K","-1.84%"
"06/10/2015","29.85","29.65","30.60","29.65","80.58K","-0.50%"
"06/09/2015","30.00","29.75","33.75","29.70","39.57K","+0.84%"
"06/08/2015","29.75","30.70","31.30","29.70","28.10K","-3.09%"
"06/05/2015","30.70","29.90","32.45","29.90","39.03K","+2.16%"
"06/04/2015","30.05","32.50","32.50","29.75","55.56K","-2.28%"
"06/03/2015","30.75","33.85","33.90","30.50","70.89K","-8.62%"
"06/02/2015","33.65","34.10","34.35","33.35","46.23K","-1.32%"
"06/01/2015","34.10","34.65","35.60","33.80","143.80K","-1.59%"
"05/29/2015","34.65","36.10","36.95","34.30","212.34K","-10.70%"
"05/28/2015","38.80","37.90","39.45","37.60","12.18K","+2.37%"
"05/27/2015","37.90","38.30","38.70","37.45","24.02K","-1.69%"
"05/26/2015","38.55","39.40","39.50","38.15","16.81K","-0.39%"
"05/25/2015","38.70","39.65","39.90","38.50","14.25K","-1.78%"
"05/22/2015","39.40","39.80","41.00","39.00","34.30K","-1.62%"
"05/21/2015","40.05","40.20","41.10","39.05","39.90K","-0.62%"
"05/20/2015","40.30","40.90","41.50","39.70","31.84K","-0.74%"
"05/19/2015","40.60","39.00","41.00","38.75","37.56K","+3.57%"
"05/18/2015","39.20","38.05","39.85","38.05","15.38K","+0.64%"
"05/15/2015","38.95","40.95","40.95","37.80","32.93K","+1.30%"
"05/14/2015","38.45","39.00","39.45","38.05","25.07K","+0.00%"
"05/13/2015","38.45","38.00","40.40","38.00","31.65K","+0.65%"
"05/12/2015","38.20","39.25","39.25","38.10","11.95K","-2.68%"
"05/11/2015","39.25","39.85","40.30","39.10","16.32K","-0.13%"
"05/08/2015","39.30","37.35","39.80","37.35","28.82K","+4.24%"
"05/07/2015","37.70","39.00","39.50","37.25","24.46K","-3.46%"
"05/06/2015","39.05","40.20","40.80","38.10","23.98K","-3.70%"
"05/05/2015","40.55","40.50","41.10","40.00","25.66K","+0.50%"
"05/04/2015","40.35","40.15","40.95","39.50","21.62K","+1.51%"
"04/30/2015","39.75","40.20","40.20","38.40","33.20K","-1.73%"
"04/29/2015","40.45","39.35","40.80","39.35","18.21K","+1.00%"
"04/28/2015","40.05","40.00","40.90","39.20","13.23K","-0.25%"
"04/27/2015","40.15","40.40","41.00","39.40","21.30K","-1.83%"
"04/24/2015","40.90","41.50","43.90","40.15","47.47K","-0.61%"
"04/23/2015","41.15","41.75","42.50","40.10","36.05K","-1.32%"
"04/22/2015","41.70","42.05","42.80","41.20","20.78K","-0.24%"
"04/21/2015","41.80","42.05","43.00","41.65","13.88K","-0.95%"
"04/20/2015","42.20","43.15","43.60","42.00","23.72K","-2.99%"
"04/17/2015","43.50","43.60","44.20","41.50","31.36K","-0.57%"
"04/16/2015","43.75","43.65","44.85","43.30","33.34K","-1.46%"
"04/15/2015","44.40","46.35","47.40","43.60","79.45K","-1.88%"
"04/13/2015","45.25","45.15","47.45","45.00","69.38K","+1.12%"
"04/10/2015","44.75","44.00","45.50","44.00","40.71K","+1.59%"
"04/09/2015","44.05","45.35","47.40","43.00","76.39K","-3.72%"
"04/08/2015","45.75","46.50","46.90","44.90","80.76K","-0.33%"
"04/07/2015","45.90","41.60","47.40","41.60","160.90K","+10.34%"
"04/06/2015","41.60","43.50","44.50","40.70","92.83K","-4.59%"
"04/01/2015","43.60","39.50","44.60","39.00","125.44K","+14.44%"
"03/31/2015","38.10","37.50","39.20","37.30","63.14K","+1.06%"
"03/30/2015","37.70","36.90","38.00","36.80","35.59K","+3.57%"
"03/27/2015","36.40","36.70","37.95","35.00","85.39K","-1.49%"
"03/26/2015","36.95","37.40","38.00","36.70","44.64K","-1.20%"
"03/25/2015","37.40","41.15","41.20","36.95","61.27K","-4.35%"
"03/24/2015","39.10","40.00","40.90","38.90","59.38K","-2.37%"
"03/23/2015","40.05","41.30","42.90","39.60","56.19K","-4.19%"
"03/20/2015","41.80","42.70","43.40","41.55","56.18K","-2.11%"
"03/19/2015","42.70","42.05","43.90","41.70","113.51K","+0.35%"
"03/18/2015","42.55","44.10","44.50","42.00","70.05K","-3.19%"
"03/17/2015","43.95","45.50","45.50","43.70","56.01K","-1.90%"
"03/16/2015","44.80","46.90","46.90","44.25","51.60K","-2.82%"
"03/13/2015","46.10","46.50","47.80","45.70","39.74K","-0.54%"
"03/12/2015","46.35","46.00","47.20","45.20","41.43K","+0.54%"
"03/11/2015","46.10","46.75","47.70","45.65","47.78K","-1.50%"
"03/10/2015","46.80","48.50","49.00","46.00","51.09K","-2.50%"
"03/09/2015","48.00","48.50","49.85","47.60","53.62K","-1.03%"
"03/05/2015","48.50","49.45","50.20","48.05","64.72K","-1.72%"
"03/04/2015","49.35","50.90","50.90","49.25","33.35K","-1.50%"
"03/03/2015","50.10","50.10","50.80","49.65","33.98K","+0.20%"
"03/02/2015","50.00","50.05","51.40","49.50","32.23K","-3.10%"
"02/27/2015","51.60","50.05","52.50","49.45","43.28K","+3.61%"
"02/26/2015","49.80","51.55","51.55","49.40","20.21K","-1.09%"
"02/25/2015","50.35","51.05","52.70","50.10","46.00K","-1.37%"
"02/24/2015","51.05","52.20","52.20","48.80","87.69K","+0.20%"
"02/23/2015","50.95","53.00","53.00","50.55","40.94K","-2.77%"
"02/20/2015","52.40","53.80","54.40","51.60","32.90K","-2.06%"
"02/19/2015","53.50","54.00","55.25","52.50","107.36K","+1.61%"
"02/18/2015","52.65","50.20","54.35","49.40","93.53K","+4.78%"
"02/16/2015","50.25","50.00","51.50","49.20","25.71K","+0.50%"
"02/13/2015","50.00","51.30","51.30","49.20","20.83K","+0.20%"
"02/12/2015","49.90","50.10","52.00","48.15","46.97K","+0.81%"
"02/11/2015","49.50","49.85","49.90","48.00","21.62K","+1.64%"
"02/10/2015","48.70","48.75","49.55","47.65","28.62K","+0.31%"
"02/09/2015","48.55","50.45","50.45","48.40","30.09K","-3.19%"
"02/06/2015","50.15","51.55","51.95","49.00","72.92K","-2.90%"
"02/05/2015","51.65","52.90","53.70","51.50","57.30K","-2.27%"
"02/04/2015","52.85","52.00","54.00","52.00","82.58K","+1.93%"
"02/03/2015","51.85","52.40","53.65","51.00","102.02K","+0.78%"
"02/02/2015","51.45","53.70","53.70","50.70","247.91K","-9.10%"
"01/30/2015","56.60","57.55","58.65","56.10","40.30K","-0.09%"
"01/29/2015","56.65","57.05","58.15","56.10","30.58K","-1.22%"
"01/28/2015","57.35","59.80","59.80","56.45","73.44K","-3.13%"
"01/27/2015","59.20","60.40","62.30","58.60","80.09K","-1.99%"
"01/23/2015","60.40","63.00","65.00","60.00","273.85K","-3.59%"
"01/22/2015","62.65","61.50","63.35","60.70","531.60K","+3.64%"
"01/21/2015","60.45","55.75","62.75","55.05","348.11K","+8.82%"
"01/20/2015","55.55","55.85","56.45","54.00","69.30K","+0.73%"
"01/19/2015","55.15","54.25","55.70","54.05","91.37K","+2.22%"
"01/16/2015","53.95","53.85","55.00","53.70","15.00K","+0.00%"
"01/15/2015","53.95","53.90","56.00","53.45","45.08K","-0.74%"
"01/14/2015","54.35","55.80","56.05","54.10","26.08K","-0.91%"
"01/13/2015","54.85","54.20","55.95","51.20","64.96K","+2.05%"
"01/12/2015","53.75","55.15","55.50","53.50","10.66K","-1.47%"
"01/09/2015","54.55","55.40","56.40","53.70","45.48K","-0.73%"
"01/08/2015","54.95","55.00","56.30","54.40","45.62K","+1.67%"
"01/07/2015","54.05","51.65","59.00","51.15","292.47K","+4.95%"
"01/06/2015","51.50","52.80","53.20","51.20","37.17K","-4.01%"
"01/05/2015","53.65","53.50","54.50","53.10","21.59K","+0.37%"
"01/02/2015","53.45","52.75","54.35","52.40","46.82K","+2.00%"
"01/01/2015","52.40","52.85","53.20","52.15","40.03K","-0.19%"
"12/31/2014","52.50","51.60","53.95","51.60","44.31K","+1.45%"
"12/30/2014","51.75","51.65","52.40","51.30","28.59K","+0.39%"
"12/29/2014","51.55","51.65","52.90","51.40","52.27K","-0.29%"
"12/26/2014","51.70","51.50","53.00","51.40","36.42K","-0.19%"
"12/24/2014","51.80","52.45","53.00","51.55","52.55K","-0.96%"
"12/23/2014","52.30","53.60","53.80","52.00","42.20K","-1.69%"
"12/22/2014","53.20","53.15","54.20","52.50","31.99K","+0.19%"
"12/19/2014","53.10","53.00","55.50","52.50","57.05K","+0.85%"
"12/18/2014","52.65","52.50","54.00","52.50","44.08K","+1.15%"
"12/17/2014","52.05","53.05","54.00","50.10","54.99K","-1.98%"
"12/16/2014","53.10","54.00","55.70","53.00","38.60K","-3.10%"
"12/15/2014","54.80","56.80","56.80","54.50","31.48K","-2.92%"
"12/12/2014","56.45","57.00","57.50","56.10","102.83K","-1.31%"
"12/11/2014","57.20","57.50","57.70","56.15","33.20K","+1.24%"
"12/10/2014","56.50","55.70","57.40","55.70","92.14K","-0.09%"
"12/09/2014","56.55","59.50","59.60","56.15","148.78K","-4.15%"
"12/08/2014","59.00","61.00","61.00","58.30","67.41K","-1.91%"
"12/05/2014","60.15","60.95","61.35","59.80","59.86K","-0.25%"
"12/04/2014","60.30","60.30","61.10","60.00","39.34K","+0.00%"
"12/03/2014","60.30","58.40","62.45","58.40","116.21K","+1.94%"
"12/02/2014","59.15","58.10","59.65","57.85","38.55K","+0.34%"
"12/01/2014","58.95","58.45","60.00","58.25","58.27K","+0.00%"
"11/28/2014","58.95","58.00","60.50","58.00","71.16K","+0.51%"
"11/27/2014","58.65","58.10","59.25","57.50","190.28K","+0.86%"
"11/26/2014","58.15","58.40","59.85","57.65","169.31K","-1.44%"
"11/25/2014","59.00","58.50","59.45","56.25","112.33K","+0.17%"
"11/24/2014","58.90","58.75","61.00","58.50","53.97K","-1.01%"
"11/21/2014","59.50","61.85","61.90","58.00","117.58K","-1.24%"
"11/20/2014","60.25","60.15","61.40","59.20","97.64K","+0.17%"
"11/19/2014","60.15","61.90","62.95","59.30","135.42K","-2.12%"
"11/18/2014","61.45","62.15","62.30","61.00","65.03K","-0.32%"
"11/17/2014","61.65","59.25","62.30","59.20","182.59K","+4.05%"
"11/14/2014","59.25","57.95","61.75","57.10","166.24K","+3.49%"
"11/13/2014","57.25","57.00","58.50","56.95","47.95K","-1.46%"
"11/12/2014","58.10","56.35","58.85","56.35","57.52K","-0.34%"
"11/11/2014","58.30","59.40","59.40","57.60","69.45K","+0.17%"
"11/10/2014","58.20","57.95","59.90","57.95","53.30K","+0.61%"
"11/07/2014","57.85","59.50","59.50","57.00","79.99K","-3.50%"
"11/05/2014","59.95","56.30","60.90","56.30","281.03K","+6.01%"
"11/03/2014","56.55","56.45","58.50","55.35","121.44K","+1.43%"
"10/31/2014","55.75","56.95","57.40","54.65","125.26K","+1.64%"
"10/30/2014","54.85","55.70","55.90","54.50","72.04K","-0.90%"
"10/29/2014","55.35","55.80","57.25","54.95","75.89K","-0.81%"
"10/28/2014","55.80","55.65","56.70","55.50","35.37K","-1.15%"
"10/27/2014","56.45","56.25","57.70","55.35","72.78K","+0.80%"
"10/23/2014","56.00","56.00","56.40","55.60","33.27K","+1.54%"
"10/22/2014","55.15","55.70","55.75","52.65","294.09K","-5.97%"
"10/21/2014","58.65","58.85","59.95","58.10","80.52K","+0.51%"
"10/20/2014","58.35","60.25","60.25","57.15","89.02K","+0.52%"
"10/17/2014","58.05","57.05","58.90","55.20","119.99K","+2.29%"
"10/16/2014","56.75","61.85","61.85","56.10","131.99K","-6.35%"
"10/14/2014","60.60","60.20","61.75","60.10","100.57K","-0.49%"
"10/13/2014","60.90","61.50","62.25","60.00","128.18K","-1.38%"
"10/10/2014","61.75","62.25","63.70","60.25","191.76K","-0.48%"
"10/09/2014","62.05","63.00","63.85","61.80","126.90K","-0.48%"
"10/08/2014","62.35","61.50","63.25","60.60","254.59K","+1.71%"
"10/07/2014","61.30","62.20","64.90","60.85","196.13K","-2.93%"
"10/01/2014","63.15","63.00","64.10","62.10","167.33K","-0.08%"
"09/30/2014","63.20","62.00","65.00","61.60","219.23K","+1.85%"
"09/29/2014","62.05","61.65","64.25","60.45","204.33K","+1.64%"
"09/26/2014","61.05","61.35","62.60","57.70","281.69K","-1.93%"
"09/25/2014","62.25","64.35","65.40","61.00","150.50K","-4.08%"
"09/24/2014","64.90","66.55","67.95","64.40","114.75K","-2.48%"
"09/23/2014","66.55","73.00","73.80","65.50","362.61K","-5.33%"
"09/22/2014","70.30","64.40","72.60","63.30","470.12K","+8.82%"
"09/19/2014","64.60","66.40","67.45","63.85","170.75K","-1.22%"
"09/18/2014","65.40","66.05","67.00","63.60","239.72K","+1.95%"
"09/17/2014","64.15","66.95","68.45","63.50","243.11K","-2.14%"
"09/16/2014","65.55","74.90","76.40","65.00","524.21K","-11.72%"
"09/15/2014","74.25","68.70","76.65","68.65","1.58M","+3.70%"
"09/12/2014","71.60","71.50","77.70","70.85","1.73M","+1.63%"
"09/11/2014","70.45","60.25","74.90","60.25","2.00M","+17.42%"
"09/10/2014","60.00","59.20","61.25","59.10","114.44K","+1.18%"
"09/09/2014","59.30","59.20","61.15","58.90","113.66K","-0.42%"
"09/08/2014","59.55","57.65","60.40","54.80","223.68K","+3.93%"
"09/05/2014","57.30","58.60","59.00","56.25","41.11K","-1.63%"
"09/04/2014","58.25","59.20","59.70","57.75","39.62K","-1.60%"
"09/03/2014","59.20","58.00","59.60","58.00","93.00K","+2.60%"
"09/02/2014","57.70","56.50","59.00","56.00","85.61K","+2.85%"
"09/01/2014","56.10","56.10","58.00","55.10","66.94K","+0.36%"
"08/28/2014","55.90","55.60","56.90","55.50","41.61K","-1.06%"
"08/27/2014","56.50","56.05","58.45","56.00","26.43K","+0.62%"
"08/26/2014","56.15","59.80","59.80","55.85","48.10K","-4.43%"
"08/25/2014","58.75","61.00","61.00","58.50","38.88K","-2.08%"
"08/22/2014","60.00","61.50","62.30","59.75","56.16K","-0.91%"
"08/21/2014","60.55","61.95","61.95","60.05","98.32K","-5.69%"
"08/20/2014","64.20","64.05","64.95","63.10","150.47K","+1.26%"
"08/19/2014","63.40","61.55","64.80","61.50","187.76K","+3.01%"
"08/18/2014","61.55","57.80","61.95","57.80","113.64K","+6.12%"
"08/14/2014","58.00","56.15","58.55","56.00","54.67K","+3.29%"
"08/13/2014","56.15","59.00","59.40","55.00","149.81K","-4.75%"
"08/12/2014","58.95","58.10","59.60","58.05","50.61K","+1.73%"
"08/11/2014","57.95","60.35","60.50","57.50","119.37K","-3.98%"
"08/08/2014","60.35","59.65","61.50","59.05","137.51K","-0.25%"
"08/07/2014","60.50","59.95","61.50","59.20","76.64K","+0.83%"
"08/06/2014","60.00","60.40","61.95","59.75","79.70K","-1.72%"
"08/05/2014","61.05","62.70","62.70","60.75","50.44K","-0.16%"
"08/04/2014","61.15","63.00","63.00","60.50","82.96K","+2.34%"
"08/01/2014","59.75","62.75","62.75","59.05","123.36K","-4.78%"
"07/31/2014","62.75","62.45","62.95","62.00","157.74K","+1.62%"
"07/30/2014","61.75","66.10","66.95","61.20","500.25K","-14.18%"
"07/28/2014","71.95","72.20","73.50","71.60","72.85K","-0.14%"
"07/25/2014","72.05","73.35","73.95","71.00","58.16K","-0.89%"
"07/24/2014","72.70","74.80","74.80","72.30","71.64K","-1.29%"
"07/23/2014","73.65","75.90","76.00","72.70","56.88K","-1.87%"
"07/22/2014","75.05","77.05","77.95","74.70","69.29K","-1.31%"
"07/21/2014","76.05","78.90","78.90","75.40","77.31K","-1.93%"
"07/18/2014","77.55","74.30","78.50","73.65","201.12K","+4.94%"
"07/17/2014","73.90","72.10","75.10","72.10","215.86K","+2.64%"
"07/16/2014","72.00","69.05","73.00","69.05","97.06K","+4.42%"
"07/15/2014","68.95","68.00","72.05","68.00","179.27K","+1.62%"
"07/14/2014","67.85","68.05","70.75","67.25","88.56K","-2.37%"
"07/11/2014","69.50","72.65","74.50","68.50","136.74K","-4.14%"
"07/10/2014","72.50","70.10","74.75","70.10","173.09K","+2.47%"
"07/09/2014","70.75","76.55","76.90","69.90","153.49K","-4.97%"
"07/08/2014","74.45","80.15","82.90","73.05","277.94K","-6.47%"
"07/07/2014","79.60","82.60","83.55","79.15","331.03K","-2.45%"
"07/04/2014","81.60","81.55","83.95","79.25","664.36K","+2.00%"
"07/03/2014","80.00","80.55","81.30","78.45","436.32K","+0.13%"
"07/02/2014","79.90","80.00","83.45","77.75","875.98K","+1.59%"
"07/01/2014","78.65","74.35","81.00","73.90","784.29K","+5.22%"
"06/30/2014","74.75","73.50","75.00","73.15","156.11K","+1.91%"
"06/27/2014","73.35","73.35","74.50","72.25","98.57K","-0.14%"
"06/26/2014","73.45","73.00","75.30","72.45","235.00K","+0.75%"
"06/25/2014","72.90","71.55","74.30","71.20","155.68K","+1.04%"
"06/24/2014","72.15","70.90","73.00","70.80","120.27K","+1.98%"
"06/23/2014","70.75","69.25","72.00","69.00","112.54K","+1.43%"
"06/20/2014","69.75","72.00","73.00","69.00","130.83K","-3.19%"
"06/19/2014","72.05","73.95","75.90","70.40","242.24K","-2.57%"
"06/18/2014","73.95","74.95","77.25","71.40","600.75K","+0.27%"
"06/17/2014","73.75","67.70","74.75","67.70","664.09K","+7.59%"
"06/16/2014","68.55","66.05","69.45","65.05","172.99K","+2.70%"
"06/13/2014","66.75","70.25","71.80","65.60","282.22K","-5.99%"
"06/12/2014","71.00","69.95","73.10","69.00","350.55K","+2.38%"
"06/11/2014","69.35","70.00","72.75","68.35","337.19K","-0.93%"
"06/10/2014","70.00","74.10","75.70","69.70","497.60K","-5.28%"
"06/09/2014","73.90","73.75","77.95","73.60","435.00K","+0.20%"
"06/06/2014","73.75","75.95","76.45","70.15","302.34K","-1.47%"
"06/05/2014","74.85","72.05","77.50","72.05","634.45K","+4.18%"
"06/04/2014","71.85","65.50","74.00","65.50","1.00M","+10.62%"
"06/03/2014","64.95","66.90","67.30","63.60","285.48K","-0.38%"
"06/02/2014","65.20","64.50","66.25","64.05","184.14K","+1.95%"
"05/30/2014","63.95","65.90","65.90","63.50","75.47K","-0.62%"
"05/29/2014","64.35","66.70","67.55","63.60","89.42K","-3.52%"
"05/28/2014","66.70","63.05","67.35","62.45","229.79K","+5.96%"
"05/27/2014","62.95","65.10","65.10","61.55","83.42K","-4.19%"
"05/26/2014","65.70","68.00","69.00","64.55","307.93K","-1.05%"
"05/23/2014","66.40","67.25","68.15","65.05","237.81K","+1.76%"
"05/22/2014","65.25","66.75","70.50","64.90","520.50K","-1.88%"
"05/21/2014","66.50","65.00","68.80","64.00","471.44K","+3.66%"
"05/20/2014","64.15","66.50","67.65","63.35","343.84K","-1.99%"
"05/19/2014","65.45","62.50","66.90","62.50","314.80K","+5.99%"
"05/16/2014","61.75","59.95","66.00","58.30","897.40K","+3.87%"
"05/15/2014","59.45","59.90","62.30","57.00","250.93K","+0.42%"
"05/14/2014","59.20","57.05","60.50","57.05","314.01K","+4.41%"
"05/13/2014","56.70","54.85","57.45","54.00","182.42K","+6.68%"
"05/12/2014","53.15","54.80","56.25","52.55","134.32K","-1.85%"
"05/09/2014","54.15","52.00","54.70","51.65","80.55K","+4.54%"
"05/08/2014","51.80","50.30","53.00","50.30","53.86K","+2.68%"
"05/07/2014","50.45","50.20","51.00","50.00","49.50K","+0.20%"
"05/06/2014","50.35","51.95","51.95","50.00","48.12K","+0.40%"
"05/05/2014","50.15","50.30","53.20","50.00","68.19K","-0.50%"
"05/02/2014","50.40","52.65","52.85","50.05","47.62K","-0.20%"
"04/30/2014","50.50","54.90","54.90","49.40","125.65K","-5.87%"
"04/29/2014","53.65","55.00","57.80","53.00","110.46K","-3.77%"
"04/28/2014","55.75","56.00","58.00","54.80","86.69K","-1.24%"
"04/25/2014","56.45","58.00","59.70","55.00","149.05K","-2.92%"
"04/23/2014","58.15","55.00","59.50","54.20","540.91K","+7.69%"
"04/22/2014","54.00","54.75","54.75","53.40","131.39K","+1.03%"
"04/21/2014","53.45","53.50","55.00","52.85","147.64K","-0.09%"
"04/17/2014","53.50","51.85","53.90","51.85","83.14K","+4.49%"
"04/16/2014","51.20","52.45","54.00","50.60","96.33K","+0.20%"
"04/15/2014","51.10","54.60","54.60","50.20","77.30K","-4.66%"
"04/11/2014","53.60","52.95","55.35","52.00","170.44K","+2.00%"
"04/10/2014","52.55","48.00","53.40","47.30","340.53K","+9.48%"
"04/09/2014","48.00","46.60","48.50","46.30","120.36K","+1.91%"
"04/07/2014","47.10","47.10","47.95","46.55","26.91K","+0.43%"
"04/04/2014","46.90","46.00","48.50","46.00","47.02K","+0.32%"
"04/03/2014","46.75","47.95","48.50","45.80","45.19K","-2.50%"
"04/02/2014","47.95","47.00","49.40","46.15","57.51K","+4.47%"
"04/01/2014","45.90","48.50","48.50","45.50","66.76K","-4.97%"
"03/31/2014","48.30","46.40","48.65","46.30","85.25K","+5.34%"
"03/28/2014","45.85","44.80","46.70","44.10","114.72K","+3.15%"
"03/27/2014","44.45","44.05","45.00","44.00","19.04K","+0.23%"
"03/26/2014","44.35","43.80","45.10","42.55","57.24K","+1.49%"
"03/25/2014","43.70","42.65","44.05","41.80","71.45K","+2.70%"
"03/24/2014","42.55","43.95","44.00","42.00","55.07K","+0.71%"
"03/21/2014","42.25","42.00","42.70","41.95","20.42K","+0.96%"
"03/20/2014","41.85","41.15","42.95","41.15","19.12K","-1.18%"
"03/19/2014","42.35","42.25","43.45","41.45","35.75K","+1.32%"
"03/18/2014","41.80","42.00","43.45","41.40","19.47K","-0.48%"
"03/14/2014","42.00","43.00","43.40","41.60","17.11K","-2.67%"
"03/13/2014","43.15","44.00","45.10","42.60","60.81K","-3.25%"
"03/12/2014","44.60","43.05","46.00","42.25","78.17K","+3.00%"
"03/11/2014","43.30","43.65","43.70","42.65","26.33K","-0.23%"
"03/10/2014","43.40","43.80","44.15","42.25","42.91K","+0.00%"
"03/07/2014","43.40","43.50","45.40","42.75","92.43K","+0.93%"
"03/06/2014","43.00","40.00","43.75","40.00","92.11K","+6.83%"
"03/05/2014","40.25","40.55","41.30","39.90","29.13K","+0.00%"
"03/04/2014","40.25","40.00","40.45","39.40","22.74K","+1.26%"
"03/03/2014","39.75","40.00","40.65","39.50","19.59K","-0.87%"
"02/28/2014","40.10","41.90","42.00","39.55","33.66K","-3.26%"
"02/26/2014","41.45","40.55","42.70","39.55","140.25K","+5.87%"
"02/25/2014","39.15","40.00","40.50","38.95","19.96K","-1.76%"
"02/24/2014","39.85","39.75","40.75","39.25","13.63K","-0.87%"
"02/21/2014","40.20","40.20","40.45","39.05","15.37K","+2.03%"
"02/20/2014","39.40","39.80","40.50","39.20","22.41K","-1.01%"
"02/19/2014","39.80","40.35","40.40","39.75","2.95K","+0.00%"
"02/18/2014","39.80","40.15","40.80","39.70","10.88K","-0.87%"
"02/17/2014","40.15","40.40","41.25","40.00","10.39K","-0.12%"
"02/14/2014","40.20","39.10","41.00","38.90","10.50K","+2.03%"
"02/13/2014","39.40","40.25","41.90","37.75","15.28K","-2.60%"
"02/12/2014","40.45","40.25","41.00","40.10","6.93K","+0.00%"
"02/11/2014","40.45","40.00","41.50","40.00","6.51K","-0.61%"
"02/10/2014","40.70","40.35","41.35","39.75","19.49K","-0.73%"
"02/07/2014","41.00","40.55","42.00","40.55","6.86K","-0.61%"
"02/06/2014","41.25","41.10","41.75","41.00","16.64K","+0.61%"
"02/05/2014","41.00","40.25","41.20","40.00","12.29K","+2.50%"
"02/04/2014","40.00","39.00","40.40","38.45","37.59K","+0.88%"
"02/03/2014","39.65","41.55","42.65","39.50","28.80K","-4.57%"
"01/31/2014","41.55","41.35","42.10","40.35","28.02K","+3.62%"
"01/30/2014","40.10","43.50","43.50","39.70","162.96K","-7.82%"
"01/29/2014","43.50","43.00","44.80","42.95","46.42K","+2.11%"
"01/28/2014","42.60","41.60","43.15","40.90","61.98K","+1.79%"
"01/27/2014","41.85","45.00","45.00","40.50","50.84K","-1.41%"
"01/24/2014","42.45","42.55","43.00","42.20","45.95K","-0.70%"
"01/23/2014","42.75","43.60","43.65","42.20","45.77K","-1.72%"
"01/22/2014","43.50","41.95","44.60","41.90","64.20K","+3.94%"
"01/21/2014","41.85","42.65","43.00","41.75","16.92K","-0.71%"
"01/20/2014","42.15","42.00","43.15","41.15","20.94K","-0.94%"
"01/17/2014","42.55","43.35","43.45","42.10","45.00K","-1.50%"
"01/16/2014","43.20","43.55","43.70","42.70","61.13K","-0.58%"
"01/15/2014","43.45","43.10","44.20","42.60","51.12K","-0.23%"
"01/14/2014","43.55","43.45","44.70","43.05","30.12K","-0.34%"
"01/13/2014","43.70","45.05","45.80","43.00","164.83K","-5.10%"
"01/10/2014","46.05","46.10","46.95","44.90","99.47K","+1.32%"
"01/09/2014","45.45","45.90","46.35","42.75","59.71K","+0.55%"
"01/08/2014","45.20","45.40","46.00","44.85","40.66K","-0.99%"
"01/07/2014","45.65","46.55","46.55","44.60","47.44K","-1.40%"
"01/06/2014","46.30","45.85","47.00","45.20","55.02K","+0.65%"
"01/03/2014","46.00","45.15","46.70","44.55","74.26K","+0.88%"
"01/02/2014","45.60","47.25","48.50","45.00","127.51K","-2.56%"
"01/01/2014","46.80","46.95","48.95","46.50","124.67K","+1.96%"
"12/31/2013","45.90","42.50","46.55","42.45","225.41K","+8.38%"
"12/30/2013","42.35","40.00","43.65","39.85","168.86K","+6.27%"
"12/27/2013","39.85","38.50","40.90","38.50","87.45K","+2.71%"
"12/26/2013","38.80","38.10","39.35","38.10","41.78K","+1.84%"
"12/24/2013","38.10","38.45","38.45","37.35","42.77K","+1.06%"
"12/23/2013","37.70","36.60","38.00","35.90","49.88K","+3.01%"
"12/20/2013","36.60","37.55","37.70","36.00","283.41K","-3.05%"
"12/19/2013","37.75","38.00","38.05","37.25","58.39K","-0.53%"
"12/18/2013","37.95","37.00","38.50","37.00","38.74K","+1.88%"
"12/17/2013","37.25","36.50","37.60","36.50","25.17K","+0.00%"
"12/16/2013","37.25","36.10","37.95","36.10","34.89K","+1.50%"
"12/13/2013","36.70","37.30","37.90","36.50","55.94K","-3.29%"
"12/12/2013","37.95","38.00","38.60","37.10","74.85K","-1.43%"
"12/11/2013","38.50","37.00","39.35","37.00","495.41K","+2.94%"
"12/10/2013","37.40","36.25","38.30","36.00","66.61K","+1.08%"
"12/09/2013","37.00","37.15","37.70","36.65","108.56K","+1.37%"
"12/06/2013","36.50","36.45","36.95","36.30","111.88K","+0.14%"
"12/05/2013","36.45","36.55","37.90","36.25","104.51K","+0.69%"
"12/04/2013","36.20","35.25","37.00","35.20","85.07K","+1.97%"
"12/03/2013","35.50","35.90","36.60","35.25","158.87K","+1.28%"
"12/02/2013","35.05","35.45","36.50","34.75","249.76K","+0.29%"
"11/29/2013","34.95","34.00","35.30","34.00","30.19K","+0.87%"
"11/28/2013","34.65","34.00","35.50","33.75","73.41K","+4.21%"
"11/27/2013","33.25","34.00","34.80","32.55","94.92K","-1.34%"
"11/26/2013","33.70","36.10","36.65","32.55","382.41K","-7.67%"
"11/25/2013","36.50","36.65","36.95","36.15","49.82K","+0.97%"
"11/22/2013","36.15","35.10","36.55","35.10","54.65K","+0.42%"
"11/21/2013","36.00","35.75","37.10","35.50","51.20K","+0.14%"
"11/20/2013","35.95","36.00","36.85","35.75","88.82K","+1.84%"
"11/19/2013","35.30","34.05","35.50","34.00","57.49K","+2.32%"
"11/18/2013","34.50","33.30","34.90","33.30","51.01K","+2.37%"
"11/14/2013","33.70","33.50","34.90","33.50","66.64K","+0.30%"
"11/13/2013","33.60","33.00","34.00","32.80","70.02K","-0.44%"
"11/12/2013","33.75","33.05","34.25","33.05","276.52K","+0.00%"
"11/11/2013","33.75","34.00","34.90","33.50","231.13K","-1.03%"
"11/08/2013","34.10","36.65","36.65","33.85","293.68K","-5.54%"
"11/07/2013","36.10","36.05","39.00","35.65","959.94K","+2.27%"
"11/06/2013","35.30","35.20","37.35","35.05","303.94K","+1.58%"
"11/05/2013","34.75","33.00","35.45","32.80","263.39K","+8.42%"
"11/01/2013","32.05","31.90","32.65","31.50","137.63K","+2.07%"
"10/31/2013","31.40","32.45","32.55","31.20","165.02K","-2.64%"
"10/30/2013","32.25","31.90","33.50","31.25","144.17K","+1.74%"
"10/29/2013","31.70","31.35","32.25","30.80","157.06K","+2.09%"
"10/28/2013","31.05","30.80","31.75","30.65","58.26K","+0.65%"
"10/25/2013","30.85","30.50","31.20","30.50","147.20K","-0.16%"
"10/24/2013","30.90","31.10","31.90","30.80","191.47K","-1.28%"
"10/23/2013","31.30","31.10","31.95","31.00","191.64K","+1.29%"
"10/22/2013","30.90","30.90","31.85","30.40","174.36K","+0.49%"
"10/21/2013","30.75","30.90","31.30","30.55","259.71K","+0.49%"
"10/18/2013","30.60","30.15","31.15","30.15","160.73K","+0.99%"
"10/17/2013","30.30","31.25","31.45","30.05","212.91K","-3.19%"
"10/15/2013","31.30","32.35","32.35","31.00","43.11K","-2.03%"
"10/14/2013","31.95","32.45","32.45","31.50","88.11K","+0.00%"
"10/11/2013","31.95","31.55","32.80","31.25","149.38K","+1.75%"
"10/10/2013","31.40","29.95","32.40","29.80","260.77K","+5.19%"
"10/09/2013","29.85","30.25","30.25","29.50","358.13K","-1.00%"
"10/08/2013","30.15","30.50","30.50","29.80","125.46K","+0.50%"
"10/07/2013","30.00","30.00","30.70","29.75","42.83K","+0.67%"
"10/04/2013","29.80","30.00","30.40","29.65","41.36K","-1.65%"
"10/03/2013","30.30","30.00","31.30","29.35","96.68K","+2.19%"
"10/01/2013","29.65","29.85","30.20","29.30","74.05K","-0.50%"
"09/30/2013","29.80","30.00","30.35","29.40","32.52K","-0.33%"
"09/27/2013","29.90","30.00","31.20","29.80","47.67K","-1.64%"
"09/26/2013","30.40","29.25","31.40","29.25","54.35K","+1.67%"
"09/25/2013","29.90","30.40","30.50","29.05","50.25K","-1.81%"
"09/24/2013","30.45","31.35","31.35","30.05","22.94K","+0.00%"
"09/23/2013","30.45","30.85","31.60","30.15","33.77K","-0.65%"
"09/20/2013","30.65","30.50","31.55","30.10","30.92K","-0.65%"
"09/19/2013","30.85","30.55","32.40","30.55","101.48K","+1.65%"
"09/18/2013","30.35","30.75","31.00","30.00","41.38K","-1.78%"
"09/17/2013","30.90","31.00","31.40","30.50","33.48K","-0.32%"
"09/16/2013","31.00","32.40","33.20","30.75","51.14K","-1.90%"
"09/13/2013","31.60","30.80","33.25","30.65","204.03K","+2.60%"
"09/12/2013","30.80","30.55","31.55","30.55","43.51K","+1.15%"
"09/11/2013","30.45","31.30","31.50","30.25","57.03K","-1.93%"
"09/10/2013","31.05","31.85","40.00","30.30","76.73K","+1.14%"
"09/06/2013","30.70","30.50","31.45","30.10","26.71K","+1.32%"
"09/05/2013","30.30","29.45","32.00","29.45","39.57K","+1.34%"
"09/04/2013","29.90","29.90","30.35","29.55","13.39K","+0.50%"
"09/03/2013","29.75","31.70","31.70","29.75","25.64K","-1.98%"
"09/02/2013","30.35","31.25","31.25","30.10","45.27K","-0.82%"
"08/30/2013","30.60","30.25","30.80","29.55","56.74K","+2.17%"
"08/29/2013","29.95","32.20","32.20","29.50","55.78K","-3.70%"
"08/28/2013","31.10","33.00","33.45","30.60","27.44K","-6.47%"
"08/27/2013","33.25","34.00","34.60","33.00","22.47K","-5.14%"
"08/26/2013","35.05","35.30","36.40","34.60","22.69K","-0.57%"
"08/23/2013","35.25","35.95","36.80","35.05","23.30K","-0.70%"
"08/22/2013","35.50","37.25","37.25","33.65","84.90K","-9.67%"
"08/21/2013","39.30","40.00","40.00","39.05","137.89K","-1.75%"
"08/20/2013","40.00","39.00","40.00","39.00","157.28K","+0.50%"
"08/19/2013","39.80","41.30","41.80","38.55","82.46K","-3.63%"
"08/16/2013","41.30","42.35","42.90","40.50","293.26K","-2.48%"
"08/14/2013","42.35","42.15","43.25","42.00","25.30K","+0.36%"
"08/13/2013","42.20","41.50","42.90","41.50","139.58K","+0.12%"
"08/12/2013","42.15","41.00","42.60","41.00","18.37K","+1.44%"
"08/08/2013","41.55","42.55","42.55","40.75","32.80K","+0.73%"
"08/07/2013","41.25","40.10","42.00","40.10","51.09K","+1.23%"
"08/06/2013","40.75","41.05","43.40","40.15","39.64K","-4.57%"
"08/05/2013","42.70","42.45","43.20","41.65","275.30K","-0.12%"
"08/02/2013","42.75","42.50","43.40","42.10","22.26K","-0.23%"
"08/01/2013","42.85","43.10","44.45","41.85","24.79K","-2.17%"
"07/31/2013","43.80","44.10","44.95","42.15","22.88K","-1.24%"
"07/30/2013","44.35","44.00","45.25","44.00","36.74K","-1.22%"
"07/29/2013","44.90","46.45","46.90","44.50","21.99K","-0.44%"
"07/26/2013","45.10","45.50","46.50","44.70","20.82K","-2.38%"
"07/25/2013","46.20","45.00","46.70","45.00","23.16K","+1.32%"
"07/24/2013","45.60","44.10","46.30","44.10","9.21K","-1.19%"
"07/23/2013","46.15","46.25","46.80","45.85","8.53K","-0.86%"
"07/22/2013","46.55","45.00","47.00","45.00","13.94K","+2.42%"
"07/19/2013","45.45","45.90","47.00","45.15","13.82K","+0.33%"
"07/18/2013","45.30","45.50","45.80","44.70","27.72K","-0.44%"
"07/17/2013","45.50","45.55","46.45","45.05","16.45K","+0.55%"
"07/16/2013","45.25","45.15","45.45","45.05","16.34K","-0.33%"
"07/15/2013","45.40","44.50","45.95","44.05","29.79K","+0.44%"
"07/12/2013","45.20","45.05","45.75","44.60","20.24K","+0.00%"
"07/11/2013","45.20","45.50","47.00","42.65","36.88K","+0.67%"
"07/10/2013","44.90","45.20","45.60","44.80","10.24K","-0.22%"
"07/09/2013","45.00","44.05","46.35","44.05","27.67K","-0.44%"
"07/08/2013","45.20","45.10","45.50","44.25","41.91K","+0.56%"
"07/05/2013","44.95","45.90","46.35","44.70","11.52K","-0.44%"
"07/04/2013","45.15","45.00","45.80","44.40","12.74K","+0.11%"
"07/03/2013","45.10","44.45","45.80","44.25","37.84K","+0.00%"
"07/02/2013","45.10","45.10","46.80","44.80","41.60K","-3.43%"
"07/01/2013","46.70","44.50","47.50","44.00","19.81K","+3.66%"
"06/28/2013","45.05","44.45","45.50","43.60","22.77K","+0.33%"
"06/27/2013","44.90","44.00","46.25","44.00","40.53K","-0.33%"
"06/26/2013","45.05","45.35","46.00","44.00","39.09K","-1.21%"
"06/25/2013","45.60","47.00","47.00","42.30","30.75K","+3.64%"
"06/24/2013","44.00","44.50","44.90","43.55","24.66K","-1.12%"
"06/21/2013","44.50","47.80","47.80","42.80","48.09K","-5.22%"
"06/20/2013","46.95","47.40","48.05","46.75","17.67K","-1.98%"
"06/19/2013","47.90","46.80","49.70","46.30","26.29K","+1.59%"
"06/18/2013","47.15","47.55","48.45","47.00","17.75K","+0.43%"
"06/17/2013","46.95","47.85","48.65","46.75","13.64K","-0.84%"
"06/14/2013","47.35","47.95","48.00","47.20","4.95K","+0.53%"
"06/13/2013","47.10","47.10","48.75","46.80","27.71K","-0.84%"
"06/12/2013","47.50","47.00","47.95","47.00","8.44K","-0.84%"
"06/11/2013","47.90","49.00","49.00","47.10","43.10K","-2.24%"
"06/10/2013","49.00","49.00","49.35","48.60","20.70K","+0.20%"
"06/07/2013","48.90","48.35","49.75","48.35","36.29K","+0.41%"
"06/06/2013","48.70","48.55","49.30","48.15","26.52K","-0.81%"
"06/05/2013","49.10","49.15","49.50","48.50","29.02K","+1.24%"
"06/04/2013","48.50","47.25","49.25","47.25","24.19K","+0.52%"
"06/03/2013","48.25","47.10","49.00","46.80","16.61K","+0.63%"
"05/31/2013","47.95","49.15","49.50","47.50","73.63K","-2.94%"
"05/30/2013","49.40","49.50","49.70","49.10","18.63K","-0.80%"
"05/29/2013","49.80","50.35","51.00","49.55","17.72K","-0.90%"
"05/28/2013","50.25","51.95","52.40","49.80","71.50K","-4.01%"
"05/27/2013","52.35","53.00","53.80","51.30","79.87K","+2.35%"
"05/24/2013","51.15","50.55","51.85","50.20","21.92K","+0.20%"
"05/23/2013","51.05","53.00","53.00","50.45","55.32K","-1.92%"
"05/22/2013","52.05","52.10","53.50","51.50","27.74K","-1.70%"
"05/21/2013","52.95","54.60","54.65","52.60","82.09K","-0.84%"
"05/20/2013","53.40","54.70","54.70","51.70","196.82K","-0.19%"
"05/17/2013","53.50","54.20","54.70","52.75","151.94K","-4.21%"
"05/16/2013","55.85","54.40","56.75","54.00","160.83K","+3.43%"
"05/15/2013","54.00","53.85","55.50","52.80","55.98K","-0.55%"
"05/14/2013","54.30","52.25","55.80","52.25","71.63K","+1.88%"
"05/13/2013","53.30","55.00","55.00","52.65","66.95K","-1.02%"
"05/10/2013","53.85","53.50","55.60","52.40","102.98K","-0.37%"
"05/09/2013","54.05","55.00","55.15","52.10","103.91K","-0.46%"
"05/08/2013","54.30","46.10","60.55","46.10","621.82K","+13.96%"
"05/07/2013","47.65","47.65","47.85","46.30","32.05K","+1.71%"
"05/06/2013","46.85","46.15","47.45","46.10","19.80K","+0.64%"
"05/03/2013","46.55","47.00","47.85","46.30","24.34K","-1.59%"
"05/02/2013","47.30","48.15","50.10","47.05","37.39K","-2.67%"
"04/30/2013","48.60","47.10","49.75","47.10","28.05K","+0.10%"
"04/29/2013","48.55","48.80","49.40","46.85","58.22K","-0.51%"
"04/26/2013","48.80","52.00","52.00","48.50","47.62K","-5.43%"
"04/25/2013","51.60","52.65","53.00","50.60","436.50K","+1.88%"
"04/23/2013","50.65","46.05","51.15","45.55","143.22K","+10.23%"
"04/22/2013","45.95","46.25","46.85","45.40","15.85K","-0.54%"
"04/18/2013","46.20","46.00","46.45","45.30","44.07K","+1.32%"
"04/17/2013","45.60","43.00","46.05","43.00","36.53K","+5.19%"
"04/16/2013","43.35","43.00","44.75","43.00","13.78K","-1.25%"
"04/15/2013","43.90","43.00","45.00","43.00","16.73K","+0.23%"
"04/12/2013","43.80","43.45","45.00","42.40","15.12K","+0.34%"
"04/11/2013","43.65","43.55","44.25","42.65","19.89K","+1.28%"
"04/10/2013","43.10","42.55","43.50","42.15","9.41K","+0.70%"
"04/09/2013","42.80","43.75","44.00","42.15","20.91K","-0.47%"
"04/08/2013","43.00","43.00","44.00","42.55","16.80K","+1.65%"
"04/05/2013","42.30","44.05","44.70","41.80","27.95K","-3.64%"
"04/04/2013","43.90","44.65","45.55","42.80","14.96K","-2.88%"
"04/03/2013","45.20","45.40","46.50","44.90","163.54K","+0.33%"
"04/02/2013","45.05","47.00","47.15","44.85","62.49K","-5.75%"
"04/01/2013","47.80","44.50","48.50","44.50","47.85K","+4.48%"
"03/28/2013","45.75","42.00","47.00","41.05","161.91K","+8.16%"
"03/26/2013","42.30","41.10","42.60","40.55","38.55K","+1.44%"
"03/25/2013","41.70","41.70","42.65","41.00","41.34K","+1.09%"
"03/22/2013","41.25","41.45","42.20","40.30","38.08K","+0.24%"
"03/21/2013","41.15","42.10","43.55","39.90","41.42K","-2.14%"
"03/20/2013","42.05","42.40","43.05","41.75","48.43K","-1.18%"
"03/19/2013","42.55","42.70","44.95","42.00","42.31K","-1.73%"
"03/18/2013","43.30","42.95","48.00","42.70","35.97K","+0.12%"
"03/15/2013","43.25","43.00","50.00","40.60","103.64K","+0.35%"
"03/14/2013","43.10","44.00","44.00","41.50","60.02K","-0.35%"
"03/13/2013","43.25","44.00","44.00","43.00","24.94K","-1.70%"
"03/12/2013","44.00","43.90","44.70","43.05","34.76K","+0.23%"
"03/11/2013","43.90","44.70","44.85","43.45","31.52K","-1.68%"
"03/08/2013","44.65","44.95","45.65","44.25","38.07K","+0.68%"
"03/07/2013","44.35","44.65","45.40","44.05","27.03K","-1.22%"
"03/06/2013","44.90","44.40","45.25","44.10","33.83K","+1.93%"
"03/05/2013","44.05","43.50","44.80","43.45","36.04K","+0.80%"
"03/04/2013","43.70","46.00","46.00","43.45","57.88K","-4.90%"
"03/01/2013","45.95","46.05","46.70","45.85","15.77K","-1.82%"
"02/28/2013","46.80","46.80","48.90","45.25","68.08K","+1.19%"
"02/27/2013","46.25","45.90","46.60","45.55","19.61K","+0.87%"
"02/26/2013","45.85","46.75","46.85","45.60","34.61K","-0.65%"
"02/25/2013","46.15","46.30","47.25","46.00","17.64K","-0.54%"
"02/22/2013","46.40","46.20","47.10","45.80","20.85K","+1.87%"
"02/21/2013","45.55","47.90","47.90","45.35","33.72K","-4.71%"
"02/20/2013","47.80","47.45","48.30","47.45","9.70K","+0.00%"
"02/19/2013","47.80","47.05","48.00","46.10","21.42K","+1.70%"
"02/18/2013","47.00","45.90","48.50","45.45","20.59K","+3.41%"
"02/15/2013","45.45","45.40","46.20","44.75","45.29K","-1.62%"
"02/14/2013","46.20","46.00","47.35","46.00","18.50K","-0.43%"
"02/13/2013","46.40","46.50","47.45","46.05","18.10K","+0.22%"
"02/12/2013","46.30","45.50","46.65","45.00","29.71K","+1.87%"
"02/11/2013","45.45","47.25","47.55","45.00","126.67K","-0.22%"
"02/08/2013","45.55","48.40","48.90","44.70","155.43K","-5.50%"
"02/07/2013","48.20","48.90","50.40","47.55","48.50K","-1.43%"
"02/06/2013","48.90","49.20","50.05","48.80","31.84K","-1.01%"
"02/05/2013","49.40","50.20","50.35","49.15","14.79K","-1.98%"
"02/04/2013","50.40","51.00","51.90","50.20","19.97K","-1.75%"
"02/01/2013","51.30","52.80","52.80","51.00","87.47K","-3.48%"
"01/31/2013","53.15","49.90","53.70","49.20","96.10K","+7.48%"
"01/30/2013","49.45","49.90","52.50","49.20","77.10K","+1.44%"
"01/29/2013","48.75","49.10","49.50","48.55","9.91K","-0.31%"
"01/28/2013","48.90","49.55","50.00","48.50","16.58K","+0.10%"
"01/25/2013","48.85","48.75","49.75","48.00","20.73K","-0.20%"
"01/24/2013","48.95","49.60","50.00","48.75","33.70K","-2.59%"
"01/23/2013","50.25","50.50","51.30","49.90","28.06K","-0.89%"
"01/22/2013","50.70","50.55","51.50","50.50","18.62K","-0.49%"
"01/21/2013","50.95","50.80","51.75","50.65","15.19K","+0.20%"
"01/18/2013","50.85","50.00","51.85","50.00","29.15K","+0.99%"
"01/17/2013","50.35","50.20","51.50","49.60","22.49K","+0.40%"
"01/16/2013","50.15","50.20","50.70","49.80","151.25K","+0.40%"
"01/15/2013","49.95","51.35","52.05","49.75","448.50K","-2.35%"
"01/14/2013","51.15","52.00","52.40","50.50","69.94K","-1.35%"
"01/11/2013","51.85","52.75","52.75","51.75","14.60K","-0.86%"
"01/10/2013","52.30","52.95","53.20","52.10","34.93K","-0.48%"
"01/09/2013","52.55","53.15","53.40","52.40","22.65K","-0.38%"
"01/08/2013","52.75","53.40","53.50","52.20","31.48K","-0.28%"
"01/07/2013","52.90","54.00","54.00","52.50","86.41K","+0.38%"
"01/04/2013","52.70","52.80","53.00","51.90","128.82K","+0.48%"
"01/03/2013","52.45","52.35","53.25","52.35","70.00K","+0.67%"
"01/02/2013","52.10","55.00","55.00","51.00","58.08K","-1.51%"
"01/01/2013","52.90","53.60","53.90","52.10","33.02K","-1.86%"
"12/31/2012","53.90","52.10","55.00","51.15","48.80K","+3.95%"
"12/28/2012","51.85","51.55","52.30","51.50","14.40K","+0.00%"
"12/27/2012","51.85","52.10","52.50","51.60","15.03K","-0.77%"
"12/26/2012","52.25","52.30","53.35","51.50","19.23K","+0.00%"
"12/24/2012","52.25","52.00","52.95","52.00","17.72K","-0.85%"
"12/21/2012","52.70","53.85","55.25","52.60","43.41K","-1.95%"
"12/20/2012","53.75","54.90","55.70","53.15","52.35K","-1.56%"
"12/19/2012","54.60","55.00","55.25","54.00","343.37K","-0.27%"
"12/18/2012","54.75","53.80","55.00","52.55","56.25K","+3.30%"
"12/17/2012","53.00","54.20","54.90","52.70","31.60K","-1.94%"
"12/14/2012","54.05","53.05","55.70","52.95","171.86K","+3.84%"
"12/13/2012","52.05","52.30","53.00","51.75","17.10K","-0.29%"
"12/12/2012","52.20","53.40","53.40","52.05","29.31K","-1.88%"
"12/11/2012","53.20","52.80","53.90","52.35","31.95K","+0.76%"
"12/10/2012","52.80","53.00","53.85","52.00","31.35K","-0.85%"
"12/07/2012","53.25","53.65","54.90","52.85","37.83K","-0.65%"
"12/06/2012","53.60","54.50","55.00","52.90","46.78K","-1.20%"
"12/05/2012","54.25","56.00","56.00","53.75","41.84K","-1.99%"
"12/04/2012","55.35","54.50","56.25","53.10","92.59K","+2.88%"
"12/03/2012","53.80","51.50","55.60","51.50","83.97K","+4.47%"
"11/30/2012","51.50","51.15","51.85","51.15","39.47K","-0.48%"
"11/29/2012","51.75","51.05","52.20","51.05","21.49K","+0.29%"
"11/27/2012","51.60","51.30","52.45","51.00","10.90K","+0.39%"
"11/26/2012","51.40","52.45","52.45","51.10","14.55K","-2.93%"
"11/23/2012","52.95","52.50","53.70","50.60","51.46K","+2.52%"
"11/22/2012","51.65","50.05","53.75","49.50","133.83K","+3.82%"
"11/21/2012","49.75","50.40","50.40","49.30","22.95K","-1.00%"
"11/20/2012","50.25","51.10","51.35","50.05","15.41K","-1.76%"
"11/19/2012","51.15","50.65","51.70","50.40","7.27K","-0.20%"
"11/16/2012","51.25","51.10","53.40","51.00","18.72K","-1.25%"
"11/15/2012","51.90","51.20","52.85","51.20","12.87K","-1.70%"
"11/13/2012","52.80","53.00","54.00","51.50","4.45K","+2.23%"
"11/12/2012","51.65","52.00","53.25","51.50","15.25K","-1.43%"
"11/09/2012","52.40","53.95","55.00","52.20","33.45K","-0.38%"
"11/08/2012","52.60","52.00","52.75","51.90","8.76K","-0.47%"
"11/07/2012","52.85","53.70","53.75","51.20","22.37K","+0.19%"
"11/06/2012","52.75","50.60","53.40","50.50","170.21K","+3.33%"
"11/05/2012","51.05","50.45","51.75","50.40","14.13K","+0.49%"
"11/02/2012","50.80","51.05","52.20","50.25","43.72K","-0.97%"
"11/01/2012","51.30","51.15","52.50","51.15","11.63K","-0.19%"
"10/31/2012","51.40","51.15","52.15","51.15","14.24K","+0.29%"
"10/30/2012","51.25","52.00","53.45","51.00","23.11K","-2.84%"
"10/29/2012","52.75","53.50","53.50","51.95","37.47K","+2.13%"
"10/26/2012","51.65","53.45","53.45","51.15","13.57K","-0.39%"
"10/25/2012","51.85","53.50","53.50","51.50","14.13K","-0.29%"
"10/23/2012","52.00","52.20","52.95","51.35","16.50K","-0.57%"
"10/22/2012","52.30","52.00","54.20","51.20","34.11K","+0.19%"
"10/19/2012","52.20","52.55","53.35","51.50","11.72K","-1.32%"
"10/18/2012","52.90","52.50","53.15","52.10","23.85K","+0.95%"
"10/17/2012","52.40","53.00","53.05","52.00","16.36K","-0.66%"
"10/16/2012","52.75","54.00","54.05","52.50","14.41K","-1.68%"
"10/15/2012","53.65","54.10","54.65","53.15","15.13K","-1.38%"
"10/12/2012","54.40","54.90","55.20","54.00","16.51K","+0.46%"
"10/11/2012","54.15","52.15","56.75","52.10","104.83K","+2.85%"
"10/10/2012","52.65","54.10","54.45","51.35","41.31K","-2.59%"
"10/09/2012","54.05","54.20","55.00","53.75","14.26K","-0.18%"
"10/08/2012","54.15","54.50","55.25","53.90","21.90K","-1.90%"
"10/05/2012","55.20","56.30","56.60","54.10","21.55K","-2.13%"
"10/04/2012","56.40","57.00","57.25","55.90","49.73K","+0.53%"
"10/03/2012","56.10","56.65","57.35","56.00","25.56K","-0.97%"
"10/01/2012","56.65","56.85","57.90","56.50","42.11K","-0.35%"
"09/28/2012","56.85","54.20","57.70","54.00","176.34K","+4.03%"
"09/27/2012","54.65","54.30","56.25","53.75","62.92K","+2.82%"
"09/26/2012","53.15","53.00","53.80","52.05","28.78K","-1.02%"
"09/25/2012","53.70","54.15","54.60","52.50","25.34K","-0.46%"
"09/24/2012","53.95","55.65","56.70","53.60","54.59K","-2.88%"
"09/21/2012","55.55","51.60","57.00","51.60","153.85K","+7.45%"
"09/20/2012","51.70","52.00","53.00","51.20","26.00K","-3.09%"
"09/18/2012","53.35","51.50","54.20","50.50","63.93K","+4.71%"
"09/17/2012","50.95","53.00","53.00","50.55","32.73K","-3.23%"
"09/14/2012","52.65","48.30","54.90","47.85","170.82K","+8.22%"
"09/13/2012","48.65","49.00","49.40","48.10","15.45K","-0.61%"
"09/12/2012","48.95","48.00","49.75","47.85","61.38K","+3.05%"
"09/11/2012","47.50","47.35","47.95","47.00","542.58K","+0.11%"
"09/10/2012","47.45","47.35","48.00","47.00","17.28K","+1.17%"
"09/07/2012","46.90","47.00","47.50","46.65","15.18K","+0.64%"
"09/06/2012","46.60","46.25","47.00","46.00","34.58K","+0.22%"
"09/05/2012","46.50","48.70","48.70","46.10","34.93K","-2.31%"
"09/04/2012","47.60","47.35","47.80","46.50","30.22K","+2.04%"
"09/03/2012","46.65","46.45","47.15","46.10","28.53K","+0.86%"
"08/31/2012","46.25","48.00","48.00","45.85","32.21K","-1.60%"
"08/30/2012","47.00","47.25","47.25","45.70","55.04K","-1.36%"
"08/29/2012","47.65","47.20","48.15","47.10","24.87K","+0.42%"
"08/28/2012","47.45","48.30","48.55","47.35","21.63K","-1.86%"
"08/27/2012","48.35","49.00","50.30","48.00","48.68K","-1.73%"
"08/24/2012","49.20","50.80","51.45","48.80","50.74K","-3.72%"
"08/23/2012","51.10","53.00","53.50","50.80","133.30K","-7.76%"
"08/22/2012","55.40","56.30","57.60","54.90","202.05K","-2.72%"
"08/21/2012","56.95","57.10","58.45","56.75","115.76K","-0.26%"
"08/17/2012","57.10","57.10","59.35","56.50","112.46K","-0.52%"
"08/16/2012","57.40","56.50","58.20","56.00","123.06K","+1.59%"
"08/14/2012","56.50","55.80","56.65","55.60","36.78K","+0.98%"
"08/13/2012","55.95","55.50","56.75","54.85","30.12K","+1.54%"
"08/10/2012","55.10","55.35","55.55","54.80","29.32K","-0.45%"
"08/09/2012","55.35","56.50","56.90","55.15","30.81K","-1.69%"
"08/08/2012","56.30","55.75","57.75","54.80","91.62K","+2.36%"
"08/07/2012","55.00","55.40","55.95","54.50","37.07K","+0.00%"
"08/06/2012","55.00","56.10","56.10","54.80","46.67K","+0.36%"
"08/03/2012","54.80","55.20","55.20","54.30","22.15K","-0.72%"
"08/02/2012","55.20","55.00","55.80","54.30","26.28K","+1.10%"
"08/01/2012","54.60","57.45","57.50","54.40","98.72K","-5.04%"
"07/31/2012","57.50","56.50","58.00","55.70","119.25K","+2.86%"
"07/30/2012","55.90","54.55","56.45","54.25","51.38K","+2.47%"
"07/27/2012","54.55","54.00","56.65","53.70","54.76K","+0.93%"
"07/26/2012","54.05","54.50","54.50","53.25","46.39K","-0.09%"
"07/25/2012","54.10","54.70","54.75","54.00","27.93K","-0.37%"
"07/24/2012","54.30","54.75","54.75","54.00","27.28K","+0.37%"
"07/23/2012","54.10","54.00","55.00","53.75","19.10K","-1.28%"
"07/20/2012","54.80","54.00","55.15","54.00","21.85K","+1.48%"
"07/19/2012","54.00","53.85","54.50","53.75","48.19K","+0.19%"
"07/18/2012","53.90","53.75","54.30","53.70","78.05K","-0.09%"
"07/17/2012","53.95","54.50","54.50","53.50","27.01K","-0.09%"
"07/16/2012","54.00","53.70","54.65","53.55","39.75K","+0.37%"
"07/13/2012","53.80","55.75","55.75","53.10","59.74K","-1.91%"
"07/12/2012","54.85","54.90","55.90","54.20","14.15K","-0.63%"
"07/11/2012","55.20","56.00","56.25","55.05","36.51K","-0.27%"
"07/10/2012","55.35","55.85","56.00","55.05","14.54K","+0.27%"
"07/09/2012","55.20","56.85","56.85","54.85","25.22K","-2.90%"
"07/06/2012","56.85","57.00","57.45","56.20","36.57K","+0.44%"
"07/05/2012","56.60","55.75","57.30","55.75","25.21K","+1.52%"
"07/04/2012","55.75","55.90","56.50","55.30","26.57K","+0.18%"
"07/03/2012","55.65","56.00","56.45","55.10","20.81K","-0.36%"
"07/02/2012","55.85","56.00","56.75","55.05","41.71K","+1.09%"
"06/29/2012","55.25","54.00","55.50","54.00","53.49K","+2.79%"
"06/28/2012","53.75","53.40","54.30","53.20","34.37K","-0.56%"
"06/27/2012","54.05","53.00","54.30","52.75","40.72K","+0.46%"
"06/26/2012","53.80","53.00","54.70","51.80","33.98K","+0.37%"
"06/25/2012","53.60","53.65","54.50","53.25","23.02K","-0.09%"
"06/22/2012","53.65","53.00","54.30","51.90","33.85K","+1.51%"
"06/21/2012","52.85","52.00","53.00","52.00","22.82K","+1.34%"
"06/20/2012","52.15","51.80","53.25","51.80","19.71K","-0.86%"
"06/19/2012","52.60","51.60","53.75","51.60","79.02K","+1.64%"
"06/18/2012","51.75","51.80","52.50","50.70","55.24K","-0.29%"
"06/15/2012","51.90","53.00","53.00","51.55","51.08K","-0.10%"
"06/14/2012","51.95","54.50","54.50","51.80","139.82K","+0.29%"
"06/13/2012","51.80","52.00","52.20","51.05","20.72K","+0.78%"
"06/12/2012","51.40","52.35","52.35","51.20","24.53K","-1.81%"
"06/11/2012","52.35","51.00","53.60","50.40","76.82K","+2.05%"
"06/08/2012","51.30","51.25","51.45","51.00","15.64K","+0.49%"
"06/07/2012","51.05","50.20","52.70","50.20","37.38K","-0.87%"
"06/06/2012","51.50","51.50","51.90","50.70","29.87K","+1.48%"
"06/05/2012","50.75","51.25","52.00","50.10","25.93K","+1.10%"
"06/04/2012","50.20","50.10","51.55","49.65","30.34K","-0.89%"
"06/01/2012","50.65","50.40","51.75","50.10","32.67K","+1.40%"
"05/31/2012","49.95","51.00","51.50","49.50","94.56K","-1.77%"
"05/30/2012","50.85","50.10","51.35","50.10","28.93K","-0.20%"
"05/29/2012","50.95","51.00","52.00","50.65","72.66K","+0.10%"
"05/28/2012","50.90","52.95","52.95","50.70","39.05K","+0.49%"
"05/25/2012","50.65","50.95","51.00","49.20","14.57K","+1.50%"
"05/24/2012","49.90","48.80","50.35","48.65","27.18K","+1.84%"
"05/23/2012","49.00","48.00","49.25","47.50","32.67K","+1.77%"
"05/22/2012","48.15","50.00","50.00","48.00","40.85K","-1.43%"
"05/21/2012","48.85","48.90","49.85","48.10","40.38K","-0.20%"
"05/18/2012","48.95","50.00","50.00","48.50","39.90K","-3.64%"
"05/17/2012","50.80","51.00","51.65","50.45","24.11K","+0.00%"
"05/16/2012","50.80","50.50","52.80","50.20","41.07K","-2.03%"
"05/15/2012","51.85","51.00","54.70","50.05","134.68K","+0.68%"
"05/14/2012","51.50","54.00","55.05","50.65","197.41K","-1.34%"
"05/11/2012","52.20","49.75","53.45","48.40","56.97K","+4.61%"
"05/10/2012","49.90","48.50","50.20","48.00","44.55K","+4.28%"
"05/09/2012","47.85","49.00","49.00","47.40","29.42K","-0.83%"
"05/08/2012","48.25","51.20","51.20","47.70","41.01K","-2.43%"
"05/07/2012","49.45","49.00","49.70","47.55","36.31K","+0.41%"
"05/04/2012","49.25","51.50","51.50","48.55","56.51K","-3.53%"
"05/03/2012","51.05","51.00","51.80","50.65","21.30K","+0.00%"
"05/02/2012","51.05","52.00","52.20","51.00","33.34K","-1.26%"
"04/30/2012","51.70","51.80","52.80","51.40","40.15K","+0.49%"
"04/27/2012","51.45","52.80","52.80","51.05","29.41K","-1.34%"
"04/26/2012","52.15","53.60","53.60","51.50","123.05K","+0.19%"
"04/25/2012","52.05","53.70","53.70","51.45","34.72K","-1.98%"
"04/24/2012","53.10","53.00","54.00","52.60","37.96K","+0.38%"
"04/23/2012","52.90","53.85","57.40","52.70","303.02K","-0.19%"
"04/20/2012","53.00","53.45","54.30","52.90","61.80K","-0.38%"
"04/19/2012","53.20","53.00","53.45","52.60","322.56K","+1.24%"
"04/18/2012","52.55","53.00","53.80","52.15","103.10K","+0.57%"
"04/17/2012","52.25","52.35","53.35","51.75","35.35K","-0.10%"
"04/16/2012","52.30","52.70","53.80","52.25","32.12K","-0.76%"
"04/13/2012","52.70","53.05","54.35","52.55","41.17K","-1.22%"
"04/12/2012","53.35","53.10","54.10","53.10","44.28K","-0.28%"
"04/11/2012","53.50","54.00","54.75","53.30","19.01K","-1.11%"
"04/10/2012","54.10","53.15","54.30","52.90","31.71K","+1.88%"
"04/09/2012","53.10","54.65","54.65","52.80","40.53K","-1.76%"
"04/04/2012","54.05","55.00","55.00","53.65","15.30K","-0.28%"
"04/03/2012","54.20","54.80","54.80","53.00","27.08K","+2.26%"
"04/02/2012","53.00","53.30","55.50","51.95","48.69K","+2.81%"
"03/30/2012","51.55","52.00","52.65","50.85","27.68K","+1.38%"
"03/29/2012","50.85","51.00","52.45","50.45","24.46K","-1.74%"
"03/28/2012","51.75","51.50","53.15","51.00","39.66K","-0.86%"
"03/27/2012","52.20","54.00","54.00","51.20","41.75K","-1.32%"
"03/26/2012","52.90","54.05","54.50","52.50","24.12K","-3.29%"
"03/23/2012","54.70","50.50","56.70","50.25","164.64K","+8.21%"
"03/22/2012","50.55","51.90","52.95","50.15","133.46K","-2.60%"
"03/21/2012","51.90","51.60","52.20","50.65","222.88K","+0.68%"
"03/20/2012","51.55","51.30","52.25","50.60","34.58K","+0.59%"
"03/19/2012","51.25","52.80","52.80","50.85","81.17K","-1.16%"
"03/16/2012","51.85","56.50","57.65","50.80","150.10K","-6.91%"
"03/15/2012","55.70","57.00","58.70","55.00","91.29K","-3.97%"
"03/14/2012","58.00","57.40","59.65","57.05","219.35K","+1.58%"
"03/13/2012","57.10","57.00","58.15","56.80","375.92K","+0.26%"
"03/12/2012","56.95","57.25","58.30","56.80","118.78K","-0.09%"
"03/09/2012","57.00","57.00","58.90","56.80","153.45K","-0.44%"
"03/07/2012","57.25","57.00","57.75","56.80","51.30K","-1.29%"
"03/06/2012","58.00","58.25","58.70","57.00","70.87K","-0.17%"
"03/05/2012","58.10","56.50","58.35","55.65","60.36K","+1.04%"
"03/02/2012","57.50","58.30","58.50","56.80","47.97K","+0.35%"
"03/01/2012","57.30","57.95","58.90","56.30","44.94K","+0.79%"
"02/29/2012","56.85","56.45","58.30","56.45","48.90K","+0.26%"
"02/28/2012","56.70","56.50","57.10","55.05","36.07K","+4.23%"
"02/27/2012","54.40","59.80","59.80","53.50","73.78K","-5.80%"
"02/24/2012","57.75","59.35","59.75","57.40","39.01K","-1.95%"
"02/23/2012","58.90","56.10","59.55","56.10","151.66K","+3.70%"
"02/22/2012","56.80","58.55","59.55","56.50","73.33K","-3.57%"
"02/21/2012","58.90","58.20","60.30","57.80","201.44K","+0.43%"
"02/17/2012","58.65","61.10","62.45","57.30","473.38K","-3.22%"
"02/16/2012","60.60","60.25","61.40","59.05","154.09K","+2.19%"
"02/15/2012","59.30","59.50","60.00","58.80","560.79K","+0.08%"
"02/14/2012","59.25","59.50","60.60","58.20","338.06K","+0.68%"
"02/13/2012","58.85","58.40","59.75","56.80","532.41K","+2.35%"
"02/10/2012","57.50","57.85","59.00","56.50","159.46K","+0.61%"
"02/09/2012","57.15","54.45","58.35","54.45","964.41K","+4.96%"
"02/08/2012","54.45","54.10","56.00","54.10","179.44K","+0.00%"
"02/07/2012","54.45","56.00","56.50","54.15","114.61K","-0.91%"
"02/06/2012","54.95","55.40","57.70","54.60","216.44K","+0.00%"
"02/03/2012","54.95","55.25","55.90","54.40","96.38K","+0.09%"
"02/02/2012","54.90","55.00","55.90","54.60","58.10K","+1.67%"
"02/01/2012","54.00","54.20","55.90","53.15","121.04K","+0.00%"
"01/31/2012","54.00","55.95","55.95","53.30","34.87K","-1.10%"
"01/30/2012","54.60","56.70","57.15","54.25","31.86K","-3.79%"
"01/27/2012","56.75","54.15","57.85","38.80","86.77K","+3.18%"
"01/25/2012","55.00","52.10","55.50","52.00","60.44K","+5.57%"
"01/24/2012","52.10","52.60","52.95","51.55","25.66K","+0.77%"
"01/23/2012","51.70","52.70","53.25","51.30","27.27K","-0.29%"
"01/20/2012","51.85","51.60","52.25","50.50","30.07K","+1.67%"
"01/19/2012","51.00","51.75","53.30","50.80","53.84K","-1.45%"
"01/18/2012","51.75","54.40","54.80","51.55","34.75K","-3.36%"
"01/17/2012","53.55","53.00","54.80","53.00","40.62K","+1.23%"
"01/16/2012","52.90","54.40","56.10","52.30","60.90K","-2.13%"
"01/13/2012","54.05","53.10","54.90","53.10","25.50K","+1.79%"
"01/12/2012","53.10","53.50","54.90","52.20","27.71K","-0.47%"
"01/11/2012","53.35","53.45","55.40","52.60","49.47K","+1.62%"
"01/10/2012","52.50","53.75","55.00","52.25","54.91K","+0.38%"
"01/09/2012","52.30","56.45","57.70","51.00","124.98K","+7.72%"
"01/06/2012","48.55","49.00","49.10","47.10","14.90K","-0.10%"
"01/05/2012","48.60","50.00","50.30","48.10","15.13K","-1.22%"
"01/04/2012","49.20","48.10","51.45","48.00","38.56K","+2.29%"
"01/03/2012","48.10","49.70","49.70","47.10","12.66K","+0.94%"
"01/02/2012","47.65","45.90","48.65","43.80","59.72K","+6.36%"
"12/30/2011","44.80","44.10","45.35","44.10","11.58K","+0.34%"
"12/29/2011","44.65","43.10","45.35","43.10","14.33K","-0.22%"
"12/28/2011","44.75","44.15","45.30","43.80","17.20K","-0.33%"
"12/27/2011","44.90","46.00","46.60","44.70","12.73K","-2.92%"
"12/26/2011","46.25","45.25","46.55","44.05","15.31K","+2.44%"
"12/23/2011","45.15","44.40","47.85","44.25","43.30K","+2.03%"
"12/22/2011","44.25","43.15","45.00","43.10","26.11K","-0.34%"
"12/21/2011","44.40","46.00","46.40","44.05","16.98K","-0.67%"
"12/20/2011","44.70","44.00","45.15","43.05","34.66K","+2.05%"
"12/19/2011","43.80","43.95","44.55","40.45","47.65K","-1.13%"
"12/16/2011","44.30","49.50","49.50","43.55","71.86K","-7.80%"
"12/15/2011","48.05","50.00","50.00","47.50","34.64K","-4.19%"
"12/14/2011","50.15","51.40","52.00","49.75","28.76K","-2.43%"
"12/13/2011","51.40","50.10","52.10","50.10","16.97K","+0.59%"
"12/12/2011","51.10","52.05","52.95","51.00","20.60K","-1.83%"
"12/09/2011","52.05","51.00","52.60","51.00","18.43K","+0.39%"
"12/08/2011","51.85","53.15","53.30","51.65","16.76K","-2.54%"
"12/07/2011","53.20","54.00","54.80","53.00","23.37K","-1.12%"
"12/05/2011","53.80","55.00","55.00","52.85","22.72K","-0.28%"
"12/02/2011","53.95","55.40","55.50","53.00","39.08K","+0.47%"
"12/01/2011","53.70","56.50","56.50","53.35","37.67K","+0.66%"
"11/30/2011","53.35","55.50","56.35","52.70","23.02K","-4.30%"
"11/29/2011","55.75","54.10","56.75","52.40","51.39K","+4.60%"
"11/28/2011","53.30","52.25","53.75","51.25","20.11K","+2.01%"
"11/25/2011","52.25","52.00","53.10","51.00","21.36K","+2.25%"
"11/24/2011","51.10","51.50","52.90","50.60","31.63K","-2.29%"
"11/23/2011","52.30","52.95","52.95","51.05","26.81K","-0.85%"
"11/22/2011","52.75","53.00","54.00","52.00","43.68K","+0.19%"
"11/21/2011","52.65","55.95","55.95","52.00","41.70K","-4.27%"
"11/18/2011","55.00","55.50","56.00","54.05","42.76K","-1.43%"
"11/17/2011","55.80","56.20","60.70","54.75","64.51K","+0.18%"
"11/16/2011","55.70","55.55","56.50","54.75","43.86K","+0.45%"
"11/15/2011","55.45","58.20","58.75","54.60","40.50K","-5.54%"
"11/14/2011","58.70","60.65","62.00","58.05","24.93K","-3.06%"
"11/11/2011","60.55","61.00","62.35","60.00","21.14K","-1.30%"
"11/09/2011","61.35","62.85","62.85","61.05","29.70K","-0.81%"
"11/08/2011","61.85","62.00","62.80","61.55","172.10K","-0.24%"
"11/04/2011","62.00","62.30","62.95","61.75","65.93K","+0.00%"
"11/03/2011","62.00","60.00","62.95","60.00","108.99K","+0.98%"
"11/02/2011","61.40","61.80","62.25","60.70","48.69K","-0.24%"
"11/01/2011","61.55","63.00","63.00","61.15","55.00K","-1.91%"
"10/31/2011","62.75","63.50","64.90","62.50","72.53K","+0.16%"
"10/28/2011","62.65","63.35","64.55","62.35","49.81K","+3.13%"
"10/25/2011","60.75","62.00","62.40","60.05","11.75K","-0.82%"
"10/24/2011","61.25","61.90","63.00","60.70","66.18K","+2.00%"
"10/21/2011","60.05","62.50","64.40","59.75","207.82K","-2.04%"
"10/20/2011","61.30","60.65","61.80","58.35","51.48K","+3.29%"
"10/19/2011","59.35","59.00","60.35","58.60","27.93K","+0.59%"
"10/18/2011","59.00","59.00","59.80","58.05","34.19K","-1.34%"
"10/17/2011","59.80","60.00","61.50","59.40","35.57K","-1.24%"
"10/14/2011","60.55","60.00","61.00","59.60","32.96K","+1.76%"
"10/13/2011","59.50","60.00","61.00","59.25","99.96K","-0.83%"
"10/12/2011","60.00","59.70","61.40","59.55","70.93K","-0.17%"
"10/11/2011","60.10","60.70","60.95","59.10","72.55K","+2.30%"
"10/10/2011","58.75","59.70","59.70","58.50","11.38K","+1.03%"
"10/07/2011","58.15","60.00","60.75","58.00","41.65K","+0.78%"
"10/05/2011","57.70","59.20","60.40","57.25","83.18K","-3.59%"
"10/04/2011","59.85","60.70","63.40","58.10","54.34K","+0.17%"
"10/03/2011","59.75","58.50","61.00","57.05","81.56K","+1.62%"
"09/30/2011","58.80","59.20","60.95","58.30","20.03K","-1.92%"
"09/29/2011","59.95","60.00","61.25","59.45","29.25K","-2.04%"
"09/28/2011","61.20","60.25","61.65","58.40","39.54K","+3.55%"
"09/27/2011","59.10","59.25","60.25","58.55","45.01K","+1.37%"
"09/26/2011","58.30","60.50","60.50","57.95","105.87K","-2.35%"
"09/23/2011","59.70","60.10","62.00","59.25","50.10K","-3.16%"
"09/22/2011","61.65","63.00","63.50","61.15","38.58K","-2.99%"
"09/21/2011","63.55","64.60","65.50","63.10","86.82K","-0.55%"
"09/20/2011","63.90","63.60","64.30","63.25","123.46K","+0.55%"
"09/19/2011","63.55","63.95","65.55","62.80","97.39K","-1.70%"
"09/16/2011","64.65","65.00","65.00","63.50","37.54K","+1.09%"
"09/15/2011","63.95","64.80","67.00","63.50","58.81K","-0.54%"
"09/14/2011","64.30","63.00","64.70","62.20","35.18K","+0.94%"
"09/13/2011","63.70","63.25","64.60","63.05","28.59K","+1.19%"
"09/12/2011","62.95","63.10","64.30","62.30","27.04K","-2.25%"
"09/09/2011","64.40","69.00","69.00","64.05","132.66K","-1.83%"
"09/08/2011","65.60","68.70","68.70","64.65","61.67K","+0.54%"
"09/07/2011","65.25","66.25","66.90","65.15","52.44K","-0.84%"
"09/06/2011","65.80","67.00","67.70","62.90","206.34K","+4.61%"
"09/05/2011","62.90","63.00","63.60","62.00","75.62K","-1.33%"
"09/02/2011","63.75","64.00","65.00","63.20","46.05K","-0.62%"
"08/30/2011","64.15","63.50","64.80","62.35","92.88K","+2.89%"
"08/29/2011","62.35","63.00","64.50","61.35","66.58K","+1.14%"
"08/26/2011","61.65","63.25","63.25","60.55","89.20K","-1.99%"
"08/25/2011","62.90","64.05","64.05","61.80","232.27K","-5.34%"
"08/24/2011","66.45","66.85","67.45","65.05","115.73K","+2.07%"
"08/23/2011","65.10","66.00","69.00","61.00","289.26K","-0.46%"
"08/22/2011","65.40","62.00","67.00","62.00","102.25K","+5.57%"
"08/19/2011","61.95","62.35","64.00","60.00","152.61K","-4.03%"
"08/18/2011","64.55","66.50","67.80","64.15","69.57K","-2.12%"
"08/17/2011","65.95","66.00","67.00","65.15","84.43K","-1.27%"
"08/16/2011","66.80","69.50","69.50","66.20","108.60K","-1.33%"
"08/12/2011","67.70","69.85","70.80","67.25","160.27K","-1.60%"
"08/11/2011","68.80","67.05","71.75","67.05","225.47K","+1.25%"
"08/10/2011","67.95","64.10","69.90","64.10","266.59K","+6.17%"
"08/09/2011","64.00","64.25","65.70","63.05","83.44K","-3.03%"
"08/08/2011","66.00","65.00","67.80","65.00","151.33K","-1.57%"
"08/05/2011","67.05","65.55","68.00","64.60","193.51K","-2.61%"
"08/04/2011","68.85","70.50","71.00","68.50","99.15K","-1.29%"
"08/03/2011","69.75","70.10","70.55","69.50","102.34K","-1.27%"
"08/02/2011","70.65","70.50","72.30","70.10","226.93K","+0.14%"
"08/01/2011","70.55","71.40","72.70","70.15","114.91K","-0.35%"
"07/29/2011","70.80","71.00","72.40","70.60","204.35K","+0.64%"
"07/28/2011","70.35","70.45","78.00","69.20","1.25M","+0.29%"
"07/27/2011","70.15","69.60","72.80","69.50","390.39K","+0.43%"
"07/26/2011","69.85","69.75","72.70","69.20","445.78K","+0.58%"
"07/25/2011","69.45","67.70","69.80","67.20","192.08K","+2.58%"
"07/22/2011","67.70","68.00","68.05","67.05","105.74K","+1.04%"
"07/21/2011","67.00","66.60","67.75","66.60","45.02K","+0.07%"
"07/20/2011","66.95","67.30","68.00","66.70","82.41K","-0.30%"
"07/19/2011","67.15","67.25","68.30","66.60","92.04K","-0.07%"
"07/18/2011","67.20","69.25","69.25","67.10","48.18K","-0.07%"
"07/15/2011","67.25","68.00","68.05","67.00","93.06K","-0.07%"
"07/14/2011","67.30","66.55","69.10","66.55","87.67K","+0.45%"
"07/13/2011","67.00","66.75","68.00","66.65","88.02K","+0.45%"
"07/12/2011","66.70","65.20","68.05","65.20","45.34K","-1.19%"
"07/11/2011","67.50","65.10","68.90","65.10","26.89K","-0.37%"
"07/08/2011","67.75","68.60","71.25","67.60","195.73K","-1.24%"
"07/07/2011","68.60","68.90","69.65","68.35","101.00K","+0.37%"
"07/06/2011","68.35","69.90","69.90","68.05","102.99K","-0.44%"
"07/05/2011","68.65","68.80","69.90","67.65","68.42K","-0.22%"
"07/04/2011","68.80","68.55","69.90","68.00","59.76K","+0.15%"
"07/01/2011","68.70","70.00","71.40","68.10","56.52K","-1.01%"
"06/30/2011","69.40","68.20","71.45","67.30","102.94K","+3.27%"
"06/29/2011","67.20","65.50","67.90","65.50","34.76K","+2.83%"
"06/28/2011","65.35","65.10","65.80","65.00","15.17K","+0.31%"
"06/27/2011","65.15","63.05","65.60","63.05","43.11K","-0.38%"
"06/24/2011","65.40","62.65","65.75","62.65","113.24K","+2.59%"
"06/23/2011","63.75","63.50","64.90","63.05","172.37K","-1.77%"
"06/22/2011","64.90","66.20","66.20","64.05","46.88K","-1.29%"
"06/21/2011","65.75","68.70","68.70","65.10","27.17K","-2.08%"
"06/20/2011","67.15","68.95","69.70","66.35","68.80K","-2.61%"
"06/17/2011","68.95","68.20","69.85","68.20","42.56K","-0.51%"
"06/16/2011","69.30","69.15","69.95","69.05","27.26K","-1.56%"
"06/15/2011","70.40","70.90","71.25","69.75","43.27K","+0.36%"
"06/14/2011","70.15","69.50","72.40","69.50","127.75K","+0.36%"
"06/13/2011","69.90","70.30","70.80","68.85","48.85K","-0.07%"
"06/10/2011","69.95","71.95","71.95","69.05","66.23K","-1.55%"
"06/09/2011","71.05","71.70","71.75","70.00","94.65K","+0.57%"
"06/08/2011","70.65","71.00","73.80","70.15","372.14K","-1.60%"
"06/07/2011","71.80","72.50","73.00","71.00","100.28K","+1.41%"
"06/06/2011","70.80","70.10","73.00","70.10","96.96K","-0.14%"
"06/03/2011","70.90","72.10","73.00","70.50","53.31K","-0.49%"
"06/02/2011","71.25","73.00","74.20","62.00","199.13K","-3.72%"
"06/01/2011","74.00","72.10","74.35","72.10","83.99K","+2.21%"
"05/31/2011","72.40","73.50","74.80","71.90","162.80K","-0.89%"
"05/30/2011","73.05","72.70","76.90","72.00","394.04K","+3.11%"
"05/27/2011","70.85","69.10","71.35","69.00","25.82K","+1.29%"
"05/26/2011","69.95","68.15","70.45","68.10","71.89K","+1.60%"
"05/25/2011","68.85","67.05","69.90","67.05","39.23K","+1.85%"
"05/24/2011","67.60","66.05","68.20","66.05","27.84K","+0.15%"
"05/23/2011","67.50","68.25","68.85","67.00","29.39K","-0.59%"
"05/20/2011","67.90","67.25","69.00","66.20","18.05K","+1.34%"
"05/19/2011","67.00","68.00","68.75","66.35","22.79K","-0.59%"
"05/18/2011","67.40","69.25","70.00","67.20","18.81K","-2.67%"
"05/17/2011","69.25","70.30","70.50","68.10","22.32K","-0.79%"
"05/16/2011","69.80","69.60","71.00","69.30","33.34K","+0.29%"
"05/13/2011","69.60","68.20","70.95","68.10","22.89K","+1.09%"
"05/12/2011","68.85","69.90","72.00","68.00","69.33K","-0.43%"
"05/11/2011","69.15","68.00","70.30","68.00","29.54K","+0.36%"
"05/10/2011","68.90","70.00","70.75","68.50","30.86K","-1.50%"
"05/09/2011","69.95","68.05","71.00","66.10","158.35K","+0.29%"
"05/06/2011","69.75","69.60","71.30","69.00","44.33K","-0.14%"
"05/05/2011","69.85","71.20","73.40","69.15","37.96K","-3.66%"
"05/04/2011","72.50","73.70","73.70","71.70","43.66K","-2.29%"
"05/03/2011","74.20","75.80","76.50","73.70","38.42K","-1.46%"
"05/02/2011","75.30","79.70","79.70","74.65","24.95K","-3.15%"
"04/29/2011","77.75","79.50","79.60","76.15","64.02K","-1.89%"
"04/28/2011","79.25","82.00","82.00","78.20","139.29K","+0.00%"
"04/27/2011","79.25","79.00","80.00","78.35","27.63K","+1.02%"
"04/26/2011","78.45","79.30","79.30","78.05","44.34K","-1.75%"
"04/25/2011","79.85","80.00","80.50","79.55","136.90K","-0.13%"
"04/21/2011","79.95","83.50","83.55","79.00","102.20K","-2.44%"
"04/20/2011","81.95","82.25","83.95","81.40","163.81K","+1.67%"
"04/19/2011","80.60","78.30","80.90","78.30","48.24K","+1.96%"
"04/18/2011","79.05","81.00","82.20","78.55","90.08K","-1.98%"
"04/15/2011","80.65","81.50","82.80","80.05","127.67K","-0.49%"
"04/13/2011","81.05","79.50","82.50","79.00","319.42K","+2.40%"
"04/11/2011","79.15","76.10","80.00","76.00","106.18K","+2.26%"
"04/08/2011","77.40","79.80","80.65","75.65","91.60K","-1.40%"
"04/07/2011","78.50","74.90","79.60","73.30","177.47K","+6.08%"
"04/06/2011","74.00","73.10","75.95","73.10","69.46K","+1.16%"
"04/05/2011","73.15","72.00","73.50","71.00","56.40K","+2.52%"
"04/04/2011","71.35","68.50","71.90","68.50","123.38K","+5.24%"
"04/01/2011","67.80","66.00","68.40","65.10","80.56K","+3.51%"
"03/31/2011","65.50","65.70","66.40","65.20","51.49K","+0.00%"
"03/30/2011","65.50","64.70","66.00","64.15","35.05K","+1.08%"
"03/29/2011","64.80","66.00","66.00","64.50","41.58K","-0.61%"
"03/28/2011","65.20","64.40","66.95","63.75","147.33K","+2.84%"
"03/25/2011","63.40","63.00","65.00","62.60","103.33K","+1.44%"
"03/24/2011","62.50","60.95","62.75","60.95","75.80K","+2.38%"
"03/23/2011","61.05","60.50","61.65","60.00","781.65K","+0.49%"
"03/22/2011","60.75","60.00","60.90","59.65","127.09K","+1.25%"
"03/21/2011","60.00","60.30","60.75","58.05","164.77K","+1.35%"
"03/18/2011","59.20","62.00","62.55","59.00","164.88K","-4.67%"
"03/17/2011","62.10","62.10","63.95","61.50","89.83K","-0.48%"
"03/16/2011","62.40","62.40","63.60","62.25","96.76K","+0.40%"
"03/15/2011","62.15","62.90","63.90","61.45","111.30K","-1.74%"
"03/14/2011","63.25","64.00","64.50","62.00","130.39K","-1.02%"
"03/11/2011","63.90","66.75","66.75","63.50","145.57K","-3.55%"
"03/10/2011","66.25","67.00","67.75","66.10","51.85K","-1.12%"
"03/09/2011","67.00","68.90","68.90","66.50","131.45K","-0.74%"
"03/08/2011","67.50","68.45","69.90","67.25","109.13K","-0.95%"
"03/07/2011","68.15","70.50","70.55","67.65","93.81K","-2.99%"
"03/04/2011","70.25","71.00","71.70","69.55","88.38K","-0.14%"
"03/03/2011","70.35","68.10","71.50","68.10","90.67K","+0.36%"
"03/01/2011","70.10","69.25","70.95","69.25","108.98K","+1.45%"
"02/28/2011","69.10","71.40","72.85","68.80","154.24K","+0.07%"
"02/25/2011","69.05","73.00","73.40","68.55","128.48K","-3.22%"
"02/24/2011","71.35","74.70","76.00","71.05","154.66K","-3.97%"
"02/23/2011","74.30","79.90","82.50","73.80","520.58K","-4.56%"
"02/22/2011","77.85","73.80","80.00","73.20","209.00K","+5.20%"
"02/21/2011","74.00","76.00","76.80","73.50","75.04K","-1.46%"
"02/18/2011","75.10","77.85","78.95","74.00","119.58K","-1.70%"
"02/17/2011","76.40","77.60","78.35","76.10","84.67K","-1.10%"
"02/16/2011","77.25","78.50","79.10","77.00","72.81K","-0.58%"
"02/15/2011","77.70","80.40","80.40","76.50","154.94K","-0.64%"
"02/14/2011","78.20","79.25","80.00","76.30","126.69K","+0.32%"
"02/11/2011","77.95","80.25","81.40","76.00","73.04K","-1.89%"
"02/10/2011","79.45","80.90","81.40","78.25","309.82K","-0.19%"
"02/09/2011","79.60","81.95","82.70","79.00","227.04K","-2.99%"
"02/08/2011","82.05","82.50","82.90","81.75","43.00K","-0.06%"
"02/07/2011","82.10","84.30","84.30","81.75","29.52K","-0.55%"
"02/04/2011","82.55","83.95","85.80","82.00","75.51K","+0.00%"
"02/03/2011","82.55","85.40","86.75","81.50","300.63K","-2.88%"
"02/02/2011","85.00","84.35","86.85","82.10","106.14K","+3.41%"
"02/01/2011","82.20","81.90","83.00","80.70","67.74K","+1.54%"
"01/31/2011","80.95","82.05","82.60","79.50","65.28K","-2.00%"
"01/28/2011","82.60","82.80","84.35","82.00","143.10K","+0.30%"
"01/27/2011","82.35","84.10","84.10","82.00","31.48K","-0.12%"
"01/25/2011","82.45","83.05","84.45","82.00","56.74K","-1.61%"
"01/24/2011","83.80","83.45","84.90","82.35","31.36K","+2.20%"
"01/21/2011","82.00","82.25","83.70","81.60","57.06K","-0.12%"
"01/20/2011","82.10","82.20","83.50","81.80","36.44K","-1.20%"
"01/19/2011","83.10","83.85","84.45","82.00","24.62K","+1.03%"
"01/18/2011","82.25","79.00","83.50","79.00","52.02K","+0.98%"
"01/17/2011","81.45","81.40","85.35","81.05","57.92K","-1.99%"
"01/14/2011","83.10","84.15","85.50","82.50","46.59K","-1.83%"
"01/13/2011","84.65","85.50","88.40","83.60","50.48K","-0.41%"
"01/12/2011","85.00","79.20","85.80","79.20","36.54K","+2.10%"
"01/11/2011","83.25","75.80","87.05","75.80","54.20K","-2.63%"
"01/10/2011","85.50","89.40","90.40","85.05","40.52K","-3.23%"
"01/07/2011","88.35","89.00","91.90","87.65","51.44K","-1.67%"
"01/06/2011","89.85","93.00","93.50","88.60","105.23K","-4.47%"
"01/05/2011","94.05","97.60","99.00","93.20","97.08K","-2.94%"
"01/04/2011","96.90","97.90","105.00","96.05","246.79K","+3.25%"
"01/03/2011","93.85","93.50","95.45","93.05","71.86K","+0.54%"
"12/31/2010","93.35","93.50","94.70","93.00","53.99K","+1.69%"
"12/30/2010","91.80","90.95","94.50","90.10","65.02K","+1.44%"
"12/29/2010","90.50","91.05","91.80","90.15","14.21K","-0.55%"
"12/28/2010","91.00","91.00","91.75","90.30","27.15K","+0.83%"
"12/27/2010","90.25","92.00","93.45","90.00","42.42K","-0.82%"
"12/24/2010","91.00","90.15","91.70","89.15","35.63K","-0.11%"
"12/23/2010","91.10","88.10","91.75","88.10","43.82K","+2.13%"
"12/22/2010","89.20","89.00","89.85","88.00","43.66K","+1.25%"
"12/21/2010","88.10","90.15","90.95","87.75","112.88K","-0.96%"
"12/20/2010","88.95","86.20","91.00","86.10","86.82K","+2.36%"
"12/16/2010","86.90","87.10","89.65","84.20","71.96K","+0.52%"
"12/15/2010","86.45","89.90","92.50","85.10","67.20K","-2.70%"
"12/14/2010","88.85","88.50","89.75","87.15","54.73K","+1.60%"
"12/13/2010","87.45","85.00","87.95","84.90","74.78K","+3.49%"
"12/10/2010","84.50","81.35","86.50","80.15","118.80K","+3.87%"
"12/09/2010","81.35","88.50","90.40","80.05","85.06K","-8.60%"
"12/08/2010","89.00","90.70","92.70","88.60","49.51K","-3.78%"
"12/07/2010","92.50","95.00","96.00","92.05","40.66K","-3.70%"
"12/06/2010","96.05","95.80","97.50","93.55","55.61K","+0.95%"
"12/03/2010","95.15","98.90","98.90","93.05","73.64K","-4.18%"
"12/02/2010","99.30","97.50","105.50","96.40","417.60K","+2.69%"
"12/01/2010","96.70","92.10","98.85","92.10","97.73K","+3.98%"
"11/30/2010","93.00","95.10","96.40","92.35","75.08K","-1.38%"
"11/29/2010","94.30","91.00","112.70","87.20","272.25K","+6.01%"
"11/26/2010","88.95","93.00","94.40","85.20","127.84K","-4.76%"
"11/25/2010","93.40","94.10","95.35","92.10","72.76K","-0.43%"
"11/24/2010","93.80","95.15","97.40","92.20","141.95K","-0.27%"
"11/23/2010","94.05","93.00","95.60","88.30","230.35K","+1.07%"
"11/22/2010","93.05","95.70","96.70","90.90","135.77K","-2.36%"
"11/19/2010","95.30","99.00","99.70","94.10","109.96K","-3.15%"
"11/18/2010","98.40","100.10","101.95","96.00","204.88K","-0.35%"
"11/16/2010","98.75","105.70","106.30","98.00","200.63K","-6.04%"
"11/15/2010","105.10","105.00","109.80","102.00","205.23K","-1.91%"
"11/12/2010","107.15","112.00","116.20","105.00","549.57K","-5.09%"
"11/11/2010","112.90","111.10","114.40","110.15","479.62K","+1.44%"
"11/10/2010","111.30","114.00","115.70","111.00","536.51K","-1.55%"
"11/09/2010","113.05","106.35","114.70","105.70","1.43M","+7.00%"
"11/08/2010","105.65","105.00","107.40","102.55","623.16K","+1.25%"
"11/05/2010","104.35","102.45","105.35","102.45","112.08K","+2.56%"
"11/04/2010","101.75","102.80","103.85","99.75","256.13K","-0.29%"
"11/03/2010","102.05","99.00","109.40","97.55","1.67M","+5.70%"
"11/02/2010","96.55","98.05","99.65","95.20","236.39K","-1.53%"
"11/01/2010","98.05","96.30","100.90","96.30","104.78K","+3.76%"
"10/29/2010","94.50","99.70","100.00","93.50","116.98K","-5.50%"
"10/28/2010","100.00","100.25","101.10","99.05","134.11K","+1.27%"
"10/27/2010","98.75","103.00","103.40","98.05","123.41K","-3.99%"
"10/26/2010","102.85","101.50","105.80","101.00","627.40K","+2.19%"
"10/25/2010","100.65","97.35","101.90","96.65","487.72K","+4.68%"
"10/22/2010","96.15","95.10","98.35","94.65","229.60K","-0.36%"
"10/21/2010","96.50","97.00","99.30","95.20","345.43K","+0.26%"
"10/20/2010","96.25","98.40","100.40","95.45","196.08K","-2.18%"
"10/19/2010","98.40","101.00","101.95","97.85","338.60K","-0.96%"
"10/18/2010","99.35","109.25","109.25","98.70","567.37K","+0.71%"
"10/15/2010","98.65","99.30","103.00","98.10","984.83K","+0.51%"
"10/14/2010","98.15","94.80","100.50","93.00","1.43M","+5.25%"
"10/13/2010","93.25","95.15","97.40","92.55","364.24K","-0.59%"
"10/12/2010","93.80","100.00","100.00","92.50","288.01K","+0.97%"
"10/11/2010","92.90","90.05","94.70","90.00","326.65K","+3.80%"
"10/08/2010","89.50","92.60","94.00","89.00","111.23K","-3.19%"
"10/07/2010","92.45","95.95","96.40","91.60","179.38K","-2.53%"
"10/06/2010","94.85","91.35","96.40","90.60","253.32K","+5.68%"
"10/05/2010","89.75","90.10","90.80","89.25","101.89K","-1.16%"
"10/04/2010","90.80","91.90","92.65","90.50","73.38K","-1.04%"
"10/01/2010","91.75","89.00","92.40","89.00","164.30K","+1.55%"
"09/30/2010","90.35","89.10","91.90","88.50","68.13K","-0.39%"
"09/29/2010","90.70","91.00","92.20","89.55","95.59K","-0.71%"
"09/28/2010","91.35","87.75","91.85","87.00","111.30K","+3.16%"
"09/27/2010","88.55","88.40","90.75","87.20","132.91K","-1.39%"
"09/24/2010","89.80","88.00","90.80","88.00","96.44K","+0.50%"
"09/23/2010","89.35","89.40","90.30","88.35","59.57K","+0.45%"
"09/22/2010","88.95","93.00","93.00","88.25","207.00K","-2.47%"
"09/21/2010","91.20","95.60","95.60","91.00","157.31K","-3.44%"
"09/20/2010","94.45","96.85","96.85","94.00","160.19K","-1.05%"
"09/17/2010","95.45","96.90","102.00","95.00","1.03M","+1.43%"
"09/16/2010","94.10","94.00","97.90","89.00","192.58K","+0.11%"
"09/15/2010","94.00","98.50","98.50","93.50","53.34K","-1.36%"
"09/14/2010","95.30","97.95","98.20","94.70","128.80K","-1.90%"
"09/13/2010","97.15","98.90","99.30","96.00","135.05K","-0.46%"
"09/09/2010","97.60","94.85","98.40","94.30","502.01K","+4.66%"
"09/08/2010","93.25","93.05","97.50","91.70","490.12K","+0.11%"
"09/07/2010","93.15","91.85","93.80","91.05","116.79K","+1.97%"
"09/06/2010","91.35","92.30","93.45","91.10","137.56K","-0.27%"
"09/03/2010","91.60","89.30","93.00","89.30","180.27K","+1.72%"
"09/02/2010","90.05","91.00","91.50","89.00","390.91K","-2.54%"
"09/01/2010","92.40","90.80","93.20","90.80","99.86K","+2.04%"
"08/31/2010","90.55","89.20","91.70","89.05","86.34K","-0.77%"
"08/30/2010","91.25","91.95","93.50","89.70","66.97K","+0.44%"
"08/27/2010","90.85","93.00","95.90","90.50","140.67K","-2.26%"
"08/26/2010","92.95","97.00","98.40","91.75","114.92K","-3.38%"
"08/25/2010","96.20","94.50","97.95","94.50","174.77K","+1.37%"
"08/24/2010","94.90","97.20","99.00","94.25","352.92K","-0.84%"
"08/23/2010","95.70","97.50","98.90","95.10","96.22K","+0.05%"
"08/20/2010","95.65","98.30","98.90","94.50","212.45K","-2.45%"
"08/19/2010","98.05","101.65","102.00","96.60","346.56K","-2.34%"
"08/18/2010","100.40","88.60","101.70","88.60","1.90M","+12.87%"
"08/17/2010","88.95","88.50","89.80","88.00","89.07K","-0.11%"
"08/16/2010","89.05","88.70","89.90","88.05","308.38K","+0.17%"
"08/13/2010","88.90","85.50","91.70","85.50","749.04K","+2.95%"
"08/12/2010","86.35","87.50","88.50","85.55","111.23K","-1.48%"
"08/11/2010","87.65","86.00","89.00","85.50","296.18K","+0.63%"
"08/10/2010","87.10","89.00","89.00","86.70","69.81K","-1.58%"
"08/09/2010","88.50","89.05","90.60","81.70","268.55K","-1.39%"
"08/06/2010","89.75","88.40","108.10","87.40","923.96K","+5.46%"
"08/05/2010","85.10","84.10","86.00","82.50","115.50K","+1.37%"
"08/04/2010","83.95","85.50","86.40","83.10","72.23K","-1.76%"
"08/03/2010","85.45","86.40","87.85","85.25","96.36K","-1.10%"
"08/02/2010","86.40","80.00","89.70","77.90","729.43K","+1.89%"
"07/30/2010","84.80","83.40","87.80","83.30","78.83K","+1.80%"
"07/29/2010","83.30","84.50","84.90","83.10","24.19K","-1.13%"
"07/28/2010","84.25","86.40","86.40","83.50","21.61K","-1.40%"
"07/27/2010","85.45","85.10","86.40","84.35","32.50K","-0.12%"
"07/26/2010","85.55","86.80","87.00","85.00","40.54K","-0.35%"
"07/23/2010","85.85","89.10","89.80","82.20","91.52K","-3.16%"
"07/22/2010","88.65","84.10","90.45","84.00","322.34K","+4.23%"
"07/21/2010","85.05","84.30","85.90","84.30","29.06K","-0.35%"
"07/20/2010","85.35","87.00","87.00","85.00","27.44K","-0.99%"
"07/19/2010","86.20","87.50","87.90","86.05","29.75K","-0.35%"
"07/16/2010","86.50","88.50","88.50","86.15","47.26K","-1.14%"
"07/15/2010","87.50","87.00","88.40","85.00","73.97K","+1.33%"
"07/14/2010","86.35","88.85","88.85","85.30","45.83K","-0.75%"
"07/13/2010","87.00","89.00","89.85","86.30","59.15K","-1.64%"
"07/12/2010","88.45","87.00","89.80","84.75","146.94K","+3.39%"
"07/09/2010","85.55","87.80","87.80","84.60","78.26K","-1.55%"
"07/08/2010","86.90","91.00","91.00","86.40","43.99K","-0.69%"
"07/07/2010","87.50","88.50","89.30","86.25","91.35K","-1.80%"
"07/06/2010","89.10","89.25","90.90","87.60","174.32K","+0.34%"
"07/05/2010","88.80","85.30","89.65","85.25","339.73K","+5.46%"
"07/02/2010","84.20","80.90","87.40","80.85","434.75K","+4.53%"
"07/01/2010","80.55","80.10","81.70","79.00","91.27K","+0.31%"
"06/30/2010","80.30","77.75","80.90","77.75","98.55K","+2.36%"
"06/29/2010","78.45","81.60","81.85","78.00","108.91K","-2.67%"
"06/28/2010","80.60","76.20","81.40","76.20","139.20K","+4.00%"
"06/25/2010","77.50","76.50","79.30","76.00","83.52K","+0.26%"
"06/24/2010","77.30","78.10","79.00","76.90","58.45K","-0.90%"
"06/23/2010","78.00","77.00","79.40","77.00","80.54K","+1.83%"
"06/22/2010","76.60","77.80","78.00","76.30","17.20K","-1.16%"
"06/21/2010","77.50","76.75","78.20","76.55","45.03K","+1.57%"
"06/18/2010","76.30","77.90","78.25","75.55","37.09K","-1.42%"
"06/17/2010","77.40","75.80","78.70","75.80","40.46K","+0.00%"
"06/16/2010","77.40","78.25","79.30","77.10","43.84K","+0.06%"
"06/15/2010","77.35","78.00","80.30","76.75","235.46K","-0.39%"
"06/14/2010","77.65","76.50","79.50","76.00","79.44K","+2.37%"
"06/11/2010","75.85","77.00","77.90","75.35","28.07K","-0.39%"
"06/10/2010","76.15","76.35","77.70","75.60","13.48K","-1.23%"
"06/09/2010","77.10","74.30","77.85","74.30","43.20K","+2.59%"
"06/08/2010","75.15","75.35","77.90","74.65","112.03K","-2.08%"
"06/07/2010","76.75","74.45","77.50","74.05","32.86K","+0.00%"
"06/04/2010","76.75","78.50","78.50","76.50","32.29K","-0.20%"
"06/03/2010","76.90","79.00","79.00","76.50","41.53K","-0.52%"
"06/02/2010","77.30","79.75","79.75","76.30","45.78K","-0.51%"
"06/01/2010","77.70","87.00","87.00","76.00","125.77K","+2.71%"
"05/31/2010","75.65","75.50","77.70","75.10","61.75K","+0.73%"
"05/28/2010","75.10","75.30","77.75","75.00","71.86K","-0.27%"
"05/27/2010","75.30","77.30","77.50","71.55","108.08K","-5.16%"
"05/26/2010","79.40","79.90","81.00","77.00","26.22K","+2.85%"
"05/25/2010","77.20","79.10","79.10","75.05","29.27K","-2.89%"
"05/24/2010","79.50","82.40","83.00","79.10","28.81K","+0.51%"
"05/21/2010","79.10","80.60","80.60","77.05","59.63K","-2.22%"
"05/20/2010","80.90","81.60","83.90","80.05","33.02K","-1.82%"
"05/19/2010","82.40","85.00","85.00","82.00","40.42K","-2.37%"
"05/18/2010","84.40","84.00","90.65","82.55","184.41K","+0.60%"
"05/17/2010","83.90","82.80","85.00","81.00","37.90K","+0.42%"
"05/14/2010","83.55","85.40","86.90","83.15","71.30K","-2.51%"
"05/13/2010","85.70","87.60","88.50","85.00","31.62K","-0.52%"
"05/12/2010","86.15","87.50","89.00","84.35","39.18K","-0.98%"
"05/11/2010","87.00","83.55","89.90","83.55","94.87K","+2.78%"
"05/10/2010","84.65","84.10","86.90","84.00","19.72K","+2.42%"
"05/07/2010","82.65","84.00","86.40","82.05","31.84K","-3.05%"
"05/06/2010","85.25","85.30","86.50","84.40","36.98K","-1.62%"
"05/05/2010","86.65","84.30","87.50","84.00","32.38K","-0.35%"
"05/04/2010","86.95","89.30","91.20","86.60","88.41K","-3.55%"
"05/03/2010","90.15","89.00","91.70","89.00","59.79K","-0.22%"
"04/30/2010","90.35","88.80","90.80","86.80","131.44K","+4.33%"
"04/29/2010","86.60","86.80","88.90","85.05","49.25K","-1.09%"
"04/28/2010","87.55","89.00","89.00","87.00","77.04K","-2.34%"
"04/27/2010","89.65","88.90","91.10","88.00","181.60K","+1.47%"
"04/26/2010","88.35","90.40","90.40","88.00","69.55K","-0.23%"
"04/23/2010","88.55","91.05","93.20","88.05","72.49K","-3.65%"
"04/22/2010","91.90","90.00","93.95","90.00","244.76K","+1.43%"
"04/21/2010","90.60","87.00","91.80","87.00","260.05K","+2.72%"
"04/20/2010","88.20","85.50","88.80","85.50","91.45K","+2.62%"
"04/19/2010","85.95","86.00","86.85","84.00","37.49K","-2.44%"
"04/16/2010","88.10","86.00","88.40","85.00","92.32K","+1.61%"
"04/15/2010","86.70","86.50","87.50","85.55","38.28K","+0.76%"
"04/13/2010","86.05","86.80","87.80","85.05","96.96K","-0.86%"
"04/12/2010","86.80","85.80","88.00","85.50","69.36K","+3.77%"
"04/09/2010","83.65","86.40","87.40","83.25","59.67K","-1.12%"
"04/08/2010","84.60","84.40","88.80","83.75","146.26K","-2.53%"
"04/07/2010","86.80","85.30","89.80","85.30","82.44K","+1.70%"
"04/06/2010","85.35","83.75","85.90","83.65","58.02K","+2.71%"
"04/05/2010","83.10","82.00","83.75","81.50","57.52K","+1.78%"
"04/01/2010","81.65","81.60","83.20","81.40","29.40K","-0.91%"
"03/31/2010","82.40","82.40","84.35","81.50","64.24K","+0.98%"
"03/30/2010","81.60","80.20","82.20","80.10","74.99K","+1.94%"
"03/29/2010","80.05","79.40","81.00","78.20","60.98K","+1.46%"
"03/26/2010","78.90","77.10","79.45","76.85","83.40K","+1.28%"
"03/25/2010","77.90","75.05","78.50","75.05","107.08K","+1.10%"
"03/23/2010","77.05","78.85","79.70","76.30","57.97K","-0.26%"
"03/22/2010","77.25","77.00","78.50","76.15","32.15K","-1.15%"
"03/19/2010","78.15","78.50","79.65","77.45","76.36K","+0.39%"
"03/18/2010","77.85","77.80","79.75","77.30","48.79K","-0.64%"
"03/17/2010","78.35","78.55","79.55","77.75","61.90K","+0.19%"
"03/16/2010","78.20","79.00","79.95","76.50","165.31K","+0.77%"
"03/15/2010","77.60","79.00","79.85","77.05","109.72K","-1.83%"
"03/12/2010","79.05","80.70","80.70","78.10","72.72K","-0.63%"
"03/11/2010","79.55","80.10","81.50","78.15","48.80K","-2.27%"
"03/10/2010","81.40","81.80","82.85","79.30","47.06K","+0.99%"
"03/09/2010","80.60","84.90","84.90","80.00","39.61K","-3.76%"
"03/08/2010","83.75","84.00","85.90","83.10","128.68K","+0.36%"
"03/05/2010","83.45","81.10","84.75","81.00","108.97K","+2.20%"
"03/04/2010","81.65","80.75","83.00","78.05","108.57K","+2.90%"
"03/03/2010","79.35","79.90","79.90","77.60","43.46K","+1.93%"
"03/02/2010","77.85","81.00","81.00","77.20","80.18K","+0.58%"
"02/26/2010","77.40","77.30","82.45","76.50","176.69K","-2.27%"
"02/25/2010","79.20","79.90","81.00","77.80","67.44K","+2.52%"
"02/24/2010","77.25","77.50","79.40","75.45","146.89K","-2.09%"
"02/23/2010","78.90","79.00","83.00","76.25","190.70K","-2.47%"
"02/22/2010","80.90","88.60","88.60","80.05","148.96K","-5.10%"
"02/19/2010","85.25","92.50","94.50","84.10","628.50K","-5.07%"
"02/18/2010","89.80","84.50","93.25","84.00","227.06K","+5.03%"
"02/17/2010","85.50","86.90","87.85","85.05","84.00K","-0.23%"
"02/16/2010","85.70","85.10","87.20","84.00","86.23K","+1.18%"
"02/15/2010","84.70","88.40","88.40","84.10","49.54K","-2.08%"
"02/11/2010","86.50","88.50","88.90","85.55","120.08K","-0.69%"
"02/10/2010","87.10","90.95","94.80","86.15","303.13K","-2.63%"
"02/09/2010","89.45","86.40","90.30","82.90","365.69K","+2.00%"
"02/08/2010","87.70","88.90","89.00","83.30","139.15K","+1.68%"
"02/05/2010","86.25","81.10","88.50","80.00","165.02K","+0.00%"
"02/04/2010","86.25","89.20","91.40","85.55","85.89K","-3.31%"
"02/03/2010","89.20","88.40","91.00","88.40","153.18K","+2.23%"
"02/02/2010","87.25","90.00","93.85","86.15","371.40K","-3.27%"
"02/01/2010","90.20","88.90","92.90","86.40","289.59K","+1.63%"
"01/29/2010","88.75","79.80","90.80","76.05","863.48K","+10.18%"
"01/28/2010","80.55","85.90","88.90","80.00","233.57K","-4.22%"
"01/27/2010","84.10","90.00","91.40","82.20","185.83K","-8.04%"
"01/25/2010","91.45","90.60","94.45","88.55","310.85K","-2.24%"
"01/22/2010","93.55","93.00","95.60","86.05","464.90K","-2.25%"
"01/21/2010","95.70","96.40","98.40","93.50","1.08M","+2.46%"
"01/20/2010","93.40","96.90","104.00","92.00","1.59M","+0.86%"
"01/19/2010","92.60","85.65","96.95","85.00","1.42M","+8.88%"
"01/18/2010","85.05","83.60","86.85","83.60","96.46K","+1.19%"
"01/15/2010","84.05","86.40","88.00","83.35","164.03K","-1.87%"
"01/14/2010","85.65","83.00","86.40","82.00","169.11K","+3.32%"
"01/13/2010","82.90","83.00","83.50","80.80","146.94K","+0.06%"
"01/12/2010","82.85","83.00","85.45","82.00","428.26K","+0.79%"
"01/11/2010","82.20","81.20","84.00","81.20","180.97K","+1.23%"
"01/08/2010","81.20","84.90","85.75","80.90","156.69K","-4.08%"
"01/07/2010","84.65","86.10","86.10","83.70","371.92K","-1.40%"
"01/06/2010","85.85","84.80","87.40","82.60","545.20K","+2.51%"
"01/05/2010","83.75","84.90","87.40","82.35","1.03M","+4.17%"
"01/04/2010","80.40","76.50","81.90","75.15","638.92K","+6.21%"
"12/31/2009","75.70","75.10","77.00","75.10","134.40K","+0.93%"
"12/30/2009","75.00","73.40","75.90","73.05","311.86K","+3.09%"
"12/29/2009","72.75","72.80","73.80","71.20","128.55K","+2.39%"
"12/24/2009","71.05","70.05","72.05","69.30","159.56K","+1.21%"
"12/23/2009","70.20","69.90","71.00","69.15","95.80K","+0.72%"
"12/22/2009","69.70","68.40","71.30","68.40","125.59K","+0.72%"
"12/21/2009","69.20","67.00","69.80","67.00","108.25K","+1.39%"
"12/18/2009","68.25","67.10","69.90","66.85","121.97K","-0.15%"
"12/17/2009","68.35","69.30","69.70","67.55","61.09K","-1.01%"
"12/16/2009","69.05","69.35","70.25","67.30","110.90K","+0.36%"
"12/15/2009","68.80","68.25","70.15","68.25","161.08K","-0.29%"
"12/14/2009","69.00","69.70","70.50","68.00","191.89K","+0.80%"
"12/11/2009","68.45","69.30","71.35","68.00","298.89K","-0.36%"
"12/10/2009","68.70","67.45","70.50","66.55","363.98K","+2.38%"
"12/09/2009","67.10","66.50","68.50","66.20","74.25K","+0.68%"
"12/08/2009","66.65","66.00","67.60","66.00","70.21K","-0.45%"
"12/07/2009","66.95","66.00","67.90","66.00","65.99K","+0.90%"
"12/04/2009","66.35","65.60","67.10","64.65","90.40K","+1.38%"
"12/03/2009","65.45","66.00","67.60","64.60","134.48K","-0.23%"
"12/02/2009","65.60","64.85","66.40","64.00","94.41K","+1.71%"
"12/01/2009","64.50","65.00","65.00","63.00","94.73K","+0.78%"
"11/30/2009","64.00","63.50","64.30","62.25","82.32K","+2.48%"
"11/27/2009","62.45","62.95","63.00","60.20","73.10K","-2.50%"
"11/26/2009","64.05","63.90","64.85","63.05","86.15K","+0.23%"
"11/25/2009","63.90","64.00","64.95","62.75","67.15K","-0.08%"
"11/24/2009","63.95","64.70","64.70","62.40","113.72K","+0.55%"
"11/23/2009","63.60","64.85","64.85","62.85","110.66K","-0.78%"
"11/20/2009","64.10","62.30","64.75","62.25","39.47K","+0.55%"
"11/19/2009","63.75","63.95","65.00","62.60","136.01K","+0.00%"
"11/18/2009","63.75","63.85","64.80","62.70","73.65K","-0.16%"
"11/17/2009","63.85","65.50","65.55","62.70","99.97K","-1.92%"
"11/16/2009","65.10","65.20","68.00","64.60","53.84K","-1.29%"
"11/13/2009","65.95","64.15","66.60","64.00","110.74K","+1.07%"
"11/12/2009","65.25","63.30","66.50","63.30","83.95K","+0.62%"
"11/11/2009","64.85","63.55","66.55","63.10","172.68K","+0.31%"
"11/10/2009","64.65","64.30","65.30","61.00","104.66K","+2.70%"
"11/09/2009","62.95","64.25","64.25","61.55","34.76K","+0.88%"
"11/06/2009","62.40","62.00","64.20","61.00","88.95K","+3.40%"
"11/05/2009","60.35","59.20","61.30","57.20","68.59K","+1.34%"
"11/04/2009","59.55","62.00","62.00","57.10","48.41K","+2.23%"
"11/03/2009","58.25","63.05","63.05","58.00","67.52K","-7.61%"
"10/30/2009","63.05","61.50","65.00","61.10","72.86K","+0.64%"
"10/29/2009","62.65","62.70","63.50","60.00","104.24K","-0.63%"
"10/28/2009","63.05","63.00","63.90","60.25","91.86K","+1.78%"
"10/27/2009","61.95","65.15","65.85","61.00","183.11K","-5.99%"
"10/26/2009","65.90","69.00","69.40","65.00","123.80K","-4.22%"
"10/23/2009","68.80","71.00","71.80","68.40","112.87K","-1.78%"
"10/22/2009","70.05","71.40","74.50","69.10","335.49K","-2.44%"
"10/21/2009","71.80","69.50","74.85","69.05","670.78K","+4.06%"
"10/20/2009","69.00","68.00","71.30","67.30","419.13K","+2.45%"
"10/16/2009","67.35","68.65","68.65","65.75","604.69K","+1.20%"
"10/15/2009","66.55","66.00","79.90","66.00","438.97K","-0.52%"
"10/14/2009","66.90","66.10","68.50","66.10","107.58K","+0.75%"
"10/12/2009","66.40","68.00","68.50","65.80","53.39K","-1.78%"
"10/09/2009","67.60","68.80","69.75","67.00","42.55K","-1.74%"
"10/08/2009","68.80","69.90","69.90","67.30","86.62K","+0.00%"
"10/07/2009","68.80","68.00","69.90","67.05","163.17K","+2.61%"
"10/06/2009","67.05","69.00","69.30","65.00","66.54K","-0.89%"
"10/05/2009","67.65","69.00","69.80","67.05","74.06K","-3.15%"
"10/01/2009","69.85","71.10","71.90","69.00","85.91K","-2.58%"
"09/30/2009","71.70","71.45","73.00","70.10","267.02K","+3.02%"
"09/29/2009","69.60","72.00","72.70","68.60","176.09K","-1.28%"
"09/25/2009","70.50","68.90","71.50","67.05","209.14K","+4.68%"
"09/24/2009","67.35","66.00","69.00","65.00","57.36K","-0.22%"
"09/23/2009","67.50","68.50","70.60","67.00","56.87K","-2.32%"
"09/22/2009","69.10","69.00","70.00","68.25","71.90K","+0.44%"
"09/18/2009","68.80","69.00","72.00","68.00","105.83K","-0.94%"
"09/17/2009","69.45","69.00","70.50","68.00","77.88K","+0.51%"
"09/16/2009","69.10","71.75","71.75","68.65","64.93K","-1.64%"
"09/15/2009","70.25","69.15","71.30","69.00","83.02K","+1.66%"
"09/14/2009","69.10","68.25","70.90","65.20","94.16K","+1.62%"
"09/11/2009","68.00","69.95","69.95","66.65","46.79K","-0.58%"
"09/10/2009","68.40","68.00","71.80","68.00","108.36K","+0.88%"
"09/09/2009","67.80","70.00","70.20","67.35","70.10K","-2.45%"
"09/08/2009","69.50","74.80","74.80","68.70","135.57K","-5.63%"
"09/07/2009","73.65","74.00","76.45","73.10","237.24K","+0.89%"
"09/04/2009","73.00","73.00","74.90","71.00","589.30K","+0.14%"
"09/03/2009","72.90","65.20","74.25","65.00","691.19K","+12.33%"
"09/02/2009","64.90","63.40","65.50","63.40","38.55K","-0.38%"
"09/01/2009","65.15","66.25","69.45","62.25","199.54K","-1.66%"
"08/31/2009","66.25","65.00","68.90","62.00","354.76K","+1.61%"
"08/28/2009","65.20","64.90","65.75","64.00","95.05K","+0.85%"
"08/27/2009","64.65","63.70","66.30","62.50","174.77K","+1.65%"
"08/26/2009","63.60","63.40","64.00","62.10","84.53K","+0.63%"
"08/25/2009","63.20","63.00","63.50","61.60","67.83K","+0.64%"
"08/24/2009","62.80","61.50","63.00","60.50","121.09K","+3.63%"
"08/21/2009","60.60","58.35","61.70","58.35","71.05K","+1.25%"
"08/20/2009","59.85","60.00","60.95","58.55","41.34K","+1.01%"
"08/19/2009","59.25","62.00","62.50","58.50","76.81K","-4.74%"
"08/18/2009","62.20","63.30","63.70","60.40","202.92K","-2.51%"
"08/17/2009","63.80","62.50","64.50","62.00","428.96K","+1.35%"
"08/14/2009","62.95","64.00","64.00","62.50","149.78K","+0.88%"
"08/13/2009","62.40","63.00","63.00","61.40","313.60K","+2.63%"
"08/12/2009","60.80","60.50","61.50","59.45","473.41K","-0.82%"
"08/11/2009","61.30","60.10","62.00","60.00","101.26K","+0.16%"
"08/10/2009","61.20","63.00","63.75","60.00","142.44K","-1.61%"
"08/07/2009","62.20","60.50","62.70","60.50","274.33K","+0.73%"
"08/06/2009","61.75","63.80","65.50","61.20","158.33K","-3.74%"
"08/05/2009","64.15","64.00","64.90","62.60","327.44K","+0.79%"
"08/04/2009","63.65","64.20","65.00","63.25","124.38K","+0.08%"
"08/03/2009","63.60","63.00","63.90","61.80","358.09K","+2.75%"
"07/31/2009","61.90","63.00","63.50","60.25","278.75K","-0.80%"
"07/30/2009","62.40","60.10","62.75","60.00","112.41K","+3.06%"
"07/29/2009","60.55","62.00","65.00","59.80","447.84K","-0.25%"
"07/28/2009","60.70","61.00","61.50","59.10","196.97K","+1.17%"
"07/27/2009","60.00","61.00","61.80","59.10","147.32K","-0.66%"
"07/24/2009","60.40","61.40","61.70","59.50","93.16K","+0.67%"
"07/23/2009","60.00","60.50","62.10","59.30","101.41K","+0.59%"
"07/22/2009","59.65","62.80","63.90","59.00","90.87K","-4.02%"
"07/21/2009","62.15","58.25","62.90","58.00","202.17K","+5.43%"
"07/20/2009","58.95","57.60","59.75","57.15","184.81K","+2.34%"
"07/17/2009","57.60","58.00","59.20","57.10","147.44K","+1.05%"
"07/16/2009","57.00","56.00","59.40","54.30","326.64K","+1.97%"
"07/15/2009","55.90","55.00","56.65","54.55","111.89K","+2.38%"
"07/14/2009","54.60","53.55","55.40","53.55","88.42K","+3.02%"
"07/13/2009","53.00","53.80","53.80","50.50","377.88K","-1.85%"
"07/10/2009","54.00","54.90","55.95","53.70","136.07K","-1.19%"
"07/09/2009","54.65","56.60","56.60","41.00","194.80K","-0.64%"
"07/08/2009","55.00","54.10","55.80","51.15","195.42K","-2.22%"
"07/07/2009","56.25","57.80","58.90","54.05","454.53K","-0.18%"
"07/06/2009","56.35","66.80","66.80","56.00","340.16K","-12.97%"
"07/03/2009","64.75","62.95","65.95","61.80","262.60K","+0.94%"
"07/02/2009","64.15","58.95","65.70","57.15","741.12K","+10.60%"
"07/01/2009","58.00","58.25","59.40","56.05","153.51K","-0.09%"
"06/30/2009","58.05","59.00","60.00","55.85","333.90K","+0.43%"
"06/29/2009","57.80","57.20","59.40","57.00","212.97K","+2.12%"
"06/26/2009","56.60","56.30","57.50","55.40","271.58K","+3.47%"
"06/25/2009","54.70","60.10","61.00","54.10","1.10M","-7.76%"
"06/24/2009","59.30","59.00","60.40","57.00","297.27K","+2.33%"
"06/23/2009","57.95","56.40","58.95","54.00","408.94K","+0.43%"
"06/22/2009","57.70","62.00","62.00","57.00","266.15K","-4.86%"
"06/19/2009","60.65","61.00","62.70","57.05","393.01K","+0.75%"
"06/18/2009","60.20","63.40","66.10","57.00","377.51K","-5.64%"
"06/17/2009","63.80","69.90","72.50","62.30","575.66K","-7.47%"
"06/16/2009","68.95","62.00","70.30","62.00","400.62K","-0.36%"
"06/15/2009","69.20","69.90","71.40","66.10","664.30K","+1.10%"
"06/12/2009","68.45","72.15","75.00","67.70","730.96K","-5.33%"
"06/11/2009","72.30","69.85","73.95","67.70","582.37K","+5.86%"
"06/10/2009","68.30","71.50","72.50","67.00","525.27K","-2.15%"
"06/09/2009","69.80","66.05","71.45","64.00","629.45K","+4.02%"
"06/08/2009","67.10","72.40","75.25","65.70","1.19M","-3.31%"
"06/05/2009","69.40","74.40","75.00","68.00","593.39K","-4.93%"
"06/04/2009","73.00","72.35","74.80","70.90","1.43M","+2.31%"
"06/03/2009","71.35","69.35","73.80","68.55","1.63M","+4.16%"
"06/02/2009","68.50","69.35","70.65","66.05","1.36M","+0.66%"
"06/01/2009","68.05","66.00","69.65","66.00","2.42M","+6.33%"
"05/29/2009","64.00","57.00","65.40","56.25","2.11M","+10.54%"
"05/28/2009","57.90","58.75","59.80","56.35","849.25K","-0.77%"
"05/27/2009","58.35","59.00","59.90","56.80","1.12M","+4.48%"
"05/26/2009","55.85","62.20","62.80","54.35","671.44K","-9.55%"
"05/25/2009","61.75","60.70","62.75","56.70","1.28M","+1.23%"
"05/22/2009","61.00","55.00","62.25","55.00","1.05M","+8.73%"
"05/21/2009","56.10","55.00","61.00","55.00","1.54M","+3.60%"
"05/20/2009","54.15","47.00","56.50","47.00","1.22M","+13.05%"
"05/19/2009","47.90","50.10","52.00","34.10","623.07K","-2.64%"
"05/18/2009","49.20","50.00","50.00","49.00","3.70K","+13.63%"
"05/15/2009","43.30","46.00","46.95","42.55","504.68K","-4.31%"
"05/14/2009","45.25","43.40","47.90","43.00","2.31M","+1.91%"
"05/13/2009","44.40","43.00","45.25","41.05","469.35K","+4.84%"
"05/12/2009","42.35","40.00","42.80","40.00","93.59K","+4.18%"
"05/11/2009","40.65","42.80","43.00","40.00","144.03K","-2.28%"
"05/08/2009","41.60","43.00","43.80","40.40","232.85K","-2.12%"
"05/07/2009","42.50","42.80","43.60","42.20","297.10K","+0.35%"
"05/06/2009","42.35","43.00","45.80","41.45","542.40K","-1.85%"
"05/05/2009","43.15","42.90","43.50","40.85","277.46K","+3.23%"
"05/04/2009","41.80","38.10","42.30","38.10","389.94K","+13.13%"
"04/29/2009","36.95","38.00","39.50","36.50","336.05K","-1.34%"
"04/28/2009","37.45","39.50","41.00","37.20","147.84K","-6.72%"
"04/27/2009","40.15","40.30","42.00","38.55","244.79K","-0.37%"
"04/24/2009","40.30","39.00","41.35","38.80","335.12K","+4.00%"
"04/23/2009","38.75","39.40","39.95","35.80","232.53K","-0.77%"
"04/22/2009","39.05","46.00","46.40","38.20","569.35K","-10.02%"
"04/21/2009","43.40","38.10","44.30","36.00","564.10K","+7.29%"
"04/20/2009","40.45","41.40","42.50","39.25","293.86K","+4.66%"
"04/17/2009","38.65","41.00","43.50","37.15","284.12K","-1.02%"
"04/16/2009","39.05","46.00","47.30","38.15","390.87K","-12.35%"
"04/15/2009","44.55","40.20","46.15","39.50","637.69K","+8.92%"
"04/13/2009","40.90","40.50","42.90","37.55","486.58K","+3.54%"
"04/09/2009","39.50","39.35","42.00","38.40","450.18K","+2.73%"
"04/08/2009","38.45","35.00","39.10","34.10","477.10K","+5.20%"
"04/06/2009","36.55","33.25","37.40","32.25","485.89K","+10.76%"
"04/02/2009","33.00","32.25","34.75","32.00","595.20K","+5.26%"
"04/01/2009","31.35","30.50","32.25","30.50","224.44K","+3.13%"
"03/31/2009","30.40","30.75","31.40","29.60","240.55K","+0.83%"
"03/30/2009","30.15","30.00","32.45","29.45","562.99K","+0.33%"
"03/27/2009","30.05","29.10","31.95","29.10","423.13K","+0.17%"
"03/26/2009","30.00","30.00","30.90","28.15","367.31K","+2.39%"
"03/25/2009","29.30","27.00","29.60","26.55","337.31K","+6.35%"
"03/24/2009","27.55","29.00","29.50","27.10","328.38K","-2.30%"
"03/23/2009","28.20","27.50","28.50","26.10","257.54K","+4.25%"
"03/20/2009","27.05","28.45","29.00","26.95","263.40K","-3.39%"
"03/19/2009","28.00","28.10","29.45","27.55","1.23M","+2.19%"
"03/18/2009","27.40","24.90","28.20","24.55","673.72K","+13.69%"
"03/17/2009","24.10","26.00","26.60","23.65","422.58K","-3.60%"
"03/16/2009","25.00","26.45","26.60","24.45","489.21K","-2.91%"
"03/13/2009","25.75","24.00","27.75","23.65","336.32K","+11.71%"
"03/12/2009","23.05","22.70","24.45","22.70","46.86K","-0.43%"
"03/09/2009","23.15","22.25","23.80","22.25","43.26K","-1.91%"
"03/06/2009","23.60","22.35","23.90","22.35","77.47K","+1.51%"
"03/05/2009","23.25","23.35","24.20","22.05","131.65K","+0.22%"
"03/04/2009","23.20","23.80","24.25","22.75","63.45K","-2.52%"
"03/03/2009","23.80","23.00","25.25","22.55","136.99K","+1.06%"
"03/02/2009","23.55","24.10","24.45","23.25","38.96K","-5.23%"
"02/27/2009","24.85","24.90","25.45","24.50","144.91K","-0.40%"
"02/26/2009","24.95","25.10","25.65","24.20","416.31K","-1.58%"
"02/25/2009","25.35","26.00","26.00","25.05","191.95K","+1.00%"
"02/24/2009","25.10","24.25","26.25","23.10","704.66K","+3.72%"
"02/20/2009","24.20","26.80","26.80","23.70","138.84K","-5.84%"
"02/19/2009","25.70","27.50","27.80","25.25","126.05K","-4.46%"
"02/18/2009","26.90","25.20","28.30","25.10","253.72K","+0.94%"
"02/17/2009","26.65","28.00","28.00","26.10","156.40K","-6.82%"
"02/16/2009","28.60","34.95","34.95","28.05","557.67K","-12.94%"
"02/13/2009","32.85","35.00","36.40","32.30","838.19K","-4.92%"
"02/12/2009","34.55","34.00","36.15","32.10","2.24M","+10.74%"
"02/11/2009","31.20","27.05","32.95","27.00","1.00M","+12.43%"
"02/10/2009","27.75","27.00","29.00","26.50","300.45K","+3.35%"
"02/09/2009","26.85","27.00","27.70","26.20","252.68K","+1.51%"
"02/06/2009","26.45","24.70","27.25","24.70","163.51K","+6.22%"
"02/05/2009","24.90","25.00","27.40","24.50","85.34K","-4.96%"
"02/04/2009","26.20","26.00","28.25","25.80","177.75K","+1.75%"
"02/03/2009","25.75","28.50","29.00","25.15","227.02K","-8.20%"
"02/02/2009","28.05","28.50","31.40","27.35","682.56K","+0.00%"
"01/30/2009","28.05","29.05","31.00","27.00","504.26K","-0.71%"
"01/29/2009","28.25","28.00","30.40","23.55","528.26K","+2.91%"
"01/28/2009","27.45","28.30","29.80","26.75","726.81K","+10.02%"
"01/27/2009","24.95","23.00","26.70","22.05","171.39K","+11.88%"
"01/23/2009","22.30","22.60","24.75","22.05","67.87K","-5.11%"
"01/22/2009","23.50","25.50","25.75","23.20","89.03K","-7.11%"
"01/21/2009","25.30","26.00","28.40","24.25","277.95K","-6.81%"
"01/20/2009","27.15","26.00","28.00","24.30","107.34K","+4.62%"
"01/19/2009","25.95","28.00","29.90","25.35","106.98K","+3.18%"
"01/16/2009","25.15","27.25","28.40","23.50","331.71K","-3.45%"
"01/15/2009","26.05","25.00","27.05","22.55","460.45K","+3.58%"
"01/14/2009","25.15","23.20","25.70","23.20","161.52K","+10.07%"
"01/13/2009","22.85","22.10","24.25","22.00","90.39K","-0.44%"
"01/12/2009","22.95","23.85","25.20","22.00","92.05K","-1.08%"
"01/09/2009","23.20","24.00","25.35","22.25","115.32K","-4.33%"
"01/07/2009","24.25","29.50","31.15","22.80","588.22K","-15.80%"
"01/06/2009","28.80","29.90","31.95","27.55","432.75K","-3.68%"
"01/05/2009","29.90","31.00","31.40","29.00","415.58K","+1.01%"
"01/02/2009","29.60","27.35","30.60","27.10","616.43K","+10.24%"
"01/01/2009","26.85","25.50","27.05","24.60","325.35K","+9.15%"
"12/31/2008","24.60","23.05","25.85","23.00","312.01K","+4.90%"
"12/30/2008","23.45","21.60","23.80","21.60","169.71K","+5.87%"
"12/29/2008","22.15","22.70","22.90","21.00","130.51K","+3.50%"
"12/26/2008","21.40","23.40","24.90","21.20","336.25K","-0.23%"
"12/24/2008","21.45","24.15","24.20","21.15","457.23K","-12.45%"
"12/23/2008","24.50","26.10","26.50","24.10","173.90K","-7.72%"
"12/22/2008","26.55","29.00","30.00","26.10","274.08K","-7.33%"
"12/19/2008","28.65","28.00","30.00","27.75","275.74K","+3.80%"
"12/18/2008","27.60","27.00","28.40","25.50","314.67K","+2.41%"
"12/17/2008","26.95","29.90","31.35","26.30","857.36K","-5.27%"
"12/16/2008","28.45","25.90","31.40","25.60","1.39M","+14.95%"
"12/15/2008","24.75","24.40","30.00","24.40","1.19M","+5.77%"
"12/12/2008","23.40","22.20","25.80","21.45","325.04K","+2.18%"
"12/11/2008","22.90","22.80","24.70","22.15","80.39K","+2.69%"
"12/10/2008","22.30","21.90","22.70","21.00","66.96K","+5.44%"
"12/08/2008","21.15","23.50","23.90","20.60","68.28K","-1.40%"
"12/05/2008","21.45","22.00","24.35","21.05","86.56K","+0.47%"
"12/04/2008","21.35","21.50","22.10","20.10","141.45K","+4.15%"
"12/03/2008","20.50","20.10","21.65","20.05","36.57K","-0.97%"
"12/02/2008","20.70","20.00","21.90","19.20","23.83K","-1.66%"
"12/01/2008","21.05","21.50","22.50","20.60","35.26K","-1.64%"
"11/28/2008","21.40","21.40","21.95","20.50","77.65K","+2.39%"
"11/26/2008","20.90","23.00","23.00","20.50","79.23K","-5.43%"
"11/25/2008","22.10","23.30","24.60","21.55","60.25K","-5.35%"
"11/24/2008","23.35","23.40","24.45","22.50","82.41K","+0.65%"
"11/21/2008","23.20","22.60","23.90","22.00","76.66K","+2.65%"
"11/20/2008","22.60","23.10","23.80","22.00","57.94K","-5.64%"
"11/19/2008","23.95","24.05","25.70","23.20","70.49K","-0.83%"
"11/18/2008","24.15","24.10","25.00","23.50","43.39K","-2.42%"
"11/17/2008","24.75","26.00","26.50","24.00","41.00K","-5.71%"
"11/14/2008","26.25","28.20","29.70","26.00","53.14K","-2.60%"
"11/12/2008","26.95","28.75","29.50","26.55","106.01K","-8.64%"
"11/11/2008","29.50","32.80","32.95","28.70","134.46K","-11.14%"
"11/10/2008","33.20","32.10","34.75","30.80","129.97K","+8.85%"
"11/07/2008","30.50","28.80","31.45","27.50","109.49K","+7.96%"
"11/06/2008","28.25","27.45","29.85","26.40","51.70K","-5.20%"
"11/05/2008","29.80","35.00","35.50","29.00","103.04K","-11.04%"
"11/04/2008","33.50","31.00","34.00","28.50","168.12K","+7.54%"
"11/03/2008","31.15","31.60","32.50","29.00","183.09K","+7.60%"
"10/31/2008","28.95","27.00","30.30","24.40","152.08K","+18.65%"
"10/29/2008","24.40","26.50","26.50","23.70","156.40K","-1.01%"
"10/28/2008","24.65","23.00","25.50","22.05","43.27K","+21.13%"
"10/27/2008","20.35","20.25","21.90","18.00","136.47K","-1.21%"
"10/24/2008","20.60","22.00","23.50","20.00","142.79K","-13.81%"
"10/23/2008","23.90","22.50","25.70","22.20","187.67K","-3.24%"
"10/22/2008","24.70","24.20","27.40","23.50","298.48K","-5.00%"
"10/21/2008","26.00","26.35","26.75","24.15","319.56K","+5.05%"
"10/20/2008","24.75","26.00","29.40","23.70","413.65K","-5.89%"
"10/17/2008","26.30","31.80","31.80","25.20","154.63K","-11.30%"
"10/16/2008","29.65","25.00","31.00","23.85","336.88K","+7.62%"
"10/15/2008","27.55","29.30","30.50","26.35","199.50K","-9.82%"
"10/14/2008","30.55","36.00","38.40","30.10","350.96K","-8.53%"
"10/13/2008","33.40","32.00","35.90","31.80","383.51K","+13.41%"
"10/10/2008","29.45","37.70","37.70","27.00","422.15K","-27.28%"
"10/08/2008","40.50","45.00","45.00","38.00","192.62K","-14.47%"
"10/07/2008","47.35","48.00","52.00","44.80","131.83K","-5.02%"
"10/06/2008","49.85","54.50","54.85","49.40","114.01K","-10.90%"
"10/03/2008","55.95","57.50","59.35","55.55","82.91K","-6.20%"
"10/01/2008","59.65","60.55","62.25","58.20","84.21K","-1.00%"
"09/30/2008","60.25","51.00","62.45","50.00","269.22K","+7.21%"
"09/29/2008","56.20","62.50","62.50","53.05","119.18K","-10.08%"
"09/26/2008","62.50","65.10","66.50","62.00","109.18K","-4.21%"
"09/25/2008","65.25","66.50","67.70","63.65","347.87K","-3.12%"
"09/24/2008","67.35","65.00","68.40","65.00","75.11K","+2.05%"
"09/23/2008","66.00","66.00","67.50","64.50","50.60K","-1.86%"
"09/22/2008","67.25","70.35","71.50","66.00","80.28K","-3.38%"
"09/19/2008","69.60","70.90","71.00","67.65","115.01K","+4.98%"
"09/18/2008","66.30","64.00","67.40","60.50","107.77K","-1.27%"
"09/17/2008","67.15","67.75","69.80","65.75","205.10K","+0.00%"
"09/16/2008","67.15","66.00","67.75","62.00","127.58K","-0.89%"
"09/15/2008","67.75","73.10","73.10","65.25","154.46K","-7.89%"
"09/12/2008","73.55","77.00","77.70","72.65","144.03K","-3.86%"
"09/11/2008","76.50","78.00","78.75","76.00","79.90K","-1.80%"
"09/10/2008","77.90","80.05","82.75","77.05","280.90K","-3.41%"
"09/09/2008","80.65","81.00","82.00","80.05","114.99K","-0.25%"
"09/08/2008","80.85","83.10","84.90","80.25","264.12K","-0.74%"
"09/05/2008","81.45","84.00","84.00","80.00","118.47K","-3.72%"
"09/04/2008","84.60","87.25","87.45","84.05","95.86K","-4.24%"
"09/02/2008","88.35","86.80","89.90","85.90","219.40K","+2.85%"
"09/01/2008","85.90","86.00","87.00","84.00","90.47K","-1.55%"
"08/29/2008","87.25","83.80","88.90","83.80","253.65K","+4.87%"
"08/28/2008","83.20","85.00","85.90","80.10","188.51K","-2.46%"
"08/27/2008","85.30","87.00","89.80","84.85","90.16K","-3.01%"
"08/26/2008","87.95","86.25","88.80","86.00","78.12K","+0.00%"
"08/25/2008","87.95","92.00","92.10","87.30","80.88K","-1.46%"
"08/22/2008","89.25","89.15","91.40","88.20","141.50K","-1.22%"
"08/21/2008","90.35","94.00","95.80","89.65","220.29K","-4.29%"
"08/20/2008","94.40","92.00","96.70","90.55","806.50K","-0.84%"
"08/19/2008","95.20","91.60","95.90","91.15","122.65K","+2.64%"
"08/18/2008","92.75","96.00","96.00","92.30","108.03K","-0.59%"
"08/14/2008","93.30","98.50","99.45","92.25","166.78K","-5.47%"
"08/13/2008","98.70","95.00","101.85","94.00","291.35K","-2.42%"
"08/12/2008","101.15","99.60","103.45","96.80","537.52K","+2.33%"
"08/11/2008","98.85","98.00","101.50","97.25","503.05K","+4.55%"
"08/08/2008","94.55","95.75","99.00","91.50","896.02K","+1.67%"
"08/07/2008","93.00","95.80","97.80","92.10","155.62K","-1.43%"
"08/06/2008","94.35","100.75","100.75","94.00","242.62K","-3.77%"
"08/05/2008","98.05","99.95","101.40","95.55","328.31K","+0.31%"
"08/04/2008","97.75","94.40","100.00","94.40","358.29K","+3.33%"
"08/01/2008","94.60","87.00","95.80","87.00","418.74K","+4.76%"
"07/31/2008","90.30","90.00","92.70","86.60","479.10K","-1.42%"
"07/30/2008","91.60","91.70","93.00","90.80","276.06K","+2.58%"
"07/29/2008","89.30","91.00","93.90","87.65","188.93K","-3.93%"
"07/28/2008","92.95","90.75","93.50","87.00","443.68K","+5.39%"
"07/25/2008","88.20","87.50","92.50","85.95","640.78K","+0.68%"
"07/24/2008","87.60","80.30","90.00","78.30","1.36M","+12.31%"
"07/23/2008","78.00","74.30","82.80","74.30","457.34K","+4.98%"
"07/22/2008","74.30","73.50","77.85","72.85","282.44K","-1.26%"
"07/21/2008","75.25","76.00","76.50","67.75","84.44K","-1.18%"
"07/18/2008","76.15","75.00","77.25","72.55","154.90K","+3.54%"
"07/17/2008","73.55","74.60","75.70","72.30","75.55K","+1.31%"
"07/16/2008","72.60","74.50","76.50","70.55","200.75K","-2.16%"
"07/15/2008","74.20","81.20","81.20","73.30","324.98K","-9.68%"
"07/14/2008","82.15","82.80","85.85","80.50","153.33K","-0.24%"
"07/11/2008","82.35","85.80","88.30","81.50","275.62K","-1.91%"
"07/10/2008","83.95","83.90","85.90","80.15","163.83K","+0.54%"
"07/09/2008","83.50","84.00","86.00","81.35","417.08K","+2.77%"
"07/08/2008","81.25","80.15","83.45","76.55","184.84K","-0.98%"
"07/07/2008","82.05","83.00","88.70","81.10","410.15K","-3.01%"
"07/04/2008","84.60","79.20","86.90","79.00","126.42K","+5.09%"
"07/03/2008","80.50","84.00","84.00","76.30","92.55K","-5.79%"
"07/02/2008","85.45","80.00","87.50","74.20","196.23K","+6.75%"
"07/01/2008","80.05","91.00","91.00","78.50","102.03K","-7.19%"
"06/30/2008","86.25","90.85","91.50","83.35","224.10K","-2.27%"
"06/27/2008","88.25","93.00","95.80","87.30","430.81K","-9.07%"
"06/26/2008","97.05","93.00","105.50","92.10","1.19M","+7.42%"
"06/25/2008","90.35","85.00","92.65","84.00","222.06K","+1.18%"
"06/24/2008","89.30","99.00","99.00","87.50","256.55K","-7.80%"
"06/23/2008","96.85","104.00","104.15","96.05","157.72K","-7.98%"
"06/20/2008","105.25","112.00","112.00","103.50","234.84K","-2.77%"
"06/19/2008","108.25","112.00","113.95","106.25","269.19K","-5.13%"
"06/18/2008","114.10","119.00","123.20","113.30","214.60K","-4.32%"
"06/17/2008","119.25","119.00","121.00","114.40","246.33K","+1.36%"
"06/16/2008","117.65","118.65","124.80","116.00","582.55K","+0.86%"
"06/13/2008","116.65","106.50","118.70","105.00","774.70K","+9.79%"
"06/12/2008","106.25","99.00","107.10","97.00","189.28K","+3.46%"
"06/11/2008","102.70","101.10","104.20","100.00","152.75K","+2.04%"
"06/10/2008","100.65","95.45","102.00","92.90","245.63K","+3.82%"
"06/09/2008","96.95","100.00","100.80","95.20","127.39K","-7.36%"
"06/06/2008","104.65","109.75","113.80","104.00","279.49K","-4.65%"
"06/05/2008","109.75","110.00","111.50","106.60","433.43K","+0.46%"
"06/04/2008","109.25","116.00","116.65","108.05","131.66K","-5.98%"
"06/03/2008","116.20","114.00","118.00","110.10","182.71K","-0.64%"
"06/02/2008","116.95","123.05","125.90","115.55","189.16K","-4.88%"
"05/30/2008","122.95","125.00","127.90","119.50","297.54K","-0.32%"
"05/29/2008","123.35","130.50","133.00","122.05","598.16K","-4.34%"
"05/28/2008","128.95","119.90","129.95","116.10","923.26K","+10.69%"
"05/27/2008","116.50","118.85","122.35","114.90","409.15K","+0.04%"
"05/26/2008","116.45","122.50","122.50","116.05","288.16K","-6.35%"
"05/23/2008","124.35","132.85","134.90","123.20","237.94K","-5.29%"
"05/22/2008","131.30","133.10","136.50","130.60","429.43K","-4.96%"
"05/21/2008","138.15","138.20","139.70","133.00","656.47K","-2.68%"
"05/20/2008","141.95","145.00","147.50","140.00","622.04K","-1.22%"
"05/16/2008","143.70","137.10","144.50","136.00","938.97K","+5.90%"
"05/15/2008","135.70","131.25","136.45","129.10","685.50K","+4.63%"
"05/14/2008","129.70","126.00","131.80","125.30","206.82K","+1.97%"
"05/13/2008","127.20","132.45","134.50","125.95","419.95K","-2.45%"
"05/12/2008","130.40","122.00","132.00","115.55","373.10K","+5.37%"
"05/09/2008","123.75","130.00","133.00","122.05","127.94K","-5.46%"
"05/08/2008","130.90","131.10","131.95","128.25","131.70K","-1.65%"
"05/07/2008","133.10","136.10","138.35","132.05","243.27K","-1.99%"
"05/06/2008","135.80","136.00","140.80","131.30","361.46K","+0.30%"
"05/05/2008","135.40","134.10","139.50","132.60","422.70K","+1.96%"
"05/02/2008","132.80","135.60","138.80","132.05","154.01K","-0.04%"
"04/30/2008","132.85","130.55","134.70","130.00","262.73K","-0.15%"
"04/29/2008","133.05","136.00","137.00","130.95","202.41K","-1.33%"
"04/28/2008","134.85","134.25","139.85","131.25","818.84K","+1.09%"
"04/25/2008","133.40","125.00","136.70","124.10","632.08K","+8.50%"
"04/24/2008","122.95","134.00","134.00","119.65","417.30K","-4.73%"
"04/23/2008","129.05","133.25","134.00","128.00","154.54K","-2.71%"
"04/22/2008","132.65","131.00","134.70","126.35","389.63K","+0.53%"
"04/21/2008","131.95","127.45","133.80","125.00","1.11M","+5.18%"
"04/17/2008","125.45","119.00","128.90","116.65","1.08M","+8.15%"
"04/16/2008","116.00","112.75","117.40","110.55","408.35K","+4.55%"
"04/15/2008","110.95","109.90","112.95","106.10","508.10K","+0.54%"
"04/11/2008","110.35","109.90","112.40","107.50","208.10K","+2.18%"
"04/10/2008","108.00","108.10","112.80","106.10","437.50K","+0.00%"
"04/09/2008","108.00","114.00","118.85","107.10","721.74K","-2.53%"
"04/08/2008","110.80","104.30","113.00","104.30","224.91K","+4.97%"
"04/07/2008","105.55","100.00","106.95","100.00","129.42K","+4.61%"
"04/04/2008","100.90","106.70","106.70","100.05","37.54K","-2.93%"
"04/03/2008","103.95","107.00","107.50","103.00","131.42K","-1.05%"
"04/02/2008","105.05","110.90","110.95","105.00","57.02K","-0.52%"
"04/01/2008","105.60","107.50","107.50","101.50","39.05K","+0.62%"
"03/31/2008","104.95","105.25","110.55","103.40","109.64K","-2.19%"
"03/28/2008","107.30","103.10","108.80","101.15","142.27K","+5.35%"
"03/27/2008","101.85","100.00","103.25","99.80","322.91K","+0.74%"
"03/26/2008","101.10","103.95","104.00","99.80","135.51K","-0.05%"
"03/25/2008","101.15","98.00","103.70","95.05","420.01K","+7.78%"
"03/24/2008","93.85","99.00","100.00","91.00","173.71K","-5.39%"
"03/19/2008","99.20","110.00","110.90","97.30","125.78K","-4.43%"
"03/18/2008","103.80","107.25","110.00","102.10","128.55K","-3.93%"
"03/17/2008","108.05","115.00","115.00","105.10","129.42K","-10.00%"
"03/14/2008","120.05","112.25","122.50","112.25","203.58K","+1.52%"
"03/13/2008","118.25","129.80","129.80","117.00","114.54K","-10.92%"
"03/12/2008","132.75","141.80","144.00","129.00","284.09K","-2.89%"
"03/11/2008","136.70","125.50","138.70","125.20","324.20K","+8.15%"
"03/10/2008","126.40","125.50","129.90","118.10","182.83K","-3.95%"
"03/07/2008","131.60","126.00","132.95","120.10","196.50K","-2.55%"
"03/05/2008","135.05","135.00","138.85","131.50","127.21K","+0.33%"
"03/04/2008","134.60","143.00","144.40","131.05","146.27K","-5.81%"
"03/03/2008","142.90","148.00","149.30","139.55","255.94K","-6.08%"
"02/29/2008","152.15","160.00","167.40","146.00","1.22M","-6.28%"
"02/28/2008","162.35","160.00","164.70","156.60","678.53K","+1.37%"
"02/27/2008","160.15","162.00","167.90","160.00","319.42K","+0.25%"
"02/26/2008","159.75","157.00","163.00","153.35","277.36K","+4.55%"
"02/25/2008","152.80","149.80","155.90","143.00","201.65K","+4.84%"
"02/22/2008","145.75","146.00","149.80","142.05","137.49K","-0.48%"
"02/21/2008","146.45","148.75","152.15","142.30","255.80K","+0.34%"
"02/20/2008","145.95","149.45","152.85","144.10","147.99K","-2.34%"
"02/19/2008","149.45","161.00","162.90","147.30","365.79K","-4.11%"
"02/18/2008","155.85","152.90","158.20","149.45","352.11K","+3.97%"
"02/15/2008","149.90","148.75","155.00","136.10","338.79K","+0.77%"
"02/14/2008","148.75","140.00","154.80","138.10","367.82K","+11.26%"
"02/13/2008","133.70","140.30","142.00","128.20","108.36K","-1.84%"
"02/12/2008","136.20","148.00","148.00","133.00","117.28K","-6.71%"
"02/11/2008","146.00","148.00","159.70","140.55","175.08K","-5.62%"
"02/08/2008","154.70","163.85","163.85","149.00","182.62K","-4.39%"
"02/07/2008","161.80","176.00","181.75","160.05","542.70K","-7.49%"
"02/06/2008","174.90","164.90","183.80","163.05","930.24K","+1.36%"
"02/05/2008","172.55","160.10","175.40","160.10","177.14K","+4.42%"
"02/04/2008","165.25","161.50","168.30","158.50","144.47K","+5.25%"
"02/01/2008","157.00","159.90","160.00","155.05","48.94K","-1.78%"
"01/31/2008","159.85","162.00","168.00","145.25","528.66K","-0.68%"
"01/30/2008","160.95","157.00","163.00","155.00","342.46K","+3.14%"
"01/29/2008","156.05","155.00","168.80","131.10","381.73K","+5.37%"
"01/28/2008","148.10","130.00","154.85","130.00","45.16K","-2.31%"
"01/25/2008","151.60","145.00","153.70","135.00","172.95K","+8.63%"
"01/24/2008","139.55","161.50","166.00","135.20","145.73K","-13.19%"
"01/23/2008","160.75","171.00","171.00","135.00","425.89K","+6.46%"
"01/22/2008","151.00","121.05","189.00","120.00","326.11K","-0.98%"
"01/21/2008","152.50","168.90","168.90","140.50","409.99K","-9.90%"
"01/18/2008","169.25","182.00","183.30","166.00","71.35K","-8.86%"
"01/17/2008","185.70","185.00","188.90","182.15","89.67K","+0.41%"
"01/16/2008","184.95","180.00","191.00","175.00","235.07K","+0.76%"
"01/15/2008","183.55","182.20","193.00","180.50","254.88K","-3.14%"
"01/14/2008","189.50","174.20","192.00","170.00","343.68K","+7.92%"
"01/11/2008","175.60","176.00","179.00","168.50","150.87K","-1.73%"
"01/10/2008","178.70","182.60","184.70","175.25","150.66K","-1.35%"
"01/09/2008","181.15","178.10","184.50","172.60","165.53K","-0.44%"
"01/08/2008","181.95","191.00","193.00","177.20","116.02K","-3.27%"
"01/07/2008","188.10","188.00","199.90","186.00","349.54K","-1.42%"
"01/04/2008","190.80","195.00","196.75","189.00","304.25K","-0.55%"
"01/03/2008","191.85","195.00","201.00","185.15","796.94K","-0.03%"
"01/02/2008","191.90","192.50","202.05","185.00","715.45K","+1.62%"
"01/01/2008","188.85","183.35","190.80","182.00","378.81K","+3.51%"
"12/31/2007","182.45","186.80","187.95","178.50","238.67K","-1.16%"
"12/28/2007","184.60","186.80","188.75","183.00","276.12K","-0.81%"
"12/27/2007","186.10","194.70","195.40","185.00","754.25K","-3.35%"
"12/26/2007","192.55","188.90","198.00","182.20","1.87M","+6.76%"
"12/24/2007","180.35","168.00","182.90","168.00","1.23M","+11.16%"
"12/20/2007","162.25","155.00","166.80","153.10","1.07M","+5.46%"
"12/19/2007","153.85","162.00","162.95","150.00","85.93K","-1.66%"
"12/18/2007","156.45","155.80","160.00","152.50","78.50K","-1.51%"
"12/17/2007","158.85","168.00","168.10","156.00","412.70K","-5.47%"
"12/14/2007","168.05","158.00","171.20","157.50","1.44M","+6.73%"
"12/13/2007","157.45","164.95","165.00","156.30","147.18K","-2.20%"
"12/12/2007","161.00","159.80","165.95","158.00","340.74K","+0.56%"
"12/11/2007","160.10","162.00","163.00","155.05","197.13K","+0.53%"
"12/10/2007","159.25","155.80","161.90","154.00","329.44K","+2.35%"
"12/07/2007","155.60","157.00","161.95","152.40","341.04K","-1.02%"
"12/06/2007","157.20","154.90","161.85","153.10","759.79K","+2.95%"
"12/05/2007","152.70","155.85","157.90","150.50","310.42K","+0.30%"
"12/04/2007","152.25","154.45","156.95","149.10","603.26K","+0.63%"
"12/03/2007","151.30","144.80","155.00","141.00","714.49K","+7.92%"
"11/30/2007","140.20","139.90","143.00","138.40","303.99K","+3.20%"
"11/29/2007","135.85","143.00","145.00","134.50","239.27K","-3.03%"
"11/28/2007","140.10","145.00","149.00","136.00","369.51K","-1.93%"
"11/27/2007","142.85","140.00","151.00","140.00","510.92K","+0.53%"
"11/26/2007","142.10","141.00","147.80","138.55","289.27K","+2.64%"
"11/23/2007","138.45","136.50","144.00","131.10","229.78K","+1.17%"
"11/22/2007","136.85","125.10","150.00","125.10","215.45K","-4.97%"
"11/21/2007","144.00","160.00","167.00","141.05","474.00K","-12.33%"
"11/20/2007","164.25","160.00","173.30","157.00","1.56M","+1.96%"
"11/19/2007","161.10","165.00","169.40","156.10","569.87K","+0.69%"
"11/16/2007","160.00","140.05","164.10","140.00","1.45M","+10.23%"
"11/15/2007","145.15","141.45","149.00","140.00","636.18K","+4.61%"
"11/14/2007","138.75","134.00","141.75","134.00","605.17K","+5.39%"
"11/13/2007","131.65","125.00","135.60","124.00","292.22K","+6.30%"
"11/12/2007","123.85","110.00","125.85","110.00","42.79K","-1.82%"
"11/09/2007","126.15","120.00","129.00","95.00","19.87K","+0.60%"
"11/08/2007","125.40","123.20","127.00","116.65","57.13K","-1.99%"
"11/07/2007","127.95","130.00","132.90","125.00","91.51K","-1.08%"
"11/06/2007","129.35","129.05","134.70","127.25","266.89K","+2.25%"
"11/05/2007","126.50","126.00","135.30","125.00","327.74K","-0.39%"
"11/02/2007","127.00","125.30","128.20","120.00","168.64K","+1.36%"
"11/01/2007","125.30","138.75","138.75","122.00","411.41K","-7.53%"
"10/31/2007","135.50","138.00","141.90","133.10","415.81K","+0.41%"
"10/30/2007","134.95","129.00","140.55","127.00","608.41K","+6.47%"
"10/29/2007","126.75","127.75","132.90","126.05","307.98K","+0.20%"
"10/26/2007","126.50","127.20","127.90","122.00","222.13K","+0.68%"
"10/25/2007","125.65","126.80","128.10","122.00","671.80K","-0.32%"
"10/24/2007","126.05","125.50","130.00","121.50","140.92K","+1.69%"
"10/23/2007","123.95","115.90","124.50","114.00","636.78K","+10.77%"
"10/22/2007","111.90","102.85","115.25","102.00","194.49K","+8.80%"
"10/19/2007","102.85","109.50","114.60","98.20","108.92K","-6.71%"
"10/18/2007","110.25","119.00","124.50","107.50","286.79K","-4.59%"
"10/17/2007","115.55","113.00","118.80","92.55","192.33K","-6.17%"
"10/16/2007","123.15","126.00","128.00","118.00","155.05K","-1.87%"
"10/15/2007","125.50","121.00","127.95","120.00","285.28K","+3.76%"
"10/12/2007","120.95","125.00","128.00","120.30","324.44K","-4.80%"
"10/11/2007","127.05","123.10","129.50","120.60","369.55K","+3.29%"
"10/10/2007","123.00","124.90","127.95","121.50","129.68K","+0.41%"
"10/09/2007","122.50","117.70","125.50","113.00","209.04K","+3.51%"
"10/08/2007","118.35","129.00","129.65","113.10","913.53K","-8.11%"
"10/05/2007","128.80","130.90","135.75","124.50","782.07K","-1.49%"
"10/04/2007","130.75","120.10","131.95","120.05","587.89K","+4.60%"
"10/03/2007","125.00","128.35","131.50","112.50","691.09K","-1.30%"
"10/01/2007","126.65","130.00","131.50","126.10","206.47K","-1.36%"
"09/28/2007","128.40","124.00","131.40","120.10","1.09M","+4.99%"
"09/27/2007","122.30","123.80","150.25","116.90","933.78K","+1.75%"
"09/26/2007","120.20","122.00","126.35","119.00","765.04K","-0.58%"
"09/25/2007","120.90","114.20","122.50","114.20","931.36K","+3.82%"
"09/24/2007","116.45","116.75","118.60","112.10","637.44K","+0.47%"
"09/21/2007","115.90","113.00","118.90","111.05","726.21K","+2.70%"
"09/20/2007","112.85","110.05","116.45","108.00","592.76K","+1.03%"
"09/19/2007","111.70","113.40","114.00","110.60","182.47K","+0.68%"
"09/18/2007","110.95","107.20","112.70","107.20","471.00K","+3.40%"
"09/17/2007","107.30","110.00","110.00","106.50","161.75K","+0.19%"
"09/14/2007","107.10","113.60","114.75","106.00","439.96K","-4.42%"
"09/13/2007","112.05","115.50","116.80","111.00","1.28M","-1.93%"
"09/12/2007","114.25","107.80","115.85","106.90","1.05M","+6.03%"
"09/11/2007","107.75","110.10","111.10","106.40","249.91K","-1.87%"
"09/10/2007","109.80","104.90","110.65","102.50","514.84K","+2.38%"
"09/07/2007","107.25","108.90","110.70","102.00","936.98K","-1.15%"
"09/06/2007","108.50","105.00","110.90","105.00","960.07K","+3.04%"
"09/05/2007","105.30","101.05","109.40","100.75","2.30M","+4.93%"
"09/04/2007","100.35","99.45","103.15","97.25","1.14M","+1.41%"
"09/03/2007","98.95","99.60","102.00","98.20","580.85K","-0.45%"
"08/31/2007","99.40","93.50","100.45","92.80","927.85K","+6.82%"
"08/30/2007","93.05","94.40","96.00","92.50","307.22K","-0.96%"
"08/29/2007","93.95","92.25","96.35","90.05","496.42K","+0.27%"
"08/28/2007","93.70","95.00","95.90","92.75","432.84K","-1.00%"
"08/27/2007","94.65","93.75","96.70","92.50","409.32K","+3.10%"
"08/24/2007","91.80","90.90","93.80","88.35","264.66K","+0.77%"
"08/23/2007","91.10","98.00","100.30","89.05","1.16M","-5.89%"
"08/22/2007","96.80","93.25","97.95","86.35","1.82M","+5.79%"
"08/21/2007","91.50","107.45","112.00","90.65","1.83M","-13.39%"
"08/20/2007","105.65","94.80","107.85","90.05","2.27M","+18.84%"
"08/17/2007","88.90","89.40","91.90","82.55","326.29K","-0.17%"
"08/16/2007","89.05","90.20","94.90","87.90","435.62K","-5.97%"
"08/14/2007","94.70","94.40","96.45","93.05","249.47K","-3.52%"
"08/13/2007","98.15","98.80","100.40","97.10","220.96K","+1.66%"
"08/10/2007","96.55","94.55","98.00","92.90","292.74K","-3.01%"
"08/09/2007","99.55","103.05","105.50","99.00","76.96K","-2.97%"
"08/08/2007","102.60","101.45","104.70","100.25","156.30K","+3.06%"
"08/07/2007","99.55","102.00","102.00","98.65","69.39K","+0.30%"
"08/06/2007","99.25","100.50","100.50","96.00","208.66K","-1.78%"
"08/03/2007","101.05","101.80","103.90","100.05","177.85K","+2.17%"
"08/02/2007","98.90","98.00","103.00","96.70","242.81K","+0.92%"
"08/01/2007","98.00","104.15","104.80","97.05","153.67K","-7.89%"
"07/31/2007","106.40","109.50","109.50","103.50","145.67K","+0.05%"
"07/30/2007","106.35","104.50","107.40","101.00","511.30K","+3.40%"
"07/27/2007","102.85","108.80","109.25","101.10","718.32K","-6.37%"
"07/26/2007","109.85","103.70","112.00","102.00","1.13M","+7.01%"
"07/25/2007","102.65","99.90","104.30","97.50","292.31K","+2.39%"
"07/24/2007","100.25","100.00","104.90","97.25","318.24K","+0.25%"
"07/23/2007","100.00","105.00","105.00","98.85","130.84K","-1.62%"
"07/20/2007","101.65","105.05","106.80","100.70","268.58K","-3.79%"
"07/19/2007","105.65","105.60","108.30","102.75","774.40K","+0.43%"
"07/18/2007","105.20","108.25","108.25","102.20","929.39K","-1.96%"
"07/17/2007","107.30","100.25","109.30","100.00","1.53M","+7.73%"
"07/16/2007","99.60","96.45","103.40","95.05","1.26M","+4.51%"
"07/13/2007","95.30","96.10","97.60","92.50","929.25K","+0.42%"
"07/12/2007","94.90","89.00","95.40","88.50","1.75M","+6.27%"
"07/11/2007","89.30","82.05","89.95","81.65","882.76K","+8.11%"
"07/10/2007","82.60","83.00","85.05","81.00","470.12K","-0.30%"
"07/09/2007","82.85","82.50","84.00","80.25","160.87K","+1.84%"
"07/06/2007","81.35","84.00","84.00","80.25","180.81K","+2.01%"
"07/05/2007","79.75","77.10","81.60","77.10","91.91K","-1.05%"
"07/04/2007","80.60","83.00","83.00","79.50","86.74K","-1.59%"
"07/03/2007","81.90","82.00","84.00","81.40","133.20K","+0.00%"
"07/02/2007","81.90","82.80","84.60","81.50","305.51K","-1.09%"
"06/29/2007","82.80","75.00","83.35","75.00","336.07K","+7.53%"
"06/28/2007","77.00","77.60","77.80","76.55","167.18K","-0.13%"
"06/27/2007","77.10","76.85","77.80","76.35","77.92K","+0.33%"
"06/26/2007","76.85","76.50","77.45","76.15","48.66K","+0.33%"
"06/25/2007","76.60","76.25","78.00","75.25","76.50K","+0.86%"
"06/22/2007","75.95","71.05","77.75","71.05","66.70K","+1.20%"
"06/21/2007","75.05","76.00","76.50","74.00","32.57K","-0.40%"
"06/20/2007","75.35","76.45","77.00","74.60","65.96K","-0.66%"
"06/19/2007","75.85","72.80","76.90","72.80","42.03K","+1.74%"
"06/18/2007","74.55","77.00","77.95","74.10","63.83K","-1.39%"
"06/15/2007","75.60","77.95","77.95","75.15","87.81K","-1.18%"
"06/14/2007","76.50","76.50","77.95","76.10","71.55K","+0.26%"
"06/13/2007","76.30","71.00","78.40","71.00","168.92K","+3.81%"
"06/12/2007","73.50","74.25","75.00","72.10","53.69K","-1.87%"
"06/11/2007","74.90","78.50","78.85","74.55","55.93K","-1.77%"
"06/08/2007","76.25","76.05","77.70","75.50","57.93K","-1.23%"
"06/07/2007","77.20","78.25","79.50","76.25","79.29K","-2.03%"
"06/06/2007","78.80","82.50","83.90","78.20","127.86K","-4.08%"
"06/05/2007","82.15","82.00","83.85","81.00","121.35K","+0.24%"
"06/04/2007","81.95","84.00","86.80","81.10","332.82K","+0.12%"
"06/01/2007","81.85","76.95","84.20","76.95","386.45K","+6.51%"
"05/31/2007","76.85","78.50","78.85","76.10","176.46K","-0.19%"
"05/30/2007","77.00","78.00","79.60","75.10","431.16K","+1.78%"
"05/29/2007","75.65","76.00","76.95","75.25","125.20K","+0.13%"
"05/28/2007","75.55","76.05","77.00","74.20","83.65K","+2.03%"
"05/25/2007","74.05","73.10","74.90","72.40","88.02K","+0.95%"
"05/24/2007","73.35","73.75","74.90","73.00","89.77K","-1.68%"
"05/23/2007","74.60","77.80","77.80","73.55","151.70K","-3.80%"
"05/22/2007","77.55","70.50","79.40","70.50","414.10K","+4.80%"
"05/21/2007","74.00","75.45","75.45","71.10","76.50K","+0.34%"
"05/18/2007","73.75","74.70","75.45","73.50","67.36K","-1.54%"
"05/17/2007","74.90","76.95","76.95","74.00","131.64K","-0.86%"
"05/16/2007","75.55","77.95","77.95","75.20","165.18K","-1.63%"
"05/15/2007","76.80","74.80","79.45","74.80","492.06K","+4.21%"
"05/14/2007","73.70","73.25","74.45","71.80","151.83K","+3.44%"
"05/11/2007","71.25","70.60","72.80","69.45","68.06K","-0.07%"
"05/10/2007","71.30","73.20","73.40","70.55","114.62K","-1.31%"
"05/09/2007","72.25","72.00","74.00","70.05","91.35K","+1.19%"
"05/08/2007","71.40","72.50","74.00","70.40","120.30K","-2.19%"
"05/07/2007","73.00","73.00","75.25","71.50","309.27K","+2.38%"
"05/04/2007","71.30","71.90","72.55","69.75","87.76K","+1.28%"
"05/03/2007","70.40","71.95","71.95","69.50","96.10K","+1.81%"
"04/30/2007","69.15","67.50","69.55","67.50","33.70K","+1.24%"
"04/27/2007","68.30","67.10","71.00","67.10","166.08K","-1.73%"
"04/26/2007","69.50","69.00","70.00","67.50","192.34K","+1.68%"
"04/25/2007","68.35","65.05","69.10","65.05","342.37K","+4.43%"
"04/24/2007","65.45","65.30","65.90","64.80","59.35K","+0.00%"
"04/23/2007","65.45","66.65","66.65","65.20","90.34K","-0.38%"
"04/20/2007","65.70","63.70","66.90","63.70","272.17K","+3.22%"
"04/19/2007","63.65","64.00","64.90","62.65","90.88K","-0.78%"
"04/18/2007","64.15","64.60","65.60","63.50","75.26K","+0.39%"
"04/17/2007","63.90","65.50","66.35","63.60","169.04K","-1.31%"
"04/16/2007","64.75","62.50","65.30","62.00","123.38K","+4.94%"
"04/13/2007","61.70","62.00","62.25","60.85","61.39K","+0.16%"
"04/12/2007","61.60","61.40","63.00","61.40","26.01K","-0.56%"
"04/11/2007","61.95","62.00","63.30","61.60","52.97K","+0.24%"
"04/10/2007","61.80","61.40","62.65","60.50","63.75K","+2.23%"
"04/09/2007","60.45","60.55","62.50","59.55","267.23K","-0.17%"
"04/05/2007","60.55","59.80","61.35","59.00","65.86K","+1.09%"
"04/04/2007","59.90","62.25","62.25","59.25","44.31K","-0.75%"
"04/03/2007","60.35","59.90","60.95","59.10","49.72K","+1.51%"
"04/02/2007","59.45","60.45","61.95","59.00","59.52K","-5.56%"
"03/30/2007","62.95","64.00","64.65","62.65","119.01K","-1.02%"
"03/29/2007","63.60","63.50","65.20","62.80","770.44K","-0.31%"
"03/28/2007","63.80","63.50","64.15","62.15","98.62K","+0.31%"
"03/26/2007","63.60","63.05","63.90","62.75","45.40K","+0.87%"
"03/23/2007","63.05","63.60","64.20","62.55","44.55K","-0.86%"
"03/22/2007","63.60","64.50","64.50","62.75","66.11K","+1.44%"
"03/21/2007","62.70","63.00","64.00","60.55","55.92K","+2.53%"
"03/20/2007","61.15","60.10","61.90","60.10","44.84K","+1.83%"
"03/19/2007","60.05","59.75","60.45","58.50","41.39K","+0.50%"
"03/16/2007","59.75","61.00","61.90","58.65","50.60K","-2.13%"
"03/15/2007","61.05","61.50","64.45","60.55","36.97K","-0.49%"
"03/14/2007","61.35","62.80","62.90","61.00","32.83K","-3.92%"
"03/13/2007","63.85","63.00","64.10","63.00","25.57K","-0.55%"
"03/12/2007","64.20","62.50","64.60","62.50","33.19K","+2.72%"
"03/09/2007","62.50","63.00","65.80","61.75","74.52K","-1.57%"
"03/08/2007","63.50","62.50","64.00","60.00","34.48K","+3.17%"
"03/07/2007","61.55","66.00","66.00","59.60","125.94K","-5.31%"
"03/06/2007","65.00","65.00","66.00","63.00","176.38K","+2.36%"
"03/05/2007","63.50","68.40","68.40","62.40","195.76K","-7.30%"
"03/02/2007","68.50","70.00","71.15","67.90","154.51K","-2.21%"
"03/01/2007","70.05","74.00","74.50","68.10","79.03K","-1.55%"
"02/28/2007","71.15","71.00","77.40","70.30","273.73K","-6.32%"
"02/27/2007","75.95","84.80","84.80","74.00","86.89K","+1.61%"
"02/26/2007","74.75","71.10","75.70","71.10","104.40K","-0.07%"
"02/23/2007","74.80","75.00","76.40","74.65","488.57K","-0.20%"
"02/22/2007","74.95","73.75","76.00","73.55","391.45K","+1.56%"
"02/21/2007","73.80","72.00","75.60","72.00","41.61K","+0.89%"
"02/20/2007","73.15","75.00","76.00","73.00","56.33K","-2.86%"
"02/19/2007","75.30","75.00","77.45","74.55","156.19K","+1.41%"
"02/15/2007","74.25","72.40","74.90","72.00","52.03K","+3.85%"
"02/14/2007","71.50","69.00","72.90","69.00","87.70K","+1.20%"
"02/13/2007","70.65","80.00","80.00","69.10","52.52K","-2.01%"
"02/12/2007","72.10","72.00","74.90","72.00","41.89K","-4.69%"
"02/09/2007","75.65","81.00","81.00","75.20","79.50K","-3.75%"
"02/08/2007","78.60","81.00","81.00","77.25","101.43K","-1.81%"
"02/07/2007","80.05","81.00","82.20","79.50","105.18K","-1.05%"
"02/06/2007","80.90","80.10","82.40","78.60","208.22K","+1.13%"
"02/05/2007","80.00","79.10","81.00","79.00","237.32K","+1.27%"
"02/02/2007","79.00","81.40","83.00","78.25","523.29K","-0.19%"
"02/01/2007","79.15","77.25","80.85","76.00","206.02K","+2.46%"
"01/31/2007","77.25","81.70","82.90","76.00","168.24K","-2.46%"
"01/29/2007","79.20","74.00","79.50","74.00","211.25K","+6.59%"
"01/25/2007","74.30","73.50","74.85","73.00","107.69K","+1.09%"
"01/24/2007","73.50","75.00","75.00","73.25","50.58K","+0.34%"
"01/23/2007","73.25","72.20","75.35","70.90","47.41K","-1.81%"
"01/22/2007","74.60","77.00","77.00","72.90","248.20K","-5.27%"
"01/19/2007","78.75","79.50","80.50","76.25","184.08K","+0.06%"
"01/18/2007","78.70","80.50","81.80","78.05","216.19K","-2.05%"
"01/17/2007","80.35","80.70","80.85","73.00","317.99K","+1.64%"
"01/16/2007","79.05","80.90","80.90","77.90","282.66K","+0.57%"
"01/15/2007","78.60","78.80","79.70","78.00","211.96K","+1.22%"
"01/12/2007","77.65","77.70","79.00","76.60","201.20K","+2.31%"
"01/11/2007","75.90","73.70","76.45","72.50","69.06K","+4.12%"
"01/10/2007","72.90","74.80","75.50","72.50","66.14K","-2.80%"
"01/09/2007","75.00","75.80","76.90","74.10","76.29K","-0.92%"
"01/08/2007","75.70","75.20","77.25","74.50","147.21K","-0.53%"
"01/05/2007","76.10","78.00","86.90","75.10","285.24K","-1.55%"
"01/04/2007","77.30","72.70","79.00","72.70","812.37K","+6.33%"
"01/03/2007","72.70","72.20","73.80","71.60","95.73K","+0.76%"
"01/02/2007","72.15","71.65","73.00","71.00","82.65K","+0.70%"
"12/29/2006","71.65","69.60","72.00","69.60","91.06K","+1.63%"
"12/28/2006","70.50","71.20","72.00","70.10","304.74K","-0.84%"
"12/27/2006","71.10","68.50","71.80","68.50","152.31K","+2.52%"
"12/26/2006","69.35","70.60","70.60","68.65","69.34K","-0.57%"
"12/22/2006","69.75","67.95","70.35","66.65","170.04K","+4.26%"
"12/21/2006","66.90","67.80","67.80","66.30","51.92K","+0.07%"
"12/20/2006","66.85","69.40","70.00","65.90","589.33K","-3.12%"
"12/19/2006","69.00","71.00","71.50","67.00","226.61K","-2.47%"
"12/18/2006","70.75","76.85","76.85","65.00","378.85K","+2.91%"
"12/15/2006","68.75","67.10","69.70","67.05","268.53K","+3.46%"
"12/14/2006","66.45","64.60","68.00","64.60","105.18K","+2.86%"
"12/13/2006","64.60","63.00","65.75","61.00","178.61K","+2.54%"
"12/12/2006","63.00","67.00","69.00","61.30","198.60K","-7.22%"
"12/11/2006","67.90","72.00","72.50","66.70","127.97K","-4.84%"
"12/08/2006","71.35","74.85","75.50","70.80","98.93K","-4.68%"
"12/07/2006","74.85","74.00","75.80","72.55","314.44K","+1.22%"
"12/06/2006","73.95","75.40","76.10","72.00","185.60K","-1.92%"
"12/05/2006","75.40","73.65","77.00","73.65","415.06K","+2.94%"
"12/04/2006","73.25","69.00","73.75","69.00","362.89K","+4.12%"
"12/01/2006","70.35","69.00","71.75","69.00","83.28K","+0.86%"
"11/30/2006","69.75","71.50","72.25","69.15","1.21M","-2.31%"
"11/29/2006","71.40","70.95","72.30","70.95","326.86K","+0.63%"
"11/28/2006","70.95","70.20","72.15","67.20","202.50K","-0.07%"
"11/27/2006","71.00","70.60","71.95","69.50","300.65K","+1.36%"
"11/24/2006","70.05","69.40","71.00","68.30","292.85K","+1.23%"
"11/23/2006","69.20","67.50","70.95","67.10","250.62K","+2.67%"
"11/22/2006","67.40","68.30","69.40","67.10","74.05K","-1.32%"
"11/21/2006","68.30","68.00","69.00","67.20","70.95K","+1.79%"
"11/20/2006","67.10","69.00","69.00","65.00","250.33K","-3.45%"
"11/17/2006","69.50","71.50","71.65","68.80","274.58K","-2.46%"
"11/16/2006","71.25","73.65","73.65","71.00","93.42K","-2.46%"
"11/15/2006","73.05","74.40","74.80","72.50","314.12K","+0.83%"
"11/14/2006","72.45","73.50","73.90","70.40","301.45K","-0.28%"
"11/13/2006","72.65","72.00","73.90","72.00","109.46K","+0.90%"
"11/10/2006","72.00","72.00","73.50","70.25","104.86K","+0.28%"
"11/09/2006","71.80","72.45","74.20","71.25","98.64K","-0.07%"
"11/08/2006","71.85","74.75","74.75","70.00","234.71K","-1.71%"
"11/07/2006","73.10","70.90","74.75","70.90","463.59K","+3.10%"
"11/06/2006","70.90","71.00","71.25","69.05","157.96K","+0.64%"
"11/03/2006","70.45","72.50","72.50","68.20","322.82K","-2.83%"
"11/02/2006","72.50","75.00","75.00","72.00","102.07K","-0.96%"
"11/01/2006","73.20","72.20","75.25","72.20","107.69K","+0.07%"
"10/31/2006","73.15","75.00","75.70","72.50","143.60K","-2.47%"
"10/30/2006","75.00","74.70","76.90","74.70","78.23K","-1.25%"
"10/27/2006","75.95","75.50","77.00","75.15","153.65K","+1.33%"
"10/26/2006","74.95","75.70","76.20","73.15","613.08K","-0.99%"
"10/23/2006","75.70","73.30","77.75","66.10","249.16K","+2.02%"
"10/20/2006","74.20","76.45","77.00","73.55","124.63K","-2.94%"
"10/19/2006","76.45","78.50","79.40","76.00","112.84K","-2.36%"
"10/18/2006","78.30","76.35","79.40","76.35","162.55K","+0.19%"
"10/17/2006","78.15","80.40","80.40","77.50","82.46K","-2.19%"
"10/16/2006","79.90","78.00","81.20","78.00","169.12K","+0.76%"
"10/13/2006","79.30","80.80","81.75","62.00","155.68K","-1.18%"
"10/12/2006","80.25","79.00","80.80","77.00","250.34K","+1.97%"
"10/11/2006","78.70","82.50","83.60","78.20","241.58K","-3.38%"
"10/10/2006","81.45","83.50","85.50","81.00","309.04K","-1.09%"
"10/09/2006","82.35","82.00","83.90","80.30","555.66K","+0.18%"
"10/06/2006","82.20","76.00","82.85","76.00","1.11M","+8.23%"
"10/05/2006","75.95","67.65","76.95","67.65","136.94K","+2.22%"
"10/04/2006","74.30","76.20","76.80","74.00","147.42K","-2.37%"
"10/03/2006","76.10","76.25","78.00","75.60","154.82K","-0.20%"
"09/29/2006","76.25","75.00","77.50","75.00","281.98K","+2.35%"
"09/28/2006","74.50","74.50","75.35","73.20","419.43K","+0.61%"
"09/27/2006","74.05","74.85","75.65","72.00","419.63K","-0.40%"
"09/26/2006","74.35","74.85","75.25","73.65","121.48K","-0.13%"
"09/25/2006","74.45","75.50","76.00","74.00","90.01K","-1.13%"
"09/22/2006","75.30","74.10","77.40","74.00","289.76K","-0.07%"
"09/21/2006","75.35","74.90","79.00","73.50","457.62K","+0.60%"
"09/20/2006","74.90","73.00","75.50","72.05","240.35K","+1.35%"
"09/19/2006","73.90","76.80","79.60","72.25","641.54K","-3.08%"
"09/18/2006","76.25","73.00","77.85","73.00","471.93K","+3.46%"
"09/15/2006","73.70","75.00","75.00","70.00","230.65K","-1.60%"
"09/14/2006","74.90","76.35","76.90","74.30","156.01K","-0.47%"
"09/13/2006","75.25","74.95","76.80","73.85","492.04K","+2.38%"
"09/12/2006","73.50","70.95","74.25","69.00","481.83K","+3.89%"
"09/11/2006","70.75","81.00","81.00","69.55","732.89K","-10.95%"
"09/08/2006","79.45","72.10","80.45","72.10","1.51M","+9.13%"
"09/07/2006","72.80","66.25","74.45","66.25","225.94K","-2.28%"
"09/06/2006","74.50","74.95","75.10","73.60","248.82K","+1.15%"
"09/05/2006","73.65","73.00","75.40","72.65","374.81K","+0.14%"
"09/04/2006","73.55","72.40","74.25","71.25","556.72K","+3.45%"
"09/01/2006","71.10","68.10","71.90","67.75","473.86K","+5.10%"
"08/31/2006","67.65","68.50","68.85","66.50","578.88K","-0.66%"
"08/30/2006","68.10","70.00","70.00","67.70","180.01K","-1.30%"
"08/29/2006","69.00","70.90","70.90","68.75","303.31K","-0.07%"
"08/28/2006","69.05","71.00","71.30","68.70","133.85K","+0.58%"
"08/25/2006","68.65","73.00","73.00","68.25","332.68K","-1.79%"
"08/24/2006","69.90","65.35","70.40","65.10","427.57K","+2.12%"
"08/23/2006","68.45","69.90","71.30","68.10","448.41K","-1.23%"
"08/22/2006","69.30","72.00","73.00","68.55","739.53K","-2.46%"
"08/21/2006","71.05","64.60","71.80","64.30","1.41M","+10.07%"
"08/18/2006","64.55","65.00","65.70","64.00","195.32K","-1.15%"
"08/17/2006","65.30","68.80","69.00","65.00","251.14K","-3.04%"
"08/16/2006","67.35","69.90","69.95","66.80","499.31K","-6.26%"
"08/14/2006","71.85","70.50","72.60","70.50","754.14K","+2.86%"
"08/11/2006","69.85","68.00","70.65","67.55","773.18K","+3.56%"
"08/10/2006","67.45","66.30","68.05","66.00","378.11K","+1.73%"
"08/09/2006","66.30","65.85","67.10","65.00","299.89K","+1.45%"
"08/08/2006","65.35","66.60","67.20","64.90","376.31K","+0.08%"
"08/07/2006","65.30","63.45","67.25","62.45","990.90K","+3.90%"
"08/04/2006","62.85","65.80","65.80","61.80","192.31K","-2.78%"
"08/03/2006","64.65","65.80","67.50","63.65","283.95K","-0.69%"
"08/02/2006","65.10","65.05","66.00","64.10","507.08K","+0.77%"
"08/01/2006","64.60","62.50","65.00","61.55","487.56K","+4.79%"
"07/31/2006","61.65","63.65","63.65","61.10","131.27K","-0.24%"
"07/28/2006","61.80","60.05","63.60","59.00","300.67K","+3.60%"
"07/27/2006","59.65","60.00","61.40","57.50","688.01K","+0.34%"
"07/26/2006","59.45","58.00","61.90","56.15","566.46K","+2.85%"
"07/25/2006","57.80","55.00","58.80","54.15","247.55K","+8.04%"
"07/24/2006","53.50","52.75","54.40","51.20","296.52K","-0.83%"
"07/21/2006","53.95","56.50","56.55","53.55","217.99K","-5.02%"
"07/20/2006","56.80","59.95","60.80","56.55","514.11K","+1.16%"
"07/19/2006","56.15","59.95","59.95","55.30","203.37K","-3.69%"
"07/18/2006","58.30","61.00","62.00","57.55","240.00K","-2.43%"
"07/17/2006","59.75","64.75","64.75","59.65","251.79K","-7.86%"
"07/14/2006","64.85","64.00","65.90","62.80","126.33K","+0.00%"
"07/13/2006","64.85","67.90","67.90","64.55","174.73K","-3.43%"
"07/12/2006","67.15","63.20","68.50","62.00","199.38K","+4.35%"
"07/11/2006","64.35","65.50","66.25","63.75","80.66K","-1.00%"
"07/10/2006","65.00","65.10","67.00","63.75","193.71K","-0.46%"
"07/07/2006","65.30","71.90","72.50","64.60","436.14K","-7.57%"
"07/06/2006","70.65","67.00","71.80","66.00","466.59K","+3.97%"
"07/05/2006","67.95","68.50","68.90","65.60","162.10K","+0.74%"
"07/04/2006","67.45","68.80","70.00","67.00","297.09K","+0.07%"
"07/03/2006","67.40","67.75","68.70","66.00","167.46K","+1.66%"
"06/30/2006","66.30","65.00","67.50","64.80","354.88K","+7.02%"
"06/29/2006","61.95","63.20","64.30","61.10","523.95K","-0.32%"
"06/28/2006","62.15","61.30","63.80","60.00","178.49K","-1.58%"
"06/27/2006","63.15","64.40","65.80","61.25","372.87K","-0.86%"
"06/26/2006","63.70","65.50","70.40","62.25","1.15M","-0.62%"
"06/23/2006","64.10","61.75","64.95","61.60","167.56K","+0.23%"
"06/22/2006","63.95","68.00","69.80","63.55","306.06K","+0.79%"
"06/21/2006","63.45","62.15","64.50","61.55","256.67K","+2.34%"
"06/20/2006","62.00","61.00","62.80","60.00","198.13K","-1.74%"
"06/19/2006","63.10","60.00","63.80","58.55","244.76K","+5.70%"
"06/16/2006","59.70","60.00","62.60","58.10","505.42K","+5.57%"
"06/15/2006","56.55","51.50","57.35","51.50","311.06K","+14.01%"
"06/14/2006","49.60","52.50","55.50","48.50","258.02K","-2.75%"
"06/13/2006","51.00","56.00","56.00","50.20","415.37K","-10.21%"
"06/12/2006","56.80","64.00","64.70","55.75","474.68K","-8.83%"
"06/09/2006","62.30","55.00","62.90","55.00","384.88K","+11.75%"
"06/08/2006","55.75","64.00","64.50","54.10","543.07K","-15.91%"
"06/07/2006","66.30","72.20","75.50","60.20","447.56K","-11.36%"
"06/06/2006","74.80","73.00","77.40","72.00","292.95K","-1.06%"
"06/05/2006","75.60","80.80","82.00","75.10","305.92K","-4.91%"
"06/02/2006","79.50","78.00","80.70","70.65","414.92K","+1.21%"
"06/01/2006","78.55","85.00","88.00","76.20","291.12K","-6.38%"
"05/31/2006","83.90","87.95","87.95","80.15","415.86K","-5.68%"
"05/30/2006","88.95","88.50","94.35","86.25","1.13M","+0.28%"
"05/29/2006","88.70","94.80","94.80","87.40","355.52K","-2.53%"
"05/26/2006","91.00","88.70","92.00","86.10","759.73K","+5.14%"
"05/25/2006","86.55","79.00","89.00","75.00","1.18M","+9.77%"
"05/24/2006","78.85","82.00","83.80","77.20","601.51K","+0.19%"
"05/23/2006","78.70","78.00","81.00","66.00","587.66K","+8.18%"
"05/22/2006","72.75","85.00","85.00","58.10","1.02M","-8.20%"
"05/19/2006","79.25","93.45","97.00","77.80","1.19M","-7.96%"
"05/18/2006","86.10","104.10","104.10","84.35","642.38K","-17.17%"
"05/17/2006","103.95","99.00","105.00","97.55","547.82K","+7.61%"
"05/16/2006","96.60","95.10","101.00","87.45","809.62K","-2.57%"
"05/15/2006","99.15","109.10","112.80","96.60","1.24M","-8.58%"
"05/12/2006","108.45","109.00","113.40","106.50","974.97K","-1.54%"
"05/11/2006","110.15","110.00","114.95","108.50","801.59K","-1.12%"
"05/10/2006","111.40","109.40","114.50","109.40","1.32M","+2.25%"
"05/09/2006","108.95","110.00","113.00","105.40","1.87M","-0.55%"
"05/08/2006","109.55","100.00","110.50","97.80","2.20M","+10.82%"
"05/05/2006","98.85","97.00","100.40","97.00","256.87K","+0.66%"
"05/04/2006","98.20","101.00","103.80","96.50","485.45K","-3.30%"
"05/03/2006","101.55","101.80","104.40","98.85","932.22K","+1.30%"
"05/02/2006","100.25","95.90","102.25","95.05","869.08K","+5.92%"
"04/28/2006","94.65","88.10","95.80","66.25","388.96K","+6.23%"
"04/27/2006","89.10","94.90","96.00","88.10","771.62K","-4.25%"
"04/26/2006","93.05","90.90","94.50","89.00","401.36K","+3.05%"
"04/25/2006","90.30","96.90","97.85","89.00","479.00K","-6.18%"
"04/24/2006","96.25","96.00","97.50","93.75","720.50K","+1.00%"
"04/21/2006","95.30","96.10","98.30","92.30","510.02K","-0.78%"
"04/20/2006","96.05","96.00","99.70","94.90","955.63K","+1.00%"
"04/19/2006","95.10","99.70","100.40","93.30","646.11K","-3.45%"
"04/18/2006","98.50","90.90","99.40","89.55","1.07M","+10.43%"
"04/17/2006","89.20","88.50","89.90","87.40","131.73K","+2.06%"
"04/13/2006","87.40","90.00","90.50","85.30","126.55K","-3.37%"
"04/12/2006","90.45","93.90","95.85","89.25","272.71K","-3.31%"
"04/10/2006","93.55","92.50","94.90","90.10","357.01K","+2.80%"
"04/07/2006","91.00","95.70","96.60","88.00","613.62K","-2.62%"
"04/05/2006","93.45","87.25","95.00","87.25","433.50K","+1.63%"
"04/04/2006","91.95","90.50","93.50","89.90","943.26K","+2.34%"
"04/03/2006","89.85","86.45","90.70","85.60","585.57K","+5.27%"
"03/31/2006","85.35","86.15","87.50","84.10","242.84K","+0.29%"
"03/30/2006","85.10","82.00","86.25","81.25","426.13K","+4.29%"
"03/29/2006","81.60","82.50","82.50","80.55","375.30K","-2.04%"
"03/28/2006","83.30","85.00","86.50","82.20","334.74K","-2.12%"
"03/27/2006","85.10","86.90","86.95","85.00","185.73K","+0.12%"
"03/24/2006","85.00","85.00","86.20","84.50","639.20K","+0.06%"
"03/23/2006","84.95","89.50","89.50","84.05","459.44K","-2.19%"
"03/22/2006","86.85","88.20","89.90","85.25","274.99K","-2.36%"
"03/21/2006","88.95","89.50","90.95","88.15","365.19K","-0.06%"
"03/20/2006","89.00","89.10","91.00","88.25","428.73K","-0.22%"
"03/17/2006","89.20","91.00","92.65","88.50","309.41K","-1.33%"
"03/16/2006","90.40","89.55","93.75","89.55","297.05K","-0.44%"
"03/14/2006","90.80","92.00","94.00","90.20","286.28K","-1.68%"
"03/13/2006","92.35","96.50","97.90","92.00","920.62K","-2.12%"
"03/10/2006","94.35","88.00","96.60","88.00","1.06M","+7.52%"
"03/09/2006","87.75","88.50","88.50","85.50","567.12K","-0.85%"
"03/08/2006","88.50","91.50","93.50","88.00","404.56K","-2.69%"
"03/07/2006","90.95","91.00","93.40","90.15","274.48K","+0.17%"
"03/06/2006","90.80","90.80","92.25","90.10","286.03K","+0.67%"
"03/03/2006","90.20","93.00","93.40","89.60","434.99K","-0.72%"
"03/02/2006","90.85","94.10","106.80","90.00","618.61K","-3.91%"
"03/01/2006","94.55","97.00","97.80","93.75","837.63K","-2.98%"
"02/28/2006","97.45","105.40","105.80","95.05","1.31M","-6.92%"
"02/27/2006","104.70","106.85","107.80","104.10","1.25M","-0.71%"
"02/24/2006","105.45","102.80","106.45","101.90","2.80M","+5.08%"
"02/23/2006","100.35","100.95","102.80","98.50","1.75M","+1.52%"
"02/22/2006","98.85","98.10","100.95","97.60","389.07K","+0.15%"
"02/21/2006","98.70","95.50","99.90","95.50","787.97K","+2.23%"
"02/20/2006","96.55","97.55","98.30","94.50","356.86K","-0.21%"
"02/17/2006","96.75","100.45","102.90","96.05","681.17K","-3.64%"
"02/16/2006","100.40","99.30","102.60","97.00","784.26K","+2.87%"
"02/15/2006","97.60","103.25","103.25","95.15","921.54K","-2.45%"
"02/14/2006","100.05","105.35","105.50","99.05","742.41K","-4.44%"
"02/13/2006","104.70","103.00","107.45","102.10","2.28M","+1.75%"
"02/10/2006","102.90","102.50","104.45","101.55","1.40M","+0.15%"
"02/08/2006","102.75","103.50","105.40","101.00","4.16M","+0.98%"
"02/07/2006","101.75","96.75","103.45","95.30","3.81M","+7.62%"
"02/06/2006","94.55","90.55","96.75","90.25","1.37M","+4.48%"
"02/03/2006","90.50","87.00","92.50","87.00","972.68K","+4.26%"
"02/02/2006","86.80","87.00","89.75","85.25","442.71K","-1.48%"
"02/01/2006","88.10","91.90","93.90","87.20","590.97K","-3.40%"
"01/31/2006","91.20","87.10","94.40","87.10","592.35K","+0.11%"
"01/30/2006","91.10","94.20","94.95","89.00","634.94K","-2.57%"
"01/27/2006","93.50","91.20","94.50","91.20","1.03M","+3.60%"
"01/25/2006","90.25","93.10","94.00","89.25","1.43M","-2.75%"
"01/24/2006","92.80","89.90","94.00","89.25","1.14M","+4.04%"
"01/23/2006","89.20","91.35","91.80","88.60","567.99K","-2.35%"
"01/20/2006","91.35","92.40","93.00","88.00","747.34K","+0.05%"
"01/19/2006","91.30","85.00","92.30","85.00","885.43K","+4.64%"
"01/18/2006","87.25","88.30","88.80","83.60","769.57K","-1.19%"
"01/17/2006","88.30","93.00","94.65","87.50","999.83K","-4.90%"
"01/16/2006","92.85","96.10","97.80","92.25","902.42K","-2.62%"
"01/13/2006","95.35","96.80","98.60","94.50","2.59M","-0.94%"
"01/12/2006","96.25","95.25","97.65","91.55","1.69M","+0.84%"
"01/10/2006","95.45","97.00","99.50","95.05","3.23M","-0.93%"
"01/09/2006","96.35","94.00","98.75","93.80","3.58M","+3.32%"
"01/06/2006","93.25","95.00","96.80","91.60","2.07M","-0.90%"
"01/05/2006","94.10","94.00","97.20","90.85","4.19M","+0.16%"
"01/04/2006","93.95","95.50","98.20","92.65","3.09M","-1.31%"
"01/03/2006","95.20","98.00","99.95","92.30","13.08M","-0.21%"
"01/02/2006","95.40","79.00","96.40","79.00","13.50M","+23.82%"
"12/30/2005","77.05","77.45","79.20","76.50","1.60M","+0.98%"
"12/29/2005","76.30","71.70","76.95","71.00","1.70M","+8.07%"
"12/28/2005","70.60","71.95","71.95","70.15","287.92K","-1.12%"
"12/27/2005","71.40","70.05","71.70","69.50","349.56K","+1.93%"
"12/26/2005","70.05","70.10","70.80","69.60","648.62K","-1.06%"
"12/23/2005","70.80","70.80","71.75","70.40","437.36K","+0.00%"
"12/22/2005","70.80","71.70","72.50","69.50","449.64K","+0.50%"
"12/21/2005","70.45","71.70","73.00","70.20","389.54K","-1.12%"
"12/20/2005","71.25","73.50","73.50","71.00","249.28K","-2.40%"
"12/19/2005","73.00","72.25","74.75","72.25","325.03K","+1.53%"
"12/16/2005","71.90","71.00","72.40","69.60","207.39K","+2.35%"
"12/15/2005","70.25","72.50","73.00","69.50","432.92K","-2.57%"
"12/14/2005","72.10","73.15","73.85","71.10","278.02K","-1.03%"
"12/13/2005","72.85","72.10","74.90","72.05","601.10K","+1.11%"
"12/12/2005","72.05","74.10","74.40","71.60","535.92K","-2.37%"
"12/09/2005","73.80","72.15","74.25","71.05","718.15K","+2.86%"
"12/08/2005","71.75","70.10","72.05","69.35","421.17K","+2.94%"
"12/07/2005","69.70","70.90","71.20","69.50","369.73K","-0.71%"
"12/06/2005","70.20","71.50","73.35","69.00","699.97K","-2.57%"
"12/05/2005","72.05","72.10","72.90","69.05","1.35M","+3.89%"
"12/02/2005","69.35","68.00","70.00","66.20","1.54M","+5.16%"
"12/01/2005","65.95","65.90","66.65","64.55","418.88K","+0.84%"
"11/30/2005","65.40","66.10","68.50","65.00","404.04K","-0.15%"
"11/29/2005","65.50","67.05","67.05","61.65","287.03K","-2.46%"
"11/28/2005","67.15","66.00","69.50","66.00","456.52K","+4.11%"
"11/25/2005","64.50","67.00","67.00","63.00","339.99K","+2.87%"
"11/24/2005","62.70","61.75","65.00","61.75","469.94K","+1.21%"
"11/23/2005","61.95","61.50","62.70","61.30","146.15K","+1.14%"
"11/22/2005","61.25","63.50","63.90","60.85","691.76K","-4.15%"
"11/21/2005","63.90","66.05","66.40","63.60","159.59K","-3.11%"
"11/18/2005","65.95","66.95","68.65","65.50","563.40K","-0.83%"
"11/17/2005","66.50","65.10","67.50","64.00","401.70K","+2.07%"
"11/16/2005","65.15","65.10","66.00","64.60","148.80K","+0.46%"
"11/14/2005","64.85","65.50","66.25","64.15","190.74K","+0.15%"
"11/11/2005","64.75","63.90","65.40","63.00","345.38K","+2.45%"
"11/10/2005","63.20","62.20","63.90","61.55","298.91K","+2.51%"
"11/09/2005","61.65","63.00","63.95","60.80","182.58K","-1.52%"
"11/08/2005","62.60","62.90","63.70","61.90","166.10K","+0.72%"
"11/07/2005","62.15","60.75","68.00","59.00","240.88K","+3.24%"
"11/02/2005","60.20","60.00","60.75","58.00","129.27K","+0.25%"
"11/01/2005","60.05","60.50","61.00","59.40","77.61K","+0.33%"
"10/31/2005","59.85","56.70","60.60","55.10","705.67K","+7.74%"
"10/28/2005","55.55","57.40","58.70","55.10","311.64K","-2.29%"
"10/27/2005","56.85","60.25","60.25","56.00","1.24M","-4.53%"
"10/26/2005","59.55","60.00","61.00","59.00","377.78K","+0.17%"
"10/25/2005","59.45","60.00","61.30","59.00","333.14K","-0.42%"
"10/24/2005","59.70","61.00","61.45","59.25","211.15K","-1.57%"
"10/21/2005","60.65","58.40","61.00","55.10","305.63K","+5.39%"
"10/20/2005","57.55","63.00","64.45","55.50","560.78K","-7.18%"
"10/19/2005","62.00","65.00","65.00","61.75","540.80K","-4.25%"
"10/18/2005","64.75","64.50","67.20","63.10","207.70K","-0.31%"
"10/17/2005","64.95","67.20","67.20","63.85","240.66K","-1.96%"
"10/14/2005","66.25","69.60","69.60","65.60","255.75K","-4.74%"
"10/13/2005","69.55","66.90","71.20","66.90","418.43K","+1.09%"
"10/11/2005","68.80","69.50","70.25","66.80","274.78K","-1.36%"
"10/10/2005","69.75","72.40","72.95","69.15","220.05K","-2.58%"
"10/07/2005","71.60","72.25","75.10","70.35","919.26K","-0.90%"
"10/06/2005","72.25","70.80","73.80","66.20","1.23M","+1.55%"
"10/05/2005","71.15","71.25","72.35","69.10","519.68K","+0.07%"
"10/04/2005","71.10","71.10","71.90","70.35","291.88K","+0.35%"
"10/03/2005","70.85","69.60","71.75","68.10","650.37K","+3.13%"
"09/30/2005","68.70","68.90","69.50","65.20","660.48K","+0.88%"
"09/29/2005","68.10","68.00","71.00","67.00","1.23M","-0.15%"
"09/28/2005","68.20","68.10","68.70","67.10","590.77K","+1.79%"
"09/27/2005","67.00","66.80","68.95","63.10","2.35M","+4.93%"
"09/26/2005","63.85","62.20","64.45","60.80","683.29K","+5.45%"
"09/23/2005","60.55","61.90","64.70","58.10","890.47K","-2.65%"
"09/22/2005","62.20","68.25","69.80","61.25","627.09K","-11.02%"
"09/21/2005","69.90","73.60","74.40","66.00","627.97K","-4.96%"
"09/20/2005","73.55","75.70","75.75","72.50","767.63K","-2.13%"
"09/19/2005","75.15","77.00","77.80","74.30","1.99M","+0.47%"
"09/16/2005","74.80","71.60","75.85","69.55","1.64M","+5.58%"
"09/15/2005","70.85","69.70","71.50","69.15","401.70K","+2.90%"
"09/14/2005","68.85","70.50","71.80","67.60","602.65K","-2.06%"
"09/13/2005","70.30","71.70","72.25","69.55","984.42K","-0.28%"
"09/12/2005","70.50","69.00","71.20","68.80","614.93K","+2.62%"
"09/09/2005","68.70","68.50","69.50","68.00","201.36K","-0.43%"
"09/08/2005","69.00","69.50","71.00","68.60","544.36K","-0.50%"
"09/06/2005","69.35","70.30","70.40","68.55","371.71K","+0.07%"
"09/05/2005","69.30","69.90","71.85","69.00","686.64K","+0.58%"
"09/02/2005","68.90","70.00","70.75","68.50","960.09K","-1.22%"
"09/01/2005","69.75","72.25","72.45","69.20","537.63K","-1.97%"
"08/31/2005","71.15","70.00","72.10","69.00","714.71K","+2.52%"
"08/30/2005","69.40","69.50","71.70","69.00","735.40K","+0.87%"
"08/29/2005","68.80","66.75","70.00","64.00","548.37K","+3.15%"
"08/26/2005","66.70","63.50","67.40","63.50","651.16K","+5.87%"
"08/25/2005","63.00","64.85","65.00","62.45","1.11M","-1.87%"
"08/24/2005","64.20","63.95","65.80","62.05","810.22K","-1.00%"
"08/23/2005","64.85","68.35","68.55","64.60","929.26K","-3.71%"
"08/22/2005","67.35","67.90","70.45","66.25","671.99K","+0.15%"
"08/19/2005","67.25","69.90","70.00","66.80","794.78K","-2.54%"
"08/18/2005","69.00","71.00","72.25","68.40","744.14K","-2.75%"
"08/17/2005","70.95","70.50","72.95","70.00","675.98K","+0.42%"
"08/16/2005","70.65","68.75","71.50","68.75","447.66K","+2.24%"
"08/12/2005","69.10","70.00","71.30","68.65","250.78K","-2.06%"
"08/11/2005","70.55","72.35","72.40","70.05","331.35K","-1.05%"
"08/10/2005","71.30","67.50","72.70","67.00","729.23K","+7.22%"
"08/09/2005","66.50","67.70","69.00","65.10","533.53K","-0.67%"
"08/08/2005","66.95","72.90","72.90","66.35","1.22M","-6.82%"
"08/05/2005","71.85","72.50","73.80","71.10","437.38K","-0.28%"
"08/04/2005","72.05","72.95","73.35","71.50","412.69K","+0.00%"
"08/03/2005","72.05","75.50","76.00","71.00","1.40M","-2.64%"
"08/02/2005","74.00","71.95","74.85","71.20","1.06M","+4.08%"
"08/01/2005","71.10","72.20","73.50","69.10","1.14M","-0.84%"
"07/29/2005","71.70","72.00","74.50","71.10","1.44M","-6.09%"
"07/27/2005","76.35","77.00","77.00","75.00","287.71K","-0.26%"
"07/26/2005","76.55","76.20","78.50","73.40","1.36M","+0.72%"
"07/25/2005","76.00","78.90","78.90","75.15","785.73K","-1.62%"
"07/22/2005","77.25","74.00","78.25","73.65","1.79M","+5.46%"
"07/21/2005","73.25","72.70","76.40","71.20","1.52M","+1.95%"
"07/20/2005","71.85","72.40","73.70","71.60","512.05K","+0.42%"
"07/19/2005","71.55","73.50","73.90","71.00","565.20K","-2.25%"
"07/18/2005","73.20","73.30","73.95","71.60","1.32M","+1.81%"
"07/15/2005","71.90","69.75","72.50","68.50","1.62M","+4.20%"
"07/14/2005","69.00","74.00","74.95","68.05","2.67M","-4.89%"
"07/13/2005","72.55","67.25","73.60","66.75","4.79M","+9.67%"
"07/12/2005","66.15","64.00","67.35","62.10","2.21M","+4.67%"
"07/11/2005","63.20","61.40","63.60","60.75","1.03M","+4.81%"
"07/08/2005","60.30","60.00","61.90","59.50","375.89K","-0.08%"
"07/07/2005","60.35","61.50","63.50","59.90","541.16K","-1.71%"
"07/06/2005","61.40","61.25","62.75","60.40","502.59K","+0.24%"
"07/05/2005","61.25","64.00","64.65","60.80","692.63K","-3.69%"
"07/04/2005","63.60","61.50","64.00","60.00","784.05K","+3.92%"
"07/01/2005","61.20","59.30","61.65","58.50","432.40K","+3.55%"
"06/30/2005","59.10","62.50","62.50","58.10","1.25M","-4.60%"
"06/29/2005","61.95","61.25","62.50","60.00","734.03K","+0.16%"
"06/28/2005","61.85","66.90","66.90","61.45","961.20K","-6.99%"
"06/27/2005","66.50","60.75","70.00","60.75","4.17M","+11.30%"
"06/24/2005","59.75","60.50","62.40","59.10","995.44K","-1.08%"
"06/23/2005","60.40","59.50","60.90","58.00","563.17K","+2.63%"
"06/22/2005","58.85","62.00","62.80","58.10","1.06M","-3.84%"
"06/21/2005","61.20","58.95","61.70","57.50","977.94K","+3.99%"
"06/20/2005","58.85","59.00","60.90","58.05","971.39K","+1.64%"
"06/17/2005","57.90","61.15","61.85","56.00","959.54K","-5.00%"
"06/16/2005","60.95","65.10","65.50","60.55","1.10M","-6.45%"
"06/15/2005","65.15","63.35","65.75","63.25","1.37M","+2.84%"
"06/14/2005","63.35","66.30","66.30","62.35","938.49K","-3.06%"
"06/13/2005","65.35","67.10","68.70","65.00","2.54M","-0.31%"
"06/10/2005","65.55","68.00","68.95","63.50","2.42M","-2.89%"
"06/09/2005","67.50","62.80","68.40","62.80","4.34M","+7.74%"
"06/08/2005","62.65","62.40","64.15","61.50","1.43M","+2.37%"
"06/07/2005","61.20","60.80","61.70","59.30","1.04M","+2.26%"
"06/06/2005","59.85","61.45","62.25","59.50","1.40M","+4.18%"
"06/03/2005","57.45","55.50","59.25","54.65","1.69M","+4.45%"
"06/02/2005","55.00","56.75","57.80","54.20","715.82K","-1.61%"
"06/01/2005","55.90","54.65","56.30","54.60","908.61K","+3.42%"
"05/31/2005","54.05","54.40","54.90","53.30","322.64K","+0.46%"
"05/30/2005","53.80","52.85","55.80","52.00","730.60K","+1.80%"
"05/27/2005","52.85","56.20","56.40","52.15","609.18K","-5.12%"
"05/26/2005","55.70","57.90","58.00","55.00","835.27K","-2.88%"
"05/25/2005","57.35","57.25","58.65","56.25","1.12M","+1.15%"
"05/24/2005","56.70","53.40","57.45","52.80","1.35M","+7.59%"
"05/23/2005","52.70","51.30","54.30","51.00","468.66K","-1.40%"
"05/20/2005","53.45","54.40","54.40","52.50","342.69K","-0.65%"
"05/19/2005","53.80","53.25","54.85","53.25","669.88K","+2.67%"
"05/18/2005","52.40","53.50","54.75","51.40","1.37M","-2.33%"
"05/17/2005","53.65","55.50","56.50","53.20","1.64M","-2.10%"
"05/16/2005","54.80","51.60","55.10","50.00","2.65M","+9.60%"
"05/13/2005","50.00","49.00","50.90","47.55","892.31K","+3.20%"
"05/12/2005","48.45","46.20","49.35","46.00","1.29M","+6.72%"
"05/11/2005","45.40","45.00","46.90","44.25","625.11K","+0.89%"
"05/10/2005","45.00","44.50","45.80","43.50","613.70K","+2.16%"
"05/09/2005","44.05","43.30","44.35","42.90","269.03K","+2.20%"
"05/06/2005","43.10","43.20","43.50","42.30","146.35K","+0.94%"
"05/05/2005","42.70","43.40","43.40","41.85","145.85K","+0.95%"
"05/04/2005","42.30","42.50","42.70","41.55","102.15K","+0.36%"
"05/03/2005","42.15","41.65","42.65","41.50","158.43K","+2.68%"
"05/02/2005","41.05","42.50","42.80","40.45","171.39K","-1.91%"
"04/29/2005","41.85","41.70","43.70","41.20","264.74K","+0.48%"
"04/28/2005","41.65","40.10","42.55","36.25","165.02K","-1.88%"
"04/27/2005","42.45","43.25","43.45","42.10","171.83K","-1.51%"
"04/26/2005","43.10","44.40","44.90","43.00","369.79K","-2.05%"
"04/25/2005","44.00","42.85","44.30","41.55","532.67K","+2.56%"
"04/22/2005","42.90","41.05","43.00","40.75","645.28K","+6.32%"
"04/21/2005","40.35","38.55","41.00","38.00","383.93K","+6.46%"
"04/20/2005","37.90","38.90","39.35","37.40","295.34K","-1.81%"
"04/19/2005","38.60","40.45","40.70","38.25","340.73K","-2.40%"
"04/18/2005","39.55","40.00","40.20","37.50","412.69K","-2.59%"
"04/15/2005","40.60","43.00","43.10","39.80","742.89K","-6.56%"
"04/13/2005","43.45","42.75","45.65","42.50","2.20M","+1.76%"
"04/12/2005","42.70","39.90","43.80","39.75","1.01M","+8.65%"
"04/11/2005","39.30","41.25","41.25","38.90","235.01K","-3.79%"
"04/08/2005","40.85","41.80","41.90","39.90","316.48K","-0.37%"
"04/07/2005","41.00","42.00","45.90","40.55","685.82K","-1.80%"
"04/06/2005","41.75","38.65","42.80","37.50","817.96K","+9.29%"
"04/05/2005","38.20","40.00","40.00","37.75","343.42K","-2.43%"
"04/04/2005","39.15","40.10","40.70","38.70","160.38K","-1.88%"
"04/01/2005","39.90","39.80","40.70","38.55","369.97K","+3.10%"
"03/31/2005","38.70","35.60","40.40","35.50","658.07K","+8.71%"
"03/30/2005","35.60","35.00","35.90","34.20","286.17K","+1.71%"
"03/29/2005","35.00","36.50","36.50","33.90","324.24K","-3.45%"
"03/28/2005","36.25","37.45","37.45","35.40","300.67K","-0.68%"
"03/24/2005","36.50","36.90","37.90","34.75","433.62K","+0.69%"
"03/23/2005","36.25","37.35","38.35","35.00","351.13K","-2.95%"
"03/22/2005","37.35","38.95","39.45","37.10","401.91K","-4.11%"
"03/21/2005","38.95","38.45","41.40","38.45","1.07M","+3.45%"
"03/18/2005","37.65","38.50","38.50","37.00","253.35K","-0.66%"
"03/17/2005","37.90","38.20","42.30","37.50","771.29K","-1.04%"
"03/16/2005","38.30","39.00","39.30","37.75","225.29K","+0.66%"
"03/15/2005","38.05","39.30","39.45","37.75","483.02K","-2.56%"
"03/14/2005","39.05","40.70","40.70","38.90","257.81K","-2.25%"
"03/11/2005","39.95","40.70","42.25","39.50","307.45K","-0.12%"
"03/10/2005","40.00","40.50","41.45","39.65","315.07K","+0.00%"
"03/09/2005","40.00","42.00","42.35","39.45","214.58K","-4.53%"
"03/08/2005","41.90","42.45","42.90","40.20","293.51K","-0.95%"
"03/07/2005","42.30","42.50","42.90","41.40","470.46K","+0.95%"
"03/04/2005","41.90","43.50","43.50","41.65","440.29K","+0.12%"
"03/03/2005","41.85","40.40","42.50","40.15","675.38K","+4.23%"
"03/02/2005","40.15","40.00","40.80","38.70","537.09K","+0.88%"
"03/01/2005","39.80","41.90","41.90","39.50","311.61K","-3.98%"
"02/28/2005","41.45","42.90","44.00","40.75","684.06K","-0.72%"
"02/25/2005","41.75","43.65","44.85","41.50","378.63K","-2.91%"
"02/24/2005","43.00","42.30","43.45","42.30","315.85K","+1.90%"
"02/23/2005","42.20","41.60","43.45","41.60","371.59K","+1.44%"
"02/22/2005","41.60","42.60","42.60","40.85","271.48K","-1.42%"
"02/21/2005","42.20","43.90","43.90","41.90","244.60K","-2.20%"
"02/18/2005","43.15","43.90","45.00","42.40","519.81K","-1.71%"
"02/17/2005","43.90","42.80","45.25","41.50","871.70K","+1.74%"
"02/16/2005","43.15","44.20","44.75","42.60","395.16K","-0.80%"
"02/15/2005","43.50","44.50","45.00","43.00","361.62K","-2.25%"
"02/14/2005","44.50","45.40","46.80","43.75","567.37K","-0.56%"
"02/11/2005","44.75","45.50","45.60","43.70","536.55K","+0.00%"
"02/10/2005","44.75","46.90","47.00","43.80","805.27K","-2.72%"
"02/09/2005","46.00","48.00","48.45","45.30","817.38K","-3.16%"
"02/08/2005","47.50","49.65","50.40","47.00","823.01K","-4.33%"
"02/07/2005","49.65","47.40","52.40","46.25","2.41M","+8.88%"
"02/04/2005","45.60","47.00","47.50","43.75","947.85K","-1.83%"
"02/03/2005","46.45","44.90","47.00","44.00","1.11M","+5.57%"
"02/02/2005","44.00","44.10","44.95","43.15","971.55K","+2.21%"
"02/01/2005","43.05","42.00","44.45","40.80","1.82M","+4.24%"
"01/31/2005","41.30","40.00","42.40","39.50","1.82M","+6.86%"
"01/28/2005","38.65","35.60","39.85","34.00","2.10M","+10.27%"
"01/27/2005","35.05","33.65","35.80","32.85","447.22K","+7.85%"
"01/25/2005","32.50","31.50","32.95","31.25","178.99K","+3.01%"
"01/24/2005","31.55","32.00","33.00","31.25","136.34K","+0.48%"
"01/20/2005","31.40","32.50","32.50","31.25","127.66K","-2.48%"
"01/19/2005","32.20","33.75","33.75","32.00","191.31K","-1.98%"
"01/18/2005","32.85","32.90","33.80","32.55","135.83K","+0.77%"
"01/17/2005","32.60","33.00","34.00","32.00","149.92K","-2.10%"
"01/14/2005","33.30","33.50","34.95","32.85","180.51K","-0.60%"
"01/13/2005","33.50","32.05","34.35","32.05","176.43K","+7.20%"
"01/12/2005","31.25","34.00","36.65","30.70","413.14K","-10.84%"
"01/11/2005","35.05","38.20","38.20","34.55","234.68K","-6.16%"
"01/10/2005","37.35","35.80","39.75","34.50","705.75K","+7.95%"
"01/07/2005","34.60","33.45","35.00","33.35","190.19K","+2.06%"
"01/06/2005","33.90","37.00","37.00","32.70","316.50K","-0.29%"
"01/05/2005","34.00","38.50","38.95","31.30","538.22K","-10.99%"
"01/04/2005","38.20","36.90","39.40","36.10","894.50K","+4.95%"
"01/03/2005","36.40","35.90","37.00","35.35","295.56K","+2.97%"
"12/31/2004","35.35","35.90","36.00","34.45","208.46K","+1.14%"
"12/30/2004","34.95","37.00","37.00","34.30","316.17K","-2.37%"
"12/29/2004","35.80","39.00","39.00","35.35","565.16K","-2.72%"
"12/28/2004","36.80","36.60","37.30","36.00","304.67K","+1.80%"
"12/27/2004","36.15","35.90","37.40","34.50","470.07K","+2.99%"
"12/24/2004","35.10","35.00","36.00","34.00","424.10K","+2.03%"
"12/23/2004","34.40","35.20","35.20","33.65","237.16K","+0.00%"
"12/22/2004","34.40","35.95","36.10","34.25","317.15K","-2.96%"
"12/21/2004","35.45","34.45","36.95","34.30","892.09K","+3.81%"
"12/20/2004","34.15","34.65","35.00","33.65","242.18K","+1.79%"
"12/17/2004","33.55","34.35","34.95","33.25","311.21K","-2.61%"
"12/16/2004","34.45","34.70","35.40","34.00","273.24K","-1.29%"
"12/15/2004","34.90","36.10","36.65","34.60","384.12K","-2.51%"
"12/14/2004","35.80","36.00","37.70","35.35","1.06M","+1.27%"
"12/13/2004","35.35","33.50","35.90","33.30","779.68K","+6.16%"
"12/10/2004","33.30","35.00","36.00","32.50","831.89K","+1.37%"
"12/09/2004","32.85","34.00","34.00","32.60","213.15K","-0.30%"
"12/08/2004","32.95","35.00","35.00","32.60","568.03K","-5.45%"
"12/07/2004","34.85","35.40","36.40","34.30","377.26K","+0.58%"
"12/06/2004","34.65","34.10","35.35","34.10","268.82K","+1.32%"
"12/03/2004","34.20","33.00","35.00","33.00","330.68K","+2.55%"
"12/02/2004","33.35","33.50","35.00","33.00","229.38K","+0.30%"
"12/01/2004","33.25","33.50","34.10","32.75","233.09K","+0.76%"
"11/30/2004","33.00","34.35","35.00","32.60","274.77K","-1.79%"
"11/29/2004","33.60","34.50","34.95","33.40","264.10K","-2.18%"
"11/25/2004","34.35","36.00","36.50","34.05","242.30K","-2.83%"
"11/24/2004","35.35","37.25","37.25","34.75","319.82K","-2.08%"
"11/23/2004","36.10","35.40","37.80","35.40","819.60K","+3.74%"
"11/22/2004","34.80","31.70","35.70","30.50","845.43K","+9.78%"
"11/19/2004","31.70","33.80","33.90","31.20","271.77K","-3.65%"
"11/18/2004","32.90","33.35","33.85","32.20","247.86K","+0.46%"
"11/17/2004","32.75","32.75","33.80","32.25","344.70K","+1.08%"
"11/16/2004","32.40","32.50","32.70","31.15","245.84K","+0.15%"
"11/12/2004","32.35","32.90","32.90","32.10","201.94K","+0.94%"
"11/11/2004","32.05","30.75","33.30","30.50","618.51K","+4.40%"
"11/10/2004","30.70","30.95","31.20","30.40","170.82K","+1.32%"
"11/09/2004","30.30","30.75","31.50","30.00","217.65K","-1.14%"
"11/08/2004","30.65","30.60","32.10","30.30","330.82K","+0.66%"
"11/05/2004","30.45","31.40","31.40","30.00","222.58K","-0.98%"
"11/04/2004","30.75","30.55","31.50","30.20","275.25K","+1.82%"
"11/03/2004","30.20","30.90","31.80","29.80","288.86K","+1.51%"
"11/02/2004","29.75","29.20","30.10","29.10","334.50K","+1.54%"
"11/01/2004","29.30","28.50","29.85","28.50","304.43K","+5.21%"
"10/29/2004","27.85","27.30","28.25","27.00","177.10K","+4.11%"
"10/28/2004","26.75","27.30","28.10","26.40","188.53K","+0.38%"
"10/27/2004","26.65","25.50","26.95","25.15","176.79K","+6.60%"
"10/26/2004","25.00","25.15","25.80","24.60","129.01K","-2.15%"
"10/25/2004","25.55","26.75","26.75","24.50","151.71K","-3.95%"
"10/21/2004","26.60","27.10","27.45","26.25","106.31K","-1.12%"
"10/20/2004","26.90","27.60","27.60","26.70","91.66K","-0.37%"
"10/19/2004","27.00","28.15","28.15","26.65","113.41K","-2.00%"
"10/18/2004","27.55","28.75","28.95","27.20","114.91K","-2.30%"
"10/15/2004","28.20","28.75","28.95","28.00","170.86K","-1.74%"
"10/14/2004","28.70","28.40","29.30","27.00","208.69K","+1.41%"
"10/12/2004","28.30","30.45","30.45","28.00","206.71K","-4.07%"
"10/11/2004","29.50","31.60","32.20","29.00","415.32K","+0.17%"
"10/08/2004","29.45","29.75","29.90","28.75","220.50K","+0.86%"
"10/07/2004","29.20","28.40","29.70","28.30","221.37K","+3.91%"
"10/06/2004","28.10","29.95","30.75","27.75","520.42K","-3.93%"
"10/05/2004","29.25","28.35","29.90","28.00","438.97K","+4.65%"
"10/04/2004","27.95","28.10","29.00","27.75","267.25K","+2.57%"
"10/01/2004","27.25","26.75","27.90","26.60","232.95K","-0.18%"
"09/30/2004","27.30","27.90","28.70","27.10","215.46K","+0.00%"
"09/29/2004","27.30","28.50","28.65","27.05","207.08K","-1.97%"
"09/28/2004","27.85","28.15","30.50","27.65","512.52K","-2.28%"
"09/27/2004","28.50","30.10","30.75","28.20","763.86K","-1.89%"
"09/24/2004","29.05","26.00","32.20","24.85","2.35M","+19.55%"
"09/23/2004","24.30","24.10","25.35","24.00","122.60K","-1.22%"
"09/22/2004","24.60","24.90","25.50","24.40","138.09K","-1.01%"
"09/21/2004","24.85","25.50","25.70","24.55","153.22K","-2.17%"
"09/20/2004","25.40","24.90","26.00","24.65","377.38K","+3.89%"
"09/17/2004","24.45","24.25","25.00","24.00","294.67K","+3.82%"
"09/16/2004","23.55","23.35","23.75","20.55","111.35K","+2.39%"
"09/15/2004","23.00","23.35","23.35","22.55","134.26K","+0.66%"
"09/14/2004","22.85","24.00","24.00","22.75","157.65K","-4.39%"
"09/13/2004","23.90","24.30","24.45","23.60","155.08K","+1.27%"
"09/10/2004","23.60","23.95","24.65","23.25","246.38K","-1.46%"
"09/09/2004","23.95","23.95","24.95","23.30","332.50K","+2.13%"
"09/08/2004","23.45","24.05","24.05","23.00","130.59K","-0.21%"
"09/07/2004","23.50","24.80","24.80","23.25","178.54K","-2.89%"
"09/06/2004","24.20","24.10","25.25","23.90","440.70K","+1.68%"
"09/03/2004","23.80","23.30","24.30","22.60","275.03K","+1.93%"
"09/02/2004","23.35","23.70","24.80","23.10","380.99K","+0.00%"
"09/01/2004","23.35","22.90","24.50","22.55","304.14K","+2.64%"
"08/31/2004","22.75","22.90","23.00","21.80","193.76K","+0.89%"
"08/30/2004","22.55","23.25","23.25","20.80","539.93K","+9.73%"
"08/27/2004","20.55","21.30","22.10","20.30","256.17K","-2.84%"
"08/26/2004","21.15","21.00","21.45","20.00","200.57K","+7.09%"
"08/25/2004","19.75","19.00","20.90","19.00","66.41K","-0.25%"
"08/24/2004","19.80","19.75","20.25","19.60","72.65K","+0.25%"
"08/23/2004","19.75","20.90","20.90","19.40","120.40K","-3.66%"
"08/20/2004","20.50","21.75","21.80","19.90","231.51K","-3.98%"
"08/19/2004","21.35","19.90","21.70","19.05","746.72K","+14.17%"
"08/18/2004","18.70","18.00","20.45","17.00","277.04K","+4.76%"
"08/17/2004","17.85","17.75","18.50","17.50","37.52K","+3.18%"
"08/16/2004","17.30","16.55","17.80","16.50","81.59K","+0.00%"
"08/13/2004","17.30","16.55","17.80","16.50","81.59K","+3.28%"
"08/12/2004","16.75","18.00","18.25","16.55","144.27K","-5.63%"
"08/11/2004","17.75","19.00","19.75","17.50","106.13K","-6.33%"
"08/10/2004","18.95","19.75","19.75","18.80","145.43K","-1.04%"
"08/09/2004","19.15","19.85","19.85","18.85","67.29K","-1.79%"
"08/06/2004","19.50","20.00","20.40","19.25","93.98K","-2.01%"
"08/05/2004","19.90","20.25","20.45","19.50","138.76K","+0.51%"
"08/04/2004","19.80","19.95","20.65","19.40","134.16K","+0.25%"
"08/03/2004","19.75","19.70","21.10","19.30","183.21K","+2.86%"
"08/02/2004","19.20","20.25","22.00","19.05","129.49K","-2.29%"
"07/30/2004","19.65","20.05","20.60","19.50","210.33K","-14.19%"
"07/29/2004","22.90","22.50","23.65","21.95","279.90K","+4.81%"
"07/28/2004","21.85","22.60","23.00","21.65","106.39K","-3.96%"
"07/27/2004","22.75","22.80","23.50","22.30","157.66K","+2.02%"
"07/26/2004","22.30","22.10","23.00","18.70","232.67K","-3.67%"
"07/23/2004","23.15","23.60","23.60","22.40","184.69K","-1.28%"
"07/22/2004","23.45","24.05","24.05","23.00","200.19K","+1.08%"
"07/21/2004","23.20","23.70","23.70","23.00","171.82K","-0.64%"
"07/20/2004","23.35","23.75","23.75","22.50","187.76K","-0.21%"
"07/19/2004","23.40","22.90","23.75","22.35","398.41K","+5.41%"
"07/16/2004","22.20","24.50","24.50","21.75","500.32K","+0.23%"
"07/15/2004","22.15","20.40","22.50","20.15","296.10K","+8.85%"
"07/14/2004","20.35","20.00","21.75","19.80","360.42K","-3.33%"
"07/13/2004","21.05","20.50","21.45","19.40","305.22K","+3.95%"
"07/12/2004","20.25","20.40","20.50","18.90","250.58K","+3.85%"
"07/09/2004","19.50","16.60","20.30","16.05","273.74K","+9.24%"
"07/08/2004","17.85","22.00","22.75","17.05","1.04M","-13.35%"
"07/07/2004","20.60","20.95","22.00","20.05","316.87K","-1.44%"
"07/06/2004","20.90","20.25","21.20","20.10","144.10K","+0.00%"
"07/05/2004","20.90","21.10","22.25","20.50","355.53K","+1.21%"
"07/02/2004","20.65","18.35","21.00","17.20","532.30K","+13.15%"
"07/01/2004","18.25","17.60","18.50","17.55","150.60K","+4.29%"
"06/30/2004","17.50","18.50","18.75","17.35","164.67K","-0.28%"
"06/29/2004","17.55","17.80","19.20","17.30","251.60K","+1.45%"
"06/28/2004","17.30","18.10","18.10","16.60","112.60K","+4.85%"
"06/25/2004","16.50","15.45","16.75","15.00","131.15K","+6.11%"
"06/24/2004","15.55","17.50","17.50","14.80","115.71K","-2.81%"
"06/23/2004","16.00","17.15","17.40","15.55","114.30K","-17.95%"
"05/21/2004","19.50","19.00","20.90","18.00","251.65K","-2.99%"
"05/20/2004","20.10","29.20","29.20","17.90","378.58K","-10.67%"
"05/19/2004","22.50","23.00","24.70","20.75","185.09K","+12.50%"
"05/18/2004","20.00","16.00","20.75","16.00","273.12K","+30.72%"
"05/17/2004","15.30","20.00","20.00","11.30","295.00K","-28.67%"
"05/14/2004","21.45","28.00","28.95","20.50","353.81K","-22.70%"
"05/13/2004","27.75","25.00","30.00","21.90","395.66K","+4.52%"
"05/12/2004","26.55","27.00","28.20","25.50","320.97K","-0.75%"
"05/11/2004","26.75","29.10","29.10","26.10","400.95K","-12.15%"
"05/10/2004","30.45","32.00","32.00","30.00","285.32K","-5.87%"
"05/07/2004","32.35","32.80","35.35","30.25","627.62K","-1.22%"
"05/06/2004","32.75","29.20","34.00","29.20","609.69K","+15.72%"
"05/05/2004","28.30","28.00","29.00","27.55","173.80K","+3.47%"
"05/04/2004","27.35","27.00","27.50","25.00","159.46K","+9.62%"
"05/03/2004","24.95","26.95","26.95","24.20","132.63K","-6.38%"
"04/30/2004","26.65","27.60","29.50","26.15","154.02K","-1.30%"
"04/29/2004","27.00","27.25","29.30","25.10","244.48K","+1.12%"
"04/28/2004","26.70","27.50","28.00","24.50","220.91K","-1.11%"
"04/27/2004","27.00","26.10","28.90","20.70","325.75K","-6.90%"
"04/23/2004","29.00","28.65","30.80","28.65","261.28K","+1.75%"
"04/22/2004","28.50","29.65","30.95","28.10","211.78K","-1.55%"
"04/21/2004","28.95","25.90","29.95","24.60","353.96K","+11.35%"
"04/20/2004","26.00","26.90","26.90","24.60","138.63K","+2.77%"
"04/19/2004","25.30","30.00","30.45","24.90","402.85K","-8.17%"
"04/16/2004","27.55","24.25","28.20","24.25","363.05K","+14.32%"
"04/15/2004","24.10","15.00","24.90","15.00","210.81K","+4.78%"
"04/13/2004","23.00","24.00","24.00","21.90","147.12K","-2.95%"
"04/12/2004","23.70","12.00","24.15","12.00","193.09K","+8.72%"
"04/08/2004","21.80","17.10","23.10","17.10","83.84K","+1.63%"
"04/07/2004","21.45","22.10","22.50","20.85","65.19K","-2.28%"
"04/06/2004","21.95","24.00","24.00","21.50","114.39K","-8.73%"
"04/05/2004","24.05","23.00","24.80","23.00","131.96K","+5.71%"
"04/02/2004","22.75","23.45","23.50","20.75","150.12K","+1.11%"
"04/01/2004","22.50","22.85","23.35","21.50","122.94K","+5.88%"
"03/31/2004","21.25","19.80","21.50","19.80","142.92K","+7.87%"
"03/30/2004","19.70","18.80","22.00","18.10","165.50K","+10.06%"
"03/29/2004","17.90","17.50","18.50","17.05","192.48K","+9.48%"
"03/26/2004","16.35","15.10","18.00","15.10","309.62K","+11.99%"
"03/25/2004","14.60","16.00","16.90","13.75","169.08K","-7.01%"
"03/24/2004","15.70","15.25","16.20","14.00","123.18K","+4.67%"
"03/23/2004","15.00","16.00","16.00","13.50","227.16K","-3.85%"
"03/22/2004","15.60","18.40","18.40","15.25","128.26K","-12.85%"
"03/19/2004","17.90","19.70","19.80","17.70","84.34K","-6.77%"
"03/18/2004","19.20","20.70","20.80","19.15","46.88K","-4.48%"
"03/17/2004","20.10","18.00","21.20","18.00","47.33K","+4.42%"
"03/16/2004","19.25","20.55","21.35","18.85","195.83K","-12.50%"
"03/15/2004","22.00","23.00","23.65","21.55","66.83K","-4.97%"
"03/12/2004","23.15","23.00","23.40","22.00","78.87K","+2.66%"
"03/11/2004","22.55","23.10","24.00","22.50","91.05K","-2.17%"
"03/10/2004","23.05","24.10","24.25","23.00","69.34K","-4.16%"
"03/09/2004","24.05","25.00","25.00","23.80","112.53K","-3.22%"
"03/08/2004","24.85","26.50","28.00","24.50","217.37K","-4.05%"
"03/05/2004","25.90","24.00","27.20","23.00","180.70K","+8.14%"
"03/04/2004","23.95","25.20","25.90","23.20","363.42K","-8.41%"
"03/03/2004","26.15","24.40","26.55","23.25","317.79K","+9.41%"
"03/01/2004","23.90","21.00","24.30","20.50","216.06K","+15.18%"
"02/27/2004","20.75","21.75","21.75","20.00","124.51K","-1.66%"
"02/26/2004","21.10","22.50","23.25","20.60","98.71K","-3.65%"
"02/25/2004","21.90","22.20","22.60","21.50","109.85K","-3.52%"
"02/24/2004","22.70","23.85","24.00","22.00","192.13K","-6.58%"
"02/23/2004","24.30","26.00","26.50","23.75","97.79K","-6.00%"
"02/20/2004","25.85","28.00","28.00","24.25","85.58K","-0.39%"
"02/19/2004","25.95","27.20","27.90","25.50","87.53K","-4.95%"
"02/18/2004","27.30","28.00","29.00","27.10","75.97K","-3.87%"
"02/17/2004","28.40","29.45","29.50","28.00","48.10K","-2.41%"
"02/16/2004","29.10","28.70","30.50","28.60","121.81K","+2.65%"
"02/13/2004","28.35","26.80","28.75","26.70","156.71K","+2.35%"
"02/12/2004","27.70","28.55","29.25","27.00","81.45K","-0.72%"
"02/11/2004","27.90","28.80","29.50","27.50","53.58K","-1.59%"
"02/10/2004","28.35","27.35","29.10","27.35","98.00K","+3.28%"
"02/09/2004","27.45","27.10","27.95","26.80","70.32K","+4.17%"
"02/06/2004","26.35","28.00","28.25","23.55","307.48K","-6.06%"
"02/05/2004","28.05","29.00","30.20","24.00","136.70K","-2.94%"
"02/04/2004","28.90","27.30","29.80","26.50","122.61K","+5.67%"
"02/03/2004","27.35","33.90","33.90","25.00","186.45K","-17.00%"
"01/30/2004","32.95","32.90","33.50","32.60","211.48K","-0.75%"
"01/29/2004","33.20","32.50","33.70","30.20","180.44K","+5.06%"
"01/28/2004","31.60","32.80","33.90","31.00","147.67K","-3.95%"
"01/27/2004","32.90","32.60","33.60","32.60","159.55K","+2.02%"
"01/23/2004","32.25","31.20","32.50","29.20","226.45K","+9.14%"
"01/22/2004","29.55","33.20","35.00","28.00","325.11K","-10.86%"
"01/21/2004","33.15","37.05","37.05","32.25","377.47K","-5.82%"
"01/20/2004","35.20","37.10","38.35","34.50","116.82K","-4.74%"
"01/19/2004","36.95","38.90","38.90","34.50","196.76K","-2.38%"
"01/16/2004","37.85","40.50","41.00","37.10","185.46K","-5.61%"
"01/15/2004","40.10","41.00","43.90","39.50","380.64K","-0.50%"
"01/14/2004","40.30","41.50","42.50","39.10","234.17K","-0.74%"
"01/13/2004","40.60","40.65","41.40","37.10","336.93K","+3.44%"
"01/12/2004","39.25","41.90","42.25","39.00","248.09K","-5.54%"
"01/09/2004","41.55","45.85","45.85","40.85","473.23K","-5.35%"
"01/08/2004","43.90","41.80","45.50","40.30","710.71K","+7.20%"
"01/07/2004","40.95","40.55","41.75","31.60","458.66K","-1.80%"
"01/06/2004","41.70","44.35","44.35","41.15","348.18K","-4.03%"
"01/05/2004","43.45","48.00","48.00","42.50","437.67K","-5.75%"
"01/02/2004","46.10","41.25","47.35","41.25","1.33M","+13.97%"
"01/01/2004","40.45","39.25","41.80","39.25","502.82K","+2.66%"
"12/31/2003","39.40","43.00","43.00","38.80","512.04K","-7.84%"
"12/30/2003","42.75","47.30","47.30","31.25","249.17K","-7.67%"
"12/29/2003","46.30","48.50","48.70","46.00","319.02K","-3.14%"
"12/26/2003","47.80","48.25","49.45","47.10","293.00K","+0.53%"
"12/24/2003","47.55","47.40","48.00","46.05","286.43K","+1.82%"
"12/23/2003","46.70","50.10","51.50","46.00","649.00K","-4.21%"
"12/22/2003","48.75","44.50","49.70","44.10","988.93K","+8.82%"
"12/19/2003","44.80","41.00","47.50","40.45","1.38M","+11.58%"
"12/18/2003","40.15","37.35","41.65","37.10","586.37K","+10.15%"
"12/17/2003","36.45","37.70","37.85","36.20","119.34K","-0.55%"
"12/16/2003","36.65","37.50","38.40","36.10","127.17K","-4.31%"
"12/15/2003","38.30","38.40","40.00","37.50","212.86K","+1.46%"
"12/12/2003","37.75","38.50","39.95","37.50","261.55K","-1.05%"
"12/11/2003","38.15","40.90","41.40","37.00","546.31K","-3.30%"
"12/10/2003","39.45","35.80","40.50","35.80","1.17M","+12.39%"
"12/09/2003","35.10","31.75","35.70","30.65","906.50K","+13.59%"
"12/08/2003","30.90","34.00","34.00","30.50","120.67K","-2.22%"
"12/05/2003","31.60","34.00","34.35","31.00","376.39K","-2.47%"
"12/04/2003","32.40","30.70","34.40","29.80","467.16K","+8.54%"
"12/03/2003","29.85","30.75","31.55","29.10","213.02K","-2.93%"
"12/02/2003","30.75","31.50","32.80","30.05","187.69K","-1.76%"
"12/01/2003","31.30","31.75","32.60","30.50","248.27K","-0.95%"
"11/28/2003","31.60","33.50","33.50","31.00","273.19K","-2.77%"
"11/27/2003","32.50","31.50","34.10","30.45","577.98K","+6.56%"
"11/25/2003","30.50","30.80","31.85","30.05","242.03K","+1.33%"
"11/24/2003","30.10","27.50","30.90","27.05","301.94K","+10.66%"
"11/21/2003","27.20","27.00","27.90","24.50","215.38K","+0.37%"
"11/20/2003","27.10","29.50","30.45","26.50","212.85K","-7.98%"
"11/19/2003","29.45","32.70","32.70","29.10","221.13K","-7.68%"
"11/18/2003","31.90","30.20","32.50","30.20","249.24K","+5.45%"
"11/17/2003","30.25","30.50","31.50","29.15","243.47K","+4.49%"
"11/14/2003","28.95","31.50","32.50","28.50","333.52K","-9.25%"
"11/13/2003","31.90","37.05","37.05","31.15","515.49K","-2.45%"
"11/12/2003","32.70","33.00","34.50","32.10","512.36K","+0.00%"
"11/11/2003","32.70","31.85","34.20","29.25","1.15M","+5.14%"
"11/10/2003","31.10","28.00","31.80","27.00","627.18K","+13.30%"
"11/07/2003","27.45","25.25","28.40","25.25","868.20K","+11.36%"
"11/06/2003","24.65","21.90","26.50","21.00","473.03K","+19.37%"
"11/05/2003","20.65","21.25","21.60","20.00","116.10K","-2.36%"
"11/04/2003","21.15","21.30","23.75","21.00","105.30K","-3.86%"
"11/03/2003","22.00","22.65","23.90","21.50","152.93K","-2.87%"
"10/31/2003","22.65","22.45","23.20","21.90","109.94K","-0.88%"
"10/30/2003","22.85","22.00","23.60","21.10","155.35K","+4.34%"
"10/29/2003","21.90","21.95","22.25","21.00","82.99K","+4.29%"
"10/28/2003","21.00","23.25","24.00","20.10","152.56K","-9.68%"
"10/27/2003","23.25","21.75","23.90","21.60","286.19K","+8.14%"
"10/24/2003","21.50","19.65","21.95","19.30","225.49K","+13.76%"
"10/23/2003","18.90","19.55","21.65","18.65","328.97K","-0.53%"
"10/22/2003","19.00","20.20","20.60","18.50","135.13K","-0.78%"
"10/21/2003","19.15","22.00","22.00","19.00","151.02K","-8.37%"
"10/20/2003","20.90","21.85","23.50","20.50","201.33K","-4.13%"
"10/17/2003","21.80","20.50","22.50","18.50","397.99K","+8.46%"
"10/16/2003","20.10","20.00","23.00","20.00","830.10K","-16.25%"
"10/15/2003","24.00","22.10","24.50","18.10","975.47K","-13.67%"
"10/14/2003","27.80","27.90","28.50","25.85","455.36K","+6.31%"
"10/13/2003","26.15","26.25","28.75","26.00","205.58K","-3.86%"
"10/10/2003","27.20","30.50","30.75","27.00","236.42K","-7.95%"
"10/09/2003","29.55","28.60","31.30","28.60","416.17K","+4.79%"
"10/08/2003","28.20","29.45","29.70","27.10","386.28K","-2.25%"
"10/07/2003","28.85","25.00","31.65","24.00","1.38M","+19.46%"
"10/06/2003","24.15","23.20","24.90","22.20","359.49K","+6.39%"
"10/03/2003","22.70","23.60","24.20","22.50","275.17K","-0.87%"
"10/01/2003","22.90","24.40","25.15","22.50","241.87K","-5.18%"
"09/30/2003","24.15","21.85","24.60","21.85","565.63K","+11.03%"
"09/29/2003","21.75","22.20","23.00","21.00","192.16K","+0.93%"
"09/26/2003","21.55","21.05","21.90","20.00","155.83K","+1.17%"
"09/25/2003","21.30","21.00","22.00","19.90","156.92K","-2.07%"
"09/24/2003","21.75","19.95","22.75","19.10","403.75K","+13.58%"
"09/23/2003","19.15","19.25","19.75","18.60","83.35K","-1.54%"
"09/22/2003","19.45","20.75","20.80","19.10","148.69K","+0.52%"
"09/19/2003","19.35","21.55","22.00","18.00","309.89K","-6.75%"
"09/18/2003","20.75","21.00","23.45","19.15","998.45K","+13.08%"
"09/17/2003","18.35","19.90","21.00","18.10","239.75K","-3.93%"
"09/16/2003","19.10","16.00","19.85","15.10","229.65K","+14.71%"
"09/15/2003","16.65","14.00","19.00","14.00","202.99K","-14.18%"
"09/12/2003","19.40","20.90","21.95","19.10","212.76K","-6.73%"
"09/11/2003","20.80","16.00","23.40","16.00","203.47K","-5.88%"
"09/10/2003","22.10","21.70","31.40","19.70","529.19K","+4.49%"
"09/09/2003","21.15","24.75","24.85","20.50","322.59K","-11.88%"
"09/08/2003","24.00","23.70","26.70","22.25","1.22M","+2.56%"
"09/05/2003","23.40","20.50","23.80","19.50","1.33M","+17.88%"
"09/04/2003","19.85","24.00","24.90","18.85","1.58M","-17.98%"
"09/03/2003","24.20","16.50","25.15","16.50","3.73M","+51.72%"
"09/02/2003","15.95","15.10","16.40","14.00","764.97K","+10.00%"
"09/01/2003","14.50","14.35","16.10","13.00","685.92K","+10.69%"
"08/29/2003","13.10","13.50","13.50","12.00","261.76K","+1.16%"
"08/28/2003","12.95","13.15","13.50","12.30","366.79K","-0.77%"
"08/27/2003","13.05","13.00","13.80","12.20","402.84K","+6.53%"
"08/26/2003","12.25","9.15","12.50","9.15","352.00K","+26.29%"
"08/25/2003","9.70","13.40","13.50","8.25","415.33K","-23.92%"
"08/22/2003","12.75","13.50","14.00","12.10","589.91K","+3.66%"
"08/21/2003","12.30","11.95","13.00","11.40","452.07K","+7.42%"
"08/20/2003","11.45","12.65","13.70","11.15","308.29K","-5.76%"
"08/19/2003","12.15","14.40","15.50","11.60","651.65K","-11.31%"
"08/18/2003","13.70","11.00","14.00","10.35","1.04M","+34.98%"
"08/14/2003","10.15","11.00","11.00","10.00","288.11K","-2.87%"
"08/13/2003","10.45","10.85","11.55","10.05","323.44K","+0.00%"
"08/12/2003","10.45","12.40","12.50","10.20","574.28K","-4.13%"
"08/11/2003","10.90","8.00","11.75","7.65","1.01M","+40.65%"
"08/08/2003","7.75","7.25","8.00","6.40","340.01K","+21.09%"
"08/07/2003","6.40","6.60","7.00","5.95","93.22K","-0.78%"
"08/06/2003","6.45","5.75","7.30","5.45","276.43K","+10.26%"
"08/05/2003","5.85","7.00","7.80","5.75","249.96K","-12.03%"
"08/04/2003","6.65","4.95","7.20","4.90","395.34K","+38.54%"
"08/01/2003","4.80","5.00","5.70","4.50","122.53K","+0.00%"
"07/31/2003","4.80","6.40","6.40","4.70","169.46K","-18.64%"
"07/30/2003","5.90","7.25","7.25","5.60","224.76K","-35.16%"
"07/29/2003","9.10","9.50","9.70","8.50","277.99K","-2.15%"
"07/28/2003","9.30","9.90","10.50","8.80","526.25K","+1.64%"
"07/25/2003","9.15","6.00","9.85","6.00","1.16M","+53.78%"
"07/24/2003","5.95","6.35","6.40","5.60","56.15K","+0.00%"
"07/23/2003","5.95","5.70","6.40","5.50","107.38K","+11.21%"
"07/22/2003","5.35","5.60","5.90","5.20","92.47K","-1.83%"
"07/21/2003","5.45","6.05","6.20","5.30","146.74K","-10.66%"
"07/18/2003","6.10","5.70","6.50","5.65","111.70K","-1.61%"
"07/17/2003","6.20","6.90","7.35","6.10","131.56K","+2.48%"
"07/16/2003","6.05","5.70","6.20","5.50","85.13K","+2.54%"
"07/15/2003","5.90","6.90","7.10","5.75","125.89K","-10.61%"
"07/14/2003","6.60","6.10","6.80","6.10","59.28K","+12.82%"
"07/11/2003","5.85","6.00","6.60","5.70","109.22K","-0.85%"
"07/10/2003","5.90","5.00","6.70","5.00","101.16K","-10.61%"
"07/09/2003","6.60","8.00","8.00","6.50","109.27K","-12.58%"
"07/08/2003","7.55","7.75","8.50","7.40","150.95K","-3.82%"
"07/07/2003","7.85","6.00","8.65","6.00","359.66K","+9.03%"
"07/04/2003","7.20","6.90","7.75","6.15","356.88K","+11.63%"
"07/03/2003","6.45","6.90","7.25","6.00","156.00K","+0.78%"
"07/02/2003","6.40","6.75","7.25","6.25","133.62K","-5.19%"
"07/01/2003","6.75","7.00","7.60","6.60","192.49K","-3.57%"
"06/30/2003","7.00","7.45","11.50","6.20","372.13K","+14.75%"
"06/27/2003","6.10","6.50","7.00","5.80","182.41K","-5.43%"
"06/26/2003","6.45","7.80","7.80","6.05","237.73K","-9.79%"
"06/25/2003","7.15","6.90","7.65","6.55","494.22K","+18.18%"
"06/24/2003","6.05","4.90","6.30","4.60","831.11K","+31.52%"
"06/23/2003","4.60","4.90","5.50","4.50","246.33K","+0.00%"
"06/20/2003","4.60","4.50","5.00","4.40","121.50K","-3.16%"
"06/19/2003","4.75","5.15","5.15","4.55","139.06K","-2.06%"
"06/18/2003","4.85","5.25","5.50","4.75","193.70K","+3.19%"
"06/17/2003","4.70","5.15","5.15","4.60","194.00K","+2.17%"
"06/16/2003","4.60","4.80","5.45","4.10","412.91K","+4.55%"
"06/13/2003","4.40","4.70","4.90","4.15","160.51K","-1.12%"
"06/12/2003","4.45","4.80","4.90","4.15","172.47K","+5.95%"
"06/11/2003","4.20","4.50","4.70","3.70","102.15K","+7.69%"
"06/10/2003","3.90","4.70","5.15","3.55","295.99K","-17.02%"
"06/09/2003","4.70","4.25","4.90","4.25","214.15K","+17.50%"
"06/06/2003","4.00","2.50","4.90","2.50","249.58K","+37.93%"
"06/05/2003","2.90","3.00","3.20","2.25","96.38K","+5.45%"
"06/04/2003","2.75","3.05","3.30","2.50","156.34K","-3.51%"
"06/03/2003","2.85","3.75","3.75","2.65","52.71K","-5.00%"
"06/02/2003","3.00","3.15","3.80","2.85","74.13K","-1.64%"
"05/30/2003","3.05","3.10","3.50","2.60","86.12K","+8.93%"
"05/29/2003","2.80","3.30","3.95","2.65","84.45K","-13.85%"
"05/28/2003","3.25","3.50","3.60","2.50","82.42K","+4.84%"
"05/27/2003","3.10","4.50","4.65","3.00","86.35K","-23.46%"
"05/26/2003","4.05","3.00","4.50","3.00","120.10K","+19.12%"
"05/23/2003","3.40","3.50","3.95","3.05","113.32K","+9.68%"
"05/22/2003","3.10","4.50","4.50","2.70","131.35K","+31.91%"
"05/21/2003","2.35","2.00","2.70","2.00","54.74K","+11.90%"
"05/20/2003","2.10","2.95","2.95","1.10","32.02K","+0.00%"
"05/19/2003","2.10","2.70","3.30","1.85","150.27K","-25.00%"
"05/16/2003","2.80","2.95","3.65","2.50","211.14K","+21.74%"
"05/15/2003","2.30","1.75","2.75","1.20","179.17K","+70.37%"
"05/14/2003","1.35","0.85","2.00","0.75","96.19K","+145.45%"
"05/13/2003","0.55","0.35","0.85","0.35","39.70K","+22.22%"
"05/12/2003","0.45","0.85","0.85","0.25","26.25K","-25.00%"
"05/09/2003","0.60","0.15","0.80","0.05","20.21K","+71.43%"
"05/08/2003","0.35","0.50","0.85","0.20","32.82K","-41.67%"
"05/07/2003","0.60","0.95","1.00","0.30","34.24K","-20.00%"
"05/06/2003","0.75","1.15","1.15","0.65","54.54K","+15.38%"
"05/05/2003","0.65","0.55","1.25","0.55","55.46K","+18.18%"
"05/02/2003","0.55","0.00","0.75","0.00","79.65K","+0.00%"
"04/30/2003","0.00","0.00","0.50","0.00","65.56K","+0.00%"
"04/29/2003","0.00","0.00","0.00","0.00","38.05K","+0.00%"
"04/28/2003","0.00","0.00","0.00","0.00","41.97K","+0.00%"
"04/25/2003","0.00","0.00","0.00","0.00","90.30K","+0.00%"
"04/24/2003","0.00","0.00","0.00","0.00","39.92K","+0.00%"
"04/23/2003","0.00","0.00","0.00","0.00","49.89K","+0.00%"
"04/22/2003","0.00","0.00","0.00","0.00","17.07K","+0.00%"
"04/21/2003","0.00","0.00","0.00","0.00","20.85K","+0.00%"
"04/17/2003","0.00","0.00","0.00","0.00","39.01K","+0.00%"
"04/16/2003","0.00","0.00","0.00","0.00","24.45K","+0.00%"
"04/15/2003","0.00","0.00","0.00","0.00","15.66K","+0.00%"
"04/11/2003","0.00","0.00","0.00","0.00","46.80K","+0.00%"
"04/10/2003","0.00","0.00","0.00","0.00","67.11K","+0.00%"
"04/09/2003","0.00","0.00","0.00","0.00","33.20K","+0.00%"
"04/08/2003","0.00","0.00","0.00","0.00","46.21K","+0.00%"
"04/07/2003","0.00","0.00","0.00","0.00","52.29K","+0.00%"
"04/04/2003","0.00","0.00","0.00","0.00","27.67K","+0.00%"
"04/03/2003","0.00","0.00","0.00","0.00","18.22K","+0.00%"
"04/02/2003","0.00","0.00","0.00","0.00","13.11K","+0.00%"
"04/01/2003","0.00","0.00","0.00","0.00","27.48K","+0.00%"
"03/31/2003","0.00","0.00","0.00","0.00","59.77K","+0.00%"
"03/28/2003","0.00","0.00","0.00","0.00","33.18K","+0.00%"
"03/27/2003","0.00","0.00","0.00","0.00","100.24K","+0.00%"
"03/26/2003","0.00","0.00","0.00","0.00","21.89K","+0.00%"
"03/25/2003","0.00","0.00","0.00","0.00","62.38K","+0.00%"
"03/24/2003","0.00","0.00","0.00","0.00","34.94K","+0.00%"
"03/21/2003","0.00","0.00","0.00","0.00","76.97K","+0.00%"
"03/20/2003","0.00","0.00","0.00","0.00","38.02K","+0.00%"
"03/19/2003","0.00","0.00","0.00","0.00","22.08K","+0.00%"
"03/17/2003","0.00","0.00","0.00","0.00","90.80K","+0.00%"
"03/13/2003","0.00","0.00","0.00","0.00","37.67K","+0.00%"
"03/12/2003","0.00","0.00","0.00","0.00","71.82K","+0.00%"
"03/11/2003","0.00","0.00","0.00","0.00","62.22K","+0.00%"
"03/10/2003","0.00","0.00","0.00","0.00","46.36K","+0.00%"
"03/07/2003","0.00","0.00","0.00","0.00","40.69K","+0.00%"
"03/06/2003","0.00","0.00","0.00","0.00","46.70K","+0.00%"
"03/05/2003","0.00","0.00","0.00","0.00","43.66K","+0.00%"
"03/04/2003","0.00","0.25","0.45","0.00","32.54K","-100.00%"
"03/03/2003","0.45","1.50","1.70","0.40","35.76K","-10.00%"
"02/28/2003","0.50","2.00","2.30","0.05","123.99K","-62.96%"
"02/27/2003","1.35","0.80","1.70","0.80","67.01K","+42.11%"
"02/26/2003","0.95","1.15","1.20","0.75","42.83K","-13.64%"
"02/25/2003","1.10","1.50","1.65","0.90","55.52K","-24.14%"
"02/24/2003","1.45","1.65","1.80","1.00","61.35K","+38.10%"
"02/21/2003","1.05","1.15","1.35","0.85","55.80K","-16.00%"
"02/20/2003","1.25","1.20","1.70","1.00","49.13K","+4.17%"
"02/19/2003","1.20","1.00","2.35","0.85","239.03K","+20.00%"
"02/18/2003","1.00","1.50","1.50","0.55","81.30K","+53.85%"
"02/17/2003","0.65","2.05","2.05","0.00","45.57K","+0.00%"
"02/14/2003","0.00","0.00","0.00","0.00","23.19K","+0.00%"
"02/12/2003","0.00","0.00","0.00","0.00","27.56K","+0.00%"
"02/11/2003","0.00","0.00","0.10","0.00","27.09K","-100.00%"
"02/10/2003","0.10","0.00","0.30","0.00","30.60K","+0.00%"
"02/07/2003","0.00","0.00","0.25","0.00","22.36K","-100.00%"
"02/06/2003","0.05","0.00","0.35","0.00","40.65K","+0.00%"
"02/05/2003","0.00","0.10","0.60","0.00","45.38K","-100.00%"
"02/04/2003","0.30","0.45","0.80","0.00","62.52K","+0.00%"
"02/03/2003","0.00","0.00","0.10","0.00","18.43K","+0.00%"
"01/31/2003","0.00","0.00","0.00","0.00","33.66K","+0.00%"
"01/30/2003","0.00","0.10","0.10","0.00","33.73K","+0.00%"
"01/29/2003","0.00","0.00","0.25","0.00","15.55K","-100.00%"
"01/28/2003","0.05","0.70","0.70","0.00","71.10K","+0.00%"
"01/27/2003","0.00","1.30","1.30","0.00","85.92K","+0.00%"
