"Date","Price","Open","High","Low","Vol.","Change %"
"07/13/2026","808.30","800.00","839.90","800.00","235.64K","-1.47%"
"07/10/2026","820.35","865.00","882.00","817.70","319.49K","-4.69%"
"07/09/2026","860.70","850.00","885.00","850.00","183.93K","+1.31%"
"07/08/2026","849.55","890.00","897.95","845.00","271.36K","-3.84%"
"07/07/2026","883.45","947.30","953.80","877.60","524.82K","-3.70%"
"07/06/2026","917.40","842.00","917.40","841.50","420.27K","+5.00%"
"07/03/2026","873.75","932.55","935.95","873.75","383.67K","-5.00%"
"07/02/2026","919.70","920.60","932.90","905.10","254.63K","+0.47%"
"07/01/2026","915.40","924.95","938.20","905.00","227.93K","+0.49%"
"06/30/2026","910.95","931.00","965.00","902.00","488.44K","-2.87%"
"06/29/2026","937.90","977.00","990.00","937.90","271.95K","-5.00%"
"06/25/2026","987.25","991.00","1008.00","958.35","420.97K","-0.78%"
"06/24/2026","995.00","1048.00","1051.95","983.05","248.13K","-3.84%"
"06/23/2026","1034.75","1041.00","1063.90","1010.00","394.61K","+1.25%"
"06/22/2026","1021.95","1080.00","1084.00","1004.35","661.62K","-2.91%"
"06/19/2026","1052.55","960.00","1052.55","960.00","429.27K","+5.00%"
"06/18/2026","1002.45","1072.05","1075.00","1002.45","533.59K","-5.00%"
"06/17/2026","1055.20","1048.95","1076.00","1024.80","803.91K","+2.97%"
"06/16/2026","1024.80","1004.00","1024.80","996.05","382.75K","+5.00%"
"06/15/2026","976.00","961.95","976.00","950.00","347.51K","+5.00%"
"06/12/2026","929.55","908.00","929.55","908.00","431.26K","+5.00%"
"06/11/2026","885.30","920.00","924.00","878.00","367.12K","-2.67%"
"06/10/2026","909.60","912.20","935.95","898.00","407.38K","+0.45%"
"06/09/2026","905.50","873.95","905.50","871.60","583.78K","+5.00%"
"06/08/2026","862.40","860.30","913.80","855.05","412.02K","-2.45%"
"06/05/2026","884.10","926.30","926.30","862.20","583.58K","-2.58%"
"06/04/2026","907.55","875.00","911.85","875.00","687.60K","+4.50%"
"06/03/2026","868.45","876.00","893.95","850.00","554.62K","+1.11%"
"06/02/2026","858.95","780.85","862.95","780.85","1.11M","+4.51%"
"06/01/2026","821.90","897.40","897.40","821.90","448.32K","-5.00%"
"05/29/2026","865.15","838.00","867.45","837.95","549.39K","+4.72%"
"05/27/2026","826.15","811.65","837.45","804.25","752.14K","+3.58%"
"05/26/2026","797.60","790.00","806.80","773.00","973.14K","+3.80%"
"05/25/2026","768.40","757.00","768.40","745.05","372.30K","+4.99%"
"05/22/2026","731.85","720.00","732.40","701.80","768.79K","+4.92%"
"05/21/2026","697.55","679.00","697.55","678.95","139.25K","+5.00%"
"05/20/2026","664.35","630.20","664.35","630.20","234.20K","+4.99%"
"05/19/2026","632.75","644.25","664.80","628.30","563.99K","-4.32%"
"05/18/2026","661.30","666.30","679.90","661.30","46.58K","-5.00%"
"05/15/2026","696.10","740.00","748.40","696.10","163.33K","-5.00%"
"05/14/2026","732.70","740.05","740.05","690.05","325.48K","+3.95%"
"05/13/2026","704.85","692.00","704.85","645.10","400.21K","+5.00%"
"05/12/2026","671.30","671.30","671.30","671.00","252.00K","+5.00%"
"05/11/2026","639.35","635.00","662.00","621.00","184.28K","-1.08%"
"05/08/2026","646.35","667.65","677.40","635.00","196.91K","-3.19%"
"05/07/2026","667.65","640.00","671.70","615.00","291.51K","+4.36%"
"05/06/2026","639.75","635.00","650.00","600.60","231.58K","+1.83%"
"05/05/2026","628.25","646.90","666.25","605.65","371.67K","-0.99%"
"05/04/2026","634.55","622.00","634.55","607.00","160.35K","+5.00%"
"04/30/2026","604.35","575.95","604.35","574.00","211.98K","+4.99%"
"04/29/2026","575.60","585.00","603.00","568.00","307.27K","-1.68%"
"04/28/2026","585.45","585.45","585.45","570.25","288.02K","+4.99%"
"04/27/2026","557.60","535.00","557.60","531.05","209.57K","+5.00%"
"04/24/2026","531.05","537.00","546.00","508.65","190.63K","+0.63%"
"04/23/2026","527.75","501.70","527.75","492.00","294.13K","+4.99%"
"04/22/2026","502.65","483.45","504.00","480.00","97.45K","+2.16%"
"04/21/2026","492.00","504.95","504.95","490.00","54.66K","-1.13%"
"04/20/2026","497.60","500.95","505.20","492.00","101.38K","-0.46%"
"04/17/2026","499.90","505.00","508.40","490.00","88.83K","-0.92%"
"04/16/2026","504.55","521.00","521.00","492.00","196.77K","+1.55%"
"04/15/2026","496.85","480.00","496.85","480.00","158.09K","+5.00%"
"04/13/2026","473.20","449.35","480.00","441.10","208.81K","+2.51%"
"04/10/2026","461.60","445.00","461.60","441.50","76.92K","+4.99%"
"04/09/2026","439.65","443.10","452.45","436.10","93.82K","-1.11%"
"04/08/2026","444.60","436.90","448.00","434.00","136.20K","+4.07%"
"04/07/2026","427.20","434.45","434.45","424.00","46.10K","-0.36%"
"04/06/2026","428.75","410.95","430.40","406.00","84.43K","+4.32%"
"04/02/2026","411.00","385.00","412.00","385.00","100.23K","+2.42%"
"04/01/2026","401.30","390.00","403.35","390.00","63.01K","+4.46%"
"03/30/2026","384.15","400.00","404.00","384.15","81.49K","-5.00%"
"03/27/2026","404.35","407.05","414.00","402.10","108.86K","-1.68%"
"03/25/2026","411.25","410.00","426.00","408.00","318.25K","+0.81%"
"03/24/2026","407.95","420.70","428.80","405.00","161.65K","-1.52%"
"03/23/2026","414.25","424.00","424.00","403.90","114.89K","-2.56%"
"03/20/2026","425.15","440.80","444.90","421.20","100.84K","-2.23%"
"03/19/2026","434.85","435.00","452.80","431.00","59.35K","-2.96%"
"03/18/2026","448.10","442.90","457.00","438.70","108.75K","+2.41%"
"03/17/2026","437.55","439.05","444.00","432.40","58.69K","-1.46%"
"03/16/2026","444.05","447.70","458.00","422.55","84.35K","+0.28%"
"03/13/2026","442.80","463.70","465.60","442.35","138.74K","-4.90%"
"03/12/2026","465.60","452.00","474.00","450.80","73.28K","+0.61%"
"03/11/2026","462.80","465.00","476.00","461.30","133.75K","+0.09%"
"03/10/2026","462.40","445.90","464.00","441.25","98.58K","+4.58%"
"03/09/2026","442.15","435.00","444.95","428.75","110.33K","-2.03%"
"03/06/2026","451.30","443.00","457.90","443.00","75.82K","+0.23%"
"03/05/2026","450.25","448.00","455.70","439.00","105.44K","+2.97%"
"03/04/2026","437.25","445.05","447.00","436.80","164.62K","-4.89%"
"03/02/2026","459.75","455.15","472.00","452.55","234.16K","-3.48%"
"02/27/2026","476.35","472.00","493.00","465.25","243.17K","+1.03%"
"02/26/2026","471.50","467.00","476.10","460.00","143.68K","+0.90%"
"02/25/2026","467.30","479.00","479.80","456.00","194.40K","-2.25%"
"02/24/2026","478.05","490.00","490.00","469.00","180.16K","-2.99%"
"02/23/2026","492.80","493.95","517.00","476.55","3.49M","+1.67%"
"02/20/2026","484.70","465.00","499.80","462.50","4.27M","+5.59%"
"02/19/2026","459.05","479.00","485.00","448.55","6.17M","-7.61%"
"02/18/2026","496.85","530.00","536.05","496.85","4.06M","-10.00%"
"02/17/2026","552.05","490.00","552.05","480.05","11.04M","+9.99%"
"02/16/2026","501.90","479.70","522.00","464.05","16.22M","+4.63%"
"02/13/2026","479.70","410.00","479.70","410.00","17.67M","+20.00%"
"02/12/2026","399.75","389.00","399.75","382.20","2.22M","+19.99%"
"02/11/2026","333.15","336.00","344.70","325.60","226.40K","-2.76%"
"02/10/2026","342.60","348.45","357.50","335.60","189.71K","-1.68%"
"02/09/2026","348.45","332.65","353.20","332.65","262.49K","+4.89%"
"02/06/2026","332.20","330.00","333.95","325.15","87.44K","-0.64%"
"02/05/2026","334.35","338.40","343.20","330.00","141.50K","-1.20%"
"02/04/2026","338.40","326.90","346.00","321.00","234.82K","+3.88%"
"02/03/2026","325.75","310.00","334.95","303.95","500.63K","+9.85%"
"02/02/2026","296.55","290.05","299.00","283.05","134.92K","+1.37%"
"02/01/2026","292.55","298.55","301.30","288.00","85.46K","-2.01%"
"01/30/2026","298.55","287.10","303.20","285.65","172.46K","+2.61%"
"01/29/2026","290.95","285.55","294.00","280.30","141.07K","+1.89%"
"01/28/2026","285.55","276.00","287.00","276.00","130.79K","+3.86%"
"01/27/2026","274.95","281.95","282.35","270.90","93.81K","-2.47%"
"01/23/2026","281.90","285.40","287.95","279.85","84.72K","-1.04%"
"01/22/2026","284.85","285.20","289.10","280.00","80.40K","+1.88%"
"01/21/2026","279.60","285.00","288.30","275.85","138.06K","-1.43%"
"01/20/2026","283.65","297.00","298.00","282.80","167.72K","-4.09%"
"01/19/2026","295.75","307.50","308.05","294.70","105.48K","-3.71%"
"01/16/2026","307.15","304.40","311.30","303.10","140.08K","+1.05%"
"01/14/2026","303.95","304.10","307.00","301.25","95.69K","-0.16%"
"01/13/2026","304.45","306.05","312.70","302.55","108.96K","-1.01%"
"01/12/2026","307.55","311.75","311.75","299.20","177.46K","-0.84%"
"01/09/2026","310.15","325.45","327.05","307.20","181.54K","-3.89%"
"01/08/2026","322.70","336.90","341.90","320.00","154.56K","-4.16%"
"01/07/2026","336.70","339.85","340.60","335.10","64.83K","-0.93%"
"01/06/2026","339.85","338.50","341.90","335.35","141.82K","-0.37%"
"01/05/2026","341.10","343.65","352.45","332.55","298.50K","+0.32%"
"01/02/2026","340.00","326.90","351.90","324.85","543.18K","+4.66%"
"01/01/2026","324.85","323.95","327.50","317.30","104.48K","+1.09%"
"12/31/2025","321.35","318.00","324.65","315.60","108.10K","+1.40%"
"12/30/2025","316.90","316.50","319.40","313.30","62.74K","+0.13%"
"12/29/2025","316.50","317.70","324.70","313.80","96.88K","-1.02%"
"12/26/2025","319.75","320.00","326.65","318.20","99.92K","-1.04%"
"12/24/2025","323.10","332.00","332.40","322.20","84.45K","-2.18%"
"12/23/2025","330.30","323.65","337.50","320.25","228.32K","+2.96%"
"12/22/2025","320.80","317.10","331.35","317.10","168.36K","+1.31%"
"12/19/2025","316.65","319.00","320.00","314.15","110.56K","-0.81%"
"12/18/2025","319.25","309.30","327.80","306.10","365.03K","+4.04%"
"12/17/2025","306.85","312.50","314.45","305.10","95.88K","-2.37%"
"12/16/2025","314.30","316.00","318.60","312.60","87.32K","-0.73%"
"12/15/2025","316.60","312.90","323.25","309.50","265.58K","+1.30%"
"12/12/2025","312.55","314.95","322.00","311.20","218.91K","+0.27%"
"12/11/2025","311.70","316.00","318.55","310.40","157.22K","-0.76%"
"12/10/2025","314.10","322.10","326.65","312.55","107.64K","-2.48%"
"12/09/2025","322.10","316.00","324.00","310.95","169.56K","+0.99%"
"12/08/2025","318.95","329.00","334.70","316.30","206.92K","-3.60%"
"12/05/2025","330.85","339.35","341.35","328.80","138.42K","-3.49%"
"12/04/2025","342.80","344.05","350.00","341.15","60.72K","-1.24%"
"12/03/2025","347.10","356.00","357.95","343.00","171.50K","-2.47%"
"12/02/2025","355.90","354.10","365.80","352.00","120.57K","-0.50%"
"12/01/2025","357.70","362.00","366.05","354.00","84.30K","-0.40%"
"11/28/2025","359.15","362.35","369.00","356.85","108.47K","-0.87%"
"11/27/2025","362.30","357.70","367.90","353.45","243.84K","+2.03%"
"11/26/2025","355.10","345.00","359.90","343.10","183.69K","+2.45%"
"11/25/2025","346.60","336.20","351.90","335.80","191.57K","+3.09%"
"11/24/2025","336.20","355.00","355.00","332.55","187.51K","-4.45%"
"11/21/2025","351.85","360.80","360.85","347.00","204.62K","-2.53%"
"11/20/2025","361.00","366.90","372.00","359.15","173.84K","-0.48%"
"11/19/2025","362.75","370.00","373.85","360.00","250.17K","-2.58%"
"11/18/2025","372.35","370.00","376.10","363.55","549.43K","-0.09%"
"11/17/2025","372.70","351.95","376.45","346.90","2.34M","+5.00%"
"11/14/2025","354.95","319.95","360.00","311.15","4.29M","+18.20%"
"11/13/2025","300.30","299.90","303.00","296.90","137.76K","+1.15%"
"11/12/2025","296.90","287.05","300.25","287.05","92.72K","+2.34%"
"11/11/2025","290.10","288.65","294.95","285.80","95.00K","+0.50%"
"11/10/2025","288.65","296.30","296.30","285.30","120.87K","-1.62%"
"11/07/2025","293.40","293.00","295.85","289.00","84.46K","+0.22%"
"11/06/2025","292.75","303.00","304.75","291.10","134.23K","-3.03%"
"11/04/2025","301.90","306.80","313.85","301.05","110.18K","-0.94%"
"11/03/2025","304.75","303.85","310.45","300.45","143.18K","+0.30%"
"10/31/2025","303.85","309.95","310.80","300.90","79.02K","-1.48%"
"10/30/2025","308.40","310.85","313.80","305.90","113.43K","-1.23%"
"10/29/2025","312.25","310.55","316.25","307.50","100.06K","+0.55%"
"10/28/2025","310.55","305.05","315.90","305.05","113.05K","+1.35%"
"10/27/2025","306.40","310.50","313.00","305.10","73.35K","-1.30%"
"10/24/2025","310.45","312.70","314.90","309.30","59.17K","-0.70%"
"10/23/2025","312.65","315.90","318.85","311.10","73.76K","-0.46%"
"10/21/2025","314.10","316.90","318.15","312.05","28.86K","-0.27%"
"10/20/2025","314.95","313.60","317.00","308.45","75.57K","+0.56%"
"10/17/2025","313.20","318.80","318.80","311.40","92.49K","-1.17%"
"10/16/2025","316.90","317.80","320.85","315.10","66.90K","+0.21%"
"10/15/2025","316.25","314.80","319.90","313.25","105.58K","+1.18%"
"10/14/2025","312.55","323.00","324.90","310.15","131.29K","-2.47%"
"10/13/2025","320.45","332.20","332.20","318.05","160.13K","-3.62%"
"10/10/2025","332.50","319.80","337.90","319.80","261.21K","+3.97%"
"10/09/2025","319.80","324.95","328.15","316.15","146.83K","-1.52%"
"10/08/2025","324.75","326.05","331.15","323.05","69.36K","-0.40%"
"10/07/2025","326.05","334.95","334.95","325.15","75.88K","-1.79%"
"10/06/2025","332.00","333.50","337.95","328.90","82.88K","-0.29%"
"10/03/2025","332.95","336.60","338.50","331.25","123.16K","-0.31%"
"10/01/2025","334.00","323.00","335.70","321.65","178.88K","+4.15%"
"09/30/2025","320.70","321.60","327.15","317.00","98.99K","-0.56%"
"09/29/2025","322.50","328.90","330.20","321.00","109.30K","-1.44%"
"09/26/2025","327.20","337.95","337.95","325.25","158.59K","-2.63%"
"09/25/2025","336.05","339.45","345.80","333.45","123.31K","-0.41%"
"09/24/2025","337.45","345.00","347.65","334.35","109.35K","-2.17%"
"09/23/2025","344.95","349.90","351.90","341.30","141.24K","-0.65%"
"09/22/2025","347.20","355.45","357.20","345.85","172.68K","-1.93%"
"09/19/2025","354.05","368.00","369.15","353.00","352.31K","-3.58%"
"09/18/2025","367.20","367.50","375.30","365.10","155.52K","+0.00%"
"09/17/2025","367.20","376.75","376.75","364.50","250.39K","-1.73%"
"09/16/2025","373.65","379.00","390.00","370.05","645.49K","-0.43%"
"09/15/2025","375.25","369.00","379.80","363.80","525.82K","+2.51%"
"09/12/2025","366.05","360.95","378.00","360.40","743.83K","+2.91%"
"09/11/2025","355.70","354.80","363.60","354.20","171.88K","+0.95%"
"09/10/2025","352.35","357.60","369.00","350.00","242.72K","-1.22%"
"09/09/2025","356.70","364.80","366.25","353.90","144.40K","-1.41%"
"09/08/2025","361.80","372.00","380.85","360.20","351.29K","-1.50%"
"09/05/2025","367.30","361.00","369.90","356.30","171.60K","+1.63%"
"09/04/2025","361.40","369.60","372.50","351.30","282.17K","-1.59%"
"09/03/2025","367.25","352.00","371.00","350.10","333.78K","+4.41%"
"09/02/2025","351.75","335.10","355.00","335.10","425.98K","+5.47%"
"09/01/2025","333.50","340.90","347.90","330.75","277.76K","-1.52%"
"08/29/2025","338.65","349.90","355.60","336.20","238.58K","-2.77%"
"08/28/2025","348.30","363.90","363.90","346.10","250.95K","-3.10%"
"08/26/2025","359.45","371.95","379.65","356.25","536.23K","-3.50%"
"08/25/2025","372.50","378.40","380.55","367.65","360.58K","-0.56%"
"08/22/2025","374.60","366.40","393.75","366.40","1.16M","+2.31%"
"08/21/2025","366.15","375.65","377.90","364.00","355.75K","-1.77%"
"08/20/2025","372.75","385.40","387.80","371.35","588.43K","-4.13%"
"08/19/2025","388.80","349.95","394.00","348.05","5.42M","+11.90%"
"08/18/2025","347.45","338.05","352.00","337.05","466.45K","+3.22%"
"08/14/2025","336.60","348.50","360.50","333.25","871.56K","-0.87%"
"08/13/2025","339.55","341.90","345.15","330.75","598.24K","+0.19%"
"08/12/2025","338.90","354.85","365.65","336.15","1.34M","-4.63%"
"08/11/2025","355.35","316.75","367.00","313.90","5.27M","+12.72%"
"08/08/2025","315.25","315.25","320.65","311.65","171.19K","+0.00%"
"08/07/2025","315.25","310.00","317.00","307.20","198.10K","+0.70%"
"08/06/2025","313.05","311.55","318.90","309.45","233.00K","+0.53%"
"08/05/2025","311.40","310.00","315.60","309.00","120.70K","-0.48%"
"08/04/2025","312.90","308.00","318.00","305.20","339.25K","+1.77%"
"08/01/2025","307.45","309.85","315.00","305.00","302.56K","-0.45%"
"07/31/2025","308.85","299.10","311.95","291.60","336.06K","+2.88%"
"07/30/2025","300.20","292.90","302.55","289.55","251.30K","+4.44%"
"07/29/2025","287.45","281.00","289.15","280.05","114.11K","+1.52%"
"07/28/2025","283.15","284.20","290.30","278.70","171.08K","-0.51%"
"07/25/2025","284.60","289.00","294.95","283.00","152.74K","-1.71%"
"07/24/2025","289.55","299.80","301.60","288.40","206.79K","-2.98%"
"07/23/2025","298.45","305.90","305.95","297.00","142.47K","-1.95%"
"07/22/2025","304.40","297.70","306.50","297.70","219.44K","+2.37%"
"07/21/2025","297.35","302.00","303.00","295.65","175.08K","-1.59%"
"07/18/2025","302.15","307.85","310.00","301.10","200.24K","-1.48%"
"07/17/2025","306.70","312.40","312.95","306.00","166.53K","-1.22%"
"07/16/2025","310.50","309.20","313.80","308.45","164.04K","+0.55%"
"07/15/2025","308.80","308.40","315.50","307.60","301.37K","+0.68%"
"07/14/2025","306.70","322.00","324.50","305.55","1.11M","-7.59%"
"07/11/2025","331.90","325.45","335.45","323.55","518.54K","+1.93%"
"07/10/2025","325.60","326.45","330.65","324.00","257.70K","-0.06%"
"07/09/2025","325.80","332.00","338.80","323.35","956.70K","+0.20%"
"07/08/2025","325.15","319.65","333.00","317.45","1.03M","+2.70%"
"07/07/2025","316.60","315.95","326.00","311.30","433.11K","+0.72%"
"07/04/2025","314.35","308.00","316.70","305.20","308.54K","+1.83%"
"07/03/2025","308.70","311.20","313.25","307.50","182.65K","-0.77%"
"07/02/2025","311.10","320.70","325.55","307.50","556.45K","-1.27%"
"07/01/2025","315.10","315.80","318.00","311.10","204.57K","+0.70%"
"06/30/2025","312.90","317.45","322.55","310.50","286.58K","-1.12%"
"06/27/2025","316.45","315.00","321.35","315.00","254.70K","+0.27%"
"06/26/2025","315.60","324.45","327.60","313.45","292.71K","-2.19%"
"06/25/2025","322.65","313.25","326.50","313.15","532.77K","+3.61%"
"06/24/2025","311.40","311.40","320.10","307.00","726.06K","+1.88%"
"06/23/2025","305.65","300.95","312.55","298.65","406.87K","+0.59%"
"06/20/2025","303.85","300.90","308.65","298.20","311.10K","+1.61%"
"06/19/2025","299.05","310.00","314.00","297.55","417.80K","-3.49%"
"06/18/2025","309.85","315.70","317.55","307.50","250.74K","-0.64%"
"06/17/2025","311.85","323.95","323.95","310.10","321.15K","-3.24%"
"06/16/2025","322.30","318.00","323.95","307.00","444.18K","+1.98%"
"06/13/2025","316.05","308.10","327.70","306.85","714.75K","-0.88%"
"06/12/2025","318.85","326.00","334.20","317.15","926.04K","-4.35%"
"06/11/2025","333.35","336.95","345.00","326.00","3.57M","+1.72%"
"06/10/2025","327.70","276.50","330.20","276.50","7.31M","+19.08%"
"06/09/2025","275.20","275.00","282.65","273.00","534.86K","+0.94%"
"06/06/2025","272.65","275.85","278.00","271.00","268.71K","-0.84%"
"06/05/2025","274.95","279.70","281.00","272.00","300.31K","-1.35%"
"06/04/2025","278.70","282.85","285.00","275.35","355.36K","-1.08%"
"06/03/2025","281.75","287.05","298.00","280.00","1.86M","-1.47%"
"06/02/2025","285.95","257.25","289.55","253.20","3.49M","+12.17%"
"05/30/2025","254.92","261.10","267.08","254.10","741.73K","-1.69%"
"05/29/2025","259.29","258.30","264.90","255.71","420.31K","+1.12%"
"05/28/2025","256.42","258.44","260.90","255.45","286.81K","-0.56%"
"05/27/2025","257.86","257.00","266.88","255.01","521.72K","+0.78%"
"05/26/2025","255.87","249.30","259.90","247.55","572.65K","+3.73%"
"05/23/2025","246.68","243.43","251.50","242.21","225.41K","+0.45%"
"05/22/2025","245.58","245.64","250.59","241.52","149.60K","-0.02%"
"05/21/2025","245.64","242.00","248.00","238.30","199.42K","+1.82%"
"05/20/2025","241.26","250.25","251.55","240.10","277.54K","-2.73%"
"05/19/2025","248.02","254.00","254.89","246.51","303.52K","-0.32%"
"05/16/2025","248.81","247.85","250.40","245.20","319.31K","+1.45%"
"05/15/2025","245.26","245.92","250.74","242.40","368.65K","-0.27%"
"05/14/2025","245.92","241.00","246.50","239.72","246.19K","+2.65%"
"05/13/2025","239.57","237.69","246.11","235.12","282.86K","+0.79%"
"05/12/2025","237.69","227.90","241.97","225.11","419.99K","+8.97%"
"05/09/2025","218.12","215.00","219.40","212.40","164.55K","-0.49%"
"05/08/2025","219.20","226.00","239.65","216.20","179.79K","-2.43%"
"05/07/2025","224.65","218.98","226.48","215.20","368.15K","+1.77%"
"05/06/2025","220.74","233.90","233.90","219.90","181.95K","-4.65%"
"05/05/2025","231.51","230.90","233.20","226.05","254.93K","+2.04%"
"05/02/2025","226.89","233.80","233.80","225.30","187.62K","-1.54%"
"04/30/2025","230.45","244.25","244.25","229.01","228.98K","-5.52%"
"04/29/2025","243.92","246.65","249.76","242.49","151.86K","-0.05%"
"04/28/2025","244.05","247.35","255.00","241.10","452.57K","+0.15%"
"04/25/2025","243.69","257.65","258.00","240.80","424.80K","-4.29%"
"04/24/2025","254.61","257.29","264.00","253.00","487.78K","-1.05%"
"04/23/2025","257.31","262.45","264.94","254.99","412.73K","-1.05%"
"04/22/2025","260.03","262.20","269.90","258.69","448.98K","-0.35%"
"04/21/2025","260.95","264.20","266.74","259.11","775.83K","+0.13%"
"04/17/2025","260.61","263.00","271.80","258.96","404.14K","-1.02%"
"04/16/2025","263.29","252.98","267.00","250.36","388.79K","+5.96%"
"04/15/2025","248.47","235.00","252.59","233.96","508.83K","+7.00%"
"04/11/2025","232.22","230.06","234.39","227.07","317.79K","+3.82%"
"04/09/2025","223.68","233.10","234.79","220.35","219.56K","-4.69%"
"04/08/2025","234.68","233.70","237.79","232.00","198.59K","+3.49%"
"04/07/2025","226.76","205.25","229.46","205.25","435.69K","-5.97%"
"04/04/2025","241.15","259.40","259.40","238.50","469.16K","-6.23%"
"04/03/2025","257.16","251.50","267.00","251.00","837.61K","+2.72%"
"04/02/2025","250.34","256.70","257.28","249.30","344.64K","-1.58%"
"04/01/2025","254.37","247.00","258.50","242.00","197.40K","+1.85%"
"03/28/2025","249.76","251.65","260.75","248.41","300.13K","+0.22%"
"03/27/2025","249.21","252.95","258.73","243.35","633.20K","-1.91%"
"03/26/2025","254.06","260.50","262.50","251.25","442.82K","-2.48%"
"03/25/2025","260.53","270.00","275.00","258.10","361.00K","-3.08%"
"03/24/2025","268.81","263.50","279.30","260.61","988.26K","+3.11%"
"03/21/2025","260.70","254.19","265.00","251.59","362.79K","+3.45%"
"03/20/2025","252.00","255.00","259.70","249.65","241.13K","-0.40%"
"03/19/2025","253.02","251.00","260.30","249.58","352.80K","+0.58%"
"03/18/2025","251.57","235.70","254.19","235.70","452.47K","+7.27%"
"03/17/2025","234.53","243.30","246.31","232.00","219.25K","-2.88%"
"03/13/2025","241.48","238.60","260.00","234.72","490.92K","+1.27%"
"03/12/2025","238.44","245.20","249.00","237.00","190.78K","-2.34%"
"03/11/2025","244.15","240.01","252.17","236.42","274.43K","-0.48%"
"03/10/2025","245.32","259.50","263.90","244.00","216.32K","-6.10%"
"03/07/2025","261.27","257.90","274.70","257.90","351.93K","+0.00%"
"03/06/2025","261.26","241.95","265.00","240.99","569.74K","+9.00%"
"03/05/2025","239.68","232.75","243.50","232.75","223.47K","+2.99%"
"03/04/2025","232.73","223.80","239.00","223.80","217.97K","+0.24%"
"03/03/2025","232.17","235.35","242.01","223.60","321.83K","-1.10%"
"02/28/2025","234.75","247.95","252.40","231.65","449.94K","-4.09%"
"02/27/2025","244.75","254.55","258.45","242.85","167.94K","-3.57%"
"02/25/2025","253.80","255.00","258.90","251.60","143.19K","+0.67%"
"02/24/2025","252.10","249.50","256.90","245.80","147.14K","-0.47%"
"02/21/2025","253.30","256.20","276.80","252.00","600.93K","-2.03%"
"02/20/2025","258.55","235.00","268.05","232.10","670.75K","+10.37%"
"02/19/2025","234.25","229.10","241.00","227.05","144.51K","+1.69%"
"02/18/2025","230.35","227.90","232.60","220.05","234.02K","+1.28%"
"02/17/2025","227.45","233.10","238.45","224.60","240.96K","-3.66%"
"02/14/2025","236.10","248.60","250.95","232.90","213.41K","-6.03%"
"02/13/2025","251.25","245.05","258.90","240.30","232.00K","-0.69%"
"02/12/2025","253.00","247.95","259.75","230.50","285.51K","+2.99%"
"02/11/2025","245.65","259.90","266.40","242.70","171.04K","-4.92%"
"02/10/2025","258.35","262.40","266.20","256.05","169.92K","-3.02%"
"02/07/2025","266.40","276.05","282.95","262.75","236.11K","-2.42%"
"02/06/2025","273.00","282.85","289.00","271.00","244.18K","-0.35%"
"02/05/2025","273.95","275.00","283.50","272.80","119.32K","+0.50%"
"02/04/2025","272.60","271.30","281.20","271.00","180.26K","+0.70%"
"02/03/2025","270.70","285.30","285.30","267.65","133.72K","-6.01%"
"02/01/2025","288.00","286.50","294.64","284.00","73.89K","-0.72%"
"01/31/2025","290.10","290.00","295.60","286.05","137.57K","+0.50%"
"01/30/2025","288.65","291.00","297.55","282.45","119.23K","-0.74%"
"01/29/2025","290.80","283.05","298.70","283.00","100.93K","+2.16%"
"01/28/2025","284.65","279.90","291.80","270.10","165.40K","+2.08%"
"01/27/2025","278.85","292.00","292.00","265.60","231.69K","-4.68%"
"01/24/2025","292.55","309.40","310.95","291.00","140.22K","-4.77%"
"01/23/2025","307.20","308.60","315.15","303.00","85.84K","-0.49%"
"01/22/2025","308.70","318.85","318.85","301.05","122.94K","-3.18%"
"01/21/2025","318.85","328.60","333.30","316.95","85.30K","-2.97%"
"01/20/2025","328.60","330.00","331.60","325.00","90.36K","-0.90%"
"01/17/2025","331.60","321.70","336.75","321.50","121.41K","+2.50%"
"01/16/2025","323.50","320.05","330.00","319.40","156.92K","+2.94%"
"01/15/2025","314.25","323.75","324.80","312.80","135.45K","-1.41%"
"01/14/2025","318.75","308.20","323.70","308.20","198.58K","+4.34%"
"01/13/2025","305.50","332.00","332.00","300.15","158.44K","-6.49%"
"01/10/2025","326.70","340.90","342.45","324.00","113.85K","-4.38%"
"01/09/2025","341.65","345.00","354.95","336.25","135.08K","-1.23%"
"01/08/2025","345.90","355.35","357.90","345.00","107.49K","-2.73%"
"01/07/2025","355.60","347.80","359.45","346.40","144.70K","+2.95%"
"01/06/2025","345.40","370.00","370.80","342.10","178.32K","-6.27%"
"01/03/2025","368.50","380.60","383.30","362.00","278.40K","-3.20%"
"01/02/2025","380.70","383.90","388.75","378.55","66.66K","-0.39%"
"01/01/2025","382.20","380.20","386.00","379.10","78.97K","+0.91%"
"12/31/2024","378.75","368.10","381.40","365.00","86.13K","+2.89%"
"12/30/2024","368.10","379.60","380.55","366.10","93.03K","-2.86%"
"12/27/2024","378.95","380.00","388.90","377.45","81.77K","-0.04%"
"12/26/2024","379.10","391.60","392.95","375.00","116.04K","-3.52%"
"12/24/2024","392.95","392.90","398.85","389.00","67.80K","+0.91%"
"12/23/2024","389.40","400.10","404.40","386.90","127.52K","-2.54%"
"12/20/2024","399.55","417.00","418.60","398.00","110.42K","-4.23%"
"12/19/2024","417.20","410.00","422.00","405.30","67.44K","+0.06%"
"12/18/2024","416.95","427.90","429.70","415.05","91.73K","-2.99%"
"12/17/2024","429.80","440.25","444.10","427.75","130.15K","-2.18%"
"12/16/2024","439.40","437.00","457.00","432.10","416.46K","+3.32%"
"12/13/2024","425.30","423.00","431.40","416.30","137.56K","+0.27%"
"12/12/2024","424.15","435.05","440.90","416.10","134.21K","-3.23%"
"12/11/2024","438.30","444.95","448.00","435.10","96.86K","-1.03%"
"12/10/2024","442.85","442.30","445.00","434.75","109.10K","+0.32%"
"12/09/2024","441.45","450.00","455.95","429.15","242.78K","-1.46%"
"12/06/2024","448.00","443.50","456.00","439.75","269.35K","+1.48%"
"12/05/2024","441.45","441.00","456.00","438.20","247.69K","+0.80%"
"12/04/2024","437.95","431.20","444.00","431.10","223.78K","+1.83%"
"12/03/2024","430.10","441.40","444.70","428.25","255.04K","-1.97%"
"12/02/2024","438.75","417.00","440.05","415.55","658.84K","+4.69%"
"11/29/2024","419.10","409.05","422.00","405.00","189.65K","+2.71%"
"11/28/2024","408.05","411.15","416.20","403.55","172.42K","-0.72%"
"11/27/2024","411.00","405.00","422.30","401.00","241.31K","+1.88%"
"11/26/2024","403.40","397.35","407.00","396.60","151.14K","+1.83%"
"11/25/2024","396.15","398.00","402.85","390.30","126.38K","+1.39%"
"11/22/2024","390.70","386.90","398.00","381.40","120.85K","+2.14%"
"11/21/2024","382.50","393.00","393.95","380.15","128.85K","-2.71%"
"11/19/2024","393.15","400.00","410.50","390.05","295.44K","-1.33%"
"11/18/2024","398.45","388.85","402.00","372.70","290.36K","+4.06%"
"11/14/2024","382.90","379.90","392.00","376.25","138.94K","+2.27%"
"11/13/2024","374.40","392.55","397.20","372.95","179.11K","-4.62%"
"11/12/2024","392.55","392.90","400.00","389.30","148.11K","+1.59%"
"11/11/2024","386.40","382.80","403.60","375.30","248.16K","+0.52%"
"11/08/2024","384.40","397.80","397.80","380.10","148.77K","-3.37%"
"11/07/2024","397.80","401.90","410.40","394.10","320.36K","-3.61%"
"11/06/2024","412.70","415.10","415.10","382.55","1.35M","+4.39%"
"11/05/2024","395.35","390.00","395.35","386.40","180.34K","+4.99%"
"11/04/2024","376.55","371.00","376.55","369.95","82.25K","+4.99%"
"11/01/2024","358.65","342.00","358.85","339.70","120.84K","+4.93%"
"10/31/2024","341.80","341.80","352.25","335.55","320.67K","+1.88%"
"10/30/2024","335.50","322.15","335.50","320.00","66.36K","+4.99%"
"10/29/2024","319.55","318.30","326.00","311.20","123.94K","+0.88%"
"10/28/2024","316.75","320.70","328.40","313.00","229.03K","-1.23%"
"10/25/2024","320.70","339.30","339.30","320.70","154.45K","-4.99%"
"10/24/2024","337.55","347.75","349.95","330.40","202.31K","-2.93%"
"10/23/2024","347.75","353.40","363.35","340.15","142.52K","-1.29%"
"10/22/2024","352.30","371.00","375.40","352.30","143.52K","-5.00%"
"10/21/2024","370.85","378.00","385.00","370.15","271.76K","-4.81%"
"10/18/2024","389.60","392.80","397.80","383.75","79.50K","-0.52%"
"10/17/2024","391.65","408.00","408.00","390.00","67.58K","-2.96%"
"10/16/2024","403.60","410.00","410.00","394.80","69.64K","+1.34%"
"10/15/2024","398.25","391.10","399.10","390.10","52.11K","+1.96%"
"10/14/2024","390.60","407.20","411.55","389.20","112.52K","-3.33%"
"10/11/2024","404.05","415.00","425.05","400.00","221.12K","-0.98%"
"10/10/2024","408.05","391.90","408.05","379.15","255.68K","+4.99%"
"10/09/2024","388.65","387.95","393.80","382.15","87.24K","+2.22%"
"10/08/2024","380.20","354.65","380.20","354.65","144.09K","+5.00%"
"10/07/2024","362.10","382.00","386.60","362.10","94.24K","-5.00%"
"10/04/2024","381.15","387.10","393.60","375.00","70.89K","-1.54%"
"10/03/2024","387.10","394.00","402.95","382.00","120.96K","-2.09%"
"10/01/2024","395.35","396.10","404.00","389.00","142.13K","-0.34%"
"09/30/2024","396.70","390.30","401.00","387.00","64.77K","+1.64%"
"09/27/2024","390.30","381.85","399.40","380.00","117.12K","+1.96%"
"09/26/2024","382.80","381.70","390.00","372.00","103.65K","+0.55%"
"09/25/2024","380.70","391.80","396.50","378.20","106.71K","-2.15%"
"09/24/2024","389.05","407.15","409.50","387.00","211.70K","-4.45%"
"09/23/2024","407.15","406.00","414.40","403.15","56.09K","+0.85%"
"09/20/2024","403.70","394.95","412.00","389.00","46.29K","+2.16%"
"09/19/2024","395.15","406.00","408.00","388.00","59.18K","-2.61%"
"09/18/2024","405.75","420.00","420.00","400.00","27.64K","-2.52%"
"09/17/2024","416.25","419.90","420.00","411.10","50.24K","+0.70%"
"09/16/2024","413.35","411.00","418.00","407.10","41.43K","+0.69%"
"09/13/2024","410.50","423.75","428.00","410.10","92.99K","-0.91%"
"09/12/2024","414.25","395.05","414.25","390.00","119.56K","+4.99%"
"09/11/2024","394.55","409.50","409.50","390.00","51.77K","-2.07%"
"09/10/2024","402.90","398.90","408.00","390.15","68.81K","+1.42%"
"09/09/2024","397.25","413.45","414.00","393.05","176.28K","-3.98%"
"09/06/2024","413.70","423.65","428.85","410.00","81.83K","-2.33%"
"09/05/2024","423.55","427.50","435.00","420.00","67.60K","-0.78%"
"09/04/2024","426.90","429.55","435.00","418.00","168.25K","-0.62%"
"09/03/2024","429.55","425.05","435.00","423.60","76.91K","+1.06%"
"09/02/2024","425.05","422.10","437.00","420.00","88.53K","+0.69%"
"08/30/2024","422.15","429.90","437.95","413.10","96.26K","-1.05%"
"08/29/2024","426.65","440.45","444.00","421.30","80.72K","-2.96%"
"08/28/2024","439.65","448.90","457.00","437.00","54.58K","-1.07%"
"08/27/2024","444.40","435.00","451.25","435.00","42.64K","+0.71%"
"08/26/2024","441.25","452.00","461.10","436.95","75.86K","-2.35%"
"08/23/2024","451.85","465.05","470.00","447.60","68.37K","-2.82%"
"08/22/2024","464.95","483.00","488.30","457.20","104.45K","-2.80%"
"08/21/2024","478.35","460.00","478.35","456.00","102.20K","+4.99%"
"08/20/2024","455.60","438.00","455.60","435.00","72.88K","+4.99%"
"08/19/2024","433.95","428.25","444.45","428.25","61.17K","+1.33%"
"08/16/2024","428.25","430.60","439.00","420.10","100.10K","-0.51%"
"08/14/2024","430.45","453.10","458.00","430.45","150.50K","-5.00%"
"08/13/2024","453.10","459.70","475.00","445.30","104.28K","-2.41%"
"08/12/2024","464.30","440.00","470.00","440.00","134.40K","+0.38%"
"08/09/2024","462.55","453.00","466.80","442.00","78.62K","+3.61%"
"08/08/2024","446.45","450.00","459.00","442.90","56.79K","-1.94%"
"08/07/2024","455.30","449.90","459.95","444.05","82.16K","+2.41%"
"08/06/2024","444.60","474.00","482.00","444.60","126.57K","-5.00%"
"08/05/2024","468.00","470.00","483.00","466.80","141.49K","-4.75%"
"08/02/2024","491.35","490.00","503.85","485.00","64.23K","-1.45%"
"08/01/2024","498.60","499.00","517.95","495.00","144.78K","+1.07%"
"07/31/2024","493.30","512.50","515.00","488.05","79.80K","-2.43%"
"07/30/2024","505.60","512.85","523.90","504.00","129.84K","-2.63%"
"07/29/2024","519.25","527.95","535.45","515.00","191.03K","+1.06%"
"07/26/2024","513.80","509.70","513.80","500.00","207.82K","+5.00%"
"07/25/2024","489.35","455.00","489.35","451.10","197.76K","+5.00%"
"07/24/2024","466.05","474.95","479.80","460.05","127.53K","-2.68%"
"07/23/2024","478.90","480.00","489.00","449.00","223.80K","+1.47%"
"07/22/2024","471.95","484.35","484.35","465.10","222.09K","-2.81%"
"07/19/2024","485.60","450.00","487.40","441.00","515.36K","+4.61%"
"07/18/2024","464.20","472.55","481.00","464.20","234.76K","-4.99%"
"07/16/2024","488.60","488.60","512.90","488.60","301.66K","-5.00%"
"07/15/2024","514.30","544.00","548.90","514.30","1.53M","-10.00%"
"07/12/2024","571.45","631.90","646.00","571.45","1.75M","-9.99%"
"07/11/2024","634.90","590.00","644.90","572.60","2.76M","+6.27%"
"07/10/2024","597.45","542.00","619.00","526.15","4.07M","+11.27%"
"07/09/2024","536.95","518.00","543.00","503.00","1.82M","+3.74%"
"07/08/2024","517.60","484.70","538.70","468.15","3.54M","+7.86%"
"07/05/2024","479.90","458.85","498.00","451.70","2.15M","+3.85%"
"07/04/2024","462.10","419.00","481.80","417.65","4.06M","+12.26%"
"07/03/2024","411.65","412.70","417.50","408.90","440.64K","+0.89%"
"07/02/2024","408.00","411.90","418.00","404.80","415.95K","-0.43%"
"07/01/2024","409.75","418.30","418.40","404.00","320.81K","-0.99%"
"06/28/2024","413.85","402.00","427.00","395.40","672.77K","+2.63%"
"06/27/2024","403.25","395.00","417.10","395.00","721.25K","+2.32%"
"06/26/2024","394.10","395.00","397.95","387.95","315.29K","-0.42%"
"06/25/2024","395.75","399.90","403.70","393.10","273.56K","-0.60%"
"06/24/2024","398.15","406.35","408.70","396.00","363.44K","-2.17%"
"06/21/2024","407.00","420.00","429.00","400.45","1.97M","+3.50%"
"06/20/2024","393.25","393.95","408.65","388.85","659.94K","+0.32%"
"06/19/2024","392.00","408.90","409.25","388.50","709.83K","-3.31%"
"06/18/2024","405.40","402.50","414.00","386.30","1.19M","+1.16%"
"06/14/2024","400.75","354.10","417.30","348.20","4.33M","+13.85%"
"06/13/2024","352.00","356.65","356.80","344.20","363.99K","-0.55%"
"06/12/2024","353.95","338.50","362.80","338.50","495.43K","+2.36%"
"06/11/2024","345.80","334.50","353.95","333.00","532.49K","+3.24%"
"06/10/2024","334.95","332.30","337.15","327.75","229.57K","+1.58%"
"06/07/2024","329.75","324.00","334.00","322.90","488.89K","+2.36%"
"06/06/2024","322.15","300.15","327.40","300.15","539.07K","+8.18%"
"06/05/2024","297.80","295.00","305.50","277.55","483.97K","+2.97%"
"06/04/2024","289.20","328.00","328.00","268.90","922.91K","-11.14%"
"06/03/2024","325.45","330.00","332.95","314.15","627.31K","+4.98%"
"05/31/2024","310.00","319.25","324.70","307.05","716.55K","-2.70%"
"05/30/2024","318.60","327.85","331.70","317.00","593.73K","-2.78%"
"05/29/2024","327.70","328.25","339.95","326.05","541.25K","-0.11%"
"05/28/2024","328.05","336.00","340.95","326.80","408.24K","-3.85%"
"05/27/2024","341.20","351.60","355.05","338.25","526.21K","-2.96%"
"05/24/2024","351.60","359.45","369.80","349.00","555.49K","-3.25%"
"05/23/2024","363.40","389.00","389.00","352.00","1.93M","-9.01%"
"05/22/2024","399.40","340.20","402.80","333.00","3.19M","+18.98%"
"05/21/2024","335.70","343.90","348.65","333.50","269.18K","-1.67%"
"05/18/2024","341.40","335.60","345.00","335.55","90.50K","+2.14%"
"05/17/2024","334.25","334.40","339.80","333.00","225.41K","+1.29%"
"05/16/2024","330.00","319.80","333.85","319.80","225.37K","+3.55%"
"05/15/2024","318.70","320.95","332.00","317.00","148.43K","+0.02%"
"05/14/2024","318.65","303.80","321.05","302.05","242.91K","+5.58%"
"05/13/2024","301.80","304.30","307.20","296.30","185.16K","-0.49%"
"05/10/2024","303.30","305.00","310.20","297.10","207.51K","-0.30%"
"05/09/2024","304.20","324.50","326.95","301.10","327.90K","-6.14%"
"05/08/2024","324.10","321.80","330.00","318.40","115.89K","+0.54%"
"05/07/2024","322.35","324.50","331.05","320.50","272.85K","-0.66%"
"05/06/2024","324.50","345.00","346.50","321.10","341.18K","-5.67%"
"05/03/2024","344.00","346.55","352.15","336.00","196.60K","-0.28%"
"05/02/2024","344.95","346.70","353.15","342.75","220.42K","+0.57%"
"04/30/2024","343.00","341.85","357.00","340.10","343.51K","+1.21%"
"04/29/2024","338.90","347.30","352.60","337.05","155.59K","-2.01%"
"04/26/2024","345.85","355.00","356.50","344.30","194.77K","-2.23%"
"04/25/2024","353.75","354.15","358.00","350.85","206.33K","-0.97%"
"04/24/2024","357.20","357.25","373.95","354.15","1.19M","+4.72%"
"04/23/2024","341.10","344.50","349.00","336.20","345.71K","+0.03%"
"04/22/2024","341.00","320.00","344.00","319.50","711.11K","+9.05%"
"04/19/2024","312.70","313.50","323.90","303.75","277.18K","-1.09%"
"04/18/2024","316.15","315.20","329.00","315.00","280.82K","+0.41%"
"04/16/2024","314.85","306.10","326.00","306.10","363.18K","+1.73%"
"04/15/2024","309.50","300.20","320.70","299.05","282.95K","-1.70%"
"04/12/2024","314.85","322.00","328.80","313.25","216.52K","-3.32%"
"04/10/2024","325.65","331.40","334.85","323.70","231.28K","-1.14%"
"04/09/2024","329.40","341.00","342.65","323.15","335.45K","-3.29%"
"04/08/2024","340.60","341.60","350.00","338.05","293.99K","+0.61%"
"04/05/2024","338.55","344.00","352.30","336.60","494.14K","-2.00%"
"04/04/2024","345.45","364.00","369.00","341.10","3.34M","+4.16%"
"04/03/2024","331.65","305.40","343.90","305.40","2.19M","+9.17%"
"04/02/2024","303.80","287.40","307.90","284.10","614.13K","+6.00%"
"04/01/2024","286.60","269.40","288.90","266.20","448.94K","+7.93%"
"03/28/2024","265.55","263.45","273.15","263.45","211.57K","+0.89%"
"03/27/2024","263.20","258.40","273.90","257.30","304.77K","+2.33%"
"03/26/2024","257.20","259.30","263.45","256.10","166.28K","-1.49%"
"03/22/2024","261.10","254.50","263.60","252.25","216.80K","+2.35%"
"03/21/2024","255.10","254.30","259.50","247.75","317.34K","+4.85%"
"03/20/2024","243.30","241.80","247.50","234.10","266.48K","+1.42%"
"03/19/2024","239.90","248.10","255.90","236.30","234.21K","-3.71%"
"03/18/2024","249.15","257.55","263.30","247.00","254.54K","-3.34%"
"03/15/2024","257.75","257.65","264.70","250.30","249.46K","-1.21%"
"03/14/2024","260.90","247.00","272.15","245.85","529.71K","+5.29%"
"03/13/2024","247.80","269.70","274.00","241.80","496.15K","-7.76%"
"03/12/2024","268.65","282.00","284.75","259.95","432.56K","-4.87%"
"03/11/2024","282.40","296.85","296.95","275.00","271.44K","-1.86%"
"03/07/2024","287.75","278.05","291.00","278.05","297.25K","+3.47%"
"03/06/2024","278.10","297.55","301.80","272.15","673.92K","-6.32%"
"03/05/2024","296.85","310.00","315.20","295.05","295.63K","-4.04%"
"03/04/2024","309.35","308.60","317.40","304.55","311.00K","+0.70%"
"03/02/2024","307.20","306.95","307.95","305.10","28.53K","+0.62%"
"03/01/2024","305.30","303.00","312.95","301.50","369.85K","+1.41%"
"02/29/2024","301.05","299.00","307.45","293.50","317.46K","+0.17%"
"02/28/2024","300.55","301.85","310.75","295.30","574.61K","-1.51%"
"02/27/2024","305.15","317.85","323.95","301.90","747.61K","-2.82%"
"02/26/2024","314.00","297.75","318.00","296.55","953.34K","+6.28%"
"02/23/2024","295.45","294.95","304.40","293.00","556.40K","+0.72%"
"02/22/2024","293.35","301.70","302.90","288.30","595.05K","-2.10%"
"02/21/2024","299.65","310.00","312.90","295.05","1.08M","-2.95%"
"02/20/2024","308.75","286.00","318.80","286.00","3.79M","+8.49%"
"02/19/2024","284.60","282.50","287.25","275.85","373.27K","+1.17%"
"02/16/2024","281.30","282.10","289.10","278.20","529.77K","+0.07%"
"02/15/2024","281.10","269.95","284.00","265.40","673.78K","+4.77%"
"02/14/2024","268.30","244.00","271.00","243.90","1.12M","+8.05%"
"02/13/2024","248.30","236.70","258.90","236.70","854.24K","-2.91%"
"02/12/2024","255.75","273.00","273.25","252.00","861.94K","-6.13%"
"02/09/2024","272.45","275.25","282.85","264.45","482.21K","-2.66%"
"02/08/2024","279.90","284.10","288.85","277.65","464.04K","-0.74%"
"02/07/2024","282.00","281.00","287.00","275.60","543.01K","+1.24%"
"02/06/2024","278.55","281.00","287.45","274.35","962.74K","-0.04%"
"02/05/2024","278.65","284.00","293.95","274.25","738.52K","-1.71%"
"02/02/2024","283.50","299.95","301.45","280.45","2.57M","-4.45%"
"02/01/2024","296.70","249.80","296.70","248.10","6.09M","+20.00%"
"01/31/2024","247.25","251.75","251.75","245.60","162.17K","-0.94%"
"01/30/2024","249.60","253.80","255.70","247.15","182.68K","-0.79%"
"01/29/2024","251.60","247.45","256.50","246.80","373.80K","+2.48%"
"01/25/2024","245.50","244.50","253.65","243.10","438.08K","+1.15%"
"01/24/2024","242.70","240.95","246.35","235.40","355.42K","+1.15%"
"01/23/2024","239.95","255.60","256.95","235.35","583.77K","-5.23%"
"01/20/2024","253.20","249.45","261.20","249.45","369.08K","+1.50%"
"01/19/2024","249.45","254.95","257.40","248.10","277.02K","-1.48%"
"01/18/2024","253.20","248.95","256.45","242.05","435.74K","+1.65%"
"01/17/2024","249.10","260.00","260.90","248.15","526.96K","-4.32%"
"01/16/2024","260.35","266.50","273.50","258.25","783.93K","-1.25%"
"01/15/2024","263.65","263.00","265.85","257.40","400.85K","+0.46%"
"01/12/2024","262.45","268.95","270.75","260.80","347.24K","-1.33%"
"01/11/2024","266.00","266.90","277.35","263.45","511.97K","+0.17%"
"01/10/2024","265.55","271.50","273.00","263.00","581.53K","-2.35%"
"01/09/2024","271.95","278.00","279.10","268.75","871.06K","-1.25%"
"01/08/2024","275.40","275.00","286.40","272.35","2.82M","+2.90%"
"01/05/2024","267.65","240.00","274.45","239.90","6.75M","+11.71%"
"01/04/2024","239.60","242.40","243.20","236.65","678.93K","+0.88%"
"01/03/2024","237.50","226.90","241.30","226.80","895.69K","+5.04%"
"01/02/2024","226.10","229.75","234.50","223.85","627.41K","-0.75%"
"01/01/2024","227.80","227.50","232.00","227.00","560.66K","+0.13%"
"12/29/2023","227.50","229.95","232.00","224.80","532.12K","-0.48%"
"12/28/2023","228.60","228.50","232.70","225.10","736.07K","+2.10%"
"12/27/2023","223.90","225.90","231.80","222.35","443.91K","-0.29%"
"12/26/2023","224.55","222.00","227.00","219.45","281.97K","+1.81%"
"12/22/2023","220.55","222.35","224.90","218.10","248.94K","-0.05%"
"12/21/2023","220.65","216.45","222.90","215.85","573.01K","+0.71%"
"12/20/2023","219.10","232.05","234.40","214.55","751.29K","-5.58%"
"12/19/2023","232.05","229.95","238.70","229.35","503.75K","+1.49%"
"12/18/2023","228.65","236.00","237.05","227.60","815.93K","-3.50%"
"12/15/2023","236.95","239.90","243.90","234.60","711.00K","-0.69%"
"12/14/2023","238.60","236.90","254.50","236.90","4.32M","+2.03%"
"12/13/2023","233.85","230.40","236.00","227.30","429.13K","+2.23%"
"12/12/2023","228.75","234.00","240.00","227.00","665.33K","-2.47%"
"12/11/2023","234.55","225.40","242.00","223.10","1.49M","+5.13%"
"12/08/2023","223.10","221.00","228.15","218.30","592.29K","+1.39%"
"12/07/2023","220.05","221.40","224.75","217.10","221.59K","-0.61%"
"12/06/2023","221.40","219.60","223.25","217.60","244.34K","+1.21%"
"12/05/2023","218.75","225.70","228.65","216.80","355.01K","-2.71%"
"12/04/2023","224.85","224.90","227.40","221.05","367.64K","+2.23%"
"12/01/2023","219.95","227.65","232.80","218.35","520.78K","-3.38%"
"11/30/2023","227.65","229.25","233.00","223.05","323.13K","-0.70%"
"11/29/2023","229.25","227.00","237.00","225.10","474.50K","+1.98%"
"11/28/2023","224.80","227.00","229.80","222.00","318.38K","+0.78%"
"11/24/2023","223.05","227.70","234.90","222.00","628.57K","-1.26%"
"11/23/2023","225.90","219.00","244.90","218.90","2.75M","+2.40%"
"11/22/2023","220.60","229.80","229.90","216.15","549.19K","-2.95%"
"11/21/2023","227.30","229.00","236.00","225.05","1.60M","-0.11%"
"11/20/2023","227.55","218.00","231.85","211.90","7.18M","+7.41%"
"11/17/2023","211.85","178.30","211.85","178.30","9.20M","+19.99%"
"11/16/2023","176.55","173.00","179.10","171.65","254.64K","+1.99%"
"11/15/2023","173.10","173.10","177.45","171.45","167.91K","+0.84%"
"11/13/2023","171.65","171.45","173.95","169.75","117.04K","+0.12%"
"11/12/2023","171.45","170.85","173.95","168.50","77.27K","+1.99%"
"11/10/2023","168.10","171.45","171.75","159.90","423.25K","-3.64%"
"11/09/2023","174.45","176.20","176.30","171.30","165.79K","-0.57%"
"11/08/2023","175.45","178.85","178.95","174.75","180.22K","-1.43%"
"11/07/2023","178.00","179.00","179.30","176.70","86.88K","-0.08%"
"11/06/2023","178.15","175.10","181.00","174.60","297.49K","+2.24%"
"11/03/2023","174.25","176.20","177.05","170.30","110.43K","-0.60%"
"11/02/2023","175.30","174.70","177.20","172.50","204.50K","+1.98%"
"11/01/2023","171.90","174.80","177.20","171.20","91.94K","-1.69%"
"10/31/2023","174.85","177.95","178.60","174.20","123.31K","-1.44%"
"10/30/2023","177.40","177.40","182.40","174.15","298.95K","+0.57%"
"10/27/2023","176.40","170.00","178.00","170.00","398.50K","+4.01%"
"10/26/2023","169.60","172.35","173.50","166.80","370.11K","-3.03%"
"10/25/2023","174.90","171.00","176.15","170.10","307.98K","+1.45%"
"10/23/2023","172.40","181.00","181.70","171.10","479.27K","-5.17%"
"10/20/2023","181.80","186.65","186.65","179.85","410.97K","-1.92%"
"10/19/2023","185.35","178.95","191.00","177.00","1.85M","+3.32%"
"10/18/2023","179.40","183.80","185.80","178.15","432.67K","-2.02%"
"10/17/2023","183.10","182.45","188.15","181.25","914.58K","+1.08%"
"10/16/2023","181.15","174.30","183.40","173.00","776.24K","+4.08%"
"10/13/2023","174.05","175.80","177.75","173.10","224.57K","-1.42%"
"10/12/2023","176.55","172.30","181.40","171.85","944.01K","+3.28%"
"10/11/2023","170.95","166.30","173.35","166.05","596.17K","+3.26%"
"10/10/2023","165.55","160.25","169.50","158.85","636.06K","+3.83%"
"10/09/2023","159.45","160.90","161.50","157.75","135.89K","-1.73%"
"10/06/2023","162.25","163.50","166.70","161.60","353.37K","-0.31%"
"10/05/2023","162.75","166.60","167.25","162.00","177.33K","-1.24%"
"10/04/2023","164.80","165.90","168.45","163.20","212.68K","-1.11%"
"10/03/2023","166.65","167.80","170.40","166.05","181.22K","-0.71%"
"09/29/2023","167.85","167.00","172.20","165.10","808.79K","+1.36%"
"09/28/2023","165.60","168.30","170.75","163.65","291.34K","-0.84%"
"09/27/2023","167.00","169.45","171.50","166.00","294.58K","-1.85%"
"09/26/2023","170.15","173.80","174.90","169.05","388.30K","-2.27%"
"09/25/2023","174.10","177.70","179.20","173.00","188.94K","-1.53%"
"09/22/2023","176.80","178.70","181.75","176.05","489.16K","-1.01%"
"09/21/2023","178.60","178.60","183.50","176.80","926.93K","+0.00%"
"09/20/2023","178.60","175.00","185.55","174.45","1.07M","+1.91%"
"09/18/2023","175.25","175.85","177.40","173.65","269.75K","-0.48%"
"09/15/2023","176.10","176.00","178.95","175.30","190.06K","+0.11%"
"09/14/2023","175.90","175.90","180.45","174.30","309.13K","+0.72%"
"09/13/2023","174.65","171.90","182.80","170.15","1.46M","+3.13%"
"09/12/2023","169.35","182.70","183.25","165.00","764.60K","-6.95%"
"09/11/2023","182.00","184.50","188.00","180.00","677.22K","-0.84%"
"09/08/2023","183.55","180.95","185.40","180.20","608.57K","+1.92%"
"09/07/2023","180.10","182.45","183.70","178.20","407.80K","-0.83%"
"09/06/2023","181.60","178.65","184.50","176.00","842.81K","+1.88%"
"09/05/2023","178.25","177.65","184.45","173.15","776.83K","+0.85%"
"09/04/2023","176.75","177.30","179.45","176.00","514.72K","+1.06%"
"09/01/2023","174.90","167.00","178.00","166.20","1.10M","+4.95%"
"08/31/2023","166.65","164.85","172.90","163.50","733.82K","+1.46%"
"08/30/2023","164.25","165.80","167.05","163.20","255.02K","-0.48%"
"08/29/2023","165.05","164.70","165.95","162.90","225.71K","+0.67%"
"08/28/2023","163.95","164.70","165.35","162.55","124.08K","+1.08%"
"08/25/2023","162.20","164.45","168.60","160.65","491.17K","-0.70%"
"08/24/2023","163.35","164.35","166.90","161.60","324.23K","+0.52%"
"08/23/2023","162.50","165.95","166.25","161.80","144.36K","-0.49%"
"08/22/2023","163.30","164.70","167.90","162.45","288.48K","+0.15%"
"08/21/2023","163.05","159.50","164.50","158.00","300.95K","+2.23%"
"08/18/2023","159.50","165.40","165.70","158.50","440.71K","-3.86%"
"08/17/2023","165.90","165.90","168.00","162.15","465.17K","+0.39%"
"08/16/2023","165.25","161.00","169.55","161.00","757.98K","+3.18%"
"08/14/2023","160.15","170.00","174.10","156.50","2.60M","-13.87%"
"08/11/2023","185.95","189.70","192.80","185.10","399.41K","-1.38%"
"08/10/2023","188.55","192.95","196.40","187.00","662.95K","-1.18%"
"08/09/2023","190.80","187.00","193.45","186.00","707.88K","+2.94%"
"08/08/2023","185.35","187.40","190.60","183.00","506.70K","-2.11%"
"08/07/2023","189.35","191.00","197.70","185.70","1.60M","-0.55%"
"08/04/2023","190.40","186.05","193.30","183.00","1.91M","+3.06%"
"08/03/2023","184.75","177.55","194.30","175.95","4.65M","+3.82%"
"08/02/2023","177.95","167.50","183.90","165.00","9.05M","+11.11%"
"08/01/2023","160.15","162.10","164.40","158.15","210.53K","-1.17%"
"07/31/2023","162.05","158.35","163.00","157.45","252.52K","+3.22%"
"07/28/2023","157.00","158.35","159.20","155.50","182.18K","-0.19%"
"07/27/2023","157.30","160.35","161.30","157.05","149.93K","-0.98%"
"07/26/2023","158.85","160.35","162.95","158.45","161.10K","-0.66%"
"07/25/2023","159.90","159.00","162.85","159.00","138.03K","+1.11%"
"07/24/2023","158.15","158.50","159.70","156.45","165.85K","-0.22%"
"07/21/2023","158.50","160.05","161.45","158.20","140.49K","-1.55%"
"07/20/2023","161.00","162.25","163.70","160.05","185.63K","+0.00%"
"07/19/2023","161.00","161.70","165.60","160.30","434.39K","+0.06%"
"07/18/2023","160.90","159.80","174.35","158.65","1.90M","+1.26%"
"07/17/2023","158.90","160.50","162.30","158.45","131.24K","-0.41%"
"07/14/2023","159.55","156.80","164.45","154.80","428.50K","+2.60%"
"07/13/2023","155.50","158.30","160.05","155.15","118.26K","-0.83%"
"07/12/2023","156.80","159.55","159.55","156.00","154.90K","-1.10%"
"07/11/2023","158.55","161.60","162.75","157.75","175.48K","-1.28%"
"07/10/2023","160.60","156.70","161.80","153.95","294.66K","+2.49%"
"07/07/2023","156.70","160.80","161.90","155.60","237.19K","-2.55%"
"07/06/2023","160.80","160.75","163.30","159.45","255.51K","+0.75%"
"07/05/2023","159.60","153.55","163.20","153.55","512.47K","+3.00%"
"07/04/2023","154.95","155.95","158.40","152.60","150.94K","+0.13%"
"07/03/2023","154.75","158.00","159.70","154.00","157.36K","-1.43%"
"06/30/2023","157.00","158.45","162.45","155.10","244.19K","-0.25%"
"06/28/2023","157.40","160.20","160.90","155.55","169.03K","-1.01%"
"06/27/2023","159.00","157.90","165.00","157.55","413.42K","+1.96%"
"06/26/2023","155.95","158.00","160.05","154.25","213.90K","-1.02%"
"06/23/2023","157.55","161.10","163.55","156.50","447.68K","-2.20%"
"06/22/2023","161.10","166.90","167.85","158.55","452.71K","-2.83%"
"06/21/2023","165.80","171.90","174.00","164.55","488.65K","-2.30%"
"06/20/2023","169.70","164.40","174.50","162.80","1.05M","+4.01%"
"06/19/2023","163.15","164.00","170.40","162.05","795.61K","+0.80%"
"06/16/2023","161.85","162.20","163.55","159.20","337.60K","+0.43%"
"06/15/2023","161.15","156.50","162.70","156.50","370.60K","+2.48%"
"06/14/2023","157.25","160.20","161.80","156.60","179.92K","-1.60%"
"06/13/2023","159.80","160.75","162.70","159.00","344.24K","+0.41%"
"06/12/2023","159.15","158.40","168.95","157.10","1.85M","+1.92%"
"06/09/2023","156.15","152.40","158.50","151.50","581.24K","+3.04%"
"06/08/2023","151.55","158.25","158.45","150.15","347.03K","-4.02%"
"06/07/2023","157.90","153.90","159.95","151.15","916.49K","+3.27%"
"06/06/2023","152.90","158.60","160.45","151.05","1.33M","-1.96%"
"06/05/2023","155.95","133.40","158.55","133.40","5.11M","+18.01%"
"06/02/2023","132.15","131.90","134.00","131.50","86.85K","+0.49%"
"06/01/2023","131.50","126.95","135.50","126.95","265.49K","+4.74%"
"05/31/2023","125.55","126.20","127.55","124.60","62.52K","+0.48%"
"05/30/2023","124.95","127.00","128.10","124.00","64.70K","-0.91%"
"05/29/2023","126.10","132.10","132.15","125.20","267.06K","-7.21%"
"05/26/2023","135.90","134.15","138.15","133.00","71.40K","+1.30%"
"05/25/2023","134.15","133.95","135.90","133.55","32.68K","-0.07%"
"05/24/2023","134.25","135.00","137.60","132.65","61.14K","-0.92%"
"05/23/2023","135.50","138.70","139.90","135.20","45.84K","-2.34%"
"05/22/2023","138.75","135.60","142.80","134.10","161.60K","+2.63%"
"05/19/2023","135.20","139.25","139.25","133.55","75.16K","-2.14%"
"05/18/2023","138.15","132.00","142.40","132.00","331.32K","+4.42%"
"05/17/2023","132.30","134.60","136.55","131.25","78.42K","-1.42%"
"05/16/2023","134.20","136.00","139.85","133.85","89.68K","-1.79%"
"05/15/2023","136.65","139.75","139.75","135.05","69.15K","-1.73%"
"05/12/2023","139.05","139.40","143.00","138.25","138.81K","-0.25%"
"05/11/2023","139.40","136.00","140.90","136.00","231.29K","+2.61%"
"05/10/2023","135.85","139.95","141.00","135.00","145.47K","-2.93%"
"05/09/2023","139.95","139.80","144.00","138.00","299.65K","+1.12%"
"05/08/2023","138.40","137.50","142.80","135.70","265.63K","+0.95%"
"05/05/2023","137.10","131.90","144.45","131.50","937.32K","+4.14%"
"05/04/2023","131.65","127.95","137.45","127.60","406.97K","+3.05%"
"05/03/2023","127.75","130.75","133.85","126.90","94.62K","-2.29%"
"05/02/2023","130.75","131.90","132.85","128.10","242.78K","+0.19%"
"04/28/2023","130.50","134.20","135.80","129.30","665.08K","-3.69%"
"04/27/2023","135.50","114.50","137.70","114.50","2.25M","+18.08%"
"04/26/2023","114.75","116.10","116.60","114.50","52.21K","-1.16%"
"04/25/2023","116.10","117.05","117.60","115.80","24.30K","-0.73%"
"04/24/2023","116.95","118.10","119.40","115.80","35.84K","+0.52%"
"04/21/2023","116.35","117.70","117.95","115.80","19.76K","-0.34%"
"04/20/2023","116.75","116.35","119.65","115.80","64.84K","+0.34%"
"04/19/2023","116.35","116.40","117.90","115.95","24.39K","-0.04%"
"04/18/2023","116.40","117.65","119.90","115.90","46.04K","-1.06%"
"04/17/2023","117.65","114.65","119.60","112.25","69.49K","+2.57%"
"04/13/2023","114.70","116.20","117.70","113.40","53.71K","-2.17%"
"04/12/2023","117.25","113.00","122.70","112.45","449.31K","+4.36%"
"04/11/2023","112.35","108.25","114.75","107.70","131.43K","+4.80%"
"04/10/2023","107.20","108.95","109.05","106.60","42.54K","-0.14%"
"04/06/2023","107.35","107.65","108.55","107.00","37.47K","+0.33%"
"04/05/2023","107.00","103.05","109.20","103.05","88.77K","+2.74%"
"04/03/2023","104.15","100.00","104.85","100.00","76.00K","+4.99%"
"03/31/2023","99.20","102.90","103.45","98.50","138.86K","-2.22%"
"03/29/2023","101.45","98.25","103.45","98.25","115.14K","+3.31%"
"03/28/2023","98.20","100.95","101.45","97.55","115.36K","-2.48%"
"03/27/2023","100.70","104.20","105.00","99.80","130.91K","-3.41%"
"03/24/2023","104.25","108.10","109.75","103.30","94.01K","-5.14%"
"03/23/2023","109.90","108.00","112.45","106.95","191.04K","+1.20%"
"03/22/2023","108.60","103.45","111.00","101.50","320.91K","+6.00%"
"03/21/2023","102.45","104.55","106.10","102.00","158.45K","-1.96%"
"03/20/2023","104.50","105.95","106.50","102.55","98.86K","-1.46%"
"03/17/2023","106.05","110.85","110.85","104.05","127.88K","-2.93%"
"03/16/2023","109.25","108.20","112.00","105.55","77.06K","+0.97%"
"03/15/2023","108.20","110.00","112.15","107.70","77.77K","-0.60%"
"03/14/2023","108.85","111.00","115.05","108.00","147.94K","-2.94%"
"03/13/2023","112.15","117.55","118.75","111.55","86.76K","-3.73%"
"03/10/2023","116.50","118.00","120.00","116.00","57.99K","-1.44%"
"03/09/2023","118.20","119.80","121.90","117.50","57.81K","-1.34%"
"03/08/2023","119.80","117.70","121.50","116.40","92.82K","+1.78%"
"03/06/2023","117.70","117.70","122.45","117.00","57.98K","-0.04%"
"03/03/2023","117.75","116.90","118.35","116.45","31.54K","+1.90%"
"03/02/2023","115.55","116.00","118.75","114.45","32.86K","-0.26%"
"03/01/2023","115.85","113.90","118.55","113.40","51.87K","+2.21%"
"02/28/2023","113.35","113.45","114.55","111.50","30.84K","+1.43%"
"02/27/2023","111.75","115.15","116.55","110.85","99.77K","-3.46%"
"02/24/2023","115.75","117.30","118.25","115.00","70.76K","-0.86%"
"02/23/2023","116.75","119.30","121.80","115.65","42.79K","-1.97%"
"02/22/2023","119.10","118.50","126.75","118.50","126.15K","+0.72%"
"02/21/2023","118.25","115.00","119.00","112.60","107.13K","+3.68%"
"02/20/2023","114.05","116.85","117.95","113.45","98.03K","-1.64%"
"02/17/2023","115.95","120.00","120.00","115.50","54.91K","-2.07%"
"02/16/2023","118.40","117.40","121.40","117.40","83.59K","+0.08%"
"02/15/2023","118.30","121.60","122.50","116.60","149.70K","-5.06%"
"02/14/2023","124.60","126.70","127.85","124.10","22.95K","-1.66%"
"02/13/2023","126.70","127.00","128.30","126.05","32.53K","+0.12%"
"02/10/2023","126.55","127.25","129.20","124.65","39.99K","-0.75%"
"02/09/2023","127.50","125.60","128.40","124.80","24.90K","+1.76%"
"02/08/2023","125.30","125.00","127.05","122.95","51.60K","+0.64%"
"02/07/2023","124.50","128.05","128.05","123.00","44.89K","-1.35%"
"02/06/2023","126.20","125.30","129.95","125.25","46.30K","+0.76%"
"02/03/2023","125.25","127.20","128.00","124.00","58.12K","-1.46%"
"02/02/2023","127.10","127.25","131.95","124.85","31.72K","+0.00%"
"02/01/2023","127.10","129.00","132.35","125.55","83.39K","-1.05%"
"01/31/2023","128.45","128.15","130.55","127.00","59.46K","+0.39%"
"01/30/2023","127.95","128.20","131.90","127.00","69.54K","-1.65%"
"01/27/2023","130.10","133.35","134.00","129.00","46.44K","-2.44%"
"01/25/2023","133.35","134.05","134.05","131.55","57.03K","-0.07%"
"01/24/2023","133.45","135.50","136.45","133.00","51.64K","-1.15%"
"01/23/2023","135.00","135.35","138.05","134.10","50.17K","-0.26%"
"01/20/2023","135.35","136.00","137.95","134.75","33.69K","-1.35%"
"01/19/2023","137.20","138.70","140.30","136.65","44.42K","-1.12%"
"01/18/2023","138.75","136.15","140.25","135.05","104.79K","+1.28%"
"01/17/2023","137.00","138.60","139.80","136.35","59.79K","-0.87%"
"01/16/2023","138.20","136.30","140.50","136.00","53.99K","+0.51%"
"01/13/2023","137.50","139.70","139.70","136.10","55.74K","-0.51%"
"01/12/2023","138.20","137.55","139.20","136.75","24.38K","-0.25%"
"01/11/2023","138.55","139.00","140.00","137.30","40.53K","-0.29%"
"01/10/2023","138.95","136.45","140.45","135.95","48.84K","+1.76%"
"01/09/2023","136.55","139.00","140.65","135.35","41.29K","-0.51%"
"01/06/2023","137.25","137.75","138.00","136.00","25.28K","-0.25%"
"01/05/2023","137.60","139.00","139.00","135.35","35.56K","+0.36%"
"01/04/2023","137.10","138.10","138.70","135.00","50.62K","-0.65%"
"01/03/2023","138.00","138.50","139.80","137.55","54.21K","-0.36%"
"01/02/2023","138.50","142.00","142.00","138.00","82.70K","-1.11%"
"12/30/2022","140.05","141.00","143.40","138.55","63.71K","+0.39%"
"12/29/2022","139.50","139.90","141.40","137.55","52.07K","-0.39%"
"12/28/2022","140.05","138.20","140.65","137.30","37.55K","+1.34%"
"12/27/2022","138.20","135.00","138.95","135.00","49.52K","+1.99%"
"12/26/2022","135.50","130.55","136.50","130.55","47.86K","+3.24%"
"12/23/2022","131.25","133.50","135.95","130.75","93.10K","-3.03%"
"12/22/2022","135.35","142.95","142.95","134.00","111.56K","-3.90%"
"12/21/2022","140.85","143.40","146.75","135.85","91.06K","-1.78%"
"12/20/2022","143.40","143.95","145.50","141.60","48.99K","-0.38%"
"12/19/2022","143.95","142.80","144.70","142.55","101.41K","+0.84%"
"12/16/2022","142.75","145.20","146.45","142.00","62.41K","-1.69%"
"12/15/2022","145.20","146.15","149.00","144.10","77.60K","-1.53%"
"12/14/2022","147.45","150.70","151.00","146.95","96.49K","-0.37%"
"12/13/2022","148.00","148.50","151.45","147.20","72.34K","-0.13%"
"12/12/2022","148.20","150.00","150.00","146.30","59.39K","-0.80%"
"12/09/2022","149.40","155.75","155.75","148.00","79.23K","-3.49%"
"12/08/2022","154.80","151.75","159.20","151.75","264.01K","+2.58%"
"12/07/2022","150.90","154.90","156.25","149.80","129.25K","-2.24%"
"12/06/2022","154.35","160.00","161.25","153.50","117.35K","-4.04%"
"12/05/2022","160.85","164.00","164.00","158.40","278.50K","-2.10%"
"12/02/2022","164.30","153.40","169.90","152.00","439.67K","+7.04%"
"12/01/2022","153.50","151.60","159.75","149.05","542.48K","+1.39%"
"11/30/2022","151.40","142.80","152.50","142.80","422.36K","+6.02%"
"11/29/2022","142.80","142.15","144.00","138.85","124.25K","+1.28%"
"11/28/2022","141.00","142.00","144.75","139.45","168.67K","-1.36%"
"11/25/2022","142.95","131.00","151.35","131.00","1.10M","+9.33%"
"11/24/2022","130.75","131.45","133.00","130.35","45.24K","-0.46%"
"11/23/2022","131.35","132.05","132.95","130.55","34.11K","-0.53%"
"11/22/2022","132.05","130.70","134.45","130.25","111.09K","+0.96%"
"11/21/2022","130.80","133.00","134.00","130.20","58.62K","-1.69%"
"11/18/2022","133.05","135.45","135.45","132.40","33.95K","-0.89%"
"11/17/2022","134.25","134.00","135.50","133.10","56.66K","+0.04%"
"11/16/2022","134.20","135.00","136.45","133.75","142.95K","-1.83%"
"11/15/2022","136.70","144.00","144.00","131.25","318.90K","-5.82%"
"11/14/2022","145.15","144.00","146.95","141.50","73.88K","+0.90%"
"11/11/2022","143.85","142.95","146.50","139.10","133.48K","+2.97%"
"11/10/2022","139.70","139.00","140.60","137.90","83.33K","+0.47%"
"11/09/2022","139.05","140.05","140.50","138.15","56.24K","-0.18%"
"11/07/2022","139.30","138.00","140.95","138.00","52.81K","+0.29%"
"11/04/2022","138.90","140.05","140.10","138.00","75.09K","-0.36%"
"11/03/2022","139.40","138.10","140.15","138.00","31.97K","+0.07%"
"11/02/2022","139.30","140.00","140.85","138.10","60.95K","-0.39%"
"11/01/2022","139.85","141.05","141.40","138.85","60.99K","-0.29%"
"10/31/2022","140.25","142.70","143.55","139.50","58.42K","-0.74%"
"10/28/2022","141.30","143.55","144.75","140.90","55.67K","-1.09%"
"10/27/2022","142.85","144.10","144.90","142.10","54.86K","-0.80%"
"10/25/2022","144.00","146.85","147.05","143.10","32.67K","-0.59%"
"10/24/2022","144.85","146.00","147.80","143.60","22.18K","-0.10%"
"10/21/2022","145.00","146.00","147.20","143.55","34.40K","+0.00%"
"10/20/2022","145.00","146.10","149.50","144.25","69.73K","-0.89%"
"10/19/2022","146.30","149.00","150.10","145.20","52.59K","-0.98%"
"10/18/2022","147.75","145.20","149.70","144.30","94.34K","+2.39%"
"10/17/2022","144.30","144.50","145.95","143.15","33.17K","-0.03%"
"10/14/2022","144.35","148.70","148.70","143.30","69.87K","-1.37%"
"10/13/2022","146.35","147.30","149.05","145.90","40.10K","-0.78%"
"10/12/2022","147.50","149.30","150.70","146.55","54.11K","-0.64%"
"10/11/2022","148.45","151.90","154.95","147.10","78.88K","-2.27%"
"10/10/2022","151.90","150.00","153.05","148.90","66.66K","+0.70%"
"10/07/2022","150.85","147.60","152.00","147.05","58.29K","+2.17%"
"10/06/2022","147.65","148.65","149.65","147.10","51.32K","+0.72%"
"10/04/2022","146.60","147.50","147.50","145.35","31.27K","+1.14%"
"10/03/2022","144.95","146.40","148.25","143.80","68.69K","-0.31%"
"09/30/2022","145.40","146.70","148.30","141.00","61.13K","-1.09%"
"09/29/2022","147.00","152.00","152.25","145.35","154.03K","-1.21%"
"09/28/2022","148.80","144.65","151.00","144.30","147.66K","+2.34%"
"09/27/2022","145.40","148.50","148.50","144.25","126.14K","-0.62%"
"09/26/2022","146.30","144.00","153.00","141.15","131.05K","-1.71%"
"09/23/2022","148.85","154.90","154.90","148.20","106.95K","-2.46%"
"09/22/2022","152.60","151.70","156.00","148.20","117.45K","+0.89%"
"09/21/2022","151.25","157.00","157.25","150.10","95.77K","-2.86%"
"09/20/2022","155.70","155.45","162.00","154.65","103.39K","+1.30%"
"09/19/2022","153.70","155.00","157.00","152.55","115.58K","-0.36%"
"09/16/2022","154.25","160.80","161.75","152.65","156.38K","-3.14%"
"09/15/2022","159.25","162.85","164.50","157.85","137.99K","-2.21%"
"09/14/2022","162.85","161.00","166.55","158.25","265.32K","+0.25%"
"09/13/2022","162.45","166.20","171.50","161.05","543.40K","-1.34%"
"09/12/2022","164.65","154.40","167.85","153.75","894.82K","+7.68%"
"09/09/2022","152.90","155.30","156.55","152.10","113.17K","-1.00%"
"09/08/2022","154.45","154.00","156.75","152.85","141.81K","+1.44%"
"09/07/2022","152.25","152.30","156.55","151.30","147.26K","-0.36%"
"09/06/2022","152.80","157.00","158.00","152.40","162.72K","-2.36%"
"09/05/2022","156.50","152.90","159.00","152.00","367.55K","+2.96%"
"09/02/2022","152.00","145.10","157.00","145.10","782.23K","+5.01%"
"09/01/2022","144.75","146.75","148.75","144.10","94.69K","-1.13%"
"08/30/2022","146.40","148.10","150.90","143.70","106.38K","-0.44%"
"08/29/2022","147.05","143.00","149.85","140.45","109.32K","+0.07%"
"08/26/2022","146.95","148.05","149.30","145.50","64.85K","+0.38%"
"08/25/2022","146.40","148.85","151.05","146.00","140.05K","-0.68%"
"08/24/2022","147.40","140.75","152.40","139.05","791.36K","+4.84%"
"08/23/2022","140.60","139.15","142.60","138.40","88.87K","+1.01%"
"08/22/2022","139.20","140.40","143.50","137.00","164.15K","+0.04%"
"08/19/2022","139.15","136.30","142.80","136.30","133.14K","+0.51%"
"08/18/2022","138.45","142.05","144.00","136.90","159.57K","-2.19%"
"08/17/2022","141.55","142.65","143.90","140.00","152.62K","+0.18%"
"08/16/2022","141.30","138.40","144.00","137.00","201.11K","+3.52%"
"08/12/2022","136.50","133.00","139.00","133.00","187.51K","+3.92%"
"08/11/2022","131.35","133.00","136.10","129.00","120.79K","-1.13%"
"08/10/2022","132.85","136.70","138.65","127.35","174.77K","-2.82%"
"08/08/2022","136.70","135.90","140.00","135.50","91.70K","-0.40%"
"08/05/2022","137.25","138.60","141.00","135.60","152.75K","-0.51%"
"08/04/2022","137.95","143.15","143.15","135.00","156.46K","-2.20%"
"08/03/2022","141.05","136.70","151.10","136.00","641.87K","+4.02%"
"08/02/2022","135.60","135.35","138.50","133.65","163.66K","+0.00%"
"08/01/2022","135.60","137.00","137.00","133.00","122.97K","-0.51%"
"07/29/2022","136.30","129.95","139.50","129.95","559.87K","+6.48%"
"07/28/2022","128.00","128.00","130.50","126.15","173.57K","+0.31%"
"07/27/2022","127.60","130.05","133.50","125.60","274.99K","-3.44%"
"07/26/2022","132.15","138.40","139.40","130.25","214.62K","-4.13%"
"07/25/2022","137.85","144.50","145.95","136.00","374.92K","-4.83%"
"07/22/2022","144.85","149.05","153.20","142.10","357.03K","-3.40%"
"07/21/2022","149.95","147.00","154.15","145.00","731.03K","+0.54%"
"07/20/2022","149.15","150.00","159.50","146.00","2.76M","+0.44%"
"07/19/2022","148.50","127.45","149.25","126.00","4.03M","+19.37%"
"07/18/2022","124.40","125.65","126.15","122.85","118.79K","+0.48%"
"07/15/2022","123.80","125.55","127.50","123.00","66.23K","-1.55%"
"07/14/2022","125.75","128.00","128.95","125.40","74.25K","-1.72%"
"07/13/2022","127.95","127.00","130.65","126.80","88.86K","+1.47%"
"07/12/2022","126.10","129.00","131.60","125.25","135.59K","-2.25%"
"07/11/2022","129.00","129.00","130.90","128.55","100.40K","+0.04%"
"07/08/2022","128.95","131.00","132.00","128.40","188.14K","-0.85%"
"07/07/2022","130.05","128.00","132.15","128.00","63.34K","+1.64%"
"07/06/2022","127.95","128.50","130.15","127.50","69.52K","-0.51%"
"07/05/2022","128.60","130.00","132.20","128.40","56.11K","+0.00%"
"07/04/2022","128.60","130.05","132.95","128.00","48.74K","-1.04%"
"07/01/2022","129.95","129.20","132.00","129.20","43.62K","-0.23%"
"06/30/2022","130.25","133.90","135.40","129.00","24.59K","-1.96%"
"06/29/2022","132.85","132.20","137.60","132.20","47.97K","-1.01%"
"06/28/2022","134.20","136.10","136.30","132.80","33.46K","-1.40%"
"06/27/2022","136.10","138.00","139.65","134.85","28.47K","-0.62%"
"06/24/2022","136.95","135.85","139.50","134.65","28.21K","+2.35%"
"06/23/2022","133.80","132.90","134.65","132.75","24.85K","+1.17%"
"06/22/2022","132.25","133.50","134.60","130.55","36.53K","-0.94%"
"06/21/2022","133.50","128.00","135.00","126.25","51.35K","+4.91%"
"06/20/2022","127.25","135.70","135.75","125.05","78.58K","-2.45%"
"06/17/2022","130.45","132.00","137.95","129.00","55.13K","-1.47%"
"06/16/2022","132.40","140.00","142.15","131.10","67.80K","-3.81%"
"06/15/2022","137.65","140.10","143.75","135.15","60.05K","-0.94%"
"06/14/2022","138.95","139.50","146.00","136.55","109.53K","-0.61%"
"06/13/2022","139.80","143.20","144.90","134.70","71.42K","-3.85%"
"06/10/2022","145.40","145.00","148.40","144.65","41.83K","-0.99%"
"06/09/2022","146.85","147.65","149.95","145.35","49.95K","-0.54%"
"06/08/2022","147.65","152.75","152.75","147.00","74.34K","-1.89%"
"06/07/2022","150.50","153.65","155.05","149.00","52.97K","-2.30%"
"06/06/2022","154.05","157.50","157.75","152.65","70.44K","-2.03%"
"06/03/2022","157.25","166.00","168.90","155.75","129.39K","-3.59%"
"06/02/2022","163.10","166.95","166.95","161.55","64.50K","-0.76%"
"06/01/2022","164.35","171.00","174.20","161.65","101.54K","-4.03%"
"05/31/2022","171.25","171.00","174.95","153.30","467.06K","-4.46%"
"05/30/2022","179.25","177.80","183.00","177.00","90.37K","+0.99%"
"05/27/2022","177.50","180.00","180.30","176.50","42.53K","+0.11%"
"05/26/2022","177.30","177.00","180.75","176.50","103.83K","+0.08%"
"05/25/2022","177.15","177.20","178.40","176.10","83.36K","-0.03%"
"05/24/2022","177.20","177.10","179.25","176.20","97.26K","-0.06%"
"05/23/2022","177.30","179.00","180.10","176.30","103.42K","+0.06%"
"05/20/2022","177.20","180.00","181.95","176.25","81.30K","-0.20%"
"05/19/2022","177.55","183.05","183.05","176.15","150.69K","-4.13%"
"05/18/2022","185.20","183.25","192.00","180.55","493.22K","+1.81%"
"05/17/2022","181.90","179.50","184.30","178.45","148.60K","+1.76%"
"05/16/2022","178.75","176.10","181.15","176.10","70.70K","+0.90%"
"05/13/2022","177.15","180.00","183.50","176.15","65.97K","-0.08%"
"05/12/2022","177.30","179.80","183.80","173.80","197.84K","-0.39%"
"05/11/2022","178.00","176.20","180.00","175.50","202.62K","+0.51%"
"05/10/2022","177.10","177.00","179.85","176.15","139.79K","-0.42%"
"05/09/2022","177.85","182.65","182.65","176.95","143.77K","-2.12%"
"05/06/2022","181.70","174.05","184.50","173.90","187.65K","+1.94%"
"05/05/2022","178.25","180.80","182.00","176.60","135.47K","+0.28%"
"05/04/2022","177.75","187.55","190.90","176.10","364.43K","-3.61%"
"05/02/2022","184.40","180.90","192.60","179.10","1.58M","+4.18%"
"04/29/2022","177.00","178.35","180.25","175.50","147.58K","-0.14%"
"04/28/2022","177.25","183.70","184.25","176.80","157.91K","-3.01%"
"04/27/2022","182.75","177.70","187.20","172.05","381.43K","+2.38%"
"04/26/2022","178.50","180.70","184.75","177.20","522.00K","+0.73%"
"04/25/2022","177.20","181.00","183.30","175.00","280.61K","-3.62%"
"04/22/2022","183.85","178.45","190.40","176.15","1.03M","+2.57%"
"04/21/2022","179.25","169.00","193.80","167.50","3.68M","+7.08%"
"04/20/2022","167.40","160.00","169.80","158.80","224.20K","+5.38%"
"04/19/2022","158.85","163.50","165.25","156.65","96.58K","-2.64%"
"04/18/2022","163.15","162.15","166.90","161.00","159.68K","-0.67%"
"04/13/2022","164.25","167.45","169.95","162.45","108.69K","-1.47%"
"04/12/2022","166.70","170.00","170.50","165.40","92.37K","-1.56%"
"04/11/2022","169.35","171.25","174.50","168.20","257.10K","+0.09%"
"04/08/2022","169.20","170.90","173.80","168.00","179.00K","+0.00%"
"04/07/2022","169.20","170.55","175.00","165.40","444.42K","+0.33%"
"04/06/2022","168.65","161.00","174.20","158.40","1.08M","+6.47%"
"04/05/2022","158.40","156.35","161.00","155.50","222.23K","+2.29%"
"04/04/2022","154.85","153.45","157.80","153.45","145.29K","+0.95%"
"04/01/2022","153.40","154.95","159.10","151.00","253.20K","+0.89%"
"03/31/2022","152.05","149.50","155.50","144.30","372.66K","+2.49%"
"03/30/2022","148.35","139.90","151.00","137.15","373.19K","+6.73%"
"03/29/2022","139.00","139.95","141.05","130.75","550.64K","+0.51%"
"03/28/2022","138.30","144.50","144.90","138.00","248.61K","-4.12%"
"03/25/2022","144.25","148.90","148.90","144.00","107.98K","-1.60%"
"03/24/2022","146.60","146.20","147.30","144.10","192.69K","+0.27%"
"03/23/2022","146.20","148.90","149.90","146.00","111.67K","-0.98%"
"03/22/2022","147.65","146.55","149.40","143.55","142.91K","+0.72%"
"03/21/2022","146.60","153.60","153.60","145.00","142.03K","-2.56%"
"03/17/2022","150.45","152.70","155.50","149.65","326.37K","-0.79%"
"03/16/2022","151.65","154.45","154.45","151.20","61.81K","+0.33%"
"03/15/2022","151.15","152.00","155.60","150.00","190.16K","-0.56%"
"03/14/2022","152.00","153.00","153.20","145.00","101.18K","-1.23%"
"03/11/2022","153.90","157.20","157.35","153.15","80.21K","-0.68%"
"03/10/2022","154.95","155.50","158.85","154.40","98.11K","+1.81%"
"03/09/2022","152.20","149.40","152.90","149.40","118.93K","+1.91%"
"03/08/2022","149.35","148.75","150.75","145.75","147.00K","+1.39%"
"03/07/2022","147.30","150.00","150.95","145.50","90.89K","-2.87%"
"03/04/2022","151.65","154.50","155.85","150.60","76.27K","-1.84%"
"03/03/2022","154.50","157.20","157.20","153.00","80.75K","+0.13%"
"03/02/2022","154.30","150.20","156.90","150.20","82.37K","+0.75%"
"02/28/2022","153.15","153.20","155.25","149.50","109.61K","-0.03%"
"02/25/2022","153.20","151.70","155.50","151.40","116.14K","+3.51%"
"02/24/2022","148.00","149.00","153.60","147.00","149.50K","-6.80%"
"02/23/2022","158.80","150.35","164.15","150.35","172.30K","+4.92%"
"02/22/2022","151.35","150.30","156.25","148.00","207.93K","-3.90%"
"02/21/2022","157.50","169.95","169.95","156.00","190.53K","-6.42%"
"02/18/2022","168.30","168.30","171.95","165.10","114.02K","+0.00%"
"02/17/2022","168.30","174.25","175.65","167.00","151.84K","-2.77%"
"02/16/2022","173.10","174.95","178.90","172.30","184.72K","-0.37%"
"02/15/2022","173.75","179.45","183.25","170.00","206.99K","-1.25%"
"02/14/2022","175.95","181.00","190.55","174.00","652.58K","-1.40%"
"02/11/2022","178.45","174.70","185.95","171.00","1.10M","-6.33%"
"02/10/2022","190.50","232.80","232.80","190.50","709.15K","-19.99%"
"02/09/2022","238.10","238.85","244.50","237.00","78.39K","-0.17%"
"02/08/2022","238.50","246.00","246.25","237.05","143.49K","-2.13%"
"02/07/2022","243.70","243.80","248.00","241.30","132.03K","+0.47%"
"02/04/2022","242.55","246.45","251.20","240.40","87.49K","-1.08%"
"02/03/2022","245.20","250.00","252.00","244.25","33.73K","-1.53%"
"02/02/2022","249.00","248.00","251.00","247.10","48.43K","+0.77%"
"02/01/2022","247.10","240.10","254.70","239.00","165.74K","+3.43%"
"01/31/2022","238.90","244.00","244.00","237.50","40.88K","+0.72%"
"01/28/2022","237.20","237.90","245.00","235.10","92.29K","+0.21%"
"01/27/2022","236.70","231.50","238.70","231.50","60.40K","-0.27%"
"01/25/2022","237.35","237.65","241.40","233.35","46.38K","+0.38%"
"01/24/2022","236.45","245.00","245.50","235.00","90.07K","-3.31%"
"01/21/2022","244.55","248.45","249.55","242.45","54.07K","-1.57%"
"01/20/2022","248.45","251.40","254.20","246.35","91.21K","-0.66%"
"01/19/2022","250.10","251.75","253.05","247.20","58.23K","-0.99%"
"01/18/2022","252.60","264.90","269.90","250.00","174.11K","-3.92%"
"01/17/2022","262.90","252.85","266.95","252.85","285.18K","+3.97%"
"01/14/2022","252.85","247.75","254.90","246.00","111.02K","+2.56%"
"01/13/2022","246.55","248.00","248.75","245.05","71.78K","-0.08%"
"01/12/2022","246.75","250.80","250.80","244.45","93.60K","+0.14%"
"01/11/2022","246.40","250.00","252.30","245.00","80.66K","-1.26%"
"01/10/2022","249.55","254.40","255.00","249.00","68.00K","-0.22%"
"01/07/2022","250.10","253.75","256.10","249.50","70.83K","-0.93%"
"01/06/2022","252.45","257.20","257.45","251.30","57.10K","-2.02%"
"01/05/2022","257.65","260.60","262.20","256.50","38.10K","-1.13%"
"01/04/2022","260.60","267.60","267.60","258.35","61.81K","-1.64%"
"01/03/2022","264.95","252.00","270.80","252.00","225.74K","+5.35%"
"12/31/2021","251.50","245.05","253.25","244.65","64.05K","+3.16%"
"12/30/2021","243.80","244.00","246.65","243.10","29.92K","-0.18%"
"12/29/2021","244.25","242.40","249.90","242.40","49.56K","-1.05%"
"12/28/2021","246.85","242.50","249.00","242.00","41.74K","+2.24%"
"12/27/2021","241.45","242.25","244.45","237.50","43.51K","-0.33%"
"12/24/2021","242.25","251.65","252.60","240.80","74.74K","-3.24%"
"12/23/2021","250.35","242.30","251.90","242.30","82.39K","+2.20%"
"12/22/2021","244.95","240.00","246.70","240.00","61.27K","+2.53%"
"12/21/2021","238.90","237.05","242.45","237.05","54.21K","+0.44%"
"12/20/2021","237.85","245.00","247.95","235.90","59.25K","-4.52%"
"12/17/2021","249.10","254.30","254.30","248.05","28.51K","-1.27%"
"12/16/2021","252.30","254.00","254.30","250.55","47.47K","+0.52%"
"12/15/2021","251.00","262.45","263.80","247.75","71.51K","-4.38%"
"12/14/2021","262.50","268.70","270.75","261.20","176.04K","-3.14%"
"12/13/2021","271.00","266.00","281.00","266.00","271.24K","+1.96%"
"12/10/2021","265.80","252.00","268.70","251.65","173.98K","+5.54%"
"12/09/2021","251.85","257.80","257.80","249.05","73.17K","-0.92%"
"12/08/2021","254.20","252.00","255.50","251.05","41.50K","+1.40%"
"12/07/2021","250.70","251.20","252.30","249.00","34.46K","+0.62%"
"12/06/2021","249.15","254.00","257.00","248.50","69.53K","-1.09%"
"12/03/2021","251.90","250.05","255.00","249.15","100.46K","+1.12%"
"12/02/2021","249.10","236.50","252.00","235.70","194.61K","+5.86%"
"12/01/2021","235.30","235.00","237.90","231.10","43.45K","+1.80%"
"11/30/2021","231.15","229.00","237.50","228.40","91.55K","+0.48%"
"11/29/2021","230.05","231.60","241.20","226.00","428.71K","-4.54%"
"11/26/2021","241.00","244.00","245.95","240.00","99.40K","-1.39%"
"11/25/2021","244.40","244.25","245.95","243.00","67.94K","+0.06%"
"11/24/2021","244.25","250.00","250.00","243.55","188.25K","+0.06%"
"11/23/2021","244.10","250.00","250.00","242.10","140.72K","-1.85%"
"11/22/2021","248.70","265.00","265.00","245.95","185.33K","-5.81%"
"11/18/2021","264.05","269.00","270.90","261.85","66.42K","-1.79%"
"11/17/2021","268.85","270.00","273.00","268.00","85.79K","-0.35%"
"11/16/2021","269.80","269.25","272.30","268.20","66.84K","+0.47%"
"11/15/2021","268.55","278.95","286.55","265.00","139.08K","-2.29%"
"11/12/2021","274.85","285.80","286.00","274.20","117.92K","-1.86%"
"11/11/2021","280.05","283.45","284.70","278.20","104.63K","+0.07%"
"11/10/2021","279.85","287.00","290.70","279.10","202.99K","-1.79%"
"11/09/2021","284.95","291.20","295.90","284.20","183.74K","-1.66%"
"11/08/2021","289.75","298.50","299.45","288.00","122.82K","-2.61%"
"11/04/2021","297.50","293.60","305.00","293.55","19.92K","+1.45%"
"11/03/2021","293.25","300.00","319.00","290.00","332.70K","-2.05%"
"11/02/2021","299.40","299.30","309.00","296.75","49.50K","+0.67%"
"11/01/2021","297.40","292.05","303.00","291.95","47.26K","+2.73%"
"10/29/2021","289.50","290.10","298.75","287.60","91.97K","-1.66%"
"10/28/2021","294.40","302.00","302.05","290.00","101.97K","-2.03%"
"10/27/2021","300.50","309.50","309.50","300.00","56.58K","-1.26%"
"10/26/2021","304.35","303.00","308.00","303.00","23.75K","+0.43%"
"10/25/2021","303.05","310.90","310.90","301.10","37.49K","-1.38%"
"10/22/2021","307.30","315.00","316.95","305.95","36.53K","-0.50%"
"10/21/2021","308.85","308.60","314.90","307.20","50.19K","+0.52%"
"10/20/2021","307.25","311.90","311.90","303.00","80.28K","-2.12%"
"10/19/2021","313.90","321.00","328.15","311.30","106.91K","-1.75%"
"10/18/2021","319.50","326.00","332.95","310.30","191.61K","-1.45%"
"10/14/2021","324.20","333.00","341.20","321.55","274.62K","-2.25%"
"10/13/2021","331.65","308.45","334.35","308.40","524.14K","+7.77%"
"10/12/2021","307.75","307.25","309.05","301.90","65.34K","+0.16%"
"10/11/2021","307.25","303.10","309.90","302.85","69.15K","+1.37%"
"10/08/2021","303.10","306.00","308.55","301.90","55.89K","-0.61%"
"10/07/2021","304.95","306.00","308.95","304.00","49.09K","-0.05%"
"10/06/2021","305.10","306.00","310.00","302.20","54.87K","-0.05%"
"10/05/2021","305.25","305.40","308.60","301.95","87.94K","+1.18%"
"10/04/2021","301.70","302.40","306.95","296.50","84.05K","+0.77%"
"10/01/2021","299.40","304.00","305.00","297.55","63.66K","-1.79%"
"09/30/2021","304.85","305.30","310.30","303.00","91.91K","+0.51%"
"09/29/2021","303.30","301.75","315.60","299.10","180.59K","+0.51%"
"09/28/2021","301.75","300.10","305.70","299.00","43.59K","+0.55%"
"09/27/2021","300.10","305.00","305.55","299.00","55.75K","-1.46%"
"09/24/2021","304.55","307.05","310.00","302.70","59.32K","-0.64%"
"09/23/2021","306.50","312.90","315.70","303.80","91.95K","-1.54%"
"09/22/2021","311.30","309.70","315.00","308.40","134.16K","+1.02%"
"09/21/2021","308.15","306.00","314.80","302.00","246.32K","-0.15%"
"09/20/2021","308.60","312.00","317.25","306.50","119.76K","-2.97%"
"09/17/2021","318.05","324.80","324.80","315.50","60.15K","-0.98%"
"09/16/2021","321.20","323.00","323.35","316.50","86.35K","-0.05%"
"09/15/2021","321.35","318.95","333.00","318.00","324.83K","+0.96%"
"09/14/2021","318.30","315.10","320.30","315.10","48.90K","+0.06%"
"09/13/2021","318.10","319.95","320.45","316.00","49.25K","-0.58%"
"09/09/2021","319.95","320.00","321.00","316.50","46.34K","+0.13%"
"09/08/2021","319.55","326.00","326.00","317.00","107.29K","-0.68%"
"09/07/2021","321.75","326.00","327.15","320.50","58.08K","-1.38%"
"09/06/2021","326.25","329.25","330.90","325.00","65.69K","-0.91%"
"09/03/2021","329.25","332.20","332.20","325.00","51.57K","-0.06%"
"09/02/2021","329.45","325.60","330.60","320.50","84.36K","+1.29%"
"09/01/2021","325.25","327.00","330.30","323.00","63.20K","-0.60%"
"08/31/2021","327.20","325.50","331.25","324.65","84.31K","-0.56%"
"08/30/2021","329.05","325.00","335.50","321.05","215.06K","+2.32%"
"08/27/2021","321.60","315.10","324.45","314.10","128.15K","+1.52%"
"08/26/2021","316.80","301.00","321.40","301.00","141.10K","+4.02%"
"08/25/2021","304.55","294.00","309.00","293.25","103.65K","+4.12%"
"08/24/2021","292.50","292.00","294.85","290.30","64.81K","+0.17%"
"08/23/2021","292.00","302.00","302.00","286.25","224.77K","+0.19%"
"08/20/2021","291.45","306.85","307.00","287.95","121.94K","-5.02%"
"08/18/2021","306.85","309.75","309.75","305.15","57.71K","+1.25%"
"08/17/2021","303.05","306.55","311.95","301.05","95.23K","-2.49%"
"08/16/2021","310.80","307.90","312.50","305.50","94.95K","+1.45%"
"08/13/2021","306.35","305.00","316.00","305.00","147.19K","+0.51%"
"08/12/2021","304.80","298.60","307.40","285.10","577.20K","-4.44%"
"08/11/2021","318.95","323.00","324.50","314.00","322.67K","-1.25%"
"08/10/2021","323.00","324.05","329.05","318.50","142.34K","-0.40%"
"08/09/2021","324.30","327.90","331.75","322.90","305.45K","-0.18%"
"08/06/2021","324.90","319.80","327.60","318.00","122.28K","+2.25%"
"08/05/2021","317.75","323.45","323.45","313.25","200.01K","-2.17%"
"08/04/2021","324.80","338.95","339.50","320.95","309.41K","-3.19%"
"08/03/2021","335.50","335.75","340.45","334.05","385.63K","+0.43%"
"08/02/2021","334.05","335.90","341.00","331.85","369.55K","+0.42%"
"07/30/2021","332.65","333.50","337.80","330.05","147.43K","+0.23%"
"07/29/2021","331.90","333.00","337.00","330.10","226.45K","+0.09%"
"07/28/2021","331.60","341.20","342.85","330.10","245.38K","-2.11%"
"07/27/2021","338.75","341.00","348.00","336.55","456.66K","+1.33%"
"07/26/2021","334.30","326.00","339.00","323.70","322.34K","+2.67%"
"07/23/2021","325.60","329.00","329.40","323.10","65.57K","-0.66%"
"07/22/2021","327.75","329.20","332.75","325.30","81.05K","+1.05%"
"07/20/2021","324.35","333.00","333.65","318.40","128.13K","-2.20%"
"07/19/2021","331.65","336.90","339.95","330.00","100.03K","-1.53%"
"07/16/2021","336.80","334.75","343.70","331.30","188.78K","+1.13%"
"07/15/2021","333.05","335.20","340.80","331.60","95.26K","-0.89%"
"07/14/2021","336.05","341.90","343.10","335.00","124.36K","-1.42%"
"07/13/2021","340.90","344.60","347.00","339.00","153.89K","-0.18%"
"07/12/2021","341.50","345.00","345.00","339.75","107.06K","+0.53%"
"07/09/2021","339.70","342.25","345.30","338.25","143.49K","-0.75%"
"07/08/2021","342.25","350.90","351.00","338.50","149.07K","-2.14%"
"07/07/2021","349.75","343.00","352.40","340.05","156.49K","+2.09%"
"07/06/2021","342.60","358.75","359.85","340.10","311.70K","-4.02%"
"07/05/2021","356.95","354.00","363.70","354.00","352.61K","+1.52%"
"07/02/2021","351.60","350.15","355.10","348.10","198.22K","+0.92%"
"07/01/2021","348.40","356.00","357.80","346.15","213.14K","-1.41%"
"06/30/2021","353.40","340.00","356.00","337.15","756.75K","+4.09%"
"06/29/2021","339.50","344.95","344.95","333.30","401.55K","-0.82%"
"06/28/2021","342.30","330.00","345.00","326.15","462.72K","+4.26%"
"06/25/2021","328.30","336.45","340.00","326.00","349.72K","-1.56%"
"06/24/2021","333.50","344.00","344.00","330.65","346.86K","-1.01%"
"06/23/2021","336.90","358.95","358.95","335.00","979.31K","-4.29%"
"06/22/2021","352.00","363.80","372.00","343.35","1.03M","-1.74%"
"06/21/2021","358.25","347.65","367.90","341.50","1.47M","+3.26%"
"06/18/2021","346.95","347.00","354.20","320.00","1.10M","+1.28%"
"06/17/2021","342.55","329.80","348.00","328.55","1.23M","+3.26%"
"06/16/2021","331.75","324.00","340.00","318.20","889.88K","+4.27%"
"06/15/2021","318.15","322.00","324.00","316.00","170.52K","+0.05%"
"06/14/2021","318.00","321.95","324.00","305.55","205.89K","-0.73%"
"06/11/2021","320.35","329.00","332.05","318.20","221.65K","-1.79%"
"06/10/2021","326.20","324.80","330.90","324.75","204.45K","+1.21%"
"06/09/2021","322.30","338.90","342.40","319.50","628.00K","-3.36%"
"06/08/2021","333.50","334.00","343.95","330.60","994.58K","+1.49%"
"06/07/2021","328.60","311.70","336.80","310.10","1.96M","+6.77%"
"06/04/2021","307.75","295.00","317.50","293.25","1.72M","+5.32%"
"06/03/2021","292.20","291.00","295.00","289.45","197.26K","+1.44%"
"06/02/2021","288.05","282.00","292.00","279.55","216.77K","+2.66%"
"06/01/2021","280.60","288.00","288.00","277.10","111.24K","-1.09%"
"05/31/2021","283.70","290.00","292.00","281.85","126.62K","-2.00%"
"05/28/2021","289.50","298.20","298.90","285.35","313.95K","-1.96%"
"05/27/2021","295.30","294.25","305.95","291.00","832.04K","+2.11%"
"05/26/2021","289.20","269.80","295.50","269.25","954.30K","+7.73%"
"05/25/2021","268.45","274.50","274.50","267.50","100.47K","-1.27%"
"05/24/2021","271.90","268.95","275.30","268.75","252.96K","+1.93%"
"05/21/2021","266.75","255.10","271.65","255.10","401.38K","+4.61%"
"05/20/2021","255.00","262.70","262.70","254.30","125.56K","-1.60%"
"05/19/2021","259.15","260.00","261.15","257.80","81.02K","+0.04%"
"05/18/2021","259.05","260.50","262.00","258.30","77.85K","+0.23%"
"05/17/2021","258.45","258.50","264.80","257.45","119.31K","+0.49%"
"05/14/2021","257.20","256.20","262.35","256.20","73.31K","-0.41%"
"05/12/2021","258.25","265.00","265.00","257.05","192.15K","-0.62%"
"05/11/2021","259.85","257.00","268.70","257.00","200.04K","+0.08%"
"05/10/2021","259.65","262.00","265.50","257.80","120.52K","-0.99%"
"05/07/2021","262.25","263.20","265.00","261.55","48.45K","-0.79%"
"05/06/2021","264.35","268.00","272.65","263.50","112.09K","-2.33%"
"05/05/2021","270.65","258.80","272.05","256.30","143.01K","+5.45%"
"05/04/2021","256.65","255.10","263.70","255.10","45.27K","-0.70%"
"05/03/2021","258.45","255.15","261.65","255.15","41.17K","-0.56%"
"04/30/2021","259.90","261.05","265.45","258.80","50.78K","-1.50%"
"04/29/2021","263.85","266.50","266.50","261.00","44.67K","+0.21%"
"04/28/2021","263.30","258.00","274.05","257.70","199.48K","+2.09%"
"04/27/2021","257.90","254.00","258.75","253.65","30.93K","+1.50%"
"04/26/2021","254.10","257.30","260.55","253.10","22.55K","-0.72%"
"04/23/2021","255.95","251.00","259.00","250.20","62.68K","+1.99%"
"04/22/2021","250.95","250.90","252.50","249.05","39.80K","+0.92%"
"04/20/2021","248.65","249.80","252.75","247.10","47.51K","+0.95%"
"04/19/2021","246.30","260.00","260.00","244.10","60.21K","-4.24%"
"04/16/2021","257.20","256.80","260.10","256.00","63.38K","+0.67%"
"04/15/2021","255.50","260.00","263.90","255.00","64.67K","-1.62%"
"04/13/2021","259.70","260.00","266.00","258.85","47.77K","-0.73%"
"04/12/2021","261.60","271.00","271.30","260.00","80.92K","-4.37%"
"04/09/2021","273.55","276.00","276.00","272.80","41.11K","-0.56%"
"04/08/2021","275.10","279.90","279.90","274.35","47.90K","-0.54%"
"04/07/2021","276.60","278.10","282.00","275.15","28.69K","+0.00%"
"04/06/2021","276.60","275.20","280.60","275.00","32.32K","-0.34%"
"04/05/2021","277.55","285.10","285.10","276.10","47.13K","-2.97%"
"04/01/2021","286.05","288.50","290.60","284.00","55.82K","-0.33%"
"03/31/2021","287.00","283.00","288.70","275.30","108.29K","+2.52%"
"03/30/2021","279.95","278.00","284.05","270.60","100.95K","+0.85%"
"03/26/2021","277.60","273.00","279.50","272.05","111.57K","+3.20%"
"03/25/2021","269.00","271.95","273.75","262.30","90.60K","-0.52%"
"03/24/2021","270.40","278.00","278.00","267.30","45.54K","-2.91%"
"03/23/2021","278.50","271.80","279.90","269.10","73.92K","+2.98%"
"03/22/2021","270.45","268.00","272.60","266.15","46.41K","+0.58%"
"03/19/2021","268.90","269.80","273.00","260.10","97.44K","+2.48%"
"03/18/2021","262.40","279.10","282.30","236.50","153.60K","-5.68%"
"03/17/2021","278.20","281.50","288.90","276.35","94.92K","-2.09%"
"03/16/2021","284.15","284.30","294.00","282.25","189.76K","+0.02%"
"03/15/2021","284.10","285.60","292.00","281.30","111.87K","-0.53%"
"03/12/2021","285.60","294.00","294.00","283.70","76.85K","-0.87%"
"03/10/2021","288.10","295.00","295.00","286.40","86.76K","-1.45%"
"03/09/2021","292.35","302.50","304.80","291.05","134.61K","-3.15%"
"03/08/2021","301.85","305.00","309.80","300.25","198.97K","-0.20%"
"03/05/2021","302.45","299.00","314.00","297.00","610.71K","+1.92%"
"03/04/2021","296.75","286.00","303.80","283.20","463.41K","+3.42%"
"03/03/2021","286.95","290.00","293.00","285.40","148.81K","-0.28%"
"03/02/2021","287.75","279.95","291.65","276.35","259.84K","+4.14%"
"03/01/2021","276.30","273.20","279.60","273.20","73.48K","+0.62%"
"02/26/2021","274.60","275.90","278.35","272.00","56.39K","-1.52%"
"02/25/2021","278.85","278.20","284.40","277.35","136.50K","+0.76%"
"02/24/2021","276.75","277.80","279.00","275.00","21.95K","+0.14%"
"02/23/2021","276.35","278.20","279.70","274.70","47.68K","-0.13%"
"02/22/2021","276.70","281.50","283.50","275.50","56.39K","-1.07%"
"02/19/2021","279.70","277.95","286.80","274.65","127.02K","+1.82%"
"02/18/2021","274.70","277.10","279.90","274.00","90.20K","-0.33%"
"02/17/2021","275.60","275.00","278.55","273.75","57.89K","+0.22%"
"02/16/2021","275.00","278.00","280.35","274.05","53.56K","-1.19%"
"02/15/2021","278.30","280.70","283.50","277.80","61.88K","-0.32%"
"02/12/2021","279.20","281.50","284.75","278.20","59.65K","-0.29%"
"02/11/2021","280.00","285.00","286.85","278.55","89.71K","-1.34%"
"02/10/2021","283.80","283.00","287.50","280.85","67.05K","+0.94%"
"02/09/2021","281.15","296.95","297.00","280.30","259.26K","-4.29%"
"02/08/2021","293.75","294.00","297.00","291.00","149.15K","+0.89%"
"02/05/2021","291.15","294.00","296.70","288.85","265.19K","+0.80%"
"02/04/2021","288.85","289.95","295.00","286.00","165.68K","+0.17%"
"02/03/2021","288.35","284.70","295.45","278.35","263.20K","+2.16%"
"02/02/2021","282.25","276.00","284.15","271.00","191.65K","+4.29%"
"02/01/2021","270.65","266.40","274.50","263.10","58.52K","+1.60%"
"01/29/2021","266.40","269.65","271.70","265.10","50.13K","-0.54%"
"01/28/2021","267.85","264.95","272.35","260.60","68.72K","+1.30%"
"01/27/2021","264.40","272.95","275.45","261.70","57.78K","-1.93%"
"01/25/2021","269.60","275.05","275.05","267.10","75.94K","-1.14%"
"01/22/2021","272.70","276.10","279.20","271.80","45.88K","-1.23%"
"01/21/2021","276.10","278.20","284.00","275.00","51.88K","-0.74%"
"01/20/2021","278.15","282.05","286.90","272.00","125.48K","-0.91%"
"01/19/2021","280.70","278.70","286.55","275.05","94.51K","+2.84%"
"01/18/2021","272.95","281.75","283.20","270.00","79.01K","-3.07%"
"01/15/2021","281.60","289.90","289.90","281.10","63.56K","-1.95%"
"01/14/2021","287.20","287.25","290.00","286.80","48.81K","-0.12%"
"01/13/2021","287.55","290.95","290.95","285.20","68.95K","+0.02%"
"01/12/2021","287.50","290.00","291.80","286.10","57.48K","-0.90%"
"01/11/2021","290.10","291.00","292.75","285.00","85.07K","-0.14%"
"01/08/2021","290.50","293.50","294.00","289.75","106.43K","-0.05%"
"01/07/2021","290.65","290.40","293.45","289.50","49.67K","+0.75%"
"01/06/2021","288.50","290.15","294.40","287.10","130.58K","+0.30%"
"01/05/2021","287.65","290.00","300.00","286.50","211.93K","-1.22%"
"01/04/2021","291.20","290.00","295.00","282.10","99.28K","-0.09%"
"01/01/2021","291.45","289.80","293.00","289.50","67.34K","+0.83%"
"12/31/2020","289.05","287.00","290.00","283.70","90.25K","+1.40%"
"12/30/2020","285.05","285.00","286.00","277.10","68.79K","+1.06%"
"12/29/2020","282.05","288.00","288.00","280.00","73.55K","-0.65%"
"12/28/2020","283.90","290.00","290.00","282.30","73.31K","-0.16%"
"12/24/2020","284.35","283.90","291.00","280.65","73.68K","+0.73%"
"12/23/2020","282.30","276.00","284.50","276.00","67.04K","+2.34%"
"12/22/2020","275.85","270.60","280.00","267.05","204.31K","-1.87%"
"12/21/2020","281.10","295.85","295.85","281.10","138.82K","-4.99%"
"12/18/2020","295.85","306.80","306.80","290.00","176.02K","-1.76%"
"12/17/2020","301.15","303.00","313.30","300.00","176.69K","-0.64%"
"12/16/2020","303.10","305.00","305.55","302.00","93.60K","+0.70%"
"12/15/2020","301.00","308.80","308.80","298.00","287.83K","-1.55%"
"12/14/2020","305.75","298.40","305.75","295.00","654.18K","+5.00%"
"12/11/2020","291.20","284.65","292.45","280.00","272.68K","+4.54%"
"12/10/2020","278.55","283.50","285.00","275.00","91.45K","-1.28%"
"12/09/2020","282.15","283.00","287.40","281.20","158.60K","-0.32%"
"12/08/2020","283.05","290.00","295.00","281.00","303.35K","-1.14%"
"12/07/2020","286.30","284.95","295.95","277.55","276.06K","+1.56%"
"12/04/2020","281.90","282.00","284.00","274.50","248.35K","+0.91%"
"12/03/2020","279.35","281.00","284.50","277.95","202.51K","+0.34%"
"12/02/2020","278.40","278.50","280.00","271.00","226.57K","+1.79%"
"12/01/2020","273.50","265.10","280.00","265.00","363.93K","-0.22%"
"11/27/2020","274.10","283.00","301.00","272.40","1.30M","-4.39%"
"11/26/2020","286.70","286.70","286.70","286.70","46.93K","-4.99%"
"11/25/2020","301.75","301.75","301.75","301.75","29.55K","-4.99%"
"11/24/2020","317.60","351.00","351.00","317.60","755.70K","-5.00%"
"11/23/2020","334.30","334.30","334.30","334.30","29.73K","+4.99%"
"11/20/2020","318.40","316.00","318.40","315.00","115.64K","+5.00%"
"11/19/2020","303.25","302.00","303.25","296.20","296.23K","+4.99%"
"11/18/2020","288.85","283.40","288.85","281.00","112.09K","+5.00%"
"11/17/2020","275.10","271.70","275.10","263.00","679.15K","+5.00%"
"11/14/2020","262.00","262.00","262.00","262.00","47.00K","+4.99%"
"11/13/2020","249.55","239.95","249.55","239.00","128.51K","+4.99%"
"11/12/2020","237.70","237.70","237.70","230.80","290.94K","+4.99%"
"11/11/2020","226.40","239.00","239.00","224.20","618.26K","-4.07%"
"11/10/2020","236.00","236.00","236.00","236.00","71.62K","+4.98%"
"11/09/2020","224.80","222.00","224.80","220.00","102.45K","+5.00%"
"11/06/2020","214.10","206.50","214.10","205.00","424.05K","+4.98%"
"11/05/2020","203.95","197.55","203.95","192.00","554.28K","+4.99%"
"11/04/2020","194.25","186.95","194.95","177.10","1.40M","+4.60%"
"11/03/2020","185.70","205.00","208.00","183.00","975.74K","-8.02%"
"11/02/2020","201.90","205.95","223.00","198.35","1.33M","-1.49%"
"10/30/2020","204.95","230.90","230.95","204.95","1.38M","-9.99%"
"10/29/2020","227.70","249.00","265.50","225.35","1.94M","-8.57%"
"10/28/2020","249.05","307.40","311.35","243.10","2.57M","-17.26%"
"10/27/2020","301.00","370.45","371.20","297.00","911.77K","-18.34%"
"10/26/2020","368.60","389.50","391.00","366.00","44.54K","-4.91%"
"10/23/2020","387.65","394.95","400.00","382.20","19.69K","-1.35%"
"10/22/2020","392.95","383.70","395.45","383.65","21.15K","+2.54%"
"10/21/2020","383.20","379.05","385.00","379.05","9.73K","+1.60%"
"10/20/2020","377.15","379.95","385.95","375.00","18.07K","-0.25%"
"10/19/2020","378.10","384.30","391.45","375.70","34.00K","-1.11%"
"10/16/2020","382.35","385.05","393.50","379.95","18.35K","-0.70%"
"10/15/2020","385.05","397.00","400.75","383.00","23.84K","-2.85%"
"10/14/2020","396.35","408.35","408.35","391.10","75.57K","-2.94%"
"10/13/2020","408.35","417.80","417.80","407.60","6.62K","-1.11%"
"10/12/2020","412.95","412.75","425.00","410.00","16.57K","+0.56%"
"10/09/2020","410.65","417.95","418.05","408.00","11.71K","-1.25%"
"10/08/2020","415.85","419.55","424.40","415.00","7.18K","-0.38%"
"10/07/2020","417.45","420.00","425.55","416.05","8.18K","-0.54%"
"10/06/2020","419.70","424.95","427.85","419.00","9.92K","+0.04%"
"10/05/2020","419.55","431.20","435.00","417.15","12.66K","-2.21%"
"10/01/2020","429.05","427.00","432.95","426.60","5.54K","+0.49%"
"09/30/2020","426.95","426.00","430.15","424.00","6.45K","+0.29%"
"09/29/2020","425.70","425.50","435.00","422.40","14.21K","+0.56%"
"09/28/2020","423.35","426.20","434.60","416.20","14.19K","+0.00%"
"09/25/2020","423.35","425.10","445.00","418.75","33.59K","+0.69%"
"09/24/2020","420.45","427.00","433.30","416.75","11.86K","-2.57%"
"09/23/2020","431.55","444.00","459.60","428.00","26.07K","-3.26%"
"09/22/2020","446.10","445.05","457.55","410.80","30.34K","-1.70%"
"09/21/2020","453.80","465.65","468.40","440.00","31.32K","-2.06%"
"09/18/2020","463.35","475.45","476.30","462.05","16.94K","-2.05%"
"09/17/2020","473.05","485.00","488.90","471.50","15.87K","-2.61%"
"09/16/2020","485.75","496.85","499.90","470.00","57.07K","-1.74%"
"09/15/2020","494.35","493.40","504.00","483.90","50.70K","+2.25%"
"09/14/2020","483.45","462.90","490.00","462.75","69.02K","+5.34%"
"09/11/2020","458.95","454.70","464.70","452.00","5.85K","+1.45%"
"09/10/2020","452.40","447.15","464.15","447.15","10.21K","+1.15%"
"09/09/2020","447.25","455.00","455.00","430.00","11.78K","-1.20%"
"09/08/2020","452.70","468.00","474.35","450.60","17.48K","-3.06%"
"09/07/2020","467.00","461.00","470.30","461.00","5.14K","+0.47%"
"09/04/2020","464.80","467.95","473.90","451.20","14.43K","-1.05%"
"09/03/2020","469.75","471.95","481.60","468.00","16.43K","+0.25%"
"09/02/2020","468.60","465.00","478.90","465.00","10.80K","+0.59%"
"09/01/2020","465.85","478.15","493.30","461.20","20.08K","-2.08%"
"08/31/2020","475.75","498.40","499.40","459.05","40.61K","-3.56%"
"08/28/2020","493.30","491.05","505.00","491.05","18.09K","+0.33%"
"08/27/2020","491.70","494.90","498.90","490.80","23.56K","-0.14%"
"08/26/2020","492.40","504.75","506.00","489.75","26.56K","-1.59%"
"08/25/2020","500.35","508.90","509.85","499.55","19.74K","-0.89%"
"08/24/2020","504.85","507.00","517.15","502.55","22.70K","-0.42%"
"08/21/2020","507.00","523.95","530.35","505.35","48.66K","-0.92%"
"08/20/2020","511.70","508.95","513.50","501.00","19.85K","+0.46%"
"08/19/2020","509.35","497.95","517.05","495.00","51.74K","+2.66%"
"08/18/2020","496.15","504.30","504.30","492.30","8.96K","+0.80%"
"08/17/2020","492.20","500.00","500.00","490.00","12.37K","-0.62%"
"08/14/2020","495.25","505.00","505.00","491.00","16.95K","-0.29%"
"08/13/2020","496.70","505.85","505.85","495.00","15.70K","-0.24%"
"08/12/2020","497.90","500.00","500.00","487.00","17.33K","+0.12%"
"08/11/2020","497.30","505.00","510.00","475.00","80.32K","+0.05%"
"08/10/2020","497.05","491.00","500.00","489.15","18.57K","+1.26%"
"08/07/2020","490.85","476.10","499.00","476.10","19.60K","+2.60%"
"08/06/2020","478.40","480.95","484.85","477.05","14.15K","+0.37%"
"08/05/2020","476.65","484.00","488.30","475.85","15.46K","-0.72%"
"08/04/2020","480.10","479.65","490.00","477.00","11.15K","+0.09%"
"08/03/2020","479.65","475.45","489.00","475.45","9.74K","-1.18%"
"07/31/2020","485.40","483.00","493.70","475.00","19.89K","-0.55%"
"07/30/2020","488.10","495.90","497.95","486.05","39.50K","-0.64%"
"07/29/2020","491.25","502.95","506.00","490.00","10.67K","-2.26%"
"07/28/2020","502.60","484.10","512.05","477.65","44.59K","+4.49%"
"07/27/2020","481.00","492.45","492.45","472.20","11.38K","-1.11%"
"07/24/2020","486.40","492.00","498.10","484.00","16.55K","-2.18%"
"07/23/2020","497.25","506.80","511.90","495.65","26.23K","-1.88%"
"07/22/2020","506.80","511.30","523.00","505.00","26.89K","-0.88%"
"07/21/2020","511.30","511.60","515.50","503.80","20.25K","-0.05%"
"07/20/2020","511.55","506.00","517.50","499.00","37.37K","+2.43%"
"07/17/2020","499.40","500.05","507.00","495.10","29.94K","+0.39%"
"07/16/2020","497.45","497.90","504.25","481.00","27.66K","+1.29%"
"07/15/2020","491.10","506.00","512.50","490.05","33.70K","-1.19%"
"07/14/2020","497.00","514.70","514.70","494.45","39.95K","-2.60%"
"07/13/2020","510.25","516.50","522.55","505.95","29.24K","-1.21%"
"07/10/2020","516.50","526.00","532.00","514.00","111.84K","+0.83%"
"07/09/2020","512.25","525.95","525.95","507.00","32.45K","-1.57%"
"07/08/2020","520.40","529.80","530.00","518.00","51.55K","-0.89%"
"07/07/2020","525.05","517.90","549.00","503.15","295.95K","+2.55%"
"07/06/2020","512.00","472.00","518.95","472.00","364.31K","+9.38%"
"07/03/2020","468.10","467.00","469.85","460.05","20.32K","+1.55%"
"07/02/2020","460.95","462.00","470.00","456.15","34.20K","+0.13%"
"07/01/2020","460.35","449.95","472.10","449.25","22.45K","+2.52%"
"06/30/2020","449.05","468.00","473.90","440.10","25.94K","-3.90%"
"06/29/2020","467.25","477.00","477.00","464.75","30.37K","-1.78%"
"06/26/2020","475.70","471.65","480.55","470.00","27.25K","+2.40%"
"06/25/2020","464.55","471.00","479.85","456.00","137.77K","-1.59%"
"06/24/2020","472.05","467.00","484.95","466.45","167.78K","+2.05%"
"06/23/2020","462.55","480.50","480.50","457.25","79.38K","-2.57%"
"06/22/2020","474.75","431.00","499.95","430.10","338.54K","+12.04%"
"06/19/2020","423.75","406.90","428.00","406.90","71.69K","+4.80%"
"06/18/2020","404.35","404.90","411.00","402.05","25.42K","+0.82%"
"06/17/2020","401.05","396.60","407.80","395.65","25.37K","+0.48%"
"06/16/2020","399.15","404.60","416.45","392.00","43.45K","-1.10%"
"06/15/2020","403.60","412.15","415.85","403.00","26.95K","-2.13%"
"06/12/2020","412.40","407.65","415.95","402.15","29.80K","-1.40%"
"06/11/2020","418.25","427.00","433.00","415.05","40.67K","-2.14%"
"06/10/2020","427.40","418.00","434.40","418.00","54.01K","+2.04%"
"06/09/2020","418.85","415.00","428.40","410.30","261.75K","+1.10%"
"06/08/2020","414.30","420.00","420.05","405.05","197.55K","+0.24%"
"06/05/2020","413.30","407.90","422.00","406.00","88.39K","+1.92%"
"06/04/2020","405.50","401.05","409.45","400.00","15.63K","+1.91%"
"06/03/2020","397.90","399.85","409.90","396.00","71.00K","+0.18%"
"06/02/2020","397.20","398.90","400.15","392.75","34.39K","+0.30%"
"06/01/2020","396.00","384.05","399.65","384.05","41.99K","+3.19%"
"05/29/2020","383.75","381.00","384.90","377.40","20.36K","+0.71%"
"05/28/2020","381.05","373.70","384.90","373.70","13.60K","+2.21%"
"05/27/2020","372.80","379.80","382.90","371.40","19.11K","-1.35%"
"05/26/2020","377.90","378.00","384.00","370.20","19.55K","+0.19%"
"05/22/2020","377.20","377.95","385.00","371.75","20.73K","+0.36%"
"05/21/2020","375.85","377.95","385.55","375.10","61.59K","-0.56%"
"05/20/2020","377.95","370.05","380.00","370.00","15.50K","+1.16%"
"05/19/2020","373.60","375.00","379.95","370.00","13.79K","+0.97%"
"05/18/2020","370.00","389.95","390.00","365.15","28.78K","-3.39%"
"05/15/2020","383.00","381.80","385.00","381.75","11.45K","+0.35%"
"05/14/2020","381.65","384.50","387.85","379.00","21.68K","-0.74%"
"05/13/2020","384.50","415.00","415.00","383.70","32.07K","-0.58%"
"05/12/2020","386.75","399.95","400.00","375.00","29.04K","-3.31%"
"05/11/2020","400.00","407.10","413.50","398.70","16.61K","-1.70%"
"05/08/2020","406.90","412.00","417.00","405.00","16.09K","-0.33%"
"05/07/2020","408.25","412.40","417.00","406.05","16.01K","-0.99%"
"05/06/2020","412.35","419.80","423.75","410.30","19.47K","-0.71%"
"05/05/2020","415.30","439.75","442.15","409.90","32.72K","-4.44%"
"05/04/2020","434.60","450.00","459.00","430.15","37.18K","-2.67%"
"04/30/2020","446.50","442.05","454.95","441.00","52.70K","+1.53%"
"04/29/2020","439.75","435.30","446.95","435.30","30.25K","+0.88%"
"04/28/2020","435.90","454.50","459.90","433.10","40.78K","-1.44%"
"04/27/2020","442.25","433.00","474.70","428.00","750.49K","+2.71%"
"04/24/2020","430.60","437.00","437.00","429.00","172.77K","-0.20%"
"04/23/2020","431.45","435.00","442.70","427.65","23.43K","+0.22%"
"04/22/2020","430.50","425.05","436.00","425.05","17.25K","+0.42%"
"04/21/2020","428.70","439.20","439.20","426.00","19.74K","-2.39%"
"04/20/2020","439.20","443.00","443.00","438.00","22.06K","+0.29%"
"04/17/2020","437.95","449.70","449.75","435.15","32.92K","-0.57%"
"04/16/2020","440.45","447.00","447.20","437.15","30.32K","-1.96%"
"04/15/2020","449.25","452.00","452.00","439.05","57.78K","+2.03%"
"04/13/2020","440.30","459.10","463.50","438.65","22.15K","-4.08%"
"04/09/2020","459.05","464.00","464.00","441.15","54.47K","+0.23%"
"04/08/2020","458.00","463.00","471.55","453.10","27.21K","-0.45%"
"04/07/2020","460.05","470.30","485.35","452.10","9.97K","-0.15%"
"04/03/2020","460.75","470.00","470.00","450.10","3.25K","-0.71%"
"04/01/2020","464.05","499.95","499.95","460.10","21.33K","-2.31%"
"03/31/2020","475.00","450.00","479.00","426.75","26.19K","+6.95%"
"03/30/2020","444.15","455.00","466.75","435.00","15.96K","-4.21%"
"03/27/2020","463.65","460.10","482.35","456.00","3.86K","-0.02%"
"03/26/2020","463.75","472.00","489.00","441.50","15.42K","-2.63%"
"03/25/2020","476.30","460.00","489.00","445.70","2.41K","+1.61%"
"03/24/2020","468.75","510.70","528.40","451.25","16.10K","-4.32%"
"03/23/2020","489.90","530.00","552.50","482.05","14.69K","-11.06%"
"03/20/2020","550.85","553.55","561.70","513.00","6.92K","+3.21%"
"03/19/2020","533.70","550.00","556.45","500.10","32.06K","-5.67%"
"03/18/2020","565.80","587.50","594.00","542.65","20.06K","-4.11%"
"03/17/2020","590.05","572.00","606.00","568.05","15.74K","+0.72%"
"03/16/2020","585.85","588.95","618.50","562.05","9.64K","-1.26%"
"03/13/2020","593.30","502.00","607.35","480.10","40.06K","-0.29%"
"03/12/2020","595.00","596.00","615.00","570.00","29.96K","-7.97%"
"03/11/2020","646.55","676.75","693.50","641.00","16.61K","-4.24%"
"03/09/2020","675.15","691.05","691.05","662.50","11.63K","-3.15%"
"03/06/2020","697.10","688.50","711.40","679.20","13.50K","+0.40%"
"03/05/2020","694.35","700.40","707.65","691.05","10.34K","-0.68%"
"03/04/2020","699.10","722.00","723.25","694.15","13.46K","-2.67%"
"03/03/2020","718.25","734.95","735.05","696.65","31.98K","-1.62%"
"03/02/2020","730.05","728.00","731.20","706.25","46.96K","+3.80%"
"02/28/2020","703.35","700.00","723.75","684.10","38.82K","-0.62%"
"02/27/2020","707.75","725.45","728.45","705.00","16.50K","-2.58%"
"02/26/2020","726.50","740.70","745.45","720.00","9.29K","-1.92%"
"02/25/2020","740.70","759.80","759.80","733.05","13.50K","-2.29%"
"02/24/2020","758.05","775.05","790.35","750.00","15.68K","-4.10%"
"02/20/2020","790.45","761.50","804.25","761.50","28.00K","+2.66%"
"02/19/2020","769.95","765.00","778.00","761.95","13.09K","+0.49%"
"02/18/2020","766.20","760.00","780.15","760.00","10.78K","-1.45%"
"02/17/2020","777.45","765.00","786.95","752.45","21.02K","+1.23%"
"02/14/2020","768.00","788.00","827.00","761.00","10.32K","-4.36%"
"02/13/2020","803.05","772.10","808.00","772.10","45.32K","+2.95%"
"02/12/2020","780.05","780.00","786.00","745.10","56.85K","+0.18%"
"02/11/2020","778.65","821.95","824.90","770.00","19.71K","-4.10%"
"02/10/2020","811.95","780.30","822.00","750.00","106.31K","+4.06%"
"02/07/2020","780.30","735.00","789.65","705.65","94.16K","+6.74%"
"02/06/2020","731.05","709.95","744.00","709.75","162.72K","+7.95%"
"02/05/2020","677.20","670.10","686.00","669.10","8.56K","+1.27%"
"02/04/2020","668.70","685.00","695.05","666.00","20.89K","-2.37%"
"02/03/2020","684.95","690.00","690.00","677.50","4.49K","+1.34%"
"02/01/2020","675.90","689.90","701.80","668.10","77.86K","-2.06%"
"01/31/2020","690.10","689.45","697.90","685.65","8.98K","+0.40%"
"01/30/2020","687.35","705.15","708.95","680.00","10.39K","-2.52%"
"01/29/2020","705.15","700.00","714.50","691.15","20.53K","+2.03%"
"01/28/2020","691.15","684.90","698.85","676.05","13.56K","+2.20%"
"01/27/2020","676.25","694.95","694.95","675.00","8.91K","-1.44%"
"01/24/2020","686.10","692.70","705.00","675.80","17.47K","+0.30%"
"01/23/2020","684.05","680.05","688.00","676.00","6.80K","+0.55%"
"01/22/2020","680.30","691.75","692.00","678.00","185.76K","-1.66%"
"01/21/2020","691.75","677.50","697.50","675.10","11.39K","+2.01%"
"01/20/2020","678.15","688.00","699.30","676.00","9.69K","-1.67%"
"01/17/2020","689.65","693.60","693.60","682.15","10.38K","+0.95%"
"01/16/2020","683.15","692.10","694.15","682.00","16.27K","-0.78%"
"01/15/2020","688.50","693.00","698.95","683.40","10.31K","-0.25%"
"01/14/2020","690.25","696.00","701.20","681.75","18.86K","-0.77%"
"01/13/2020","695.60","718.90","718.90","692.55","21.36K","-1.26%"
"01/10/2020","704.45","721.20","721.20","700.00","7.82K","-2.11%"
"01/09/2020","719.65","705.10","723.25","701.40","13.48K","+2.60%"
"01/08/2020","701.40","695.05","708.00","695.00","2.42K","+0.11%"
"01/07/2020","700.65","703.00","714.80","695.60","6.42K","-0.40%"
"01/06/2020","703.45","730.00","740.05","692.00","10.22K","-5.22%"
"01/03/2020","742.20","739.00","747.80","732.50","9.24K","+0.58%"
"01/02/2020","737.95","728.40","749.30","725.15","3.25K","+1.22%"
"01/01/2020","729.05","743.95","744.00","726.00","3.62K","-2.18%"
"12/31/2019","745.30","742.00","751.65","725.70","11.09K","+0.39%"
"12/30/2019","742.40","710.90","745.00","710.00","118.58K","+3.10%"
"12/27/2019","720.05","692.15","725.00","692.10","35.67K","+3.41%"
"12/26/2019","696.30","690.00","704.05","685.25","7.83K","+1.46%"
"12/24/2019","686.30","695.05","699.50","685.00","9.87K","-1.58%"
"12/23/2019","697.35","709.80","709.80","693.10","13.38K","-1.75%"
"12/20/2019","709.80","705.00","714.80","691.05","37.63K","+0.31%"
"12/19/2019","707.60","724.90","725.00","701.25","7.33K","-2.40%"
"12/18/2019","725.00","727.85","727.85","704.70","9.79K","-0.01%"
"12/17/2019","725.10","700.00","729.95","685.15","36.38K","+3.27%"
"12/16/2019","702.15","719.50","720.75","700.00","5.18K","-1.89%"
"12/13/2019","715.65","722.00","725.00","708.00","4.76K","-0.03%"
"12/12/2019","715.85","694.10","725.00","691.60","9.53K","+2.71%"
"12/11/2019","696.95","699.90","704.40","673.00","60.90K","-0.71%"
"12/10/2019","701.90","706.20","708.90","686.20","25.33K","-0.92%"
"12/09/2019","708.40","717.30","727.00","703.00","8.70K","-2.26%"
"12/06/2019","724.80","749.95","759.80","720.00","22.43K","-2.27%"
"12/05/2019","741.60","725.00","746.45","720.00","16.38K","+2.13%"
"12/04/2019","726.10","732.35","742.50","717.25","19.62K","-1.27%"
"12/03/2019","735.45","717.50","737.95","700.10","14.23K","+1.84%"
"12/02/2019","722.15","693.50","729.75","688.55","14.13K","+3.84%"
"11/29/2019","695.45","700.10","704.95","690.25","4.78K","-0.47%"
"11/28/2019","698.70","720.00","720.05","693.05","16.94K","-2.18%"
"11/27/2019","714.25","703.10","720.00","690.15","4.56K","+1.59%"
"11/26/2019","703.05","715.70","744.00","688.00","34.08K","-2.60%"
"11/25/2019","721.80","695.85","727.95","670.25","60.01K","+3.84%"
"11/22/2019","695.10","703.85","703.85","683.40","11.60K","+0.29%"
"11/21/2019","693.10","710.15","711.30","685.95","31.17K","-2.06%"
"11/20/2019","707.65","699.95","718.30","699.00","93.21K","+1.09%"
"11/19/2019","700.00","701.15","705.00","690.00","14.66K","-0.12%"
"11/18/2019","700.85","707.30","707.30","686.45","8.18K","+2.07%"
"11/15/2019","686.65","675.00","700.00","670.25","26.98K","+0.99%"
"11/14/2019","679.95","684.20","688.00","669.60","16.16K","-0.74%"
"11/13/2019","685.00","702.00","702.30","681.10","17.51K","-1.37%"
"11/11/2019","694.50","706.00","706.00","685.90","28.39K","+0.94%"
"11/08/2019","688.05","690.00","700.00","681.10","13.13K","+0.61%"
"11/07/2019","683.85","690.05","697.90","676.10","16.28K","-1.13%"
"11/06/2019","691.70","703.65","710.00","688.70","11.83K","-2.60%"
"11/05/2019","710.15","706.00","715.25","688.55","41.20K","-1.05%"
"11/04/2019","717.70","708.00","725.40","702.55","11.72K","+1.40%"
"11/01/2019","707.80","749.70","753.25","702.90","21.13K","-5.52%"
"10/31/2019","749.15","738.40","764.30","737.00","28.11K","+1.86%"
"10/30/2019","735.50","730.00","739.80","720.00","14.06K","+1.51%"
"10/29/2019","724.55","702.30","730.00","701.65","12.56K","+3.17%"
"10/27/2019","702.30","713.95","716.00","691.20","2.15K","-0.69%"
"10/25/2019","707.15","705.85","715.25","700.05","4.96K","+0.37%"
"10/24/2019","704.55","712.65","712.65","694.50","13.41K","-0.82%"
"10/23/2019","710.40","712.05","717.00","701.60","6.93K","-1.72%"
"10/22/2019","722.85","712.00","725.00","707.00","9.26K","+1.60%"
"10/18/2019","711.50","702.05","715.05","701.00","51.94K","+0.45%"
"10/17/2019","708.30","704.25","715.60","701.20","6.20K","+0.58%"
"10/16/2019","704.25","705.00","707.50","685.25","30.39K","+0.79%"
"10/15/2019","698.75","712.10","718.00","692.15","24.54K","-2.46%"
"10/14/2019","716.35","720.00","737.90","708.15","11.83K","-0.64%"
"10/11/2019","720.95","718.10","735.55","715.00","10.12K","+0.49%"
"10/10/2019","717.40","743.10","743.15","712.25","10.77K","-3.05%"
"10/09/2019","740.00","753.75","755.65","730.00","14.21K","-2.08%"
"10/07/2019","755.75","762.85","774.95","750.10","14.38K","-1.59%"
"10/04/2019","767.95","800.00","800.00","765.00","5.05K","-0.90%"
"10/03/2019","774.90","793.00","798.70","765.00","54.36K","-2.99%"
"10/01/2019","798.75","798.55","803.95","777.45","37.29K","+0.00%"
"09/30/2019","798.75","820.20","833.95","790.05","12.43K","-2.92%"
"09/27/2019","822.75","808.95","851.25","800.35","35.07K","+1.86%"
"09/26/2019","807.75","811.05","820.25","802.00","38.85K","-0.97%"
"09/25/2019","815.70","811.75","826.60","803.75","3.80K","-0.95%"
"09/24/2019","823.55","853.45","853.45","812.00","29.06K","-1.58%"
"09/23/2019","836.80","784.95","844.10","784.95","68.11K","+10.07%"
"09/20/2019","760.25","739.95","786.00","731.25","36.77K","+3.03%"
"09/19/2019","737.90","746.15","752.45","731.20","13.77K","-1.11%"
"09/18/2019","746.15","750.20","752.80","745.00","9.50K","-1.06%"
"09/17/2019","754.15","770.00","772.25","750.05","8.99K","-2.18%"
"09/16/2019","770.95","784.00","786.00","761.55","9.18K","-1.75%"
"09/13/2019","784.70","748.90","804.55","739.75","25.94K","+5.10%"
"09/12/2019","746.60","752.35","765.00","740.05","3.56K","-1.30%"
"09/11/2019","756.45","769.95","774.80","753.85","3.92K","-0.43%"
"09/09/2019","759.70","744.00","764.50","739.90","5.72K","+1.22%"
"09/06/2019","750.55","750.00","764.70","744.20","6.89K","-0.64%"
"09/05/2019","755.40","776.60","776.65","750.15","30.37K","-2.50%"
"09/04/2019","774.75","784.60","793.30","771.50","5.27K","-2.99%"
"09/03/2019","798.60","774.00","809.00","752.00","21.89K","+4.02%"
"08/30/2019","767.75","775.00","786.05","762.00","9.59K","-1.53%"
"08/29/2019","779.70","793.60","801.50","770.20","10.18K","-1.83%"
"08/28/2019","794.20","793.60","801.00","758.00","29.14K","-0.72%"
"08/27/2019","800.00","781.00","816.85","772.60","23.99K","+0.70%"
"08/26/2019","794.45","806.95","817.95","770.10","9.61K","-1.51%"
"08/23/2019","806.60","727.40","820.00","724.55","25.49K","+9.54%"
"08/22/2019","736.35","723.30","745.00","707.65","38.40K","+0.90%"
"08/21/2019","729.75","732.60","737.15","719.95","9.30K","-1.09%"
"08/20/2019","737.80","748.00","752.00","735.00","3.09K","-2.47%"
"08/19/2019","756.50","745.60","760.85","733.75","18.23K","+0.73%"
"08/16/2019","751.00","740.00","770.00","728.05","16.21K","-0.86%"
"08/14/2019","757.55","748.00","765.85","729.95","3.58K","+2.66%"
"08/13/2019","737.90","758.00","758.05","731.15","3.70K","-3.61%"
"08/09/2019","765.50","715.60","778.00","715.60","8.22K","+4.43%"
"08/08/2019","733.00","750.90","754.70","695.10","28.27K","-3.29%"
"08/07/2019","757.95","763.60","777.05","748.10","6.08K","-1.20%"
"08/06/2019","767.15","752.50","776.95","743.70","5.85K","+0.93%"
"08/05/2019","760.10","775.00","776.30","749.95","6.00K","-2.09%"
"08/02/2019","776.35","771.95","788.95","753.60","11.56K","+0.53%"
"08/01/2019","772.25","769.85","781.75","760.00","8.28K","+0.44%"
"07/31/2019","768.85","765.60","778.95","765.10","6.22K","-0.88%"
"07/30/2019","775.70","783.60","791.85","765.20","7.31K","-1.34%"
"07/29/2019","786.25","794.00","805.00","770.10","11.84K","-1.91%"
"07/26/2019","801.55","792.75","819.90","775.00","9.40K","+1.11%"
"07/25/2019","792.75","832.70","854.00","782.00","18.02K","-4.80%"
"07/24/2019","832.70","762.00","844.60","753.00","89.00K","-0.04%"
"07/23/2019","833.00","795.20","844.00","785.00","11.45K","+4.71%"
"07/22/2019","795.55","804.00","823.60","792.50","8.29K","-3.41%"
"07/19/2019","823.65","845.00","845.65","815.05","6.80K","-2.43%"
"07/18/2019","844.20","842.65","851.90","836.70","6.62K","-1.12%"
"07/17/2019","853.80","845.00","858.00","827.05","4.81K","+2.26%"
"07/16/2019","834.95","817.60","858.00","817.60","8.33K","+1.37%"
"07/15/2019","823.70","842.20","844.45","820.30","2.15K","-2.20%"
"07/12/2019","842.20","845.60","857.00","840.05","8.22K","-0.60%"
"07/11/2019","847.25","840.10","858.45","840.10","5.83K","+0.09%"
"07/10/2019","846.45","862.15","866.45","840.20","6.72K","-2.71%"
"07/09/2019","870.05","846.00","874.00","835.05","21.25K","+2.74%"
"07/08/2019","846.85","855.10","857.45","843.20","3.52K","-1.20%"
"07/05/2019","857.10","862.50","890.90","855.00","4.93K","-1.69%"
"07/04/2019","871.80","854.00","875.00","854.00","9.18K","+2.15%"
"07/03/2019","853.45","852.05","872.65","850.00","20.89K","-1.19%"
"07/02/2019","863.75","863.95","878.00","860.00","9.77K","+0.12%"
"07/01/2019","862.75","869.00","914.00","859.95","28.71K","-0.72%"
"06/28/2019","869.00","885.00","885.00","849.95","9.84K","+0.44%"
"06/27/2019","865.20","883.65","891.95","860.50","5.66K","-1.48%"
"06/26/2019","878.20","842.90","885.00","842.90","31.93K","+3.29%"
"06/25/2019","850.20","827.45","853.00","817.55","7.64K","+2.57%"
"06/24/2019","828.90","841.15","848.80","823.10","4.92K","-2.32%"
"06/21/2019","848.60","810.00","850.00","810.00","7.01K","+2.92%"
"06/20/2019","824.50","836.75","848.00","814.50","11.81K","-1.48%"
"06/19/2019","836.85","840.00","855.15","830.10","8.66K","-0.95%"
"06/18/2019","844.85","839.20","858.30","839.20","4.04K","-0.31%"
"06/17/2019","847.45","851.00","860.95","842.00","7.97K","-1.92%"
"06/14/2019","864.00","862.00","878.45","857.95","8.45K","-0.68%"
"06/13/2019","869.95","855.00","882.95","855.00","10.61K","+0.46%"
"06/12/2019","865.95","865.00","872.00","859.55","4.11K","-0.31%"
"06/11/2019","868.65","867.05","872.15","855.05","5.48K","+0.39%"
"06/10/2019","865.25","880.00","880.00","835.60","15.60K","-0.40%"
"06/07/2019","868.75","880.00","880.00","860.10","6.52K","-1.49%"
"06/06/2019","881.85","908.60","911.45","876.30","19.21K","-2.94%"
"06/04/2019","908.60","925.00","929.00","902.10","165.38K","+3.09%"
"06/03/2019","881.40","884.00","885.50","873.65","3.66K","-0.24%"
"05/31/2019","883.55","876.45","900.95","875.00","11.76K","+0.40%"
"05/30/2019","880.05","874.90","884.95","874.80","7.43K","+0.19%"
"05/29/2019","878.35","872.05","889.05","871.50","4.52K","+0.72%"
"05/28/2019","872.05","901.00","901.00","865.00","49.28K","-5.05%"
"05/27/2019","918.40","905.00","925.00","895.00","14.91K","+1.53%"
"05/24/2019","904.60","897.40","908.90","897.05","14.62K","+0.80%"
"05/23/2019","897.45","892.10","910.05","890.10","9.06K","-0.01%"
"05/22/2019","897.50","899.00","900.05","888.80","10.45K","+0.50%"
"05/21/2019","893.05","925.00","925.00","890.10","8.33K","-2.69%"
"05/20/2019","917.75","925.00","938.00","903.00","29.08K","+1.64%"
"05/17/2019","902.90","910.40","913.00","900.00","6.41K","+0.17%"
"05/16/2019","901.40","893.25","921.00","893.25","87.43K","+0.16%"
"05/15/2019","900.00","900.05","910.00","879.30","13.32K","-0.01%"
"05/14/2019","900.05","873.00","905.00","870.00","9.38K","+2.01%"
"05/13/2019","882.30","893.95","903.95","873.00","9.48K","-0.36%"
"05/10/2019","885.50","910.60","910.60","885.05","8.46K","-2.07%"
"05/09/2019","904.20","883.00","911.00","883.00","14.02K","+1.50%"
"05/08/2019","890.80","906.00","906.05","880.95","13.11K","-1.70%"
"05/07/2019","906.20","922.05","927.00","901.00","16.97K","-1.52%"
"05/06/2019","920.15","905.00","931.80","900.05","46.93K","+2.46%"
"05/03/2019","898.10","893.00","905.00","888.25","15.57K","-0.11%"
"05/02/2019","899.10","914.00","914.00","891.65","12.48K","-0.73%"
"04/30/2019","905.70","896.00","916.30","893.70","13.10K","+1.08%"
"04/26/2019","896.00","904.00","909.95","887.30","8.36K","-0.98%"
"04/25/2019","904.85","894.10","910.65","894.10","20.56K","+0.87%"
"04/24/2019","897.05","889.85","905.00","885.20","18.10K","+0.75%"
"04/23/2019","890.40","865.00","895.00","852.20","27.01K","+2.59%"
"04/22/2019","867.90","860.00","870.95","844.05","35.95K","+1.55%"
"04/18/2019","854.65","850.45","864.80","847.25","12.56K","-0.72%"
"04/16/2019","860.85","862.90","870.00","838.80","9.13K","-0.03%"
"04/15/2019","861.10","863.90","871.40","850.00","27.64K","+1.17%"
"04/12/2019","851.15","876.95","876.95","847.20","8.04K","-2.21%"
"04/11/2019","870.40","870.00","883.00","860.55","11.64K","+0.55%"
"04/10/2019","865.65","850.40","890.00","840.00","46.25K","+1.72%"
"04/09/2019","851.05","839.15","853.95","839.15","6.07K","+1.06%"
"04/08/2019","842.15","825.10","855.70","825.05","11.65K","+2.07%"
"04/05/2019","825.10","822.45","836.35","819.90","6.91K","-0.04%"
"04/04/2019","825.40","828.95","829.35","810.00","7.29K","+1.02%"
"04/03/2019","817.05","831.90","831.95","812.00","8.87K","-1.23%"
"04/02/2019","827.25","820.15","832.95","814.15","9.22K","+0.99%"
"04/01/2019","819.10","819.65","821.05","811.20","3.46K","+1.22%"
"03/29/2019","809.25","810.00","813.45","802.05","3.35K","+0.85%"
"03/28/2019","802.40","819.50","819.50","788.00","20.45K","-1.39%"
"03/27/2019","813.70","807.20","815.90","802.95","5.47K","+1.45%"
"03/26/2019","802.10","816.10","816.65","801.00","4.32K","-1.44%"
"03/25/2019","813.80","838.90","838.95","796.55","20.94K","-1.80%"
"03/22/2019","828.75","815.15","839.95","810.05","6.62K","+1.75%"
"03/20/2019","814.50","821.65","825.00","812.00","1.99K","-0.32%"
"03/19/2019","817.15","835.00","835.85","811.00","17.78K","-2.69%"
"03/18/2019","839.70","835.05","842.80","831.00","3.15K","-0.36%"
"03/15/2019","842.75","826.40","849.85","823.05","14.83K","+1.70%"
"03/14/2019","828.65","842.15","842.15","824.65","4.78K","-1.45%"
"03/13/2019","840.85","854.00","857.80","833.00","7.16K","-1.41%"
"03/12/2019","852.90","849.95","857.95","849.95","8.02K","-0.09%"
"03/11/2019","853.70","843.05","856.90","840.05","8.77K","+0.60%"
"03/08/2019","848.60","820.15","852.75","820.15","10.55K","+2.42%"
"03/07/2019","828.55","812.00","833.00","812.00","6.33K","+1.61%"
"03/06/2019","815.40","819.95","827.70","811.35","11.19K","-0.26%"
"03/05/2019","817.55","815.65","824.00","807.25","13.93K","+0.23%"
"03/01/2019","815.65","803.75","819.45","803.75","4.38K","+1.27%"
"02/28/2019","805.45","797.50","809.50","789.65","7.09K","+1.49%"
"02/27/2019","793.65","799.75","809.95","788.65","6.15K","-0.36%"
"02/26/2019","796.50","794.55","804.70","781.35","142.52K","+0.26%"
"02/25/2019","794.45","754.05","802.80","754.00","10.44K","+4.58%"
"02/22/2019","759.65","751.65","764.95","750.05","3.68K","+1.09%"
"02/21/2019","751.45","749.10","757.95","743.00","3.74K","+0.19%"
"02/20/2019","750.00","750.50","753.95","738.00","10.17K","-0.29%"
"02/19/2019","752.15","762.60","769.85","745.00","3.22K","-1.38%"
"02/18/2019","762.65","749.95","768.00","737.10","9.41K","+2.20%"
"02/15/2019","746.20","760.15","760.15","732.15","5.59K","-1.91%"
"02/14/2019","760.70","741.00","762.95","732.10","12.79K","+1.10%"
"02/13/2019","752.40","770.50","779.95","737.45","15.93K","-3.45%"
"02/12/2019","779.25","735.00","808.00","713.30","81.20K","+5.85%"
"02/11/2019","736.15","741.05","741.85","727.10","4.97K","-0.78%"
"02/08/2019","741.90","749.00","749.00","727.05","7.01K","-1.14%"
"02/07/2019","750.45","772.90","774.00","747.60","6.54K","-2.85%"
"02/06/2019","772.45","755.00","793.95","737.00","81.15K","+2.01%"
"02/05/2019","757.25","762.00","763.95","748.10","6.77K","-0.60%"
"02/04/2019","761.85","770.05","774.40","752.00","5.50K","-1.60%"
"02/01/2019","774.20","774.95","780.95","761.00","4.39K","+0.30%"
"01/31/2019","771.85","784.95","790.00","769.05","4.67K","-1.27%"
"01/30/2019","781.75","800.10","809.20","773.50","21.13K","-2.74%"
"01/29/2019","803.80","796.00","809.90","795.95","5.39K","+0.37%"
"01/28/2019","800.85","790.25","806.25","790.00","4.01K","-0.05%"
"01/25/2019","801.25","815.65","815.65","796.65","24.24K","-1.41%"
"01/24/2019","812.70","805.10","818.00","797.10","4.82K","+0.30%"
"01/23/2019","810.30","818.00","818.05","809.00","1.56K","-1.18%"
"01/22/2019","819.95","815.95","822.00","811.15","3.18K","+0.55%"
"01/21/2019","815.50","815.00","823.00","812.00","1.75K","-1.03%"
"01/18/2019","823.95","815.80","832.95","815.00","9.86K","+0.99%"
"01/17/2019","815.85","807.60","819.95","807.60","2.41K","-0.27%"
"01/16/2019","818.05","814.45","825.45","806.00","16.35K","+0.75%"
"01/15/2019","811.95","810.10","816.00","809.00","4.64K","-0.48%"
"01/14/2019","815.85","817.05","825.00","812.00","2.91K","-1.06%"
"01/11/2019","824.60","812.50","825.00","810.90","4.59K","+1.36%"
"01/10/2019","813.50","810.15","827.00","808.95","7.27K","-0.01%"
"01/09/2019","813.60","812.00","816.00","805.75","2.19K","+0.28%"
"01/08/2019","811.30","821.00","822.95","809.00","3.25K","-1.09%"
"01/07/2019","820.25","815.00","825.95","814.00","2.18K","+0.53%"
"01/04/2019","815.90","817.00","820.00","804.55","5.72K","+0.12%"
"01/03/2019","814.95","812.00","823.85","811.00","3.64K","-0.12%"
"01/02/2019","815.90","825.95","831.80","812.00","2.21K","-0.66%"
"01/01/2019","821.30","835.10","849.95","817.00","9.60K","-1.65%"
"12/31/2018","835.10","820.70","837.00","815.90","4.51K","+1.77%"
"12/28/2018","820.55","825.05","832.20","818.15","11.96K","-0.54%"
"12/27/2018","825.00","839.00","839.00","824.50","1.28K","-0.05%"
"12/26/2018","825.45","840.65","841.05","822.90","7.13K","-2.34%"
"12/24/2018","845.20","829.00","859.90","829.00","14.42K","+2.44%"
"12/21/2018","825.05","817.10","828.00","806.00","17.32K","+1.07%"
"12/20/2018","816.30","816.80","829.95","811.90","2.36K","-0.51%"
"12/19/2018","820.50","814.55","825.30","811.00","3.08K","+0.73%"
"12/18/2018","814.55","838.00","839.95","810.05","12.44K","-2.86%"
"12/17/2018","838.55","848.95","849.00","828.00","4.56K","-0.29%"
"12/14/2018","840.95","811.15","845.05","811.15","8.78K","+3.20%"
"12/13/2018","814.85","820.55","826.25","810.00","4.38K","-0.65%"
"12/12/2018","820.20","820.05","829.95","817.90","1.25K","-0.06%"
"12/11/2018","820.70","800.05","829.95","800.05","100.90K","+0.92%"
"12/10/2018","813.20","810.10","818.85","797.00","5.56K","-0.08%"
"12/07/2018","813.85","826.40","828.95","810.10","4.95K","-1.45%"
"12/06/2018","825.80","820.05","829.95","818.00","4.09K","-0.07%"
"12/05/2018","826.40","810.85","829.95","807.55","11.99K","+1.69%"
"12/04/2018","812.65","809.50","819.95","800.05","5.06K","+0.22%"
"12/03/2018","810.90","819.00","829.95","800.45","77.73K","-0.67%"
"11/30/2018","816.40","804.95","824.95","796.70","8.32K","+1.04%"
"11/29/2018","808.00","790.45","809.90","782.30","9.19K","+1.17%"
"11/28/2018","798.65","795.05","807.00","792.10","3.29K","+0.29%"
"11/27/2018","796.35","795.00","804.40","794.10","15.76K","-1.47%"
"11/26/2018","808.25","822.60","824.95","800.05","4.86K","-1.45%"
"11/22/2018","820.15","836.10","841.10","815.00","257.04K","-2.00%"
"11/21/2018","836.90","840.90","845.75","830.05","1.88K","-0.93%"
"11/20/2018","844.75","852.10","861.00","838.00","5.46K","-1.88%"
"11/19/2018","860.90","840.00","865.00","836.95","3.94K","+2.31%"
"11/16/2018","841.45","843.05","847.90","835.25","2.96K","-0.68%"
"11/15/2018","847.20","813.05","849.90","813.05","10.51K","+2.49%"
"11/14/2018","826.60","840.05","852.00","816.05","18.70K","-2.35%"
"11/13/2018","846.50","843.10","851.00","833.05","5.97K","-0.65%"
"11/12/2018","852.00","833.00","857.00","824.00","8.86K","+1.60%"
"11/09/2018","838.55","846.00","847.00","830.10","5.05K","-1.18%"
"11/06/2018","848.55","824.05","869.80","824.05","15.75K","+2.23%"
"11/05/2018","830.00","817.50","843.00","817.30","11.91K","+0.49%"
"11/02/2018","825.95","829.95","842.00","816.00","8.92K","+0.19%"
"11/01/2018","824.40","825.75","845.95","820.05","5.04K","-0.75%"
"10/31/2018","830.60","800.35","840.20","793.00","25.32K","+3.29%"
"10/30/2018","804.15","816.00","816.00","800.20","1.99K","-1.49%"
"10/29/2018","816.30","813.65","823.90","808.00","5.77K","-0.75%"
"10/26/2018","822.50","818.00","826.00","808.00","3.76K","+0.13%"
"10/25/2018","821.45","820.95","828.00","786.25","19.09K","-0.27%"
"10/24/2018","823.65","820.00","827.05","805.00","6.97K","+0.85%"
"10/23/2018","816.70","810.05","828.00","796.00","22.77K","+0.39%"
"10/22/2018","813.50","819.00","828.75","790.05","16.13K","-0.34%"
"10/19/2018","816.25","794.80","829.00","771.60","39.83K","+2.70%"
"10/17/2018","794.80","799.95","799.95","771.15","20.29K","-0.65%"
"10/16/2018","800.00","770.00","829.90","747.80","33.81K","+5.57%"
"10/15/2018","757.80","730.15","784.80","725.00","8.07K","+2.40%"
"10/12/2018","740.05","732.90","743.00","714.35","14.10K","+1.94%"
"10/11/2018","726.00","699.90","732.90","685.00","14.43K","+0.57%"
"10/10/2018","721.85","723.15","727.55","715.00","6.73K","-0.72%"
"10/09/2018","727.05","734.00","734.00","705.15","36.70K","+0.43%"
"10/08/2018","723.95","720.25","745.90","708.10","7.02K","-2.00%"
"10/05/2018","738.70","730.00","745.90","720.60","11.73K","+0.17%"
"10/04/2018","737.45","739.80","740.65","720.00","7.66K","-0.38%"
"10/03/2018","740.25","730.00","744.85","720.10","9.79K","+0.68%"
"10/01/2018","735.25","738.45","738.45","716.05","12.04K","-1.43%"
"09/28/2018","745.90","742.15","750.00","707.75","28.59K","-0.59%"
"09/27/2018","750.35","733.00","754.90","733.00","8.48K","+1.08%"
"09/26/2018","742.30","730.05","745.00","712.00","8.89K","+0.90%"
"09/25/2018","735.65","710.30","742.00","692.00","11.94K","+1.72%"
"09/24/2018","723.20","718.95","730.45","684.05","15.72K","+0.58%"
"09/21/2018","719.00","730.00","734.20","709.00","13.48K","-1.45%"
"09/19/2018","729.55","737.00","749.90","725.15","5.73K","-1.06%"
"09/18/2018","737.35","738.50","742.80","731.15","119.05K","-0.12%"
"09/17/2018","738.20","740.05","749.95","735.00","8.80K","-0.88%"
"09/14/2018","744.75","749.00","754.15","742.00","4.02K","-0.66%"
"09/12/2018","749.70","745.95","759.00","740.25","8.77K","-0.14%"
"09/11/2018","750.75","752.80","765.00","747.55","5.11K","-1.25%"
"09/10/2018","760.25","768.00","771.90","747.00","13.49K","-0.20%"
"09/07/2018","761.80","752.65","767.95","747.00","7.43K","+1.22%"
"09/06/2018","752.65","750.70","765.00","750.00","6.17K","-0.11%"
"09/05/2018","753.50","750.10","759.45","742.15","7.74K","-0.51%"
"09/04/2018","757.40","761.30","779.95","754.30","5.86K","-2.30%"
"09/03/2018","775.25","760.40","779.85","750.05","35.01K","+1.95%"
"08/31/2018","760.40","761.50","779.35","740.05","157.16K","-0.14%"
"08/30/2018","761.50","767.95","770.00","752.10","8.87K","-0.88%"
"08/29/2018","768.25","783.20","795.35","763.00","10.20K","-1.91%"
"08/28/2018","783.20","765.30","801.00","760.35","23.20K","+2.20%"
"08/27/2018","766.35","770.00","780.95","765.00","6.38K","-1.62%"
"08/24/2018","779.00","776.95","784.90","772.60","4.58K","+0.17%"
"08/23/2018","777.70","781.85","794.80","770.25","9.03K","+0.29%"
"08/21/2018","775.45","795.00","795.00","771.65","5.33K","-2.70%"
"08/20/2018","797.00","780.15","800.80","780.15","16.51K","+0.63%"
"08/17/2018","792.00","796.25","803.00","786.65","9.40K","+0.96%"
"08/16/2018","784.50","775.55","807.00","772.00","107.47K","+1.15%"
"08/14/2018","775.55","755.55","784.80","750.15","55.54K","+3.37%"
"08/13/2018","750.30","743.55","768.80","734.50","9.26K","+0.93%"
"08/10/2018","743.35","760.05","764.90","734.00","18.66K","-2.45%"
"08/09/2018","762.05","772.00","773.60","760.55","5.04K","-1.01%"
"08/08/2018","769.80","757.00","776.20","756.00","145.72K","+0.54%"
"08/07/2018","765.70","787.75","790.35","764.00","10.24K","-3.44%"
"08/06/2018","792.95","802.05","812.15","786.15","9.83K","-0.92%"
"08/03/2018","800.30","829.00","829.00","782.00","22.37K","-2.42%"
"08/02/2018","820.15","804.00","844.40","761.20","170.70K","+2.03%"
"08/01/2018","803.85","818.90","818.90","800.15","6.36K","-0.37%"
"07/31/2018","806.85","816.45","816.45","799.70","8.41K","-0.45%"
"07/30/2018","810.50","799.80","819.95","794.30","11.73K","+1.60%"
"07/27/2018","797.75","795.00","805.45","774.00","15.42K","+0.23%"
"07/26/2018","795.95","776.05","801.00","760.55","20.29K","+2.56%"
"07/25/2018","776.05","762.35","779.40","750.00","18.44K","+2.01%"
"07/24/2018","760.75","746.80","769.95","740.10","31.43K","+1.73%"
"07/23/2018","747.80","730.05","752.00","730.05","12.17K","+1.29%"
"07/20/2018","738.30","743.00","746.00","732.70","51.63K","-0.28%"
"07/19/2018","740.35","750.00","758.00","738.10","3.55K","-1.95%"
"07/18/2018","755.05","750.05","763.85","749.25","3.94K","+0.67%"
"07/17/2018","750.05","763.95","767.95","746.05","4.54K","-0.84%"
"07/16/2018","756.40","751.05","773.00","735.00","12.79K","+0.21%"
"07/13/2018","754.85","744.30","759.00","742.00","172.26K","+0.62%"
"07/12/2018","750.20","750.10","755.05","742.55","33.74K","-0.89%"
"07/11/2018","756.90","761.40","761.40","733.55","22.43K","+0.21%"
"07/10/2018","755.35","772.65","775.15","750.00","8.44K","-2.24%"
"07/09/2018","772.65","759.35","785.05","740.30","8.94K","+2.13%"
"07/06/2018","756.55","751.60","767.70","732.60","11.89K","+0.66%"
"07/05/2018","751.60","768.15","768.15","750.00","4.55K","-1.37%"
"07/04/2018","762.05","772.00","778.00","755.30","32.47K","+0.47%"
"07/03/2018","758.45","781.55","781.55","748.00","21.04K","-3.66%"
"07/02/2018","787.30","804.55","804.55","785.00","12.32K","-1.17%"
"06/29/2018","796.65","796.80","809.95","795.00","8.56K","+0.19%"
"06/28/2018","795.15","815.50","815.50","780.00","17.15K","-2.69%"
"06/27/2018","817.10","823.85","823.85","800.00","29.82K","-0.77%"
"06/26/2018","823.40","820.00","826.00","806.00","6.50K","+0.41%"
"06/25/2018","820.05","818.00","822.65","804.25","12.24K","+0.15%"
"06/22/2018","818.80","816.70","824.00","808.75","4.77K","+0.30%"
"06/21/2018","816.35","822.95","825.00","810.05","54.70K","-0.59%"
"06/20/2018","821.20","813.95","828.90","807.05","6.36K","+2.01%"
"06/19/2018","805.05","814.00","815.05","802.50","7.83K","-1.08%"
"06/18/2018","813.80","833.25","839.80","810.25","4.74K","-1.94%"
"06/15/2018","829.90","812.45","837.25","811.45","62.09K","+2.34%"
"06/14/2018","810.95","814.00","815.60","805.00","5.41K","+0.30%"
"06/13/2018","808.55","808.20","814.10","807.50","2.58K","-0.03%"
"06/12/2018","808.80","809.35","818.20","803.05","7.46K","-0.07%"
"06/11/2018","809.35","822.00","822.50","805.00","18.75K","-1.61%"
"06/08/2018","822.60","819.65","835.00","811.10","59.99K","+0.24%"
"06/07/2018","820.65","804.10","829.00","804.10","60.49K","+1.05%"
"06/06/2018","812.15","830.85","850.00","802.20","94.02K","+1.47%"
"06/05/2018","800.35","831.20","849.95","789.95","88.97K","-3.71%"
"06/04/2018","831.20","840.05","840.95","825.10","22.08K","-0.59%"
"06/01/2018","836.15","848.20","857.00","830.60","4.20K","-2.59%"
"05/31/2018","858.40","866.85","866.85","848.15","26.38K","-1.21%"
"05/30/2018","868.90","858.00","873.25","850.05","16.39K","+0.88%"
"05/29/2018","861.30","875.00","875.00","852.40","3.48K","-1.46%"
"05/28/2018","874.10","881.00","885.50","864.60","7.45K","-0.89%"
"05/25/2018","881.95","897.30","899.00","875.00","5.61K","-1.26%"
"05/24/2018","893.20","876.00","898.30","870.05","11.21K","+2.23%"
"05/23/2018","873.75","860.00","884.00","855.35","11.42K","+1.55%"
"05/22/2018","860.40","844.20","889.00","832.00","99.59K","+1.87%"
"05/21/2018","844.60","867.85","867.85","840.10","15.53K","-2.93%"
"05/18/2018","870.05","871.60","890.00","866.00","4.16K","-0.32%"
"05/17/2018","872.80","892.05","899.95","869.60","9.04K","-2.02%"
"05/16/2018","890.75","890.00","912.00","887.00","7.98K","-1.04%"
"05/15/2018","900.15","893.10","906.15","890.10","5.79K","+1.12%"
"05/14/2018","890.20","891.05","896.55","883.35","7.43K","-1.09%"
"05/11/2018","900.00","917.85","925.00","887.00","31.13K","-1.94%"
"05/10/2018","917.85","944.10","959.05","915.00","7.92K","-2.49%"
"05/09/2018","941.30","903.20","955.00","902.05","36.68K","+4.49%"
"05/08/2018","900.85","869.65","916.00","860.05","20.70K","+3.96%"
"05/07/2018","866.50","858.70","872.85","850.25","7.32K","+0.91%"
"05/04/2018","858.70","847.00","862.05","840.10","5.54K","+1.30%"
"05/03/2018","847.65","856.00","856.75","834.00","9.58K","-1.05%"
"05/02/2018","856.65","865.95","867.00","848.00","4.81K","+0.78%"
"04/30/2018","850.00","857.50","862.00","848.00","4.93K","-1.01%"
"04/27/2018","858.65","864.55","869.90","853.15","6.54K","-0.68%"
"04/26/2018","864.55","880.90","885.00","858.00","6.71K","-2.02%"
"04/25/2018","882.35","884.60","890.95","872.05","8.69K","-0.70%"
"04/24/2018","888.55","892.00","892.20","873.00","4.88K","+0.81%"
"04/23/2018","881.45","854.00","885.00","854.00","12.03K","+3.35%"
"04/20/2018","852.85","854.05","868.00","851.00","5.30K","-0.21%"
"04/19/2018","854.65","843.05","868.35","843.05","5.68K","+0.36%"
"04/18/2018","851.60","876.90","877.00","851.00","5.86K","-1.66%"
"04/17/2018","865.95","852.00","877.90","844.25","6.35K","+1.57%"
"04/16/2018","852.60","858.00","866.95","846.00","4.62K","-1.55%"
"04/13/2018","866.05","837.00","869.95","831.60","11.01K","+3.47%"
"04/12/2018","837.00","858.50","877.75","832.25","12.55K","-1.88%"
"04/11/2018","853.05","860.25","870.00","850.05","5.00K","-1.12%"
"04/10/2018","862.75","866.85","875.65","856.40","62.68K","-0.47%"
"04/09/2018","866.85","885.00","897.95","861.60","15.20K","-1.19%"
"04/06/2018","877.25","893.00","894.45","863.60","11.01K","-0.95%"
"04/05/2018","885.65","885.00","920.00","880.50","50.57K","+0.29%"
"04/04/2018","883.10","945.00","945.00","878.05","38.40K","-5.63%"
"04/03/2018","935.80","959.85","960.00","930.00","7.34K","-2.49%"
"04/02/2018","959.70","944.75","974.90","926.05","20.30K","+2.59%"
"03/28/2018","935.50","939.50","947.00","924.30","46.71K","-0.22%"
"03/27/2018","937.55","889.00","940.00","885.50","49.27K","+6.11%"
"03/26/2018","883.60","864.95","894.60","852.00","93.93K","+2.62%"
"03/23/2018","861.05","840.05","867.15","827.30","24.62K","+1.69%"
"03/22/2018","846.75","836.45","851.00","830.10","22.29K","+2.24%"
"03/21/2018","828.20","858.00","858.00","826.15","17.19K","-2.05%"
"03/20/2018","845.55","812.00","869.00","802.10","26.21K","+3.69%"
"03/19/2018","815.45","829.20","829.20","810.15","6.87K","-1.66%"
"03/16/2018","829.20","844.90","845.00","818.00","20.35K","-1.50%"
"03/15/2018","841.80","836.00","844.95","820.05","8.86K","+1.56%"
"03/14/2018","828.85","825.00","833.20","816.50","23.71K","-0.14%"
"03/13/2018","830.05","846.00","855.25","827.10","7.09K","-1.98%"
"03/12/2018","846.80","861.70","862.00","837.00","7.50K","+0.21%"
"03/09/2018","845.00","815.35","848.70","815.00","12.17K","+3.12%"
"03/08/2018","819.40","822.00","839.95","800.25","9.47K","+0.07%"
"03/07/2018","818.80","802.85","840.00","785.00","16.79K","+1.97%"
"03/06/2018","802.95","829.95","829.95","794.20","7.34K","-2.41%"
"03/05/2018","822.80","832.50","832.90","818.50","8.67K","-1.84%"
"03/01/2018","838.20","841.00","856.00","817.00","15.35K","-0.25%"
"02/28/2018","840.30","819.00","859.00","815.00","19.28K","+0.94%"
"02/27/2018","832.45","833.95","837.65","824.00","24.09K","+0.30%"
"02/26/2018","829.95","848.00","852.55","822.00","9.06K","-1.27%"
"02/23/2018","840.60","827.95","848.00","810.05","12.85K","+2.54%"
"02/22/2018","819.80","824.00","846.00","796.15","15.57K","-0.57%"
"02/21/2018","824.50","825.85","849.95","807.05","15.99K","+0.83%"
"02/20/2018","817.70","830.10","849.95","812.05","13.90K","-2.21%"
"02/19/2018","836.20","860.00","866.05","830.05","10.86K","-2.48%"
"02/16/2018","857.50","862.00","875.15","850.05","9.44K","-0.43%"
"02/15/2018","861.20","888.00","898.00","852.25","10.66K","-2.67%"
"02/14/2018","884.85","879.95","898.90","875.25","29.30K","+1.36%"
"02/12/2018","873.00","851.20","887.95","851.20","20.64K","+1.61%"
"02/09/2018","859.20","851.00","880.00","845.00","12.98K","-0.08%"
"02/08/2018","859.85","877.00","899.00","855.80","200.03K","-1.51%"
"02/07/2018","873.00","894.90","925.00","865.00","33.51K","-1.83%"
"02/06/2018","889.25","861.00","907.00","861.00","49.09K","-1.34%"
"02/05/2018","901.30","875.00","915.00","855.00","44.13K","+2.08%"
"02/02/2018","882.95","920.05","920.05","861.00","57.02K","-4.32%"
"02/01/2018","922.85","920.00","970.00","878.60","143.19K","-1.79%"
"01/31/2018","939.70","935.00","944.85","921.00","14.13K","+0.51%"
"01/30/2018","934.90","950.05","984.40","930.50","26.38K","-2.18%"
"01/29/2018","955.70","999.00","999.00","950.05","19.65K","-4.37%"
"01/25/2018","999.40","1000.00","1015.00","980.25","71.63K","+0.33%"
"01/24/2018","996.15","998.95","1004.95","965.00","73.79K","+0.86%"
"01/23/2018","987.65","994.00","1000.00","978.00","64.81K","+1.14%"
"01/22/2018","976.55","921.10","1044.70","921.10","110.57K","+4.48%"
"01/19/2018","934.65","931.25","943.00","925.10","64.56K","+0.53%"
"01/18/2018","929.75","945.00","945.00","919.35","42.45K","-1.15%"
"01/17/2018","940.60","932.00","945.00","928.05","52.50K","+0.31%"
"01/16/2018","937.65","938.70","946.00","917.25","62.92K","+0.65%"
"01/15/2018","931.55","929.00","943.00","916.00","98.72K","+1.92%"
"01/12/2018","914.00","889.00","924.70","882.00","136.89K","+3.95%"
"01/11/2018","879.25","894.00","916.60","865.00","371.00K","+2.65%"
"01/10/2018","856.55","873.00","889.95","850.35","28.83K","-1.57%"
"01/09/2018","870.20","835.00","909.00","827.35","156.98K","+5.18%"
"01/08/2018","827.35","782.00","849.70","775.55","106.34K","+5.93%"
"01/05/2018","781.05","776.15","789.50","768.00","29.51K","+1.63%"
"01/04/2018","768.55","736.00","799.00","736.00","121.57K","+4.36%"
"01/03/2018","736.45","726.00","744.60","720.05","8.96K","+1.23%"
"01/02/2018","727.50","746.95","749.00","725.10","7.68K","-1.82%"
"01/01/2018","740.95","745.00","753.00","728.00","22.77K","+1.85%"
"12/29/2017","727.50","729.25","733.45","723.00","14.72K","+0.75%"
"12/28/2017","722.05","715.00","735.00","712.50","39.59K","+1.22%"
"12/27/2017","713.35","706.15","731.95","696.10","33.88K","+1.19%"
"12/26/2017","704.95","710.00","730.15","702.20","23.63K","-0.51%"
"12/22/2017","708.55","676.15","724.00","676.15","48.54K","+3.41%"
"12/21/2017","685.20","681.00","693.20","679.00","26.08K","+1.26%"
"12/20/2017","676.65","690.00","690.40","675.50","12.10K","-1.49%"
"12/19/2017","686.90","689.00","695.50","684.50","14.66K","+1.42%"
"12/18/2017","677.30","661.00","693.95","661.00","11.63K","+0.11%"
"12/15/2017","676.55","689.65","689.65","671.00","12.23K","+0.44%"
"12/14/2017","673.60","679.45","694.70","667.00","9.27K","-0.57%"
"12/13/2017","677.45","667.80","700.00","667.80","25.01K","+0.27%"
"12/12/2017","675.65","673.30","680.95","665.10","11.17K","-0.01%"
"12/11/2017","675.70","691.00","702.00","663.15","21.63K","-1.93%"
"12/08/2017","689.00","708.90","708.95","686.05","16.80K","-1.92%"
"12/07/2017","702.50","697.95","710.00","687.65","36.84K","+2.18%"
"12/06/2017","687.50","691.90","694.75","679.85","17.55K","+0.05%"
"12/05/2017","687.15","669.00","689.90","669.00","10.26K","+1.59%"
"12/04/2017","676.40","655.00","683.00","655.00","15.87K","+3.26%"
"12/01/2017","655.05","660.00","674.00","651.10","5.66K","-2.32%"
"11/30/2017","670.60","655.20","674.00","655.20","8.53K","+1.09%"
"11/29/2017","663.35","655.05","672.00","653.45","26.96K","+2.37%"
"11/28/2017","648.00","661.90","668.80","637.00","57.73K","-1.12%"
"11/27/2017","655.35","675.00","684.65","653.00","61.09K","-2.67%"
"11/24/2017","673.35","695.00","709.00","670.00","67.52K","-2.17%"
"11/23/2017","688.30","692.00","710.00","684.00","46.40K","+0.44%"
"11/22/2017","685.30","691.40","707.00","681.00","66.31K","-0.01%"
"11/21/2017","685.40","691.60","694.95","677.25","9.32K","+0.09%"
"11/20/2017","684.80","690.00","696.85","670.15","83.11K","+0.15%"
"11/17/2017","683.80","667.15","691.00","665.45","12.09K","+3.69%"
"11/16/2017","659.45","675.00","675.30","656.10","18.09K","-0.75%"
"11/15/2017","664.40","661.00","699.00","646.75","82.16K","+1.74%"
"11/14/2017","653.05","655.00","661.75","650.05","5.24K","-0.10%"
"11/13/2017","653.70","663.60","667.60","650.00","10.79K","-1.49%"
"11/10/2017","663.60","655.10","674.00","655.10","7.99K","-0.39%"
"11/09/2017","666.20","654.20","669.00","648.05","7.50K","+1.83%"
"11/08/2017","654.20","657.00","665.00","649.95","168.12K","-1.15%"
"11/07/2017","661.80","667.00","669.00","657.10","13.50K","-0.45%"
"11/06/2017","664.80","672.10","672.10","658.00","15.93K","-0.10%"
"11/03/2017","665.45","660.00","672.95","651.60","16.95K","+1.36%"
"11/02/2017","656.55","687.30","687.30","650.00","35.59K","-3.52%"
"11/01/2017","680.50","683.25","700.00","670.60","24.99K","+0.07%"
"10/31/2017","680.00","692.00","703.95","678.00","15.56K","-1.93%"
"10/30/2017","693.40","686.00","704.90","684.70","43.64K","+1.06%"
"10/27/2017","686.15","679.00","704.90","679.00","30.01K","+1.10%"
"10/26/2017","678.70","688.65","693.00","675.10","15.56K","-2.11%"
"10/25/2017","693.35","685.65","696.75","685.65","16.95K","+0.63%"
"10/24/2017","689.00","686.00","695.00","675.00","30.51K","-0.58%"
"10/23/2017","693.00","674.95","714.90","673.60","57.93K","+6.00%"
"10/18/2017","653.75","651.00","656.50","647.70","4.09K","+0.11%"
"10/17/2017","653.00","653.15","670.15","641.00","24.65K","-0.86%"
"10/16/2017","658.65","665.00","665.00","657.10","2.95K","-0.84%"
"10/13/2017","664.25","657.05","668.35","653.00","5.01K","+0.74%"
"10/12/2017","659.35","665.00","669.30","651.10","8.97K","+0.09%"
"10/11/2017","658.75","655.00","664.00","652.15","12.11K","+1.01%"
"10/10/2017","652.15","658.00","660.00","650.10","3.83K","-0.72%"
"10/09/2017","656.85","663.90","663.90","651.15","8.55K","-0.08%"
"10/06/2017","657.35","658.05","668.00","654.05","5.29K","-0.02%"
"10/05/2017","657.50","652.00","664.90","649.95","5.35K","+0.27%"
"10/04/2017","655.75","672.00","673.80","652.10","6.21K","-2.34%"
"10/03/2017","671.45","690.00","690.00","650.80","12.06K","-1.08%"
"09/29/2017","678.75","646.00","692.00","640.10","41.63K","+4.96%"
"09/28/2017","646.65","654.95","655.90","631.65","39.51K","+1.46%"
"09/27/2017","637.35","640.90","651.95","628.00","12.73K","+0.44%"
"09/26/2017","634.55","642.05","652.65","624.20","226.44K","-2.55%"
"09/25/2017","651.15","665.00","667.70","629.00","74.88K","-1.97%"
"09/22/2017","664.25","650.20","666.00","650.20","18.47K","+0.66%"
"09/21/2017","659.90","649.00","665.20","649.00","16.56K","+0.69%"
"09/20/2017","655.35","660.90","667.80","651.75","6.51K","-0.32%"
"09/19/2017","657.45","653.95","660.00","645.05","17.52K","+0.98%"
"09/18/2017","651.05","655.00","674.00","648.50","59.85K","-0.77%"
"09/15/2017","656.10","677.60","685.10","638.05","40.19K","-2.32%"
"09/14/2017","671.65","672.00","693.00","667.25","23.74K","+0.62%"
"09/13/2017","667.50","659.35","672.70","656.10","8.92K","+1.56%"
"09/12/2017","657.25","651.25","662.95","651.20","9.01K","+0.43%"
"09/11/2017","654.45","655.00","664.90","651.10","17.06K","+0.16%"
"09/08/2017","653.40","662.50","663.00","652.00","9.09K","-1.49%"
"09/07/2017","663.30","663.00","671.95","656.05","7.77K","-0.58%"
"09/06/2017","667.20","662.00","675.00","655.00","8.62K","+0.62%"
"09/05/2017","663.10","662.00","666.90","655.15","3.88K","+1.36%"
"09/04/2017","654.20","654.00","668.00","650.10","6.72K","-1.15%"
"09/01/2017","661.80","655.05","668.05","655.05","3.51K","-0.05%"
"08/31/2017","662.10","655.50","665.00","650.10","2.66K","+1.05%"
"08/30/2017","655.25","655.05","668.00","650.00","6.35K","+0.40%"
"08/29/2017","652.65","672.95","672.95","650.00","6.84K","-2.47%"
"08/28/2017","669.15","661.00","681.00","661.00","19.52K","+0.04%"
"08/24/2017","668.90","668.70","706.00","661.15","45.76K","+0.75%"
"08/23/2017","663.90","658.00","668.35","654.10","5.23K","+0.42%"
"08/22/2017","661.10","658.00","671.00","645.15","10.38K","-0.36%"
"08/21/2017","663.50","654.10","674.75","654.10","12.82K","+0.23%"
"08/18/2017","662.00","670.00","670.00","650.00","10.07K","-0.51%"
"08/17/2017","665.40","682.75","682.80","661.35","12.14K","-0.92%"
"08/16/2017","671.60","682.00","682.00","661.70","10.02K","-0.25%"
"08/14/2017","673.25","673.00","682.75","667.00","3.69K","+1.00%"
"08/11/2017","666.60","635.55","675.75","635.55","19.60K","+1.05%"
"08/10/2017","659.65","683.50","689.80","641.00","18.34K","-1.98%"
"08/09/2017","672.95","688.00","698.00","662.00","7.26K","-2.96%"
"08/08/2017","693.45","701.50","704.35","685.00","5.81K","-1.63%"
"08/07/2017","704.95","705.05","715.00","696.05","4.71K","-0.89%"
"08/04/2017","711.25","693.00","715.00","685.00","15.69K","+0.71%"
"08/03/2017","706.25","706.00","711.45","695.00","13.56K","-0.90%"
"08/02/2017","712.65","706.00","715.55","699.00","48.84K","+1.09%"
"08/01/2017","705.00","705.00","712.90","674.35","81.56K","-1.47%"
"07/31/2017","715.55","707.10","725.00","707.00","37.58K","+1.38%"
"07/28/2017","705.80","671.10","710.00","671.10","109.37K","+3.66%"
"07/27/2017","680.85","698.65","722.90","665.15","83.06K","-1.68%"
"07/26/2017","692.50","650.10","747.90","650.10","249.10K","+4.69%"
"07/25/2017","661.50","645.05","663.00","645.00","12.83K","+2.35%"
"07/24/2017","646.30","650.05","661.00","645.60","9.50K","-1.35%"
"07/21/2017","655.15","648.20","660.00","642.00","7.53K","+1.07%"
"07/20/2017","648.20","654.90","655.00","640.00","7.86K","-0.38%"
"07/19/2017","650.65","644.00","656.95","630.10","10.23K","+2.87%"
"07/18/2017","632.50","633.65","642.55","625.75","7.41K","-0.18%"
"07/17/2017","633.65","640.00","640.00","621.60","24.69K","-0.99%"
"07/14/2017","640.00","642.00","649.15","632.00","17.05K","-1.21%"
"07/13/2017","647.85","665.00","669.85","645.00","24.02K","-3.26%"
"07/12/2017","669.65","655.30","679.70","650.00","47.12K","+2.19%"
"07/11/2017","655.30","661.90","667.50","650.40","8.26K","-1.33%"
"07/10/2017","664.10","650.00","684.40","650.00","3.76K","+2.00%"
"07/07/2017","651.10","635.00","660.15","623.50","42.57K","+4.21%"
"07/06/2017","624.80","630.95","638.00","620.15","9.46K","-0.97%"
"07/05/2017","630.95","620.10","639.00","620.10","5.50K","+1.76%"
"07/04/2017","620.05","627.00","630.00","618.60","5.21K","-1.59%"
"07/03/2017","630.10","620.30","637.00","619.65","4.16K","+1.58%"
"06/30/2017","620.30","620.00","623.95","615.05","2.47K","+0.02%"
"06/29/2017","620.20","620.00","621.90","614.00","6.50K","+0.98%"
"06/28/2017","614.20","623.70","623.70","604.85","8.17K","-0.62%"
"06/27/2017","618.05","620.35","627.20","613.00","11.05K","-1.22%"
"06/23/2017","625.70","636.60","637.30","619.00","8.54K","-2.50%"
"06/22/2017","641.75","633.50","649.90","633.50","7.91K","-0.16%"
"06/21/2017","642.75","644.95","645.00","641.00","2.75K","+0.02%"
"06/20/2017","642.60","643.60","650.00","636.00","89.75K","+1.14%"
"06/19/2017","635.35","635.00","647.90","622.85","6.85K","+0.95%"
"06/16/2017","629.35","628.80","631.10","624.95","4.16K","+0.57%"
"06/15/2017","625.80","628.80","628.80","620.05","4.63K","-0.18%"
"06/14/2017","626.95","627.90","628.00","618.80","7.23K","+0.27%"
"06/13/2017","625.25","618.00","628.00","618.00","7.20K","+1.21%"
"06/12/2017","617.75","622.50","629.30","617.00","6.04K","-1.17%"
"06/09/2017","625.05","621.05","628.20","620.00","5.25K","-0.32%"
"06/08/2017","627.05","632.00","632.00","620.35","7.29K","-0.21%"
"06/07/2017","628.35","633.00","633.00","619.00","11.07K","+0.46%"
"06/06/2017","625.50","625.00","626.90","620.50","4.66K","+0.85%"
"06/05/2017","620.25","630.00","634.70","620.00","8.56K","-0.83%"
"06/02/2017","625.45","633.00","634.85","620.10","11.26K","+0.78%"
"06/01/2017","620.60","621.00","628.00","618.05","6.49K","-0.66%"
"05/31/2017","624.75","642.00","642.00","618.50","11.82K","-2.59%"
"05/30/2017","641.35","667.90","667.95","632.10","29.87K","-2.99%"
"05/29/2017","661.15","660.00","670.95","639.00","9.86K","+0.08%"
"05/26/2017","660.60","654.20","670.00","642.90","12.94K","+3.39%"
"05/25/2017","638.95","631.00","647.35","630.10","4.62K","+1.64%"
"05/24/2017","628.65","651.95","658.75","622.00","7.13K","-3.41%"
"05/23/2017","650.85","671.85","671.85","645.00","4.92K","-2.37%"
"05/22/2017","666.65","648.85","675.45","646.30","28.90K","+1.33%"
"05/19/2017","657.90","646.00","665.00","644.40","34.44K","+2.15%"
"05/18/2017","644.05","650.05","660.20","642.00","15.16K","-1.98%"
"05/17/2017","657.05","657.60","664.50","652.10","9.76K","-0.08%"
"05/16/2017","657.55","657.00","674.90","651.05","31.21K","+0.21%"
"05/15/2017","656.15","654.95","660.05","652.85","17.90K","+1.49%"
"05/12/2017","646.50","663.80","663.80","644.50","11.51K","-2.61%"
"05/11/2017","663.80","679.55","679.55","655.20","18.23K","-0.67%"
"05/10/2017","668.25","652.00","681.90","650.80","49.62K","+2.44%"
"05/09/2017","652.35","637.50","665.00","635.10","30.45K","+2.37%"
"05/08/2017","637.25","638.50","648.90","635.00","7.85K","-0.15%"
"05/05/2017","638.20","641.00","658.05","635.40","13.77K","-1.07%"
"05/04/2017","645.10","645.60","660.45","642.20","11.59K","-0.76%"
"05/03/2017","650.05","652.40","656.90","642.65","23.77K","-0.35%"
"05/02/2017","652.35","672.00","677.95","645.00","26.02K","-1.97%"
"04/28/2017","665.45","667.00","675.00","656.00","16.36K","+0.51%"
"04/27/2017","662.05","658.35","675.00","652.00","20.43K","-0.35%"
"04/26/2017","664.35","690.00","693.55","654.00","49.62K","-3.18%"
"04/25/2017","686.20","681.70","695.00","669.00","47.43K","+1.41%"
"04/24/2017","676.65","634.75","682.00","631.25","129.49K","+7.24%"
"04/21/2017","630.95","622.80","638.00","622.50","56.68K","+1.90%"
"04/20/2017","619.20","614.20","622.00","611.10","36.82K","+1.17%"
"04/19/2017","612.05","614.90","615.55","606.55","11.06K","-0.02%"
"04/18/2017","612.15","615.00","623.70","605.35","37.10K","+0.78%"
"04/17/2017","607.40","610.00","633.00","603.55","521.00K","-0.39%"
"04/13/2017","609.75","606.70","610.80","594.60","29.70K","+0.55%"
"04/12/2017","606.40","613.00","614.95","605.00","34.47K","-1.07%"
"04/11/2017","612.95","609.00","613.80","605.00","24.34K","+1.16%"
"04/10/2017","605.95","593.00","614.00","592.00","99.48K","+2.77%"
"04/07/2017","589.60","605.00","609.75","585.25","86.09K","-1.68%"
"04/06/2017","599.65","599.90","606.85","592.50","11.94K","-0.03%"
"04/05/2017","599.85","586.90","615.65","579.15","42.55K","+1.89%"
"04/03/2017","588.70","589.95","598.00","585.00","11.07K","+0.15%"
"03/31/2017","587.80","581.00","594.90","576.05","29.86K","+2.06%"
"03/30/2017","575.95","585.50","585.50","575.25","8.44K","-0.54%"
"03/29/2017","579.05","585.00","585.00","577.00","15.72K","-0.03%"
"03/28/2017","579.25","583.95","584.95","578.00","9.72K","+0.11%"
"03/27/2017","578.60","587.00","590.00","576.25","19.59K","-0.32%"
"03/24/2017","580.45","588.00","591.90","576.25","18.58K","-0.34%"
"03/23/2017","582.45","594.00","599.40","579.80","18.95K","-0.25%"
"03/22/2017","583.90","591.00","594.95","583.10","11.58K","-2.48%"
"03/21/2017","598.75","585.80","604.20","580.00","30.64K","+1.96%"
"03/20/2017","587.25","590.00","607.50","582.00","34.22K","+0.34%"
"03/17/2017","585.25","567.60","591.00","564.55","32.61K","+2.89%"
"03/16/2017","568.80","573.15","578.95","567.30","13.37K","-0.88%"
"03/15/2017","573.85","586.25","588.95","572.30","11.02K","-2.61%"
"03/14/2017","589.20","595.00","600.00","579.70","13.33K","-0.04%"
"03/10/2017","589.45","600.00","600.00","586.00","5.93K","-0.87%"
"03/09/2017","594.60","604.00","604.00","593.95","3.63K","-0.14%"
"03/08/2017","595.45","593.45","600.00","586.00","6.12K","-0.36%"
"03/07/2017","597.60","592.55","601.00","589.10","23.33K","+0.89%"
"03/06/2017","592.35","585.05","603.40","585.00","8.34K","+1.31%"
"03/03/2017","584.70","586.00","595.95","582.60","6.97K","-0.74%"
"03/02/2017","589.05","602.00","602.00","582.10","7.37K","-2.19%"
"03/01/2017","602.25","609.90","609.90","599.60","8.54K","+0.01%"
"02/28/2017","602.20","615.00","615.00","600.00","5.74K","-0.40%"
"02/27/2017","604.60","593.00","614.00","593.00","8.43K","+0.17%"
"02/23/2017","603.60","621.00","621.00","600.10","6.43K","-2.69%"
"02/22/2017","620.30","629.70","635.00","615.00","7.59K","-1.04%"
"02/21/2017","626.80","620.90","631.00","619.05","20.24K","+1.06%"
"02/20/2017","620.20","618.40","635.00","615.50","9.59K","-1.17%"
"02/17/2017","627.55","629.00","640.00","614.00","11.20K","+2.18%"
"02/16/2017","614.15","629.00","629.00","609.95","6.18K","+0.20%"
"02/15/2017","612.90","634.55","645.00","610.00","11.17K","-4.15%"
"02/14/2017","639.45","638.75","642.00","637.00","87.95K","-0.56%"
"02/13/2017","643.05","649.00","649.00","622.30","33.92K","+0.42%"
"02/10/2017","640.35","644.00","650.00","626.30","40.79K","-0.47%"
"02/09/2017","643.40","641.00","664.85","639.25","37.37K","+0.23%"
"02/08/2017","641.95","643.50","649.00","638.00","18.94K","+0.17%"
"02/07/2017","640.85","640.00","644.85","639.00","358.83K","-0.12%"
"02/06/2017","641.60","642.00","659.00","635.50","306.99K","+0.07%"
"02/03/2017","641.15","651.00","658.40","616.00","200.43K","+4.36%"
"02/02/2017","614.35","610.00","624.80","603.00","106.55K","+1.79%"
"02/01/2017","603.55","575.10","610.00","570.10","29.91K","+4.07%"
"01/31/2017","579.95","602.50","602.50","576.00","15.02K","-2.13%"
"01/30/2017","592.55","600.00","619.85","590.15","23.92K","-3.04%"
"01/27/2017","611.15","584.90","622.00","580.15","62.25K","+5.59%"
"01/25/2017","578.80","573.80","585.00","570.00","26.33K","+1.56%"
"01/24/2017","569.90","557.00","575.00","557.00","22.96K","+1.30%"
"01/23/2017","562.60","540.05","565.65","540.05","17.27K","+3.15%"
"01/20/2017","545.40","535.05","549.70","532.00","12.82K","+1.88%"
"01/19/2017","535.35","535.05","540.25","535.00","6.96K","+0.04%"
"01/18/2017","535.15","535.00","539.80","525.75","5.14K","+0.38%"
"01/17/2017","533.15","534.05","541.80","530.00","2.50K","-0.94%"
"01/16/2017","538.20","523.00","539.00","520.25","4.79K","+2.38%"
"01/13/2017","525.70","540.00","544.50","521.50","11.49K","-1.74%"
"01/12/2017","535.00","536.10","542.00","531.10","440.99K","-0.28%"
"01/11/2017","536.50","536.00","547.00","535.05","5.32K","-0.46%"
"01/10/2017","539.00","545.10","556.05","531.80","5.71K","-2.32%"
"01/09/2017","551.80","521.00","558.90","521.00","25.35K","+5.98%"
"01/06/2017","520.65","530.00","547.00","516.50","14.30K","+0.40%"
"01/05/2017","518.60","520.25","525.00","511.00","4.43K","-0.32%"
"01/04/2017","520.25","509.50","525.00","506.05","6.36K","+3.33%"
"01/03/2017","503.50","475.85","509.00","475.50","10.59K","+5.69%"
"01/02/2017","476.40","478.00","487.90","475.00","3.40K","-0.43%"
"12/30/2016","478.45","470.00","483.90","470.00","20.58K","+4.82%"
"12/29/2016","456.45","455.00","463.90","447.10","2.12K","+0.19%"
"12/28/2016","455.60","473.95","473.95","455.00","3.29K","-1.32%"
"12/27/2016","461.70","457.00","463.90","452.55","1.77K","+1.17%"
"12/26/2016","456.35","458.00","465.40","451.00","1.94K","-2.47%"
"12/23/2016","467.90","458.95","473.00","455.05","3.53K","+1.85%"
"12/22/2016","459.40","466.00","466.80","457.15","1.19K","-1.71%"
"12/21/2016","467.40","467.20","470.00","465.55","1.49K","+0.05%"
"12/20/2016","467.15","479.00","479.00","465.00","3.45K","-1.67%"
"12/19/2016","475.10","493.00","493.00","474.10","2.98K","-1.52%"
"12/16/2016","482.45","476.00","490.05","476.00","1.79K","-0.64%"
"12/15/2016","485.55","493.95","493.95","481.20","2.83K","+1.17%"
"12/14/2016","479.95","480.25","490.00","475.50","2.17K","-1.72%"
"12/13/2016","488.35","487.80","494.40","485.00","2.25K","+0.15%"
"12/12/2016","487.60","481.00","493.75","481.00","2.46K","+0.32%"
"12/09/2016","486.05","495.05","499.95","481.65","5.03K","-0.96%"
"12/08/2016","490.75","503.00","503.00","490.00","2.91K","-0.60%"
"12/07/2016","493.70","491.35","505.00","491.35","4.56K","+0.71%"
"12/06/2016","490.20","489.95","500.05","475.00","6.77K","+2.08%"
"12/05/2016","480.20","465.00","499.70","464.80","71.11K","+2.43%"
"12/02/2016","468.80","478.00","495.00","464.95","6.48K","-1.81%"
"12/01/2016","477.45","467.95","485.05","463.00","6.58K","+1.75%"
"11/30/2016","469.25","474.00","474.00","463.10","2.75K","+0.49%"
"11/29/2016","466.95","474.15","482.00","463.00","3.13K","-0.97%"
"11/28/2016","471.50","466.00","492.95","466.00","5.28K","-2.85%"
"11/25/2016","485.35","479.95","487.50","475.25","5.73K","+1.79%"
"11/24/2016","476.80","478.00","480.00","462.30","2.29K","-0.16%"
"11/23/2016","477.55","451.05","477.95","450.10","6.92K","+4.79%"
"11/22/2016","455.70","451.90","463.00","435.50","8.75K","+0.95%"
"11/21/2016","451.40","460.00","467.50","450.00","13.37K","-2.14%"
"11/18/2016","461.25","467.40","472.00","461.00","3.86K","-1.99%"
"11/17/2016","470.60","469.00","477.00","465.00","4.87K","+1.26%"
"11/16/2016","464.75","465.00","475.00","458.45","5.41K","-0.10%"
"11/15/2016","465.20","490.00","490.00","453.00","10.04K","-3.75%"
"11/11/2016","483.30","490.00","496.95","475.00","6.71K","-2.68%"
"11/10/2016","496.60","508.95","509.00","491.05","2.36K","+0.83%"
"11/09/2016","492.50","495.00","508.00","470.00","10.00K","-1.64%"
"11/08/2016","500.70","501.05","512.00","498.50","5.84K","+0.09%"
"11/07/2016","500.25","519.00","519.00","498.00","9.22K","-1.48%"
"11/04/2016","507.75","512.15","519.50","503.00","3.71K","-0.81%"
"11/03/2016","511.90","527.95","528.00","511.10","5.93K","-1.90%"
"11/02/2016","521.80","532.05","534.00","520.00","6.82K","-1.93%"
"11/01/2016","532.05","523.95","534.80","516.05","7.00K","+3.62%"
"10/28/2016","513.45","508.15","515.00","508.15","2.93K","+0.58%"
"10/27/2016","510.50","508.00","515.90","508.00","3.87K","-0.58%"
"10/26/2016","513.50","512.00","515.00","508.95","12.70K","+0.50%"
"10/25/2016","510.95","507.50","518.95","498.50","53.58K","-0.24%"
"10/24/2016","512.20","511.00","519.00","505.05","48.60K","+0.71%"
"10/21/2016","508.60","511.50","515.00","501.05","6.17K","+0.52%"
"10/20/2016","505.95","515.90","515.90","501.00","26.18K","+1.37%"
"10/19/2016","499.10","514.00","519.75","495.05","45.76K","-1.81%"
"10/18/2016","508.30","513.00","527.90","504.00","10.51K","-0.82%"
"10/17/2016","512.50","511.00","517.95","511.00","6.56K","-0.87%"
"10/14/2016","517.00","534.85","534.85","516.00","8.09K","-1.34%"
"10/13/2016","524.00","533.00","538.00","521.05","13.38K","-1.63%"
"10/10/2016","532.70","538.50","542.00","528.00","14.70K","-1.78%"
"10/07/2016","542.35","542.00","543.95","532.90","10.67K","+0.55%"
"10/06/2016","539.40","545.00","552.00","537.05","14.13K","+0.10%"
"10/05/2016","538.85","541.85","546.00","538.25","48.28K","-0.76%"
"10/04/2016","542.95","557.95","557.95","541.75","7.87K","-0.89%"
"10/03/2016","547.80","555.05","561.00","543.95","13.79K","-0.53%"
"09/30/2016","550.70","555.05","566.45","549.75","6.01K","-0.80%"
"09/29/2016","555.15","566.10","575.50","551.15","5.34K","-2.44%"
"09/28/2016","569.05","569.00","577.45","561.50","10.78K","-0.14%"
"09/27/2016","569.85","572.05","581.90","563.00","6.26K","-0.90%"
"09/26/2016","575.00","574.85","581.00","568.00","11.68K","-0.83%"
"09/23/2016","579.80","572.00","580.00","566.00","4.24K","+1.12%"
"09/22/2016","573.40","578.60","580.45","568.00","9.55K","+0.41%"
"09/21/2016","571.05","567.40","577.45","561.75","6.57K","+2.34%"
"09/20/2016","558.00","566.90","566.90","556.05","3.15K","-0.80%"
"09/19/2016","562.50","569.00","575.85","557.50","22.36K","-2.16%"
"09/16/2016","574.90","570.00","575.00","563.00","11.95K","+0.86%"
"09/15/2016","570.00","559.85","570.00","559.85","5.40K","+1.79%"
"09/14/2016","560.00","574.00","579.00","556.80","17.53K","-2.63%"
"09/12/2016","575.10","579.00","582.60","574.00","9.19K","-0.56%"
"09/09/2016","578.35","586.90","586.90","577.50","32.52K","-0.98%"
"09/08/2016","584.05","594.50","594.50","582.50","37.01K","-0.73%"
"09/07/2016","588.35","590.00","595.55","587.00","45.33K","-0.85%"
"09/06/2016","593.40","595.00","598.00","592.50","15.90K","-0.86%"
"09/02/2016","598.55","597.10","604.60","595.00","158.09K","-0.84%"
"09/01/2016","603.65","606.60","614.90","596.50","9.75K","-1.65%"
"08/31/2016","613.80","605.00","618.00","605.00","10.51K","+1.09%"
"08/30/2016","607.20","619.30","623.05","604.00","18.60K","-0.40%"
"08/29/2016","609.65","615.00","615.00","599.05","8.31K","+1.58%"
"08/26/2016","600.15","598.00","606.80","597.00","27.35K","+0.15%"
"08/25/2016","599.25","602.55","603.85","597.00","6.32K","+0.22%"
"08/24/2016","597.95","595.00","605.00","593.50","5.91K","-0.58%"
"08/23/2016","601.45","605.60","615.00","600.00","5.92K","-1.54%"
"08/22/2016","610.85","610.00","613.00","608.20","4.41K","+0.56%"
"08/19/2016","607.45","617.00","617.95","603.75","5.82K","-0.17%"
"08/18/2016","608.50","615.05","618.80","605.00","7.27K","-1.17%"
"08/17/2016","615.70","628.00","628.00","603.00","6.12K","+0.10%"
"08/16/2016","615.10","615.05","623.80","608.10","25.09K","+1.55%"
"08/12/2016","605.70","614.55","624.80","601.00","26.19K","-1.37%"
"08/11/2016","614.10","607.00","623.00","607.00","44.46K","-0.62%"
"08/10/2016","617.95","613.00","622.90","613.00","6.47K","-0.52%"
"08/09/2016","621.15","623.00","625.00","611.95","9.50K","+0.43%"
"08/08/2016","618.50","603.00","627.95","603.00","28.33K","+2.66%"
"08/05/2016","602.50","618.55","618.55","561.05","39.14K","-1.64%"
"08/04/2016","612.55","610.10","622.80","606.05","8.83K","+0.39%"
"08/03/2016","610.15","616.05","616.05","606.05","5.69K","-0.30%"
"08/02/2016","612.00","619.00","619.00","610.00","10.57K","-0.24%"
"08/01/2016","613.45","620.00","630.00","610.00","9.74K","-0.92%"
"07/29/2016","619.15","625.00","632.95","617.00","7.13K","-1.22%"
"07/28/2016","626.80","628.00","635.00","625.00","3.83K","+0.31%"
"07/27/2016","624.85","623.00","634.00","610.00","6.34K","-0.54%"
"07/26/2016","628.25","639.30","642.75","626.10","6.72K","-0.54%"
"07/25/2016","631.65","630.00","639.00","623.00","9.85K","+0.56%"
"07/22/2016","628.15","634.55","641.00","625.55","163.67K","-0.74%"
"07/21/2016","632.85","640.45","644.90","631.00","6.55K","-0.92%"
"07/20/2016","638.70","639.05","649.00","629.00","42.56K","+0.59%"
"07/19/2016","634.95","635.95","645.00","633.00","14.78K","-0.56%"
"07/18/2016","638.50","640.45","644.85","633.00","6.42K","-0.27%"
"07/15/2016","640.25","652.50","652.50","639.90","24.05K","-1.91%"
"07/14/2016","652.75","650.85","654.90","643.00","5.09K","+0.82%"
"07/13/2016","647.45","637.00","650.85","636.05","10.90K","+0.74%"
"07/12/2016","642.70","637.30","645.90","630.00","8.54K","+0.25%"
"07/11/2016","641.10","627.30","644.90","627.30","14.86K","+2.20%"
"07/08/2016","627.30","632.00","638.00","626.05","10.53K","-1.49%"
"07/07/2016","636.80","631.00","641.00","621.00","10.97K","+1.27%"
"07/05/2016","628.80","625.00","634.00","619.05","12.56K","+1.28%"
"07/04/2016","620.85","617.95","624.95","617.20","4.88K","+0.59%"
"07/01/2016","617.20","618.00","625.00","613.10","8.82K","-0.66%"
"06/30/2016","621.30","624.00","634.00","617.05","13.16K","-0.02%"
"06/29/2016","621.40","614.50","625.00","605.00","26.56K","+1.87%"
"06/28/2016","610.00","610.00","613.40","604.00","4.53K","+0.04%"
"06/27/2016","609.75","585.50","614.00","585.05","18.88K","+2.14%"
"06/24/2016","596.95","601.00","615.90","589.35","6.19K","-2.11%"
"06/23/2016","609.80","621.40","621.40","607.00","3.74K","-1.36%"
"06/22/2016","618.20","610.00","622.00","610.00","55.57K","+1.31%"
"06/21/2016","610.20","610.60","619.05","608.40","5.91K","-0.02%"
"06/20/2016","610.35","610.00","614.90","601.60","7.93K","-0.93%"
"06/17/2016","616.05","627.20","627.25","610.15","6.26K","-0.68%"
"06/16/2016","620.25","617.50","627.70","617.50","5.58K","-0.12%"
"06/15/2016","621.00","620.00","627.70","612.05","20.12K","+0.15%"
"06/14/2016","620.05","622.00","624.80","612.00","6.67K","-0.06%"
"06/13/2016","620.45","621.60","626.00","608.50","13.44K","+0.03%"
"06/10/2016","620.25","618.95","627.35","618.95","6.44K","+0.52%"
"06/09/2016","617.05","627.65","631.25","615.00","6.98K","-1.14%"
"06/08/2016","624.15","639.00","643.00","621.00","10.43K","-1.42%"
"06/07/2016","633.15","632.90","640.00","625.00","11.24K","+0.58%"
"06/06/2016","629.50","623.00","632.90","617.00","21.22K","+2.06%"
"06/03/2016","616.80","608.95","620.00","608.35","8.40K","+0.58%"
"06/02/2016","613.25","610.55","616.70","606.00","6.50K","-0.09%"
"06/01/2016","613.80","617.55","617.55","608.00","4.79K","+0.08%"
"05/31/2016","613.30","614.95","619.75","607.00","7.60K","+0.05%"
"05/30/2016","613.00","618.00","618.00","610.00","7.54K","-0.27%"
"05/27/2016","614.65","616.00","618.00","612.75","4.40K","+0.27%"
"05/26/2016","613.00","612.00","618.85","608.75","4.22K","+0.25%"
"05/25/2016","611.45","633.00","633.00","607.00","6.77K","-1.58%"
"05/24/2016","621.25","615.90","630.00","610.00","12.91K","+1.77%"
"05/23/2016","610.45","605.10","614.85","605.10","4.11K","+0.55%"
"05/20/2016","607.10","595.00","615.00","595.00","5.89K","-0.49%"
"05/19/2016","610.10","619.95","621.85","607.25","5.92K","-0.21%"
"05/18/2016","611.40","620.05","621.95","608.85","3.35K","-1.02%"
"05/17/2016","617.70","617.05","622.00","614.10","68.33K","+0.97%"
"05/16/2016","611.75","602.00","615.85","602.00","17.38K","+1.92%"
"05/13/2016","600.20","618.05","619.90","595.00","24.80K","-2.86%"
"05/12/2016","617.85","617.10","620.90","610.00","5.72K","+0.33%"
"05/11/2016","615.80","610.00","620.00","599.00","16.46K","+0.91%"
"05/10/2016","610.25","596.00","622.00","582.00","74.11K","-0.12%"
"05/09/2016","611.00","609.90","622.00","605.20","8.11K","+0.09%"
"05/06/2016","610.45","615.05","626.95","606.95","8.45K","+0.22%"
"05/05/2016","609.10","614.95","624.75","607.00","10.91K","-0.52%"
"05/04/2016","612.30","608.00","624.00","607.90","7.94K","-0.58%"
"05/03/2016","615.90","623.00","630.95","614.00","4.28K","-1.38%"
"05/02/2016","624.55","634.00","634.00","618.40","6.64K","-1.43%"
"04/29/2016","633.60","625.45","636.00","619.10","5.32K","+2.35%"
"04/28/2016","619.05","633.55","639.00","616.50","33.26K","-2.57%"
"04/27/2016","635.40","631.50","650.00","621.15","6.94K","+0.88%"
"04/26/2016","629.85","626.55","631.60","612.50","6.29K","+1.37%"
"04/25/2016","621.35","612.05","624.90","612.05","3.00K","+0.98%"
"04/22/2016","615.35","630.05","630.05","613.15","10.54K","-1.38%"
"04/21/2016","623.95","619.05","634.05","616.05","7.62K","+1.03%"
"04/20/2016","617.60","636.05","636.05","612.05","20.35K","-2.13%"
"04/18/2016","631.05","625.20","637.05","625.20","6.66K","-0.03%"
"04/13/2016","631.25","655.00","657.00","627.20","14.65K","-0.65%"
"04/12/2016","635.35","630.75","639.30","625.35","12.72K","+0.27%"
"04/11/2016","633.65","645.05","645.05","629.80","6.51K","-1.38%"
"04/08/2016","642.50","636.05","645.00","624.35","6.95K","+0.85%"
"04/07/2016","637.10","627.60","641.70","625.45","23.20K","+0.85%"
"04/06/2016","631.70","635.00","637.65","623.00","50.20K","+0.14%"
"04/05/2016","630.80","637.00","637.00","621.40","26.78K","+0.40%"
"04/04/2016","628.30","614.00","632.70","610.00","67.46K","+2.36%"
"04/01/2016","613.80","603.95","615.00","602.95","6.78K","+1.05%"
"03/31/2016","607.45","600.00","615.00","578.80","25.40K","+1.33%"
"03/30/2016","599.50","588.90","603.80","586.00","9.25K","+2.89%"
"03/29/2016","582.65","584.20","590.00","576.10","5.20K","+0.87%"
"03/28/2016","577.60","591.05","598.00","557.20","42.96K","-1.83%"
"03/23/2016","588.35","583.95","594.00","582.65","9.42K","-0.87%"
"03/22/2016","593.50","583.75","596.80","576.60","8.59K","+2.17%"
"03/21/2016","580.90","579.00","594.00","572.20","24.87K","+1.68%"
"03/18/2016","571.30","582.10","593.50","569.10","20.88K","-1.66%"
"03/17/2016","580.95","607.80","619.70","578.00","73.83K","-4.65%"
"03/16/2016","609.30","599.05","625.00","586.45","7.15K","+3.27%"
"03/15/2016","590.00","604.15","612.00","588.10","4.29K","-2.07%"
"03/14/2016","602.45","592.95","607.80","580.25","39.73K","+2.68%"
"03/11/2016","586.70","569.95","591.00","563.70","27.43K","+3.34%"
"03/10/2016","567.75","578.80","584.70","547.40","30.49K","-2.12%"
"03/09/2016","580.05","586.05","587.05","574.15","26.52K","-1.30%"
"03/08/2016","587.70","577.85","590.20","568.45","10.60K","+1.70%"
"03/04/2016","577.85","588.50","588.50","568.20","42.08K","+0.28%"
"03/03/2016","576.25","580.20","584.95","574.15","5.01K","-0.50%"
"03/02/2016","579.15","580.05","592.00","571.05","10.17K","+0.13%"
"03/01/2016","578.40","556.05","585.00","556.00","8.88K","+2.92%"
"02/29/2016","562.00","566.00","577.90","545.05","17.32K","-0.27%"
"02/26/2016","563.50","574.00","580.00","561.10","3.59K","-1.00%"
"02/25/2016","569.20","563.65","582.55","558.10","10.91K","+1.49%"
"02/24/2016","560.85","581.05","589.85","559.15","19.11K","-2.77%"
"02/23/2016","576.85","593.90","601.30","575.10","8.65K","-3.02%"
"02/22/2016","594.80","610.05","615.00","591.00","10.75K","+0.45%"
"02/19/2016","592.15","594.00","599.00","583.00","6.18K","-0.77%"
"02/18/2016","596.75","597.00","612.00","590.00","5.76K","-0.08%"
"02/17/2016","597.20","590.05","600.95","581.10","8.13K","+1.51%"
"02/16/2016","588.30","609.00","615.00","561.00","20.25K","-4.39%"
"02/15/2016","615.30","605.00","629.00","603.50","54.44K","+2.58%"
"02/12/2016","599.85","601.00","619.00","581.50","10.22K","-1.75%"
"02/11/2016","610.55","635.00","640.05","601.30","12.15K","-5.16%"
"02/10/2016","643.80","615.60","646.00","607.00","52.63K","+3.80%"
"02/09/2016","620.25","615.50","629.60","615.00","3.99K","-1.59%"
"02/08/2016","630.30","622.55","632.05","615.10","182.25K","-0.28%"
"02/05/2016","632.10","649.85","649.95","605.10","102.83K","-1.42%"
"02/04/2016","641.20","625.50","645.00","625.50","11.92K","+0.56%"
"02/03/2016","637.60","635.05","649.00","630.00","11.21K","-0.75%"
"02/02/2016","642.45","641.00","660.00","625.10","13.62K","+0.32%"
"02/01/2016","640.40","645.00","653.00","633.40","4.58K","+0.00%"
"01/29/2016","640.40","632.15","645.00","625.10","6.16K","+0.78%"
"01/28/2016","635.45","646.60","653.00","628.15","14.84K","-1.56%"
"01/27/2016","645.55","657.00","674.00","641.00","8.88K","-1.40%"
"01/25/2016","654.70","647.95","671.00","647.95","12.51K","+2.03%"
"01/22/2016","641.70","622.00","644.40","622.00","245.25K","+4.15%"
"01/21/2016","616.15","610.05","620.80","610.00","8.69K","+2.01%"
"01/20/2016","604.00","605.00","610.80","592.10","20.33K","-0.83%"
"01/19/2016","609.05","613.85","614.60","601.00","14.50K","-1.11%"
"01/18/2016","615.90","620.05","631.00","560.05","55.78K","-1.85%"
"01/15/2016","627.50","625.00","646.80","621.10","29.07K","+0.00%"
"01/14/2016","627.50","635.00","645.85","621.10","8.98K","-2.11%"
"01/13/2016","641.00","660.00","673.85","614.40","36.36K","-1.99%"
"01/12/2016","654.00","670.00","674.05","651.00","7.17K","-2.97%"
"01/11/2016","674.05","680.05","683.25","665.10","6.17K","-1.35%"
"01/08/2016","683.30","682.00","688.50","680.00","5.99K","+0.49%"
"01/07/2016","680.00","680.00","684.90","671.00","20.23K","-0.28%"
"01/06/2016","681.90","680.05","686.90","675.05","17.98K","-0.34%"
"01/05/2016","684.20","690.00","697.00","684.00","19.49K","-0.81%"
"01/04/2016","689.80","695.20","703.20","686.40","27.28K","-0.78%"
"01/01/2016","695.20","686.00","700.00","685.95","25.42K","+0.63%"
"12/31/2015","690.85","670.00","694.00","670.00","46.29K","+2.81%"
"12/30/2015","672.00","662.10","675.90","658.55","25.30K","+0.68%"
"12/29/2015","667.45","660.00","674.90","652.75","24.81K","+0.56%"
"12/28/2015","663.75","650.00","668.45","633.54","33.74K","+2.39%"
"12/24/2015","648.25","629.95","652.00","619.95","190.01K","+2.91%"
"12/23/2015","629.90","614.85","640.95","606.50","160.91K","+2.82%"
"12/22/2015","612.60","601.00","615.70","599.04","11.39K","+0.95%"
"12/21/2015","606.85","603.25","607.90","595.20","71.28K","+0.60%"
"12/18/2015","603.25","604.79","604.90","596.10","8.58K","+0.36%"
"12/17/2015","601.10","607.85","607.90","581.20","14.57K","+0.18%"
"12/16/2015","600.04","605.00","607.29","593.00","11.80K","+0.43%"
"12/15/2015","597.45","601.95","602.00","591.00","51.63K","+0.57%"
"12/14/2015","594.04","593.75","600.00","581.29","8.66K","-0.11%"
"12/11/2015","594.70","600.04","607.45","591.00","22.02K","+1.16%"
"12/10/2015","587.90","577.15","592.00","577.15","5.37K","+0.48%"
"12/09/2015","585.10","588.00","596.00","584.85","8.22K","-1.54%"
"12/08/2015","594.25","594.00","607.50","590.00","13.11K","-1.82%"
"12/07/2015","605.29","596.00","609.00","579.79","54.47K","+2.87%"
"12/04/2015","588.40","587.54","593.15","584.00","153.91K","-0.47%"
"12/03/2015","591.20","593.00","599.79","585.25","13.66K","+0.29%"
"12/02/2015","589.50","591.25","599.00","582.95","16.14K","+0.57%"
"12/01/2015","586.15","594.40","609.00","581.95","65.75K","+0.77%"
"11/30/2015","581.65","580.04","612.00","575.60","86.50K","+1.11%"
"11/27/2015","575.29","579.95","580.00","572.20","14.92K","-0.58%"
"11/26/2015","578.65","576.50","589.75","573.25","8.96K","-0.02%"
"11/24/2015","578.75","587.45","590.00","576.20","7.89K","-0.78%"
"11/23/2015","583.29","598.04","598.04","581.50","9.20K","-2.34%"
"11/20/2015","597.25","600.04","608.00","591.50","8.36K","-1.08%"
"11/19/2015","603.75","600.00","612.79","599.85","12.01K","+0.40%"
"11/18/2015","601.35","612.00","619.00","589.29","45.19K","-1.40%"
"11/17/2015","609.90","597.10","612.29","586.00","14.20K","+3.31%"
"11/16/2015","590.35","589.00","604.00","568.00","22.88K","+0.43%"
"11/13/2015","587.85","597.10","605.95","585.35","8.66K","-2.47%"
"11/11/2015","602.75","597.00","608.00","596.00","5.57K","+3.17%"
"11/10/2015","584.25","600.00","624.00","581.00","57.70K","-2.16%"
"11/09/2015","597.15","593.79","618.00","584.00","55.57K","-2.31%"
"11/06/2015","611.29","620.00","621.20","596.20","14.81K","-1.21%"
"11/05/2015","618.75","630.00","632.90","614.15","4.95K","-1.38%"
"11/04/2015","627.40","615.00","630.45","613.00","9.53K","+1.60%"
"11/03/2015","617.54","617.00","623.95","610.25","73.05K","+0.10%"
"11/02/2015","616.95","619.00","622.90","610.00","6.01K","-0.32%"
"10/30/2015","618.90","627.00","627.00","616.10","25.09K","-0.26%"
"10/29/2015","620.54","632.50","636.79","617.00","10.18K","-2.41%"
"10/28/2015","635.85","635.04","640.00","632.60","30.39K","-0.20%"
"10/27/2015","637.10","633.29","641.60","630.00","20.71K","+0.81%"
"10/26/2015","632.00","637.00","640.95","630.10","34.01K","-0.74%"
"10/23/2015","636.70","666.90","666.90","631.54","35.02K","-3.45%"
"10/21/2015","659.45","660.00","667.95","654.04","15.53K","+0.44%"
"10/20/2015","656.55","645.00","672.70","643.10","58.24K","+1.39%"
"10/19/2015","647.54","652.35","653.04","642.20","5.87K","+0.41%"
"10/16/2015","644.90","653.40","653.95","641.95","11.88K","-0.21%"
"10/15/2015","646.25","652.00","652.00","638.04","14.86K","+0.70%"
"10/14/2015","641.75","636.50","646.00","631.00","112.82K","+1.85%"
"10/13/2015","630.10","630.00","638.40","624.00","8.75K","-0.58%"
"10/12/2015","633.79","622.00","638.00","617.10","13.62K","+2.55%"
"10/09/2015","618.04","621.00","640.00","615.25","14.92K","+0.57%"
"10/08/2015","614.54","639.00","639.00","611.00","29.13K","-3.21%"
"10/07/2015","634.95","639.00","640.45","627.20","115.36K","+0.36%"
"10/06/2015","632.65","632.40","642.00","625.40","30.43K","+1.76%"
"10/05/2015","621.70","613.00","641.10","613.00","21.25K","+1.29%"
"10/01/2015","613.79","628.00","628.00","611.15","20.22K","-0.94%"
"09/30/2015","619.60","638.00","638.00","606.20","27.48K","-0.87%"
"09/29/2015","625.04","638.00","638.00","620.50","5.61K","-1.03%"
"09/28/2015","631.54","624.50","635.00","624.10","11.94K","+0.13%"
"09/24/2015","630.75","630.00","634.90","620.00","17.32K","+1.51%"
"09/23/2015","621.35","625.00","630.00","615.00","11.41K","-0.18%"
"09/22/2015","622.50","625.70","635.75","620.00","20.16K","+0.02%"
"09/21/2015","622.40","615.95","625.00","615.95","32.27K","+0.23%"
"09/18/2015","621.00","620.00","628.00","613.10","30.42K","+0.68%"
"09/16/2015","616.79","624.00","628.00","614.60","12.71K","-0.43%"
"09/15/2015","619.45","623.95","629.29","612.29","20.45K","-0.17%"
"09/14/2015","620.50","623.70","626.95","612.15","12.54K","-0.43%"
"09/11/2015","623.15","630.00","649.00","614.10","17.03K","-1.49%"
"09/10/2015","632.60","641.95","641.95","622.25","14.99K","-1.39%"
"09/09/2015","641.50","662.20","679.00","635.10","56.60K","+1.91%"
"09/08/2015","629.45","609.00","633.04","586.40","51.06K","+3.51%"
"09/07/2015","608.10","624.40","634.15","601.50","7.11K","-2.25%"
"09/04/2015","622.10","640.25","643.90","615.29","13.84K","-2.78%"
"09/03/2015","639.90","650.75","650.75","630.00","42.86K","-1.67%"
"09/02/2015","650.75","673.20","679.90","647.00","75.10K","-2.11%"
"09/01/2015","664.80","675.00","683.00","660.10","7.34K","-1.03%"
"08/31/2015","671.70","678.00","678.00","658.40","21.65K","-0.91%"
"08/28/2015","677.85","708.00","713.00","672.20","12.64K","-2.36%"
"08/27/2015","694.25","685.00","703.95","682.50","12.27K","+1.25%"
"08/26/2015","685.65","671.00","695.00","650.00","10.79K","+1.29%"
"08/25/2015","676.95","668.00","693.90","612.10","37.47K","+1.61%"
"08/24/2015","666.25","724.00","726.55","658.40","26.98K","-8.74%"
"08/21/2015","730.05","727.15","739.00","718.00","57.33K","-1.19%"
"08/20/2015","738.85","749.00","754.40","737.05","26.50K","-2.06%"
"08/19/2015","754.40","752.00","762.35","737.25","24.32K","+0.11%"
"08/18/2015","753.60","769.90","779.00","752.00","28.14K","-0.17%"
"08/17/2015","754.90","782.90","782.90","749.00","75.44K","-2.13%"
"08/14/2015","771.30","784.90","784.90","743.95","27.78K","+0.10%"
"08/13/2015","770.55","800.00","811.00","768.00","60.55K","-4.47%"
"08/12/2015","806.60","829.00","829.00","795.00","8.54K","-1.57%"
"08/11/2015","819.50","826.05","834.95","816.10","7.19K","-0.77%"
"08/10/2015","825.85","847.00","849.80","820.00","6.76K","-1.69%"
"08/07/2015","840.05","858.00","866.80","835.00","10.04K","-2.01%"
"08/06/2015","857.30","844.00","876.95","820.20","46.58K","+2.92%"
"08/05/2015","832.95","836.00","844.85","826.00","9.72K","+0.88%"
"08/04/2015","825.65","827.50","837.65","812.75","14.13K","+1.02%"
"08/03/2015","817.35","811.20","829.30","811.20","78.86K","-0.63%"
"07/31/2015","822.55","811.25","830.00","810.00","10.39K","+0.29%"
"07/30/2015","820.15","833.00","836.00","813.00","9.16K","-1.13%"
"07/29/2015","829.50","792.05","848.00","792.05","42.61K","+4.21%"
"07/28/2015","796.00","823.60","823.80","791.00","11.62K","-2.78%"
"07/27/2015","818.75","809.90","824.00","785.70","29.82K","+0.46%"
"07/24/2015","815.00","825.90","835.95","810.25","23.36K","-0.29%"
"07/23/2015","817.40","797.00","823.05","785.00","118.09K","-0.29%"
"07/22/2015","819.80","814.35","828.70","813.00","38.11K","+0.92%"
"07/21/2015","812.30","780.05","845.55","780.00","163.72K","+3.81%"
"07/20/2015","782.45","777.00","802.40","776.00","57.38K","+0.79%"
"07/17/2015","776.35","768.55","782.00","768.50","9.35K","+0.31%"
"07/16/2015","773.95","768.55","783.50","761.15","17.66K","+0.71%"
"07/15/2015","768.50","769.70","774.00","760.20","18.11K","+1.10%"
"07/14/2015","760.15","768.50","772.85","757.75","9.77K","-1.23%"
"07/13/2015","769.65","775.80","775.80","765.20","9.09K","+0.42%"
"07/10/2015","766.40","768.00","778.00","762.00","11.31K","+0.18%"
"07/09/2015","765.00","769.00","782.70","757.00","18.22K","+1.09%"
"07/08/2015","756.75","763.00","779.80","750.00","29.44K","-1.73%"
"07/07/2015","770.05","785.70","793.95","765.30","20.15K","-1.13%"
"07/06/2015","778.85","750.00","807.00","736.80","102.06K","+3.91%"
"07/03/2015","749.55","748.90","762.40","745.00","29.53K","+0.94%"
"07/02/2015","742.60","735.00","750.00","733.20","22.22K","+0.92%"
"07/01/2015","735.80","729.95","740.40","719.50","18.78K","+2.24%"
"06/30/2015","719.65","732.00","732.00","710.35","10.35K","-0.38%"
"06/29/2015","722.40","721.00","740.90","720.25","26.11K","-1.53%"
"06/26/2015","733.60","728.95","738.00","716.10","12.18K","+1.88%"
"06/25/2015","720.05","729.00","737.00","716.20","6.98K","-1.20%"
"06/24/2015","728.80","739.85","739.85","724.00","4.37K","-0.55%"
"06/23/2015","732.80","734.00","736.00","721.05","9.45K","+1.19%"
"06/22/2015","724.15","745.00","745.00","722.05","9.99K","+0.03%"
"06/19/2015","723.95","741.95","753.90","720.10","29.49K","-1.90%"
"06/18/2015","738.00","745.95","745.95","727.50","4.27K","+0.18%"
"06/17/2015","736.70","728.85","743.00","722.55","15.21K","+1.64%"
"06/16/2015","724.80","719.80","729.45","708.80","6.93K","+0.98%"
"06/15/2015","717.80","714.50","725.35","713.00","8.30K","+0.89%"
"06/12/2015","711.45","717.50","719.00","710.00","5.73K","-0.48%"
"06/11/2015","714.85","719.90","720.00","711.95","9.16K","+0.36%"
"06/10/2015","712.30","720.00","730.00","710.00","9.96K","+0.20%"
"06/09/2015","710.90","729.00","729.00","705.30","10.63K","-1.60%"
"06/08/2015","722.45","734.90","736.45","715.55","5.08K","-0.67%"
"06/05/2015","727.35","736.85","737.70","725.20","10.22K","-0.81%"
"06/04/2015","733.30","721.00","737.70","720.50","13.82K","+0.19%"
"06/03/2015","731.90","722.65","736.00","717.00","43.72K","+1.06%"
"06/02/2015","724.25","726.55","735.00","720.10","16.60K","-0.34%"
"06/01/2015","726.75","743.00","743.00","725.00","9.58K","-0.73%"
"05/29/2015","732.10","744.85","744.85","725.00","14.74K","-0.82%"
"05/28/2015","738.15","740.00","750.00","736.00","13.62K","-0.01%"
"05/27/2015","738.25","738.00","743.00","724.95","7.51K","+1.57%"
"05/26/2015","726.85","730.00","730.00","724.65","62.25K","+0.23%"
"05/25/2015","725.15","726.30","736.00","722.00","5.53K","+0.01%"
"05/22/2015","725.10","737.45","745.85","716.50","9.34K","-0.68%"
"05/21/2015","730.10","751.50","751.50","729.95","59.20K","-1.33%"
"05/20/2015","739.95","740.10","750.90","733.55","12.46K","-0.54%"
"05/19/2015","744.00","754.90","754.90","731.00","17.75K","-0.49%"
"05/18/2015","747.65","742.00","766.90","742.00","35.24K","+0.70%"
"05/15/2015","742.45","753.15","757.50","738.20","9.16K","-0.77%"
"05/14/2015","748.20","748.00","763.80","745.00","15.18K","-1.55%"
"05/13/2015","759.95","748.00","773.00","745.80","89.91K","+2.25%"
"05/12/2015","743.20","744.00","763.00","735.00","77.08K","+0.24%"
"05/11/2015","741.45","723.20","749.00","723.20","37.09K","+2.52%"
"05/08/2015","723.20","718.00","726.80","714.50","17.05K","+1.96%"
"05/07/2015","709.30","706.00","716.85","692.30","16.16K","+0.13%"
"05/06/2015","708.40","724.90","724.90","705.00","215.75K","-1.62%"
"05/05/2015","720.05","729.35","729.40","716.00","9.51K","-0.48%"
"05/04/2015","723.50","721.00","728.90","717.00","13.50K","+0.93%"
"04/30/2015","716.80","707.50","724.45","700.25","46.36K","-2.82%"
"04/29/2015","737.60","735.00","745.90","725.15","18.76K","+0.78%"
"04/28/2015","731.90","705.05","735.00","700.00","14.35K","+2.75%"
"04/27/2015","712.30","725.20","743.45","708.00","17.53K","-3.00%"
"04/24/2015","734.30","745.75","745.75","721.00","36.25K","-0.45%"
"04/23/2015","737.65","744.00","764.00","734.50","44.80K","-0.10%"
"04/22/2015","738.40","742.80","742.80","728.80","31.29K","+1.10%"
"04/21/2015","730.35","739.00","747.45","724.00","47.46K","-0.63%"
"04/20/2015","734.95","717.00","743.00","717.00","98.60K","+1.41%"
"04/17/2015","724.75","743.75","746.00","722.00","13.97K","-1.77%"
"04/16/2015","737.80","737.90","750.00","716.00","27.58K","+0.93%"
"04/15/2015","731.00","738.80","743.90","726.80","14.96K","-0.25%"
"04/13/2015","732.80","725.00","754.30","725.00","45.47K","+1.01%"
"04/10/2015","725.45","738.00","738.00","719.95","8.04K","-0.22%"
"04/09/2015","727.05","737.90","739.85","717.75","16.96K","-0.01%"
"04/08/2015","727.15","725.15","743.00","724.55","9.45K","-0.25%"
"04/07/2015","728.95","740.00","748.00","722.00","23.11K","-1.15%"
"04/06/2015","737.40","734.80","744.00","730.00","11.47K","+0.35%"
"04/01/2015","734.80","735.00","747.90","725.10","31.78K","+0.73%"
"03/31/2015","729.50","714.80","736.60","701.00","68.03K","+2.91%"
"03/30/2015","708.85","680.00","713.40","680.00","26.70K","+3.37%"
"03/27/2015","685.75","689.00","697.00","667.20","17.86K","+1.37%"
"03/26/2015","676.45","660.05","691.00","660.05","57.11K","+1.13%"
"03/25/2015","668.90","681.25","683.00","656.25","38.27K","-1.81%"
"03/24/2015","681.25","687.90","688.75","675.25","29.49K","-1.06%"
"03/23/2015","688.55","694.95","698.00","686.40","21.58K","-0.03%"
"03/20/2015","688.75","711.95","711.95","684.00","28.39K","-1.52%"
"03/19/2015","699.40","714.85","714.85","691.20","85.96K","-0.09%"
"03/18/2015","700.00","711.85","711.85","700.00","18.23K","-0.71%"
"03/17/2015","705.00","702.00","720.00","697.05","19.83K","+0.71%"
"03/16/2015","700.05","705.00","705.00","695.20","12.36K","-0.31%"
"03/13/2015","702.25","704.90","714.00","693.20","40.70K","+0.04%"
"03/12/2015","702.00","697.00","715.00","688.40","92.45K","+0.94%"
"03/11/2015","695.45","700.00","703.90","686.50","31.22K","-0.86%"
"03/10/2015","701.45","709.00","716.00","684.45","152.99K","-0.71%"
"03/09/2015","706.50","711.00","725.90","704.35","39.89K","-0.95%"
"03/05/2015","713.25","712.00","730.00","704.35","93.38K","+0.07%"
"03/04/2015","712.75","714.85","753.00","697.60","140.40K","+1.47%"
"03/03/2015","702.45","709.00","712.00","696.45","25.40K","-0.21%"
"03/02/2015","703.95","684.00","707.00","682.10","46.40K","+5.11%"
"02/27/2015","669.75","660.00","682.20","660.00","107.29K","+1.93%"
"02/26/2015","657.10","687.80","704.00","646.10","146.51K","-2.80%"
"02/25/2015","676.00","677.00","689.00","670.00","34.62K","-0.49%"
"02/24/2015","679.35","711.00","714.00","673.15","63.92K","-5.12%"
"02/23/2015","716.00","750.00","772.00","696.10","110.11K","-4.23%"
"02/20/2015","747.65","742.00","752.25","729.95","78.66K","+1.07%"
"02/19/2015","739.70","743.00","762.00","737.00","46.59K","-0.04%"
"02/18/2015","740.00","730.50","751.00","730.30","75.17K","+1.43%"
"02/16/2015","729.60","729.00","748.55","727.35","47.06K","+0.25%"
"02/13/2015","727.80","725.00","748.55","721.00","40.00K","+0.02%"
"02/12/2015","727.65","691.20","736.00","691.20","49.32K","+5.47%"
"02/11/2015","689.90","673.00","700.00","672.35","30.60K","+2.86%"
"02/10/2015","670.75","662.90","681.05","655.10","12.93K","+1.62%"
"02/09/2015","660.05","673.00","673.00","652.10","20.99K","-2.25%"
"02/06/2015","675.25","676.95","682.00","670.10","21.90K","-0.47%"
"02/05/2015","678.45","701.00","702.65","671.00","26.44K","-2.91%"
"02/04/2015","698.75","697.70","711.20","692.00","20.30K","+0.55%"
"02/03/2015","694.95","699.00","703.50","691.60","34.10K","-0.45%"
"02/02/2015","698.10","698.50","710.20","690.10","29.77K","-0.10%"
"01/30/2015","698.80","710.00","721.00","694.60","35.08K","-1.92%"
"01/29/2015","712.45","722.00","724.00","690.00","31.74K","-1.66%"
"01/28/2015","724.45","726.85","740.70","716.85","90.01K","-0.01%"
"01/27/2015","724.55","700.90","749.90","694.65","300.96K","+3.93%"
"01/23/2015","697.15","722.85","729.40","668.00","242.66K","-2.24%"
"01/22/2015","713.15","692.00","718.00","690.20","172.40K","+4.06%"
"01/21/2015","685.30","682.00","690.00","677.65","22.13K","+0.89%"
"01/20/2015","679.25","677.90","683.85","675.95","21.23K","+0.54%"
"01/19/2015","675.60","684.00","694.20","670.00","25.62K","-0.98%"
"01/16/2015","682.30","685.00","696.95","680.00","32.57K","-0.33%"
"01/15/2015","684.55","693.00","704.90","681.60","62.05K","-0.71%"
"01/14/2015","689.45","683.65","697.05","676.10","47.51K","+1.50%"
"01/13/2015","679.25","671.50","702.40","669.00","147.52K","+1.84%"
"01/12/2015","667.00","641.45","669.40","628.95","78.69K","+4.92%"
"01/09/2015","635.70","650.00","657.90","630.10","28.88K","-1.52%"
"01/08/2015","645.54","639.00","659.00","639.00","88.66K","+2.17%"
"01/07/2015","631.85","625.00","638.00","625.00","41.07K","+1.89%"
"01/06/2015","620.15","641.00","644.90","615.25","36.49K","-3.85%"
"01/05/2015","644.95","643.15","660.65","642.15","54.25K","-0.36%"
"01/02/2015","647.25","632.70","650.00","628.25","61.39K","+2.32%"
"01/01/2015","632.60","642.25","648.00","628.79","58.69K","-0.62%"
"12/31/2014","636.55","613.90","645.00","607.10","171.08K","+4.28%"
"12/30/2014","610.40","614.80","614.80","606.60","113.91K","-0.20%"
"12/29/2014","611.65","603.90","615.00","603.00","29.11K","+1.29%"
"12/26/2014","603.85","609.55","616.00","600.15","68.07K","-0.26%"
"12/24/2014","605.40","618.00","618.85","603.55","23.07K","-1.73%"
"12/23/2014","616.05","599.00","625.65","598.00","270.92K","+2.19%"
"12/22/2014","602.85","605.50","613.20","597.95","85.07K","+0.40%"
"12/19/2014","600.45","584.95","603.90","579.60","139.94K","+3.97%"
"12/18/2014","577.55","562.25","582.00","562.25","146.51K","+4.23%"
"12/17/2014","554.10","562.00","571.00","543.00","63.74K","-2.27%"
"12/16/2014","566.95","578.00","621.00","560.35","32.66K","-1.99%"
"12/15/2014","578.45","589.95","595.00","575.10","42.97K","-1.85%"
"12/12/2014","589.35","602.90","608.00","585.40","27.64K","-1.56%"
"12/11/2014","598.70","600.00","608.60","583.20","43.71K","-0.15%"
"12/10/2014","599.60","603.00","613.00","597.00","94.35K","-0.46%"
"12/09/2014","602.35","620.00","623.65","601.10","40.41K","-2.82%"
"12/08/2014","619.80","632.90","644.50","613.00","203.01K","-1.19%"
"12/05/2014","627.25","625.25","638.00","619.00","226.47K","+2.32%"
"12/04/2014","613.00","590.30","626.00","586.00","173.61K","+4.51%"
"12/03/2014","586.55","582.00","592.65","581.75","157.86K","+0.79%"
"12/02/2014","581.95","589.45","596.30","579.80","22.25K","-1.27%"
"12/01/2014","589.45","592.45","600.00","587.00","89.44K","+0.13%"
"11/28/2014","588.70","581.40","602.00","580.00","219.91K","+1.90%"
"11/27/2014","577.75","578.25","594.30","572.80","33.38K","-0.79%"
"11/26/2014","582.35","594.75","594.75","575.10","111.13K","-0.14%"
"11/25/2014","583.15","603.80","605.00","580.00","91.53K","-3.30%"
"11/24/2014","603.05","608.00","619.00","591.50","80.94K","+0.10%"
"11/21/2014","602.45","595.05","630.50","593.75","163.34K","+0.69%"
"11/20/2014","598.35","594.80","614.00","582.20","185.83K","+3.06%"
"11/19/2014","580.60","600.00","609.70","562.00","193.68K","-2.56%"
"11/18/2014","595.85","597.90","613.65","593.00","189.68K","+0.20%"
"11/17/2014","594.65","572.55","604.00","555.65","429.63K","+3.30%"
"11/14/2014","575.65","581.95","596.15","572.10","120.29K","-0.51%"
"11/13/2014","578.60","562.00","583.80","560.00","242.28K","+3.41%"
"11/12/2014","559.50","565.15","576.00","556.50","86.39K","-2.28%"
"11/11/2014","572.55","541.95","583.90","540.00","374.19K","+6.71%"
"11/10/2014","536.55","525.00","542.50","520.55","76.01K","+2.10%"
"11/07/2014","525.50","517.00","530.00","517.00","54.76K","+1.91%"
"11/05/2014","515.65","525.15","534.00","514.10","52.72K","-2.33%"
"11/03/2014","527.95","532.25","553.90","523.30","118.25K","-0.51%"
"10/31/2014","530.65","497.20","538.60","492.95","490.83K","+7.63%"
"10/30/2014","493.05","483.20","502.50","483.20","188.46K","+1.56%"
"10/29/2014","485.50","479.00","488.00","479.00","84.16K","+1.29%"
"10/28/2014","479.30","484.00","489.95","477.00","27.41K","+0.66%"
"10/27/2014","476.15","489.65","493.00","475.00","22.76K","-3.15%"
"10/23/2014","491.65","490.10","496.30","490.10","8.11K","+0.73%"
"10/22/2014","488.10","486.20","496.00","482.00","131.84K","+1.58%"
"10/21/2014","480.50","476.30","486.70","473.20","19.91K","+0.04%"
"10/20/2014","480.30","485.80","485.85","476.00","10.65K","+0.44%"
"10/17/2014","478.20","465.00","482.50","465.00","34.52K","+2.03%"
"10/16/2014","468.70","465.80","472.00","463.00","240.32K","+0.07%"
"10/14/2014","468.35","468.10","476.50","465.10","14.61K","-0.46%"
"10/13/2014","470.50","466.25","478.45","464.00","24.79K","+0.13%"
"10/10/2014","469.90","465.00","471.90","461.05","45.91K","+0.91%"
"10/09/2014","465.65","460.05","477.00","460.05","167.66K","+1.05%"
"10/08/2014","460.80","460.50","471.90","460.05","96.03K","-0.66%"
"10/07/2014","463.85","471.55","483.50","462.50","20.41K","-1.96%"
"10/01/2014","473.10","477.00","482.00","470.00","15.70K","-0.90%"
"09/30/2014","477.40","473.00","486.00","472.55","13.72K","+0.38%"
"09/29/2014","475.60","471.20","481.40","470.00","11.21K","+0.99%"
"09/26/2014","470.95","472.00","479.95","462.00","22.89K","-0.69%"
"09/25/2014","474.20","485.00","488.95","470.10","21.56K","-1.45%"
"09/24/2014","481.20","486.20","492.00","479.60","21.28K","-1.55%"
"09/23/2014","488.80","491.50","498.00","488.00","13.14K","-1.17%"
"09/22/2014","494.60","486.35","504.00","486.35","21.68K","+0.77%"
"09/19/2014","490.80","504.05","511.15","488.55","51.57K","-2.51%"
"09/18/2014","503.45","500.10","515.95","500.00","20.95K","-0.23%"
"09/17/2014","504.60","510.00","516.00","500.10","19.84K","-0.31%"
"09/16/2014","506.15","515.25","527.20","501.20","87.16K","-2.27%"
"09/15/2014","517.90","506.00","520.00","500.20","35.26K","+1.47%"
"09/12/2014","510.40","519.95","521.00","508.05","22.03K","-1.34%"
"09/11/2014","517.35","520.75","521.00","513.15","35.12K","-1.34%"
"09/10/2014","524.40","523.00","530.95","515.65","68.95K","+0.10%"
"09/09/2014","523.85","512.60","535.00","512.60","101.69K","+1.41%"
"09/08/2014","516.55","508.60","517.50","508.60","12.53K","+1.60%"
"09/05/2014","508.40","515.00","519.00","503.80","35.11K","-0.46%"
"09/04/2014","510.75","513.10","520.95","508.00","35.03K","-1.15%"
"09/03/2014","516.70","524.00","529.00","513.25","26.18K","-1.37%"
"09/02/2014","523.90","522.65","527.00","517.15","34.94K","+0.79%"
"09/01/2014","519.80","489.00","528.00","489.00","125.61K","+6.70%"
"08/28/2014","487.15","486.50","494.40","485.10","25.01K","+0.29%"
"08/27/2014","485.75","503.50","507.90","478.10","60.75K","-2.55%"
"08/26/2014","498.45","501.00","512.90","490.55","22.50K","-0.82%"
"08/25/2014","502.55","495.30","513.85","493.90","63.41K","+1.69%"
"08/22/2014","494.20","504.45","513.70","493.00","34.81K","-2.36%"
"08/21/2014","506.15","505.10","514.10","505.10","118.95K","-0.20%"
"08/20/2014","507.15","504.10","514.75","503.15","16.01K","+0.94%"
"08/19/2014","502.45","513.05","515.85","498.00","32.40K","-2.45%"
"08/18/2014","515.05","501.30","516.40","497.30","16.78K","+1.82%"
"08/14/2014","505.85","494.40","507.00","490.15","15.10K","+2.42%"
"08/13/2014","493.90","504.45","511.65","490.00","20.02K","-2.01%"
"08/12/2014","504.05","510.10","519.85","500.00","21.88K","-1.06%"
"08/11/2014","509.45","517.35","524.45","507.70","16.00K","-1.07%"
"08/08/2014","514.95","521.25","526.50","514.00","22.67K","-2.03%"
"08/07/2014","525.60","525.00","538.00","524.40","20.86K","+0.44%"
"08/06/2014","523.30","520.30","539.75","520.30","11.78K","-0.18%"
"08/05/2014","524.25","522.60","531.00","522.20","17.21K","-0.04%"
"08/04/2014","524.45","518.80","532.45","518.80","14.16K","+0.08%"
"08/01/2014","524.05","527.00","533.30","518.50","20.52K","-1.43%"
"07/31/2014","531.65","526.20","539.90","526.20","27.88K","+0.16%"
"07/30/2014","530.80","536.00","544.90","525.50","35.38K","-1.91%"
"07/28/2014","541.15","535.10","545.00","522.25","50.27K","-0.49%"
"07/25/2014","543.80","553.15","559.00","539.50","30.61K","-2.67%"
"07/24/2014","558.70","560.95","565.05","554.00","31.52K","+0.14%"
"07/23/2014","557.90","545.40","577.50","545.40","151.48K","+1.74%"
"07/22/2014","548.35","548.00","558.30","543.00","34.19K","-0.63%"
"07/21/2014","551.85","550.00","558.50","545.05","66.27K","-0.18%"
"07/18/2014","552.85","559.45","564.90","550.00","41.12K","-1.44%"
"07/17/2014","560.95","550.90","577.20","544.95","141.36K","+2.13%"
"07/16/2014","549.25","527.56","552.97","527.56","113.06K","+3.47%"
"07/15/2014","530.83","521.20","534.11","520.76","47.27K","+1.48%"
"07/14/2014","523.09","527.16","529.15","514.35","23.08K","-0.76%"
"07/11/2014","527.11","520.86","540.46","517.78","74.92K","+0.44%"
"07/10/2014","524.78","529.15","535.90","511.13","42.08K","-0.46%"
"07/09/2014","527.21","527.16","532.12","511.87","77.94K","-0.15%"
"07/08/2014","528.00","523.19","548.01","520.21","481.00K","+2.11%"
"07/07/2014","517.08","517.83","527.16","514.75","44.54K","+1.04%"
"07/04/2014","511.77","528.10","530.04","509.39","92.56K","-2.49%"
"07/03/2014","524.83","525.67","534.11","522.10","62.17K","+0.96%"
"07/02/2014","519.86","520.21","535.35","517.33","188.37K","+0.57%"
"07/01/2014","516.89","515.25","526.22","515.25","41.08K","+0.87%"
"06/30/2014","512.42","518.87","533.12","505.87","100.93K","-0.54%"
"06/27/2014","515.20","525.13","530.78","513.76","38.34K","-0.79%"
"06/26/2014","519.32","529.59","534.06","518.23","33.04K","-1.31%"
"06/25/2014","526.22","540.91","542.55","522.20","36.50K","-1.69%"
"06/24/2014","535.25","533.61","543.89","531.88","31.15K","+1.01%"
"06/23/2014","529.89","549.00","565.58","527.16","76.89K","-3.13%"
"06/20/2014","547.02","575.76","586.03","544.04","157.75K","-4.12%"
"06/19/2014","570.54","550.99","575.81","547.96","277.05K","+5.21%"
"06/18/2014","542.30","514.25","549.50","510.43","371.54K","+5.28%"
"06/17/2014","515.10","504.72","526.07","504.72","175.26K","+3.66%"
"06/16/2014","496.93","500.36","501.35","491.42","40.01K","+1.03%"
"06/13/2014","491.87","511.67","516.24","485.46","58.64K","-3.82%"
"06/12/2014","511.43","516.24","519.72","509.74","55.55K","+1.06%"
"06/11/2014","506.06","508.79","512.27","502.34","34.01K","+0.21%"
"06/10/2014","505.02","509.39","512.27","501.35","43.11K","-1.12%"
"06/09/2014","510.73","507.80","524.18","506.31","71.65K","+1.46%"
"06/06/2014","503.38","503.43","511.28","500.36","62.70K","+0.38%"
"06/05/2014","501.45","505.27","511.28","498.62","91.16K","-0.28%"
"06/04/2014","502.84","506.81","513.26","497.63","81.68K","+1.34%"
"06/03/2014","496.19","501.35","504.13","493.41","72.22K","+0.31%"
"06/02/2014","494.65","487.45","497.38","483.98","122.04K","+1.79%"
"05/30/2014","485.96","481.69","488.44","479.76","31.43K","+1.67%"
"05/29/2014","477.97","476.53","497.97","476.53","64.46K","+0.39%"
"05/28/2014","476.13","489.09","491.32","470.67","37.02K","-1.57%"
"05/27/2014","483.73","479.51","494.40","466.70","47.80K","+0.22%"
"05/26/2014","482.68","498.87","518.18","476.53","81.34K","-3.25%"
"05/23/2014","498.87","495.14","511.28","494.30","54.41K","+0.55%"
"05/22/2014","496.14","494.30","502.59","493.21","33.96K","+1.48%"
"05/21/2014","488.89","503.78","506.31","478.61","65.93K","-1.36%"
"05/20/2014","495.64","481.99","499.96","467.69","149.79K","+4.74%"
"05/19/2014","473.20","444.71","479.31","438.61","189.47K","+10.03%"
"05/16/2014","430.07","436.82","444.86","426.94","35.16K","-0.58%"
"05/15/2014","432.60","440.99","448.73","431.95","34.84K","-2.40%"
"05/14/2014","443.22","430.86","449.72","430.86","56.47K","+3.02%"
"05/13/2014","430.22","441.78","446.55","423.12","173.72K","-1.78%"
"05/12/2014","438.01","458.31","462.38","432.55","68.12K","-4.97%"
"05/09/2014","460.94","447.99","464.32","447.99","89.34K","+2.90%"
"05/08/2014","447.94","458.66","459.55","444.76","30.02K","-2.41%"
"05/07/2014","459.01","453.70","471.71","444.76","229.26K","+1.04%"
"05/06/2014","454.29","454.69","460.55","448.24","239.97K","-1.11%"
"05/05/2014","459.40","446.75","464.62","413.64","550.78K","+1.47%"
"05/02/2014","452.75","452.70","461.64","434.09","335.55K","-0.17%"
"04/30/2014","453.50","412.99","477.52","411.80","1.52M","+12.04%"
"04/29/2014","404.75","411.95","412.50","403.06","77.35K","-1.89%"
"04/28/2014","412.55","415.72","430.76","404.70","216.53K","+0.81%"
"04/25/2014","409.22","407.68","425.90","407.53","180.29K","+4.13%"
"04/23/2014","392.99","389.17","396.12","389.17","10.87K","+0.65%"
"04/22/2014","390.46","396.12","401.53","387.33","20.52K","-1.46%"
"04/21/2014","396.26","397.70","399.84","393.14","28.31K","+1.73%"
"04/17/2014","389.51","374.37","396.86","374.37","42.79K","+3.20%"
"04/16/2014","377.45","382.51","387.13","372.79","20.36K","-1.17%"
"04/15/2014","381.92","385.69","388.42","379.24","17.55K","-0.90%"
"04/11/2014","385.39","392.99","396.12","382.32","21.02K","-1.70%"
"04/10/2014","392.04","392.94","402.97","390.16","41.54K","+0.27%"
"04/09/2014","391.00","389.66","398.10","388.17","32.44K","+0.80%"
"04/07/2014","387.88","404.06","406.44","383.21","50.42K","-4.64%"
"04/04/2014","406.74","405.99","411.70","402.07","17.01K","+0.48%"
"04/03/2014","404.80","413.99","413.99","399.69","34.61K","-1.37%"
"04/02/2014","410.41","427.93","435.83","408.72","46.74K","-1.86%"
"04/01/2014","418.20","421.78","425.90","414.98","42.96K","+0.18%"
"03/31/2014","417.46","406.04","421.93","404.21","86.90K","+1.74%"
"03/28/2014","410.31","397.85","415.97","393.14","96.59K","+2.70%"
"03/27/2014","399.54","382.02","405.05","382.02","70.14K","+3.54%"
"03/26/2014","385.89","388.17","395.62","376.46","33.30K","+0.00%"
"03/25/2014","385.89","381.22","388.47","375.07","85.76K","+1.65%"
"03/24/2014","379.64","382.22","389.51","373.28","83.60K","+0.13%"
"03/21/2014","379.14","363.35","384.70","359.88","79.53K","+3.99%"
"03/20/2014","364.59","362.31","370.45","356.55","45.39K","+1.11%"
"03/19/2014","360.57","346.68","364.25","346.68","46.38K","+3.70%"
"03/18/2014","347.72","344.54","357.40","343.50","33.89K","+0.91%"
"03/14/2014","344.59","345.29","346.48","339.63","13.24K","-0.37%"
"03/13/2014","345.88","350.20","356.11","342.51","33.28K","-0.47%"
"03/12/2014","347.52","354.42","354.42","346.03","20.88K","-1.23%"
"03/11/2014","351.84","342.60","370.30","340.07","126.53K","+2.37%"
"03/10/2014","343.70","343.60","355.41","339.73","50.65K","-1.24%"
"03/07/2014","348.02","361.32","361.37","343.70","39.61K","-2.80%"
"03/06/2014","358.04","351.59","364.55","351.59","120.68K","+3.52%"
"03/05/2014","345.88","326.87","355.81","325.78","99.33K","+6.48%"
"03/04/2014","324.83","326.37","328.61","321.46","13.43K","+1.05%"
"03/03/2014","321.46","320.66","327.61","319.08","11.31K","+0.02%"
"02/28/2014","321.41","319.03","324.64","316.35","10.25K","+1.94%"
"02/26/2014","315.30","313.17","329.50","313.17","29.65K","+0.00%"
"02/25/2014","315.30","321.56","325.63","312.77","9.43K","-0.05%"
"02/24/2014","315.45","317.69","321.36","313.72","8.08K","-0.36%"
"02/21/2014","316.59","317.98","332.58","315.30","15.61K","-1.16%"
"02/20/2014","320.32","325.73","330.29","318.43","7.37K","-2.23%"
"02/19/2014","327.61","319.67","331.59","319.67","18.77K","+1.52%"
"02/18/2014","322.70","316.69","333.47","310.74","35.02K","+3.65%"
"02/17/2014","311.33","317.69","317.69","307.86","6.50K","-1.52%"
"02/14/2014","316.15","312.72","316.54","311.23","3.65K","+1.99%"
"02/13/2014","309.99","308.90","314.66","305.87","10.02K","+0.06%"
"02/12/2014","309.79","314.16","316.69","308.26","5.92K","-0.62%"
"02/11/2014","311.73","313.91","314.66","309.74","4.40K","-0.63%"
"02/10/2014","313.72","322.55","322.55","312.72","4.86K","-0.69%"
"02/07/2014","315.90","316.40","321.61","314.76","6.74K","+0.47%"
"02/06/2014","314.41","314.71","320.66","313.62","4.57K","-0.36%"
"02/05/2014","315.55","314.51","318.68","310.24","8.31K","+0.31%"
"02/04/2014","314.56","314.71","321.36","309.74","7.52K","+0.02%"
"02/03/2014","314.51","312.77","326.52","312.72","9.06K","-0.46%"
"01/31/2014","315.95","321.71","328.86","299.32","29.17K","-2.45%"
"01/30/2014","323.89","328.76","330.59","322.65","6.01K","-2.45%"
"01/29/2014","332.03","331.59","342.51","328.76","12.51K","+0.15%"
"01/28/2014","331.54","332.93","338.98","330.59","2.25K","-0.59%"
"01/27/2014","333.52","334.61","344.49","331.59","5.47K","-1.21%"
"01/24/2014","337.59","347.32","347.32","335.56","9.49K","-2.19%"
"01/23/2014","345.14","347.47","349.46","344.49","3.33K","-0.56%"
"01/22/2014","347.07","344.49","349.46","342.51","5.96K","+0.32%"
"01/21/2014","345.98","345.19","348.96","341.46","6.61K","+1.37%"
"01/20/2014","341.31","345.48","347.07","340.07","8.90K","-1.38%"
"01/17/2014","346.08","345.98","350.45","345.53","7.28K","-0.51%"
"01/16/2014","347.87","352.43","355.81","345.78","7.27K","-0.21%"
"01/15/2014","348.61","342.51","349.46","342.51","6.05K","+1.41%"
"01/14/2014","343.75","344.79","350.00","342.60","5.73K","-0.29%"
"01/13/2014","344.74","347.47","356.40","343.80","13.34K","-1.60%"
"01/10/2014","350.35","350.55","360.08","348.61","14.77K","-0.66%"
"01/09/2014","352.68","354.57","360.87","351.44","7.69K","-1.41%"
"01/08/2014","357.74","352.43","366.23","351.54","23.86K","+0.98%"
"01/07/2014","354.27","356.95","362.36","352.98","8.91K","-0.75%"
"01/06/2014","356.95","360.38","363.85","355.41","11.23K","-0.58%"
"01/03/2014","359.04","369.21","369.21","354.47","15.53K","-1.20%"
"01/02/2014","363.40","374.57","376.71","355.51","16.79K","-2.19%"
"01/01/2014","371.54","374.82","377.40","371.30","14.62K","-0.20%"
"12/31/2013","372.29","380.13","380.23","371.00","36.33K","-0.43%"
"12/30/2013","373.88","378.25","382.56","372.64","11.93K","-1.19%"
"12/27/2013","378.39","381.22","387.08","376.26","15.14K","-0.21%"
"12/26/2013","379.19","372.34","381.03","372.24","16.95K","+1.84%"
"12/24/2013","372.34","372.29","374.27","369.26","60.53K","-0.09%"
"12/23/2013","372.69","369.71","375.76","366.53","17.07K","+0.79%"
"12/20/2013","369.76","369.31","374.27","365.84","26.32K","+0.23%"
"12/19/2013","368.91","369.96","374.27","365.34","46.43K","+2.06%"
"12/18/2013","361.47","357.40","366.93","355.36","27.89K","+1.48%"
"12/17/2013","356.21","358.59","367.23","355.71","5.38K","-1.30%"
"12/16/2013","360.92","354.42","365.34","354.42","15.61K","+0.76%"
"12/13/2013","358.19","365.34","367.08","356.16","9.26K","-2.71%"
"12/12/2013","368.17","362.71","373.98","362.36","9.84K","+0.66%"
"12/11/2013","365.74","370.20","373.18","363.70","7.53K","-1.20%"
"12/10/2013","370.20","382.17","382.17","369.31","7.37K","-2.22%"
"12/09/2013","378.59","385.10","385.10","370.40","16.70K","+0.16%"
"12/06/2013","378.00","368.57","380.18","368.57","15.75K","+1.89%"
"12/05/2013","371.00","380.23","385.10","367.32","17.97K","-0.85%"
"12/04/2013","374.18","382.22","382.22","367.32","21.11K","-0.88%"
"12/03/2013","377.50","370.30","382.27","367.42","73.86K","+2.73%"
"12/02/2013","367.47","370.06","378.25","363.40","61.28K","-0.12%"
"11/29/2013","367.92","370.20","372.29","363.35","57.09K","+1.04%"
"11/28/2013","364.15","354.42","368.32","354.42","61.43K","+3.06%"
"11/27/2013","353.33","355.81","358.39","352.43","3.25K","-0.78%"
"11/26/2013","356.11","356.40","370.65","354.47","77.38K","-0.36%"
"11/25/2013","357.40","354.47","362.31","349.65","16.37K","+0.11%"
"11/22/2013","357.00","361.37","361.37","352.53","20.41K","+0.48%"
"11/21/2013","355.31","358.39","358.39","349.55","38.59K","-0.65%"
"11/20/2013","357.65","346.43","370.20","345.58","27.85K","+3.73%"
"11/19/2013","344.79","344.49","352.83","341.66","12.79K","+0.54%"
"11/18/2013","342.95","344.79","351.19","341.61","5.59K","-1.26%"
"11/14/2013","347.32","345.98","350.94","341.51","20.24K","+1.05%"
"11/13/2013","343.70","337.54","346.38","337.54","10.37K","+0.38%"
"11/12/2013","342.41","341.66","349.95","341.46","4.62K","-0.33%"
"11/11/2013","343.55","347.47","349.36","342.90","4.30K","-1.26%"
"11/08/2013","347.92","352.14","353.43","346.97","6.83K","-1.13%"
"11/07/2013","351.89","352.43","354.42","348.71","40.62K","-0.31%"
"11/06/2013","352.98","347.77","371.30","347.77","48.05K","+0.95%"
"11/05/2013","349.65","350.45","353.72","347.97","3.91K","-1.06%"
"11/01/2013","353.38","344.64","359.33","344.64","65.87K","+1.69%"
"10/31/2013","347.52","347.47","350.35","345.04","6.16K","-0.62%"
"10/30/2013","349.70","349.70","354.22","344.54","26.19K","-1.58%"
"10/29/2013","355.31","343.15","358.39","341.36","21.89K","+3.08%"
"10/28/2013","344.69","351.49","357.30","343.60","6.78K","-1.95%"
"10/25/2013","351.54","361.86","366.78","349.65","16.47K","-2.21%"
"10/24/2013","359.48","344.04","376.71","332.68","74.22K","+4.28%"
"10/23/2013","344.74","352.43","358.39","342.70","13.53K","-2.18%"
"10/22/2013","352.43","347.12","362.36","347.12","127.50K","+1.47%"
"10/21/2013","347.32","347.62","350.45","342.70","14.81K","-0.09%"
"10/18/2013","347.62","346.33","350.35","345.48","9.96K","+0.43%"
"10/17/2013","346.13","344.74","351.19","344.59","5.79K","-0.39%"
"10/15/2013","347.47","348.46","350.20","342.60","11.53K","-0.23%"
"10/14/2013","348.26","347.57","349.41","346.77","9.14K","+0.07%"
"10/11/2013","348.02","352.98","352.98","343.50","32.66K","-0.86%"
"10/10/2013","351.04","345.53","353.33","345.53","8.49K","+0.95%"
"10/09/2013","347.72","345.48","349.46","343.50","37.40K","+0.06%"
"10/08/2013","347.52","348.41","350.45","343.99","15.62K","-0.01%"
"10/07/2013","347.57","346.08","348.02","336.25","15.74K","-0.07%"
"10/04/2013","347.82","343.50","356.06","342.51","79.44K","+3.49%"
"10/03/2013","336.10","334.07","341.91","327.61","35.83K","+1.62%"
"10/01/2013","330.74","330.59","336.55","329.15","5.53K","-1.94%"
"09/30/2013","337.29","345.48","345.48","317.79","12.74K","-1.55%"
"09/27/2013","342.60","336.45","345.83","330.59","25.35K","+2.31%"
"09/26/2013","334.86","324.19","337.54","324.19","18.57K","+1.69%"
"09/25/2013","329.30","327.96","335.46","317.93","18.05K","+1.44%"
"09/24/2013","324.64","319.23","327.56","314.91","14.63K","+2.27%"
"09/23/2013","317.44","313.76","321.41","313.76","4.78K","+0.24%"
"09/20/2013","316.69","319.87","325.13","309.74","23.69K","-2.31%"
"09/19/2013","324.19","327.61","330.59","322.65","7.22K","+0.31%"
"09/18/2013","323.20","319.67","325.53","315.95","3.24K","+0.78%"
"09/17/2013","320.71","317.69","327.61","316.79","7.62K","+0.12%"
"09/16/2013","320.32","327.66","333.52","317.74","11.35K","-1.69%"
"09/13/2013","325.83","325.98","334.46","319.77","5.84K","+0.71%"
"09/12/2013","323.54","334.41","335.56","320.17","9.21K","-3.01%"
"09/11/2013","333.57","322.65","339.53","317.69","19.08K","+2.56%"
"09/10/2013","325.23","313.72","339.23","312.72","48.52K","+5.29%"
"09/06/2013","308.90","305.82","314.91","304.53","9.63K","-0.35%"
"09/05/2013","309.99","302.79","312.38","302.75","8.25K","+3.22%"
"09/04/2013","300.31","297.98","303.69","293.16","4.97K","+0.90%"
"09/03/2013","297.63","302.00","305.97","295.05","3.08K","-2.04%"
"09/02/2013","303.84","301.90","309.64","301.90","3.09K","-0.08%"
"08/30/2013","304.09","301.80","309.74","298.03","9.74K","-0.36%"
"08/29/2013","305.18","298.13","307.66","298.13","2.98K","+1.17%"
"08/28/2013","301.65","292.07","305.57","292.07","10.50K","-0.22%"
"08/27/2013","302.30","299.82","311.43","295.85","7.84K","-1.38%"
"08/26/2013","306.52","310.69","310.69","305.28","4.95K","+0.82%"
"08/23/2013","304.04","298.82","311.23","293.86","8.97K","+2.00%"
"08/22/2013","298.08","297.83","300.81","294.41","7.15K","-0.91%"
"08/21/2013","300.81","303.44","310.74","299.87","4.17K","-0.96%"
"08/20/2013","303.74","312.72","312.72","298.82","10.22K","+0.34%"
"08/19/2013","302.70","311.63","311.63","297.83","11.49K","-2.01%"
"08/16/2013","308.90","304.83","314.61","296.34","20.74K","+0.60%"
"08/14/2013","307.06","301.90","311.48","301.90","7.15K","+0.88%"
"08/13/2013","304.38","305.77","307.76","302.45","2.62K","-0.36%"
"08/12/2013","305.48","303.09","312.47","298.53","6.44K","-0.40%"
"08/08/2013","306.72","293.16","309.25","293.16","6.47K","+3.66%"
"08/07/2013","295.90","292.87","297.83","286.12","8.24K","+1.69%"
"08/06/2013","290.98","311.73","312.08","273.41","30.76K","-5.94%"
"08/05/2013","309.35","314.71","317.49","307.76","4.68K","-1.93%"
"08/02/2013","315.45","322.60","327.61","311.73","8.49K","-2.05%"
"08/01/2013","322.05","340.52","340.52","320.27","8.76K","-1.67%"
"07/31/2013","327.51","322.65","331.93","310.29","21.37K","+1.66%"
"07/30/2013","322.15","319.67","324.64","315.90","6.54K","-0.17%"
"07/29/2013","322.70","324.64","327.51","316.30","10.88K","-1.15%"
"07/26/2013","326.47","335.75","339.03","322.75","5.83K","-2.19%"
"07/25/2013","333.77","334.17","344.59","331.98","21.57K","-1.68%"
"07/24/2013","339.48","341.56","344.44","335.66","3.36K","-1.95%"
"07/23/2013","346.23","342.51","349.46","339.73","11.76K","+1.47%"
"07/22/2013","341.22","347.97","351.39","340.17","4.91K","-2.98%"
"07/19/2013","351.69","356.11","357.30","347.57","15.90K","-2.61%"
"07/18/2013","361.12","356.50","363.11","354.52","31.64K","+0.14%"
"07/17/2013","360.62","357.40","364.50","352.43","22.74K","+0.93%"
"07/16/2013","357.30","349.46","361.37","349.46","6.57K","-0.50%"
"07/15/2013","359.08","355.41","380.13","355.41","30.63K","-0.13%"
"07/12/2013","359.53","347.97","365.24","343.05","23.12K","+3.90%"
"07/11/2013","346.03","352.28","352.28","344.49","8.08K","+0.26%"
"07/10/2013","345.14","344.39","351.44","339.78","10.64K","+0.83%"
"07/09/2013","342.31","337.54","347.37","337.54","13.25K","+2.12%"
"07/08/2013","335.21","337.49","337.49","330.69","2.96K","-0.69%"
"07/05/2013","337.54","344.44","344.44","334.07","13.35K","-0.25%"
"07/04/2013","338.39","339.53","344.74","335.56","14.95K","+1.08%"
"07/03/2013","334.76","337.54","339.43","329.70","7.99K","-1.06%"
"07/02/2013","338.34","342.36","342.51","335.46","6.08K","+0.01%"
"07/01/2013","338.29","335.56","341.41","335.56","6.05K","+0.55%"
"06/28/2013","336.45","327.66","338.53","327.66","13.94K","+2.65%"
"06/27/2013","327.76","330.49","334.51","325.63","10.90K","+0.67%"
"06/26/2013","325.58","330.99","330.99","320.76","8.32K","+0.00%"
"06/25/2013","325.58","323.69","328.51","319.77","6.99K","-0.53%"
"06/24/2013","327.32","327.61","330.49","321.86","15.78K","-0.65%"
"06/21/2013","329.45","332.53","339.43","325.83","13.62K","+0.32%"
"06/20/2013","328.41","332.68","335.46","324.83","15.82K","-2.58%"
"06/19/2013","337.10","338.48","342.16","336.05","4.16K","-0.58%"
"06/18/2013","339.08","345.14","345.14","337.64","7.63K","-0.35%"
"06/17/2013","340.27","343.10","349.21","339.18","10.54K","-1.34%"
"06/14/2013","344.89","338.63","349.31","338.63","9.93K","+2.39%"
"06/13/2013","336.85","338.83","340.02","334.66","4.34K","-1.08%"
"06/12/2013","340.52","337.74","345.48","333.92","4.33K","+0.82%"
"06/11/2013","337.74","343.50","348.46","334.66","9.89K","-2.73%"
"06/10/2013","347.22","351.44","357.00","344.59","3.76K","-1.20%"
"06/07/2013","351.44","342.51","368.32","340.72","33.00K","+2.62%"
"06/06/2013","342.46","341.51","345.24","338.68","33.14K","-0.32%"
"06/05/2013","343.55","343.99","349.26","341.66","5.22K","-0.96%"
"06/04/2013","346.87","341.61","352.33","341.61","5.34K","+0.71%"
"06/03/2013","344.44","352.43","354.37","341.61","9.22K","-1.52%"
"05/31/2013","349.75","354.42","359.38","348.71","9.10K","-2.29%"
"05/30/2013","357.94","363.25","363.35","356.50","12.64K","-1.46%"
"05/29/2013","363.25","367.77","371.79","361.52","16.37K","-2.02%"
"05/28/2013","370.75","367.57","381.22","365.44","23.52K","+1.48%"
"05/27/2013","365.34","368.37","373.98","361.37","9.99K","-0.46%"
"05/24/2013","367.03","360.23","377.25","359.38","20.70K","+2.37%"
"05/23/2013","358.54","372.29","374.22","356.50","21.66K","-5.12%"
"05/22/2013","377.90","387.23","391.70","376.36","17.47K","-2.63%"
"05/21/2013","388.12","377.35","402.17","377.35","86.31K","+1.60%"
"05/20/2013","382.02","387.18","396.66","372.29","131.88K","-2.82%"
"05/17/2013","393.09","346.48","408.72","340.02","424.98K","+13.93%"
"05/16/2013","345.04","340.97","349.36","338.53","11.50K","+1.79%"
"05/15/2013","338.98","342.90","343.05","336.65","10.79K","+0.57%"
"05/14/2013","337.05","337.59","343.40","334.07","20.79K","-0.04%"
"05/13/2013","337.19","352.38","352.38","335.90","11.75K","-1.61%"
"05/10/2013","342.70","342.65","348.36","340.52","19.14K","-0.83%"
"05/09/2013","345.58","347.47","356.21","343.99","13.06K","-1.39%"
"05/08/2013","350.45","357.45","360.18","345.73","11.88K","-1.62%"
"05/07/2013","356.21","355.21","359.38","352.58","22.93K","+1.41%"
"05/06/2013","351.24","342.41","354.42","339.87","34.11K","+3.25%"
"05/03/2013","340.17","332.48","342.46","332.48","182.81K","+5.43%"
"05/02/2013","322.65","317.69","326.42","314.86","16.54K","+2.39%"
"04/30/2013","315.11","318.03","325.33","313.47","18.62K","+0.68%"
"04/29/2013","312.97","320.66","320.66","309.55","34.95K","-1.28%"
"04/26/2013","317.04","327.42","327.42","315.70","20.69K","-1.36%"
"04/25/2013","321.41","326.62","326.62","318.93","6.13K","+0.79%"
"04/23/2013","318.88","317.04","325.03","316.69","6.66K","+1.36%"
"04/22/2013","314.61","312.72","319.67","312.72","1.81K","+0.59%"
"04/18/2013","312.77","311.73","315.70","308.75","5.01K","+0.30%"
"04/17/2013","311.83","309.79","320.47","309.79","8.03K","-0.51%"
"04/16/2013","313.42","312.72","315.70","310.74","2.34K","+0.85%"
"04/15/2013","310.79","312.57","314.71","309.74","90.84K","+0.03%"
"04/12/2013","310.69","308.85","322.10","303.79","7.30K","+1.41%"
"04/11/2013","306.37","309.10","313.62","304.83","4.81K","-1.26%"
"04/10/2013","310.29","313.62","313.62","302.30","48.12K","-0.03%"
"04/09/2013","310.39","319.87","321.06","308.85","4.09K","-2.21%"
"04/08/2013","317.39","317.69","322.60","315.35","2.54K","-0.31%"
"04/05/2013","318.38","321.66","323.54","314.81","3.00K","-0.91%"
"04/04/2013","321.31","322.15","328.61","318.18","6.46K","-1.69%"
"04/03/2013","326.82","330.10","334.56","324.14","2.47K","-0.83%"
"04/02/2013","329.55","332.38","335.06","327.61","3.89K","+0.24%"
"04/01/2013","328.76","317.69","330.29","316.69","15.41K","+3.63%"
"03/28/2013","317.24","313.72","319.57","309.84","11.49K","+1.59%"
"03/26/2013","312.28","312.77","317.09","309.64","3.46K","-0.69%"
"03/25/2013","314.46","325.08","327.61","311.38","5.41K","-3.27%"
"03/22/2013","325.08","319.72","327.47","313.72","15.87K","+0.03%"
"03/21/2013","324.98","317.69","327.61","312.72","24.81K","+1.58%"
"03/20/2013","319.92","315.70","325.68","308.75","17.21K","+1.00%"
"03/19/2013","316.74","314.76","321.36","307.86","14.87K","+0.73%"
"03/18/2013","314.46","310.74","318.63","310.74","5.72K","+1.43%"
"03/15/2013","310.04","324.64","329.50","299.72","65.77K","-3.73%"
"03/14/2013","322.05","320.47","324.64","314.21","15.73K","-0.39%"
"03/13/2013","323.30","329.60","332.33","320.96","7.99K","-2.70%"
"03/12/2013","332.28","339.08","342.21","328.71","7.25K","-2.15%"
"03/11/2013","339.58","319.27","344.49","319.27","17.49K","-0.14%"
"03/08/2013","340.07","340.72","346.28","335.66","8.03K","-0.23%"
"03/07/2013","340.87","327.61","342.51","307.96","25.20K","+3.06%"
"03/06/2013","330.74","303.89","333.97","303.89","30.25K","+8.78%"
"03/05/2013","304.04","295.94","306.67","293.12","240.23K","+3.15%"
"03/04/2013","294.75","304.83","304.83","293.12","12.03K","-2.70%"
"03/01/2013","302.94","306.77","313.72","300.81","13.75K","-1.85%"
"02/28/2013","308.65","320.22","328.11","305.77","16.13K","-3.04%"
"02/27/2013","318.33","322.65","322.65","315.20","13.56K","+0.06%"
"02/26/2013","318.13","326.67","329.00","317.19","9.89K","-2.64%"
"02/25/2013","326.77","333.07","334.27","324.64","10.95K","-0.77%"
"02/22/2013","329.30","337.24","338.48","326.92","63.79K","-1.72%"
"02/21/2013","335.06","339.63","340.52","330.59","8.17K","-1.35%"
"02/20/2013","339.63","334.86","341.17","333.57","7.31K","+1.42%"
"02/19/2013","334.86","341.41","344.49","331.63","11.75K","-0.79%"
"02/18/2013","337.54","330.59","339.53","330.59","5.85K","+1.27%"
"02/15/2013","333.32","334.56","334.56","329.80","8.17K","-0.30%"
"02/14/2013","334.32","342.65","345.24","333.57","17.12K","-3.15%"
"02/13/2013","345.19","367.23","367.23","343.35","9.00K","+0.81%"
"02/12/2013","342.41","347.52","350.65","340.52","8.70K","-1.56%"
"02/11/2013","347.82","354.07","356.75","347.47","8.53K","-1.74%"
"02/08/2013","353.97","357.50","359.38","351.44","10.36K","-0.88%"
"02/07/2013","357.10","357.55","360.28","355.41","9.41K","-0.51%"
"02/06/2013","358.94","363.20","365.49","355.41","11.73K","-0.77%"
"02/05/2013","361.72","362.41","366.33","358.39","10.22K","-0.48%"
"02/04/2013","363.45","358.29","419.05","357.45","28.08K","+0.60%"
"02/01/2013","361.27","358.39","362.86","355.61","11.97K","+0.93%"
"01/31/2013","357.94","355.56","363.90","352.53","18.28K","+0.50%"
"01/30/2013","356.16","356.85","359.38","353.23","27.25K","+0.63%"
"01/29/2013","353.92","362.31","365.19","353.13","28.04K","-2.88%"
"01/28/2013","364.40","372.34","382.22","360.67","36.39K","-2.70%"
"01/25/2013","374.52","372.34","379.24","365.34","12.84K","-0.16%"
"01/24/2013","375.12","376.76","382.32","369.96","16.99K","+0.00%"
"01/23/2013","375.12","377.75","377.75","372.29","13.20K","-0.01%"
"01/22/2013","375.17","380.23","381.17","374.37","14.98K","-1.29%"
"01/21/2013","380.08","380.73","383.21","378.79","12.19K","+0.09%"
"01/18/2013","379.73","382.27","387.18","377.35","10.06K","-0.33%"
"01/17/2013","380.98","379.73","383.26","375.27","16.23K","+0.21%"
"01/16/2013","380.18","392.04","393.14","379.24","49.30K","-2.37%"
"01/15/2013","389.41","394.23","399.79","386.34","185.75K","-0.38%"
"01/14/2013","390.90","395.47","396.12","390.16","9.08K","-0.77%"
"01/11/2013","393.93","398.94","399.04","390.65","10.66K","-0.28%"
"01/10/2013","395.02","400.73","400.73","393.14","16.11K","-0.03%"
"01/09/2013","395.12","397.11","404.06","394.13","12.42K","-1.22%"
"01/08/2013","399.99","402.97","402.97","398.20","7.70K","-0.23%"
"01/07/2013","400.93","404.01","407.98","399.09","11.71K","-0.57%"
"01/04/2013","403.21","401.58","405.89","399.14","16.35K","+0.13%"
"01/03/2013","402.67","402.22","406.34","398.94","14.55K","+0.66%"
"01/02/2013","400.04","407.58","408.97","398.10","31.71K","-1.42%"
"01/01/2013","405.79","409.07","413.24","403.86","13.12K","-0.84%"
"12/31/2012","409.22","395.07","415.97","393.14","53.89K","+3.28%"
"12/28/2012","396.21","396.02","399.44","389.17","14.35K","+1.16%"
"12/27/2012","391.65","406.64","406.94","390.46","20.69K","-2.79%"
"12/26/2012","402.87","396.31","406.84","391.25","24.21K","+3.06%"
"12/24/2012","390.90","395.22","403.06","386.24","30.91K","-0.86%"
"12/21/2012","394.28","396.46","405.05","393.53","29.28K","-1.01%"
"12/20/2012","398.30","404.55","404.55","397.51","10.43K","-0.99%"
"12/19/2012","402.27","406.34","409.91","401.18","19.72K","-0.76%"
"12/18/2012","405.35","409.17","411.30","404.60","21.98K","-0.90%"
"12/17/2012","409.02","409.47","412.00","405.55","14.94K","-0.24%"
"12/14/2012","410.01","407.23","412.00","405.55","11.69K","+0.67%"
"12/13/2012","407.28","412.10","413.99","406.04","15.55K","-0.86%"
"12/12/2012","410.81","411.40","414.93","408.03","22.45K","-0.24%"
"12/11/2012","411.80","416.62","416.62","409.52","14.55K","-0.47%"
"12/10/2012","413.74","416.96","417.46","412.99","25.71K","-0.75%"
"12/07/2012","416.86","416.32","421.93","414.98","20.91K","+0.31%"
"12/06/2012","415.57","425.55","425.55","409.12","18.39K","-0.07%"
"12/05/2012","415.87","422.18","424.96","415.03","46.61K","-1.08%"
"12/04/2012","420.39","419.35","427.88","415.18","52.68K","+1.18%"
"12/03/2012","415.47","416.96","424.31","412.00","33.30K","+0.09%"
"11/30/2012","415.08","423.52","425.25","408.43","40.63K","-1.01%"
"11/29/2012","419.30","419.25","429.27","416.72","40.71K","+0.24%"
"11/27/2012","418.30","412.00","423.91","409.02","29.80K","+2.43%"
"11/26/2012","408.38","405.65","412.00","405.65","11.89K","-0.28%"
"11/23/2012","409.52","414.53","414.53","405.84","8.46K","-0.57%"
"11/22/2012","411.85","414.98","415.23","408.03","16.54K","+1.12%"
"11/21/2012","407.28","403.96","409.02","403.96","7.76K","-0.01%"
"11/20/2012","407.33","407.04","409.87","403.06","24.54K","+0.70%"
"11/19/2012","404.50","406.04","407.88","401.72","10.99K","-0.51%"
"11/16/2012","406.59","410.06","416.47","405.05","12.37K","-1.04%"
"11/15/2012","410.86","415.97","415.97","408.57","15.50K","-1.49%"
"11/13/2012","417.06","414.88","419.94","412.20","16.01K","+1.33%"
"11/12/2012","411.60","407.04","415.42","407.04","30.51K","+0.80%"
"11/09/2012","408.33","408.13","414.88","408.03","12.96K","-0.95%"
"11/08/2012","412.25","407.09","414.98","402.17","23.61K","+1.01%"
"11/07/2012","408.13","409.96","410.01","407.53","31.64K","-0.39%"
"11/06/2012","409.72","415.87","418.60","407.68","16.56K","-1.17%"
"11/05/2012","414.58","405.60","416.76","405.60","19.13K","+0.45%"
"11/02/2012","412.74","421.93","424.31","410.06","26.99K","-1.44%"
"11/01/2012","418.75","414.68","425.90","411.95","192.40K","+3.09%"
"10/31/2012","406.19","409.07","417.06","401.33","88.50K","-1.12%"
"10/30/2012","410.81","409.42","415.67","405.05","10.99K","-0.40%"
"10/29/2012","412.45","424.11","425.30","409.67","12.00K","-1.80%"
"10/26/2012","419.99","423.57","429.08","413.99","64.31K","+0.34%"
"10/25/2012","418.55","411.45","422.92","408.13","20.02K","+0.82%"
"10/23/2012","415.13","421.93","425.65","412.00","29.31K","-1.56%"
"10/22/2012","421.73","417.86","423.17","416.96","66.67K","+0.83%"
"10/19/2012","418.25","416.91","423.66","415.13","44.14K","+0.58%"
"10/18/2012","415.82","413.94","416.96","410.01","26.14K","+1.15%"
"10/17/2012","411.11","413.39","413.39","407.13","37.14K","+0.61%"
"10/16/2012","408.62","402.02","411.40","399.34","89.05K","+1.65%"
"10/15/2012","401.97","397.46","403.46","396.16","19.04K","+1.27%"
"10/12/2012","396.91","398.20","405.05","395.22","24.82K","-0.21%"
"10/11/2012","397.75","396.07","400.09","388.52","45.47K","+1.38%"
"10/10/2012","392.34","397.06","397.80","391.65","26.40K","-1.29%"
"10/09/2012","397.46","400.09","405.10","393.19","44.60K","-0.45%"
"10/08/2012","399.24","402.37","409.02","398.15","23.33K","-1.21%"
"10/05/2012","404.11","417.96","418.70","400.28","40.09K","-2.69%"
"10/04/2012","415.28","412.69","426.89","410.16","90.13K","+1.91%"
"10/03/2012","407.48","404.50","414.98","397.46","43.43K","+0.83%"
"10/01/2012","404.11","397.46","412.50","397.41","43.94K","+0.99%"
"09/28/2012","400.14","402.47","407.28","395.22","77.23K","+0.74%"
"09/27/2012","397.21","400.28","405.84","392.64","216.86K","-0.29%"
"09/26/2012","398.35","398.10","401.97","392.69","124.40K","-0.25%"
"09/25/2012","399.34","405.00","408.13","397.16","34.10K","-0.98%"
"09/24/2012","403.31","404.40","411.80","399.09","118.43K","+0.42%"
"09/21/2012","401.63","396.07","403.76","391.95","127.59K","+2.41%"
"09/20/2012","392.19","376.36","395.92","371.05","203.36K","+4.07%"
"09/18/2012","376.86","372.74","378.10","367.28","65.66K","+1.52%"
"09/17/2012","371.20","369.91","375.17","366.73","56.22K","+0.86%"
"09/14/2012","368.02","371.64","373.18","367.37","61.42K","+1.06%"
"09/13/2012","364.15","369.16","370.40","361.62","77.91K","-1.73%"
"09/12/2012","370.55","374.62","377.85","368.42","80.24K","-0.65%"
"09/11/2012","372.98","377.25","379.44","372.39","36.16K","-1.30%"
"09/10/2012","377.90","377.85","383.11","376.36","26.03K","+0.07%"
"09/07/2012","377.65","381.27","386.19","376.26","69.26K","-0.01%"
"09/06/2012","377.70","374.77","382.22","372.49","69.76K","+0.89%"
"09/05/2012","374.37","374.67","380.23","370.40","67.98K","+0.03%"
"09/04/2012","374.27","373.18","377.15","368.81","25.57K","+0.12%"
"09/03/2012","373.83","370.35","378.49","370.35","36.40K","+0.68%"
"08/31/2012","371.30","374.87","377.95","369.11","33.23K","-0.83%"
"08/30/2012","374.42","370.75","377.75","363.55","158.85K","+0.73%"
"08/29/2012","371.69","384.20","385.15","369.31","74.17K","-3.50%"
"08/28/2012","385.19","398.10","405.79","381.42","136.76K","-2.65%"
"08/27/2012","395.67","390.11","398.89","389.51","127.78K","+1.62%"
"08/24/2012","389.36","397.11","402.47","387.48","66.83K","-3.04%"
"08/23/2012","401.58","386.14","404.06","383.46","218.55K","+5.00%"
"08/22/2012","382.46","378.64","388.12","374.32","134.20K","+0.94%"
"08/21/2012","378.89","379.68","381.77","377.05","24.36K","-0.23%"
"08/17/2012","379.78","375.47","386.44","375.22","58.89K","+1.22%"
"08/16/2012","375.22","372.14","382.22","369.36","72.09K","+1.57%"
"08/14/2012","369.41","368.81","371.30","364.45","120.18K","+0.16%"
"08/13/2012","368.81","369.86","374.27","367.42","26.85K","-0.89%"
"08/10/2012","372.14","374.87","376.06","369.86","33.14K","-0.40%"
"08/09/2012","373.63","378.25","382.42","372.34","37.96K","-1.08%"
"08/08/2012","377.70","381.97","386.78","375.86","30.21K","-1.12%"
"08/07/2012","381.97","382.37","388.87","378.74","55.49K","+0.56%"
"08/06/2012","379.83","385.44","388.07","378.25","43.66K","-0.92%"
"08/03/2012","383.36","387.18","387.18","379.54","53.65K","-1.34%"
"08/02/2012","388.57","379.34","390.95","376.26","94.42K","+1.90%"
"08/01/2012","381.32","364.00","383.90","359.58","138.72K","+5.45%"
"07/31/2012","361.62","364.40","364.99","358.79","39.85K","-0.57%"
"07/30/2012","363.70","361.47","366.38","342.80","145.58K","+0.91%"
"07/27/2012","360.43","384.40","431.56","354.52","81.46K","-3.76%"
"07/26/2012","374.52","375.37","382.22","370.30","339.01K","+0.04%"
"07/25/2012","374.37","377.05","380.23","367.92","131.27K","-0.80%"
"07/24/2012","377.40","376.26","379.09","369.41","72.86K","+0.30%"
"07/23/2012","376.26","382.61","387.18","373.93","30.74K","-2.46%"
"07/20/2012","385.74","393.63","396.36","383.51","61.36K","-1.38%"
"07/19/2012","391.15","386.98","394.08","386.98","67.47K","+1.66%"
"07/18/2012","384.75","382.22","388.17","375.27","82.41K","+0.66%"
"07/17/2012","382.22","400.09","400.09","380.23","97.48K","-5.44%"
"07/16/2012","404.21","400.04","406.69","398.55","92.11K","+1.12%"
"07/13/2012","399.74","402.77","405.55","398.25","34.96K","-0.25%"
"07/12/2012","400.73","406.39","409.02","396.12","63.65K","-1.91%"
"07/11/2012","408.52","411.65","413.99","406.04","55.64K","-0.38%"
"07/10/2012","410.06","406.54","418.95","405.84","257.99K","+1.17%"
"07/09/2012","405.30","389.27","408.72","370.25","132.34K","-0.81%"
"07/06/2012","408.62","416.96","419.15","404.26","217.03K","-1.64%"
"07/05/2012","415.42","396.81","416.76","395.67","644.76K","+5.32%"
"07/04/2012","394.43","388.07","397.90","385.19","212.45K","+2.15%"
"07/03/2012","386.14","384.60","388.52","383.41","120.79K","+0.69%"
"07/02/2012","383.51","385.10","392.94","382.42","151.17K","-1.29%"
"06/29/2012","388.52","381.22","391.15","379.29","117.06K","+3.24%"
"06/28/2012","376.31","386.98","389.41","373.28","141.46K","-1.34%"
"06/27/2012","381.42","370.70","384.55","368.47","211.58K","+3.73%"
"06/26/2012","367.72","362.41","370.75","362.36","40.02K","-0.30%"
"06/25/2012","368.81","372.14","377.20","366.68","76.38K","+0.01%"
"06/22/2012","368.76","363.60","371.79","360.38","64.66K","-0.75%"
"06/21/2012","371.54","370.35","375.76","369.41","116.02K","+0.32%"
"06/20/2012","370.35","366.33","374.18","363.75","226.31K","+1.76%"
"06/19/2012","363.95","349.55","366.33","345.48","178.49K","+3.17%"
"06/18/2012","352.78","357.40","359.88","348.46","156.51K","-0.38%"
"06/15/2012","354.12","343.90","355.81","343.60","106.83K","+3.50%"
"06/14/2012","342.16","353.48","356.01","340.52","74.23K","-3.02%"
"06/13/2012","352.83","347.37","359.28","347.37","174.08K","+1.57%"
"06/12/2012","347.37","340.82","348.41","336.00","483.92K","+1.04%"
"06/11/2012","343.80","354.12","356.85","338.63","140.96K","-1.87%"
"06/08/2012","350.35","345.43","352.38","341.61","201.80K","+0.70%"
"06/07/2012","347.92","351.19","351.44","343.99","133.36K","+0.17%"
"06/06/2012","347.32","344.49","349.16","339.83","187.51K","+2.20%"
"06/05/2012","339.83","333.67","344.34","333.67","119.39K","+1.89%"
"06/04/2012","333.52","331.19","335.06","325.28","62.81K","-0.89%"
"06/01/2012","336.50","341.02","343.80","333.02","89.42K","-1.41%"
"05/31/2012","341.31","344.14","347.32","338.93","144.69K","-1.38%"
"05/30/2012","346.08","355.41","355.41","343.99","79.04K","-2.39%"
"05/29/2012","354.57","352.43","357.20","351.59","101.36K","+0.73%"
"05/28/2012","351.99","361.91","365.04","350.94","132.86K","-2.00%"
"05/25/2012","359.18","354.96","360.82","354.02","87.83K","+1.00%"
"05/24/2012","355.61","342.75","357.30","342.75","124.56K","+2.17%"
"05/23/2012","348.07","355.71","358.34","345.98","105.61K","-3.04%"
"05/22/2012","358.99","358.09","365.34","356.70","141.94K","+0.98%"
"05/21/2012","355.51","355.31","359.58","350.45","99.12K","+1.16%"
"05/18/2012","351.44","335.90","354.42","335.90","149.28K","+2.95%"
"05/17/2012","341.36","347.72","356.21","338.83","93.83K","-2.11%"
"05/16/2012","348.71","347.17","353.43","342.01","135.41K","+0.09%"
"05/15/2012","348.41","343.50","350.75","341.51","93.49K","+0.49%"
"05/14/2012","346.72","341.46","351.94","339.83","97.86K","+1.17%"
"05/11/2012","342.70","340.07","347.47","337.74","123.25K","-1.30%"
"05/10/2012","347.22","351.99","357.89","344.99","115.68K","-1.34%"
"05/09/2012","351.94","352.48","363.35","348.71","185.41K","-1.46%"
"05/08/2012","357.15","366.93","375.27","354.67","212.81K","-2.60%"
"05/07/2012","366.68","351.44","368.81","347.42","180.97K","+3.34%"
"05/04/2012","354.82","362.51","364.25","348.86","200.25K","-2.81%"
"05/03/2012","365.09","373.58","378.89","363.30","139.16K","-3.27%"
"05/02/2012","377.45","389.46","393.98","375.42","153.00K","-3.05%"
"04/30/2012","389.31","393.88","394.73","386.19","105.42K","-0.58%"
"04/27/2012","391.60","409.02","410.41","383.21","305.19K","-4.11%"
"04/26/2012","408.38","405.55","413.49","403.16","737.07K","+0.75%"
"04/25/2012","405.35","396.02","410.51","390.56","950.83K","+3.18%"
"04/24/2012","392.84","390.46","404.95","378.25","631.34K","+1.72%"
"04/23/2012","386.19","390.16","398.89","381.87","615.33K","-0.36%"
"04/20/2012","387.58","392.14","399.69","379.24","590.94K","-1.26%"
"04/19/2012","392.54","377.25","395.52","373.33","491.01K","+3.78%"
"04/18/2012","378.25","387.13","391.05","375.27","394.53K","-1.15%"
"04/17/2012","382.66","366.33","384.20","364.35","751.85K","+4.49%"
"04/16/2012","366.23","359.38","368.32","353.43","348.19K","+2.63%"
"04/13/2012","356.85","364.05","369.11","353.67","301.21K","-1.11%"
"04/12/2012","360.87","344.89","362.26","344.89","339.77K","+4.80%"
"04/11/2012","344.34","339.97","351.44","318.98","133.52K","-0.92%"
"04/10/2012","347.52","350.00","353.38","342.51","167.86K","+0.29%"
"04/09/2012","346.53","363.60","363.60","344.74","169.74K","-4.21%"
"04/04/2012","361.77","360.62","375.07","360.38","260.70K","-0.83%"
"04/03/2012","364.79","362.31","369.26","361.47","347.00K","+1.66%"
"04/02/2012","358.84","356.31","361.86","353.43","155.53K","+1.62%"
"03/30/2012","353.13","339.63","355.91","339.63","114.92K","+4.54%"
"03/29/2012","337.79","344.14","349.41","335.01","179.98K","-2.98%"
"03/28/2012","348.16","349.80","361.57","346.48","161.11K","-0.93%"
"03/27/2012","351.44","354.52","362.36","349.46","116.60K","-0.55%"
"03/26/2012","353.38","364.25","364.25","351.44","90.14K","-2.41%"
"03/23/2012","362.11","368.96","373.23","359.48","142.22K","-1.15%"
"03/22/2012","366.33","381.27","390.95","362.91","193.92K","-3.76%"
"03/21/2012","380.63","373.58","383.21","362.56","181.85K","+2.93%"
"03/20/2012","369.81","362.21","372.93","357.55","120.21K","+2.08%"
"03/19/2012","362.26","375.91","375.96","359.73","66.15K","-3.03%"
"03/16/2012","373.58","374.27","385.29","370.30","104.06K","-0.79%"
"03/15/2012","376.56","386.14","386.14","373.38","111.01K","-2.91%"
"03/14/2012","387.83","395.12","397.01","381.17","220.94K","+0.44%"
"03/13/2012","386.14","370.80","391.15","370.80","252.24K","+4.28%"
"03/12/2012","370.30","375.66","379.14","364.05","139.91K","-0.05%"
"03/09/2012","370.50","351.24","372.24","350.84","198.67K","+7.30%"
"03/07/2012","345.29","351.44","352.43","340.82","100.59K","-1.23%"
"03/06/2012","349.60","356.55","368.32","347.87","142.55K","-2.26%"
"03/05/2012","357.70","364.64","375.56","356.45","206.35K","-2.01%"
"03/02/2012","365.04","365.34","371.30","360.72","117.29K","+0.12%"
"03/01/2012","364.59","377.55","379.78","357.89","128.93K","-2.72%"
"02/29/2012","374.77","373.23","381.67","369.31","202.45K","+1.85%"
"02/28/2012","367.97","348.56","369.51","348.56","213.84K","+4.91%"
"02/27/2012","350.75","368.02","371.99","348.56","115.48K","-4.99%"
"02/24/2012","369.16","367.28","380.23","364.50","248.58K","+0.66%"
"02/23/2012","366.73","386.53","389.66","360.43","410.84K","-4.85%"
"02/22/2012","385.44","415.97","419.35","382.71","190.64K","-6.97%"
"02/21/2012","414.33","416.67","421.63","413.09","124.27K","-0.32%"
"02/17/2012","415.67","342.51","438.80","342.51","422.72K","-1.25%"
"02/16/2012","420.93","423.32","436.87","413.99","252.37K","+0.52%"
"02/15/2012","418.75","424.71","425.60","406.89","353.48K","+1.30%"
"02/14/2012","413.39","384.20","419.35","384.20","952.05K","+8.72%"
"02/13/2012","380.23","372.88","382.02","359.43","208.06K","+3.12%"
"02/10/2012","368.71","381.17","386.78","364.35","161.00K","-2.16%"
"02/09/2012","376.86","373.38","382.66","369.31","235.02K","+1.30%"
"02/08/2012","372.04","361.37","376.76","356.40","128.78K","+3.14%"
"02/07/2012","360.72","376.21","384.00","355.51","83.09K","-3.94%"
"02/06/2012","375.52","379.09","384.20","372.79","159.19K","+0.21%"
"02/03/2012","374.72","368.32","377.25","365.64","164.53K","+1.78%"
"02/02/2012","368.17","348.51","371.30","348.46","301.23K","+5.82%"
"02/01/2012","347.92","334.56","351.69","332.68","185.76K","+4.15%"
"01/31/2012","334.07","331.59","339.53","324.64","242.86K","+1.05%"
"01/30/2012","330.59","349.46","349.46","327.61","105.37K","-5.99%"
"01/27/2012","351.64","359.38","367.72","350.00","157.39K","-3.44%"
"01/25/2012","364.15","376.26","383.76","361.37","261.46K","-3.12%"
"01/24/2012","375.86","373.28","384.20","369.31","184.51K","+1.83%"
"01/23/2012","369.11","379.04","380.73","364.00","64.78K","-2.04%"
"01/20/2012","376.81","377.25","388.17","375.12","83.19K","+0.54%"
"01/19/2012","374.77","368.57","382.12","368.57","99.87K","+1.75%"
"01/18/2012","368.32","391.85","391.85","359.88","122.09K","-5.40%"
"01/17/2012","389.36","387.08","394.13","385.19","149.47K","+1.64%"
"01/16/2012","383.06","367.13","385.94","363.55","401.85K","+3.93%"
"01/13/2012","368.57","350.45","370.30","349.55","163.07K","+5.54%"
"01/12/2012","349.21","360.38","365.74","344.49","129.16K","-3.15%"
"01/11/2012","360.57","340.47","366.73","332.58","205.86K","+6.66%"
"01/10/2012","338.04","327.51","339.53","327.47","190.88K","+3.84%"
"01/09/2012","325.53","306.77","330.00","303.94","206.91K","+6.77%"
"01/06/2012","304.88","309.69","315.95","298.82","90.36K","-1.74%"
"01/05/2012","310.29","312.77","319.67","305.87","60.44K","-0.87%"
"01/04/2012","313.02","311.68","320.17","308.26","95.06K","+1.27%"
"01/03/2012","309.10","297.83","310.99","295.90","118.53K","+4.10%"
"01/02/2012","296.94","292.87","299.27","288.90","26.59K","+0.95%"
"12/30/2011","294.16","291.87","297.24","282.94","72.99K","+1.04%"
"12/29/2011","291.13","283.93","295.65","283.93","118.93K","+1.12%"
"12/28/2011","287.90","299.42","299.42","283.34","87.53K","-3.13%"
"12/27/2011","297.19","306.42","311.73","293.96","84.50K","-3.17%"
"12/26/2011","306.91","306.77","311.73","303.99","56.40K","-0.21%"
"12/23/2011","307.56","312.52","322.35","303.89","165.11K","-0.47%"
"12/22/2011","309.00","291.87","311.73","286.91","174.19K","+4.06%"
"12/21/2011","296.94","305.23","305.23","288.90","135.60K","-0.02%"
"12/20/2011","296.99","303.79","306.57","288.20","102.19K","-1.82%"
"12/19/2011","302.50","316.69","316.69","296.34","86.72K","-4.63%"
"12/16/2011","317.19","331.59","334.56","315.20","102.87K","-2.11%"
"12/15/2011","324.04","339.53","340.77","321.66","129.56K","-5.94%"
"12/14/2011","344.49","356.35","357.20","340.52","129.60K","-3.36%"
"12/13/2011","356.45","345.93","361.22","343.80","65.54K","+1.50%"
"12/12/2011","351.19","362.36","362.36","349.36","53.87K","-1.04%"
"12/09/2011","354.87","359.18","360.72","349.55","108.46K","-1.39%"
"12/08/2011","359.88","380.08","382.17","357.50","168.50K","-5.67%"
"12/07/2011","381.52","389.17","396.02","379.29","172.63K","-1.64%"
"12/05/2011","387.88","387.73","401.08","386.19","116.31K","-0.87%"
"12/02/2011","391.30","385.49","394.13","374.67","193.00K","+0.66%"
"12/01/2011","388.72","396.12","401.97","385.39","159.51K","+2.29%"
"11/30/2011","380.03","391.15","391.15","372.39","257.11K","-2.86%"
"11/29/2011","391.20","416.37","418.65","389.27","262.32K","-5.03%"
"11/28/2011","411.90","417.66","421.93","404.65","164.57K","+0.20%"
"11/25/2011","411.06","413.04","422.87","406.49","130.03K","-2.14%"
"11/24/2011","420.04","416.96","435.83","394.28","283.33K","+0.52%"
"11/23/2011","417.86","426.99","426.99","412.20","60.86K","-2.12%"
"11/22/2011","426.89","426.74","431.76","420.93","59.31K","+0.08%"
"11/21/2011","426.54","429.22","442.43","422.97","53.27K","-2.72%"
"11/18/2011","438.46","444.76","481.99","418.20","147.28K","-2.15%"
"11/17/2011","448.09","486.41","488.44","437.81","349.17K","-8.79%"
"11/16/2011","491.27","521.01","521.01","487.45","83.62K","-3.96%"
"11/15/2011","511.52","507.31","518.72","500.60","43.58K","+0.24%"
"11/14/2011","510.28","523.34","523.34","508.84","43.23K","-0.67%"
"11/11/2011","513.71","519.12","521.45","511.57","24.50K","-1.41%"
"11/09/2011","521.06","535.95","535.95","514.30","28.11K","-1.88%"
"11/08/2011","531.03","532.12","537.54","526.96","33.28K","+0.26%"
"11/04/2011","529.64","529.05","539.62","524.18","85.38K","+1.04%"
"11/03/2011","524.18","519.22","528.15","517.43","54.38K","+0.82%"
"11/02/2011","519.91","512.96","528.55","512.96","23.58K","+0.34%"
"11/01/2011","518.13","529.15","529.15","515.25","26.29K","-2.13%"
"10/31/2011","529.39","529.89","533.56","527.16","25.46K","-0.09%"
"10/28/2011","529.89","531.13","540.27","524.68","84.39K","+2.04%"
"10/25/2011","519.32","507.31","524.08","497.48","96.06K","+1.96%"
"10/24/2011","509.34","519.02","525.77","506.36","49.31K","-1.87%"
"10/21/2011","519.07","526.17","526.17","514.35","27.55K","+0.27%"
"10/20/2011","517.68","521.20","524.18","507.80","15.54K","-1.09%"
"10/19/2011","523.39","524.08","527.16","517.33","30.98K","+0.67%"
"10/18/2011","519.91","509.39","536.49","509.39","20.42K","-3.04%"
"10/17/2011","536.20","545.48","547.41","534.11","20.48K","-1.11%"
"10/14/2011","542.20","530.14","551.98","530.14","54.53K","+0.78%"
"10/13/2011","538.03","541.06","545.43","534.11","30.38K","-0.29%"
"10/12/2011","539.62","523.74","544.09","521.40","51.56K","+2.53%"
"10/11/2011","526.32","526.17","532.12","516.54","47.40K","+0.86%"
"10/10/2011","521.85","509.24","530.14","509.19","37.44K","+2.30%"
"10/07/2011","510.13","496.43","512.77","496.43","43.98K","+4.39%"
"10/05/2011","488.69","506.16","511.13","483.48","53.45K","-2.93%"
"10/04/2011","503.43","507.26","514.06","496.38","32.41K","-1.29%"
"10/03/2011","509.99","511.33","514.25","505.32","22.45K","-1.19%"
"09/30/2011","516.14","514.16","529.34","512.27","42.44K","-0.08%"
"09/29/2011","516.54","505.32","520.71","500.41","54.38K","+1.63%"
"09/28/2011","508.25","520.16","525.67","502.84","45.04K","-2.36%"
"09/27/2011","520.51","515.55","523.19","515.35","39.18K","+1.55%"
"09/26/2011","512.57","518.28","518.28","501.60","43.68K","-0.67%"
"09/23/2011","516.04","519.47","525.97","512.27","66.91K","-2.27%"
"09/22/2011","528.00","528.75","536.64","524.18","42.25K","-2.74%"
"09/21/2011","542.90","548.41","551.88","539.07","52.36K","-0.75%"
"09/20/2011","547.02","528.65","550.69","524.13","91.29K","+4.01%"
"09/19/2011","525.92","521.45","529.34","518.28","25.32K","+0.36%"
"09/16/2011","524.03","528.65","536.10","521.20","35.81K","-0.56%"
"09/15/2011","526.96","518.23","530.69","518.23","34.48K","+0.19%"
"09/14/2011","525.97","523.74","530.09","517.23","30.97K","+0.56%"
"09/13/2011","523.04","517.23","530.19","517.23","66.53K","+1.27%"
"09/12/2011","516.49","541.06","541.06","512.47","80.90K","-4.86%"
"09/09/2011","542.90","554.76","555.90","538.58","62.96K","-2.10%"
"09/08/2011","554.56","551.98","569.85","550.14","76.15K","+1.01%"
"09/07/2011","549.00","536.39","553.97","535.20","49.63K","+2.74%"
"09/06/2011","534.36","527.26","542.35","527.26","28.23K","-0.35%"
"09/05/2011","536.24","515.89","546.02","514.25","53.24K","+2.54%"
"09/02/2011","522.94","513.26","530.83","506.81","48.95K","+1.41%"
"08/30/2011","515.69","522.99","524.88","506.91","41.90K","-0.47%"
"08/29/2011","518.13","506.36","520.56","498.37","82.95K","+4.54%"
"08/26/2011","495.64","511.77","513.21","488.05","76.63K","-3.93%"
"08/25/2011","515.89","529.10","535.55","511.77","70.26K","-2.42%"
"08/24/2011","528.70","531.13","538.13","523.64","36.63K","+0.06%"
"08/23/2011","528.40","525.18","532.12","520.21","41.75K","+1.81%"
"08/22/2011","519.02","510.73","523.24","507.40","53.36K","+2.13%"
"08/19/2011","508.20","504.33","513.26","492.36","123.75K","-0.77%"
"08/18/2011","512.12","532.77","532.77","508.89","76.51K","-3.25%"
"08/17/2011","529.30","533.17","533.17","518.23","129.95K","+0.63%"
"08/16/2011","525.97","550.99","553.82","522.74","103.09K","-3.63%"
"08/12/2011","545.78","557.89","557.89","542.05","49.02K","+0.06%"
"08/11/2011","545.43","539.07","550.99","539.07","69.39K","-0.28%"
"08/10/2011","546.97","570.20","604.45","536.20","102.99K","+3.33%"
"08/09/2011","529.34","536.10","543.99","517.73","159.02K","-3.22%"
"08/08/2011","546.97","536.10","554.31","527.66","90.11K","-0.18%"
"08/05/2011","547.96","555.95","569.60","535.15","215.84K","-4.89%"
"08/04/2011","576.15","584.64","593.48","573.47","111.26K","-1.20%"
"08/03/2011","583.15","571.04","587.52","567.02","151.63K","+0.60%"
"08/02/2011","579.68","594.07","594.22","571.89","129.95K","-1.89%"
"08/01/2011","590.85","567.86","593.68","566.67","285.56K","+4.08%"
"07/29/2011","567.67","567.47","581.17","562.01","235.68K","-0.53%"
"07/28/2011","570.69","548.26","574.81","527.16","460.94K","+2.62%"
"07/27/2011","556.10","546.02","570.69","533.76","967.50K","+0.09%"
"07/26/2011","555.60","570.74","573.18","553.32","835.35K","-2.65%"
"07/25/2011","570.74","582.76","585.39","562.85","454.47K","-2.96%"
"07/22/2011","588.17","580.47","590.35","575.81","247.88K","+2.35%"
"07/21/2011","574.66","575.66","581.76","568.96","128.67K","+0.22%"
"07/20/2011","573.37","585.83","591.59","568.86","196.44K","-1.75%"
"07/19/2011","583.60","601.62","606.28","579.93","459.48K","-3.08%"
"07/18/2011","602.16","572.73","609.46","571.84","692.76K","+5.61%"
"07/15/2011","570.20","565.63","573.62","563.10","189.32K","+1.01%"
"07/14/2011","564.49","546.27","571.84","546.27","394.69K","+2.06%"
"07/13/2011","553.07","538.03","558.14","532.12","375.93K","+4.41%"
"07/12/2011","529.69","526.17","539.82","520.26","260.64K","+0.66%"
"07/11/2011","526.22","526.71","531.03","521.80","81.34K","-0.66%"
"07/08/2011","529.69","526.66","535.75","524.43","203.76K","+0.93%"
"07/07/2011","524.83","523.14","529.89","520.21","143.56K","+0.93%"
"07/06/2011","520.01","535.60","535.60","518.33","98.60K","-1.79%"
"07/05/2011","529.49","532.12","537.63","527.66","145.86K","-0.62%"
"07/04/2011","532.82","524.38","539.07","518.72","280.33K","+2.02%"
"07/01/2011","522.25","512.37","524.03","512.07","173.45K","+2.71%"
"06/30/2011","508.45","524.18","525.97","505.37","316.62K","-2.33%"
"06/29/2011","520.56","517.23","528.65","507.40","137.46K","-1.48%"
"06/28/2011","528.40","518.03","531.13","513.26","166.73K","+3.31%"
"06/27/2011","511.48","510.13","529.15","504.33","401.47K","+1.39%"
"06/24/2011","504.48","506.41","520.66","500.95","245.06K","+0.59%"
"06/23/2011","501.50","516.24","516.24","498.62","72.78K","-1.96%"
"06/22/2011","511.52","523.19","525.77","506.31","108.19K","-1.56%"
"06/21/2011","519.62","522.59","528.80","515.45","69.91K","+0.03%"
"06/20/2011","519.47","555.95","555.95","488.39","231.60K","-5.98%"
"06/17/2011","552.53","558.04","561.81","549.94","37.09K","-0.99%"
"06/16/2011","558.04","561.86","564.69","554.56","97.06K","-0.67%"
"06/15/2011","561.81","573.97","579.48","560.22","198.49K","-2.02%"
"06/14/2011","573.42","567.86","582.16","567.86","165.65K","+1.24%"
"06/13/2011","566.38","561.96","572.73","559.18","42.15K","+0.48%"
"06/10/2011","563.65","566.03","573.52","561.91","40.57K","-1.01%"
"06/09/2011","569.40","567.86","573.82","558.43","71.27K","+0.53%"
"06/08/2011","566.38","569.85","574.32","564.49","48.72K","-0.52%"
"06/07/2011","569.35","570.64","573.77","564.34","66.33K","+0.49%"
"06/06/2011","566.57","563.25","569.25","557.94","46.16K","+0.09%"
"06/03/2011","566.08","566.92","583.75","561.91","89.77K","-1.21%"
"06/02/2011","573.03","566.87","583.45","561.46","182.41K","+0.27%"
"06/01/2011","571.49","564.84","578.59","560.87","211.04K","+2.03%"
"05/31/2011","560.12","550.94","564.29","547.26","166.13K","+2.83%"
"05/30/2011","544.73","553.92","560.42","543.14","112.00K","+0.49%"
"05/27/2011","542.10","546.02","555.01","539.62","210.72K","+0.90%"
"05/26/2011","537.24","541.11","546.02","532.03","105.43K","-0.53%"
"05/25/2011","540.12","539.12","555.95","538.28","62.84K","-1.62%"
"05/24/2011","549.00","547.02","559.18","531.43","141.64K","+1.21%"
"05/23/2011","542.45","555.55","555.55","537.19","108.61K","-2.96%"
"05/20/2011","558.98","548.06","565.88","548.06","125.68K","+1.92%"
"05/19/2011","548.46","559.82","560.92","542.40","81.10K","-1.52%"
"05/18/2011","556.94","571.34","573.62","551.14","136.81K","-2.25%"
"05/17/2011","569.75","574.81","578.74","566.77","89.78K","-0.36%"
"05/16/2011","571.79","576.50","583.75","569.85","92.50K","-1.59%"
"05/13/2011","581.02","577.89","590.35","569.90","227.50K","+1.03%"
"05/12/2011","575.11","576.01","588.51","562.90","210.84K","-1.42%"
"05/11/2011","583.40","585.73","591.99","580.77","240.64K","+0.37%"
"05/10/2011","581.27","580.77","590.20","576.95","145.98K","+0.18%"
"05/09/2011","580.22","599.04","599.04","578.59","128.67K","-2.13%"
"05/06/2011","592.83","587.92","600.13","579.78","218.65K","+1.68%"
"05/05/2011","583.05","572.83","606.88","568.36","774.19K","+2.01%"
"05/04/2011","571.54","582.81","582.81","564.84","250.41K","-2.03%"
"05/03/2011","583.40","610.55","613.38","576.80","301.34K","-4.52%"
"05/02/2011","611.05","612.04","618.89","607.62","244.13K","-0.02%"
"04/29/2011","611.15","622.47","630.31","605.59","630.65K","-1.74%"
"04/28/2011","621.97","634.78","645.05","618.99","738.19K","-1.34%"
"04/27/2011","630.41","630.41","651.95","620.53","2.45M","+0.52%"
"04/26/2011","627.13","579.78","687.00","567.07","7.56M","+8.91%"
"04/25/2011","575.81","594.67","594.67","564.74","477.77K","-1.41%"
"04/21/2011","584.05","610.55","610.55","580.27","234.78K","-3.60%"
"04/20/2011","605.89","577.59","609.06","576.80","356.38K","+5.77%"
"04/19/2011","572.83","572.33","582.16","565.38","195.28K","+0.09%"
"04/18/2011","572.33","584.54","594.67","569.11","112.55K","-2.10%"
"04/15/2011","584.59","596.16","598.44","581.76","62.22K","-2.48%"
"04/13/2011","599.43","593.68","607.58","588.76","127.19K","+1.99%"
"04/11/2011","587.72","604.10","609.56","586.23","83.79K","-2.61%"
"04/08/2011","603.46","624.20","637.36","599.04","159.31K","-3.48%"
"04/07/2011","625.20","632.25","632.39","621.03","40.65K","-0.99%"
"04/06/2011","631.45","625.45","644.31","625.40","151.74K","+0.84%"
"04/05/2011","626.19","632.39","635.27","615.82","106.88K","+0.33%"
"04/04/2011","624.10","581.32","628.37","581.32","232.78K","+6.95%"
"04/01/2011","583.55","585.93","590.70","574.81","29.80K","-0.32%"
"03/31/2011","585.44","593.28","597.65","561.16","128.46K","+0.62%"
"03/30/2011","581.81","563.40","589.61","563.05","92.12K","+3.54%"
"03/29/2011","561.91","566.77","571.84","551.09","54.15K","-0.75%"
"03/28/2011","566.13","554.91","567.86","550.04","79.34K","+1.95%"
"03/25/2011","555.31","547.12","564.89","544.14","107.02K","+2.43%"
"03/24/2011","542.15","534.11","545.73","529.25","87.91K","+2.82%"
"03/23/2011","527.26","528.15","531.08","523.44","32.38K","+0.37%"
"03/22/2011","525.32","529.49","531.03","514.85","80.36K","-0.54%"
"03/21/2011","528.15","533.12","533.12","520.31","74.02K","+0.62%"
"03/18/2011","524.88","531.13","539.07","516.24","60.98K","-0.92%"
"03/17/2011","529.74","525.77","536.44","524.18","56.60K","+0.51%"
"03/16/2011","527.06","520.21","540.07","511.87","130.13K","+1.15%"
"03/15/2011","521.06","526.17","526.17","513.31","89.60K","-2.54%"
"03/14/2011","534.66","531.13","542.25","531.13","78.13K","-0.50%"
"03/11/2011","537.34","526.17","549.99","526.17","120.15K","-2.31%"
"03/10/2011","550.04","511.28","554.02","511.28","359.42K","+6.46%"
"03/09/2011","516.64","520.21","520.21","510.43","30.42K","+0.52%"
"03/08/2011","513.96","512.27","524.08","512.27","27.14K","+0.51%"
"03/07/2011","511.33","527.11","527.11","507.50","51.80K","-3.35%"
"03/04/2011","529.05","531.03","541.06","527.16","71.81K","+0.12%"
"03/03/2011","528.40","530.88","538.08","520.21","43.55K","-0.80%"
"03/01/2011","532.67","513.26","535.10","507.80","60.82K","+5.48%"
"02/28/2011","505.02","516.29","522.20","502.34","47.77K","-1.25%"
"02/25/2011","511.43","507.45","518.23","499.46","58.28K","-0.49%"
"02/24/2011","513.96","563.89","563.89","502.34","136.52K","-7.25%"
"02/23/2011","554.11","557.04","560.92","550.99","18.73K","-0.98%"
"02/22/2011","559.62","580.27","580.27","551.04","50.08K","-0.54%"
"02/21/2011","562.65","560.92","569.35","544.19","67.35K","+0.17%"
"02/18/2011","561.71","573.72","592.58","554.96","124.12K","-1.43%"
"02/17/2011","569.85","560.92","572.68","558.18","64.87K","+1.05%"
"02/16/2011","563.94","568.86","573.32","558.93","43.51K","-1.67%"
"02/15/2011","573.52","570.84","580.67","561.16","72.72K","+0.75%"
"02/14/2011","569.25","545.03","575.86","541.16","59.63K","+5.62%"
"02/11/2011","538.97","524.18","543.79","513.31","35.14K","+3.01%"
"02/10/2011","523.24","546.02","546.02","502.34","36.29K","-0.34%"
"02/09/2011","525.03","548.31","552.82","512.86","55.68K","-5.26%"
"02/08/2011","554.16","565.93","572.78","541.26","67.47K","-1.74%"
"02/07/2011","563.99","578.78","578.78","558.93","31.43K","-2.43%"
"02/04/2011","578.04","576.85","592.68","567.57","78.10K","+0.38%"
"02/03/2011","575.86","580.77","580.77","567.86","48.12K","-0.74%"
"02/02/2011","580.17","572.83","584.64","563.30","73.41K","+0.99%"
"02/01/2011","574.47","579.78","593.78","566.87","89.36K","-0.34%"
"01/31/2011","576.45","556.10","584.69","536.59","79.19K","+2.13%"
"01/28/2011","564.44","583.75","584.74","556.45","59.94K","-3.29%"
"01/27/2011","583.65","597.65","597.65","575.76","223.92K","-2.38%"
"01/25/2011","597.85","603.60","605.49","585.24","180.35K","-1.16%"
"01/24/2011","604.85","613.93","613.93","595.96","52.97K","-0.53%"
"01/21/2011","608.07","618.50","625.84","604.60","98.24K","-1.74%"
"01/20/2011","618.84","626.44","630.31","612.54","87.88K","-2.20%"
"01/19/2011","632.79","639.49","651.26","627.43","34.36K","-0.45%"
"01/18/2011","635.67","635.52","645.00","629.52","28.57K","+0.09%"
"01/17/2011","635.12","653.24","655.23","631.50","30.92K","-2.44%"
"01/14/2011","651.01","660.24","663.96","640.49","58.49K","-1.29%"
"01/13/2011","659.50","663.17","679.05","655.28","44.10K","-0.55%"
"01/12/2011","663.12","645.60","664.16","638.70","60.92K","+3.34%"
"01/11/2011","641.68","663.67","667.04","635.37","40.45K","-3.19%"
"01/10/2011","662.82","690.97","690.97","652.30","88.16K","-4.04%"
"01/07/2011","690.72","712.36","717.77","677.57","74.05K","-2.61%"
"01/06/2011","709.23","725.86","730.68","705.02","74.94K","-2.25%"
"01/05/2011","725.52","723.13","740.61","721.35","203.80K","+0.91%"
"01/04/2011","719.01","700.90","724.62","693.10","226.30K","+3.35%"
"01/03/2011","695.73","685.01","703.87","684.51","116.14K","+2.03%"
"12/31/2010","681.88","687.94","691.46","678.11","24.59K","+0.97%"
"12/30/2010","675.33","687.59","695.93","670.37","52.67K","-1.58%"
"12/29/2010","686.20","683.03","693.95","682.28","32.29K","+0.71%"
"12/28/2010","681.39","683.03","693.95","677.22","20.18K","+0.11%"
"12/27/2010","680.64","674.49","698.36","661.78","59.27K","+1.52%"
"12/24/2010","670.42","668.43","673.10","656.32","24.61K","+0.10%"
"12/23/2010","669.72","676.32","688.93","667.14","41.69K","-2.20%"
"12/22/2010","684.81","690.57","696.78","681.14","15.22K","-1.12%"
"12/21/2010","692.56","692.95","698.91","685.66","51.69K","+0.52%"
"12/20/2010","688.98","685.01","693.45","678.06","14.33K","+0.55%"
"12/16/2010","685.21","693.90","696.78","675.78","33.58K","-0.39%"
"12/15/2010","687.89","704.87","710.92","683.03","58.98K","-2.32%"
"12/14/2010","704.22","697.92","717.77","690.02","139.95K","+1.15%"
"12/13/2010","696.18","664.96","699.41","656.47","71.08K","+5.51%"
"12/10/2010","659.84","645.30","668.13","640.34","41.00K","+1.60%"
"12/09/2010","649.42","714.79","714.79","639.34","70.20K","-5.15%"
"12/08/2010","684.66","682.03","691.41","669.18","43.84K","+0.55%"
"12/07/2010","680.94","683.52","692.80","678.71","24.80K","-0.70%"
"12/06/2010","685.76","709.83","709.83","680.35","56.65K","+1.73%"
"12/03/2010","674.09","694.94","696.92","666.15","59.30K","-4.42%"
"12/02/2010","705.26","719.16","721.74","699.90","54.19K","+0.77%"
"12/01/2010","699.85","689.98","706.75","685.06","46.83K","+2.46%"
"11/30/2010","683.03","660.19","688.98","641.58","122.94K","+4.90%"
"11/29/2010","651.11","625.45","658.21","622.76","86.21K","+4.77%"
"11/26/2010","621.47","648.18","652.25","576.80","89.77K","-2.23%"
"11/25/2010","635.62","682.03","689.98","618.35","140.47K","-6.39%"
"11/24/2010","679.01","687.00","693.45","675.13","32.87K","+0.13%"
"11/23/2010","678.16","695.93","695.93","650.26","90.41K","-3.01%"
"11/22/2010","699.21","682.03","705.81","682.03","68.73K","+2.60%"
"11/19/2010","681.49","700.90","717.62","675.18","35.86K","-2.46%"
"11/18/2010","698.66","716.78","719.76","678.36","61.00K","-1.76%"
"11/16/2010","711.17","818.04","818.04","707.50","53.73K","-1.34%"
"11/15/2010","720.85","728.20","729.59","701.99","32.06K","-0.69%"
"11/12/2010","725.86","747.01","747.06","717.77","60.78K","-2.83%"
"11/11/2010","747.01","762.45","772.38","744.58","46.91K","-1.38%"
"11/10/2010","757.43","771.38","773.91","750.09","45.63K","-1.64%"
"11/09/2010","770.04","794.22","799.18","764.43","41.11K","-1.61%"
"11/08/2010","782.65","792.28","794.02","772.87","19.75K","-0.88%"
"11/05/2010","789.60","789.35","794.22","787.27","7.03K","-0.01%"
"11/04/2010","789.70","794.12","800.17","785.43","39.62K","+0.54%"
"11/03/2010","785.43","776.15","795.90","776.15","102.68K","+1.50%"
"11/02/2010","773.81","763.34","779.32","759.97","188.91K","+1.57%"
"11/01/2010","761.85","754.85","779.13","754.85","60.29K","+1.38%"
"10/29/2010","751.48","772.38","778.33","731.27","94.64K","-2.79%"
"10/28/2010","773.02","772.13","786.27","754.51","408.34K","+0.01%"
"10/27/2010","772.92","784.39","784.39","765.52","47.28K","-1.09%"
"10/26/2010","781.46","795.21","796.70","776.35","54.20K","-1.52%"
"10/25/2010","793.52","786.27","803.45","784.24","66.74K","+1.25%"
"10/22/2010","783.74","793.72","795.46","779.42","67.90K","-1.24%"
"10/21/2010","793.62","819.83","824.89","787.27","262.00K","-2.90%"
"10/20/2010","817.35","817.05","832.74","799.18","65.22K","+0.33%"
"10/19/2010","814.67","847.43","850.70","812.09","52.40K","-3.38%"
"10/18/2010","843.16","816.95","846.83","794.36","86.63K","+2.90%"
"10/15/2010","819.38","838.29","845.69","814.22","51.78K","-1.96%"
"10/14/2010","835.76","848.12","855.77","831.94","63.69K","-1.16%"
"10/13/2010","845.59","830.95","851.70","830.50","88.97K","+1.86%"
"10/12/2010","830.15","892.50","892.50","820.72","46.74K","-1.59%"
"10/11/2010","843.56","844.15","851.80","841.77","30.25K","+0.23%"
"10/08/2010","841.62","843.90","855.82","827.97","76.19K","+0.24%"
"10/07/2010","839.59","851.80","868.67","835.42","90.50K","-1.13%"
"10/06/2010","849.22","839.04","861.77","837.75","166.67K","+1.77%"
"10/05/2010","834.47","851.80","856.76","832.93","144.01K","-2.03%"
"10/04/2010","851.80","829.96","860.24","820.03","262.71K","+3.67%"
"10/01/2010","821.62","812.14","827.32","812.14","123.96K","+1.52%"
"09/30/2010","809.31","809.60","824.00","785.28","313.94K","+0.55%"
"09/29/2010","804.89","778.73","809.16","778.33","526.88K","+3.91%"
"09/28/2010","774.61","763.44","778.33","756.49","194.45K","+1.85%"
"09/27/2010","760.51","757.58","770.69","734.65","195.85K","+0.67%"
"09/24/2010","755.45","764.23","765.38","752.52","83.17K","+0.14%"
"09/23/2010","754.36","749.29","769.30","746.56","215.85K","+0.82%"
"09/22/2010","748.25","747.51","757.48","741.60","120.60K","-0.05%"
"09/21/2010","748.60","758.48","764.28","743.04","203.01K","-1.09%"
"09/20/2010","756.84","768.45","773.12","752.52","107.48K","-1.16%"
"09/17/2010","765.72","788.06","788.06","760.76","276.18K","-0.61%"
"09/16/2010","770.39","733.61","799.13","729.69","1.98M","+6.08%"
"09/15/2010","726.26","726.71","735.64","721.74","64.90K","+0.51%"
"09/14/2010","722.54","738.47","739.61","720.75","55.96K","-1.33%"
"09/13/2010","732.27","727.85","748.55","727.85","128.84K","+2.18%"
"09/09/2010","716.68","719.46","727.10","711.47","79.44K","+0.06%"
"09/08/2010","716.28","722.74","730.18","708.84","84.39K","-0.72%"
"09/07/2010","721.50","717.97","730.28","716.33","108.58K","+1.19%"
"09/06/2010","713.01","704.27","719.56","701.89","69.31K","+1.99%"
"09/03/2010","699.11","704.87","707.85","692.46","43.69K","-0.60%"
"09/02/2010","703.33","705.96","711.82","701.19","30.56K","-0.16%"
"09/01/2010","704.47","705.02","711.72","698.91","43.99K","+0.06%"
"08/31/2010","704.02","713.80","713.80","696.53","46.23K","-1.43%"
"08/30/2010","714.25","723.78","734.65","710.92","47.34K","-0.80%"
"08/27/2010","720.01","770.39","770.39","714.79","44.95K","-2.52%"
"08/26/2010","738.62","730.68","741.40","730.68","115.91K","+1.20%"
"08/25/2010","729.88","727.70","737.58","714.84","121.33K","+0.05%"
"08/24/2010","729.49","742.79","747.46","726.91","33.55K","-2.06%"
"08/23/2010","744.83","739.61","758.48","728.99","188.55K","+1.24%"
"08/20/2010","735.69","728.69","744.58","719.86","110.98K","+0.90%"
"08/19/2010","729.14","737.63","737.63","724.72","31.75K","-0.49%"
"08/18/2010","732.71","734.65","738.57","725.71","32.31K","+0.01%"
"08/17/2010","732.66","722.64","734.65","718.77","36.95K","+1.39%"
"08/16/2010","722.64","733.66","744.38","715.79","51.58K","-1.60%"
"08/13/2010","734.40","738.57","749.74","725.96","208.35K","+0.22%"
"08/12/2010","732.76","742.59","753.31","729.69","121.02K","-2.33%"
"08/11/2010","750.24","754.36","767.41","747.56","141.08K","-0.55%"
"08/10/2010","754.36","699.90","758.97","699.90","153.43K","+1.40%"
"08/09/2010","743.93","722.79","748.55","722.74","181.76K","+2.71%"
"08/06/2010","724.32","718.77","731.18","718.77","116.31K","+0.91%"
"08/05/2010","717.77","727.70","732.56","714.89","200.69K","-0.75%"
"08/04/2010","723.23","704.87","725.71","700.50","283.17K","+2.58%"
"08/03/2010","705.02","708.74","708.74","698.91","64.14K","+0.23%"
"08/02/2010","703.43","705.21","709.83","696.58","97.94K","+0.78%"
"07/30/2010","697.97","690.87","717.28","686.10","449.24K","+1.28%"
"07/29/2010","689.13","680.00","696.92","678.41","124.27K","+1.34%"
"07/28/2010","680.00","691.56","699.80","678.06","139.25K","-0.93%"
"07/27/2010","686.40","682.93","703.58","668.33","207.44K","+1.32%"
"07/26/2010","677.47","703.87","703.87","674.14","190.59K","-3.12%"
"07/23/2010","699.31","651.11","706.85","647.34","1.23M","+8.64%"
"07/22/2010","643.71","632.79","645.30","628.42","138.55K","+2.05%"
"07/21/2010","630.76","629.42","635.27","612.54","225.72K","+0.91%"
"07/20/2010","625.05","640.34","640.34","612.39","146.53K","-1.53%"
"07/19/2010","634.78","630.41","639.34","627.43","31.37K","+0.20%"
"07/16/2010","633.54","641.33","668.73","629.42","38.31K","-0.68%"
"07/15/2010","637.85","646.19","646.29","632.00","38.99K","-0.69%"
"07/14/2010","642.27","648.08","648.08","639.39","28.98K","+0.19%"
"07/13/2010","641.03","642.32","653.09","636.61","110.90K","-0.73%"
"07/12/2010","645.75","657.21","658.70","644.80","52.83K","-0.79%"
"07/09/2010","650.91","653.04","655.13","637.36","96.10K","-0.20%"
"07/08/2010","652.20","652.25","664.16","650.31","76.82K","+0.53%"
"07/07/2010","648.78","661.58","661.58","646.29","29.91K","-0.96%"
"07/06/2010","655.08","652.75","657.11","649.27","46.88K","+0.39%"
"07/05/2010","652.55","655.23","662.18","648.53","33.60K","-0.46%"
"07/02/2010","655.58","655.63","667.14","650.91","46.00K","+0.12%"
"07/01/2010","654.78","665.75","667.14","652.25","36.33K","-1.79%"
"06/30/2010","666.69","643.27","673.10","640.34","243.99K","+3.23%"
"06/29/2010","645.80","650.56","654.73","640.93","50.98K","-1.36%"
"06/28/2010","654.73","664.16","664.56","650.36","110.10K","-0.49%"
"06/25/2010","657.96","630.41","674.98","626.44","677.02K","+5.13%"
"06/24/2010","625.84","624.95","631.90","616.86","97.35K","+0.44%"
"06/23/2010","623.11","608.92","629.12","608.92","160.40K","+2.09%"
"06/22/2010","610.35","603.55","619.49","599.88","167.49K","+1.25%"
"06/21/2010","602.81","586.83","606.58","586.83","122.27K","+2.59%"
"06/18/2010","587.62","602.61","602.61","586.23","37.89K","-1.37%"
"06/17/2010","595.76","591.69","600.68","585.93","34.76K","+0.44%"
"06/16/2010","593.13","600.63","600.63","588.22","39.44K","-0.30%"
"06/15/2010","594.92","600.63","608.57","593.18","134.18K","+0.23%"
"06/14/2010","593.53","598.54","598.54","589.71","36.89K","+0.34%"
"06/11/2010","591.49","605.29","605.29","588.81","60.97K","-1.46%"
"06/10/2010","600.28","601.62","607.58","595.66","40.68K","-0.11%"
"06/09/2010","600.97","596.65","605.59","593.68","53.57K","+0.34%"
"06/08/2010","598.94","594.67","610.45","588.96","93.33K","+1.09%"
"06/07/2010","592.49","496.38","596.61","496.38","42.05K","-1.83%"
"06/04/2010","603.55","601.72","609.56","597.80","105.53K","+0.49%"
"06/03/2010","600.58","585.88","611.35","585.88","210.85K","+2.97%"
"06/02/2010","583.25","577.79","586.68","573.82","29.07K","+1.01%"
"06/01/2010","577.40","582.76","584.25","574.02","25.32K","-0.87%"
"05/31/2010","582.46","589.71","601.62","578.78","106.81K","-0.34%"
"05/28/2010","584.44","579.78","590.15","573.08","52.31K","+3.02%"
"05/27/2010","567.32","556.00","569.85","556.00","79.14K","+1.47%"
"05/26/2010","559.08","551.24","562.90","546.02","84.15K","+1.28%"
"05/25/2010","552.03","570.84","570.84","546.02","59.88K","-3.91%"
"05/24/2010","574.52","578.93","590.70","569.85","38.05K","+0.50%"
"05/21/2010","571.69","564.89","577.79","551.04","40.58K","-0.01%"
"05/20/2010","571.74","567.86","578.69","564.54","24.30K","-0.40%"
"05/19/2010","574.02","585.73","588.46","567.17","27.08K","-2.48%"
"05/18/2010","588.61","584.74","593.68","578.88","34.56K","+2.26%"
"05/17/2010","575.61","575.81","579.78","570.84","22.83K","-1.30%"
"05/14/2010","583.20","578.78","587.22","578.78","57.21K","-0.75%"
"05/13/2010","587.62","576.50","590.70","572.83","80.18K","+2.68%"
"05/12/2010","572.28","569.75","577.20","556.94","39.83K","+0.84%"
"05/11/2010","567.52","582.76","582.76","564.89","46.14K","-1.07%"
"05/10/2010","573.67","572.83","581.96","570.94","66.14K","+0.11%"
"05/07/2010","573.03","583.75","585.73","568.06","80.88K","-2.88%"
"05/06/2010","590.00","583.75","595.61","579.33","30.48K","-0.37%"
"05/05/2010","592.19","574.81","597.25","558.04","324.45K","+1.39%"
"05/04/2010","584.05","605.49","605.49","578.83","60.88K","-2.89%"
"05/03/2010","601.42","604.10","614.03","600.63","70.57K","-1.51%"
"04/30/2010","610.65","611.55","616.51","603.60","56.74K","+1.10%"
"04/29/2010","604.00","601.62","614.43","601.12","104.62K","-0.24%"
"04/28/2010","605.44","587.72","618.40","587.72","145.77K","+0.84%"
"04/27/2010","600.38","605.59","608.77","597.85","21.22K","-1.18%"
"04/26/2010","607.53","605.74","614.52","603.60","26.58K","-0.65%"
"04/23/2010","611.50","617.45","618.00","608.67","14.00K","-0.92%"
"04/22/2010","617.16","615.52","623.46","610.75","146.58K","-0.10%"
"04/21/2010","617.75","615.52","620.78","612.54","30.06K","+0.74%"
"04/20/2010","613.23","602.71","615.52","602.71","30.27K","+1.90%"
"04/19/2010","601.77","610.26","610.26","593.78","30.44K","-2.22%"
"04/16/2010","615.42","613.53","619.44","607.58","41.52K","-0.19%"
"04/15/2010","616.61","623.46","634.83","611.65","258.51K","-0.98%"
"04/13/2010","622.71","615.22","625.05","610.55","66.63K","+1.12%"
"04/12/2010","615.82","618.50","624.45","611.55","45.64K","-0.01%"
"04/09/2010","615.91","620.03","625.00","612.04","46.54K","+0.06%"
"04/08/2010","615.57","628.67","632.10","613.63","40.74K","-1.86%"
"04/07/2010","627.23","627.43","630.11","618.50","41.09K","+0.45%"
"04/06/2010","624.45","627.08","638.15","621.52","117.54K","-0.26%"
"04/05/2010","626.09","614.67","631.40","614.67","161.26K","+1.45%"
"04/01/2010","617.16","625.40","625.45","612.54","28.12K","-0.48%"
"03/31/2010","620.13","625.45","626.44","610.70","103.32K","-0.10%"
"03/30/2010","620.73","624.01","628.87","616.61","60.86K","-0.40%"
"03/29/2010","623.21","624.10","632.20","620.48","124.28K","+0.19%"
"03/26/2010","622.02","610.06","626.93","604.10","282.28K","+2.13%"
"03/25/2010","609.06","603.60","615.22","603.60","200.74K","+1.15%"
"03/23/2010","602.12","591.84","605.59","580.97","137.47K","+3.64%"
"03/22/2010","580.97","579.78","589.71","576.30","147.02K","-0.95%"
"03/19/2010","586.53","579.78","591.69","575.81","47.52K","+1.04%"
"03/18/2010","580.47","577.20","590.15","573.82","104.72K","+0.32%"
"03/17/2010","578.64","578.54","582.71","573.82","57.52K","+0.21%"
"03/16/2010","577.44","578.78","582.51","573.82","24.60K","-0.57%"
"03/15/2010","580.77","575.91","583.75","567.07","126.27K","+0.09%"
"03/12/2010","580.22","580.17","582.76","573.82","88.73K","+0.58%"
"03/11/2010","576.90","567.07","581.76","565.88","101.35K","+1.79%"
"03/10/2010","566.77","557.94","571.84","553.92","77.42K","+1.10%"
"03/09/2010","560.62","561.96","567.86","552.97","61.00K","+0.04%"
"03/08/2010","560.37","563.60","572.63","551.29","89.58K","+0.60%"
"03/05/2010","557.04","559.92","660.44","552.97","130.21K","+1.21%"
"03/04/2010","550.39","548.01","555.95","543.34","65.56K","+0.80%"
"03/03/2010","546.02","532.17","549.90","531.68","57.55K","+2.92%"
"03/02/2010","530.54","538.08","538.08","526.32","35.94K","+0.03%"
"02/26/2010","530.39","537.09","537.09","519.22","36.42K","+1.08%"
"02/25/2010","524.73","518.23","530.14","514.50","96.48K","+0.42%"
"02/24/2010","522.54","528.05","528.05","517.53","57.46K","-0.60%"
"02/23/2010","525.67","525.67","530.14","517.33","23.63K","-0.41%"
"02/22/2010","527.86","525.67","531.63","524.18","61.55K","+1.02%"
"02/19/2010","522.54","526.32","529.15","518.23","94.79K","-1.01%"
"02/18/2010","527.86","536.29","539.47","526.32","22.23K","-1.49%"
"02/17/2010","535.85","536.10","545.92","532.12","89.84K","+0.68%"
"02/16/2010","532.22","530.04","536.10","522.45","28.07K","+1.51%"
"02/15/2010","524.28","524.18","527.16","520.21","12.04K","+0.18%"
"02/11/2010","523.34","517.63","526.12","514.25","51.55K","+0.97%"
"02/10/2010","518.33","534.11","536.10","514.25","47.17K","-1.68%"
"02/09/2010","527.16","519.22","530.14","515.64","54.20K","+1.10%"
"02/08/2010","521.40","516.24","525.77","511.28","53.83K","+1.81%"
"02/05/2010","512.12","516.24","518.03","506.41","63.54K","-2.16%"
"02/04/2010","523.44","529.15","529.20","519.52","112.20K","-0.62%"
"02/03/2010","526.71","522.99","535.10","518.42","97.67K","+1.61%"
"02/02/2010","518.37","528.95","537.83","514.50","134.61K","-0.51%"
"02/01/2010","521.01","526.17","528.60","511.28","158.75K","-0.31%"
"01/29/2010","522.64","527.66","528.05","500.36","117.27K","-0.61%"
"01/28/2010","525.87","555.95","558.93","521.40","200.89K","-3.99%"
"01/27/2010","547.71","550.89","559.92","541.61","213.04K","-1.37%"
"01/25/2010","555.31","557.39","561.61","539.07","75.06K","-0.03%"
"01/22/2010","555.45","561.91","561.91","534.76","126.94K","-1.69%"
"01/21/2010","564.99","589.71","590.70","561.01","136.76K","-3.35%"
"01/20/2010","584.59","595.66","602.56","581.37","72.57K","-1.46%"
"01/19/2010","593.28","603.31","603.31","588.86","141.54K","-1.57%"
"01/18/2010","602.76","604.10","616.61","598.24","454.28K","+0.07%"
"01/15/2010","602.31","587.72","610.45","586.73","421.60K","+3.04%"
"01/14/2010","584.54","582.56","587.72","579.13","86.88K","+1.20%"
"01/13/2010","577.59","565.88","579.78","565.88","81.63K","+0.65%"
"01/12/2010","573.87","588.66","588.71","566.82","116.37K","-2.09%"
"01/11/2010","586.13","586.73","590.00","582.41","73.74K","+0.25%"
"01/08/2010","584.69","591.19","595.17","579.88","281.25K","+0.03%"
"01/07/2010","584.49","579.58","589.11","571.09","140.11K","+1.82%"
"01/06/2010","574.02","579.88","584.10","571.93","61.13K","-0.33%"
"01/05/2010","575.91","577.00","586.33","571.59","161.22K","+0.37%"
"01/04/2010","573.77","566.38","579.58","564.39","183.64K","+1.70%"
"12/31/2009","564.19","570.84","572.83","558.98","231.60K","-0.61%"
"12/30/2009","567.67","569.85","572.63","561.41","147.59K","+0.03%"
"12/29/2009","567.52","563.40","575.81","559.92","181.72K","+1.36%"
"12/24/2009","559.92","561.91","565.73","556.94","74.87K","-0.06%"
"12/23/2009","560.27","544.04","564.69","544.04","84.74K","+2.38%"
"12/22/2009","547.26","541.06","562.01","541.06","42.25K","+1.19%"
"12/21/2009","540.81","552.97","558.93","538.33","73.16K","-1.75%"
"12/18/2009","550.44","594.37","594.37","548.21","186.06K","-1.90%"
"12/17/2009","561.11","553.77","566.87","548.31","212.81K","+2.03%"
"12/16/2009","549.94","549.90","557.74","543.14","121.21K","+0.63%"
"12/15/2009","546.47","560.57","568.86","544.04","155.34K","-1.94%"
"12/14/2009","557.29","570.84","571.74","555.11","305.61K","-2.51%"
"12/11/2009","571.64","541.06","578.19","539.07","866.91K","+5.98%"
"12/10/2009","539.37","536.29","543.05","535.10","39.25K","+0.35%"
"12/09/2009","537.49","533.12","547.96","509.99","67.74K","-0.60%"
"12/08/2009","540.71","536.10","542.30","533.12","92.57K","+0.81%"
"12/07/2009","536.39","537.09","551.88","534.36","245.63K","+0.42%"
"12/04/2009","534.16","534.11","542.00","526.66","61.16K","+0.37%"
"12/03/2009","532.17","536.10","540.56","530.14","65.94K","-0.34%"
"12/02/2009","533.96","542.05","544.04","531.28","274.37K","-0.19%"
"12/01/2009","535.00","531.83","545.03","530.39","177.52K","+1.76%"
"11/30/2009","525.77","521.20","530.14","519.72","112.59K","+1.69%"
"11/27/2009","517.03","524.18","524.18","504.43","686.60K","-1.45%"
"11/26/2009","524.63","521.20","537.68","521.20","381.54K","+0.18%"
"11/25/2009","523.69","524.58","541.46","521.45","96.90K","-0.17%"
"11/24/2009","524.58","524.28","530.93","501.35","83.31K","+0.25%"
"11/23/2009","523.29","527.01","530.73","521.40","105.41K","+0.49%"
"11/20/2009","520.76","515.35","525.18","513.26","121.77K","-0.30%"
"11/19/2009","522.35","533.22","537.04","519.62","68.27K","-2.29%"
"11/18/2009","534.61","536.10","539.97","532.12","152.71K","-0.18%"
"11/17/2009","535.60","536.84","541.56","529.15","167.49K","+0.13%"
"11/16/2009","534.90","539.02","545.97","528.45","196.46K","+0.32%"
"11/13/2009","533.22","521.20","536.29","517.33","214.66K","+2.33%"
"11/12/2009","521.06","530.93","535.10","516.59","194.45K","-0.97%"
"11/11/2009","526.17","529.05","533.12","522.49","150.58K","-0.10%"
"11/10/2009","526.71","521.20","540.12","521.20","281.30K","+1.69%"
"11/09/2009","517.98","516.24","525.13","514.40","209.60K","+0.89%"
"11/06/2009","513.41","523.19","528.15","508.55","197.29K","+0.17%"
"11/05/2009","512.52","514.30","519.02","507.50","236.06K","+0.21%"
"11/04/2009","511.43","511.28","520.21","505.32","350.77K","+0.99%"
"11/03/2009","506.41","520.21","545.03","503.33","133.15K","-3.67%"
"10/30/2009","525.72","554.96","558.43","514.40","408.29K","-3.39%"
"10/29/2009","544.14","542.95","554.96","536.10","286.08K","-0.87%"
"10/28/2009","548.90","546.07","558.83","536.79","198.55K","-0.49%"
"10/27/2009","551.58","559.92","563.60","543.05","238.14K","-2.24%"
"10/26/2009","564.24","564.89","570.64","549.20","112.47K","+0.50%"
"10/23/2009","561.41","574.81","575.81","558.09","94.35K","-0.68%"
"10/22/2009","565.23","565.88","584.44","559.43","255.03K","-1.31%"
"10/21/2009","572.73","598.99","606.09","567.02","516.02K","-4.14%"
"10/20/2009","597.45","572.58","603.60","567.12","513.75K","+4.52%"
"10/16/2009","571.64","563.89","578.69","559.97","355.06K","+2.56%"
"10/15/2009","557.39","565.88","565.88","552.97","58.41K","-0.06%"
"10/14/2009","557.74","560.92","575.11","554.46","147.38K","+0.13%"
"10/12/2009","557.04","546.02","560.82","546.02","80.92K","+1.70%"
"10/09/2009","547.71","565.88","569.80","544.19","190.63K","-2.48%"
"10/08/2009","561.66","553.97","570.30","546.22","309.16K","+2.23%"
"10/07/2009","549.40","546.72","559.72","546.02","291.94K","+0.75%"
"10/06/2009","545.33","540.07","549.60","522.25","176.17K","+2.00%"
"10/05/2009","534.66","549.50","553.97","531.13","94.00K","-3.49%"
"10/01/2009","554.02","550.09","567.67","544.63","305.07K","+1.03%"
"09/30/2009","548.36","544.04","561.41","544.04","225.41K","+0.41%"
"09/29/2009","546.12","555.95","558.93","542.05","80.76K","-1.12%"
"09/25/2009","552.33","555.95","558.93","536.10","245.58K","+1.00%"
"09/24/2009","546.87","536.10","555.65","529.64","504.67K","+0.66%"
"09/23/2009","543.29","569.55","570.64","538.18","353.10K","-3.96%"
"09/22/2009","565.68","540.81","574.22","538.08","762.75K","+4.60%"
"09/18/2009","540.81","540.71","553.97","534.11","407.14K","-0.06%"
"09/17/2009","541.11","524.18","545.92","524.18","849.06K","+4.04%"
"09/16/2009","520.11","524.18","532.77","517.23","280.59K","+0.33%"
"09/15/2009","518.42","508.79","522.99","508.79","155.05K","+2.16%"
"09/14/2009","507.45","510.28","515.15","501.75","84.93K","-1.51%"
"09/11/2009","515.25","521.10","525.67","509.44","171.19K","-0.31%"
"09/10/2009","516.84","536.10","542.95","515.25","275.26K","-2.84%"
"09/09/2009","531.93","511.28","536.10","511.28","431.18K","+3.41%"
"09/08/2009","514.40","520.21","531.13","509.34","112.35K","-0.21%"
"09/07/2009","515.50","515.74","520.21","507.80","105.26K","+0.75%"
"09/04/2009","511.67","507.31","514.25","497.48","192.06K","+1.08%"
"09/03/2009","506.21","513.26","523.09","501.35","100.73K","-1.19%"
"09/02/2009","512.32","510.28","518.23","507.40","102.89K","-0.52%"
"09/01/2009","515.00","525.18","530.83","511.28","186.16K","-1.31%"
"08/31/2009","521.85","515.25","540.76","507.31","281.75K","+1.19%"
"08/28/2009","515.69","502.44","529.05","502.44","287.93K","+2.72%"
"08/27/2009","502.04","510.28","514.25","497.48","158.29K","-1.40%"
"08/26/2009","509.19","515.94","520.11","507.31","84.62K","-1.07%"
"08/25/2009","514.70","511.28","521.10","511.28","65.40K","+0.07%"
"08/24/2009","514.35","510.28","521.45","508.50","282.98K","+1.85%"
"08/21/2009","505.02","501.35","507.31","494.40","67.22K","+1.21%"
"08/20/2009","498.97","504.33","511.18","496.38","105.70K","+0.66%"
"08/19/2009","495.69","500.36","505.82","490.63","67.14K","-0.01%"
"08/18/2009","495.74","482.49","502.54","482.49","85.81K","+1.43%"
"08/17/2009","488.74","505.32","506.31","486.46","85.87K","-4.11%"
"08/14/2009","509.69","511.28","524.18","506.41","293.69K","+0.44%"
"08/13/2009","507.45","505.77","515.15","498.42","169.60K","+2.49%"
"08/12/2009","495.14","484.42","500.36","482.59","87.92K","+1.29%"
"08/11/2009","488.84","488.44","508.30","474.54","133.33K","+0.39%"
"08/10/2009","486.95","506.31","510.18","482.98","80.60K","-2.37%"
"08/07/2009","498.77","516.24","524.88","491.42","110.88K","-3.88%"
"08/06/2009","518.92","531.13","537.58","516.24","97.19K","-3.56%"
"08/05/2009","538.08","549.05","553.97","535.15","111.25K","-2.00%"
"08/04/2009","549.05","545.92","561.61","542.15","444.18K","+1.89%"
"08/03/2009","538.88","530.64","542.95","528.30","206.35K","+2.68%"
"07/31/2009","524.83","525.67","530.04","519.47","154.75K","+1.52%"
"07/30/2009","516.98","511.28","526.07","510.28","221.90K","+0.28%"
"07/29/2009","515.55","531.13","545.03","490.48","504.71K","-2.87%"
"07/28/2009","530.78","521.20","532.87","516.74","326.15K","+2.75%"
"07/27/2009","516.59","516.24","526.17","510.28","246.97K","+0.76%"
"07/24/2009","512.67","526.17","536.10","509.84","255.62K","-0.86%"
"07/23/2009","517.13","503.24","524.08","501.35","332.17K","+4.52%"
"07/22/2009","494.75","515.25","519.22","490.43","190.70K","-3.19%"
"07/21/2009","511.03","514.25","530.64","507.31","635.07K","-0.17%"
"07/20/2009","511.92","491.22","514.25","487.45","594.21K","+5.34%"
"07/17/2009","485.96","486.46","490.38","471.57","157.71K","+0.83%"
"07/16/2009","481.94","481.49","495.39","474.54","215.12K","+1.56%"
"07/15/2009","474.54","466.60","478.52","464.62","239.55K","+2.73%"
"07/14/2009","461.94","456.67","470.37","456.57","86.36K","+3.49%"
"07/13/2009","446.35","466.60","466.70","430.86","256.82K","-5.34%"
"07/10/2009","471.52","504.33","509.79","461.84","637.42K","-6.05%"
"07/09/2009","501.89","451.71","508.30","448.73","750.97K","+12.36%"
"07/08/2009","446.70","431.85","456.18","426.89","234.31K","+1.27%"
"07/07/2009","441.09","426.89","446.15","426.89","176.87K","+3.51%"
"07/06/2009","426.15","477.92","485.46","422.42","187.89K","-9.99%"
"07/03/2009","473.45","466.70","480.95","462.63","122.62K","+0.61%"
"07/02/2009","470.57","484.47","489.44","467.69","166.11K","-2.43%"
"07/01/2009","482.29","492.41","501.75","471.57","253.30K","-0.08%"
"06/30/2009","482.68","526.07","565.88","476.53","598.47K","-6.67%"
"06/29/2009","517.18","493.41","526.02","488.44","339.74K","+5.61%"
"06/26/2009","489.73","491.42","509.09","486.51","218.78K","+0.45%"
"06/25/2009","487.55","483.73","499.07","476.53","234.97K","-0.31%"
"06/24/2009","489.09","477.57","496.29","476.63","230.10K","+0.79%"
"06/23/2009","485.27","453.70","489.44","439.30","428.14K","+6.45%"
"06/22/2009","455.88","447.74","532.42","444.07","115.39K","+2.74%"
"06/19/2009","443.72","431.85","448.73","419.94","170.09K","+4.62%"
"06/18/2009","424.11","438.80","438.80","406.94","151.63K","-3.35%"
"06/17/2009","438.80","461.94","462.63","432.40","113.48K","-5.01%"
"06/16/2009","461.94","443.77","465.56","423.91","161.44K","+6.09%"
"06/15/2009","435.43","460.60","464.62","427.98","90.44K","-5.98%"
"06/12/2009","463.13","476.53","486.46","458.71","96.45K","-1.46%"
"06/11/2009","469.98","471.57","486.46","463.28","108.25K","+0.64%"
"06/10/2009","467.00","476.63","498.12","462.63","150.92K","-1.39%"
"06/09/2009","473.60","456.67","477.92","436.87","112.21K","+1.98%"
"06/08/2009","464.42","496.38","514.65","453.05","138.87K","-7.31%"
"06/05/2009","501.05","503.33","526.07","481.49","507.04K","+0.72%"
"06/04/2009","497.48","478.52","508.60","478.52","257.12K","+0.52%"
"06/03/2009","494.90","480.40","513.26","480.40","423.30K","+3.28%"
"06/02/2009","479.16","481.59","484.47","459.95","106.30K","+0.71%"
"06/01/2009","475.79","468.59","482.49","456.72","149.03K","+2.47%"
"05/29/2009","464.32","453.70","475.34","437.96","266.15K","+4.95%"
"05/28/2009","442.43","458.66","458.66","436.87","104.99K","-1.15%"
"05/27/2009","447.59","431.85","454.74","426.89","90.25K","+6.57%"
"05/26/2009","419.99","446.75","458.56","414.98","117.71K","-6.90%"
"05/25/2009","451.11","449.72","465.56","438.80","137.18K","+0.35%"
"05/22/2009","449.53","432.05","456.48","425.50","154.76K","+4.05%"
"05/21/2009","432.05","446.75","464.62","426.89","183.88K","-3.82%"
"05/20/2009","449.23","402.07","464.67","397.11","498.15K","+13.04%"
"05/19/2009","397.41","385.19","424.61","352.43","485.56K","+2.29%"
"05/18/2009","388.52","297.83","403.56","297.83","3.05K","+12.75%"
"05/15/2009","344.59","345.43","347.47","339.63","194.68K","+1.00%"
"05/14/2009","341.17","332.58","350.94","332.58","199.01K","-0.16%"
"05/13/2009","341.71","334.07","349.90","332.58","351.75K","+2.56%"
"05/12/2009","333.17","332.38","338.98","327.61","147.15K","-1.12%"
"05/11/2009","336.95","338.48","342.60","322.80","201.42K","+1.07%"
"05/08/2009","333.37","342.60","345.98","328.81","123.37K","-2.20%"
"05/07/2009","340.87","343.50","349.46","337.64","237.82K","+2.02%"
"05/06/2009","334.12","343.55","352.93","328.11","457.19K","-2.11%"
"05/05/2009","341.31","341.22","355.11","335.56","387.28K","+0.85%"
"05/04/2009","338.44","333.57","342.51","321.66","513.38K","+4.46%"
"04/29/2009","323.99","312.47","339.13","299.87","615.15K","+7.63%"
"04/28/2009","301.01","318.68","325.33","299.32","176.33K","-5.56%"
"04/27/2009","318.73","316.15","330.39","314.11","189.67K","+0.85%"
"04/24/2009","316.05","327.61","330.59","311.23","206.72K","-1.98%"
"04/23/2009","322.45","328.61","330.59","312.33","140.90K","-0.98%"
"04/22/2009","325.63","340.32","353.43","322.95","220.49K","-3.04%"
"04/21/2009","335.85","337.54","346.72","322.65","200.96K","-1.04%"
"04/20/2009","339.38","323.74","347.47","319.67","274.65K","+5.67%"
"04/17/2009","321.16","331.59","348.86","318.68","220.98K","-1.58%"
"04/16/2009","326.32","347.47","370.10","322.65","489.43K","-5.19%"
"04/15/2009","344.19","315.70","355.61","315.70","500.83K","+6.97%"
"04/13/2009","321.76","305.43","326.82","303.79","345.03K","+6.74%"
"04/09/2009","301.45","305.77","315.11","299.32","170.96K","-1.19%"
"04/08/2009","305.08","293.96","309.74","289.89","167.84K","+2.21%"
"04/06/2009","298.48","302.70","308.75","292.87","207.10K","+2.11%"
"04/02/2009","292.32","286.91","299.77","283.04","351.31K","+4.34%"
"04/01/2009","280.16","279.96","290.58","275.99","117.71K","+1.02%"
"03/31/2009","277.33","280.95","290.88","273.11","235.89K","+1.25%"
"03/30/2009","273.91","265.07","280.95","258.67","185.78K","-0.05%"
"03/27/2009","274.05","273.01","281.85","269.09","166.48K","+1.23%"
"03/26/2009","270.73","262.98","275.44","261.64","265.52K","+3.89%"
"03/25/2009","260.60","258.12","263.08","257.33","58.52K","+0.28%"
"03/24/2009","259.86","266.96","268.54","257.13","125.88K","-1.49%"
"03/23/2009","263.78","260.11","266.96","257.38","157.80K","+1.80%"
"03/20/2009","259.11","258.12","264.33","257.13","83.50K","-0.65%"
"03/19/2009","260.80","256.93","267.55","256.93","132.90K","+1.80%"
"03/18/2009","256.18","258.12","263.03","255.14","118.03K","+0.66%"
"03/17/2009","254.50","260.11","269.74","251.97","322.68K","-1.25%"
"03/16/2009","257.72","253.16","262.09","248.79","237.18K","+3.20%"
"03/13/2009","249.73","249.93","254.10","246.26","157.41K","+2.48%"
"03/12/2009","243.68","249.19","253.16","237.77","262.07K","-0.99%"
"03/09/2009","246.11","248.19","253.16","236.83","272.10K","-2.36%"
"03/06/2009","252.06","242.24","255.54","238.36","381.22K","+1.07%"
"03/05/2009","249.38","267.06","273.81","245.31","503.08K","-6.76%"
"03/04/2009","267.45","287.90","294.36","263.38","634.06K","-9.51%"
"03/03/2009","295.55","306.77","315.40","285.92","310.12K","-3.86%"
"03/02/2009","307.41","307.46","319.42","299.82","404.96K","-0.86%"
"02/27/2009","310.09","316.69","321.96","307.81","206.20K","-2.01%"
"02/26/2009","316.45","308.65","321.36","304.78","764.60K","+2.30%"
"02/25/2009","309.35","326.62","333.57","306.27","895.90K","-4.14%"
"02/24/2009","322.70","293.36","325.63","290.04","1.27M","+7.79%"
"02/20/2009","299.37","289.24","302.45","283.19","667.19K","+1.55%"
"02/19/2009","294.80","282.94","299.82","279.07","628.96K","+4.84%"
"02/18/2009","281.20","254.30","286.71","254.15","438.03K","+9.20%"
"02/17/2009","257.52","263.08","264.08","254.20","53.33K","-4.34%"
"02/16/2009","269.19","290.58","290.58","266.66","74.06K","-5.37%"
"02/13/2009","284.48","292.82","293.86","281.95","103.71K","+0.46%"
"02/12/2009","283.19","285.92","300.66","280.95","307.54K","-2.53%"
"02/11/2009","290.53","268.15","293.66","268.15","290.25K","+5.27%"
"02/10/2009","275.99","276.78","289.59","267.06","365.22K","+0.80%"
"02/09/2009","273.81","247.20","281.75","244.22","630.59K","+13.41%"
"02/06/2009","241.44","242.24","248.19","229.43","106.73K","+5.99%"
"02/05/2009","227.79","228.34","229.88","219.40","58.09K","-0.11%"
"02/04/2009","228.04","227.34","230.32","226.45","20.44K","+1.12%"
"02/03/2009","225.51","225.36","231.32","223.37","22.63K","+0.46%"
"02/02/2009","224.47","221.78","237.02","221.39","75.84K","-0.37%"
"01/30/2009","225.31","218.31","227.34","215.43","47.01K","+2.07%"
"01/29/2009","220.74","229.33","241.24","219.40","43.93K","-3.05%"
"01/28/2009","227.69","226.35","233.70","223.72","56.37K","+1.17%"
"01/27/2009","225.06","223.37","226.85","215.43","62.40K","+2.25%"
"01/23/2009","220.10","233.55","236.23","218.41","34.23K","-5.76%"
"01/22/2009","233.55","240.40","243.23","228.49","38.78K","-1.65%"
"01/21/2009","237.47","246.65","247.15","231.86","57.86K","-3.72%"
"01/20/2009","246.65","239.26","253.16","239.26","209.30K","+0.53%"
"01/19/2009","245.36","233.80","247.20","233.80","64.63K","+5.40%"
"01/16/2009","232.80","227.84","236.33","227.84","27.90K","+2.96%"
"01/15/2009","226.10","228.39","229.73","223.37","18.39K","-2.67%"
"01/14/2009","232.31","228.14","234.79","228.14","18.15K","+4.14%"
"01/13/2009","223.08","229.33","234.24","220.64","26.20K","-2.26%"
"01/12/2009","228.24","233.30","238.26","227.34","25.55K","-1.25%"
"01/09/2009","231.12","238.26","238.26","223.27","60.73K","-3.58%"
"01/07/2009","239.70","271.03","272.52","236.28","59.77K","-10.56%"
"01/06/2009","268.00","273.01","280.95","264.57","132.61K","-1.31%"
"01/05/2009","271.57","263.08","282.24","261.10","273.23K","+3.97%"
"01/02/2009","261.20","258.12","267.06","257.18","113.37K","+2.69%"
"01/01/2009","254.35","238.26","262.49","230.52","100.72K","+6.64%"
"12/31/2008","238.51","239.26","245.71","235.83","28.46K","+0.16%"
"12/30/2008","238.12","233.30","241.24","232.80","42.02K","+2.70%"
"12/29/2008","231.86","222.38","236.18","219.50","34.36K","+4.31%"
"12/26/2008","222.28","226.90","235.29","220.44","28.08K","-1.43%"
"12/24/2008","225.51","221.39","235.29","221.39","65.19K","-4.34%"
"12/23/2008","235.73","225.06","250.92","225.06","56.88K","-6.77%"
"12/22/2008","252.86","266.96","270.43","251.17","42.84K","-4.09%"
"12/19/2008","263.63","255.14","268.05","255.14","60.28K","+3.39%"
"12/18/2008","254.99","250.03","258.12","244.72","35.99K","+0.96%"
"12/17/2008","252.56","271.03","271.72","249.38","32.34K","-5.51%"
"12/16/2008","267.30","257.43","270.78","257.43","44.54K","+2.78%"
"12/15/2008","260.06","256.18","268.05","256.18","58.23K","+2.03%"
"12/12/2008","254.89","242.24","258.12","242.24","36.92K","+2.39%"
"12/11/2008","248.94","246.06","252.96","243.77","26.62K","+0.14%"
"12/10/2008","248.59","240.40","249.98","238.36","36.85K","+3.17%"
"12/08/2008","240.95","245.21","247.25","239.26","25.53K","+0.64%"
"12/05/2008","239.41","236.68","252.16","236.68","32.90K","-0.76%"
"12/04/2008","241.24","223.37","247.20","223.37","37.25K","+8.24%"
"12/03/2008","222.88","218.51","225.36","218.51","8.64K","+1.11%"
"12/02/2008","220.44","210.47","221.34","210.47","10.21K","+0.54%"
"12/01/2008","219.25","222.93","232.31","218.41","20.31K","-2.65%"
"11/28/2008","225.21","220.39","228.24","216.77","16.47K","+1.14%"
"11/26/2008","222.68","225.76","226.20","218.41","17.40K","-0.44%"
"11/25/2008","223.67","233.30","236.03","220.39","17.53K","-1.64%"
"11/24/2008","227.39","227.59","235.98","220.39","25.99K","-0.09%"
"11/21/2008","227.59","213.45","233.30","213.45","37.39K","+4.99%"
"11/20/2008","216.77","216.37","220.30","208.48","19.31K","-4.23%"
"11/19/2008","226.35","235.88","240.25","223.57","20.39K","-3.31%"
"11/18/2008","234.10","240.25","243.33","230.37","29.22K","-4.76%"
"11/17/2008","245.81","258.12","259.11","239.51","25.82K","-4.75%"
"11/14/2008","258.07","273.06","278.97","255.14","30.70K","-4.26%"
"11/12/2008","269.54","277.98","279.96","266.16","65.68K","-4.32%"
"11/11/2008","281.70","278.97","298.82","273.01","116.13K","-0.58%"
"11/10/2008","283.34","263.08","286.12","261.59","122.03K","+10.81%"
"11/07/2008","255.69","242.24","263.08","241.74","38.98K","+3.87%"
"11/06/2008","246.16","250.18","254.05","239.41","42.27K","-4.96%"
"11/05/2008","259.01","268.10","273.01","254.15","74.54K","-1.64%"
"11/04/2008","263.33","239.26","264.97","236.48","110.30K","+8.02%"
"11/03/2008","243.77","238.26","247.60","235.78","70.48K","+5.30%"
"10/31/2008","231.51","229.33","258.22","224.37","40.65K","+3.46%"
"10/29/2008","223.77","234.19","238.07","223.37","69.84K","-1.05%"
"10/28/2008","226.15","220.39","228.34","216.42","14.89K","+8.78%"
"10/27/2008","207.89","208.48","218.41","190.61","63.80K","-0.52%"
"10/24/2008","208.98","222.38","222.38","198.65","102.26K","-4.32%"
"10/23/2008","218.41","218.51","236.97","214.44","53.78K","-4.37%"
"10/22/2008","228.39","238.26","238.26","227.34","26.59K","-4.90%"
"10/21/2008","240.15","232.31","242.24","231.32","36.75K","+4.92%"
"10/20/2008","228.88","243.23","249.19","224.37","49.71K","-4.00%"
"10/17/2008","238.41","243.23","257.62","235.34","46.75K","-1.30%"
"10/16/2008","241.54","238.26","247.20","231.41","46.16K","-3.30%"
"10/15/2008","249.78","258.12","261.10","248.19","52.82K","-6.26%"
"10/14/2008","266.46","295.85","297.83","253.26","70.75K","-4.42%"
"10/13/2008","278.77","271.13","283.68","270.18","75.83K","+5.72%"
"10/10/2008","263.68","283.54","291.87","253.45","58.03K","-13.10%"
"10/08/2008","303.44","309.79","317.69","285.92","87.12K","-8.62%"
"10/07/2008","332.08","343.50","356.40","322.75","114.98K","-3.84%"
"10/06/2008","345.34","362.36","368.81","327.71","138.04K","-8.34%"
"10/03/2008","376.76","377.25","396.12","372.34","220.53K","-0.77%"
"10/01/2008","379.68","369.31","383.21","363.35","91.03K","+4.99%"
"09/30/2008","361.62","342.51","368.32","333.57","94.27K","+1.21%"
"09/29/2008","357.30","369.16","382.12","347.67","116.45K","-3.21%"
"09/26/2008","369.16","388.17","388.17","362.76","41.04K","-4.09%"
"09/25/2008","384.90","396.21","406.54","381.32","135.78K","-1.76%"
"09/24/2008","391.80","387.18","395.12","387.18","58.01K","+2.25%"
"09/23/2008","383.16","377.10","394.13","375.27","62.73K","-0.44%"
"09/22/2008","384.85","392.14","394.13","382.22","60.37K","-0.46%"
"09/19/2008","386.63","387.68","390.95","375.32","108.49K","+5.38%"
"09/18/2008","366.88","363.35","372.29","337.74","62.35K","-1.83%"
"09/17/2008","373.73","380.23","385.99","369.31","54.67K","-0.75%"
"09/16/2008","376.56","367.32","382.22","359.38","67.07K","-0.43%"
"09/15/2008","378.20","394.18","394.18","368.42","65.33K","-5.47%"
"09/12/2008","400.09","418.95","418.95","395.22","131.66K","-3.05%"
"09/11/2008","412.69","397.11","416.86","397.11","119.09K","+1.82%"
"09/10/2008","405.30","407.04","415.97","402.72","61.27K","-1.98%"
"09/09/2008","413.49","420.93","420.93","407.04","92.34K","-1.41%"
"09/08/2008","419.40","419.15","466.60","417.06","376.00K","+6.64%"
"09/05/2008","393.29","368.57","402.07","359.38","98.98K","+0.59%"
"09/04/2008","391.00","398.10","398.10","385.49","80.23K","-1.49%"
"09/02/2008","396.91","389.66","400.38","389.66","101.09K","+2.38%"
"09/01/2008","387.68","373.33","390.16","373.28","211.71K","+2.81%"
"08/29/2008","377.10","373.28","380.18","370.35","125.88K","+3.18%"
"08/28/2008","365.49","382.07","388.17","361.37","140.54K","-4.34%"
"08/27/2008","382.07","396.12","405.05","378.25","108.91K","-4.35%"
"08/26/2008","399.44","403.96","405.94","393.63","56.62K","-1.59%"
"08/25/2008","405.89","413.49","415.97","402.07","59.90K","-0.77%"
"08/22/2008","409.02","400.28","411.01","375.12","81.85K","+0.29%"
"08/21/2008","407.83","417.96","423.66","404.11","59.47K","-2.76%"
"08/20/2008","419.40","411.06","424.71","407.04","119.61K","+2.80%"
"08/19/2008","407.98","405.20","414.98","401.97","80.25K","-1.42%"
"08/18/2008","413.84","418.01","426.39","412.10","55.25K","-1.53%"
"08/14/2008","420.29","436.82","443.77","417.46","164.00K","-3.54%"
"08/13/2008","435.73","426.89","445.75","425.90","237.75K","+1.41%"
"08/12/2008","429.67","428.88","440.79","424.91","208.70K","+1.37%"
"08/11/2008","423.86","417.96","426.69","407.04","111.94K","+3.56%"
"08/08/2008","409.27","411.01","415.87","404.06","59.82K","-0.65%"
"08/07/2008","411.95","409.22","423.91","409.22","62.99K","-0.62%"
"08/06/2008","414.53","433.10","440.69","408.13","151.94K","-2.68%"
"08/05/2008","425.95","414.98","434.73","414.98","154.33K","+2.41%"
"08/04/2008","415.92","415.97","424.41","413.04","144.03K","+1.76%"
"08/01/2008","408.72","401.08","416.96","393.39","124.91K","+1.07%"
"07/31/2008","404.40","415.97","417.96","402.07","67.15K","-1.70%"
"07/30/2008","411.40","414.98","425.75","408.52","97.16K","-0.11%"
"07/29/2008","411.85","407.04","417.96","400.09","72.26K","-0.84%"
"07/28/2008","415.33","425.90","425.90","409.02","76.63K","-2.19%"
"07/25/2008","424.61","423.91","434.83","420.93","149.49K","-2.12%"
"07/24/2008","433.79","449.72","458.56","424.91","184.77K","-2.68%"
"07/23/2008","445.75","442.78","460.84","436.82","303.61K","+6.32%"
"07/22/2008","419.25","395.12","423.91","388.17","298.95K","+7.44%"
"07/21/2008","390.21","406.04","409.02","382.66","106.59K","-2.35%"
"07/18/2008","399.59","377.35","403.01","376.51","193.07K","+6.10%"
"07/17/2008","376.61","374.27","382.07","366.33","109.93K","+4.78%"
"07/16/2008","359.43","371.30","380.18","355.11","97.10K","-2.24%"
"07/15/2008","367.67","386.19","389.66","362.36","173.18K","-7.24%"
"07/14/2008","396.36","397.21","405.79","384.25","217.90K","-1.92%"
"07/11/2008","404.11","436.82","440.79","398.75","132.08K","-6.36%"
"07/10/2008","431.56","431.85","451.71","423.91","282.23K","-1.02%"
"07/09/2008","436.02","412.60","440.24","412.60","369.77K","+8.71%"
"07/08/2008","401.08","367.32","409.02","356.40","313.76K","+7.45%"
"07/07/2008","373.28","367.32","389.17","367.32","159.77K","+3.61%"
"07/04/2008","360.28","315.70","362.36","315.70","213.63K","+13.12%"
"07/03/2008","318.48","332.58","332.58","313.72","48.68K","-3.46%"
"07/02/2008","329.90","326.03","336.50","306.02","113.01K","+2.79%"
"07/01/2008","320.96","346.38","346.48","318.78","54.39K","-5.69%"
"06/30/2008","340.32","362.16","366.33","334.66","53.72K","-5.29%"
"06/27/2008","359.33","357.70","382.22","352.43","82.49K","-4.02%"
"06/26/2008","374.37","383.61","420.59","355.76","133.60K","-0.31%"
"06/25/2008","375.52","375.27","381.22","363.45","55.15K","-0.20%"
"06/24/2008","376.26","371.30","383.16","366.88","83.51K","+2.16%"
"06/23/2008","368.32","397.11","405.00","366.43","80.07K","-8.97%"
"06/20/2008","404.60","431.85","431.85","402.17","61.30K","-4.47%"
"06/19/2008","423.52","441.78","444.07","420.93","50.82K","-4.71%"
"06/18/2008","444.46","453.65","467.84","436.92","117.17K","-0.70%"
"06/17/2008","447.59","437.86","453.70","436.82","65.25K","+2.67%"
"06/16/2008","435.97","440.79","456.67","432.95","46.48K","+0.84%"
"06/13/2008","432.35","444.17","450.57","428.38","45.25K","-2.64%"
"06/12/2008","444.07","436.82","447.74","416.96","30.37K","+0.40%"
"06/11/2008","442.28","461.64","461.64","439.30","35.75K","-0.60%"
"06/10/2008","444.96","461.64","471.47","438.75","75.98K","-2.98%"
"06/09/2008","458.61","472.56","482.04","442.78","60.32K","-7.92%"
"06/06/2008","498.07","501.94","516.04","491.42","43.90K","+0.22%"
"06/05/2008","496.98","489.44","506.91","481.49","34.70K","+1.04%"
"06/04/2008","491.87","514.65","519.22","489.44","46.00K","-1.91%"
"06/03/2008","501.45","496.38","506.06","486.46","37.08K","-1.55%"
"06/02/2008","509.34","546.02","553.97","501.60","47.40K","-5.64%"
"05/30/2008","539.77","553.97","575.51","535.10","58.51K","-2.03%"
"05/29/2008","550.94","536.10","593.68","524.18","138.13K","+3.33%"
"05/28/2008","533.17","563.94","563.94","526.22","150.78K","-5.11%"
"05/27/2008","561.86","588.81","594.67","556.50","61.69K","-3.93%"
"05/26/2008","584.84","596.65","602.61","581.86","22.19K","-4.06%"
"05/23/2008","609.56","624.45","633.29","603.60","35.81K","-1.37%"
"05/22/2008","618.00","620.43","650.26","614.52","128.74K","-0.99%"
"05/21/2008","624.15","590.90","630.41","590.70","94.72K","+3.05%"
"05/20/2008","605.69","597.65","610.50","597.65","26.81K","+0.25%"
"05/16/2008","604.20","615.52","629.76","599.63","100.43K","-0.70%"
"05/15/2008","608.47","595.66","617.50","591.69","62.23K","+3.38%"
"05/14/2008","588.56","585.78","592.68","579.78","44.06K","+0.03%"
"05/13/2008","588.41","597.65","606.09","583.85","85.17K","-0.21%"
"05/12/2008","589.66","599.63","606.58","579.78","61.72K","-2.57%"
"05/09/2008","605.24","616.51","624.95","600.13","42.56K","-1.60%"
"05/08/2008","615.07","610.55","624.45","605.64","92.59K","+0.68%"
"05/07/2008","610.90","613.53","619.49","596.70","58.49K","-0.69%"
"05/06/2008","615.12","618.50","632.39","585.73","82.14K","-0.75%"
"05/05/2008","619.74","615.52","634.38","597.45","148.99K","+0.69%"
"05/02/2008","615.47","616.51","629.37","613.04","156.23K","+0.85%"
"04/30/2008","610.26","645.30","645.30","604.60","203.92K","-8.56%"
"04/29/2008","667.39","693.90","694.94","665.16","53.61K","-2.46%"
"04/28/2008","684.22","714.79","714.79","681.04","25.04K","-2.49%"
"04/25/2008","701.69","719.76","734.60","699.90","74.57K","-2.54%"
"04/24/2008","719.96","714.79","724.72","703.87","71.02K","+1.73%"
"04/23/2008","707.70","716.78","716.78","690.97","38.45K","-0.54%"
"04/22/2008","711.52","716.68","719.66","704.87","36.59K","-0.31%"
"04/21/2008","713.70","694.69","717.77","686.00","81.00K","+5.04%"
"04/17/2008","679.45","672.11","694.19","665.16","48.27K","+2.42%"
"04/16/2008","663.42","649.27","676.97","639.64","62.06K","+3.97%"
"04/15/2008","638.10","605.59","647.98","599.63","88.75K","+5.19%"
"04/11/2008","606.63","615.37","615.37","581.86","49.54K","+0.97%"
"04/10/2008","600.82","600.73","618.50","598.14","40.44K","+0.50%"
"04/09/2008","597.85","552.97","611.55","552.97","65.22K","+3.66%"
"04/08/2008","576.75","565.88","591.69","550.99","55.28K","+2.27%"
"04/07/2008","563.94","620.48","620.48","544.04","47.19K","-0.33%"
"04/04/2008","565.83","615.52","615.52","556.05","68.23K","-7.17%"
"04/03/2008","609.51","570.94","619.49","570.84","50.94K","+4.93%"
"04/02/2008","580.87","585.73","594.67","571.09","52.05K","+3.67%"
"04/01/2008","560.32","580.77","604.60","556.20","37.08K","-2.85%"
"03/31/2008","576.75","525.18","588.61","525.18","129.11K","+6.69%"
"03/28/2008","540.61","505.57","546.02","505.57","289.18K","+7.18%"
"03/27/2008","504.38","511.28","514.16","498.57","129.11K","+0.01%"
"03/26/2008","504.33","504.33","534.85","500.85","45.68K","-1.54%"
"03/25/2008","512.22","481.49","521.20","481.49","64.65K","+9.29%"
"03/24/2008","468.69","501.35","506.26","461.64","36.87K","-4.44%"
"03/19/2008","490.48","533.91","539.97","476.53","87.00K","-3.59%"
"03/18/2008","508.74","511.28","525.18","497.38","48.84K","+0.95%"
"03/17/2008","503.93","595.66","595.66","492.41","49.02K","-16.02%"
"03/14/2008","600.08","585.73","610.50","580.77","32.04K","+2.67%"
"03/13/2008","584.49","645.30","645.30","576.80","47.14K","-10.49%"
"03/12/2008","652.99","704.87","704.87","645.30","17.50K","-3.21%"
"03/11/2008","674.64","630.41","684.02","617.50","67.06K","+7.13%"
"03/10/2008","629.76","650.76","650.76","610.60","42.40K","-5.72%"
"03/07/2008","667.94","660.19","673.10","610.55","51.30K","-0.52%"
"03/05/2008","671.41","676.08","684.02","661.68","48.61K","-0.71%"
"03/04/2008","676.18","699.90","700.90","658.21","38.14K","-2.49%"
"03/03/2008","693.45","714.79","717.77","686.50","15.64K","-4.62%"
"02/29/2008","727.01","710.82","736.64","706.85","31.75K","+0.77%"
"02/28/2008","721.45","748.55","750.53","714.15","124.89K","-3.45%"
"02/27/2008","747.21","746.56","757.48","734.90","56.46K","+0.28%"
"02/26/2008","745.12","742.59","764.43","739.61","64.20K","+0.62%"
"02/25/2008","740.51","731.67","750.09","704.87","48.45K","+2.85%"
"02/22/2008","719.96","722.74","747.56","713.90","64.80K","+0.31%"
"02/21/2008","717.77","725.71","729.69","695.93","32.85K","+2.41%"
"02/20/2008","700.90","704.87","710.33","695.93","19.85K","-0.74%"
"02/19/2008","706.16","721.64","721.64","702.88","21.80K","+0.54%"
"02/18/2008","702.34","754.51","754.51","693.45","166.97K","-5.50%"
"02/15/2008","743.19","744.58","762.45","736.64","33.38K","-2.09%"
"02/14/2008","759.02","719.76","769.30","719.76","72.68K","+6.67%"
"02/13/2008","711.57","694.94","719.76","681.04","34.93K","+3.92%"
"02/12/2008","684.71","704.87","709.83","650.26","55.29K","-2.21%"
"02/11/2008","700.15","734.65","734.65","655.23","201.71K","-3.69%"
"02/08/2008","726.96","728.59","744.58","705.86","22.52K","-2.22%"
"02/07/2008","743.49","754.51","775.35","734.75","33.42K","-1.38%"
"02/06/2008","753.91","741.60","757.48","731.67","22.13K","-1.94%"
"02/05/2008","768.80","763.24","781.31","733.66","125.33K","+3.27%"
"02/04/2008","744.48","735.64","749.54","663.17","84.48K","+2.05%"
"02/01/2008","729.49","744.38","744.38","699.90","109.71K","-0.37%"
"01/31/2008","732.17","756.49","770.39","685.01","195.44K","-3.13%"
"01/30/2008","755.80","754.51","764.43","714.79","52.54K","-0.22%"
"01/29/2008","757.43","781.21","781.21","736.64","25.41K","+1.73%"
"01/28/2008","744.58","728.49","748.05","700.90","70.73K","-0.28%"
"01/25/2008","746.66","743.58","754.46","710.33","66.19K","+5.22%"
"01/24/2008","709.63","822.01","822.01","658.21","83.55K","-8.63%"
"01/23/2008","776.64","833.93","858.15","661.18","86.52K","+4.76%"
"01/22/2008","741.35","704.87","783.99","575.81","107.98K","-7.36%"
"01/21/2008","800.22","865.70","876.96","754.51","55.37K","-11.14%"
"01/18/2008","900.49","912.36","932.21","878.60","73.75K","-1.24%"
"01/17/2008","911.81","966.96","966.96","905.51","89.10K","-3.95%"
"01/16/2008","949.34","933.30","958.02","898.51","83.58K","+0.06%"
"01/15/2008","948.79","1032.48","1042.41","942.14","23.80K","-1.46%"
"01/14/2008","962.89","962.99","977.78","943.13","27.72K","+1.40%"
"01/11/2008","949.58","972.91","984.83","925.26","32.63K","-1.36%"
"01/10/2008","962.69","983.93","1016.55","953.16","34.79K","-2.89%"
"01/09/2008","991.38","1081.13","1081.13","982.84","48.88K","-1.61%"
"01/08/2008","1007.56","1062.26","1077.16","990.78","122.42K","-3.34%"
"01/07/2008","1042.41","1022.55","1060.13","1007.66","105.39K","+0.89%"
"01/04/2008","1033.18","1078.74","1078.74","1023.55","88.16K","-1.40%"
"01/03/2008","1047.82","1020.57","1063.26","1002.70","131.94K","+2.79%"
"01/02/2008","1019.33","1002.60","1041.42","987.81","92.74K","+2.56%"
"01/01/2008","993.86","1017.59","1024.54","988.80","63.33K","-0.52%"
"12/31/2007","999.07","1000.71","1017.29","990.78","63.67K","+0.71%"
"12/28/2007","991.98","1002.70","1026.52","983.93","56.78K","-1.61%"
"12/27/2007","1008.21","1007.71","1066.63","967.95","175.93K","-0.46%"
"12/26/2007","1012.92","992.77","1032.48","987.81","81.89K","+1.79%"
"12/24/2007","995.10","972.91","1002.50","953.16","48.95K","+4.58%"
"12/20/2007","951.52","943.13","969.74","943.13","29.55K","-0.36%"
"12/19/2007","954.95","1012.63","1016.84","938.17","266.41K","-3.71%"
"12/18/2007","991.73","997.73","1017.59","962.99","62.07K","-0.27%"
"12/17/2007","994.41","1032.48","1042.41","984.93","39.92K","-3.93%"
"12/14/2007","1035.06","1052.34","1067.13","1009.65","63.77K","-1.04%"
"12/13/2007","1045.93","1070.21","1083.91","1037.54","63.97K","-1.23%"
"12/12/2007","1058.99","1042.41","1075.42","1032.48","36.84K","+0.84%"
"12/11/2007","1050.20","1057.50","1089.07","1042.41","42.94K","-0.25%"
"12/10/2007","1052.83","1066.63","1067.23","1034.47","51.06K","-1.73%"
"12/07/2007","1071.35","1061.67","1092.05","1031.09","104.23K","+1.33%"
"12/06/2007","1057.25","1087.08","1101.38","1052.34","146.93K","-1.93%"
"12/05/2007","1078.10","1042.41","1090.06","1037.44","293.86K","+4.93%"
"12/04/2007","1027.42","982.84","1040.82","973.91","176.57K","+5.99%"
"12/03/2007","969.34","954.05","982.84","943.13","56.60K","+3.68%"
"11/30/2007","934.94","918.31","942.14","884.16","18.83K","+2.74%"
"11/29/2007","910.02","961.00","961.00","901.44","48.65K","-2.83%"
"11/28/2007","936.53","871.65","976.89","871.65","24.64K","-1.98%"
"11/27/2007","955.49","962.99","967.95","948.10","27.92K","-0.79%"
"11/26/2007","963.09","972.91","976.89","929.23","50.73K","+0.57%"
"11/23/2007","957.63","942.73","966.96","925.26","64.33K","+4.68%"
"11/22/2007","914.84","921.29","929.23","863.71","112.33K","+1.94%"
"11/21/2007","897.46","1002.70","1010.64","884.06","94.05K","-10.56%"
"11/20/2007","1003.44","1037.44","1037.44","987.81","50.53K","-3.18%"
"11/19/2007","1036.35","1042.41","1190.33","1031.49","203.76K","+2.27%"
"11/16/2007","1013.37","997.73","1047.27","986.81","250.18K","+1.72%"
"11/15/2007","996.24","992.67","1019.53","990.78","370.29K","+1.74%"
"11/14/2007","979.22","990.73","998.48","951.17","445.10K","+1.01%"
"11/13/2007","969.39","893.49","987.21","874.13","273.31K","+9.21%"
"11/12/2007","887.64","912.80","912.80","869.17","89.85K","-2.76%"
"11/09/2007","912.80","932.21","963.98","904.07","10.92K","-1.13%"
"11/08/2007","923.23","898.36","942.93","883.57","75.44K","+1.54%"
"11/07/2007","909.23","940.15","982.84","888.53","100.87K","-0.14%"
"11/06/2007","910.47","961.99","969.94","903.47","114.54K","-4.41%"
"11/05/2007","952.51","915.33","971.92","913.35","209.89K","+3.93%"
"11/02/2007","916.48","895.48","927.25","883.57","66.41K","+0.17%"
"11/01/2007","914.89","982.84","987.61","908.38","96.91K","-4.12%"
"10/31/2007","954.20","933.20","991.38","908.38","198.83K","+2.09%"
"10/30/2007","934.69","1012.53","1021.56","923.28","298.09K","-5.24%"
"10/29/2007","986.42","992.67","1002.70","786.52","263.75K","+0.33%"
"10/26/2007","983.14","964.23","994.76","944.12","176.20K","+3.33%"
"10/25/2007","951.47","928.24","979.86","918.31","308.00K","+2.93%"
"10/24/2007","924.37","931.27","940.15","854.87","121.48K","+0.70%"
"10/23/2007","917.92","889.52","923.28","877.61","183.80K","+6.84%"
"10/22/2007","859.19","856.76","878.60","811.09","116.76K","-0.48%"
"10/19/2007","863.36","884.56","920.30","828.96","199.12K","-3.92%"
"10/18/2007","898.56","991.48","1007.66","849.36","215.62K","-6.06%"
"10/17/2007","956.48","943.13","983.84","833.93","349.19K","-4.00%"
"10/16/2007","996.34","936.18","1022.21","923.28","612.05K","+6.74%"
"10/15/2007","933.40","923.28","945.32","905.41","274.92K","+3.28%"
"10/12/2007","903.72","887.54","933.01","878.60","584.03K","+0.97%"
"10/11/2007","895.03","856.76","912.21","840.53","272.16K","+5.16%"
"10/10/2007","851.10","853.78","868.38","825.98","224.73K","+0.62%"
"10/09/2007","845.89","823.90","850.80","789.35","217.12K","+3.92%"
"10/08/2007","813.97","838.89","850.51","780.81","249.49K","-2.46%"
"10/05/2007","834.47","873.64","878.60","814.27","213.35K","-3.67%"
"10/04/2007","866.24","819.04","882.57","800.17","459.27K","+5.91%"
"10/03/2007","817.94","838.89","853.29","791.24","287.92K","-1.70%"
"10/01/2007","832.09","825.49","854.77","825.49","301.37K","+0.75%"
"09/28/2007","825.89","790.24","835.91","786.27","502.42K","+6.14%"
"09/27/2007","778.13","772.38","791.24","755.75","151.14K","+1.43%"
"09/26/2007","767.16","771.38","794.22","764.68","117.53K","-0.36%"
"09/25/2007","769.94","796.10","796.10","759.47","176.80K","-2.97%"
"09/24/2007","793.47","799.18","808.91","790.34","132.67K","-0.47%"
"09/21/2007","797.24","800.97","811.79","794.46","117.92K","+0.00%"
"09/20/2007","797.24","804.14","816.45","792.23","197.72K","-0.16%"
"09/19/2007","798.48","794.22","809.11","794.22","157.39K","+1.28%"
"09/18/2007","788.41","783.10","798.98","779.42","217.88K","+0.93%"
"09/17/2007","781.11","784.29","801.07","779.32","165.88K","-0.08%"
"09/14/2007","781.71","784.29","812.09","777.54","340.14K","-0.04%"
"09/13/2007","782.05","774.86","789.25","774.36","264.09K","+0.93%"
"09/12/2007","774.86","773.37","788.16","769.45","283.21K","+1.03%"
"09/11/2007","766.96","759.42","780.81","759.42","498.98K","+1.88%"
"09/10/2007","752.82","735.64","759.27","722.74","136.08K","+2.48%"
"09/07/2007","734.60","754.51","761.65","730.78","90.39K","-2.36%"
"09/06/2007","752.37","745.57","759.42","743.09","80.00K","+0.22%"
"09/05/2007","750.73","758.48","774.36","745.82","186.40K","-0.59%"
"09/04/2007","755.20","768.35","768.35","749.54","148.94K","-0.51%"
"09/03/2007","759.07","753.41","768.40","746.56","257.66K","+1.72%"
"08/31/2007","746.22","739.61","757.98","739.61","181.99K","+1.43%"
"08/30/2007","735.69","738.72","764.43","727.70","436.82K","+0.66%"
"08/29/2007","730.88","715.79","738.52","700.85","148.70K","+0.18%"
"08/28/2007","729.54","722.74","733.46","707.85","151.79K","+2.32%"
"08/27/2007","713.01","678.06","718.77","678.06","181.22K","+5.95%"
"08/24/2007","672.95","659.20","678.81","643.31","106.53K","+4.28%"
"08/23/2007","645.30","669.62","682.03","635.37","255.17K","-2.37%"
"08/22/2007","660.99","651.26","670.12","605.64","273.59K","+2.72%"
"08/21/2007","643.46","684.02","689.93","639.34","126.47K","-5.44%"
"08/20/2007","680.49","695.93","721.74","675.23","104.22K","+0.51%"
"08/17/2007","677.02","696.92","704.37","650.46","150.53K","-2.88%"
"08/16/2007","697.12","709.83","709.83","680.05","197.61K","-4.08%"
"08/14/2007","726.76","726.71","736.88","719.86","100.09K","+0.18%"
"08/13/2007","725.47","734.65","738.32","722.74","155.95K","+0.35%"
"08/10/2007","722.94","711.02","729.69","698.91","227.42K","-2.36%"
"08/09/2007","740.41","779.03","787.96","734.65","210.25K","-3.87%"
"08/08/2007","770.24","769.40","783.30","762.55","212.08K","+0.40%"
"08/07/2007","767.16","754.51","779.27","749.54","237.78K","+2.49%"
"08/06/2007","748.55","724.72","754.51","710.82","234.57K","+1.05%"
"08/03/2007","740.80","726.71","748.55","724.72","239.63K","+3.54%"
"08/02/2007","715.49","732.56","741.10","695.04","263.75K","-0.99%"
"08/01/2007","722.64","771.38","771.38","718.77","399.56K","-6.27%"
"07/31/2007","770.99","744.58","775.35","728.64","487.88K","+3.62%"
"07/30/2007","744.03","775.35","775.35","726.71","290.56K","-0.39%"
"07/27/2007","746.96","692.95","786.67","692.95","426.28K","-5.89%"
"07/26/2007","793.67","830.45","830.65","780.32","465.88K","-3.58%"
"07/25/2007","823.11","838.89","855.77","807.17","465.31K","-2.33%"
"07/24/2007","842.71","843.85","864.65","809.11","416.38K","+0.71%"
"07/23/2007","836.81","799.38","849.81","796.20","245.72K","+1.52%"
"07/20/2007","824.30","853.78","853.78","820.13","154.66K","-2.49%"
"07/19/2007","845.34","808.11","851.80","807.12","327.49K","+4.50%"
"07/18/2007","808.96","835.91","836.51","796.75","182.75K","-2.86%"
"07/17/2007","832.74","854.77","860.63","828.96","132.73K","-1.97%"
"07/16/2007","849.46","857.26","865.70","836.01","196.69K","-0.33%"
"07/13/2007","852.29","873.64","895.48","843.95","907.97K","-1.38%"
"07/12/2007","864.21","821.02","878.60","816.16","623.19K","+5.59%"
"07/11/2007","818.44","814.07","832.34","809.60","133.09K","+0.33%"
"07/10/2007","815.71","833.13","836.76","810.75","184.04K","-1.78%"
"07/09/2007","830.50","830.95","838.59","820.62","361.79K","+0.19%"
"07/06/2007","828.96","818.14","839.83","812.19","385.23K","+1.18%"
"07/05/2007","819.28","838.89","846.49","796.20","640.40K","-2.04%"
"07/04/2007","836.36","794.22","842.76","769.50","1.02M","+5.33%"
"07/03/2007","794.07","799.28","812.38","787.27","185.88K","-1.03%"
"07/02/2007","802.36","803.85","816.95","798.19","341.73K","+0.22%"
"06/29/2007","800.57","813.08","818.94","794.86","661.15K","-0.93%"
"06/28/2007","808.11","777.93","830.85","774.36","1.74M","+4.85%"
"06/27/2007","770.74","756.49","792.23","746.76","1.25M","+2.16%"
"06/26/2007","754.46","719.81","770.09","719.81","814.30K","+0.26%"
"06/25/2007","752.47","694.94","759.17","694.94","1.03M","+4.80%"
"06/22/2007","718.02","699.11","736.64","685.01","892.86K","+2.92%"
"06/21/2007","697.62","705.86","709.88","683.03","329.19K","-1.35%"
"06/20/2007","707.20","690.62","721.64","687.79","1.29M","+3.52%"
"06/19/2007","683.17","609.56","694.94","603.60","1.20M","+12.91%"
"06/18/2007","605.04","660.19","660.19","586.73","540.23K","+2.26%"
"06/15/2007","591.69","607.58","613.53","587.82","349.35K","-0.72%"
"06/14/2007","596.01","555.95","604.60","553.02","554.77K","+8.55%"
"06/13/2007","549.05","560.92","563.89","546.02","88.38K","-1.96%"
"06/12/2007","560.02","555.95","580.77","536.10","170.00K","-2.41%"
"06/11/2007","573.87","577.79","589.61","570.84","145.30K","-0.10%"
"06/08/2007","574.42","559.92","586.73","559.92","220.30K","+0.78%"
"06/07/2007","569.95","570.84","579.78","561.46","154.03K","+0.82%"
"06/06/2007","565.33","560.92","589.21","560.92","259.52K","-2.04%"
"06/05/2007","577.10","577.79","584.74","569.01","74.79K","-0.28%"
"06/04/2007","578.74","591.69","601.92","576.80","403.01K","-1.41%"
"06/01/2007","587.02","574.81","596.65","567.86","495.62K","+2.75%"
"05/31/2007","571.29","567.67","577.49","560.92","240.99K","+1.87%"
"05/30/2007","560.82","544.93","577.79","541.06","462.38K","+3.22%"
"05/29/2007","543.34","543.09","547.86","541.06","55.15K","+0.12%"
"05/28/2007","542.70","545.43","554.96","541.06","76.28K","+0.19%"
"05/25/2007","541.66","531.13","549.85","521.20","126.52K","+0.22%"
"05/24/2007","540.46","560.82","560.82","536.10","89.38K","-0.99%"
"05/23/2007","545.87","554.96","561.91","538.08","214.67K","-1.30%"
"05/22/2007","553.07","481.49","564.39","481.49","516.94K","+1.93%"
"05/21/2007","542.60","539.37","549.20","534.11","194.27K","+1.60%"
"05/18/2007","534.06","537.09","545.92","530.34","112.70K","-1.18%"
"05/17/2007","540.46","536.10","555.70","525.47","372.75K","+1.86%"
"05/16/2007","530.59","546.02","546.02","522.05","268.89K","-1.89%"
"05/15/2007","540.81","540.32","553.92","535.20","293.22K","-0.07%"
"05/14/2007","541.21","545.48","554.31","536.10","704.18K","+0.80%"
"05/11/2007","536.94","514.25","541.06","503.33","439.79K","+3.29%"
"05/10/2007","519.86","505.72","528.15","505.72","377.68K","+3.92%"
"05/09/2007","500.26","498.57","505.22","487.45","137.45K","+0.14%"
"05/08/2007","499.56","516.14","528.65","491.62","288.63K","-2.81%"
"05/07/2007","514.01","509.59","518.23","500.41","227.03K","+1.88%"
"05/04/2007","504.53","515.64","520.61","501.89","369.11K","-0.89%"
"05/03/2007","509.04","476.53","544.93","476.53","604.27K","+8.03%"
"04/30/2007","471.22","486.46","486.46","459.70","139.09K","+2.35%"
"04/27/2007","460.40","461.64","476.23","456.77","40.25K","-2.83%"
"04/26/2007","473.80","479.56","486.36","467.15","62.44K","-1.02%"
"04/25/2007","478.66","476.68","484.97","471.81","84.55K","+1.07%"
"04/24/2007","473.60","478.52","478.52","465.66","100.48K","-0.71%"
"04/23/2007","476.98","491.42","491.42","464.62","171.31K","+1.65%"
"04/20/2007","469.23","466.55","475.04","458.66","167.13K","+2.29%"
"04/19/2007","458.71","449.72","469.48","439.00","372.63K","+1.91%"
"04/18/2007","450.12","428.88","456.08","425.90","261.35K","+5.79%"
"04/17/2007","425.50","435.83","438.71","421.93","73.43K","-2.19%"
"04/16/2007","435.03","411.01","442.28","411.01","163.93K","+1.92%"
"04/13/2007","426.84","412.00","428.88","412.00","241.91K","+4.25%"
"04/12/2007","409.42","411.06","421.33","407.23","145.03K","-2.19%"
"04/11/2007","418.60","412.00","431.26","407.04","441.44K","+2.59%"
"04/10/2007","408.03","412.79","416.17","403.31","86.97K","+0.39%"
"04/09/2007","406.44","397.11","408.92","396.12","168.73K","+4.08%"
"04/05/2007","390.51","387.18","394.43","382.71","92.38K","+1.12%"
"04/04/2007","386.19","381.03","393.53","377.25","121.60K","+3.36%"
"04/03/2007","373.63","369.31","379.14","362.36","70.68K","+1.61%"
"04/02/2007","367.72","391.15","391.15","365.34","99.31K","-6.88%"
"03/30/2007","394.87","390.16","401.08","390.16","75.11K","+0.91%"
"03/29/2007","391.30","393.14","397.65","389.27","31.79K","+0.31%"
"03/28/2007","390.11","392.39","397.16","388.22","63.02K","-2.25%"
"03/26/2007","399.09","411.75","411.75","397.60","45.27K","-2.26%"
"03/23/2007","408.33","412.00","415.87","407.04","106.97K","-0.12%"
"03/22/2007","408.82","404.95","420.84","403.31","208.56K","+2.23%"
"03/21/2007","399.89","400.78","403.06","392.14","63.23K","+0.31%"
"03/20/2007","398.65","402.07","407.04","397.01","60.56K","+0.18%"
"03/19/2007","397.95","397.11","402.07","390.26","52.86K","+1.96%"
"03/16/2007","390.31","400.98","404.06","387.43","76.88K","-1.74%"
"03/15/2007","397.21","396.96","411.80","394.63","120.42K","+1.74%"
"03/14/2007","390.41","392.64","399.59","385.34","90.84K","-4.12%"
"03/13/2007","407.18","407.04","411.90","401.18","102.02K","+1.25%"
"03/12/2007","402.17","406.99","416.91","400.09","80.05K","-0.83%"
"03/09/2007","405.55","416.96","420.93","403.11","108.33K","-2.69%"
"03/08/2007","416.76","389.17","421.83","389.17","125.40K","+3.96%"
"03/07/2007","400.88","413.99","423.32","397.11","103.28K","-2.79%"
"03/06/2007","412.40","421.93","441.78","397.11","110.71K","-0.54%"
"03/05/2007","414.63","436.82","436.82","412.99","124.17K","-7.16%"
"03/02/2007","446.60","457.67","467.64","442.87","97.91K","-1.96%"
"03/01/2007","455.53","466.60","473.95","444.26","119.29K","-2.24%"
"02/28/2007","465.96","434.83","470.82","421.93","284.84K","+1.43%"
"02/27/2007","459.40","471.57","471.57","456.67","109.10K","-2.05%"
"02/26/2007","469.03","466.60","473.25","460.65","125.63K","+1.44%"
"02/23/2007","462.38","468.59","483.38","456.67","245.00K","-1.45%"
"02/22/2007","469.18","476.53","480.00","466.90","101.11K","-1.52%"
"02/21/2007","476.43","477.82","485.46","471.57","115.99K","-0.29%"
"02/20/2007","477.82","496.38","496.38","476.53","137.38K","-3.26%"
"02/19/2007","493.90","502.34","505.32","491.42","233.95K","-1.32%"
"02/15/2007","500.50","491.42","505.32","488.44","335.34K","+4.24%"
"02/14/2007","480.15","456.72","491.42","441.78","326.61K","+4.99%"
"02/13/2007","457.32","447.74","469.58","434.93","369.43K","+2.16%"
"02/12/2007","447.64","482.49","482.93","444.31","215.53K","-7.30%"
"02/09/2007","482.88","500.36","508.10","478.17","274.50K","-2.06%"
"02/08/2007","493.06","544.93","544.93","477.57","196.37K","+1.48%"
"02/07/2007","485.86","492.41","494.40","479.51","174.09K","-1.64%"
"02/06/2007","493.95","505.02","507.31","489.53","219.14K","-1.64%"
"02/05/2007","502.19","488.44","511.28","478.52","521.46K","+2.79%"
"02/02/2007","488.54","474.54","496.38","474.54","328.82K","+1.30%"
"02/01/2007","482.29","474.15","488.34","467.99","181.26K","+2.74%"
"01/31/2007","469.43","479.76","486.41","464.32","260.29K","-2.82%"
"01/29/2007","483.03","481.84","491.42","478.52","198.94K","+0.87%"
"01/25/2007","478.86","477.17","483.38","474.49","167.66K","+1.07%"
"01/24/2007","473.80","469.08","476.08","466.60","109.08K","+1.54%"
"01/23/2007","466.60","475.54","477.52","465.11","115.51K","-2.09%"
"01/22/2007","476.58","484.47","486.41","471.67","145.46K","-1.17%"
"01/19/2007","482.24","496.29","496.29","472.31","269.18K","-2.01%"
"01/18/2007","492.12","497.28","511.28","481.59","769.17K","-0.43%"
"01/17/2007","494.25","479.51","500.36","472.56","776.88K","+3.71%"
"01/16/2007","476.58","479.06","490.43","473.85","378.55K","+0.58%"
"01/15/2007","473.85","468.59","480.35","462.73","315.88K","+1.30%"
"01/12/2007","467.79","459.65","476.48","459.60","343.64K","+2.53%"
"01/11/2007","456.23","456.67","462.53","447.39","189.65K","+0.59%"
"01/10/2007","453.55","466.40","469.73","452.21","391.21K","-3.28%"
"01/09/2007","468.93","487.45","498.37","453.00","1.01M","-3.20%"
"01/08/2007","484.42","456.67","488.44","445.75","1.16M","+6.02%"
"01/05/2007","456.92","453.45","463.92","450.72","191.06K","+1.21%"
"01/04/2007","451.46","452.95","461.64","449.23","153.26K","+0.06%"
"01/03/2007","451.21","454.49","463.62","449.23","216.30K","+0.05%"
"01/02/2007","450.97","458.66","460.60","448.73","126.18K","-1.67%"
"12/29/2006","458.61","456.57","466.20","452.70","296.98K","+1.07%"
"12/28/2006","453.75","461.64","463.62","450.37","172.21K","-1.58%"
"12/27/2006","461.04","469.03","471.37","458.21","346.79K","-0.72%"
"12/26/2006","464.37","456.67","471.57","456.67","313.66K","+2.35%"
"12/22/2006","453.70","438.06","464.62","437.32","231.90K","+3.71%"
"12/21/2006","437.46","435.73","444.07","429.92","139.52K","+0.50%"
"12/20/2006","435.28","453.99","454.54","431.26","260.61K","-2.79%"
"12/19/2006","447.79","444.76","455.33","433.84","550.59K","+1.11%"
"12/18/2006","442.87","445.16","446.15","419.94","364.97K","+0.19%"
"12/15/2006","442.03","442.33","446.15","437.91","200.37K","+0.83%"
"12/14/2006","438.41","440.00","443.67","432.85","265.38K","+1.16%"
"12/13/2006","433.39","412.50","438.80","401.18","391.10K","+5.41%"
"12/12/2006","411.16","432.85","449.53","400.04","579.84K","-5.62%"
"12/11/2006","435.63","451.71","451.71","429.12","442.65K","-2.84%"
"12/08/2006","448.38","457.96","465.51","443.77","674.41K","-1.24%"
"12/07/2006","453.99","445.75","461.64","440.00","734.91K","+2.20%"
"12/06/2006","444.21","459.21","459.60","437.02","426.97K","-2.79%"
"12/05/2006","456.97","463.13","470.37","450.72","470.74K","-1.13%"
"12/04/2006","462.18","470.57","480.90","457.67","1.06M","+0.08%"
"12/01/2006","461.79","427.73","469.48","424.91","2.43M","+9.02%"
"11/30/2006","423.57","430.86","431.85","420.44","205.66K","-1.03%"
"11/29/2006","427.98","429.03","433.84","423.91","191.44K","+0.33%"
"11/28/2006","426.59","431.85","431.85","422.18","231.15K","-2.05%"
"11/27/2006","435.53","445.06","445.06","431.95","271.94K","-1.43%"
"11/24/2006","441.83","446.40","458.11","438.31","802.54K","-0.52%"
"11/23/2006","444.12","428.58","451.71","427.54","995.16K","+4.49%"
"11/22/2006","425.05","426.59","434.39","420.04","321.84K","+0.73%"
"11/21/2006","421.98","413.99","431.76","413.99","356.77K","+2.64%"
"11/20/2006","411.11","428.73","428.73","401.72","421.59K","-3.74%"
"11/17/2006","427.09","444.46","451.71","419.00","875.15K","-1.19%"
"11/16/2006","432.25","428.88","444.66","423.57","570.84K","+1.31%"
"11/15/2006","426.64","438.01","441.78","424.01","265.63K","-2.06%"
"11/14/2006","435.63","441.63","452.60","432.35","472.78K","-0.41%"
"11/13/2006","437.41","444.76","447.64","435.63","245.40K","-1.24%"
"11/10/2006","442.92","446.35","455.19","440.79","309.75K","-0.54%"
"11/09/2006","445.31","446.60","456.67","441.68","406.19K","+0.39%"
"11/08/2006","443.57","461.29","463.52","434.93","578.25K","-3.92%"
"11/07/2006","461.69","471.02","478.27","458.86","957.08K","-1.00%"
"11/06/2006","466.35","445.41","472.41","437.91","1.54M","+5.09%"
"11/03/2006","443.77","458.66","460.65","439.30","738.20K","-3.34%"
"11/02/2006","459.11","445.95","470.37","432.15","1.77M","+0.62%"
"11/01/2006","456.28","431.95","461.24","419.30","2.50M","+6.68%"
"10/31/2006","427.69","442.78","454.09","424.21","1.31M","-2.05%"
"10/30/2006","436.62","398.05","445.75","388.57","2.46M","+9.57%"
"10/27/2006","398.50","397.11","410.91","384.75","1.37M","+1.13%"
"10/26/2006","394.03","378.59","399.44","378.25","1.69M","+5.13%"
"10/23/2006","374.82","349.11","380.03","348.46","1.04M","+10.98%"
"10/20/2006","337.74","343.35","347.42","333.57","123.90K","-0.80%"
"10/19/2006","340.47","348.36","350.45","336.55","73.08K","-1.37%"
"10/18/2006","345.19","350.65","350.99","344.44","56.55K","-0.57%"
"10/17/2006","347.17","352.43","352.43","342.56","99.88K","-0.85%"
"10/16/2006","350.15","350.25","358.29","349.06","153.51K","+0.28%"
"10/13/2006","349.16","352.43","361.32","346.63","131.68K","-0.45%"
"10/12/2006","350.75","353.13","353.13","344.74","128.89K","-0.05%"
"10/11/2006","350.94","366.28","367.57","348.61","176.97K","-3.26%"
"10/10/2006","362.76","366.73","372.98","358.39","464.60K","-0.22%"
"10/09/2006","363.55","355.31","368.71","345.98","595.57K","+2.01%"
"10/06/2006","356.40","360.08","360.08","350.99","286.44K","-0.91%"
"10/05/2006","359.68","346.87","368.76","346.87","894.88K","+4.60%"
"10/04/2006","343.85","352.04","358.29","341.66","409.06K","-1.73%"
"10/03/2006","349.90","351.34","359.08","339.97","1.26M","+0.76%"
"09/29/2006","347.27","335.56","352.43","313.72","1.16M","+4.12%"
"09/28/2006","333.52","350.75","351.89","330.74","491.76K","-4.26%"
"09/27/2006","348.36","333.92","358.89","332.68","2.36M","+5.34%"
"09/26/2006","330.69","290.83","344.49","289.94","2.01M","+14.47%"
"09/25/2006","288.90","294.75","294.75","288.05","80.50K","-1.07%"
"09/22/2006","292.02","295.05","300.21","289.89","196.73K","-0.66%"
"09/21/2006","293.96","291.58","302.60","289.99","373.35K","+2.53%"
"09/20/2006","286.71","275.00","290.53","272.02","209.83K","+3.57%"
"09/19/2006","276.83","287.31","287.51","273.01","50.17K","-2.74%"
"09/18/2006","284.63","285.17","293.66","283.58","113.02K","+0.86%"
"09/15/2006","282.19","287.95","289.59","280.16","54.91K","-2.37%"
"09/14/2006","289.04","289.74","291.38","236.13","92.42K","+0.57%"
"09/13/2006","287.41","283.44","292.87","283.44","120.62K","+2.35%"
"09/12/2006","280.80","278.92","284.92","270.03","136.14K","+1.65%"
"09/11/2006","276.24","292.22","293.36","274.00","94.96K","-4.93%"
"09/08/2006","290.58","295.25","299.32","289.04","110.92K","-0.68%"
"09/07/2006","292.57","297.83","299.62","284.92","106.93K","-2.34%"
"09/06/2006","299.57","302.20","310.14","298.08","454.05K","-0.36%"
"09/05/2006","300.66","280.66","306.47","279.46","951.05K","+7.87%"
"09/04/2006","278.72","278.97","280.36","269.04","116.03K","+0.68%"
"09/01/2006","276.83","274.00","281.45","271.13","201.04K","+1.99%"
"08/31/2006","271.42","275.00","275.79","265.07","146.50K","+0.72%"
"08/30/2006","269.49","275.94","275.94","267.30","64.12K","-1.61%"
"08/29/2006","273.91","277.68","277.98","271.03","46.35K","-0.45%"
"08/28/2006","275.15","275.89","276.98","273.01","94.43K","+0.53%"
"08/25/2006","273.71","277.98","280.46","271.22","161.72K","-0.49%"
"08/24/2006","275.05","273.01","276.88","270.18","78.61K","-0.86%"
"08/23/2006","277.43","275.00","281.85","273.26","118.57K","+0.45%"
"08/22/2006","276.19","274.80","282.05","272.12","177.99K","+1.65%"
"08/21/2006","271.72","271.03","273.66","260.45","74.22K","+0.04%"
"08/18/2006","271.62","267.85","277.83","260.11","188.20K","+2.32%"
"08/17/2006","265.47","274.30","276.68","260.11","128.08K","-2.69%"
"08/16/2006","272.81","268.05","277.83","266.56","305.53K","+3.46%"
"08/14/2006","263.68","259.71","266.06","259.06","119.33K","+2.63%"
"08/11/2006","256.93","263.98","268.05","255.14","263.41K","-1.86%"
"08/10/2006","261.79","252.86","264.57","250.28","444.46K","+4.85%"
"08/09/2006","249.68","230.82","252.16","228.39","366.86K","+7.83%"
"08/08/2006","231.56","230.32","235.09","228.88","86.66K","+1.83%"
"08/07/2006","227.39","229.03","232.80","226.85","45.72K","-1.61%"
"08/04/2006","231.12","236.28","242.09","230.42","104.67K","-1.93%"
"08/03/2006","235.68","236.13","243.13","234.39","169.45K","+0.72%"
"08/02/2006","234.00","224.37","239.16","224.37","143.40K","+2.01%"
"08/01/2006","229.38","233.30","234.29","224.37","66.13K","-2.12%"
"07/31/2006","234.34","235.19","240.75","233.30","76.88K","+1.05%"
"07/28/2006","231.91","237.67","243.18","229.83","191.48K","-1.48%"
"07/27/2006","235.39","217.02","242.58","215.53","443.25K","+10.23%"
"07/26/2006","213.54","205.50","215.93","197.66","54.11K","+3.81%"
"07/25/2006","205.70","204.51","207.99","202.53","47.81K","+3.81%"
"07/24/2006","198.16","198.55","202.28","194.58","50.56K","-3.15%"
"07/21/2006","204.61","208.48","213.35","201.04","48.20K","-3.74%"
"07/20/2006","212.55","214.24","216.42","211.46","35.36K","+1.04%"
"07/19/2006","210.37","218.21","221.19","208.48","67.43K","-2.21%"
"07/18/2006","215.13","222.38","224.37","213.50","33.52K","-3.41%"
"07/17/2006","222.73","219.40","225.31","219.40","47.36K","-0.95%"
"07/14/2006","224.86","226.35","226.35","220.49","62.84K","-1.95%"
"07/13/2006","229.33","224.37","232.06","219.40","204.64K","+3.89%"
"07/12/2006","220.74","226.65","226.65","209.47","52.06K","+1.09%"
"07/11/2006","218.36","226.75","226.75","215.48","122.15K","+0.25%"
"07/10/2006","217.81","227.34","227.34","213.45","54.00K","+0.11%"
"07/07/2006","217.57","234.14","236.28","215.43","105.37K","-5.29%"
"07/06/2006","229.73","220.49","235.78","220.49","118.83K","+1.74%"
"07/05/2006","225.81","225.26","228.24","223.77","52.39K","-0.83%"
"07/04/2006","227.69","235.58","236.28","226.55","53.28K","-1.84%"
"07/03/2006","231.96","237.57","240.75","229.33","62.58K","-0.09%"
"06/30/2006","232.16","228.34","238.17","224.37","100.72K","+6.56%"
"06/29/2006","217.86","224.66","227.79","216.42","39.28K","-1.00%"
"06/28/2006","220.05","216.47","222.78","211.61","66.78K","-1.03%"
"06/27/2006","222.33","225.36","233.20","215.43","66.39K","-0.44%"
"06/26/2006","223.32","247.20","250.08","221.39","83.02K","-7.54%"
"06/23/2006","241.54","228.34","246.01","225.66","93.08K","-0.31%"
"06/22/2006","242.29","238.26","247.05","235.98","126.71K","+4.57%"
"06/21/2006","231.71","216.92","236.08","215.48","139.91K","+6.87%"
"06/20/2006","216.82","217.91","221.98","210.42","54.21K","-2.41%"
"06/19/2006","222.18","205.90","223.87","205.90","72.87K","+3.04%"
"06/16/2006","215.63","214.44","224.37","213.54","126.70K","+4.45%"
"06/15/2006","206.45","214.79","214.79","193.59","87.62K","+9.19%"
"06/14/2006","189.07","204.51","209.47","185.15","167.67K","-3.82%"
"06/13/2006","196.57","203.52","205.50","192.70","92.81K","-8.73%"
"06/12/2006","215.38","220.49","230.32","209.57","118.50K","-1.81%"
"06/09/2006","219.35","193.59","222.38","193.59","152.47K","+12.33%"
"06/08/2006","195.28","206.50","209.42","180.78","236.97K","-7.72%"
"06/07/2006","211.61","238.26","244.22","208.48","138.82K","-13.18%"
"06/06/2006","243.73","258.22","258.22","240.25","86.84K","-7.44%"
"06/05/2006","263.33","266.76","267.55","255.44","94.25K","+1.01%"
"06/02/2006","260.70","273.01","273.01","234.59","168.49K","-4.07%"
"06/01/2006","271.77","272.37","281.95","266.26","99.35K","-0.22%"
"05/31/2006","272.37","277.98","277.98","258.12","96.31K","-3.41%"
"05/30/2006","282.00","296.84","301.60","280.06","185.55K","-2.99%"
"05/29/2006","290.68","276.78","292.87","276.78","93.82K","+6.30%"
"05/26/2006","273.46","264.08","275.99","264.08","98.08K","+6.37%"
"05/25/2006","257.08","250.18","265.07","250.18","62.72K","-3.14%"
"05/24/2006","265.42","271.03","277.48","259.11","84.09K","-0.26%"
"05/23/2006","266.11","253.16","269.04","221.39","121.93K","+9.29%"
"05/22/2006","243.48","278.03","291.38","221.19","127.05K","-11.94%"
"05/19/2006","276.49","307.66","313.62","273.01","104.84K","-6.51%"
"05/18/2006","295.75","323.64","324.64","290.88","108.59K","-9.34%"
"05/17/2006","326.22","322.60","330.59","319.67","107.70K","+3.97%"
"05/16/2006","313.76","320.66","325.28","292.97","150.34K","-0.71%"
"05/15/2006","316.00","342.41","346.68","311.73","132.30K","-6.86%"
"05/12/2006","339.28","343.50","347.47","337.54","54.64K","-1.10%"
"05/11/2006","343.05","350.35","350.35","341.56","58.94K","-0.58%"
"05/10/2006","345.04","352.43","356.90","342.90","95.91K","-2.03%"
"05/09/2006","352.19","358.09","359.68","348.56","94.14K","-1.16%"
"05/08/2006","356.31","353.92","368.32","348.46","168.60K","+1.89%"
"05/05/2006","349.70","361.37","361.37","348.36","127.51K","-2.32%"
"05/04/2006","357.99","365.98","371.20","352.63","196.97K","-1.33%"
"05/03/2006","362.81","387.18","389.07","361.37","274.34K","-6.29%"
"05/02/2006","387.18","394.82","405.30","383.36","570.22K","+16.02%"
"04/28/2006","333.72","318.78","337.44","273.01","124.55K","-1.16%"
"04/27/2006","337.64","347.07","351.44","335.56","110.44K","-1.97%"
"04/26/2006","344.44","346.28","351.44","342.01","96.88K","+0.22%"
"04/25/2006","343.70","356.40","359.33","342.01","101.88K","-3.38%"
"04/24/2006","355.71","348.46","363.35","342.60","156.83K","+2.66%"
"04/21/2006","346.48","357.40","357.40","343.00","116.14K","-2.21%"
"04/20/2006","354.32","330.49","365.34","330.49","83.48K","-2.01%"
"04/19/2006","361.57","361.37","369.31","357.40","233.49K","+0.65%"
"04/18/2006","359.23","357.40","369.31","356.16","189.02K","+0.88%"
"04/17/2006","356.11","345.48","359.83","345.48","186.80K","+3.13%"
"04/13/2006","345.29","360.18","362.71","336.55","265.95K","-4.22%"
"04/12/2006","360.52","379.24","384.20","357.45","399.23K","-4.46%"
"04/10/2006","377.35","392.14","392.14","373.83","282.21K","-3.10%"
"04/07/2006","389.41","411.65","413.99","383.31","322.12K","-4.75%"
"04/05/2006","408.82","402.07","416.96","402.07","814.29K","+2.60%"
"04/04/2006","398.45","379.24","403.06","379.24","580.30K","+6.29%"
"04/03/2006","374.87","371.30","377.25","368.32","187.06K","+2.23%"
"03/31/2006","366.68","374.87","375.17","364.40","211.79K","-1.11%"
"03/30/2006","370.80","372.69","382.12","368.12","224.93K","+1.33%"
"03/29/2006","365.94","372.19","377.00","364.40","220.79K","-1.68%"
"03/28/2006","372.19","389.17","392.04","368.57","213.76K","-3.97%"
"03/27/2006","387.58","390.16","399.99","385.19","241.82K","-0.20%"
"03/24/2006","388.37","391.85","394.18","383.21","139.76K","-0.47%"
"03/23/2006","390.21","398.10","401.58","386.19","304.90K","-1.60%"
"03/22/2006","396.56","400.04","407.53","393.43","448.56K","-0.85%"
"03/21/2006","399.94","402.07","411.01","397.11","261.63K","-0.23%"
"03/20/2006","400.88","404.06","411.01","389.17","423.07K","+0.37%"
"03/17/2006","399.39","412.00","415.82","398.10","236.24K","-3.28%"
"03/16/2006","412.94","416.67","419.35","409.02","301.55K","+0.05%"
"03/14/2006","412.74","426.69","430.37","410.51","332.38K","-3.15%"
"03/13/2006","426.15","432.55","438.80","423.91","546.72K","-0.66%"
"03/10/2006","428.98","423.02","435.23","423.02","760.90K","+2.20%"
"03/09/2006","419.74","415.62","428.88","408.03","1.17M","+1.41%"
"03/08/2006","413.89","409.91","433.69","409.22","1.32M","+0.76%"
"03/07/2006","410.76","411.90","421.93","405.05","840.83K","+0.20%"
"03/06/2006","409.96","397.11","416.96","393.24","1.27M","+4.04%"
"03/03/2006","394.03","387.18","410.01","385.29","1.32M","+2.22%"
"03/02/2006","385.49","356.35","412.89","355.26","1.61M","+9.64%"
"03/01/2006","351.59","329.60","358.19","322.80","1.08M","+7.56%"
"02/28/2006","326.87","320.62","334.02","306.87","950.85K","+2.76%"
"02/27/2006","318.08","314.41","325.43","312.72","410.33K","+1.97%"
"02/24/2006","311.93","311.73","315.20","306.77","233.10K","+0.80%"
"02/23/2006","309.45","303.79","317.69","302.30","450.55K","+2.28%"
"02/22/2006","302.55","304.68","306.77","299.07","174.80K","-0.10%"
"02/21/2006","302.84","302.79","312.62","301.40","235.14K","+0.43%"
"02/20/2006","301.55","306.67","306.67","294.85","307.10K","-1.57%"
"02/17/2006","306.37","317.59","325.18","304.28","625.91K","-3.30%"
"02/16/2006","316.84","311.18","326.62","306.27","548.20K","+2.23%"
"02/15/2006","309.94","314.21","314.46","306.77","226.08K","-0.03%"
"02/14/2006","310.04","312.72","322.05","306.87","734.91K","+0.74%"
"02/13/2006","307.76","288.90","312.23","285.92","940.55K","+6.94%"
"02/10/2006","287.80","287.61","292.62","286.41","196.82K","+0.94%"
"02/08/2006","285.12","292.87","292.87","283.44","229.09K","-1.81%"
"02/07/2006","290.39","277.28","297.83","276.88","550.58K","+5.81%"
"02/06/2006","274.45","276.49","280.36","273.01","135.89K","+0.07%"
"02/03/2006","274.25","253.80","286.91","253.80","253.12K","-1.13%"
"02/02/2006","277.38","276.98","283.58","273.51","255.74K","+0.63%"
"02/01/2006","275.64","290.88","290.88","273.01","448.58K","-5.80%"
"01/31/2006","292.62","294.70","299.62","291.38","248.20K","+0.09%"
"01/30/2006","292.37","299.82","302.70","290.93","526.21K","-1.70%"
"01/27/2006","297.43","285.92","307.76","283.93","1.02M","+4.63%"
"01/25/2006","284.28","269.59","290.88","267.25","898.22K","+3.94%"
"01/24/2006","273.51","276.88","278.97","271.87","409.64K","-0.27%"
"01/23/2006","274.25","263.08","279.96","257.13","1.20M","+4.13%"
"01/20/2006","263.38","250.18","268.05","250.18","815.22K","+5.32%"
"01/19/2006","250.08","245.71","255.14","245.61","244.88K","+2.84%"
"01/18/2006","243.18","250.38","251.57","230.32","336.37K","-2.22%"
"01/17/2006","248.69","250.48","260.21","244.32","692.92K","+0.28%"
"01/16/2006","247.99","241.54","252.66","240.25","355.42K","+3.65%"
"01/13/2006","239.26","244.92","251.17","236.48","380.73K","-1.83%"
"01/12/2006","243.73","228.19","255.14","223.42","795.36K","+6.81%"
"01/10/2006","228.19","234.29","235.04","227.49","281.26K","-2.58%"
"01/09/2006","234.24","231.32","238.26","227.39","706.96K","+2.90%"
"01/06/2006","227.64","212.75","229.83","212.75","766.32K","+6.38%"
"01/05/2006","213.99","215.43","216.27","208.98","89.60K","-0.53%"
"01/04/2006","215.13","214.98","216.92","213.45","80.62K","+0.58%"
"01/03/2006","213.89","214.14","215.68","212.70","68.66K","+0.16%"
"01/02/2006","213.54","214.98","217.81","212.60","80.68K","-0.67%"
"12/30/2005","214.98","211.46","218.36","210.22","218.40K","+2.31%"
"12/29/2005","210.12","205.45","218.21","205.45","110.16K","+2.44%"
"12/28/2005","205.11","201.53","210.47","200.74","606.48K","+1.75%"
"12/27/2005","201.58","198.06","202.53","195.08","81.72K","+2.50%"
"12/26/2005","196.67","205.50","206.69","190.71","122.56K","-3.76%"
"12/23/2005","204.36","210.22","211.36","203.62","66.25K","-2.16%"
"12/22/2005","208.88","210.96","212.06","207.59","109.28K","-0.10%"
"12/21/2005","209.08","211.96","213.40","207.74","61.46K","-0.47%"
"12/20/2005","210.07","213.94","215.13","208.88","78.17K","-1.76%"
"12/19/2005","213.84","215.43","217.37","213.45","66.22K","-0.53%"
"12/16/2005","214.98","210.37","215.78","208.98","95.10K","+2.51%"
"12/15/2005","209.72","216.67","217.32","206.50","107.90K","-2.56%"
"12/14/2005","215.23","223.62","223.62","214.09","137.52K","-3.13%"
"12/13/2005","222.18","222.38","225.36","219.90","211.51K","+0.27%"
"12/12/2005","221.59","224.37","225.16","219.35","232.21K","-0.73%"
"12/09/2005","223.22","218.91","224.86","216.42","426.84K","+2.37%"
"12/08/2005","218.06","220.39","223.37","215.43","418.22K","-0.32%"
"12/07/2005","218.76","212.55","220.15","212.55","609.84K","+2.51%"
"12/06/2005","213.40","213.15","217.17","211.46","555.59K","+0.89%"
"12/05/2005","211.51","206.50","214.14","206.40","645.89K","+2.97%"
"12/02/2005","205.40","199.55","209.28","196.67","692.84K","+3.71%"
"12/01/2005","198.06","196.57","200.54","194.58","159.01K","+1.37%"
"11/30/2005","195.38","192.50","204.36","191.85","461.10K","+2.26%"
"11/29/2005","191.06","199.55","200.54","189.22","365.57K","-3.97%"
"11/28/2005","198.95","198.16","203.96","196.97","651.78K","+8.79%"
"11/25/2005","182.87","183.61","185.15","179.39","131.70K","+0.65%"
"11/24/2005","181.68","188.63","188.63","181.08","22.47K","-0.60%"
"11/23/2005","182.77","188.63","188.63","181.88","30.92K","+0.30%"
"11/22/2005","182.22","185.65","186.74","181.53","38.78K","-2.24%"
"11/21/2005","186.39","192.00","192.00","185.65","47.07K","-2.01%"
"11/18/2005","190.21","188.53","195.03","184.66","224.81K","+1.86%"
"11/17/2005","186.74","185.35","189.62","184.16","131.24K","+2.03%"
"11/16/2005","183.02","175.72","185.50","174.23","190.19K","+4.98%"
"11/14/2005","174.33","173.88","176.71","172.94","30.67K","+1.01%"
"11/11/2005","172.59","175.22","176.61","171.05","62.62K","-1.08%"
"11/10/2005","174.48","174.68","176.56","173.04","19.59K","+0.43%"
"11/09/2005","173.73","175.72","178.70","172.74","40.51K","-1.22%"
"11/08/2005","175.87","175.17","177.41","173.73","44.89K","+1.00%"
"11/07/2005","174.13","168.77","174.73","168.77","46.51K","+3.39%"
"11/02/2005","168.42","168.97","170.81","165.54","56.82K","-1.71%"
"11/01/2005","171.35","165.79","173.09","164.80","38.27K","+4.92%"
"10/31/2005","163.31","165.79","169.76","161.87","53.67K","-0.31%"
"10/28/2005","163.81","167.88","168.87","162.81","34.81K","-2.48%"
"10/27/2005","167.98","170.76","170.76","166.88","78.92K","-0.94%"
"10/26/2005","169.57","172.05","172.74","169.02","54.44K","-1.10%"
"10/25/2005","171.45","173.29","173.73","170.11","17.88K","-0.80%"
"10/24/2005","172.84","177.21","177.21","171.80","36.24K","-0.60%"
"10/21/2005","173.88","165.79","176.61","162.02","66.29K","+4.88%"
"10/20/2005","165.79","175.22","176.61","160.43","177.74K","-2.85%"
"10/19/2005","170.66","174.73","174.73","168.77","51.01K","-2.36%"
"10/18/2005","174.78","174.78","179.44","173.09","73.70K","+1.06%"
"10/17/2005","172.94","176.71","178.30","172.44","53.26K","-1.94%"
"10/14/2005","176.37","181.38","183.22","175.03","114.94K","-2.41%"
"10/13/2005","180.73","186.64","186.64","179.79","181.12K","-3.04%"
"10/11/2005","186.39","195.08","195.58","185.45","160.77K","-3.49%"
"10/10/2005","193.14","198.45","201.14","192.25","84.47K","-2.01%"
"10/07/2005","197.11","202.92","209.28","195.67","448.25K","-1.93%"
"10/06/2005","200.99","201.53","206.20","194.58","195.00K","-0.24%"
"10/05/2005","201.48","216.42","216.42","199.89","304.76K","-0.86%"
"10/04/2005","203.22","195.58","206.89","193.99","289.45K","+4.95%"
"10/03/2005","193.64","194.38","195.28","193.29","34.96K","+0.72%"
"09/30/2005","192.25","196.57","197.61","190.61","54.01K","-2.32%"
"09/29/2005","196.82","195.53","202.43","194.88","143.09K","+1.30%"
"09/28/2005","194.29","194.63","196.37","193.84","38.60K","+0.23%"
"09/27/2005","193.84","192.60","196.57","192.60","53.74K","+1.14%"
"09/26/2005","191.65","193.59","194.78","188.78","90.79K","+1.34%"
"09/23/2005","189.12","198.55","198.55","186.84","87.37K","-2.83%"
"09/22/2005","194.63","197.96","202.92","192.60","270.96K","-0.13%"
"09/21/2005","194.88","200.54","201.53","188.63","94.82K","-2.58%"
"09/20/2005","200.04","201.04","203.42","198.55","86.10K","-0.42%"
"09/19/2005","200.89","200.64","203.91","200.54","79.90K","-0.02%"
"09/16/2005","200.94","203.52","205.01","199.75","81.72K","-0.98%"
"09/15/2005","202.92","203.22","204.51","202.53","65.83K","+0.39%"
"09/14/2005","202.13","205.21","208.38","200.64","173.50K","-0.80%"
"09/13/2005","203.77","207.39","207.99","203.52","105.97K","-0.75%"
"09/12/2005","205.30","203.52","210.27","202.53","183.96K","+1.47%"
"09/09/2005","202.33","200.54","204.46","200.54","69.49K","-0.41%"
"09/08/2005","203.17","204.16","206.00","202.03","92.38K","+0.46%"
"09/06/2005","202.23","205.11","205.40","201.63","65.67K","-0.44%"
"09/05/2005","203.12","208.48","209.47","202.33","166.49K","-1.57%"
"09/02/2005","206.35","204.51","212.45","202.28","466.12K","+1.20%"
"09/01/2005","203.91","205.90","208.78","202.82","123.07K","-0.32%"
"08/31/2005","204.56","202.57","212.30","201.53","325.57K","+1.03%"
"08/30/2005","202.48","203.47","203.52","200.59","98.33K","+0.79%"
"08/29/2005","200.89","203.32","203.52","199.79","65.70K","-0.47%"
"08/26/2005","201.83","193.09","228.34","193.09","119.87K","+3.59%"
"08/25/2005","194.83","195.38","196.07","191.85","33.12K","+0.80%"
"08/24/2005","193.29","195.58","197.56","191.01","61.97K","-0.89%"
"08/23/2005","195.03","201.78","202.53","194.09","54.71K","-3.72%"
"08/22/2005","202.57","204.01","204.51","201.14","74.11K","-0.22%"
"08/19/2005","203.02","202.33","203.52","200.59","89.45K","+0.96%"
"08/18/2005","201.09","204.31","204.91","200.54","90.88K","-0.78%"
"08/17/2005","202.67","202.53","206.40","201.53","125.19K","+0.52%"
"08/16/2005","201.63","207.84","208.88","200.54","183.32K","-1.81%"
"08/12/2005","205.35","208.88","215.43","204.71","213.59K","-0.79%"
"08/11/2005","206.99","210.37","210.86","205.50","91.69K","-0.43%"
"08/10/2005","207.89","207.89","210.67","206.60","88.22K","+1.26%"
"08/09/2005","205.30","210.17","212.15","204.51","122.28K","-1.38%"
"08/08/2005","208.18","215.43","215.43","207.49","70.34K","-2.29%"
"08/05/2005","213.05","210.37","220.30","207.49","338.39K","+2.36%"
"08/04/2005","208.13","209.33","213.84","206.99","119.49K","+0.24%"
"08/03/2005","207.64","209.47","209.47","206.50","51.98K","-0.31%"
"08/02/2005","208.28","208.13","212.85","206.99","74.03K","+1.25%"
"08/01/2005","205.70","203.52","210.27","201.53","134.62K","-3.13%"
"07/29/2005","212.35","200.74","220.25","200.74","63.92K","-2.69%"
"07/27/2005","218.21","220.39","221.98","216.57","87.11K","-0.45%"
"07/26/2005","219.20","219.30","226.25","216.57","255.19K","+0.89%"
"07/25/2005","217.27","212.15","224.07","212.06","338.64K","+3.50%"
"07/22/2005","209.92","210.62","214.24","208.58","48.49K","-0.66%"
"07/21/2005","211.31","196.22","215.13","196.22","57.87K","-0.93%"
"07/20/2005","213.30","213.94","215.43","212.45","65.35K","+0.12%"
"07/19/2005","213.05","213.45","215.43","212.25","49.34K","-0.09%"
"07/18/2005","213.25","216.13","218.41","212.45","79.31K","-0.39%"
"07/15/2005","214.09","217.37","218.51","213.45","79.79K","-1.15%"
"07/14/2005","216.57","215.33","218.41","214.29","78.52K","+1.06%"
"07/13/2005","214.29","214.84","218.01","212.50","105.72K","+0.42%"
"07/12/2005","213.40","219.65","220.39","211.46","114.80K","-2.78%"
"07/11/2005","219.50","218.31","220.39","216.42","134.56K","+1.40%"
"07/08/2005","216.47","216.42","218.26","213.25","146.51K","+1.89%"
"07/07/2005","212.45","223.57","226.95","210.62","253.84K","-3.45%"
"07/06/2005","220.05","208.18","223.32","208.08","442.21K","+6.69%"
"07/05/2005","206.25","210.27","215.43","204.91","157.24K","-1.19%"
"07/04/2005","208.73","209.28","213.89","207.54","86.56K","+0.57%"
"07/01/2005","207.54","207.09","210.27","206.30","64.08K","+0.22%"
"06/30/2005","207.09","206.40","213.59","205.50","102.92K","+0.63%"
"06/29/2005","205.80","204.31","206.50","202.53","35.10K","+1.54%"
"06/28/2005","202.67","205.40","208.48","201.48","67.75K","-0.42%"
"06/27/2005","203.52","205.75","208.18","201.63","51.21K","-1.68%"
"06/24/2005","206.99","206.40","209.62","203.52","79.45K","+1.19%"
"06/23/2005","204.56","207.34","208.48","203.77","63.85K","-0.48%"
"06/22/2005","205.55","206.40","209.23","204.11","65.04K","+0.07%"
"06/21/2005","205.40","205.50","213.45","202.03","96.94K","+0.48%"
"06/20/2005","204.41","206.50","213.40","200.14","83.86K","-2.99%"
"06/17/2005","210.72","216.23","217.42","209.97","138.94K","-1.83%"
"06/16/2005","214.64","219.25","222.38","213.94","243.20K","-1.14%"
"06/15/2005","217.12","216.13","222.48","216.13","264.98K","-0.39%"
"06/14/2005","217.96","220.39","223.13","217.42","76.62K","-1.46%"
"06/13/2005","221.19","223.77","225.76","219.95","75.89K","-1.15%"
"06/10/2005","223.77","227.10","228.83","222.88","75.22K","-0.60%"
"06/09/2005","225.11","228.34","231.02","223.67","125.60K","-1.60%"
"06/08/2005","228.78","231.22","233.20","228.09","83.50K","-0.50%"
"06/07/2005","229.93","232.80","234.99","229.13","69.43K","-1.17%"
"06/06/2005","232.66","237.72","237.77","231.37","94.98K","-2.11%"
"06/03/2005","237.67","232.01","240.05","227.44","209.15K","+2.66%"
"06/02/2005","231.51","238.26","239.85","229.68","174.20K","-2.59%"
"06/01/2005","237.67","239.26","247.89","236.28","537.05K","-0.58%"
"05/31/2005","239.06","225.21","242.04","221.64","752.55K","+7.16%"
"05/30/2005","223.08","228.09","229.13","221.49","100.24K","-1.85%"
"05/27/2005","227.29","229.33","234.74","226.45","238.60K","-0.69%"
"05/26/2005","228.88","213.45","232.61","213.45","229.13K","+3.57%"
"05/25/2005","220.99","223.37","224.66","220.39","52.03K","-1.09%"
"05/24/2005","223.42","221.24","226.25","220.39","116.86K","+1.97%"
"05/23/2005","219.10","224.81","224.81","217.47","151.80K","-1.82%"
"05/20/2005","223.17","224.37","226.35","220.99","88.87K","-0.66%"
"05/19/2005","224.66","227.10","228.19","223.42","78.26K","+0.08%"
"05/18/2005","224.47","224.86","228.09","221.39","138.17K","+0.80%"
"05/17/2005","222.68","225.86","230.17","221.44","244.70K","-0.88%"
"05/16/2005","224.66","226.05","227.74","222.63","117.74K","+0.08%"
"05/13/2005","224.47","221.88","226.35","221.39","199.54K","+1.46%"
"05/12/2005","221.24","216.18","224.17","216.18","236.25K","+2.58%"
"05/11/2005","215.68","217.66","227.05","213.94","415.40K","-0.57%"
"05/10/2005","216.92","225.86","227.05","215.73","250.01K","-3.40%"
"05/09/2005","224.56","231.02","231.37","223.13","202.96K","-2.12%"
"05/06/2005","229.43","234.00","234.54","226.60","271.74K","-0.96%"
"05/05/2005","231.66","232.85","239.75","229.83","550.97K","+0.97%"
"05/04/2005","229.43","218.26","232.01","216.42","678.02K","+6.33%"
"05/03/2005","215.78","218.26","220.79","210.72","543.88K","-2.29%"
"05/02/2005","220.84","236.28","236.28","218.06","414.69K","-5.42%"
"04/29/2005","233.50","241.54","241.94","231.61","606.77K","-2.63%"
"04/28/2005","239.80","236.28","246.16","231.41","1.33M","+2.24%"
"04/27/2005","234.54","222.63","240.05","218.41","1.64M","+5.71%"
"04/26/2005","221.88","213.94","227.64","213.74","906.11K","+4.22%"
"04/25/2005","212.90","214.74","220.10","211.96","257.45K","-0.49%"
"04/22/2005","213.94","209.18","221.09","207.49","751.61K","+3.31%"
"04/21/2005","207.09","202.48","210.37","199.55","532.00K","+2.28%"
"04/20/2005","202.48","202.23","205.30","195.77","174.51K","+1.02%"
"04/19/2005","200.44","199.35","209.47","199.05","437.14K","+2.05%"
"04/18/2005","196.42","195.28","202.57","188.97","253.24K","+0.05%"
"04/15/2005","196.32","204.31","204.31","194.58","238.64K","-4.12%"
"04/13/2005","204.76","206.79","211.21","203.17","395.31K","-0.07%"
"04/12/2005","204.91","201.18","212.75","200.54","271.93K","+2.56%"
"04/11/2005","199.79","203.57","206.40","199.05","180.47K","-3.04%"
"04/08/2005","206.05","214.44","215.28","203.57","287.55K","-2.74%"
"04/07/2005","211.86","220.25","223.08","210.02","382.17K","-2.65%"
"04/06/2005","217.62","211.96","223.77","210.52","1.11M","+3.99%"
"04/05/2005","209.28","197.56","219.90","191.60","1.17M","+6.66%"
"04/04/2005","196.22","204.51","205.50","193.79","376.56K","-3.21%"
"04/01/2005","202.72","180.68","206.50","178.70","921.86K","+13.16%"
"03/31/2005","179.15","177.41","183.41","174.93","180.34K","+4.25%"
"03/30/2005","171.85","158.84","176.42","158.10","140.97K","+9.77%"
"03/29/2005","156.56","164.70","164.70","154.87","63.93K","-3.01%"
"03/28/2005","161.42","164.55","164.60","156.86","48.87K","+1.87%"
"03/24/2005","158.45","162.27","164.80","155.86","44.27K","-1.33%"
"03/23/2005","160.58","164.70","166.79","159.34","69.63K","-3.46%"
"03/22/2005","166.34","173.24","173.24","165.30","54.07K","-3.90%"
"03/21/2005","173.09","180.19","180.19","171.85","39.63K","-2.35%"
"03/18/2005","177.26","181.68","182.17","171.80","108.50K","-2.72%"
"03/17/2005","182.22","181.43","183.36","178.75","62.53K","+0.44%"
"03/16/2005","181.43","181.68","185.55","180.73","42.45K","-0.25%"
"03/15/2005","181.88","183.91","186.34","175.72","75.55K","-1.74%"
"03/14/2005","185.10","173.78","188.33","173.78","99.46K","-1.17%"
"03/11/2005","187.29","192.05","196.42","185.65","149.49K","-1.59%"
"03/10/2005","190.31","186.64","192.25","182.02","261.10K","+2.84%"
"03/09/2005","185.05","193.44","198.55","183.81","374.85K","-3.97%"
"03/08/2005","192.70","178.70","197.56","177.95","665.72K","+8.83%"
"03/07/2005","177.06","176.12","179.59","175.22","119.15K","+1.54%"
"03/04/2005","174.38","176.42","177.71","173.73","76.88K","+0.06%"
"03/03/2005","174.28","171.75","177.46","171.75","102.84K","+0.83%"
"03/02/2005","172.84","169.66","173.73","169.57","91.44K","+2.05%"
"03/01/2005","169.37","169.86","170.76","144.05","102.92K","+0.12%"
"02/28/2005","169.17","171.15","175.17","168.77","304.38K","-0.09%"
"02/25/2005","169.32","167.48","173.44","166.59","538.87K","+2.62%"
"02/24/2005","165.00","157.85","166.79","156.86","335.36K","+4.70%"
"02/23/2005","157.60","154.13","158.74","154.13","49.77K","+1.57%"
"02/22/2005","155.17","157.30","157.30","153.88","54.03K","-0.32%"
"02/21/2005","155.67","152.94","158.74","152.94","45.08K","-0.22%"
"02/18/2005","156.01","154.38","158.25","154.38","153.57K","+0.93%"
"02/17/2005","154.57","157.11","157.11","152.14","159.18K","-1.05%"
"02/16/2005","156.21","156.76","160.68","155.12","164.76K","+0.61%"
"02/15/2005","155.27","159.64","159.64","152.89","64.06K","-1.88%"
"02/14/2005","158.25","160.83","165.59","157.35","105.15K","-0.81%"
"02/11/2005","159.54","130.60","163.81","130.60","153.17K","+1.10%"
"02/10/2005","157.80","156.86","160.73","156.36","157.06K","+1.66%"
"02/09/2005","155.22","151.89","156.86","151.89","242.20K","+3.68%"
"02/08/2005","149.71","141.97","153.23","141.97","189.63K","+5.31%"
"02/07/2005","142.16","147.43","147.77","140.97","61.60K","-3.11%"
"02/04/2005","146.73","147.43","148.62","142.02","87.07K","+0.78%"
"02/03/2005","145.59","144.85","148.92","143.50","133.41K","+2.51%"
"02/02/2005","142.02","136.51","143.46","134.02","119.20K","+6.05%"
"02/01/2005","133.92","134.17","137.00","131.19","67.00K","-2.43%"
"01/31/2005","137.25","141.87","142.96","134.62","134.77K","-1.85%"
"01/28/2005","139.83","139.88","140.82","137.50","21.36K","+1.36%"
"01/27/2005","137.95","133.03","138.49","133.03","37.86K","+4.09%"
"01/25/2005","132.53","129.06","132.83","129.06","13.26K","+1.75%"
"01/24/2005","130.25","131.84","131.94","130.05","11.26K","-0.65%"
"01/20/2005","131.10","136.01","136.01","130.05","15.63K","-0.82%"
"01/19/2005","132.19","134.27","135.51","132.04","31.86K","-1.23%"
"01/18/2005","133.83","148.92","148.92","130.25","29.77K","+3.18%"
"01/17/2005","129.71","136.01","137.20","127.17","52.89K","-4.42%"
"01/14/2005","135.71","137.10","138.44","135.02","23.51K","-1.69%"
"01/13/2005","138.04","138.89","138.99","135.51","46.04K","+2.65%"
"01/12/2005","134.47","139.24","141.77","133.38","48.71K","-3.36%"
"01/11/2005","139.14","140.82","143.36","138.00","49.36K","+0.40%"
"01/10/2005","138.59","140.97","143.26","138.04","63.67K","-0.67%"
"01/07/2005","139.53","139.98","143.21","138.00","91.27K","+0.35%"
"01/06/2005","139.04","142.16","143.95","136.01","111.53K","-4.86%"
"01/05/2005","146.14","152.89","153.68","141.07","115.30K","-4.16%"
"01/04/2005","152.49","158.60","158.74","151.15","86.95K","-2.82%"
"01/03/2005","156.91","155.86","158.35","154.87","44.03K","+1.57%"
"12/31/2004","154.48","158.64","158.64","153.09","34.72K","-0.70%"
"12/30/2004","155.57","157.55","159.04","153.88","55.98K","+0.42%"
"12/29/2004","154.92","160.83","160.83","153.93","68.05K","-1.98%"
"12/28/2004","158.05","158.79","160.83","157.40","59.02K","+0.29%"
"12/27/2004","157.60","157.85","165.49","156.36","119.35K","+0.13%"
"12/24/2004","157.40","155.96","158.45","155.12","45.41K","+1.01%"
"12/23/2004","155.82","156.91","159.44","154.97","53.09K","-1.04%"
"12/22/2004","157.45","164.75","164.75","156.96","114.65K","-3.44%"
"12/21/2004","163.06","152.89","167.18","152.89","442.17K","+7.07%"
"12/20/2004","152.29","151.40","155.86","151.40","87.94K","+0.39%"
"12/17/2004","151.70","159.84","159.84","149.01","76.32K","+0.66%"
"12/16/2004","150.70","151.89","152.99","150.26","73.58K","-0.13%"
"12/15/2004","150.90","153.28","153.28","149.96","98.19K","+0.20%"
"12/14/2004","150.60","154.87","154.87","150.01","108.84K","+0.53%"
"12/13/2004","149.81","146.78","151.89","146.78","86.52K","+3.36%"
"12/10/2004","144.94","146.78","148.92","143.95","79.29K","+0.93%"
"12/09/2004","143.60","145.94","147.48","143.21","63.53K","-0.96%"
"12/08/2004","144.99","148.82","152.39","143.85","111.00K","-1.95%"
"12/07/2004","147.87","155.37","155.62","146.73","229.71K","-2.46%"
"12/06/2004","151.60","149.01","153.73","143.65","754.19K","+5.90%"
"12/03/2004","143.16","138.84","147.72","135.02","172.74K","+3.71%"
"12/02/2004","138.04","134.17","138.99","134.17","64.43K","+3.08%"
"12/01/2004","133.92","135.51","135.81","131.64","28.64K","-0.07%"
"11/30/2004","134.02","137.70","137.90","133.53","64.30K","-0.89%"
"11/29/2004","135.22","137.00","140.33","134.07","50.95K","-1.55%"
"11/25/2004","137.35","141.97","142.46","136.06","56.25K","-2.46%"
"11/24/2004","140.82","139.78","143.85","139.34","171.81K","+1.54%"
"11/23/2004","138.69","131.54","140.28","131.54","210.20K","+8.38%"
"11/22/2004","127.97","129.06","129.56","127.07","36.26K","-1.49%"
"11/19/2004","129.90","132.44","132.44","129.41","54.78K","-0.61%"
"11/18/2004","130.70","132.53","133.53","130.30","63.24K","-0.19%"
"11/17/2004","130.95","131.99","133.03","128.81","56.50K","+0.50%"
"11/16/2004","130.30","132.04","133.03","129.11","18.24K","-0.91%"
"11/12/2004","131.49","133.03","133.97","131.05","7.38K","-0.53%"
"11/11/2004","132.19","132.04","133.92","131.14","20.85K","+0.76%"
"11/10/2004","131.19","130.55","133.03","130.45","18.26K","+0.11%"
"11/09/2004","131.05","133.33","134.52","130.15","19.11K","-1.12%"
"11/08/2004","132.53","135.41","135.51","132.04","25.49K","-1.88%"
"11/05/2004","135.07","138.19","138.19","134.52","37.56K","-2.02%"
"11/04/2004","137.85","138.00","141.92","137.00","86.77K","+1.13%"
"11/03/2004","136.31","133.03","137.25","133.03","86.52K","+3.47%"
"11/02/2004","131.74","129.06","132.83","129.06","49.69K","+2.12%"
"11/01/2004","129.01","131.54","132.44","125.09","66.86K","-1.48%"
"10/29/2004","130.95","127.57","131.74","126.08","29.64K","+2.77%"
"10/28/2004","127.42","129.95","131.05","126.23","41.83K","+0.50%"
"10/27/2004","126.78","127.57","128.22","126.08","28.44K","-0.19%"
"10/26/2004","127.02","129.01","129.80","126.58","23.76K","-0.59%"
"10/25/2004","127.77","133.23","134.02","124.10","27.07K","-1.90%"
"10/21/2004","130.25","133.92","133.92","129.76","12.97K","-0.75%"
"10/20/2004","131.24","131.39","132.93","131.05","19.35K","+0.80%"
"10/19/2004","130.20","129.66","131.54","127.07","18.44K","+2.50%"
"10/18/2004","127.02","132.63","132.63","126.63","20.64K","-2.29%"
"10/15/2004","130.00","131.00","133.03","129.06","29.69K","+0.22%"
"10/14/2004","129.71","131.54","133.92","129.16","40.34K","-2.53%"
"10/12/2004","133.08","138.09","138.94","130.15","23.94K","-2.97%"
"10/11/2004","137.15","142.81","142.86","136.06","38.14K","-1.22%"
"10/08/2004","138.84","140.68","140.97","138.19","26.57K","-1.44%"
"10/07/2004","140.87","141.92","142.41","139.48","32.00K","+0.21%"
"10/06/2004","140.58","139.09","143.95","139.09","81.12K","+1.22%"
"10/05/2004","138.89","140.68","140.87","138.39","43.98K","-0.22%"
"10/04/2004","139.19","139.98","142.76","138.99","42.78K","-0.53%"
"10/01/2004","139.93","139.38","141.12","138.99","35.02K","+1.40%"
"09/30/2004","138.00","140.97","141.97","137.10","39.63K","-1.80%"
"09/29/2004","140.53","136.51","143.85","136.51","122.35K","+2.20%"
"09/28/2004","137.50","139.68","139.68","134.67","30.17K","-0.54%"
"09/27/2004","138.24","139.38","139.38","137.20","41.90K","+0.25%"
"09/24/2004","137.90","138.24","140.63","137.10","75.70K","-0.17%"
"09/23/2004","138.14","140.28","142.71","137.00","175.53K","-1.00%"
"09/22/2004","139.53","138.00","140.97","131.14","271.36K","+6.51%"
"09/21/2004","131.00","130.95","134.52","130.60","48.26K","+0.04%"
"09/20/2004","130.95","134.02","135.02","130.05","32.22K","-2.44%"
"09/17/2004","134.22","133.03","135.56","132.04","90.84K","+2.85%"
"09/16/2004","130.50","131.05","131.24","129.71","22.46K","-0.04%"
"09/15/2004","130.55","130.05","131.29","129.06","25.41K","+0.58%"
"09/14/2004","129.80","131.05","131.94","129.16","28.32K","-0.50%"
"09/13/2004","130.45","131.74","132.78","130.05","34.90K","-1.13%"
"09/10/2004","131.94","130.55","133.78","130.55","33.64K","-0.23%"
"09/09/2004","132.24","135.12","136.51","131.29","55.42K","-1.55%"
"09/08/2004","134.32","136.36","136.51","134.12","31.92K","-0.80%"
"09/07/2004","135.41","138.00","138.00","134.17","52.98K","-0.29%"
"09/06/2004","135.81","136.21","137.75","135.02","83.87K","+0.62%"
"09/03/2004","134.97","131.94","138.00","131.94","128.65K","+2.92%"
"09/02/2004","131.14","137.85","137.85","130.10","99.82K","-3.90%"
"09/01/2004","136.46","131.54","138.99","131.34","220.18K","+3.47%"
"08/31/2004","131.89","132.78","132.98","130.05","55.10K","-0.67%"
"08/30/2004","132.78","131.49","135.02","131.49","208.35K","+2.33%"
"08/27/2004","129.76","125.09","130.95","124.10","253.27K","+4.98%"
"08/26/2004","123.60","123.80","126.08","122.61","67.66K","+0.93%"
"08/25/2004","122.46","121.81","127.07","121.61","107.07K","+1.65%"
"08/24/2004","120.47","119.63","122.06","118.14","22.07K","+1.29%"
"08/23/2004","118.93","122.95","122.95","117.44","41.04K","-1.81%"
"08/20/2004","121.12","123.90","124.10","119.63","37.99K","-2.20%"
"08/19/2004","123.85","122.11","126.78","121.86","277.17K","+2.55%"
"08/18/2004","120.77","117.64","123.10","116.70","135.90K","+3.35%"
"08/17/2004","116.85","115.71","117.15","114.66","22.67K","+0.81%"
"08/16/2004","115.91","112.48","116.95","112.18","25.89K","+0.00%"
"08/13/2004","115.91","112.48","116.95","112.18","25.89K","+1.48%"
"08/12/2004","114.22","114.91","115.06","111.74","32.33K","-0.31%"
"08/11/2004","114.57","117.05","117.05","113.67","30.38K","-1.16%"
"08/10/2004","115.91","118.04","118.14","115.56","29.14K","-0.38%"
"08/09/2004","116.35","117.05","117.94","115.31","21.14K","+0.00%"
"08/06/2004","116.35","117.15","118.14","115.66","43.08K","-0.26%"
"08/05/2004","116.65","117.89","119.13","114.17","53.79K","-1.14%"
"08/04/2004","117.99","119.03","119.03","117.25","25.77K","-0.71%"
"08/03/2004","118.83","118.54","120.92","116.75","56.12K","+1.48%"
"08/02/2004","117.10","118.93","119.13","115.36","34.41K","-0.54%"
"07/30/2004","117.74","116.15","121.61","115.01","90.91K","+2.28%"
"07/29/2004","115.11","115.16","115.91","114.66","18.34K","-0.35%"
"07/28/2004","115.51","116.90","116.90","113.67","29.22K","-0.39%"
"07/27/2004","115.96","116.65","118.88","115.21","41.30K","-1.06%"
"07/26/2004","117.20","117.94","119.13","114.66","61.83K","+1.07%"
"07/23/2004","115.96","120.13","120.13","114.17","71.92K","-2.58%"
"07/22/2004","119.03","121.07","121.07","117.15","90.10K","+1.91%"
"07/21/2004","116.80","118.14","120.13","115.16","55.78K","-0.76%"
"07/20/2004","117.69","122.11","123.05","117.20","51.97K","-3.74%"
"07/19/2004","122.26","123.60","124.69","120.77","143.20K","+0.25%"
"07/16/2004","121.96","124.10","124.15","120.13","88.31K","-1.33%"
"07/15/2004","123.60","124.49","125.04","120.67","164.01K","+1.59%"
"07/14/2004","121.66","124.20","127.57","120.13","273.63K","-0.69%"
"07/13/2004","122.51","119.13","125.49","116.45","376.69K","+3.48%"
"07/12/2004","118.39","113.18","121.96","113.18","349.79K","+3.65%"
"07/09/2004","114.22","108.21","115.16","105.28","315.57K","+3.05%"
"07/08/2004","110.84","107.22","123.70","107.22","1.58M","+5.77%"
"07/07/2004","104.79","94.46","104.79","94.46","595.94K","+20.02%"
"07/06/2004","87.31","86.42","88.36","85.38","24.84K","+1.03%"
"07/05/2004","86.42","87.36","87.36","84.88","22.23K","-0.75%"
"07/02/2004","87.07","85.68","87.36","85.63","25.40K","+0.06%"
"07/01/2004","87.02","87.51","87.56","85.28","27.25K","+0.81%"
"06/30/2004","86.32","88.85","88.95","84.44","34.72K","-1.70%"
"06/29/2004","87.81","87.91","88.16","85.38","72.49K","-3.18%"
"06/28/2004","90.69","86.87","91.63","86.87","98.41K","+5.06%"
"06/25/2004","86.32","85.38","86.87","84.39","63.67K","+2.41%"
"06/24/2004","84.29","80.41","85.18","80.41","52.13K","+3.35%"
"06/23/2004","81.56","84.19","86.37","81.01","91.29K","-10.17%"
"05/21/2004","90.79","89.35","92.77","84.14","50.22K","+4.75%"
"05/20/2004","86.67","94.31","95.31","85.87","96.66K","-2.67%"
"05/19/2004","89.05","94.31","95.31","85.92","99.13K","+0.39%"
"05/18/2004","88.70","89.35","99.28","87.36","84.55K","+5.42%"
"05/17/2004","84.14","91.33","92.33","76.00","30.48K","-11.39%"
"05/14/2004","94.96","108.21","108.21","86.82","45.80K","-12.49%"
"05/13/2004","108.51","108.21","114.17","106.23","46.07K","-1.13%"
"05/12/2004","109.75","109.20","111.04","108.76","12.90K","+0.50%"
"05/11/2004","109.20","113.18","113.18","108.36","25.88K","-3.60%"
"05/10/2004","113.28","116.15","116.15","111.98","14.92K","-2.43%"
"05/07/2004","116.10","116.15","117.64","115.41","11.13K","-0.51%"
"05/06/2004","116.70","116.65","118.14","115.36","14.98K","+0.30%"
"05/05/2004","116.35","116.15","116.95","114.17","9.16K","+1.17%"
"05/04/2004","115.01","116.15","117.15","113.32","14.52K","+2.07%"
"05/03/2004","112.68","117.25","117.25","111.34","46.67K","-4.05%"
"04/30/2004","117.44","118.24","120.13","116.65","16.23K","-1.54%"
"04/29/2004","119.28","118.14","120.52","116.45","19.99K","+1.44%"
"04/28/2004","117.59","118.59","119.08","115.26","26.02K","+0.76%"
"04/27/2004","116.70","128.76","128.76","115.16","65.06K","-6.86%"
"04/23/2004","125.29","119.13","127.77","117.69","141.97K","+6.01%"
"04/22/2004","118.19","120.13","120.13","116.20","21.72K","+0.84%"
"04/21/2004","117.20","115.16","118.78","115.16","18.11K","+2.38%"
"04/20/2004","114.47","115.16","116.05","113.67","25.60K","-0.60%"
"04/19/2004","115.16","120.13","121.12","114.71","34.14K","+0.26%"
"04/16/2004","114.86","117.44","120.13","114.37","28.41K","-2.86%"
"04/15/2004","118.24","117.64","120.62","117.64","21.57K","+0.38%"
"04/13/2004","117.79","120.13","124.00","116.80","19.42K","-2.02%"
"04/12/2004","120.22","117.10","123.05","116.45","52.93K","+3.28%"
"04/08/2004","116.40","115.16","116.95","114.42","9.47K","+0.00%"
"04/07/2004","116.40","115.16","117.15","114.71","24.61K","+0.30%"
"04/06/2004","116.05","117.15","117.64","115.16","29.30K","-0.26%"
"04/05/2004","116.35","114.17","118.14","114.12","64.89K","+3.35%"
"04/02/2004","112.58","115.21","117.05","112.08","46.28K","-0.78%"
"04/01/2004","113.47","114.07","114.17","112.18","13.24K","+1.73%"
"03/31/2004","111.54","112.88","112.88","110.20","12.63K","+0.18%"
"03/30/2004","111.34","109.20","114.12","109.20","33.40K","+2.61%"
"03/29/2004","108.51","108.71","109.20","105.23","26.66K","+1.96%"
"03/26/2004","106.42","104.24","108.11","103.74","34.51K","+1.75%"
"03/25/2004","104.59","101.26","106.18","101.21","57.04K","+4.99%"
"03/24/2004","99.62","96.10","100.27","96.10","19.05K","+1.16%"
"03/23/2004","98.48","98.28","101.76","94.86","39.20K","+0.05%"
"03/22/2004","98.43","104.74","104.74","97.34","19.39K","-5.39%"
"03/19/2004","104.04","105.53","105.73","103.25","12.58K","-2.20%"
"03/18/2004","106.38","109.45","111.09","105.33","18.64K","-1.92%"
"03/17/2004","108.46","114.17","114.17","108.21","11.78K","-3.36%"
"03/16/2004","112.23","110.20","112.68","109.20","21.97K","+1.30%"
"03/15/2004","110.79","118.14","124.10","109.25","14.26K","-4.17%"
"03/12/2004","115.61","113.97","132.04","111.24","39.69K","+1.89%"
"03/11/2004","113.47","113.97","113.97","112.18","22.28K","+0.97%"
"03/10/2004","112.38","112.88","115.16","112.23","15.97K","-2.20%"
"03/09/2004","114.91","117.49","117.59","112.68","30.35K","-1.95%"
"03/08/2004","117.20","116.15","117.64","116.15","22.75K","+1.24%"
"03/05/2004","115.76","114.17","116.15","114.17","16.09K","+1.30%"
"03/04/2004","114.27","116.15","116.35","113.47","19.69K","-0.82%"
"03/03/2004","115.21","117.15","118.14","113.18","48.09K","-1.94%"
"03/01/2004","117.49","118.34","120.13","116.20","34.93K","+0.12%"
"02/27/2004","117.35","117.05","119.13","115.86","48.72K","+1.42%"
"02/26/2004","115.71","111.49","117.59","111.49","36.61K","+1.35%"
"02/25/2004","114.17","114.17","115.16","112.28","27.10K","+0.13%"
"02/24/2004","114.02","115.16","115.16","112.28","14.39K","-0.86%"
"02/23/2004","115.01","119.03","119.03","114.17","30.44K","-1.19%"
"02/20/2004","116.40","114.17","118.14","112.28","49.34K","+0.47%"
"02/19/2004","115.86","119.13","120.08","115.16","61.16K","-3.35%"
"02/18/2004","119.88","121.07","121.07","118.69","51.46K","+0.50%"
"02/17/2004","119.28","118.04","122.36","117.64","101.03K","+1.52%"
"02/16/2004","117.49","115.16","118.14","115.16","64.34K","+2.86%"
"02/13/2004","114.22","111.93","114.96","111.93","24.14K","+1.50%"
"02/12/2004","112.53","113.18","114.17","111.79","18.71K","-0.35%"
"02/11/2004","112.93","113.67","114.32","111.29","33.90K","-0.56%"
"02/10/2004","113.57","111.19","117.05","111.19","45.53K","-1.34%"
"02/09/2004","115.11","111.14","116.05","110.20","53.83K","+4.60%"
"02/06/2004","110.05","112.68","112.68","109.20","35.89K","-1.11%"
"02/05/2004","111.29","112.28","115.11","110.20","36.67K","-1.45%"
"02/04/2004","112.93","111.19","114.17","109.50","49.75K","+3.37%"
"02/03/2004","109.25","118.14","118.14","107.32","72.14K","-6.62%"
"01/30/2004","117.00","118.14","126.28","115.31","265.88K","+3.51%"
"01/29/2004","113.03","117.10","117.10","112.18","30.98K","-1.34%"
"01/28/2004","114.57","119.13","119.13","113.13","57.91K","-3.58%"
"01/27/2004","118.83","119.03","120.57","114.27","104.75K","+1.83%"
"01/23/2004","116.70","103.25","118.14","103.25","196.02K","+15.08%"
"01/22/2004","101.41","97.64","105.23","93.32","126.94K","+4.87%"
"01/21/2004","96.70","105.43","112.08","94.41","91.56K","-13.30%"
"01/20/2004","111.54","116.40","120.03","109.30","69.82K","-3.93%"
"01/19/2004","116.10","116.15","117.15","111.19","54.64K","-0.47%"
"01/16/2004","116.65","123.85","124.10","116.25","62.97K","-6.45%"
"01/15/2004","124.69","127.97","127.97","124.20","36.82K","-1.06%"
"01/14/2004","126.03","128.56","130.05","125.49","74.31K","-0.51%"
"01/13/2004","126.68","127.37","128.56","124.20","53.81K","+0.56%"
"01/12/2004","125.98","130.65","132.04","125.24","95.03K","-4.04%"
"01/09/2004","131.29","132.93","139.98","130.05","222.77K","+0.76%"
"01/08/2004","130.30","128.51","131.74","127.17","95.69K","+3.43%"
"01/07/2004","125.98","127.07","128.07","124.10","84.16K","-0.08%"
"01/06/2004","126.08","129.46","133.83","124.10","191.61K","-1.59%"
"01/05/2004","128.12","133.03","134.52","126.18","151.31K","-3.33%"
"01/02/2004","132.53","135.71","138.49","131.24","197.04K","-1.55%"
"01/01/2004","134.62","137.10","139.98","133.13","171.70K","-1.06%"
"12/31/2003","136.06","143.95","146.73","133.63","279.50K","-4.99%"
"12/30/2003","143.21","143.95","158.84","133.23","668.48K","+2.38%"
"12/29/2003","139.88","141.97","144.85","139.24","210.34K","-0.18%"
"12/26/2003","140.13","129.85","141.47","129.80","302.13K","+8.45%"
"12/24/2003","129.21","130.65","132.04","127.07","75.03K","+0.35%"
"12/23/2003","128.76","131.84","134.52","128.07","91.19K","-1.89%"
"12/22/2003","131.24","131.74","135.02","130.15","143.20K","+0.95%"
"12/19/2003","130.00","132.04","136.21","129.16","303.32K","+0.04%"
"12/18/2003","129.95","122.11","133.03","121.12","500.02K","+7.38%"
"12/17/2003","121.02","122.46","124.59","119.28","140.29K","+1.12%"
"12/16/2003","119.68","119.13","127.02","117.69","298.19K","+1.26%"
"12/15/2003","118.19","125.93","137.35","117.74","63.51K","+0.55%"
"12/12/2003","117.54","119.83","121.61","116.40","81.17K","+0.04%"
"12/11/2003","117.49","141.97","141.97","115.16","89.62K","-0.76%"
"12/10/2003","118.39","124.34","125.49","117.64","97.39K","-4.37%"
"12/09/2003","123.80","119.73","127.37","119.73","106.26K","+4.14%"
"12/08/2003","118.88","119.13","121.47","117.25","60.69K","+1.10%"
"12/05/2003","117.59","123.10","124.79","116.75","150.33K","-4.29%"
"12/04/2003","122.86","127.32","131.05","121.66","213.95K","-4.95%"
"12/03/2003","129.26","110.99","130.05","109.20","642.59K","+19.29%"
"12/02/2003","108.36","112.98","113.08","107.22","126.21K","-2.63%"
"12/01/2003","111.29","112.18","114.17","110.50","77.46K","+0.76%"
"11/28/2003","110.45","113.82","113.87","109.35","72.07K","-2.11%"
"11/27/2003","112.83","116.65","118.04","112.18","138.25K","-1.94%"
"11/25/2003","115.06","110.20","116.55","109.20","210.14K","+7.06%"
"11/24/2003","107.47","105.83","108.21","104.19","92.98K","+3.55%"
"11/21/2003","103.79","104.24","106.28","101.26","60.78K","-1.23%"
"11/20/2003","105.08","109.20","111.69","103.79","134.08K","-2.09%"
"11/19/2003","107.32","110.20","110.69","106.52","62.07K","-1.64%"
"11/18/2003","109.11","108.36","115.61","107.72","138.54K","+0.37%"
"11/17/2003","108.71","109.20","112.68","107.57","68.77K","+1.91%"
"11/14/2003","106.67","111.09","111.09","105.83","55.54K","-2.94%"
"11/13/2003","109.90","116.65","117.35","109.20","131.55K","-4.15%"
"11/12/2003","114.66","110.89","119.13","110.84","381.10K","+5.33%"
"11/11/2003","108.86","107.42","111.19","106.62","112.40K","+2.81%"
"11/10/2003","105.88","107.12","108.21","105.23","33.13K","+0.62%"
"11/07/2003","105.23","107.47","108.61","104.54","64.33K","+0.52%"
"11/06/2003","104.69","105.33","111.19","103.74","89.71K","-0.65%"
"11/05/2003","105.38","108.71","109.20","104.24","80.00K","-2.66%"
"11/04/2003","108.26","112.18","112.68","107.22","58.44K","-0.60%"
"11/03/2003","108.91","107.22","109.25","107.22","41.59K","+1.67%"
"10/31/2003","107.12","107.72","108.46","99.28","57.07K","-0.78%"
"10/30/2003","107.96","108.21","109.20","106.72","29.19K","+0.36%"
"10/29/2003","107.57","107.72","110.10","107.22","9.03K","-0.82%"
"10/28/2003","108.46","110.20","111.19","107.62","14.71K","-1.85%"
"10/27/2003","110.50","116.15","116.45","109.70","31.29K","-0.84%"
"10/24/2003","111.44","109.35","112.68","108.36","19.06K","+2.14%"
"10/23/2003","109.11","108.21","111.09","107.72","29.25K","+0.37%"
"10/22/2003","108.71","109.20","110.40","106.52","26.15K","+0.18%"
"10/21/2003","108.51","109.20","113.03","107.62","34.26K","-1.31%"
"10/20/2003","109.95","115.16","119.13","109.35","91.63K","-1.56%"
"10/17/2003","111.69","115.26","119.98","110.59","92.55K","-2.09%"
"10/16/2003","114.07","119.98","120.57","113.42","85.49K","-3.08%"
"10/15/2003","117.69","122.90","122.90","116.15","59.66K","-1.70%"
"10/14/2003","119.73","128.17","132.04","119.13","128.01K","-6.04%"
"10/13/2003","127.42","138.00","140.92","126.58","94.00K","-6.96%"
"10/10/2003","136.95","140.97","141.47","136.01","22.80K","-1.99%"
"10/09/2003","139.73","140.97","142.46","138.99","35.53K","+1.08%"
"10/08/2003","138.24","141.87","142.96","137.00","27.87K","-1.35%"
"10/07/2003","140.13","140.97","143.70","138.99","28.48K","-1.26%"
"10/06/2003","141.92","141.97","142.96","139.98","29.45K","+0.64%"
"10/03/2003","141.02","146.93","146.93","138.99","28.44K","-0.11%"
"10/01/2003","141.17","138.99","141.97","138.99","33.24K","+4.87%"
"09/30/2003","134.62","139.98","140.97","132.04","54.53K","-2.41%"
"09/29/2003","137.95","135.12","139.83","135.02","15.45K","+2.82%"
"09/26/2003","134.17","135.56","138.39","132.04","14.72K","-0.84%"
"09/25/2003","135.31","140.82","140.97","134.77","19.87K","-2.95%"
"09/24/2003","139.43","140.97","143.95","137.80","56.75K","+1.15%"
"09/23/2003","137.85","129.06","139.38","128.07","43.09K","+6.56%"
"09/22/2003","129.36","130.30","132.04","129.06","10.39K","-1.36%"
"09/19/2003","131.14","135.02","135.02","130.30","27.60K","-2.01%"
"09/18/2003","133.83","134.02","135.51","130.15","95.09K","-0.92%"
"09/17/2003","135.07","135.02","136.70","133.03","18.21K","+0.63%"
"09/16/2003","134.22","136.01","136.01","131.10","34.66K","+0.04%"
"09/15/2003","134.17","137.90","137.90","129.21","27.00K","-0.19%"
"09/12/2003","134.42","141.77","141.97","133.03","41.53K","-2.76%"
"09/11/2003","138.24","133.53","143.95","133.53","151.55K","+3.96%"
"09/10/2003","132.98","127.07","141.77","127.07","57.39K","+4.69%"
"09/09/2003","127.02","129.56","132.93","125.64","31.65K","-1.77%"
"09/08/2003","129.31","133.88","135.02","127.22","33.60K","-1.33%"
"09/05/2003","131.05","132.04","134.02","129.06","34.60K","+1.46%"
"09/04/2003","129.16","139.98","139.98","128.56","97.02K","-6.80%"
"09/03/2003","138.59","135.46","144.70","133.53","219.69K","+4.10%"
"09/02/2003","133.13","127.07","134.52","127.07","147.57K","+5.68%"
"09/01/2003","125.98","121.22","126.98","121.22","55.09K","+3.93%"
"08/29/2003","121.22","120.13","122.11","117.15","67.00K","+2.52%"
"08/28/2003","118.24","121.02","121.12","117.64","33.75K","-0.17%"
"08/27/2003","118.44","120.13","125.09","117.64","46.66K","-0.54%"
"08/26/2003","119.08","119.78","121.12","117.15","49.32K","+0.13%"
"08/25/2003","118.93","124.10","125.59","115.26","66.53K","-2.64%"
"08/22/2003","122.16","128.81","128.81","121.12","26.51K","-2.50%"
"08/21/2003","125.29","126.58","128.32","123.10","39.82K","-0.74%"
"08/20/2003","126.23","132.04","132.04","124.79","50.89K","-2.38%"
"08/19/2003","129.31","130.05","134.02","128.07","227.42K","+1.64%"
"08/18/2003","127.22","126.08","128.17","124.10","54.01K","+3.30%"
"08/14/2003","123.15","121.61","125.09","121.12","33.59K","-1.43%"
"08/13/2003","124.94","125.09","129.26","124.10","59.88K","+1.29%"
"08/12/2003","123.35","122.11","124.79","121.37","39.33K","+1.88%"
"08/11/2003","121.07","114.17","126.53","114.17","126.82K","+6.46%"
"08/08/2003","113.72","114.42","118.14","112.18","48.43K","-2.60%"
"08/07/2003","116.75","115.06","118.04","113.23","20.99K","+2.17%"
"08/06/2003","114.27","105.13","116.05","105.13","25.61K","-1.62%"
"08/05/2003","116.15","120.97","121.61","114.66","70.41K","-0.56%"
"08/04/2003","116.80","112.03","117.74","111.29","54.47K","+4.53%"
"08/01/2003","111.74","110.20","113.13","109.20","43.86K","+1.58%"
"07/31/2003","110.00","110.20","111.89","108.71","56.26K","+0.23%"
"07/30/2003","109.75","111.19","112.18","109.01","63.03K","+0.14%"
"07/29/2003","109.60","106.72","111.19","106.72","58.70K","+2.89%"
"07/28/2003","106.52","109.20","109.20","105.48","72.81K","+1.46%"
"07/25/2003","104.99","107.17","108.21","104.24","64.37K","-2.13%"
"07/24/2003","107.27","106.28","110.69","105.28","101.57K","+3.59%"
"07/23/2003","103.55","122.56","125.09","100.67","164.46K","-14.68%"
"07/22/2003","121.37","122.11","124.10","120.67","15.91K","-0.12%"
"07/21/2003","121.52","126.98","127.87","119.38","16.13K","-3.20%"
"07/18/2003","125.54","115.26","128.17","115.26","40.40K","-0.90%"
"07/17/2003","126.68","129.06","132.04","123.10","58.69K","-1.65%"
"07/16/2003","128.81","128.86","129.31","127.32","34.86K","+1.44%"
"07/15/2003","126.98","128.56","129.06","126.08","55.57K","-1.01%"
"07/14/2003","128.27","129.06","130.05","125.59","94.95K","-0.11%"
"07/11/2003","128.41","127.07","133.73","127.07","89.95K","+1.57%"
"07/10/2003","126.43","130.05","130.05","125.59","37.86K","-1.13%"
"07/09/2003","127.87","128.46","131.94","126.08","111.01K","+4.04%"
"07/08/2003","122.90","127.07","128.32","119.13","29.67K","-1.28%"
"07/07/2003","124.49","130.85","130.85","121.66","41.40K","-3.84%"
"07/04/2003","129.46","131.05","131.99","128.07","49.03K","+0.08%"
"07/03/2003","129.36","131.05","131.69","127.17","72.15K","+0.47%"
"07/02/2003","128.76","132.04","134.02","128.07","104.73K","-0.80%"
"07/01/2003","129.80","124.10","134.97","120.27","332.11K","+6.81%"
"06/30/2003","121.52","101.26","121.52","101.26","460.60K","+20.01%"
"06/27/2003","101.26","98.73","102.01","95.41","126.03K","+4.61%"
"06/26/2003","96.80","98.23","101.11","96.30","47.34K","-1.06%"
"06/25/2003","97.84","98.28","99.97","97.29","59.52K","+0.98%"
"06/24/2003","96.89","99.18","100.12","95.80","65.75K","-2.41%"
"06/23/2003","99.28","104.59","104.64","98.43","78.20K","-2.68%"
"06/20/2003","102.01","104.24","106.23","101.21","108.51K","-0.67%"
"06/19/2003","102.70","99.77","106.13","99.77","144.64K","+3.81%"
"06/18/2003","98.93","96.30","102.06","96.20","169.90K","+3.85%"
"06/17/2003","95.26","94.61","98.98","94.46","117.02K","+2.19%"
"06/16/2003","93.22","99.77","100.67","92.33","131.84K","-6.15%"
"06/13/2003","99.33","106.52","109.16","97.84","196.13K","-4.85%"
"06/12/2003","104.39","98.78","106.23","98.78","273.87K","+8.46%"
"06/11/2003","96.25","88.36","99.03","88.36","224.44K","+8.81%"
"06/10/2003","88.46","85.38","92.18","83.74","201.13K","+5.07%"
"06/09/2003","84.19","74.36","85.28","73.46","114.08K","+13.99%"
"06/06/2003","73.86","69.54","76.44","69.54","71.09K","-1.78%"
"06/05/2003","75.20","77.29","77.34","74.95","10.83K","-0.27%"
"06/04/2003","75.40","73.12","77.44","73.12","24.32K","+1.47%"
"06/03/2003","74.31","75.95","76.44","73.17","45.59K","-2.60%"
"06/02/2003","76.29","77.44","79.92","75.70","16.62K","-3.22%"
"05/30/2003","78.83","79.22","80.41","78.48","22.67K","-0.24%"
"05/29/2003","79.02","77.68","80.27","76.54","34.76K","+0.30%"
"05/28/2003","78.78","78.18","79.22","77.19","23.93K","+0.77%"
"05/27/2003","78.18","71.58","78.93","71.58","54.78K","-0.06%"
"05/26/2003","78.23","78.33","79.37","77.44","28.85K","+0.58%"
"05/23/2003","77.78","76.44","78.38","76.44","19.04K","+1.29%"
"05/22/2003","76.79","80.81","80.81","75.95","28.87K","-3.01%"
"05/21/2003","79.17","79.12","79.82","77.44","55.11K","+1.98%"
"05/20/2003","77.63","75.45","78.93","75.45","58.40K","+3.58%"
"05/19/2003","74.95","76.15","77.44","73.02","45.36K","-0.53%"
"05/16/2003","75.35","73.46","77.04","72.87","120.36K","+4.54%"
"05/15/2003","72.08","69.49","73.32","69.49","123.75K","+3.28%"
"05/14/2003","69.79","70.29","72.72","69.05","122.32K","+2.03%"
"05/13/2003","68.40","64.88","69.25","64.88","137.89K","+6.82%"
"05/12/2003","64.03","63.09","64.43","63.04","27.91K","+3.78%"
"05/09/2003","61.70","59.81","62.05","59.81","33.84K","-0.48%"
"05/08/2003","62.00","62.54","62.79","60.11","27.12K","-1.34%"
"05/07/2003","62.84","65.37","65.37","62.05","42.86K","-2.54%"
"05/06/2003","64.48","64.23","65.22","63.04","164.99K","+4.68%"
"05/05/2003","61.60","55.64","62.94","55.64","150.25K","+10.71%"
"05/02/2003","55.64","55.84","57.03","55.55","17.01K","-0.54%"
"04/30/2003","55.94","56.94","57.08","55.79","11.25K","-0.80%"
"04/29/2003","56.39","56.59","56.59","55.89","31.94K","-0.18%"
"04/28/2003","56.49","56.59","57.03","55.89","22.05K","-0.18%"
"04/25/2003","56.59","55.00","57.08","54.60","19.97K","-0.77%"
"04/24/2003","57.03","57.08","57.58","56.09","19.59K","-0.44%"
"04/23/2003","57.28","57.83","58.08","56.64","23.09K","-0.26%"
"04/22/2003","57.43","55.60","57.58","54.75","34.39K","+3.22%"
"04/21/2003","55.64","56.69","57.58","55.20","15.78K","-1.85%"
"04/17/2003","56.69","55.99","56.84","55.60","11.89K","-0.94%"
"04/16/2003","57.23","57.08","58.08","56.89","9.67K","-0.61%"
"04/15/2003","57.58","55.89","58.08","55.20","17.09K","+3.30%"
"04/11/2003","55.74","57.58","58.92","55.40","41.19K","-2.69%"
"04/10/2003","57.28","55.60","58.57","53.86","35.92K","+2.95%"
"04/09/2003","55.64","55.00","55.99","54.85","16.83K","-0.09%"
"04/08/2003","55.69","54.35","56.39","53.31","21.55K","+0.89%"
"04/07/2003","55.20","53.41","55.60","53.41","25.99K","+3.74%"
"04/04/2003","53.21","52.32","53.46","51.18","23.70K","+2.88%"
"04/03/2003","51.72","50.13","52.32","50.13","25.95K","+4.09%"
"04/02/2003","49.69","46.76","49.94","46.76","13.13K","+6.84%"
"04/01/2003","46.51","45.87","47.01","45.87","12.22K","+2.40%"
"03/31/2003","45.42","46.91","47.75","45.17","15.24K","-4.88%"
"03/28/2003","47.75","49.14","49.14","46.91","15.95K","-1.85%"
"03/27/2003","48.65","48.84","49.34","48.45","6.46K","+0.93%"
"03/26/2003","48.20","49.54","50.53","47.75","43.59K","-2.51%"
"03/25/2003","49.44","49.19","50.38","48.75","9.51K","-1.00%"
"03/24/2003","49.94","50.93","52.07","49.74","14.04K","-3.16%"
"03/21/2003","51.57","53.06","53.26","51.23","33.30K","-0.96%"
"03/20/2003","52.07","49.14","53.61","48.15","42.55K","+5.96%"
"03/19/2003","49.14","48.75","49.44","48.40","19.85K","+3.34%"
"03/17/2003","47.55","45.67","48.20","45.67","16.33K","-0.94%"
"03/13/2003","48.00","52.22","52.27","47.45","79.30K","-8.61%"
"03/12/2003","52.52","55.00","55.00","51.92","20.93K","-2.12%"
"03/11/2003","53.66","54.30","54.35","52.17","18.25K","+0.56%"
"03/10/2003","53.36","56.24","57.58","51.72","17.95K","-6.20%"
"03/07/2003","56.89","56.34","57.58","54.16","29.39K","-0.94%"
"03/06/2003","57.43","57.13","58.08","56.69","19.46K","+0.17%"
"03/05/2003","57.33","57.78","57.93","55.69","35.12K","-1.63%"
"03/04/2003","58.28","58.33","59.07","57.08","52.02K","-2.25%"
"03/03/2003","59.62","59.81","60.46","55.60","118.56K","+0.51%"
"02/28/2003","59.32","63.74","65.92","58.28","148.17K","-6.57%"
"02/27/2003","63.49","62.10","64.73","62.10","97.35K","+3.32%"
"02/26/2003","61.45","62.54","62.54","59.67","66.96K","-0.81%"
"02/25/2003","61.95","64.03","64.48","61.65","58.75K","-4.22%"
"02/24/2003","64.68","63.54","66.22","63.39","106.91K","+2.76%"
"02/21/2003","62.94","65.03","65.52","61.80","51.95K","-2.39%"
"02/20/2003","64.48","65.37","68.45","64.08","126.43K","+0.16%"
"02/19/2003","64.38","64.03","66.02","64.03","124.73K","+2.13%"
"02/18/2003","63.04","61.35","64.23","60.56","242.63K","+5.56%"
"02/17/2003","59.72","58.47","60.26","58.37","46.72K","+5.44%"
"02/14/2003","56.64","59.67","61.35","56.29","53.81K","-5.77%"
"02/12/2003","60.11","56.54","61.30","55.55","146.57K","+7.36%"
"02/11/2003","55.99","57.68","57.68","55.69","52.61K","+0.00%"
"02/10/2003","55.99","58.37","58.37","55.60","99.64K","-2.59%"
"02/07/2003","57.48","55.60","58.62","54.70","96.44K","+3.38%"
"02/06/2003","55.60","55.10","56.34","54.75","78.33K","+2.94%"
"02/05/2003","54.01","50.38","56.79","50.38","107.74K","+6.15%"
"02/04/2003","50.88","51.38","52.12","50.18","17.83K","+0.00%"
"02/03/2003","50.88","50.78","52.12","50.63","7.75K","-1.07%"
"01/31/2003","51.43","50.63","52.02","49.14","28.63K","+2.68%"
"01/30/2003","50.09","50.88","52.82","47.75","22.93K","-1.65%"
"01/29/2003","50.93","51.62","51.92","50.78","9.79K","-1.07%"
"01/28/2003","51.48","50.93","52.57","50.73","13.56K","+1.98%"
"01/27/2003","50.48","52.82","53.86","50.23","27.46K","+0.00%"
