"Date","Price","Open","High","Low","Vol.","Change %"
"07/13/2026","1574.10","1552.10","1584.20","1552.10","29.20K","+0.15%"
"07/10/2026","1571.80","1560.00","1584.90","1552.40","27.58K","+1.25%"
"07/09/2026","1552.40","1600.00","1610.00","1546.90","60.10K","-2.20%"
"07/08/2026","1587.30","1579.90","1605.00","1568.10","36.65K","+0.35%"
"07/07/2026","1581.70","1610.40","1617.40","1565.00","41.94K","-1.52%"
"07/06/2026","1606.10","1649.00","1649.00","1600.10","35.41K","-1.62%"
"07/03/2026","1632.50","1644.40","1657.90","1612.80","72.85K","-2.71%"
"07/02/2026","1677.90","1678.80","1690.00","1652.60","62.53K","+0.60%"
"07/01/2026","1667.90","1678.80","1708.10","1645.80","51.18K","-0.28%"
"06/30/2026","1672.50","1663.60","1682.10","1641.00","42.17K","+1.01%"
"06/29/2026","1655.70","1658.00","1675.00","1649.10","23.70K","-0.14%"
"06/25/2026","1658.00","1662.80","1687.20","1650.50","25.00K","-0.02%"
"06/24/2026","1658.40","1657.40","1664.40","1642.50","10.43K","+0.06%"
"06/23/2026","1657.40","1664.80","1685.00","1648.80","30.43K","-0.01%"
"06/22/2026","1657.60","1653.20","1679.00","1642.10","36.64K","+1.18%"
"06/19/2026","1638.30","1649.90","1651.70","1624.90","40.54K","-0.48%"
"06/18/2026","1646.20","1639.00","1667.70","1630.70","17.85K","+1.14%"
"06/17/2026","1627.70","1643.20","1653.00","1623.10","25.93K","-0.68%"
"06/16/2026","1638.80","1663.00","1690.00","1630.00","29.24K","-0.73%"
"06/15/2026","1650.90","1629.60","1693.40","1611.70","41.70K","+3.88%"
"06/12/2026","1589.30","1583.80","1592.90","1568.00","12.51K","+1.71%"
"06/11/2026","1562.60","1573.60","1573.70","1542.40","26.77K","-0.70%"
"06/10/2026","1573.60","1606.00","1615.10","1553.00","21.33K","-1.22%"
"06/09/2026","1593.10","1604.30","1619.40","1588.50","26.76K","-0.65%"
"06/08/2026","1603.50","1600.00","1618.00","1584.00","16.66K","-0.80%"
"06/05/2026","1616.40","1626.00","1628.20","1596.30","12.85K","-0.12%"
"06/04/2026","1618.40","1599.30","1650.10","1591.20","26.47K","+0.74%"
"06/03/2026","1606.50","1630.00","1636.20","1580.00","39.81K","-0.34%"
"06/02/2026","1612.00","1600.00","1620.80","1583.50","12.58K","+0.31%"
"06/01/2026","1607.00","1639.80","1645.00","1598.80","15.32K","-2.00%"
"05/29/2026","1639.80","1700.90","1700.90","1633.00","31.69K","-2.87%"
"05/27/2026","1688.30","1711.00","1722.00","1684.80","15.98K","-1.31%"
"05/26/2026","1710.70","1676.00","1716.50","1661.90","26.68K","+1.86%"
"05/25/2026","1679.40","1697.00","1723.00","1675.70","9.66K","-0.90%"
"05/22/2026","1694.70","1714.00","1714.70","1667.40","15.31K","-0.28%"
"05/21/2026","1699.40","1680.00","1713.00","1662.00","23.00K","+2.70%"
"05/20/2026","1654.80","1646.00","1660.00","1631.30","9.48K","+0.36%"
"05/19/2026","1648.80","1661.30","1669.90","1631.00","69.52K","-0.75%"
"05/18/2026","1661.30","1672.00","1674.90","1625.20","75.20K","-1.76%"
"05/15/2026","1691.00","1690.00","1700.00","1661.80","117.88K","-0.04%"
"05/14/2026","1691.60","1699.10","1711.00","1661.80","33.83K","-0.07%"
"05/13/2026","1692.80","1670.00","1721.00","1649.00","41.31K","+1.38%"
"05/12/2026","1669.70","1729.90","1739.90","1662.70","17.56K","-2.44%"
"05/11/2026","1711.50","1765.00","1770.00","1700.00","23.23K","-3.03%"
"05/08/2026","1764.90","1743.50","1777.10","1726.90","44.53K","+2.02%"
"05/07/2026","1730.00","1720.10","1755.00","1697.60","32.09K","+2.23%"
"05/06/2026","1692.20","1720.00","1720.00","1675.70","17.50K","-0.08%"
"05/05/2026","1693.50","1717.90","1718.00","1665.20","40.35K","-0.73%"
"05/04/2026","1705.90","1728.20","1744.00","1695.00","15.54K","-0.53%"
"04/30/2026","1715.00","1743.10","1743.10","1706.60","9.59K","-2.11%"
"04/29/2026","1752.00","1758.40","1759.90","1741.10","17.12K","+0.55%"
"04/28/2026","1742.40","1740.30","1760.20","1720.00","14.03K","+0.12%"
"04/27/2026","1740.30","1704.80","1748.00","1693.20","15.86K","+2.27%"
"04/24/2026","1701.60","1760.00","1760.00","1695.60","16.59K","-1.99%"
"04/23/2026","1736.10","1746.80","1757.10","1725.10","15.82K","-0.86%"
"04/22/2026","1751.10","1733.30","1757.80","1714.20","17.64K","+1.03%"
"04/21/2026","1733.20","1764.00","1765.40","1730.10","20.34K","-1.12%"
"04/20/2026","1752.80","1715.00","1770.00","1676.40","56.30K","+2.76%"
"04/17/2026","1705.70","1689.00","1710.00","1678.10","21.26K","+1.63%"
"04/16/2026","1678.40","1673.70","1689.50","1645.80","27.15K","+1.35%"
"04/15/2026","1656.00","1612.00","1665.00","1612.00","30.53K","+3.21%"
"04/13/2026","1604.50","1620.00","1620.00","1580.00","15.16K","-0.97%"
"04/10/2026","1620.20","1599.00","1636.80","1591.40","84.22K","+2.18%"
"04/09/2026","1585.60","1597.50","1608.70","1570.00","19.85K","+0.58%"
"04/08/2026","1576.50","1560.00","1608.00","1537.90","38.33K","+2.83%"
"04/07/2026","1533.10","1519.80","1550.20","1515.00","24.53K","+0.88%"
"04/06/2026","1519.80","1532.10","1534.10","1488.10","38.72K","-0.93%"
"04/02/2026","1534.10","1499.00","1543.40","1462.00","23.05K","+1.12%"
"04/01/2026","1517.10","1479.90","1524.00","1439.30","42.32K","+7.31%"
"03/30/2026","1413.70","1494.00","1503.00","1404.00","69.08K","-6.27%"
"03/27/2026","1508.30","1518.00","1573.20","1476.00","211.27K","-0.98%"
"03/25/2026","1523.20","1490.00","1529.70","1479.70","71.56K","+2.81%"
"03/24/2026","1481.60","1486.10","1490.00","1455.90","47.39K","+1.19%"
"03/23/2026","1464.20","1537.40","1537.50","1455.00","48.56K","-4.76%"
"03/20/2026","1537.40","1571.00","1586.40","1532.20","29.88K","-1.88%"
"03/19/2026","1566.90","1592.00","1592.00","1561.70","25.91K","-1.98%"
"03/18/2026","1598.60","1572.40","1603.80","1561.00","40.21K","+1.93%"
"03/17/2026","1568.40","1566.00","1594.90","1554.60","22.79K","-0.08%"
"03/16/2026","1569.60","1579.90","1579.90","1547.40","47.71K","-0.92%"
"03/13/2026","1584.20","1585.00","1599.30","1560.10","44.43K","-1.23%"
"03/12/2026","1604.00","1600.60","1625.00","1574.20","49.90K","-0.09%"
"03/11/2026","1605.40","1620.70","1643.40","1599.50","38.45K","-0.96%"
"03/10/2026","1620.90","1641.00","1649.90","1605.10","49.45K","-0.98%"
"03/09/2026","1636.90","1611.00","1644.00","1580.70","56.70K","+0.08%"
"03/06/2026","1635.60","1660.20","1667.40","1630.00","42.58K","-0.79%"
"03/05/2026","1648.70","1650.00","1689.40","1629.70","62.67K","+0.02%"
"03/04/2026","1648.40","1698.00","1698.00","1645.00","69.66K","-3.04%"
"03/02/2026","1700.00","1673.10","1733.60","1673.10","31.02K","-2.16%"
"02/27/2026","1737.50","1801.50","1801.50","1722.00","82.56K","-2.99%"
"02/26/2026","1791.00","1834.40","1850.00","1775.20","89.70K","-1.60%"
"02/25/2026","1820.20","1890.00","1897.70","1809.90","74.67K","-4.14%"
"02/24/2026","1898.90","1790.00","1914.00","1752.40","420.63K","+5.78%"
"02/23/2026","1795.10","1718.70","1878.00","1701.20","587.14K","+5.13%"
"02/20/2026","1707.50","1711.00","1715.00","1668.00","42.23K","-0.25%"
"02/19/2026","1711.80","1716.70","1726.90","1699.20","35.32K","-0.29%"
"02/18/2026","1716.70","1705.40","1723.20","1675.10","70.00K","+1.22%"
"02/17/2026","1696.00","1700.00","1701.40","1686.10","12.57K","+0.24%"
"02/16/2026","1691.90","1695.00","1698.20","1680.00","50.23K","-0.64%"
"02/13/2026","1702.80","1726.40","1726.40","1689.90","81.83K","-0.87%"
"02/12/2026","1717.80","1775.00","1775.10","1711.00","113.40K","-3.10%"
"02/11/2026","1772.80","1745.00","1782.90","1740.90","33.53K","+2.04%"
"02/10/2026","1737.40","1758.00","1768.00","1726.00","30.80K","-0.66%"
"02/09/2026","1748.90","1752.50","1781.00","1740.00","29.78K","-0.21%"
"02/06/2026","1752.50","1749.00","1769.00","1712.50","60.76K","-0.43%"
"02/05/2026","1760.10","1786.00","1835.00","1745.10","58.67K","-1.25%"
"02/04/2026","1782.40","1719.80","1794.00","1702.20","163.46K","+4.25%"
"02/03/2026","1709.70","1730.00","1769.00","1696.20","64.95K","+2.28%"
"02/02/2026","1671.60","1674.50","1679.00","1636.00","20.41K","+0.20%"
"02/01/2026","1668.20","1675.00","1700.90","1662.00","9.41K","-1.29%"
"01/30/2026","1690.00","1674.70","1726.90","1658.40","50.60K","+1.11%"
"01/29/2026","1671.40","1686.50","1699.20","1657.30","36.27K","-0.96%"
"01/28/2026","1687.60","1690.00","1713.90","1679.50","29.77K","+0.29%"
"01/27/2026","1682.70","1744.20","1744.30","1665.50","39.30K","-3.53%"
"01/23/2026","1744.20","1765.70","1771.90","1732.20","27.53K","-1.22%"
"01/22/2026","1765.70","1777.50","1807.10","1750.30","53.41K","-0.32%"
"01/21/2026","1771.40","1785.10","1809.30","1740.50","54.39K","-2.49%"
"01/20/2026","1816.70","1800.00","1831.40","1790.50","222.31K","-0.67%"
"01/19/2026","1829.00","1860.00","1862.30","1820.00","159.80K","-1.45%"
"01/16/2026","1856.00","1862.00","1887.90","1840.30","34.24K","-0.30%"
"01/14/2026","1861.60","1880.10","1903.70","1846.00","59.03K","-0.74%"
"01/13/2026","1875.40","1836.00","1892.40","1826.20","140.17K","+2.05%"
"01/12/2026","1837.70","1822.00","1850.00","1802.30","49.19K","+0.72%"
"01/09/2026","1824.50","1841.20","1841.20","1788.30","33.35K","-0.41%"
"01/08/2026","1832.00","1825.00","1839.00","1819.00","22.90K","+0.16%"
"01/07/2026","1829.10","1814.00","1839.60","1797.00","22.32K","+0.82%"
"01/06/2026","1814.20","1849.10","1849.10","1810.10","17.27K","-1.04%"
"01/05/2026","1833.20","1860.00","1866.90","1830.00","23.86K","-1.30%"
"01/02/2026","1857.40","1855.10","1860.80","1831.00","25.07K","+0.06%"
"01/01/2026","1856.20","1867.90","1867.90","1833.00","230.85K","+0.28%"
"12/31/2025","1851.10","1862.00","1885.00","1815.10","84.35K","-0.88%"
"12/30/2025","1867.60","1770.00","2007.10","1743.10","595.57K","+5.16%"
"12/29/2025","1776.00","1779.00","1785.40","1750.00","41.44K","-0.15%"
"12/26/2025","1778.60","1800.00","1807.00","1771.00","37.47K","-0.64%"
"12/24/2025","1790.10","1784.30","1803.70","1764.60","113.05K","+1.23%"
"12/23/2025","1768.40","1790.00","1790.10","1762.30","24.41K","-0.43%"
"12/22/2025","1776.00","1760.20","1801.10","1748.50","65.63K","+2.09%"
"12/19/2025","1739.60","1783.90","1785.00","1720.00","134.43K","-1.53%"
"12/18/2025","1766.70","1805.00","1805.00","1762.00","18.95K","-1.96%"
"12/17/2025","1802.00","1798.30","1809.80","1785.00","89.02K","+0.60%"
"12/16/2025","1791.20","1788.00","1803.40","1778.00","61.55K","-0.04%"
"12/15/2025","1792.00","1815.50","1820.00","1788.00","29.09K","-1.61%"
"12/12/2025","1821.40","1813.00","1830.40","1809.20","36.61K","+0.86%"
"12/11/2025","1805.80","1811.50","1813.60","1788.70","38.86K","-0.23%"
"12/10/2025","1809.90","1825.00","1852.20","1792.00","71.31K","-0.01%"
"12/09/2025","1810.00","1805.10","1825.10","1785.00","63.84K","+0.27%"
"12/08/2025","1805.10","1880.00","1897.90","1795.00","47.82K","-3.90%"
"12/05/2025","1878.30","1893.80","1900.00","1863.30","186.24K","-0.71%"
"12/04/2025","1891.80","1949.90","1962.00","1885.00","68.42K","-2.51%"
"12/03/2025","1940.50","1951.00","1955.00","1920.10","15.14K","-0.44%"
"12/02/2025","1949.10","1947.10","1965.50","1938.10","14.77K","+0.12%"
"12/01/2025","1946.70","1917.30","1968.10","1917.30","45.87K","+1.62%"
"11/28/2025","1915.60","1949.00","1953.80","1913.00","24.94K","-1.18%"
"11/27/2025","1938.50","1950.80","1959.00","1927.00","19.98K","-0.63%"
"11/26/2025","1950.80","1952.80","1960.00","1938.00","16.87K","+0.16%"
"11/25/2025","1947.60","1970.30","1979.20","1941.00","18.81K","-1.10%"
"11/24/2025","1969.30","1960.30","1988.90","1928.00","36.50K","+0.46%"
"11/21/2025","1960.20","1990.00","1990.00","1958.00","17.01K","-1.24%"
"11/20/2025","1984.90","1986.60","2008.40","1972.10","19.42K","+0.47%"
"11/19/2025","1975.60","1980.00","2003.00","1965.30","33.80K","-0.06%"
"11/18/2025","1976.80","2061.30","2061.30","1973.60","99.72K","-4.10%"
"11/17/2025","2061.30","2070.00","2245.00","2042.10","574.95K","+0.80%"
"11/14/2025","2045.00","2043.00","2058.50","2038.00","13.66K","-0.14%"
"11/13/2025","2047.90","2051.60","2062.30","2041.00","10.79K","-0.18%"
"11/12/2025","2051.60","2069.80","2073.50","2040.00","24.98K","-0.03%"
"11/11/2025","2052.30","2074.40","2081.30","2040.10","9.18K","-0.97%"
"11/10/2025","2072.30","2080.10","2095.60","2060.20","9.52K","-0.26%"
"11/07/2025","2077.80","2100.10","2102.20","2051.10","20.57K","-1.04%"
"11/06/2025","2099.60","2130.00","2130.00","2095.00","8.63K","-0.90%"
"11/04/2025","2118.70","2148.00","2148.00","2109.70","12.07K","-0.50%"
"11/03/2025","2129.40","2136.90","2145.20","2117.00","15.25K","-0.53%"
"10/31/2025","2140.80","2171.00","2208.80","2121.50","19.03K","-0.52%"
"10/30/2025","2152.00","2140.00","2219.00","2134.20","7.13K","+0.33%"
"10/29/2025","2144.90","2188.00","2188.00","2105.00","8.48K","-0.84%"
"10/28/2025","2163.00","2214.00","2214.00","2098.00","12.97K","+0.17%"
"10/27/2025","2159.40","2218.00","2222.00","2090.00","16.57K","-1.81%"
"10/24/2025","2199.30","2195.40","2225.00","2185.00","5.89K","+0.18%"
"10/23/2025","2195.40","2266.00","2266.00","2189.00","9.72K","-2.02%"
"10/21/2025","2240.60","2246.00","2266.40","2200.10","2.85K","+1.85%"
"10/20/2025","2200.00","2219.60","2244.80","2190.00","8.57K","-0.88%"
"10/17/2025","2219.60","2268.00","2268.00","2175.00","11.72K","-0.28%"
"10/16/2025","2225.80","2278.60","2278.60","2175.00","18.09K","-1.78%"
"10/15/2025","2266.10","2300.00","2300.00","2185.00","26.70K","-54.75%"
"10/14/2025","5008.40","4870.00","5074.00","4842.00","81.88K","+4.06%"
"10/13/2025","4812.90","4869.00","4869.00","4731.00","40.32K","-1.08%"
"10/10/2025","4865.40","4949.90","4950.70","4852.80","36.13K","-0.59%"
"10/09/2025","4894.20","4846.00","4928.70","4845.10","42.68K","+0.54%"
"10/08/2025","4867.90","4890.00","4890.00","4800.00","27.16K","-0.42%"
"10/07/2025","4888.50","4930.00","4930.00","4850.00","18.15K","-0.35%"
"10/06/2025","4905.90","4880.90","4940.00","4855.00","30.53K","+0.51%"
"10/03/2025","4880.90","4845.00","4950.00","4829.80","114.60K","+2.41%"
"10/01/2025","4766.20","4760.00","4778.00","4690.10","18.48K","+1.07%"
"09/30/2025","4715.60","4648.00","4728.00","4634.00","15.12K","+1.96%"
"09/29/2025","4625.00","4761.00","4829.40","4610.00","43.95K","-1.87%"
"09/26/2025","4713.10","4770.00","4770.00","4665.70","13.20K","-1.23%"
"09/25/2025","4771.70","4745.00","4778.60","4717.70","14.86K","+0.58%"
"09/24/2025","4744.00","4764.00","4777.90","4710.10","10.01K","+0.06%"
"09/23/2025","4741.00","4798.00","4800.10","4725.00","8.32K","+0.12%"
"09/22/2025","4735.30","4833.20","4854.00","4726.00","14.16K","-2.03%"
"09/19/2025","4833.40","4800.00","4865.00","4747.00","32.41K","+0.84%"
"09/18/2025","4793.00","4804.00","4825.00","4759.70","15.58K","+0.29%"
"09/17/2025","4779.20","4817.90","4825.00","4740.00","14.10K","-0.34%"
"09/16/2025","4795.70","4839.90","4872.10","4786.80","15.12K","-0.54%"
"09/15/2025","4821.90","4858.00","4858.00","4811.00","13.91K","-0.10%"
"09/12/2025","4826.90","4829.00","4852.90","4803.00","8.82K","+0.33%"
"09/11/2025","4811.00","4919.20","4920.20","4803.00","17.54K","-1.98%"
"09/10/2025","4908.00","4920.00","4964.80","4882.60","21.47K","-0.14%"
"09/09/2025","4914.80","4937.90","5012.00","4895.10","25.19K","-0.25%"
"09/08/2025","4927.10","4878.00","4974.90","4857.20","45.10K","+1.00%"
"09/05/2025","4878.10","4700.00","4919.00","4700.00","467.71K","+6.05%"
"09/04/2025","4599.80","4594.00","4614.00","4548.60","29.94K","+0.90%"
"09/03/2025","4558.80","4570.10","4600.00","4512.00","7.07K","-0.25%"
"09/02/2025","4570.10","4540.00","4594.00","4482.50","18.46K","+0.82%"
"09/01/2025","4533.00","4499.20","4548.50","4440.20","8.19K","+2.09%"
"08/29/2025","4440.00","4476.80","4489.90","4420.70","37.39K","-1.16%"
"08/28/2025","4491.90","4515.40","4559.90","4464.00","15.00K","-1.33%"
"08/26/2025","4552.30","4520.00","4595.00","4482.00","24.73K","+0.60%"
"08/25/2025","4525.30","4551.20","4552.00","4481.50","15.44K","+0.42%"
"08/22/2025","4506.20","4510.00","4533.90","4492.10","7.02K","-0.07%"
"08/21/2025","4509.20","4520.00","4530.00","4475.00","13.28K","-0.24%"
"08/20/2025","4520.10","4521.10","4559.90","4502.00","15.29K","-0.67%"
"08/19/2025","4550.40","4500.00","4600.00","4491.90","11.17K","+1.11%"
"08/18/2025","4500.60","4500.00","4523.20","4461.30","22.67K","+1.48%"
"08/14/2025","4435.00","4486.00","4502.20","4424.60","60.03K","-1.51%"
"08/13/2025","4503.10","4482.60","4526.00","4453.10","15.83K","+0.46%"
"08/12/2025","4482.60","4488.00","4500.00","4432.00","28.10K","+0.54%"
"08/11/2025","4458.40","4492.90","4492.90","4408.20","32.90K","-0.77%"
"08/08/2025","4492.90","4568.10","4598.00","4468.90","47.98K","-1.61%"
"08/07/2025","4566.50","4620.00","4674.20","4525.20","71.04K","-4.75%"
"08/06/2025","4794.20","4839.70","4845.00","4765.60","12.60K","+0.05%"
"08/05/2025","4791.90","4807.40","4832.50","4768.50","8.79K","+0.17%"
"08/04/2025","4783.60","4811.00","4814.60","4754.00","32.65K","-1.10%"
"08/01/2025","4837.00","4920.00","4920.00","4801.50","19.90K","-1.30%"
"07/31/2025","4900.60","4888.00","4939.80","4836.20","18.29K","-0.11%"
"07/30/2025","4905.90","4818.00","4930.60","4818.00","19.05K","+1.31%"
"07/29/2025","4842.40","4824.60","4864.90","4742.00","21.76K","+0.37%"
"07/28/2025","4824.60","4915.00","4915.00","4764.20","35.61K","-1.86%"
"07/25/2025","4915.80","4995.30","4995.30","4862.50","30.81K","-1.59%"
"07/24/2025","4995.30","4985.00","5025.00","4961.20","27.51K","-0.08%"
"07/23/2025","4999.20","4964.80","5010.00","4936.60","27.42K","+0.83%"
"07/22/2025","4958.00","4938.50","4979.00","4934.00","12.45K","-0.16%"
"07/21/2025","4966.10","4970.00","4978.90","4917.00","20.48K","+0.02%"
"07/18/2025","4965.00","4950.00","4996.00","4917.20","36.27K","+0.31%"
"07/17/2025","4949.50","4840.00","4969.90","4835.50","33.46K","+2.69%"
"07/16/2025","4819.80","4872.70","4908.00","4811.20","30.50K","-1.09%"
"07/15/2025","4872.70","4878.00","4912.40","4835.00","19.53K","+0.64%"
"07/14/2025","4841.60","4842.10","4874.60","4807.50","39.14K","-0.35%"
"07/11/2025","4858.40","4926.00","4926.00","4845.00","36.69K","-1.38%"
"07/10/2025","4926.20","4913.50","4950.00","4890.20","17.73K","-0.17%"
"07/09/2025","4934.70","4940.00","4967.40","4907.00","23.05K","-0.47%"
"07/08/2025","4958.10","4931.00","4999.00","4931.00","25.29K","+0.31%"
"07/07/2025","4942.70","4970.00","5020.00","4902.10","31.17K","-0.26%"
"07/04/2025","4955.80","5026.00","5026.00","4900.00","59.22K","-1.22%"
"07/03/2025","5017.20","4969.90","5036.90","4953.00","74.32K","+0.96%"
"07/02/2025","4969.60","4920.00","5049.80","4850.00","185.05K","+1.80%"
"07/01/2025","4881.80","4860.00","4909.00","4755.40","75.41K","+1.37%"
"06/30/2025","4815.80","4634.20","4864.50","4634.20","372.37K","+4.15%"
"06/27/2025","4623.80","4761.00","4761.00","4600.00","146.72K","-1.99%"
"06/26/2025","4717.60","4697.90","4729.90","4665.00","14.51K","+0.54%"
"06/25/2025","4692.30","4750.00","4779.90","4655.00","33.79K","-0.36%"
"06/24/2025","4709.10","4626.10","4750.00","4605.10","30.84K","+2.31%"
"06/23/2025","4603.00","4600.00","4631.30","4566.50","18.82K","-0.18%"
"06/20/2025","4611.10","4581.00","4642.40","4518.80","63.67K","+0.83%"
"06/19/2025","4573.20","4615.00","4634.00","4552.90","79.51K","-1.11%"
"06/18/2025","4624.40","4580.00","4640.00","4556.40","77.64K","+0.82%"
"06/17/2025","4586.80","4630.00","4630.00","4522.60","53.97K","-0.58%"
"06/16/2025","4613.70","4630.20","4657.20","4558.50","12.75K","-0.71%"
"06/13/2025","4646.90","4610.00","4678.00","4570.40","28.56K","-0.64%"
"06/12/2025","4676.60","4750.00","4750.00","4655.00","42.69K","-1.22%"
"06/11/2025","4734.20","4755.00","4755.00","4702.80","28.32K","-0.17%"
"06/10/2025","4742.10","4702.40","4754.00","4684.00","33.54K","+0.84%"
"06/09/2025","4702.40","4725.00","4733.60","4690.00","21.88K","-0.14%"
"06/06/2025","4708.80","4735.50","4751.70","4681.10","28.31K","-0.90%"
"06/05/2025","4751.70","4790.00","4796.00","4732.20","35.03K","-0.48%"
"06/04/2025","4774.80","4649.00","4964.20","4649.00","324.63K","+2.96%"
"06/03/2025","4637.50","4689.70","4700.10","4610.00","25.90K","-1.01%"
"06/02/2025","4685.00","4737.00","4769.90","4630.00","54.89K","-0.23%"
"05/30/2025","4696.00","4583.90","4787.00","4583.90","128.84K","+2.45%"
"05/29/2025","4583.90","4545.00","4600.00","4535.10","31.05K","+0.89%"
"05/28/2025","4543.40","4600.00","4619.80","4520.00","22.16K","-0.95%"
"05/27/2025","4587.20","4554.00","4609.00","4526.00","25.97K","+0.93%"
"05/26/2025","4545.00","4666.50","4666.50","4521.00","60.71K","-2.18%"
"05/23/2025","4646.50","4565.00","4736.50","4565.00","68.88K","+1.17%"
"05/22/2025","4592.70","4604.00","4650.00","4551.10","58.98K","-0.24%"
"05/21/2025","4603.80","4586.00","4670.00","4541.60","74.02K","-0.49%"
"05/20/2025","4626.30","4650.00","4709.90","4582.00","94.47K","+0.04%"
"05/19/2025","4624.30","4611.40","4670.00","4492.40","114.20K","+1.08%"
"05/16/2025","4574.80","4505.30","4688.00","4476.00","417.21K","+5.79%"
"05/15/2025","4324.40","4295.00","4352.00","4250.00","48.97K","+1.63%"
"05/14/2025","4255.10","4220.10","4281.50","4194.00","39.28K","+1.14%"
"05/13/2025","4207.10","4125.00","4225.00","4100.80","57.47K","+1.99%"
"05/12/2025","4125.10","4000.00","4155.90","3990.00","76.40K","+5.04%"
"05/09/2025","3927.00","3820.00","3949.00","3820.00","17.71K","-1.21%"
"05/08/2025","3975.00","3950.00","4040.00","3925.10","54.40K","+1.10%"
"05/07/2025","3931.70","3880.00","3971.80","3853.20","22.73K","+0.75%"
"05/06/2025","3902.30","3925.00","3942.80","3892.30","34.95K","-0.33%"
"05/05/2025","3915.40","3949.90","3949.90","3892.50","19.12K","-0.07%"
"05/02/2025","3918.00","3905.20","3935.90","3832.40","38.68K","+0.83%"
"04/30/2025","3885.70","3885.00","3916.60","3825.10","51.15K","-0.33%"
"04/29/2025","3898.70","3883.50","3924.50","3761.60","72.75K","+0.48%"
"04/28/2025","3879.90","3860.00","3907.20","3834.10","19.56K","+0.08%"
"04/25/2025","3876.70","3915.00","3926.00","3833.00","172.74K","-1.25%"
"04/24/2025","3925.80","3940.00","3977.10","3900.10","26.86K","+0.04%"
"04/23/2025","3924.20","3909.00","3928.50","3859.00","61.60K","+0.63%"
"04/22/2025","3899.50","3890.00","3919.50","3877.60","96.84K","+0.00%"
"04/21/2025","3899.50","3939.00","3949.90","3872.10","60.06K","-0.15%"
"04/17/2025","3905.20","3877.00","3924.90","3860.10","17.16K","+0.18%"
"04/16/2025","3898.20","3880.00","3920.20","3855.00","21.14K","+0.72%"
"04/15/2025","3870.20","3940.00","3954.90","3850.60","25.61K","+0.21%"
"04/11/2025","3861.95","3960.00","3960.00","3830.40","32.84K","+1.19%"
"04/09/2025","3816.60","3825.00","3855.00","3764.40","24.42K","-0.78%"
"04/08/2025","3846.50","3771.70","3855.00","3736.35","38.74K","+3.11%"
"04/07/2025","3730.55","3541.00","3775.00","3541.00","52.24K","-1.01%"
"04/04/2025","3768.45","3850.00","3870.30","3711.00","93.71K","-2.10%"
"04/03/2025","3849.45","3815.00","3861.95","3772.05","88.63K","+0.78%"
"04/02/2025","3819.80","3780.00","3835.00","3735.60","90.39K","+0.60%"
"04/01/2025","3796.95","3834.55","3850.55","3754.45","62.86K","-1.39%"
"03/28/2025","3850.55","3805.60","3887.35","3792.50","76.40K","+1.69%"
"03/27/2025","3786.65","3820.00","3869.45","3759.45","169.87K","-0.92%"
"03/26/2025","3821.85","3856.00","3856.00","3790.00","82.11K","-0.33%"
"03/25/2025","3834.40","3850.00","3868.20","3805.40","162.73K","+0.12%"
"03/24/2025","3829.75","3805.40","3894.00","3805.40","93.97K","+0.54%"
"03/21/2025","3809.05","3760.00","3850.00","3749.60","130.47K","+1.05%"
"03/20/2025","3769.30","3740.00","3787.05","3710.05","64.04K","+0.95%"
"03/19/2025","3733.80","3674.00","3748.60","3659.20","33.97K","+1.81%"
"03/18/2025","3667.30","3665.00","3674.15","3636.00","37.84K","+0.21%"
"03/17/2025","3659.50","3638.80","3668.00","3614.60","30.20K","+0.57%"
"03/13/2025","3638.80","3693.00","3792.00","3632.00","32.10K","-1.80%"
"03/12/2025","3705.55","3708.15","3736.80","3685.00","26.83K","-1.04%"
"03/11/2025","3744.35","3705.00","3775.00","3656.00","15.24K","+0.19%"
"03/10/2025","3737.40","3798.00","3798.00","3722.00","28.20K","-1.02%"
"03/07/2025","3775.90","3784.85","3799.40","3735.00","23.43K","-0.24%"
"03/06/2025","3784.85","3807.30","3810.00","3744.00","33.15K","-0.09%"
"03/05/2025","3788.35","3750.00","3803.00","3740.00","22.83K","+1.04%"
"03/04/2025","3749.20","3605.00","3751.15","3602.65","27.88K","+1.99%"
"03/03/2025","3676.15","3715.00","3728.75","3541.00","41.64K","-0.38%"
"02/28/2025","3690.30","3606.60","3738.40","3566.95","116.90K","+1.17%"
"02/27/2025","3647.50","3827.00","3827.00","3629.85","23.03K","-3.79%"
"02/25/2025","3791.25","3790.00","3823.50","3766.85","32.83K","-0.01%"
"02/24/2025","3791.55","3817.35","3855.00","3751.00","49.16K","-0.68%"
"02/21/2025","3817.35","3800.00","3834.40","3752.55","24.12K","+0.67%"
"02/20/2025","3791.95","3798.00","3847.10","3744.00","28.30K","+0.43%"
"02/19/2025","3775.80","3700.00","3792.00","3685.20","23.36K","+1.63%"
"02/18/2025","3715.20","3710.00","3747.70","3664.00","26.89K","-0.64%"
"02/17/2025","3739.10","3650.00","3900.00","3591.75","180.34K","+1.39%"
"02/14/2025","3687.85","3660.00","3712.00","3541.00","76.63K","+0.32%"
"02/13/2025","3676.25","3693.60","3700.00","3643.10","90.49K","-3.21%"
"02/12/2025","3798.05","3881.50","3881.50","3707.00","43.76K","-2.14%"
"02/11/2025","3881.00","3951.00","3967.90","3832.05","27.07K","-1.70%"
"02/10/2025","3948.25","3965.40","4010.00","3931.75","21.93K","-1.56%"
"02/07/2025","4011.00","4050.00","4050.00","3964.05","15.76K","-0.49%"
"02/06/2025","4030.65","3972.00","4045.00","3972.00","29.44K","+0.92%"
"02/05/2025","3993.75","4023.05","4023.05","3971.60","27.01K","+0.13%"
"02/04/2025","3988.60","3960.00","4000.00","3939.95","22.57K","+0.92%"
"02/03/2025","3952.10","3978.75","4017.00","3921.00","26.96K","-0.70%"
"02/01/2025","3980.00","4067.90","4086.00","3965.05","14.16K","-1.58%"
"01/31/2025","4043.85","4025.00","4075.00","3988.10","61.20K","+1.26%"
"01/30/2025","3993.70","4040.60","4057.70","3954.00","87.91K","-0.64%"
"01/29/2025","4019.45","3947.20","4078.00","3947.20","81.02K","+2.09%"
"01/28/2025","3937.35","3982.00","4006.65","3915.05","59.47K","-1.05%"
"01/27/2025","3979.10","4142.00","4142.20","3966.00","37.28K","-3.94%"
"01/24/2025","4142.25","4202.80","4202.80","4131.00","22.31K","-0.95%"
"01/23/2025","4181.90","4171.35","4207.15","4121.95","40.66K","+0.25%"
"01/22/2025","4171.35","4196.25","4234.90","4160.00","20.73K","-0.56%"
"01/21/2025","4194.85","4218.00","4267.40","4179.00","12.89K","-1.08%"
"01/20/2025","4240.80","4294.00","4294.00","4202.00","23.82K","-0.33%"
"01/17/2025","4254.85","4253.00","4266.50","4240.05","14.22K","+0.17%"
"01/16/2025","4247.65","4235.85","4261.70","4212.85","114.01K","+0.78%"
"01/15/2025","4214.75","4224.90","4230.05","4198.00","40.27K","-0.10%"
"01/14/2025","4219.15","4208.20","4249.90","4198.60","17.05K","+0.26%"
"01/13/2025","4208.20","4319.95","4338.20","4184.00","25.03K","-2.54%"
"01/10/2025","4317.90","4409.00","4409.00","4308.00","13.09K","-1.61%"
"01/09/2025","4388.55","4345.00","4409.00","4335.00","10.53K","+0.37%"
"01/08/2025","4372.25","4375.25","4407.50","4341.65","15.45K","-0.07%"
"01/07/2025","4375.25","4408.30","4452.30","4365.20","18.16K","-0.74%"
"01/06/2025","4408.00","4543.20","4543.20","4385.00","37.89K","-2.49%"
"01/03/2025","4520.55","4525.00","4571.50","4481.00","16.51K","+0.56%"
"01/02/2025","4495.40","4491.80","4520.00","4455.00","12.92K","+0.43%"
"01/01/2025","4476.15","4477.35","4500.70","4455.00","6.71K","-0.05%"
"12/31/2024","4478.30","4476.00","4566.00","4444.85","19.11K","+0.06%"
"12/30/2024","4475.70","4567.95","4580.10","4460.00","18.97K","-2.20%"
"12/27/2024","4576.50","4560.00","4645.25","4434.25","137.98K","+2.96%"
"12/26/2024","4445.10","4474.95","4509.30","4429.00","23.61K","-0.03%"
"12/24/2024","4446.25","4475.20","4480.05","4401.25","11.06K","-0.15%"
"12/23/2024","4452.90","4572.20","4581.75","4432.00","27.02K","-1.85%"
"12/20/2024","4537.05","4693.35","4712.45","4520.00","33.34K","-3.32%"
"12/19/2024","4692.90","4675.00","4748.00","4675.00","11.84K","-0.21%"
"12/18/2024","4702.60","4769.40","4772.50","4691.00","14.85K","-0.95%"
"12/17/2024","4747.55","4873.80","4875.00","4705.55","21.17K","-2.10%"
"12/16/2024","4849.55","4884.60","4924.70","4811.80","10.44K","-0.22%"
"12/13/2024","4860.25","4905.00","4905.05","4801.25","12.29K","-1.22%"
"12/12/2024","4920.30","4984.00","4984.00","4903.45","19.83K","-1.28%"
"12/11/2024","4984.10","5005.80","5039.00","4968.00","37.72K","+0.07%"
"12/10/2024","4980.85","5039.80","5079.55","4960.55","18.74K","-0.94%"
"12/09/2024","5028.35","5080.60","5083.50","5010.00","27.20K","-1.08%"
"12/06/2024","5083.50","5161.00","5161.00","5075.00","13.72K","-1.04%"
"12/05/2024","5136.80","5150.00","5172.70","5057.20","17.42K","-0.02%"
"12/04/2024","5137.95","5129.50","5180.00","5082.20","17.75K","+0.69%"
"12/03/2024","5102.60","5025.00","5210.00","5001.00","31.20K","+2.00%"
"12/02/2024","5002.60","5019.15","5031.35","4923.75","29.07K","-0.07%"
"11/29/2024","5006.30","5006.60","5024.50","4940.00","50.59K","+0.52%"
"11/28/2024","4980.40","4984.60","5010.80","4914.20","23.14K","-0.08%"
"11/27/2024","4984.60","4978.50","5031.40","4920.00","25.55K","+0.61%"
"11/26/2024","4954.45","4825.00","4998.00","4773.70","35.99K","+3.11%"
"11/25/2024","4804.80","4720.00","4818.90","4670.00","30.86K","+2.77%"
"11/22/2024","4675.25","4687.00","4748.00","4657.00","20.16K","+0.06%"
"11/21/2024","4672.40","4685.45","4699.00","4632.00","27.44K","+0.22%"
"11/19/2024","4662.10","4463.10","4769.00","4442.45","103.03K","+5.01%"
"11/18/2024","4439.70","4489.40","4489.40","4334.00","136.93K","-1.75%"
"11/14/2024","4518.55","4800.00","4840.00","4400.00","294.48K","-7.41%"
"11/13/2024","4880.30","5011.70","5044.30","4852.00","31.74K","-3.01%"
"11/12/2024","5031.70","5126.20","5126.20","5009.00","15.85K","-1.35%"
"11/11/2024","5100.65","5084.30","5130.00","5040.00","20.35K","+0.32%"
"11/08/2024","5084.30","5108.15","5125.00","5040.05","17.80K","-0.13%"
"11/07/2024","5090.70","5175.05","5193.00","5038.25","25.47K","-1.07%"
"11/06/2024","5145.60","5065.00","5167.55","5056.05","32.57K","+1.90%"
"11/05/2024","5049.85","5148.50","5173.80","5024.00","27.78K","-2.11%"
"11/04/2024","5158.95","5192.10","5226.10","5086.10","19.00K","-1.54%"
"11/01/2024","5239.75","5159.00","5255.00","5155.50","3.78K","+1.57%"
"10/31/2024","5158.70","5109.05","5213.95","5102.70","75.69K","+0.97%"
"10/30/2024","5109.05","5080.00","5164.60","5062.00","123.73K","+0.57%"
"10/29/2024","5080.00","5064.90","5098.00","4992.65","12.32K","+0.83%"
"10/28/2024","5038.40","5092.05","5092.05","4992.10","98.33K","-1.11%"
"10/25/2024","5095.10","5172.80","5191.90","5035.30","27.34K","-1.40%"
"10/24/2024","5167.65","5168.90","5210.10","5115.55","25.46K","+0.02%"
"10/23/2024","5166.85","5148.15","5257.05","5148.15","20.72K","-0.55%"
"10/22/2024","5195.30","5275.00","5319.40","5165.00","35.29K","-2.07%"
"10/21/2024","5305.30","5357.25","5365.00","5271.10","26.80K","-0.72%"
"10/18/2024","5343.85","5306.75","5359.80","5231.00","56.74K","+0.59%"
"10/17/2024","5312.60","5440.00","5444.70","5290.00","48.13K","-2.23%"
"10/16/2024","5434.00","5417.60","5449.90","5361.50","22.93K","+0.13%"
"10/15/2024","5427.10","5439.20","5440.00","5381.05","31.08K","+0.30%"
"10/14/2024","5410.70","5439.90","5440.00","5370.10","17.60K","-0.05%"
"10/11/2024","5413.20","5407.45","5437.00","5330.05","24.44K","+0.11%"
"10/10/2024","5407.45","5385.00","5443.45","5301.10","230.55K","+0.61%"
"10/09/2024","5374.55","5352.00","5492.60","5303.00","152.72K","+3.98%"
"10/08/2024","5168.90","5163.30","5235.35","5116.00","20.62K","+0.12%"
"10/07/2024","5162.50","5342.00","5342.00","5074.10","53.33K","-2.85%"
"10/04/2024","5314.15","5436.00","5450.60","5301.10","30.35K","-2.24%"
"10/03/2024","5436.00","5401.00","5459.00","5358.90","90.64K","-0.09%"
"10/01/2024","5440.95","5411.00","5468.95","5401.00","21.76K","+0.09%"
"09/30/2024","5436.20","5411.00","5463.95","5411.00","41.77K","+0.48%"
"09/27/2024","5410.20","5487.00","5500.00","5401.00","25.63K","-0.24%"
"09/26/2024","5423.20","5424.95","5465.00","5355.05","31.39K","+0.26%"
"09/25/2024","5408.90","5450.15","5520.00","5357.70","41.05K","+0.07%"
"09/24/2024","5404.95","5382.90","5490.00","5355.00","255.49K","+0.41%"
"09/23/2024","5382.90","5385.05","5404.85","5345.00","14.43K","-0.04%"
"09/20/2024","5384.85","5392.20","5408.80","5325.05","16.34K","-0.14%"
"09/19/2024","5392.20","5409.90","5430.10","5255.00","38.97K","+0.20%"
"09/18/2024","5381.60","5580.00","5580.00","5350.00","128.11K","-0.74%"
"09/17/2024","5421.60","5459.40","5470.65","5413.05","108.48K","-0.69%"
"09/16/2024","5459.40","5476.60","5503.20","5433.15","39.95K","+0.21%"
"09/13/2024","5447.90","5447.15","5465.00","5403.05","43.87K","+0.29%"
"09/12/2024","5432.20","5476.20","5511.55","5386.05","70.67K","-0.04%"
"09/11/2024","5434.20","5299.00","5550.00","5277.75","111.94K","+2.60%"
"09/10/2024","5296.35","5314.15","5338.15","5254.10","90.26K","+0.67%"
"09/09/2024","5261.25","5258.55","5291.85","5177.20","17.27K","+0.05%"
"09/06/2024","5258.55","5305.05","5362.75","5245.25","25.29K","-1.13%"
"09/05/2024","5318.60","5414.50","5421.90","5302.80","25.68K","-1.28%"
"09/04/2024","5387.55","5250.00","5423.95","5250.00","43.83K","+1.64%"
"09/03/2024","5300.85","5254.00","5350.15","5236.80","45.81K","+1.54%"
"09/02/2024","5220.25","5284.95","5310.65","5198.00","121.89K","-1.12%"
"08/30/2024","5279.20","5280.00","5290.00","5222.75","58.02K","+0.57%"
"08/29/2024","5249.15","5216.00","5270.00","5180.00","63.36K","+0.82%"
"08/28/2024","5206.35","5291.80","5293.50","5184.10","94.64K","-0.54%"
"08/27/2024","5234.45","5276.30","5312.35","5216.65","145.39K","-0.78%"
"08/26/2024","5275.80","5260.10","5297.00","5235.05","78.60K","+0.33%"
"08/23/2024","5258.70","5289.00","5316.10","5241.15","29.09K","-0.56%"
"08/22/2024","5288.25","5350.00","5350.00","5252.00","62.29K","-0.37%"
"08/21/2024","5307.95","5221.50","5335.00","5151.00","159.46K","+2.00%"
"08/20/2024","5204.00","5146.00","5370.25","5110.00","126.83K","+1.77%"
"08/19/2024","5113.40","5088.00","5182.20","5050.00","38.82K","+0.59%"
"08/16/2024","5083.45","5143.15","5172.00","5053.30","135.08K","-0.32%"
"08/14/2024","5099.70","5225.00","5225.00","4930.00","185.25K","-2.22%"
"08/13/2024","5215.25","5328.00","5328.00","5199.00","47.17K","-1.57%"
"08/12/2024","5298.70","5360.00","5360.00","5275.10","41.30K","-2.11%"
"08/09/2024","5413.05","5437.40","5488.00","5385.00","15.01K","+0.08%"
"08/08/2024","5408.95","5444.05","5513.85","5394.05","34.22K","-0.14%"
"08/07/2024","5416.45","5448.85","5469.35","5380.00","52.50K","+0.77%"
"08/06/2024","5375.10","5434.15","5471.55","5335.00","57.36K","-0.60%"
"08/05/2024","5407.50","5426.50","5460.05","5282.15","49.69K","-2.86%"
"08/02/2024","5566.65","5681.90","5695.00","5555.00","22.46K","-2.03%"
"08/01/2024","5681.90","5631.40","5738.00","5616.85","57.62K","+1.40%"
"07/31/2024","5603.40","5574.65","5630.90","5515.00","75.59K","+1.29%"
"07/30/2024","5532.00","5554.45","5648.00","5500.05","77.14K","+0.36%"
"07/29/2024","5511.90","5666.95","5698.00","5490.00","84.02K","-1.62%"
"07/26/2024","5602.60","5651.90","5768.90","5570.00","67.16K","-0.35%"
"07/25/2024","5622.35","5660.00","5691.15","5599.95","38.29K","-0.49%"
"07/24/2024","5650.15","5613.25","5697.00","5613.25","86.11K","+0.66%"
"07/23/2024","5613.25","5670.45","5675.05","5500.05","21.96K","-0.28%"
"07/22/2024","5629.05","5589.95","5678.25","5555.60","40.83K","+0.73%"
"07/19/2024","5588.25","5680.00","5777.80","5572.00","38.50K","-3.31%"
"07/18/2024","5779.50","5880.00","5880.65","5751.00","36.36K","-1.51%"
"07/16/2024","5868.25","5867.00","6002.35","5841.85","84.89K","+0.25%"
"07/15/2024","5853.50","5944.90","5949.10","5831.35","22.50K","-1.13%"
"07/12/2024","5920.15","5915.00","6137.95","5023.50","73.85K","+0.17%"
"07/11/2024","5910.05","6023.80","6045.75","5890.80","29.43K","-1.36%"
"07/10/2024","5991.75","6094.65","6145.00","5973.00","64.61K","-1.69%"
"07/09/2024","6094.65","6354.60","6354.60","6086.00","110.49K","-3.41%"
"07/08/2024","6309.90","6349.00","6398.75","6282.00","32.30K","-1.25%"
"07/05/2024","6389.85","6435.00","6460.00","6375.05","19.75K","-0.08%"
"07/04/2024","6394.95","6359.00","6460.50","6330.50","56.02K","-0.84%"
"07/03/2024","6449.15","6510.00","6570.00","6436.10","134.19K","-0.77%"
"07/02/2024","6499.15","6750.00","6750.00","6484.00","84.91K","-0.55%"
"07/01/2024","6535.05","6509.45","6673.90","6485.00","45.71K","+1.04%"
"06/28/2024","6467.50","6554.00","6593.85","6450.10","35.45K","-0.84%"
"06/27/2024","6522.10","6594.85","6739.00","6502.30","25.98K","-0.73%"
"06/26/2024","6570.00","6650.95","6709.90","6550.00","26.14K","-0.65%"
"06/25/2024","6612.80","6762.40","6785.95","6600.00","25.18K","-1.05%"
"06/24/2024","6683.00","6850.00","6850.05","6670.10","33.85K","-1.66%"
"06/21/2024","6795.70","6782.00","6842.95","6665.00","48.17K","+0.78%"
"06/20/2024","6743.40","6780.00","6862.90","6650.00","55.05K","+0.48%"
"06/19/2024","6711.45","6861.20","6979.25","6612.00","94.40K","-1.06%"
"06/18/2024","6783.20","6960.00","7350.00","6672.10","244.74K","-1.99%"
"06/14/2024","6921.20","6210.00","6983.60","6210.00","409.49K","+11.64%"
"06/13/2024","6199.40","6314.00","6319.90","6181.00","113.02K","-0.62%"
"06/12/2024","6237.80","6170.00","6373.00","6113.00","115.08K","+1.17%"
"06/11/2024","6165.65","6219.00","6375.80","6151.50","21.30K","-0.42%"
"06/10/2024","6191.50","6247.00","6247.00","6132.60","12.22K","+0.27%"
"06/07/2024","6175.00","6150.00","6250.00","6103.55","16.88K","+1.38%"
"06/06/2024","6090.65","6111.40","6187.00","6040.00","33.65K","+0.19%"
"06/05/2024","6079.40","5900.00","6125.00","5572.65","58.41K","+4.55%"
"06/04/2024","5814.95","6109.35","6121.00","5544.30","51.18K","-4.32%"
"06/03/2024","6077.45","6200.00","6200.00","5997.65","26.61K","+1.50%"
"05/31/2024","5987.70","5981.35","6136.80","5914.40","58.42K","-0.03%"
"05/30/2024","5989.55","6269.95","6299.95","5900.00","54.39K","-4.59%"
"05/29/2024","6277.40","6161.00","6374.00","6070.55","72.67K","+1.88%"
"05/28/2024","6161.85","6110.00","6273.85","6055.20","54.02K","+0.82%"
"05/27/2024","6111.75","6265.00","6270.00","6042.00","48.06K","-2.51%"
"05/24/2024","6268.80","6143.55","6380.00","6126.00","88.21K","+2.05%"
"05/23/2024","6142.90","5994.00","6225.00","5891.15","48.67K","+2.74%"
"05/22/2024","5979.00","5990.00","6151.20","5928.35","104.73K","-0.42%"
"05/21/2024","6004.00","6170.00","6339.85","5926.60","128.46K","-2.67%"
"05/18/2024","6168.70","6100.00","6284.40","6021.05","21.67K","+3.07%"
"05/17/2024","5985.15","5710.70","6090.00","5641.05","213.68K","+5.75%"
"05/16/2024","5659.50","5345.00","5849.00","5330.60","334.78K","+6.21%"
"05/15/2024","5328.75","5049.00","5375.00","5049.00","154.88K","+6.50%"
"05/14/2024","5003.55","5080.00","5103.00","4981.50","57.40K","-1.18%"
"05/13/2024","5063.40","5015.00","5190.00","5015.00","86.39K","+1.34%"
"05/10/2024","4996.40","4950.00","5121.95","4914.05","157.27K","+0.96%"
"05/09/2024","4948.65","5100.00","5100.00","4841.40","801.68K","+8.25%"
"05/08/2024","4571.45","4660.00","4676.85","4562.00","16.82K","-1.32%"
"05/07/2024","4632.65","4673.40","4710.95","4591.00","61.63K","-0.52%"
"05/06/2024","4656.75","4675.00","4690.00","4612.15","81.39K","+0.55%"
"05/03/2024","4631.20","4739.70","4754.95","4615.85","17.97K","-1.77%"
"05/02/2024","4714.85","4645.00","4790.00","4625.05","152.29K","+1.91%"
"04/30/2024","4626.55","4559.65","4699.75","4556.10","21.06K","+1.88%"
"04/29/2024","4541.30","4600.10","4618.10","4527.45","16.54K","-1.27%"
"04/26/2024","4599.55","4679.05","4692.40","4562.00","16.83K","-1.49%"
"04/25/2024","4669.05","4654.00","4815.20","4624.10","25.89K","+1.05%"
"04/24/2024","4620.35","4639.40","4639.40","4600.00","8.28K","+0.33%"
"04/23/2024","4605.20","4587.15","4633.70","4561.50","7.62K","+0.70%"
"04/22/2024","4573.30","4596.70","4639.45","4451.00","20.78K","-0.26%"
"04/19/2024","4585.40","4570.00","4622.80","4465.05","52.06K","-0.20%"
"04/18/2024","4594.50","4480.05","4625.00","4465.95","38.24K","+3.07%"
"04/16/2024","4457.70","4549.95","4554.95","4448.00","12.33K","-2.18%"
"04/15/2024","4556.95","4620.00","4630.00","4529.20","16.07K","-1.52%"
"04/12/2024","4627.30","4560.00","4779.00","4560.00","82.92K","+1.61%"
"04/10/2024","4553.95","4525.00","4565.00","4507.30","8.80K","+0.66%"
"04/09/2024","4524.10","4497.65","4549.90","4497.65","12.74K","+0.59%"
"04/08/2024","4497.65","4535.00","4535.00","4486.00","7.23K","-0.36%"
"04/05/2024","4513.85","4518.85","4560.00","4473.40","26.07K","+0.30%"
"04/04/2024","4500.25","4441.30","4547.90","4413.05","19.97K","+1.83%"
"04/03/2024","4419.20","4409.60","4442.45","4378.10","8.15K","+0.42%"
"04/02/2024","4400.85","4399.00","4489.90","4357.55","23.02K","+0.60%"
"04/01/2024","4374.50","4180.45","4390.00","4180.00","34.69K","+5.19%"
"03/28/2024","4158.65","4165.90","4187.80","4114.90","57.73K","-0.17%"
"03/27/2024","4165.90","4186.70","4237.95","4143.35","45.14K","-0.03%"
"03/26/2024","4167.20","4130.00","4280.00","4130.00","80.98K","-2.27%"
"03/22/2024","4264.00","4285.75","4307.60","4236.00","39.85K","-0.21%"
"03/21/2024","4272.95","4300.00","4310.00","4245.00","84.52K","-0.24%"
"03/20/2024","4283.20","4280.00","4318.90","4205.05","25.74K","+0.01%"
"03/19/2024","4282.85","4203.00","4300.00","4203.00","11.23K","+1.02%"
"03/18/2024","4239.75","4230.80","4269.95","4179.90","160.86K","-0.00%"
"03/15/2024","4239.90","4161.70","4388.00","4140.05","101.68K","+2.41%"
"03/14/2024","4139.95","4090.00","4183.70","4050.70","39.95K","+1.16%"
"03/13/2024","4092.50","4230.55","4230.55","4024.50","161.99K","-1.32%"
"03/12/2024","4147.45","4183.25","4217.40","4137.00","46.88K","-0.72%"
"03/11/2024","4177.60","4364.30","4400.00","4170.00","39.84K","-3.77%"
"03/07/2024","4341.45","4418.60","4425.00","4315.00","17.81K","-1.23%"
"03/06/2024","4395.50","4489.00","4509.40","4389.95","25.65K","-2.08%"
"03/05/2024","4488.75","4605.60","4605.60","4482.55","11.69K","-2.02%"
"03/04/2024","4581.50","4700.00","4700.00","4570.00","8.34K","-1.29%"
"03/02/2024","4641.25","4701.00","4725.00","4552.00","1.34K","-1.33%"
"03/01/2024","4704.00","4720.00","4720.00","4640.00","22.48K","-0.40%"
"02/29/2024","4722.95","4488.20","4820.00","4488.20","60.67K","+4.28%"
"02/28/2024","4529.00","4550.00","4550.00","4491.00","10.68K","+0.07%"
"02/27/2024","4525.65","4505.70","4548.15","4485.00","9.70K","+0.44%"
"02/26/2024","4505.70","4532.00","4554.90","4491.05","64.72K","-0.60%"
"02/23/2024","4532.95","4543.60","4554.90","4495.00","9.68K","+0.29%"
"02/22/2024","4519.85","4581.20","4581.20","4470.10","14.48K","-0.82%"
"02/21/2024","4557.20","4503.40","4585.45","4486.30","26.34K","+1.70%"
"02/20/2024","4480.95","4431.90","4505.00","4425.05","24.37K","+1.64%"
"02/19/2024","4408.65","4531.95","4531.95","4387.90","68.42K","-2.72%"
"02/16/2024","4531.90","4514.00","4599.00","4450.00","254.72K","+0.42%"
"02/15/2024","4513.10","4575.00","4575.00","4462.00","23.08K","-0.55%"
"02/14/2024","4538.10","4455.00","4569.15","4371.05","26.93K","+1.41%"
"02/13/2024","4474.95","4450.00","4525.95","4419.50","24.30K","+0.20%"
"02/12/2024","4466.20","4541.00","4575.00","4421.00","33.10K","-1.16%"
"02/09/2024","4518.75","4753.00","4775.00","4485.00","77.85K","-3.68%"
"02/08/2024","4691.20","4745.30","4745.30","4640.85","35.13K","-0.62%"
"02/07/2024","4720.45","4660.90","4741.55","4640.00","50.94K","+1.99%"
"02/06/2024","4628.40","4555.95","4646.25","4555.95","44.77K","+1.72%"
"02/05/2024","4550.30","4568.05","4579.00","4526.00","14.40K","+0.02%"
"02/02/2024","4549.25","4615.05","4675.00","4509.95","14.65K","-0.94%"
"02/01/2024","4592.20","4691.50","4715.05","4581.10","134.01K","-2.12%"
"01/31/2024","4691.85","4660.00","4726.55","4650.95","28.11K","+0.88%"
"01/30/2024","4650.95","4642.30","4746.95","4616.15","43.16K","+0.49%"
"01/29/2024","4628.45","4585.05","4678.00","4585.05","26.30K","+0.68%"
"01/25/2024","4597.40","4648.00","4648.00","4590.20","22.92K","-0.91%"
"01/24/2024","4639.40","4570.00","4653.90","4555.45","15.86K","+1.28%"
"01/23/2024","4580.80","4699.00","4699.00","4564.00","12.37K","-0.98%"
"01/20/2024","4626.15","4700.00","4700.00","4610.10","4.74K","-0.24%"
"01/19/2024","4637.25","4633.40","4676.55","4612.15","11.72K","+0.58%"
"01/18/2024","4610.30","4655.15","4673.95","4592.60","10.14K","-0.96%"
"01/17/2024","4655.15","4680.65","4680.65","4614.45","31.57K","-0.54%"
"01/16/2024","4680.65","4561.15","4710.05","4561.15","74.19K","+2.82%"
"01/15/2024","4552.15","4592.00","4660.00","4541.10","40.69K","-0.87%"
"01/12/2024","4592.00","4577.20","4615.00","4540.00","16.85K","+0.85%"
"01/11/2024","4553.25","4605.00","4617.55","4400.00","14.66K","-0.90%"
"01/10/2024","4594.75","4598.70","4659.95","4574.95","14.73K","-0.08%"
"01/09/2024","4598.65","4649.00","4665.90","4541.10","21.02K","-0.56%"
"01/08/2024","4624.55","4600.00","4643.00","4551.05","23.57K","+0.76%"
"01/05/2024","4589.70","4540.00","4608.40","4530.80","18.09K","+1.11%"
"01/04/2024","4539.30","4575.20","4595.00","4515.05","12.15K","-0.26%"
"01/03/2024","4551.20","4542.50","4584.90","4535.00","9.74K","+0.67%"
"01/02/2024","4520.80","4601.00","4640.00","4497.00","35.18K","-1.74%"
"01/01/2024","4600.90","4618.85","4642.90","4583.00","32.99K","+0.02%"
"12/29/2023","4600.10","4580.15","4654.70","4571.20","43.40K","+0.94%"
"12/28/2023","4557.35","4599.00","4658.55","4550.00","22.65K","-0.83%"
"12/27/2023","4595.60","4662.90","4712.00","4450.15","80.84K","-1.39%"
"12/26/2023","4660.20","4739.90","4739.90","4624.20","10.65K","-0.79%"
"12/22/2023","4697.30","4701.00","4739.90","4651.00","70.48K","-0.05%"
"12/21/2023","4699.75","4602.30","4704.00","4525.00","114.16K","+1.19%"
"12/20/2023","4644.50","4725.40","4725.40","4579.80","17.08K","-1.20%"
"12/19/2023","4700.70","4708.00","4720.60","4675.00","10.36K","+0.54%"
"12/18/2023","4675.30","4637.90","4688.00","4580.15","29.21K","+1.84%"
"12/15/2023","4590.90","4500.00","4625.00","4479.75","31.37K","+3.14%"
"12/14/2023","4451.05","4461.75","4550.00","4441.00","25.38K","+0.03%"
"12/13/2023","4449.80","4518.10","4520.25","4445.00","17.39K","-0.99%"
"12/12/2023","4494.45","4568.90","4598.90","4477.20","17.04K","-1.11%"
"12/11/2023","4545.00","4575.00","4613.05","4522.25","56.51K","-0.52%"
"12/08/2023","4568.95","4626.65","4665.80","4555.15","18.72K","-1.12%"
"12/07/2023","4620.65","4646.50","4646.50","4589.60","17.82K","-0.03%"
"12/06/2023","4622.20","4720.00","4727.40","4600.05","52.89K","-1.63%"
"12/05/2023","4699.00","4620.00","4730.65","4590.00","38.03K","+2.87%"
"12/04/2023","4567.85","4646.10","4693.75","4555.00","18.77K","-0.59%"
"12/01/2023","4594.95","4632.60","4690.90","4572.00","24.29K","-0.11%"
"11/30/2023","4600.00","4561.45","4607.40","4535.00","30.56K","+1.35%"
"11/29/2023","4538.80","4551.00","4579.90","4527.10","10.96K","-0.26%"
"11/28/2023","4550.75","4648.45","4648.45","4536.15","20.67K","-1.12%"
"11/24/2023","4602.15","4706.10","4706.10","4590.00","14.30K","-1.96%"
"11/23/2023","4694.25","4731.65","4739.95","4659.30","72.08K","-0.16%"
"11/22/2023","4702.00","4679.10","4712.95","4623.95","84.82K","+0.73%"
"11/21/2023","4667.70","4655.75","4710.00","4644.05","21.37K","+0.26%"
"11/20/2023","4655.75","4725.00","4753.60","4637.80","14.16K","-0.08%"
"11/17/2023","4659.60","4660.30","4714.95","4605.05","11.81K","+0.91%"
"11/16/2023","4617.40","4666.10","4713.95","4596.25","15.89K","-0.55%"
"11/15/2023","4642.85","4576.70","4657.00","4558.80","30.74K","+1.98%"
"11/13/2023","4552.75","4658.55","4682.95","4522.55","47.04K","-2.27%"
"11/12/2023","4658.55","4650.00","4750.00","4649.65","2.90K","+0.92%"
"11/10/2023","4615.90","4673.90","4675.10","4596.35","120.41K","-0.75%"
"11/09/2023","4650.60","4772.60","4800.00","4635.00","97.15K","-6.68%"
"11/08/2023","4983.55","4909.00","5144.70","4881.45","15.23K","+1.60%"
"11/07/2023","4905.15","4871.35","4936.85","4869.25","5.71K","+0.74%"
"11/06/2023","4869.25","4888.00","4955.00","4844.75","10.30K","+0.63%"
"11/03/2023","4838.85","4876.50","4897.70","4805.05","11.38K","+0.90%"
"11/02/2023","4795.85","4864.90","4876.30","4772.25","25.67K","-0.90%"
"11/01/2023","4839.45","4928.00","4936.30","4810.50","11.09K","-1.45%"
"10/31/2023","4910.45","4950.00","5015.40","4884.15","6.12K","-0.70%"
"10/30/2023","4945.05","4992.70","5012.95","4917.15","5.05K","-0.55%"
"10/27/2023","4972.45","5050.00","5088.75","4953.05","11.59K","-0.23%"
"10/26/2023","4984.05","5052.00","5094.70","4964.00","20.26K","-0.86%"
"10/25/2023","5027.25","5048.20","5094.70","4977.40","11.07K","+0.08%"
"10/23/2023","5023.05","5186.00","5243.50","4956.60","16.96K","-3.70%"
"10/20/2023","5216.00","5250.00","5250.00","5201.10","5.81K","-0.34%"
"10/19/2023","5233.55","5261.50","5264.80","5200.00","7.69K","-0.10%"
"10/18/2023","5238.60","5230.30","5320.00","5164.95","24.74K","+0.22%"
"10/17/2023","5227.30","5249.00","5260.00","5203.80","8.60K","+0.31%"
"10/16/2023","5211.20","5224.80","5261.75","5180.00","8.90K","+0.24%"
"10/13/2023","5198.80","5240.00","5270.00","5186.35","7.03K","-1.29%"
"10/12/2023","5266.75","5239.00","5305.00","5236.00","11.59K","+0.48%"
"10/11/2023","5241.60","5254.35","5336.80","5226.10","11.70K","-0.24%"
"10/10/2023","5254.35","5307.15","5325.00","5185.50","13.22K","-0.73%"
"10/09/2023","5292.95","5375.00","5378.00","5251.10","11.31K","-0.82%"
"10/06/2023","5336.80","5308.00","5378.00","5308.00","22.64K","+1.09%"
"10/05/2023","5279.45","5260.00","5319.85","5240.00","22.33K","+0.54%"
"10/04/2023","5251.05","5300.00","5303.75","5183.75","43.21K","-0.50%"
"10/03/2023","5277.40","5250.00","5323.50","5211.35","36.41K","+3.24%"
"09/29/2023","5111.60","5171.40","5208.00","5082.75","13.34K","-1.43%"
"09/28/2023","5185.95","5215.00","5237.80","5167.00","16.07K","+0.52%"
"09/27/2023","5158.90","5146.10","5249.00","5132.55","23.82K","+0.73%"
"09/26/2023","5121.55","5099.00","5160.30","5036.00","19.74K","+0.76%"
"09/25/2023","5083.00","5150.00","5169.45","5065.00","6.04K","-0.68%"
"09/22/2023","5118.05","5149.10","5173.60","5095.00","6.78K","-0.08%"
"09/21/2023","5122.10","5160.95","5207.65","5085.20","14.70K","-0.65%"
"09/20/2023","5155.45","5206.30","5206.30","5141.20","5.71K","-0.85%"
"09/18/2023","5199.55","5245.00","5245.00","5180.00","6.86K","+0.42%"
"09/15/2023","5177.90","5250.00","5268.25","5150.00","20.06K","-0.45%"
"09/14/2023","5201.10","5210.00","5297.00","5175.00","13.83K","+0.20%"
"09/13/2023","5190.75","5280.00","5335.45","5164.05","44.26K","-1.57%"
"09/12/2023","5273.50","5429.85","5440.00","5152.10","31.02K","-2.31%"
"09/11/2023","5397.95","5319.90","5414.00","5279.85","42.25K","+2.00%"
"09/08/2023","5292.05","5344.55","5425.00","5240.10","106.45K","+0.01%"
"09/07/2023","5291.35","5300.00","5383.30","5258.10","12.70K","-0.34%"
"09/06/2023","5309.20","5294.95","5389.70","5269.35","197.28K","+1.10%"
"09/05/2023","5251.60","5235.00","5275.35","5181.05","19.79K","+1.11%"
"09/04/2023","5194.20","5175.00","5215.00","5117.70","15.46K","+1.03%"
"09/01/2023","5141.05","5238.15","5254.00","5120.00","20.27K","-1.36%"
"08/31/2023","5212.05","5230.00","5254.25","5160.05","31.84K","+0.55%"
"08/30/2023","5183.70","5200.00","5255.95","5161.35","54.74K","+1.79%"
"08/29/2023","5092.30","5085.00","5136.90","5042.00","8.13K","+0.13%"
"08/28/2023","5085.60","5096.30","5096.30","5010.00","8.64K","+0.80%"
"08/25/2023","5045.40","5148.55","5175.00","4999.00","15.68K","-2.01%"
"08/24/2023","5148.85","5179.50","5179.50","5055.45","19.36K","+1.02%"
"08/23/2023","5096.85","5073.90","5166.25","5060.00","8.85K","+0.86%"
"08/22/2023","5053.40","5049.90","5109.85","5002.00","12.87K","+0.19%"
"08/21/2023","5044.05","5099.95","5113.50","5019.00","11.31K","-1.12%"
"08/18/2023","5101.35","4934.00","5128.00","4895.00","20.39K","+3.43%"
"08/17/2023","4932.40","4992.65","5012.85","4923.00","7.43K","-1.21%"
"08/16/2023","4992.80","5030.00","5040.05","4965.15","5.74K","-0.10%"
"08/14/2023","4997.80","5068.80","5115.80","4934.90","14.35K","-1.40%"
"08/11/2023","5068.85","5130.00","5130.00","5039.05","9.97K","-0.78%"
"08/10/2023","5108.90","5130.00","5156.15","5100.45","7.59K","-0.13%"
"08/09/2023","5115.45","5165.80","5186.95","5102.00","5.72K","-0.46%"
"08/08/2023","5139.00","5188.55","5214.80","5102.60","8.72K","-0.46%"
"08/07/2023","5162.70","5339.95","5339.95","5140.10","15.86K","-1.34%"
"08/04/2023","5233.05","5200.75","5394.70","5180.10","27.46K","+1.65%"
"08/03/2023","5148.25","5222.00","5315.95","5115.05","39.75K","+0.13%"
"08/02/2023","5141.60","5399.00","5399.00","5090.15","57.11K","-3.64%"
"08/01/2023","5335.70","5485.00","5534.95","5305.85","25.32K","-0.54%"
"07/31/2023","5364.90","5340.00","5426.40","5332.55","88.93K","+0.99%"
"07/28/2023","5312.50","5100.00","5348.95","5097.75","101.45K","+5.19%"
"07/27/2023","5050.40","5165.00","5243.90","5021.00","16.88K","-2.60%"
"07/26/2023","5185.00","5251.80","5277.75","5115.55","10.34K","-1.27%"
"07/25/2023","5251.80","5245.00","5279.35","5184.80","64.17K","+0.27%"
"07/24/2023","5237.40","5285.20","5289.55","5187.05","10.68K","-0.41%"
"07/21/2023","5258.90","5264.85","5274.60","5210.00","5.94K","+0.41%"
"07/20/2023","5237.30","5266.95","5353.00","5205.55","13.74K","-0.57%"
"07/19/2023","5267.50","5275.00","5325.05","5229.95","8.69K","-0.56%"
"07/18/2023","5297.20","5397.00","5397.00","5248.70","64.75K","-0.39%"
"07/17/2023","5317.85","5338.45","5381.95","5290.00","151.39K","+0.53%"
"07/14/2023","5289.75","5145.00","5350.00","5144.95","79.25K","+2.80%"
"07/13/2023","5145.70","5169.90","5197.00","5081.25","20.93K","+1.04%"
"07/12/2023","5092.95","5043.00","5147.00","4959.90","13.81K","+1.84%"
"07/11/2023","5001.10","4950.00","5088.00","4930.30","15.98K","+0.73%"
"07/10/2023","4964.80","5125.00","5169.95","4910.00","17.75K","-3.22%"
"07/07/2023","5130.10","5118.00","5164.95","5076.15","41.72K","+0.20%"
"07/06/2023","5120.10","5078.90","5174.85","5039.85","16.21K","+1.32%"
"07/05/2023","5053.55","5050.00","5095.60","5021.10","8.67K","+0.49%"
"07/04/2023","5029.10","5004.00","5116.10","4976.85","161.33K","+0.51%"
"07/03/2023","5003.75","5003.00","5017.10","4977.55","8.37K","+0.54%"
"06/30/2023","4976.85","5000.00","5019.85","4962.05","10.77K","-0.37%"
"06/28/2023","4995.10","5042.60","5050.80","4954.00","20.17K","-0.10%"
"06/27/2023","5000.35","4993.95","5034.00","4938.70","108.05K","+1.06%"
"06/26/2023","4947.80","4899.90","4960.00","4861.55","23.03K","+1.41%"
"06/23/2023","4878.90","4899.95","4925.00","4853.80","11.04K","-0.31%"
"06/22/2023","4893.85","4919.35","4942.15","4820.05","16.29K","+0.01%"
"06/21/2023","4893.20","4940.50","4940.50","4860.00","87.11K","+1.52%"
"06/20/2023","4820.05","4810.15","4838.00","4742.05","24.52K","+0.53%"
"06/19/2023","4794.70","4799.00","4874.95","4770.00","13.46K","+0.32%"
"06/16/2023","4779.25","4752.90","4798.45","4715.55","11.89K","+0.64%"
"06/15/2023","4748.80","4754.35","4789.95","4737.55","5.05K","-0.22%"
"06/14/2023","4759.40","4798.00","4820.00","4732.85","12.00K","-0.87%"
"06/13/2023","4801.30","4768.20","4823.70","4705.55","20.34K","+1.16%"
"06/12/2023","4746.05","4839.15","4839.15","4715.00","11.02K","-1.74%"
"06/09/2023","4830.15","4809.00","4850.00","4785.20","11.47K","+0.90%"
"06/08/2023","4787.05","4877.30","4905.00","4762.25","22.09K","-2.74%"
"06/07/2023","4922.00","4644.85","4986.40","4644.80","69.65K","+5.97%"
"06/06/2023","4644.85","4566.80","4685.55","4530.05","30.96K","+2.24%"
"06/05/2023","4542.90","4474.00","4550.00","4467.95","12.00K","+1.53%"
"06/02/2023","4474.30","4454.45","4480.00","4404.00","14.07K","+0.45%"
"06/01/2023","4454.45","4421.00","4487.95","4421.00","7.62K","+0.93%"
"05/31/2023","4413.50","4450.00","4530.00","4340.00","71.04K","-0.77%"
"05/30/2023","4447.70","4406.10","4459.25","4380.05","14.47K","+0.94%"
"05/29/2023","4406.10","4398.75","4415.75","4360.35","8.45K","+0.28%"
"05/26/2023","4393.75","4360.55","4410.00","4315.00","17.63K","+1.27%"
"05/25/2023","4338.85","4330.00","4345.40","4314.15","12.91K","+0.17%"
"05/24/2023","4331.60","4334.00","4345.00","4301.60","22.96K","-0.06%"
"05/23/2023","4334.25","4361.00","4375.75","4305.15","38.98K","-0.84%"
"05/22/2023","4371.05","4363.10","4396.95","4344.40","8.70K","+0.20%"
"05/19/2023","4362.35","4372.00","4405.00","4340.00","13.90K","-0.24%"
"05/18/2023","4372.65","4405.00","4421.70","4285.05","42.65K","-0.87%"
"05/17/2023","4411.00","4481.25","4509.25","4267.00","77.63K","-1.19%"
"05/16/2023","4464.10","4364.45","4510.05","4338.00","39.42K","+2.68%"
"05/15/2023","4347.75","4331.00","4358.05","4275.00","30.28K","+0.40%"
"05/12/2023","4330.60","4340.00","4360.00","4292.65","14.47K","+0.06%"
"05/11/2023","4328.00","4265.00","4360.90","4228.55","19.20K","+2.01%"
"05/10/2023","4242.80","4170.00","4250.00","4165.95","15.84K","+2.08%"
"05/09/2023","4156.15","4160.00","4176.90","4125.05","15.19K","+0.18%"
"05/08/2023","4148.60","4164.55","4200.00","4144.00","8.60K","-0.38%"
"05/05/2023","4164.55","4215.75","4247.95","4133.55","10.87K","-1.21%"
"05/04/2023","4215.75","4152.10","4257.00","4140.00","24.04K","+2.03%"
"05/03/2023","4131.80","4150.00","4194.40","4120.00","48.53K","-0.10%"
"05/02/2023","4136.05","4189.00","4220.00","4130.10","56.45K","-0.78%"
"04/28/2023","4168.40","4150.00","4185.00","4120.05","17.89K","+0.51%"
"04/27/2023","4147.10","4111.65","4199.90","4111.65","18.09K","+1.37%"
"04/26/2023","4091.15","4119.85","4140.90","4081.10","56.28K","-0.72%"
"04/25/2023","4120.80","4132.25","4152.05","4110.00","44.44K","-0.20%"
"04/24/2023","4129.20","4160.00","4198.90","4070.70","18.42K","-0.35%"
"04/21/2023","4143.65","4194.05","4227.45","4124.95","8.09K","-1.14%"
"04/20/2023","4191.50","4160.70","4288.00","4159.95","75.30K","+0.94%"
"04/19/2023","4152.65","4206.10","4227.90","4114.60","21.02K","-1.14%"
"04/18/2023","4200.70","4262.75","4282.55","4158.55","12.35K","-1.62%"
"04/17/2023","4269.75","4260.15","4289.95","4248.10","7.98K","+0.36%"
"04/13/2023","4254.50","4276.15","4300.00","4250.55","5.33K","-0.51%"
"04/12/2023","4276.15","4307.00","4328.00","4251.10","5.52K","-0.72%"
"04/11/2023","4307.00","4301.50","4350.05","4270.00","7.24K","+0.43%"
"04/10/2023","4288.60","4379.20","4381.60","4273.00","6.65K","-2.07%"
"04/06/2023","4379.20","4344.40","4417.00","4323.30","11.08K","+0.80%"
"04/05/2023","4344.40","4301.10","4362.40","4270.05","9.69K","+1.54%"
"04/03/2023","4278.55","4265.00","4345.25","4256.00","9.66K","+0.54%"
"03/31/2023","4255.75","4137.75","4293.95","4116.05","24.91K","+3.37%"
"03/29/2023","4117.15","4098.60","4133.70","4029.75","19.58K","+0.45%"
"03/28/2023","4098.60","4072.00","4119.85","3960.10","25.10K","+0.92%"
"03/27/2023","4061.30","4191.00","4211.95","4033.10","31.01K","-3.11%"
"03/24/2023","4191.45","4274.15","4299.70","4171.15","14.88K","-1.44%"
"03/23/2023","4252.85","4239.50","4289.00","4157.00","19.15K","+0.11%"
"03/22/2023","4248.30","4282.15","4311.95","4236.00","12.11K","-0.56%"
"03/21/2023","4272.05","4331.80","4336.10","4262.00","5.22K","-1.03%"
"03/20/2023","4316.35","4293.15","4349.60","4293.10","10.16K","+0.82%"
"03/17/2023","4281.10","4280.05","4328.15","4260.05","34.71K","+0.16%"
"03/16/2023","4274.35","4337.65","4369.00","4239.70","14.99K","-1.73%"
"03/15/2023","4349.70","4310.00","4360.00","4310.00","6.62K","+1.08%"
"03/14/2023","4303.25","4448.35","4448.35","4277.00","26.28K","-2.78%"
"03/13/2023","4426.20","4447.05","4480.00","4390.00","25.41K","+0.03%"
"03/10/2023","4424.90","4451.30","4482.25","4415.15","10.15K","-1.16%"
"03/09/2023","4477.00","4501.05","4501.05","4461.05","59.32K","-0.04%"
"03/08/2023","4478.65","4529.90","4529.90","4457.00","11.92K","-0.64%"
"03/06/2023","4507.35","4493.20","4581.25","4459.25","15.92K","+0.84%"
"03/03/2023","4469.65","4428.00","4519.00","4428.00","23.61K","+0.28%"
"03/02/2023","4457.35","4470.00","4480.10","4426.30","12.70K","-0.40%"
"03/01/2023","4475.10","4434.00","4530.00","4434.00","49.20K","+0.37%"
"02/28/2023","4458.75","4511.55","4512.00","4440.40","27.31K","-0.68%"
"02/27/2023","4489.10","4514.00","4549.95","4451.10","34.78K","-0.55%"
"02/24/2023","4513.90","4415.00","4534.00","4415.00","72.38K","+1.34%"
"02/23/2023","4454.15","4426.60","4475.00","4426.60","11.34K","-0.18%"
"02/22/2023","4462.10","4423.15","4475.00","4395.60","21.94K","-0.04%"
"02/21/2023","4463.70","4465.00","4475.00","4365.00","21.74K","-0.18%"
"02/20/2023","4471.80","4463.95","4486.25","4436.20","6.30K","+0.18%"
"02/17/2023","4463.95","4438.30","4488.00","4424.90","41.36K","+0.58%"
"02/16/2023","4438.30","4399.90","4469.85","4360.05","20.96K","+2.43%"
"02/15/2023","4332.85","4329.00","4357.85","4283.05","12.60K","-0.40%"
"02/14/2023","4350.10","4377.00","4388.95","4341.00","4.83K","-0.57%"
"02/13/2023","4375.10","4367.20","4399.80","4331.50","7.63K","+0.18%"
"02/10/2023","4367.20","4480.00","4508.00","4351.00","30.18K","-2.25%"
"02/09/2023","4467.70","4365.00","4527.00","4329.00","21.08K","+0.31%"
"02/08/2023","4454.00","4523.40","4523.40","4430.00","22.58K","-1.02%"
"02/07/2023","4499.70","4402.50","4542.30","4402.50","17.34K","+1.42%"
"02/06/2023","4436.75","4387.75","4480.10","4387.75","7.51K","+1.12%"
"02/03/2023","4387.75","4440.00","4493.90","4371.95","16.83K","-1.96%"
"02/02/2023","4475.55","4386.10","4560.00","4383.75","25.51K","+1.17%"
"02/01/2023","4423.95","4400.00","4528.65","4366.40","23.85K","+0.68%"
"01/31/2023","4394.00","4287.95","4444.70","4270.25","24.33K","+2.47%"
"01/30/2023","4287.95","4300.00","4341.80","4280.00","13.36K","-0.65%"
"01/27/2023","4316.00","4345.00","4487.70","4275.00","16.47K","-1.13%"
"01/25/2023","4365.20","4412.10","4434.95","4309.00","39.31K","-1.87%"
"01/24/2023","4448.20","4563.90","4578.00","4440.00","11.24K","-2.02%"
"01/23/2023","4540.00","4585.90","4607.20","4519.95","12.48K","-0.51%"
"01/20/2023","4563.05","4568.05","4622.20","4519.85","13.57K","-0.82%"
"01/19/2023","4600.55","4514.10","4660.05","4492.90","16.50K","+1.46%"
"01/18/2023","4534.55","4550.00","4587.30","4505.55","14.39K","-0.63%"
"01/17/2023","4563.25","4637.35","4673.00","4550.00","12.08K","-2.18%"
"01/16/2023","4664.75","4611.10","4688.00","4611.10","6.10K","+0.37%"
"01/13/2023","4647.50","4676.60","4700.00","4625.00","53.95K","-0.62%"
"01/12/2023","4676.60","4688.00","4776.20","4650.00","18.02K","-0.93%"
"01/11/2023","4720.45","4784.00","4804.40","4691.00","21.64K","-0.30%"
"01/10/2023","4734.85","4630.40","4754.00","4630.40","47.55K","+1.71%"
"01/09/2023","4655.15","4612.15","4687.40","4608.00","36.61K","+1.34%"
"01/06/2023","4593.40","4638.70","4657.45","4575.00","6.18K","-0.48%"
"01/05/2023","4615.60","4640.80","4719.60","4605.10","14.09K","-0.51%"
"01/04/2023","4639.45","4599.00","4670.00","4566.10","55.96K","+1.36%"
"01/03/2023","4577.20","4550.00","4585.00","4535.35","9.25K","+0.72%"
"01/02/2023","4544.45","4472.00","4570.00","4472.00","13.17K","+1.01%"
"12/30/2022","4499.10","4550.00","4575.00","4489.30","24.73K","-0.93%"
"12/29/2022","4541.20","4576.50","4598.00","4514.00","6.86K","-0.90%"
"12/28/2022","4582.65","4601.35","4601.35","4545.30","181.25K","+0.03%"
"12/27/2022","4581.30","4500.60","4600.00","4500.60","53.15K","+1.79%"
"12/26/2022","4500.60","4440.00","4550.00","4404.00","27.20K","+0.20%"
"12/23/2022","4491.40","4540.00","4577.35","4449.00","34.98K","-1.89%"
"12/22/2022","4577.90","4502.00","4598.45","4455.55","50.54K","+1.51%"
"12/21/2022","4509.60","4542.35","4587.90","4476.00","43.45K","-0.72%"
"12/20/2022","4542.35","4584.90","4603.00","4505.55","41.06K","-0.93%"
"12/19/2022","4585.15","4664.45","4739.95","4528.80","82.08K","-1.21%"
"12/16/2022","4641.20","4726.00","4771.35","4624.70","28.65K","-2.24%"
"12/15/2022","4747.75","4829.40","4839.95","4705.25","26.66K","-1.17%"
"12/14/2022","4804.10","4724.00","4846.95","4666.65","39.18K","+1.75%"
"12/13/2022","4721.55","4768.00","4815.20","4701.80","18.89K","-1.45%"
"12/12/2022","4791.20","4784.95","4951.00","4752.05","57.23K","+0.21%"
"12/09/2022","4781.25","4872.15","4891.25","4769.70","8.83K","-1.37%"
"12/08/2022","4847.90","4733.00","4859.00","4733.00","37.43K","+1.80%"
"12/07/2022","4762.00","4774.90","4792.85","4734.95","17.93K","-0.09%"
"12/06/2022","4766.50","4792.50","4840.00","4742.00","18.52K","-0.02%"
"12/05/2022","4767.45","4842.20","4907.25","4750.00","25.50K","-1.46%"
"12/02/2022","4837.90","4860.00","4927.95","4807.55","34.05K","-0.23%"
"12/01/2022","4848.95","4761.85","4859.90","4731.05","64.85K","+2.95%"
"11/30/2022","4710.20","4801.00","4849.80","4655.55","42.52K","-2.47%"
"11/29/2022","4829.50","4901.65","4901.65","4785.55","37.35K","-1.47%"
"11/28/2022","4901.65","4950.00","4997.90","4890.00","25.41K","-1.95%"
"11/25/2022","4998.95","4980.25","5024.85","4965.55","30.28K","-0.28%"
"11/24/2022","5012.85","4968.00","5050.00","4966.55","35.92K","+0.52%"
"11/23/2022","4987.15","5085.00","5098.95","4966.00","16.98K","-1.22%"
"11/22/2022","5048.95","5165.00","5175.00","5022.25","34.98K","-1.46%"
"11/21/2022","5123.90","5000.05","5148.75","4970.00","82.17K","+2.62%"
"11/18/2022","4993.30","4955.00","5148.00","4955.00","269.52K","+1.07%"
"11/17/2022","4940.45","4850.00","4950.05","4836.10","32.30K","+1.86%"
"11/16/2022","4850.40","4851.20","4920.00","4801.05","25.83K","-0.93%"
"11/15/2022","4895.70","4900.00","4915.00","4783.05","23.59K","+0.82%"
"11/14/2022","4856.00","4876.25","4957.45","4802.55","27.35K","-1.21%"
"11/11/2022","4915.55","4880.00","4959.00","4833.80","70.77K","+2.32%"
"11/10/2022","4804.15","4799.95","4820.00","4705.55","40.59K","+0.02%"
"11/09/2022","4803.40","4542.00","4850.00","4542.00","95.50K","+6.55%"
"11/07/2022","4508.15","4570.00","4659.95","4461.55","37.96K","+0.23%"
"11/04/2022","4497.80","4600.00","4705.00","4455.00","196.54K","+2.18%"
"11/03/2022","4401.75","4415.00","4447.75","4351.00","17.22K","-1.06%"
"11/02/2022","4448.90","4435.00","4490.00","4422.25","33.37K","+0.44%"
"11/01/2022","4429.35","4400.00","4444.70","4398.40","17.22K","+0.70%"
"10/31/2022","4398.40","4354.40","4410.70","4340.10","37.92K","+1.52%"
"10/28/2022","4332.70","4429.00","4452.05","4301.00","19.58K","-2.52%"
"10/27/2022","4444.80","4500.00","4541.35","4324.00","9.96K","-1.11%"
"10/25/2022","4494.70","4510.10","4549.85","4456.00","21.19K","-0.39%"
"10/24/2022","4512.10","4499.00","4550.00","4490.05","4.83K","+1.40%"
"10/21/2022","4449.90","4493.00","4522.85","4410.05","34.99K","-0.85%"
"10/20/2022","4487.90","4550.00","4584.85","4451.05","8.88K","-1.32%"
"10/19/2022","4547.85","4579.90","4649.25","4526.05","14.14K","-0.65%"
"10/18/2022","4577.50","4597.00","4688.45","4557.05","15.97K","+0.93%"
"10/17/2022","4535.25","4519.50","4549.85","4501.00","34.54K","+0.38%"
"10/14/2022","4517.95","4540.00","4586.70","4510.75","16.67K","+0.19%"
"10/13/2022","4509.35","4529.90","4598.00","4485.05","17.37K","-0.87%"
"10/12/2022","4548.90","4599.05","4619.95","4522.55","16.73K","-0.92%"
"10/11/2022","4591.05","4650.00","4659.15","4560.40","12.23K","-0.97%"
"10/10/2022","4636.00","4724.00","4724.00","4599.95","22.25K","-1.87%"
"10/07/2022","4724.20","4748.00","4789.00","4700.65","20.89K","-0.52%"
"10/06/2022","4748.80","4700.00","4773.00","4680.20","44.43K","+1.63%"
"10/04/2022","4672.70","4699.80","4767.85","4642.40","17.16K","-0.05%"
"10/03/2022","4675.20","4710.00","4819.40","4641.10","42.79K","-0.81%"
"09/30/2022","4713.15","4615.00","4787.10","4615.00","57.88K","+1.96%"
"09/29/2022","4622.50","4598.45","4651.55","4551.20","22.27K","+0.74%"
"09/28/2022","4588.55","4591.45","4665.85","4523.85","28.68K","-0.06%"
"09/27/2022","4591.45","4649.00","4654.45","4540.00","31.53K","-0.86%"
"09/26/2022","4631.25","4474.70","4675.95","4363.35","64.30K","+3.50%"
"09/23/2022","4474.70","4648.70","4698.90","4422.00","37.18K","-3.24%"
"09/22/2022","4624.35","4599.30","4731.20","4548.05","20.63K","+0.54%"
"09/21/2022","4599.30","4747.40","4791.95","4564.85","27.89K","-2.49%"
"09/20/2022","4716.80","4665.40","4737.30","4637.70","38.95K","+2.35%"
"09/19/2022","4608.60","4587.35","4734.70","4505.55","56.62K","+0.46%"
"09/16/2022","4587.35","4797.95","4860.00","4537.65","99.83K","-3.95%"
"09/15/2022","4775.80","4854.00","4887.80","4750.50","16.31K","-1.09%"
"09/14/2022","4828.60","4821.65","4881.20","4800.00","60.36K","-0.29%"
"09/13/2022","4842.65","4943.70","4943.70","4806.40","67.05K","-1.07%"
"09/12/2022","4895.15","5023.85","5052.00","4861.00","88.81K","-1.58%"
"09/09/2022","4973.85","5010.00","5029.95","4929.05","57.68K","-0.51%"
"09/08/2022","4999.20","4849.95","5008.00","4809.95","96.14K","+4.38%"
"09/07/2022","4789.60","4789.30","4858.00","4750.60","25.73K","-0.21%"
"09/06/2022","4799.55","4890.20","4980.00","4761.15","30.89K","-1.85%"
"09/05/2022","4890.20","4948.50","4984.00","4863.00","64.59K","-0.74%"
"09/02/2022","4926.50","4882.30","4950.00","4866.30","55.81K","+1.44%"
"09/01/2022","4856.70","4869.20","4914.65","4788.80","45.88K","+0.04%"
"08/30/2022","4854.65","4860.75","4919.85","4800.00","61.91K","+0.77%"
"08/29/2022","4817.75","4615.00","4849.00","4578.75","77.81K","+2.30%"
"08/26/2022","4709.55","4814.00","4864.40","4655.30","42.37K","-2.07%"
"08/25/2022","4809.10","4779.00","4880.00","4748.55","103.74K","+0.65%"
"08/24/2022","4778.05","4731.15","4800.00","4691.00","53.21K","+0.99%"
"08/23/2022","4731.25","4585.65","4770.00","4571.85","100.53K","+3.23%"
"08/22/2022","4583.40","4565.00","4644.90","4482.90","50.12K","+0.58%"
"08/19/2022","4556.95","4566.20","4630.00","4465.00","58.42K","-0.44%"
"08/18/2022","4576.90","4641.40","4778.70","4551.00","81.76K","-0.87%"
"08/17/2022","4617.05","4527.55","4646.55","4508.20","49.61K","+2.42%"
"08/16/2022","4508.15","4550.00","4556.00","4463.05","85.22K","+0.21%"
"08/12/2022","4498.90","4411.35","4500.00","4411.35","88.44K","+1.26%"
"08/11/2022","4443.05","4415.00","4471.95","4346.00","49.82K","+0.88%"
"08/10/2022","4404.50","4398.00","4441.00","4355.25","76.28K","+1.79%"
"08/08/2022","4326.90","4393.50","4393.50","4279.60","44.12K","-0.47%"
"08/05/2022","4347.50","4328.80","4378.00","4219.90","48.18K","+1.01%"
"08/04/2022","4303.90","4327.85","4393.60","4245.00","41.62K","-0.42%"
"08/03/2022","4321.85","4406.00","4466.75","4278.60","56.22K","-2.76%"
"08/02/2022","4444.70","4401.00","4487.35","4400.10","55.55K","+0.77%"
"08/01/2022","4410.95","4320.00","4447.00","4278.00","133.04K","+4.06%"
"07/29/2022","4238.95","4115.00","4300.00","4106.00","96.40K","+3.53%"
"07/28/2022","4094.50","4022.00","4136.00","3979.05","138.62K","+3.16%"
"07/27/2022","3968.90","4054.00","4074.15","3950.00","116.09K","-2.12%"
"07/26/2022","4054.80","4045.60","4105.00","3975.00","43.32K","+0.23%"
"07/25/2022","4045.60","4047.80","4094.75","4015.00","52.65K","+0.47%"
"07/22/2022","4026.60","4020.00","4059.00","3960.00","43.33K","+0.73%"
"07/21/2022","3997.25","3905.90","4007.00","3841.80","59.05K","+3.38%"
"07/20/2022","3866.45","3837.00","3914.50","3828.20","44.51K","+1.54%"
"07/19/2022","3807.75","3740.00","3859.35","3720.00","58.59K","+2.04%"
"07/18/2022","3731.45","3762.00","3778.95","3710.00","38.61K","+0.08%"
"07/15/2022","3728.40","3731.00","3762.75","3701.05","135.72K","-0.42%"
"07/14/2022","3744.10","3721.30","3784.70","3651.30","51.53K","+1.14%"
"07/13/2022","3701.80","3730.00","3799.00","3685.00","20.54K","-1.30%"
"07/12/2022","3750.40","3747.95","3815.00","3728.30","24.92K","-0.31%"
"07/11/2022","3762.00","3698.00","3805.95","3662.30","32.68K","+1.71%"
"07/08/2022","3698.75","3810.00","3821.00","3675.00","22.64K","-2.36%"
"07/07/2022","3788.20","3812.00","3829.00","3770.00","38.41K","-0.63%"
"07/06/2022","3812.30","3805.45","3863.95","3789.00","46.61K","+0.68%"
"07/05/2022","3786.50","3712.00","3838.00","3710.75","48.86K","+2.02%"
"07/04/2022","3711.45","3721.95","3780.00","3657.00","45.56K","-0.07%"
"07/01/2022","3714.00","3620.00","3786.65","3578.05","68.90K","+2.09%"
"06/30/2022","3637.80","3487.85","3679.00","3412.30","59.89K","+4.72%"
"06/29/2022","3473.95","3529.85","3558.70","3443.00","29.96K","-2.05%"
"06/28/2022","3546.65","3430.00","3628.00","3373.00","69.77K","+3.23%"
"06/27/2022","3435.70","3402.25","3465.00","3357.65","17.54K","+1.72%"
"06/24/2022","3377.45","3333.35","3394.95","3323.75","18.94K","+1.83%"
"06/23/2022","3316.75","3214.30","3348.00","3180.00","10.27K","+3.73%"
"06/22/2022","3197.45","3249.00","3272.60","3180.00","9.81K","-1.79%"
"06/21/2022","3255.65","3135.00","3312.30","3135.00","13.63K","+3.17%"
"06/20/2022","3155.75","3190.00","3215.00","3111.55","61.68K","-1.05%"
"06/17/2022","3189.20","3205.00","3239.95","3153.30","24.82K","-1.86%"
"06/16/2022","3249.55","3311.60","3325.00","3206.25","48.42K","-1.36%"
"06/15/2022","3294.30","3281.20","3355.00","3235.20","38.77K","+0.93%"
"06/14/2022","3264.00","3299.00","3386.50","3213.00","28.69K","-0.55%"
"06/13/2022","3282.10","3303.00","3394.65","3257.05","14.62K","-4.29%"
"06/10/2022","3429.15","3450.00","3489.00","3405.80","48.26K","-0.52%"
"06/09/2022","3447.05","3385.05","3460.00","3380.00","10.34K","+1.29%"
"06/08/2022","3403.00","3389.20","3468.90","3375.00","11.79K","-0.50%"
"06/07/2022","3420.25","3453.10","3453.10","3402.00","18.94K","-0.95%"
"06/06/2022","3453.10","3489.00","3548.95","3434.30","27.82K","-0.63%"
"06/03/2022","3474.90","3575.00","3688.00","3429.00","32.64K","-2.99%"
"06/02/2022","3582.05","3610.00","3612.30","3560.85","92.88K","-0.42%"
"06/01/2022","3597.15","3590.00","3619.95","3548.05","31.60K","-0.03%"
"05/31/2022","3598.10","3529.00","3657.65","3482.90","171.03K","+2.59%"
"05/30/2022","3507.30","3250.00","3649.95","3249.90","220.59K","+7.34%"
"05/27/2022","3267.35","3294.75","3311.75","3251.00","27.92K","-0.34%"
"05/26/2022","3278.40","3249.05","3327.00","3220.00","35.84K","+1.40%"
"05/25/2022","3233.05","3250.00","3287.00","3215.15","51.03K","-0.75%"
"05/24/2022","3257.35","3190.00","3425.00","3173.55","165.76K","+2.52%"
"05/23/2022","3177.40","3209.65","3269.95","3160.00","42.88K","-0.51%"
"05/20/2022","3193.65","3151.20","3197.00","3136.95","35.16K","+1.85%"
"05/19/2022","3135.55","3144.90","3187.00","3052.10","27.53K","-0.45%"
"05/18/2022","3149.80","3162.00","3188.05","3140.00","12.77K","-1.09%"
"05/17/2022","3184.65","3200.00","3204.15","3145.30","78.81K","-0.16%"
"05/16/2022","3189.85","3170.00","3249.00","3122.00","43.96K","+0.73%"
"05/13/2022","3166.85","3119.80","3292.65","3115.05","51.94K","+2.04%"
"05/12/2022","3103.45","3050.00","3230.95","2981.30","110.70K","+0.27%"
"05/11/2022","3094.95","3162.00","3173.75","3066.65","27.49K","-2.06%"
"05/10/2022","3160.05","3185.00","3227.45","3141.25","36.16K","-0.38%"
"05/09/2022","3171.95","3170.60","3199.45","3094.10","42.28K","-0.87%"
"05/06/2022","3199.70","3179.90","3217.20","3135.25","48.45K","-0.29%"
"05/05/2022","3209.10","3250.00","3284.15","3200.00","8.56K","-0.74%"
"05/04/2022","3232.95","3330.15","3345.50","3200.00","13.81K","-2.92%"
"05/02/2022","3330.15","3380.70","3380.70","3291.00","33.55K","-1.02%"
"04/29/2022","3364.30","3398.00","3411.15","3333.00","8.12K","-0.54%"
"04/28/2022","3382.45","3420.00","3435.75","3354.40","7.33K","-0.53%"
"04/27/2022","3400.40","3400.00","3450.00","3354.35","43.15K","+0.07%"
"04/26/2022","3397.95","3362.75","3400.00","3360.05","28.78K","+1.05%"
"04/25/2022","3362.75","3337.00","3398.00","3325.15","14.73K","+0.15%"
"04/22/2022","3357.70","3367.00","3460.05","3333.00","42.68K","-0.30%"
"04/21/2022","3367.85","3359.40","3398.65","3355.00","9.57K","+0.78%"
"04/20/2022","3341.80","3366.00","3393.90","3333.00","59.80K","-1.57%"
"04/19/2022","3395.15","3452.25","3479.80","3340.00","24.13K","-1.16%"
"04/18/2022","3435.05","3484.00","3495.10","3395.75","21.10K","-1.40%"
"04/13/2022","3484.00","3507.00","3508.25","3428.30","15.69K","-0.16%"
"04/12/2022","3489.55","3490.00","3511.10","3457.25","6.20K","-0.21%"
"04/11/2022","3496.85","3486.00","3515.00","3470.05","16.68K","-0.05%"
"04/08/2022","3498.45","3476.00","3547.80","3460.05","19.86K","+0.22%"
"04/07/2022","3490.90","3530.00","3549.60","3455.50","69.22K","-1.87%"
"04/06/2022","3557.50","3585.00","3585.00","3520.00","66.34K","-0.95%"
"04/05/2022","3591.75","3600.00","3627.00","3551.35","25.40K","+0.07%"
"04/04/2022","3589.15","3556.20","3620.00","3525.00","23.17K","+1.46%"
"04/01/2022","3537.55","3511.20","3580.75","3511.20","9.91K","+0.09%"
"03/31/2022","3534.40","3500.00","3555.00","3491.00","18.33K","+1.36%"
"03/30/2022","3487.10","3464.00","3499.90","3445.45","17.49K","+1.15%"
"03/29/2022","3447.60","3327.65","3486.90","3305.00","41.53K","+4.12%"
"03/28/2022","3311.05","3350.00","3371.15","3267.50","37.77K","-1.33%"
"03/25/2022","3355.65","3345.45","3374.65","3302.00","15.48K","+0.30%"
"03/24/2022","3345.45","3322.40","3385.00","3314.45","18.12K","-0.22%"
"03/23/2022","3352.90","3350.00","3376.00","3311.10","28.12K","+0.35%"
"03/22/2022","3341.35","3350.50","3391.00","3315.00","87.89K","-1.03%"
"03/21/2022","3376.25","3394.65","3450.00","3319.90","31.49K","-0.54%"
"03/17/2022","3394.65","3344.00","3439.00","3298.00","42.28K","+3.42%"
"03/16/2022","3282.25","3252.00","3314.00","3229.95","63.15K","+1.50%"
"03/15/2022","3233.85","3287.40","3323.55","3205.50","13.41K","-1.11%"
"03/14/2022","3270.15","3340.00","3420.30","3250.00","57.80K","-2.34%"
"03/11/2022","3348.60","3320.05","3394.95","3312.55","9.32K","+0.05%"
"03/10/2022","3346.80","3409.60","3422.00","3320.00","14.39K","+0.95%"
"03/09/2022","3315.15","3203.35","3360.35","3203.35","27.15K","+3.63%"
"03/08/2022","3199.10","3221.50","3221.50","3111.55","102.03K","+0.26%"
"03/07/2022","3190.90","3270.00","3300.00","3141.20","25.70K","-3.39%"
"03/04/2022","3302.80","3377.00","3383.00","3271.90","120.64K","-2.20%"
"03/03/2022","3377.05","3451.00","3501.70","3363.20","15.04K","-2.28%"
"03/02/2022","3455.85","3552.70","3557.65","3420.00","60.24K","-3.61%"
"02/28/2022","3585.25","3310.00","3649.75","3283.75","53.17K","+7.02%"
"02/25/2022","3350.05","3271.00","3408.55","3271.00","28.07K","+3.15%"
"02/24/2022","3247.60","3275.00","3329.70","3181.35","90.83K","-3.36%"
"02/23/2022","3360.55","3425.00","3444.00","3315.05","29.27K","-1.53%"
"02/22/2022","3412.75","3370.00","3445.00","3365.50","18.35K","-0.19%"
"02/21/2022","3419.20","3500.00","3516.30","3376.45","28.78K","-1.86%"
"02/18/2022","3483.85","3433.05","3524.75","3411.10","20.14K","+1.66%"
"02/17/2022","3426.90","3517.20","3542.00","3395.00","49.04K","-2.26%"
"02/16/2022","3506.15","3528.10","3558.30","3471.35","22.93K","-0.31%"
"02/15/2022","3517.00","3505.00","3574.00","3406.00","44.17K","+0.46%"
"02/14/2022","3501.05","3450.00","3568.95","3360.00","32.39K","+0.07%"
"02/11/2022","3498.60","3522.00","3533.05","3420.00","30.18K","-1.59%"
"02/10/2022","3555.25","3540.00","3624.00","3466.00","63.48K","-1.06%"
"02/09/2022","3593.30","3629.10","3697.45","3570.05","19.57K","-0.47%"
"02/08/2022","3610.10","3680.00","3687.15","3570.30","17.03K","-1.18%"
"02/07/2022","3653.30","3719.95","3719.95","3580.00","23.79K","-0.38%"
"02/04/2022","3667.35","3737.05","3780.00","3652.25","17.84K","-1.37%"
"02/03/2022","3718.45","3799.75","3840.00","3705.00","18.05K","-1.66%"
"02/02/2022","3781.25","3643.95","3792.00","3601.40","52.32K","+5.03%"
"02/01/2022","3600.10","3680.00","3681.25","3575.00","76.08K","-1.01%"
"01/31/2022","3636.70","3681.00","3723.40","3615.15","58.48K","-1.32%"
"01/28/2022","3685.30","3760.00","3832.00","3663.30","33.07K","-2.06%"
"01/27/2022","3762.85","3800.00","3835.60","3705.70","21.84K","-1.41%"
"01/25/2022","3816.50","3845.50","3938.85","3744.10","20.68K","-0.67%"
"01/24/2022","3842.15","3906.05","3929.75","3760.00","31.74K","-2.35%"
"01/21/2022","3934.45","3954.75","3992.45","3875.00","31.66K","-0.48%"
"01/20/2022","3953.25","3946.80","4035.10","3918.25","82.02K","+0.43%"
"01/19/2022","3936.20","3970.00","4000.00","3925.45","36.82K","-0.67%"
"01/18/2022","3962.90","4024.00","4054.00","3942.00","54.25K","-0.70%"
"01/17/2022","3990.75","3931.00","4017.65","3931.00","23.77K","+0.46%"
"01/14/2022","3972.55","3874.00","3980.00","3865.00","98.22K","+2.26%"
"01/13/2022","3884.80","3950.00","3970.00","3879.00","73.85K","-1.12%"
"01/12/2022","3928.85","3970.00","3970.00","3862.60","22.47K","-0.12%"
"01/11/2022","3933.70","3947.00","4040.45","3901.00","81.60K","-0.13%"
"01/10/2022","3938.95","3896.50","4025.00","3877.05","55.49K","+1.12%"
"01/07/2022","3895.50","3850.00","3934.55","3792.75","41.75K","+2.67%"
"01/06/2022","3794.35","3765.60","3841.85","3730.00","45.35K","-1.14%"
"01/05/2022","3838.10","3828.05","3890.00","3781.35","51.77K","+0.76%"
"01/04/2022","3809.00","3797.95","3843.45","3751.35","37.05K","+1.45%"
"01/03/2022","3754.55","3715.00","3829.70","3715.00","37.46K","+0.35%"
"12/31/2021","3741.30","3754.00","3788.75","3711.00","23.02K","+0.70%"
"12/30/2021","3715.35","3799.35","3806.95","3705.00","17.05K","-1.76%"
"12/29/2021","3782.05","3732.00","3807.00","3726.95","24.40K","+1.09%"
"12/28/2021","3741.40","3659.00","3764.95","3655.80","34.63K","+2.74%"
"12/27/2021","3641.45","3610.00","3659.95","3551.95","35.83K","+0.10%"
"12/24/2021","3637.70","3750.00","3750.00","3613.25","34.92K","-1.79%"
"12/23/2021","3704.00","3710.05","3775.50","3675.10","21.36K","-0.31%"
"12/22/2021","3715.40","3750.00","3808.90","3681.00","41.96K","-0.89%"
"12/21/2021","3748.75","3798.00","3881.00","3729.65","41.44K","-1.31%"
"12/20/2021","3798.50","3868.00","3933.80","3765.65","31.11K","-3.63%"
"12/17/2021","3941.50","4020.00","4048.40","3868.80","46.42K","-1.80%"
"12/16/2021","4013.60","4166.00","4229.00","3977.25","57.70K","-2.47%"
"12/15/2021","4115.25","4060.00","4239.95","4054.90","133.91K","+1.30%"
"12/14/2021","4062.55","3940.00","4190.00","3936.65","162.70K","+2.16%"
"12/13/2021","3976.65","3945.00","4044.95","3911.70","40.52K","+1.37%"
"12/10/2021","3923.00","4029.40","4047.00","3886.30","30.93K","-1.42%"
"12/09/2021","3979.45","3930.45","4050.00","3915.30","25.91K","+1.25%"
"12/08/2021","3930.45","4019.95","4050.00","3910.00","40.81K","-2.23%"
"12/07/2021","4019.95","3894.00","4050.00","3822.25","53.25K","+4.46%"
"12/06/2021","3848.35","3929.00","4050.00","3801.05","154.94K","-1.09%"
"12/03/2021","3890.95","3850.00","3945.00","3850.00","23.04K","+1.57%"
"12/02/2021","3830.70","3876.85","3950.00","3758.00","36.72K","+0.29%"
"12/01/2021","3819.55","3935.00","3989.00","3761.00","47.40K","-1.50%"
"11/30/2021","3877.85","3557.45","3946.65","3557.45","142.09K","+9.01%"
"11/29/2021","3557.45","3653.80","3675.85","3520.00","23.71K","-3.41%"
"11/26/2021","3683.15","3799.00","3799.00","3622.25","21.61K","-2.71%"
"11/25/2021","3785.75","3725.05","3798.00","3725.05","12.77K","+0.46%"
"11/24/2021","3768.30","3786.00","3853.10","3750.00","21.34K","-1.05%"
"11/23/2021","3808.10","3755.25","3867.85","3720.20","24.62K","+1.41%"
"11/22/2021","3755.25","3890.00","3891.15","3622.25","61.30K","-3.00%"
"11/18/2021","3871.20","3925.00","3925.00","3800.00","38.89K","-0.71%"
"11/17/2021","3898.70","3885.00","3964.00","3826.95","156.49K","+1.56%"
"11/16/2021","3838.80","3862.00","3895.45","3769.70","43.15K","+0.33%"
"11/15/2021","3826.20","3888.00","3946.85","3808.05","21.93K","-2.47%"
"11/12/2021","3923.05","3850.00","4000.70","3850.00","66.48K","+1.38%"
"11/11/2021","3869.75","3848.00","3946.00","3848.00","20.49K","+0.09%"
"11/10/2021","3866.25","3889.00","3958.35","3848.00","26.70K","-1.87%"
"11/09/2021","3940.05","3959.45","4047.00","3820.00","74.10K","-0.49%"
"11/08/2021","3959.45","3920.00","4164.00","3781.00","206.43K","+1.65%"
"11/04/2021","3895.35","3500.00","4143.90","3450.00","88.59K","+10.68%"
"11/03/2021","3519.35","3350.00","3561.15","3288.50","137.15K","+6.76%"
"11/02/2021","3296.45","3309.95","3342.80","3280.00","27.44K","-0.41%"
"11/01/2021","3309.95","3320.90","3413.95","3292.55","64.95K","-0.33%"
"10/29/2021","3320.90","3230.00","3394.05","3057.30","65.79K","+2.10%"
"10/28/2021","3252.45","3300.00","3375.50","3220.00","146.67K","+4.19%"
"10/27/2021","3121.65","3240.00","3240.00","3102.10","46.13K","-1.88%"
"10/26/2021","3181.45","3125.00","3250.00","3112.80","23.74K","+2.45%"
"10/25/2021","3105.35","3156.00","3183.95","3061.00","27.47K","-1.98%"
"10/22/2021","3168.10","3269.00","3272.75","3161.00","16.01K","-3.33%"
"10/21/2021","3277.30","3125.00","3324.60","3095.00","65.75K","+4.89%"
"10/20/2021","3124.50","3179.00","3250.00","3096.05","32.32K","-1.72%"
"10/19/2021","3179.15","3289.00","3310.25","3110.00","30.23K","-2.86%"
"10/18/2021","3272.60","3356.60","3369.40","3237.00","33.40K","-0.25%"
"10/14/2021","3280.85","3373.85","3390.00","3270.00","42.20K","-1.40%"
"10/13/2021","3327.35","3382.00","3440.00","3295.00","51.60K","-0.65%"
"10/12/2021","3349.05","3377.40","3400.00","3336.00","32.97K","-0.02%"
"10/11/2021","3349.60","3346.00","3400.00","3325.20","74.48K","+1.48%"
"10/08/2021","3300.80","3239.45","3350.00","3239.45","90.67K","+2.40%"
"10/07/2021","3223.30","3225.00","3255.00","3161.15","63.38K","+1.00%"
"10/06/2021","3191.30","3168.00","3244.00","3116.30","42.67K","+2.20%"
"10/05/2021","3122.75","3225.60","3225.60","3111.55","28.24K","-2.70%"
"10/04/2021","3209.55","3085.50","3268.65","3085.50","67.45K","+3.68%"
"10/01/2021","3095.75","3098.00","3134.00","3081.00","14.85K","+0.15%"
"09/30/2021","3091.25","3118.65","3162.45","3073.55","37.32K","+0.00%"
"09/29/2021","3091.10","3085.00","3138.25","3050.05","66.42K","+0.19%"
"09/28/2021","3085.10","3151.05","3157.85","3054.00","81.92K","-1.83%"
"09/27/2021","3142.50","3161.10","3216.05","3051.00","219.11K","+4.56%"
"09/24/2021","3005.40","3025.00","3033.20","2935.00","40.58K","+0.18%"
"09/23/2021","3000.00","3015.00","3072.30","2944.40","53.27K","+0.09%"
"09/22/2021","2997.35","2925.00","3015.00","2925.00","27.82K","+2.38%"
"09/21/2021","2927.70","2978.00","2978.00","2855.35","82.34K","-0.94%"
"09/20/2021","2955.55","2990.00","2990.00","2911.35","35.69K","-2.52%"
"09/17/2021","3032.10","3159.10","3159.10","2935.20","794.46K","-4.03%"
"09/16/2021","3159.55","3230.00","3246.85","3120.10","93.53K","-2.32%"
"09/15/2021","3234.65","3230.00","3249.95","3191.70","43.51K","+0.65%"
"09/14/2021","3213.80","3223.60","3253.00","3167.65","190.28K","+0.56%"
"09/13/2021","3195.85","3205.50","3243.25","3166.55","140.55K","+0.20%"
"09/09/2021","3189.55","3160.00","3200.00","3125.00","58.19K","+0.79%"
"09/08/2021","3164.40","3165.00","3199.10","3105.10","51.66K","-0.86%"
"09/07/2021","3191.75","3212.90","3218.30","3154.10","53.99K","-0.66%"
"09/06/2021","3212.90","3257.50","3257.50","3186.15","52.85K","-0.52%"
"09/03/2021","3229.70","3184.95","3263.00","3164.95","60.86K","+2.04%"
"09/02/2021","3165.15","3130.00","3190.00","3120.00","65.09K","+0.81%"
"09/01/2021","3139.65","3094.40","3249.00","3085.00","132.66K","+1.98%"
"08/31/2021","3078.75","3064.00","3100.00","3024.80","90.74K","+1.26%"
"08/30/2021","3040.30","3016.65","3064.60","2989.00","132.23K","+2.12%"
"08/27/2021","2977.05","2850.00","3050.00","2833.80","552.60K","+6.33%"
"08/26/2021","2799.95","2818.00","2850.00","2771.10","75.97K","+0.37%"
"08/25/2021","2789.55","2830.00","2830.00","2764.25","71.06K","-0.37%"
"08/24/2021","2800.05","2799.90","2835.00","2777.25","67.94K","+1.31%"
"08/23/2021","2763.85","2788.00","2860.00","2728.60","67.16K","-0.08%"
"08/20/2021","2766.10","2788.00","2798.85","2740.05","23.61K","+0.45%"
"08/18/2021","2753.70","2785.20","2794.30","2722.25","6.83K","-0.64%"
"08/17/2021","2771.30","2798.00","2824.75","2748.80","12.29K","-1.40%"
"08/16/2021","2810.65","2850.05","2858.00","2764.60","14.41K","-1.67%"
"08/13/2021","2858.35","2849.00","2920.00","2803.00","39.30K","+1.78%"
"08/12/2021","2808.40","2838.00","2838.00","2795.00","32.63K","+0.19%"
"08/11/2021","2803.05","2905.00","2905.00","2791.35","17.82K","-2.85%"
"08/10/2021","2885.30","2865.25","2904.75","2830.00","52.30K","-0.24%"
"08/09/2021","2892.25","2920.00","2920.00","2872.85","8.79K","+0.18%"
"08/06/2021","2886.95","2845.00","2908.80","2842.45","16.34K","+1.61%"
"08/05/2021","2841.10","2824.00","2870.05","2810.00","12.56K","+0.63%"
"08/04/2021","2823.30","2865.80","2890.35","2812.60","38.77K","-1.48%"
"08/03/2021","2865.80","2870.00","2876.95","2830.00","27.00K","+0.34%"
"08/02/2021","2855.95","2925.00","2925.00","2831.55","26.55K","-0.65%"
"07/30/2021","2874.70","2871.00","2878.40","2834.00","32.30K","+0.24%"
"07/29/2021","2867.90","2900.00","2900.00","2851.00","21.73K","+0.64%"
"07/28/2021","2849.80","2925.00","2929.50","2821.80","55.71K","-1.52%"
"07/27/2021","2893.80","2864.00","3024.00","2838.30","152.83K","+2.10%"
"07/26/2021","2834.30","2785.00","2886.85","2748.85","72.22K","+2.21%"
"07/23/2021","2773.10","2737.00","2860.00","2680.90","204.87K","+1.74%"
"07/22/2021","2725.60","2589.00","2939.00","2555.60","195.48K","+7.51%"
"07/20/2021","2535.30","2573.10","2585.85","2502.30","28.08K","-0.97%"
"07/19/2021","2560.25","2563.00","2594.50","2525.00","29.81K","-0.34%"
"07/16/2021","2569.05","2570.00","2614.30","2551.00","6.96K","-0.67%"
"07/15/2021","2586.40","2618.00","2630.00","2577.15","11.30K","-0.60%"
"07/14/2021","2601.90","2576.00","2622.05","2576.00","77.05K","+0.83%"
"07/13/2021","2580.60","2599.45","2624.95","2576.85","16.04K","-0.60%"
"07/12/2021","2596.10","2643.95","2643.95","2580.05","7.76K","-0.01%"
"07/09/2021","2596.45","2632.00","2644.40","2578.00","35.97K","-1.46%"
"07/08/2021","2634.85","2635.00","2657.95","2611.00","30.97K","+0.22%"
"07/07/2021","2629.05","2632.05","2674.10","2605.05","17.74K","-0.15%"
"07/06/2021","2632.90","2674.00","2710.00","2611.60","12.53K","-2.08%"
"07/05/2021","2688.80","2758.80","2758.80","2671.00","16.99K","-1.76%"
"07/02/2021","2737.00","2691.50","2758.70","2671.40","31.17K","+1.36%"
"07/01/2021","2700.15","2655.00","2758.80","2655.00","59.02K","+0.74%"
"06/30/2021","2680.30","2552.00","2705.00","2552.00","86.26K","+5.16%"
"06/29/2021","2548.90","2614.95","2614.95","2535.00","40.05K","-1.16%"
"06/28/2021","2578.75","2600.00","2625.00","2564.00","8.94K","-1.00%"
"06/25/2021","2604.80","2580.00","2647.70","2569.95","14.22K","+0.82%"
"06/24/2021","2583.60","2619.90","2662.70","2555.00","46.87K","-0.14%"
"06/23/2021","2587.15","2640.15","2640.60","2555.25","16.93K","-1.18%"
"06/22/2021","2618.15","2590.00","2640.15","2567.15","12.93K","+1.43%"
"06/21/2021","2581.30","2550.00","2610.00","2550.00","13.15K","-0.73%"
"06/18/2021","2600.25","2644.90","2670.05","2504.25","42.53K","-0.57%"
"06/17/2021","2615.05","2576.00","2727.00","2568.35","255.43K","+1.53%"
"06/16/2021","2575.70","2607.80","2616.40","2554.10","37.81K","-0.27%"
"06/15/2021","2582.65","2633.00","2633.00","2560.00","17.49K","+0.11%"
"06/14/2021","2579.80","2575.00","2634.00","2480.10","47.43K","+1.21%"
"06/11/2021","2549.05","2535.00","2569.00","2510.00","68.77K","+2.10%"
"06/10/2021","2496.65","2445.85","2544.00","2405.30","74.55K","+2.97%"
"06/09/2021","2424.65","2396.05","2514.95","2394.20","134.85K","+1.34%"
"06/08/2021","2392.55","2362.40","2419.90","2356.30","26.54K","+0.47%"
"06/07/2021","2381.40","2390.00","2436.30","2336.15","40.95K","-0.33%"
"06/04/2021","2389.40","2420.00","2444.00","2380.00","11.71K","-1.15%"
"06/03/2021","2417.15","2382.45","2424.70","2360.20","28.03K","+1.46%"
"06/02/2021","2382.45","2360.00","2390.00","2322.20","14.88K","+1.37%"
"06/01/2021","2350.35","2342.15","2374.00","2302.00","18.70K","+1.38%"
"05/31/2021","2318.30","2358.80","2358.80","2306.45","25.55K","-1.50%"
"05/28/2021","2353.70","2372.70","2372.70","2331.10","43.38K","-1.20%"
"05/27/2021","2382.20","2454.00","2454.00","2276.05","405.46K","-1.71%"
"05/26/2021","2423.70","2435.05","2441.05","2365.00","73.15K","-1.06%"
"05/25/2021","2449.60","2499.00","2499.00","2421.05","35.52K","-0.82%"
"05/24/2021","2469.75","2480.00","2519.00","2434.95","99.05K","+1.08%"
"05/21/2021","2443.35","2396.00","2468.65","2391.45","98.49K","+2.69%"
"05/20/2021","2379.25","2410.00","2415.55","2360.00","35.70K","+0.59%"
"05/19/2021","2365.30","2350.00","2417.00","2344.90","150.27K","+0.95%"
"05/18/2021","2343.10","2340.00","2389.00","2311.25","54.01K","-0.24%"
"05/17/2021","2348.80","2300.00","2375.00","2210.05","122.69K","+1.37%"
"05/14/2021","2317.15","2293.00","2364.00","2293.00","51.54K","+0.12%"
"05/12/2021","2314.30","2278.00","2349.00","2272.20","50.55K","+2.03%"
"05/11/2021","2268.30","2267.00","2308.55","2250.00","28.84K","+0.16%"
"05/10/2021","2264.60","2325.00","2332.65","2261.00","41.93K","-1.25%"
"05/07/2021","2293.35","2255.00","2324.95","2237.30","24.79K","+2.63%"
"05/06/2021","2234.50","2240.70","2259.60","2211.95","27.64K","+0.22%"
"05/05/2021","2229.55","2230.00","2277.00","2220.10","14.68K","-0.40%"
"05/04/2021","2238.40","2270.00","2375.50","2225.00","51.55K","-0.49%"
"05/03/2021","2249.35","2265.00","2265.00","2220.35","16.27K","+0.57%"
"04/30/2021","2236.55","2226.70","2247.80","2195.15","26.90K","-0.47%"
"04/29/2021","2247.10","2265.00","2265.00","2225.10","14.97K","+0.36%"
"04/28/2021","2238.95","2239.60","2265.55","2181.05","18.82K","-0.03%"
"04/27/2021","2239.60","2222.10","2275.00","2222.10","17.91K","+1.32%"
"04/26/2021","2210.45","2220.00","2259.75","2202.05","17.82K","+1.09%"
"04/23/2021","2186.65","2121.00","2208.55","2114.10","40.88K","+2.10%"
"04/22/2021","2141.75","2154.00","2180.00","2128.50","38.02K","-0.64%"
"04/20/2021","2155.60","2174.40","2195.85","2146.05","6.33K","-1.00%"
"04/19/2021","2177.30","2125.05","2190.00","2121.00","8.16K","-0.68%"
"04/16/2021","2192.30","2180.00","2220.00","2151.20","8.51K","+0.61%"
"04/15/2021","2179.10","2130.00","2195.00","2116.45","16.42K","+1.35%"
"04/13/2021","2150.10","2102.30","2170.40","2102.30","63.36K","+0.09%"
"04/12/2021","2148.10","2180.40","2180.40","2091.15","16.42K","-1.75%"
"04/09/2021","2186.40","2180.00","2205.25","2164.45","23.22K","+0.60%"
"04/08/2021","2173.35","2174.30","2197.65","2162.30","20.51K","-0.04%"
"04/07/2021","2174.30","2212.00","2212.00","2155.05","33.81K","+0.00%"
"04/06/2021","2174.30","2189.00","2189.00","2145.00","41.18K","-0.15%"
"04/05/2021","2177.50","2221.00","2236.95","2160.00","16.49K","-1.94%"
"04/01/2021","2220.65","2223.00","2288.00","2201.00","13.93K","-1.28%"
"03/31/2021","2249.40","2222.00","2260.00","2200.00","22.43K","+1.17%"
"03/30/2021","2223.30","2180.00","2262.45","2156.85","79.48K","+2.18%"
"03/26/2021","2175.80","2175.00","2188.00","2148.75","18.19K","+0.95%"
"03/25/2021","2155.35","2244.00","2244.00","2145.15","8.78K","-3.09%"
"03/24/2021","2224.05","2220.65","2237.20","2145.10","16.48K","+1.00%"
"03/23/2021","2202.05","2201.00","2222.95","2188.10","7.23K","+1.08%"
"03/22/2021","2178.45","2141.85","2186.35","2110.75","6.53K","+1.71%"
"03/19/2021","2141.85","2157.00","2184.00","2051.05","26.72K","-0.70%"
"03/18/2021","2157.05","2212.35","2243.90","2125.05","10.81K","-2.33%"
"03/17/2021","2208.50","2232.00","2249.00","2200.00","7.45K","-1.06%"
"03/16/2021","2232.05","2210.05","2249.95","2204.95","9.60K","+0.14%"
"03/15/2021","2228.95","2269.00","2275.00","2180.10","22.18K","-0.38%"
"03/12/2021","2237.55","2255.00","2272.25","2202.45","7.37K","-0.68%"
"03/10/2021","2252.85","2261.00","2275.00","2241.70","8.98K","-0.34%"
"03/09/2021","2260.60","2292.50","2316.85","2230.15","49.41K","-1.68%"
"03/08/2021","2299.20","2311.00","2321.35","2275.00","28.18K","-0.21%"
"03/05/2021","2304.05","2372.80","2394.20","2300.00","17.05K","-2.90%"
"03/04/2021","2372.80","2296.80","2399.00","2270.00","222.69K","+3.24%"
"03/03/2021","2298.30","2259.00","2345.00","2242.85","114.43K","+2.51%"
"03/02/2021","2242.10","2228.00","2259.55","2213.55","40.82K","+0.58%"
"03/01/2021","2229.20","2265.00","2265.00","2210.65","31.48K","-0.12%"
"02/26/2021","2231.80","2225.00","2256.00","2192.15","51.87K","-0.42%"
"02/25/2021","2241.25","2270.00","2300.00","2192.50","129.67K","-0.77%"
"02/24/2021","2258.65","2283.50","2292.30","2233.15","22.48K","-1.09%"
"02/23/2021","2283.50","2275.00","2314.95","2260.25","41.48K","+0.04%"
"02/22/2021","2282.55","2365.00","2369.90","2247.80","30.30K","-2.99%"
"02/19/2021","2353.00","2345.00","2375.95","2325.00","40.38K","-0.29%"
"02/18/2021","2359.80","2354.00","2390.00","2332.55","34.30K","+0.25%"
"02/17/2021","2353.80","2354.20","2379.95","2321.25","26.79K","+0.65%"
"02/16/2021","2338.65","2399.00","2400.00","2329.15","17.10K","-1.04%"
"02/15/2021","2363.25","2321.00","2390.00","2321.00","27.00K","+1.91%"
"02/12/2021","2319.00","2379.00","2379.00","2275.50","18.64K","-1.60%"
"02/11/2021","2356.65","2414.00","2415.25","2351.00","20.07K","-1.32%"
"02/10/2021","2388.15","2318.00","2423.95","2304.35","169.58K","+2.28%"
"02/09/2021","2334.90","2484.95","2512.40","2307.05","351.95K","-3.63%"
"02/08/2021","2422.85","2077.00","2422.85","2072.90","818.08K","+20.00%"
"02/05/2021","2019.05","2025.00","2074.75","1955.10","129.46K","+1.03%"
"02/04/2021","1998.45","1860.20","2070.50","1860.20","246.42K","+6.80%"
"02/03/2021","1871.20","1860.00","1896.80","1827.00","24.00K","+1.40%"
"02/02/2021","1845.40","1805.05","1850.00","1805.05","26.51K","+1.38%"
"02/01/2021","1820.30","1751.25","1825.85","1740.65","27.98K","+3.94%"
"01/29/2021","1751.25","1755.30","1768.00","1735.55","97.36K","+0.27%"
"01/28/2021","1746.55","1735.00","1755.75","1734.00","8.52K","-0.97%"
"01/27/2021","1763.65","1788.10","1800.00","1755.00","9.69K","-0.88%"
"01/25/2021","1779.35","1815.00","1829.00","1767.65","15.39K","-1.94%"
"01/22/2021","1814.50","1815.00","1840.00","1797.70","21.65K","+0.19%"
"01/21/2021","1811.10","1840.00","1885.00","1804.10","70.42K","+0.39%"
"01/20/2021","1804.10","1800.30","1824.25","1793.60","364.15K","+0.71%"
"01/19/2021","1791.30","1808.00","1824.05","1780.10","112.58K","-0.46%"
"01/18/2021","1799.60","1830.55","1830.55","1780.05","33.93K","-1.69%"
"01/15/2021","1830.55","1822.00","1847.95","1822.00","69.25K","-0.20%"
"01/14/2021","1834.25","1860.00","1868.95","1813.50","24.31K","-0.81%"
"01/13/2021","1849.15","1844.00","1856.45","1836.75","28.54K","+0.76%"
"01/12/2021","1835.20","1878.00","1878.00","1822.20","83.92K","-1.17%"
"01/11/2021","1856.90","1850.00","1899.00","1790.10","93.50K","+1.06%"
"01/08/2021","1837.35","1885.00","1885.00","1825.25","57.22K","+0.11%"
"01/07/2021","1835.30","1771.00","1887.00","1763.55","339.77K","+4.28%"
"01/06/2021","1760.05","1762.00","1775.00","1735.25","35.48K","+0.57%"
"01/05/2021","1750.15","1734.50","1754.90","1708.80","28.61K","+0.69%"
"01/04/2021","1738.15","1744.00","1754.10","1724.30","12.30K","+0.38%"
"01/01/2021","1731.65","1702.00","1747.50","1702.00","37.02K","+1.54%"
"12/31/2020","1705.35","1740.00","1740.00","1696.30","11.55K","-0.64%"
"12/30/2020","1716.30","1737.35","1737.35","1710.00","33.57K","-0.71%"
"12/29/2020","1728.60","1735.00","1737.35","1696.70","28.84K","+1.36%"
"12/28/2020","1705.40","1678.25","1740.00","1678.25","139.95K","+1.82%"
"12/24/2020","1674.85","1690.00","1690.00","1660.00","10.60K","+1.35%"
"12/23/2020","1652.60","1620.05","1658.70","1620.05","9.69K","+1.47%"
"12/22/2020","1628.65","1635.00","1665.00","1552.30","21.00K","-1.16%"
"12/21/2020","1647.75","1661.30","1710.00","1630.50","45.42K","-1.72%"
"12/18/2020","1676.60","1688.25","1688.25","1660.05","20.28K","+0.53%"
"12/17/2020","1667.70","1684.00","1689.00","1650.10","9.80K","-0.50%"
"12/16/2020","1676.00","1680.00","1692.00","1671.10","14.85K","+0.12%"
"12/15/2020","1674.00","1665.80","1680.00","1654.00","20.96K","+0.99%"
"12/14/2020","1657.65","1665.55","1682.10","1650.00","13.54K","-0.47%"
"12/11/2020","1665.55","1659.90","1684.45","1655.35","15.11K","+0.83%"
"12/10/2020","1651.80","1669.00","1672.05","1640.00","13.46K","-0.56%"
"12/09/2020","1661.05","1680.00","1702.00","1654.00","47.24K","-0.21%"
"12/08/2020","1664.50","1693.75","1700.00","1650.00","19.68K","-0.84%"
"12/07/2020","1678.60","1725.00","1725.00","1664.95","44.35K","-0.37%"
"12/04/2020","1684.80","1642.05","1696.00","1639.05","59.31K","+3.12%"
"12/03/2020","1633.85","1584.00","1659.95","1578.45","56.19K","+3.65%"
"12/02/2020","1576.25","1578.00","1580.00","1570.10","24.12K","+0.38%"
"12/01/2020","1570.30","1571.00","1588.60","1565.70","67.36K","+0.02%"
"11/27/2020","1570.05","1565.00","1592.00","1549.10","33.67K","+1.51%"
"11/26/2020","1546.70","1547.30","1555.05","1531.25","27.05K","-0.04%"
"11/25/2020","1547.30","1570.70","1579.80","1535.45","50.63K","-0.99%"
"11/24/2020","1562.85","1561.85","1573.55","1559.30","8.38K","+0.08%"
"11/23/2020","1561.60","1545.00","1570.00","1545.00","41.58K","+1.37%"
"11/20/2020","1540.50","1560.00","1580.00","1533.05","45.07K","-0.91%"
"11/19/2020","1554.60","1560.00","1600.00","1540.00","26.08K","-0.93%"
"11/18/2020","1569.25","1576.00","1601.95","1553.60","32.13K","-0.43%"
"11/17/2020","1576.05","1517.10","1585.00","1500.05","32.55K","+3.89%"
"11/14/2020","1517.10","1515.00","1520.00","1505.40","3.23K","+1.25%"
"11/13/2020","1498.35","1504.80","1509.15","1491.50","4.63K","+0.06%"
"11/12/2020","1497.40","1503.10","1515.20","1490.65","11.51K","+0.11%"
"11/11/2020","1495.75","1501.35","1524.00","1483.10","204.87K","-1.32%"
"11/10/2020","1515.70","1529.00","1529.00","1511.00","14.02K","-0.19%"
"11/09/2020","1518.55","1530.00","1530.00","1502.05","9.27K","+1.21%"
"11/06/2020","1500.35","1484.00","1508.90","1480.00","37.33K","+0.83%"
"11/05/2020","1488.00","1485.45","1503.80","1478.00","7.93K","+0.17%"
"11/04/2020","1485.45","1497.55","1499.85","1481.00","5.46K","-1.14%"
"11/03/2020","1502.65","1473.30","1505.00","1473.30","10.07K","+1.86%"
"11/02/2020","1475.25","1489.75","1489.80","1465.05","26.75K","-0.06%"
"10/30/2020","1476.20","1505.00","1505.00","1471.00","20.23K","-1.64%"
"10/29/2020","1500.75","1520.00","1520.00","1496.30","14.88K","-0.69%"
"10/28/2020","1511.20","1515.00","1532.00","1494.40","39.00K","+0.64%"
"10/27/2020","1501.65","1530.00","1530.00","1494.30","5.73K","-0.36%"
"10/26/2020","1507.05","1515.00","1530.05","1479.85","15.88K","+0.47%"
"10/23/2020","1499.95","1486.55","1503.00","1483.70","16.73K","+0.90%"
"10/22/2020","1486.55","1492.00","1492.80","1477.00","11.55K","-0.38%"
"10/21/2020","1492.15","1470.00","1495.00","1470.00","11.34K","+1.72%"
"10/20/2020","1466.95","1452.70","1477.95","1451.10","106.44K","+1.24%"
"10/19/2020","1449.00","1468.95","1474.40","1442.35","11.70K","-1.36%"
"10/16/2020","1468.95","1459.85","1472.95","1440.65","14.43K","+1.12%"
"10/15/2020","1452.65","1455.00","1475.00","1449.95","8.56K","-0.11%"
"10/14/2020","1454.25","1460.00","1495.00","1445.00","14.23K","+0.07%"
"10/13/2020","1453.25","1462.00","1503.95","1445.00","18.27K","-0.96%"
"10/12/2020","1467.40","1484.00","1484.00","1461.30","5.99K","-1.13%"
"10/09/2020","1484.10","1477.80","1487.05","1471.10","4.33K","+0.15%"
"10/08/2020","1481.90","1478.00","1489.60","1478.00","5.02K","+0.28%"
"10/07/2020","1477.75","1482.55","1493.00","1470.90","8.42K","-0.28%"
"10/06/2020","1481.85","1485.00","1485.00","1474.25","4.85K","+0.76%"
"10/05/2020","1470.65","1469.00","1491.35","1465.00","7.93K","+0.15%"
"10/01/2020","1468.50","1451.05","1487.90","1451.05","27.46K","+0.48%"
"09/30/2020","1461.50","1468.00","1468.00","1440.45","38.11K","+0.75%"
"09/29/2020","1450.55","1445.00","1470.95","1445.00","93.68K","+0.69%"
"09/28/2020","1440.60","1460.00","1478.85","1436.10","40.84K","+0.00%"
"09/25/2020","1440.60","1450.00","1458.45","1430.10","25.85K","-0.44%"
"09/24/2020","1446.95","1480.00","1480.05","1440.10","44.82K","-2.21%"
"09/23/2020","1479.60","1495.70","1513.50","1460.00","45.68K","-0.68%"
"09/22/2020","1489.70","1530.00","1533.05","1480.00","21.04K","-1.62%"
"09/21/2020","1514.25","1537.50","1563.95","1506.00","25.13K","-2.48%"
"09/18/2020","1552.70","1566.10","1574.00","1470.55","43.90K","-0.37%"
"09/17/2020","1558.45","1574.05","1588.00","1542.15","30.60K","-0.99%"
"09/16/2020","1574.05","1610.00","1613.45","1567.30","59.04K","-1.64%"
"09/15/2020","1600.35","1638.00","1638.90","1578.00","102.04K","-0.89%"
"09/14/2020","1614.65","1550.00","1621.00","1550.00","29.81K","+4.50%"
"09/11/2020","1545.10","1556.85","1565.05","1540.00","5.61K","-1.10%"
"09/10/2020","1562.35","1526.00","1575.00","1520.00","14.36K","+2.56%"
"09/09/2020","1523.30","1580.50","1580.75","1497.75","68.57K","-3.51%"
"09/08/2020","1578.65","1608.00","1622.85","1571.00","8.31K","-1.67%"
"09/07/2020","1605.40","1617.00","1633.45","1597.60","14.99K","-1.72%"
"09/04/2020","1633.50","1616.00","1661.00","1597.10","30.04K","-0.80%"
"09/03/2020","1646.70","1635.00","1661.00","1608.30","12.31K","+1.49%"
"09/02/2020","1622.60","1610.75","1633.65","1596.65","11.71K","+1.24%"
"09/01/2020","1602.80","1596.10","1619.70","1591.25","8.96K","-1.39%"
"08/31/2020","1625.45","1654.05","1663.95","1575.05","44.34K","-1.63%"
"08/28/2020","1652.30","1662.00","1672.95","1630.05","25.10K","-0.47%"
"08/27/2020","1660.15","1676.80","1690.00","1652.05","40.94K","-0.10%"
"08/26/2020","1661.85","1640.00","1666.00","1621.45","269.72K","+2.49%"
"08/25/2020","1621.45","1630.00","1635.00","1605.00","82.63K","+0.41%"
"08/24/2020","1614.85","1630.00","1642.15","1600.30","30.21K","-0.04%"
"08/21/2020","1615.50","1599.00","1640.00","1585.00","27.57K","+1.65%"
"08/20/2020","1589.20","1580.00","1598.70","1555.60","15.60K","+0.23%"
"08/19/2020","1585.50","1550.00","1590.00","1550.00","21.34K","+2.50%"
"08/18/2020","1546.90","1528.00","1575.00","1519.00","20.64K","+1.86%"
"08/17/2020","1518.70","1507.00","1523.30","1507.00","9.08K","+0.92%"
"08/14/2020","1504.85","1508.00","1530.00","1500.00","16.64K","-0.03%"
"08/13/2020","1505.25","1514.00","1514.00","1495.15","15.73K","+0.68%"
"08/12/2020","1495.15","1507.70","1525.00","1485.05","16.03K","-0.83%"
"08/11/2020","1507.70","1489.75","1525.00","1475.00","31.20K","+1.93%"
"08/10/2020","1479.15","1470.00","1487.95","1465.00","23.40K","+1.37%"
"08/07/2020","1459.10","1463.00","1466.70","1426.55","65.03K","-0.25%"
"08/06/2020","1462.75","1478.65","1490.95","1454.40","33.26K","-1.08%"
"08/05/2020","1478.65","1488.85","1489.00","1470.00","8.35K","+0.04%"
"08/04/2020","1478.05","1472.90","1510.00","1457.15","34.30K","+0.33%"
"08/03/2020","1473.15","1487.30","1487.30","1461.65","11.13K","+0.21%"
"07/31/2020","1470.00","1510.00","1510.00","1468.50","40.84K","-1.47%"
"07/30/2020","1492.00","1480.00","1520.00","1458.00","19.55K","+1.47%"
"07/29/2020","1470.35","1494.35","1495.95","1450.00","46.23K","-1.61%"
"07/28/2020","1494.35","1540.00","1540.00","1487.00","101.76K","-3.13%"
"07/27/2020","1542.65","1574.25","1575.30","1530.00","137.45K","-2.01%"
"07/24/2020","1574.25","1550.00","1580.00","1526.00","50.22K","+0.13%"
"07/23/2020","1572.15","1574.50","1582.00","1535.05","116.54K","+0.55%"
"07/22/2020","1563.55","1578.00","1578.00","1545.00","21.55K","-0.14%"
"07/21/2020","1565.80","1583.55","1595.95","1561.70","17.51K","-1.06%"
"07/20/2020","1582.65","1580.00","1597.85","1563.55","31.02K","+0.82%"
"07/17/2020","1569.85","1578.00","1589.45","1559.95","53.71K","-0.60%"
"07/16/2020","1579.35","1625.05","1625.50","1568.00","57.20K","-2.65%"
"07/15/2020","1622.40","1667.90","1668.00","1597.00","133.39K","-3.31%"
"07/14/2020","1677.95","1570.00","1800.00","1556.00","322.76K","-4.39%"
"07/13/2020","1755.00","1800.00","1805.00","1749.60","169.17K","-0.26%"
"07/10/2020","1759.50","1765.00","1765.00","1750.00","74.24K","-0.04%"
"07/09/2020","1760.20","1782.00","1782.00","1752.10","62.38K","-0.14%"
"07/08/2020","1762.60","1818.00","1818.00","1750.00","103.59K","-2.02%"
"07/07/2020","1799.00","1819.00","1819.00","1790.00","78.01K","+0.99%"
"07/06/2020","1781.40","1751.00","1977.50","1751.00","150.68K","+4.58%"
"07/03/2020","1703.45","1680.00","1715.00","1671.00","75.84K","+2.20%"
"07/02/2020","1666.70","1680.00","1687.45","1658.50","71.72K","-0.32%"
"07/01/2020","1672.00","1677.45","1680.00","1665.35","25.95K","+0.17%"
"06/30/2020","1669.15","1679.00","1679.00","1652.65","46.61K","+0.24%"
"06/29/2020","1665.10","1658.00","1672.00","1625.00","72.43K","+1.87%"
"06/26/2020","1634.50","1631.00","1668.95","1628.05","23.81K","+0.85%"
"06/25/2020","1620.70","1625.05","1625.15","1585.70","71.25K","-0.25%"
"06/24/2020","1624.80","1680.00","1680.00","1602.10","35.73K","-1.81%"
"06/23/2020","1654.70","1657.00","1682.00","1642.55","53.79K","+1.41%"
"06/22/2020","1631.65","1600.00","1639.90","1600.00","55.64K","+3.91%"
"06/19/2020","1570.25","1515.00","1580.00","1514.95","49.01K","+4.40%"
"06/18/2020","1504.00","1470.00","1515.00","1465.30","57.28K","+2.74%"
"06/17/2020","1463.95","1445.00","1483.25","1442.05","29.62K","+1.28%"
"06/16/2020","1445.45","1451.00","1459.95","1435.00","21.23K","+0.94%"
"06/15/2020","1432.05","1477.00","1477.00","1423.45","25.61K","-1.11%"
"06/12/2020","1448.15","1456.00","1470.05","1440.00","75.24K","-3.01%"
"06/11/2020","1493.15","1490.75","1502.15","1485.80","10.88K","+0.16%"
"06/10/2020","1490.75","1510.00","1510.00","1480.00","12.59K","+0.28%"
"06/09/2020","1486.65","1540.00","1542.95","1472.00","65.53K","-2.10%"
"06/08/2020","1518.55","1481.00","1555.00","1481.00","92.61K","+3.43%"
"06/05/2020","1468.20","1470.00","1481.55","1457.65","235.90K","+0.24%"
"06/04/2020","1464.70","1457.00","1468.70","1450.00","23.21K","+0.50%"
"06/03/2020","1457.40","1460.80","1477.95","1448.60","27.14K","+0.45%"
"06/02/2020","1450.90","1469.90","1475.00","1440.00","110.66K","+0.08%"
"06/01/2020","1449.75","1459.00","1459.00","1433.00","39.38K","+0.42%"
"05/29/2020","1443.70","1449.95","1450.00","1430.00","5.21K","+0.80%"
"05/28/2020","1432.30","1425.00","1439.85","1400.00","56.34K","+0.76%"
"05/27/2020","1421.45","1440.00","1440.00","1410.00","4.72K","-0.69%"
"05/26/2020","1431.35","1399.95","1448.90","1396.50","37.37K","+2.50%"
"05/22/2020","1396.45","1404.95","1418.95","1387.90","8.35K","+0.50%"
"05/21/2020","1389.50","1400.05","1410.00","1388.00","94.81K","-0.52%"
"05/20/2020","1396.75","1405.30","1430.00","1386.15","34.62K","-0.59%"
"05/19/2020","1405.00","1450.05","1455.15","1401.95","99.04K","-2.73%"
"05/18/2020","1444.40","1454.65","1462.00","1432.20","15.61K","-0.40%"
"05/15/2020","1450.25","1460.00","1460.05","1447.00","14.73K","+0.29%"
"05/14/2020","1446.00","1440.00","1453.90","1440.00","7.00K","-0.09%"
"05/13/2020","1447.25","1499.95","1499.95","1438.20","90.42K","+0.38%"
"05/12/2020","1441.75","1440.00","1500.00","1422.00","11.80K","-0.10%"
"05/11/2020","1443.20","1448.55","1460.00","1420.00","292.71K","-0.37%"
"05/08/2020","1448.55","1500.00","1517.10","1404.00","144.97K","+7.75%"
"05/07/2020","1344.40","1402.70","1402.70","1333.50","9.58K","-3.20%"
"05/06/2020","1388.85","1439.95","1440.00","1360.30","261.11K","-2.89%"
"05/05/2020","1430.15","1459.00","1468.15","1424.00","3.16K","-0.90%"
"05/04/2020","1443.10","1468.00","1468.00","1415.00","5.19K","-2.73%"
"04/30/2020","1483.65","1450.00","1500.00","1450.00","52.28K","+1.79%"
"04/29/2020","1457.50","1430.00","1475.00","1430.00","6.74K","+1.08%"
"04/28/2020","1441.90","1450.00","1472.90","1431.00","5.91K","-0.65%"
"04/27/2020","1451.30","1437.00","1480.00","1431.00","25.35K","+1.08%"
"04/24/2020","1435.85","1490.00","1490.00","1420.00","3.40K","-2.71%"
"04/23/2020","1475.85","1470.00","1534.00","1450.00","320.61K","+0.63%"
"04/22/2020","1466.60","1460.00","1474.95","1450.00","1.21K","+1.21%"
"04/21/2020","1449.00","1509.95","1509.95","1438.90","2.67K","-1.78%"
"04/20/2020","1475.30","1470.15","1525.00","1458.05","6.31K","+0.53%"
"04/17/2020","1467.45","1430.00","1475.10","1428.50","5.59K","+3.51%"
"04/16/2020","1417.70","1430.00","1430.00","1400.00","3.75K","+1.44%"
"04/15/2020","1397.55","1400.00","1450.00","1390.00","5.94K","+0.76%"
"04/13/2020","1387.05","1484.95","1484.95","1375.00","7.25K","-3.26%"
"04/09/2020","1433.75","1447.10","1488.80","1421.30","56.27K","+1.41%"
"04/08/2020","1413.85","1376.05","1514.00","1376.05","13.41K","-1.39%"
"04/07/2020","1433.80","1447.95","1449.90","1393.05","11.59K","+2.35%"
"04/03/2020","1400.85","1471.40","1489.65","1400.00","7.04K","-4.79%"
"04/01/2020","1471.40","1472.00","1514.00","1440.00","4.77K","+0.12%"
"03/31/2020","1469.60","1449.85","1489.00","1429.40","49.88K","+4.90%"
"03/30/2020","1401.00","1479.60","1491.95","1391.15","45.61K","-5.31%"
"03/27/2020","1479.60","1567.00","1567.00","1440.00","6.94K","-0.72%"
"03/26/2020","1490.35","1415.00","1548.00","1379.55","5.54K","+10.24%"
"03/25/2020","1351.90","1310.00","1399.00","1270.00","9.58K","+3.07%"
"03/24/2020","1311.60","1300.00","1329.95","1230.00","6.49K","+5.43%"
"03/23/2020","1244.10","1548.00","1565.00","1242.05","19.64K","-19.87%"
"03/20/2020","1552.55","1556.05","1606.30","1456.55","5.69K","-0.22%"
"03/19/2020","1556.05","1600.00","1600.00","1402.00","9.80K","-5.63%"
"03/18/2020","1648.90","1705.15","1898.00","1536.60","12.59K","-3.16%"
"03/17/2020","1702.70","1700.00","1747.80","1651.30","15.90K","-3.48%"
"03/16/2020","1764.10","1611.30","1833.60","1611.30","11.26K","+0.21%"
"03/13/2020","1760.45","1671.30","1800.00","1401.00","15.16K","+1.54%"
"03/12/2020","1733.75","1756.35","1798.00","1661.30","19.38K","-3.31%"
"03/11/2020","1793.05","1788.45","1801.65","1765.30","13.30K","+0.26%"
"03/09/2020","1788.45","1790.00","1798.90","1751.00","7.34K","-0.31%"
"03/06/2020","1794.00","1820.00","1824.00","1770.05","20.14K","-2.45%"
"03/05/2020","1839.10","1831.00","1846.80","1806.05","109.96K","+0.40%"
"03/04/2020","1831.85","1851.00","1909.95","1802.10","10.75K","-2.37%"
"03/03/2020","1876.25","1900.00","1961.55","1856.30","63.19K","-1.81%"
"03/02/2020","1910.90","1869.80","1924.30","1866.85","8.65K","+2.20%"
"02/28/2020","1869.80","1850.00","1887.10","1845.85","7.67K","-1.04%"
"02/27/2020","1889.40","1879.95","1919.00","1847.95","5.61K","+0.21%"
"02/26/2020","1885.40","1950.00","1960.00","1851.30","4.72K","-3.33%"
"02/25/2020","1950.35","1952.05","1973.35","1935.00","10.95K","-1.26%"
"02/24/2020","1975.30","1960.10","1995.00","1950.30","6.51K","+0.10%"
"02/20/2020","1973.30","1950.00","2006.90","1950.00","28.79K","+0.71%"
"02/19/2020","1959.30","1951.95","1981.00","1950.00","10.06K","+0.38%"
"02/18/2020","1951.95","1959.60","1971.00","1944.05","5.02K","-0.24%"
"02/17/2020","1956.55","1980.00","2019.65","1923.90","50.34K","-1.64%"
"02/14/2020","1989.10","2038.40","2042.35","1975.55","11.94K","-2.25%"
"02/13/2020","2034.90","2020.00","2083.10","2015.55","4.72K","+0.64%"
"02/12/2020","2021.95","2015.00","2100.00","1951.95","25.20K","+0.57%"
"02/11/2020","2010.40","2057.35","2089.90","2002.05","11.19K","-1.89%"
"02/10/2020","2049.20","2120.00","2120.00","2045.00","19.91K","-0.14%"
"02/07/2020","2052.15","2120.00","2120.95","2026.00","63.15K","-5.90%"
"02/06/2020","2180.90","2195.00","2200.00","2150.10","28.36K","-0.60%"
"02/05/2020","2194.15","2189.95","2200.05","2140.00","4.11K","+1.67%"
"02/04/2020","2158.05","2162.00","2199.95","2113.85","6.89K","-0.21%"
"02/03/2020","2162.50","2015.10","2208.00","2015.10","17.63K","+4.79%"
"02/01/2020","2063.70","2020.00","2119.95","2020.00","11.04K","-0.32%"
"01/31/2020","2070.40","2065.20","2090.00","2060.00","30.90K","-0.93%"
"01/30/2020","2089.80","2144.05","2150.00","2083.00","74.75K","-2.54%"
"01/29/2020","2144.25","2155.50","2196.00","2140.00","4.09K","-1.35%"
"01/28/2020","2173.60","2188.50","2214.90","2162.00","39.67K","-1.31%"
"01/27/2020","2202.50","2185.00","2240.00","2185.00","8.01K","-0.19%"
"01/24/2020","2206.60","2209.05","2229.95","2190.00","1.90K","+0.13%"
"01/23/2020","2203.80","2151.00","2209.90","2150.85","1.68K","+1.09%"
"01/22/2020","2180.10","2182.15","2204.75","2152.10","1.31K","-0.09%"
"01/21/2020","2182.10","2200.75","2207.30","2170.00","1.26K","+0.09%"
"01/20/2020","2180.05","2228.35","2249.95","2167.00","2.20K","-2.17%"
"01/17/2020","2228.30","2304.00","2304.00","2221.00","4.97K","-1.76%"
"01/16/2020","2268.15","2159.05","2317.95","2149.85","9.04K","+5.11%"
"01/15/2020","2157.95","2148.90","2160.00","2135.15","3.81K","+1.29%"
"01/14/2020","2130.55","2120.05","2146.60","2120.05","3.51K","+0.03%"
"01/13/2020","2129.95","2146.95","2149.95","2125.50","3.97K","-0.52%"
"01/10/2020","2141.10","2145.00","2147.95","2128.05","1.41K","+0.24%"
"01/09/2020","2136.00","2125.05","2153.00","2113.00","70.92K","+0.11%"
"01/08/2020","2133.75","2129.70","2144.95","2119.90","2.69K","+0.15%"
"01/07/2020","2130.65","2209.00","2209.00","2115.40","26.35K","-1.00%"
"01/06/2020","2152.20","2198.80","2198.80","2137.50","57.20K","-2.00%"
"01/03/2020","2196.15","2206.70","2221.20","2180.00","2.07K","-0.90%"
"01/02/2020","2216.10","2236.90","2238.05","2195.50","11.10K","+0.92%"
"01/01/2020","2195.85","2179.40","2200.00","2153.30","53.96K","+0.94%"
"12/31/2019","2175.45","2157.15","2185.95","2138.60","3.10K","+0.86%"
"12/30/2019","2157.00","2138.75","2173.00","2134.00","2.47K","+1.06%"
"12/27/2019","2134.45","2134.05","2146.05","2128.00","1.03K","+0.16%"
"12/26/2019","2131.10","2137.95","2146.10","2125.00","3.98K","-0.09%"
"12/24/2019","2133.10","2134.00","2191.00","2120.00","1.89K","-0.02%"
"12/23/2019","2133.55","2162.95","2162.95","2130.00","106.37K","-1.02%"
"12/20/2019","2155.45","2181.35","2187.30","2140.00","5.56K","-0.82%"
"12/19/2019","2173.35","2153.00","2192.90","2153.00","3.39K","+0.95%"
"12/18/2019","2153.00","2130.10","2170.00","2127.00","11.90K","+1.07%"
"12/17/2019","2130.30","2117.70","2152.00","2117.70","2.19K","-0.23%"
"12/16/2019","2135.20","2141.30","2155.00","2128.00","926","+0.21%"
"12/13/2019","2130.75","2129.60","2158.40","2126.00","9.63K","+0.29%"
"12/12/2019","2124.60","2138.75","2153.90","2112.20","12.22K","-0.27%"
"12/11/2019","2130.25","2148.05","2168.35","2129.95","10.06K","-0.83%"
"12/10/2019","2148.10","2130.70","2156.10","2130.70","791","+0.69%"
"12/09/2019","2133.45","2131.10","2150.00","2130.00","896","-0.11%"
"12/06/2019","2135.80","2155.10","2155.10","2130.00","1.39K","-0.89%"
"12/05/2019","2155.05","2126.40","2167.95","2111.40","1.97K","+1.58%"
"12/04/2019","2121.60","2149.00","2156.00","2105.15","1.99K","-1.31%"
"12/03/2019","2149.70","2131.25","2160.85","2131.25","802","+0.40%"
"12/02/2019","2141.10","2119.00","2164.80","2119.00","2.56K","+0.46%"
"11/29/2019","2131.25","2136.00","2144.65","2125.00","5.40K","+0.00%"
"11/28/2019","2131.20","2130.05","2149.45","2120.60","47.99K","-0.47%"
"11/27/2019","2141.20","2134.50","2164.90","2125.30","4.52K","-0.47%"
"11/26/2019","2151.40","2122.40","2204.95","2122.20","3.25K","-1.17%"
"11/25/2019","2176.85","2179.95","2189.85","2151.10","1.56K","+0.71%"
"11/22/2019","2161.55","2181.10","2187.20","2120.00","6.00K","-1.17%"
"11/21/2019","2187.15","2201.30","2201.30","2171.15","1.51K","-0.33%"
"11/20/2019","2194.45","2137.90","2220.00","2112.15","45.36K","+2.95%"
"11/19/2019","2131.50","2128.90","2147.15","2128.90","1.08K","+0.06%"
"11/18/2019","2130.15","2128.90","2137.95","2103.00","2.52K","-0.16%"
"11/15/2019","2133.60","2138.25","2148.60","2111.05","65.05K","+0.14%"
"11/14/2019","2130.70","2150.15","2150.15","2114.15","3.61K","-0.90%"
"11/13/2019","2150.15","2121.00","2155.95","2121.00","3.67K","+0.03%"
"11/11/2019","2149.55","2142.05","2160.00","2127.70","24.89K","+0.66%"
"11/08/2019","2135.55","2180.15","2185.00","2112.00","4.79K","-2.16%"
"11/07/2019","2182.65","2160.00","2196.80","2155.25","13.07K","+1.04%"
"11/06/2019","2160.10","2151.05","2169.00","2143.05","6.83K","-0.02%"
"11/05/2019","2160.55","2160.10","2174.95","2156.85","7.80K","+0.02%"
"11/04/2019","2160.10","2194.00","2199.95","2153.00","10.19K","-1.03%"
"11/01/2019","2182.65","2187.25","2279.65","2170.30","52.13K","-0.12%"
"10/31/2019","2185.25","2200.00","2205.00","2170.00","47.18K","+0.37%"
"10/30/2019","2177.10","2220.00","2238.80","2161.55","146.03K","-3.74%"
"10/29/2019","2261.70","2223.50","2289.00","2223.50","27.52K","+2.12%"
"10/27/2019","2214.80","2188.05","2222.00","2175.05","2.93K","+1.27%"
"10/25/2019","2187.10","2171.00","2199.40","2150.00","14.62K","+1.26%"
"10/24/2019","2159.90","2159.85","2171.00","2140.80","11.88K","+0.92%"
"10/23/2019","2140.25","2104.90","2159.00","2104.90","2.44K","+0.59%"
"10/22/2019","2127.70","2151.45","2188.85","2098.00","11.18K","-1.10%"
"10/18/2019","2151.45","2142.30","2160.00","2105.05","6.34K","+1.14%"
"10/17/2019","2127.15","2134.10","2159.00","2090.05","8.85K","-0.14%"
"10/16/2019","2130.05","2120.00","2140.00","2114.30","2.39K","+0.47%"
"10/15/2019","2120.00","2124.00","2148.40","2100.00","15.66K","+0.79%"
"10/14/2019","2103.35","2144.00","2144.00","2080.00","103.92K","+0.15%"
"10/11/2019","2100.10","2097.60","2114.45","2060.00","29.01K","+0.23%"
"10/10/2019","2095.20","2085.80","2106.00","2080.20","9.51K","+0.45%"
"10/09/2019","2085.75","2102.30","2164.90","2077.30","15.01K","-0.75%"
"10/07/2019","2101.45","2072.85","2119.70","2011.05","9.69K","+1.38%"
"10/04/2019","2072.85","2181.15","2186.50","2051.70","3.14K","-3.63%"
"10/03/2019","2151.00","2167.90","2179.95","2107.00","6.19K","-0.78%"
"10/01/2019","2167.90","2151.40","2187.90","2105.55","4.37K","+0.77%"
"09/30/2019","2151.40","2165.00","2165.00","2041.10","4.65K","-0.30%"
"09/27/2019","2157.95","2139.95","2188.05","2139.95","6.50K","+1.81%"
"09/26/2019","2119.65","2145.00","2185.05","2114.95","6.36K","+0.00%"
"09/25/2019","2119.65","2111.00","2140.05","2103.70","2.96K","-1.40%"
"09/24/2019","2149.65","2180.00","2180.00","2095.40","20.99K","-0.91%"
"09/23/2019","2169.40","2138.60","2232.30","2079.40","23.65K","+1.72%"
"09/20/2019","2132.65","1893.40","2205.00","1881.65","53.07K","+12.80%"
"09/19/2019","1890.65","1882.10","1905.00","1882.05","2.40K","-0.44%"
"09/18/2019","1899.05","1881.95","1906.90","1876.20","4.16K","+0.47%"
"09/17/2019","1890.20","1907.40","1922.30","1874.00","120.00K","-0.59%"
"09/16/2019","1901.50","1903.20","1917.00","1895.00","2.17K","-0.08%"
"09/13/2019","1903.05","1905.75","1907.25","1889.55","1.72K","+0.12%"
"09/12/2019","1900.85","1898.35","1914.95","1876.95","111.08K","+1.01%"
"09/11/2019","1881.80","1943.50","1943.50","1868.15","2.41K","-0.54%"
"09/09/2019","1892.10","1864.00","1900.00","1864.00","1.50K","+1.11%"
"09/06/2019","1871.35","1885.95","1900.00","1865.00","13.29K","-0.22%"
"09/05/2019","1875.50","1881.45","1896.00","1864.00","2.33K","+0.02%"
"09/04/2019","1875.15","1849.80","1878.50","1840.15","3.17K","+1.44%"
"09/03/2019","1848.55","1856.25","1866.90","1839.30","1.99K","-0.21%"
"08/30/2019","1852.35","1842.50","1858.15","1840.10","1.07K","+0.22%"
"08/29/2019","1848.30","1840.30","1867.85","1820.00","2.28K","+0.03%"
"08/28/2019","1847.70","1853.40","1870.00","1842.00","1.97K","-0.62%"
"08/27/2019","1859.25","1851.70","1878.20","1843.10","3.11K","+0.40%"
"08/26/2019","1851.85","1874.00","1878.95","1801.30","3.10K","+0.29%"
"08/23/2019","1846.55","1830.50","1864.10","1830.50","11.51K","+0.17%"
"08/22/2019","1843.45","1834.25","1861.85","1830.05","24.55K","+0.50%"
"08/21/2019","1834.25","1876.85","1883.10","1828.20","9.70K","-1.59%"
"08/20/2019","1863.85","1838.00","1874.90","1833.00","1.29K","+1.12%"
"08/19/2019","1843.20","1826.45","1849.90","1826.45","841","+0.92%"
"08/16/2019","1826.45","1860.00","1860.00","1815.40","9.56K","-1.13%"
"08/14/2019","1847.25","1838.05","1873.90","1837.05","1.14K","-0.15%"
"08/13/2019","1850.10","1836.05","1859.00","1827.05","2.07K","+0.50%"
"08/09/2019","1840.95","1858.00","1875.00","1836.60","7.88K","-0.96%"
"08/08/2019","1858.75","1849.90","1874.95","1826.30","39.12K","+2.03%"
"08/07/2019","1821.70","1860.85","1871.00","1801.00","5.34K","-2.98%"
"08/06/2019","1877.70","1823.10","1886.00","1822.10","4.12K","+1.65%"
"08/05/2019","1847.25","1815.50","1855.65","1815.50","2.02K","+0.27%"
"08/02/2019","1842.35","1827.20","1850.00","1822.05","17.02K","+0.11%"
"08/01/2019","1840.25","1844.45","1864.95","1825.05","53.37K","-0.23%"
"07/31/2019","1844.45","1820.15","1866.10","1820.00","14.55K","+0.23%"
"07/30/2019","1840.15","1809.85","1855.00","1806.55","3.44K","+2.14%"
"07/29/2019","1801.55","1865.05","1880.90","1781.05","10.48K","-3.92%"
"07/26/2019","1875.05","1855.00","1889.30","1846.90","8.05K","+0.51%"
"07/25/2019","1865.55","1910.00","1910.00","1864.00","106.61K","-1.97%"
"07/24/2019","1903.00","1853.50","1920.00","1852.50","33.99K","+1.92%"
"07/23/2019","1867.20","1890.00","1920.00","1856.00","16.61K","-1.72%"
"07/22/2019","1899.85","1929.85","1929.85","1890.90","28.42K","-0.82%"
"07/19/2019","1915.60","1944.90","1945.00","1915.00","25.82K","-0.98%"
"07/18/2019","1934.55","1930.15","1954.25","1925.05","4.60K","+0.22%"
"07/17/2019","1930.25","1931.75","1949.10","1923.10","21.49K","-0.08%"
"07/16/2019","1931.70","1955.15","1955.15","1915.15","5.97K","-0.70%"
"07/15/2019","1945.35","1968.20","1974.90","1940.15","1.20K","-0.06%"
"07/12/2019","1946.60","1964.90","1964.95","1941.55","2.55K","+0.51%"
"07/11/2019","1936.70","1922.65","1941.95","1913.00","18.13K","+0.94%"
"07/10/2019","1918.65","1946.00","1953.10","1910.00","2.87K","-1.85%"
"07/09/2019","1954.75","1947.10","1971.95","1908.00","4.18K","-0.07%"
"07/08/2019","1956.15","1990.00","1995.05","1946.05","2.00K","-2.03%"
"07/05/2019","1996.70","2016.00","2024.00","1975.00","8.79K","-0.59%"
"07/04/2019","2008.50","1990.15","2022.00","1990.15","203.18K","+0.84%"
"07/03/2019","1991.80","2011.45","2011.45","1988.00","2.24K","-0.85%"
"07/02/2019","2008.95","2031.55","2031.55","2000.00","2.25K","-0.58%"
"07/01/2019","2020.70","2002.50","2028.55","1980.00","3.96K","+0.81%"
"06/28/2019","2004.50","2016.00","2016.00","1996.20","895","+0.40%"
"06/27/2019","1996.60","1996.10","2025.00","1988.00","5.08K","-0.32%"
"06/26/2019","2002.95","2039.00","2039.00","1986.05","5.95K","-0.35%"
"06/25/2019","2010.00","2004.30","2012.00","2000.00","18.20K","+0.50%"
"06/24/2019","2000.05","2000.00","2020.00","1985.00","3.05K","+0.36%"
"06/21/2019","1992.90","1989.05","1998.90","1986.05","1.15K","+0.26%"
"06/20/2019","1987.70","1972.40","1995.00","1972.00","3.55K","+0.78%"
"06/19/2019","1972.25","1969.85","1977.00","1959.65","34.45K","+0.03%"
"06/18/2019","1971.60","1932.00","1978.00","1920.00","10.09K","+1.04%"
"06/17/2019","1951.40","1904.40","1980.05","1901.05","32.53K","+2.63%"
"06/14/2019","1901.45","1920.00","1930.95","1900.00","2.99K","-0.98%"
"06/13/2019","1920.35","1921.00","1935.00","1900.00","3.83K","-0.17%"
"06/12/2019","1923.55","1945.00","1945.00","1899.60","5.36K","-0.90%"
"06/11/2019","1940.95","1900.10","1951.00","1900.00","6.39K","+2.15%"
"06/10/2019","1900.10","1860.00","1905.95","1850.05","22.13K","+2.13%"
"06/07/2019","1860.50","1850.00","1898.00","1841.00","3.21K","+0.40%"
"06/06/2019","1853.05","1881.00","1899.95","1847.05","6.41K","-2.22%"
"06/04/2019","1895.10","1880.00","1902.90","1880.00","3.20K","+0.07%"
"06/03/2019","1893.85","1894.05","1912.85","1885.00","3.88K","+0.04%"
"05/31/2019","1893.00","1900.00","1909.95","1882.05","64.13K","+0.04%"
"05/30/2019","1892.15","1925.00","1925.00","1879.00","47.51K","-0.42%"
"05/29/2019","1900.05","1939.00","1939.00","1895.10","3.23K","-1.26%"
"05/28/2019","1924.25","1900.00","1959.00","1899.90","18.43K","+1.81%"
"05/27/2019","1890.10","1870.00","1914.00","1856.85","36.72K","+1.27%"
"05/24/2019","1866.45","1838.05","1870.00","1838.05","11.26K","+0.65%"
"05/23/2019","1854.40","1890.00","1890.00","1806.25","16.56K","+0.86%"
"05/22/2019","1838.60","1849.90","1880.05","1833.55","8.07K","-0.08%"
"05/21/2019","1840.10","1883.75","1901.00","1835.00","5.61K","-2.32%"
"05/20/2019","1883.75","1850.00","1938.25","1843.05","50.76K","+3.04%"
"05/17/2019","1828.10","1810.05","1843.80","1804.20","9.86K","+1.26%"
"05/16/2019","1805.35","1815.00","1815.55","1791.00","8.50K","+0.43%"
"05/15/2019","1797.65","1805.00","1805.05","1791.05","4.30K","-0.38%"
"05/14/2019","1804.45","1813.05","1826.95","1802.00","4.31K","-1.19%"
"05/13/2019","1826.15","1859.80","1859.85","1822.05","5.11K","-1.81%"
"05/10/2019","1859.85","1831.00","1880.00","1831.00","1.93K","+0.52%"
"05/09/2019","1850.25","1870.20","1870.20","1830.25","4.83K","-1.40%"
"05/08/2019","1876.60","1901.25","1910.00","1872.00","4.80K","-2.29%"
"05/07/2019","1920.55","1919.00","1923.00","1903.05","2.82K","+0.09%"
"05/06/2019","1918.85","1955.00","1964.50","1917.00","4.27K","-1.99%"
"05/03/2019","1957.75","1960.05","1979.95","1944.00","30.71K","-0.36%"
"05/02/2019","1964.75","1978.95","1983.00","1957.05","1.37K","-0.51%"
"04/30/2019","1974.90","1980.00","1988.95","1956.20","2.80K","-0.32%"
"04/26/2019","1981.20","1998.85","1999.05","1967.35","19.78K","-0.47%"
"04/25/2019","1990.55","2016.15","2016.20","1980.00","62.23K","-0.44%"
"04/24/2019","1999.40","2003.70","2024.90","1991.90","67.50K","-0.21%"
"04/23/2019","2003.70","2029.80","2029.85","1990.00","25.03K","-1.41%"
"04/22/2019","2032.35","2020.00","2050.00","1985.05","63.36K","+0.60%"
"04/18/2019","2020.30","2045.00","2045.00","2003.40","5.93K","-1.69%"
"04/16/2019","2055.05","2046.00","2060.00","2045.00","4.25K","+0.18%"
"04/15/2019","2051.45","2082.90","2093.95","2044.45","4.22K","-1.53%"
"04/12/2019","2083.35","2115.00","2115.00","2070.00","4.04K","-1.50%"
"04/11/2019","2115.00","2111.00","2165.00","2087.70","6.28K","-0.72%"
"04/10/2019","2130.35","2064.25","2138.90","2056.85","19.67K","+3.04%"
"04/09/2019","2067.45","2040.00","2074.95","2032.70","10.40K","+0.32%"
"04/08/2019","2060.90","2082.85","2082.85","2054.05","5.40K","-0.30%"
"04/05/2019","2067.05","2079.20","2079.20","2060.00","3.41K","+0.07%"
"04/04/2019","2065.70","2040.05","2070.00","2027.35","10.32K","+0.17%"
"04/03/2019","2062.25","2068.70","2070.00","2043.05","58.66K","-0.31%"
"04/02/2019","2068.70","2031.45","2077.85","1991.40","17.51K","+2.85%"
"04/01/2019","2011.40","2050.00","2065.95","2000.05","4.61K","-1.63%"
"03/29/2019","2044.70","1975.00","2097.70","1962.10","22.10K","+3.81%"
"03/28/2019","1969.70","1904.45","1980.00","1899.05","7.56K","+3.36%"
"03/27/2019","1905.70","1892.00","1931.00","1892.00","8.24K","+0.30%"
"03/26/2019","1900.00","1940.00","1940.00","1891.00","22.84K","-1.39%"
"03/25/2019","1926.70","1926.95","1938.00","1921.05","4.51K","-0.01%"
"03/22/2019","1926.95","1959.00","1970.00","1910.00","5.31K","-1.10%"
"03/20/2019","1948.35","1902.00","1955.00","1902.00","59.10K","+2.21%"
"03/19/2019","1906.15","1911.00","1920.00","1889.40","22.12K","-0.19%"
"03/18/2019","1909.70","1941.05","1950.00","1901.25","5.16K","-1.54%"
"03/15/2019","1939.50","1940.00","1955.00","1932.50","5.09K","-0.10%"
"03/14/2019","1941.45","1963.50","1970.85","1935.00","32.44K","-1.30%"
"03/13/2019","1967.00","1972.00","1982.95","1955.00","3.90K","-0.09%"
"03/12/2019","1968.85","1954.00","1986.95","1937.00","101.40K","+1.64%"
"03/11/2019","1937.10","1955.00","1970.00","1928.65","23.12K","-1.15%"
"03/08/2019","1959.60","1947.00","1975.10","1946.00","7.38K","+0.03%"
"03/07/2019","1959.10","1940.00","1969.90","1935.25","88.52K","+0.52%"
"03/06/2019","1948.90","1960.00","1969.00","1940.00","7.83K","-0.18%"
"03/05/2019","1952.50","1936.55","1989.00","1934.00","11.96K","+0.99%"
"03/01/2019","1933.30","1936.30","1951.00","1925.05","24.65K","-0.15%"
"02/28/2019","1936.30","1980.00","1980.00","1925.20","29.31K","-1.59%"
"02/27/2019","1967.55","1960.00","1989.95","1960.00","3.48K","+0.17%"
"02/26/2019","1964.20","1981.50","1993.90","1950.00","5.93K","-0.87%"
"02/25/2019","1981.50","1950.05","2010.00","1950.05","35.67K","+1.20%"
"02/22/2019","1957.95","1958.75","1967.05","1951.20","21.83K","-0.04%"
"02/21/2019","1958.75","1978.25","1984.00","1953.25","2.50K","-0.99%"
"02/20/2019","1978.25","1970.00","1985.95","1958.05","4.34K","+0.67%"
"02/19/2019","1965.05","1998.70","1998.70","1951.55","6.15K","-1.09%"
"02/18/2019","1986.70","1950.00","1993.00","1942.10","17.32K","+1.91%"
"02/15/2019","1949.55","1970.00","1990.00","1945.20","55.09K","-0.84%"
"02/14/2019","1966.00","1960.00","1980.00","1960.00","11.63K","+0.50%"
"02/13/2019","1956.30","1944.05","1980.00","1918.00","17.74K","+0.63%"
"02/12/2019","1944.05","1921.30","1949.90","1919.95","13.69K","+0.73%"
"02/11/2019","1930.00","1914.15","1937.95","1900.05","46.96K","+0.14%"
"02/08/2019","1927.30","1935.00","1938.95","1916.05","105.39K","-0.17%"
"02/07/2019","1930.55","1930.15","1935.95","1915.70","17.97K","+0.32%"
"02/06/2019","1924.40","1909.50","1929.00","1902.25","17.40K","+0.24%"
"02/05/2019","1919.75","1922.15","1935.85","1910.00","14.48K","-0.44%"
"02/04/2019","1928.30","1912.90","1935.00","1903.00","18.52K","+0.99%"
"02/01/2019","1909.40","1930.95","1932.50","1898.30","15.78K","-0.55%"
"01/31/2019","1920.05","1929.25","1934.55","1912.05","17.26K","-0.30%"
"01/30/2019","1925.85","1918.55","1929.85","1914.45","21.47K","+0.30%"
"01/29/2019","1920.05","1921.00","1925.90","1913.20","13.92K","+0.11%"
"01/28/2019","1918.00","1921.00","1931.80","1915.00","17.21K","-0.45%"
"01/25/2019","1926.75","1918.25","1934.50","1918.25","9.19K","+0.10%"
"01/24/2019","1924.85","1934.00","1934.05","1917.00","16.22K","+0.00%"
"01/23/2019","1924.85","1925.00","1934.90","1924.00","9.62K","-0.13%"
"01/22/2019","1927.40","1940.00","1940.00","1916.00","10.44K","+0.11%"
"01/21/2019","1925.35","1916.10","1934.00","1916.10","33.02K","-0.22%"
"01/18/2019","1929.55","1936.00","1943.50","1925.00","9.75K","-0.06%"
"01/17/2019","1930.65","1940.00","1948.15","1927.50","11.70K","-0.37%"
"01/16/2019","1937.90","1938.95","1964.40","1926.00","32.32K","+0.56%"
"01/15/2019","1927.10","1910.00","1940.00","1909.95","70.37K","+0.52%"
"01/14/2019","1917.05","1940.00","1940.00","1906.15","8.21K","-1.17%"
"01/11/2019","1939.75","1935.30","1940.00","1925.35","8.49K","+0.23%"
"01/10/2019","1935.30","1938.05","1941.00","1928.35","237.46K","-0.05%"
"01/09/2019","1936.20","1921.00","1940.00","1911.55","396.07K","+0.77%"
"01/08/2019","1921.50","1920.00","1927.90","1904.25","48.82K","+0.33%"
"01/07/2019","1915.10","1912.80","1919.50","1903.05","3.80K","+0.41%"
"01/04/2019","1907.20","1900.00","1911.50","1900.00","3.71K","+0.37%"
"01/03/2019","1900.15","1895.00","1915.65","1895.00","8.04K","-0.37%"
"01/02/2019","1907.25","1908.00","1922.75","1898.80","3.52K","+0.04%"
"01/01/2019","1906.40","1901.00","1925.00","1900.05","2.99K","-0.04%"
"12/31/2018","1907.25","1900.05","1909.90","1899.25","2.76K","+0.43%"
"12/28/2018","1899.10","1903.60","1910.00","1890.10","3.12K","+0.07%"
"12/27/2018","1897.75","1891.50","1917.40","1891.45","2.93K","+0.16%"
"12/26/2018","1894.65","1900.75","1910.00","1880.00","5.61K","-0.32%"
"12/24/2018","1900.80","1890.00","1913.95","1890.00","7.95K","-0.04%"
"12/21/2018","1901.50","1902.95","1924.40","1899.00","16.22K","-0.08%"
"12/20/2018","1902.95","1881.05","1908.90","1869.95","46.73K","-1.95%"
"12/19/2018","1940.80","1935.00","1942.90","1925.85","271.17K","+0.74%"
"12/18/2018","1926.45","1902.50","1934.70","1901.10","29.74K","+0.82%"
"12/17/2018","1910.80","1905.10","1920.00","1897.20","16.95K","+0.18%"
"12/14/2018","1907.45","1913.00","1915.10","1900.05","12.60K","-0.06%"
"12/13/2018","1908.60","1910.00","1913.00","1900.00","14.58K","+0.44%"
"12/12/2018","1900.15","1849.35","1905.00","1849.35","14.04K","+2.75%"
"12/11/2018","1849.35","1869.95","1869.95","1838.30","12.35K","+0.12%"
"12/10/2018","1847.05","1883.00","1883.00","1830.15","247.38K","-2.08%"
"12/07/2018","1886.35","1924.70","1924.70","1880.00","11.42K","-0.89%"
"12/06/2018","1903.35","1926.00","1926.00","1897.00","7.76K","-1.20%"
"12/05/2018","1926.45","1922.75","1930.90","1907.00","15.57K","+0.24%"
"12/04/2018","1921.80","1925.00","1929.00","1916.95","14.38K","+0.00%"
"12/03/2018","1921.80","1917.95","1928.00","1911.05","9.34K","+0.78%"
"11/30/2018","1906.90","1880.55","1909.90","1875.50","12.92K","+1.91%"
"11/29/2018","1871.10","1865.95","1885.00","1860.10","4.11K","+0.42%"
"11/28/2018","1863.20","1880.00","1880.00","1850.25","3.43K","-0.35%"
"11/27/2018","1869.80","1875.00","1885.00","1865.00","2.89K","-0.37%"
"11/26/2018","1876.75","1894.00","1895.00","1870.05","6.55K","-0.30%"
"11/22/2018","1882.35","1879.95","1885.00","1865.00","3.78K","+0.29%"
"11/21/2018","1876.85","1875.00","1883.90","1848.25","12.94K","+0.49%"
"11/20/2018","1867.65","1875.00","1885.05","1856.05","7.93K","-0.44%"
"11/19/2018","1875.85","1865.00","1885.00","1843.00","9.90K","+1.18%"
"11/16/2018","1853.90","1857.00","1871.00","1851.00","3.14K","-0.06%"
"11/15/2018","1854.95","1877.00","1877.00","1851.00","7.29K","-0.24%"
"11/14/2018","1859.40","1842.10","1875.90","1842.10","10.94K","+1.15%"
"11/13/2018","1838.20","1790.00","1847.80","1790.00","15.26K","+1.59%"
"11/12/2018","1809.50","1809.70","1811.00","1795.10","3.94K","+0.70%"
"11/09/2018","1797.00","1800.00","1802.00","1781.80","7.20K","+0.67%"
"11/06/2018","1785.00","1789.95","1790.30","1780.15","25.61K","-0.28%"
"11/05/2018","1790.00","1795.75","1795.75","1780.05","12.51K","+0.02%"
"11/02/2018","1789.70","1783.00","1798.95","1783.00","8.79K","+0.03%"
"11/01/2018","1789.25","1800.00","1804.95","1782.05","4.19K","+0.28%"
"10/31/2018","1784.30","1772.05","1799.00","1772.00","2.48K","+0.71%"
"10/30/2018","1771.80","1772.20","1787.95","1770.00","4.64K","-0.28%"
"10/29/2018","1776.75","1794.30","1794.30","1770.50","33.96K","-0.31%"
"10/26/2018","1782.30","1789.00","1810.00","1765.00","8.44K","-0.40%"
"10/25/2018","1789.40","1766.00","1807.95","1741.25","108.41K","+4.46%"
"10/24/2018","1713.00","1674.15","1728.00","1673.05","19.80K","+2.34%"
"10/23/2018","1673.90","1711.00","1720.00","1670.00","4.78K","-2.12%"
"10/22/2018","1710.10","1765.00","1774.05","1703.15","21.85K","+0.61%"
"10/19/2018","1699.80","1726.95","1774.00","1670.15","40.62K","+0.11%"
"10/17/2018","1698.00","1712.65","1773.30","1687.10","5.22K","-0.11%"
"10/16/2018","1699.90","1685.00","1718.00","1675.00","37.71K","+1.68%"
"10/15/2018","1671.75","1689.00","1689.00","1651.40","24.07K","+1.30%"
"10/12/2018","1650.25","1634.90","1665.00","1634.90","5.20K","+1.17%"
"10/11/2018","1631.10","1699.95","1699.95","1626.00","3.03K","-1.57%"
"10/10/2018","1657.05","1650.80","1683.35","1650.00","5.13K","+0.67%"
"10/09/2018","1646.00","1659.05","1676.00","1642.20","26.23K","-0.76%"
"10/08/2018","1658.55","1651.00","1669.60","1643.90","8.76K","-1.35%"
"10/05/2018","1681.30","1700.05","1705.55","1648.70","20.59K","-1.13%"
"10/04/2018","1700.50","1687.75","1710.00","1664.00","8.66K","+0.14%"
"10/03/2018","1698.15","1699.10","1720.00","1683.10","8.50K","+0.43%"
"10/01/2018","1690.85","1660.00","1720.00","1640.00","5.50K","+0.39%"
"09/28/2018","1684.30","1690.65","1704.00","1667.30","4.54K","-0.38%"
"09/27/2018","1690.65","1710.05","1713.05","1681.05","5.86K","-1.04%"
"09/26/2018","1708.45","1701.00","1725.05","1693.75","19.11K","+0.41%"
"09/25/2018","1701.55","1705.50","1724.00","1680.05","26.99K","-0.90%"
"09/24/2018","1717.05","1765.00","1765.00","1703.85","19.24K","-0.98%"
"09/21/2018","1734.10","1747.00","1759.95","1730.00","3.09K","-0.43%"
"09/19/2018","1741.60","1736.00","1751.95","1730.10","3.77K","-0.52%"
"09/18/2018","1750.70","1760.55","1774.00","1734.05","1.86K","-0.51%"
"09/17/2018","1759.60","1772.55","1774.00","1728.90","2.61K","-0.56%"
"09/14/2018","1769.50","1770.00","1778.00","1762.50","2.85K","+0.99%"
"09/12/2018","1752.10","1776.70","1789.90","1727.95","12.38K","-1.33%"
"09/11/2018","1775.70","1765.00","1793.00","1750.35","5.85K","+1.50%"
"09/10/2018","1749.40","1774.35","1774.35","1740.55","2.38K","-0.99%"
"09/07/2018","1766.85","1770.00","1784.75","1750.00","3.60K","-0.24%"
"09/06/2018","1771.05","1784.80","1784.90","1741.05","48.08K","-0.02%"
"09/05/2018","1771.35","1760.00","1793.40","1740.00","3.68K","-0.10%"
"09/04/2018","1773.05","1763.20","1791.25","1755.10","3.75K","-0.53%"
"09/03/2018","1782.55","1820.00","1820.00","1760.00","3.76K","-0.60%"
"08/31/2018","1793.30","1750.00","1800.00","1747.00","5.55K","+2.60%"
"08/30/2018","1747.90","1760.00","1770.00","1735.00","11.76K","+0.72%"
"08/29/2018","1735.45","1715.00","1789.95","1715.00","67.47K","-2.96%"
"08/28/2018","1788.30","1790.00","1810.00","1770.00","2.77K","-0.65%"
"08/27/2018","1800.05","1790.00","1819.00","1790.00","12.34K","+0.95%"
"08/24/2018","1783.15","1754.05","1795.00","1754.05","6.19K","+1.62%"
"08/23/2018","1754.80","1760.00","1771.95","1745.00","3.44K","+0.32%"
"08/21/2018","1749.25","1765.00","1774.00","1740.00","2.01K","-0.44%"
"08/20/2018","1757.00","1745.00","1787.00","1737.20","4.06K","+1.47%"
"08/17/2018","1731.50","1735.00","1744.85","1725.00","1.58K","+0.23%"
"08/16/2018","1727.60","1730.00","1755.00","1720.00","3.41K","+0.71%"
"08/14/2018","1715.45","1710.00","1741.00","1703.25","27.41K","+0.13%"
"08/13/2018","1713.20","1722.00","1757.95","1680.00","6.17K","-1.70%"
"08/10/2018","1742.90","1713.00","1770.50","1695.00","91.62K","+1.51%"
"08/09/2018","1716.90","1731.35","1733.90","1701.60","3.85K","-0.45%"
"08/08/2018","1724.60","1735.00","1764.90","1715.05","23.82K","+0.08%"
"08/07/2018","1723.15","1735.00","1739.25","1715.00","3.20K","-0.26%"
"08/06/2018","1727.70","1715.00","1732.50","1700.00","5.34K","+1.42%"
"08/03/2018","1703.55","1710.00","1715.00","1694.60","3.73K","+0.21%"
"08/02/2018","1699.95","1704.00","1704.00","1652.25","44.80K","+0.63%"
"08/01/2018","1689.25","1685.00","1705.85","1675.00","3.07K","+0.66%"
"07/31/2018","1678.25","1691.00","1691.00","1660.20","2.64K","+0.27%"
"07/30/2018","1673.70","1650.00","1684.00","1642.00","5.11K","+1.76%"
"07/27/2018","1644.75","1631.00","1659.90","1626.00","48.79K","+0.85%"
"07/26/2018","1630.90","1654.20","1654.20","1620.00","37.28K","+0.54%"
"07/25/2018","1622.20","1675.00","1679.00","1600.50","281.78K","-1.80%"
"07/24/2018","1652.00","1634.00","1685.00","1634.00","124.91K","+0.58%"
"07/23/2018","1642.45","1644.00","1651.00","1636.20","1.97K","-0.53%"
"07/20/2018","1651.25","1670.00","1670.00","1645.10","1.50K","-0.52%"
"07/19/2018","1659.90","1719.20","1719.85","1652.00","8.49K","-3.45%"
"07/18/2018","1719.15","1747.50","1769.65","1703.05","2.64K","-1.62%"
"07/17/2018","1747.50","1752.00","1761.95","1740.05","1.05K","-0.49%"
"07/16/2018","1756.10","1791.95","1791.95","1742.60","2.24K","-0.58%"
"07/13/2018","1766.35","1772.00","1797.95","1746.95","4.83K","-0.38%"
"07/12/2018","1773.15","1779.90","1793.70","1770.00","2.33K","-0.38%"
"07/11/2018","1779.90","1754.30","1790.00","1754.30","2.13K","+0.08%"
"07/10/2018","1778.45","1764.60","1789.95","1750.00","2.69K","+0.53%"
"07/09/2018","1769.10","1760.00","1779.90","1746.20","2.86K","+1.56%"
"07/06/2018","1741.85","1710.15","1750.00","1710.15","1.96K","+1.75%"
"07/05/2018","1711.90","1720.95","1722.75","1705.85","4.88K","-0.65%"
"07/04/2018","1723.15","1710.00","1728.50","1710.00","1.95K","+0.56%"
"07/03/2018","1713.50","1713.00","1730.00","1698.00","6.53K","-0.12%"
"07/02/2018","1715.60","1715.00","1729.60","1701.00","4.02K","+0.19%"
"06/29/2018","1712.35","1722.70","1751.65","1706.10","5.07K","-0.51%"
"06/28/2018","1721.05","1733.00","1740.00","1708.05","3.38K","-0.60%"
"06/27/2018","1731.50","1761.30","1768.40","1725.00","3.24K","-1.09%"
"06/26/2018","1750.50","1752.05","1773.15","1740.05","9.02K","+0.33%"
"06/25/2018","1744.75","1755.00","1776.75","1731.00","8.57K","+0.07%"
"06/22/2018","1743.55","1754.00","1779.20","1731.20","5.55K","-0.72%"
"06/21/2018","1756.20","1774.00","1781.40","1741.00","3.19K","-1.13%"
"06/20/2018","1776.30","1775.00","1790.00","1761.20","1.96K","+1.26%"
"06/19/2018","1754.20","1775.80","1780.90","1747.00","2.55K","-1.06%"
"06/18/2018","1772.95","1784.90","1792.00","1748.10","8.42K","-0.28%"
"06/15/2018","1777.90","1784.20","1789.20","1771.00","1.98K","-0.30%"
"06/14/2018","1783.30","1792.95","1800.00","1765.55","18.70K","-0.10%"
"06/13/2018","1785.10","1800.00","1800.00","1767.15","2.09K","+0.40%"
"06/12/2018","1778.05","1776.10","1800.00","1759.00","52.72K","+0.10%"
"06/11/2018","1776.35","1793.65","1801.00","1769.00","16.81K","-0.17%"
"06/08/2018","1779.40","1776.70","1788.00","1765.05","1.90K","+0.25%"
"06/07/2018","1774.90","1789.10","1800.00","1762.20","3.51K","-0.40%"
"06/06/2018","1782.10","1776.00","1799.00","1770.00","4.33K","+0.78%"
"06/05/2018","1768.25","1810.00","1810.00","1761.30","3.16K","-1.82%"
"06/04/2018","1801.05","1840.00","1840.00","1781.95","6.45K","+0.59%"
"06/01/2018","1790.40","1790.00","1836.00","1745.10","8.28K","+0.35%"
"05/31/2018","1784.10","1798.00","1798.00","1779.95","1.78K","+1.06%"
"05/30/2018","1765.30","1759.90","1790.00","1740.25","5.50K","+0.31%"
"05/29/2018","1759.90","1750.00","1777.30","1750.00","2.49K","+0.35%"
"05/28/2018","1753.75","1751.30","1778.90","1750.05","2.38K","-0.52%"
"05/25/2018","1763.00","1797.80","1800.05","1755.00","2.32K","-1.93%"
"05/24/2018","1797.70","1796.00","1824.90","1769.20","3.21K","+0.24%"
"05/23/2018","1793.40","1795.00","1809.70","1780.00","1.18K","+0.25%"
"05/22/2018","1789.00","1720.00","1816.00","1720.00","8.48K","+3.91%"
"05/21/2018","1721.60","1753.20","1760.00","1711.50","4.93K","-1.80%"
"05/18/2018","1753.20","1766.00","1769.10","1745.05","3.86K","-0.97%"
"05/17/2018","1770.40","1769.25","1796.10","1753.05","9.20K","-0.04%"
"05/16/2018","1771.10","1782.00","1790.00","1748.00","1.49K","-0.29%"
"05/15/2018","1776.20","1830.00","1830.00","1765.00","2.28K","-0.65%"
"05/14/2018","1787.85","1798.00","1805.00","1760.00","5.57K","-0.44%"
"05/11/2018","1795.75","1809.70","1824.90","1790.00","3.09K","-0.19%"
"05/10/2018","1799.10","1824.55","1825.00","1780.00","5.87K","-1.42%"
"05/09/2018","1825.00","1830.00","1896.25","1806.10","68.80K","-1.69%"
"05/08/2018","1856.35","1843.50","1890.00","1837.05","4.33K","+0.74%"
"05/07/2018","1842.75","1822.00","1848.00","1822.00","2.11K","+0.05%"
"05/04/2018","1841.90","1840.00","1864.00","1833.00","1.98K","+0.12%"
"05/03/2018","1839.75","1831.15","1859.70","1831.15","659","-0.63%"
"05/02/2018","1851.35","1890.00","1898.40","1842.85","2.22K","-1.12%"
"04/30/2018","1872.25","1856.55","1905.00","1850.70","4.53K","+1.01%"
"04/27/2018","1853.50","1850.00","1894.95","1831.85","3.94K","+0.12%"
"04/26/2018","1851.20","1841.25","1859.85","1825.00","1.51K","+0.50%"
"04/25/2018","1841.95","1820.00","1878.00","1820.00","4.86K","+0.81%"
"04/24/2018","1827.15","1869.00","1869.00","1825.10","2.51K","-0.27%"
"04/23/2018","1832.15","1860.00","1862.90","1825.10","2.94K","-1.45%"
"04/20/2018","1859.15","1879.10","1888.75","1825.20","75.19K","-1.20%"
"04/19/2018","1881.65","1880.05","1909.40","1870.05","2.50K","-0.74%"
"04/18/2018","1895.65","1875.00","1910.05","1875.00","4.15K","+0.33%"
"04/17/2018","1889.35","1904.20","1925.00","1870.05","4.76K","-0.70%"
"04/16/2018","1902.65","1863.30","1909.00","1846.35","3.40K","+2.11%"
"04/13/2018","1863.30","1850.00","1875.00","1840.00","3.40K","+0.33%"
"04/12/2018","1857.10","1895.00","1909.90","1830.00","6.08K","-2.02%"
"04/11/2018","1895.35","1870.00","1900.00","1861.50","5.10K","+1.55%"
"04/10/2018","1866.50","1870.00","1870.00","1855.00","3.92K","+0.20%"
"04/09/2018","1862.80","1832.00","1868.00","1811.00","7.88K","+2.32%"
"04/06/2018","1820.65","1806.20","1831.45","1798.00","182.27K","-0.22%"
"04/05/2018","1824.60","1829.80","1846.00","1801.00","4.55K","+0.78%"
"04/04/2018","1810.55","1810.00","1827.95","1751.15","5.98K","+0.56%"
"04/03/2018","1800.50","1810.00","1824.80","1787.50","112.68K","+0.51%"
"04/02/2018","1791.35","1753.20","1801.95","1753.20","13.31K","+2.18%"
"03/28/2018","1753.20","1758.45","1779.90","1742.75","10.36K","+1.19%"
"03/27/2018","1732.55","1715.00","1762.00","1715.00","4.97K","+1.70%"
"03/26/2018","1703.65","1700.00","1724.95","1675.15","5.05K","+1.91%"
"03/23/2018","1671.70","1662.45","1718.75","1662.45","2.96K","-1.80%"
"03/22/2018","1702.35","1723.40","1723.45","1694.10","2.31K","-0.79%"
"03/21/2018","1715.95","1739.95","1741.40","1705.00","2.40K","-0.92%"
"03/20/2018","1731.95","1710.10","1740.00","1710.00","48.26K","+0.45%"
"03/19/2018","1724.25","1732.00","1742.95","1723.70","782","-0.40%"
"03/16/2018","1731.15","1741.40","1741.45","1715.00","1.98K","-0.46%"
"03/15/2018","1739.20","1720.05","1745.00","1715.00","104.94K","+1.05%"
"03/14/2018","1721.20","1710.05","1737.00","1700.00","2.77K","-0.49%"
"03/13/2018","1729.70","1724.50","1760.00","1724.50","9.56K","+0.21%"
"03/12/2018","1726.10","1745.90","1756.00","1723.00","3.64K","-0.99%"
"03/09/2018","1743.35","1719.00","1749.90","1708.00","1.88K","+1.40%"
"03/08/2018","1719.25","1720.00","1725.50","1680.30","4.80K","+0.90%"
"03/07/2018","1703.95","1709.00","1728.50","1689.40","4.82K","-0.24%"
"03/06/2018","1708.00","1759.90","1759.90","1692.10","3.94K","-1.82%"
"03/05/2018","1739.65","1791.00","1791.00","1729.00","4.33K","-1.65%"
"03/01/2018","1768.80","1780.05","1793.95","1755.00","4.69K","-0.63%"
"02/28/2018","1780.05","1778.15","1804.95","1770.00","4.34K","-1.34%"
"02/27/2018","1804.25","1844.45","1845.00","1796.00","12.20K","-1.60%"
"02/26/2018","1833.65","1860.00","1860.00","1828.00","139.37K","-0.34%"
"02/23/2018","1839.85","1850.00","1868.60","1828.50","5.34K","-0.49%"
"02/22/2018","1849.00","1864.95","1864.95","1844.00","3.23K","-0.14%"
"02/21/2018","1851.55","1891.85","1908.95","1840.30","37.24K","-0.67%"
"02/20/2018","1863.95","1868.00","1886.65","1839.40","77.27K","+0.51%"
"02/19/2018","1854.45","1844.95","1874.00","1827.10","163.04K","+0.09%"
"02/16/2018","1852.80","1852.10","1872.00","1829.50","8.06K","+0.67%"
"02/15/2018","1840.55","1839.80","1848.95","1815.20","12.59K","+0.76%"
"02/14/2018","1826.70","1848.00","1874.40","1805.00","4.01K","-0.43%"
"02/12/2018","1834.65","1795.00","1840.00","1790.00","8.63K","+2.41%"
"02/09/2018","1791.45","1740.85","1827.85","1720.50","17.98K","+3.93%"
"02/08/2018","1723.65","1715.00","1732.00","1702.00","5.21K","+1.11%"
"02/07/2018","1704.65","1750.00","1750.05","1688.00","4.07K","-1.69%"
"02/06/2018","1733.90","1789.00","1789.00","1702.20","5.08K","-1.91%"
"02/05/2018","1767.75","1725.25","1781.00","1690.00","3.83K","+1.02%"
"02/02/2018","1749.95","1771.05","1774.40","1721.00","6.65K","-1.83%"
"02/01/2018","1782.60","1775.00","1810.00","1740.00","7.08K","+1.30%"
"01/31/2018","1759.70","1802.00","1802.00","1750.00","3.41K","-1.19%"
"01/30/2018","1780.90","1804.10","1804.10","1766.00","4.92K","-1.29%"
"01/29/2018","1804.10","1811.00","1853.90","1795.00","13.96K","-0.81%"
"01/25/2018","1818.75","1833.85","1833.95","1811.00","2.37K","-0.55%"
"01/24/2018","1828.80","1826.90","1845.00","1820.05","2.87K","-0.50%"
"01/23/2018","1837.95","1825.00","1865.00","1814.95","19.68K","-0.09%"
"01/22/2018","1839.60","1845.00","1852.00","1750.00","6.12K","+0.65%"
"01/19/2018","1827.80","1843.00","1847.95","1820.00","4.82K","-0.51%"
"01/18/2018","1837.25","1847.10","1874.80","1820.00","9.17K","-0.70%"
"01/17/2018","1850.15","1828.00","1864.95","1803.10","8.82K","+1.21%"
"01/16/2018","1828.00","1899.00","1905.40","1792.55","30.11K","-1.19%"
"01/15/2018","1850.05","1850.00","1852.10","1840.10","14.57K","-0.08%"
"01/12/2018","1851.45","1826.20","1870.05","1825.00","29.58K","+0.54%"
"01/11/2018","1841.50","1858.00","1858.00","1818.00","1.06K","+0.10%"
"01/10/2018","1839.70","1855.30","1855.30","1825.00","4.41K","-0.48%"
"01/09/2018","1848.65","1878.35","1879.75","1842.00","4.14K","-1.08%"
"01/08/2018","1868.90","1907.85","1907.85","1861.05","6.22K","-0.81%"
"01/05/2018","1884.15","1890.00","1908.00","1876.00","6.45K","+0.10%"
"01/04/2018","1882.30","1842.05","1888.00","1842.05","4.14K","+1.32%"
"01/03/2018","1857.70","1874.00","1874.00","1840.00","3.35K","+0.24%"
"01/02/2018","1853.20","1898.00","1910.95","1840.00","11.25K","-2.37%"
"01/01/2018","1898.25","1940.00","1970.00","1880.00","7.68K","-1.69%"
"12/29/2017","1930.80","1928.25","1969.95","1919.00","19.97K","+1.63%"
"12/28/2017","1899.80","1836.35","1947.75","1835.00","26.62K","+3.72%"
"12/27/2017","1831.75","1863.00","1863.00","1822.00","8.60K","-0.66%"
"12/26/2017","1843.90","1772.35","1855.00","1756.00","23.27K","+5.60%"
"12/22/2017","1746.20","1745.00","1778.95","1739.00","6.50K","+0.52%"
"12/21/2017","1737.20","1705.60","1749.00","1695.00","5.70K","+1.90%"
"12/20/2017","1704.75","1681.50","1722.00","1681.50","5.13K","+0.88%"
"12/19/2017","1689.95","1672.00","1698.00","1672.00","19.07K","+0.54%"
"12/18/2017","1680.95","1676.20","1693.00","1654.55","2.88K","+0.28%"
"12/15/2017","1676.20","1669.35","1702.00","1660.00","5.27K","+1.82%"
"12/14/2017","1646.20","1655.00","1660.00","1600.00","1.97K","-0.64%"
"12/13/2017","1656.85","1662.05","1675.00","1650.50","1.60K","-0.46%"
"12/12/2017","1664.50","1669.65","1673.40","1659.05","2.68K","+0.08%"
"12/11/2017","1663.15","1677.00","1684.95","1652.30","3.68K","-0.85%"
"12/08/2017","1677.35","1652.00","1685.00","1652.00","15.92K","+0.71%"
"12/07/2017","1665.50","1650.00","1674.90","1650.00","9.14K","+0.28%"
"12/06/2017","1660.90","1655.10","1696.00","1642.00","5.78K","-0.83%"
"12/05/2017","1674.75","1678.05","1696.45","1660.05","22.96K","-0.87%"
"12/04/2017","1689.40","1702.30","1729.45","1671.60","2.52K","-0.07%"
"12/01/2017","1690.50","1675.00","1705.00","1675.00","2.15K","+1.12%"
"11/30/2017","1671.80","1670.00","1688.95","1650.00","7.67K","-0.22%"
"11/29/2017","1675.45","1719.95","1719.95","1670.30","3.25K","-1.42%"
"11/28/2017","1699.60","1726.00","1726.00","1682.65","1.58K","-0.07%"
"11/27/2017","1700.85","1718.00","1718.00","1690.00","2.35K","-0.46%"
"11/24/2017","1708.65","1723.45","1723.45","1689.05","2.49K","+0.45%"
"11/23/2017","1701.05","1704.95","1714.80","1692.05","1.15K","-0.22%"
"11/22/2017","1704.75","1737.95","1737.95","1695.10","5.04K","-1.31%"
"11/21/2017","1727.40","1726.00","1740.00","1721.15","3.65K","+0.08%"
"11/20/2017","1726.10","1710.00","1736.95","1710.00","29.54K","+1.54%"
"11/17/2017","1699.85","1694.95","1702.50","1665.55","4.14K","+1.66%"
"11/16/2017","1672.15","1720.00","1720.00","1651.00","63.03K","-1.15%"
"11/15/2017","1691.55","1690.00","1695.55","1665.10","4.62K","-0.24%"
"11/14/2017","1695.55","1688.10","1700.00","1650.00","6.37K","+0.13%"
"11/13/2017","1693.30","1696.50","1699.00","1688.10","23.30K","-0.36%"
"11/10/2017","1699.45","1663.00","1701.95","1663.00","3.29K","+0.88%"
"11/09/2017","1684.70","1675.00","1702.45","1665.00","3.89K","-0.57%"
"11/08/2017","1694.40","1689.05","1707.00","1686.00","128.66K","-0.18%"
"11/07/2017","1697.45","1740.00","1740.00","1690.35","6.60K","-1.34%"
"11/06/2017","1720.55","1700.05","1793.00","1700.05","28.84K","+3.74%"
"11/03/2017","1658.50","1655.35","1668.75","1650.00","22.81K","+0.19%"
"11/02/2017","1655.35","1643.95","1664.95","1632.15","6.36K","+0.64%"
"11/01/2017","1644.90","1640.00","1666.00","1632.20","4.38K","+0.06%"
"10/31/2017","1643.95","1634.95","1680.00","1620.00","30.21K","+0.62%"
"10/30/2017","1633.80","1613.60","1640.00","1613.60","17.54K","+1.25%"
"10/27/2017","1613.60","1612.55","1624.00","1588.00","10.38K","+0.29%"
"10/26/2017","1608.90","1562.00","1619.00","1560.00","29.94K","+4.56%"
"10/25/2017","1538.80","1530.00","1563.90","1530.00","4.52K","-0.13%"
"10/24/2017","1540.75","1542.00","1553.70","1538.00","1.90K","-0.43%"
"10/23/2017","1547.45","1542.25","1554.90","1538.30","15.03K","+0.24%"
"10/18/2017","1543.75","1550.05","1554.95","1536.00","127.04K","-0.67%"
"10/17/2017","1554.20","1546.30","1559.85","1545.00","78.94K","+0.50%"
"10/16/2017","1546.45","1565.30","1585.00","1539.00","3.04K","+0.28%"
"10/13/2017","1542.20","1540.00","1580.00","1531.60","246.85K","+0.14%"
"10/12/2017","1540.05","1522.10","1558.55","1522.10","921","+0.29%"
"10/11/2017","1535.55","1555.00","1555.00","1528.00","1.46K","-1.06%"
"10/10/2017","1552.05","1566.95","1575.00","1542.55","1.14K","-0.22%"
"10/09/2017","1555.45","1559.95","1579.90","1540.05","3.11K","+0.77%"
"10/06/2017","1543.50","1546.35","1555.00","1540.00","1.36K","+0.01%"
"10/05/2017","1543.30","1523.00","1574.20","1523.00","1.80K","+0.46%"
"10/04/2017","1536.25","1525.10","1554.90","1523.00","1.56K","-0.45%"
"10/03/2017","1543.20","1518.30","1570.00","1518.30","25.78K","+1.64%"
"09/29/2017","1518.30","1530.00","1534.70","1515.00","47.42K","-0.64%"
"09/28/2017","1528.05","1538.65","1539.90","1517.00","1.43K","+0.45%"
"09/27/2017","1521.25","1570.00","1577.00","1515.00","30.47K","-2.33%"
"09/26/2017","1557.60","1530.30","1585.95","1530.30","19.93K","+0.66%"
"09/25/2017","1547.40","1598.35","1598.40","1516.00","4.61K","-1.83%"
"09/22/2017","1576.20","1605.00","1605.00","1562.50","2.74K","-1.59%"
"09/21/2017","1601.70","1588.00","1618.00","1578.70","9.78K","+0.38%"
"09/20/2017","1595.70","1549.80","1620.00","1542.60","112.94K","+3.47%"
"09/19/2017","1542.25","1574.50","1575.00","1532.15","20.71K","-1.29%"
"09/18/2017","1562.40","1550.00","1574.55","1550.00","3.75K","+0.99%"
"09/15/2017","1547.05","1545.00","1554.90","1535.05","3.38K","+0.32%"
"09/14/2017","1542.15","1564.00","1574.40","1535.05","2.68K","-1.33%"
"09/13/2017","1562.95","1576.85","1576.85","1555.05","1.83K","+0.07%"
"09/12/2017","1561.85","1567.60","1572.80","1555.90","3.52K","-0.51%"
"09/11/2017","1569.80","1592.50","1598.00","1562.30","2.29K","-0.96%"
"09/08/2017","1585.00","1599.00","1600.05","1572.00","5.58K","+0.24%"
"09/07/2017","1581.15","1588.90","1604.90","1574.10","21.43K","+1.47%"
"09/06/2017","1558.20","1510.45","1589.80","1510.45","19.23K","+2.17%"
"09/05/2017","1525.15","1516.95","1526.45","1508.50","4.37K","-0.06%"
"09/04/2017","1526.05","1526.25","1527.20","1513.05","52.15K","-0.01%"
"09/01/2017","1526.25","1515.90","1529.95","1504.00","6.11K","+1.21%"
"08/31/2017","1508.05","1535.00","1535.00","1498.00","120.68K","-0.20%"
"08/30/2017","1511.00","1514.90","1537.85","1505.00","131.43K","+0.78%"
"08/29/2017","1499.35","1515.05","1526.15","1489.95","6.83K","-0.96%"
"08/28/2017","1513.85","1530.00","1537.95","1508.90","7.47K","-1.02%"
"08/24/2017","1529.45","1536.00","1555.00","1517.15","152.33K","-0.68%"
"08/23/2017","1539.85","1533.55","1560.00","1533.55","1.17K","-1.05%"
"08/22/2017","1556.15","1555.75","1586.00","1530.05","2.08K","+0.64%"
"08/21/2017","1546.25","1538.50","1574.00","1527.30","186.76K","+0.50%"
"08/18/2017","1538.50","1551.35","1553.65","1535.00","1.20K","-0.89%"
"08/17/2017","1552.25","1557.60","1557.60","1544.00","3.24K","-0.39%"
"08/16/2017","1558.25","1558.00","1561.20","1530.00","1.77K","+1.90%"
"08/14/2017","1529.15","1514.10","1550.95","1513.00","5.82K","+0.39%"
"08/11/2017","1523.25","1520.50","1534.95","1477.00","7.51K","-0.05%"
"08/10/2017","1523.95","1551.15","1558.70","1520.55","3.56K","-1.12%"
"08/09/2017","1541.15","1575.00","1575.00","1527.55","2.92K","-0.73%"
"08/08/2017","1552.45","1567.05","1579.65","1535.00","3.37K","-0.47%"
"08/07/2017","1559.75","1541.00","1565.00","1538.00","3.76K","+0.53%"
"08/04/2017","1551.55","1540.00","1577.95","1540.00","12.05K","-1.77%"
"08/03/2017","1579.45","1611.00","1611.00","1561.10","4.92K","-0.69%"
"08/02/2017","1590.35","1550.20","1598.90","1550.20","16.71K","+2.62%"
"08/01/2017","1549.75","1540.10","1563.95","1515.00","40.70K","-0.40%"
"07/31/2017","1555.90","1551.00","1565.00","1525.00","7.10K","+0.46%"
"07/28/2017","1548.85","1530.00","1639.55","1515.50","109.86K","+0.69%"
"07/27/2017","1538.25","1554.45","1559.25","1534.25","3.11K","-0.52%"
"07/26/2017","1546.30","1543.85","1564.85","1540.00","22.50K","+0.46%"
"07/25/2017","1539.25","1540.00","1556.15","1519.05","7.56K","-0.17%"
"07/24/2017","1541.90","1545.00","1567.80","1536.00","2.58K","-1.01%"
"07/21/2017","1557.65","1564.90","1567.65","1540.00","3.28K","-0.46%"
"07/20/2017","1564.85","1540.50","1572.80","1540.50","2.28K","+0.23%"
"07/19/2017","1561.25","1537.00","1566.15","1537.00","5.92K","+0.32%"
"07/18/2017","1556.30","1561.00","1580.95","1551.00","2.43K","-0.96%"
"07/17/2017","1571.45","1565.00","1579.95","1565.00","3.83K","-0.57%"
"07/14/2017","1580.45","1561.15","1594.70","1559.95","7.45K","-0.00%"
"07/13/2017","1580.50","1562.25","1594.75","1562.25","5.76K","-0.61%"
"07/12/2017","1590.15","1585.00","1597.45","1573.30","5.93K","-0.44%"
"07/11/2017","1597.25","1580.05","1602.45","1580.05","3.54K","-0.26%"
"07/10/2017","1601.45","1592.00","1618.95","1571.15","858","+0.79%"
"07/07/2017","1588.85","1620.00","1620.00","1580.00","3.67K","-0.89%"
"07/06/2017","1603.10","1620.00","1634.05","1587.00","9.38K","-0.64%"
"07/05/2017","1613.40","1566.00","1698.00","1566.00","49.00K","+3.08%"
"07/04/2017","1565.20","1580.00","1580.00","1556.10","8.28K","-1.02%"
"07/03/2017","1581.40","1580.00","1625.00","1540.00","12.58K","+1.00%"
"06/30/2017","1565.80","1531.05","1573.95","1522.55","4.14K","+1.23%"
"06/29/2017","1546.80","1574.90","1579.00","1540.00","2.05K","+0.36%"
"06/28/2017","1541.20","1550.30","1559.95","1536.00","21.62K","-0.53%"
"06/27/2017","1549.40","1619.75","1619.75","1532.30","7.10K","-2.39%"
"06/23/2017","1587.30","1602.95","1610.90","1580.10","1.94K","-1.03%"
"06/22/2017","1603.85","1608.95","1614.90","1581.00","3.29K","+1.18%"
"06/21/2017","1585.15","1606.95","1606.95","1573.05","8.49K","-0.40%"
"06/20/2017","1591.50","1630.00","1630.00","1582.10","1.86K","-0.65%"
"06/19/2017","1601.85","1639.00","1639.00","1574.95","2.90K","-0.12%"
"06/16/2017","1603.70","1629.95","1629.95","1599.00","2.99K","-0.21%"
"06/15/2017","1607.10","1630.00","1645.40","1595.30","30.59K","+0.10%"
"06/14/2017","1605.45","1650.00","1650.00","1600.05","58.51K","-1.12%"
"06/13/2017","1623.60","1645.00","1650.00","1621.00","8.49K","-0.23%"
"06/12/2017","1627.40","1625.05","1641.00","1620.05","1.89K","+0.35%"
"06/09/2017","1621.65","1615.10","1647.90","1611.10","3.17K","-0.14%"
"06/08/2017","1623.95","1616.90","1627.40","1609.95","4.04K","+0.47%"
"06/07/2017","1616.40","1609.90","1624.00","1595.00","2.94K","+0.61%"
"06/06/2017","1606.60","1607.05","1610.00","1581.05","12.75K","-0.02%"
"06/05/2017","1607.00","1581.00","1620.00","1558.95","7.57K","+2.95%"
"06/02/2017","1560.90","1582.05","1582.05","1552.30","2.92K","-0.97%"
"06/01/2017","1576.20","1585.90","1592.60","1562.20","3.52K","-1.24%"
"05/31/2017","1595.95","1550.00","1600.00","1550.00","5.24K","+1.97%"
"05/30/2017","1565.10","1592.95","1592.95","1547.60","8.80K","-0.37%"
"05/29/2017","1570.90","1590.00","1590.00","1552.30","5.91K","-1.34%"
"05/26/2017","1592.25","1565.00","1607.00","1565.00","3.73K","+0.70%"
"05/25/2017","1581.15","1569.95","1584.80","1525.45","2.39K","+1.93%"
"05/24/2017","1551.20","1571.25","1574.95","1540.15","8.99K","-1.39%"
"05/23/2017","1573.05","1567.10","1585.95","1550.10","3.52K","-0.17%"
"05/22/2017","1575.65","1602.80","1602.80","1565.10","4.95K","+0.82%"
"05/19/2017","1562.90","1599.95","1614.95","1539.65","23.00K","-2.24%"
"05/18/2017","1598.65","1629.00","1629.00","1597.00","6.14K","-0.68%"
"05/17/2017","1609.60","1640.00","1640.00","1605.10","2.25K","-0.35%"
"05/16/2017","1615.20","1650.00","1650.00","1606.00","6.78K","-0.32%"
"05/15/2017","1620.35","1662.60","1664.90","1613.05","8.39K","-1.50%"
"05/12/2017","1645.05","1598.35","1664.00","1588.80","9.81K","+2.92%"
"05/11/2017","1598.35","1633.70","1633.70","1592.65","5.67K","-0.08%"
"05/10/2017","1599.70","1638.35","1638.35","1588.55","7.66K","-0.66%"
"05/09/2017","1610.35","1625.00","1643.05","1603.25","4.66K","-0.95%"
"05/08/2017","1625.75","1610.00","1664.95","1606.55","6.80K","-0.47%"
"05/05/2017","1633.50","1694.00","1694.00","1625.00","13.03K","-2.21%"
"05/04/2017","1670.35","1675.35","1711.60","1660.00","5.93K","-1.79%"
"05/03/2017","1700.85","1694.60","1714.20","1636.00","7.55K","+1.51%"
"05/02/2017","1675.55","1683.10","1723.95","1660.05","12.07K","-1.81%"
"04/28/2017","1706.45","1718.10","1748.50","1680.00","8.71K","-0.86%"
"04/27/2017","1721.20","1679.00","1729.90","1656.15","15.93K","+2.11%"
"04/26/2017","1685.65","1602.55","1700.00","1602.55","28.40K","+5.19%"
"04/25/2017","1602.55","1541.05","1619.00","1541.05","9.63K","+2.62%"
"04/24/2017","1561.65","1541.00","1575.00","1512.05","15.07K","+2.48%"
"04/21/2017","1523.85","1530.00","1544.95","1522.05","5.25K","-0.36%"
"04/20/2017","1529.30","1521.45","1544.85","1521.45","2.80K","-0.99%"
"04/19/2017","1544.55","1545.00","1567.55","1537.10","7.58K","-1.47%"
"04/18/2017","1567.55","1549.85","1575.00","1549.85","8.69K","+1.77%"
"04/17/2017","1540.25","1550.00","1550.00","1524.95","3.71K","+0.48%"
"04/13/2017","1532.90","1562.95","1562.95","1530.10","4.15K","-1.14%"
"04/12/2017","1550.55","1559.95","1560.00","1525.00","5.26K","+0.70%"
"04/11/2017","1539.75","1559.95","1559.95","1522.30","98.77K","-1.41%"
"04/10/2017","1561.80","1579.00","1579.00","1535.80","7.96K","+0.05%"
"04/07/2017","1561.00","1556.95","1566.00","1541.00","5.19K","+0.26%"
"04/06/2017","1556.90","1593.20","1593.20","1550.50","9.59K","-1.30%"
"04/05/2017","1577.35","1588.20","1600.00","1570.05","8.76K","-0.94%"
"04/03/2017","1592.25","1595.00","1600.05","1575.50","16.70K","-0.47%"
"03/31/2017","1599.80","1558.60","1620.00","1518.00","70.56K","+2.69%"
"03/30/2017","1557.85","1540.00","1599.00","1506.30","28.14K","+2.60%"
"03/29/2017","1518.40","1471.00","1536.00","1471.00","41.24K","+1.55%"
"03/28/2017","1495.20","1497.00","1500.00","1479.80","4.92K","+0.39%"
"03/27/2017","1489.45","1485.10","1492.40","1476.05","5.11K","+0.40%"
"03/24/2017","1483.55","1508.00","1508.00","1480.50","4.15K","-0.78%"
"03/23/2017","1495.15","1495.30","1499.95","1478.05","4.32K","+0.43%"
"03/22/2017","1488.70","1484.95","1496.00","1471.65","6.10K","-0.82%"
"03/21/2017","1500.95","1491.20","1505.00","1483.80","15.22K","+0.75%"
"03/20/2017","1489.75","1491.95","1499.80","1466.10","16.67K","-0.07%"
"03/17/2017","1490.75","1490.00","1496.95","1470.00","123.47K","+1.00%"
"03/16/2017","1476.00","1470.90","1492.00","1464.10","196.22K","+0.76%"
"03/15/2017","1464.85","1470.75","1487.60","1458.00","187.31K","+0.10%"
"03/14/2017","1463.35","1505.00","1505.00","1449.00","47.35K","-1.46%"
"03/10/2017","1485.10","1490.55","1496.95","1476.90","5.20K","+0.13%"
"03/09/2017","1483.10","1504.00","1504.00","1477.00","3.13K","-0.81%"
"03/08/2017","1495.15","1468.55","1515.05","1463.30","163.12K","+2.29%"
"03/07/2017","1461.65","1468.20","1489.90","1459.05","8.22K","-1.21%"
"03/06/2017","1479.55","1505.00","1505.00","1464.05","8.04K","-0.78%"
"03/03/2017","1491.20","1494.00","1504.90","1485.00","3.70K","-0.17%"
"03/02/2017","1493.80","1515.00","1515.00","1479.95","5.63K","-0.12%"
"03/01/2017","1495.55","1499.00","1510.00","1462.20","14.46K","+1.17%"
"02/28/2017","1478.25","1481.75","1485.00","1455.00","15.08K","-0.62%"
"02/27/2017","1487.45","1486.85","1494.75","1482.00","9.51K","+0.32%"
"02/23/2017","1482.75","1474.95","1487.05","1474.95","5.84K","+0.52%"
"02/22/2017","1475.05","1475.00","1488.95","1464.85","10.77K","-0.61%"
"02/21/2017","1484.15","1482.95","1490.00","1473.00","40.52K","-0.01%"
"02/20/2017","1484.30","1445.00","1497.70","1445.00","9.40K","+1.28%"
"02/17/2017","1465.55","1432.05","1476.90","1432.05","15.89K","+2.13%"
"02/16/2017","1435.05","1435.00","1439.15","1412.00","8.67K","+0.92%"
"02/15/2017","1422.00","1449.00","1449.00","1412.00","9.74K","-0.44%"
"02/14/2017","1428.25","1402.25","1437.00","1395.50","27.00K","+1.14%"
"02/13/2017","1412.20","1430.15","1448.80","1399.00","8.78K","-0.75%"
"02/10/2017","1422.80","1401.30","1429.90","1401.30","9.49K","+0.77%"
"02/09/2017","1411.95","1407.00","1425.00","1386.00","31.95K","+3.78%"
"02/08/2017","1360.50","1322.05","1368.00","1322.05","6.09K","+1.54%"
"02/07/2017","1339.85","1329.00","1344.00","1317.90","8.36K","+0.82%"
"02/06/2017","1329.00","1320.00","1332.00","1305.00","10.79K","+1.69%"
"02/03/2017","1306.90","1317.95","1317.95","1296.00","5.95K","+1.39%"
"02/02/2017","1288.95","1283.60","1295.00","1276.00","4.41K","-0.09%"
"02/01/2017","1290.05","1294.70","1294.70","1270.00","4.32K","+0.51%"
"01/31/2017","1283.55","1281.00","1299.00","1275.00","14.22K","+0.09%"
"01/30/2017","1282.40","1309.00","1325.05","1280.50","65.72K","-0.97%"
"01/27/2017","1294.95","1312.90","1322.00","1283.00","22.49K","-0.20%"
"01/25/2017","1297.60","1292.00","1310.00","1282.05","5.04K","+0.69%"
"01/24/2017","1288.75","1297.45","1305.00","1285.00","4.49K","-0.67%"
"01/23/2017","1297.45","1304.85","1304.85","1290.10","3.01K","+0.14%"
"01/20/2017","1295.65","1280.00","1298.30","1276.00","11.75K","+1.48%"
"01/19/2017","1276.75","1276.90","1298.90","1275.00","12.98K","-0.00%"
"01/18/2017","1276.80","1290.05","1290.05","1272.00","5.20K","-0.37%"
"01/17/2017","1281.55","1298.80","1300.00","1280.05","104.51K","-0.16%"
"01/16/2017","1283.65","1261.05","1310.90","1261.05","7.67K","-0.04%"
"01/13/2017","1284.15","1308.10","1308.10","1275.50","34.67K","-0.62%"
"01/12/2017","1292.10","1296.00","1302.90","1288.00","7.23K","-0.31%"
"01/11/2017","1296.10","1280.00","1307.00","1280.00","206.78K","+0.49%"
"01/10/2017","1289.80","1288.10","1317.00","1283.00","210.87K","+0.28%"
"01/09/2017","1286.20","1291.95","1295.40","1276.50","6.82K","+0.88%"
"01/06/2017","1275.00","1278.00","1287.00","1268.00","10.83K","-0.70%"
"01/05/2017","1284.00","1290.00","1294.90","1278.40","2.49K","-0.08%"
"01/04/2017","1285.05","1288.00","1295.00","1270.00","8.29K","-0.49%"
"01/03/2017","1291.35","1284.75","1304.00","1276.00","5.79K","+0.47%"
"01/02/2017","1285.35","1267.50","1322.30","1266.00","23.54K","+1.82%"
"12/30/2016","1262.40","1279.00","1299.85","1251.00","9.57K","+0.90%"
"12/29/2016","1251.20","1243.00","1268.40","1242.00","2.40K","+0.58%"
"12/28/2016","1244.00","1235.95","1276.00","1235.10","6.46K","+0.91%"
"12/27/2016","1232.75","1238.00","1250.00","1215.00","78.56K","+1.19%"
"12/26/2016","1218.20","1277.00","1277.00","1214.00","2.54K","-2.17%"
"12/23/2016","1245.25","1245.00","1282.00","1237.00","7.66K","+0.25%"
"12/22/2016","1242.15","1250.05","1269.90","1233.00","1.98K","-1.02%"
"12/21/2016","1255.00","1255.05","1283.95","1251.55","1.22K","-0.34%"
"12/20/2016","1259.30","1277.95","1290.00","1251.10","2.03K","+0.27%"
"12/19/2016","1255.95","1250.10","1319.80","1250.05","19.76K","-0.31%"
"12/16/2016","1259.85","1265.00","1267.00","1254.00","1.39K","-0.22%"
"12/15/2016","1262.60","1275.00","1275.00","1258.00","7.36K","-0.98%"
"12/14/2016","1275.15","1265.10","1297.00","1255.10","211.87K","-0.82%"
"12/13/2016","1285.75","1294.60","1319.00","1265.00","6.87K","-0.39%"
"12/12/2016","1290.75","1256.10","1320.00","1256.10","12.79K","+1.05%"
"12/09/2016","1277.40","1269.95","1285.00","1260.00","3.28K","+1.55%"
"12/08/2016","1257.95","1253.60","1270.00","1250.00","3.53K","+0.35%"
"12/07/2016","1253.60","1250.00","1270.00","1250.00","1.70K","+0.08%"
"12/06/2016","1252.65","1255.00","1260.00","1232.60","9.71K","-0.32%"
"12/05/2016","1256.65","1276.85","1276.85","1241.00","3.16K","+0.26%"
"12/02/2016","1253.40","1257.00","1260.00","1225.10","7.31K","+1.15%"
"12/01/2016","1239.15","1234.70","1244.00","1221.05","10.50K","+2.14%"
"11/30/2016","1213.15","1270.00","1270.00","1190.50","139.97K","-3.75%"
"11/29/2016","1260.40","1304.00","1304.00","1254.00","5.75K","-1.55%"
"11/28/2016","1280.20","1300.00","1310.95","1265.00","12.29K","-0.28%"
"11/25/2016","1283.85","1245.30","1294.50","1245.30","6.90K","+2.03%"
"11/24/2016","1258.30","1260.00","1286.00","1256.70","6.26K","-1.07%"
"11/23/2016","1271.95","1323.00","1323.00","1260.00","5.31K","-2.12%"
"11/22/2016","1299.50","1278.00","1322.95","1278.00","2.79K","+2.31%"
"11/21/2016","1270.10","1320.00","1320.00","1255.30","28.78K","-3.65%"
"11/18/2016","1318.15","1332.15","1332.15","1298.20","3.78K","-0.94%"
"11/17/2016","1330.60","1358.05","1395.00","1320.00","10.98K","-2.02%"
"11/16/2016","1358.05","1412.00","1412.00","1348.00","4.66K","-1.10%"
"11/15/2016","1373.20","1425.00","1431.15","1367.35","3.60K","-3.98%"
"11/11/2016","1430.15","1427.00","1449.85","1413.00","6.26K","-0.76%"
"11/10/2016","1441.15","1438.00","1455.00","1425.05","7.82K","+1.75%"
"11/09/2016","1416.30","1420.00","1428.00","1316.00","4.93K","-0.15%"
"11/08/2016","1418.45","1485.00","1485.00","1406.00","38.54K","-2.42%"
"11/07/2016","1453.60","1469.00","1469.00","1420.00","14.36K","+1.41%"
"11/04/2016","1433.40","1482.00","1510.00","1415.00","16.47K","-3.59%"
"11/03/2016","1486.75","1509.00","1539.55","1475.20","20.91K","-0.12%"
"11/02/2016","1488.50","1418.00","1550.00","1400.00","105.54K","+5.18%"
"11/01/2016","1415.25","1406.00","1429.95","1401.05","3.89K","+0.48%"
"10/28/2016","1408.45","1411.65","1429.45","1395.90","161.42K","-0.12%"
"10/27/2016","1410.20","1418.00","1430.00","1405.15","39.77K","-0.62%"
"10/26/2016","1418.95","1413.00","1441.00","1410.00","8.15K","+0.40%"
"10/25/2016","1413.25","1420.00","1426.40","1410.00","1.49K","-0.49%"
"10/24/2016","1420.15","1436.00","1448.00","1416.15","5.45K","+0.47%"
"10/21/2016","1413.45","1419.05","1426.00","1401.35","3.65K","+0.16%"
"10/20/2016","1411.25","1403.00","1419.70","1400.05","10.66K","+0.88%"
"10/19/2016","1398.90","1403.00","1418.00","1396.25","4.68K","-0.29%"
"10/18/2016","1402.90","1448.00","1448.00","1392.30","10.28K","-0.65%"
"10/17/2016","1412.10","1400.00","1440.00","1396.00","1.93K","+0.17%"
"10/14/2016","1409.65","1419.20","1423.80","1405.00","873","-0.29%"
"10/13/2016","1413.80","1436.00","1436.00","1410.00","1.68K","-1.52%"
"10/10/2016","1435.55","1410.05","1442.00","1410.05","2.71K","-0.10%"
"10/07/2016","1437.05","1428.70","1439.00","1401.00","8.96K","+1.80%"
"10/06/2016","1411.70","1408.00","1440.00","1408.00","5.63K","+0.23%"
"10/05/2016","1408.50","1424.95","1424.95","1406.00","71.77K","-0.05%"
"10/04/2016","1409.25","1419.05","1430.05","1406.00","2.15K","-0.63%"
"10/03/2016","1418.20","1391.05","1460.95","1391.05","6.67K","+1.14%"
"09/30/2016","1402.20","1409.00","1425.00","1395.15","13.74K","-0.48%"
"09/29/2016","1409.00","1439.15","1443.00","1376.15","8.34K","-1.15%"
"09/28/2016","1425.35","1430.00","1472.40","1422.00","35.81K","-0.08%"
"09/27/2016","1426.50","1431.25","1448.65","1423.00","8.46K","-0.33%"
"09/26/2016","1431.25","1431.05","1435.00","1428.00","6.38K","-0.04%"
"09/23/2016","1431.80","1437.00","1448.70","1430.10","1.70K","-0.37%"
"09/22/2016","1437.10","1449.90","1449.90","1429.00","6.08K","+0.48%"
"09/21/2016","1430.20","1429.00","1434.85","1428.00","4.74K","+0.05%"
"09/20/2016","1429.50","1430.00","1437.55","1422.00","7.26K","-0.07%"
"09/19/2016","1430.50","1413.05","1438.95","1413.05","4.94K","+0.03%"
"09/16/2016","1430.00","1439.00","1439.00","1427.00","31.69K","-0.03%"
"09/15/2016","1430.45","1430.05","1434.90","1428.05","3.77K","+0.03%"
"09/14/2016","1429.95","1430.00","1437.00","1427.30","2.54K","-0.01%"
"09/12/2016","1430.05","1401.35","1434.75","1401.05","4.81K","-0.15%"
"09/09/2016","1432.20","1443.15","1447.80","1428.00","6.25K","+0.10%"
"09/08/2016","1430.75","1417.10","1434.90","1410.00","8.60K","+0.35%"
"09/07/2016","1425.80","1400.95","1434.00","1400.60","17.30K","+1.82%"
"09/06/2016","1400.30","1410.00","1429.00","1397.00","4.47K","-0.67%"
"09/02/2016","1409.70","1411.25","1419.90","1398.25","27.64K","+0.61%"
"09/01/2016","1401.20","1400.00","1410.00","1398.00","1.26K","+0.08%"
"08/31/2016","1400.05","1399.00","1401.45","1381.30","20.60K","+0.29%"
"08/30/2016","1395.95","1399.00","1416.05","1394.90","15.32K","-0.28%"
"08/29/2016","1399.85","1405.00","1419.95","1395.75","1.13K","-0.37%"
"08/26/2016","1405.00","1395.00","1424.95","1395.00","3.16K","-0.26%"
"08/25/2016","1408.70","1398.00","1410.00","1395.00","3.44K","+0.88%"
"08/24/2016","1396.45","1422.00","1422.00","1375.05","2.63K","+0.08%"
"08/23/2016","1395.40","1424.75","1424.75","1389.25","3.76K","-0.46%"
"08/22/2016","1401.90","1424.70","1424.70","1400.00","9.51K","-0.19%"
"08/19/2016","1404.60","1412.00","1421.95","1400.05","3.27K","-0.55%"
"08/18/2016","1412.35","1415.00","1419.95","1405.30","1.17K","+0.66%"
"08/17/2016","1403.10","1411.00","1430.95","1401.15","3.33K","-0.57%"
"08/16/2016","1411.20","1405.00","1455.00","1404.00","19.97K","+0.80%"
"08/12/2016","1400.00","1402.05","1409.90","1400.00","6.23K","-0.19%"
"08/11/2016","1402.60","1405.55","1406.90","1399.95","14.63K","+0.12%"
"08/10/2016","1400.90","1400.00","1405.90","1400.00","2.22K","+0.06%"
"08/09/2016","1400.00","1418.85","1418.90","1400.00","11.80K","-0.28%"
"08/08/2016","1404.00","1409.95","1415.00","1400.00","3.48K","+0.15%"
"08/05/2016","1401.95","1405.00","1405.00","1398.10","2.44K","+0.14%"
"08/04/2016","1400.00","1399.95","1404.00","1391.00","11.32K","+0.59%"
"08/03/2016","1391.80","1398.85","1399.00","1390.00","2.71K","+0.13%"
"08/02/2016","1390.05","1392.95","1404.00","1390.00","4.66K","+0.20%"
"08/01/2016","1387.25","1368.00","1397.00","1352.50","5.40K","+1.52%"
"07/29/2016","1366.50","1375.00","1384.85","1359.80","6.19K","+0.05%"
"07/28/2016","1365.75","1376.00","1392.40","1360.00","2.59K","-0.30%"
"07/27/2016","1369.85","1356.55","1398.95","1356.55","9.09K","-0.89%"
"07/26/2016","1382.10","1393.00","1393.00","1375.00","12.98K","-0.16%"
"07/25/2016","1384.35","1419.90","1419.90","1380.00","4.23K","-1.09%"
"07/22/2016","1399.65","1391.30","1419.85","1390.00","11.43K","+0.34%"
"07/21/2016","1394.85","1390.00","1409.00","1382.25","12.27K","+1.20%"
"07/20/2016","1378.30","1409.95","1430.00","1361.10","87.59K","-2.36%"
"07/19/2016","1411.60","1394.00","1424.00","1375.00","22.90K","+3.13%"
"07/18/2016","1368.75","1399.00","1399.00","1362.25","5.80K","-1.44%"
"07/15/2016","1388.70","1379.00","1399.00","1360.25","6.41K","+0.84%"
"07/14/2016","1377.10","1387.95","1387.95","1360.25","4.72K","+1.24%"
"07/13/2016","1360.20","1321.70","1394.90","1320.00","12.23K","+3.03%"
"07/12/2016","1320.20","1342.55","1344.35","1309.45","5.58K","-1.58%"
"07/11/2016","1341.40","1351.05","1366.85","1338.00","2.93K","-0.68%"
"07/08/2016","1350.65","1374.80","1374.80","1349.00","2.15K","-1.33%"
"07/07/2016","1368.90","1368.00","1389.80","1355.00","4.22K","+0.30%"
"07/05/2016","1364.85","1390.95","1393.00","1360.35","3.35K","-1.32%"
"07/04/2016","1383.15","1375.75","1399.90","1375.00","3.75K","+0.54%"
"07/01/2016","1375.75","1404.95","1404.95","1373.00","1.87K","-0.68%"
"06/30/2016","1385.15","1417.80","1417.80","1380.00","6.33K","-0.66%"
"06/29/2016","1394.40","1335.10","1420.00","1330.00","45.50K","+4.91%"
"06/28/2016","1329.10","1344.00","1344.00","1312.00","4.08K","-0.03%"
"06/27/2016","1329.45","1329.90","1354.90","1314.60","4.58K","+1.38%"
"06/24/2016","1311.40","1304.95","1323.95","1247.00","29.11K","+0.48%"
"06/23/2016","1305.15","1236.05","1311.00","1236.05","36.91K","+4.72%"
"06/22/2016","1246.35","1255.00","1260.05","1225.70","14.70K","+0.91%"
"06/21/2016","1235.05","1232.00","1238.25","1221.00","11.68K","+1.21%"
"06/20/2016","1220.30","1212.05","1235.05","1209.30","1.09K","-0.89%"
"06/17/2016","1231.30","1209.00","1235.00","1208.95","21.52K","+1.81%"
"06/16/2016","1209.40","1225.95","1231.00","1195.05","3.11K","-1.36%"
"06/15/2016","1226.10","1225.05","1233.65","1217.95","3.00K","+0.08%"
"06/14/2016","1225.15","1235.00","1235.00","1212.05","685","+0.00%"
"06/13/2016","1225.10","1212.05","1237.70","1201.05","1.60K","+1.04%"
"06/10/2016","1212.45","1234.00","1240.00","1206.00","2.55K","-1.75%"
"06/09/2016","1234.05","1232.95","1235.90","1229.05","777","+0.09%"
"06/08/2016","1232.95","1230.75","1243.90","1225.90","11.30K","+0.49%"
"06/07/2016","1226.90","1228.25","1235.45","1220.00","1.45K","+0.65%"
"06/06/2016","1218.95","1238.05","1256.00","1210.10","3.63K","-1.61%"
"06/03/2016","1238.85","1210.00","1252.00","1210.00","4.11K","+0.75%"
"06/02/2016","1229.65","1230.65","1238.50","1222.00","637","+0.31%"
"06/01/2016","1225.80","1227.95","1235.00","1221.10","1.81K","-0.90%"
"05/31/2016","1236.95","1229.00","1245.00","1218.00","2.60K","+0.57%"
"05/30/2016","1229.95","1220.00","1240.00","1216.60","1.41K","+1.11%"
"05/27/2016","1216.45","1235.05","1239.95","1205.30","3.05K","-1.74%"
"05/26/2016","1237.95","1239.90","1255.00","1222.55","1.25K","+0.53%"
"05/25/2016","1231.45","1238.00","1243.00","1207.25","2.77K","+0.85%"
"05/24/2016","1221.10","1190.05","1233.00","1189.80","2.24K","+2.58%"
"05/23/2016","1190.35","1217.05","1224.75","1180.10","8.21K","-1.83%"
"05/20/2016","1212.55","1227.40","1238.25","1205.00","3.28K","-1.11%"
"05/19/2016","1226.15","1230.05","1242.95","1220.55","2.01K","-1.09%"
"05/18/2016","1239.60","1239.05","1247.00","1229.00","2.04K","+0.04%"
"05/17/2016","1239.15","1232.00","1253.00","1220.45","6.18K","+0.63%"
"05/16/2016","1231.45","1239.00","1246.95","1219.65","23.89K","+1.07%"
"05/13/2016","1218.45","1229.95","1229.95","1210.00","2.32K","+0.12%"
"05/12/2016","1217.00","1246.20","1246.20","1200.90","9.25K","-1.68%"
"05/11/2016","1237.75","1221.00","1243.90","1212.00","4.99K","+0.19%"
"05/10/2016","1235.45","1243.85","1267.30","1230.00","6.04K","+0.04%"
"05/09/2016","1234.90","1247.70","1248.70","1222.00","4.39K","+0.42%"
"05/06/2016","1229.70","1263.95","1266.30","1225.00","2.77K","-1.16%"
"05/05/2016","1244.10","1277.15","1277.15","1235.00","3.25K","-1.91%"
"05/04/2016","1268.35","1285.05","1295.00","1266.30","2.05K","-0.20%"
"05/03/2016","1270.95","1296.50","1296.50","1266.30","1.20K","-1.95%"
"05/02/2016","1296.25","1278.75","1306.00","1251.90","2.93K","+2.37%"
"04/29/2016","1266.20","1292.05","1292.75","1233.70","7.91K","-1.49%"
"04/28/2016","1285.30","1301.45","1306.55","1277.00","12.87K","-1.38%"
"04/27/2016","1303.35","1298.50","1314.00","1292.00","1.88K","+0.61%"
"04/26/2016","1295.50","1292.15","1305.00","1275.15","20.34K","+0.37%"
"04/25/2016","1290.75","1300.00","1343.30","1273.10","70.08K","-0.57%"
"04/22/2016","1298.20","1272.10","1304.95","1253.70","3.81K","+0.86%"
"04/21/2016","1287.10","1295.05","1316.90","1262.00","7.81K","-1.79%"
"04/20/2016","1310.60","1290.15","1323.95","1290.15","3.77K","-0.19%"
"04/18/2016","1313.05","1298.00","1324.95","1298.00","6.69K","+0.71%"
"04/13/2016","1303.75","1317.00","1330.00","1291.20","7.29K","-0.26%"
"04/12/2016","1307.10","1312.65","1316.00","1290.30","3.83K","-0.02%"
"04/11/2016","1307.40","1299.00","1324.90","1297.95","3.95K","+0.69%"
"04/08/2016","1298.45","1315.00","1315.00","1293.15","5.45K","-0.80%"
"04/07/2016","1308.90","1303.40","1313.00","1275.20","13.54K","+0.48%"
"04/06/2016","1302.65","1295.30","1306.30","1280.70","12.50K","+1.06%"
"04/05/2016","1288.95","1287.00","1295.00","1280.05","4.43K","+0.16%"
"04/04/2016","1286.85","1265.05","1297.00","1265.05","6.50K","-0.03%"
"04/01/2016","1287.30","1279.00","1289.80","1255.00","11.81K","+1.83%"
"03/31/2016","1264.20","1276.00","1285.00","1258.00","4.89K","-1.62%"
"03/30/2016","1285.05","1267.95","1309.65","1249.00","10.82K","+1.76%"
"03/29/2016","1262.85","1280.00","1280.00","1251.00","4.12K","+0.73%"
"03/28/2016","1253.75","1251.00","1297.00","1226.05","8.76K","-1.73%"
"03/23/2016","1275.80","1225.05","1290.00","1225.05","5.61K","+1.33%"
"03/22/2016","1259.05","1226.00","1266.00","1205.20","6.14K","+2.63%"
"03/21/2016","1226.75","1224.80","1238.00","1190.00","3.32K","+2.47%"
"03/18/2016","1197.20","1200.00","1211.00","1175.85","1.18K","-0.22%"
"03/17/2016","1199.80","1177.00","1221.00","1157.10","2.34K","+3.69%"
"03/16/2016","1157.15","1177.00","1186.85","1150.00","3.09K","-1.69%"
"03/15/2016","1177.00","1190.00","1197.15","1165.25","1.24K","-1.85%"
"03/14/2016","1199.20","1210.00","1219.95","1182.05","5.17K","-0.15%"
"03/11/2016","1200.95","1170.10","1216.85","1170.05","2.36K","+1.41%"
"03/10/2016","1184.20","1180.00","1190.00","1160.05","915","+0.34%"
"03/09/2016","1180.20","1190.05","1193.95","1158.70","2.50K","-0.86%"
"03/08/2016","1190.40","1215.00","1222.00","1184.00","3.52K","-1.97%"
"03/04/2016","1214.30","1188.25","1225.25","1188.25","7.35K","+1.17%"
"03/03/2016","1200.25","1200.00","1205.00","1180.00","2.11K","+0.03%"
"03/02/2016","1199.95","1199.00","1208.00","1190.00","2.53K","+0.25%"
"03/01/2016","1197.00","1170.00","1199.15","1159.50","3.53K","+1.91%"
"02/29/2016","1174.60","1153.00","1180.00","1153.00","2.01K","+0.61%"
"02/26/2016","1167.50","1150.45","1170.00","1150.45","848","+0.98%"
"02/25/2016","1156.15","1184.95","1184.95","1145.00","1.37K","+0.52%"
"02/24/2016","1150.20","1150.00","1164.00","1145.00","937","-0.70%"
"02/23/2016","1158.25","1159.00","1164.00","1139.00","553","-0.10%"
"02/22/2016","1159.40","1189.00","1189.00","1138.15","1.49K","-0.27%"
"02/19/2016","1162.50","1163.85","1165.00","1154.35","806","-0.16%"
"02/18/2016","1164.40","1152.75","1165.00","1152.35","2.26K","+1.10%"
"02/17/2016","1151.75","1163.90","1163.90","1120.05","2.76K","+0.16%"
"02/16/2016","1149.90","1134.05","1155.00","1134.05","7.61K","+1.47%"
"02/15/2016","1133.20","1097.00","1138.00","1095.10","201.45K","+5.16%"
"02/12/2016","1077.60","1061.25","1096.30","1061.25","1.75K","-0.02%"
"02/11/2016","1077.80","1112.05","1120.00","1057.55","6.78K","-3.15%"
"02/10/2016","1112.85","1143.00","1150.00","1108.05","1.10K","-0.78%"
"02/09/2016","1121.65","1148.00","1149.95","1118.00","1.67K","-1.22%"
"02/08/2016","1135.45","1153.30","1169.00","1120.80","1.92K","-1.54%"
"02/05/2016","1153.25","1155.95","1160.00","1140.40","1.15K","+0.25%"
"02/04/2016","1150.40","1150.00","1159.95","1148.00","774","-0.13%"
"02/03/2016","1151.90","1170.00","1170.05","1148.00","2.39K","-1.09%"
"02/02/2016","1164.60","1184.00","1184.00","1160.05","27.34K","-0.35%"
"02/01/2016","1168.65","1180.00","1186.90","1165.15","1.96K","+0.16%"
"01/29/2016","1166.80","1178.95","1179.90","1165.00","12.11K","-0.52%"
"01/28/2016","1172.85","1187.00","1187.00","1157.00","13.98K","-0.47%"
"01/27/2016","1178.40","1200.00","1200.00","1154.50","3.13K","-1.00%"
"01/25/2016","1190.30","1178.05","1195.00","1166.95","4.07K","+1.37%"
"01/22/2016","1174.25","1165.00","1187.90","1163.10","2.14K","+0.65%"
"01/21/2016","1166.65","1190.00","1201.00","1165.00","4.80K","-0.92%"
"01/20/2016","1177.45","1170.00","1192.95","1164.00","3.78K","+0.40%"
"01/19/2016","1172.75","1173.95","1178.00","1161.05","2.95K","+0.93%"
"01/18/2016","1161.95","1156.55","1172.25","1156.55","2.55K","-2.41%"
"01/15/2016","1190.60","1185.00","1208.80","1163.00","6.91K","+1.23%"
"01/14/2016","1176.15","1165.00","1211.65","1162.00","2.38K","-0.21%"
"01/13/2016","1178.65","1177.95","1192.75","1160.10","2.95K","+0.87%"
"01/12/2016","1168.45","1186.10","1193.95","1159.95","2.96K","-1.44%"
"01/11/2016","1185.50","1182.15","1189.95","1159.95","2.50K","-0.31%"
"01/08/2016","1189.15","1182.30","1221.85","1177.00","78.45K","+0.58%"
"01/07/2016","1182.25","1195.00","1195.00","1161.15","15.56K","-1.15%"
"01/06/2016","1196.00","1219.90","1229.90","1190.05","4.46K","-0.87%"
"01/05/2016","1206.50","1191.30","1220.00","1191.30","1.16K","+0.16%"
"01/04/2016","1204.60","1246.00","1246.00","1199.00","37.34K","-2.05%"
"01/01/2016","1229.75","1246.00","1246.00","1214.00","1.35K","+0.25%"
"12/31/2015","1226.70","1206.50","1237.00","1188.00","17.50K","+2.05%"
"12/30/2015","1202.05","1207.95","1208.00","1192.00","9.24K","+0.45%"
"12/29/2015","1196.65","1208.75","1208.80","1185.00","1.81K","-0.43%"
"12/28/2015","1201.84","1197.05","1211.00","1190.00","5.32K","+0.64%"
"12/24/2015","1194.20","1190.95","1199.84","1185.09","3.49K","+0.40%"
"12/23/2015","1189.50","1224.90","1224.90","1185.00","16.32K","-0.84%"
"12/22/2015","1199.59","1216.00","1230.00","1190.50","10.63K","-2.29%"
"12/21/2015","1227.75","1193.00","1235.09","1185.30","23.87K","+4.53%"
"12/18/2015","1174.55","1160.00","1180.00","1160.00","2.56K","+1.22%"
"12/17/2015","1160.40","1192.50","1196.00","1158.34","147.26K","-0.93%"
"12/16/2015","1171.30","1201.00","1219.00","1166.00","34.66K","-2.01%"
"12/15/2015","1195.34","1218.00","1218.00","1180.05","217.84K","-0.36%"
"12/14/2015","1199.65","1209.90","1209.95","1190.05","4.86K","-0.05%"
"12/11/2015","1200.25","1227.00","1227.00","1195.30","259.87K","-0.89%"
"12/10/2015","1211.05","1241.00","1241.00","1202.00","12.56K","-2.37%"
"12/09/2015","1240.50","1257.15","1259.95","1221.09","1.59K","+0.46%"
"12/08/2015","1234.84","1247.95","1254.95","1230.00","55.62K","-1.86%"
"12/07/2015","1258.30","1229.95","1268.84","1215.00","5.83K","+2.51%"
"12/04/2015","1227.45","1212.95","1235.05","1212.95","12.05K","+0.54%"
"12/03/2015","1220.80","1238.80","1238.95","1211.00","8.64K","-0.09%"
"12/02/2015","1221.95","1220.30","1227.00","1219.00","381","+0.22%"
"12/01/2015","1219.25","1226.05","1246.00","1211.30","2.84K","-0.61%"
"11/30/2015","1226.70","1215.45","1240.00","1209.00","3.41K","+0.78%"
"11/27/2015","1217.20","1225.00","1228.00","1205.30","1.61K","+0.51%"
"11/26/2015","1211.05","1209.09","1224.70","1208.05","6.01K","+0.16%"
"11/24/2015","1209.09","1208.00","1225.00","1200.00","18.77K","+0.49%"
"11/23/2015","1203.20","1215.00","1225.00","1200.95","2.43K","-2.12%"
"11/20/2015","1229.30","1231.65","1248.00","1211.70","5.03K","+0.75%"
"11/19/2015","1220.09","1212.05","1230.00","1200.05","7.41K","+0.87%"
"11/18/2015","1209.55","1197.50","1219.95","1195.00","21.44K","+1.16%"
"11/17/2015","1195.65","1203.00","1224.95","1191.00","20.98K","-0.38%"
"11/16/2015","1200.25","1212.00","1212.00","1196.20","19.65K","-1.04%"
"11/13/2015","1212.90","1223.90","1275.95","1201.40","1.87K","-0.90%"
"11/11/2015","1223.90","1238.95","1260.05","1200.00","2.33K","+0.22%"
"11/10/2015","1221.20","1237.45","1239.95","1195.20","5.47K","-0.69%"
"11/09/2015","1229.70","1205.05","1237.95","1204.95","3.85K","+0.35%"
"11/06/2015","1225.40","1234.59","1234.59","1214.70","1.38K","+0.22%"
"11/05/2015","1222.75","1257.00","1257.00","1215.00","9.40K","-1.59%"
"11/04/2015","1242.55","1240.20","1260.00","1231.20","7.88K","+0.30%"
"11/03/2015","1238.80","1274.95","1275.00","1235.00","1.85K","-1.64%"
"11/02/2015","1259.50","1250.00","1288.34","1245.00","12.38K","+0.85%"
"10/30/2015","1248.90","1245.00","1290.00","1226.09","10.04K","-0.61%"
"10/29/2015","1256.55","1276.45","1282.84","1245.00","4.78K","-0.66%"
"10/28/2015","1264.95","1279.00","1279.00","1240.00","10.01K","-0.07%"
"10/27/2015","1265.80","1258.00","1273.95","1251.40","2.24K","-0.02%"
"10/26/2015","1266.09","1259.05","1274.90","1251.00","1.28K","+0.02%"
"10/23/2015","1265.90","1262.84","1275.00","1260.09","1.05K","+0.48%"
"10/21/2015","1259.84","1269.95","1273.25","1251.15","210.50K","-0.58%"
"10/20/2015","1267.15","1278.90","1278.90","1252.45","1.62K","+0.76%"
"10/19/2015","1257.65","1275.05","1289.65","1256.00","4.71K","-1.08%"
"10/16/2015","1271.40","1299.00","1299.00","1251.50","4.49K","+0.15%"
"10/15/2015","1269.50","1293.09","1293.09","1265.00","6.28K","-1.86%"
"10/14/2015","1293.55","1306.30","1314.00","1291.05","1.67K","-0.98%"
"10/13/2015","1306.30","1291.05","1318.95","1290.05","1.14K","-0.21%"
"10/12/2015","1309.00","1290.00","1329.95","1290.00","1.78K","+1.45%"
"10/09/2015","1290.25","1307.95","1323.00","1286.00","2.90K","-0.08%"
"10/08/2015","1291.34","1303.05","1323.75","1285.05","2.83K","-1.11%"
"10/07/2015","1305.90","1307.00","1320.00","1292.05","2.60K","-0.12%"
"10/06/2015","1307.50","1314.05","1328.35","1291.00","63.44K","-0.53%"
"10/05/2015","1314.45","1281.00","1325.00","1275.09","4.87K","+2.72%"
"10/01/2015","1279.65","1265.00","1285.00","1250.95","5.55K","+2.28%"
"09/30/2015","1251.15","1271.84","1271.84","1227.00","2.51K","+0.48%"
"09/29/2015","1245.20","1251.09","1275.00","1240.00","1.19K","-1.08%"
"09/28/2015","1258.80","1264.00","1265.00","1245.00","2.92K","+1.32%"
"09/24/2015","1242.34","1250.00","1253.00","1228.00","4.71K","+0.55%"
"09/23/2015","1235.55","1235.05","1245.00","1215.25","4.28K","+0.19%"
"09/22/2015","1233.25","1216.09","1240.00","1212.00","115.26K","+1.74%"
"09/21/2015","1212.15","1258.90","1258.90","1207.00","2.47K","-1.29%"
"09/18/2015","1228.05","1255.00","1255.00","1221.30","4.97K","+0.11%"
"09/16/2015","1226.70","1240.00","1248.59","1226.00","2.71K","-0.56%"
"09/15/2015","1233.55","1245.05","1263.95","1230.05","1.62K","-1.38%"
"09/14/2015","1250.84","1245.05","1269.95","1235.05","2.89K","-0.01%"
"09/11/2015","1250.95","1265.00","1297.30","1235.05","4.48K","-0.16%"
"09/10/2015","1252.90","1226.59","1269.70","1222.30","3.55K","+1.77%"
"09/09/2015","1231.05","1245.09","1245.09","1228.00","2.36K","+0.34%"
"09/08/2015","1226.90","1220.00","1255.00","1220.00","9.68K","-1.52%"
"09/07/2015","1245.80","1245.05","1271.50","1226.00","3.35K","+0.14%"
"09/04/2015","1244.05","1231.59","1257.00","1226.00","4.32K","+0.53%"
"09/03/2015","1237.50","1237.80","1239.65","1226.05","1.91K","+0.82%"
"09/02/2015","1227.45","1236.95","1248.75","1226.00","4.11K","+0.07%"
"09/01/2015","1226.55","1180.50","1249.00","1175.00","22.55K","+2.12%"
"08/31/2015","1201.09","1209.20","1209.20","1189.00","35.81K","-0.53%"
"08/28/2015","1207.45","1218.00","1258.00","1202.00","8.53K","+0.29%"
"08/27/2015","1203.95","1200.00","1222.00","1180.20","29.25K","+2.59%"
"08/26/2015","1173.50","1220.00","1220.00","1165.00","5.67K","-1.48%"
"08/25/2015","1191.15","1200.00","1269.00","1180.00","109.87K","-1.90%"
"08/24/2015","1214.20","1280.00","1280.00","1201.00","42.23K","-6.20%"
"08/21/2015","1294.40","1300.00","1302.25","1260.25","8.27K","-1.38%"
"08/20/2015","1312.50","1319.80","1319.80","1305.00","4.84K","+0.23%"
"08/19/2015","1309.50","1307.00","1324.00","1305.00","137.17K","-0.30%"
"08/18/2015","1313.50","1310.55","1325.00","1307.90","3.60K","+0.40%"
"08/17/2015","1308.30","1316.05","1325.95","1305.00","3.76K","-1.17%"
"08/14/2015","1323.85","1312.90","1328.95","1291.00","155.36K","+2.26%"
"08/13/2015","1294.59","1305.05","1323.15","1290.05","2.62K","-0.26%"
"08/12/2015","1297.95","1320.05","1329.70","1295.00","3.19K","-1.82%"
"08/11/2015","1322.00","1360.05","1366.35","1318.05","4.10K","-3.22%"
"08/10/2015","1366.00","1362.00","1377.00","1360.05","6.59K","+0.34%"
"08/07/2015","1361.35","1363.00","1377.65","1355.50","4.27K","-0.18%"
"08/06/2015","1363.85","1333.75","1382.10","1330.00","16.79K","+2.47%"
"08/05/2015","1331.00","1317.00","1345.00","1317.00","9.69K","+0.87%"
"08/04/2015","1319.50","1305.00","1340.00","1300.15","9.42K","+1.59%"
"08/03/2015","1298.90","1290.00","1315.00","1290.00","40.22K","+0.37%"
"07/31/2015","1294.15","1324.70","1324.70","1292.00","262.95K","-0.84%"
"07/30/2015","1305.15","1329.95","1329.95","1303.00","24.91K","-0.22%"
"07/29/2015","1308.09","1324.00","1324.00","1301.00","23.38K","-0.16%"
"07/28/2015","1310.20","1324.70","1337.95","1305.20","10.56K","+0.39%"
"07/27/2015","1305.05","1334.55","1338.00","1299.20","6.71K","-2.21%"
"07/24/2015","1334.55","1374.20","1381.05","1324.05","110.68K","-2.88%"
"07/23/2015","1374.10","1385.00","1409.95","1371.00","161.63K","-0.51%"
"07/22/2015","1381.15","1445.00","1445.00","1375.00","21.15K","-4.98%"
"07/21/2015","1453.60","1470.05","1485.00","1445.05","5.19K","-0.46%"
"07/20/2015","1460.25","1437.10","1472.00","1437.05","3.56K","+1.63%"
"07/17/2015","1436.80","1447.25","1457.00","1430.00","207.32K","-0.10%"
"07/16/2015","1438.20","1454.30","1460.00","1426.15","3.78K","-0.47%"
"07/15/2015","1445.00","1434.10","1450.00","1416.00","2.47K","+1.51%"
"07/14/2015","1423.50","1409.00","1438.00","1392.75","3.07K","+1.80%"
"07/13/2015","1398.30","1393.00","1414.45","1390.00","11.08K","+0.80%"
"07/10/2015","1387.20","1399.40","1402.00","1383.00","5.18K","-0.44%"
"07/09/2015","1393.30","1412.00","1427.00","1386.05","6.76K","-1.23%"
"07/08/2015","1410.60","1462.20","1504.00","1392.10","28.62K","-3.53%"
"07/07/2015","1462.20","1441.00","1473.95","1414.15","8.11K","+3.40%"
"07/06/2015","1414.15","1392.00","1427.00","1392.00","219.66K","-0.58%"
"07/03/2015","1422.40","1435.00","1452.30","1414.95","1.48K","+0.03%"
"07/02/2015","1421.95","1404.55","1455.00","1402.05","3.43K","+0.14%"
"07/01/2015","1419.90","1427.65","1429.90","1405.00","14.71K","+0.33%"
"06/30/2015","1415.25","1390.00","1426.00","1383.10","4.93K","+2.10%"
"06/29/2015","1386.20","1385.05","1399.75","1370.00","1.63K","-0.22%"
"06/26/2015","1389.25","1390.00","1407.50","1385.00","2.51K","-0.17%"
"06/25/2015","1391.65","1405.05","1412.75","1376.40","3.41K","-0.66%"
"06/24/2015","1400.85","1405.05","1408.00","1380.00","19.68K","+0.11%"
"06/23/2015","1399.35","1378.00","1420.00","1378.00","2.57K","-0.03%"
"06/22/2015","1399.75","1386.00","1409.95","1382.00","2.83K","+1.39%"
"06/19/2015","1380.50","1380.40","1395.80","1370.00","2.29K","-0.60%"
"06/18/2015","1388.80","1373.40","1404.00","1369.20","1.13K","+0.57%"
"06/17/2015","1380.95","1365.00","1395.00","1335.60","7.80K","+2.66%"
"06/16/2015","1345.20","1370.55","1372.20","1323.25","8.94K","-2.40%"
"06/15/2015","1378.30","1375.00","1388.00","1369.00","828","-0.10%"
"06/12/2015","1379.70","1399.70","1399.70","1375.00","917","-1.05%"
"06/11/2015","1394.40","1411.00","1413.10","1379.95","8.83K","-0.75%"
"06/10/2015","1404.95","1409.25","1414.95","1398.00","1.81K","+0.31%"
"06/09/2015","1400.65","1430.00","1431.00","1393.70","6.54K","-1.79%"
"06/08/2015","1426.15","1450.10","1455.00","1420.30","4.13K","-2.06%"
"06/05/2015","1456.20","1440.05","1472.00","1432.40","2.05K","+0.28%"
"06/04/2015","1452.15","1441.15","1473.70","1441.15","1.89K","-0.97%"
"06/03/2015","1466.35","1471.25","1480.00","1436.30","7.80K","+1.66%"
"06/02/2015","1442.40","1458.05","1484.45","1439.25","103.91K","-1.05%"
"06/01/2015","1457.75","1420.00","1475.00","1400.00","9.26K","+3.43%"
"05/29/2015","1409.45","1411.65","1440.10","1390.00","12.66K","+0.11%"
"05/28/2015","1407.90","1390.00","1414.00","1378.00","12.81K","+1.12%"
"05/27/2015","1392.30","1403.80","1426.60","1384.95","35.99K","-0.98%"
"05/26/2015","1406.10","1405.50","1418.00","1395.00","2.15K","+0.01%"
"05/25/2015","1405.90","1407.00","1413.75","1398.75","2.94K","+0.11%"
"05/22/2015","1404.30","1390.15","1409.25","1390.15","1.04K","+0.73%"
"05/21/2015","1394.10","1404.00","1412.20","1381.90","59.05K","-0.30%"
"05/20/2015","1398.30","1395.90","1404.95","1375.00","20.73K","+0.84%"
"05/19/2015","1386.60","1418.00","1418.00","1385.00","66.96K","-1.09%"
"05/18/2015","1401.85","1381.80","1415.30","1374.95","3.13K","+1.22%"
"05/15/2015","1385.00","1377.85","1408.70","1370.00","2.56K","+0.69%"
"05/14/2015","1375.45","1385.00","1400.00","1370.10","1.90K","-0.18%"
"05/13/2015","1377.95","1391.00","1406.50","1371.00","2.22K","-1.46%"
"05/12/2015","1398.30","1403.00","1444.50","1381.10","26.23K","-0.62%"
"05/11/2015","1407.05","1386.55","1439.30","1371.10","4.75K","+1.83%"
"05/08/2015","1381.80","1362.05","1385.00","1360.00","4.34K","+1.49%"
"05/07/2015","1361.45","1359.35","1378.95","1359.30","5.53K","+1.16%"
"05/06/2015","1345.85","1408.00","1409.00","1322.00","41.88K","-2.60%"
"05/05/2015","1381.75","1409.00","1428.00","1371.15","18.64K","-2.04%"
"05/04/2015","1410.50","1415.00","1418.25","1402.05","3.28K","-0.17%"
"04/30/2015","1412.90","1390.00","1441.00","1366.15","6.95K","+2.29%"
"04/29/2015","1381.30","1325.00","1430.00","1325.00","13.81K","+3.95%"
"04/28/2015","1328.75","1373.85","1376.40","1310.05","69.28K","-1.59%"
"04/27/2015","1350.25","1408.90","1420.00","1340.15","8.59K","-2.58%"
"04/24/2015","1386.05","1415.05","1439.70","1380.00","93.59K","-2.55%"
"04/23/2015","1422.25","1429.90","1462.05","1391.00","49.35K","-0.93%"
"04/22/2015","1435.55","1441.40","1448.90","1421.05","4.61K","-0.41%"
"04/21/2015","1441.40","1455.05","1463.55","1413.50","8.35K","-2.18%"
"04/20/2015","1473.45","1456.10","1484.70","1430.00","38.36K","-0.37%"
"04/17/2015","1478.85","1509.00","1509.00","1451.05","5.30K","-0.13%"
"04/16/2015","1480.80","1460.00","1485.00","1425.00","9.53K","+1.09%"
"04/15/2015","1464.80","1490.05","1507.00","1460.00","7.73K","-0.72%"
"04/13/2015","1475.35","1493.00","1494.00","1467.00","4.84K","+0.55%"
"04/10/2015","1467.25","1487.00","1511.75","1458.25","7.87K","-2.28%"
"04/09/2015","1501.55","1519.60","1528.00","1479.00","3.71K","-1.04%"
"04/08/2015","1517.35","1520.00","1540.00","1505.25","9.40K","-0.07%"
"04/07/2015","1518.40","1509.90","1525.00","1500.00","18.39K","+1.31%"
"04/06/2015","1498.75","1435.40","1514.90","1420.05","52.94K","+5.88%"
"04/01/2015","1415.50","1399.00","1450.00","1399.00","106.61K","+0.39%"
"03/31/2015","1410.05","1426.00","1434.75","1405.10","4.38K","-1.42%"
"03/30/2015","1430.30","1406.95","1434.90","1399.05","10.42K","+2.49%"
"03/27/2015","1395.55","1419.00","1429.00","1376.05","146.24K","-0.45%"
"03/26/2015","1401.90","1385.15","1415.60","1385.15","5.70K","+0.11%"
"03/25/2015","1400.35","1412.15","1419.90","1399.00","15.35K","-1.97%"
"03/24/2015","1428.45","1445.15","1455.00","1417.70","4.09K","-1.33%"
"03/23/2015","1447.65","1421.95","1458.10","1406.55","5.66K","+1.81%"
"03/20/2015","1421.90","1402.60","1430.00","1393.00","19.12K","-0.01%"
"03/19/2015","1422.10","1405.50","1429.00","1401.30","3.31K","+0.90%"
"03/18/2015","1409.35","1411.00","1425.00","1387.55","22.27K","-0.29%"
"03/17/2015","1413.40","1424.95","1425.00","1405.55","4.66K","-0.48%"
"03/16/2015","1420.15","1441.00","1441.00","1415.80","6.28K","-1.08%"
"03/13/2015","1435.70","1437.05","1445.00","1402.70","105.28K","-0.35%"
"03/12/2015","1440.80","1432.05","1449.95","1417.10","4.47K","+0.26%"
"03/11/2015","1437.05","1434.00","1449.00","1433.05","3.65K","-0.16%"
"03/10/2015","1439.30","1443.00","1445.00","1430.00","8.10K","-0.58%"
"03/09/2015","1447.70","1445.00","1454.90","1420.00","6.96K","-0.16%"
"03/05/2015","1449.95","1451.05","1473.70","1446.95","43.28K","-0.14%"
"03/04/2015","1452.00","1455.00","1460.00","1440.70","6.99K","-0.45%"
"03/03/2015","1458.60","1421.05","1465.00","1401.25","13.70K","+2.75%"
"03/02/2015","1419.60","1420.55","1427.25","1395.20","26.83K","+0.57%"
"02/27/2015","1411.50","1406.95","1422.45","1390.40","15.65K","+0.69%"
"02/26/2015","1401.85","1396.00","1407.00","1385.00","25.67K","+0.06%"
"02/25/2015","1401.00","1405.90","1407.00","1389.00","9.93K","-0.10%"
"02/24/2015","1402.45","1394.00","1409.90","1385.00","15.35K","+0.24%"
"02/23/2015","1399.15","1410.00","1424.85","1376.50","28.44K","-0.08%"
"02/20/2015","1400.25","1418.00","1418.00","1387.00","26.90K","-0.04%"
"02/19/2015","1400.85","1437.00","1437.00","1392.30","49.52K","-4.94%"
"02/18/2015","1473.70","1454.60","1489.25","1454.60","37.14K","+2.16%"
"02/16/2015","1442.55","1390.00","1458.00","1380.00","60.33K","+4.14%"
"02/13/2015","1385.15","1392.00","1395.00","1380.00","31.72K","-0.18%"
"02/12/2015","1387.70","1385.00","1400.00","1379.00","25.83K","+0.23%"
"02/11/2015","1384.50","1390.00","1404.80","1375.00","8.03K","-0.03%"
"02/10/2015","1384.90","1350.00","1402.30","1350.00","111.58K","+1.36%"
"02/09/2015","1366.35","1397.00","1400.00","1353.55","17.55K","-2.51%"
"02/06/2015","1401.60","1441.00","1442.95","1396.50","113.38K","-3.05%"
"02/05/2015","1445.65","1456.50","1463.00","1414.05","63.52K","-0.52%"
"02/04/2015","1453.25","1457.95","1464.00","1445.00","6.24K","+0.03%"
"02/03/2015","1452.75","1466.95","1471.95","1448.00","11.02K","-0.97%"
"02/02/2015","1466.95","1486.00","1495.00","1450.00","8.11K","-1.64%"
"01/30/2015","1491.40","1499.90","1504.95","1460.00","27.61K","-0.55%"
"01/29/2015","1499.65","1470.00","1514.00","1440.00","51.22K","+2.35%"
"01/28/2015","1465.15","1398.00","1469.95","1398.00","63.52K","+4.44%"
"01/27/2015","1402.85","1410.00","1411.05","1398.00","12.81K","+0.06%"
"01/23/2015","1402.05","1396.00","1425.00","1389.95","24.02K","+0.75%"
"01/22/2015","1391.60","1395.00","1430.00","1383.00","25.41K","+0.10%"
"01/21/2015","1390.20","1392.95","1402.95","1377.00","8.25K","+0.01%"
"01/20/2015","1390.05","1388.10","1408.00","1384.55","15.01K","+0.14%"
"01/19/2015","1388.10","1385.00","1410.10","1373.00","14.89K","+0.24%"
"01/16/2015","1384.80","1340.00","1399.00","1332.15","25.79K","+3.27%"
"01/15/2015","1340.90","1320.00","1347.95","1320.00","31.98K","+1.75%"
"01/14/2015","1317.90","1349.40","1349.40","1293.75","51.75K","-0.87%"
"01/13/2015","1329.50","1325.00","1344.95","1300.00","6.19K","+0.73%"
"01/12/2015","1319.90","1325.00","1325.00","1289.15","19.07K","-0.68%"
"01/09/2015","1329.00","1352.40","1356.70","1325.05","5.72K","-0.87%"
"01/08/2015","1340.65","1337.75","1358.95","1337.00","7.45K","+0.12%"
"01/07/2015","1339.00","1340.05","1361.45","1335.55","7.23K","-0.94%"
"01/06/2015","1351.70","1364.00","1377.00","1328.00","25.04K","-0.25%"
"01/05/2015","1355.05","1381.10","1393.80","1347.15","11.71K","-0.46%"
"01/02/2015","1361.25","1350.00","1370.40","1350.00","4.24K","+0.80%"
"01/01/2015","1350.50","1358.00","1363.00","1347.00","4.06K","+0.04%"
"12/31/2014","1349.95","1378.00","1397.45","1325.00","53.44K","-1.38%"
"12/30/2014","1368.85","1356.80","1378.75","1333.20","8.29K","+2.58%"
"12/29/2014","1334.40","1320.90","1343.85","1310.05","3.64K","+0.59%"
"12/26/2014","1326.55","1312.00","1334.00","1300.00","11.04K","+1.74%"
"12/24/2014","1303.85","1301.00","1315.00","1292.20","15.14K","+0.44%"
"12/23/2014","1298.15","1283.55","1310.00","1282.25","18.51K","+1.41%"
"12/22/2014","1280.10","1300.05","1305.70","1270.00","39.59K","-1.53%"
"12/19/2014","1300.05","1287.85","1309.40","1270.05","18.20K","+2.41%"
"12/18/2014","1269.45","1255.00","1287.60","1246.60","192.70K","+1.70%"
"12/17/2014","1248.25","1235.75","1264.60","1186.20","116.73K","+0.36%"
"12/16/2014","1243.75","1271.15","1308.00","1224.00","18.49K","-3.12%"
"12/15/2014","1283.80","1267.70","1291.05","1251.10","39.44K","-0.30%"
"12/12/2014","1287.60","1301.00","1337.70","1275.00","12.22K","-0.78%"
"12/11/2014","1297.75","1339.30","1339.30","1290.00","69.90K","-2.66%"
"12/10/2014","1333.15","1348.00","1365.90","1328.25","77.54K","-1.12%"
"12/09/2014","1348.25","1380.00","1382.50","1344.00","14.09K","-1.70%"
"12/08/2014","1371.50","1397.60","1409.90","1350.05","22.41K","-1.87%"
"12/05/2014","1397.60","1440.00","1470.00","1380.00","58.27K","-1.64%"
"12/04/2014","1420.90","1372.00","1437.95","1338.70","34.57K","+3.52%"
"12/03/2014","1372.65","1362.00","1379.95","1357.00","8.46K","+1.15%"
"12/02/2014","1357.00","1310.60","1360.00","1310.60","4.61K","+0.48%"
"12/01/2014","1350.55","1373.90","1384.60","1335.00","10.58K","-1.07%"
"11/28/2014","1365.15","1360.00","1375.00","1352.00","20.48K","+0.04%"
"11/27/2014","1364.60","1348.25","1369.70","1348.25","10.08K","+0.83%"
"11/26/2014","1353.30","1347.35","1371.95","1345.00","6.08K","-0.42%"
"11/25/2014","1359.05","1357.00","1374.95","1310.00","23.21K","+0.69%"
"11/24/2014","1349.75","1349.95","1391.00","1337.00","30.72K","+0.38%"
"11/21/2014","1344.60","1349.40","1364.00","1333.35","41.27K","+0.29%"
"11/20/2014","1340.65","1301.00","1349.40","1301.00","55.08K","+1.20%"
"11/19/2014","1324.75","1360.00","1360.00","1300.00","114.37K","-1.41%"
"11/18/2014","1343.70","1366.05","1375.00","1325.10","13.66K","-1.99%"
"11/17/2014","1370.95","1355.00","1385.00","1347.00","23.77K","+1.05%"
"11/14/2014","1356.75","1330.00","1365.00","1320.35","20.85K","+1.58%"
"11/13/2014","1335.65","1368.90","1368.90","1325.30","18.91K","-1.01%"
"11/12/2014","1349.25","1325.00","1378.00","1325.00","34.70K","+0.62%"
"11/11/2014","1340.90","1290.05","1355.00","1268.10","76.33K","+4.02%"
"11/10/2014","1289.05","1311.90","1323.50","1272.30","28.35K","-1.07%"
"11/07/2014","1303.05","1255.00","1315.00","1255.00","61.29K","+3.79%"
"11/05/2014","1255.50","1251.90","1261.00","1224.30","62.69K","+0.90%"
"11/03/2014","1244.25","1249.90","1259.00","1230.00","25.20K","+0.12%"
"10/31/2014","1242.70","1201.05","1262.00","1201.05","87.34K","+3.53%"
"10/30/2014","1200.30","1199.00","1210.15","1180.00","35.13K","+0.96%"
"10/29/2014","1188.85","1175.00","1198.70","1150.50","50.13K","+1.57%"
"10/28/2014","1170.45","1125.95","1176.00","1120.15","94.37K","+5.01%"
"10/27/2014","1114.65","1149.00","1149.00","1108.40","27.14K","-2.46%"
"10/23/2014","1142.75","1129.00","1148.00","1125.00","18.43K","+1.86%"
"10/22/2014","1121.90","1111.00","1125.00","1096.65","235.31K","+3.04%"
"10/21/2014","1088.85","1099.50","1119.00","1084.00","18.20K","-0.78%"
"10/20/2014","1097.45","1110.00","1120.00","1090.55","20.85K","+0.62%"
"10/17/2014","1090.65","1104.95","1110.00","1076.05","27.62K","+0.52%"
"10/16/2014","1085.00","1129.45","1129.45","1075.00","33.66K","-2.40%"
"10/14/2014","1111.65","1131.95","1134.05","1110.00","20.24K","-0.86%"
"10/13/2014","1121.25","1141.90","1141.90","1115.05","20.15K","-0.95%"
"10/10/2014","1132.05","1144.95","1160.00","1122.15","32.37K","-0.88%"
"10/09/2014","1142.05","1160.00","1168.35","1140.00","17.96K","-0.79%"
"10/08/2014","1151.10","1175.00","1198.95","1145.00","94.26K","+3.41%"
"10/07/2014","1113.10","1105.00","1122.55","1090.10","35.54K","+0.84%"
"10/01/2014","1103.85","1112.00","1118.90","1087.20","7.88K","+0.30%"
"09/30/2014","1100.60","1124.45","1145.00","1088.00","31.40K","-0.82%"
"09/29/2014","1109.65","1089.85","1118.75","1080.00","47.05K","+2.47%"
"09/26/2014","1082.85","1064.00","1090.00","1038.70","103.57K","+2.33%"
"09/25/2014","1058.20","1064.75","1088.95","1044.00","69.79K","+1.76%"
"09/24/2014","1039.85","1043.05","1064.95","1007.00","24.55K","-0.05%"
"09/23/2014","1040.40","1090.00","1114.65","1028.70","73.89K","-5.51%"
"09/22/2014","1101.05","1101.15","1129.00","1095.65","17.47K","-0.89%"
"09/19/2014","1110.90","1133.70","1149.00","1109.00","91.41K","-1.10%"
"09/18/2014","1123.30","1149.60","1174.40","1110.00","384.68K","-2.29%"
"09/17/2014","1149.60","1122.30","1166.00","1122.30","331.67K","+2.51%"
"09/16/2014","1121.45","1130.00","1180.00","1110.05","928.25K","-0.55%"
"09/15/2014","1127.70","1098.00","1148.50","1094.00","568.55K","+2.85%"
"09/12/2014","1096.40","1090.85","1105.00","1085.05","19.41K","+0.51%"
"09/11/2014","1090.85","1090.25","1112.05","1086.55","29.66K","+0.20%"
"09/10/2014","1088.65","1095.75","1109.00","1082.00","47.23K","-0.65%"
"09/09/2014","1095.75","1105.95","1106.00","1082.00","41.58K","+0.67%"
"09/08/2014","1088.50","1118.00","1118.00","1081.50","116.75K","-0.74%"
"09/05/2014","1096.60","1120.00","1120.05","1088.20","27.64K","-0.81%"
"09/04/2014","1105.60","1108.05","1131.00","1100.25","315.55K","-0.48%"
"09/03/2014","1110.90","1169.95","1174.00","1107.00","89.48K","-3.20%"
"09/02/2014","1147.60","1147.80","1184.00","1140.00","10.37K","-1.01%"
"09/01/2014","1159.35","1150.00","1182.00","1150.00","6.01K","+1.14%"
"08/28/2014","1146.25","1200.00","1203.00","1138.70","10.16K","-4.38%"
"08/27/2014","1198.70","1172.00","1248.50","1172.00","54.01K","+2.21%"
"08/26/2014","1172.75","1133.95","1179.00","1133.95","13.17K","+3.87%"
"08/25/2014","1129.10","1141.00","1182.00","1110.00","14.72K","-1.83%"
"08/22/2014","1150.20","1190.00","1190.00","1128.70","39.38K","-0.84%"
"08/21/2014","1160.00","1071.00","1188.00","1071.00","76.17K","+6.96%"
"08/20/2014","1084.55","1098.60","1098.60","1065.50","7.26K","+0.44%"
"08/19/2014","1079.80","1100.00","1109.00","1075.00","52.45K","-0.05%"
"08/18/2014","1080.35","1148.00","1148.00","1064.00","25.09K","-2.15%"
"08/14/2014","1104.10","1107.00","1125.00","1098.00","16.82K","-0.10%"
"08/13/2014","1105.15","1136.00","1136.00","1080.00","9.05K","+1.64%"
"08/12/2014","1087.35","1110.10","1110.10","1071.00","9.42K","-1.63%"
"08/11/2014","1105.40","1125.00","1140.00","1100.10","15.62K","-0.14%"
"08/08/2014","1106.95","1151.65","1160.00","1089.00","20.57K","-5.28%"
"08/07/2014","1168.65","1209.00","1209.00","1162.00","4.88K","-1.87%"
"08/06/2014","1190.90","1211.00","1211.00","1185.00","2.10K","-1.50%"
"08/05/2014","1209.05","1185.00","1217.00","1178.10","10.72K","+1.14%"
"08/04/2014","1195.40","1135.10","1210.00","1135.10","7.93K","+1.61%"
"08/01/2014","1176.50","1165.00","1214.00","1162.00","13.93K","-0.22%"
"07/31/2014","1179.10","1191.00","1234.00","1168.70","87.92K","-0.14%"
"07/30/2014","1180.70","1116.95","1203.05","1116.95","38.19K","+5.83%"
"07/28/2014","1115.70","1134.00","1134.00","1105.20","9.27K","-0.48%"
"07/25/2014","1121.05","1101.00","1130.00","1100.00","11.84K","+1.83%"
"07/24/2014","1100.85","1126.80","1127.00","1093.20","11.81K","-1.53%"
"07/23/2014","1117.95","1055.10","1149.00","1031.00","89.17K","+5.96%"
"07/22/2014","1055.10","1056.65","1084.00","1045.05","338.32K","+0.43%"
"07/21/2014","1050.55","1113.00","1113.00","1038.80","11.79K","-2.28%"
"07/18/2014","1075.05","1109.00","1109.00","1061.05","4.53K","-2.23%"
"07/17/2014","1099.55","1110.00","1124.95","1090.30","56.49K","+0.01%"
"07/16/2014","1099.45","1100.00","1105.00","1076.00","147.51K","+0.20%"
"07/15/2014","1097.30","1050.30","1100.00","1050.00","7.05K","+1.89%"
"07/14/2014","1076.95","1071.00","1083.00","1050.05","5.73K","-0.17%"
"07/11/2014","1078.80","1100.50","1103.95","1060.00","3.59K","-1.94%"
"07/10/2014","1100.15","1090.00","1124.05","1090.00","19.93K","-0.53%"
"07/09/2014","1106.05","1100.00","1121.05","1081.00","15.70K","-1.14%"
"07/08/2014","1118.85","1153.00","1191.90","1105.00","16.65K","-3.57%"
"07/07/2014","1160.25","1120.00","1174.90","1110.30","124.10K","+3.46%"
"07/04/2014","1121.45","1139.90","1164.95","1090.20","25.78K","-1.05%"
"07/03/2014","1133.40","1090.00","1184.20","1075.05","17.22K","+3.87%"
"07/02/2014","1091.15","1077.00","1097.00","1067.80","21.31K","+1.31%"
"07/01/2014","1077.00","1078.05","1093.95","1070.10","23.27K","+0.07%"
"06/30/2014","1076.20","1025.00","1094.90","999.00","50.76K","+3.52%"
"06/27/2014","1039.65","1069.00","1075.90","1031.05","22.27K","-2.62%"
"06/26/2014","1067.60","1043.00","1075.00","1033.00","20.16K","+2.37%"
"06/25/2014","1042.90","1038.95","1048.80","1012.00","17.36K","+1.49%"
"06/24/2014","1027.55","1002.50","1040.50","998.80","21.96K","+2.95%"
"06/23/2014","998.15","986.00","1006.00","986.00","3.44K","+0.95%"
"06/20/2014","988.80","995.05","1010.00","985.00","4.84K","-1.12%"
"06/19/2014","1000.05","1004.30","1014.90","991.05","3.14K","-0.44%"
"06/18/2014","1004.45","1019.00","1020.00","1000.00","46.69K","-0.66%"
"06/17/2014","1011.15","1007.00","1013.00","989.65","4.20K","+2.16%"
"06/16/2014","989.80","1004.00","1004.00","984.55","2.49K","+0.65%"
"06/13/2014","983.45","1017.00","1017.00","961.50","9.22K","-1.68%"
"06/12/2014","1000.25","1010.00","1010.00","987.00","25.49K","+1.23%"
"06/11/2014","988.05","1000.00","1000.00","945.10","55.59K","-0.67%"
"06/10/2014","994.70","1008.00","1018.20","991.00","8.28K","+0.45%"
"06/09/2014","990.25","999.90","1034.90","982.10","12.59K","-0.90%"
"06/06/2014","999.25","969.00","1000.10","955.50","17.18K","+3.59%"
"06/05/2014","964.60","967.80","974.90","954.00","16.64K","+0.06%"
"06/04/2014","964.05","945.00","967.95","945.00","10.47K","+1.55%"
"06/03/2014","949.30","945.00","954.10","935.60","3.23K","-0.38%"
"06/02/2014","952.95","927.20","955.90","918.20","35.58K","+1.75%"
"05/30/2014","936.55","919.80","945.00","895.55","12.70K","+3.70%"
"05/29/2014","903.15","901.65","918.20","900.00","6.01K","-0.93%"
"05/28/2014","911.60","916.00","919.95","904.05","2.08K","-0.58%"
"05/27/2014","916.95","932.50","933.00","907.30","7.18K","-0.48%"
"05/26/2014","921.35","886.15","929.80","886.00","16.95K","+2.30%"
"05/23/2014","900.65","924.85","924.85","897.00","16.70K","-1.03%"
"05/22/2014","910.00","926.00","935.00","904.00","24.40K","-1.65%"
"05/21/2014","925.30","883.15","934.90","883.15","11.83K","+0.73%"
"05/20/2014","918.55","842.00","924.95","842.00","24.85K","+6.12%"
"05/19/2014","865.55","823.00","870.65","823.00","20.92K","+4.03%"
"05/16/2014","832.05","830.00","840.05","804.10","6.87K","+0.25%"
"05/15/2014","830.00","845.00","845.00","822.00","5.71K","+0.63%"
"05/14/2014","824.80","825.00","849.95","820.05","5.88K","-0.02%"
"05/13/2014","825.00","825.00","843.00","810.00","10.99K","-0.59%"
"05/12/2014","829.90","832.05","845.05","824.70","13.94K","-1.08%"
"05/09/2014","839.00","813.70","845.00","813.70","21.82K","+2.07%"
"05/08/2014","821.95","824.00","828.95","807.00","7.23K","-0.07%"
"05/07/2014","822.50","810.00","844.90","810.00","28.80K","+2.09%"
"05/06/2014","805.70","804.70","816.95","801.00","49.70K","+0.52%"
"05/05/2014","801.50","801.00","807.80","800.00","7.92K","+0.14%"
"05/02/2014","800.40","811.00","816.70","794.00","4.60K","-1.31%"
"04/30/2014","811.00","807.15","823.65","807.00","11.82K","+0.06%"
"04/29/2014","810.50","808.10","823.00","806.50","12.03K","-0.84%"
"04/28/2014","817.40","815.00","832.30","807.00","9.73K","+0.15%"
"04/25/2014","816.20","815.20","836.95","802.50","14.23K","+0.10%"
"04/23/2014","815.35","838.75","855.80","802.25","163.86K","-2.00%"
"04/22/2014","831.95","808.95","847.40","808.05","91.96K","+3.62%"
"04/21/2014","802.85","819.50","823.00","796.80","39.47K","-0.56%"
"04/17/2014","807.40","796.20","810.65","792.00","11.79K","+1.60%"
"04/16/2014","794.65","805.00","814.90","784.95","8.61K","-1.26%"
"04/15/2014","804.75","821.00","821.00","802.50","49.70K","-2.11%"
"04/11/2014","822.10","817.00","825.00","803.00","13.79K","+0.67%"
"04/10/2014","816.65","805.05","821.00","805.05","10.29K","+0.75%"
"04/09/2014","810.55","818.00","818.00","800.60","6.69K","+0.26%"
"04/07/2014","808.45","818.20","818.20","800.00","5.17K","-1.19%"
"04/04/2014","818.20","820.85","821.00","812.05","5.69K","-0.10%"
"04/03/2014","819.00","821.00","821.00","810.20","11.07K","+0.30%"
"04/02/2014","816.55","835.95","835.95","814.00","11.24K","-1.42%"
"04/01/2014","828.35","814.95","835.90","802.00","26.56K","+2.29%"
"03/31/2014","809.80","808.00","814.00","798.25","10.51K","+0.73%"
"03/28/2014","803.90","820.00","820.00","803.00","5.20K","-1.42%"
"03/27/2014","815.45","790.55","820.00","790.55","12.80K","+1.05%"
"03/26/2014","807.00","805.00","811.00","795.35","14.23K","+0.00%"
"03/25/2014","807.00","809.95","812.00","801.10","6.17K","+0.44%"
"03/24/2014","803.50","799.70","815.00","790.80","84.09K","+1.14%"
"03/21/2014","794.45","795.00","798.95","772.00","17.91K","+1.96%"
"03/20/2014","779.20","800.00","815.70","772.50","33.39K","-2.23%"
"03/19/2014","796.95","765.05","800.00","765.05","59.76K","+4.29%"
"03/18/2014","764.15","760.00","769.95","745.05","16.88K","+1.33%"
"03/14/2014","754.10","760.00","767.20","749.85","7.54K","-1.59%"
"03/13/2014","766.25","755.00","770.00","754.40","17.17K","+0.55%"
"03/12/2014","762.05","755.00","773.00","755.00","60.15K","+0.67%"
"03/11/2014","756.95","775.00","781.95","750.10","19.52K","-1.69%"
"03/10/2014","770.00","727.60","775.00","727.60","67.59K","+3.01%"
"03/07/2014","747.50","750.00","754.00","728.00","46.05K","-1.07%"
"03/06/2014","755.60","737.65","781.70","718.20","158.77K","+2.36%"
"03/05/2014","738.15","742.50","754.90","730.10","50.58K","-0.18%"
"03/04/2014","739.50","691.00","748.00","691.00","110.98K","+5.63%"
"03/03/2014","700.10","675.00","709.90","675.00","31.29K","+4.49%"
"02/28/2014","670.00","707.65","715.30","653.45","39.95K","-4.88%"
"02/26/2014","704.40","708.65","714.85","700.00","18.11K","-0.60%"
"02/25/2014","708.65","708.90","737.50","696.00","52.80K","+1.16%"
"02/24/2014","700.50","663.00","713.55","663.00","74.65K","+6.75%"
"02/21/2014","656.20","649.00","661.00","642.00","24.87K","+2.56%"
"02/20/2014","639.85","645.00","645.00","636.30","2.40K","+0.27%"
"02/19/2014","638.15","640.00","650.00","635.20","4.19K","-0.03%"
"02/18/2014","638.35","638.00","643.65","631.50","2.35K","+0.61%"
"02/17/2014","634.45","652.45","652.45","634.00","806","-0.88%"
"02/14/2014","640.10","641.70","645.95","635.25","2.98K","-1.04%"
"02/13/2014","646.80","642.00","650.00","639.90","4.52K","+1.06%"
"02/12/2014","640.00","640.00","642.95","635.25","3.80K","-0.46%"
"02/11/2014","642.95","636.05","643.50","635.10","2.73K","+0.46%"
"02/10/2014","640.00","626.15","641.30","626.15","2.94K","+0.04%"
"02/07/2014","639.75","635.05","644.00","635.05","887","-0.78%"
"02/06/2014","644.80","636.05","645.00","630.00","14.90K","+0.80%"
"02/05/2014","639.70","646.80","646.80","636.00","430","-0.05%"
"02/04/2014","640.00","635.05","643.00","625.15","10.05K","-0.27%"
"02/03/2014","641.75","648.00","652.50","626.50","6.33K","+0.39%"
"01/31/2014","639.25","649.95","649.95","630.55","1.19K","+0.15%"
"01/30/2014","638.30","633.05","640.05","625.00","10.07K","-0.30%"
"01/29/2014","640.20","640.05","649.95","633.75","14.16K","+0.42%"
"01/28/2014","637.50","629.00","645.40","629.00","700","+1.29%"
"01/27/2014","629.35","643.10","645.00","626.55","1.56K","-2.11%"
"01/24/2014","642.90","636.05","649.00","636.00","2.05K","+0.25%"
"01/23/2014","641.30","625.25","649.80","625.10","2.63K","+1.00%"
"01/22/2014","634.95","622.05","636.00","622.05","26.11K","+0.63%"
"01/21/2014","631.00","636.90","637.50","624.00","1.80K","-0.04%"
"01/20/2014","631.25","630.00","638.95","624.80","7.22K","-0.61%"
"01/17/2014","635.15","653.70","654.85","627.35","8.93K","-2.32%"
"01/16/2014","650.25","655.00","655.00","648.00","4.43K","+0.13%"
"01/15/2014","649.40","644.30","652.00","644.00","2.37K","+0.43%"
"01/14/2014","646.65","648.00","649.00","643.00","834","-0.50%"
"01/13/2014","649.90","662.00","662.00","645.00","44.23K","+0.58%"
"01/10/2014","646.15","661.90","668.95","645.00","4.39K","-2.83%"
"01/09/2014","664.95","646.45","665.90","645.05","11.30K","+1.99%"
"01/08/2014","651.95","650.15","656.35","645.05","1.67K","-0.32%"
"01/07/2014","654.05","661.00","664.95","650.50","2.23K","-1.05%"
"01/06/2014","661.00","661.05","669.00","660.00","9.39K","-0.68%"
"01/03/2014","665.50","672.00","673.95","659.00","27.77K","-0.42%"
"01/02/2014","668.30","672.00","679.00","666.10","4.40K","-0.26%"
"01/01/2014","670.05","668.80","676.00","660.15","4.99K","+0.74%"
"12/31/2013","665.10","664.20","670.00","663.50","9.35K","-0.76%"
"12/30/2013","670.20","660.00","676.00","660.00","26.56K","+0.93%"
"12/27/2013","664.05","667.25","668.00","662.15","13.26K","-0.15%"
"12/26/2013","665.05","667.00","669.95","661.05","24.80K","+0.02%"
"12/24/2013","664.95","667.00","670.00","658.10","23.83K","-0.11%"
"12/23/2013","665.65","655.00","668.00","655.00","21.33K","+0.78%"
"12/20/2013","660.50","664.45","668.90","655.10","20.15K","+0.00%"
"12/19/2013","660.50","658.95","669.85","655.00","9.01K","+0.95%"
"12/18/2013","654.30","659.00","659.95","650.35","3.18K","-0.15%"
"12/17/2013","655.30","665.00","671.00","652.65","8.83K","-1.37%"
"12/16/2013","664.40","671.90","679.75","660.00","6.13K","-1.19%"
"12/13/2013","672.40","675.00","679.00","664.05","80.05K","+0.05%"
"12/12/2013","672.05","674.00","678.40","665.10","21.93K","+0.01%"
"12/11/2013","671.95","669.00","678.90","666.10","39.71K","+2.05%"
"12/10/2013","658.45","659.95","674.95","654.00","519.71K","-0.78%"
"12/09/2013","663.65","664.00","677.60","646.50","9.54K","+0.57%"
"12/06/2013","659.90","651.90","661.00","640.10","267.53K","+2.29%"
"12/05/2013","645.10","649.95","650.05","644.10","2.80K","-0.92%"
"12/04/2013","651.10","646.00","653.50","644.95","12.55K","+0.11%"
"12/03/2013","650.40","654.95","654.95","632.20","9.85K","+1.12%"
"12/02/2013","643.20","654.00","658.95","638.80","3.53K","-1.50%"
"11/29/2013","653.00","659.80","659.85","652.00","50.81K","+0.25%"
"11/28/2013","651.35","650.50","664.00","646.25","16.40K","+0.28%"
"11/27/2013","649.55","652.30","659.30","646.00","19.86K","+0.81%"
"11/26/2013","644.30","615.10","653.70","615.10","29.02K","+4.13%"
"11/25/2013","618.75","619.50","620.00","616.00","11.34K","+0.09%"
"11/22/2013","618.20","617.00","622.45","616.50","7.84K","+0.34%"
"11/21/2013","616.10","618.50","621.00","613.05","29.43K","-0.41%"
"11/20/2013","618.65","614.45","622.00","614.45","25.08K","+0.68%"
"11/19/2013","614.45","618.00","626.35","610.25","11.30K","-0.19%"
"11/18/2013","615.60","615.05","620.00","614.00","15.89K","-0.21%"
"11/14/2013","616.90","615.05","622.00","615.05","7.85K","-0.12%"
"11/13/2013","617.65","610.00","620.00","610.00","74.45K","+1.35%"
"11/12/2013","609.45","615.00","623.00","607.70","28.38K","-1.55%"
"11/11/2013","619.05","622.75","622.80","617.90","3.52K","+0.19%"
"11/08/2013","617.90","613.05","621.00","605.05","15.45K","-0.13%"
"11/07/2013","618.70","614.15","633.50","614.15","5.26K","-0.61%"
"11/06/2013","622.50","635.95","636.00","620.00","7.03K","-1.24%"
"11/05/2013","630.30","604.95","637.05","600.55","25.55K","+3.68%"
"11/01/2013","607.95","603.85","610.00","592.20","5.86K","+0.74%"
"10/31/2013","603.50","608.90","608.90","595.30","2.63K","-0.26%"
"10/30/2013","605.10","602.15","609.00","600.00","9.78K","-0.74%"
"10/29/2013","609.60","604.00","611.00","594.05","15.49K","+0.44%"
"10/28/2013","606.95","575.00","610.15","575.00","57.72K","+5.43%"
"10/25/2013","575.70","577.15","581.70","572.10","3.21K","-0.25%"
"10/24/2013","577.15","555.15","585.00","555.15","4.92K","+3.06%"
"10/23/2013","560.00","563.95","564.00","550.05","2.99K","+0.42%"
"10/22/2013","557.65","549.00","568.25","549.00","9.49K","+1.38%"
"10/21/2013","550.05","520.05","553.95","520.05","8.28K","+3.82%"
"10/18/2013","529.80","521.90","531.00","519.70","14.39K","+0.31%"
"10/17/2013","528.15","529.95","531.85","511.15","3.40K","+0.71%"
"10/15/2013","524.45","528.05","529.35","521.00","2.30K","-0.83%"
"10/14/2013","528.85","520.05","534.80","520.00","2.85K","-0.18%"
"10/11/2013","529.80","524.00","530.00","517.30","1.84K","+0.53%"
"10/10/2013","527.00","528.00","534.80","518.00","856","-0.17%"
"10/09/2013","527.90","527.05","529.95","521.00","399","-0.40%"
"10/08/2013","530.00","536.00","536.00","526.95","2.62K","-1.57%"
"10/07/2013","538.45","508.55","548.45","508.55","6.80K","+3.26%"
"10/04/2013","521.45","510.35","528.30","506.75","10.68K","+0.45%"
"10/03/2013","519.10","512.00","524.00","512.00","5.20K","+1.46%"
"10/01/2013","511.65","500.00","520.00","499.95","32.52K","+1.58%"
"09/30/2013","503.70","528.70","528.70","501.00","2.45K","-0.64%"
"09/27/2013","506.95","529.00","529.00","501.00","19.08K","-3.49%"
"09/26/2013","525.30","519.70","525.50","505.60","12.36K","+3.03%"
"09/25/2013","509.85","505.00","514.45","504.05","2.08K","+0.50%"
"09/24/2013","507.30","500.80","509.00","500.00","7.70K","+0.24%"
"09/23/2013","506.10","497.00","512.95","497.00","1.22K","+0.02%"
"09/20/2013","506.00","496.05","514.90","496.05","1.65K","+0.08%"
"09/19/2013","505.60","494.00","525.00","491.00","8.18K","+0.67%"
"09/18/2013","502.25","506.55","506.55","495.10","1.59K","+0.58%"
"09/17/2013","499.35","510.00","512.15","491.00","2.76K","-1.48%"
"09/16/2013","506.85","516.50","526.80","504.00","2.64K","-1.84%"
"09/13/2013","516.35","514.95","519.00","507.90","1.54K","+1.01%"
"09/12/2013","511.20","510.40","513.80","507.40","94.00K","-0.03%"
"09/11/2013","511.35","500.00","515.00","495.05","5.56K","+1.33%"
"09/10/2013","504.65","477.10","510.00","477.05","5.36K","+4.69%"
"09/06/2013","482.05","484.95","491.90","475.40","2.83K","-1.78%"
"09/05/2013","490.80","478.95","492.00","478.95","22.21K","+1.68%"
"09/04/2013","482.70","462.05","485.00","462.05","305","+1.90%"
"09/03/2013","473.70","472.10","489.00","465.50","2.02K","-1.92%"
"09/02/2013","482.95","471.00","485.70","471.00","57.70K","+0.98%"
"08/30/2013","478.25","456.65","484.90","456.55","10.98K","+2.10%"
"08/29/2013","468.40","457.00","469.00","455.00","8.22K","+3.07%"
"08/28/2013","454.45","450.10","460.00","440.40","245.09K","-0.33%"
"08/27/2013","455.95","479.70","479.70","451.35","1.62K","-0.88%"
"08/26/2013","460.00","473.35","473.35","455.00","10.32K","-1.46%"
"08/23/2013","466.80","457.30","469.65","457.05","2.57K","+0.41%"
"08/22/2013","464.90","465.50","465.50","457.00","3.10K","+0.75%"
"08/21/2013","461.45","469.40","469.40","458.25","2.40K","+0.47%"
"08/20/2013","459.30","459.55","462.00","444.10","4.25K","-0.95%"
"08/19/2013","463.70","460.40","471.85","450.05","2.43K","-1.10%"
"08/16/2013","468.85","469.95","471.00","463.40","6.00K","-0.29%"
"08/14/2013","470.20","474.95","474.95","460.40","2.93K","+1.68%"
"08/13/2013","462.45","462.00","463.45","450.00","3.64K","+2.74%"
"08/12/2013","450.10","457.75","457.75","440.60","1.85K","+2.32%"
"08/08/2013","439.90","447.00","459.95","433.10","10.36K","-0.64%"
"08/07/2013","442.75","438.15","450.00","432.50","25.32K","-0.49%"
"08/06/2013","444.95","461.85","461.85","432.50","23.89K","-3.66%"
"08/05/2013","461.85","499.95","499.95","457.00","12.55K","-4.94%"
"08/02/2013","485.85","495.00","504.90","481.05","58.32K","-2.65%"
"08/01/2013","499.10","525.00","525.00","493.75","114.88K","-0.32%"
"07/31/2013","500.70","495.15","504.70","490.50","5.21K","-0.28%"
"07/30/2013","502.10","500.00","505.95","490.35","13.26K","+0.44%"
"07/29/2013","499.90","501.00","502.00","485.20","9.06K","+1.02%"
"07/26/2013","494.85","497.00","497.00","488.10","7.91K","+0.08%"
"07/25/2013","494.45","501.90","514.00","492.50","3.85K","-2.50%"
"07/24/2013","507.15","496.50","511.75","483.95","24.71K","+3.11%"
"07/23/2013","491.85","502.95","502.95","487.05","3.00K","-0.66%"
"07/22/2013","495.10","503.95","508.95","491.00","14.54K","-1.27%"
"07/19/2013","501.45","506.10","510.00","500.00","51.81K","-0.91%"
"07/18/2013","506.05","505.05","515.00","505.00","50.38K","-0.82%"
"07/17/2013","510.25","518.00","518.00","505.00","2.47K","+1.13%"
"07/16/2013","504.55","506.00","514.00","498.00","25.34K","+0.53%"
"07/15/2013","501.90","498.95","504.00","488.90","1.37K","+1.63%"
"07/12/2013","493.85","503.50","503.50","490.00","2.21K","-0.23%"
"07/11/2013","495.00","495.00","497.95","488.05","31.76K","+1.29%"
"07/10/2013","488.70","493.75","494.85","485.00","5.73K","+0.45%"
"07/09/2013","486.50","485.05","497.65","485.05","2.89K","-1.05%"
"07/08/2013","491.65","499.95","499.95","490.50","811","-0.67%"
"07/05/2013","494.95","498.10","505.00","482.50","144.68K","-1.11%"
"07/04/2013","500.50","502.30","510.00","495.00","11.45K","-1.13%"
"07/03/2013","506.20","510.00","515.00","501.40","2.18K","-0.88%"
"07/02/2013","510.70","512.15","515.15","505.30","3.75K","-0.27%"
"07/01/2013","512.10","519.65","521.15","509.20","3.00K","-1.27%"
"06/28/2013","518.70","519.00","523.00","511.30","34.46K","+0.93%"
"06/27/2013","513.90","515.35","548.00","507.15","42.42K","-1.77%"
"06/26/2013","523.15","513.30","527.00","513.30","7.65K","+0.03%"
"06/25/2013","523.00","521.00","525.00","520.05","15.88K","-0.05%"
"06/24/2013","523.25","522.10","525.05","520.00","4.73K","+0.24%"
"06/21/2013","522.00","515.10","524.00","515.05","3.36K","-0.56%"
"06/20/2013","524.95","516.35","529.00","516.35","1.55K","-0.94%"
"06/19/2013","529.95","523.65","533.00","518.35","9.49K","+0.99%"
"06/18/2013","524.75","529.95","530.00","524.25","2.95K","+0.08%"
"06/17/2013","524.35","524.00","534.00","520.00","237.26K","+0.02%"
"06/14/2013","524.25","519.85","531.00","506.00","4.63K","+2.15%"
"06/13/2013","513.20","524.55","524.55","502.05","68.36K","-2.22%"
"06/12/2013","524.85","531.00","535.05","521.00","21.29K","-1.90%"
"06/11/2013","535.00","540.05","545.00","531.50","12.42K","-2.58%"
"06/10/2013","549.15","549.90","555.05","541.00","15.87K","+0.05%"
"06/07/2013","548.85","562.00","562.00","541.20","10.22K","-1.58%"
"06/06/2013","557.65","557.45","559.95","541.15","4.04K","+1.36%"
"06/05/2013","550.15","555.10","558.05","547.00","5.14K","-1.19%"
"06/04/2013","556.80","560.30","571.40","548.00","15.05K","-1.88%"
"06/03/2013","567.45","572.00","577.95","551.55","6.53K","+0.43%"
"05/31/2013","565.00","560.05","574.95","560.05","40.34K","-0.01%"
"05/30/2013","565.05","570.05","570.05","561.15","2.75K","-0.27%"
"05/29/2013","566.60","572.00","578.35","565.00","11.38K","+0.24%"
"05/28/2013","565.25","566.25","569.15","564.00","3.40K","-0.57%"
"05/27/2013","568.50","590.00","590.00","565.00","3.20K","-0.25%"
"05/24/2013","569.95","557.00","575.00","555.20","6.78K","+0.46%"
"05/23/2013","567.35","564.85","589.00","560.60","6.87K","-1.79%"
"05/22/2013","577.70","570.00","584.95","565.60","4.72K","+0.42%"
"05/21/2013","575.30","568.65","579.00","568.65","1.97K","-0.48%"
"05/20/2013","578.05","576.95","588.90","573.00","5.63K","+1.60%"
"05/17/2013","568.95","581.80","581.90","565.50","2.97K","-1.23%"
"05/16/2013","576.05","572.05","584.95","565.30","5.21K","-0.49%"
"05/15/2013","578.90","598.80","598.80","576.50","2.73K","-1.79%"
"05/14/2013","589.45","585.00","599.00","581.10","5.64K","-1.81%"
"05/13/2013","600.30","568.00","627.00","567.50","99.14K","+2.49%"
"05/10/2013","585.70","542.50","595.00","542.50","23.42K","+6.48%"
"05/09/2013","550.05","538.90","553.70","533.10","25.83K","+2.97%"
"05/08/2013","534.20","542.00","543.00","532.50","42.97K","-0.95%"
"05/07/2013","539.35","538.20","541.00","536.05","1.64K","-0.40%"
"05/06/2013","541.50","542.15","543.50","532.40","24.77K","-0.12%"
"05/03/2013","542.15","537.05","544.80","535.10","8.08K","-0.58%"
"05/02/2013","545.30","558.50","560.50","537.60","10.34K","-1.68%"
"04/30/2013","554.60","550.00","558.50","515.40","66.63K","+1.04%"
"04/29/2013","548.90","553.85","555.00","546.00","2.79K","-0.32%"
"04/26/2013","550.65","548.95","555.00","542.25","53.08K","+0.39%"
"04/25/2013","548.50","538.35","551.00","538.35","2.49K","+0.16%"
"04/23/2013","547.60","553.00","553.00","544.55","1.86K","-0.35%"
"04/22/2013","549.55","550.95","553.80","546.00","1.70K","-0.38%"
"04/18/2013","551.65","550.00","554.80","536.50","1.92K","+0.35%"
"04/17/2013","549.70","554.40","557.00","542.05","5.77K","-0.25%"
"04/16/2013","551.10","554.95","554.95","545.05","1.20K","+0.69%"
"04/15/2013","547.30","552.40","553.95","545.00","3.94K","-0.17%"
"04/12/2013","548.25","549.00","549.00","538.35","105.69K","+0.09%"
"04/11/2013","547.75","544.95","549.80","536.05","58.02K","+0.56%"
"04/10/2013","544.70","536.45","547.75","536.45","4.67K","-0.24%"
"04/09/2013","546.00","550.00","552.80","538.05","3.71K","-1.02%"
"04/08/2013","551.60","565.85","565.85","545.00","2.10K","-0.12%"
"04/05/2013","552.25","549.95","555.80","542.05","2.64K","+1.57%"
"04/04/2013","543.70","543.55","571.70","541.05","48.77K","-1.74%"
"04/03/2013","553.30","561.55","561.55","550.05","39.48K","-2.98%"
"04/02/2013","570.30","578.95","578.95","550.05","5.61K","+2.94%"
"04/01/2013","554.00","544.00","560.00","544.00","3.24K","+0.51%"
"03/28/2013","551.20","542.55","558.95","542.05","5.02K","+0.03%"
"03/26/2013","551.05","545.00","553.35","545.00","12.05K","-0.47%"
"03/25/2013","553.65","557.80","557.80","540.60","12.47K","+0.30%"
"03/22/2013","552.00","447.00","554.95","447.00","2.88K","-0.31%"
"03/21/2013","553.70","550.00","554.00","542.05","3.88K","-0.02%"
"03/20/2013","553.80","544.25","555.20","540.00","7.90K","-0.22%"
"03/19/2013","555.00","555.00","559.00","551.00","14.18K","-0.50%"
"03/18/2013","557.80","538.30","559.50","538.30","19.72K","+1.46%"
"03/15/2013","549.80","550.00","554.95","544.05","1.23K","-0.12%"
"03/14/2013","550.45","562.40","562.40","543.00","1.21K","+0.26%"
"03/13/2013","549.00","530.85","553.80","530.85","4.30K","+0.52%"
"03/12/2013","546.15","560.40","564.00","540.00","5.08K","-3.22%"
"03/11/2013","564.30","566.00","568.65","560.50","26.01K","-0.42%"
"03/08/2013","566.70","570.00","575.00","551.55","4.79K","+1.46%"
"03/07/2013","558.55","563.25","563.75","551.20","854","+0.99%"
"03/06/2013","553.10","546.00","559.00","536.00","6.48K","+2.87%"
"03/05/2013","537.65","509.00","547.50","509.00","4.24K","+5.50%"
"03/04/2013","509.60","510.00","514.85","507.00","106.47K","-0.14%"
"03/01/2013","510.30","512.05","519.95","504.15","4.62K","-0.93%"
"02/28/2013","515.10","515.00","518.00","502.00","5.26K","+0.29%"
"02/27/2013","513.60","525.00","525.95","509.85","6.24K","-1.71%"
"02/26/2013","522.55","530.00","532.95","507.55","21.60K","-2.28%"
"02/25/2013","534.75","554.80","554.80","525.00","150.68K","-1.92%"
"02/22/2013","545.20","545.05","552.90","443.00","16.24K","-0.83%"
"02/21/2013","549.75","545.15","559.65","545.10","7.04K","-0.12%"
"02/20/2013","550.40","558.00","558.00","542.05","3.32K","-0.02%"
"02/19/2013","550.50","550.05","555.95","541.00","10.16K","+0.00%"
"02/18/2013","550.50","571.85","571.85","546.60","34.73K","-0.67%"
"02/15/2013","554.20","555.10","561.40","551.00","2.10K","+0.10%"
"02/14/2013","553.65","545.55","556.95","544.70","1.91K","+0.23%"
"02/13/2013","552.40","570.00","570.00","547.95","5.09K","-0.76%"
"02/12/2013","556.65","545.00","570.00","545.00","9.67K","+1.53%"
"02/11/2013","548.25","550.60","556.30","546.05","4.73K","-1.03%"
"02/08/2013","553.95","565.00","573.95","545.00","40.67K","-2.50%"
"02/07/2013","568.15","572.00","572.40","563.00","144.51K","-0.51%"
"02/06/2013","571.05","574.40","574.95","560.60","9.04K","-0.60%"
"02/05/2013","574.50","590.00","590.00","571.00","6.50K","-0.92%"
"02/04/2013","579.85","597.40","597.45","575.05","7.31K","+0.00%"
"02/01/2013","579.85","573.35","587.00","573.35","3.27K","+0.09%"
"01/31/2013","579.30","588.85","588.85","572.30","36.99K","+0.88%"
"01/30/2013","574.25","584.95","585.00","570.65","93.92K","-0.83%"
"01/29/2013","579.05","583.55","590.00","576.75","27.78K","-0.76%"
"01/28/2013","583.50","599.75","599.75","581.60","2.93K","-1.12%"
"01/25/2013","590.10","589.00","599.65","587.00","4.20K","-0.59%"
"01/24/2013","593.60","589.00","598.10","587.00","2.21K","+0.28%"
"01/23/2013","591.95","599.45","599.50","586.00","92.53K","-1.08%"
"01/22/2013","598.40","590.35","605.00","590.30","5.79K","-0.18%"
"01/21/2013","599.45","593.30","603.90","584.00","6.88K","+0.46%"
"01/18/2013","596.70","599.95","603.90","594.35","72.80K","+0.36%"
"01/17/2013","594.55","596.80","602.95","594.00","12.03K","-0.91%"
"01/16/2013","600.00","614.50","614.50","595.00","33.78K","+0.03%"
"01/15/2013","599.85","609.95","609.95","596.70","30.13K","-1.37%"
"01/14/2013","608.20","605.00","615.50","599.00","56.96K","+0.47%"
"01/11/2013","605.35","612.95","612.95","601.00","7.64K","-0.57%"
"01/10/2013","608.80","622.70","622.70","607.20","23.12K","-1.21%"
"01/09/2013","616.25","620.05","627.90","609.95","14.86K","-1.03%"
"01/08/2013","622.65","615.00","624.85","614.00","3.25K","+0.45%"
"01/07/2013","619.85","629.85","629.90","616.50","45.19K","-0.32%"
"01/04/2013","621.85","627.45","629.95","617.00","68.07K","-1.24%"
"01/03/2013","629.65","636.60","636.60","623.00","55.73K","-0.44%"
"01/02/2013","632.45","638.05","641.00","626.20","5.97K","-1.31%"
"01/01/2013","640.85","636.00","644.80","636.00","2.65K","+0.15%"
"12/31/2012","639.90","627.25","642.20","625.00","18.90K","+1.93%"
"12/28/2012","627.80","627.00","629.95","623.50","2.87K","+0.42%"
"12/27/2012","625.15","625.00","629.55","625.00","1.51K","-0.26%"
"12/26/2012","626.80","625.05","629.95","622.35","7.04K","-0.32%"
"12/24/2012","628.80","632.00","632.00","622.00","3.88K","-0.30%"
"12/21/2012","630.70","635.00","635.00","626.30","926","-0.62%"
"12/20/2012","634.65","641.95","642.00","632.70","1.70K","-0.91%"
"12/19/2012","640.50","642.00","642.00","635.15","3.26K","-0.02%"
"12/18/2012","640.65","642.00","643.00","634.95","3.57K","-0.04%"
"12/17/2012","640.90","643.50","643.50","635.25","183.77K","+0.28%"
"12/14/2012","639.10","639.60","643.50","638.00","6.13K","+0.10%"
"12/13/2012","638.45","633.00","644.60","632.00","4.65K","+0.00%"
"12/12/2012","638.45","635.40","645.00","635.00","2.05K","-0.25%"
"12/11/2012","640.05","638.95","642.30","632.00","2.79K","-0.07%"
"12/10/2012","640.50","649.55","649.55","635.00","843","+0.07%"
"12/07/2012","640.05","655.90","655.90","640.00","1.17K","-0.78%"
"12/06/2012","645.05","647.95","648.00","629.00","5.70K","+0.33%"
"12/05/2012","642.90","652.95","652.95","636.00","4.78K","-0.29%"
"12/04/2012","644.75","634.00","647.00","632.10","67.79K","+1.07%"
"12/03/2012","637.95","631.00","643.85","631.00","11.10K","+0.00%"
"11/30/2012","637.95","632.20","640.00","627.55","9.47K","+0.95%"
"11/29/2012","631.95","641.65","641.70","627.70","104.05K","-0.32%"
"11/27/2012","634.00","618.90","639.90","601.10","65.17K","+3.92%"
"11/26/2012","610.10","604.95","612.95","597.05","2.92K","+1.18%"
"11/23/2012","603.00","600.45","607.00","592.05","3.60K","+0.57%"
"11/22/2012","599.60","600.05","609.30","590.00","14.50K","-0.07%"
"11/21/2012","600.00","597.65","602.90","590.00","2.42K","+1.04%"
"11/20/2012","593.80","604.00","604.75","580.00","14.89K","-1.67%"
"11/19/2012","603.90","623.00","625.05","595.60","66.09K","-2.99%"
"11/16/2012","622.50","629.40","629.45","613.05","11.30K","-0.65%"
"11/15/2012","626.60","639.00","640.00","620.00","20.54K","-0.42%"
"11/13/2012","629.25","625.00","634.00","625.00","204","+0.66%"
"11/12/2012","625.15","620.00","628.00","611.30","1.24K","+0.11%"
"11/09/2012","624.45","625.00","627.00","620.00","1.40K","+0.57%"
"11/08/2012","620.90","630.00","635.35","613.10","30.34K","-0.53%"
"11/07/2012","624.20","628.00","631.90","622.95","1.96K","-0.80%"
"11/06/2012","629.25","633.05","634.90","619.15","67.44K","-0.59%"
"11/05/2012","633.00","639.95","643.50","626.90","16.38K","-1.53%"
"11/02/2012","642.85","641.00","648.00","630.10","41.91K","+0.70%"
"11/01/2012","638.35","644.05","645.50","635.00","2.69K","-1.45%"
"10/31/2012","647.75","643.00","653.75","641.05","33.34K","+0.37%"
"10/30/2012","645.35","651.00","657.45","640.00","12.52K","-1.02%"
"10/29/2012","652.00","642.10","654.95","642.00","5.16K","-0.12%"
"10/26/2012","652.80","650.00","670.00","630.20","36.36K","+0.01%"
"10/25/2012","652.75","664.00","667.95","648.00","24.30K","-2.21%"
"10/23/2012","667.50","682.70","682.70","664.95","2.91K","-1.05%"
"10/22/2012","674.55","683.95","684.00","670.60","1.89K","-0.17%"
"10/19/2012","675.70","672.50","679.90","670.15","5.28K","-0.41%"
"10/18/2012","678.50","673.00","679.00","667.30","4.71K","+1.68%"
"10/17/2012","667.30","676.90","676.90","665.20","566","-0.40%"
"10/16/2012","670.00","675.00","677.00","663.15","2.51K","-0.24%"
"10/15/2012","671.60","670.90","678.95","670.00","1.76K","+0.08%"
"10/12/2012","671.05","660.00","679.00","660.00","7.29K","+1.24%"
"10/11/2012","662.85","657.35","667.00","641.10","9.07K","+0.13%"
"10/10/2012","662.00","661.05","665.00","656.05","5.19K","-0.12%"
"10/09/2012","662.80","664.25","670.00","658.00","5.60K","+0.00%"
"10/08/2012","662.80","667.95","670.05","660.00","2.10K","-0.76%"
"10/05/2012","667.85","700.00","700.00","655.50","3.48K","-0.72%"
"10/04/2012","672.70","668.05","680.00","668.05","3.83K","-0.95%"
"10/03/2012","679.15","683.40","702.00","671.45","6.43K","-0.59%"
"10/01/2012","683.20","674.00","687.95","663.05","10.59K","+2.29%"
"09/28/2012","667.90","631.30","675.00","631.30","19.66K","+2.88%"
"09/27/2012","649.20","646.00","654.90","636.20","1.57K","-0.14%"
"09/26/2012","650.10","631.15","654.95","630.40","13.58K","+2.33%"
"09/25/2012","635.30","630.15","639.80","630.15","2.32K","+0.52%"
"09/24/2012","632.00","635.00","635.00","626.25","44.56K","-0.35%"
"09/21/2012","634.20","627.00","638.95","625.50","2.43K","+1.10%"
"09/20/2012","627.30","630.10","630.10","620.50","1.45K","-0.74%"
"09/18/2012","631.95","645.00","645.00","629.00","1.02K","-1.11%"
"09/17/2012","639.05","658.90","658.90","628.70","6.74K","-0.97%"
"09/14/2012","645.30","651.90","663.95","636.00","5.52K","-1.01%"
"09/13/2012","651.90","633.50","660.00","633.50","12.24K","+2.56%"
"09/12/2012","635.65","619.00","638.00","619.00","22.95K","+2.52%"
"09/11/2012","620.00","618.05","623.00","618.00","88.05K","-0.23%"
"09/10/2012","621.40","612.75","625.15","610.00","2.37K","+0.86%"
"09/07/2012","616.10","609.55","618.50","609.55","11.04K","+0.35%"
"09/06/2012","613.95","610.00","615.10","608.15","1.37K","+0.38%"
"09/05/2012","611.60","608.00","615.10","605.10","1.81K","+0.48%"
"09/04/2012","608.70","610.00","613.85","605.25","1.50K","+0.44%"
"09/03/2012","606.05","627.00","627.00","601.00","2.80K","-0.68%"
"08/31/2012","610.20","610.00","613.55","610.00","2.05K","-0.17%"
"08/30/2012","611.25","602.55","615.00","602.50","2.12K","+0.02%"
"08/29/2012","611.15","608.05","613.85","608.05","1.69K","+0.02%"
"08/28/2012","611.00","608.00","612.00","608.00","3.20K","+0.34%"
"08/27/2012","608.95","610.00","614.80","605.05","1.98K","+0.16%"
"08/24/2012","607.95","608.95","608.95","600.00","1.87K","+0.45%"
"08/23/2012","605.20","609.65","609.95","601.10","3.12K","+1.01%"
"08/22/2012","599.15","607.25","618.95","594.90","24.94K","-2.70%"
"08/21/2012","615.80","625.80","628.00","610.00","2.13K","-0.68%"
"08/17/2012","620.00","623.00","623.00","615.00","8.17K","+0.74%"
"08/16/2012","615.45","611.00","617.95","610.00","1.91K","+0.63%"
"08/14/2012","611.60","615.10","615.10","605.50","1.69K","+0.43%"
"08/13/2012","609.00","622.05","623.95","608.05","19.78K","-1.98%"
"08/10/2012","621.30","615.05","626.10","615.05","2.69K","+0.22%"
"08/09/2012","619.95","616.05","626.00","616.05","5.34K","-0.08%"
"08/08/2012","620.45","615.00","633.00","614.70","36.22K","-0.39%"
"08/07/2012","622.90","629.00","630.00","619.00","4.57K","-0.87%"
"08/06/2012","628.35","620.10","629.85","618.10","5.73K","+1.51%"
"08/03/2012","619.00","620.00","624.30","616.00","6.11K","-1.06%"
"08/02/2012","625.65","610.00","627.00","610.00","7.17K","+1.92%"
"08/01/2012","613.85","604.00","616.75","604.00","6.63K","+0.65%"
"07/31/2012","609.90","612.95","617.85","597.15","5.32K","+2.15%"
"07/30/2012","597.05","600.00","624.25","592.35","1.58K","-0.38%"
"07/27/2012","599.35","618.85","618.85","591.10","3.51K","-1.75%"
"07/26/2012","610.00","618.95","618.95","606.00","13.36K","-0.03%"
"07/25/2012","610.20","611.10","614.70","605.20","66.17K","-1.44%"
"07/24/2012","619.10","620.00","626.20","618.00","50.42K","-0.55%"
"07/23/2012","622.50","637.95","637.95","618.00","29.68K","-1.18%"
"07/20/2012","629.95","630.00","632.95","623.00","14.11K","-0.02%"
"07/19/2012","630.10","639.00","639.00","621.55","3.37K","+0.82%"
"07/18/2012","624.95","636.00","638.00","622.25","7.76K","-1.61%"
"07/17/2012","635.15","648.00","655.00","635.00","4.72K","-1.11%"
"07/16/2012","642.30","634.15","647.50","633.10","48.17K","+0.86%"
"07/13/2012","636.85","635.00","644.90","630.10","79.05K","+0.74%"
"07/12/2012","632.15","625.00","635.00","618.50","56.72K","+1.14%"
"07/11/2012","625.05","629.00","630.00","620.15","52.49K","+0.33%"
"07/10/2012","623.00","610.00","628.00","610.00","5.56K","+1.67%"
"07/09/2012","612.75","607.00","618.95","607.00","30.27K","-0.02%"
"07/06/2012","612.90","629.95","629.95","611.05","10.77K","-1.70%"
"07/05/2012","623.50","630.00","630.00","619.00","65.49K","+0.68%"
"07/04/2012","619.30","610.30","629.90","610.30","3.13K","-0.43%"
"07/03/2012","621.95","615.00","623.95","614.00","3.07K","+1.16%"
"07/02/2012","614.80","627.95","627.95","609.00","4.33K","-0.02%"
"06/29/2012","614.95","615.00","624.00","613.30","2.19K","+0.90%"
"06/28/2012","609.45","620.00","625.70","606.05","2.24K","-1.22%"
"06/27/2012","617.00","619.05","624.95","617.00","177","-0.84%"
"06/26/2012","622.25","618.00","623.95","616.10","926","+0.21%"
"06/25/2012","620.95","626.05","627.00","619.15","2.73K","-0.66%"
"06/22/2012","625.10","619.95","627.95","619.50","1.21K","+0.69%"
"06/21/2012","620.80","620.00","621.00","615.50","454","+0.53%"
"06/20/2012","617.55","614.00","620.00","613.10","1.77K","+0.55%"
"06/19/2012","614.20","623.50","623.50","611.50","993","-0.31%"
"06/18/2012","616.10","624.85","624.90","611.05","1.48K","-0.44%"
"06/15/2012","618.85","612.05","624.50","612.00","1.42K","+0.14%"
"06/14/2012","618.00","620.00","621.00","615.65","54.90K","-0.48%"
"06/13/2012","620.95","630.00","630.00","615.80","3.54K","+0.10%"
"06/12/2012","620.35","618.05","625.00","606.10","27.41K","-0.66%"
"06/11/2012","624.45","621.05","629.50","621.05","745","+0.66%"
"06/08/2012","620.35","624.50","625.00","615.55","61.61K","-0.57%"
"06/07/2012","623.90","631.95","631.95","616.00","76.10K","+1.30%"
"06/06/2012","615.90","632.80","632.85","613.40","1.55K","+1.02%"
"06/05/2012","609.70","618.00","620.95","605.40","1.13K","-0.22%"
"06/04/2012","611.05","621.00","623.40","606.00","3.38K","-2.51%"
"06/01/2012","626.80","630.15","648.45","625.15","2.79K","-2.04%"
"05/31/2012","639.85","636.00","648.00","628.65","53.19K","+0.65%"
"05/30/2012","635.70","659.90","659.90","628.00","1.09K","-0.95%"
"05/29/2012","641.80","636.70","655.00","636.70","1.45K","-0.84%"
"05/28/2012","647.25","684.45","684.45","642.00","2.46K","-0.66%"
"05/25/2012","651.55","674.45","674.45","648.15","2.34K","-0.08%"
"05/24/2012","652.05","655.05","663.65","648.15","4.21K","-2.16%"
"05/23/2012","666.45","670.00","670.00","643.00","121.33K","-0.66%"
"05/22/2012","670.90","669.80","673.90","655.55","11.81K","+1.06%"
"05/21/2012","663.85","655.00","666.00","655.00","11.48K","+0.36%"
"05/18/2012","661.50","652.25","667.85","652.25","12.27K","-0.61%"
"05/17/2012","665.55","665.00","669.00","646.20","18.85K","+0.86%"
"05/16/2012","659.85","650.00","668.00","649.00","5.14K","+1.45%"
"05/15/2012","650.45","642.05","657.95","642.00","5.90K","-0.05%"
"05/14/2012","650.75","647.05","664.95","647.05","6.94K","-1.30%"
"05/11/2012","659.35","643.35","670.00","643.35","14.11K","+1.15%"
"05/10/2012","651.85","660.05","667.80","643.00","8.26K","-0.70%"
"05/09/2012","656.45","669.60","669.60","649.00","7.93K","-0.63%"
"05/08/2012","660.60","664.05","674.95","656.00","2.80K","-1.43%"
"05/07/2012","670.15","669.90","674.80","660.00","3.09K","+1.32%"
"05/04/2012","661.45","666.45","672.45","656.00","2.54K","-1.57%"
"05/03/2012","672.00","665.00","675.00","663.60","4.45K","+0.22%"
"05/02/2012","670.55","674.80","674.80","663.50","1.93K","+1.05%"
"04/30/2012","663.60","670.00","670.00","660.00","937","-0.02%"
"04/27/2012","663.70","652.95","669.90","645.00","5.19K","+1.64%"
"04/26/2012","653.00","670.00","670.05","647.00","63.42K","-2.15%"
"04/25/2012","667.35","680.00","684.90","666.00","4.69K","-1.60%"
"04/24/2012","678.20","682.30","693.00","676.20","5.58K","-1.58%"
"04/23/2012","689.10","700.00","703.90","686.00","2.19K","-1.48%"
"04/20/2012","699.45","709.90","714.40","695.00","22.14K","-0.29%"
"04/19/2012","701.50","699.00","706.85","688.70","13.19K","-0.16%"
"04/18/2012","702.65","714.85","720.00","694.25","18.90K","-0.11%"
"04/17/2012","703.45","690.00","714.40","681.30","49.97K","+2.02%"
"04/16/2012","689.50","685.20","699.00","680.05","8.08K","-1.50%"
"04/13/2012","700.00","691.00","702.80","690.00","24.91K","+0.36%"
"04/12/2012","697.50","700.00","706.10","693.00","2.99K","-0.53%"
"04/11/2012","701.20","700.00","707.95","692.25","115.79K","-0.50%"
"04/10/2012","704.75","706.05","712.00","686.10","8.14K","-0.18%"
"04/09/2012","706.05","720.00","720.45","702.20","79.38K","-1.90%"
"04/04/2012","719.70","724.00","727.60","716.00","3.25K","-0.70%"
"04/03/2012","724.75","715.00","728.80","708.05","98.39K","+2.08%"
"04/02/2012","710.00","671.30","719.85","664.70","27.34K","+2.71%"
"03/30/2012","691.25","702.00","702.00","672.10","16.70K","+1.62%"
"03/29/2012","680.20","683.65","683.95","670.00","2.14K","+0.90%"
"03/28/2012","674.10","689.00","692.50","672.50","2.81K","-2.09%"
"03/27/2012","688.50","686.00","691.00","670.05","12.74K","+0.55%"
"03/26/2012","684.75","675.00","688.00","665.10","12.24K","+2.32%"
"03/23/2012","669.20","668.20","682.60","663.25","4.58K","-0.86%"
"03/22/2012","675.00","665.00","678.00","661.00","20.70K","+1.60%"
"03/21/2012","664.35","653.70","670.00","644.35","9.87K","+2.69%"
"03/20/2012","646.95","659.85","659.85","644.00","64.81K","-0.71%"
"03/19/2012","651.55","668.90","668.90","647.00","2.67K","+0.11%"
"03/16/2012","650.85","657.50","664.95","648.00","2.01K","-1.12%"
"03/15/2012","658.20","650.00","662.45","646.00","13.52K","+2.01%"
"03/14/2012","645.20","654.00","660.00","642.00","73.52K","-0.28%"
"03/13/2012","647.00","647.10","650.00","641.00","8.37K","+0.43%"
"03/12/2012","644.25","655.00","659.90","641.00","3.71K","-0.90%"
"03/09/2012","650.10","652.95","658.00","648.15","6.51K","+0.11%"
"03/07/2012","649.40","654.00","654.00","642.20","10.39K","-0.09%"
"03/06/2012","650.00","646.00","659.80","644.05","13.22K","+0.42%"
"03/05/2012","647.25","643.00","656.00","643.00","17.87K","-1.88%"
"03/02/2012","659.65","660.00","670.00","655.00","5.31K","-1.43%"
"03/01/2012","669.25","650.00","672.50","642.00","22.53K","+2.80%"
"02/29/2012","651.05","655.00","662.00","648.35","1.65K","-0.50%"
"02/28/2012","654.30","664.00","664.00","647.00","14.15K","-0.52%"
"02/27/2012","657.75","670.00","670.00","644.30","18.08K","-0.08%"
"02/24/2012","658.30","643.30","666.00","643.30","20.93K","-0.74%"
"02/23/2012","663.20","659.20","686.90","659.20","58.25K","-2.35%"
"02/22/2012","679.15","683.00","690.00","675.25","3.73K","-1.19%"
"02/21/2012","687.30","683.95","700.00","675.50","10.87K","+0.49%"
"02/17/2012","683.95","695.00","697.90","673.30","8.06K","-0.40%"
"02/16/2012","686.70","664.00","692.00","664.00","6.20K","+2.56%"
"02/15/2012","669.55","675.00","687.70","665.25","17.79K","-0.83%"
"02/14/2012","675.15","680.00","680.00","661.90","8.33K","+0.31%"
"02/13/2012","673.05","650.00","676.95","636.25","41.09K","+3.79%"
"02/10/2012","648.50","640.90","652.00","630.15","5.14K","+1.92%"
"02/09/2012","636.30","634.95","637.60","620.10","4.34K","+1.55%"
"02/08/2012","626.60","620.00","638.80","619.00","213.00K","+0.90%"
"02/07/2012","621.00","620.00","626.95","618.00","60.56K","-0.16%"
"02/06/2012","622.00","641.65","641.65","616.40","53.56K","-1.33%"
"02/03/2012","630.40","640.00","645.00","625.00","52.77K","-1.05%"
"02/02/2012","637.10","625.00","639.00","622.50","31.18K","+2.69%"
"02/01/2012","620.40","611.65","625.00","605.00","32.69K","+2.15%"
"01/31/2012","607.35","619.00","619.00","603.00","2.88K","+0.00%"
"01/30/2012","607.35","610.00","617.00","606.00","1.44K","-1.18%"
"01/27/2012","614.60","621.00","624.00","610.25","1.49K","-0.74%"
"01/25/2012","619.20","620.30","627.95","614.40","5.15K","+1.60%"
"01/24/2012","609.45","619.95","620.00","601.05","4.35K","-0.88%"
"01/23/2012","614.85","629.00","629.00","611.00","4.38K","-1.38%"
"01/20/2012","623.45","634.95","634.95","615.25","3.75K","-0.77%"
"01/19/2012","628.30","631.05","641.70","621.05","2.40K","-1.76%"
"01/18/2012","639.55","640.00","642.45","625.15","14.95K","-0.44%"
"01/17/2012","642.40","637.00","648.00","626.65","15.23K","+1.47%"
"01/16/2012","633.10","629.70","639.20","611.35","6.40K","+0.54%"
"01/13/2012","629.70","615.00","639.00","590.05","29.22K","+5.02%"
"01/12/2012","599.60","594.95","603.95","577.00","4.62K","+3.30%"
"01/11/2012","580.45","580.00","584.00","571.00","6.07K","+1.74%"
"01/10/2012","570.55","569.65","580.50","562.05","211.68K","+2.00%"
"01/09/2012","559.35","568.00","572.70","555.15","3.12K","-1.14%"
"01/06/2012","565.80","573.90","573.90","562.50","2.13K","-0.29%"
"01/05/2012","567.45","574.95","574.95","565.55","1.90K","-1.11%"
"01/04/2012","573.80","571.30","585.00","570.05","2.22K","-1.92%"
"01/03/2012","585.05","573.00","587.00","568.00","4.35K","+2.19%"
"01/02/2012","572.50","587.00","587.30","568.50","5.93K","-1.70%"
"12/30/2011","582.40","573.00","588.85","571.00","11.33K","+0.57%"
"12/29/2011","579.10","555.50","584.80","547.60","7.24K","+3.13%"
"12/28/2011","561.55","550.00","571.00","538.25","6.44K","+2.04%"
"12/27/2011","550.35","547.95","553.00","531.80","2.71K","+0.85%"
"12/26/2011","545.70","550.00","557.90","541.50","14.08K","-0.83%"
"12/23/2011","550.25","550.00","557.95","545.05","2.57K","-0.67%"
"12/22/2011","553.95","556.00","558.00","550.05","93.17K","-0.85%"
"12/21/2011","558.70","560.00","561.95","551.05","4.55K","+0.76%"
"12/20/2011","554.50","560.00","560.00","549.00","5.96K","-0.23%"
"12/19/2011","555.80","552.00","556.80","552.00","3.26K","+0.14%"
"12/16/2011","555.05","555.00","564.90","550.15","7.01K","-0.21%"
"12/15/2011","556.20","559.90","559.90","543.40","4.86K","-0.20%"
"12/14/2011","557.30","568.00","569.00","552.00","3.50K","-2.20%"
"12/13/2011","569.85","565.00","584.00","561.30","5.87K","-0.93%"
"12/12/2011","575.20","578.00","579.00","564.05","10.11K","-0.58%"
"12/09/2011","578.55","589.00","598.40","572.15","2.24K","-0.16%"
"12/08/2011","579.50","580.00","583.35","571.20","4.30K","-0.86%"
"12/07/2011","584.50","598.00","598.00","581.80","2.39K","-1.63%"
"12/05/2011","594.20","598.75","598.75","592.50","802","+0.19%"
"12/02/2011","593.05","649.90","649.90","588.00","7.28K","-0.60%"
"12/01/2011","596.65","602.55","611.95","591.00","6.49K","-0.85%"
"11/30/2011","601.75","590.10","611.70","587.00","5.16K","+0.97%"
"11/29/2011","595.95","609.85","612.00","588.15","6.21K","-1.18%"
"11/28/2011","603.05","600.00","606.75","592.30","1.38K","+0.67%"
"11/25/2011","599.05","603.50","613.00","592.00","2.70K","-0.68%"
"11/24/2011","603.15","590.00","609.95","588.10","4.51K","+0.58%"
"11/23/2011","599.65","610.00","610.00","591.00","13.81K","-2.26%"
"11/22/2011","613.50","630.00","634.75","606.10","9.69K","-1.26%"
"11/21/2011","621.35","632.00","632.00","605.60","15.99K","-1.79%"
"11/18/2011","632.70","636.30","640.00","620.00","47.38K","-2.62%"
"11/17/2011","649.75","641.00","652.00","635.50","10.43K","+0.44%"
"11/16/2011","646.90","654.00","654.00","625.90","23.50K","+0.26%"
"11/15/2011","645.20","658.00","663.95","640.00","10.27K","-2.93%"
"11/14/2011","664.65","665.00","669.00","655.05","7.18K","-0.12%"
"11/11/2011","665.45","656.05","668.75","656.00","11.28K","+0.36%"
"11/09/2011","663.05","651.00","668.00","649.10","7.20K","+1.09%"
"11/08/2011","655.90","652.00","660.00","650.00","6.83K","+0.31%"
"11/04/2011","653.85","657.05","667.40","650.15","7.51K","-0.85%"
"11/03/2011","659.45","659.30","664.00","653.00","5.76K","+0.53%"
"11/02/2011","656.00","654.80","672.70","654.00","24.66K","+0.34%"
"11/01/2011","653.80","670.00","670.00","650.60","3.38K","-0.94%"
"10/31/2011","660.00","662.00","665.00","652.00","14.59K","-0.87%"
"10/28/2011","665.80","660.00","668.75","653.25","8.93K","+1.45%"
"10/25/2011","656.30","651.35","659.20","649.90","3.84K","-0.12%"
"10/24/2011","657.10","645.50","662.00","631.30","22.11K","+0.08%"
"10/21/2011","656.55","638.00","662.00","627.40","12.41K","+2.37%"
"10/20/2011","641.35","652.00","655.00","635.00","12.14K","-2.20%"
"10/19/2011","655.75","660.00","665.00","652.80","16.02K","-0.76%"
"10/18/2011","660.80","665.00","665.00","646.10","16.31K","-0.30%"
"10/17/2011","662.80","654.00","665.95","644.00","11.74K","+1.12%"
"10/14/2011","655.45","653.30","660.00","652.50","1.69K","+0.17%"
"10/13/2011","654.35","655.10","663.25","652.50","4.65K","-0.21%"
"10/12/2011","655.75","661.05","665.45","653.50","4.00K","-0.79%"
"10/11/2011","660.95","670.00","670.00","660.20","2.19K","-0.83%"
"10/10/2011","666.50","666.45","669.70","658.50","9.43K","+0.13%"
"10/07/2011","665.65","675.00","675.00","664.05","4.76K","+0.07%"
"10/05/2011","665.20","662.00","668.00","647.40","10.85K","+0.76%"
"10/04/2011","660.20","671.00","673.75","658.50","25.98K","-1.68%"
"10/03/2011","671.45","668.05","678.00","661.05","33.01K","-0.23%"
"09/30/2011","673.00","680.00","680.00","665.00","24.41K","-1.34%"
"09/29/2011","682.15","674.95","691.50","667.15","13.19K","+1.21%"
"09/28/2011","674.00","689.35","699.00","670.00","5.56K","-2.23%"
"09/27/2011","689.35","675.15","694.00","675.15","53.24K","+1.08%"
"09/26/2011","682.00","543.00","689.10","543.00","37.46K","+1.24%"
"09/23/2011","673.65","673.20","675.50","655.05","16.16K","+0.07%"
"09/22/2011","673.20","679.90","679.90","661.95","16.03K","-1.07%"
"09/21/2011","680.50","675.05","681.85","667.00","5.09K","+0.81%"
"09/20/2011","675.05","671.00","677.00","664.10","20.71K","+2.08%"
"09/19/2011","661.30","650.00","673.80","645.30","122.02K","+0.32%"
"09/16/2011","659.20","656.00","665.50","646.05","15.47K","+1.05%"
"09/15/2011","652.35","650.30","659.45","641.50","19.96K","+0.55%"
"09/14/2011","648.75","645.00","657.00","641.05","10.03K","-0.31%"
"09/13/2011","650.75","643.00","658.90","635.05","15.89K","+1.42%"
"09/12/2011","641.65","645.00","648.00","635.15","1.76K","-1.75%"
"09/09/2011","653.05","652.45","665.00","640.50","11.39K","+1.34%"
"09/08/2011","644.40","652.00","652.00","642.00","32.46K","-0.78%"
"09/07/2011","649.45","650.00","653.95","640.00","9.36K","-0.05%"
"09/06/2011","649.75","651.00","657.00","645.25","48.57K","-1.54%"
"09/05/2011","659.90","650.00","663.00","645.00","8.22K","-0.01%"
"09/02/2011","659.95","631.35","663.80","630.60","8.44K","+3.14%"
"08/30/2011","639.85","635.00","642.70","634.00","2.08K","+0.49%"
"08/29/2011","636.70","635.30","645.00","632.00","2.33K","+0.55%"
"08/26/2011","633.20","631.00","639.00","616.00","24.53K","-1.09%"
"08/25/2011","640.15","636.50","643.90","629.50","2.16K","+0.80%"
"08/24/2011","635.10","626.00","640.00","626.00","8.57K","+0.85%"
"08/23/2011","629.75","632.00","642.75","618.00","20.92K","-1.79%"
"08/22/2011","641.20","618.00","645.00","602.45","40.74K","+3.19%"
"08/19/2011","621.40","640.00","640.00","607.00","28.48K","-4.46%"
"08/18/2011","650.40","655.00","659.95","642.00","18.82K","-0.79%"
"08/17/2011","655.55","657.00","664.85","652.15","14.59K","-0.43%"
"08/16/2011","658.40","673.85","673.85","652.80","18.66K","-0.86%"
"08/12/2011","664.10","658.90","667.00","640.35","21.00K","+2.39%"
"08/11/2011","648.60","652.00","657.90","643.35","8.41K","-1.58%"
"08/10/2011","659.00","653.00","665.00","648.50","11.02K","+2.42%"
"08/09/2011","643.45","630.00","649.00","630.00","21.60K","-1.43%"
"08/08/2011","652.80","643.00","654.00","629.00","13.04K","-0.11%"
"08/05/2011","653.55","647.00","662.00","622.00","23.03K","-0.54%"
"08/04/2011","657.10","659.00","664.00","650.00","13.36K","-0.27%"
"08/03/2011","658.85","649.95","660.00","647.00","35.26K","+0.78%"
"08/02/2011","653.75","655.00","664.00","642.00","39.37K","-1.60%"
"08/01/2011","664.35","660.00","668.90","653.15","22.84K","+0.64%"
"07/29/2011","660.15","657.05","670.05","652.10","9.40K","-0.55%"
"07/28/2011","663.80","663.00","664.90","653.00","20.08K","-0.05%"
"07/27/2011","664.10","660.00","674.50","640.10","29.81K","+0.70%"
"07/26/2011","659.50","678.80","686.00","652.10","45.07K","-3.02%"
"07/25/2011","680.05","658.00","684.00","656.00","46.62K","+2.39%"
"07/22/2011","664.20","668.00","672.00","648.25","27.68K","+1.29%"
"07/21/2011","655.75","639.00","662.00","625.00","19.29K","+3.74%"
"07/20/2011","632.10","650.00","650.05","627.00","59.07K","-3.51%"
"07/19/2011","655.10","677.45","683.00","647.10","68.21K","-3.78%"
"07/18/2011","680.85","673.00","685.00","670.00","23.98K","+1.56%"
"07/15/2011","670.40","674.00","677.00","666.00","12.17K","+0.22%"
"07/14/2011","668.95","677.00","692.00","665.45","47.56K","-1.24%"
"07/13/2011","677.35","665.00","679.85","658.10","67.13K","+1.90%"
"07/12/2011","664.75","670.00","674.40","650.30","29.19K","-0.99%"
"07/11/2011","671.40","653.00","678.75","650.00","28.14K","+2.66%"
"07/08/2011","654.00","660.00","663.60","652.00","12.23K","-0.79%"
"07/07/2011","659.20","668.00","678.30","656.00","23.17K","-1.06%"
"07/06/2011","666.25","666.00","686.00","662.05","17.30K","-0.70%"
"07/05/2011","670.95","660.00","678.00","658.50","34.57K","+0.79%"
"07/04/2011","665.70","674.00","676.00","655.55","16.04K","-0.70%"
"07/01/2011","670.40","685.00","694.00","665.25","40.02K","-1.66%"
"06/30/2011","681.70","668.00","688.50","653.00","167.24K","+2.40%"
"06/29/2011","665.75","651.00","673.50","647.00","90.88K","+3.03%"
"06/28/2011","646.15","661.00","661.00","640.25","5.64K","-1.51%"
"06/27/2011","656.05","644.00","664.95","640.00","47.36K","+2.27%"
"06/24/2011","641.50","638.00","645.00","634.00","7.63K","+1.02%"
"06/23/2011","635.00","635.00","639.95","624.00","4.84K","+0.68%"
"06/22/2011","630.70","637.85","643.70","615.55","5.72K","+0.34%"
"06/21/2011","628.55","622.00","640.90","610.45","7.63K","+1.13%"
"06/20/2011","621.55","633.75","636.95","610.25","19.02K","-2.21%"
"06/17/2011","635.60","644.00","644.00","632.50","6.17K","-0.77%"
"06/16/2011","640.50","637.60","648.00","631.00","14.01K","+0.45%"
"06/15/2011","637.60","645.00","647.95","630.00","28.01K","-1.03%"
"06/14/2011","644.25","658.00","658.00","642.00","13.74K","-0.92%"
"06/13/2011","650.20","645.00","665.00","643.95","26.25K","+0.60%"
"06/10/2011","646.30","633.00","654.00","629.10","42.38K","+2.28%"
"06/09/2011","631.90","618.00","634.00","617.30","8.06K","+1.22%"
"06/08/2011","624.30","615.05","630.25","615.00","13.98K","+0.09%"
"06/07/2011","623.75","623.85","626.75","615.00","6.63K","-0.21%"
"06/06/2011","625.05","614.90","629.90","607.30","10.23K","+1.81%"
"06/03/2011","613.95","624.00","624.00","610.00","14.28K","-1.29%"
"06/02/2011","622.00","616.00","629.00","601.20","13.05K","+1.34%"
"06/01/2011","613.80","622.75","623.00","611.00","4.82K","-0.22%"
"05/31/2011","615.15","618.00","626.00","608.10","13.68K","+0.33%"
"05/30/2011","613.10","616.50","627.00","610.65","6.28K","-0.36%"
"05/27/2011","615.30","621.00","626.00","610.15","5.80K","-0.42%"
"05/26/2011","617.90","620.30","628.85","615.00","4.25K","+0.13%"
"05/25/2011","617.10","630.00","632.00","606.20","41.13K","-0.79%"
"05/24/2011","622.00","630.00","632.90","615.00","8.73K","-1.82%"
"05/23/2011","633.55","632.00","636.95","615.30","12.52K","+0.95%"
"05/20/2011","627.60","629.75","632.00","620.00","9.75K","+0.66%"
"05/19/2011","623.50","634.95","638.40","622.00","22.75K","-0.95%"
"05/18/2011","629.45","621.00","633.90","621.00","9.57K","+0.02%"
"05/17/2011","629.35","629.40","638.90","625.55","9.17K","-0.87%"
"05/16/2011","634.85","641.20","643.95","626.00","10.89K","-0.84%"
"05/13/2011","640.20","615.15","649.00","615.15","29.79K","+3.86%"
"05/12/2011","616.40","612.10","622.00","605.00","11.87K","-0.36%"
"05/11/2011","618.65","623.15","628.80","610.60","24.51K","-1.84%"
"05/10/2011","630.25","624.60","636.55","624.00","14.44K","-0.14%"
"05/09/2011","631.15","625.00","637.90","610.85","26.59K","+1.95%"
"05/06/2011","619.10","608.95","627.80","602.00","28.06K","+2.60%"
"05/05/2011","603.40","604.50","614.90","588.90","53.89K","-0.07%"
"05/04/2011","603.85","619.80","624.70","583.00","113.32K","-1.04%"
"05/03/2011","610.20","636.90","647.00","594.00","163.38K","-3.25%"
"05/02/2011","630.70","638.00","643.90","621.00","82.69K","-0.88%"
"04/29/2011","636.30","633.00","654.90","630.15","95.89K","+1.00%"
"04/28/2011","630.00","618.70","634.90","611.00","54.26K","+2.36%"
"04/27/2011","615.50","615.00","632.00","611.10","65.53K","-0.38%"
"04/26/2011","617.85","630.05","639.30","605.25","89.23K","-2.26%"
"04/25/2011","632.15","610.25","649.00","606.25","172.67K","+3.40%"
"04/21/2011","611.35","596.80","621.00","588.05","55.48K","+2.87%"
"04/20/2011","594.30","590.00","602.00","586.50","28.20K","+0.77%"
"04/19/2011","589.75","590.50","595.50","580.75","21.22K","-0.07%"
"04/18/2011","590.15","600.00","614.00","587.05","53.94K","-0.69%"
"04/15/2011","594.25","590.00","603.00","584.00","36.48K","+0.60%"
"04/13/2011","590.70","569.00","599.00","564.80","35.70K","+1.89%"
"04/11/2011","579.75","583.95","585.00","575.15","6.42K","-0.74%"
"04/08/2011","584.10","594.40","603.40","581.50","35.34K","-1.30%"
"04/07/2011","591.80","572.00","607.70","570.05","103.50K","+3.42%"
"04/06/2011","572.25","566.50","578.70","565.25","12.82K","+0.53%"
"04/05/2011","569.25","571.00","574.50","566.50","5.70K","-0.18%"
"04/04/2011","570.30","568.00","573.90","567.00","2.94K","+0.76%"
"04/01/2011","566.00","575.00","578.00","561.60","45.65K","-1.73%"
"03/31/2011","575.95","579.00","583.00","566.80","7.06K","+0.19%"
"03/30/2011","574.85","584.40","584.40","571.20","22.78K","+0.59%"
"03/29/2011","571.45","574.10","581.50","565.35","30.77K","-1.74%"
"03/28/2011","581.55","568.00","587.90","561.00","32.93K","+1.68%"
"03/25/2011","571.95","570.00","574.00","558.55","5.17K","+1.54%"
"03/24/2011","563.25","545.00","568.00","545.00","11.19K","+3.06%"
"03/23/2011","546.50","553.00","553.00","543.10","11.67K","-0.55%"
"03/22/2011","549.55","542.20","558.00","542.20","6.37K","-0.70%"
"03/21/2011","553.40","560.00","562.75","537.60","5.66K","+0.16%"
"03/18/2011","552.50","570.00","570.00","543.95","15.39K","-1.40%"
"03/17/2011","560.35","556.25","564.90","556.25","1.66K","-0.71%"
"03/16/2011","564.35","556.00","577.00","556.00","9.06K","-0.03%"
"03/15/2011","564.50","540.55","574.90","540.50","26.67K","+0.79%"
"03/14/2011","560.05","541.00","560.40","540.30","10.90K","+1.56%"
"03/11/2011","551.45","549.10","556.00","534.80","14.32K","-0.95%"
"03/10/2011","556.75","540.00","558.00","533.60","8.67K","+2.58%"
"03/09/2011","542.75","536.85","550.00","530.05","6.45K","+1.36%"
"03/08/2011","535.45","530.25","539.65","523.25","8.70K","+0.27%"
"03/07/2011","534.00","546.00","546.00","528.00","6.17K","-2.14%"
"03/04/2011","545.65","543.35","548.00","535.15","3.98K","+0.42%"
"03/03/2011","543.35","540.00","545.00","530.55","5.48K","-0.14%"
"03/01/2011","544.10","530.00","546.00","513.10","173.59K","+4.48%"
"02/28/2011","520.75","525.00","529.70","510.00","6.41K","+0.22%"
"02/25/2011","519.60","520.00","528.00","502.40","6.60K","-0.58%"
"02/24/2011","522.65","539.00","540.00","515.00","12.48K","-2.01%"
"02/23/2011","533.35","548.90","548.90","531.00","10.06K","-0.16%"
"02/22/2011","534.20","542.00","551.00","531.25","12.19K","-1.07%"
"02/21/2011","540.00","540.00","543.90","536.25","17.53K","-0.63%"
"02/18/2011","543.40","530.00","548.00","527.00","6.87K","+2.54%"
"02/17/2011","529.95","531.00","539.00","526.35","2.68K","-0.68%"
"02/16/2011","533.60","539.00","539.00","532.00","1.67K","-1.19%"
"02/15/2011","540.05","539.00","545.00","527.05","5.82K","+0.19%"
"02/14/2011","539.00","529.40","554.70","515.00","17.73K","+4.67%"
"02/11/2011","514.95","522.00","522.00","507.00","3.88K","-0.02%"
"02/10/2011","515.05","490.10","518.95","490.10","6.73K","+0.59%"
"02/09/2011","512.05","511.00","524.95","505.00","21.70K","-1.60%"
"02/08/2011","520.35","529.95","529.95","508.10","8.28K","-0.79%"
"02/07/2011","524.50","516.60","540.00","511.00","12.43K","+0.84%"
"02/04/2011","520.15","520.00","528.00","512.00","4.60K","+0.61%"
"02/03/2011","517.00","517.00","520.00","512.00","5.63K","+0.65%"
"02/02/2011","513.65","511.00","517.00","508.00","3.58K","+0.68%"
"02/01/2011","510.20","518.15","528.55","508.00","6.25K","-2.73%"
"01/31/2011","524.50","514.90","528.60","506.00","9.98K","+0.27%"
"01/28/2011","523.10","532.00","535.00","514.05","33.62K","-2.16%"
"01/27/2011","534.65","530.00","542.00","518.00","7.45K","+1.34%"
"01/25/2011","527.60","521.00","533.95","515.10","7.02K","-0.45%"
"01/24/2011","530.00","501.05","532.00","501.05","14.10K","+3.78%"
"01/21/2011","510.70","507.15","513.50","507.15","2.69K","-0.06%"
"01/20/2011","511.00","512.00","516.00","505.10","3.16K","-0.34%"
"01/19/2011","512.75","506.00","517.80","499.10","6.88K","+1.92%"
"01/18/2011","503.10","405.00","513.00","405.00","11.62K","+0.07%"
"01/17/2011","502.75","521.05","528.00","501.65","6.60K","-3.72%"
"01/14/2011","522.20","523.10","528.85","518.00","1.88K","-0.36%"
"01/13/2011","524.10","530.00","532.90","519.00","3.92K","+0.06%"
"01/12/2011","523.80","526.00","534.90","520.00","9.54K","-0.82%"
"01/11/2011","528.15","534.00","535.25","525.00","3.77K","-2.12%"
"01/10/2011","539.60","533.00","543.00","530.00","4.51K","+0.19%"
"01/07/2011","538.55","559.00","559.00","535.05","6.36K","-1.45%"
"01/06/2011","546.50","554.05","560.90","542.65","2.51K","-1.58%"
"01/05/2011","555.30","561.10","567.95","553.10","3.83K","-1.81%"
"01/04/2011","565.55","563.50","577.00","560.00","58.66K","+0.72%"
"01/03/2011","561.50","551.00","568.00","549.90","16.11K","+2.39%"
"12/31/2010","548.40","557.00","559.90","545.15","4.49K","-0.97%"
"12/30/2010","553.75","554.00","569.00","546.10","15.57K","+0.56%"
"12/29/2010","550.65","530.10","562.00","530.10","48.90K","+3.67%"
"12/28/2010","531.15","527.00","537.00","519.20","2.70K","-0.55%"
"12/27/2010","534.10","550.00","550.00","530.20","3.61K","-0.81%"
"12/24/2010","538.45","539.00","544.50","529.05","3.62K","-0.10%"
"12/23/2010","539.00","529.35","541.00","528.00","192.22K","+2.06%"
"12/22/2010","528.10","540.00","540.00","526.10","6.20K","-0.85%"
"12/21/2010","532.65","530.00","542.95","530.00","4.17K","-0.15%"
"12/20/2010","533.45","534.95","542.00","530.00","2.86K","+0.51%"
"12/16/2010","530.75","522.00","545.00","522.00","7.15K","+0.64%"
"12/15/2010","527.35","540.00","543.50","525.05","3.35K","-1.78%"
"12/14/2010","536.90","547.95","547.95","535.05","146.78K","-0.42%"
"12/13/2010","539.15","551.00","554.80","535.00","35.50K","+0.25%"
"12/10/2010","537.80","520.00","545.00","518.00","16.52K","+2.24%"
"12/09/2010","526.00","549.00","553.90","516.30","11.54K","-4.06%"
"12/08/2010","548.25","542.65","562.00","542.65","4.92K","-0.48%"
"12/07/2010","550.90","545.00","560.00","540.35","4.33K","+0.41%"
"12/06/2010","548.65","559.80","564.85","545.00","5.06K","-2.16%"
"12/03/2010","560.75","562.00","565.00","550.50","17.72K","-0.25%"
"12/02/2010","562.15","548.10","565.00","548.10","15.94K","+2.75%"
"12/01/2010","547.10","534.95","549.00","530.50","93.94K","+3.90%"
"11/30/2010","526.55","525.00","530.00","517.00","7.77K","+1.15%"
"11/29/2010","520.55","538.00","539.00","518.05","13.29K","-2.36%"
"11/26/2010","533.15","539.40","550.95","521.00","6.75K","-1.61%"
"11/25/2010","541.85","540.00","561.80","531.95","20.03K","+0.03%"
"11/24/2010","541.70","545.00","555.50","535.05","5.90K","-0.15%"
"11/23/2010","542.50","531.00","548.80","529.00","9.33K","+1.12%"
"11/22/2010","536.50","542.50","557.90","531.25","11.45K","-1.82%"
"11/19/2010","546.45","551.80","554.95","540.10","13.21K","-0.23%"
"11/18/2010","547.70","569.00","569.00","545.00","9.79K","-2.75%"
"11/16/2010","563.20","570.00","574.00","545.10","14.64K","-1.73%"
"11/15/2010","573.10","579.20","585.00","561.40","8.61K","-0.56%"
"11/12/2010","576.35","572.00","584.80","562.50","14.00K","+0.53%"
"11/11/2010","573.30","585.00","585.00","570.60","7.08K","-1.36%"
"11/10/2010","581.20","587.00","587.00","579.00","4.00K","-0.12%"
"11/09/2010","581.90","581.10","588.00","575.00","11.26K","-0.19%"
"11/08/2010","583.00","580.20","586.00","578.75","7.49K","-0.11%"
"11/05/2010","583.65","582.00","595.00","571.00","2.10K","-0.09%"
"11/04/2010","584.20","594.80","594.80","580.00","4.79K","-0.86%"
"11/03/2010","589.25","577.70","590.50","564.25","39.62K","+2.11%"
"11/02/2010","577.05","577.00","586.00","571.10","12.43K","+0.11%"
"11/01/2010","576.40","590.00","603.00","570.00","14.18K","-1.34%"
"10/29/2010","584.25","567.00","591.00","560.00","20.13K","+3.31%"
"10/28/2010","565.55","573.00","574.00","563.00","7.03K","-0.40%"
"10/27/2010","567.80","575.00","575.95","560.00","13.08K","-0.67%"
"10/26/2010","571.65","558.90","577.00","550.00","43.54K","+4.01%"
"10/25/2010","549.60","568.00","570.00","547.10","27.88K","-2.58%"
"10/22/2010","564.15","589.45","589.45","558.00","42.80K","-3.02%"
"10/21/2010","581.70","589.80","589.80","580.00","11.98K","-0.33%"
"10/20/2010","583.65","577.00","587.00","577.00","20.76K","+1.81%"
"10/19/2010","573.30","569.95","578.90","564.00","15.96K","+1.26%"
"10/18/2010","566.15","567.30","569.85","564.00","13.12K","-0.13%"
"10/15/2010","566.90","577.10","583.80","565.15","12.41K","-1.61%"
"10/14/2010","576.15","578.00","584.80","575.10","10.12K","-0.70%"
"10/13/2010","580.20","589.90","590.00","574.05","46.03K","-0.52%"
"10/12/2010","583.25","585.55","592.50","581.30","11.36K","-1.06%"
"10/11/2010","589.50","591.00","599.00","585.15","20.27K","+0.21%"
"10/08/2010","588.25","594.00","595.00","580.00","17.65K","-0.77%"
"10/07/2010","592.80","592.00","605.10","590.10","11.71K","-0.29%"
"10/06/2010","594.55","593.15","603.15","592.60","11.76K","+0.50%"
"10/05/2010","591.60","594.00","601.80","590.15","8.68K","-0.76%"
"10/04/2010","596.15","603.00","610.00","591.00","15.53K","-0.09%"
"10/01/2010","596.70","587.00","603.95","587.00","24.23K","+1.67%"
"09/30/2010","586.90","599.90","599.90","582.00","7.44K","-1.10%"
"09/29/2010","593.45","600.00","607.00","590.10","10.15K","-0.74%"
"09/28/2010","597.90","599.00","608.00","586.05","51.09K","+0.18%"
"09/27/2010","596.80","610.00","613.00","594.10","13.95K","-1.90%"
"09/24/2010","608.35","596.00","621.40","596.00","37.68K","+1.28%"
"09/23/2010","600.65","589.00","605.00","580.00","44.23K","+2.62%"
"09/22/2010","585.30","595.00","602.00","564.90","57.38K","-1.02%"
"09/21/2010","591.35","606.00","615.00","590.00","17.47K","-2.38%"
"09/20/2010","605.75","605.00","611.70","596.50","20.39K","+0.26%"
"09/17/2010","604.15","614.95","621.00","601.00","21.47K","-0.58%"
"09/16/2010","607.65","618.45","626.00","595.15","45.99K","-2.64%"
"09/15/2010","624.10","607.00","628.70","602.20","111.30K","+2.39%"
"09/14/2010","609.55","600.00","613.00","591.90","36.36K","+1.74%"
"09/13/2010","599.10","609.00","616.95","596.00","73.50K","+1.23%"
"09/09/2010","591.80","597.70","603.70","586.50","23.09K","+0.03%"
"09/08/2010","591.65","598.70","605.00","590.00","17.39K","-1.13%"
"09/07/2010","598.40","603.00","613.00","594.50","45.63K","-0.27%"
"09/06/2010","600.00","580.00","604.00","575.00","90.47K","+4.28%"
"09/03/2010","575.35","560.00","582.00","547.00","32.30K","+2.38%"
"09/02/2010","561.95","574.00","574.00","557.00","12.80K","-0.96%"
"09/01/2010","567.40","569.35","570.00","560.50","8.94K","+1.08%"
"08/31/2010","561.35","559.00","571.00","545.00","27.11K","+0.10%"
"08/30/2010","560.80","583.15","589.00","559.55","20.55K","-0.79%"
"08/27/2010","565.25","573.50","584.00","555.55","72.55K","-1.64%"
"08/26/2010","574.65","560.05","576.10","560.05","35.78K","+2.52%"
"08/25/2010","560.50","572.00","587.00","558.25","32.81K","-1.80%"
"08/24/2010","570.75","578.20","586.00","565.50","19.53K","-1.82%"
"08/23/2010","581.35","588.00","589.00","578.20","39.62K","-0.09%"
"08/20/2010","581.90","587.00","589.50","577.10","22.79K","-1.09%"
"08/19/2010","588.30","594.00","594.00","580.15","59.09K","+0.65%"
"08/18/2010","584.50","567.00","595.00","562.10","114.30K","+3.50%"
"08/17/2010","564.75","561.30","568.50","560.60","14.70K","+0.26%"
"08/16/2010","563.30","566.00","575.90","560.00","27.64K","-0.37%"
"08/13/2010","565.40","564.25","577.00","561.65","20.97K","-0.46%"
"08/12/2010","568.00","568.00","576.90","562.35","33.22K","-0.47%"
"08/11/2010","570.70","557.10","579.00","557.05","62.43K","+1.99%"
"08/10/2010","559.55","564.10","570.00","557.05","13.02K","-0.81%"
"08/09/2010","564.10","573.00","577.40","562.50","41.15K","-0.77%"
"08/06/2010","568.50","576.15","590.90","565.20","98.76K","-0.01%"
"08/05/2010","568.55","545.00","576.00","545.00","114.89K","+4.61%"
"08/04/2010","543.50","550.00","552.85","540.50","15.63K","-1.24%"
"08/03/2010","550.30","550.00","554.60","545.10","24.39K","+0.26%"
"08/02/2010","548.85","535.00","555.50","535.00","30.17K","+0.61%"
"07/30/2010","545.50","527.30","551.00","524.05","102.55K","+3.54%"
"07/29/2010","526.85","519.75","534.00","519.75","40.69K","+1.37%"
"07/28/2010","519.75","537.40","538.70","515.20","44.80K","-2.63%"
"07/27/2010","533.80","548.70","548.70","531.00","29.18K","-1.74%"
"07/26/2010","543.25","533.45","557.80","533.45","201.98K","+2.65%"
"07/23/2010","529.25","536.00","540.00","527.00","73.95K","-1.04%"
"07/22/2010","534.80","540.00","542.95","530.00","108.71K","+0.08%"
"07/21/2010","534.35","525.00","544.00","517.25","451.93K","+4.09%"
"07/20/2010","513.35","498.70","517.00","497.25","203.04K","+3.62%"
"07/19/2010","495.40","497.90","502.70","487.00","36.92K","+0.68%"
"07/16/2010","492.05","502.00","504.50","489.00","89.73K","+0.19%"
"07/15/2010","491.10","497.90","497.90","487.40","20.71K","-0.44%"
"07/14/2010","493.25","503.55","513.00","491.05","31.77K","-1.20%"
"07/13/2010","499.25","475.15","501.00","475.15","105.63K","+3.40%"
"07/12/2010","482.85","484.00","489.50","480.10","103.18K","+0.46%"
"07/09/2010","480.65","469.00","483.50","463.60","268.55K","+2.96%"
"07/08/2010","466.85","464.00","473.95","461.50","57.15K","+1.58%"
"07/07/2010","459.60","462.00","478.00","457.15","34.62K","-1.17%"
"07/06/2010","465.05","467.00","479.00","463.00","13.94K","-0.08%"
"07/05/2010","465.40","465.80","471.00","463.00","5.83K","-0.82%"
"07/02/2010","469.25","474.45","477.90","467.00","62.71K","-1.10%"
"07/01/2010","474.45","484.80","484.80","471.10","17.38K","-0.45%"
"06/30/2010","476.60","461.10","479.90","455.30","46.67K","+2.20%"
"06/29/2010","466.35","458.00","468.25","451.10","27.83K","+0.90%"
"06/28/2010","462.20","461.80","468.00","452.10","26.04K","+1.38%"
"06/25/2010","455.90","458.50","473.20","451.25","68.51K","-1.23%"
"06/24/2010","461.60","474.95","474.95","459.00","31.56K","-1.81%"
"06/23/2010","470.10","478.25","478.50","467.30","13.87K","-0.92%"
"06/22/2010","474.45","482.00","488.60","471.25","18.54K","-1.23%"
"06/21/2010","480.35","487.40","489.00","476.20","102.30K","+0.16%"
"06/18/2010","479.60","489.40","498.85","475.00","108.75K","-0.78%"
"06/17/2010","483.35","465.00","502.95","458.00","220.16K","+4.66%"
"06/16/2010","461.85","468.60","468.60","451.05","28.04K","-0.02%"
"06/15/2010","461.95","441.00","467.00","441.00","61.87K","+3.31%"
"06/14/2010","447.15","454.85","454.85","445.25","17.15K","+0.00%"
"06/11/2010","447.15","454.90","455.50","447.10","9.26K","-0.66%"
"06/10/2010","450.10","445.25","452.95","442.40","94.33K","+0.89%"
"06/09/2010","446.15","442.00","454.40","442.00","11.86K","-0.01%"
"06/08/2010","446.20","447.00","454.50","443.20","15.55K","+1.34%"
"06/07/2010","440.30","438.60","454.50","432.85","40.16K","-3.23%"
"06/04/2010","455.00","462.00","463.95","452.00","8.40K","-1.49%"
"06/03/2010","461.90","454.50","475.00","454.50","82.66K","+1.54%"
"06/02/2010","454.90","450.35","458.50","442.00","20.51K","+1.85%"
"06/01/2010","446.65","461.50","461.50","444.00","11.31K","-1.41%"
"05/31/2010","453.05","451.90","455.90","445.10","10.97K","+0.57%"
"05/28/2010","450.50","449.00","454.90","446.30","11.69K","+2.10%"
"05/27/2010","441.25","433.00","444.00","417.00","11.07K","+1.23%"
"05/26/2010","435.90","423.00","444.30","422.90","28.75K","+2.95%"
"05/25/2010","423.40","446.00","451.30","416.15","33.18K","-5.72%"
"05/24/2010","449.10","458.85","466.10","445.35","26.74K","+0.16%"
"05/21/2010","448.40","451.00","456.85","445.50","36.18K","-2.68%"
"05/20/2010","460.75","456.00","488.00","455.30","103.41K","+1.22%"
"05/19/2010","455.20","466.00","468.50","452.10","10.61K","-2.60%"
"05/18/2010","467.35","470.00","473.80","466.00","15.64K","+0.20%"
"05/17/2010","466.40","457.50","473.90","449.00","23.81K","+0.38%"
"05/14/2010","464.65","468.85","474.90","462.20","21.34K","-0.87%"
"05/13/2010","468.75","468.20","472.50","461.80","24.22K","+0.33%"
"05/12/2010","467.20","460.20","471.00","456.10","30.12K","+0.27%"
"05/11/2010","465.95","469.50","472.50","461.60","17.51K","-0.96%"
"05/10/2010","470.45","466.40","472.00","452.00","30.67K","+3.23%"
"05/07/2010","455.75","450.00","462.00","445.00","34.16K","-0.39%"
"05/06/2010","457.55","474.70","478.80","455.30","34.47K","-2.95%"
"05/05/2010","471.45","463.90","476.80","446.10","58.48K","+1.43%"
"05/04/2010","464.80","475.05","477.80","452.00","122.11K","-1.94%"
"05/03/2010","474.00","471.60","479.80","465.25","105.96K","+2.69%"
"04/30/2010","461.60","457.00","473.00","452.25","107.01K","+2.87%"
"04/29/2010","448.70","462.00","475.00","446.00","105.95K","-2.40%"
"04/28/2010","459.75","470.00","484.00","452.25","173.17K","-3.04%"
"04/27/2010","474.15","468.00","496.00","450.00","408.19K","+2.03%"
"04/26/2010","464.70","438.00","469.90","438.00","313.51K","+6.44%"
"04/23/2010","436.60","415.00","443.00","405.20","448.97K","+7.09%"
"04/22/2010","407.70","412.10","417.30","399.10","23.34K","-1.44%"
"04/21/2010","413.65","409.00","422.95","409.00","61.81K","+1.15%"
"04/20/2010","408.95","394.35","414.75","391.05","72.41K","+4.81%"
"04/19/2010","390.20","398.00","398.95","386.35","12.69K","-1.79%"
"04/16/2010","397.30","405.00","413.00","376.40","71.23K","-1.77%"
"04/15/2010","404.45","399.95","418.90","383.05","199.78K","+5.30%"
"04/13/2010","384.10","385.20","390.00","382.10","10.61K","-0.38%"
"04/12/2010","385.55","392.00","398.00","384.00","13.11K","-2.01%"
"04/09/2010","393.45","392.40","402.50","389.00","53.81K","+0.33%"
"04/08/2010","392.15","384.00","397.00","380.00","123.78K","+1.76%"
"04/07/2010","385.35","376.00","388.40","372.05","105.65K","+2.55%"
"04/06/2010","375.75","373.40","378.00","372.10","29.00K","+0.39%"
"04/05/2010","374.30","370.00","379.00","365.00","55.70K","+1.04%"
"04/01/2010","370.45","353.90","374.00","351.00","82.27K","+6.30%"
"03/31/2010","348.50","358.00","366.00","346.00","60.47K","-2.04%"
"03/30/2010","355.75","351.50","367.70","345.00","96.08K","+1.19%"
"03/29/2010","351.55","353.00","358.50","351.00","19.42K","-0.28%"
"03/26/2010","352.55","350.50","358.95","348.05","50.66K","+1.82%"
"03/25/2010","346.25","351.20","355.10","345.25","25.37K","-1.41%"
"03/23/2010","351.20","352.00","364.95","350.10","67.41K","-0.04%"
"03/22/2010","351.35","353.90","361.00","347.25","25.35K","-1.43%"
"03/19/2010","356.45","349.40","359.00","345.50","45.35K","+3.15%"
"03/18/2010","345.55","352.85","354.00","345.00","18.38K","-0.75%"
"03/17/2010","348.15","354.00","359.75","343.35","21.49K","-0.88%"
"03/16/2010","351.25","345.00","374.80","345.00","14.06K","-0.18%"
"03/15/2010","351.90","353.00","355.95","351.00","5.74K","-1.83%"
"03/12/2010","358.45","353.60","361.40","344.10","42.53K","+1.64%"
"03/11/2010","352.65","352.45","361.40","352.00","39.82K","+0.34%"
"03/10/2010","351.45","342.20","371.70","342.20","96.96K","+1.93%"
"03/09/2010","344.80","341.00","356.85","341.00","10.02K","-1.53%"
"03/08/2010","350.15","350.50","352.00","346.10","9.85K","+1.38%"
"03/05/2010","345.40","352.80","352.80","343.55","16.50K","-0.86%"
"03/04/2010","348.40","357.00","357.00","346.20","12.57K","-1.50%"
"03/03/2010","353.70","353.75","356.95","344.15","62.34K","+1.00%"
"03/02/2010","350.20","345.25","354.00","335.00","22.82K","+3.55%"
"02/26/2010","338.20","337.10","342.00","333.00","14.75K","-0.09%"
"02/25/2010","338.50","336.00","342.00","326.00","25.90K","+0.43%"
"02/24/2010","337.05","337.00","344.95","335.10","26.94K","-0.55%"
"02/23/2010","338.90","337.00","343.85","337.00","60.92K","-0.54%"
"02/22/2010","340.75","346.00","351.90","339.35","57.21K","+0.01%"
"02/19/2010","340.70","330.00","349.80","327.00","412.92K","+2.05%"
"02/18/2010","333.85","332.15","341.00","331.10","22.88K","-0.12%"
"02/17/2010","334.25","323.05","336.00","320.15","84.88K","+4.24%"
"02/16/2010","320.65","329.00","331.00","317.10","50.58K","-2.20%"
"02/15/2010","327.85","338.00","338.60","326.05","24.53K","-2.02%"
"02/11/2010","334.60","343.95","351.00","333.15","61.68K","-1.80%"
"02/10/2010","340.75","355.00","355.85","337.25","36.24K","-1.90%"
"02/09/2010","347.35","344.05","364.00","340.00","402.13K","+0.23%"
"02/08/2010","346.55","347.70","353.00","341.00","15.31K","+1.96%"
"02/05/2010","339.90","353.00","356.45","336.30","22.51K","-5.08%"
"02/04/2010","358.10","370.00","370.00","355.50","9.85K","-2.74%"
"02/03/2010","368.20","359.20","371.00","356.35","38.02K","+3.17%"
"02/02/2010","356.90","368.00","373.70","355.10","41.76K","-1.33%"
"02/01/2010","361.70","361.95","367.00","360.40","14.12K","-0.25%"
"01/29/2010","362.60","352.40","366.50","352.40","39.90K","-2.04%"
"01/28/2010","370.15","367.00","374.00","351.10","56.66K","+2.92%"
"01/27/2010","359.65","362.00","366.90","350.00","38.61K","-0.30%"
"01/25/2010","360.75","373.00","373.90","360.05","17.33K","-2.75%"
"01/22/2010","370.95","360.10","373.50","351.15","50.43K","+1.03%"
"01/21/2010","367.15","367.00","383.50","363.10","131.53K","+1.05%"
"01/20/2010","363.35","365.05","374.00","361.10","17.99K","+0.04%"
"01/19/2010","363.20","375.90","377.75","361.50","24.93K","-2.64%"
"01/18/2010","373.05","353.00","384.85","353.00","30.86K","-0.96%"
"01/15/2010","376.65","380.00","384.90","374.50","21.02K","-0.70%"
"01/14/2010","379.30","380.80","394.80","376.00","145.41K","+0.64%"
"01/13/2010","376.90","360.40","379.00","350.10","64.84K","+2.54%"
"01/12/2010","367.55","369.00","378.00","361.55","40.73K","-0.46%"
"01/11/2010","369.25","366.50","375.00","363.65","25.46K","+0.86%"
"01/08/2010","366.10","368.90","373.90","363.05","26.76K","-0.95%"
"01/07/2010","369.60","375.00","381.00","366.05","65.82K","-0.85%"
"01/06/2010","372.75","366.65","387.30","360.05","397.19K","+2.84%"
"01/05/2010","362.45","365.00","372.00","360.20","47.09K","-1.37%"
"01/04/2010","367.50","368.40","374.90","365.00","25.35K","-1.51%"
"12/31/2009","373.15","371.00","379.00","362.40","82.50K","+0.55%"
"12/30/2009","371.10","365.65","375.00","357.25","103.00K","+1.49%"
"12/29/2009","365.65","347.85","369.00","345.15","92.58K","+6.08%"
"12/24/2009","344.70","353.45","356.95","342.10","26.25K","-1.58%"
"12/23/2009","350.25","348.80","354.00","341.00","43.05K","+1.48%"
"12/22/2009","345.15","352.80","353.80","343.10","33.85K","-0.69%"
"12/21/2009","347.55","349.00","360.00","344.00","55.62K","-0.22%"
"12/18/2009","348.30","354.90","361.00","342.25","49.93K","-1.30%"
"12/17/2009","352.90","355.00","365.90","350.50","50.68K","-0.59%"
"12/16/2009","355.00","356.05","366.90","352.00","84.18K","-0.66%"
"12/15/2009","357.35","368.00","378.00","350.20","270.44K","-1.57%"
"12/14/2009","363.05","342.00","394.90","341.00","1.12M","+6.37%"
"12/11/2009","341.30","357.85","358.00","338.00","53.84K","-1.90%"
"12/10/2009","347.90","359.30","359.30","343.05","67.55K","-2.06%"
"12/09/2009","355.20","340.00","364.90","334.20","134.74K","+4.27%"
"12/08/2009","340.65","333.70","344.95","332.60","136.77K","+3.48%"
"12/07/2009","329.20","309.00","333.70","305.40","109.05K","+6.66%"
"12/04/2009","308.65","312.95","314.85","306.25","15.08K","-1.44%"
"12/03/2009","313.15","315.00","322.85","310.10","47.87K","-1.48%"
"12/02/2009","317.85","308.40","321.90","296.00","82.96K","+6.48%"
"12/01/2009","298.50","289.95","301.00","288.25","40.04K","+3.95%"
"11/30/2009","287.15","289.20","305.00","285.40","42.27K","+0.33%"
"11/27/2009","286.20","295.00","296.00","281.00","22.21K","-2.72%"
"11/26/2009","294.20","302.40","302.40","293.00","10.63K","-1.80%"
"11/25/2009","299.60","303.60","308.90","298.15","29.73K","-0.99%"
"11/24/2009","302.60","315.90","315.90","298.50","107.59K","-4.71%"
"11/23/2009","317.55","289.90","328.30","282.00","261.94K","+12.85%"
"11/20/2009","281.40","284.00","288.80","277.00","13.46K","-0.92%"
"11/19/2009","284.00","287.70","294.00","283.00","6.60K","-1.29%"
"11/18/2009","287.70","285.50","295.00","283.25","10.36K","-0.29%"
"11/17/2009","288.55","294.00","297.80","287.00","17.21K","-0.71%"
"11/16/2009","290.60","278.20","292.50","278.20","57.05K","+5.19%"
"11/13/2009","276.25","274.50","281.00","266.00","24.52K","+2.75%"
"11/12/2009","268.85","276.40","276.40","266.50","9.70K","-0.17%"
"11/11/2009","269.30","270.00","275.00","265.10","12.00K","+0.26%"
"11/10/2009","268.60","283.45","283.45","267.90","11.33K","-3.33%"
"11/09/2009","277.85","268.00","284.45","268.00","11.53K","+3.89%"
"11/06/2009","267.45","268.90","274.80","265.50","6.28K","+1.44%"
"11/05/2009","263.65","255.00","264.95","255.00","4.92K","+2.47%"
"11/04/2009","257.30","260.00","262.00","247.40","14.31K","+1.26%"
"11/03/2009","254.10","265.00","271.00","248.10","34.73K","-5.45%"
"10/30/2009","268.75","275.90","282.00","265.90","10.81K","+0.79%"
"10/29/2009","266.65","274.80","277.00","265.00","16.87K","-3.41%"
"10/28/2009","276.05","276.30","288.00","275.00","25.28K","-2.75%"
"10/27/2009","283.85","281.00","297.80","281.00","17.64K","-1.75%"
"10/26/2009","288.90","307.15","307.15","286.70","39.45K","-4.27%"
"10/23/2009","301.80","314.80","316.40","299.00","46.65K","-1.84%"
"10/22/2009","307.45","315.00","321.00","298.00","44.65K","-1.21%"
"10/21/2009","311.20","293.75","315.00","290.00","70.27K","+6.59%"
"10/20/2009","291.95","295.00","295.00","290.00","16.49K","+0.66%"
"10/16/2009","290.05","286.00","293.50","286.00","14.73K","+0.55%"
"10/15/2009","288.45","290.00","296.90","285.20","13.62K","-0.77%"
"10/14/2009","290.70","277.00","294.70","277.00","54.62K","+3.71%"
"10/12/2009","280.30","275.50","281.95","274.10","15.75K","+1.01%"
"10/09/2009","277.50","276.00","280.00","271.00","17.50K","+1.44%"
"10/08/2009","273.55","281.00","285.00","271.20","14.41K","-2.13%"
"10/07/2009","279.50","278.00","287.00","277.20","14.75K","+1.03%"
"10/06/2009","276.65","284.90","288.00","270.15","17.04K","-1.23%"
"10/05/2009","280.10","277.85","288.00","277.85","15.52K","-1.99%"
"10/01/2009","285.80","294.70","296.60","284.00","16.35K","-2.79%"
"09/30/2009","294.00","301.35","301.95","292.00","20.29K","-0.98%"
"09/29/2009","296.90","284.00","306.00","284.00","313.34K","+6.02%"
"09/25/2009","280.05","278.90","293.00","277.00","53.06K","+1.43%"
"09/24/2009","276.10","279.00","281.00","274.95","10.35K","-0.18%"
"09/23/2009","276.60","285.00","286.45","275.15","14.06K","-2.40%"
"09/22/2009","283.40","283.80","291.00","277.50","37.48K","+0.78%"
"09/18/2009","281.20","270.00","285.00","270.00","29.94K","+2.76%"
"09/17/2009","273.65","272.00","283.50","270.25","34.70K","+0.85%"
"09/16/2009","271.35","272.00","274.00","270.00","8.66K","+0.48%"
"09/15/2009","270.05","266.30","274.00","265.00","15.29K","+2.58%"
"09/14/2009","263.25","262.00","269.00","262.00","4.37K","-0.40%"
"09/11/2009","264.30","268.85","268.85","261.75","8.45K","-0.17%"
"09/10/2009","264.75","270.00","272.00","263.05","9.26K","-0.95%"
"09/09/2009","267.30","265.10","270.00","265.10","10.55K","+0.15%"
"09/08/2009","266.90","270.50","271.00","264.00","13.15K","+0.76%"
"09/07/2009","264.90","260.00","271.95","260.00","15.75K","+1.03%"
"09/04/2009","262.20","269.00","269.95","258.00","8.31K","+0.61%"
"09/03/2009","260.60","270.00","270.00","256.20","10.78K","-1.51%"
"09/02/2009","264.60","258.55","267.00","258.50","9.91K","+0.53%"
"09/01/2009","263.20","274.15","277.00","259.00","18.96K","-1.59%"
"08/31/2009","267.45","279.70","279.70","263.20","19.94K","-2.16%"
"08/28/2009","273.35","275.00","282.00","270.00","40.33K","-0.60%"
"08/27/2009","275.00","258.00","278.00","258.00","132.73K","+5.67%"
"08/26/2009","260.25","260.00","268.00","260.00","16.34K","+0.46%"
"08/25/2009","259.05","255.50","262.00","255.50","6.64K","+1.33%"
"08/24/2009","255.65","286.40","286.40","250.05","8.24K","-0.02%"
"08/21/2009","255.70","259.00","262.00","254.05","3.50K","-1.92%"
"08/20/2009","260.70","256.00","263.05","253.10","7.69K","+2.52%"
"08/19/2009","254.30","264.85","264.85","253.00","5.80K","-3.20%"
"08/18/2009","262.70","260.00","265.45","259.00","11.14K","+1.74%"
"08/17/2009","258.20","251.95","270.80","247.50","91.20K","+2.85%"
"08/14/2009","251.05","249.00","257.90","246.40","16.84K","+0.22%"
"08/13/2009","250.50","245.05","255.00","240.00","17.90K","+3.34%"
"08/12/2009","242.40","241.25","247.90","240.00","7.90K","-0.10%"
"08/11/2009","242.65","241.00","247.85","235.10","7.89K","+0.81%"
"08/10/2009","240.70","254.90","255.00","240.00","12.59K","-2.51%"
"08/07/2009","246.90","250.05","259.70","242.00","10.96K","-3.23%"
"08/06/2009","255.15","260.00","273.75","250.65","9.25K","-3.59%"
"08/05/2009","264.65","260.00","272.00","260.00","2.48K","+0.13%"
"08/04/2009","264.30","274.00","284.40","256.10","8.77K","-2.27%"
"08/03/2009","270.45","267.00","276.25","267.00","21.85K","+1.67%"
"07/31/2009","266.00","254.00","273.90","248.00","27.63K","+6.10%"
"07/30/2009","250.70","255.00","255.00","246.10","4.87K","-1.51%"
"07/29/2009","254.55","250.00","274.75","246.00","28.53K","+1.86%"
"07/28/2009","249.90","243.00","251.00","243.00","10.02K","+3.12%"
"07/27/2009","242.35","245.25","245.25","241.25","6.81K","-1.00%"
"07/24/2009","244.80","245.00","247.75","243.00","6.13K","+1.09%"
"07/23/2009","242.15","253.00","253.00","238.15","10.35K","-1.86%"
"07/22/2009","246.75","247.90","257.90","244.15","25.17K","-0.28%"
"07/21/2009","247.45","248.00","249.00","241.05","4.05K","-0.20%"
"07/20/2009","247.95","254.00","257.00","242.00","21.42K","-2.00%"
"07/17/2009","253.00","253.00","258.80","248.00","15.09K","+0.76%"
"07/16/2009","251.10","246.00","261.95","246.00","12.53K","-0.97%"
"07/15/2009","253.55","244.00","258.00","244.00","46.62K","+2.74%"
"07/14/2009","246.80","238.00","249.80","232.20","8.64K","+6.63%"
"07/13/2009","231.45","237.95","247.90","229.55","8.40K","-5.55%"
"07/10/2009","245.05","247.00","255.10","240.10","17.88K","-0.89%"
"07/09/2009","247.25","234.00","263.00","232.60","128.65K","+5.55%"
"07/08/2009","234.25","239.00","244.90","234.00","10.26K","-2.88%"
"07/07/2009","241.20","243.00","250.00","238.10","7.28K","-0.25%"
"07/06/2009","241.80","260.00","262.00","240.00","15.10K","-5.45%"
"07/03/2009","255.75","261.00","264.90","250.00","24.94K","-3.49%"
"07/02/2009","265.00","233.00","283.00","233.00","149.88K","+10.97%"
"07/01/2009","238.80","232.00","240.90","232.00","5.93K","+2.49%"
"06/30/2009","233.00","234.00","236.00","232.50","2.66K","-0.85%"
"06/29/2009","235.00","239.80","239.80","230.00","11.40K","+2.29%"
"06/26/2009","229.75","236.00","239.00","225.40","3.30K","-2.23%"
"06/25/2009","235.00","235.00","241.20","230.20","6.42K","+1.97%"
"06/24/2009","230.45","226.00","235.00","226.00","5.32K","+2.40%"
"06/23/2009","225.05","220.00","227.95","218.00","7.21K","-1.32%"
"06/22/2009","228.05","227.00","233.50","224.00","8.76K","+0.71%"
"06/19/2009","226.45","213.00","231.90","213.00","31.80K","+6.99%"
"06/18/2009","211.65","214.00","220.00","210.00","5.30K","-4.21%"
"06/17/2009","220.95","225.00","227.00","220.10","5.30K","-1.65%"
"06/16/2009","224.65","226.00","233.55","221.10","10.46K","-1.77%"
"06/15/2009","228.70","225.05","234.00","225.05","8.76K","-2.54%"
"06/12/2009","234.65","242.00","245.00","234.00","6.38K","-1.47%"
"06/11/2009","238.15","242.00","247.15","236.10","8.09K","-1.67%"
"06/10/2009","242.20","236.00","247.00","234.35","13.52K","+3.33%"
"06/09/2009","234.40","234.60","241.15","231.00","15.75K","-0.09%"
"06/08/2009","234.60","245.00","252.45","232.00","14.37K","-4.40%"
"06/05/2009","245.40","255.00","256.90","242.15","15.06K","-3.21%"
"06/04/2009","253.55","250.00","257.90","248.00","13.51K","+0.32%"
"06/03/2009","252.75","250.00","259.70","245.00","21.33K","+1.32%"
"06/02/2009","249.45","239.00","251.60","239.00","40.77K","+4.72%"
"06/01/2009","238.20","230.00","240.00","226.00","78.72K","+5.24%"
"05/29/2009","226.35","223.00","228.70","222.10","20.75K","+3.26%"
"05/28/2009","219.20","226.00","229.00","218.00","25.85K","+0.67%"
"05/27/2009","217.75","213.90","221.95","213.90","7.79K","+1.80%"
"05/26/2009","213.90","225.00","229.50","211.05","8.38K","-4.79%"
"05/25/2009","224.65","226.95","234.50","211.05","23.55K","+3.19%"
"05/22/2009","217.70","202.00","241.90","202.00","111.38K","+8.01%"
"05/21/2009","201.55","200.00","215.00","199.00","21.66K","+1.03%"
"05/20/2009","199.50","192.00","203.00","182.00","26.56K","+6.91%"
"05/19/2009","186.60","199.00","204.45","173.00","45.31K","+9.54%"
"05/18/2009","170.35","176.00","177.60","168.00","0","+0.00%"
"05/15/2009","170.35","176.00","177.60","168.00","8.16K","-1.90%"
"05/14/2009","173.65","165.50","176.45","164.00","280.95K","+3.52%"
"05/13/2009","167.75","169.00","171.85","164.00","7.06K","-0.21%"
"05/12/2009","168.10","168.00","169.45","164.10","5.94K","-0.21%"
"05/11/2009","168.45","174.95","174.95","166.10","11.11K","-1.43%"
"05/08/2009","170.90","176.00","177.90","169.00","34.02K","-1.95%"
"05/07/2009","174.30","177.45","186.90","170.00","89.21K","+1.28%"
"05/06/2009","172.10","182.65","182.65","172.00","7.88K","-3.40%"
"05/05/2009","178.15","178.00","184.00","175.40","12.15K","+0.99%"
"05/04/2009","176.40","183.80","186.85","174.00","29.11K","-1.73%"
"04/29/2009","179.50","165.00","183.00","162.15","634.26K","+11.18%"
"04/28/2009","161.45","174.95","174.95","160.00","6.06K","-5.25%"
"04/27/2009","170.40","172.45","185.80","169.20","30.39K","+0.56%"
"04/24/2009","169.45","167.00","171.85","163.00","9.30K","+0.80%"
"04/23/2009","168.10","176.50","177.90","166.50","48.12K","-5.16%"
"04/22/2009","177.25","177.00","184.50","175.75","3.11K","+1.58%"
"04/21/2009","174.50","178.00","179.50","170.50","3.95K","-2.16%"
"04/20/2009","178.35","187.95","187.95","177.05","7.26K","-1.92%"
"04/17/2009","181.85","174.10","193.90","173.00","45.05K","+5.15%"
"04/16/2009","172.95","182.00","194.00","170.00","20.37K","-5.13%"
"04/15/2009","182.30","168.00","192.00","163.50","37.03K","+10.05%"
"04/13/2009","165.65","162.80","167.20","160.00","7.88K","+3.24%"
"04/09/2009","160.45","160.00","165.90","158.20","16.79K","+1.39%"
"04/08/2009","158.25","162.25","162.25","155.00","11.09K","+1.22%"
"04/06/2009","156.35","156.00","161.00","155.00","9.58K","-0.19%"
"04/02/2009","156.65","151.45","159.75","148.35","15.06K","+3.26%"
"04/01/2009","151.70","150.00","153.65","148.05","12.99K","+1.37%"
"03/31/2009","149.65","145.00","152.00","145.00","9.05K","+2.68%"
"03/30/2009","145.75","143.00","148.30","140.25","4.52K","+1.00%"
"03/27/2009","144.30","142.95","146.00","137.50","10.29K","+2.85%"
"03/26/2009","140.30","143.00","143.00","137.30","20.34K","+1.70%"
"03/25/2009","137.95","141.05","143.90","137.00","5.41K","-4.23%"
"03/24/2009","144.05","143.00","145.25","141.45","24.88K","+1.66%"
"03/23/2009","141.70","140.80","142.50","138.00","20.76K","+2.38%"
"03/20/2009","138.40","135.50","140.00","135.50","1.02K","+0.54%"
"03/19/2009","137.65","139.70","139.70","135.50","6.28K","-0.83%"
"03/18/2009","138.80","138.00","140.00","137.00","817","+1.13%"
"03/17/2009","137.25","137.00","139.00","136.60","2.83K","-1.89%"
"03/16/2009","139.90","135.65","140.00","135.65","2.53K","+2.38%"
"03/13/2009","136.65","135.55","137.85","135.00","3.87K","+0.07%"
"03/12/2009","136.55","135.00","137.00","134.70","2.86K","+0.44%"
"03/09/2009","135.95","136.50","136.70","134.05","2.62K","-0.48%"
"03/06/2009","136.60","134.55","137.00","133.75","4.65K","+0.04%"
"03/05/2009","136.55","131.00","137.70","131.00","5.88K","-0.26%"
"03/04/2009","136.90","136.90","138.00","134.00","7.00K","-0.36%"
"03/03/2009","137.40","135.00","138.50","134.00","8.61K","+0.22%"
"03/02/2009","137.10","135.50","137.50","134.15","2.30K","+0.44%"
"02/27/2009","136.50","136.00","137.70","135.00","1.75K","+0.00%"
"02/26/2009","136.50","136.00","138.95","135.00","4.71K","+0.00%"
"02/25/2009","136.50","138.20","138.20","136.05","2.32K","-0.47%"
"02/24/2009","137.15","141.00","141.00","129.00","2.98K","+0.15%"
"02/20/2009","136.95","136.00","138.05","132.60","4.36K","+0.22%"
"02/19/2009","136.65","136.60","138.50","135.15","2.11K","+0.04%"
"02/18/2009","136.60","139.00","139.00","135.35","11.24K","-1.48%"
"02/17/2009","138.65","141.00","144.00","136.60","8.01K","-1.94%"
"02/16/2009","141.40","145.00","147.90","141.00","1.83K","-2.75%"
"02/13/2009","145.40","139.95","149.05","139.95","10.43K","+5.29%"
"02/12/2009","138.10","140.00","140.85","137.00","2.59K","-1.99%"
"02/11/2009","140.90","143.00","143.00","136.25","219","+0.90%"
"02/10/2009","139.65","138.00","142.00","137.15","2.65K","+1.45%"
"02/09/2009","137.65","135.20","138.45","135.20","3.78K","+0.66%"
"02/06/2009","136.75","136.00","138.15","135.65","1.83K","+0.00%"
"02/05/2009","136.75","134.00","137.00","133.55","2.79K","-0.29%"
"02/04/2009","137.15","136.00","137.50","133.65","5.95K","+1.48%"
"02/03/2009","135.15","136.00","137.00","132.00","8.21K","-0.99%"
"02/02/2009","136.50","132.30","136.95","132.30","4.41K","+0.18%"
"01/30/2009","136.25","133.50","136.85","133.50","3.45K","-0.18%"
"01/29/2009","136.50","136.00","137.00","135.10","2.08K","-0.04%"
"01/28/2009","136.55","135.00","137.00","134.10","3.51K","-0.18%"
"01/27/2009","136.80","130.00","137.80","130.00","3.70K","+2.59%"
"01/23/2009","133.35","133.00","134.50","132.00","2.23K","-0.37%"
"01/22/2009","133.85","132.15","135.20","132.00","15.12K","-1.98%"
"01/21/2009","136.55","132.60","137.95","132.55","16.03K","+0.92%"
"01/20/2009","135.30","136.00","138.00","132.15","5.52K","+0.26%"
"01/19/2009","134.95","133.15","135.60","133.15","960","+1.24%"
"01/16/2009","133.30","136.55","136.85","132.05","13.82K","-2.38%"
"01/15/2009","136.55","132.00","137.95","132.00","4.65K","+0.66%"
"01/14/2009","135.65","132.95","136.00","132.95","3.17K","+2.49%"
"01/13/2009","132.35","132.00","134.00","131.00","8.42K","+0.23%"
"01/12/2009","132.05","132.25","135.40","132.00","4.52K","-0.60%"
"01/09/2009","132.85","132.00","137.00","128.95","4.97K","-1.59%"
"01/07/2009","135.00","143.50","144.00","132.00","16.54K","-4.29%"
"01/06/2009","141.05","140.10","142.50","137.95","4.29K","+1.15%"
"01/05/2009","139.45","137.00","142.80","135.05","6.75K","+3.76%"
"01/02/2009","134.40","135.55","140.00","132.40","8.45K","-2.75%"
"01/01/2009","138.20","135.05","139.75","134.00","2.37K","+2.90%"
"12/31/2008","134.30","132.50","136.75","132.10","2.94K","+0.37%"
"12/30/2008","133.80","137.85","137.85","133.05","3.70K","+0.68%"
"12/29/2008","132.90","132.50","135.60","132.00","3.58K","+0.64%"
"12/26/2008","132.05","133.00","136.65","132.00","8.80K","-1.27%"
"12/24/2008","133.75","132.30","138.50","132.30","3.36K","-0.74%"
"12/23/2008","134.75","135.00","139.00","133.50","2.02K","-0.52%"
"12/22/2008","135.45","141.50","141.50","134.00","8.46K","-4.88%"
"12/19/2008","142.40","137.00","145.00","137.00","4.76K","+2.93%"
"12/18/2008","138.35","144.25","144.25","136.60","4.54K","-1.91%"
"12/17/2008","141.05","148.00","149.00","135.10","12.69K","+0.11%"
"12/16/2008","140.90","131.00","157.00","131.00","1.30M","+5.82%"
"12/15/2008","133.15","138.50","138.50","128.70","30.94K","-1.30%"
"12/12/2008","134.90","127.00","145.00","116.20","26.17K","+5.06%"
"12/11/2008","128.40","129.00","132.60","126.35","4.89K","+0.00%"
"12/10/2008","128.40","131.00","131.40","127.00","4.71K","-1.80%"
"12/08/2008","130.75","127.50","134.00","127.50","3.79K","+2.07%"
"12/05/2008","128.10","127.95","130.95","125.00","42.02K","+1.87%"
"12/04/2008","125.75","123.35","128.00","123.35","260.02K","+1.33%"
"12/03/2008","124.10","126.15","131.75","120.05","5.49K","-1.63%"
"12/02/2008","126.15","125.05","131.35","125.05","2.69K","-0.83%"
"12/01/2008","127.20","127.00","134.95","126.00","6.43K","+0.24%"
"11/28/2008","126.90","127.00","130.90","125.05","3.18K","-1.63%"
"11/26/2008","129.00","132.00","132.00","127.00","8.60K","-2.12%"
"11/25/2008","131.80","137.45","137.45","130.00","3.12K","-1.86%"
"11/24/2008","134.30","137.00","139.80","132.40","2.58K","-0.81%"
"11/21/2008","135.40","138.00","143.00","129.00","14.73K","-2.45%"
"11/20/2008","138.80","145.00","146.85","136.65","9.11K","-6.09%"
"11/19/2008","147.80","150.00","150.00","147.00","5.28K","-0.81%"
"11/18/2008","149.00","151.40","152.50","145.30","5.86K","-2.33%"
"11/17/2008","152.55","156.00","156.00","151.00","2.91K","-2.68%"
"11/14/2008","156.75","161.90","178.00","155.00","11.63K","-3.18%"
"11/12/2008","161.90","164.00","164.00","160.80","1.48K","-1.61%"
"11/11/2008","164.55","163.05","169.75","160.05","5.54K","+0.18%"
"11/10/2008","164.25","165.00","169.75","162.00","2.82K","+0.46%"
"11/07/2008","163.50","162.05","165.20","155.05","3.41K","+1.05%"
"11/06/2008","161.80","167.05","168.00","156.35","4.05K","-3.86%"
"11/05/2008","168.30","172.50","172.50","167.55","23.08K","-0.30%"
"11/04/2008","168.80","172.50","172.50","167.50","8.83K","-1.29%"
"11/03/2008","171.00","175.00","194.00","162.15","9.65K","+0.91%"
"10/31/2008","169.45","172.90","174.95","157.00","7.97K","+2.95%"
"10/29/2008","164.60","173.00","174.00","162.00","4.83K","-2.75%"
"10/28/2008","169.25","188.00","188.00","166.00","3.31K","+6.65%"
"10/27/2008","158.70","173.95","180.15","152.75","19.40K","-12.08%"
"10/24/2008","180.50","171.25","184.80","166.00","64.52K","+5.40%"
"10/23/2008","171.25","175.00","177.00","165.00","18.80K","-3.66%"
"10/22/2008","177.75","178.00","180.00","174.05","8.11K","+0.06%"
"10/21/2008","177.65","164.00","180.00","163.05","7.58K","+9.32%"
"10/20/2008","162.50","156.00","165.00","155.60","5.52K","+4.80%"
"10/17/2008","155.05","160.50","163.00","153.05","4.14K","-3.06%"
"10/16/2008","159.95","165.00","167.05","150.00","9.49K","-3.62%"
"10/15/2008","165.95","179.00","179.00","164.00","1.58K","-5.95%"
"10/14/2008","176.45","176.00","185.00","175.00","8.29K","+0.77%"
"10/13/2008","175.10","168.00","178.00","168.00","13.80K","+6.25%"
"10/10/2008","164.80","172.05","172.05","150.00","47.16K","-3.93%"
"10/08/2008","171.55","180.00","180.00","164.00","7.92K","-3.73%"
"10/07/2008","178.20","190.00","190.00","175.05","5.49K","-4.50%"
"10/06/2008","186.60","197.50","197.50","185.00","7.30K","-5.47%"
"10/03/2008","197.40","200.00","201.90","195.00","4.21K","-1.05%"
"10/01/2008","199.50","203.90","206.00","197.10","6.05K","-0.23%"
"09/30/2008","199.95","201.05","201.35","192.00","17.56K","-0.15%"
"09/29/2008","200.25","211.50","211.50","194.20","22.73K","-5.16%"
"09/26/2008","211.15","213.55","229.80","208.45","5.44K","-3.12%"
"09/25/2008","217.95","210.00","218.50","210.00","15.95K","+3.93%"
"09/24/2008","209.70","211.20","214.95","208.00","1.71K","-2.24%"
"09/23/2008","214.50","214.00","217.50","210.20","1.40K","-0.19%"
"09/22/2008","214.90","212.00","216.00","209.50","12.13K","+3.02%"
"09/19/2008","208.60","220.75","220.75","205.00","20.82K","-2.20%"
"09/18/2008","213.30","215.05","215.05","207.55","5.17K","-2.38%"
"09/17/2008","218.50","210.00","221.90","210.00","15.45K","+0.18%"
"09/16/2008","218.10","215.05","218.90","210.00","22.28K","+0.25%"
"09/15/2008","217.55","225.05","232.00","215.05","9.03K","-3.29%"
"09/12/2008","224.95","227.50","230.00","220.10","2.75K","-1.73%"
"09/11/2008","228.90","229.00","230.35","225.65","81.65K","-0.09%"
"09/10/2008","229.10","231.00","232.00","226.30","4.49K","-0.87%"
"09/09/2008","231.10","232.00","234.00","229.35","5.91K","-1.43%"
"09/08/2008","234.45","227.50","242.50","227.00","31.54K","+3.01%"
"09/05/2008","227.60","227.90","229.70","224.70","4.09K","-0.48%"
"09/04/2008","228.70","229.95","230.00","224.15","16.79K","-0.87%"
"09/02/2008","230.70","230.00","233.95","227.00","5.19K","+0.63%"
"09/01/2008","229.25","232.00","234.45","227.80","9.67K","-1.50%"
"08/29/2008","232.75","223.50","235.20","223.50","13.83K","+5.29%"
"08/28/2008","221.05","219.90","223.75","219.05","2.04K","+2.08%"
"08/27/2008","216.55","217.95","223.50","215.00","2.68K","-1.64%"
"08/26/2008","220.15","215.15","223.00","215.15","5.74K","+0.27%"
"08/25/2008","219.55","223.95","223.95","217.15","9.05K","+0.64%"
"08/22/2008","218.15","217.55","222.90","216.95","3.78K","-0.68%"
"08/21/2008","219.65","220.05","222.50","215.10","11.36K","-1.74%"
"08/20/2008","223.55","226.00","226.85","222.05","5.56K","+0.20%"
"08/19/2008","223.10","229.55","229.55","221.90","4.63K","-2.47%"
"08/18/2008","228.75","230.05","231.10","225.85","5.80K","-3.01%"
"08/14/2008","235.85","219.65","236.95","219.65","10.65K","+2.19%"
"08/13/2008","230.80","234.80","236.00","228.00","5.50K","-1.28%"
"08/12/2008","233.80","237.40","238.45","230.70","5.65K","-1.04%"
"08/11/2008","236.25","230.00","239.20","230.00","19.04K","+3.55%"
"08/08/2008","228.15","222.00","234.80","222.00","26.44K","+2.40%"
"08/07/2008","222.80","221.00","227.00","218.00","16.60K","+1.48%"
"08/06/2008","219.55","219.00","226.00","216.70","21.69K","+1.86%"
"08/05/2008","215.55","214.80","216.95","211.65","11.19K","+1.01%"
"08/04/2008","213.40","214.80","217.40","211.00","12.00K","+1.38%"
"08/01/2008","210.50","213.00","213.00","209.50","4.85K","-0.14%"
"07/31/2008","210.80","212.00","214.00","210.00","7.14K","-0.17%"
"07/30/2008","211.15","211.00","212.95","209.85","9.09K","+0.17%"
"07/29/2008","210.80","212.00","214.90","210.00","2.74K","-0.94%"
"07/28/2008","212.80","213.50","214.50","211.05","3.18K","+1.12%"
"07/25/2008","210.45","212.50","213.50","209.95","3.96K","-1.75%"
"07/24/2008","214.20","217.50","220.00","212.00","5.93K","-0.65%"
"07/23/2008","215.60","215.00","218.00","208.35","21.12K","+3.45%"
"07/22/2008","208.40","207.00","211.90","205.00","6.27K","+0.68%"
"07/21/2008","207.00","208.30","210.00","203.15","9.01K","-0.62%"
"07/18/2008","208.30","210.15","213.40","206.00","10.94K","-0.83%"
"07/17/2008","210.05","226.00","226.00","207.50","11.50K","-1.36%"
"07/16/2008","212.95","225.00","230.00","205.25","27.80K","-4.81%"
"07/15/2008","223.70","213.00","224.95","210.00","62.15K","+4.09%"
"07/14/2008","214.90","215.00","227.50","211.00","14.60K","-0.97%"
"07/11/2008","217.00","210.00","221.00","208.00","1.78M","+4.15%"
"07/10/2008","208.35","208.00","210.40","207.15","5.13K","+0.26%"
"07/09/2008","207.80","214.95","214.95","207.00","13.61K","+0.07%"
"07/08/2008","207.65","209.10","210.90","207.00","6.82K","-0.98%"
"07/07/2008","209.70","224.90","225.00","207.45","5.83K","-3.90%"
"07/04/2008","218.20","216.95","219.00","207.65","11.30K","+2.39%"
"07/03/2008","213.10","213.05","218.00","209.00","3.75K","-3.18%"
"07/02/2008","220.10","208.00","223.00","205.00","7.76K","+4.71%"
"07/01/2008","210.20","208.00","214.05","203.50","9.49K","+1.55%"
"06/30/2008","207.00","205.00","212.75","201.25","7.03K","-0.24%"
"06/27/2008","207.50","212.90","214.00","205.00","12.31K","-2.63%"
"06/26/2008","213.10","216.20","217.95","212.00","7.55K","-0.42%"
"06/25/2008","214.00","208.05","219.00","206.00","17.62K","-0.30%"
"06/24/2008","214.65","216.10","222.90","211.35","7.22K","-2.56%"
"06/23/2008","220.30","225.05","228.00","215.10","15.00K","-2.41%"
"06/20/2008","225.75","233.90","236.45","225.00","25.41K","-3.48%"
"06/19/2008","233.90","237.00","239.00","233.20","3.41K","-1.50%"
"06/18/2008","237.45","240.00","240.40","237.00","8.49K","-1.04%"
"06/17/2008","239.95","238.90","241.90","238.00","12.31K","+0.25%"
"06/16/2008","239.35","245.00","245.00","237.05","9.16K","+0.21%"
"06/13/2008","238.85","240.25","243.00","235.00","10.93K","-0.48%"
"06/12/2008","240.00","242.00","244.80","238.05","15.26K","-2.04%"
"06/11/2008","245.00","245.00","245.00","241.60","16.91K","+0.27%"
"06/10/2008","244.35","254.00","254.00","240.10","9.16K","-3.65%"
"06/09/2008","253.60","236.05","265.00","228.10","40.79K","+5.60%"
"06/06/2008","240.15","245.60","246.05","237.10","66.64K","-3.05%"
"06/05/2008","247.70","253.00","254.95","247.00","12.92K","-2.42%"
"06/04/2008","253.85","255.00","259.90","253.00","9.76K","-1.40%"
"06/03/2008","257.45","255.55","262.35","255.05","4.74K","-1.42%"
"06/02/2008","261.15","265.00","265.50","260.00","7.62K","-0.93%"
"05/30/2008","263.60","268.00","269.70","262.50","13.40K","-0.02%"
"05/29/2008","263.65","268.75","268.75","262.20","90.38K","+0.40%"
"05/28/2008","262.60","268.00","270.00","260.90","9.86K","-0.92%"
"05/27/2008","265.05","285.00","285.00","264.00","27.72K","-2.32%"
"05/26/2008","271.35","285.00","285.00","271.00","11.14K","-2.43%"
"05/23/2008","278.10","278.10","280.00","273.05","6.88K","-0.14%"
"05/22/2008","278.50","281.00","281.00","277.00","10.49K","-0.29%"
"05/21/2008","279.30","280.00","280.00","277.25","14.13K","+0.00%"
"05/20/2008","279.30","284.00","284.00","278.50","9.29K","-0.37%"
"05/16/2008","280.35","288.00","288.80","279.00","11.68K","+0.45%"
"05/15/2008","279.10","287.50","288.75","278.05","11.41K","-0.80%"
"05/14/2008","281.35","283.25","285.75","280.00","11.14K","-0.67%"
"05/13/2008","283.25","288.00","290.00","282.10","3.29K","-1.07%"
"05/12/2008","286.30","285.00","290.00","273.55","4.46K","-1.58%"
"05/09/2008","290.90","295.00","298.45","290.00","11.76K","-0.72%"
"05/08/2008","293.00","295.00","297.00","292.05","190.05K","-0.51%"
"05/07/2008","294.50","297.00","300.00","293.85","4.93K","-0.98%"
"05/06/2008","297.40","292.60","303.00","292.60","8.20K","+1.28%"
"05/05/2008","293.65","296.10","297.00","281.00","7.94K","-1.03%"
"05/02/2008","296.70","307.75","307.75","293.60","11.01K","-0.54%"
"04/30/2008","298.30","300.00","300.00","295.00","6.19K","+0.15%"
"04/29/2008","297.85","295.00","300.00","295.00","8.36K","+0.18%"
"04/28/2008","297.30","301.00","301.00","294.00","162.53K","-0.22%"
"04/25/2008","297.95","300.05","305.00","294.15","12.42K","-1.52%"
"04/24/2008","302.55","311.00","311.00","298.00","29.49K","-1.29%"
"04/23/2008","306.50","312.00","312.65","305.00","60.00K","-1.08%"
"04/22/2008","309.85","310.00","315.00","308.00","16.94K","+0.34%"
"04/21/2008","308.80","310.00","312.00","302.25","26.89K","+0.19%"
"04/17/2008","308.20","303.20","315.00","303.00","21.96K","+1.65%"
"04/16/2008","303.20","304.45","304.50","298.00","8.52K","+2.28%"
"04/15/2008","296.45","295.00","303.00","295.00","9.57K","-1.20%"
"04/11/2008","300.05","292.00","302.80","287.00","8.09K","+0.15%"
"04/10/2008","299.60","297.10","303.50","297.10","8.06K","+0.25%"
"04/09/2008","298.85","298.00","303.95","295.10","2.44K","+1.44%"
"04/08/2008","294.60","296.50","304.00","292.70","3.43K","-2.26%"
"04/07/2008","301.40","281.00","304.00","281.00","4.19K","+1.14%"
"04/04/2008","298.00","302.90","302.90","293.00","9.66K","-1.68%"
"04/03/2008","303.10","304.00","304.00","299.10","3.82K","+1.46%"
"04/02/2008","298.75","313.95","313.95","296.00","212.56K","+1.68%"
"04/01/2008","293.80","302.50","305.00","288.00","7.61K","-1.41%"
"03/31/2008","298.00","300.00","307.00","295.00","231.13K","-1.52%"
"03/28/2008","302.60","302.05","317.00","298.50","15.75K","-3.31%"
"03/27/2008","312.95","288.30","316.90","285.15","10.00K","+5.58%"
"03/26/2008","296.40","290.00","303.00","285.00","220.53K","+4.37%"
"03/25/2008","284.00","288.00","290.00","272.65","15.90K","+5.32%"
"03/24/2008","269.65","285.00","285.00","264.00","17.62K","-5.10%"
"03/19/2008","284.15","298.00","298.00","284.00","10.02K","+0.46%"
"03/18/2008","282.85","302.55","310.00","282.00","217.15K","-5.76%"
"03/17/2008","300.15","320.00","320.00","295.00","18.37K","-6.19%"
"03/14/2008","319.95","327.00","327.00","310.00","28.27K","-0.09%"
"03/13/2008","320.25","332.00","335.95","316.60","10.43K","-3.73%"
"03/12/2008","332.65","355.00","357.35","331.05","11.32K","-2.09%"
"03/11/2008","339.75","336.10","349.90","336.10","16.90K","+1.57%"
"03/10/2008","334.50","340.00","340.05","323.00","12.98K","-3.35%"
"03/07/2008","346.10","366.30","372.00","341.25","39.28K","-5.42%"
"03/05/2008","365.95","352.00","369.90","352.00","12.14K","+2.04%"
"03/04/2008","358.65","356.00","363.25","348.05","28.67K","-0.36%"
"03/03/2008","359.95","352.00","364.00","352.00","46.21K","-0.28%"
"02/29/2008","360.95","369.40","370.00","355.00","21.17K","-1.08%"
"02/28/2008","364.90","365.00","369.00","363.00","15.22K","+0.36%"
"02/27/2008","363.60","367.00","372.00","355.00","8.49K","-1.92%"
"02/26/2008","370.70","398.00","399.00","366.00","110.08K","+0.56%"
"02/25/2008","368.65","394.00","394.00","366.10","35.30K","+0.99%"
"02/22/2008","365.05","360.00","374.85","357.00","40.70K","+1.60%"
"02/21/2008","359.30","369.75","369.75","350.15","127.81K","+1.33%"
"02/20/2008","354.60","377.00","377.00","352.50","7.14K","-2.22%"
"02/19/2008","362.65","360.00","376.00","360.00","8.10K","+0.58%"
"02/18/2008","360.55","350.00","399.00","350.00","15.27K","+4.13%"
"02/15/2008","346.25","349.00","349.80","335.00","7.45K","+3.67%"
"02/14/2008","334.00","326.00","345.00","326.00","4.03K","+1.26%"
"02/13/2008","329.85","325.10","332.50","320.00","4.63K","+2.71%"
"02/12/2008","321.15","325.00","335.95","320.00","3.77K","-0.57%"
"02/11/2008","323.00","329.75","337.95","321.10","9.54K","-1.01%"
"02/08/2008","326.30","339.00","343.75","323.05","9.60K","-3.22%"
"02/07/2008","337.15","367.00","367.00","333.20","15.41K","-1.61%"
"02/06/2008","342.65","352.00","352.00","339.00","14.20K","-2.09%"
"02/05/2008","349.95","351.00","355.00","342.05","8.00K","-0.09%"
"02/04/2008","350.25","378.00","378.00","349.00","14.70K","+0.91%"
"02/01/2008","347.10","370.00","380.00","340.05","3.47K","-2.61%"
"01/31/2008","356.40","340.30","364.00","340.30","7.78K","+1.87%"
"01/30/2008","349.85","350.00","350.00","335.00","11.95K","+0.24%"
"01/29/2008","349.00","350.50","350.50","345.05","5.66K","-0.13%"
"01/28/2008","349.45","357.85","375.00","331.00","7.95K","-2.35%"
"01/25/2008","357.85","350.00","359.00","348.00","24.64K","+2.43%"
"01/24/2008","349.35","358.00","378.00","345.00","8.94K","+0.04%"
"01/23/2008","349.20","360.00","360.00","342.00","18.20K","+4.72%"
"01/22/2008","333.45","325.00","380.00","296.00","13.23K","-5.59%"
"01/21/2008","353.20","403.50","410.00","340.00","18.79K","-12.47%"
"01/18/2008","403.50","403.05","418.00","401.00","5.16K","-2.83%"
"01/17/2008","415.25","417.00","418.95","413.00","6.50K","+0.18%"
"01/16/2008","414.50","419.60","419.60","411.00","5.06K","-1.47%"
"01/15/2008","420.70","420.05","436.00","415.00","7.19K","-0.47%"
"01/14/2008","422.70","375.00","444.50","375.00","8.28K","-0.70%"
"01/11/2008","425.70","424.90","432.00","404.05","11.17K","-0.12%"
"01/10/2008","426.20","445.00","447.00","420.00","13.21K","-2.38%"
"01/09/2008","436.60","442.25","447.95","435.25","22.02K","-2.58%"
"01/08/2008","448.15","441.25","460.05","441.25","8.98K","-1.10%"
"01/07/2008","453.15","469.00","469.00","449.00","34.02K","-2.80%"
"01/04/2008","466.20","450.20","480.00","440.00","100.63K","+5.17%"
"01/03/2008","443.30","459.85","459.85","441.00","36.95K","-1.40%"
"01/02/2008","449.60","463.00","463.00","446.35","17.46K","-0.29%"
"01/01/2008","450.90","451.00","460.05","448.00","31.60K","-1.47%"
"12/31/2007","457.65","470.00","480.00","455.50","28.91K","-1.09%"
"12/28/2007","462.70","437.00","470.00","435.00","40.16K","+2.15%"
"12/27/2007","452.95","455.00","457.90","446.25","59.85K","+0.71%"
"12/26/2007","449.75","449.90","452.50","442.00","43.04K","+2.16%"
"12/24/2007","440.25","435.00","443.90","434.00","27.66K","+2.37%"
"12/20/2007","430.05","427.00","440.00","427.00","22.58K","-0.46%"
"12/19/2007","432.05","440.00","448.00","429.00","40.70K","-0.27%"
"12/18/2007","433.20","440.00","442.00","428.00","11.44K","-1.55%"
"12/17/2007","440.00","449.90","454.75","436.00","13.22K","-2.06%"
"12/14/2007","449.25","457.90","458.00","442.50","14.80K","-0.18%"
"12/13/2007","450.05","453.00","458.50","445.00","17.09K","-0.56%"
"12/12/2007","452.60","445.00","463.40","445.00","15.76K","+0.39%"
"12/11/2007","450.85","447.00","455.00","442.00","21.71K","+1.63%"
"12/10/2007","443.60","440.00","448.00","434.00","5.28K","+1.63%"
"12/07/2007","436.50","449.90","455.00","432.00","13.86K","-1.53%"
"12/06/2007","443.30","457.00","458.00","440.25","12.34K","-1.84%"
"12/05/2007","451.60","443.00","458.95","442.00","22.75K","+1.75%"
"12/04/2007","443.85","448.00","452.00","439.95","9.29K","-0.47%"
"12/03/2007","445.95","444.50","450.00","443.05","13.69K","+1.25%"
"11/30/2007","440.45","444.85","444.85","439.00","10.27K","-0.31%"
"11/29/2007","441.80","435.00","445.60","405.80","8.03K","+0.44%"
"11/28/2007","439.85","440.00","447.00","436.00","50.61K","-0.18%"
"11/27/2007","440.65","440.00","453.90","435.00","7.58K","-0.82%"
"11/26/2007","444.30","440.00","499.00","440.00","39.65K","+2.75%"
"11/23/2007","432.40","430.10","438.90","426.00","14.71K","+1.40%"
"11/22/2007","426.45","425.10","440.00","425.00","45.35K","-0.87%"
"11/21/2007","430.20","433.40","439.00","428.00","34.44K","+0.02%"
"11/20/2007","430.10","430.00","440.00","412.00","37.15K","+0.37%"
"11/19/2007","428.50","414.85","455.00","414.85","29.63K","+4.02%"
"11/16/2007","411.95","404.00","415.70","404.00","45.75K","+3.03%"
"11/15/2007","399.85","403.00","403.00","394.00","34.29K","-0.06%"
"11/14/2007","400.10","398.90","406.50","398.50","20.20K","+1.63%"
"11/13/2007","393.70","393.95","399.00","386.20","9.39K","+1.13%"
"11/12/2007","389.30","390.10","392.50","388.00","4.80K","-1.77%"
"11/09/2007","396.30","399.00","409.90","385.60","5.78K","+0.80%"
"11/08/2007","393.15","403.00","403.00","390.00","168.96K","-3.43%"
"11/07/2007","407.10","410.00","411.00","392.05","18.56K","-0.72%"
"11/06/2007","410.05","415.00","416.90","407.25","22.54K","-1.01%"
"11/05/2007","414.25","402.25","420.00","400.00","29.44K","+0.33%"
"11/02/2007","412.90","390.00","415.00","390.00","10.95K","+2.06%"
"11/01/2007","404.55","410.20","414.90","402.05","19.34K","-1.28%"
"10/31/2007","409.80","417.00","420.00","384.00","46.86K","-0.61%"
"10/30/2007","412.30","423.00","423.00","410.00","94.55K","-1.20%"
"10/29/2007","417.30","440.00","440.00","413.00","62.02K","+2.46%"
"10/26/2007","407.30","397.00","433.80","397.00","109.73K","+2.18%"
"10/25/2007","398.60","387.00","401.00","384.00","53.24K","+3.78%"
"10/24/2007","384.10","383.80","392.00","375.00","34.82K","+2.15%"
"10/23/2007","376.00","380.00","381.00","373.50","41.49K","+2.05%"
"10/22/2007","368.45","384.00","384.00","365.00","25.36K","-2.02%"
"10/19/2007","376.05","379.90","389.00","365.20","25.10K","-0.75%"
"10/18/2007","378.90","385.00","396.00","372.60","73.74K","+0.72%"
"10/17/2007","376.20","358.30","380.00","355.00","29.25K","+3.08%"
"10/16/2007","364.95","387.00","393.00","357.10","78.99K","-4.81%"
"10/15/2007","383.40","386.00","387.75","382.00","18.68K","-0.20%"
"10/12/2007","384.15","388.00","389.00","381.15","12.25K","-1.15%"
"10/11/2007","388.60","382.05","392.00","378.00","22.85K","+1.67%"
"10/10/2007","382.20","383.10","389.95","380.95","174.24K","-2.01%"
"10/09/2007","390.05","378.00","392.00","378.00","29.50K","+1.36%"
"10/08/2007","384.80","385.50","391.30","375.50","29.40K","-0.06%"
"10/05/2007","385.05","394.00","395.00","382.30","9.44K","-0.03%"
"10/04/2007","385.15","380.05","390.00","380.05","28.56K","-0.30%"
"10/03/2007","386.30","385.00","397.80","378.15","18.95K","-1.55%"
"10/01/2007","392.40","391.80","402.00","385.05","47.47K","+1.80%"
"09/28/2007","385.45","385.00","389.00","376.20","38.80K","+1.43%"
"09/27/2007","380.00","385.00","385.00","379.00","22.73K","-0.61%"
"09/26/2007","382.35","389.00","389.00","374.65","36.76K","+0.29%"
"09/25/2007","381.25","374.00","392.00","370.10","40.36K","+5.01%"
"09/24/2007","363.05","392.00","392.00","363.00","841.15K","-4.46%"
"09/21/2007","380.00","380.00","387.00","377.00","14.80K","+0.76%"
"09/20/2007","377.15","379.00","382.00","370.25","11.42K","-0.51%"
"09/19/2007","379.10","380.00","384.00","368.05","88.08K","+2.47%"
"09/18/2007","369.95","375.00","375.50","365.10","43.32K","-0.84%"
"09/17/2007","373.10","383.95","383.95","359.90","28.50K","-0.69%"
"09/14/2007","375.70","450.00","450.00","375.00","13.03K","-1.24%"
"09/13/2007","380.40","388.00","389.40","378.50","18.17K","-1.76%"
"09/12/2007","387.20","388.05","391.95","385.00","13.07K","+0.19%"
"09/11/2007","386.45","393.80","394.00","385.00","23.09K","-0.13%"
"09/10/2007","386.95","392.00","397.80","385.20","28.89K","-2.59%"
"09/07/2007","397.25","400.00","403.00","392.00","26.51K","+1.43%"
"09/06/2007","391.65","386.00","399.00","386.00","28.72K","-1.27%"
"09/05/2007","396.70","444.00","444.00","382.30","8.36K","-0.78%"
"09/04/2007","399.80","475.00","475.00","397.00","17.72K","-1.13%"
"09/03/2007","404.35","449.40","449.40","401.00","17.87K","-1.09%"
"08/31/2007","408.80","419.00","419.00","404.00","24.30K","+2.14%"
"08/30/2007","400.25","424.00","424.00","399.05","8.06K","-1.95%"
"08/29/2007","408.20","449.40","449.40","371.80","26.10K","+2.24%"
"08/28/2007","399.25","460.00","460.00","395.00","21.11K","-0.06%"
"08/27/2007","399.50","450.00","450.00","389.00","12.69K","+4.02%"
"08/24/2007","384.05","377.95","393.00","362.30","17.75K","+5.31%"
"08/23/2007","364.70","389.00","395.50","362.05","16.22K","-1.91%"
"08/22/2007","371.80","361.50","379.95","361.00","17.42K","+0.55%"
"08/21/2007","369.75","391.00","391.00","367.00","7.71K","-3.43%"
"08/20/2007","382.90","405.90","405.90","380.00","11.83K","-0.62%"
"08/17/2007","385.30","450.00","450.00","374.00","36.09K","-1.52%"
"08/16/2007","391.25","395.00","399.80","388.00","14.23K","-2.70%"
"08/14/2007","402.10","408.25","414.00","400.10","17.87K","+0.36%"
"08/13/2007","400.65","411.00","419.00","400.00","26.43K","-0.35%"
"08/10/2007","402.05","405.00","406.95","395.00","31.91K","-2.20%"
"08/09/2007","411.10","418.00","423.95","410.00","10.24K","-1.28%"
"08/08/2007","416.45","414.00","418.95","414.00","19.83K","+0.34%"
"08/07/2007","415.05","420.00","424.80","415.00","6.36K","-0.24%"
"08/06/2007","416.05","406.00","421.00","401.10","8.28K","-0.29%"
"08/03/2007","417.25","425.00","428.00","412.50","20.86K","-0.61%"
"08/02/2007","419.80","424.50","434.75","413.05","12.19K","-0.37%"
"08/01/2007","421.35","428.25","435.00","405.00","29.59K","-1.84%"
"07/31/2007","429.25","424.00","435.90","415.00","31.27K","+1.53%"
"07/30/2007","422.80","404.00","425.00","404.00","17.72K","+3.29%"
"07/27/2007","409.35","400.00","425.00","400.00","26.29K","-4.60%"
"07/26/2007","429.10","432.00","435.40","423.00","24.95K","+0.33%"
"07/25/2007","427.70","426.25","432.80","420.00","55.50K","+1.34%"
"07/24/2007","422.05","436.00","443.95","416.10","27.00K","-2.92%"
"07/23/2007","434.75","454.00","454.00","426.10","35.19K","-4.00%"
"07/20/2007","452.85","452.00","469.00","450.00","184.06K","+0.60%"
"07/19/2007","450.15","433.50","454.50","433.00","253.19K","+4.30%"
"07/18/2007","431.60","430.05","439.80","425.00","87.31K","+0.98%"
"07/17/2007","427.40","420.00","436.90","418.00","56.52K","+2.63%"
"07/16/2007","416.45","412.00","420.20","409.00","21.68K","+1.64%"
"07/13/2007","409.75","424.90","425.00","407.50","29.64K","-2.18%"
"07/12/2007","418.90","424.00","430.00","417.05","16.82K","-0.21%"
"07/11/2007","419.80","428.00","431.00","418.20","17.46K","-2.84%"
"07/10/2007","432.05","427.50","438.00","420.00","84.93K","+1.67%"
"07/09/2007","424.95","429.95","430.00","416.30","70.73K","-0.02%"
"07/06/2007","425.05","422.00","426.50","417.00","31.30K","+1.32%"
"07/05/2007","419.50","427.05","432.50","416.10","66.31K","-2.56%"
"07/04/2007","430.50","430.00","441.00","423.50","42.80K","-1.66%"
"07/03/2007","437.75","430.00","439.90","421.10","33.64K","+2.35%"
"07/02/2007","427.70","435.00","437.80","422.20","8.57K","-1.72%"
"06/29/2007","435.20","438.00","438.00","428.00","18.36K","+1.19%"
"06/28/2007","430.10","430.00","438.00","424.10","75.35K","+1.18%"
"06/27/2007","425.10","415.25","431.55","409.05","71.06K","+1.72%"
"06/26/2007","417.90","427.00","427.00","414.10","21.28K","-1.32%"
"06/25/2007","423.50","434.75","434.75","420.25","29.62K","-0.95%"
"06/22/2007","427.55","432.25","435.00","425.00","11.65K","-1.05%"
"06/21/2007","432.10","444.90","444.90","430.20","26.46K","-1.58%"
"06/20/2007","439.05","446.00","446.00","431.00","85.31K","+0.18%"
"06/19/2007","438.25","426.50","442.45","425.00","161.78K","+3.52%"
"06/18/2007","423.35","425.45","434.30","420.00","87.97K","+0.27%"
"06/15/2007","422.20","418.00","423.70","413.00","64.62K","+3.15%"
"06/14/2007","409.30","423.00","424.40","408.00","93.46K","-0.39%"
"06/13/2007","410.90","400.80","414.90","397.05","183.69K","+2.62%"
"06/12/2007","400.40","401.00","411.90","397.00","218.39K","+0.04%"
"06/11/2007","400.25","419.95","419.95","382.00","428.84K","-0.73%"
"06/08/2007","403.20","461.00","466.00","386.15","745.32K","-13.87%"
"06/07/2007","468.15","469.80","484.00","455.10","58.23K","+1.52%"
"06/06/2007","461.15","474.00","485.00","456.00","73.10K","-2.53%"
"06/05/2007","473.10","467.00","474.00","461.20","76.82K","+2.47%"
"06/04/2007","461.70","455.00","468.00","449.00","128.05K","+1.97%"
"06/01/2007","452.80","460.20","468.00","448.00","55.98K","-0.91%"
"05/31/2007","456.95","477.90","477.90","452.00","75.78K","-1.81%"
"05/30/2007","465.35","462.85","484.90","462.00","175.84K","+0.65%"
"05/29/2007","462.35","466.00","483.00","457.10","144.49K","+0.09%"
"05/28/2007","461.95","510.00","515.00","456.00","282.57K","-7.05%"
"05/25/2007","497.00","448.80","512.90","448.80","439.49K","+3.14%"
"05/24/2007","481.85","484.50","489.00","455.00","294.92K","+0.84%"
"05/23/2007","477.85","437.40","499.50","430.00","674.94K","+11.08%"
"05/22/2007","430.20","419.00","435.30","365.40","66.68K","+0.61%"
"05/21/2007","427.60","425.00","444.00","421.00","72.07K","+4.23%"
"05/18/2007","410.25","404.00","421.00","379.30","76.33K","+1.47%"
"05/17/2007","404.30","404.00","405.00","395.05","61.14K","+1.13%"
"05/16/2007","399.80","392.00","402.50","384.55","33.43K","+2.53%"
"05/15/2007","389.95","397.00","398.00","385.25","17.71K","-1.60%"
"05/14/2007","396.30","404.00","410.50","392.00","59.55K","-0.41%"
"05/11/2007","397.95","385.00","400.50","382.00","41.99K","+1.97%"
"05/10/2007","390.25","388.75","399.80","384.00","168.27K","+1.67%"
"05/09/2007","383.85","367.35","389.00","362.10","69.04K","+5.09%"
"05/08/2007","365.25","377.00","385.50","360.20","44.34K","-4.32%"
"05/07/2007","381.75","376.00","393.00","376.00","44.33K","+1.90%"
"05/04/2007","374.65","375.95","379.70","368.00","23.52K","+1.53%"
"05/03/2007","369.00","382.00","390.00","365.00","43.48K","-3.84%"
"04/30/2007","383.75","378.00","391.80","375.05","37.98K","+1.56%"
"04/27/2007","377.85","371.00","393.90","371.00","70.04K","+2.03%"
"04/26/2007","370.35","384.85","384.85","362.00","115.51K","-2.19%"
"04/25/2007","378.65","372.00","394.50","365.00","195.64K","+2.98%"
"04/24/2007","367.70","354.25","372.30","354.00","67.03K","+1.62%"
"04/23/2007","361.85","371.85","376.80","355.00","79.08K","-1.01%"
"04/20/2007","365.55","359.85","372.40","359.85","127.28K","+2.90%"
"04/19/2007","355.25","330.00","364.80","326.10","200.88K","+6.92%"
"04/18/2007","332.25","325.00","338.60","325.00","56.99K","+2.06%"
"04/17/2007","325.55","328.50","331.00","322.00","30.27K","-0.37%"
"04/16/2007","326.75","322.00","330.00","320.00","63.89K","+2.17%"
"04/13/2007","319.80","319.95","325.00","317.40","18.65K","-0.05%"
"04/12/2007","319.95","324.90","325.00","313.25","48.67K","-0.74%"
"04/11/2007","322.35","323.45","331.90","320.05","47.18K","+1.11%"
"04/10/2007","318.80","324.00","324.00","316.05","26.09K","+1.06%"
"04/09/2007","315.45","312.00","321.00","312.00","7.39K","+0.96%"
"04/05/2007","312.45","310.00","316.75","304.65","44.13K","-1.70%"
"04/04/2007","317.85","316.00","318.75","315.00","15.21K","+0.90%"
"04/03/2007","315.00","313.00","316.00","310.00","25.39K","+1.47%"
"04/02/2007","310.45","303.15","316.00","303.05","26.17K","-3.51%"
"03/30/2007","321.75","300.00","329.00","281.00","25.34K","+3.84%"
"03/29/2007","309.85","312.00","312.00","309.00","4.19K","+0.16%"
"03/28/2007","309.35","306.55","312.95","306.00","15.32K","+0.31%"
"03/26/2007","308.40","314.55","314.55","308.05","3.85K","-1.12%"
"03/23/2007","311.90","311.50","316.00","307.50","13.02K","+0.94%"
"03/22/2007","309.00","310.20","313.30","306.00","23.75K","-0.18%"
"03/21/2007","309.55","315.00","315.00","307.05","5.58K","-1.13%"
"03/20/2007","313.10","313.00","320.95","311.00","9.26K","+0.69%"
"03/19/2007","310.95","314.50","317.00","307.00","14.94K","+0.53%"
"03/16/2007","309.30","319.00","319.00","307.20","205.39K","-3.34%"
"03/15/2007","320.00","326.95","326.95","318.00","12.62K","-0.02%"
"03/14/2007","320.05","317.85","322.00","310.60","27.02K","-0.08%"
"03/13/2007","320.30","322.00","324.90","319.15","21.01K","+0.02%"
"03/12/2007","320.25","316.00","323.90","315.00","35.11K","+2.38%"
"03/09/2007","312.80","319.00","327.00","309.00","47.25K","+3.18%"
"03/08/2007","303.15","307.00","308.00","299.15","21.90K","+1.57%"
"03/07/2007","298.45","316.85","316.85","297.00","17.78K","-0.81%"
"03/06/2007","300.90","309.00","336.95","295.00","41.75K","+0.02%"
"03/05/2007","300.85","315.10","320.00","295.00","14.25K","-6.41%"
"03/02/2007","321.45","324.40","329.90","320.00","33.05K","-1.35%"
"03/01/2007","325.85","306.20","326.50","306.20","37.02K","+4.02%"
"02/28/2007","313.25","310.00","322.50","300.00","21.61K","-3.90%"
"02/27/2007","325.95","320.00","332.20","315.15","71.86K","+2.18%"
"02/26/2007","319.00","316.00","323.80","314.00","50.29K","+2.34%"
"02/23/2007","311.70","321.00","323.00","305.25","77.80K","-2.36%"
"02/22/2007","319.25","315.50","328.60","315.00","199.74K","+2.37%"
"02/21/2007","311.85","304.00","316.00","302.00","120.23K","+3.64%"
"02/20/2007","300.90","304.00","321.00","298.25","35.72K","+1.16%"
"02/19/2007","297.45","290.00","302.90","286.00","37.58K","+4.22%"
"02/15/2007","285.40","286.00","287.00","283.10","26.44K","+1.57%"
"02/14/2007","281.00","280.10","284.00","275.00","9.29K","-1.44%"
"02/13/2007","285.10","280.00","289.75","280.00","8.88K","+0.37%"
"02/12/2007","284.05","285.00","289.85","278.00","18.09K","-1.27%"
"02/09/2007","287.70","288.00","290.00","286.00","8.98K","-0.16%"
"02/08/2007","288.15","288.00","289.95","287.00","8.75K","+0.56%"
"02/07/2007","286.55","288.00","291.00","283.25","17.06K","-0.83%"
"02/06/2007","288.95","292.05","292.05","286.50","10.24K","-0.89%"
"02/05/2007","291.55","294.00","298.80","291.00","11.24K","-0.83%"
"02/02/2007","294.00","292.00","297.00","288.50","22.66K","+1.22%"
"02/01/2007","290.45","293.80","293.80","286.00","12.15K","+0.87%"
"01/31/2007","287.95","289.00","291.20","285.10","25.24K","-0.66%"
"01/29/2007","289.85","286.00","292.50","285.75","17.36K","+1.40%"
"01/25/2007","285.85","287.00","288.70","285.00","18.77K","-0.09%"
"01/24/2007","286.10","287.00","289.00","285.25","10.51K","+0.10%"
"01/23/2007","285.80","285.00","290.00","285.00","48.64K","+1.24%"
"01/22/2007","282.30","280.00","286.00","279.10","27.89K","+2.13%"
"01/19/2007","276.40","273.50","277.90","273.00","16.51K","+0.97%"
"01/18/2007","273.75","274.80","276.00","271.30","29.27K","+0.44%"
"01/17/2007","272.55","268.00","276.00","266.00","35.51K","+1.11%"
"01/16/2007","269.55","273.10","275.00","269.00","46.62K","-0.90%"
"01/15/2007","272.00","272.00","278.20","269.05","36.39K","+0.15%"
"01/12/2007","271.60","276.90","277.00","271.05","16.87K","+0.56%"
"01/11/2007","270.10","271.95","276.00","267.05","15.31K","+0.86%"
"01/10/2007","267.80","261.05","272.10","261.05","12.28K","-0.83%"
"01/09/2007","270.05","276.00","276.00","267.00","36.21K","-1.24%"
"01/08/2007","273.45","269.90","275.00","264.00","20.68K","+2.63%"
"01/05/2007","266.45","277.00","277.00","263.10","69.06K","-2.00%"
"01/04/2007","271.90","276.95","277.00","270.10","25.10K","-1.63%"
"01/03/2007","276.40","273.90","279.50","270.00","21.38K","+1.82%"
"01/02/2007","271.45","274.05","275.00","269.90","16.44K","-0.28%"
"12/29/2006","272.20","267.50","279.00","262.50","47.60K","+2.76%"
"12/28/2006","264.90","270.00","272.50","263.60","19.30K","-0.97%"
"12/27/2006","267.50","270.00","274.25","266.20","17.46K","+0.07%"
"12/26/2006","267.30","271.70","271.70","266.00","40.67K","+0.43%"
"12/22/2006","266.15","269.00","273.75","265.15","20.99K","-0.21%"
"12/21/2006","266.70","275.80","275.80","265.00","18.26K","-2.56%"
"12/20/2006","273.70","280.65","283.00","271.05","12.18K","-1.30%"
"12/19/2006","277.30","288.50","288.50","275.50","9.57K","-2.72%"
"12/18/2006","285.05","280.25","288.00","280.25","5.98K","-0.75%"
"12/15/2006","287.20","276.05","290.00","276.05","9.66K","+1.90%"
"12/14/2006","281.85","273.00","289.00","273.00","6.79K","+3.55%"
"12/13/2006","272.20","268.05","274.50","264.30","17.12K","-1.50%"
"12/12/2006","276.35","283.00","290.00","265.00","16.02K","-3.49%"
"12/11/2006","286.35","297.00","304.15","285.50","8.91K","-1.38%"
"12/08/2006","290.35","287.00","300.00","287.00","13.24K","-1.93%"
"12/07/2006","296.05","300.00","300.00","295.00","11.31K","-1.30%"
"12/06/2006","299.95","306.00","306.00","295.00","25.41K","-1.86%"
"12/05/2006","305.65","306.00","306.00","304.25","20.83K","+0.43%"
"12/04/2006","304.35","302.00","308.10","300.50","16.66K","+0.43%"
"12/01/2006","303.05","304.00","307.00","303.00","7.42K","-0.98%"
"11/30/2006","306.05","302.00","310.00","300.15","9.36K","+0.41%"
"11/29/2006","304.80","306.55","308.00","302.00","26.47K","+0.99%"
"11/28/2006","301.80","296.00","304.45","296.00","9.51K","+0.02%"
"11/27/2006","301.75","301.10","304.75","300.00","11.71K","-1.13%"
"11/24/2006","305.20","302.00","308.00","301.00","10.04K","+1.18%"
"11/23/2006","301.65","306.00","314.00","299.00","14.04K","-1.93%"
"11/22/2006","307.60","320.00","320.00","302.35","46.25K","+2.41%"
"11/21/2006","300.35","294.00","306.00","287.00","24.43K","+3.36%"
"11/20/2006","290.60","292.00","292.00","282.00","17.29K","-0.90%"
"11/17/2006","293.25","294.50","299.00","291.05","11.60K","-0.71%"
"11/16/2006","295.35","300.05","302.50","290.50","19.95K","-1.32%"
"11/15/2006","299.30","305.00","306.90","298.00","17.48K","-1.53%"
"11/14/2006","303.95","307.00","308.80","301.10","20.57K","+0.26%"
"11/13/2006","303.15","314.70","314.70","302.00","13.61K","-1.25%"
"11/10/2006","307.00","310.70","310.70","303.00","19.22K","-1.11%"
"11/09/2006","310.45","306.00","315.00","302.55","56.69K","+2.00%"
"11/08/2006","304.35","305.25","312.00","302.25","16.01K","-2.19%"
"11/07/2006","311.15","312.20","319.90","301.10","33.88K","+0.84%"
"11/06/2006","308.55","312.00","312.80","305.65","38.95K","-0.29%"
"11/03/2006","309.45","321.00","321.00","306.10","50.61K","-0.77%"
"11/02/2006","311.85","297.00","349.00","297.00","250.11K","+4.89%"
"11/01/2006","297.30","299.80","302.00","295.00","8.37K","-0.52%"
"10/31/2006","298.85","300.90","304.95","292.55","227.60K","+0.08%"
"10/30/2006","298.60","306.00","306.00","295.45","18.94K","-2.40%"
"10/27/2006","305.95","303.00","310.00","303.00","27.00K","+0.87%"
"10/26/2006","303.30","303.00","305.30","301.50","28.44K","+0.61%"
"10/23/2006","301.45","309.00","309.00","300.25","23.00K","-2.68%"
"10/20/2006","309.75","310.00","319.90","308.00","73.09K","-1.99%"
"10/19/2006","316.05","322.25","325.25","308.00","66.46K","-1.05%"
"10/18/2006","319.40","320.00","324.45","317.50","44.74K","+0.03%"
"10/17/2006","319.30","320.15","321.50","315.55","44.63K","-0.72%"
"10/16/2006","321.60","329.00","329.95","319.05","13.79K","-0.43%"
"10/13/2006","323.00","324.50","330.90","319.00","25.25K","+0.26%"
"10/12/2006","322.15","327.00","327.00","320.75","19.63K","-1.24%"
"10/11/2006","326.20","323.50","331.75","320.30","17.29K","+1.76%"
"10/10/2006","320.55","329.70","331.75","320.00","10.90K","-2.33%"
"10/09/2006","328.20","325.00","333.80","317.10","25.61K","+2.56%"
"10/06/2006","320.00","322.00","322.00","318.35","19.09K","+0.09%"
"10/05/2006","319.70","332.00","342.00","318.10","17.16K","-0.20%"
"10/04/2006","320.35","312.25","322.00","312.25","28.42K","+2.82%"
"10/03/2006","311.55","305.20","315.00","305.20","17.01K","+1.53%"
"09/29/2006","306.85","302.55","312.00","302.55","9.96K","+2.37%"
"09/28/2006","299.75","302.50","307.75","299.05","7.26K","-1.43%"
"09/27/2006","304.10","310.00","310.00","302.50","7.88K","+0.50%"
"09/26/2006","302.60","307.00","310.00","301.00","10.67K","-0.16%"
"09/25/2006","303.10","319.00","319.00","302.00","7.22K","-1.21%"
"09/22/2006","306.80","302.25","310.00","302.25","6.76K","-0.62%"
"09/21/2006","308.70","309.00","310.00","307.00","6.26K","+1.20%"
"09/20/2006","305.05","305.20","309.00","303.00","12.46K","-0.91%"
"09/19/2006","307.85","315.00","315.00","305.00","15.55K","-1.90%"
"09/18/2006","313.80","318.80","319.00","310.25","17.13K","+1.55%"
"09/15/2006","309.00","314.50","314.50","308.00","7.70K","-1.37%"
"09/14/2006","313.30","320.00","321.90","312.00","10.24K","-1.06%"
"09/13/2006","316.65","310.05","324.00","310.05","17.16K","+1.93%"
"09/12/2006","310.65","306.25","313.50","303.05","10.09K","-0.96%"
"09/11/2006","313.65","318.90","318.90","312.00","39.96K","-0.51%"
"09/08/2006","315.25","310.00","319.50","305.00","33.12K","+2.49%"
"09/07/2006","307.60","302.00","309.95","298.50","22.07K","+2.50%"
"09/06/2006","300.10","297.50","302.85","296.00","8.99K","+0.70%"
"09/05/2006","298.00","291.25","299.00","291.25","6.94K","+0.47%"
"09/04/2006","296.60","297.00","297.80","285.25","11.07K","+1.23%"
"09/01/2006","293.00","293.00","294.50","285.50","7.89K","+1.82%"
"08/31/2006","287.75","294.45","294.45","284.00","7.12K","-0.81%"
"08/30/2006","290.10","290.00","293.50","288.50","5.70K","-0.21%"
"08/29/2006","290.70","299.95","299.95","287.00","10.13K","-1.44%"
"08/28/2006","294.95","300.50","302.70","292.10","4.90K","-1.22%"
"08/25/2006","298.60","296.10","299.95","293.05","5.17K","+1.32%"
"08/24/2006","294.70","298.00","298.00","291.55","4.46K","+0.77%"
"08/23/2006","292.45","303.45","303.45","290.60","7.71K","-2.09%"
"08/22/2006","298.70","298.00","308.05","295.50","17.05K","+0.23%"
"08/21/2006","298.00","303.40","305.00","294.05","14.70K","-1.78%"
"08/18/2006","303.40","316.00","316.00","301.25","14.43K","+0.76%"
"08/17/2006","301.10","306.70","306.70","295.10","13.29K","-0.28%"
"08/16/2006","301.95","290.50","322.40","289.00","82.31K","+2.77%"
"08/14/2006","293.80","295.00","297.30","292.50","2.88K","+0.93%"
"08/11/2006","291.10","291.10","301.75","289.00","18.86K","+0.40%"
"08/10/2006","289.95","289.00","294.95","280.05","9.42K","+3.91%"
"08/09/2006","279.05","270.00","283.90","270.00","16.17K","+3.33%"
"08/08/2006","270.05","279.00","280.00","268.00","10.49K","-0.15%"
"08/07/2006","270.45","272.00","276.00","268.20","10.16K","-1.94%"
"08/04/2006","275.80","280.95","282.00","274.00","6.32K","-1.87%"
"08/03/2006","281.05","279.40","284.00","273.50","8.63K","+1.08%"
"08/02/2006","278.05","269.35","279.40","269.35","5.07K","+1.35%"
"08/01/2006","274.35","263.05","275.75","263.05","10.30K","+0.64%"
"07/31/2006","272.60","266.00","278.75","266.00","6.02K","-0.18%"
"07/28/2006","273.10","260.40","276.90","260.20","6.78K","+3.00%"
"07/27/2006","265.15","257.00","268.50","256.00","10.23K","+0.06%"
"07/26/2006","265.00","267.00","269.80","255.00","8.57K","+0.82%"
"07/25/2006","262.85","263.05","267.00","262.35","7.49K","+0.10%"
"07/24/2006","262.60","265.00","268.90","256.10","7.13K","-0.23%"
"07/21/2006","263.20","278.10","279.90","258.00","26.32K","-6.02%"
"07/20/2006","280.05","274.25","283.00","271.20","19.19K","+2.60%"
"07/19/2006","272.95","288.40","288.40","272.00","6.78K","-1.41%"
"07/18/2006","276.85","272.55","281.15","272.55","12.91K","-1.00%"
"07/17/2006","279.65","281.00","284.25","275.10","11.54K","-2.24%"
"07/14/2006","286.05","277.20","287.95","277.00","5.76K","+0.21%"
"07/13/2006","285.45","282.05","287.85","280.00","6.39K","+0.72%"
"07/12/2006","283.40","275.00","286.65","272.05","7.44K","+1.74%"
"07/11/2006","278.55","276.00","281.90","276.00","5.03K","+0.23%"
"07/10/2006","277.90","280.00","284.95","273.00","4.68K","+0.69%"
"07/07/2006","276.00","287.00","292.30","272.05","9.70K","-3.48%"
"07/06/2006","285.95","281.00","288.00","281.00","7.50K","+0.60%"
"07/05/2006","284.25","282.90","287.00","279.00","10.08K","+0.26%"
"07/04/2006","283.50","265.50","298.00","265.50","7.39K","+0.09%"
"07/03/2006","283.25","285.00","285.00","278.00","8.49K","+2.02%"
"06/30/2006","277.65","272.00","281.90","265.50","8.11K","+4.09%"
"06/29/2006","266.75","270.00","272.00","263.75","2.65K","+1.77%"
"06/28/2006","262.10","265.00","270.00","258.75","4.50K","-3.89%"
"06/27/2006","272.70","280.00","280.00","263.90","4.08K","-1.98%"
"06/26/2006","278.20","290.15","294.60","272.10","7.74K","-5.13%"
"06/23/2006","293.25","296.70","296.70","285.00","11.67K","-0.36%"
"06/22/2006","294.30","292.00","298.40","292.00","16.84K","+2.78%"
"06/21/2006","286.35","273.50","289.00","273.50","15.15K","+4.83%"
"06/20/2006","273.15","262.00","274.80","252.00","11.30K","+3.31%"
"06/19/2006","264.40","255.00","266.00","246.00","11.64K","+6.33%"
"06/16/2006","248.65","247.50","262.00","231.00","50.43K","+2.88%"
"06/15/2006","241.70","241.95","244.00","230.00","15.98K","+8.02%"
"06/14/2006","223.75","235.00","244.95","215.25","25.01K","-0.09%"
"06/13/2006","223.95","239.95","240.00","220.00","42.23K","-8.40%"
"06/12/2006","244.50","241.50","252.00","235.00","16.98K","+1.20%"
"06/09/2006","241.60","222.00","248.50","220.00","19.50K","+12.50%"
"06/08/2006","214.75","254.00","254.00","210.00","45.59K","-16.24%"
"06/07/2006","256.40","286.00","286.00","246.10","41.10K","-10.44%"
"06/06/2006","286.30","291.50","300.00","285.00","11.89K","-4.92%"
"06/05/2006","301.10","300.50","309.50","292.70","33.71K","-0.12%"
"06/02/2006","301.45","290.25","306.00","290.00","29.72K","+0.15%"
"06/01/2006","301.00","318.00","318.00","298.00","10.15K","-1.13%"
"05/31/2006","304.45","320.05","320.05","293.10","37.96K","-4.90%"
"05/30/2006","320.15","328.00","328.90","318.00","8.76K","-0.23%"
"05/29/2006","320.90","337.85","337.85","316.00","20.09K","-2.42%"
"05/26/2006","328.85","323.00","334.00","314.25","19.68K","+3.75%"
"05/25/2006","316.95","307.30","318.00","300.25","20.16K","+0.11%"
"05/24/2006","316.60","318.00","322.00","300.60","20.55K","+0.16%"
"05/23/2006","316.10","300.00","321.70","300.00","18.57K","+4.67%"
"05/22/2006","302.00","300.00","317.90","281.25","112.10K","-1.29%"
"05/19/2006","305.95","335.00","335.00","296.10","52.82K","-4.06%"
"05/18/2006","318.90","325.20","334.95","310.50","31.06K","-6.36%"
"05/17/2006","340.55","342.00","344.00","331.00","27.97K","+3.37%"
"05/16/2006","329.45","332.10","342.00","310.00","75.77K","-3.12%"
"05/15/2006","340.05","351.00","352.00","335.25","24.69K","-2.30%"
"05/12/2006","348.05","346.00","351.70","341.00","61.60K","+0.26%"
"05/11/2006","347.15","333.10","354.00","333.10","50.08K","-1.66%"
"05/10/2006","353.00","353.55","360.00","351.25","78.62K","+0.81%"
"05/09/2006","350.15","359.20","362.00","349.00","49.98K","-0.34%"
"05/08/2006","351.35","356.65","358.00","350.15","14.90K","-0.82%"
"05/05/2006","354.25","351.00","368.00","351.00","27.94K","-1.21%"
"05/04/2006","358.60","367.80","373.90","355.00","60.02K","-1.61%"
"05/03/2006","364.45","361.40","375.00","356.15","49.27K","+2.16%"
"05/02/2006","356.75","351.95","360.00","351.50","51.02K","-0.78%"
"04/28/2006","359.55","354.00","377.00","326.00","209.86K","+0.31%"
"04/27/2006","358.45","320.00","365.30","317.10","397.01K","+13.49%"
"04/26/2006","315.85","313.00","316.45","310.00","20.21K","+0.83%"
"04/25/2006","313.25","311.00","318.00","309.20","35.23K","-0.76%"
"04/24/2006","315.65","317.90","317.90","308.20","36.54K","+0.67%"
"04/21/2006","313.55","318.00","319.90","308.00","42.89K","-0.41%"
"04/20/2006","314.85","315.00","323.85","310.25","77.95K","+1.55%"
"04/19/2006","310.05","301.00","312.50","300.00","56.05K","+3.49%"
"04/18/2006","299.60","308.00","309.80","295.00","42.54K","-0.40%"
"04/17/2006","300.80","307.00","309.45","296.00","23.39K","+0.20%"
"04/13/2006","300.20","306.00","309.00","296.50","31.49K","-1.59%"
"04/12/2006","305.05","307.10","317.75","300.00","47.84K","-0.67%"
"04/10/2006","307.10","312.05","317.95","305.00","52.03K","-2.91%"
"04/07/2006","316.30","318.40","333.00","310.00","145.22K","+0.22%"
"04/05/2006","315.60","322.00","322.80","312.50","58.24K","+0.51%"
"04/04/2006","314.00","315.00","320.00","310.00","47.58K","-0.22%"
"04/03/2006","314.70","314.00","316.80","311.00","52.69K","+1.65%"
"03/31/2006","309.60","304.20","315.00","301.00","178.43K","+2.96%"
"03/30/2006","300.70","309.85","309.90","298.00","68.30K","-1.57%"
"03/29/2006","305.50","301.45","308.90","301.45","56.42K","+1.75%"
"03/28/2006","300.25","304.90","304.90","299.00","75.61K","-0.71%"
"03/27/2006","302.40","296.10","304.00","296.00","69.33K","+1.26%"
"03/24/2006","298.65","300.00","300.00","291.25","47.17K","-0.33%"
"03/23/2006","299.65","310.00","314.40","298.00","28.61K","-1.53%"
"03/22/2006","304.30","308.00","309.90","301.10","37.67K","-0.88%"
"03/21/2006","307.00","314.15","320.30","305.00","42.02K","-2.28%"
"03/20/2006","314.15","330.00","330.00","311.35","31.14K","-2.16%"
"03/17/2006","321.10","326.25","332.50","318.40","82.63K","-1.41%"
"03/16/2006","325.70","328.20","333.25","322.50","149.41K","+1.27%"
"03/14/2006","321.60","309.00","324.25","302.00","292.89K","+4.40%"
"03/13/2006","308.05","310.00","311.90","304.00","64.75K","+1.45%"
"03/10/2006","303.65","295.00","307.30","292.55","163.44K","+3.87%"
"03/09/2006","292.35","291.00","294.00","285.00","33.41K","+0.52%"
"03/08/2006","290.85","290.00","295.00","288.50","48.27K","+0.62%"
"03/07/2006","289.05","293.00","295.80","288.10","51.47K","-1.16%"
"03/06/2006","292.45","287.00","299.50","285.50","96.80K","+2.70%"
"03/03/2006","284.75","288.00","293.70","283.15","46.41K","-0.54%"
"03/02/2006","286.30","280.00","302.35","276.00","132.51K","+2.89%"
"03/01/2006","278.25","282.00","286.80","275.00","79.00K","-1.61%"
"02/28/2006","282.80","287.00","288.60","280.15","76.76K","-0.84%"
"02/27/2006","285.20","286.70","287.00","282.70","82.61K","+0.92%"
"02/24/2006","282.60","306.95","307.30","279.20","244.84K","-7.19%"
"02/23/2006","304.50","311.00","312.60","303.15","99.38K","-1.36%"
"02/22/2006","308.70","310.00","316.30","307.00","128.10K","+0.55%"
"02/21/2006","307.00","302.00","310.45","302.00","152.77K","+2.64%"
"02/20/2006","299.10","301.50","302.00","294.00","54.33K","-1.30%"
"02/17/2006","303.05","309.80","314.90","300.20","117.03K","-1.37%"
"02/16/2006","307.25","294.60","314.80","290.60","343.62K","+5.02%"
"02/15/2006","292.55","310.05","318.75","288.00","410.48K","-3.48%"
"02/14/2006","303.10","287.80","316.85","282.00","508.53K","+7.24%"
"02/13/2006","282.65","276.10","286.80","276.10","132.75K","+2.67%"
"02/10/2006","275.30","284.10","284.10","268.20","36.36K","-0.04%"
"02/08/2006","275.40","277.50","282.00","274.00","13.99K","-0.76%"
"02/07/2006","277.50","280.00","283.80","276.50","25.10K","+1.48%"
"02/06/2006","273.45","289.00","289.00","270.00","75.33K","-4.04%"
"02/03/2006","284.95","283.50","286.00","278.00","20.98K","+0.56%"
"02/02/2006","283.35","290.00","290.00","281.00","14.61K","-1.12%"
"02/01/2006","286.55","290.00","290.00","284.35","268.86K","-0.19%"
"01/31/2006","287.10","290.00","291.35","282.55","41.08K","+1.77%"
"01/30/2006","282.10","289.00","295.00","281.10","31.99K","-0.67%"
"01/27/2006","284.00","285.00","286.95","282.50","69.54K","-0.39%"
"01/25/2006","285.10","289.00","290.00","283.00","9.99K","+1.08%"
"01/24/2006","282.05","281.55","287.00","281.50","7.18K","+0.30%"
"01/23/2006","281.20","284.95","289.05","280.00","20.80K","-2.40%"
"01/20/2006","288.10","287.00","290.00","284.00","25.79K","+0.88%"
"01/19/2006","285.60","280.95","289.00","280.95","9.31K","+1.62%"
"01/18/2006","281.05","279.30","285.00","276.50","20.32K","-1.23%"
"01/17/2006","284.55","284.50","287.00","281.50","46.73K","+0.81%"
"01/16/2006","282.25","297.00","297.00","280.25","18.25K","-1.50%"
"01/13/2006","286.55","288.15","292.00","285.40","17.82K","-1.12%"
"01/12/2006","289.80","286.00","293.00","285.00","62.03K","+0.69%"
"01/10/2006","287.80","293.00","293.00","285.25","16.34K","-0.93%"
"01/09/2006","290.50","299.00","299.00","288.00","24.65K","-0.07%"
"01/06/2006","290.70","289.95","298.00","286.00","30.34K","+1.01%"
"01/05/2006","287.80","297.30","297.30","286.10","30.15K","-0.88%"
"01/04/2006","290.35","304.90","304.90","289.00","41.41K","-2.19%"
"01/03/2006","296.85","290.00","304.00","286.00","91.05K","+2.31%"
"01/02/2006","290.15","287.00","293.75","285.50","26.66K","+1.01%"
"12/30/2005","287.25","284.90","289.80","284.10","19.13K","+0.93%"
"12/29/2005","284.60","290.00","290.00","275.25","35.97K","-0.35%"
"12/28/2005","285.60","293.70","293.70","277.00","35.77K","-0.23%"
"12/27/2005","286.25","282.00","292.20","278.15","65.71K","+1.36%"
"12/26/2005","282.40","285.00","288.00","281.00","32.21K","-1.93%"
"12/23/2005","287.95","299.25","299.25","285.00","72.06K","-2.92%"
"12/22/2005","296.60","289.45","303.60","286.00","187.75K","+3.08%"
"12/21/2005","287.75","286.00","296.70","284.50","137.32K","+0.93%"
"12/20/2005","285.10","289.85","291.90","283.05","126.04K","-0.80%"
"12/19/2005","287.40","287.80","303.00","280.00","359.24K","+4.40%"
"12/16/2005","275.30","278.00","280.65","273.00","78.54K","+1.76%"
"12/15/2005","270.55","271.85","274.00","270.00","26.73K","-0.77%"
"12/14/2005","272.65","272.00","274.20","270.20","15.65K","+0.24%"
"12/13/2005","272.00","274.95","276.00","270.00","67.85K","-1.07%"
"12/12/2005","274.95","274.50","276.50","270.50","71.02K","+1.91%"
"12/09/2005","269.80","255.25","274.95","255.25","31.20K","-0.66%"
"12/08/2005","271.60","274.00","278.60","270.10","36.87K","-1.63%"
"12/07/2005","276.10","280.00","282.00","275.35","40.30K","-1.25%"
"12/06/2005","279.60","279.50","282.80","276.50","90.59K","+0.52%"
"12/05/2005","278.15","278.00","279.50","267.10","140.76K","+2.49%"
"12/02/2005","271.40","271.90","275.40","263.00","152.08K","+1.12%"
"12/01/2005","268.40","260.00","269.55","257.00","112.53K","+3.41%"
"11/30/2005","259.55","265.20","271.00","256.05","271.78K","-2.15%"
"11/29/2005","265.25","250.90","266.75","242.00","308.30K","+5.76%"
"11/28/2005","250.80","241.45","260.35","241.45","345.25K","+5.71%"
"11/25/2005","237.25","235.50","240.00","235.40","34.01K","+0.68%"
"11/24/2005","235.65","241.00","241.00","232.55","64.37K","+0.06%"
"11/23/2005","235.50","230.00","242.05","228.10","111.12K","+2.91%"
"11/22/2005","228.85","226.05","231.80","226.00","23.73K","+0.11%"
"11/21/2005","228.60","233.90","233.90","226.40","35.96K","-1.23%"
"11/18/2005","231.45","235.95","235.95","230.00","25.37K","-0.13%"
"11/17/2005","231.75","231.00","232.50","230.10","26.99K","+0.32%"
"11/16/2005","231.00","234.00","235.00","228.15","37.67K","+0.04%"
"11/14/2005","230.90","232.00","232.90","227.30","19.59K","+0.65%"
"11/11/2005","229.40","225.30","231.00","225.30","25.34K","+0.95%"
"11/10/2005","227.25","222.55","228.00","222.00","17.08K","+1.88%"
"11/09/2005","223.05","229.00","230.00","220.95","34.97K","-1.06%"
"11/08/2005","225.45","224.00","226.40","222.10","34.06K","+1.35%"
"11/07/2005","222.45","222.00","228.85","218.00","47.87K","-0.74%"
"11/02/2005","224.10","223.00","225.85","215.50","10.10K","-0.64%"
"11/01/2005","225.55","225.00","229.85","222.00","9.11K","+1.97%"
"10/31/2005","221.20","218.00","227.00","215.10","23.99K","+3.66%"
"10/28/2005","213.40","220.00","220.00","212.50","24.28K","-2.73%"
"10/27/2005","219.40","224.00","225.50","217.50","31.31K","-0.99%"
"10/26/2005","221.60","225.40","227.50","221.10","13.59K","-1.58%"
"10/25/2005","225.15","237.00","237.00","223.05","23.86K","-1.18%"
"10/24/2005","227.85","225.00","232.00","222.00","64.34K","+2.80%"
"10/21/2005","221.65","218.00","235.00","209.05","65.97K","+3.72%"
"10/20/2005","213.70","234.50","234.50","212.00","32.11K","-1.61%"
"10/19/2005","217.20","223.90","223.90","216.10","30.31K","-1.81%"
"10/18/2005","221.20","224.90","229.90","220.05","27.96K","-0.85%"
"10/17/2005","223.10","227.00","229.90","221.15","15.97K","-2.08%"
"10/14/2005","227.85","237.40","237.40","226.15","32.97K","-2.67%"
"10/13/2005","234.10","236.40","240.00","232.10","31.49K","-3.04%"
"10/11/2005","241.45","238.00","242.50","236.00","25.60K","+0.08%"
"10/10/2005","241.25","245.00","245.00","240.00","34.15K","-1.87%"
"10/07/2005","245.85","246.50","254.00","244.50","118.13K","+0.68%"
"10/06/2005","244.20","248.00","250.00","241.00","109.75K","-0.89%"
"10/05/2005","246.40","231.50","257.00","231.00","361.54K","+7.57%"
"10/04/2005","229.05","229.90","232.00","226.50","78.92K","+0.66%"
"10/03/2005","227.55","226.00","229.90","226.00","20.25K","+0.95%"
"09/30/2005","225.40","229.50","233.90","222.10","31.02K","-1.59%"
"09/29/2005","229.05","235.00","238.00","226.60","37.99K","-0.82%"
"09/28/2005","230.95","235.00","235.70","230.05","23.00K","-0.43%"
"09/27/2005","231.95","231.10","236.00","230.25","33.65K","+0.74%"
"09/26/2005","230.25","226.45","233.70","223.00","39.44K","+3.81%"
"09/23/2005","221.80","220.00","224.50","216.00","133.89K","+0.91%"
"09/22/2005","219.80","225.10","232.00","218.05","76.34K","-5.40%"
"09/21/2005","232.35","238.80","242.95","225.50","56.52K","-2.70%"
"09/20/2005","238.80","240.00","242.85","237.00","56.07K","-0.89%"
"09/19/2005","240.95","241.90","247.00","238.00","62.94K","+1.07%"
"09/16/2005","238.40","243.00","243.85","226.10","30.52K","+0.38%"
"09/15/2005","237.50","235.00","242.90","233.25","61.50K","-0.29%"
"09/14/2005","238.20","242.50","245.95","235.25","64.66K","-1.96%"
"09/13/2005","242.95","245.50","247.75","242.00","53.60K","-0.84%"
"09/12/2005","245.00","241.80","249.00","239.10","72.56K","+2.75%"
"09/09/2005","238.45","246.25","247.50","236.45","72.73K","-3.71%"
"09/08/2005","247.65","250.00","254.90","247.05","67.86K","-0.90%"
"09/06/2005","249.90","258.00","258.00","247.10","98.11K","-1.65%"
"09/05/2005","254.10","265.00","265.75","251.15","265.13K","-2.33%"
"09/02/2005","260.15","245.80","264.00","243.35","542.42K","+7.43%"
"09/01/2005","242.15","232.95","245.00","231.50","343.73K","+4.47%"
"08/31/2005","231.80","219.50","237.50","219.50","354.76K","+5.80%"
"08/30/2005","219.10","221.00","222.00","218.15","72.39K","+0.16%"
"08/29/2005","218.75","232.00","250.00","217.00","247.40K","+3.26%"
"08/26/2005","211.85","212.95","213.05","209.10","27.62K","+0.40%"
"08/25/2005","211.00","211.00","213.95","210.30","17.04K","+0.19%"
"08/24/2005","210.60","205.25","211.90","205.25","129.19K","-0.19%"
"08/23/2005","211.00","212.45","213.25","210.50","63.35K","+0.00%"
"08/22/2005","211.00","215.90","217.00","209.00","53.61K","-1.47%"
"08/19/2005","214.15","216.00","217.85","205.00","44.33K","-0.83%"
"08/18/2005","215.95","215.00","219.90","215.00","100.08K","+0.37%"
"08/17/2005","215.15","214.95","216.50","213.55","52.01K","-0.12%"
"08/16/2005","215.40","215.70","216.00","213.00","203.29K","+0.35%"
"08/12/2005","214.65","215.75","216.00","208.55","52.54K","+0.49%"
"08/11/2005","213.60","212.00","216.20","211.25","197.96K","+0.73%"
"08/10/2005","212.05","207.00","213.05","205.15","102.25K","+3.04%"
"08/09/2005","205.80","205.10","208.00","204.05","49.93K","-0.31%"
"08/08/2005","206.45","201.15","208.35","198.00","125.55K","+2.63%"
"08/05/2005","201.15","204.50","205.25","199.00","36.40K","-1.49%"
"08/04/2005","204.20","206.00","208.00","204.00","16.04K","-1.83%"
"08/03/2005","208.00","207.00","208.85","205.05","93.92K","+1.17%"
"08/02/2005","205.60","199.80","207.55","199.00","88.25K","+3.66%"
"08/01/2005","198.35","202.00","202.90","198.05","17.26K","-1.32%"
"07/29/2005","201.00","201.05","204.70","198.50","41.60K","-0.02%"
"07/27/2005","201.05","202.50","203.90","200.10","11.50K","-0.54%"
"07/26/2005","202.15","205.00","205.85","200.50","60.62K","-1.08%"
"07/25/2005","204.35","207.00","207.90","202.75","45.30K","-0.49%"
"07/22/2005","205.35","209.60","210.00","204.50","74.46K","-1.25%"
"07/21/2005","207.95","209.00","213.00","205.00","149.08K","+0.34%"
"07/20/2005","207.25","212.50","214.40","205.10","305.09K","-0.26%"
"07/19/2005","207.80","203.00","209.00","195.00","334.19K","+5.32%"
"07/18/2005","197.30","197.90","199.90","196.05","27.90K","+1.10%"
"07/15/2005","195.15","195.00","198.00","192.35","31.63K","-0.28%"
"07/14/2005","195.70","200.00","201.00","195.00","93.76K","-0.94%"
"07/13/2005","197.55","199.10","203.95","195.00","46.34K","-0.78%"
"07/12/2005","199.10","204.00","216.00","196.00","101.49K","+2.47%"
"07/11/2005","194.30","185.00","195.70","185.00","65.14K","+2.13%"
"07/08/2005","190.25","187.25","190.85","186.25","35.50K","+2.64%"
"07/07/2005","185.35","189.00","190.50","185.00","261.39K","-1.64%"
"07/06/2005","188.45","189.00","191.30","188.00","191.76K","+0.59%"
"07/05/2005","187.35","188.90","194.45","186.00","63.81K","+0.16%"
"07/04/2005","187.05","185.10","188.50","185.00","42.56K","+0.54%"
"07/01/2005","186.05","187.00","192.00","185.00","48.26K","+0.24%"
"06/30/2005","185.60","186.00","188.45","184.50","20.16K","+0.16%"
"06/29/2005","185.30","187.25","189.00","185.00","57.66K","-0.48%"
"06/28/2005","186.20","189.90","191.35","185.00","31.91K","-1.04%"
"06/27/2005","188.15","193.75","193.75","187.15","129.60K","-1.18%"
"06/24/2005","190.40","192.20","194.30","190.00","75.61K","-0.34%"
"06/23/2005","191.05","194.55","194.55","191.00","45.82K","-0.49%"
"06/22/2005","192.00","196.00","196.00","192.00","58.60K","-0.13%"
"06/21/2005","192.25","192.90","195.35","192.00","41.59K","-0.90%"
"06/20/2005","194.00","198.00","198.00","193.40","74.73K","-2.07%"
"06/17/2005","198.10","200.00","200.00","196.00","56.97K","-0.97%"
"06/16/2005","200.05","201.60","202.90","199.50","44.92K","+0.00%"
"06/15/2005","200.05","202.00","203.95","199.00","84.42K","-0.02%"
"06/14/2005","200.10","202.50","203.90","200.00","70.29K","-0.87%"
"06/13/2005","201.85","204.00","206.00","201.00","49.14K","-2.20%"
"06/10/2005","206.40","204.95","209.25","204.25","144.77K","+0.93%"
"06/09/2005","204.50","207.70","208.90","203.10","142.01K","-0.10%"
"06/08/2005","204.70","201.90","208.00","198.00","343.19K","+2.09%"
"06/07/2005","200.50","201.00","202.65","199.05","137.84K","+0.20%"
"06/06/2005","200.10","200.90","203.25","200.00","119.74K","+1.60%"
"06/03/2005","196.95","193.90","197.90","193.90","85.44K","+0.61%"
"06/02/2005","195.75","200.00","200.55","194.10","267.31K","-0.99%"
"06/01/2005","197.70","202.00","204.60","195.60","336.45K","-1.91%"
"05/31/2005","201.55","198.10","206.65","182.00","1.81M","+0.25%"
"05/30/2005","201.05","216.00","219.00","199.10","652.45K","-10.02%"
"05/27/2005","223.45","222.00","232.40","200.00","737.24K","+0.72%"
"05/26/2005","221.85","220.00","224.40","217.10","609.24K","+0.80%"
"05/25/2005","220.10","219.25","225.90","216.85","692.97K","+1.22%"
"05/24/2005","217.45","213.00","223.40","213.00","550.96K","+1.92%"
"05/23/2005","213.35","212.00","216.90","209.50","140.48K","+1.26%"
"05/20/2005","210.70","202.00","218.00","202.00","201.56K","+0.74%"
"05/19/2005","209.15","210.10","212.05","209.00","25.34K","+0.07%"
"05/18/2005","209.00","210.00","211.50","208.00","45.59K","-0.38%"
"05/17/2005","209.80","214.90","214.90","209.10","40.85K","-0.45%"
"05/16/2005","210.75","215.00","217.60","208.60","93.14K","-1.33%"
"05/13/2005","213.60","221.70","221.70","212.55","130.93K","-2.04%"
"05/12/2005","218.05","212.15","219.00","212.10","101.54K","+2.01%"
"05/11/2005","213.75","215.00","215.00","209.00","61.18K","+1.91%"
"05/10/2005","209.75","209.05","211.40","208.30","45.62K","-0.62%"
"05/09/2005","211.05","209.00","214.70","207.50","93.45K","+1.42%"
"05/06/2005","208.10","207.00","212.80","207.00","104.48K","+0.48%"
"05/05/2005","207.10","217.00","218.50","205.20","130.12K","-4.74%"
"05/04/2005","217.40","203.00","219.70","203.00","160.36K","+5.51%"
"05/03/2005","206.05","204.00","207.80","203.00","43.62K","-1.15%"
"05/02/2005","208.45","206.00","210.00","197.50","80.47K","+2.76%"
"04/29/2005","202.85","210.00","210.00","202.10","56.38K","-2.08%"
"04/28/2005","207.15","210.00","216.90","206.50","77.92K","-3.96%"
"04/27/2005","215.70","215.00","217.90","205.00","322.05K","-0.23%"
"04/26/2005","216.20","207.00","217.30","207.00","191.98K","+4.82%"
"04/25/2005","206.25","200.75","208.00","200.00","53.04K","+1.73%"
"04/22/2005","202.75","204.80","205.90","201.50","36.42K","+0.25%"
"04/21/2005","202.25","200.00","205.00","199.10","29.92K","+0.75%"
"04/20/2005","200.75","201.05","202.00","198.00","37.26K","+0.35%"
"04/19/2005","200.05","200.70","202.95","199.90","80.24K","+0.00%"
"04/18/2005","200.05","190.05","201.00","190.00","77.71K","+1.52%"
"04/15/2005","197.05","190.00","199.75","190.00","84.47K","-1.57%"
"04/13/2005","200.20","200.00","201.00","197.55","44.98K","+0.43%"
"04/12/2005","199.35","199.00","202.00","197.15","34.62K","+1.09%"
"04/11/2005","197.20","194.20","203.90","190.05","188.21K","+1.65%"
"04/08/2005","194.00","195.55","195.85","193.40","47.70K","-0.79%"
"04/07/2005","195.55","195.90","197.55","194.05","72.14K","+0.98%"
"04/06/2005","193.65","196.80","196.90","193.15","26.74K","-0.90%"
"04/05/2005","195.40","195.00","197.70","194.20","108.56K","+0.10%"
"04/04/2005","195.20","198.70","198.70","195.00","40.65K","-0.08%"
"04/01/2005","195.35","193.00","196.50","188.00","162.61K","+2.01%"
"03/31/2005","191.50","193.00","199.45","188.40","97.98K","-1.19%"
"03/30/2005","193.80","193.00","195.90","191.20","81.78K","+0.94%"
"03/29/2005","192.00","191.30","197.30","188.10","232.69K","+0.21%"
"03/28/2005","191.60","178.70","194.05","175.25","411.05K","+2.96%"
"03/24/2005","186.10","190.00","197.95","185.00","320.53K","-9.90%"
"03/23/2005","206.55","213.00","213.50","204.00","167.72K","-2.66%"
"03/22/2005","212.20","215.80","215.90","212.00","95.20K","-1.03%"
"03/21/2005","214.40","218.70","221.95","213.05","86.75K","-0.99%"
"03/18/2005","216.55","211.00","222.75","211.00","127.17K","+0.14%"
"03/17/2005","216.25","222.00","224.00","215.00","101.48K","-1.64%"
"03/16/2005","219.85","223.00","227.25","219.10","126.90K","-0.32%"
"03/15/2005","220.55","220.00","225.00","215.65","249.13K","+1.43%"
"03/14/2005","217.45","217.00","229.90","213.00","342.38K","+0.67%"
"03/11/2005","216.00","231.00","231.00","212.55","330.61K","-5.28%"
"03/10/2005","228.05","215.50","250.00","205.00","687.97K","+6.72%"
"03/09/2005","213.70","215.15","219.00","210.00","256.00K","+0.31%"
"03/08/2005","213.05","206.00","214.30","203.50","258.25K","+4.67%"
"03/07/2005","203.55","203.10","204.75","201.15","94.06K","+0.22%"
"03/04/2005","203.10","206.00","207.00","201.00","114.41K","-0.54%"
"03/03/2005","204.20","203.25","207.35","202.50","150.40K","+0.47%"
"03/02/2005","203.25","199.00","204.00","199.00","265.88K","+2.24%"
"03/01/2005","198.80","195.70","204.75","191.15","222.34K","+1.77%"
"02/28/2005","195.35","198.10","199.80","185.85","100.86K","-0.48%"
"02/25/2005","196.30","194.00","199.80","193.30","529.32K","+2.35%"
"02/24/2005","191.80","197.00","198.65","191.00","242.47K","-1.82%"
"02/23/2005","195.35","185.00","197.00","184.10","625.45K","+5.14%"
"02/22/2005","185.80","183.05","186.90","182.00","159.73K","+1.70%"
"02/21/2005","182.70","187.20","187.50","179.45","393.67K","-1.27%"
"02/18/2005","185.05","194.00","195.80","184.40","456.56K","-3.75%"
"02/17/2005","192.25","191.55","203.00","190.00","1.23M","+0.79%"
"02/16/2005","190.75","208.00","214.50","185.50","1.91M","-6.88%"
"02/15/2005","204.85","194.00","208.70","192.00","1.16M","+7.36%"
"02/14/2005","190.80","189.00","194.70","184.40","619.50K","+1.52%"
"02/11/2005","187.95","170.00","200.00","170.00","1.29M","+12.78%"
"02/10/2005","166.65","160.00","179.70","160.00","374.73K","+5.41%"
"02/09/2005","158.10","152.05","161.00","152.05","189.03K","+3.60%"
"02/08/2005","152.60","154.00","156.00","152.00","96.74K","-0.10%"
"02/07/2005","152.75","149.35","155.75","149.35","135.15K","+2.28%"
"02/04/2005","149.35","155.00","155.50","148.50","57.27K","-2.23%"
"02/03/2005","152.75","153.10","154.90","152.10","88.06K","+0.30%"
"02/02/2005","152.30","151.90","155.00","151.05","100.16K","+1.23%"
"02/01/2005","150.45","151.30","152.10","146.50","121.09K","+0.47%"
"01/31/2005","149.75","146.00","150.75","145.85","93.36K","+1.63%"
"01/28/2005","147.35","146.60","148.75","144.00","103.82K","+2.54%"
"01/27/2005","143.70","137.35","144.95","137.20","115.06K","+4.78%"
"01/25/2005","137.15","137.75","138.00","132.50","28.72K","+1.74%"
"01/24/2005","134.80","139.35","139.35","133.40","24.73K","-0.44%"
"01/20/2005","135.40","133.00","137.90","133.00","131.76K","+0.00%"
"01/19/2005","135.40","139.80","139.80","129.60","346.20K","-1.88%"
"01/18/2005","138.00","139.35","140.10","136.15","186.46K","-0.07%"
"01/17/2005","138.10","140.00","140.00","134.25","47.52K","+0.99%"
"01/14/2005","136.75","141.80","141.85","136.00","39.58K","-2.25%"
"01/13/2005","139.90","138.00","141.60","136.90","60.59K","+4.21%"
"01/12/2005","134.25","141.50","143.00","132.30","75.89K","-4.55%"
"01/11/2005","140.65","145.00","146.00","139.20","68.40K","-3.37%"
"01/10/2005","145.55","148.40","148.40","145.00","43.20K","+0.17%"
"01/07/2005","145.30","143.00","147.85","143.00","91.92K","+1.68%"
"01/06/2005","142.90","148.00","148.45","139.20","138.70K","-4.51%"
"01/05/2005","149.65","153.50","154.90","145.00","122.32K","-3.33%"
"01/04/2005","154.80","160.00","160.40","153.25","171.54K","-2.61%"
"01/03/2005","158.95","157.30","162.40","157.30","236.68K","+1.99%"
"12/31/2004","155.85","158.40","158.50","154.50","115.55K","-0.51%"
"12/30/2004","156.65","155.85","160.00","155.30","201.80K","+0.84%"
"12/29/2004","155.35","159.45","161.70","154.40","200.00K","-0.80%"
"12/28/2004","156.60","152.85","160.00","152.85","328.04K","+3.61%"
"12/27/2004","151.15","146.00","154.40","146.00","273.61K","+2.68%"
"12/24/2004","147.20","143.40","155.90","143.05","305.84K","+4.32%"
"12/23/2004","141.10","141.95","143.40","140.70","43.44K","+0.25%"
"12/22/2004","140.75","143.90","144.40","140.10","72.50K","-1.44%"
"12/21/2004","142.80","142.10","143.50","140.50","104.26K","+0.18%"
"12/20/2004","142.55","139.40","144.50","137.15","139.24K","+3.60%"
"12/17/2004","137.60","140.50","142.00","137.00","263.30K","-2.69%"
"12/16/2004","141.40","145.00","146.90","140.40","94.07K","-1.91%"
"12/15/2004","144.15","142.90","144.90","141.00","193.37K","+2.02%"
"12/14/2004","141.30","138.00","142.00","137.90","146.03K","+3.67%"
"12/13/2004","136.30","139.80","139.80","135.50","72.85K","-0.15%"
"12/10/2004","136.50","137.00","138.90","135.00","71.95K","+0.66%"
"12/09/2004","135.60","139.00","139.00","135.00","61.32K","-0.73%"
"12/08/2004","136.60","139.00","139.65","136.00","93.98K","-1.23%"
"12/07/2004","138.30","138.00","140.25","137.55","71.40K","-0.72%"
"12/06/2004","139.30","139.00","141.85","138.00","58.65K","-0.46%"
"12/03/2004","139.95","140.05","141.00","138.50","65.69K","-0.53%"
"12/02/2004","140.70","139.30","141.40","137.55","91.10K","+1.77%"
"12/01/2004","138.25","140.15","140.75","134.40","102.07K","-0.50%"
"11/30/2004","138.95","143.80","143.80","138.50","288.62K","-2.42%"
"11/29/2004","142.40","140.00","144.35","140.00","145.82K","+1.46%"
"11/25/2004","140.35","141.60","142.65","138.25","179.78K","-0.67%"
"11/24/2004","141.30","144.75","146.35","140.50","172.13K","-1.40%"
"11/23/2004","143.30","141.00","145.95","140.00","361.07K","+2.69%"
"11/22/2004","139.55","138.90","140.00","136.55","113.73K","-0.25%"
"11/19/2004","139.90","137.75","144.50","137.00","550.50K","+2.68%"
"11/18/2004","136.25","132.80","136.70","132.00","178.61K","+3.57%"
"11/17/2004","131.55","133.45","134.65","130.05","272.60K","-0.42%"
"11/16/2004","132.10","135.00","135.00","130.60","100.37K","-1.71%"
"11/12/2004","134.40","137.00","137.90","132.60","52.42K","-0.81%"
"11/11/2004","135.50","137.90","137.90","134.55","45.74K","-0.84%"
"11/10/2004","136.65","138.00","138.05","136.10","59.84K","-0.15%"
"11/09/2004","136.85","137.80","139.00","135.20","84.66K","+0.11%"
"11/08/2004","136.70","140.55","140.75","135.55","131.76K","-1.83%"
"11/05/2004","139.25","134.90","140.90","132.25","340.30K","+4.31%"
"11/04/2004","133.50","136.40","137.90","132.60","132.19K","-1.07%"
"11/03/2004","134.95","137.75","141.00","134.50","174.26K","-2.14%"
"11/02/2004","137.90","140.00","142.25","136.65","245.59K","-0.72%"
"11/01/2004","138.90","136.30","139.95","135.10","268.59K","+2.13%"
"10/29/2004","136.00","130.65","137.95","126.65","346.04K","+4.58%"
"10/28/2004","130.05","133.80","134.85","129.35","181.12K","-1.63%"
"10/27/2004","132.20","124.00","137.00","124.00","507.30K","+5.72%"
"10/26/2004","125.05","121.95","125.75","121.95","371.97K","+2.12%"
"10/25/2004","122.45","116.95","123.35","115.00","419.63K","+6.25%"
"10/21/2004","115.25","114.10","120.90","113.55","252.96K","-0.13%"
"10/20/2004","115.40","117.85","118.05","115.00","54.87K","-1.11%"
"10/19/2004","116.70","118.00","119.15","115.60","69.03K","-0.98%"
"10/18/2004","117.85","121.50","122.35","117.00","103.11K","-1.67%"
"10/15/2004","119.85","116.10","121.50","114.00","187.40K","+3.23%"
"10/14/2004","116.10","116.00","116.65","110.60","83.07K","+0.30%"
"10/12/2004","115.75","118.90","119.90","115.00","114.60K","-2.49%"
"10/11/2004","118.70","117.90","121.95","117.40","264.80K","+2.02%"
"10/08/2004","116.35","117.95","117.95","115.60","148.94K","-0.85%"
"10/07/2004","117.35","117.60","119.00","115.00","294.78K","+0.64%"
"10/06/2004","116.60","112.25","117.35","111.05","386.48K","+4.95%"
"10/05/2004","111.10","113.40","113.45","108.70","139.89K","-1.16%"
"10/04/2004","112.40","113.25","114.80","112.05","178.42K","+0.31%"
"10/01/2004","112.05","114.50","114.50","110.15","231.97K","-0.84%"
"09/30/2004","113.00","109.00","115.00","109.00","893.38K","+4.29%"
"09/29/2004","108.35","103.80","110.00","103.20","596.87K","+5.55%"
"09/28/2004","102.65","102.75","105.40","102.00","115.63K","+0.64%"
"09/27/2004","102.00","102.60","103.50","101.55","77.17K","+0.29%"
"09/24/2004","101.70","102.95","103.50","101.00","98.01K","-0.83%"
"09/23/2004","102.55","104.90","104.90","102.10","80.78K","-1.72%"
"09/22/2004","104.35","104.00","105.90","103.80","112.30K","+0.34%"
"09/21/2004","104.00","103.80","104.90","102.50","94.35K","+1.41%"
"09/20/2004","102.55","104.50","104.90","102.15","86.39K","-1.58%"
"09/17/2004","104.20","104.00","107.50","103.20","291.18K","+0.19%"
"09/16/2004","104.00","100.95","104.95","99.80","229.17K","+3.79%"
"09/15/2004","100.20","101.95","102.40","99.80","75.40K","-1.18%"
"09/14/2004","101.40","103.85","103.85","101.00","65.50K","-1.17%"
"09/13/2004","102.60","103.85","105.25","101.60","144.44K","+0.05%"
"09/10/2004","102.55","104.00","105.25","102.00","122.50K","-1.72%"
"09/09/2004","104.35","106.40","106.40","103.55","123.41K","-0.43%"
"09/08/2004","104.80","106.90","109.90","103.50","164.45K","-0.80%"
"09/07/2004","105.65","106.95","108.60","105.00","239.53K","-1.86%"
"09/06/2004","107.65","102.90","108.25","102.00","710.29K","+6.16%"
"09/03/2004","101.40","99.70","102.00","99.15","92.55K","+2.32%"
"09/02/2004","99.10","103.10","105.40","98.55","275.73K","-2.94%"
"09/01/2004","102.10","105.75","105.90","101.50","295.50K","-1.59%"
"08/31/2004","103.75","97.95","104.80","96.40","602.48K","+6.74%"
"08/30/2004","97.20","97.00","98.50","96.75","102.79K","+0.88%"
"08/27/2004","96.35","96.50","99.00","95.50","146.38K","+0.78%"
"08/26/2004","95.60","94.90","96.40","94.35","81.64K","+1.43%"
"08/25/2004","94.25","97.45","97.45","93.60","65.74K","-2.38%"
"08/24/2004","96.55","94.60","97.70","94.55","108.91K","+1.63%"
"08/23/2004","95.00","97.70","97.70","94.00","93.16K","-2.26%"
"08/20/2004","97.20","98.85","99.00","95.15","212.05K","-0.72%"
"08/19/2004","97.90","98.35","101.40","97.00","498.17K","-0.10%"
"08/18/2004","98.00","93.60","100.85","92.50","552.54K","+4.42%"
"08/17/2004","93.85","93.85","94.90","93.60","163.88K","+4.86%"
"08/16/2004","89.50","86.40","89.90","86.40","46.09K","+0.00%"
"08/13/2004","89.50","86.40","89.90","86.40","46.09K","+2.46%"
"08/12/2004","87.35","89.00","89.00","86.25","94.85K","-1.08%"
"08/11/2004","88.30","91.00","91.85","88.00","84.40K","-2.21%"
"08/10/2004","90.30","89.90","90.90","89.30","54.90K","+1.06%"
"08/09/2004","89.35","89.00","90.00","88.40","52.57K","+0.62%"
"08/06/2004","88.80","90.80","91.00","88.30","68.58K","-1.93%"
"08/05/2004","90.55","90.00","91.00","89.90","60.17K","+0.89%"
"08/04/2004","89.75","90.70","90.70","89.50","45.39K","-0.06%"
"08/03/2004","89.80","91.00","91.50","89.50","57.37K","-0.88%"
"08/02/2004","90.60","90.90","92.50","90.10","59.42K","+0.55%"
"07/30/2004","90.10","90.40","91.90","90.00","80.54K","+0.73%"
"07/29/2004","89.45","89.70","91.05","89.00","57.87K","+0.51%"
"07/28/2004","89.00","90.25","90.75","87.55","127.75K","-1.71%"
"07/27/2004","90.55","94.70","94.80","89.60","149.48K","-3.52%"
"07/26/2004","93.85","96.00","98.70","93.25","544.75K","-0.37%"
"07/23/2004","94.20","91.60","95.50","89.25","410.14K","+3.12%"
"07/22/2004","91.35","92.95","93.00","90.10","134.29K","+0.05%"
"07/21/2004","91.30","89.45","92.00","88.50","140.66K","+3.69%"
"07/20/2004","88.05","88.60","89.50","87.00","94.82K","-0.62%"
"07/19/2004","88.60","89.00","91.65","88.30","205.31K","+0.00%"
"07/16/2004","88.60","85.00","89.30","84.15","198.65K","+5.23%"
"07/15/2004","84.20","82.30","84.90","82.30","44.55K","+1.75%"
"07/14/2004","82.75","84.80","84.80","82.50","49.36K","-0.42%"
"07/13/2004","83.10","85.00","85.60","82.60","74.00K","-1.54%"
"07/12/2004","84.40","83.00","84.85","82.00","109.09K","+4.33%"
"07/09/2004","80.90","77.00","81.20","75.25","47.86K","+3.65%"
"07/08/2004","78.05","81.60","83.35","76.90","68.62K","-3.88%"
"07/07/2004","81.20","81.40","82.65","80.75","39.26K","+0.12%"
"07/06/2004","81.10","80.90","81.90","80.20","31.42K","+0.87%"
"07/05/2004","80.40","81.20","82.00","80.30","52.73K","-0.25%"
"07/02/2004","80.60","81.00","81.25","80.00","37.59K","+0.25%"
"07/01/2004","80.40","80.00","80.75","79.50","31.95K","+0.19%"
"06/30/2004","80.25","80.70","81.00","78.75","33.35K","+0.50%"
"06/29/2004","79.85","80.00","81.00","78.55","46.67K","+1.01%"
"06/28/2004","79.05","77.30","79.50","77.30","33.69K","+3.00%"
"06/25/2004","76.75","75.00","77.00","75.00","29.29K","+3.02%"
"06/24/2004","74.50","74.20","75.00","73.60","28.82K","-0.73%"
"06/23/2004","75.05","77.50","79.00","74.50","44.56K","-16.43%"
"05/21/2004","89.80","87.50","90.50","85.10","112.34K","-0.17%"
"05/20/2004","89.95","91.00","92.00","87.50","95.31K","+1.12%"
"05/19/2004","88.95","87.80","91.00","86.50","109.03K","+4.52%"
"05/18/2004","85.10","76.00","88.35","75.00","135.75K","+9.03%"
"05/17/2004","78.05","84.25","85.00","71.00","150.65K","-11.76%"
"05/14/2004","88.45","98.40","99.30","85.55","217.79K","-8.58%"
"05/13/2004","96.75","91.15","100.65","90.00","322.62K","+0.26%"
"05/12/2004","96.50","94.00","97.85","94.00","159.40K","+2.33%"
"05/11/2004","94.30","99.00","99.00","92.00","305.66K","-6.96%"
"05/10/2004","101.35","98.75","102.45","98.75","121.13K","-2.45%"
"05/07/2004","103.90","105.80","106.30","101.05","128.51K","-0.91%"
"05/06/2004","104.85","112.50","112.50","104.00","281.19K","-1.64%"
"05/05/2004","106.60","102.00","107.30","101.90","660.61K","+5.54%"
"05/04/2004","101.00","97.00","102.90","97.00","255.22K","+4.88%"
"05/03/2004","96.30","98.00","98.00","93.10","286.28K","-1.48%"
"04/30/2004","97.75","96.45","99.35","95.10","214.06K","+1.82%"
"04/29/2004","96.00","93.40","96.35","92.30","166.44K","+3.23%"
"04/28/2004","93.00","91.75","93.90","90.55","157.05K","+1.25%"
"04/27/2004","91.85","94.50","96.00","91.10","333.07K","-7.97%"
"04/23/2004","99.80","95.80","103.40","95.80","715.30K","+5.50%"
"04/22/2004","94.60","90.85","95.50","90.50","538.13K","+5.29%"
"04/21/2004","89.85","88.90","90.90","88.50","124.94K","+1.58%"
"04/20/2004","88.45","91.00","91.50","87.60","125.78K","-2.16%"
"04/19/2004","90.40","91.45","93.70","88.70","244.42K","+5.67%"
"04/16/2004","85.55","86.55","87.00","85.05","107.02K","-0.93%"
"04/15/2004","86.35","85.50","87.85","85.00","92.64K","+0.94%"
"04/13/2004","85.55","83.50","86.00","81.50","88.56K","+0.77%"
"04/12/2004","84.90","85.00","86.25","84.05","56.11K","+0.89%"
"04/08/2004","84.15","83.60","85.85","83.25","64.88K","+1.20%"
"04/07/2004","83.15","83.75","84.75","82.80","45.63K","-0.60%"
"04/06/2004","83.65","86.00","86.70","83.00","61.75K","-2.11%"
"04/05/2004","85.45","86.55","88.00","85.00","133.40K","-0.81%"
"04/02/2004","86.15","86.45","86.85","84.00","121.70K","-0.52%"
"04/01/2004","86.60","83.60","87.80","83.05","174.30K","+4.78%"
"03/31/2004","82.65","83.00","84.40","82.10","87.36K","+0.12%"
"03/30/2004","82.55","82.00","84.00","80.55","118.03K","+2.74%"
"03/29/2004","80.35","79.50","81.35","79.40","126.78K","+1.84%"
"03/26/2004","78.90","72.95","79.90","72.95","253.53K","+8.16%"
"03/25/2004","72.95","70.10","73.90","70.10","95.95K","+4.14%"
"03/24/2004","70.05","69.85","70.90","69.35","74.33K","-0.28%"
"03/23/2004","70.25","72.90","72.90","69.75","84.51K","-1.47%"
"03/22/2004","71.30","74.50","74.75","71.00","88.04K","-4.87%"
"03/19/2004","74.95","76.00","76.00","73.10","115.92K","-1.64%"
"03/18/2004","76.20","77.45","77.95","75.60","42.66K","-1.55%"
"03/17/2004","77.40","75.50","77.75","75.40","83.19K","+3.48%"
"03/16/2004","74.80","78.10","78.10","74.00","147.09K","-4.96%"
"03/15/2004","78.70","82.50","84.00","77.55","105.76K","-4.61%"
"03/12/2004","82.50","81.10","85.40","80.55","145.17K","+0.30%"
"03/11/2004","82.25","81.20","83.00","81.20","44.23K","-0.60%"
"03/10/2004","82.75","83.65","83.65","82.10","55.79K","-0.72%"
"03/09/2004","83.35","82.10","84.65","82.10","42.41K","-1.07%"
"03/08/2004","84.25","85.25","86.00","83.60","84.04K","-0.53%"
"03/05/2004","84.70","84.90","85.20","84.20","74.13K","+0.53%"
"03/04/2004","84.25","87.40","87.75","83.60","62.63K","-3.11%"
"03/03/2004","86.95","86.00","89.45","86.00","128.26K","+1.34%"
"03/01/2004","85.80","86.05","86.05","84.65","54.72K","+1.06%"
"02/27/2004","84.90","84.95","86.35","83.60","77.02K","+0.77%"
"02/26/2004","84.25","85.75","87.00","83.50","95.08K","-0.77%"
"02/25/2004","84.90","86.00","87.25","84.50","90.78K","-1.51%"
"02/24/2004","86.20","85.60","87.40","83.10","183.67K","+1.11%"
"02/23/2004","85.25","90.80","90.80","85.00","206.89K","-4.43%"
"02/20/2004","89.20","87.25","95.40","87.00","473.13K","+2.82%"
"02/19/2004","86.75","90.50","90.75","86.10","165.57K","-3.72%"
"02/18/2004","90.10","93.80","94.50","89.25","169.06K","-2.75%"
"02/17/2004","92.65","93.50","95.25","91.00","211.20K","+0.05%"
"02/16/2004","92.60","89.35","93.70","89.00","303.39K","+5.29%"
"02/13/2004","87.95","85.00","88.70","84.30","195.21K","+3.84%"
"02/12/2004","84.70","86.20","86.20","84.15","93.66K","-0.18%"
"02/11/2004","84.85","84.70","86.50","83.70","146.48K","+0.41%"
"02/10/2004","84.50","85.30","86.00","83.55","215.36K","+0.48%"
"02/09/2004","84.10","81.25","84.75","81.25","181.90K","+4.28%"
"02/06/2004","80.65","80.60","82.00","79.00","237.04K","+1.77%"
"02/05/2004","79.25","78.75","82.80","78.00","262.49K","+2.06%"
"02/04/2004","77.65","80.00","83.00","76.00","296.46K","-2.08%"
"02/03/2004","79.30","85.10","86.90","78.00","154.44K","-6.49%"
"01/30/2004","84.80","88.00","88.70","84.10","98.25K","-2.97%"
"01/29/2004","87.40","89.20","91.50","86.25","136.59K","-2.29%"
"01/28/2004","89.45","94.75","94.75","84.00","166.33K","-4.99%"
"01/27/2004","94.15","96.10","99.00","92.00","263.70K","+4.67%"
"01/23/2004","89.95","78.75","91.40","78.75","250.48K","+15.17%"
"01/22/2004","78.10","91.00","94.00","72.65","314.23K","-13.99%"
"01/21/2004","90.80","98.20","98.50","89.00","194.24K","-7.86%"
"01/20/2004","98.55","100.45","102.95","97.65","114.28K","-1.00%"
"01/19/2004","99.55","103.20","103.20","98.00","163.80K","-2.45%"
"01/16/2004","102.05","106.00","107.00","101.50","175.37K","-3.91%"
"01/15/2004","106.20","103.00","109.75","103.00","436.31K","+3.76%"
"01/14/2004","102.35","102.80","105.00","101.00","191.26K","+0.20%"
"01/13/2004","102.15","104.45","105.45","100.30","207.10K","-1.07%"
"01/12/2004","103.25","104.90","106.30","102.50","209.78K","-0.10%"
"01/09/2004","103.35","107.30","114.25","102.10","311.33K","-1.34%"
"01/08/2004","104.75","104.50","108.00","98.50","845.58K","-0.38%"
"01/07/2004","105.15","109.90","110.65","103.70","152.54K","-3.27%"
"01/06/2004","108.70","111.50","114.30","108.25","195.00K","-1.90%"
"01/05/2004","110.80","115.00","115.90","110.10","138.25K","-2.55%"
"01/02/2004","113.70","115.45","115.70","112.15","112.04K","-0.31%"
"01/01/2004","114.05","115.00","115.00","113.25","77.20K","+1.78%"
"12/31/2003","112.05","114.00","115.80","110.60","139.21K","-1.45%"
"12/30/2003","113.70","118.05","120.50","113.00","295.89K","-2.57%"
"12/29/2003","116.70","116.90","119.00","115.25","220.65K","+1.66%"
"12/26/2003","114.80","116.90","117.45","113.00","141.75K","-0.78%"
"12/24/2003","115.70","117.25","117.40","114.55","157.63K","-0.04%"
"12/23/2003","115.75","118.80","121.75","114.30","508.03K","-0.34%"
"12/22/2003","116.15","113.00","118.00","112.05","267.26K","+3.98%"
"12/19/2003","111.70","114.90","115.30","111.00","162.38K","-1.46%"
"12/18/2003","113.35","112.85","114.00","111.35","183.99K","+1.48%"
"12/17/2003","111.70","112.00","115.40","110.85","276.10K","+0.45%"
"12/16/2003","111.20","113.05","115.90","109.25","279.07K","-1.37%"
"12/15/2003","112.75","116.10","118.50","112.25","375.30K","-1.44%"
"12/12/2003","114.40","111.85","117.90","110.50","525.82K","+3.39%"
"12/11/2003","110.65","112.80","113.85","108.00","204.72K","-1.25%"
"12/10/2003","112.05","114.65","114.90","111.00","241.18K","-2.14%"
"12/09/2003","114.50","112.40","116.65","111.45","470.19K","+3.20%"
"12/08/2003","110.95","108.40","116.00","108.10","606.26K","+3.40%"
"12/05/2003","107.30","113.20","114.90","105.45","724.51K","-4.11%"
"12/04/2003","111.90","99.00","114.25","99.00","1.41M","+13.20%"
"12/03/2003","98.85","96.10","100.00","95.00","402.95K","+3.35%"
"12/02/2003","95.65","97.30","98.25","93.20","437.39K","-0.98%"
"12/01/2003","96.60","90.80","97.20","90.25","914.75K","+7.69%"
"11/28/2003","89.70","87.15","91.00","86.50","372.21K","+3.82%"
"11/27/2003","86.40","85.90","88.55","85.75","127.67K","+1.59%"
"11/25/2003","85.05","85.90","86.50","84.65","135.73K","+0.89%"
"11/24/2003","84.30","83.30","85.80","82.10","194.45K","+2.06%"
"11/21/2003","82.60","84.00","85.20","78.65","247.00K","-2.48%"
"11/20/2003","84.70","86.10","88.40","84.00","122.01K","-2.25%"
"11/19/2003","86.65","89.75","89.75","86.00","113.26K","-2.75%"
"11/18/2003","89.10","90.10","91.00","88.10","159.88K","-0.61%"
"11/17/2003","89.65","87.60","91.05","87.60","182.05K","+2.99%"
"11/14/2003","87.05","89.95","92.90","86.30","460.33K","-2.79%"
"11/13/2003","89.55","88.90","92.95","88.05","652.45K","+1.88%"
"11/12/2003","87.90","90.00","91.95","87.00","383.37K","-1.46%"
"11/11/2003","89.20","90.90","93.00","88.50","426.26K","-2.19%"
"11/10/2003","91.20","91.50","93.00","88.60","457.63K","-0.44%"
"11/07/2003","91.60","87.10","94.60","86.00","913.87K","+6.20%"
"11/06/2003","86.25","83.80","87.40","83.20","409.30K","+4.42%"
"11/05/2003","82.60","80.10","84.70","80.10","125.68K","+0.06%"
"11/04/2003","82.55","84.70","84.70","81.90","108.21K","-1.32%"
"11/03/2003","83.65","82.90","84.80","82.70","194.14K","+1.33%"
"10/31/2003","82.55","79.55","83.00","79.10","207.93K","+3.77%"
"10/30/2003","79.55","80.10","82.60","79.10","161.46K","-0.44%"
"10/29/2003","79.90","80.05","82.95","78.95","108.34K","+1.46%"
"10/28/2003","78.75","82.50","83.00","77.75","131.15K","-5.01%"
"10/27/2003","82.90","85.25","85.70","82.55","144.15K","+0.97%"
"10/24/2003","82.10","81.00","83.80","76.35","273.76K","+1.99%"
"10/23/2003","80.50","83.00","84.65","80.00","190.29K","-2.31%"
"10/22/2003","82.40","91.40","91.80","81.50","461.18K","-7.10%"
"10/21/2003","88.70","88.40","90.80","86.10","615.07K","+0.23%"
"10/20/2003","88.50","88.00","90.00","85.15","620.03K","+1.84%"
"10/17/2003","86.90","84.05","88.00","82.45","428.17K","+2.78%"
"10/16/2003","84.55","83.10","85.95","83.10","380.64K","+1.62%"
"10/15/2003","83.20","82.05","85.80","81.00","883.82K","+2.15%"
"10/14/2003","81.45","83.40","84.80","78.50","858.18K","+0.12%"
"10/13/2003","81.35","73.00","82.40","72.50","1.18M","+13.06%"
"10/10/2003","71.95","73.10","76.80","71.50","449.58K","-2.18%"
"10/09/2003","73.55","71.60","74.00","71.60","221.30K","+2.80%"
"10/08/2003","71.55","72.50","73.40","70.20","154.62K","-0.21%"
"10/07/2003","71.70","75.00","75.40","71.15","440.19K","-3.95%"
"10/06/2003","74.65","74.00","76.30","71.75","857.91K","+3.75%"
"10/03/2003","71.95","64.60","73.00","64.00","667.24K","+11.46%"
"10/01/2003","64.55","65.00","65.25","64.30","47.44K","-0.31%"
"09/30/2003","64.75","65.30","65.30","64.00","39.33K","+0.15%"
"09/29/2003","64.65","65.20","65.20","64.00","51.88K","+2.05%"
"09/26/2003","63.35","61.30","64.25","61.30","48.20K","+0.56%"
"09/25/2003","63.00","63.05","63.95","62.65","40.20K","-0.63%"
"09/24/2003","63.40","62.80","63.75","62.50","52.20K","+2.01%"
"09/23/2003","62.15","61.00","62.40","60.90","33.67K","+0.00%"
"09/22/2003","62.15","62.35","63.40","61.75","53.29K","+0.73%"
"09/19/2003","61.70","63.50","64.80","59.10","121.44K","-1.75%"
"09/18/2003","62.80","65.00","65.50","62.55","99.45K","-4.27%"
"09/17/2003","65.60","66.00","66.90","65.25","66.90K","+0.08%"
"09/16/2003","65.55","64.80","66.00","64.30","66.50K","+1.31%"
"09/15/2003","64.70","66.10","66.50","64.50","106.96K","-2.63%"
"09/12/2003","66.45","69.00","69.65","66.10","155.30K","-3.90%"
"09/11/2003","69.15","69.85","71.35","68.50","201.93K","-0.65%"
"09/10/2003","69.60","70.05","72.45","68.80","671.67K","+0.72%"
"09/09/2003","69.10","66.00","70.50","65.30","581.18K","+5.82%"
"09/08/2003","65.30","66.95","68.00","65.10","107.64K","-1.36%"
"09/05/2003","66.20","65.00","66.90","64.00","146.71K","+2.72%"
"09/04/2003","64.45","66.90","67.75","64.20","98.01K","-3.16%"
"09/03/2003","66.55","67.65","68.35","66.20","253.26K","-1.04%"
"09/02/2003","67.25","66.00","69.50","66.00","285.56K","+2.75%"
"09/01/2003","65.45","65.20","66.00","62.00","86.24K","+1.39%"
"08/29/2003","64.55","65.80","66.20","64.25","90.46K","-1.15%"
"08/28/2003","65.30","66.75","66.75","65.05","61.44K","-0.91%"
"08/27/2003","65.90","66.50","67.85","65.60","92.88K","+0.23%"
"08/26/2003","65.75","64.45","66.85","63.75","159.31K","+2.49%"
"08/25/2003","64.15","66.70","67.50","63.60","158.66K","-2.36%"
"08/22/2003","65.70","67.90","67.90","65.00","237.07K","-1.72%"
"08/21/2003","66.85","67.90","68.15","66.50","133.33K","+0.22%"
"08/20/2003","66.70","68.50","68.70","66.50","172.48K","-0.82%"
"08/19/2003","67.25","74.00","79.80","67.00","153.69K","-2.68%"
"08/18/2003","69.10","67.50","71.80","66.70","437.37K","+3.75%"
"08/14/2003","66.60","68.50","69.00","66.10","191.30K","-2.20%"
"08/13/2003","68.10","69.35","69.35","67.50","91.90K","-0.44%"
"08/12/2003","68.40","70.20","71.00","68.20","197.77K","-1.08%"
"08/11/2003","69.15","70.10","70.40","68.65","173.29K","-0.58%"
"08/08/2003","69.55","70.90","71.20","68.55","174.91K","+0.36%"
"08/07/2003","69.30","69.75","70.75","68.90","87.53K","+1.46%"
"08/06/2003","68.30","66.00","69.90","61.00","117.75K","-1.16%"
"08/05/2003","69.10","72.00","73.30","68.90","290.60K","-3.09%"
"08/04/2003","71.30","68.25","72.60","67.45","567.96K","+5.79%"
"08/01/2003","67.40","68.50","68.50","65.70","152.36K","+2.04%"
"07/31/2003","66.05","68.45","69.25","65.70","144.05K","-3.01%"
"07/30/2003","68.10","67.90","69.00","67.20","132.56K","+1.41%"
"07/29/2003","67.15","68.10","68.10","65.80","180.27K","-0.89%"
"07/28/2003","67.75","70.10","70.80","67.40","235.34K","-1.53%"
"07/25/2003","68.80","71.50","71.55","68.00","503.94K","-3.17%"
"07/24/2003","71.05","70.95","72.45","70.25","168.17K","+1.57%"
"07/23/2003","69.95","70.85","72.30","69.40","158.19K","+0.36%"
"07/22/2003","69.70","71.00","71.45","69.50","101.13K","-1.20%"
"07/21/2003","70.55","72.00","73.10","70.10","103.00K","-49.61%"
"07/18/2003","140.00","72.55","74.00","71.00","117.21K","+92.57%"
"07/17/2003","72.70","72.50","76.00","71.95","455.73K","+0.07%"
"07/16/2003","72.65","72.25","74.00","71.70","167.49K","+1.32%"
"07/15/2003","71.70","75.00","75.00","70.50","143.19K","-2.25%"
"07/14/2003","73.35","71.50","73.95","70.40","280.16K","+4.34%"
"07/11/2003","70.30","72.00","75.00","70.10","83.91K","+0.21%"
"07/10/2003","70.15","71.40","71.40","69.80","64.24K","+0.00%"
"07/09/2003","70.15","72.30","72.30","69.90","137.21K","-2.43%"
"07/08/2003","71.90","74.90","74.90","71.15","189.32K","-2.24%"
"07/07/2003","73.55","73.50","75.50","73.00","349.67K","+2.15%"
"07/04/2003","72.00","70.80","73.60","70.80","240.51K","+1.05%"
"07/03/2003","71.25","73.80","74.60","70.50","181.86K","-1.52%"
"07/02/2003","72.35","73.20","77.45","71.80","407.44K","+0.14%"
"07/01/2003","72.25","71.25","74.90","69.05","514.60K","+3.07%"
"06/30/2003","70.10","71.50","72.00","69.50","153.34K","-0.85%"
"06/27/2003","70.70","72.00","72.20","69.55","120.72K","-0.84%"
"06/26/2003","71.30","74.00","74.40","70.70","175.20K","-2.46%"
"06/25/2003","73.10","70.00","74.10","70.00","380.02K","+4.73%"
"06/24/2003","69.80","68.00","72.00","68.00","161.03K","+2.05%"
"06/23/2003","68.40","72.00","72.00","68.10","163.55K","-4.07%"
"06/20/2003","71.30","72.00","73.00","70.65","268.61K","-0.83%"
"06/19/2003","71.90","72.85","74.40","70.20","375.79K","-1.30%"
"06/18/2003","72.85","73.00","75.40","72.10","463.79K","-0.82%"
"06/17/2003","73.45","78.00","78.50","72.30","464.85K","-5.35%"
"06/16/2003","77.60","74.35","78.80","73.75","1.09M","+5.79%"
"06/13/2003","73.35","68.90","73.90","68.00","759.11K","+7.71%"
"06/12/2003","68.10","67.85","69.45","67.40","293.38K","+1.72%"
"06/11/2003","66.95","69.00","69.00","66.05","293.38K","-0.96%"
"06/10/2003","67.60","65.90","70.50","65.90","848.69K","+1.81%"
"06/09/2003","66.40","61.50","67.95","61.50","893.06K","+8.76%"
"06/06/2003","61.05","58.00","62.00","58.00","1.04M","+5.62%"
"06/05/2003","57.80","58.00","60.00","56.40","246.77K","+1.94%"
"06/04/2003","56.70","55.00","57.35","54.80","119.33K","+3.47%"
"06/03/2003","54.80","58.00","58.00","54.50","112.86K","-3.35%"
"06/02/2003","56.70","56.60","58.50","56.25","91.92K","-1.65%"
"05/30/2003","57.65","60.95","60.95","57.30","88.67K","-2.37%"
"05/29/2003","59.05","59.00","60.15","58.50","185.95K","+0.85%"
"05/28/2003","58.55","58.50","59.10","57.00","199.69K","+2.99%"
"05/27/2003","56.85","60.40","61.40","56.25","385.40K","-4.29%"
"05/26/2003","59.40","56.05","60.00","56.05","367.12K","+7.12%"
"05/23/2003","55.45","52.75","56.60","52.75","442.29K","+6.02%"
"05/22/2003","52.30","53.00","53.25","52.05","80.70K","-0.76%"
"05/21/2003","52.70","52.85","53.50","52.50","150.46K","+0.67%"
"05/20/2003","52.35","52.35","53.00","51.50","128.64K","-0.29%"
"05/19/2003","52.50","53.20","55.00","52.10","370.81K","+0.10%"
"05/16/2003","52.45","52.70","53.40","51.50","165.64K","+0.29%"
"05/15/2003","52.30","53.25","53.90","51.65","242.56K","-2.15%"
"05/14/2003","53.45","53.00","54.75","52.40","367.61K","+2.10%"
"05/13/2003","52.35","49.40","54.25","49.20","974.32K","+7.49%"
"05/12/2003","48.70","47.90","49.50","47.55","547.82K","+3.40%"
"05/09/2003","47.10","44.80","47.80","44.70","524.72K","+5.96%"
"05/08/2003","44.45","45.00","45.50","44.00","72.73K","-0.89%"
"05/07/2003","44.85","45.80","46.00","44.10","64.60K","-0.66%"
"05/06/2003","45.15","45.00","46.00","44.45","95.98K","+1.46%"
"05/05/2003","44.50","51.15","51.15","43.90","85.62K","+1.83%"
"05/02/2003","43.70","43.00","44.00","42.75","76.03K","+2.10%"
"04/30/2003","42.80","43.00","43.35","42.50","19.99K","-0.70%"
"04/29/2003","43.10","43.25","43.50","43.00","21.14K","+0.00%"
"04/28/2003","43.10","42.70","43.40","42.50","20.80K","+0.58%"
"04/25/2003","42.85","43.50","43.80","42.30","59.45K","-0.58%"
"04/24/2003","43.10","45.00","45.40","43.00","118.98K","-3.47%"
"04/23/2003","44.65","46.00","46.60","44.10","326.89K","-1.11%"
"04/22/2003","45.15","43.25","45.75","42.85","136.62K","+4.76%"
"04/21/2003","43.10","43.60","43.95","42.80","36.92K","+1.17%"
"04/17/2003","42.60","43.05","43.50","42.10","50.11K","-1.50%"
"04/16/2003","43.25","43.70","44.00","43.10","16.07K","+0.12%"
"04/15/2003","43.20","43.00","43.85","43.00","20.96K","+1.41%"
"04/11/2003","42.60","42.20","43.70","42.20","42.47K","+0.35%"
"04/10/2003","42.45","43.05","43.50","42.15","41.08K","-2.08%"
"04/09/2003","43.35","44.00","44.00","43.00","54.40K","-0.91%"
"04/08/2003","43.75","44.00","44.50","43.60","22.38K","-2.45%"
"04/07/2003","44.85","43.95","46.00","43.00","116.23K","+2.40%"
"04/04/2003","43.80","43.80","44.00","42.60","44.44K","-2.01%"
"04/03/2003","44.70","44.00","45.00","43.80","49.18K","+1.82%"
"04/02/2003","43.90","43.25","44.00","43.10","25.92K","+2.45%"
"04/01/2003","42.85","42.85","43.95","42.60","53.44K","+0.94%"
"03/31/2003","42.45","42.10","42.90","41.50","50.76K","+0.12%"
"03/28/2003","42.40","42.35","43.00","41.25","40.99K","+0.95%"
"03/27/2003","42.00","43.00","43.00","41.90","31.33K","-0.71%"
"03/26/2003","42.30","43.00","43.50","42.10","230.13K","-1.17%"
"03/25/2003","42.80","43.00","43.00","37.15","26.18K","-0.47%"
"03/24/2003","43.00","44.00","44.05","43.00","30.88K","-0.81%"
"03/21/2003","43.35","44.90","45.00","43.00","64.24K","-1.14%"
"03/20/2003","43.85","41.75","44.75","41.60","78.14K","+5.16%"
"03/19/2003","41.70","42.10","43.00","41.55","24.85K","-0.71%"
"03/17/2003","42.00","43.00","43.00","41.40","68.29K","-2.67%"
"03/13/2003","43.15","42.80","43.80","42.15","53.12K","+1.53%"
"03/12/2003","42.50","44.00","44.00","42.30","56.28K","-2.41%"
"03/11/2003","43.55","41.60","44.80","41.60","64.35K","+2.23%"
"03/10/2003","42.60","42.95","43.40","42.50","25.13K","-0.35%"
"03/07/2003","42.75","43.00","43.60","42.55","32.95K","-2.62%"
"03/06/2003","43.90","44.80","44.80","43.70","22.47K","-1.24%"
"03/05/2003","44.45","50.00","50.00","42.65","38.64K","-0.34%"
"03/04/2003","44.60","45.50","45.65","44.30","40.28K","-2.09%"
"03/03/2003","45.55","46.65","46.65","45.45","24.50K","+0.11%"
"02/28/2003","45.50","46.85","46.90","45.05","67.92K","-0.98%"
"02/27/2003","45.95","45.50","46.35","45.20","47.08K","+0.99%"
"02/26/2003","45.50","47.35","47.35","45.10","63.71K","-0.66%"
"02/25/2003","45.80","47.05","47.30","45.55","104.64K","-3.48%"
"02/24/2003","47.45","49.30","49.30","47.20","125.90K","-1.45%"
"02/21/2003","48.15","53.00","53.00","47.25","165.68K","+0.10%"
"02/20/2003","48.10","49.95","50.35","47.60","198.83K","-3.22%"
"02/19/2003","49.70","46.40","50.20","45.95","795.17K","+9.35%"
"02/18/2003","45.45","50.00","50.00","44.50","337.84K","+4.36%"
"02/17/2003","43.55","42.80","43.90","42.35","75.52K","+5.07%"
"02/14/2003","41.45","47.90","47.90","41.25","30.38K","-1.31%"
"02/12/2003","42.00","42.55","42.80","41.80","27.04K","-1.75%"
"02/11/2003","42.75","43.50","43.50","42.10","48.71K","+1.06%"
"02/10/2003","42.30","41.30","43.00","41.10","33.58K","+0.59%"
"02/07/2003","42.05","43.50","43.50","41.85","27.49K","-1.41%"
"02/06/2003","42.65","42.05","43.00","42.00","36.03K","+1.55%"
"02/05/2003","42.00","42.70","43.20","41.55","48.63K","-3.11%"
"02/04/2003","43.35","41.30","43.70","41.10","145.91K","+4.84%"
"02/03/2003","41.35","41.25","41.50","41.00","13.96K","+1.10%"
"01/31/2003","40.90","41.25","41.25","40.60","25.92K","-0.61%"
"01/30/2003","41.15","41.55","41.95","41.05","14.86K","-1.08%"
"01/29/2003","41.60","42.50","42.80","41.50","53.06K","-0.72%"
"01/28/2003","41.90","41.00","42.50","40.15","71.16K","+3.46%"
"01/27/2003","40.50","42.25","42.25","40.00","56.38K","-3.80%"
"01/24/2003","42.10","45.00","45.00","41.75","81.72K","-4.10%"
"01/23/2003","43.90","44.20","44.75","43.50","45.99K","-0.45%"
"01/22/2003","44.10","45.00","45.00","44.00","42.43K","-1.67%"
"01/21/2003","44.85","45.00","45.45","44.50","60.36K","-0.77%"
"01/20/2003","45.20","45.25","46.20","45.00","81.20K","-0.66%"
"01/17/2003","45.50","45.00","45.80","44.80","68.59K","+1.34%"
"01/16/2003","44.90","44.90","45.35","44.50","30.75K","+0.00%"
"01/15/2003","44.90","46.00","46.00","44.65","38.76K","-0.44%"
"01/14/2003","45.10","47.00","47.00","44.55","83.31K","-3.01%"
"01/13/2003","46.50","45.00","46.90","45.00","135.28K","+3.10%"
"01/10/2003","45.10","45.00","46.25","44.20","93.62K","+0.67%"
"01/09/2003","44.80","44.00","45.10","44.00","31.09K","+0.79%"
"01/08/2003","44.45","43.60","45.00","43.50","24.64K","+1.14%"
"01/07/2003","43.95","45.05","45.45","43.40","64.98K","-1.79%"
"01/06/2003","44.75","45.80","46.45","44.60","114.55K","-2.08%"
"01/03/2003","45.70","46.20","46.50","44.80","135.80K","+0.00%"
"01/02/2003","45.70","47.25","47.65","45.35","133.32K","-3.38%"
"01/01/2003","47.30","47.30","47.90","45.55","245.69K","+0.00%"
