"Date","Price","Open","High","Low","Vol.","Change %"
"07/13/2026","409.55","402.25","411.15","401.60","5.18M","+0.84%"
"07/10/2026","406.15","401.15","407.85","395.05","5.13M","+2.01%"
"07/09/2026","398.15","391.45","399.50","391.10","11.05M","+2.47%"
"07/08/2026","388.55","381.00","396.00","378.45","15.40M","+1.50%"
"07/07/2026","382.80","387.00","387.35","375.05","18.95M","-0.97%"
"07/06/2026","386.55","383.20","394.20","383.20","13.69M","+0.85%"
"07/03/2026","383.30","385.25","387.95","382.10","6.83M","-0.12%"
"07/02/2026","383.75","389.00","390.80","382.10","3.63M","-1.31%"
"07/01/2026","388.85","391.00","397.95","380.30","7.84M","-0.73%"
"06/30/2026","391.70","394.90","399.00","391.05","6.90M","-0.75%"
"06/29/2026","394.65","394.90","396.60","386.35","4.64M","+0.28%"
"06/25/2026","393.55","399.80","403.45","391.95","7.86M","-1.27%"
"06/24/2026","398.60","400.00","404.15","398.00","5.44M","-0.35%"
"06/23/2026","400.00","413.80","413.90","398.95","6.11M","-3.24%"
"06/22/2026","413.40","415.00","415.95","410.75","2.32M","+0.54%"
"06/19/2026","411.20","413.85","417.80","409.50","8.10M","-0.75%"
"06/18/2026","414.30","414.00","417.40","411.20","4.52M","+0.11%"
"06/17/2026","413.85","411.95","418.00","409.00","8.54M","+0.51%"
"06/16/2026","411.75","414.00","415.95","409.70","6.13M","-0.36%"
"06/15/2026","413.25","426.10","426.50","412.20","6.45M","-1.89%"
"06/12/2026","421.20","417.00","424.60","417.00","4.58M","+1.99%"
"06/11/2026","413.00","411.50","418.75","409.90","4.80M","-0.04%"
"06/10/2026","413.15","416.80","417.70","408.55","4.20M","-1.49%"
"06/09/2026","419.40","430.00","432.05","417.95","10.05M","-1.58%"
"06/08/2026","426.15","427.00","429.50","423.85","6.63M","-0.81%"
"06/05/2026","429.65","430.00","437.00","428.85","4.81M","-0.19%"
"06/04/2026","430.45","427.95","433.75","425.10","5.66M","+0.29%"
"06/03/2026","429.20","429.25","433.60","424.90","3.89M","+0.01%"
"06/02/2026","429.15","429.20","431.70","424.45","10.58M","-0.53%"
"06/01/2026","431.45","443.70","446.40","429.45","9.80M","-2.40%"
"05/29/2026","442.05","438.00","449.40","432.10","14.31M","+1.33%"
"05/27/2026","436.25","433.85","439.80","432.50","4.91M","+0.69%"
"05/26/2026","433.25","441.40","443.05","430.55","10.40M","-1.28%"
"05/25/2026","438.85","435.00","442.00","430.05","4.33M","+1.57%"
"05/22/2026","432.05","433.00","434.65","430.10","3.91M","+0.06%"
"05/21/2026","431.80","431.00","439.10","429.30","7.21M","+0.92%"
"05/20/2026","427.85","427.50","431.00","424.25","4.23M","-0.66%"
"05/19/2026","430.70","432.00","439.40","427.25","5.64M","-0.05%"
"05/18/2026","430.90","425.00","434.55","421.90","12.10M","+0.17%"
"05/15/2026","430.15","424.70","434.20","420.95","7.75M","+1.85%"
"05/14/2026","422.35","415.95","425.10","415.00","9.29M","+2.21%"
"05/13/2026","413.20","402.00","416.70","399.65","6.03M","+3.09%"
"05/12/2026","400.80","411.80","411.85","400.00","6.09M","-2.40%"
"05/11/2026","410.65","402.80","415.45","396.50","8.53M","+1.57%"
"05/08/2026","404.30","403.90","406.55","397.60","11.93M","+0.35%"
"05/07/2026","402.90","410.45","411.80","399.60","10.36M","-1.32%"
"05/06/2026","408.30","406.15","412.90","404.45","5.65M","+1.39%"
"05/05/2026","402.70","400.40","407.55","396.45","4.59M","+0.61%"
"05/04/2026","400.25","414.55","415.00","390.80","12.55M","-2.37%"
"04/30/2026","409.95","413.00","413.90","407.00","4.41M","-0.95%"
"04/29/2026","413.90","419.00","421.85","411.55","10.44M","-0.01%"
"04/28/2026","413.95","411.00","419.05","409.60","9.68M","+2.90%"
"04/27/2026","402.30","403.45","407.50","399.50","3.38M","+0.02%"
"04/24/2026","402.20","405.90","406.60","395.65","5.74M","-0.62%"
"04/23/2026","404.70","405.15","408.30","400.95","7.56M","-0.85%"
"04/22/2026","408.15","414.75","418.60","406.50","5.63M","-1.59%"
"04/21/2026","414.75","403.10","419.60","403.10","7.88M","+2.21%"
"04/20/2026","405.80","412.50","413.85","403.60","8.77M","-1.56%"
"04/17/2026","412.25","413.15","416.60","409.00","10.61M","-0.22%"
"04/16/2026","413.15","421.50","424.70","412.25","9.81M","-1.69%"
"04/15/2026","420.25","434.50","436.90","419.15","10.07M","-4.15%"
"04/13/2026","438.45","430.00","440.50","425.60","2.76M","+0.14%"
"04/10/2026","437.85","438.00","443.20","433.85","4.69M","-0.14%"
"04/09/2026","438.45","442.70","442.70","432.85","3.49M","-0.57%"
"04/08/2026","440.95","433.00","442.95","430.60","3.30M","+4.21%"
"04/07/2026","423.15","422.00","426.80","419.40","3.13M","-0.55%"
"04/06/2026","425.50","422.00","432.55","420.80","3.87M","+0.15%"
"04/02/2026","424.85","417.70","426.35","409.55","3.69M","+0.38%"
"04/01/2026","423.25","436.80","436.80","420.85","4.69M","+1.22%"
"03/30/2026","418.15","425.05","429.00","415.50","8.74M","-1.91%"
"03/27/2026","426.30","423.60","429.50","419.25","6.16M","-0.36%"
"03/25/2026","427.85","431.80","434.80","422.00","7.42M","-0.34%"
"03/24/2026","429.30","422.00","432.90","415.45","4.65M","+3.80%"
"03/23/2026","413.60","430.00","430.00","411.80","4.79M","-4.82%"
"03/20/2026","434.55","429.65","441.75","429.65","5.44M","+1.85%"
"03/19/2026","426.65","435.70","435.70","422.00","3.18M","-3.24%"
"03/18/2026","440.95","437.10","443.75","434.20","3.15M","+1.10%"
"03/17/2026","436.15","429.45","439.00","427.30","3.13M","+2.12%"
"03/16/2026","427.10","425.00","430.65","418.45","3.45M","+0.74%"
"03/13/2026","423.95","439.15","440.80","422.70","2.70M","-4.09%"
"03/12/2026","442.05","436.90","444.75","430.55","5.40M","+0.75%"
"03/11/2026","438.75","442.40","450.15","436.65","2.59M","-1.50%"
"03/10/2026","445.45","442.05","447.75","439.10","2.24M","+1.58%"
"03/09/2026","438.50","444.50","444.95","433.55","2.83M","-3.00%"
"03/06/2026","452.05","450.75","457.65","449.00","2.14M","+0.14%"
"03/05/2026","451.40","444.60","456.25","444.60","3.04M","+2.06%"
"03/04/2026","442.30","443.80","445.00","431.15","5.45M","-1.39%"
"03/02/2026","448.55","439.15","459.30","439.15","3.24M","-1.41%"
"02/27/2026","454.95","459.00","461.70","452.15","7.17M","-1.37%"
"02/26/2026","461.25","462.70","463.60","455.50","4.08M","-0.04%"
"02/25/2026","461.45","470.00","473.00","454.25","6.01M","-1.80%"
"02/24/2026","469.90","469.90","473.00","464.05","5.58M","-0.49%"
"02/23/2026","472.20","476.75","476.75","468.10","3.64M","-0.45%"
"02/20/2026","474.35","470.10","477.10","467.90","4.47M","+0.31%"
"02/19/2026","472.90","479.00","481.50","469.20","5.28M","-1.02%"
"02/18/2026","477.75","472.80","481.05","469.50","5.41M","+1.07%"
"02/17/2026","472.70","475.40","477.00","467.60","3.76M","-0.21%"
"02/16/2026","473.70","466.60","475.15","463.65","5.72M","+1.52%"
"02/13/2026","466.60","469.50","472.00","464.15","4.31M","-1.56%"
"02/12/2026","474.00","467.05","475.00","464.00","8.13M","+1.49%"
"02/11/2026","467.05","461.00","472.00","457.20","9.94M","+1.72%"
"02/10/2026","459.15","459.00","461.60","448.65","12.35M","+0.66%"
"02/09/2026","456.15","446.50","457.15","443.75","6.77M","+2.89%"
"02/06/2026","443.35","442.55","447.55","432.85","5.31M","+0.21%"
"02/05/2026","442.40","445.10","445.90","438.95","4.26M","-0.61%"
"02/04/2026","445.10","439.20","447.00","437.40","5.32M","+1.49%"
"02/03/2026","438.55","443.40","450.00","425.40","10.84M","+1.56%"
"02/02/2026","431.80","424.30","433.45","419.45","9.27M","+1.85%"
"02/01/2026","423.95","443.95","443.95","418.00","4.38M","-4.58%"
"01/30/2026","444.30","440.95","452.00","435.45","11.90M","+0.62%"
"01/29/2026","441.55","429.00","442.70","426.05","8.49M","+3.82%"
"01/28/2026","425.30","425.25","428.60","420.85","4.34M","+0.65%"
"01/27/2026","422.55","416.05","425.95","411.25","7.42M","+2.28%"
"01/23/2026","413.15","419.20","422.15","410.00","4.67M","-1.44%"
"01/22/2026","419.20","417.00","420.35","413.10","7.16M","+1.26%"
"01/21/2026","414.00","411.05","417.60","401.45","8.49M","-0.13%"
"01/20/2026","414.55","427.00","427.75","412.70","5.56M","-3.23%"
"01/19/2026","428.40","432.65","434.00","425.00","5.90M","-1.26%"
"01/16/2026","433.85","438.40","438.95","429.50","10.42M","-1.04%"
"01/14/2026","438.40","432.25","443.70","432.25","9.33M","+2.45%"
"01/13/2026","427.90","433.00","433.45","423.10","5.85M","-1.09%"
"01/12/2026","432.60","435.00","441.50","428.45","8.82M","-0.18%"
"01/09/2026","433.40","450.00","454.95","430.05","26.53M","+0.59%"
"01/08/2026","430.85","430.45","436.80","424.45","10.70M","+0.43%"
"01/07/2026","429.00","433.00","433.50","427.05","5.02M","-0.75%"
"01/06/2026","432.25","434.00","436.80","430.05","5.75M","-0.45%"
"01/05/2026","434.20","439.30","442.65","432.00","5.89M","-1.78%"
"01/02/2026","442.05","438.00","446.00","432.75","11.98M","+1.43%"
"01/01/2026","435.80","421.05","439.85","421.05","17.97M","+4.07%"
"12/31/2025","418.75","422.90","434.70","410.00","17.33M","-0.78%"
"12/30/2025","422.05","422.00","426.40","419.80","4.57M","-0.05%"
"12/29/2025","422.25","420.00","427.10","417.30","6.42M","+0.57%"
"12/26/2025","419.85","423.90","427.55","419.05","2.51M","-0.96%"
"12/24/2025","423.90","414.35","428.50","412.00","8.15M","+2.30%"
"12/23/2025","414.35","412.40","417.20","410.40","3.12M","+0.70%"
"12/22/2025","411.45","414.05","414.05","407.55","3.74M","-0.63%"
"12/19/2025","414.05","411.00","415.20","408.30","10.80M","+1.30%"
"12/18/2025","408.75","408.40","412.20","405.30","4.67M","+0.38%"
"12/17/2025","407.20","408.15","409.20","403.55","4.48M","-0.23%"
"12/16/2025","408.15","407.40","411.25","405.65","4.42M","-0.32%"
"12/15/2025","409.45","418.00","421.95","406.80","9.79M","-1.38%"
"12/12/2025","415.20","411.00","416.25","409.05","4.90M","+1.18%"
"12/11/2025","410.35","403.40","411.45","401.20","4.26M","+1.51%"
"12/10/2025","404.25","403.30","407.50","401.55","4.96M","+0.30%"
"12/09/2025","403.05","400.90","404.95","396.50","5.45M","+0.01%"
"12/08/2025","403.00","414.00","418.00","398.75","6.44M","-3.06%"
"12/05/2025","415.70","400.90","416.85","399.10","9.65M","+3.41%"
"12/04/2025","402.00","405.50","408.25","398.55","3.54M","-0.65%"
"12/03/2025","404.65","402.45","413.30","401.45","11.45M","+0.67%"
"12/02/2025","401.95","404.00","406.70","398.00","5.33M","+1.35%"
"12/01/2025","396.60","404.60","405.40","395.25","2.53M","-1.11%"
"11/28/2025","401.05","404.05","404.80","400.50","2.28M","-0.79%"
"11/27/2025","404.25","405.00","409.05","401.25","3.50M","-0.33%"
"11/26/2025","405.60","406.00","409.80","403.65","3.96M","+0.50%"
"11/25/2025","403.60","399.45","405.65","397.55","2.74M","+0.87%"
"11/24/2025","400.10","397.05","404.65","396.30","6.01M","+0.78%"
"11/21/2025","397.00","399.70","402.15","395.50","3.50M","-0.87%"
"11/20/2025","400.50","406.00","406.30","399.20","3.78M","-0.68%"
"11/19/2025","403.25","402.00","405.90","399.90","4.63M","+0.26%"
"11/18/2025","402.20","411.00","411.70","400.85","7.80M","-1.94%"
"11/17/2025","410.15","413.70","413.70","408.25","2.87M","-0.53%"
"11/14/2025","412.35","405.90","414.00","405.15","4.52M","+1.10%"
"11/13/2025","407.85","406.00","414.00","405.55","5.07M","+0.22%"
"11/12/2025","406.95","401.35","410.70","400.10","8.05M","+1.59%"
"11/11/2025","400.60","402.00","404.90","395.95","4.96M","+0.46%"
"11/10/2025","398.75","400.45","402.40","397.65","2.47M","-0.51%"
"11/07/2025","400.80","396.50","404.80","391.00","6.41M","+0.63%"
"11/06/2025","398.30","391.90","404.85","386.60","14.24M","+1.46%"
"11/04/2025","392.55","392.00","397.25","389.05","24.19M","+2.56%"
"11/03/2025","382.75","366.00","384.55","365.20","15.96M","+5.27%"
"10/31/2025","363.60","367.75","371.35","362.80","6.87M","-1.26%"
"10/30/2025","368.25","378.00","378.00","364.30","15.58M","-3.36%"
"10/29/2025","381.05","385.95","389.20","379.35","8.33M","-1.26%"
"10/28/2025","385.90","377.00","386.50","375.50","20.60M","+3.93%"
"10/27/2025","371.30","363.70","381.40","359.65","26.83M","+2.70%"
"10/24/2025","361.55","358.80","362.50","355.90","6.71M","+0.78%"
"10/23/2025","358.75","359.00","363.45","357.55","5.61M","-0.43%"
"10/21/2025","360.30","356.45","361.20","353.60","1.14M","+1.66%"
"10/20/2025","354.40","345.00","356.10","344.00","4.78M","+3.32%"
"10/17/2025","343.00","345.00","347.85","341.20","5.75M","-0.28%"
"10/16/2025","343.95","346.55","346.55","343.35","3.59M","-0.25%"
"10/15/2025","344.80","339.90","346.05","339.40","3.97M","+1.85%"
"10/14/2025","338.55","350.45","351.45","337.80","9.28M","-3.24%"
"10/13/2025","349.90","354.00","355.95","348.10","5.02M","-1.07%"
"10/10/2025","353.70","354.85","358.90","353.00","4.42M","-0.32%"
"10/09/2025","354.85","355.00","356.75","352.00","4.32M","+0.03%"
"10/08/2025","354.75","358.00","360.50","353.80","2.27M","-0.88%"
"10/07/2025","357.90","352.00","359.80","350.65","6.63M","+1.20%"
"10/06/2025","353.65","354.10","355.95","349.20","2.82M","+0.16%"
"10/03/2025","353.10","350.10","355.40","348.30","2.69M","+0.30%"
"10/01/2025","352.05","342.30","353.00","342.30","4.16M","+2.67%"
"09/30/2025","342.90","344.80","347.80","340.90","5.79M","-1.24%"
"09/29/2025","347.20","347.95","350.85","344.90","5.56M","+0.26%"
"09/26/2025","346.30","355.45","357.40","344.50","10.01M","-2.85%"
"09/25/2025","356.45","358.00","361.00","355.05","6.30M","-0.47%"
"09/24/2025","358.15","359.10","363.35","355.55","7.45M","-0.26%"
"09/23/2025","359.10","356.15","360.00","353.35","7.19M","+0.87%"
"09/22/2025","356.00","356.00","362.75","354.20","5.27M","-0.24%"
"09/19/2025","356.85","354.30","361.70","350.95","7.42M","+0.72%"
"09/18/2025","354.30","355.70","357.70","352.60","5.60M","+0.01%"
"09/17/2025","354.25","359.50","359.50","352.30","6.34M","-0.94%"
"09/16/2025","357.60","359.80","360.90","352.75","4.48M","-0.47%"
"09/15/2025","359.30","362.70","369.55","358.10","7.81M","-0.70%"
"09/12/2025","361.85","355.50","363.05","354.05","13.22M","+2.43%"
"09/11/2025","353.25","349.30","355.80","348.35","9.10M","+1.13%"
"09/10/2025","349.30","355.00","355.00","347.60","12.14M","+0.69%"
"09/09/2025","346.90","344.95","349.70","343.00","8.59M","+0.81%"
"09/08/2025","344.10","339.65","345.50","334.90","11.05M","+1.99%"
"09/05/2025","337.40","325.55","341.90","324.30","17.01M","+4.12%"
"09/04/2025","324.05","329.00","329.85","321.60","14.26M","-0.03%"
"09/03/2025","324.15","324.90","326.50","312.55","50.41M","-1.61%"
"09/02/2025","329.45","340.00","340.00","328.30","8.56M","-2.93%"
"09/01/2025","339.40","340.00","342.30","338.35","3.91M","+0.24%"
"08/29/2025","338.60","337.00","346.45","336.00","7.34M","+0.89%"
"08/28/2025","335.60","343.00","344.00","334.65","7.07M","-2.03%"
"08/26/2025","342.55","345.90","350.00","339.55","11.96M","-3.44%"
"08/25/2025","354.75","356.75","357.70","351.30","4.41M","+0.34%"
"08/22/2025","353.55","352.50","359.80","348.80","16.98M","+1.58%"
"08/21/2025","348.05","350.05","353.45","346.60","2.90M","-0.30%"
"08/20/2025","349.10","341.85","355.10","341.30","7.54M","+2.69%"
"08/19/2025","339.95","339.70","342.50","335.25","3.62M","+0.70%"
"08/18/2025","337.60","336.00","340.95","328.00","12.63M","+1.38%"
"08/14/2025","333.00","337.20","337.80","330.20","8.39M","-1.27%"
"08/13/2025","337.30","341.50","343.30","336.35","3.35M","-0.65%"
"08/12/2025","339.50","337.40","343.40","337.20","3.64M","+0.62%"
"08/11/2025","337.40","335.00","338.00","330.05","6.02M","+1.46%"
"08/08/2025","332.55","335.50","339.45","330.70","13.41M","-0.63%"
"08/07/2025","334.65","339.55","339.55","330.50","20.95M","-1.85%"
"08/06/2025","340.95","342.85","346.40","339.80","8.18M","-0.55%"
"08/05/2025","342.85","348.00","348.20","341.05","3.46M","-0.85%"
"08/04/2025","345.80","346.00","348.15","339.25","6.96M","+0.20%"
"08/01/2025","345.10","363.05","364.20","343.85","6.25M","-4.93%"
"07/31/2025","363.00","377.50","380.00","361.00","12.53M","-5.42%"
"07/30/2025","383.80","390.55","392.25","382.15","2.43M","-1.73%"
"07/29/2025","390.55","383.00","392.30","381.95","3.79M","+1.55%"
"07/28/2025","384.60","393.55","397.70","382.65","3.39M","-2.27%"
"07/25/2025","393.55","398.50","399.40","391.20","4.78M","-1.99%"
"07/24/2025","401.55","404.90","407.55","397.80","3.57M","-0.91%"
"07/23/2025","405.25","396.30","406.65","394.60","4.58M","+2.26%"
"07/22/2025","396.30","404.15","404.15","394.50","4.85M","-1.94%"
"07/21/2025","404.15","398.60","406.10","396.25","4.31M","+0.19%"
"07/18/2025","403.40","406.25","407.30","400.25","3.00M","-0.70%"
"07/17/2025","406.25","406.95","407.85","402.85","3.89M","+0.31%"
"07/16/2025","405.00","408.00","408.95","403.70","2.89M","-0.74%"
"07/15/2025","408.00","405.05","409.80","404.15","3.26M","+0.97%"
"07/14/2025","404.10","406.00","409.30","400.00","3.81M","-0.07%"
"07/11/2025","404.40","402.00","405.80","394.60","4.90M","+0.55%"
"07/10/2025","402.20","406.15","411.35","399.80","4.15M","-0.73%"
"07/09/2025","405.15","406.30","410.00","404.00","4.97M","-0.27%"
"07/08/2025","406.25","406.60","409.95","403.30","4.90M","-0.53%"
"07/07/2025","408.40","422.70","422.70","407.55","7.57M","-3.89%"
"07/04/2025","424.95","426.00","429.80","421.75","3.90M","-0.19%"
"07/03/2025","425.75","425.40","430.00","422.65","6.19M","+0.59%"
"07/02/2025","423.25","419.60","425.00","419.45","5.73M","+0.69%"
"07/01/2025","420.35","424.85","426.40","417.35","9.63M","-0.18%"
"06/30/2025","421.10","415.50","423.00","411.65","8.23M","+2.16%"
"06/27/2025","412.20","417.45","421.90","411.00","7.69M","-0.76%"
"06/26/2025","415.35","413.00","418.60","411.50","8.68M","-0.04%"
"06/25/2025","415.50","415.90","419.20","412.00","4.22M","+0.11%"
"06/24/2025","415.05","408.50","416.90","405.00","9.56M","+3.27%"
"06/23/2025","401.90","403.90","407.35","400.45","3.06M","-0.59%"
"06/20/2025","404.30","389.65","405.75","389.50","15.34M","+3.76%"
"06/19/2025","389.65","391.90","393.75","387.90","2.32M","-0.57%"
"06/18/2025","391.90","390.00","394.45","388.50","2.75M","-0.05%"
"06/17/2025","392.10","390.00","394.60","390.00","5.94M","+0.27%"
"06/16/2025","391.05","380.35","392.20","377.40","6.54M","+2.81%"
"06/13/2025","380.35","374.25","381.45","374.25","2.64M","-0.63%"
"06/12/2025","382.75","388.50","391.60","380.60","2.87M","-1.33%"
"06/11/2025","387.90","395.00","396.30","386.00","4.89M","-1.39%"
"06/10/2025","393.35","397.65","397.65","391.75","2.82M","-0.59%"
"06/09/2025","395.70","391.00","401.40","388.50","8.53M","+1.18%"
"06/06/2025","391.10","383.00","393.75","383.00","5.05M","+1.74%"
"06/05/2025","384.40","385.00","387.70","382.10","4.94M","+0.27%"
"06/04/2025","383.35","381.70","385.90","379.05","6.08M","+0.66%"
"06/03/2025","380.85","384.35","386.20","378.30","5.88M","-0.43%"
"06/02/2025","382.50","382.25","387.20","380.00","5.40M","-0.43%"
"05/30/2025","384.15","391.25","394.50","381.35","23.50M","-1.81%"
"05/29/2025","391.25","392.50","394.75","387.80","4.34M","-0.01%"
"05/28/2025","391.30","385.70","398.95","383.80","14.52M","+1.94%"
"05/27/2025","383.85","380.50","386.00","377.25","7.40M","+0.88%"
"05/26/2025","380.50","383.60","385.00","375.60","8.12M","-0.81%"
"05/23/2025","383.60","385.25","389.20","381.30","3.47M","-0.09%"
"05/22/2025","383.95","386.00","388.85","382.25","3.60M","-1.03%"
"05/21/2025","387.95","385.20","392.25","385.05","13.14M","+0.38%"
"05/20/2025","386.50","389.10","392.50","384.85","5.70M","-0.67%"
"05/19/2025","389.10","402.25","403.90","382.00","11.52M","-2.83%"
"05/16/2025","400.45","397.70","407.35","396.10","5.91M","+0.88%"
"05/15/2025","396.95","395.25","400.45","391.25","7.28M","+0.24%"
"05/14/2025","396.00","396.75","398.95","392.05","6.92M","+0.32%"
"05/13/2025","394.75","397.40","400.15","391.65","5.88M","-0.67%"
"05/12/2025","397.40","395.40","400.00","392.25","5.39M","+2.37%"
"05/09/2025","388.20","379.40","389.85","377.60","5.48M","+0.92%"
"05/08/2025","384.65","383.90","395.60","380.60","11.14M","+0.21%"
"05/07/2025","383.85","379.90","385.75","376.75","8.34M","+1.31%"
"05/06/2025","378.90","384.90","387.50","376.55","6.42M","-1.35%"
"05/05/2025","384.10","380.40","387.40","378.05","3.30M","+1.27%"
"05/02/2025","379.30","394.00","395.45","378.00","19.74M","-7.08%"
"04/30/2025","408.20","403.45","409.35","397.70","6.84M","+1.39%"
"04/29/2025","402.60","410.80","413.80","401.45","3.72M","-1.35%"
"04/28/2025","408.10","409.00","411.50","403.65","8.99M","+2.71%"
"04/25/2025","397.35","406.50","406.90","390.30","6.73M","-2.25%"
"04/24/2025","406.50","400.15","407.35","397.20","6.41M","+1.60%"
"04/23/2025","400.10","400.00","405.00","393.90","8.90M","-0.19%"
"04/22/2025","400.85","409.20","421.50","399.50","13.84M","-1.63%"
"04/21/2025","407.50","398.35","409.50","397.40","3.52M","+2.41%"
"04/17/2025","397.90","385.90","398.85","384.50","9.29M","+3.06%"
"04/16/2025","386.10","375.00","387.20","375.00","9.06M","+1.49%"
"04/15/2025","380.45","380.80","382.70","374.25","7.89M","+1.82%"
"04/11/2025","373.65","371.05","375.20","365.30","7.24M","+0.82%"
"04/09/2025","370.60","371.20","374.40","365.20","9.16M","-0.01%"
"04/08/2025","370.65","363.95","372.00","359.50","10.44M","+4.12%"
"04/07/2025","356.00","340.00","358.20","336.15","10.27M","-1.25%"
"04/04/2025","360.50","360.00","368.00","356.40","16.15M","+0.70%"
"04/03/2025","358.00","355.35","360.00","352.85","4.13M","-0.91%"
"04/02/2025","361.30","352.40","362.70","350.00","8.41M","+2.51%"
"04/01/2025","352.45","349.90","360.90","346.80","21.05M","+5.43%"
"03/28/2025","334.30","339.95","343.20","332.00","5.87M","-1.21%"
"03/27/2025","338.40","338.10","341.60","335.00","4.51M","-0.25%"
"03/26/2025","339.25","339.70","344.00","334.90","3.68M","-0.15%"
"03/25/2025","339.75","350.90","350.90","337.25","4.04M","-2.66%"
"03/24/2025","349.05","355.00","358.90","348.25","5.02M","+0.06%"
"03/21/2025","348.85","340.90","350.00","338.45","8.20M","+2.42%"
"03/20/2025","340.60","341.00","342.10","334.10","3.43M","+0.38%"
"03/19/2025","339.30","337.25","342.85","336.05","7.04M","+0.73%"
"03/18/2025","336.85","332.30","338.00","331.75","3.53M","+1.89%"
"03/17/2025","330.60","326.00","332.00","322.25","4.50M","+1.10%"
"03/13/2025","327.00","324.95","330.20","323.35","6.34M","+0.72%"
"03/12/2025","324.65","345.00","345.00","314.70","16.60M","-4.91%"
"03/11/2025","341.40","326.30","342.50","325.20","6.33M","+3.39%"
"03/10/2025","330.20","329.05","336.55","328.15","4.91M","+0.86%"
"03/07/2025","327.40","331.05","332.25","325.90","3.80M","-0.92%"
"03/06/2025","330.45","338.00","340.90","328.60","5.35M","-1.89%"
"03/05/2025","336.80","329.90","337.50","326.55","3.82M","+3.00%"
"03/04/2025","327.00","326.00","330.15","319.50","3.43M","+0.09%"
"03/03/2025","326.70","325.00","328.25","312.75","6.63M","+1.04%"
"02/28/2025","323.35","337.90","337.90","321.90","9.21M","-4.41%"
"02/27/2025","338.25","331.65","339.90","329.50","8.68M","+2.01%"
"02/25/2025","331.60","330.50","336.95","329.60","4.71M","+0.42%"
"02/24/2025","330.20","332.00","333.90","325.25","5.61M","-1.84%"
"02/21/2025","336.40","339.00","340.95","331.50","7.74M","-1.38%"
"02/20/2025","341.10","337.05","344.50","336.05","3.32M","-0.09%"
"02/19/2025","341.40","334.60","344.25","329.95","7.01M","+1.29%"
"02/18/2025","337.05","339.30","340.10","329.05","2.98M","-0.66%"
"02/17/2025","339.30","334.25","340.40","326.75","4.16M","+1.13%"
"02/14/2025","335.50","350.15","350.40","329.60","3.74M","-3.80%"
"02/13/2025","348.75","347.05","356.80","343.45","4.43M","+0.39%"
"02/12/2025","347.40","349.00","350.75","332.15","7.02M","-0.23%"
"02/11/2025","348.20","353.25","354.45","344.50","4.57M","-1.09%"
"02/10/2025","352.05","363.25","364.80","348.55","4.67M","-3.10%"
"02/07/2025","363.30","358.30","369.35","357.70","10.23M","+2.02%"
"02/06/2025","356.10","359.95","368.30","354.05","8.29M","-0.54%"
"02/05/2025","358.05","358.25","363.45","356.45","6.89M","+0.32%"
"02/04/2025","356.90","353.65","359.15","349.70","5.79M","+1.94%"
"02/03/2025","350.10","347.10","351.25","338.70","4.62M","+0.60%"
"02/01/2025","348.00","346.90","366.40","334.00","7.96M","+0.23%"
"01/31/2025","347.20","345.95","348.90","342.40","6.50M","+0.46%"
"01/30/2025","345.60","347.00","349.50","342.05","8.77M","-0.32%"
"01/29/2025","346.70","352.50","355.10","343.30","4.89M","-1.92%"
"01/28/2025","353.50","352.00","356.90","342.85","7.41M","+1.30%"
"01/27/2025","348.95","365.65","366.70","346.85","7.69M","-5.16%"
"01/24/2025","367.95","367.20","374.20","365.25","19.64M","+0.37%"
"01/23/2025","366.60","360.00","369.65","354.50","9.18M","+2.66%"
"01/22/2025","357.10","361.60","361.90","348.50","9.03M","-1.26%"
"01/21/2025","361.65","373.90","374.00","360.65","5.17M","-3.71%"
"01/20/2025","375.60","380.40","390.45","370.35","23.51M","+3.56%"
"01/17/2025","362.70","358.10","365.00","357.15","14.71M","+2.30%"
"01/16/2025","354.55","363.00","363.00","353.40","8.28M","+0.78%"
"01/15/2025","351.80","340.90","361.20","339.15","22.05M","+3.38%"
"01/14/2025","340.30","324.00","341.85","323.40","12.00M","+6.18%"
"01/13/2025","320.50","315.55","333.25","315.55","13.45M","+0.03%"
"01/10/2025","320.40","330.00","330.65","319.45","6.60M","-3.14%"
"01/09/2025","330.80","330.35","339.30","328.60","7.60M","+0.14%"
"01/08/2025","330.35","329.80","334.00","325.20","5.54M","+0.67%"
"01/07/2025","328.15","331.30","335.30","327.55","4.50M","-0.50%"
"01/06/2025","329.80","345.80","345.80","328.05","6.23M","-4.13%"
"01/03/2025","344.00","346.00","352.50","342.55","4.13M","-0.69%"
"01/02/2025","346.40","343.85","347.20","341.35","5.09M","+0.71%"
"01/01/2025","343.95","340.00","345.65","338.50","2.23M","+0.63%"
"12/31/2024","341.80","341.80","343.80","335.20","7.23M","+0.51%"
"12/30/2024","340.05","331.90","342.55","329.65","17.51M","+3.19%"
"12/27/2024","329.55","332.50","337.20","328.65","4.04M","-0.84%"
"12/26/2024","332.35","334.65","336.05","331.40","6.06M","-0.36%"
"12/24/2024","333.55","336.00","337.50","327.15","5.40M","-0.43%"
"12/23/2024","335.00","339.00","339.00","333.10","4.07M","-0.62%"
"12/20/2024","337.10","346.50","348.75","335.20","7.05M","-2.68%"
"12/19/2024","346.40","335.00","347.35","332.60","9.66M","+1.66%"
"12/18/2024","340.75","344.70","346.80","339.90","3.08M","-1.47%"
"12/17/2024","345.85","359.30","359.30","343.90","10.73M","-2.03%"
"12/16/2024","353.00","351.00","355.90","349.55","5.19M","+0.86%"
"12/13/2024","350.00","342.00","351.20","335.35","13.44M","+1.79%"
"12/12/2024","343.85","358.85","359.10","342.75","14.32M","-4.38%"
"12/11/2024","359.60","360.00","362.75","358.20","5.85M","-0.12%"
"12/10/2024","360.05","362.45","362.75","355.00","9.56M","-0.58%"
"12/09/2024","362.15","364.75","366.80","358.95","14.33M","-0.69%"
"12/06/2024","364.65","368.00","373.25","363.00","16.82M","+0.30%"
"12/05/2024","363.55","375.00","375.00","360.00","48.85M","+1.78%"
"12/04/2024","357.20","354.90","361.00","348.35","7.75M","+0.93%"
"12/03/2024","353.90","350.50","356.80","345.50","5.66M","+2.09%"
"12/02/2024","346.65","350.00","350.30","345.60","3.31M","-0.77%"
"11/29/2024","349.35","347.15","353.70","345.50","4.67M","+0.32%"
"11/28/2024","348.25","349.00","354.50","345.60","5.76M","-0.43%"
"11/27/2024","349.75","341.00","352.15","340.80","5.62M","+2.58%"
"11/26/2024","340.95","351.00","355.85","339.65","23.26M","+1.07%"
"11/25/2024","337.35","333.60","339.45","330.30","9.82M","+2.20%"
"11/22/2024","330.10","330.00","332.80","325.55","3.58M","+0.30%"
"11/21/2024","329.10","340.00","340.00","326.15","17.87M","+0.29%"
"11/19/2024","328.15","328.75","335.25","325.15","5.96M","+1.55%"
"11/18/2024","323.15","320.00","326.60","317.00","6.99M","+1.70%"
"11/14/2024","317.75","319.00","321.10","315.60","8.63M","-0.11%"
"11/13/2024","318.10","321.90","322.70","316.60","7.53M","-0.90%"
"11/12/2024","321.00","326.00","331.10","319.25","3.35M","-1.25%"
"11/11/2024","325.05","318.05","328.20","315.50","6.03M","-0.35%"
"11/08/2024","326.20","340.30","340.65","324.25","8.23M","-3.92%"
"11/07/2024","339.50","342.25","347.60","338.50","4.62M","-0.75%"
"11/06/2024","342.05","343.00","344.85","338.65","4.10M","-0.03%"
"11/05/2024","342.15","336.85","342.85","332.35","3.30M","+1.41%"
"11/04/2024","337.40","346.85","350.00","335.35","12.60M","-1.59%"
"11/01/2024","342.85","342.35","346.00","340.75","756.57K","+0.68%"
"10/31/2024","340.55","341.80","345.25","338.65","6.95M","-0.64%"
"10/30/2024","342.75","347.70","349.40","341.60","4.29M","-1.48%"
"10/29/2024","347.90","345.90","349.55","338.80","10.43M","+0.48%"
"10/28/2024","346.25","340.95","348.65","336.50","6.06M","+3.45%"
"10/25/2024","334.70","352.00","352.00","330.10","14.09M","-4.44%"
"10/24/2024","350.25","358.00","359.45","349.05","6.56M","-1.92%"
"10/23/2024","357.10","380.95","380.95","355.50","12.16M","-2.63%"
"10/22/2024","366.75","375.00","378.40","364.35","5.05M","-2.29%"
"10/21/2024","375.35","384.00","386.50","372.10","8.53M","-2.39%"
"10/18/2024","384.55","383.65","386.35","378.20","2.60M","-0.05%"
"10/17/2024","384.75","386.50","391.00","382.75","5.38M","-0.90%"
"10/16/2024","388.25","384.95","390.40","380.30","3.84M","+0.61%"
"10/15/2024","385.90","387.60","388.95","381.55","3.46M","-0.26%"
"10/14/2024","386.90","380.40","389.00","378.25","5.70M","+2.22%"
"10/11/2024","378.50","380.80","382.85","376.50","3.32M","-0.11%"
"10/10/2024","378.90","376.00","383.25","376.00","6.15M","+1.45%"
"10/09/2024","373.50","371.85","377.60","368.25","4.67M","+0.95%"
"10/08/2024","370.00","360.00","371.90","358.30","7.02M","+2.45%"
"10/07/2024","361.15","374.10","375.80","352.30","19.91M","-2.97%"
"10/04/2024","372.20","378.60","381.75","369.45","10.29M","-1.43%"
"10/03/2024","377.60","376.00","389.05","375.50","9.31M","-1.68%"
"10/01/2024","384.05","389.05","395.60","382.35","7.04M","-2.17%"
"09/30/2024","392.55","391.65","393.40","385.40","9.68M","+0.04%"
"09/27/2024","392.40","392.55","395.65","389.25","8.26M","-0.34%"
"09/26/2024","393.75","390.55","395.35","387.40","10.84M","+0.66%"
"09/25/2024","391.15","401.00","401.15","385.05","12.19M","-2.53%"
"09/24/2024","401.30","403.70","408.00","395.70","8.77M","-0.59%"
"09/23/2024","403.70","399.90","412.60","397.10","27.45M","+3.98%"
"09/20/2024","388.25","393.00","397.40","378.75","46.49M","-0.40%"
"09/19/2024","389.80","423.00","430.90","366.35","83.88M","-8.98%"
"09/18/2024","428.25","428.00","430.70","421.55","3.23M","-0.51%"
"09/17/2024","430.45","427.20","433.60","426.50","2.42M","+0.41%"
"09/16/2024","428.70","428.45","431.15","420.10","5.36M","+0.06%"
"09/13/2024","428.45","435.60","438.65","427.25","6.92M","-1.15%"
"09/12/2024","433.45","430.90","437.10","429.00","5.91M","+1.27%"
"09/11/2024","428.00","433.85","436.20","423.95","13.30M","+0.61%"
"09/10/2024","425.40","423.75","429.90","422.40","5.09M","+0.93%"
"09/09/2024","421.50","420.95","426.00","416.80","7.07M","-0.38%"
"09/06/2024","423.10","443.20","443.20","414.00","21.42M","-4.51%"
"09/05/2024","443.10","440.45","444.55","436.20","7.83M","+2.00%"
"09/04/2024","434.40","434.95","441.30","431.35","6.15M","-1.59%"
"09/03/2024","441.40","439.75","444.30","438.85","5.98M","+0.56%"
"09/02/2024","438.95","460.00","460.00","433.55","15.61M","-4.26%"
"08/30/2024","458.50","447.95","460.35","445.25","17.89M","+2.68%"
"08/29/2024","446.55","442.10","450.35","438.85","15.66M","+0.47%"
"08/28/2024","444.45","442.00","448.60","440.75","15.43M","+1.48%"
"08/27/2024","437.95","434.70","439.80","431.20","6.39M","+1.08%"
"08/26/2024","433.25","435.45","439.30","428.55","6.15M","-0.25%"
"08/23/2024","434.35","436.45","438.50","432.45","5.26M","-0.13%"
"08/22/2024","434.90","426.50","439.20","426.00","10.95M","+2.35%"
"08/21/2024","424.90","429.50","431.45","423.50","6.93M","-0.79%"
"08/20/2024","428.30","421.00","430.35","419.60","9.34M","+2.31%"
"08/19/2024","418.65","413.70","422.00","412.10","6.22M","+1.66%"
"08/16/2024","411.80","406.45","413.20","405.45","4.00M","+2.17%"
"08/14/2024","403.05","408.00","408.90","400.65","6.90M","-0.56%"
"08/13/2024","405.30","418.00","418.00","403.20","7.08M","-2.55%"
"08/12/2024","415.90","415.00","421.00","413.70","4.74M","+0.23%"
"08/09/2024","414.95","416.00","422.35","414.40","6.01M","-0.49%"
"08/08/2024","417.00","424.00","426.05","416.35","14.01M","-1.02%"
"08/07/2024","421.30","420.05","422.50","414.50","12.57M","+1.63%"
"08/06/2024","414.55","418.05","427.30","413.20","13.58M","+0.22%"
"08/05/2024","413.65","417.90","425.40","407.00","14.60M","-1.77%"
"08/02/2024","421.10","422.50","427.50","420.10","7.69M","-1.78%"
"08/01/2024","428.75","435.90","436.60","424.30","10.70M","-1.02%"
"07/31/2024","433.15","448.00","449.70","430.35","23.22M","-3.06%"
"07/30/2024","446.80","444.50","453.30","443.60","10.18M","+0.77%"
"07/29/2024","443.40","448.90","449.00","441.10","10.92M","-0.33%"
"07/26/2024","444.85","439.90","447.35","435.00","20.83M","+4.71%"
"07/25/2024","424.85","417.50","429.70","415.55","13.23M","-0.31%"
"07/24/2024","426.15","439.15","439.70","418.75","71.80M","-1.93%"
"07/23/2024","434.55","424.00","439.40","403.80","34.82M","+3.03%"
"07/22/2024","421.75","409.60","422.90","403.65","12.65M","+2.99%"
"07/19/2024","409.50","421.15","424.70","404.80","18.45M","-2.26%"
"07/18/2024","418.95","407.50","423.20","407.50","41.31M","+2.97%"
"07/16/2024","406.85","401.90","407.90","398.10","17.41M","+2.60%"
"07/15/2024","396.55","392.05","398.05","388.00","7.40M","+1.16%"
"07/12/2024","392.00","396.50","398.55","389.10","10.72M","-0.57%"
"07/11/2024","394.25","383.00","395.60","383.00","13.29M","+2.96%"
"07/10/2024","382.90","386.70","388.45","373.55","16.11M","-0.55%"
"07/09/2024","385.00","385.00","387.45","376.35","12.57M","-0.19%"
"07/08/2024","385.75","396.00","398.85","384.20","17.39M","-2.50%"
"07/05/2024","395.65","401.00","403.45","392.30","13.75M","-2.08%"
"07/04/2024","404.05","398.40","408.40","389.65","27.98M","+1.90%"
"07/03/2024","396.50","389.00","397.45","385.00","20.90M","+3.31%"
"07/02/2024","383.80","391.60","396.50","379.80","27.61M","-1.50%"
"07/01/2024","389.65","377.00","391.00","372.75","32.58M","+3.82%"
"06/28/2024","375.30","374.00","384.80","370.00","75.13M","+2.78%"
"06/27/2024","365.15","363.00","369.20","351.30","70.24M","+2.54%"
"06/26/2024","356.10","346.00","358.00","340.85","41.38M","+3.46%"
"06/25/2024","344.20","342.95","344.95","341.00","20.21M","+1.28%"
"06/24/2024","339.85","338.95","341.60","331.25","27.73M","+1.01%"
"06/21/2024","336.45","337.75","339.45","330.10","38.94M","+0.04%"
"06/20/2024","336.30","335.75","340.00","334.00","26.76M","+0.69%"
"06/19/2024","334.00","329.10","341.95","311.40","832.15M","-3.06%"
"06/18/2024","344.55","335.30","347.55","331.65","17.71M","+1.12%"
"06/14/2024","340.75","340.00","346.80","338.50","12.33M","+0.37%"
"06/13/2024","339.50","344.10","346.60","337.00","7.98M","-0.77%"
"06/12/2024","342.15","349.40","349.40","340.95","9.46M","-1.67%"
"06/11/2024","347.95","350.10","353.35","342.00","6.96M","-0.06%"
"06/10/2024","348.15","347.15","352.50","344.45","5.45M","+0.29%"
"06/07/2024","347.15","338.05","351.40","337.10","10.97M","+2.30%"
"06/06/2024","339.35","335.00","344.95","334.50","8.22M","+2.00%"
"06/05/2024","332.70","319.30","335.80","309.25","14.30M","+8.04%"
"06/04/2024","307.95","363.00","363.00","292.00","28.90M","-15.40%"
"06/03/2024","364.00","360.50","369.90","341.70","29.69M","+4.55%"
"05/31/2024","348.15","347.20","350.70","342.00","110.65M","+1.28%"
"05/30/2024","343.75","340.80","346.40","338.70","10.31M","+0.82%"
"05/29/2024","340.95","343.00","345.30","340.25","6.95M","-0.13%"
"05/28/2024","341.40","346.00","350.95","340.05","10.68M","-0.39%"
"05/27/2024","342.75","347.00","352.00","340.80","7.87M","-1.14%"
"05/24/2024","346.70","346.15","356.45","343.05","22.37M","+0.84%"
"05/23/2024","343.80","341.65","347.65","340.15","6.69M","+1.27%"
"05/22/2024","339.50","342.50","345.25","336.75","8.14M","+0.13%"
"05/21/2024","339.05","347.00","347.55","338.15","7.53M","-1.71%"
"05/18/2024","344.95","345.00","347.60","343.00","293.53K","+0.15%"
"05/17/2024","344.45","343.40","349.00","342.50","8.27M","+1.01%"
"05/16/2024","341.00","342.70","343.80","337.55","6.69M","-0.23%"
"05/15/2024","341.80","342.45","347.90","340.00","9.69M","+0.68%"
"05/14/2024","339.50","330.25","342.00","328.05","8.91M","+3.41%"
"05/13/2024","328.30","329.00","332.25","321.25","6.02M","-0.68%"
"05/10/2024","330.55","324.85","332.75","322.65","6.44M","+0.82%"
"05/09/2024","327.85","338.30","341.35","325.85","6.66M","-2.80%"
"05/08/2024","337.30","336.00","342.15","333.75","9.76M","-0.27%"
"05/07/2024","338.20","347.00","348.80","335.50","12.77M","-3.69%"
"05/06/2024","351.15","353.80","356.00","345.45","7.70M","+0.06%"
"05/03/2024","350.95","353.50","358.35","347.65","14.06M","-0.57%"
"05/02/2024","352.95","359.00","363.60","348.45","19.14M","-0.52%"
"04/30/2024","354.80","353.00","360.50","352.55","15.38M","+0.80%"
"04/29/2024","352.00","352.00","354.90","343.85","14.12M","-0.37%"
"04/26/2024","353.30","352.00","355.45","348.60","11.23M","+0.47%"
"04/25/2024","351.65","349.00","356.80","345.20","15.37M","+0.95%"
"04/24/2024","348.35","363.20","364.00","346.85","20.86M","-3.10%"
"04/23/2024","359.50","359.85","366.55","356.85","27.66M","+2.77%"
"04/22/2024","349.80","352.00","355.25","341.65","18.83M","-0.46%"
"04/19/2024","351.40","342.05","359.50","336.85","40.38M","+2.03%"
"04/18/2024","344.40","335.50","353.85","335.00","40.00M","+3.58%"
"04/16/2024","332.50","336.80","339.15","326.45","15.00M","-0.61%"
"04/15/2024","334.55","322.35","337.75","322.25","15.43M","+1.98%"
"04/12/2024","328.05","331.90","336.00","323.70","20.86M","+0.41%"
"04/10/2024","326.70","325.00","330.00","317.15","17.30M","-0.40%"
"04/09/2024","328.00","328.50","331.00","324.20","13.71M","+0.06%"
"04/08/2024","327.80","316.50","331.50","315.95","28.74M","+4.39%"
"04/05/2024","314.00","305.95","321.55","302.10","21.96M","+2.41%"
"04/04/2024","306.60","304.05","310.00","301.55","13.88M","+2.01%"
"04/03/2024","300.55","304.80","307.40","298.40","21.20M","-1.38%"
"04/02/2024","304.75","314.50","314.50","303.65","18.84M","-3.32%"
"04/01/2024","315.20","294.90","319.50","292.15","40.27M","+8.26%"
"03/28/2024","291.15","283.60","292.75","283.25","20.46M","+2.66%"
"03/27/2024","283.60","283.65","286.75","279.35","15.90M","-0.02%"
"03/26/2024","283.65","279.00","286.00","274.40","51.32M","+4.55%"
"03/22/2024","271.30","250.50","275.20","250.20","33.14M","+8.43%"
"03/21/2024","250.20","253.00","254.80","249.35","9.36M","-0.20%"
"03/20/2024","250.70","242.00","252.20","241.55","30.24M","+5.23%"
"03/19/2024","238.25","249.00","251.60","234.00","30.39M","-4.12%"
"03/18/2024","248.50","249.80","251.00","245.85","5.94M","+0.06%"
"03/15/2024","248.35","244.20","252.40","241.20","14.02M","+1.08%"
"03/14/2024","245.70","234.85","247.85","227.25","15.27M","+3.93%"
"03/13/2024","236.40","248.00","249.55","231.30","16.04M","-4.37%"
"03/12/2024","247.20","249.05","250.55","241.70","10.11M","-0.10%"
"03/11/2024","247.45","254.00","255.20","246.40","8.07M","-3.11%"
"03/07/2024","255.40","254.20","258.35","252.55","9.62M","+0.97%"
"03/06/2024","252.95","261.00","261.00","246.00","24.90M","-3.25%"
"03/05/2024","261.45","267.45","271.35","260.40","16.01M","-2.48%"
"03/04/2024","268.10","265.55","269.80","263.40","12.24M","+0.90%"
"03/02/2024","265.70","264.15","267.00","261.05","2.73M","+0.99%"
"03/01/2024","263.10","252.80","264.15","246.45","37.75M","+4.07%"
"02/29/2024","252.80","244.00","255.20","240.40","32.29M","+3.33%"
"02/28/2024","244.65","240.50","250.40","234.50","54.02M","+1.83%"
"02/27/2024","240.25","247.00","250.40","239.10","19.96M","-2.48%"
"02/26/2024","246.35","245.00","252.90","243.30","47.42M","+2.16%"
"02/23/2024","241.15","231.65","245.50","231.10","77.81M","+7.11%"
"02/22/2024","225.15","220.50","226.10","217.50","11.80M","+2.88%"
"02/21/2024","218.85","223.00","225.85","216.90","11.55M","-1.15%"
"02/20/2024","221.40","223.25","225.00","219.40","10.00M","-0.81%"
"02/19/2024","223.20","222.05","228.00","220.60","14.36M","+1.20%"
"02/16/2024","220.55","221.85","224.80","218.95","7.87M","-0.32%"
"02/15/2024","221.25","217.95","223.65","216.55","17.81M","+2.45%"
"02/14/2024","215.95","207.65","218.70","207.00","12.95M","+3.13%"
"02/13/2024","209.40","213.50","214.50","206.35","16.04M","-1.94%"
"02/12/2024","213.55","226.40","226.40","210.35","12.89M","-5.57%"
"02/09/2024","226.15","228.90","229.05","217.95","19.57M","-0.64%"
"02/08/2024","227.60","226.80","230.40","225.00","22.95M","+0.86%"
"02/07/2024","225.65","224.00","226.55","215.00","31.40M","+2.10%"
"02/06/2024","221.00","215.05","222.80","213.15","21.23M","+3.03%"
"02/05/2024","214.50","216.50","218.20","213.15","12.69M","-0.76%"
"02/02/2024","216.15","221.35","222.40","215.50","20.61M","-1.30%"
"02/01/2024","219.00","215.00","223.45","210.80","179.43M","-1.33%"
"01/31/2024","221.95","230.10","230.75","220.70","13.07M","-3.48%"
"01/30/2024","229.95","234.05","234.85","228.65","13.59M","-0.99%"
"01/29/2024","232.25","227.00","233.95","226.10","11.62M","+3.02%"
"01/25/2024","225.45","232.25","233.45","221.20","16.16M","-1.96%"
"01/24/2024","229.95","224.90","236.00","219.00","45.88M","+5.92%"
"01/23/2024","217.10","216.20","225.40","215.80","15.11M","+0.70%"
"01/20/2024","215.60","222.70","222.70","214.25","4.66M","-2.16%"
"01/19/2024","220.35","217.90","221.90","215.85","14.52M","+2.04%"
"01/18/2024","215.95","212.10","219.00","206.00","20.31M","+2.22%"
"01/17/2024","211.25","215.90","218.70","209.30","12.47M","-3.76%"
"01/16/2024","219.50","222.20","222.25","213.30","13.37M","+0.57%"
"01/15/2024","218.25","218.00","219.70","212.60","6.72M","+0.85%"
"01/12/2024","216.40","215.90","218.20","214.05","10.60M","+0.82%"
"01/11/2024","214.65","214.95","219.25","213.00","11.21M","+0.19%"
"01/10/2024","214.25","221.00","221.00","211.80","21.10M","+1.09%"
"01/09/2024","211.95","217.00","217.60","209.80","15.50M","-0.54%"
"01/08/2024","213.10","222.55","223.20","212.00","12.93M","-4.07%"
"01/05/2024","222.15","218.00","229.95","217.10","40.93M","+2.63%"
"01/04/2024","216.45","208.00","219.80","208.00","20.98M","+4.21%"
"01/03/2024","207.70","202.95","209.35","200.30","16.52M","+2.75%"
"01/02/2024","202.15","201.80","209.00","197.25","20.58M","-0.30%"
"01/01/2024","202.75","198.10","206.35","195.50","25.21M","+1.86%"
"12/29/2023","199.05","186.55","201.65","184.80","48.62M","+6.96%"
"12/28/2023","186.10","187.80","189.80","184.30","8.12M","-0.19%"
"12/27/2023","186.45","185.75","187.50","182.50","5.97M","+0.57%"
"12/26/2023","185.40","185.80","187.00","183.70","5.78M","-0.22%"
"12/22/2023","185.80","187.30","189.20","182.35","10.45M","+0.24%"
"12/21/2023","185.35","178.25","186.90","176.55","11.72M","+2.60%"
"12/20/2023","180.65","197.75","197.75","177.05","26.98M","-8.16%"
"12/19/2023","196.70","199.05","201.80","196.00","10.39M","-1.08%"
"12/18/2023","198.85","200.00","200.75","195.60","10.26M","+0.61%"
"12/15/2023","197.65","202.55","203.00","196.05","10.31M","-1.69%"
"12/14/2023","201.05","189.80","202.75","187.90","23.45M","+7.00%"
"12/13/2023","187.90","190.25","191.70","187.05","4.04M","-0.56%"
"12/12/2023","188.95","192.40","192.90","188.20","4.08M","-1.56%"
"12/11/2023","191.95","191.50","193.95","190.30","3.95M","+0.79%"
"12/08/2023","190.45","195.00","195.35","187.50","5.56M","-1.73%"
"12/07/2023","193.80","186.40","196.35","184.50","16.21M","+4.36%"
"12/06/2023","185.70","186.35","188.25","184.80","2.80M","-0.13%"
"12/05/2023","185.95","187.05","188.40","184.30","3.22M","-0.56%"
"12/04/2023","187.00","189.10","189.70","186.55","3.00M","-0.35%"
"12/01/2023","187.65","185.00","189.25","184.40","7.77M","+1.76%"
"11/30/2023","184.40","185.80","185.80","183.00","4.33M","-0.38%"
"11/29/2023","185.10","185.30","186.80","184.60","3.90M","+0.14%"
"11/28/2023","184.85","185.00","185.95","184.20","2.96M","-0.40%"
"11/24/2023","185.60","187.35","187.35","184.30","2.42M","-0.13%"
"11/23/2023","185.85","186.45","188.20","184.25","2.93M","-0.54%"
"11/22/2023","186.85","188.30","189.00","185.20","4.64M","-0.27%"
"11/21/2023","187.35","193.85","193.95","186.70","6.82M","-2.52%"
"11/20/2023","192.20","186.65","192.85","186.65","7.50M","+3.00%"
"11/17/2023","186.60","187.00","189.35","185.75","4.05M","-0.21%"
"11/16/2023","187.00","188.00","192.95","185.40","5.29M","-0.40%"
"11/15/2023","187.75","188.35","190.05","186.40","4.32M","+0.21%"
"11/13/2023","187.35","185.20","188.55","184.05","3.76M","+0.51%"
"11/12/2023","186.40","185.25","187.00","184.45","901.08K","+1.64%"
"11/10/2023","183.40","183.80","185.65","182.15","3.22M","-0.24%"
"11/09/2023","183.85","184.20","186.80","183.50","3.70M","-0.19%"
"11/08/2023","184.20","185.95","187.40","183.80","3.08M","-0.89%"
"11/07/2023","185.85","185.70","187.35","183.40","4.05M","+0.62%"
"11/06/2023","184.70","189.10","190.00","184.30","3.48M","-1.94%"
"11/03/2023","188.35","191.00","193.00","186.70","11.88M","-0.95%"
"11/02/2023","190.15","179.95","190.90","179.90","19.31M","+5.29%"
"11/01/2023","180.60","173.30","183.70","172.45","20.93M","+4.76%"
"10/31/2023","172.40","171.00","175.45","170.20","6.01M","+1.50%"
"10/30/2023","169.85","169.05","173.80","167.00","8.79M","+0.74%"
"10/27/2023","168.60","172.00","173.20","166.70","7.81M","-0.94%"
"10/26/2023","170.20","173.95","177.10","168.80","9.40M","-2.32%"
"10/25/2023","174.25","181.00","181.10","171.70","6.89M","-2.00%"
"10/23/2023","177.80","185.00","185.00","176.70","5.87M","-3.45%"
"10/20/2023","184.15","189.90","189.90","183.05","4.18M","-2.85%"
"10/19/2023","189.55","187.50","191.50","186.45","5.16M","+0.88%"
"10/18/2023","187.90","193.20","193.20","187.30","7.43M","-2.19%"
"10/17/2023","192.10","189.05","194.30","188.40","7.43M","+1.72%"
"10/16/2023","188.85","191.35","193.10","187.70","5.82M","-1.28%"
"10/13/2023","191.30","194.00","197.15","190.40","6.69M","-2.02%"
"10/12/2023","195.25","193.70","198.15","191.70","11.96M","+1.27%"
"10/11/2023","192.80","188.25","193.50","186.65","12.62M","+2.85%"
"10/10/2023","187.45","181.00","189.20","178.95","16.43M","+4.57%"
"10/09/2023","179.25","180.10","182.80","177.00","6.44M","-0.86%"
"10/06/2023","180.80","183.50","184.75","180.40","4.00M","-1.39%"
"10/05/2023","183.35","186.90","188.65","182.40","5.33M","-1.85%"
"10/04/2023","186.80","190.00","192.00","183.50","5.66M","-2.07%"
"10/03/2023","190.75","192.90","193.20","189.00","5.98M","-0.50%"
"09/29/2023","191.70","191.00","197.15","191.00","11.09M","+1.11%"
"09/28/2023","189.60","191.00","193.50","188.10","19.28M","-0.81%"
"09/27/2023","191.15","190.15","193.35","188.50","10.95M","+0.79%"
"09/26/2023","189.65","186.90","190.20","186.10","8.97M","+1.91%"
"09/25/2023","186.10","183.65","187.45","182.20","8.29M","+1.47%"
"09/22/2023","183.40","178.50","186.90","176.80","17.00M","+2.75%"
"09/21/2023","178.50","181.70","183.15","176.35","6.59M","-1.76%"
"09/20/2023","181.70","183.95","187.50","179.95","7.59M","-1.84%"
"09/18/2023","185.10","193.10","195.20","183.75","15.62M","-1.67%"
"09/15/2023","188.25","184.95","192.40","183.60","29.29M","+2.39%"
"09/14/2023","183.85","184.10","185.60","182.00","13.54M","+0.14%"
"09/13/2023","183.60","181.95","185.00","179.45","16.71M","+0.91%"
"09/12/2023","181.95","194.00","194.65","181.25","8.73M","-5.48%"
"09/11/2023","192.50","188.95","194.95","186.10","11.88M","+2.39%"
"09/08/2023","188.00","185.00","191.50","184.80","14.99M","+2.09%"
"09/07/2023","184.15","184.85","185.85","181.50","7.43M","-0.38%"
"09/06/2023","184.85","177.60","187.40","175.50","10.89M","+4.20%"
"09/05/2023","177.40","180.25","181.45","177.00","3.86M","-0.95%"
"09/04/2023","179.10","182.85","183.30","176.95","8.29M","-1.43%"
"09/01/2023","181.70","176.00","183.85","174.70","13.26M","+3.71%"
"08/31/2023","175.20","179.90","179.90","174.25","4.89M","-2.34%"
"08/30/2023","179.40","175.95","180.50","175.10","11.80M","+2.54%"
"08/29/2023","174.95","174.05","177.80","173.25","11.56M","+1.36%"
"08/28/2023","172.60","169.00","175.00","166.35","16.34M","+2.52%"
"08/25/2023","168.35","164.30","170.70","164.30","19.38M","+2.93%"
"08/24/2023","163.55","163.75","167.45","163.10","7.35M","+0.49%"
"08/23/2023","162.75","164.00","164.75","162.00","7.26M","+0.68%"
"08/22/2023","161.65","159.25","163.00","157.55","6.89M","+1.70%"
"08/21/2023","158.95","158.75","160.00","157.80","1.92M","+0.00%"
"08/18/2023","158.95","161.90","162.00","157.35","5.57M","-1.85%"
"08/17/2023","161.95","161.95","163.20","160.55","5.56M","+0.90%"
"08/16/2023","160.50","169.50","169.90","160.00","10.18M","-5.81%"
"08/14/2023","170.40","171.85","171.85","167.60","3.10M","-0.67%"
"08/11/2023","171.55","170.00","172.90","168.60","4.51M","+1.39%"
"08/10/2023","169.20","172.00","173.00","168.35","3.65M","-1.28%"
"08/09/2023","171.40","171.90","172.10","169.60","2.83M","-0.38%"
"08/08/2023","172.05","173.65","174.40","169.50","5.00M","-0.95%"
"08/07/2023","173.70","174.45","175.75","172.90","4.16M","+0.40%"
"08/04/2023","173.00","171.80","175.15","170.60","4.48M","+1.11%"
"08/03/2023","171.10","170.00","172.15","168.60","5.36M","+0.74%"
"08/02/2023","169.85","173.65","173.65","167.85","6.73M","-2.22%"
"08/01/2023","173.70","173.20","175.75","171.20","6.70M","+0.99%"
"07/31/2023","172.00","175.00","175.85","171.65","6.54M","-1.15%"
"07/28/2023","174.00","179.50","179.50","172.00","12.04M","-1.14%"
"07/27/2023","176.00","182.50","182.50","175.15","8.40M","-2.60%"
"07/26/2023","180.70","174.00","183.00","172.10","19.74M","+5.18%"
"07/25/2023","171.80","171.00","174.25","169.95","6.16M","+1.39%"
"07/24/2023","169.45","169.85","171.90","168.65","4.47M","+0.21%"
"07/21/2023","169.10","166.60","170.55","163.60","7.13M","+0.56%"
"07/20/2023","168.15","169.10","172.00","166.35","4.89M","-0.15%"
"07/19/2023","168.40","170.50","171.20","167.65","7.23M","-0.59%"
"07/18/2023","169.40","172.50","175.00","168.70","14.44M","-1.25%"
"07/17/2023","171.55","164.55","172.40","163.50","21.68M","+4.73%"
"07/14/2023","163.80","162.70","164.55","160.80","7.85M","+0.74%"
"07/13/2023","162.60","164.45","166.50","160.80","6.42M","-0.91%"
"07/12/2023","164.10","165.00","166.45","163.30","5.82M","-0.49%"
"07/11/2023","164.90","162.55","167.75","162.55","6.87M","+1.48%"
"07/10/2023","162.50","163.40","164.15","160.55","3.56M","-0.55%"
"07/07/2023","163.40","165.90","166.40","161.50","7.80M","-1.51%"
"07/06/2023","165.90","163.05","166.95","162.40","7.52M","+1.84%"
"07/05/2023","162.90","163.00","164.10","162.25","3.86M","+0.34%"
"07/04/2023","162.35","165.55","166.40","161.75","5.21M","-1.87%"
"07/03/2023","165.45","164.25","167.15","163.05","10.16M","+0.73%"
"06/30/2023","164.25","165.00","165.95","158.35","20.44M","-0.06%"
"06/28/2023","164.35","162.65","167.60","162.35","17.95M","+1.05%"
"06/27/2023","162.65","165.15","167.35","161.65","9.57M","-1.63%"
"06/26/2023","165.35","162.00","165.90","159.70","7.49M","+2.13%"
"06/23/2023","161.90","164.00","164.90","160.65","5.94M","-2.06%"
"06/22/2023","165.30","167.25","169.70","164.70","5.23M","-1.02%"
"06/21/2023","167.00","161.80","171.75","160.55","31.95M","+3.37%"
"06/20/2023","161.55","160.80","162.45","159.50","3.80M","+0.47%"
"06/19/2023","160.80","164.00","164.60","160.30","3.98M","-1.77%"
"06/16/2023","163.70","164.10","165.65","163.35","4.34M","+0.12%"
"06/15/2023","163.50","166.80","168.75","163.10","11.83M","-1.95%"
"06/14/2023","166.75","172.20","172.95","166.25","23.43M","+0.27%"
"06/13/2023","166.30","164.65","167.10","162.55","10.25M","+1.81%"
"06/12/2023","163.35","158.90","163.90","158.00","9.90M","+3.88%"
"06/09/2023","157.25","157.25","161.20","155.65","8.78M","+0.00%"
"06/08/2023","157.25","161.50","162.90","156.55","9.18M","-2.66%"
"06/07/2023","161.55","156.65","164.80","154.65","17.34M","+2.73%"
"06/06/2023","157.25","157.65","158.45","155.55","8.30M","-0.25%"
"06/05/2023","157.65","160.05","162.20","157.10","9.49M","-1.50%"
"06/02/2023","160.05","159.00","160.50","157.40","11.76M","+0.95%"
"06/01/2023","158.55","156.00","160.70","155.85","14.34M","+3.05%"
"05/31/2023","153.85","153.25","158.30","152.35","91.35M","-1.85%"
"05/30/2023","156.75","155.00","157.25","153.30","6.08M","+0.67%"
"05/29/2023","155.70","157.90","158.65","154.80","9.25M","-0.61%"
"05/26/2023","156.65","147.95","157.65","147.05","20.17M","+6.10%"
"05/25/2023","147.65","142.75","149.70","142.15","15.73M","+3.43%"
"05/24/2023","142.75","145.40","145.45","142.15","6.23M","-1.72%"
"05/23/2023","145.25","143.10","146.70","141.60","5.14M","+1.50%"
"05/22/2023","143.10","145.05","145.20","141.90","2.58M","-1.24%"
"05/19/2023","144.90","148.15","148.45","144.55","2.77M","-1.76%"
"05/18/2023","147.50","151.80","152.55","147.00","5.72M","-2.61%"
"05/17/2023","151.45","155.50","156.00","150.40","4.69M","-2.04%"
"05/16/2023","154.60","151.05","156.15","150.45","7.35M","+2.79%"
"05/15/2023","150.40","148.65","151.55","148.25","2.40M","+1.52%"
"05/12/2023","148.15","150.40","150.85","147.85","3.96M","-2.18%"
"05/11/2023","151.45","152.55","153.45","150.60","1.96M","-1.01%"
"05/10/2023","153.00","152.65","153.90","151.60","2.39M","+0.56%"
"05/09/2023","152.15","151.75","155.20","151.05","6.19M","+0.96%"
"05/08/2023","150.70","152.00","152.05","147.80","3.71M","-0.89%"
"05/05/2023","152.05","153.00","154.20","150.60","3.20M","-0.49%"
"05/04/2023","152.80","151.95","154.65","151.10","4.42M","+0.92%"
"05/03/2023","151.40","154.90","155.75","151.00","8.00M","-3.23%"
"05/02/2023","156.45","158.00","160.85","155.70","10.90M","+0.94%"
"04/28/2023","155.00","144.85","160.40","144.85","46.12M","+7.01%"
"04/27/2023","144.85","145.25","148.75","142.80","19.41M","+1.29%"
"04/26/2023","143.00","138.00","143.50","138.00","12.33M","+3.62%"
"04/25/2023","138.00","139.30","139.50","136.80","5.46M","-0.61%"
"04/24/2023","138.85","140.05","140.10","137.50","3.96M","-0.18%"
"04/21/2023","139.10","138.25","144.70","137.85","17.51M","+1.02%"
"04/20/2023","137.70","136.90","138.65","135.80","2.71M","+0.69%"
"04/19/2023","136.75","137.25","137.90","136.30","3.41M","-0.11%"
"04/18/2023","136.90","137.10","138.95","136.50","2.82M","-0.15%"
"04/17/2023","137.10","138.25","139.20","136.75","3.17M","-0.22%"
"04/13/2023","137.40","139.90","140.15","136.50","3.18M","-1.54%"
"04/12/2023","139.55","139.75","140.00","137.65","3.39M","+0.29%"
"04/11/2023","139.15","142.50","142.95","138.55","4.65M","-2.04%"
"04/10/2023","142.05","142.90","143.50","141.20","1.85M","+0.28%"
"04/06/2023","141.65","143.25","143.60","141.40","2.31M","-1.08%"
"04/05/2023","143.20","143.75","144.90","141.40","3.04M","-0.28%"
"04/03/2023","143.60","143.65","144.85","142.55","1.51M","+0.42%"
"03/31/2023","143.00","143.05","144.95","142.25","2.99M","+0.53%"
"03/29/2023","142.25","144.00","146.10","141.05","4.11M","-1.18%"
"03/28/2023","143.95","148.80","150.45","143.50","3.24M","-3.00%"
"03/27/2023","148.40","148.55","151.70","147.00","3.27M","+0.24%"
"03/24/2023","148.05","151.20","153.65","147.65","2.14M","-1.95%"
"03/23/2023","151.00","150.90","152.00","150.00","1.87M","+0.07%"
"03/22/2023","150.90","151.85","153.15","150.05","2.84M","-0.63%"
"03/21/2023","151.85","152.90","154.20","151.25","2.71M","-0.30%"
"03/20/2023","152.30","150.30","153.55","148.10","3.03M","+1.06%"
"03/17/2023","150.70","154.00","154.60","149.80","5.35M","-1.63%"
"03/16/2023","153.20","149.90","154.70","147.10","4.27M","+2.54%"
"03/15/2023","149.40","152.70","153.00","147.85","4.33M","-1.65%"
"03/14/2023","151.90","153.15","154.85","150.60","3.07M","-0.75%"
"03/13/2023","153.05","155.40","157.50","152.35","2.71M","-1.45%"
"03/10/2023","155.30","156.25","157.15","154.30","2.47M","-0.93%"
"03/09/2023","156.75","160.40","161.10","156.15","4.43M","-2.40%"
"03/08/2023","160.60","166.00","167.10","160.05","4.03M","-3.43%"
"03/06/2023","166.30","167.05","168.90","164.75","3.59M","-0.42%"
"03/03/2023","167.00","171.40","172.35","165.50","3.67M","-1.91%"
"03/02/2023","170.25","169.80","172.20","168.75","2.53M","-0.70%"
"03/01/2023","171.45","170.60","172.40","166.30","3.97M","+0.32%"
"02/28/2023","170.90","168.50","175.00","165.55","5.78M","+2.34%"
"02/27/2023","167.00","168.50","169.45","164.90","3.76M","-2.45%"
"02/24/2023","171.20","173.45","173.45","167.85","4.64M","-1.04%"
"02/23/2023","173.00","165.40","175.75","162.75","11.59M","+4.59%"
"02/22/2023","165.40","164.00","166.60","162.35","4.56M","+0.79%"
"02/21/2023","164.10","165.00","168.40","163.35","5.88M","+0.03%"
"02/20/2023","164.05","167.80","168.70","163.00","2.95M","-1.74%"
"02/17/2023","166.95","168.95","170.00","165.25","2.51M","-1.68%"
"02/16/2023","169.80","168.65","171.00","167.00","3.70M","+0.06%"
"02/15/2023","169.70","167.50","170.60","165.00","4.00M","+1.31%"
"02/14/2023","167.50","164.70","168.60","164.40","5.69M","+1.73%"
"02/13/2023","164.65","167.85","168.65","162.55","6.32M","-1.99%"
"02/10/2023","168.00","159.65","168.85","159.40","14.81M","+5.40%"
"02/09/2023","159.40","161.95","164.50","158.00","6.97M","-0.99%"
"02/08/2023","161.00","160.00","166.25","158.30","8.96M","+0.41%"
"02/07/2023","160.35","163.65","163.70","156.50","12.28M","-1.05%"
"02/06/2023","162.05","154.95","164.90","154.00","28.90M","+12.81%"
"02/03/2023","143.65","143.40","145.30","138.45","4.70M","+0.70%"
"02/02/2023","142.65","144.05","146.95","140.50","5.41M","-1.18%"
"02/01/2023","144.35","154.60","155.25","140.85","11.88M","-5.84%"
"01/31/2023","153.30","147.20","158.40","145.65","19.17M","+4.32%"
"01/30/2023","146.95","137.60","150.70","137.60","15.91M","+7.26%"
"01/27/2023","137.00","157.00","158.50","135.15","19.27M","-13.24%"
"01/25/2023","157.90","164.20","171.40","155.50","15.24M","-7.36%"
"01/24/2023","170.45","173.25","174.70","169.00","2.79M","-1.42%"
"01/23/2023","172.90","172.30","178.30","171.55","5.06M","+0.85%"
"01/20/2023","171.45","176.80","176.80","170.55","3.12M","-2.75%"
"01/19/2023","176.30","177.10","178.50","175.15","1.58M","-0.42%"
"01/18/2023","177.05","176.15","177.60","175.05","2.04M","+0.63%"
"01/17/2023","175.95","182.00","182.00","175.70","5.20M","-3.32%"
"01/16/2023","182.00","185.35","185.40","181.50","2.04M","-1.41%"
"01/13/2023","184.60","185.00","185.65","182.90","2.11M","+0.05%"
"01/12/2023","184.50","184.30","184.95","183.15","1.22M","+0.46%"
"01/11/2023","183.65","183.20","184.30","182.00","1.20M","+0.25%"
"01/10/2023","183.20","185.90","186.80","182.35","1.46M","-1.43%"
"01/09/2023","185.85","188.30","188.65","184.60","1.79M","-0.80%"
"01/06/2023","187.35","186.85","188.80","185.75","1.12M","+0.48%"
"01/05/2023","186.45","185.95","187.80","185.80","1.22M","+0.59%"
"01/04/2023","185.35","189.85","190.50","185.05","2.56M","-2.29%"
"01/03/2023","189.70","190.15","190.75","189.15","878.67K","-0.13%"
"01/02/2023","189.95","191.50","191.50","188.45","1.10M","-0.26%"
"12/30/2022","190.45","190.95","191.95","189.75","781.89K","+0.34%"
"12/29/2022","189.80","191.60","191.95","189.00","1.87M","-0.94%"
"12/28/2022","191.60","195.00","195.00","187.25","2.21M","-1.24%"
"12/27/2022","194.00","192.00","195.00","191.70","966.82K","+1.36%"
"12/26/2022","191.40","190.95","193.85","188.20","1.19M","+1.00%"
"12/23/2022","189.50","190.75","192.60","188.60","1.31M","-1.35%"
"12/22/2022","192.10","191.00","192.80","188.10","1.60M","+0.76%"
"12/21/2022","190.65","192.50","193.60","189.90","1.43M","-0.65%"
"12/20/2022","191.90","196.45","196.85","189.45","2.73M","-2.34%"
"12/19/2022","196.50","196.90","198.85","195.25","1.00M","+0.13%"
"12/16/2022","196.25","200.00","202.40","195.30","1.90M","-2.12%"
"12/15/2022","200.50","199.10","201.60","198.60","1.86M","+0.40%"
"12/14/2022","199.70","195.00","200.50","193.85","2.94M","+2.70%"
"12/13/2022","194.45","195.30","195.50","193.10","946.16K","-0.03%"
"12/12/2022","194.50","195.00","195.40","192.55","1.03M","-0.05%"
"12/09/2022","194.60","195.40","198.00","193.60","878.76K","+0.05%"
"12/08/2022","194.50","195.80","196.85","194.00","1.03M","-0.61%"
"12/07/2022","195.70","199.50","199.50","194.95","1.33M","-1.41%"
"12/06/2022","198.50","201.55","202.45","198.00","1.50M","-1.51%"
"12/05/2022","201.55","202.80","203.30","200.50","987.25K","-0.59%"
"12/02/2022","202.75","201.65","204.40","201.30","1.12M","+0.55%"
"12/01/2022","201.65","201.50","202.65","199.15","1.58M","+0.62%"
"11/30/2022","200.40","199.45","203.45","197.55","4.96M","+0.48%"
"11/29/2022","199.45","203.30","203.95","199.05","1.28M","-1.89%"
"11/28/2022","203.30","203.95","205.70","202.45","1.10M","+0.10%"
"11/25/2022","203.10","202.20","203.70","198.80","1.24M","+0.79%"
"11/24/2022","201.50","201.55","202.40","200.50","1.08M","+0.37%"
"11/23/2022","200.75","202.40","202.65","199.45","1.20M","-0.30%"
"11/22/2022","201.35","202.50","204.40","199.25","1.85M","-0.15%"
"11/21/2022","201.65","196.90","202.60","196.90","4.04M","+2.44%"
"11/18/2022","196.85","197.40","199.25","195.15","1.79M","+0.15%"
"11/17/2022","196.55","193.45","197.30","192.50","2.42M","+1.81%"
"11/16/2022","193.05","195.00","195.20","191.55","1.27M","-0.95%"
"11/15/2022","194.90","194.70","195.70","193.30","1.37M","+0.41%"
"11/14/2022","194.10","192.30","194.45","191.45","1.20M","+1.33%"
"11/11/2022","191.55","188.00","192.05","187.30","1.54M","+2.74%"
"11/10/2022","186.45","192.40","195.45","185.75","1.89M","-3.32%"
"11/09/2022","192.85","192.00","193.65","191.20","1.42M","+0.65%"
"11/07/2022","191.60","189.85","191.95","189.45","1.60M","+1.43%"
"11/04/2022","188.90","187.90","190.50","187.55","1.40M","+0.59%"
"11/03/2022","187.80","184.00","189.55","184.00","2.33M","+1.51%"
"11/02/2022","185.00","186.50","186.50","184.15","2.33M","-0.80%"
"11/01/2022","186.50","186.45","188.60","185.45","1.99M","+0.54%"
"10/31/2022","185.50","187.85","189.15","184.75","2.41M","-1.04%"
"10/28/2022","187.45","189.00","189.60","185.30","2.58M","-1.83%"
"10/27/2022","190.95","188.60","191.75","187.25","2.72M","+2.09%"
"10/25/2022","187.05","194.15","194.95","186.50","5.25M","-3.66%"
"10/24/2022","194.15","196.00","196.60","193.00","166.04K","-0.15%"
"10/21/2022","194.45","193.80","195.95","192.80","1.47M","+0.31%"
"10/20/2022","193.85","190.70","195.15","190.00","3.34M","+1.44%"
"10/19/2022","191.10","190.70","195.05","189.30","3.26M","+0.71%"
"10/18/2022","189.75","189.50","191.00","187.95","1.43M","+0.64%"
"10/17/2022","188.55","189.70","190.50","187.80","1.08M","-0.29%"
"10/14/2022","189.10","192.45","193.90","188.60","1.47M","+0.32%"
"10/13/2022","188.50","192.60","192.60","187.60","1.45M","-1.64%"
"10/12/2022","191.65","191.20","192.40","189.30","1.05M","+0.66%"
"10/11/2022","190.40","198.00","198.10","189.55","1.83M","-3.40%"
"10/10/2022","197.10","198.00","200.10","196.00","1.06M","-1.57%"
"10/07/2022","200.25","201.50","202.45","198.00","858.04K","-0.35%"
"10/06/2022","200.95","202.45","203.60","200.10","1.31M","-0.22%"
"10/04/2022","201.40","199.85","203.20","199.05","2.13M","+2.13%"
"10/03/2022","197.20","198.95","202.40","195.95","4.52M","-0.13%"
"09/30/2022","197.45","185.35","199.35","185.35","5.60M","+6.21%"
"09/29/2022","185.90","184.35","188.80","184.00","3.17M","+1.45%"
"09/28/2022","183.25","188.45","188.95","182.50","1.85M","-3.07%"
"09/27/2022","189.05","187.75","192.90","187.40","2.73M","+1.64%"
"09/26/2022","186.00","191.05","192.00","185.40","1.48M","-3.68%"
"09/23/2022","193.10","195.70","196.45","192.80","1.14M","-1.15%"
"09/22/2022","195.35","197.00","197.85","194.30","1.25M","-1.06%"
"09/21/2022","197.45","200.00","201.45","197.00","1.29M","-1.23%"
"09/20/2022","199.90","199.00","203.00","198.95","1.55M","+0.96%"
"09/19/2022","198.00","204.80","204.80","197.10","2.08M","-3.06%"
"09/16/2022","204.25","204.80","207.40","201.40","7.52M","+0.22%"
"09/15/2022","203.80","205.00","208.00","203.30","3.30M","+0.12%"
"09/14/2022","203.55","201.00","205.25","200.00","1.66M","+0.00%"
"09/13/2022","203.55","205.00","206.10","200.90","3.38M","-0.61%"
"09/12/2022","204.80","204.00","206.80","203.95","1.47M","+0.54%"
"09/09/2022","203.70","204.10","206.30","203.00","1.60M","+0.32%"
"09/08/2022","203.05","203.90","204.05","201.60","1.70M","+0.10%"
"09/07/2022","202.85","200.00","204.50","199.50","3.05M","+1.00%"
"09/06/2022","200.85","200.80","201.35","199.15","1.97M","+0.63%"
"09/05/2022","199.60","200.00","200.50","198.30","959.64K","+0.15%"
"09/02/2022","199.30","199.20","200.40","198.20","1.25M","-0.15%"
"09/01/2022","199.60","195.00","201.65","195.00","2.90M","-0.10%"
"08/30/2022","199.80","199.35","201.00","198.20","2.00M","+0.93%"
"08/29/2022","197.95","197.80","199.70","197.00","1.55M","-1.42%"
"08/26/2022","200.80","200.30","202.00","199.30","3.34M","+1.11%"
"08/25/2022","198.60","198.50","200.00","197.45","2.20M","+0.40%"
"08/24/2022","197.80","200.00","200.70","197.00","3.27M","-0.65%"
"08/23/2022","199.10","195.10","200.50","195.05","3.27M","+1.61%"
"08/22/2022","195.95","196.70","198.00","194.05","2.48M","-0.38%"
"08/19/2022","196.70","200.75","202.75","196.00","4.54M","-1.23%"
"08/18/2022","199.15","200.25","200.55","197.00","2.05M","-0.18%"
"08/17/2022","199.50","197.00","200.80","195.00","5.25M","+1.89%"
"08/16/2022","195.80","198.00","198.40","194.80","3.16M","-0.33%"
"08/12/2022","196.45","197.20","199.70","195.40","3.64M","+0.69%"
"08/11/2022","195.10","195.60","197.00","192.35","3.40M","+0.64%"
"08/10/2022","193.85","199.75","199.85","192.70","7.60M","-2.95%"
"08/08/2022","199.75","201.00","201.50","198.20","2.35M","-0.22%"
"08/05/2022","200.20","204.60","204.70","199.75","4.56M","-1.52%"
"08/04/2022","203.30","208.00","208.00","202.05","4.34M","-1.53%"
"08/03/2022","206.45","212.00","213.95","201.20","15.60M","-5.88%"
"08/02/2022","219.35","228.30","229.70","218.30","3.60M","-3.67%"
"08/01/2022","227.70","223.75","229.75","223.40","1.89M","+2.31%"
"07/29/2022","222.55","223.05","224.25","220.30","1.35M","-0.22%"
"07/28/2022","223.05","224.45","224.45","221.50","2.21M","+0.04%"
"07/27/2022","222.95","222.00","225.00","221.50","1.89M","+0.36%"
"07/26/2022","222.15","222.65","223.25","219.15","1.81M","-0.22%"
"07/25/2022","222.65","223.50","228.00","220.95","2.24M","-0.29%"
"07/22/2022","223.30","225.00","225.15","221.60","1.38M","-0.51%"
"07/21/2022","224.45","223.00","226.15","222.15","1.96M","+1.08%"
"07/20/2022","222.05","224.25","225.35","220.20","2.67M","+0.27%"
"07/19/2022","221.45","223.00","223.65","217.50","6.37M","-2.06%"
"07/18/2022","226.10","230.40","230.90","223.90","3.93M","-1.33%"
"07/15/2022","229.15","225.55","230.40","225.15","3.24M","+1.60%"
"07/14/2022","225.55","225.95","226.40","221.65","3.79M","+1.30%"
"07/13/2022","222.65","223.00","225.50","220.10","3.72M","+0.45%"
"07/12/2022","221.65","213.55","224.50","212.90","9.38M","+3.91%"
"07/11/2022","213.30","210.70","218.00","210.70","3.60M","+1.86%"
"07/08/2022","209.40","211.95","212.95","207.80","779.79K","-0.76%"
"07/07/2022","211.00","213.00","214.70","210.00","762.21K","-0.85%"
"07/06/2022","212.80","208.50","213.20","207.85","1.10M","+2.21%"
"07/05/2022","208.20","210.00","212.30","207.00","1.39M","-0.86%"
"07/04/2022","210.00","207.00","210.90","206.25","1.24M","+0.96%"
"07/01/2022","208.00","210.00","210.90","204.50","2.19M","-0.53%"
"06/30/2022","209.10","205.60","210.90","205.60","10.64M","+3.06%"
"06/29/2022","202.90","206.20","209.25","201.70","5.76M","-2.38%"
"06/28/2022","207.85","209.75","212.70","206.45","5.49M","-1.89%"
"06/27/2022","211.85","220.00","220.00","211.00","4.45M","-1.97%"
"06/24/2022","216.10","213.75","220.55","210.00","6.33M","+2.30%"
"06/23/2022","211.25","209.00","212.85","207.10","2.48M","+1.08%"
"06/22/2022","209.00","208.80","210.65","206.00","2.40M","+0.38%"
"06/21/2022","208.20","212.00","212.00","207.75","2.24M","-0.57%"
"06/20/2022","209.40","209.15","212.50","206.15","2.85M","+0.67%"
"06/17/2022","208.00","206.50","211.25","203.75","26.82M","+0.73%"
"06/16/2022","206.50","207.95","207.95","204.05","5.13M","+0.17%"
"06/15/2022","206.15","203.40","207.15","197.70","4.48M","+2.36%"
"06/14/2022","201.40","201.40","206.50","200.90","5.04M","-0.59%"
"06/13/2022","202.60","203.55","204.90","200.00","2.12M","-2.03%"
"06/10/2022","206.80","206.85","207.70","202.25","2.71M","-0.34%"
"06/09/2022","207.50","204.30","207.90","202.10","1.51M","+1.07%"
"06/08/2022","205.30","205.65","207.40","202.50","2.91M","-0.36%"
"06/07/2022","206.05","201.60","206.60","198.50","3.75M","+2.39%"
"06/06/2022","201.25","201.70","202.45","195.10","2.10M","-0.15%"
"06/03/2022","201.55","204.00","204.00","199.75","2.59M","-0.22%"
"06/02/2022","202.00","200.55","202.60","199.25","1.83M","+0.40%"
"06/01/2022","201.20","203.00","205.80","200.00","1.80M","-0.30%"
"05/31/2022","201.80","202.00","203.15","199.85","3.69M","+0.67%"
"05/30/2022","200.45","202.00","203.65","200.20","1.15M","+0.00%"
"05/27/2022","200.45","205.00","207.95","199.30","4.12M","-1.38%"
"05/26/2022","203.25","199.95","204.50","197.75","3.16M","+1.70%"
"05/25/2022","199.85","201.05","201.05","198.50","2.70M","+0.38%"
"05/24/2022","199.10","200.15","201.90","198.50","2.08M","-0.05%"
"05/23/2022","199.20","202.80","203.70","198.90","2.30M","-1.31%"
"05/20/2022","201.85","196.90","202.60","196.25","2.28M","+4.15%"
"05/19/2022","193.80","197.20","201.00","192.30","2.41M","-3.53%"
"05/18/2022","200.90","198.90","203.60","197.95","4.27M","+1.54%"
"05/17/2022","197.85","190.50","198.30","189.25","4.56M","+3.89%"
"05/16/2022","190.45","185.00","191.20","181.20","3.17M","+4.16%"
"05/13/2022","182.85","197.65","198.80","181.75","8.56M","-9.28%"
"05/12/2022","201.55","206.90","208.45","199.50","4.94M","-3.22%"
"05/11/2022","208.25","208.50","211.40","206.50","5.74M","+0.12%"
"05/10/2022","208.00","205.95","209.10","204.00","5.79M","+1.02%"
"05/09/2022","205.90","196.40","207.30","193.45","11.96M","+3.52%"
"05/06/2022","198.90","197.95","204.00","193.30","8.69M","-1.58%"
"05/05/2022","202.10","202.20","205.50","200.50","4.21M","+0.82%"
"05/04/2022","200.45","204.90","207.25","199.65","3.07M","-1.84%"
"05/02/2022","204.20","208.10","208.85","203.75","2.14M","-2.30%"
"04/29/2022","209.00","212.00","215.20","208.45","3.96M","-0.67%"
"04/28/2022","210.40","211.00","211.00","206.10","3.23M","+1.42%"
"04/27/2022","207.45","210.00","214.00","205.90","3.06M","-2.65%"
"04/26/2022","213.10","212.50","214.00","210.60","2.08M","+0.95%"
"04/25/2022","211.10","215.00","215.80","210.30","2.31M","-1.81%"
"04/22/2022","215.00","216.45","218.25","214.50","1.78M","-0.67%"
"04/21/2022","216.45","218.85","218.85","215.70","1.19M","-0.23%"
"04/20/2022","216.95","215.00","217.50","212.75","1.85M","+1.54%"
"04/19/2022","213.65","218.00","220.25","210.60","1.89M","-1.48%"
"04/18/2022","216.85","216.30","218.00","212.60","2.29M","+0.07%"
"04/13/2022","216.70","218.00","219.45","216.25","2.37M","-0.14%"
"04/12/2022","217.00","218.50","220.00","215.25","2.07M","-0.69%"
"04/11/2022","218.50","220.00","221.30","217.95","5.08M","-0.57%"
"04/08/2022","219.75","220.35","223.40","218.75","6.69M","+0.57%"
"04/07/2022","218.50","217.05","220.30","215.70","5.65M","+0.67%"
"04/06/2022","217.05","220.90","222.35","216.70","4.49M","-1.52%"
"04/05/2022","220.40","222.00","223.45","219.65","1.89M","-0.16%"
"04/04/2022","220.75","220.00","223.75","219.05","4.00M","-0.27%"
"04/01/2022","221.35","223.00","223.90","218.55","3.88M","-0.32%"
"03/31/2022","222.05","222.00","226.50","219.30","4.94M","+0.45%"
"03/30/2022","221.05","217.80","222.65","212.90","8.21M","+2.77%"
"03/29/2022","215.10","209.75","216.75","199.50","17.30M","+2.53%"
"03/28/2022","209.80","201.00","213.00","199.15","13.75M","+3.30%"
"03/25/2022","203.10","215.00","215.15","196.40","8.79M","-5.00%"
"03/24/2022","213.80","212.90","215.90","212.00","3.01M","-0.05%"
"03/23/2022","213.90","213.00","215.75","212.30","2.45M","+0.97%"
"03/22/2022","211.85","210.20","213.05","208.75","2.17M","+0.90%"
"03/21/2022","209.95","215.50","222.50","209.10","6.26M","-2.21%"
"03/17/2022","214.70","217.45","218.40","213.45","5.04M","+0.12%"
"03/16/2022","214.45","213.80","216.30","211.50","3.46M","+2.31%"
"03/15/2022","209.60","214.50","215.00","208.50","2.19M","-2.17%"
"03/14/2022","214.25","214.15","216.45","211.10","2.88M","+0.02%"
"03/11/2022","214.20","212.10","214.90","211.60","1.75M","+0.87%"
"03/10/2022","212.35","217.85","217.85","211.10","3.37M","+0.05%"
"03/09/2022","212.25","206.90","214.40","202.05","4.52M","+4.04%"
"03/08/2022","204.00","200.00","205.25","197.55","3.38M","+2.59%"
"03/07/2022","198.85","203.00","206.25","196.85","4.25M","-4.40%"
"03/04/2022","208.00","207.60","214.70","207.00","7.84M","-1.79%"
"03/03/2022","211.80","209.00","212.85","207.50","6.39M","+2.24%"
"03/02/2022","207.15","214.95","216.00","206.30","10.78M","-3.70%"
"02/28/2022","215.10","214.60","218.25","209.10","13.02M","+0.23%"
"02/25/2022","214.60","213.00","223.15","211.90","20.94M","+4.17%"
"02/24/2022","206.00","231.00","239.00","203.10","105.28M","-18.14%"
"02/23/2022","251.65","252.60","254.45","247.50","2.37M","-0.16%"
"02/22/2022","252.05","244.50","254.05","243.80","2.66M","+0.14%"
"02/21/2022","251.70","253.00","254.35","249.10","1.24M","-0.47%"
"02/18/2022","252.90","256.10","256.70","251.55","2.38M","-1.25%"
"02/17/2022","256.10","260.35","263.00","254.60","1.97M","-1.20%"
"02/16/2022","259.20","258.35","269.00","254.60","8.00M","+0.91%"
"02/15/2022","256.85","248.55","258.50","246.90","2.94M","+3.90%"
"02/14/2022","247.20","247.75","254.45","245.05","3.48M","-2.14%"
"02/11/2022","252.60","251.80","254.90","249.45","1.99M","-0.12%"
"02/10/2022","252.90","252.00","253.80","250.70","1.78M","+0.38%"
"02/09/2022","251.95","255.55","256.00","250.40","1.77M","-0.36%"
"02/08/2022","252.85","253.00","255.55","250.50","1.44M","-0.06%"
"02/07/2022","253.00","257.00","258.35","250.55","2.82M","-0.86%"
"02/04/2022","255.20","261.35","263.25","254.15","3.11M","-0.84%"
"02/03/2022","257.35","261.10","261.10","255.35","1.09M","-0.92%"
"02/02/2022","259.75","258.85","261.45","257.20","1.11M","+1.15%"
"02/01/2022","256.80","255.95","258.55","252.70","1.34M","+1.68%"
"01/31/2022","252.55","257.45","260.00","251.55","2.98M","-0.22%"
"01/28/2022","253.10","254.50","262.40","251.00","7.41M","+1.40%"
"01/27/2022","249.60","253.90","254.65","245.00","3.59M","-1.56%"
"01/25/2022","253.55","246.10","256.40","243.30","2.65M","+2.01%"
"01/24/2022","248.55","257.70","259.25","246.45","2.19M","-3.92%"
"01/21/2022","258.70","265.95","270.60","257.50","3.26M","-2.89%"
"01/20/2022","266.40","270.50","271.60","265.70","1.01M","-1.59%"
"01/19/2022","270.70","263.25","271.85","262.00","3.68M","+3.46%"
"01/18/2022","261.65","273.00","275.00","260.40","2.56M","-3.65%"
"01/17/2022","271.55","272.10","274.00","270.40","1.47M","-0.20%"
"01/14/2022","272.10","275.00","276.55","271.20","1.94M","-1.40%"
"01/13/2022","275.95","278.00","278.10","274.00","2.05M","+0.05%"
"01/12/2022","275.80","269.85","277.90","268.05","3.82M","+3.08%"
"01/11/2022","267.55","263.00","269.45","253.75","7.66M","+2.43%"
"01/10/2022","261.20","261.00","263.80","260.00","1.08M","+0.00%"
"01/07/2022","261.20","264.00","264.15","258.10","1.90M","-0.27%"
"01/06/2022","261.90","256.00","263.00","253.60","3.36M","+2.15%"
"01/05/2022","256.40","255.70","259.00","251.60","3.05M","+0.49%"
"01/04/2022","255.15","250.00","257.35","244.55","6.17M","+2.53%"
"01/03/2022","248.85","248.00","249.80","246.50","2.09M","+0.22%"
"12/31/2021","248.30","242.15","249.80","241.10","2.93M","+3.26%"
"12/30/2021","240.45","245.00","245.20","239.25","2.18M","-1.84%"
"12/29/2021","244.95","247.95","248.40","243.60","1.40M","-1.09%"
"12/28/2021","247.65","249.30","249.30","246.25","1.70M","-0.12%"
"12/27/2021","247.95","248.00","249.65","245.65","1.27M","-0.74%"
"12/24/2021","249.80","255.00","255.00","248.20","1.02M","-1.48%"
"12/23/2021","253.55","254.50","257.50","250.15","2.93M","-0.08%"
"12/22/2021","253.75","250.40","257.05","248.80","2.87M","+0.48%"
"12/21/2021","252.55","240.00","254.20","239.20","6.88M","+6.20%"
"12/20/2021","237.80","248.60","249.65","237.05","3.35M","-5.75%"
"12/17/2021","252.30","264.80","264.80","251.00","4.42M","-4.77%"
"12/16/2021","264.95","269.00","269.35","263.50","2.94M","-0.09%"
"12/15/2021","265.20","266.50","269.90","264.00","2.70M","-0.36%"
"12/14/2021","266.15","271.00","271.00","265.40","2.91M","-1.35%"
"12/13/2021","269.80","275.00","275.30","268.00","2.86M","-1.30%"
"12/10/2021","273.35","276.00","276.95","272.05","1.95M","-0.64%"
"12/09/2021","275.10","268.60","281.50","268.00","7.23M","+0.73%"
"12/08/2021","273.10","271.80","276.80","271.60","2.38M","+1.41%"
"12/07/2021","269.30","271.50","272.55","265.00","2.93M","+0.30%"
"12/06/2021","268.50","280.70","283.00","266.20","3.95M","-4.35%"
"12/03/2021","280.70","278.80","284.50","275.55","5.82M","+0.68%"
"12/02/2021","278.80","284.10","289.00","277.25","6.39M","-1.97%"
"12/01/2021","284.40","282.90","287.60","274.20","5.68M","-0.02%"
"11/30/2021","284.45","280.10","286.20","278.60","6.24M","+1.05%"
"11/29/2021","281.50","286.00","288.00","268.95","6.83M","+1.00%"
"11/26/2021","278.70","292.80","292.80","276.85","3.33M","-6.10%"
"11/25/2021","296.80","287.90","297.95","280.90","5.41M","+2.77%"
"11/24/2021","288.80","297.00","301.50","286.50","7.54M","-1.85%"
"11/23/2021","294.25","292.45","296.90","285.40","5.88M","+0.79%"
"11/22/2021","291.95","294.70","307.00","280.00","11.17M","+2.64%"
"11/18/2021","284.45","289.20","291.10","281.80","1.89M","-1.37%"
"11/17/2021","288.40","295.00","296.95","284.10","4.15M","-2.60%"
"11/16/2021","296.10","291.70","298.25","290.00","2.62M","+1.88%"
"11/15/2021","290.65","295.00","295.35","288.35","1.15M","-0.84%"
"11/12/2021","293.10","292.70","296.90","290.55","3.21M","+0.67%"
"11/11/2021","291.15","295.10","296.55","288.00","1.70M","-0.82%"
"11/10/2021","293.55","290.00","298.85","289.15","3.32M","+0.96%"
"11/09/2021","290.75","292.00","295.60","286.30","2.78M","+0.07%"
"11/08/2021","290.55","295.00","296.00","288.40","4.54M","+1.18%"
"11/04/2021","287.15","287.55","290.20","285.35","221.56K","-0.14%"
"11/03/2021","287.55","287.95","292.00","283.35","4.00M","+0.77%"
"11/02/2021","285.35","285.40","287.80","282.30","2.59M","+0.11%"
"11/01/2021","285.05","274.00","286.70","272.55","5.89M","+4.99%"
"10/29/2021","271.50","274.55","280.50","266.65","2.93M","-0.39%"
"10/28/2021","272.55","275.00","275.80","262.85","5.97M","-0.87%"
"10/27/2021","274.95","284.40","284.50","270.40","8.29M","-2.31%"
"10/26/2021","281.45","292.00","304.00","278.00","11.61M","-2.46%"
"10/25/2021","288.55","298.90","302.65","286.10","4.37M","-4.45%"
"10/22/2021","302.00","290.00","305.80","290.00","5.33M","+2.10%"
"10/21/2021","295.80","305.45","305.45","294.00","7.05M","-2.38%"
"10/20/2021","303.00","295.30","313.35","290.50","18.38M","+2.73%"
"10/19/2021","294.95","303.70","305.60","293.45","3.10M","-2.06%"
"10/18/2021","301.15","300.20","307.55","299.00","3.19M","-1.58%"
"10/14/2021","306.00","298.40","311.00","298.05","4.26M","+2.55%"
"10/13/2021","298.40","298.95","303.80","296.60","1.89M","-0.20%"
"10/12/2021","299.00","305.00","305.00","293.05","4.01M","-1.55%"
"10/11/2021","303.70","305.00","307.80","292.95","3.60M","-0.43%"
"10/08/2021","305.00","307.80","311.80","300.20","5.75M","-0.41%"
"10/07/2021","306.25","318.00","326.40","300.00","8.84M","-2.16%"
"10/06/2021","313.00","308.00","316.10","308.00","7.20M","+0.77%"
"10/05/2021","310.60","304.65","312.05","303.20","8.13M","+1.95%"
"10/04/2021","304.65","315.00","315.90","302.15","15.84M","-3.47%"
"10/01/2021","315.60","311.00","317.50","302.65","11.20M","+2.24%"
"09/30/2021","308.70","317.95","324.55","304.45","14.79M","-2.92%"
"09/29/2021","318.00","317.00","327.60","312.45","9.69M","-0.67%"
"09/28/2021","320.15","315.00","332.80","312.60","21.84M","+1.94%"
"09/27/2021","314.05","317.65","326.90","310.35","16.45M","-1.13%"
"09/24/2021","317.65","280.70","324.00","278.50","58.10M","+13.83%"
"09/23/2021","279.05","275.15","288.30","272.25","10.74M","+2.09%"
"09/22/2021","273.35","271.45","275.65","269.55","6.00M","+0.92%"
"09/21/2021","270.85","268.00","274.55","263.75","9.61M","+2.97%"
"09/20/2021","263.05","267.90","274.15","261.50","5.36M","-2.12%"
"09/17/2021","268.75","269.00","275.00","262.85","13.75M","-0.22%"
"09/16/2021","269.35","256.00","279.55","251.90","42.81M","+10.14%"
"09/15/2021","244.55","247.00","255.80","238.25","10.66M","-0.69%"
"09/14/2021","246.25","238.85","249.80","238.00","6.01M","+3.10%"
"09/13/2021","238.85","241.95","241.95","235.75","2.45M","-1.42%"
"09/09/2021","242.30","234.00","243.75","232.10","6.59M","+2.73%"
"09/08/2021","235.85","244.00","247.90","231.20","17.08M","-2.40%"
"09/07/2021","241.65","224.00","244.00","222.80","20.33M","+7.95%"
"09/06/2021","223.85","226.00","226.35","222.10","2.51M","-0.80%"
"09/03/2021","225.65","220.85","230.80","220.00","5.85M","+2.45%"
"09/02/2021","220.25","217.90","222.75","216.75","2.40M","+1.78%"
"09/01/2021","216.40","216.25","220.80","215.50","2.21M","+0.49%"
"08/31/2021","215.35","216.50","218.00","214.10","6.45M","-0.58%"
"08/30/2021","216.60","217.30","219.40","215.05","1.80M","+0.14%"
"08/27/2021","216.30","215.95","219.00","214.25","1.22M","+0.51%"
"08/26/2021","215.20","220.40","220.40","214.15","1.53M","-2.45%"
"08/25/2021","220.60","223.00","223.00","218.70","1.37M","-0.54%"
"08/24/2021","221.80","219.45","222.45","217.35","1.82M","+2.14%"
"08/23/2021","217.15","220.35","222.85","212.80","3.49M","-1.07%"
"08/20/2021","219.50","218.60","224.00","215.80","5.79M","+0.41%"
"08/18/2021","218.60","215.45","224.25","214.55","4.60M","+1.82%"
"08/17/2021","214.70","215.00","215.45","210.30","2.30M","+0.09%"
"08/16/2021","214.50","214.00","215.00","210.70","1.42M","+0.47%"
"08/13/2021","213.50","215.85","216.60","212.35","1.97M","-0.28%"
"08/12/2021","214.10","213.20","215.50","212.15","1.69M","+0.47%"
"08/11/2021","213.10","211.00","214.00","209.20","4.27M","+0.95%"
"08/10/2021","211.10","212.00","217.00","208.30","4.36M","+0.09%"
"08/09/2021","210.90","213.00","215.85","209.50","4.43M","-1.01%"
"08/06/2021","213.05","216.10","217.15","211.50","4.92M","-0.75%"
"08/05/2021","214.65","201.00","216.00","194.10","18.95M","+3.80%"
"08/04/2021","206.80","222.30","225.95","205.30","10.24M","-6.97%"
"08/03/2021","222.30","223.45","224.30","220.05","1.99M","-0.36%"
"08/02/2021","223.10","225.00","225.30","220.20","3.01M","+0.45%"
"07/30/2021","222.10","223.00","232.00","221.50","7.35M","+0.07%"
"07/29/2021","221.95","233.60","234.00","220.95","5.13M","-4.70%"
"07/28/2021","232.90","224.80","234.70","219.50","10.11M","+4.49%"
"07/27/2021","222.90","226.50","227.40","221.15","2.75M","-0.58%"
"07/26/2021","224.20","220.50","226.65","220.10","3.93M","+1.68%"
"07/23/2021","220.50","233.00","233.95","215.45","5.65M","-4.79%"
"07/22/2021","231.60","226.00","234.00","225.25","5.02M","+3.12%"
"07/20/2021","224.60","231.00","231.00","224.00","2.03M","-2.24%"
"07/19/2021","229.75","237.95","241.50","217.70","4.34M","-4.63%"
"07/16/2021","240.90","234.60","244.30","232.90","18.11M","+2.69%"
"07/15/2021","234.60","236.00","236.50","234.00","850.78K","-0.80%"
"07/14/2021","236.50","237.90","237.90","235.35","3.03M","-1.11%"
"07/13/2021","239.15","241.00","241.00","238.30","1.35M","-0.06%"
"07/12/2021","239.30","242.70","243.75","238.40","2.43M","-0.91%"
"07/09/2021","241.50","240.30","242.80","237.70","2.01M","+0.69%"
"07/08/2021","239.85","235.95","240.75","235.20","4.86M","+2.02%"
"07/07/2021","235.10","234.50","236.25","231.20","1.17M","+0.47%"
"07/06/2021","234.00","236.00","236.90","233.15","925.47K","-0.70%"
"07/05/2021","235.65","236.30","236.70","233.35","1.03M","+0.47%"
"07/02/2021","234.55","236.00","238.90","233.50","2.26M","+0.00%"
"07/01/2021","234.55","239.30","239.30","231.50","2.37M","-1.72%"
"06/30/2021","238.65","242.05","242.85","237.50","1.92M","-1.26%"
"06/29/2021","241.70","244.60","245.40","240.50","1.87M","-1.19%"
"06/28/2021","244.60","246.80","248.00","243.00","5.72M","+0.06%"
"06/25/2021","244.45","244.50","246.00","241.55","3.05M","+0.41%"
"06/24/2021","243.45","244.10","244.60","241.30","2.73M","+0.31%"
"06/23/2021","242.70","250.00","250.00","240.85","8.91M","-2.90%"
"06/22/2021","249.95","252.00","258.80","248.50","7.30M","+1.83%"
"06/21/2021","245.45","242.00","247.00","241.20","2.00M","-0.28%"
"06/18/2021","246.15","248.80","248.80","238.00","2.87M","-0.51%"
"06/17/2021","247.40","251.70","255.90","246.25","2.09M","-1.83%"
"06/16/2021","252.00","254.00","256.40","251.05","1.02M","-0.79%"
"06/15/2021","254.00","255.90","256.50","252.60","1.17M","-0.27%"
"06/14/2021","254.70","256.00","256.00","250.00","888.08K","-0.35%"
"06/11/2021","255.60","256.00","256.50","252.60","965.38K","+0.49%"
"06/10/2021","254.35","254.00","255.60","252.40","1.29M","+1.21%"
"06/09/2021","251.30","260.00","260.00","249.40","2.46M","-2.37%"
"06/08/2021","257.40","254.00","259.40","252.55","3.51M","+1.96%"
"06/07/2021","252.45","249.80","255.60","247.70","4.25M","+1.73%"
"06/04/2021","248.15","247.00","248.90","244.25","2.55M","+0.71%"
"06/03/2021","246.40","241.85","247.00","241.85","1.72M","+1.99%"
"06/02/2021","241.60","241.40","242.15","240.10","1.42M","-0.02%"
"06/01/2021","241.65","242.50","243.50","238.85","1.19M","-0.27%"
"05/31/2021","242.30","241.50","244.55","240.65","1.47M","+0.17%"
"05/28/2021","241.90","244.00","245.20","241.10","1.50M","-0.29%"
"05/27/2021","242.60","241.90","244.80","238.55","4.07M","+0.48%"
"05/26/2021","241.45","242.20","243.30","241.10","1.36M","-0.17%"
"05/25/2021","241.85","242.95","244.35","241.45","1.43M","-0.10%"
"05/24/2021","242.10","244.50","245.90","241.60","2.61M","-1.26%"
"05/21/2021","245.20","244.00","246.40","242.25","1.99M","+0.64%"
"05/20/2021","243.65","244.45","246.75","241.60","2.79M","+0.00%"
"05/19/2021","243.65","243.25","245.00","242.00","1.65M","+0.43%"
"05/18/2021","242.60","245.95","246.90","242.00","2.56M","-0.35%"
"05/17/2021","243.45","245.70","245.90","239.00","3.97M","-0.37%"
"05/14/2021","244.35","252.10","253.45","243.80","2.88M","-2.90%"
"05/12/2021","251.65","256.90","257.80","250.00","2.52M","-1.89%"
"05/11/2021","256.50","257.90","263.70","255.00","4.09M","-0.23%"
"05/10/2021","257.10","257.25","258.40","254.35","1.19M","+0.98%"
"05/07/2021","254.60","259.95","259.95","253.70","1.84M","-1.81%"
"05/06/2021","259.30","255.00","259.85","253.00","2.52M","+2.27%"
"05/05/2021","253.55","256.95","256.95","251.10","1.10M","+0.20%"
"05/04/2021","253.05","262.20","265.00","252.00","2.06M","-2.95%"
"05/03/2021","260.75","253.00","262.00","250.20","2.14M","+3.27%"
"04/30/2021","252.50","251.00","257.80","250.25","1.95M","+0.04%"
"04/29/2021","252.40","258.30","261.75","250.70","2.82M","-1.33%"
"04/28/2021","255.80","254.00","256.30","252.05","1.93M","+1.91%"
"04/27/2021","251.00","250.15","257.50","249.35","3.58M","+1.15%"
"04/26/2021","248.15","255.00","256.00","247.20","2.36M","-1.63%"
"04/23/2021","252.25","263.90","268.95","251.30","8.84M","-3.15%"
"04/22/2021","260.45","255.05","262.45","248.50","4.16M","+1.76%"
"04/20/2021","255.95","258.05","265.35","250.55","5.43M","+1.15%"
"04/19/2021","253.05","253.70","254.80","248.30","2.35M","-2.52%"
"04/16/2021","259.60","254.00","263.50","252.05","5.20M","+3.22%"
"04/15/2021","251.50","245.05","252.95","242.20","2.20M","+2.63%"
"04/13/2021","245.05","241.00","247.35","241.00","1.86M","+0.89%"
"04/12/2021","242.90","252.00","253.00","241.00","2.18M","-5.39%"
"04/09/2021","256.75","263.75","267.90","255.15","3.10M","-2.65%"
"04/08/2021","263.75","252.30","269.30","252.30","7.69M","+4.64%"
"04/07/2021","252.05","251.25","254.75","250.55","2.05M","+0.42%"
"04/06/2021","251.00","250.65","254.85","248.25","1.62M","-0.32%"
"04/05/2021","251.80","257.80","257.80","245.40","1.24M","-1.43%"
"04/01/2021","255.45","249.80","256.90","246.80","3.91M","+4.27%"
"03/31/2021","245.00","255.00","255.70","243.55","4.82M","-3.77%"
"03/30/2021","254.60","244.75","261.80","240.30","8.07M","+6.11%"
"03/26/2021","239.95","243.85","248.05","235.10","2.01M","-0.50%"
"03/25/2021","241.15","249.45","250.00","239.75","1.74M","-2.80%"
"03/24/2021","248.10","253.00","254.50","246.55","1.70M","-2.78%"
"03/23/2021","255.20","259.10","262.90","254.35","2.11M","-1.03%"
"03/22/2021","257.85","257.50","261.00","256.70","3.15M","-2.14%"
"03/19/2021","263.50","252.05","267.00","242.00","24.88M","+2.87%"
"03/18/2021","256.15","255.10","263.50","254.40","3.72M","+0.73%"
"03/17/2021","254.30","263.75","263.75","253.50","2.18M","-3.11%"
"03/16/2021","262.45","258.00","265.00","256.05","5.45M","+3.00%"
"03/15/2021","254.80","251.60","255.80","248.20","1.43M","+0.85%"
"03/12/2021","252.65","257.00","261.00","251.25","1.99M","-0.84%"
"03/10/2021","254.80","253.95","255.90","249.10","1.70M","+1.07%"
"03/09/2021","252.10","255.35","256.40","249.50","2.55M","-0.06%"
"03/08/2021","252.25","249.75","255.60","249.50","2.29M","+1.28%"
"03/05/2021","249.05","258.10","258.75","245.00","4.97M","-3.90%"
"03/04/2021","259.15","254.50","261.50","253.15","1.57M","+0.52%"
"03/03/2021","257.80","260.00","260.10","256.20","2.28M","+0.12%"
"03/02/2021","257.50","254.95","259.30","251.40","3.72M","+2.08%"
"03/01/2021","252.25","261.15","265.00","250.70","5.61M","-2.15%"
"02/26/2021","257.80","266.95","272.80","253.55","41.09M","-5.74%"
"02/25/2021","273.50","282.00","282.65","269.50","5.34M","-1.42%"
"02/24/2021","277.45","272.00","282.00","244.50","3.01M","+2.14%"
"02/23/2021","271.65","267.75","277.75","266.90","11.35M","+1.99%"
"02/22/2021","266.35","263.00","270.80","261.45","10.99M","+2.15%"
"02/19/2021","260.75","258.45","265.85","254.05","5.85M","+0.42%"
"02/18/2021","259.65","258.00","264.80","250.60","8.44M","+1.21%"
"02/17/2021","256.55","247.15","258.20","246.15","15.25M","+3.80%"
"02/16/2021","247.15","250.05","252.20","244.10","3.18M","-0.88%"
"02/15/2021","249.35","248.00","252.00","246.50","3.25M","+1.51%"
"02/12/2021","245.65","249.95","254.90","244.15","3.57M","-1.84%"
"02/11/2021","250.25","248.00","252.00","245.40","2.86M","+1.07%"
"02/10/2021","247.60","253.50","253.70","244.30","7.45M","-2.40%"
"02/09/2021","253.70","242.50","263.40","242.10","21.50M","+5.73%"
"02/08/2021","239.95","239.85","245.00","236.65","6.75M","-5.55%"
"02/05/2021","254.05","256.00","256.30","246.80","7.47M","+0.08%"
"02/04/2021","253.85","250.50","256.50","249.00","6.07M","+2.32%"
"02/03/2021","248.10","250.20","251.45","244.45","6.95M","+0.28%"
"02/02/2021","247.40","244.00","253.00","242.20","7.79M","+3.00%"
"02/01/2021","240.20","235.00","241.70","231.40","2.91M","+3.76%"
"01/29/2021","231.50","245.00","247.80","228.00","7.42M","-4.06%"
"01/28/2021","241.30","239.70","243.70","235.50","4.22M","+1.24%"
"01/27/2021","238.35","236.00","247.25","235.50","5.06M","+0.46%"
"01/25/2021","237.25","242.20","244.20","233.50","2.45M","-1.74%"
"01/22/2021","241.45","247.60","248.20","236.85","1.82M","-1.91%"
"01/21/2021","246.15","259.60","259.60","241.10","4.34M","-3.19%"
"01/20/2021","254.25","258.70","259.70","253.70","1.64M","-1.55%"
"01/19/2021","258.25","259.00","260.65","256.20","2.19M","-0.14%"
"01/18/2021","258.60","262.10","262.10","241.40","3.62M","-1.37%"
"01/15/2021","262.20","257.90","266.85","257.00","9.20M","+2.54%"
"01/14/2021","255.70","260.75","261.00","254.00","1.89M","-0.93%"
"01/13/2021","258.10","265.95","269.80","253.70","4.29M","-1.24%"
"01/12/2021","261.35","262.25","268.35","257.45","6.35M","-0.34%"
"01/11/2021","262.25","271.90","271.90","260.50","3.45M","-3.03%"
"01/08/2021","270.45","267.45","273.00","266.25","4.05M","+1.62%"
"01/07/2021","266.15","264.40","275.00","261.00","7.92M","+1.84%"
"01/06/2021","261.35","256.50","270.75","255.15","9.04M","+2.81%"
"01/05/2021","254.20","240.00","264.80","239.20","15.04M","+5.30%"
"01/04/2021","241.40","239.95","242.80","237.05","8.98M","+2.53%"
"01/01/2021","235.45","230.70","237.20","230.60","2.76M","+2.41%"
"12/31/2020","229.90","233.25","233.25","229.10","2.54M","-0.67%"
"12/30/2020","231.45","236.05","237.40","229.05","4.71M","-1.51%"
"12/29/2020","235.00","237.30","239.90","230.20","4.35M","-0.82%"
"12/28/2020","236.95","241.00","241.00","235.40","4.19M","-0.90%"
"12/24/2020","239.10","237.60","243.50","235.15","3.50M","+0.99%"
"12/23/2020","236.75","233.90","238.20","226.70","4.53M","+1.72%"
"12/22/2020","232.75","231.00","234.25","224.20","3.44M","-0.09%"
"12/21/2020","232.95","231.15","247.30","227.75","9.34M","+0.78%"
"12/18/2020","231.15","242.90","242.90","230.00","4.58M","-4.35%"
"12/17/2020","241.65","244.30","247.40","240.20","3.55M","-1.49%"
"12/16/2020","245.30","248.00","248.80","243.65","3.95M","-0.65%"
"12/15/2020","246.90","246.35","248.40","244.00","3.94M","+0.22%"
"12/14/2020","246.35","245.15","253.15","241.05","10.26M","+0.59%"
"12/11/2020","244.90","247.40","247.40","240.80","5.05M","-0.35%"
"12/10/2020","245.75","242.00","248.35","240.50","6.01M","-0.26%"
"12/09/2020","246.40","241.00","247.70","240.95","5.47M","+2.58%"
"12/08/2020","240.20","243.65","248.70","237.90","9.50M","-1.84%"
"12/07/2020","244.70","237.65","249.40","234.15","14.95M","+3.10%"
"12/04/2020","237.35","238.95","239.75","234.05","10.02M","-0.92%"
"12/03/2020","239.55","226.00","247.25","222.15","41.81M","+6.56%"
"12/02/2020","224.80","225.00","227.95","210.35","129.64M","+4.07%"
"12/01/2020","216.00","223.00","225.20","215.00","17.58M","-1.19%"
"11/27/2020","218.60","221.35","224.05","216.05","10.39M","-0.14%"
"11/26/2020","218.90","217.60","221.35","215.40","12.07M","+1.72%"
"11/25/2020","215.20","220.00","227.00","214.05","14.30M","-1.69%"
"11/24/2020","218.90","219.95","238.00","216.80","35.37M","+0.25%"
"11/23/2020","218.35","221.70","222.50","213.00","18.35M","-0.32%"
"11/20/2020","219.05","190.65","223.05","188.25","67.12M","+17.83%"
"11/19/2020","185.90","189.50","194.20","184.05","9.15M","-2.18%"
"11/18/2020","190.05","185.50","190.85","184.55","6.74M","+2.45%"
"11/17/2020","185.50","182.90","186.75","181.40","7.71M","+2.29%"
"11/14/2020","181.35","182.60","182.70","180.85","781.51K","+0.36%"
"11/13/2020","180.70","179.45","181.45","178.65","4.35M","+0.84%"
"11/12/2020","179.20","177.50","181.80","176.60","10.11M","+1.30%"
"11/11/2020","176.90","178.40","179.60","175.40","6.24M","-0.06%"
"11/10/2020","177.00","180.00","180.00","175.25","5.12M","-0.95%"
"11/09/2020","178.70","181.75","182.00","177.50","6.34M","-0.45%"
"11/06/2020","179.50","179.45","182.70","178.80","7.95M","+0.76%"
"11/05/2020","178.15","180.65","180.65","176.55","10.15M","+0.06%"
"11/04/2020","178.05","182.65","182.65","176.65","5.54M","-1.93%"
"11/03/2020","181.55","182.50","183.75","180.30","3.62M","+0.47%"
"11/02/2020","180.70","186.60","187.15","179.65","5.49M","-2.61%"
"10/30/2020","185.55","183.25","186.95","179.20","5.94M","+0.76%"
"10/29/2020","184.15","184.80","187.50","180.50","6.71M","-1.07%"
"10/28/2020","186.15","190.00","194.25","183.70","8.38M","-1.43%"
"10/27/2020","188.85","189.80","195.40","187.00","7.53M","+0.27%"
"10/26/2020","188.35","193.55","193.55","185.60","4.27M","-1.98%"
"10/23/2020","192.15","200.00","205.75","189.55","19.31M","-1.91%"
"10/22/2020","195.90","192.75","196.90","190.75","7.60M","+1.63%"
"10/21/2020","192.75","190.00","193.70","188.40","5.95M","+1.42%"
"10/20/2020","190.05","181.50","191.00","181.30","11.76M","+4.94%"
"10/19/2020","181.10","183.95","184.95","179.15","3.66M","-0.79%"
"10/16/2020","182.55","183.60","184.45","178.20","5.40M","+0.91%"
"10/15/2020","180.90","189.50","195.00","177.50","13.18M","-4.56%"
"10/14/2020","189.55","182.55","192.00","181.95","11.99M","+4.23%"
"10/13/2020","181.85","187.95","187.95","180.00","7.55M","-3.78%"
"10/12/2020","189.00","186.60","192.90","186.00","8.61M","+1.34%"
"10/09/2020","186.50","191.00","192.90","184.80","6.55M","-2.36%"
"10/08/2020","191.00","186.85","191.80","184.55","8.72M","+3.08%"
"10/07/2020","185.30","182.00","188.10","181.35","12.60M","+1.93%"
"10/06/2020","181.80","180.55","183.30","178.65","4.32M","+1.82%"
"10/05/2020","178.55","180.00","182.90","176.55","6.49M","-0.22%"
"10/01/2020","178.95","175.45","182.30","175.45","8.53M","+2.08%"
"09/30/2020","175.30","180.00","180.00","173.65","13.03M","-1.93%"
"09/29/2020","178.75","185.90","186.30","177.25","11.59M","-3.85%"
"09/28/2020","185.90","183.50","187.50","181.40","8.76M","+1.70%"
"09/25/2020","182.80","175.55","184.80","171.00","23.94M","+8.10%"
"09/24/2020","169.10","165.00","175.65","162.20","53.51M","+1.29%"
"09/23/2020","166.95","180.75","183.00","162.50","18.97M","-7.46%"
"09/22/2020","180.40","190.00","192.60","179.35","11.77M","-4.42%"
"09/21/2020","188.75","199.20","199.20","186.70","7.80M","-5.32%"
"09/18/2020","199.35","198.00","200.75","195.30","7.76M","+1.50%"
"09/17/2020","196.40","200.20","201.00","195.55","6.63M","-1.87%"
"09/16/2020","200.15","202.70","204.45","199.00","6.08M","-1.16%"
"09/15/2020","202.50","204.75","204.75","200.35","6.31M","-0.05%"
"09/14/2020","202.60","204.95","206.10","199.35","11.63M","+0.37%"
"09/11/2020","201.85","202.00","208.70","200.80","24.66M","+0.95%"
"09/10/2020","199.95","213.85","214.00","197.90","18.25M","-4.99%"
"09/09/2020","210.45","211.45","213.40","205.75","18.04M","-1.20%"
"09/08/2020","213.00","228.45","228.45","211.20","29.21M","-7.79%"
"09/07/2020","231.00","217.00","235.45","216.75","54.73M","+7.52%"
"09/04/2020","214.85","214.00","230.80","207.50","69.14M","-1.67%"
"09/03/2020","218.50","197.85","221.40","197.15","49.55M","+11.45%"
"09/02/2020","196.05","192.55","198.45","191.80","15.35M","+3.84%"
"09/01/2020","188.80","205.70","208.80","178.70","33.23M","-4.91%"
"08/31/2020","198.55","206.00","211.60","194.25","21.93M","-1.46%"
"08/28/2020","201.50","200.00","213.75","199.50","23.67M","+0.80%"
"08/27/2020","199.90","202.00","202.60","198.25","3.09M","-0.30%"
"08/26/2020","200.50","199.00","203.20","196.80","4.47M","+1.13%"
"08/25/2020","198.25","199.50","201.00","196.10","4.47M","-0.63%"
"08/24/2020","199.50","200.00","201.30","193.20","6.64M","+0.00%"
"08/21/2020","199.50","200.35","201.35","197.50","4.68M","+0.13%"
"08/20/2020","199.25","200.00","201.30","196.85","4.69M","-1.02%"
"08/19/2020","201.30","201.00","203.85","200.50","2.54M","+0.37%"
"08/18/2020","200.55","201.30","203.90","198.00","3.51M","+0.35%"
"08/17/2020","199.85","199.00","202.00","196.80","2.50M","+0.30%"
"08/14/2020","199.25","202.90","205.50","197.75","8.00M","-1.07%"
"08/13/2020","201.40","195.05","202.00","193.60","6.36M","+3.47%"
"08/12/2020","194.65","192.50","196.40","192.00","4.05M","+0.18%"
"08/11/2020","194.30","198.40","199.00","192.25","4.71M","-1.37%"
"08/10/2020","197.00","194.00","198.15","191.90","6.38M","+2.28%"
"08/07/2020","192.60","192.00","193.80","188.00","7.98M","+0.55%"
"08/06/2020","191.55","192.00","196.75","190.55","5.50M","+0.26%"
"08/05/2020","191.05","192.70","193.50","189.35","4.02M","-0.16%"
"08/04/2020","191.35","191.00","193.15","189.75","3.52M","+1.14%"
"08/03/2020","189.20","192.10","194.75","188.00","4.80M","-1.51%"
"07/31/2020","192.10","194.80","196.30","188.55","4.72M","-0.21%"
"07/30/2020","192.50","198.00","199.90","191.50","6.05M","-2.04%"
"07/29/2020","196.50","191.70","199.25","189.80","9.33M","+3.15%"
"07/28/2020","190.50","195.00","195.05","187.75","9.38M","-1.93%"
"07/27/2020","194.25","197.15","197.25","191.00","5.53M","-0.74%"
"07/24/2020","195.70","200.00","200.00","192.30","8.33M","-2.49%"
"07/23/2020","200.70","201.95","201.95","198.50","5.41M","+0.07%"
"07/22/2020","200.55","199.50","203.90","198.25","6.97M","+0.85%"
"07/21/2020","198.85","205.00","205.00","197.60","9.05M","-2.12%"
"07/20/2020","203.15","202.00","209.00","193.45","17.13M","+2.55%"
"07/17/2020","198.10","192.00","200.75","191.00","18.60M","+4.26%"
"07/16/2020","190.00","204.80","206.40","188.80","14.37M","-6.84%"
"07/15/2020","203.95","211.00","212.40","202.75","5.78M","-2.32%"
"07/14/2020","208.80","210.25","215.40","207.55","13.67M","-1.37%"
"07/13/2020","211.70","209.10","212.75","208.05","5.09M","+1.27%"
"07/10/2020","209.05","215.35","215.95","206.15","10.69M","-2.56%"
"07/09/2020","214.55","219.35","219.80","212.60","7.17M","-2.19%"
"07/08/2020","219.35","221.50","224.60","218.50","4.20M","-1.59%"
"07/07/2020","222.90","224.80","225.00","218.55","7.08M","-1.55%"
"07/06/2020","226.40","226.75","228.60","223.65","3.96M","-0.13%"
"07/03/2020","226.70","222.35","228.50","221.15","5.94M","+1.96%"
"07/02/2020","222.35","219.50","222.95","218.25","3.40M","+1.69%"
"07/01/2020","218.65","223.00","223.00","216.50","5.35M","-1.29%"
"06/30/2020","221.50","224.60","224.60","218.65","7.16M","+1.03%"
"06/29/2020","219.25","222.00","225.00","211.00","12.75M","-0.61%"
"06/26/2020","220.60","223.60","231.50","218.20","10.08M","-3.44%"
"06/25/2020","228.45","222.00","232.40","218.00","15.31M","-1.97%"
"06/24/2020","233.05","233.00","237.50","227.40","10.26M","+0.30%"
"06/23/2020","232.35","227.70","233.40","224.20","10.53M","+4.26%"
"06/22/2020","222.85","221.00","227.90","218.35","8.37M","+1.83%"
"06/19/2020","218.85","212.30","220.00","209.05","13.09M","+4.56%"
"06/18/2020","209.30","208.95","214.00","205.50","14.17M","+1.48%"
"06/17/2020","206.25","216.80","216.80","205.05","14.02M","-4.51%"
"06/16/2020","216.00","228.30","228.95","214.60","8.07M","-3.10%"
"06/15/2020","222.90","226.00","228.80","217.60","8.17M","-0.93%"
"06/12/2020","225.00","206.75","227.00","200.00","26.28M","+6.74%"
"06/11/2020","210.80","231.90","237.45","207.10","21.46M","-9.41%"
"06/10/2020","232.70","233.00","240.75","229.55","10.68M","-0.13%"
"06/09/2020","233.00","231.05","240.50","225.45","10.20M","+1.22%"
"06/08/2020","230.20","238.15","241.00","228.55","10.23M","-2.56%"
"06/05/2020","236.25","226.85","239.70","223.00","18.57M","+7.93%"
"06/04/2020","218.90","218.10","224.00","213.90","6.95M","-0.05%"
"06/03/2020","219.00","228.00","228.00","216.10","11.73M","-1.90%"
"06/02/2020","223.25","228.85","229.95","222.15","8.44M","-0.45%"
"06/01/2020","224.25","231.00","237.50","222.05","13.15M","-2.48%"
"05/29/2020","229.95","225.45","242.50","224.30","24.85M","+2.73%"
"05/28/2020","223.85","214.10","225.30","213.90","6.68M","+3.30%"
"05/27/2020","216.70","208.50","218.50","208.05","6.74M","+4.11%"
"05/26/2020","208.15","207.90","214.00","203.25","9.47M","+0.31%"
"05/22/2020","207.50","202.00","212.55","200.05","10.70M","+0.80%"
"05/21/2020","205.85","204.00","209.65","204.00","13.46M","+2.49%"
"05/20/2020","200.85","213.10","217.45","196.00","22.33M","-8.18%"
"05/19/2020","218.75","212.00","220.80","206.00","15.35M","+5.63%"
"05/18/2020","207.10","205.00","210.00","201.10","15.52M","+2.27%"
"05/15/2020","202.50","205.95","207.45","200.70","11.91M","-3.41%"
"05/14/2020","209.65","190.00","213.60","189.70","24.09M","+6.88%"
"05/13/2020","196.15","195.35","199.00","191.55","8.79M","+3.45%"
"05/12/2020","189.60","185.00","192.60","178.45","13.98M","+3.27%"
"05/11/2020","183.60","174.25","187.70","173.00","7.61M","+5.37%"
"05/08/2020","174.25","173.00","176.50","167.40","13.66M","+0.84%"
"05/07/2020","172.80","159.00","174.40","156.60","18.27M","+7.40%"
"05/06/2020","160.90","171.00","174.00","159.50","10.68M","-5.69%"
"05/05/2020","170.60","168.00","183.80","164.75","20.71M","+1.25%"
"05/04/2020","168.50","164.00","171.75","162.90","3.54M","-3.38%"
"04/30/2020","174.40","163.00","175.80","162.15","5.67M","+6.99%"
"04/29/2020","163.00","160.05","163.95","157.05","3.33M","+2.26%"
"04/28/2020","159.40","160.00","160.85","155.00","4.15M","+1.27%"
"04/27/2020","157.40","154.00","160.50","154.00","7.03M","+3.55%"
"04/24/2020","152.00","169.00","172.90","149.50","19.44M","-8.49%"
"04/23/2020","166.10","169.00","174.55","166.00","5.75M","-0.87%"
"04/22/2020","167.55","164.00","168.40","164.00","5.55M","+2.76%"
"04/21/2020","163.05","159.30","165.00","156.00","7.39M","+2.35%"
"04/20/2020","159.30","168.90","170.00","158.40","6.01M","-5.35%"
"04/17/2020","168.30","175.00","175.90","166.90","4.42M","-1.87%"
"04/16/2020","171.50","171.00","175.70","165.45","6.47M","-1.32%"
"04/15/2020","173.80","180.05","181.00","172.10","4.53M","-2.08%"
"04/13/2020","177.50","173.20","179.35","171.45","3.32M","+2.07%"
"04/09/2020","173.90","171.00","175.25","169.00","3.78M","+4.51%"
"04/08/2020","166.40","161.10","170.40","158.05","8.19M","+4.23%"
"04/07/2020","159.65","164.20","164.50","157.10","7.79M","+2.08%"
"04/03/2020","156.40","158.00","161.60","154.20","8.13M","+0.84%"
"04/01/2020","155.10","160.00","160.50","150.50","3.21M","-3.06%"
"03/31/2020","160.00","155.90","163.30","154.70","3.31M","+3.16%"
"03/30/2020","155.10","157.10","157.75","148.40","5.27M","-1.08%"
"03/27/2020","156.80","165.00","165.00","153.50","7.33M","+0.19%"
"03/26/2020","156.50","150.45","169.00","147.00","7.35M","+6.10%"
"03/25/2020","147.50","139.30","151.90","136.30","4.97M","+3.91%"
"03/24/2020","141.95","149.00","150.80","131.00","8.10M","-1.01%"
"03/23/2020","143.40","134.00","148.00","133.50","6.13M","-3.21%"
"03/20/2020","148.15","124.20","155.90","122.80","16.27M","+19.43%"
"03/19/2020","124.05","149.90","149.90","120.05","22.84M","-17.24%"
"03/18/2020","149.90","194.40","202.55","148.00","16.82M","-22.89%"
"03/17/2020","194.40","209.90","214.50","190.70","7.16M","-7.16%"
"03/16/2020","209.40","219.80","220.90","203.00","6.99M","-7.85%"
"03/13/2020","227.25","221.00","241.70","208.05","10.87M","+2.69%"
"03/12/2020","221.30","207.00","224.50","207.00","8.43M","-1.54%"
"03/11/2020","224.75","209.00","226.70","207.00","9.06M","+6.52%"
"03/09/2020","211.00","196.00","215.00","195.30","6.98M","+3.58%"
"03/06/2020","203.70","209.70","209.70","201.00","3.49M","-5.12%"
"03/05/2020","214.70","222.70","223.75","211.60","6.31M","-2.87%"
"03/04/2020","221.05","219.35","223.00","215.80","4.05M","+0.78%"
"03/03/2020","219.35","220.00","225.00","213.05","4.89M","+1.15%"
"03/02/2020","216.85","216.00","226.25","210.20","5.59M","+1.12%"
"02/28/2020","214.45","217.00","218.00","211.15","5.00M","-3.88%"
"02/27/2020","223.10","218.75","225.40","215.20","8.21M","+1.99%"
"02/26/2020","218.75","216.30","221.40","211.00","7.46M","+1.13%"
"02/25/2020","216.30","219.50","221.90","207.75","12.28M","+0.16%"
"02/24/2020","215.95","242.00","242.00","207.50","19.29M","-4.53%"
"02/20/2020","226.20","225.50","231.00","224.60","10.36M","+0.49%"
"02/19/2020","225.10","215.00","228.20","212.25","22.58M","+7.19%"
"02/18/2020","210.00","235.40","235.40","200.70","23.92M","-10.64%"
"02/17/2020","235.00","234.85","239.95","232.00","4.42M","-0.19%"
"02/14/2020","235.45","246.00","251.00","227.70","15.88M","-3.84%"
"02/13/2020","244.85","247.50","247.70","242.05","1.93M","+0.62%"
"02/12/2020","243.35","248.00","248.00","242.20","2.18M","-2.19%"
"02/11/2020","248.80","243.00","249.00","241.20","3.21M","+3.75%"
"02/10/2020","239.80","245.55","252.75","238.30","4.27M","-3.23%"
"02/07/2020","247.80","245.00","249.00","242.40","2.36M","+1.20%"
"02/06/2020","244.85","246.00","251.00","240.60","3.80M","-0.49%"
"02/05/2020","246.05","242.00","251.00","240.00","5.42M","+2.50%"
"02/04/2020","240.05","234.50","242.50","231.00","7.29M","+4.69%"
"02/03/2020","229.30","243.30","248.00","222.45","13.62M","-7.22%"
"02/01/2020","247.15","245.25","250.60","240.00","2.38M","-0.46%"
"01/31/2020","248.30","247.00","253.80","243.70","5.81M","+0.87%"
"01/30/2020","246.15","245.20","249.50","241.20","5.04M","+0.39%"
"01/29/2020","245.20","240.90","246.90","238.35","5.09M","+3.20%"
"01/28/2020","237.60","242.00","243.95","232.65","3.98M","-1.76%"
"01/27/2020","241.85","243.00","243.50","239.00","2.60M","-1.00%"
"01/24/2020","244.30","240.00","245.90","238.50","3.98M","+0.87%"
"01/23/2020","242.20","239.20","243.75","235.45","4.47M","+0.50%"
"01/22/2020","241.00","244.85","245.00","235.50","9.19M","+0.21%"
"01/21/2020","240.50","224.40","243.55","224.40","24.63M","+8.41%"
"01/20/2020","221.85","219.00","227.90","218.25","13.28M","+1.65%"
"01/17/2020","218.25","218.75","228.60","210.25","28.28M","-10.20%"
"01/16/2020","243.05","247.05","249.15","240.95","2.91M","-1.62%"
"01/15/2020","247.05","248.20","252.15","245.50","3.49M","-0.34%"
"01/14/2020","247.90","246.50","249.20","245.65","2.71M","+0.59%"
"01/13/2020","246.45","251.45","252.80","243.60","5.36M","-1.20%"
"01/10/2020","249.45","251.00","256.90","248.70","7.87M","-0.46%"
"01/09/2020","250.60","240.00","252.50","239.85","9.39M","+6.05%"
"01/08/2020","236.30","238.05","238.50","233.20","4.68M","-0.82%"
"01/07/2020","238.25","242.50","246.90","237.15","4.82M","-1.85%"
"01/06/2020","242.75","247.10","247.70","242.00","2.72M","-2.18%"
"01/03/2020","248.15","254.20","255.85","243.70","3.95M","-2.17%"
"01/02/2020","253.65","257.00","257.50","252.70","2.88M","-0.31%"
"01/01/2020","254.45","254.00","258.45","252.90","5.11M","+0.77%"
"12/31/2019","252.50","255.50","260.65","251.25","6.66M","-1.10%"
"12/30/2019","255.30","255.45","258.70","254.00","3.04M","-0.16%"
"12/27/2019","255.70","254.90","258.95","252.70","3.88M","-0.20%"
"12/26/2019","256.20","255.00","260.45","251.65","7.15M","+0.35%"
"12/24/2019","255.30","255.00","257.80","252.50","5.12M","+0.27%"
"12/23/2019","254.60","252.80","255.90","249.00","6.09M","+0.53%"
"12/20/2019","253.25","251.85","262.90","251.15","17.28M","+0.58%"
"12/19/2019","251.80","249.00","254.30","247.50","8.18M","+0.60%"
"12/18/2019","250.30","251.00","253.00","246.40","6.69M","+0.85%"
"12/17/2019","248.20","249.00","251.40","244.65","9.03M","-0.02%"
"12/16/2019","248.25","256.50","259.90","246.15","10.42M","-1.64%"
"12/13/2019","252.40","253.75","256.45","246.05","7.64M","+0.08%"
"12/12/2019","252.20","256.10","259.50","248.60","7.64M","-0.94%"
"12/11/2019","254.60","256.00","262.60","252.30","13.42M","+0.20%"
"12/10/2019","254.10","259.00","259.00","252.15","7.84M","-2.42%"
"12/09/2019","260.40","258.00","262.00","252.50","12.12M","+0.27%"
"12/06/2019","259.70","247.60","262.00","247.55","29.55M","+5.55%"
"12/05/2019","246.05","252.70","256.80","244.10","13.09M","-1.16%"
"12/04/2019","248.95","250.00","261.00","242.50","35.96M","+0.20%"
"12/03/2019","248.45","269.65","269.65","237.10","36.92M","-6.42%"
"12/02/2019","265.50","284.30","296.50","260.45","26.31M","-3.91%"
"11/29/2019","276.30","250.00","283.80","238.00","52.31M","+7.68%"
"11/28/2019","256.60","227.00","261.00","227.00","44.38M","+13.89%"
"11/27/2019","225.30","235.00","240.40","223.25","11.95M","-3.16%"
"11/26/2019","232.65","244.00","244.05","231.00","15.37M","-7.00%"
"11/25/2019","250.15","233.30","251.95","232.60","18.33M","+7.82%"
"11/22/2019","232.00","242.00","243.00","227.40","18.16M","-4.09%"
"11/21/2019","241.90","243.95","245.65","231.30","14.78M","+0.42%"
"11/20/2019","240.90","257.10","260.30","237.50","24.04M","-3.85%"
"11/19/2019","250.55","227.95","259.85","227.70","25.78M","+10.47%"
"11/18/2019","226.80","226.00","233.75","221.95","16.13M","-0.15%"
"11/15/2019","227.15","203.95","234.00","203.05","20.25M","+8.87%"
"11/14/2019","208.65","205.00","211.25","198.75","13.45M","-4.38%"
"11/13/2019","218.20","221.90","221.90","216.05","4.72M","-1.07%"
"11/11/2019","220.55","218.30","222.00","213.50","7.18M","+1.03%"
"11/08/2019","218.30","229.00","229.00","216.00","8.45M","-4.86%"
"11/07/2019","229.45","223.00","230.95","222.50","10.72M","+3.75%"
"11/06/2019","221.15","222.00","223.95","216.20","13.27M","-0.45%"
"11/05/2019","222.15","217.80","224.25","212.40","9.85M","+3.40%"
"11/04/2019","214.85","207.45","217.60","207.45","16.97M","+6.12%"
"11/01/2019","202.45","190.00","204.30","189.70","23.46M","+6.72%"
"10/31/2019","189.70","183.00","193.00","177.60","25.42M","+3.55%"
"10/30/2019","183.20","193.15","199.85","176.35","35.14M","-5.15%"
"10/29/2019","193.15","211.50","214.40","190.85","25.07M","-9.00%"
"10/27/2019","212.25","214.00","217.30","210.30","852.39K","-2.19%"
"10/25/2019","217.00","238.00","238.00","212.95","21.54M","-8.65%"
"10/24/2019","237.55","255.00","258.30","234.40","14.26M","-8.41%"
"10/23/2019","259.35","256.80","260.70","252.40","2.20M","+0.21%"
"10/22/2019","258.80","266.00","266.00","256.25","3.37M","-1.07%"
"10/18/2019","261.60","256.80","263.00","254.00","3.00M","+1.81%"
"10/17/2019","256.95","255.00","257.95","253.55","2.70M","-0.06%"
"10/16/2019","257.10","256.40","258.25","251.85","2.77M","+0.06%"
"10/15/2019","256.95","258.50","260.40","255.25","1.84M","-0.96%"
"10/14/2019","259.45","259.00","261.45","255.60","2.03M","+0.50%"
"10/11/2019","258.15","256.65","259.60","252.35","1.56M","+0.49%"
"10/10/2019","256.90","257.40","265.60","251.55","3.93M","+0.41%"
"10/09/2019","255.85","246.85","261.00","244.50","2.57M","+3.98%"
"10/07/2019","246.05","246.00","247.95","244.65","951.12K","+0.14%"
"10/04/2019","245.70","248.25","249.00","245.05","1.49M","-1.03%"
"10/03/2019","248.25","249.90","250.55","245.70","1.81M","-0.30%"
"10/01/2019","249.00","257.80","258.95","244.75","2.43M","-3.23%"
"09/30/2019","257.30","255.95","259.70","250.45","2.07M","+0.27%"
"09/27/2019","256.60","258.00","259.20","252.30","2.15M","-0.75%"
"09/26/2019","258.55","258.00","261.45","256.30","3.66M","+0.47%"
"09/25/2019","257.35","256.75","259.35","251.55","4.00M","-0.12%"
"09/24/2019","257.65","262.00","268.75","254.65","2.77M","-2.33%"
"09/23/2019","263.80","260.80","273.00","259.50","4.24M","+1.79%"
"09/20/2019","259.15","250.45","263.25","249.10","6.23M","+3.91%"
"09/19/2019","249.40","253.10","253.70","247.05","4.11M","-1.62%"
"09/18/2019","253.50","251.30","255.75","249.25","2.62M","+1.32%"
"09/17/2019","250.20","251.95","251.95","247.00","5.65M","-0.69%"
"09/16/2019","251.95","252.05","254.60","248.75","1.99M","-0.96%"
"09/13/2019","254.40","250.75","255.45","249.30","1.27M","+1.46%"
"09/12/2019","250.75","252.80","252.80","248.70","3.14M","-0.97%"
"09/11/2019","253.20","252.70","254.80","249.85","1.82M","+0.10%"
"09/09/2019","252.95","251.50","253.90","247.60","847.67K","+1.04%"
"09/06/2019","250.35","249.50","251.85","245.00","1.42M","+0.87%"
"09/05/2019","248.20","248.10","249.70","247.10","1.82M","+0.06%"
"09/04/2019","248.05","249.45","252.45","246.25","1.83M","-0.08%"
"09/03/2019","248.25","248.80","256.35","246.70","2.52M","-0.88%"
"08/30/2019","250.45","257.85","257.85","247.35","2.42M","-3.10%"
"08/29/2019","258.45","246.35","264.35","245.35","2.75M","+3.88%"
"08/28/2019","248.80","245.95","250.50","244.40","1.09M","+1.53%"
"08/27/2019","245.05","245.70","247.95","242.85","2.15M","-0.16%"
"08/26/2019","245.45","247.70","250.10","242.15","922.86K","-0.61%"
"08/23/2019","246.95","246.55","248.40","241.15","2.10M","+0.16%"
"08/22/2019","246.55","246.10","248.75","244.25","1.64M","-0.68%"
"08/21/2019","248.25","254.05","255.75","246.70","1.59M","-2.86%"
"08/20/2019","255.55","253.05","258.50","252.40","1.99M","+0.10%"
"08/19/2019","255.30","251.55","259.50","250.05","3.55M","+2.45%"
"08/16/2019","249.20","249.00","251.00","243.50","2.11M","+0.14%"
"08/14/2019","248.85","246.70","252.00","246.20","1.68M","+0.89%"
"08/13/2019","246.65","250.00","253.45","243.80","3.19M","-2.14%"
"08/09/2019","252.05","250.25","255.00","248.20","1.85M","+0.72%"
"08/08/2019","250.25","246.50","253.55","246.05","2.36M","+1.91%"
"08/07/2019","245.55","246.80","249.85","241.00","3.17M","-0.22%"
"08/06/2019","246.10","244.00","248.50","243.00","2.09M","+0.31%"
"08/05/2019","245.35","249.00","250.85","242.15","3.10M","-2.41%"
"08/02/2019","251.40","249.00","254.30","245.30","2.14M","+0.18%"
"08/01/2019","250.95","245.75","253.95","244.00","5.10M","+2.12%"
"07/31/2019","245.75","249.00","250.00","238.70","2.62M","-1.52%"
"07/30/2019","249.55","257.00","259.50","245.10","2.92M","-2.71%"
"07/29/2019","256.50","269.50","270.05","255.05","2.74M","-5.07%"
"07/26/2019","270.20","263.95","271.80","263.10","1.96M","+3.17%"
"07/25/2019","261.90","269.60","279.85","259.30","8.45M","-0.85%"
"07/24/2019","264.15","261.30","266.70","260.60","2.29M","+0.90%"
"07/23/2019","261.80","262.00","265.60","258.05","1.80M","-0.85%"
"07/22/2019","264.05","259.60","268.30","258.55","2.21M","+1.75%"
"07/19/2019","259.50","264.00","266.85","257.20","1.45M","-1.39%"
"07/18/2019","263.15","264.00","264.75","261.50","1.41M","-0.32%"
"07/17/2019","264.00","263.00","265.90","262.00","894.40K","+0.11%"
"07/16/2019","263.70","261.60","264.70","261.30","837.65K","+0.55%"
"07/15/2019","262.25","262.70","263.60","261.25","2.16M","-0.27%"
"07/12/2019","262.95","264.00","268.45","262.00","1.57M","-0.74%"
"07/11/2019","264.90","255.05","265.80","255.00","2.56M","+1.90%"
"07/10/2019","259.95","260.10","260.95","258.15","1.73M","-0.29%"
"07/09/2019","260.70","261.25","261.50","256.05","1.18M","-0.69%"
"07/08/2019","262.50","262.00","265.00","261.20","2.64M","+0.57%"
"07/05/2019","261.00","263.20","268.85","259.20","2.41M","-0.80%"
"07/04/2019","263.10","266.25","266.50","261.75","1.65M","-0.96%"
"07/03/2019","265.65","266.10","266.75","261.40","1.52M","-0.09%"
"07/02/2019","265.90","267.00","267.65","264.15","1.05M","+0.09%"
"07/01/2019","265.65","269.00","269.00","263.55","1.70M","-0.52%"
"06/28/2019","267.05","274.90","274.90","265.90","3.26M","-2.82%"
"06/27/2019","274.80","272.50","278.45","271.55","4.70M","+1.33%"
"06/26/2019","271.20","269.00","272.00","267.50","1.49M","+0.52%"
"06/25/2019","269.80","272.00","272.55","266.00","2.01M","-1.10%"
"06/24/2019","272.80","275.00","275.95","271.50","581.86K","-0.93%"
"06/21/2019","275.35","276.40","278.05","271.40","2.13M","-1.33%"
"06/20/2019","279.05","269.15","280.25","269.15","1.33M","+2.55%"
"06/19/2019","272.10","269.40","273.00","267.00","1.55M","+0.74%"
"06/18/2019","270.10","272.50","273.15","265.15","1.36M","-0.75%"
"06/17/2019","272.15","274.50","280.00","270.80","2.90M","-1.05%"
"06/14/2019","275.05","270.65","276.00","270.10","1.80M","+1.36%"
"06/13/2019","271.35","274.05","274.55","269.15","1.59M","-0.70%"
"06/12/2019","273.25","282.00","282.40","272.05","2.15M","-3.50%"
"06/11/2019","283.15","283.60","288.50","279.10","2.41M","+0.43%"
"06/10/2019","281.95","281.55","288.50","280.00","3.38M","+0.82%"
"06/07/2019","279.65","274.50","282.90","271.80","3.36M","+2.25%"
"06/06/2019","273.50","274.25","275.90","268.80","2.90M","-0.18%"
"06/04/2019","274.00","268.85","275.00","268.55","2.55M","+1.95%"
"06/03/2019","268.75","273.00","276.00","267.40","2.59M","-0.09%"
"05/31/2019","269.00","274.00","275.35","267.35","2.07M","-1.07%"
"05/30/2019","271.90","276.40","276.70","271.10","1.37M","-1.38%"
"05/29/2019","275.70","269.90","278.30","267.20","4.59M","+2.49%"
"05/28/2019","269.00","280.00","280.95","267.00","5.40M","-3.77%"
"05/27/2019","279.55","280.35","282.85","276.45","1.66M","+0.72%"
"05/24/2019","277.55","273.10","280.35","269.80","2.47M","+1.35%"
"05/23/2019","273.85","273.00","277.00","271.00","1.60M","+1.67%"
"05/22/2019","269.35","275.85","280.90","268.95","3.24M","-2.44%"
"05/21/2019","276.10","270.10","281.45","270.10","4.68M","+2.43%"
"05/20/2019","269.55","270.00","275.50","267.80","1.20M","+0.32%"
"05/17/2019","268.70","269.00","270.90","265.50","1.25M","+0.21%"
"05/16/2019","268.15","267.90","270.05","262.35","1.35M","+1.63%"
"05/15/2019","263.85","272.65","273.00","262.15","1.83M","-2.30%"
"05/14/2019","270.05","265.00","274.00","262.35","2.31M","+1.73%"
"05/13/2019","265.45","261.45","269.15","259.60","3.37M","+1.22%"
"05/10/2019","262.25","266.30","267.00","260.75","2.27M","-1.82%"
"05/09/2019","267.10","266.95","269.70","261.50","3.52M","+0.15%"
"05/08/2019","266.70","268.00","270.30","263.65","2.23M","-0.49%"
"05/07/2019","268.00","266.90","270.80","265.75","2.97M","-1.42%"
"05/06/2019","271.85","273.00","273.50","268.30","2.35M","-0.78%"
"05/03/2019","274.00","272.55","278.55","272.10","4.23M","+1.16%"
"05/02/2019","270.85","262.55","272.40","262.55","5.51M","+3.16%"
"04/30/2019","262.55","273.70","278.90","256.50","9.29M","-3.79%"
"04/26/2019","272.90","273.00","278.00","271.35","8.71M","+0.81%"
"04/25/2019","270.70","287.35","298.00","265.65","24.06M","-10.22%"
"04/24/2019","301.50","297.00","303.50","291.00","2.57M","+2.55%"
"04/23/2019","294.00","301.00","303.65","292.55","1.53M","-1.87%"
"04/22/2019","299.60","306.80","310.85","295.55","1.61M","-2.47%"
"04/18/2019","307.20","312.95","314.45","303.25","2.23M","-1.84%"
"04/16/2019","312.95","310.95","316.90","309.40","2.06M","+1.46%"
"04/15/2019","308.45","314.50","316.50","307.30","1.49M","-1.97%"
"04/12/2019","314.65","314.00","317.35","313.00","777.93K","+0.41%"
"04/11/2019","313.35","315.35","317.00","311.05","1.32M","-0.62%"
"04/10/2019","315.30","315.10","318.20","313.65","1.40M","+0.03%"
"04/09/2019","315.20","316.10","318.50","312.50","777.80K","-0.28%"
"04/08/2019","316.10","317.95","318.70","313.70","1.04M","-0.22%"
"04/05/2019","316.80","316.65","320.00","314.40","1.03M","+0.05%"
"04/04/2019","316.65","318.50","319.75","314.70","1.34M","-0.19%"
"04/03/2019","317.25","314.50","320.00","314.15","1.97M","+0.71%"
"04/02/2019","315.00","314.45","318.10","312.15","1.66M","+0.24%"
"04/01/2019","314.25","314.95","317.60","311.50","1.56M","+0.27%"
"03/29/2019","313.40","317.50","319.15","310.85","1.74M","-1.17%"
"03/28/2019","317.10","317.45","319.65","313.45","1.75M","+0.28%"
"03/27/2019","316.20","316.90","318.50","311.10","2.83M","+1.07%"
"03/26/2019","312.85","305.20","314.00","305.20","2.39M","+2.04%"
"03/25/2019","306.60","314.55","314.55","304.75","2.44M","-3.01%"
"03/22/2019","316.10","325.10","329.25","313.90","3.38M","-2.75%"
"03/20/2019","325.05","328.30","333.45","322.25","3.76M","-0.78%"
"03/19/2019","327.60","320.00","331.80","314.15","10.22M","+2.99%"
"03/18/2019","318.10","317.00","321.60","310.85","2.87M","+1.56%"
"03/15/2019","313.20","316.00","320.00","311.25","2.88M","-0.37%"
"03/14/2019","314.35","314.00","318.00","312.00","1.87M","+0.38%"
"03/13/2019","313.15","320.40","321.00","311.05","2.24M","-1.01%"
"03/12/2019","316.35","319.50","322.70","309.00","5.30M","-1.05%"
"03/11/2019","319.70","306.60","322.00","305.95","4.17M","+4.65%"
"03/08/2019","305.50","304.80","310.00","304.05","2.18M","-0.05%"
"03/07/2019","305.65","305.90","309.50","304.45","2.65M","+1.02%"
"03/06/2019","302.55","296.95","306.50","295.35","4.21M","+2.16%"
"03/05/2019","296.15","295.00","297.00","291.60","2.22M","+0.99%"
"03/01/2019","293.25","297.65","297.65","292.00","2.12M","-0.14%"
"02/28/2019","293.65","298.00","298.85","291.50","3.91M","-1.04%"
"02/27/2019","296.75","308.95","309.00","294.80","4.14M","-3.65%"
"02/26/2019","308.00","304.00","310.50","300.15","5.88M","+1.33%"
"02/25/2019","303.95","313.60","313.80","302.45","3.48M","-3.08%"
"02/22/2019","313.60","311.45","321.80","309.00","3.97M","+0.34%"
"02/21/2019","312.55","317.60","318.00","306.30","4.00M","-1.78%"
"02/20/2019","318.20","319.00","322.90","313.65","2.48M","-0.08%"
"02/19/2019","318.45","315.00","324.85","315.00","6.18M","+0.44%"
"02/18/2019","317.05","306.70","319.25","304.70","6.44M","+3.31%"
"02/15/2019","306.90","299.20","310.45","291.95","4.99M","+3.26%"
"02/14/2019","297.20","304.00","304.00","293.50","2.91M","-2.33%"
"02/13/2019","304.30","314.15","315.00","302.80","2.93M","-2.73%"
"02/12/2019","312.85","323.00","324.40","310.65","3.52M","-3.29%"
"02/11/2019","323.50","326.00","329.00","320.00","3.08M","-0.78%"
"02/08/2019","326.05","302.05","335.00","302.05","11.19M","+6.60%"
"02/07/2019","305.85","293.60","308.50","290.65","3.14M","+3.21%"
"02/06/2019","296.35","290.00","298.00","288.80","2.71M","+2.58%"
"02/05/2019","288.90","295.00","295.00","286.45","3.54M","-2.08%"
"02/04/2019","295.05","292.25","297.80","287.50","2.32M","-0.39%"
"02/01/2019","296.20","296.00","298.00","290.85","2.26M","+1.35%"
"01/31/2019","292.25","290.00","296.40","285.00","4.76M","+0.67%"
"01/30/2019","290.30","296.25","299.60","286.05","6.29M","-2.37%"
"01/29/2019","297.35","284.95","298.90","283.40","6.40M","+3.50%"
"01/28/2019","287.30","283.70","293.85","277.05","8.31M","+2.70%"
"01/25/2019","279.75","264.60","282.45","264.10","11.83M","+6.37%"
"01/24/2019","263.00","282.00","283.15","261.20","11.12M","-5.05%"
"01/23/2019","277.00","278.00","281.40","274.80","4.89M","-0.23%"
"01/22/2019","277.65","278.75","280.70","274.50","2.19M","-0.05%"
"01/21/2019","277.80","278.05","279.85","270.65","2.42M","-0.09%"
"01/18/2019","278.05","280.65","283.40","277.00","3.10M","-0.86%"
"01/17/2019","280.45","278.50","282.35","276.40","3.73M","+1.67%"
"01/16/2019","275.85","280.00","284.40","274.50","3.61M","-1.39%"
"01/15/2019","279.75","280.15","283.75","277.65","2.49M","-0.12%"
"01/14/2019","280.10","276.70","282.80","274.35","6.22M","+1.05%"
"01/11/2019","277.20","285.10","286.10","276.15","3.84M","-2.75%"
"01/10/2019","285.05","290.10","290.40","281.60","3.67M","-1.83%"
"01/09/2019","290.35","299.90","299.90","289.25","3.19M","-2.55%"
"01/08/2019","297.95","292.70","300.40","290.00","4.65M","+1.43%"
"01/07/2019","293.75","287.50","295.15","285.10","5.45M","+3.05%"
"01/04/2019","285.05","273.00","288.50","272.00","6.71M","+4.95%"
"01/03/2019","271.60","265.00","273.40","263.60","2.89M","+2.78%"
"01/02/2019","264.25","261.95","266.00","258.70","1.12M","+0.76%"
"01/01/2019","262.25","259.95","263.50","257.80","799.06K","+1.25%"
"12/31/2018","259.00","262.65","265.00","257.20","1.58M","-1.52%"
"12/28/2018","263.00","269.05","269.75","262.00","1.75M","-1.42%"
"12/27/2018","266.80","262.60","269.20","261.50","1.21M","+1.60%"
"12/26/2018","262.60","259.95","265.00","258.25","1.28M","+0.02%"
"12/24/2018","262.55","262.00","271.15","256.00","3.20M","+1.04%"
"12/21/2018","259.85","263.80","265.00","247.45","6.51M","-0.82%"
"12/20/2018","262.00","262.00","263.95","257.95","1.14M","-0.55%"
"12/19/2018","263.45","255.00","267.10","254.55","2.57M","+3.48%"
"12/18/2018","254.60","253.05","257.30","252.70","1.17M","-0.14%"
"12/17/2018","254.95","252.30","255.85","249.25","1.42M","+1.15%"
"12/14/2018","252.05","249.00","252.90","247.25","1.82M","+1.14%"
"12/13/2018","249.20","251.20","252.45","248.35","2.79M","-0.60%"
"12/12/2018","250.70","253.90","256.30","250.00","1.91M","-0.97%"
"12/11/2018","253.15","247.70","257.25","246.00","924.47K","+1.12%"
"12/10/2018","250.35","251.70","251.70","246.25","1.90M","-0.99%"
"12/07/2018","252.85","254.00","256.95","251.55","721.81K","-1.10%"
"12/06/2018","255.65","255.75","257.80","253.55","648.79K","-1.05%"
"12/05/2018","258.35","255.00","259.40","253.35","1.19M","+1.37%"
"12/04/2018","254.85","255.70","257.00","252.50","4.03M","-0.45%"
"12/03/2018","256.00","257.00","259.95","253.95","2.08M","-0.29%"
"11/30/2018","256.75","262.60","265.95","255.30","3.39M","-3.28%"
"11/29/2018","265.45","260.85","266.50","254.25","1.42M","+2.23%"
"11/28/2018","259.65","266.00","266.30","257.60","1.73M","-1.70%"
"11/27/2018","264.15","262.00","268.25","259.15","2.27M","+0.53%"
"11/26/2018","262.75","259.00","268.55","258.30","3.14M","+1.80%"
"11/22/2018","258.10","258.70","263.50","244.10","2.86M","-0.29%"
"11/21/2018","258.85","259.05","260.55","256.45","1.33M","-0.56%"
"11/20/2018","260.30","260.00","261.25","257.90","1.01M","+0.13%"
"11/19/2018","259.95","259.50","261.80","257.50","741.95K","+0.13%"
"11/16/2018","259.60","257.80","262.25","256.00","1.58M","+1.64%"
"11/15/2018","255.40","261.95","261.95","254.00","1.21M","-1.79%"
"11/14/2018","260.05","260.00","261.50","256.85","813.65K","+0.64%"
"11/13/2018","258.40","258.00","261.25","253.55","1.41M","-0.04%"
"11/12/2018","258.50","267.95","268.80","257.45","2.01M","-2.76%"
"11/09/2018","265.85","267.80","274.10","264.35","4.84M","+1.22%"
"11/06/2018","262.65","261.15","265.75","259.30","1.58M","+0.27%"
"11/05/2018","261.95","262.30","264.00","258.05","1.66M","-0.13%"
"11/02/2018","262.30","262.80","264.75","260.25","1.69M","+0.42%"
"11/01/2018","261.20","264.05","266.95","260.35","2.27M","-2.99%"
"10/31/2018","269.25","265.00","271.00","259.40","2.40M","+1.15%"
"10/30/2018","266.20","265.15","267.95","263.50","1.52M","+0.59%"
"10/29/2018","264.65","263.50","266.75","262.55","995.41K","-0.13%"
"10/26/2018","265.00","264.50","268.45","261.85","2.29M","+0.00%"
"10/25/2018","265.00","260.10","270.70","260.00","6.92M","+0.66%"
"10/24/2018","263.25","265.55","267.90","259.90","2.28M","-0.85%"
"10/23/2018","265.50","264.60","270.40","258.60","8.81M","+0.09%"
"10/22/2018","265.25","266.00","267.90","260.65","1.23M","+0.30%"
"10/19/2018","264.45","261.00","268.65","261.00","2.54M","+1.71%"
"10/17/2018","260.00","268.70","269.65","258.20","1.62M","-2.35%"
"10/16/2018","266.25","268.60","277.50","263.80","2.76M","-0.87%"
"10/15/2018","268.60","267.55","271.60","264.85","1.95M","+1.15%"
"10/12/2018","265.55","259.95","267.50","258.00","2.50M","+2.23%"
"10/11/2018","259.75","252.70","262.65","252.00","4.63M","+0.58%"
"10/10/2018","258.25","268.45","276.00","256.50","2.83M","-3.10%"
"10/09/2018","266.50","266.70","273.90","261.95","2.13M","-0.07%"
"10/08/2018","266.70","260.00","269.50","253.15","2.25M","+2.50%"
"10/05/2018","260.20","254.90","264.00","253.60","4.50M","+1.58%"
"10/04/2018","256.15","242.65","261.60","242.25","4.97M","+1.77%"
"10/03/2018","251.70","267.60","267.60","250.00","2.99M","-5.94%"
"10/01/2018","267.60","262.90","272.30","262.00","2.93M","+1.77%"
"09/28/2018","262.95","267.85","275.45","261.50","2.44M","-1.83%"
"09/27/2018","267.85","262.00","271.05","256.85","3.77M","+2.43%"
"09/26/2018","261.50","270.00","273.90","257.70","2.58M","-2.91%"
"09/25/2018","269.35","277.00","280.00","268.05","2.79M","-3.06%"
"09/24/2018","277.85","280.00","283.95","273.05","1.34M","-1.19%"
"09/21/2018","281.20","272.90","282.85","270.60","3.63M","+3.80%"
"09/19/2018","270.90","268.00","272.85","264.00","1.21M","+1.57%"
"09/18/2018","266.70","268.00","268.00","265.00","1.79M","-0.06%"
"09/17/2018","266.85","274.80","275.00","266.00","2.28M","-2.82%"
"09/14/2018","274.60","270.80","275.90","270.55","3.10M","+1.40%"
"09/12/2018","270.80","270.20","272.30","263.30","1.10M","+0.22%"
"09/11/2018","270.20","275.25","276.80","269.00","2.48M","-1.99%"
"09/10/2018","275.70","273.90","279.00","272.70","793.20K","-0.59%"
"09/07/2018","277.35","272.00","279.35","267.20","2.04M","+2.36%"
"09/06/2018","270.95","266.35","277.60","265.60","3.94M","-0.15%"
"09/05/2018","271.35","284.00","284.00","269.25","2.13M","-4.47%"
"09/04/2018","284.05","291.00","292.00","282.40","1.43M","-1.98%"
"09/03/2018","289.80","289.05","292.90","286.00","1.14M","+1.01%"
"08/31/2018","286.90","285.75","294.80","285.00","2.50M","+0.88%"
"08/30/2018","284.40","282.30","286.00","280.10","2.65M","+0.28%"
"08/29/2018","283.60","287.20","287.20","282.25","4.83M","-0.89%"
"08/28/2018","286.15","289.80","289.80","282.60","10.16M","-0.66%"
"08/27/2018","288.05","285.55","289.80","281.60","2.24M","+0.88%"
"08/24/2018","285.55","283.40","291.40","278.85","3.46M","+0.58%"
"08/23/2018","283.90","288.00","290.70","282.55","1.88M","-1.25%"
"08/21/2018","287.50","285.45","289.70","284.35","2.30M","+0.95%"
"08/20/2018","284.80","282.60","287.00","281.90","1.71M","+0.80%"
"08/17/2018","282.55","281.00","285.40","281.00","2.63M","+0.68%"
"08/16/2018","280.65","282.00","283.45","279.00","1.71M","-1.14%"
"08/14/2018","283.90","285.30","285.75","280.20","2.24M","-0.47%"
"08/13/2018","285.25","287.20","287.55","283.45","1.10M","-1.60%"
"08/10/2018","289.90","290.30","293.65","287.60","1.27M","-1.14%"
"08/09/2018","293.25","291.20","296.85","289.30","1.56M","+0.96%"
"08/08/2018","290.45","286.00","292.50","284.15","5.44M","+1.59%"
"08/07/2018","285.90","286.40","289.50","285.00","1.85M","-0.40%"
"08/06/2018","287.05","291.45","291.85","285.75","684.33K","-1.05%"
"08/03/2018","290.10","289.90","292.60","288.75","1.14M","-0.36%"
"08/02/2018","291.15","293.25","297.90","289.40","1.23M","-0.72%"
"08/01/2018","293.25","287.00","297.45","285.75","1.90M","+2.30%"
"07/31/2018","286.65","290.00","291.75","285.95","1.74M","-0.86%"
"07/30/2018","289.15","290.00","292.35","287.00","1.20M","-0.10%"
"07/27/2018","289.45","287.30","290.80","284.10","1.70M","+0.91%"
"07/26/2018","286.85","286.00","288.65","278.05","5.25M","-0.02%"
"07/25/2018","286.90","286.00","291.90","283.45","6.45M","+0.37%"
"07/24/2018","285.85","287.00","288.00","285.10","4.00M","-0.30%"
"07/23/2018","286.70","287.00","289.65","284.00","629.54K","+0.24%"
"07/20/2018","286.00","285.00","288.20","285.00","4.04M","+0.25%"
"07/19/2018","285.30","287.00","292.40","283.40","2.18M","-4.66%"
"07/18/2018","299.25","303.20","305.60","298.75","1.54M","-1.35%"
"07/17/2018","303.35","299.00","307.25","297.10","836.13K","+0.73%"
"07/16/2018","301.15","302.70","305.70","298.30","1.66M","-0.51%"
"07/13/2018","302.70","314.00","314.00","300.35","1.42M","-3.61%"
"07/12/2018","314.05","315.00","317.00","307.65","1.59M","-0.98%"
"07/11/2018","317.15","305.30","319.20","304.00","4.06M","+3.88%"
"07/10/2018","305.30","301.95","307.10","299.85","878.20K","+1.14%"
"07/09/2018","301.85","299.10","303.00","299.10","613.88K","+0.92%"
"07/06/2018","299.10","300.45","303.95","295.35","1.38M","-1.43%"
"07/05/2018","303.45","296.70","305.10","294.30","1.42M","+1.32%"
"07/04/2018","299.50","291.50","301.85","289.55","2.17M","+2.74%"
"07/03/2018","291.50","296.00","297.80","286.60","2.40M","-2.48%"
"07/02/2018","298.90","301.00","304.80","294.80","2.44M","-0.55%"
"06/29/2018","300.55","300.00","307.95","295.60","3.87M","+0.87%"
"06/28/2018","297.95","299.00","300.00","293.90","4.70M","-0.53%"
"06/27/2018","299.55","291.95","302.75","287.20","4.10M","+2.25%"
"06/26/2018","292.95","290.00","294.95","282.35","5.29M","+0.34%"
"06/25/2018","291.95","285.85","293.00","283.25","2.42M","+2.08%"
"06/22/2018","286.00","278.95","287.95","275.45","2.32M","+2.29%"
"06/21/2018","279.60","286.90","286.90","274.55","5.65M","-2.00%"
"06/20/2018","285.30","288.20","290.90","284.10","1.89M","-0.85%"
"06/19/2018","287.75","290.10","292.50","285.90","1.30M","-1.22%"
"06/18/2018","291.30","292.00","294.00","288.90","1.38M","-0.78%"
"06/15/2018","293.60","296.50","297.70","291.60","3.26M","-0.98%"
"06/14/2018","296.50","298.00","299.85","294.90","1.06M","-1.33%"
"06/13/2018","300.50","300.00","302.20","296.60","5.15M","+0.25%"
"06/12/2018","299.75","302.00","302.00","298.60","946.26K","-0.08%"
"06/11/2018","300.00","299.00","302.05","298.00","2.12M","+0.54%"
"06/08/2018","298.40","293.90","299.45","293.10","1.36M","+1.57%"
"06/07/2018","293.80","294.20","295.50","292.60","2.47M","-0.27%"
"06/06/2018","294.60","295.00","297.20","292.75","1.43M","-0.02%"
"06/05/2018","294.65","298.50","298.50","289.50","2.36M","-0.17%"
"06/04/2018","295.15","302.00","302.15","294.00","926.73K","-1.83%"
"06/01/2018","300.65","300.20","303.90","298.75","1.27M","+0.67%"
"05/31/2018","298.65","301.55","304.00","293.35","11.37M","-0.83%"
"05/30/2018","301.15","307.00","307.00","298.95","2.55M","-1.23%"
"05/29/2018","304.90","312.00","313.80","303.15","2.63M","-1.87%"
"05/28/2018","310.70","315.85","317.95","309.20","1.20M","-1.32%"
"05/25/2018","314.85","318.00","318.15","312.00","1.11M","-1.10%"
"05/24/2018","318.35","318.80","319.55","313.65","4.11M","+0.33%"
"05/23/2018","317.30","317.00","319.50","313.75","3.69M","+0.46%"
"05/22/2018","315.85","319.50","320.70","313.05","2.44M","-1.82%"
"05/21/2018","321.70","316.00","323.50","315.60","1.52M","+1.76%"
"05/18/2018","316.15","318.50","322.25","315.10","1.95M","-1.74%"
"05/17/2018","321.75","317.70","324.75","312.90","3.26M","+2.08%"
"05/16/2018","315.20","312.20","323.80","308.20","2.25M","+0.88%"
"05/15/2018","312.45","315.00","315.65","311.10","3.70M","-1.12%"
"05/14/2018","316.00","319.25","323.30","313.00","1.31M","-1.20%"
"05/11/2018","319.85","320.70","322.85","315.45","2.81M","-0.27%"
"05/10/2018","320.70","324.90","328.30","317.20","2.81M","-1.28%"
"05/09/2018","324.85","323.90","328.20","322.15","2.74M","+1.20%"
"05/08/2018","321.00","323.00","324.50","319.60","7.31M","+0.11%"
"05/07/2018","320.65","321.10","324.45","319.30","2.62M","-0.56%"
"05/04/2018","322.45","321.70","325.00","318.65","2.13M","-0.77%"
"05/03/2018","324.95","311.35","327.00","311.35","4.40M","+3.55%"
"05/02/2018","313.80","314.95","318.40","312.35","5.74M","+0.22%"
"04/30/2018","313.10","317.10","321.90","312.00","3.44M","-2.23%"
"04/27/2018","320.25","316.15","324.65","313.35","4.36M","+1.31%"
"04/26/2018","316.10","326.50","327.00","310.50","6.21M","-2.87%"
"04/25/2018","325.45","338.00","338.95","322.30","5.00M","-1.08%"
"04/24/2018","329.00","327.00","334.60","315.65","4.98M","+0.30%"
"04/23/2018","328.00","332.00","332.60","324.50","2.48M","-0.94%"
"04/20/2018","331.10","337.40","337.40","326.40","1.31M","-1.44%"
"04/19/2018","335.95","337.00","338.60","334.40","2.58M","-0.03%"
"04/18/2018","336.05","335.00","338.00","334.50","2.88M","+0.61%"
"04/17/2018","334.00","342.20","343.00","330.40","2.80M","-1.78%"
"04/16/2018","340.05","334.50","343.40","334.50","4.18M","+0.10%"
"04/13/2018","339.70","341.00","348.45","336.90","2.36M","-0.29%"
"04/12/2018","340.70","339.20","341.55","335.95","2.14M","+0.96%"
"04/11/2018","337.45","336.05","339.90","335.55","3.47M","+0.60%"
"04/10/2018","335.45","339.00","341.00","332.10","3.47M","-0.52%"
"04/09/2018","337.20","338.00","340.20","336.25","5.70M","-0.24%"
"04/06/2018","338.00","338.00","342.85","335.35","5.58M","-0.01%"
"04/05/2018","338.05","337.55","340.50","330.25","3.81M","+0.33%"
"04/04/2018","336.95","337.00","338.95","335.00","1.39M","-0.65%"
"04/03/2018","339.15","336.50","342.30","334.50","1.17M","+0.44%"
"04/02/2018","337.65","336.00","344.40","335.90","1.64M","+0.45%"
"03/28/2018","336.15","337.50","342.00","331.05","7.05M","-0.12%"
"03/27/2018","336.55","346.70","346.70","332.75","3.19M","-2.15%"
"03/26/2018","343.95","340.00","346.30","339.15","1.35M","+0.42%"
"03/23/2018","342.50","330.00","344.90","329.00","2.99M","+2.18%"
"03/22/2018","335.20","337.40","344.45","330.90","2.26M","-0.58%"
"03/21/2018","337.15","345.80","345.80","336.30","2.83M","-1.39%"
"03/20/2018","341.90","325.00","343.95","323.45","5.52M","+5.09%"
"03/19/2018","325.35","334.95","337.15","320.05","2.26M","-2.72%"
"03/16/2018","334.45","339.00","343.40","332.50","3.78M","-1.02%"
"03/15/2018","337.90","340.00","344.85","336.25","1.35M","-0.37%"
"03/14/2018","339.15","345.90","346.70","337.55","2.24M","-2.82%"
"03/13/2018","349.00","336.00","350.00","336.00","2.49M","+2.80%"
"03/12/2018","339.50","335.50","343.60","332.65","6.68M","+1.91%"
"03/09/2018","333.15","332.00","338.10","328.85","5.49M","+0.59%"
"03/08/2018","331.20","331.00","344.45","324.50","7.19M","+0.53%"
"03/07/2018","329.45","331.00","336.60","327.65","10.04M","-0.75%"
"03/06/2018","331.95","339.80","340.45","328.80","10.60M","-2.12%"
"03/05/2018","339.15","342.50","342.50","335.00","2.29M","-1.75%"
"03/01/2018","345.20","348.00","352.20","342.25","3.37M","-0.43%"
"02/28/2018","346.70","340.00","351.40","338.90","41.05M","+0.55%"
"02/27/2018","344.80","346.90","349.35","339.95","6.74M","+0.10%"
"02/26/2018","344.45","344.75","348.00","335.90","11.04M","+1.19%"
"02/23/2018","340.40","332.10","344.40","330.05","3.11M","+1.96%"
"02/22/2018","333.85","335.00","338.05","330.00","8.41M","-1.24%"
"02/21/2018","338.05","334.90","339.50","332.50","2.19M","+1.21%"
"02/20/2018","334.00","332.00","335.75","322.70","2.35M","+1.26%"
"02/19/2018","329.85","330.85","333.40","325.10","2.59M","+0.70%"
"02/16/2018","327.55","334.40","334.40","322.55","2.40M","-1.06%"
"02/15/2018","331.05","329.10","336.90","327.25","3.53M","+1.11%"
"02/14/2018","327.40","339.55","340.40","325.25","7.36M","-3.21%"
"02/12/2018","338.25","345.40","346.15","336.25","3.25M","-0.95%"
"02/09/2018","341.50","342.90","349.15","339.05","3.05M","-2.21%"
"02/08/2018","349.20","341.00","351.95","340.00","1.44M","+3.15%"
"02/07/2018","338.55","348.05","353.90","336.15","3.38M","-1.86%"
"02/06/2018","344.95","339.40","349.20","328.15","1.66M","-1.16%"
"02/05/2018","349.00","336.00","354.10","330.05","2.69M","+1.20%"
"02/02/2018","344.85","342.00","349.60","341.80","4.47M","-0.58%"
"02/01/2018","346.85","352.00","354.00","343.50","3.05M","-1.34%"
"01/31/2018","351.55","345.00","353.95","343.20","4.00M","+2.06%"
"01/30/2018","344.45","352.20","354.60","342.10","3.72M","-2.53%"
"01/29/2018","353.40","343.00","355.65","340.50","4.25M","+2.90%"
"01/25/2018","343.45","342.10","348.80","340.55","4.68M","+0.34%"
"01/24/2018","342.30","339.00","345.85","338.45","4.93M","+0.85%"
"01/23/2018","339.40","344.40","345.50","337.85","5.67M","-1.19%"
"01/22/2018","343.50","344.50","349.00","339.80","6.69M","-0.74%"
"01/19/2018","346.05","346.00","348.55","339.25","7.65M","+0.65%"
"01/18/2018","343.80","365.00","365.05","342.25","4.26M","-6.09%"
"01/17/2018","366.10","365.00","373.20","360.85","3.00M","-0.50%"
"01/16/2018","367.95","373.45","375.35","366.15","1.80M","-0.69%"
"01/15/2018","370.50","374.50","378.50","369.00","1.04M","-1.15%"
"01/12/2018","374.80","364.05","376.95","364.05","2.83M","+1.92%"
"01/11/2018","367.75","371.00","371.75","363.90","2.37M","-0.82%"
"01/10/2018","370.80","368.50","373.00","364.60","4.20M","+0.65%"
"01/09/2018","368.40","370.15","376.85","367.20","1.66M","-1.60%"
"01/08/2018","374.40","372.60","376.45","372.05","1.75M","+0.48%"
"01/05/2018","372.60","381.45","381.45","371.50","1.58M","-1.70%"
"01/04/2018","379.05","381.80","381.80","377.25","4.25M","+0.11%"
"01/03/2018","378.65","379.70","383.45","376.45","2.01M","-0.04%"
"01/02/2018","378.80","371.00","380.00","370.10","4.09M","+2.39%"
"01/01/2018","369.95","379.90","379.90","368.35","1.79M","-2.32%"
"12/29/2017","378.75","369.70","380.55","367.10","4.22M","+2.88%"
"12/28/2017","368.15","367.50","371.80","364.50","4.30M","+0.18%"
"12/27/2017","367.50","369.50","371.00","365.25","1.20M","-0.57%"
"12/26/2017","369.60","363.00","370.50","362.65","1.65M","+1.55%"
"12/22/2017","363.95","361.25","365.35","358.75","2.86M","+0.65%"
"12/21/2017","361.60","364.95","365.85","360.25","1.51M","-0.73%"
"12/20/2017","364.25","362.50","366.70","362.50","2.11M","+0.48%"
"12/19/2017","362.50","357.50","363.90","357.50","1.74M","+1.33%"
"12/18/2017","357.75","353.75","361.90","347.10","2.96M","+0.92%"
"12/15/2017","354.50","358.05","361.45","353.30","2.42M","-0.60%"
"12/14/2017","356.65","358.20","362.90","355.10","2.05M","-0.29%"
"12/13/2017","357.70","357.50","362.90","355.15","2.36M","+0.65%"
"12/12/2017","355.40","369.00","369.00","354.25","3.32M","-3.44%"
"12/11/2017","368.05","377.00","377.90","367.20","3.03M","-1.51%"
"12/08/2017","373.70","380.05","381.55","372.35","3.15M","-2.26%"
"12/07/2017","382.35","367.60","384.90","367.15","1.77M","+3.24%"
"12/06/2017","370.35","378.25","378.25","366.50","2.17M","-2.17%"
"12/05/2017","378.55","374.15","380.45","371.25","2.14M","+0.54%"
"12/04/2017","376.50","386.00","388.45","375.10","1.42M","-2.45%"
"12/01/2017","385.95","387.00","388.40","382.85","3.52M","+0.59%"
"11/30/2017","383.70","385.00","387.90","380.60","12.96M","-0.12%"
"11/29/2017","384.15","376.80","384.90","376.45","6.01M","+1.67%"
"11/28/2017","377.85","383.15","387.35","376.05","4.13M","-2.26%"
"11/27/2017","386.60","381.25","387.70","378.40","2.42M","+1.52%"
"11/24/2017","380.80","378.00","382.00","376.40","2.49M","+1.66%"
"11/23/2017","374.60","381.15","386.40","373.10","4.56M","-0.49%"
"11/22/2017","376.45","385.80","385.80","373.60","5.75M","-1.85%"
"11/21/2017","383.55","386.40","386.95","381.00","3.63M","-0.04%"
"11/20/2017","383.70","385.40","392.90","381.70","6.43M","+0.93%"
"11/17/2017","380.15","387.45","388.80","376.55","3.33M","-1.17%"
"11/16/2017","384.65","381.10","392.50","380.35","5.47M","+1.85%"
"11/15/2017","377.65","396.00","399.40","375.15","3.28M","-4.86%"
"11/14/2017","396.95","406.00","406.40","391.50","131.34M","-4.46%"
"11/13/2017","415.50","429.40","429.40","405.25","3.42M","-2.64%"
"11/10/2017","426.75","423.85","432.60","421.70","3.35M","-0.57%"
"11/09/2017","429.20","438.45","443.45","424.45","4.97M","-1.37%"
"11/08/2017","435.15","432.00","439.60","430.10","4.41M","+1.90%"
"11/07/2017","427.05","427.05","432.95","420.50","3.10M","+0.71%"
"11/06/2017","424.05","417.15","429.00","413.00","3.60M","+2.49%"
"11/03/2017","413.75","419.00","421.30","412.05","1.62M","-1.17%"
"11/02/2017","418.65","428.00","428.70","415.60","2.63M","-1.85%"
"11/01/2017","426.55","446.00","452.00","422.40","3.57M","-3.53%"
"10/31/2017","442.15","428.50","448.35","419.20","5.95M","+2.90%"
"10/30/2017","429.70","423.70","435.00","421.70","4.40M","+2.66%"
"10/27/2017","418.55","453.00","454.00","415.00","4.53M","-8.09%"
"10/26/2017","455.40","451.50","465.00","436.45","2.34M","+0.72%"
"10/25/2017","452.15","458.90","464.35","450.80","2.72M","-0.25%"
"10/24/2017","453.30","448.05","459.85","437.85","3.50M","+0.96%"
"10/23/2017","449.00","460.00","468.85","445.25","3.47M","-2.76%"
"10/18/2017","461.75","476.70","482.00","460.05","3.85M","-3.64%"
"10/17/2017","479.20","468.00","482.80","467.00","9.08M","+1.63%"
"10/16/2017","471.50","455.95","474.25","450.60","9.40M","+4.79%"
"10/13/2017","449.95","434.95","455.00","432.80","16.95M","+4.16%"
"10/12/2017","432.00","412.80","438.00","402.70","10.40M","+5.24%"
"10/11/2017","410.50","403.00","414.00","401.90","5.10M","+2.66%"
"10/10/2017","399.85","398.50","404.55","398.50","2.03M","+0.34%"
"10/09/2017","398.50","402.80","405.95","397.55","1.39M","-0.36%"
"10/06/2017","399.95","407.80","409.90","399.00","2.03M","-1.16%"
"10/05/2017","404.65","412.10","413.00","402.65","1.92M","-2.85%"
"10/04/2017","416.50","408.50","419.65","408.00","3.46M","+1.96%"
"10/03/2017","408.50","404.90","410.20","399.00","4.04M","+2.54%"
"09/29/2017","398.40","393.60","411.70","393.05","5.14M","+1.48%"
"09/28/2017","392.60","380.00","395.70","375.00","2.46M","+2.60%"
"09/27/2017","382.65","379.80","386.40","376.25","2.08M","+1.66%"
"09/26/2017","376.40","394.00","394.00","373.85","1.83M","-3.82%"
"09/25/2017","391.35","388.75","397.40","387.30","2.58M","+0.35%"
"09/22/2017","390.00","386.00","394.55","385.20","1.62M","+0.61%"
"09/21/2017","387.65","395.90","399.55","386.60","2.12M","-1.60%"
"09/20/2017","393.95","396.70","400.95","393.05","1.47M","-1.09%"
"09/19/2017","398.30","390.75","399.90","388.15","1.96M","+2.36%"
"09/18/2017","389.10","374.50","392.00","374.50","2.75M","+4.04%"
"09/15/2017","374.00","374.65","382.90","369.65","11.44M","+1.07%"
"09/14/2017","370.05","370.90","373.95","368.50","1.57M","-0.16%"
"09/13/2017","370.65","371.60","374.35","366.40","4.21M","+0.15%"
"09/12/2017","370.10","369.50","370.80","363.65","2.83M","+0.16%"
"09/11/2017","369.50","371.50","372.15","366.50","731.57K","-0.31%"
"09/08/2017","370.65","374.40","374.65","368.65","2.53M","+0.14%"
"09/07/2017","370.15","371.45","373.90","368.40","1.12M","-0.35%"
"09/06/2017","371.45","372.25","373.50","367.50","1.40M","-0.11%"
"09/05/2017","371.85","378.55","379.25","368.20","1.82M","-1.56%"
"09/04/2017","377.75","380.00","380.60","375.45","751.85K","-0.51%"
"09/01/2017","379.70","376.30","381.85","375.30","1.24M","+1.20%"
"08/31/2017","375.20","386.80","387.55","367.05","7.48M","-2.48%"
"08/30/2017","384.75","383.95","385.85","379.60","838.09K","+1.17%"
"08/29/2017","380.30","387.60","387.60","377.00","1.10M","-1.66%"
"08/28/2017","386.70","387.55","388.80","382.75","1.40M","+0.73%"
"08/24/2017","383.90","382.90","387.80","380.30","1.86M","+0.29%"
"08/23/2017","382.80","389.90","389.90","380.75","1.20M","-1.30%"
"08/22/2017","387.85","386.90","396.00","385.65","2.61M","+0.32%"
"08/21/2017","386.60","395.70","396.55","382.65","1.96M","-2.20%"
"08/18/2017","395.30","381.00","396.75","379.95","4.43M","+4.20%"
"08/17/2017","379.35","388.00","388.75","378.55","1.59M","-0.93%"
"08/16/2017","382.90","382.50","383.80","377.90","1.99M","+0.80%"
"08/14/2017","379.85","385.90","385.90","378.50","2.68M","-0.64%"
"08/11/2017","382.30","376.10","383.75","376.10","2.65M","-0.04%"
"08/10/2017","382.45","380.30","387.90","378.95","3.05M","+0.20%"
"08/09/2017","381.70","379.00","385.40","379.00","2.75M","-0.50%"
"08/08/2017","383.60","389.00","389.80","380.00","12.86M","-3.58%"
"08/07/2017","397.85","406.50","408.50","395.60","2.45M","-2.14%"
"08/04/2017","406.55","400.00","408.90","399.00","2.08M","+0.64%"
"08/03/2017","403.95","399.00","407.50","396.00","3.43M","+1.53%"
"08/02/2017","397.85","402.00","407.00","395.30","2.25M","-1.45%"
"08/01/2017","403.70","401.40","407.05","398.75","1.63M","+0.57%"
"07/31/2017","401.40","398.65","406.00","395.25","3.11M","-0.62%"
"07/28/2017","403.90","413.90","413.90","398.65","2.25M","-1.74%"
"07/27/2017","411.05","417.00","417.00","409.00","2.80M","-0.59%"
"07/26/2017","413.50","412.65","414.90","407.55","1.49M","-0.52%"
"07/25/2017","415.65","414.90","425.00","413.45","2.97M","+1.65%"
"07/24/2017","408.90","413.30","415.45","403.35","2.06M","-0.34%"
"07/21/2017","410.30","406.90","411.75","401.25","1.37M","+1.03%"
"07/20/2017","406.10","412.20","414.95","404.55","1.83M","-2.18%"
"07/19/2017","415.15","417.90","422.90","412.00","1.49M","-0.73%"
"07/18/2017","418.20","414.15","424.75","414.15","2.19M","-0.11%"
"07/17/2017","418.65","417.80","420.30","415.70","1.08M","+0.20%"
"07/14/2017","417.80","413.70","418.45","408.65","1.58M","+1.75%"
"07/13/2017","410.60","420.95","421.90","407.25","3.11M","-2.31%"
"07/12/2017","420.30","410.00","422.35","405.60","4.39M","+2.55%"
"07/11/2017","409.85","410.30","414.55","405.25","2.58M","-0.11%"
"07/10/2017","410.30","415.00","415.00","404.00","1.24M","+1.47%"
"07/07/2017","404.35","413.00","414.65","402.15","2.67M","-2.50%"
"07/06/2017","414.70","403.55","416.20","398.60","2.22M","+2.89%"
"07/05/2017","403.05","397.75","405.75","397.75","1.04M","+0.37%"
"07/04/2017","401.55","399.80","405.90","396.60","2.41M","+0.96%"
"07/03/2017","397.75","374.50","399.90","374.45","4.18M","+6.19%"
"06/30/2017","374.55","375.00","377.05","371.25","980.67K","-0.97%"
"06/29/2017","378.20","379.90","382.50","374.25","5.45M","+0.46%"
"06/28/2017","376.45","372.60","379.95","371.10","1.77M","+0.84%"
"06/27/2017","373.30","373.70","375.90","368.80","1.85M","+0.31%"
"06/23/2017","372.15","377.35","378.55","371.05","2.16M","-0.76%"
"06/22/2017","375.00","372.20","376.50","371.00","1.12M","+0.89%"
"06/21/2017","371.70","377.50","378.10","370.50","2.39M","-1.43%"
"06/20/2017","377.10","377.15","381.50","375.70","1.33M","+0.15%"
"06/19/2017","376.55","376.00","383.90","373.50","2.16M","+0.39%"
"06/16/2017","375.10","374.80","384.65","373.25","2.70M","+0.08%"
"06/15/2017","374.80","385.30","389.10","370.65","2.37M","-2.93%"
"06/14/2017","386.10","382.70","387.40","381.45","1.32M","+0.49%"
"06/13/2017","384.20","385.00","389.85","379.55","1.86M","-0.14%"
"06/12/2017","384.75","380.55","386.00","376.80","1.66M","+0.55%"
"06/09/2017","382.65","379.85","384.75","377.10","1.55M","+0.74%"
"06/08/2017","379.85","383.00","383.10","374.80","1.11M","-0.87%"
"06/07/2017","383.20","385.75","388.60","379.70","1.61M","+0.01%"
"06/06/2017","383.15","383.00","388.90","379.80","2.54M","+0.18%"
"06/05/2017","382.45","381.30","384.90","375.60","3.56M","+2.08%"
"06/02/2017","374.65","376.45","382.90","371.00","1.33M","-0.43%"
"06/01/2017","376.25","370.10","379.45","369.80","2.51M","+2.63%"
"05/31/2017","366.60","374.25","374.35","360.65","3.61M","-1.52%"
"05/30/2017","372.25","379.35","379.85","365.65","1.27M","-1.87%"
"05/29/2017","379.35","370.00","381.40","367.70","3.89M","+2.54%"
"05/26/2017","369.95","370.00","377.20","366.30","1.92M","-0.95%"
"05/25/2017","373.50","369.10","376.35","365.85","7.29M","+1.22%"
"05/24/2017","369.00","379.85","382.00","367.20","3.13M","-2.86%"
"05/23/2017","379.85","385.00","390.00","378.40","3.81M","-2.09%"
"05/22/2017","387.95","383.70","389.30","376.15","2.77M","+2.37%"
"05/19/2017","378.95","381.10","387.50","374.85","2.03M","+0.01%"
"05/18/2017","378.90","388.40","388.85","377.00","2.01M","-2.82%"
"05/17/2017","389.90","377.60","396.50","375.10","2.27M","+3.55%"
"05/16/2017","376.55","371.15","380.85","370.05","1.35M","+1.48%"
"05/15/2017","371.05","375.80","375.80","368.65","761.03K","-0.97%"
"05/12/2017","374.70","378.80","379.25","369.80","1.56M","-0.95%"
"05/11/2017","378.30","368.40","381.65","366.50","3.25M","+3.18%"
"05/10/2017","366.65","360.00","369.00","360.00","2.25M","+0.20%"
"05/09/2017","365.90","356.35","371.25","356.35","2.15M","+0.40%"
"05/08/2017","364.45","368.05","370.90","363.00","686.16K","-0.59%"
"05/05/2017","366.60","360.85","370.00","358.50","1.98M","+0.89%"
"05/04/2017","363.35","364.80","365.60","360.00","1.32M","+0.10%"
"05/03/2017","363.00","357.60","365.55","353.90","1.94M","+2.48%"
"05/02/2017","354.20","354.70","358.90","349.30","4.27M","-0.14%"
"04/28/2017","354.70","365.55","368.50","353.35","1.43M","-3.30%"
"04/27/2017","366.80","363.05","369.55","361.40","1.34M","-0.14%"
"04/26/2017","367.30","377.00","377.50","364.25","3.23M","-2.12%"
"04/25/2017","375.25","362.00","377.30","357.95","4.44M","+4.75%"
"04/24/2017","358.25","354.00","360.00","349.50","2.95M","+1.53%"
"04/21/2017","352.85","346.00","356.30","345.85","2.03M","+2.96%"
"04/20/2017","342.70","345.90","346.00","341.70","2.56M","-1.15%"
"04/19/2017","346.70","337.05","347.75","333.75","3.38M","+2.91%"
"04/18/2017","336.90","343.15","350.90","330.75","6.10M","-2.16%"
"04/17/2017","344.35","355.00","355.50","340.50","1.50M","-3.01%"
"04/13/2017","355.05","371.00","371.00","350.60","1.64M","-3.27%"
"04/12/2017","367.05","357.50","372.30","352.15","4.28M","+3.23%"
"04/11/2017","355.55","355.90","362.95","353.00","4.05M","-0.41%"
"04/10/2017","357.00","348.50","360.90","348.00","4.08M","+2.70%"
"04/07/2017","347.60","338.10","348.70","333.60","2.52M","+2.49%"
"04/06/2017","339.15","336.10","340.75","325.40","2.80M","+0.43%"
"04/05/2017","337.70","330.10","343.70","328.65","4.89M","+2.47%"
"04/03/2017","329.55","325.90","332.30","318.75","2.17M","+1.12%"
"03/31/2017","325.90","327.80","328.90","322.50","1.86M","-3.21%"
"03/30/2017","336.70","337.45","339.45","331.00","3.99M","-0.04%"
"03/29/2017","336.85","320.80","340.85","320.10","13.69M","+5.71%"
"03/28/2017","318.65","315.00","323.90","313.70","5.34M","+1.95%"
"03/27/2017","312.55","312.90","315.30","307.40","1.78M","+0.69%"
"03/24/2017","310.40","313.00","314.55","309.25","1.35M","-1.00%"
"03/23/2017","313.55","316.30","317.00","312.50","1.67M","+0.19%"
"03/22/2017","312.95","312.90","317.00","310.45","3.93M","-0.16%"
"03/21/2017","313.45","310.90","314.50","310.35","1.65M","+1.51%"
"03/20/2017","308.80","307.00","314.45","303.65","2.11M","-0.29%"
"03/17/2017","309.70","312.00","312.10","305.65","4.63M","-0.26%"
"03/16/2017","310.50","311.00","311.75","309.25","1.57M","+0.52%"
"03/15/2017","308.90","312.00","312.80","308.05","2.64M","-0.37%"
"03/14/2017","310.05","313.90","315.00","307.50","2.55M","+0.52%"
"03/10/2017","308.45","308.95","312.80","306.05","3.37M","+1.08%"
"03/09/2017","305.15","306.70","308.90","303.10","2.49M","-1.55%"
"03/08/2017","309.95","311.50","311.50","306.35","1.82M","-0.05%"
"03/07/2017","310.10","310.40","314.90","309.00","3.42M","+0.00%"
"03/06/2017","310.10","308.85","312.75","305.75","5.74M","+0.71%"
"03/03/2017","307.90","295.00","310.00","294.05","12.44M","+6.25%"
"03/02/2017","289.80","292.40","293.75","287.80","2.88M","+0.29%"
"03/01/2017","288.95","285.00","292.05","285.00","5.15M","+1.65%"
"02/28/2017","284.25","290.05","294.00","281.75","12.47M","-1.35%"
"02/27/2017","288.15","300.00","300.95","287.10","5.40M","-3.27%"
"02/23/2017","297.90","301.00","303.50","295.95","5.18M","-0.95%"
"02/22/2017","300.75","296.00","303.00","296.00","4.01M","+1.74%"
"02/21/2017","295.60","308.70","309.85","294.15","4.46M","-4.26%"
"02/20/2017","308.75","308.00","310.30","306.20","1.47M","+0.32%"
"02/17/2017","307.75","320.00","321.05","306.00","3.91M","-3.60%"
"02/16/2017","319.25","323.20","323.75","316.70","3.32M","-1.39%"
"02/15/2017","323.75","319.05","327.75","318.00","4.53M","+1.57%"
"02/14/2017","318.75","323.00","323.50","315.60","2.20M","-0.55%"
"02/13/2017","320.50","318.20","324.60","317.25","1.83M","+1.09%"
"02/10/2017","317.05","320.00","323.75","313.90","3.48M","-0.61%"
"02/09/2017","319.00","311.00","322.45","308.75","6.83M","+2.89%"
"02/08/2017","310.05","300.50","311.00","299.25","3.98M","+2.90%"
"02/07/2017","301.30","304.00","312.40","299.15","5.23M","-1.07%"
"02/06/2017","304.55","303.00","308.35","300.65","3.34M","+1.57%"
"02/03/2017","299.85","294.20","303.95","294.20","7.37M","+2.51%"
"02/02/2017","292.50","294.40","296.00","286.60","7.71M","-0.63%"
"02/01/2017","294.35","293.00","303.40","289.60","7.89M","+0.19%"
"01/31/2017","293.80","333.00","333.00","282.70","17.05M","-10.62%"
"01/30/2017","328.70","351.55","356.00","327.00","3.14M","-7.12%"
"01/27/2017","353.90","352.25","356.70","352.25","570.51K","+0.61%"
"01/25/2017","351.75","354.75","354.75","348.45","1.60M","+0.31%"
"01/24/2017","350.65","350.95","352.55","344.30","1.22M","+1.11%"
"01/23/2017","346.80","352.15","352.90","346.00","1.31M","-1.81%"
"01/20/2017","353.20","357.00","357.85","350.45","766.20K","-1.41%"
"01/19/2017","358.25","350.20","359.90","348.85","1.21M","+2.20%"
"01/18/2017","350.55","352.85","354.50","349.20","587.39K","-0.78%"
"01/17/2017","353.30","355.70","358.00","350.40","670.87K","-0.63%"
"01/16/2017","355.55","354.00","358.85","352.55","368.09K","+0.49%"
"01/13/2017","353.80","357.05","358.65","351.40","901.86K","-1.41%"
"01/12/2017","358.85","357.80","361.05","353.90","1.76M","+1.59%"
"01/11/2017","353.25","352.70","358.00","351.45","1.59M","-0.08%"
"01/10/2017","353.55","351.00","355.40","349.60","1.07M","+1.25%"
"01/09/2017","349.20","354.25","355.30","347.75","210.60K","-1.43%"
"01/06/2017","354.25","351.90","357.40","351.05","792.19K","+1.19%"
"01/05/2017","350.10","349.20","353.50","343.55","1.53M","-0.64%"
"01/04/2017","352.35","342.00","354.00","337.00","2.19M","+3.18%"
"01/03/2017","341.50","344.20","345.95","338.15","1.12M","-0.78%"
"01/02/2017","344.20","344.95","346.85","342.05","569.70K","+0.22%"
"12/30/2016","343.45","343.10","345.45","336.50","1.45M","+0.45%"
"12/29/2016","341.90","338.70","343.80","338.15","1.10M","+0.89%"
"12/28/2016","338.90","332.00","345.00","332.00","1.62M","+2.12%"
"12/27/2016","331.85","325.00","333.90","324.25","463.05K","+1.53%"
"12/26/2016","326.85","336.50","339.00","325.10","1.36M","-2.84%"
"12/23/2016","336.40","337.00","339.25","331.90","941.55K","-0.24%"
"12/22/2016","337.20","335.50","340.50","334.00","1.36M","+0.37%"
"12/21/2016","335.95","347.75","349.50","335.00","1.88M","-2.75%"
"12/20/2016","345.45","345.00","349.80","342.15","2.72M","+0.14%"
"12/19/2016","344.95","357.45","357.45","344.05","1.54M","-3.01%"
"12/16/2016","355.65","356.00","357.50","351.75","3.33M","+1.30%"
"12/15/2016","351.10","356.35","359.15","350.25","3.05M","-1.47%"
"12/14/2016","356.35","356.10","361.90","354.90","913.11K","+0.27%"
"12/13/2016","355.40","352.00","357.50","350.90","1.21M","+1.08%"
"12/12/2016","351.60","359.60","362.25","350.00","2.47M","-1.79%"
"12/09/2016","358.00","372.90","372.90","355.80","3.41M","-3.31%"
"12/08/2016","370.25","380.00","382.80","369.00","1.37M","-2.28%"
"12/07/2016","378.90","381.95","384.40","376.95","2.02M","-0.73%"
"12/06/2016","381.70","386.55","388.95","377.00","1.08M","-1.13%"
"12/05/2016","386.05","384.90","396.05","381.75","1.84M","+0.04%"
"12/02/2016","385.90","385.10","393.00","381.40","2.37M","-0.17%"
"12/01/2016","386.55","374.80","394.80","372.60","3.32M","+2.96%"
"11/30/2016","375.45","371.50","378.00","360.25","2.39M","+1.53%"
"11/29/2016","369.80","363.55","373.25","363.50","1.11M","+1.73%"
"11/28/2016","363.50","355.00","366.20","355.00","841.89K","+2.22%"
"11/25/2016","355.60","360.90","363.10","355.00","1.24M","-1.33%"
"11/24/2016","360.40","358.90","363.90","355.90","1.57M","+0.06%"
"11/23/2016","360.20","361.05","363.75","356.30","2.13M","+0.21%"
"11/22/2016","359.45","360.15","364.95","357.35","2.32M","-0.06%"
"11/21/2016","359.65","353.00","364.50","351.20","1.52M","+2.20%"
"11/18/2016","351.90","355.80","359.30","347.15","3.43M","-1.94%"
"11/17/2016","358.85","360.90","369.95","354.60","1.39M","-0.35%"
"11/16/2016","360.10","368.95","368.95","355.20","1.75M","-1.30%"
"11/15/2016","364.85","359.05","373.00","354.60","2.82M","-0.10%"
"11/11/2016","365.20","378.55","381.85","361.25","1.77M","-5.75%"
"11/10/2016","387.50","366.00","393.25","364.50","1.82M","+6.93%"
"11/09/2016","362.40","347.50","367.40","325.00","1.45M","+0.49%"
"11/08/2016","360.65","355.90","365.50","354.40","2.13M","+1.48%"
"11/07/2016","355.40","369.90","369.90","353.10","2.08M","-2.38%"
"11/04/2016","364.05","379.95","382.15","359.00","1.71M","-4.42%"
"11/03/2016","380.90","367.95","384.50","364.05","2.64M","+3.99%"
"11/02/2016","366.30","353.90","371.70","350.10","2.89M","+3.05%"
"11/01/2016","355.45","352.70","358.40","347.55","2.67M","+2.84%"
"10/28/2016","345.65","354.15","358.50","343.25","1.75M","-2.29%"
"10/27/2016","353.75","365.65","367.80","351.90","1.62M","-4.51%"
"10/26/2016","370.45","380.90","380.90","365.95","1.32M","-2.35%"
"10/25/2016","379.35","380.00","384.90","369.50","12.10M","+2.58%"
"10/24/2016","369.80","365.15","375.95","363.20","3.95M","+1.69%"
"10/21/2016","363.65","369.70","369.75","357.60","4.69M","-0.99%"
"10/20/2016","367.30","359.00","370.15","358.95","1.21M","+2.55%"
"10/19/2016","358.15","357.00","362.65","354.05","1.02M","+0.79%"
"10/18/2016","355.35","358.25","363.85","351.25","1.49M","-1.14%"
"10/17/2016","359.45","365.00","366.25","355.75","508.82K","-1.57%"
"10/14/2016","365.20","374.90","380.20","363.35","6.82M","-2.44%"
"10/13/2016","374.35","373.05","375.40","369.10","999.26K","-0.82%"
"10/10/2016","377.45","375.00","379.00","369.80","679.98K","+1.77%"
"10/07/2016","370.90","382.95","382.95","369.55","482.33K","-2.73%"
"10/06/2016","381.30","380.45","384.95","378.40","1.48M","+1.34%"
"10/05/2016","376.25","370.00","378.80","364.65","1.20M","+1.91%"
"10/04/2016","369.20","366.70","372.00","361.25","2.45M","+1.78%"
"10/03/2016","362.75","369.00","369.00","357.10","1.71M","-0.70%"
"09/30/2016","365.30","373.30","373.80","361.30","3.71M","-1.63%"
"09/29/2016","371.35","363.30","375.80","360.00","2.82M","+2.36%"
"09/28/2016","362.80","357.00","367.00","355.55","1.32M","+1.20%"
"09/27/2016","358.50","364.90","370.25","354.70","1.62M","-1.87%"
"09/26/2016","365.35","368.30","370.90","363.30","1.61M","-1.43%"
"09/23/2016","370.65","375.00","382.95","368.65","2.20M","-1.19%"
"09/22/2016","375.10","378.00","387.80","371.20","3.25M","+0.66%"
"09/21/2016","372.65","355.10","375.80","355.10","3.49M","+4.69%"
"09/20/2016","355.95","349.90","359.35","345.45","2.10M","+2.06%"
"09/19/2016","348.75","348.60","351.55","345.30","1.31M","-0.80%"
"09/16/2016","351.55","345.95","354.85","345.85","2.71M","+1.97%"
"09/15/2016","344.75","344.00","347.75","341.00","1.47M","+0.63%"
"09/14/2016","342.60","340.00","348.30","340.00","1.75M","-0.20%"
"09/12/2016","343.30","347.85","347.85","341.00","1.07M","-2.28%"
"09/09/2016","351.30","360.70","364.15","349.25","973.74K","-1.76%"
"09/08/2016","357.60","349.35","361.50","349.35","1.35M","+2.36%"
"09/07/2016","349.35","347.90","351.75","344.35","1.19M","+0.62%"
"09/06/2016","347.20","343.70","348.35","338.40","768.99K","+1.02%"
"09/02/2016","343.70","344.85","350.95","340.15","1.94M","-0.01%"
"09/01/2016","343.75","347.50","357.10","341.65","1.28M","-2.00%"
"08/31/2016","350.75","345.00","353.25","344.40","1.82M","+1.62%"
"08/30/2016","345.15","338.95","346.70","336.10","1.42M","+2.10%"
"08/29/2016","338.05","348.00","348.00","336.25","824.48K","-2.54%"
"08/26/2016","346.85","341.00","349.00","341.00","1.66M","+2.21%"
"08/25/2016","339.35","347.50","348.30","338.00","1.16M","-2.11%"
"08/24/2016","346.65","346.00","349.45","342.55","943.47K","+0.13%"
"08/23/2016","346.20","337.30","347.75","337.30","2.19M","+1.91%"
"08/22/2016","339.70","346.00","347.85","338.40","2.95M","-0.77%"
"08/19/2016","342.35","349.00","349.00","339.25","2.43M","-1.58%"
"08/18/2016","347.85","352.00","352.00","344.20","1.63M","-0.24%"
"08/17/2016","348.70","353.00","353.15","345.55","2.56M","-0.39%"
"08/16/2016","350.05","368.05","370.80","342.30","4.41M","-4.38%"
"08/12/2016","366.10","368.70","374.05","361.50","1.03M","-0.52%"
"08/11/2016","368.00","378.30","378.70","365.25","1.13M","-2.74%"
"08/10/2016","378.35","384.00","386.00","376.00","1.01M","-1.71%"
"08/09/2016","384.95","380.70","388.00","376.70","2.24M","+0.90%"
"08/08/2016","381.50","391.95","394.95","379.25","1.15M","-1.99%"
"08/05/2016","389.25","390.00","397.00","388.10","2.02M","-0.87%"
"08/04/2016","392.65","396.00","396.80","388.00","2.79M","-0.82%"
"08/03/2016","395.90","388.40","399.00","388.00","1.26M","+2.12%"
"08/02/2016","387.70","399.95","406.30","386.55","2.65M","-2.15%"
"08/01/2016","396.20","396.70","408.50","394.15","2.20M","+0.20%"
"07/29/2016","395.40","400.60","402.00","392.05","1.14M","-1.15%"
"07/28/2016","400.00","381.10","413.70","380.45","4.25M","+5.11%"
"07/27/2016","380.55","368.00","383.00","361.95","2.65M","+4.72%"
"07/26/2016","363.40","366.50","371.90","360.50","1.43M","-0.71%"
"07/25/2016","366.00","362.65","371.45","362.20","1.12M","+1.16%"
"07/22/2016","361.80","352.60","363.95","350.90","1.03M","+2.61%"
"07/21/2016","352.60","355.40","355.70","352.00","766.07K","-0.65%"
"07/20/2016","354.90","356.80","361.00","353.10","1.58M","-0.53%"
"07/19/2016","356.80","357.40","363.45","352.00","1.77M","-0.24%"
"07/18/2016","357.65","353.00","359.35","350.95","1.13M","+1.23%"
"07/15/2016","353.30","354.45","358.00","349.55","1.54M","+0.08%"
"07/14/2016","353.00","351.75","354.40","349.45","1.16M","+0.09%"
"07/13/2016","352.70","352.60","353.55","343.75","1.14M","+0.69%"
"07/12/2016","350.30","353.85","358.80","349.00","1.71M","-0.38%"
"07/11/2016","351.65","349.80","353.05","347.30","1.54M","+1.99%"
"07/08/2016","344.80","350.00","350.80","340.25","1.96M","-1.75%"
"07/07/2016","350.95","357.00","358.75","349.10","1.76M","-2.05%"
"07/05/2016","358.30","358.80","360.65","353.40","2.13M","+0.84%"
"07/04/2016","355.30","354.80","358.60","351.10","1.61M","+1.46%"
"07/01/2016","350.20","345.10","353.30","345.10","1.73M","+1.49%"
"06/30/2016","345.05","343.95","347.60","340.70","3.24M","+0.32%"
"06/29/2016","343.95","341.80","346.05","339.45","4.08M","+1.60%"
"06/28/2016","338.55","330.00","340.80","329.15","2.64M","+3.33%"
"06/27/2016","327.65","321.30","328.95","321.00","2.13M","+0.89%"
"06/24/2016","324.75","315.00","326.45","301.50","3.22M","+0.85%"
"06/23/2016","322.00","337.20","337.85","320.60","8.15M","-5.01%"
"06/22/2016","339.00","348.00","349.70","335.25","3.90M","-2.59%"
"06/21/2016","348.00","341.10","351.50","339.10","4.38M","+2.16%"
"06/20/2016","340.65","340.00","342.00","331.10","3.44M","+0.59%"
"06/17/2016","338.65","349.00","350.55","334.20","6.12M","-2.74%"
"06/16/2016","348.20","364.25","366.40","344.00","7.62M","-4.63%"
"06/15/2016","365.10","376.70","378.70","363.20","3.08M","-4.12%"
"06/14/2016","380.80","382.90","385.00","378.00","3.75M","+0.67%"
"06/13/2016","378.25","375.00","380.45","372.70","2.94M","+1.00%"
"06/10/2016","374.50","374.50","379.00","371.20","2.06M","-0.05%"
"06/09/2016","374.70","378.40","378.70","373.55","1.86M","-0.33%"
"06/08/2016","375.95","374.95","379.95","374.95","1.65M","+0.47%"
"06/07/2016","374.20","377.80","377.80","373.00","1.96M","-0.44%"
"06/06/2016","375.85","384.75","384.75","375.10","1.94M","-2.26%"
"06/03/2016","384.55","383.00","385.50","377.60","1.86M","+0.85%"
"06/02/2016","381.30","385.55","386.65","378.65","888.02K","-0.95%"
"06/01/2016","384.95","374.90","386.00","374.60","1.60M","+2.78%"
"05/31/2016","374.55","385.00","386.90","372.30","3.05M","-2.98%"
"05/30/2016","386.05","387.80","392.00","384.50","974.48K","-0.21%"
"05/27/2016","386.85","388.15","391.65","385.10","1.51M","-0.85%"
"05/26/2016","390.15","394.95","395.95","386.10","3.68M","-1.19%"
"05/25/2016","394.85","388.50","397.00","386.15","2.23M","+2.80%"
"05/24/2016","384.10","383.50","386.50","381.05","1.44M","+0.16%"
"05/23/2016","383.50","378.00","387.75","375.60","1.26M","+1.58%"
"05/20/2016","377.55","386.70","387.70","375.70","1.32M","-1.81%"
"05/19/2016","384.50","383.00","387.00","374.80","1.65M","+0.37%"
"05/18/2016","383.10","385.00","385.00","378.30","672.36K","-0.85%"
"05/17/2016","386.40","387.70","391.90","383.50","1.16M","+0.31%"
"05/16/2016","385.20","377.00","387.80","373.60","1.08M","+2.75%"
"05/13/2016","374.90","369.60","376.00","364.65","1.51M","+0.75%"
"05/12/2016","372.10","374.70","375.70","369.60","1.35M","+0.30%"
"05/11/2016","371.00","375.00","376.00","368.40","1.13M","-2.06%"
"05/10/2016","378.80","378.60","380.65","373.00","1.43M","+0.50%"
"05/09/2016","376.90","370.05","379.50","369.30","1.09M","+1.85%"
"05/06/2016","370.05","369.40","374.75","368.10","1.84M","+0.26%"
"05/05/2016","369.10","375.00","375.85","367.35","2.89M","-1.36%"
"05/04/2016","374.20","381.10","383.95","373.05","1.16M","-2.46%"
"05/03/2016","383.65","378.20","387.80","378.20","1.59M","+2.13%"
"05/02/2016","375.65","375.00","378.00","370.75","513.89K","+0.19%"
"04/29/2016","374.95","371.40","376.40","366.05","1.80M","+1.09%"
"04/28/2016","370.90","376.10","380.90","370.00","4.85M","-1.28%"
"04/27/2016","375.70","375.00","377.95","372.05","5.57M","+3.48%"
"04/26/2016","363.05","372.70","372.70","361.50","4.18M","-1.02%"
"04/25/2016","366.80","374.00","377.20","363.95","1.51M","-1.32%"
"04/22/2016","371.70","377.80","377.95","370.05","2.18M","-0.04%"
"04/21/2016","371.85","390.00","390.70","369.60","2.55M","-3.75%"
"04/20/2016","386.35","397.30","397.30","383.65","2.14M","-2.63%"
"04/18/2016","396.80","391.70","410.00","391.70","3.10M","+2.88%"
"04/13/2016","385.70","384.90","400.00","382.70","1.56M","+0.25%"
"04/12/2016","384.75","381.90","386.80","375.10","1.33M","+0.89%"
"04/11/2016","381.35","369.95","384.40","368.00","956.54K","+3.19%"
"04/08/2016","369.55","371.20","371.90","366.40","388.37K","-0.90%"
"04/07/2016","372.90","372.60","374.25","367.65","830.83K","+0.42%"
"04/06/2016","371.35","378.00","378.00","370.00","937.24K","-0.84%"
"04/05/2016","374.50","382.05","382.95","371.55","1.22M","-1.98%"
"04/04/2016","382.05","385.95","387.90","374.50","1.30M","-0.92%"
"04/01/2016","385.60","380.90","392.10","376.20","1.67M","+0.96%"
"03/31/2016","381.95","375.95","392.00","368.10","6.63M","+1.77%"
"03/30/2016","375.30","389.15","393.00","372.65","2.62M","-3.10%"
"03/29/2016","387.30","375.60","390.00","366.15","1.32M","+3.72%"
"03/28/2016","373.40","385.00","385.55","368.70","1.54M","-2.94%"
"03/23/2016","384.70","390.85","392.15","381.35","1.15M","-1.57%"
"03/22/2016","390.85","389.40","394.00","379.25","1.18M","+1.24%"
"03/21/2016","386.05","382.70","391.90","376.75","1.58M","+1.42%"
"03/18/2016","380.65","367.45","382.90","367.45","1.93M","+2.96%"
"03/17/2016","369.70","370.90","373.90","365.75","1.52M","+0.68%"
"03/16/2016","367.20","366.40","370.80","358.50","2.10M","-0.37%"
"03/15/2016","368.55","378.60","378.60","366.20","647.44K","-3.15%"
"03/14/2016","380.55","376.10","382.40","376.10","839.17K","+0.63%"
"03/11/2016","378.15","375.50","382.20","373.10","1.25M","-0.04%"
"03/10/2016","378.30","379.00","380.90","375.35","604.06K","-0.30%"
"03/09/2016","379.45","377.60","380.80","371.45","731.17K","+0.21%"
"03/08/2016","378.65","369.00","380.60","368.10","3.84M","+1.92%"
"03/04/2016","371.50","368.40","373.20","366.95","1.10M","+0.81%"
"03/03/2016","368.50","369.00","374.40","363.55","3.72M","+0.12%"
"03/02/2016","368.05","379.30","381.50","363.10","2.38M","-1.75%"
"03/01/2016","374.60","352.20","375.55","352.20","1.93M","+5.00%"
"02/29/2016","356.75","364.90","374.60","353.70","8.43M","-2.22%"
"02/26/2016","364.85","364.05","368.00","360.55","2.14M","+1.07%"
"02/25/2016","361.00","359.60","364.65","352.95","2.04M","+0.33%"
"02/24/2016","359.80","378.50","378.50","358.30","2.05M","-4.40%"
"02/23/2016","376.35","382.80","385.50","372.20","1.40M","+0.27%"
"02/22/2016","375.35","376.00","377.10","368.00","1.56M","+0.98%"
"02/19/2016","371.70","366.60","375.35","359.55","2.09M","+2.16%"
"02/18/2016","363.85","358.40","366.00","358.05","2.01M","+3.19%"
"02/17/2016","352.60","366.80","366.80","349.40","2.66M","-2.80%"
"02/16/2016","362.75","386.20","393.90","356.00","2.28M","-6.51%"
"02/15/2016","388.00","385.00","392.60","380.40","1.31M","+1.02%"
"02/12/2016","384.10","360.00","390.90","358.50","2.75M","+7.89%"
"02/11/2016","356.00","352.50","370.00","352.50","929.63K","+0.39%"
"02/10/2016","354.60","357.00","362.65","350.00","1.22M","-0.83%"
"02/09/2016","357.55","362.00","364.80","356.00","1.13M","-2.43%"
"02/08/2016","366.45","364.00","369.60","360.05","534.68K","+0.74%"
"02/05/2016","363.75","356.05","366.70","355.25","1.43M","+2.12%"
"02/04/2016","356.20","360.30","361.50","355.05","1.63M","+0.00%"
"02/03/2016","356.20","363.10","369.75","354.20","2.15M","-3.05%"
"02/02/2016","367.40","376.20","376.95","362.85","1.09M","-0.61%"
"02/01/2016","369.65","367.70","372.40","345.20","1.96M","+2.34%"
"01/29/2016","361.20","370.00","370.00","359.10","1.30M","-2.21%"
"01/28/2016","369.35","374.00","377.90","360.85","4.21M","-3.49%"
"01/27/2016","382.70","368.00","389.10","366.80","3.24M","+4.21%"
"01/25/2016","367.25","365.50","376.05","364.50","2.16M","+1.27%"
"01/22/2016","362.65","363.05","366.75","354.00","2.73M","+0.03%"
"01/21/2016","362.55","356.25","370.05","353.50","2.87M","+2.50%"
"01/20/2016","353.70","372.30","374.90","349.75","1.91M","-5.47%"
"01/19/2016","374.15","370.05","378.65","370.00","1.25M","-1.44%"
"01/18/2016","379.60","388.00","390.40","362.55","1.65M","-2.23%"
"01/15/2016","388.25","395.20","397.90","385.75","1.46M","-1.77%"
"01/14/2016","395.25","391.00","398.25","385.00","1.47M","-0.64%"
"01/13/2016","397.80","400.45","405.90","395.10","826.08K","+0.65%"
"01/12/2016","395.25","395.35","399.05","385.30","2.96M","+0.05%"
"01/11/2016","395.05","396.20","402.40","386.55","1.28M","-1.29%"
"01/08/2016","400.20","399.75","411.90","394.65","2.34M","+0.15%"
"01/07/2016","399.60","410.40","414.15","397.25","1.91M","-2.63%"
"01/06/2016","410.40","421.35","426.10","409.00","2.76M","-2.56%"
"01/05/2016","421.20","431.00","434.00","418.15","1.44M","-2.06%"
"01/04/2016","430.05","427.05","433.60","420.05","742.79K","+0.70%"
"01/01/2016","427.05","428.00","428.05","421.50","162.10K","-0.25%"
"12/31/2015","428.10","428.00","434.90","423.10","1.33M","+0.19%"
"12/30/2015","427.30","415.50","436.50","415.50","1.42M","+2.93%"
"12/29/2015","415.15","415.00","417.30","412.30","707.96K","-0.97%"
"12/28/2015","419.20","412.10","422.75","412.00","639.04K","+1.17%"
"12/24/2015","414.35","419.05","423.85","411.55","1.35M","-0.79%"
"12/23/2015","417.65","404.90","420.00","399.70","1.88M","+4.23%"
"12/22/2015","400.70","400.00","404.35","397.60","1.85M","+0.14%"
"12/21/2015","400.15","395.00","401.95","393.30","1.75M","+0.45%"
"12/18/2015","398.35","392.00","404.50","392.00","2.02M","+1.62%"
"12/17/2015","392.00","390.00","400.00","388.50","1.06M","+0.53%"
"12/16/2015","389.95","390.00","392.00","388.00","1.36M","+0.22%"
"12/15/2015","389.10","391.05","393.45","387.80","1.42M","-0.26%"
"12/14/2015","390.10","394.00","394.00","385.85","1.09M","-0.32%"
"12/11/2015","391.35","400.10","400.80","388.25","1.54M","-2.14%"
"12/10/2015","399.90","400.80","402.25","395.20","1.43M","+0.69%"
"12/09/2015","397.15","404.00","404.70","393.30","3.51M","-1.43%"
"12/08/2015","402.90","400.00","409.00","397.50","2.73M","-0.21%"
"12/07/2015","403.75","403.90","406.90","398.35","852.69K","+1.88%"
"12/04/2015","396.30","390.00","401.90","388.00","1.22M","+1.28%"
"12/03/2015","391.30","399.00","399.00","387.90","1.19M","-2.41%"
"12/02/2015","400.95","393.30","404.00","388.50","2.34M","+2.56%"
"12/01/2015","390.95","388.75","394.10","385.05","2.58M","+1.65%"
"11/30/2015","384.60","395.10","396.90","379.10","2.97M","-3.52%"
"11/27/2015","398.65","403.40","408.00","396.90","2.80M","-0.60%"
"11/26/2015","401.05","381.00","411.20","380.00","3.58M","+6.38%"
"11/24/2015","377.00","380.75","383.40","375.65","1.06M","-0.98%"
"11/23/2015","380.75","385.45","391.65","379.75","874.40K","-1.10%"
"11/20/2015","385.00","393.85","394.40","383.30","745.09K","-2.14%"
"11/19/2015","393.40","389.15","394.30","383.70","1.57M","+1.25%"
"11/18/2015","388.55","385.50","394.40","382.80","1.24M","+0.92%"
"11/17/2015","385.00","373.00","387.00","371.25","1.59M","+4.44%"
"11/16/2015","368.65","378.00","378.95","367.00","765.72K","-2.11%"
"11/13/2015","376.60","379.65","386.50","375.10","1.64M","-2.49%"
"11/11/2015","386.20","384.00","388.00","381.00","133.72K","+1.47%"
"11/10/2015","380.60","375.15","384.00","373.00","1.53M","-0.03%"
"11/09/2015","380.70","371.00","384.50","366.95","854.07K","+0.44%"
"11/06/2015","379.05","372.30","381.65","368.40","1.25M","+1.03%"
"11/05/2015","375.20","375.55","384.70","374.00","2.33M","-1.17%"
"11/04/2015","379.65","386.90","390.20","374.65","3.48M","-1.52%"
"11/03/2015","385.50","385.50","392.65","382.20","1.41M","-0.48%"
"11/02/2015","387.35","389.90","398.00","384.40","1.34M","-0.41%"
"10/30/2015","388.95","387.20","393.85","386.40","936.26K","+0.86%"
"10/29/2015","385.65","390.30","392.35","383.50","3.06M","-1.32%"
"10/28/2015","390.80","382.10","393.90","382.10","2.74M","+1.10%"
"10/27/2015","386.55","377.90","389.75","375.00","1.79M","+1.74%"
"10/26/2015","379.95","390.00","391.75","378.75","3.70M","-2.25%"
"10/23/2015","388.70","413.60","414.00","385.10","2.80M","-5.06%"
"10/21/2015","409.40","409.00","414.15","403.85","941.98K","+0.78%"
"10/20/2015","406.25","418.80","420.80","402.00","1.21M","-2.05%"
"10/19/2015","414.75","398.10","416.35","397.45","1.05M","+3.24%"
"10/16/2015","401.75","400.00","412.00","400.00","862.44K","+0.59%"
"10/15/2015","399.40","409.85","412.00","395.70","1.28M","-2.12%"
"10/14/2015","408.05","401.00","413.30","393.50","1.77M","+2.33%"
"10/13/2015","398.75","385.00","401.15","375.75","2.75M","+3.22%"
"10/12/2015","386.30","405.75","407.80","384.40","1.62M","-4.20%"
"10/09/2015","403.25","414.85","414.95","393.50","3.07M","-1.66%"
"10/08/2015","410.05","424.00","430.00","402.45","1.90M","-4.82%"
"10/07/2015","430.80","423.00","436.75","419.75","2.15M","+1.00%"
"10/06/2015","426.55","414.55","430.70","413.45","2.59M","+4.00%"
"10/05/2015","410.15","399.65","426.00","397.45","4.11M","+3.21%"
"10/01/2015","397.40","363.00","402.60","360.00","4.29M","+11.88%"
"09/30/2015","355.20","356.50","366.70","350.05","5.24M","-0.67%"
"09/29/2015","357.60","374.70","377.00","341.35","5.93M","-5.16%"
"09/28/2015","377.05","399.00","400.20","362.75","1.99M","-4.73%"
"09/24/2015","395.75","402.05","405.05","392.10","1.92M","+0.39%"
"09/23/2015","394.20","409.80","411.60","390.30","764.54K","-5.05%"
"09/22/2015","415.15","401.00","418.00","399.60","2.77M","+3.39%"
"09/21/2015","401.55","386.30","404.30","386.30","1.17M","+2.69%"
"09/18/2015","391.05","384.40","394.00","381.25","1.67M","+2.93%"
"09/16/2015","379.90","388.80","392.00","377.50","1.16M","-2.29%"
"09/15/2015","388.80","400.00","400.00","382.05","1.79M","-2.34%"
"09/14/2015","398.10","382.00","400.00","376.65","2.73M","+6.30%"
"09/11/2015","374.50","397.85","398.75","370.10","2.69M","-4.27%"
"09/10/2015","391.20","406.60","407.40","386.25","822.86K","-4.01%"
"09/09/2015","407.55","402.15","409.00","402.15","1.38M","+2.40%"
"09/08/2015","398.00","404.05","412.80","395.00","546.52K","-1.72%"
"09/07/2015","404.95","411.95","414.40","400.25","839.47K","-0.64%"
"09/04/2015","407.55","411.00","413.45","402.25","1.21M","+0.62%"
"09/03/2015","405.05","400.80","423.90","399.00","8.19M","+2.22%"
"09/02/2015","396.25","410.00","419.80","393.95","2.49M","-1.70%"
"09/01/2015","403.10","400.00","429.00","398.85","3.47M","+0.84%"
"08/31/2015","399.75","392.90","436.00","390.20","3.40M","+2.33%"
"08/28/2015","390.65","396.00","398.50","384.00","1.67M","-0.24%"
"08/27/2015","391.60","392.00","403.45","388.45","1.48M","+1.18%"
"08/26/2015","387.05","394.80","402.40","384.95","1.67M","-3.89%"
"08/25/2015","402.70","377.20","427.25","377.20","2.29M","+7.00%"
"08/24/2015","376.35","398.00","398.00","366.20","1.67M","-6.58%"
"08/21/2015","402.85","401.00","419.80","400.00","812.61K","-0.07%"
"08/20/2015","403.15","406.05","415.00","388.05","3.86M","-0.71%"
"08/19/2015","406.05","418.90","418.90","399.00","1.05M","-2.37%"
"08/18/2015","415.90","422.00","422.00","413.00","1.46M","-0.94%"
"08/17/2015","419.85","413.40","422.35","407.50","1.05M","+2.38%"
"08/14/2015","410.10","430.00","430.00","402.00","2.25M","-5.12%"
"08/13/2015","432.25","437.00","440.95","430.45","929.10K","-1.54%"
"08/12/2015","439.00","442.45","444.35","435.10","837.79K","-0.22%"
"08/11/2015","439.95","442.10","447.15","436.00","1.60M","-0.83%"
"08/10/2015","443.65","438.20","454.70","437.00","2.28M","+1.68%"
"08/07/2015","436.30","453.95","460.90","430.05","2.35M","-3.56%"
"08/06/2015","452.40","461.00","465.80","450.15","1.84M","-2.90%"
"08/05/2015","465.90","483.00","499.65","460.15","1.38M","-3.08%"
"08/04/2015","480.70","478.80","496.70","472.80","2.49M","+1.25%"
"08/03/2015","474.75","448.90","479.80","447.65","2.89M","+6.05%"
"07/31/2015","447.65","443.70","464.00","443.70","1.89M","+0.91%"
"07/30/2015","443.60","444.30","449.00","438.05","1.75M","+0.14%"
"07/29/2015","443.00","439.00","448.55","437.10","2.10M","+1.90%"
"07/28/2015","434.75","426.05","448.35","426.05","1.51M","+1.95%"
"07/27/2015","426.45","423.05","434.15","419.90","2.58M","+1.56%"
"07/24/2015","419.90","455.45","455.45","408.10","2.30M","-6.94%"
"07/23/2015","451.20","466.30","468.70","445.00","906.64K","-1.53%"
"07/22/2015","458.20","454.90","463.30","450.10","707.69K","+2.11%"
"07/21/2015","448.75","464.90","464.90","437.90","1.48M","-2.64%"
"07/20/2015","460.90","470.00","470.00","454.50","802.05K","-2.07%"
"07/17/2015","470.65","459.45","476.40","455.35","1.42M","+3.79%"
"07/16/2015","453.45","449.55","461.95","441.20","999.81K","+1.36%"
"07/15/2015","447.35","448.00","450.00","442.95","769.24K","-0.13%"
"07/14/2015","447.95","442.85","449.40","436.20","1.07M","+2.03%"
"07/13/2015","439.05","442.00","444.70","435.05","469.80K","+0.34%"
"07/10/2015","437.55","446.70","446.70","434.00","1.54M","-1.27%"
"07/09/2015","443.20","453.70","453.70","438.50","2.61M","-1.58%"
"07/08/2015","450.30","436.00","453.75","435.50","1.90M","+3.15%"
"07/07/2015","436.55","445.00","458.00","434.70","2.22M","-3.02%"
"07/06/2015","450.15","460.00","460.00","446.45","1.20M","-3.09%"
"07/03/2015","464.50","474.50","474.50","456.05","990.77K","-3.20%"
"07/02/2015","479.85","448.00","485.00","444.10","1.74M","+8.82%"
"07/01/2015","440.95","453.70","453.70","439.75","763.85K","-1.35%"
"06/30/2015","447.00","456.80","459.95","441.25","2.15M","-0.64%"
"06/29/2015","449.90","431.70","458.45","422.10","1.39M","+3.24%"
"06/26/2015","435.80","456.30","458.90","433.00","1.39M","-5.04%"
"06/25/2015","458.95","458.35","471.75","452.25","1.64M","-0.95%"
"06/24/2015","463.35","475.00","478.45","461.15","2.20M","-3.56%"
"06/23/2015","480.45","481.60","484.60","472.10","1.28M","-0.38%"
"06/22/2015","482.30","470.00","486.90","458.00","1.83M","+3.49%"
"06/19/2015","466.05","461.30","475.00","456.10","1.96M","+2.22%"
"06/18/2015","455.95","469.60","469.60","450.30","2.13M","-3.66%"
"06/17/2015","473.25","464.00","475.00","458.00","1.41M","+2.57%"
"06/16/2015","461.40","460.20","470.80","451.25","1.43M","+1.40%"
"06/15/2015","455.05","441.70","461.85","435.00","962.83K","+3.12%"
"06/12/2015","441.30","456.00","456.00","436.40","1.10M","-3.37%"
"06/11/2015","456.70","448.55","474.00","447.00","2.07M","+3.02%"
"06/10/2015","443.30","451.80","464.20","433.00","1.76M","-1.05%"
"06/09/2015","448.00","453.30","457.00","441.25","2.18M","-0.01%"
"06/08/2015","448.05","442.10","452.70","435.00","943.25K","+0.21%"
"06/05/2015","447.10","428.20","450.60","421.55","3.60M","+2.73%"
"06/04/2015","435.20","424.00","441.00","416.30","1.88M","+2.65%"
"06/03/2015","423.95","454.00","454.10","414.05","2.22M","-6.58%"
"06/02/2015","453.80","465.10","474.00","445.40","2.76M","-3.74%"
"06/01/2015","471.45","462.10","474.90","437.65","7.33M","-1.55%"
"05/29/2015","478.85","440.00","487.70","436.00","49.32M","+8.64%"
"05/28/2015","440.75","436.10","451.00","418.65","5.98M","+0.66%"
"05/27/2015","437.85","450.00","455.95","425.50","3.30M","-5.23%"
"05/26/2015","462.00","448.80","490.60","445.10","6.94M","+2.51%"
"05/25/2015","450.70","434.60","459.45","426.10","2.47M","+3.84%"
"05/22/2015","434.05","436.90","438.40","421.30","1.80M","-0.01%"
"05/21/2015","434.10","445.55","447.95","431.00","2.55M","-3.25%"
"05/20/2015","448.70","433.55","473.00","432.10","6.39M","+4.30%"
"05/19/2015","430.20","415.75","441.75","415.75","3.27M","+2.92%"
"05/18/2015","418.00","417.80","419.00","412.15","3.23M","+1.95%"
"05/15/2015","410.00","404.30","415.15","401.00","3.82M","+2.21%"
"05/14/2015","401.15","392.15","405.00","388.75","6.01M","+2.30%"
"05/13/2015","392.15","390.00","405.45","387.20","5.77M","+1.99%"
"05/12/2015","384.50","388.00","391.95","382.45","2.10M","-1.45%"
"05/11/2015","390.15","395.40","395.40","381.30","2.70M","+0.50%"
"05/08/2015","388.20","376.00","393.70","374.00","1.30M","+5.08%"
"05/07/2015","369.45","378.55","388.80","364.40","2.47M","-4.26%"
"05/06/2015","385.90","392.00","398.00","375.75","1.71M","-1.30%"
"05/05/2015","391.00","398.00","399.65","387.00","664.63K","-1.34%"
"05/04/2015","396.30","405.10","405.10","384.25","1.39M","-1.25%"
"04/30/2015","401.30","398.90","402.90","394.50","1.23M","+1.52%"
"04/29/2015","395.30","404.85","404.85","382.50","7.38M","-1.43%"
"04/28/2015","401.05","390.05","422.00","387.10","2.24M","+1.39%"
"04/27/2015","395.55","375.05","402.00","371.65","1.59M","+5.96%"
"04/24/2015","373.30","368.00","377.00","366.10","749.65K","+0.38%"
"04/23/2015","371.90","366.40","373.90","364.80","793.73K","+1.17%"
"04/22/2015","367.60","370.95","373.80","355.55","1.80M","-0.41%"
"04/21/2015","369.10","373.60","374.50","365.20","931.89K","-0.28%"
"04/20/2015","370.15","373.00","379.80","366.55","1.71M","-1.27%"
"04/17/2015","374.90","379.65","381.85","372.00","2.60M","-1.54%"
"04/16/2015","380.75","378.40","384.80","378.40","2.69M","+0.95%"
"04/15/2015","377.15","381.25","386.00","373.80","9.38M","-2.10%"
"04/13/2015","385.25","376.55","386.50","374.00","1.10M","+2.31%"
"04/10/2015","376.55","381.00","381.00","369.00","2.47M","-0.93%"
"04/09/2015","380.10","375.10","382.90","375.10","403.29K","+1.52%"
"04/08/2015","374.40","388.70","388.70","369.95","2.33M","-2.74%"
"04/07/2015","384.95","380.00","385.45","379.85","1.45M","+1.33%"
"04/06/2015","379.90","394.40","394.40","375.40","967.92K","-1.31%"
"04/01/2015","384.95","386.90","387.60","384.00","2.21M","-0.01%"
"03/31/2015","385.00","386.95","387.95","383.95","2.82M","-0.12%"
"03/30/2015","385.45","377.10","388.90","377.10","1.22M","+2.08%"
"03/27/2015","377.60","378.00","384.90","374.00","3.19M","+0.11%"
"03/26/2015","377.20","390.00","393.85","375.55","2.53M","-3.64%"
"03/25/2015","391.45","387.20","399.35","387.20","1.15M","+1.10%"
"03/24/2015","387.20","386.00","388.40","382.25","628.99K","+0.72%"
"03/23/2015","384.45","379.30","386.90","375.35","758.86K","-0.23%"
"03/20/2015","385.35","386.00","389.00","371.50","2.79M","+0.16%"
"03/19/2015","384.75","379.00","387.90","378.55","1.48M","+1.24%"
"03/18/2015","380.05","387.50","389.80","371.40","714.70K","-1.02%"
"03/17/2015","383.95","381.00","396.45","375.50","986.79K","+0.50%"
"03/16/2015","382.05","385.20","389.85","375.25","647.45K","-1.51%"
"03/13/2015","387.90","388.05","392.85","384.90","6.89M","-0.35%"
"03/12/2015","389.25","377.25","393.70","377.25","2.82M","+3.07%"
"03/11/2015","377.65","365.25","386.00","365.25","2.13M","+2.08%"
"03/10/2015","369.95","370.05","376.90","366.55","3.70M","+1.37%"
"03/09/2015","364.95","361.00","369.00","361.00","3.57M","+0.29%"
"03/05/2015","363.90","357.65","366.95","357.65","2.58M","+0.75%"
"03/04/2015","361.20","359.10","366.00","358.00","1.42M","+0.70%"
"03/03/2015","358.70","359.00","365.00","355.60","2.29M","-0.26%"
"03/02/2015","359.65","367.85","370.00","358.50","5.87M","-2.18%"
"02/27/2015","367.65","364.00","377.00","362.10","2.53M","+0.31%"
"02/26/2015","366.50","358.30","371.00","347.10","26.54M","-1.56%"
"02/25/2015","372.30","369.00","374.70","368.05","594.42K","+0.72%"
"02/24/2015","369.65","363.10","371.00","361.50","10.05M","+0.64%"
"02/23/2015","367.30","365.90","374.00","362.00","532.74K","+1.70%"
"02/20/2015","361.15","371.80","371.80","357.20","1.46M","-1.93%"
"02/19/2015","368.25","375.70","375.70","366.50","890.90K","+1.04%"
"02/18/2015","364.45","364.10","369.65","363.00","299.42K","-1.57%"
"02/16/2015","370.25","360.90","373.00","359.20","1.19M","+3.18%"
"02/13/2015","358.85","367.00","367.00","353.00","1.37M","-1.44%"
"02/12/2015","364.10","362.00","368.75","338.50","5.13M","+0.87%"
"02/11/2015","360.95","366.25","369.80","356.20","1.32M","-2.39%"
"02/10/2015","369.80","373.00","373.00","354.40","990.88K","-0.86%"
"02/09/2015","373.00","382.70","382.70","367.55","1.29M","-1.39%"
"02/06/2015","378.25","379.40","381.00","374.80","1.76M","+0.38%"
"02/05/2015","376.80","377.00","381.00","368.20","1.15M","-0.20%"
"02/04/2015","377.55","382.40","385.00","371.00","3.75M","+0.33%"
"02/03/2015","376.30","367.00","383.75","365.25","2.36M","+1.68%"
"02/02/2015","370.10","369.80","374.75","368.30","701.02K","+2.28%"
"01/30/2015","361.85","380.05","386.95","340.10","2.41M","-3.15%"
"01/29/2015","373.60","379.85","379.85","368.60","291.43K","-1.65%"
"01/28/2015","379.85","364.85","381.80","362.25","1.66M","+4.45%"
"01/27/2015","363.65","364.20","368.80","360.55","769.94K","-1.32%"
"01/23/2015","368.50","364.00","373.30","359.45","1.17M","+2.16%"
"01/22/2015","360.70","352.20","364.75","352.20","1.03M","-1.26%"
"01/21/2015","365.30","361.70","375.00","358.05","2.01M","+3.25%"
"01/20/2015","353.80","340.25","361.25","340.25","1.18M","+3.42%"
"01/19/2015","342.10","335.20","343.00","335.20","529.28K","+0.62%"
"01/16/2015","340.00","345.00","345.00","337.00","73.03K","-0.03%"
"01/15/2015","340.10","335.35","346.60","335.35","978.89K","+0.27%"
"01/14/2015","339.20","340.10","342.00","332.20","853.04K","-0.44%"
"01/13/2015","340.70","347.95","347.95","338.90","234.78K","-0.53%"
"01/12/2015","342.50","338.20","343.85","338.20","141.70K","-0.15%"
"01/09/2015","343.00","350.00","350.00","339.50","1.17M","-0.31%"
"01/08/2015","344.05","343.35","346.00","343.05","1.42M","+0.41%"
"01/07/2015","342.65","342.00","347.30","341.65","701.10K","+0.32%"
"01/06/2015","341.55","342.00","351.60","338.30","1.27M","-0.25%"
"01/05/2015","342.40","332.50","347.65","332.50","662.81K","+1.54%"
"01/02/2015","337.20","335.60","340.60","334.95","371.43K","-0.62%"
"01/01/2015","339.30","333.50","340.50","329.85","103.65K","+0.71%"
"12/31/2014","336.90","324.05","348.70","322.45","1.12M","+4.00%"
"12/30/2014","323.95","323.05","325.70","323.05","375.83K","+0.02%"
"12/29/2014","323.90","327.25","333.00","322.00","256.23K","-2.69%"
"12/26/2014","332.85","333.05","334.70","321.35","203.38K","-0.02%"
"12/24/2014","332.90","339.50","339.50","319.00","612.83K","-0.92%"
"12/23/2014","336.00","337.55","341.00","331.20","559.39K","-0.46%"
"12/22/2014","337.55","346.60","349.90","331.15","665.80K","-3.54%"
"12/19/2014","349.95","351.30","355.00","349.00","1.12M","-0.38%"
"12/18/2014","351.30","359.90","359.90","348.80","632.53K","+0.47%"
"12/17/2014","349.65","347.80","356.75","342.00","2.10M","+1.14%"
"12/16/2014","345.70","348.60","348.60","339.25","1.12M","-0.33%"
"12/15/2014","346.85","336.70","351.00","336.40","2.02M","+1.83%"
"12/12/2014","340.60","350.00","350.75","335.20","2.54M","-1.76%"
"12/11/2014","346.70","331.00","371.90","331.00","4.91M","+5.03%"
"12/10/2014","330.10","320.00","333.60","320.00","1.13M","+3.69%"
"12/09/2014","318.35","308.90","323.00","305.55","1.45M","+2.38%"
"12/08/2014","310.95","311.00","317.50","307.75","4.56M","+0.40%"
"12/05/2014","309.70","294.00","312.75","293.50","2.00M","+4.77%"
"12/04/2014","295.60","287.00","297.70","287.00","550.22K","+2.53%"
"12/03/2014","288.30","288.45","291.00","280.45","927.14K","+1.30%"
"12/02/2014","284.60","298.40","300.00","278.25","1.44M","-5.01%"
"12/01/2014","299.60","298.35","301.10","298.35","326.49K","-0.18%"
"11/28/2014","300.15","298.10","303.00","294.60","1.07M","+0.13%"
"11/27/2014","299.75","297.75","301.40","297.75","488.76K","-0.07%"
"11/26/2014","299.95","297.00","301.95","297.00","466.46K","+0.00%"
"11/25/2014","299.95","297.30","303.85","297.30","1.47M","+0.08%"
"11/24/2014","299.70","297.55","304.15","296.30","3.93M","+0.05%"
"11/21/2014","299.55","297.55","302.15","293.90","1.58M","-0.15%"
"11/20/2014","300.00","300.00","301.20","296.50","1.61M","-0.02%"
"11/19/2014","300.05","302.90","303.00","296.00","416.01K","+0.00%"
"11/18/2014","300.05","298.00","306.90","295.00","1.54M","-0.02%"
"11/17/2014","300.10","295.00","303.00","295.00","278.62K","+0.38%"
"11/14/2014","298.95","295.70","302.50","292.60","773.75K","+1.41%"
"11/13/2014","294.80","291.00","296.85","290.00","484.33K","+1.50%"
"11/12/2014","290.45","287.65","297.45","282.35","1.01M","+0.05%"
"11/11/2014","290.30","286.00","292.90","285.10","1.45M","+1.01%"
"11/10/2014","287.40","276.00","291.05","275.40","1.03M","+3.16%"
"11/07/2014","278.60","296.95","296.95","274.00","1.21M","-4.39%"
"11/05/2014","291.40","308.70","309.75","283.60","3.09M","-3.56%"
"11/03/2014","302.15","292.05","311.80","292.05","2.36M","+2.62%"
"10/31/2014","294.45","292.40","297.35","289.30","1.98M","+1.22%"
"10/30/2014","290.90","291.80","291.95","288.00","417.90K","+0.29%"
"10/29/2014","290.05","293.00","293.00","285.55","909.86K","+0.22%"
"10/28/2014","289.40","294.40","299.50","287.40","771.25K","-0.34%"
"10/27/2014","290.40","302.50","302.50","288.00","269.99K","-2.65%"
"10/23/2014","298.30","297.00","299.35","295.60","17.15K","+0.54%"
"10/22/2014","296.70","290.05","299.45","290.05","538.46K","+2.13%"
"10/21/2014","290.50","284.05","292.00","284.05","840.27K","+1.93%"
"10/20/2014","285.00","285.00","290.25","283.40","907.61K","+0.53%"
"10/17/2014","283.50","282.00","285.60","281.70","246.77K","+0.34%"
"10/16/2014","282.55","286.20","290.25","281.00","451.09K","-2.65%"
"10/14/2014","290.25","288.10","292.70","288.05","181.48K","+0.55%"
"10/13/2014","288.65","289.70","290.90","285.25","193.40K","+0.23%"
"10/10/2014","288.00","292.70","295.90","283.40","541.20K","-0.07%"
"10/09/2014","288.20","290.00","295.95","280.55","1.31M","-0.47%"
"10/08/2014","289.55","287.10","294.70","287.05","834.60K","+0.35%"
"10/07/2014","288.55","282.30","299.70","279.50","1.36M","+2.83%"
"10/01/2014","280.60","295.15","300.00","275.25","2.39M","-4.80%"
"09/30/2014","294.75","293.85","304.90","289.00","1.25M","-1.16%"
"09/29/2014","298.20","292.50","302.80","292.00","1.45M","+2.46%"
"09/26/2014","291.05","295.05","298.75","286.50","578.80K","-3.02%"
"09/25/2014","300.10","288.30","304.80","286.55","1.05M","+5.78%"
"09/24/2014","283.70","283.10","300.45","281.00","826.99K","-1.25%"
"09/23/2014","287.30","293.00","296.00","285.00","640.68K","-2.26%"
"09/22/2014","293.95","310.05","310.20","290.20","2.95M","-5.97%"
"09/19/2014","312.60","314.55","319.50","296.10","2.82M","-1.03%"
"09/18/2014","315.85","310.00","322.00","302.80","2.25M","+1.99%"
"09/17/2014","309.70","299.95","314.80","290.15","1.69M","+4.05%"
"09/16/2014","297.65","298.50","306.30","287.05","1.66M","+0.17%"
"09/15/2014","297.15","280.00","299.00","276.00","1.82M","+5.43%"
"09/12/2014","281.85","282.10","286.05","278.85","3.34M","-0.02%"
"09/11/2014","281.90","284.00","287.40","276.30","600.99K","-0.88%"
"09/10/2014","284.40","291.05","292.00","282.10","1.17M","-3.25%"
"09/09/2014","293.95","302.00","305.80","281.25","2.51M","-0.76%"
"09/08/2014","296.20","280.30","301.10","267.80","2.41M","+5.67%"
"09/05/2014","280.30","289.00","291.00","278.00","1.11M","-1.68%"
"09/04/2014","285.10","280.00","291.40","276.25","913.90K","+2.02%"
"09/03/2014","279.45","275.00","281.60","275.00","1.06M","+2.27%"
"09/02/2014","273.25","270.00","278.60","267.55","993.18K","+1.56%"
"09/01/2014","269.05","263.05","270.00","263.05","622.72K","+2.09%"
"08/28/2014","263.55","254.75","265.60","254.20","365.10K","+3.43%"
"08/27/2014","254.80","254.60","257.60","250.20","613.88K","+0.43%"
"08/26/2014","253.70","259.00","264.25","252.10","639.50K","-2.69%"
"08/25/2014","260.70","260.00","262.80","253.30","1.24M","+2.18%"
"08/22/2014","255.15","262.00","267.00","252.60","418.01K","-3.63%"
"08/21/2014","264.75","262.00","270.50","258.50","10.95M","+1.03%"
"08/20/2014","262.05","265.80","266.70","258.20","1.70M","-1.00%"
"08/19/2014","264.70","269.00","272.80","261.00","2.51M","-1.73%"
"08/18/2014","269.35","267.55","271.65","266.05","1.27M","+0.65%"
"08/14/2014","267.60","266.75","268.20","262.10","1.66M","-0.13%"
"08/13/2014","267.95","263.10","270.40","263.10","2.86M","-0.02%"
"08/12/2014","268.00","259.00","270.70","259.00","2.30M","+2.66%"
"08/11/2014","261.05","258.95","267.95","251.00","1.10M","+0.83%"
"08/08/2014","258.90","250.70","261.45","243.20","2.33M","+2.39%"
"08/07/2014","252.85","255.00","255.45","251.60","1.94M","-6.99%"
"08/06/2014","271.85","276.75","276.75","268.05","519.60K","-1.16%"
"08/05/2014","275.05","267.30","276.80","267.30","1.60M","+2.90%"
"08/04/2014","267.30","263.45","274.90","263.45","448.98K","+1.87%"
"08/01/2014","262.40","257.90","266.00","254.20","384.33K","+2.50%"
"07/31/2014","256.00","253.00","259.05","253.00","808.75K","+1.37%"
"07/30/2014","252.55","252.30","267.30","251.75","1.74M","-1.85%"
"07/28/2014","257.30","258.30","260.35","255.30","238.30K","-1.30%"
"07/25/2014","260.70","265.00","266.95","258.10","863.23K","-0.36%"
"07/24/2014","261.65","265.05","267.90","260.00","147.05K","-2.86%"
"07/23/2014","269.35","269.00","270.60","266.15","602.42K","+0.50%"
"07/22/2014","268.00","258.55","270.00","258.55","233.55K","+2.60%"
"07/21/2014","261.20","265.00","266.80","260.00","497.46K","-1.23%"
"07/18/2014","264.45","264.00","265.25","261.05","148.86K","-0.15%"
"07/17/2014","264.85","264.10","268.00","258.40","1.09M","+0.27%"
"07/16/2014","264.15","263.00","265.05","263.00","128.44K","+0.46%"
"07/15/2014","262.95","254.80","265.95","254.80","358.99K","+3.20%"
"07/14/2014","254.80","253.30","259.50","248.00","130.65K","-0.43%"
"07/11/2014","255.90","252.15","259.00","252.00","528.06K","+0.77%"
"07/10/2014","253.95","249.90","258.90","249.50","249.85K","+0.61%"
"07/09/2014","252.40","253.00","254.70","246.20","108.44K","-0.53%"
"07/08/2014","253.75","258.75","261.40","246.65","776.38K","-0.22%"
"07/07/2014","254.30","260.25","262.90","252.00","645.77K","-2.57%"
"07/04/2014","261.00","270.00","271.00","260.15","222.29K","-2.25%"
"07/03/2014","267.00","265.50","269.70","263.10","175.50K","+0.87%"
"07/02/2014","264.70","259.35","269.00","255.05","376.88K","+1.83%"
"07/01/2014","259.95","256.25","274.90","256.25","1.15M","+1.70%"
"06/30/2014","255.60","258.60","262.00","250.25","143.40K","-2.83%"
"06/27/2014","263.05","250.00","266.00","249.95","1.14M","+5.24%"
"06/26/2014","249.95","248.20","261.55","248.20","898.77K","+0.71%"
"06/25/2014","248.20","248.00","250.40","245.95","406.03K","+0.32%"
"06/24/2014","247.40","235.75","249.90","232.50","179.76K","+4.94%"
"06/23/2014","235.75","241.10","243.00","234.55","104.13K","-2.78%"
"06/20/2014","242.50","251.00","251.00","240.05","146.26K","-2.69%"
"06/19/2014","249.20","244.10","250.00","243.05","58.44K","+1.05%"
"06/18/2014","246.60","256.00","256.00","245.00","326.44K","-2.36%"
"06/17/2014","252.55","245.10","256.00","245.10","1.29M","+2.60%"
"06/16/2014","246.15","254.80","254.80","244.00","404.22K","-2.07%"
"06/13/2014","251.35","264.00","264.00","249.75","453.55K","-3.31%"
"06/12/2014","259.95","259.00","261.70","258.50","500.77K","+0.10%"
"06/11/2014","259.70","263.55","263.55","251.85","572.43K","-0.10%"
"06/10/2014","259.95","247.05","268.00","244.10","1.40M","+6.10%"
"06/09/2014","245.00","241.10","246.50","240.15","543.48K","+0.10%"
"06/06/2014","244.75","244.00","245.50","240.00","1.89M","-0.06%"
"06/05/2014","244.90","245.00","246.50","241.40","620.17K","-0.02%"
"06/04/2014","244.95","233.00","245.45","233.00","958.02K","+4.66%"
"06/03/2014","234.05","236.10","241.00","233.05","92.41K","-0.89%"
"06/02/2014","236.15","232.45","239.45","230.05","542.23K","+2.01%"
"05/30/2014","231.50","237.25","237.25","228.25","281.27K","-1.30%"
"05/29/2014","234.55","239.90","239.90","231.35","147.69K","-2.21%"
"05/28/2014","239.85","232.90","242.00","231.05","210.02K","+3.41%"
"05/27/2014","231.95","240.05","241.65","229.20","89.60K","-2.91%"
"05/26/2014","238.90","240.00","245.00","236.15","1.02M","+1.29%"
"05/23/2014","235.85","238.00","241.90","230.25","1.06M","-1.34%"
"05/22/2014","239.05","235.00","240.20","232.60","524.98K","+1.77%"
"05/21/2014","234.90","233.05","235.10","231.00","471.88K","+0.49%"
"05/20/2014","233.75","235.00","235.00","226.00","92.22K","-0.51%"
"05/19/2014","234.95","234.00","235.50","232.45","330.22K","+0.77%"
"05/16/2014","233.15","227.00","236.00","216.85","431.71K","+0.97%"
"05/15/2014","230.90","238.00","239.40","229.00","231.29K","-2.29%"
"05/14/2014","236.30","220.65","247.10","220.65","2.65M","+5.66%"
"05/13/2014","223.65","222.10","225.10","221.35","282.06K","+0.79%"
"05/12/2014","221.90","223.00","224.30","221.00","179.67K","-0.83%"
"05/09/2014","223.75","225.00","225.00","219.00","166.16K","-0.33%"
"05/08/2014","224.50","224.00","225.10","216.15","248.36K","-0.07%"
"05/07/2014","224.65","224.50","225.35","223.00","467.57K","+0.92%"
"05/06/2014","222.60","215.00","223.00","214.10","403.71K","+4.24%"
"05/05/2014","213.55","220.00","223.85","202.50","3.17M","-2.62%"
"05/02/2014","219.30","217.00","222.10","212.00","894.04K","+1.69%"
"04/30/2014","215.65","216.00","218.50","214.00","1.96M","+0.33%"
"04/29/2014","214.95","214.95","216.00","211.20","2.31M","+0.77%"
"04/28/2014","213.30","211.00","214.50","208.05","810.35K","+0.90%"
"04/25/2014","211.40","210.00","214.00","208.60","4.84M","+3.78%"
"04/23/2014","203.70","198.95","209.40","197.60","2.00M","+2.39%"
"04/22/2014","198.95","196.00","200.05","196.00","205.69K","+0.30%"
"04/21/2014","198.35","195.15","199.90","195.15","444.15K","+1.64%"
"04/17/2014","195.15","196.00","200.00","191.70","494.63K","-0.28%"
"04/16/2014","195.70","194.15","197.90","194.15","310.89K","+0.05%"
"04/15/2014","195.60","196.00","197.95","194.55","102.26K","+0.10%"
"04/11/2014","195.40","196.05","198.60","195.05","45.63K","-0.28%"
"04/10/2014","195.95","196.55","199.80","194.55","62.98K","+0.00%"
"04/09/2014","195.95","200.00","200.00","195.40","178.13K","-2.15%"
"04/07/2014","200.25","196.10","202.85","196.10","56.46K","+0.23%"
"04/04/2014","199.80","200.00","201.40","198.50","124.54K","+0.35%"
"04/03/2014","199.10","201.15","203.45","195.00","1.23M","-1.95%"
"04/02/2014","203.05","204.50","205.70","201.45","36.04K","-0.34%"
"04/01/2014","203.75","202.10","205.90","200.05","820.78K","+0.17%"
"03/31/2014","203.40","205.10","210.25","200.55","70.93K","-0.29%"
"03/28/2014","204.00","208.00","209.70","202.10","156.18K","-2.63%"
"03/27/2014","209.50","205.05","210.45","205.05","1.36M","+1.18%"
"03/26/2014","207.05","200.00","209.45","199.00","786.46K","+3.68%"
"03/25/2014","199.70","193.80","202.00","188.00","12.99M","+0.91%"
"03/24/2014","197.90","195.35","200.50","195.35","52.89K","-0.88%"
"03/21/2014","199.65","195.05","200.00","190.00","917.77K","+1.76%"
"03/20/2014","196.20","197.30","199.75","195.50","116.45K","-1.56%"
"03/19/2014","199.30","195.50","201.30","195.50","1.09M","-0.30%"
"03/18/2014","199.90","194.00","202.95","194.00","766.65K","+1.91%"
"03/14/2014","196.15","199.85","202.00","194.00","127.28K","-1.85%"
"03/13/2014","199.85","202.25","205.90","198.00","595.84K","-1.55%"
"03/12/2014","203.00","207.50","209.20","202.00","978.72K","-3.75%"
"03/11/2014","210.90","211.90","213.95","204.05","1.69M","-0.47%"
"03/10/2014","211.90","202.00","214.00","202.00","991.07K","+3.14%"
"03/07/2014","205.45","209.90","215.00","202.40","390.02K","-0.56%"
"03/06/2014","206.60","201.90","207.40","201.90","1.58M","+2.53%"
"03/05/2014","201.50","197.50","214.00","197.05","2.56M","+5.89%"
"03/04/2014","190.30","190.00","193.90","185.05","2.44M","+1.44%"
"03/03/2014","187.60","177.20","193.00","177.20","364.20K","+4.34%"
"02/28/2014","179.80","172.00","181.80","172.00","1.96M","+4.57%"
"02/26/2014","171.95","171.00","172.25","169.00","1.50M","+0.06%"
"02/25/2014","171.85","170.25","172.50","170.00","1.54M","+0.20%"
"02/24/2014","171.50","169.20","173.45","169.20","771.92K","-0.52%"
"02/21/2014","172.40","170.50","173.90","168.50","1.38M","+1.32%"
"02/20/2014","170.15","169.55","171.75","168.45","20.11K","-0.64%"
"02/19/2014","171.25","171.00","172.50","167.90","28.74K","+0.38%"
"02/18/2014","170.60","169.25","171.80","168.55","573.26K","+0.35%"
"02/17/2014","170.00","174.90","176.00","165.00","752.57K","-1.59%"
"02/14/2014","172.75","168.00","174.30","167.90","2.86M","+2.61%"
"02/13/2014","168.35","167.05","168.65","165.50","349.38K","+0.24%"
"02/12/2014","167.95","167.95","168.90","166.75","1.99M","+0.57%"
"02/11/2014","167.00","165.75","169.25","165.00","197.19K","+0.75%"
"02/10/2014","165.75","167.95","169.50","164.50","1.23M","-0.78%"
"02/07/2014","167.05","168.25","173.50","165.75","2.72M","-1.45%"
"02/06/2014","169.50","164.60","173.35","164.60","306.44K","+2.20%"
"02/05/2014","165.85","164.05","169.80","164.05","133.25K","+0.36%"
"02/04/2014","165.25","165.00","168.00","163.70","115.19K","+0.49%"
"02/03/2014","164.45","172.00","172.00","162.35","331.52K","-4.36%"
"01/31/2014","171.95","171.95","173.10","170.50","173.17K","+0.41%"
"01/30/2014","171.25","173.00","173.10","168.50","178.34K","-1.58%"
"01/29/2014","174.00","175.00","177.55","172.75","415.43K","+1.31%"
"01/28/2014","171.75","168.00","173.65","167.50","184.25K","+2.38%"
"01/27/2014","167.75","175.00","175.10","166.00","736.31K","-3.65%"
"01/24/2014","174.10","170.90","175.20","169.10","1.69M","+3.60%"
"01/23/2014","168.05","161.60","171.45","161.60","2.71M","+1.60%"
"01/22/2014","165.40","165.25","169.50","164.00","14.66K","-0.93%"
"01/21/2014","166.95","166.20","168.00","165.35","40.31K","-0.39%"
"01/20/2014","167.60","166.25","170.45","166.05","62.80K","-2.50%"
"01/17/2014","171.90","170.20","173.65","165.40","476.83K","-0.52%"
"01/16/2014","172.80","176.55","176.55","170.00","618.23K","-1.20%"
"01/15/2014","174.90","172.70","176.90","172.70","2.27M","-0.20%"
"01/14/2014","175.25","177.90","179.80","174.00","20.38K","-0.65%"
"01/13/2014","176.40","176.05","178.50","175.00","22.15K","-0.76%"
"01/10/2014","177.75","177.90","178.50","168.60","611.08K","+0.31%"
"01/09/2014","177.20","175.10","178.15","175.10","52.82K","+0.14%"
"01/08/2014","176.95","174.95","177.95","173.20","58.62K","+1.23%"
"01/07/2014","174.80","176.20","180.00","173.85","81.50K","-0.71%"
"01/06/2014","176.05","175.00","178.70","170.25","1.13M","+0.72%"
"01/03/2014","174.80","172.00","175.95","170.00","483.18K","+1.92%"
"01/02/2014","171.50","166.60","172.30","166.60","98.99K","+1.99%"
"01/01/2014","168.15","169.50","170.00","167.75","13.23K","-0.24%"
"12/31/2013","168.55","168.00","169.85","167.60","42.52K","-0.35%"
"12/30/2013","169.15","168.10","170.00","168.00","70.21K","+0.30%"
"12/27/2013","168.65","170.00","170.00","166.00","93.08K","-0.21%"
"12/26/2013","169.00","169.30","172.50","168.00","28.20K","+0.33%"
"12/24/2013","168.45","171.00","174.00","167.00","69.48K","-0.82%"
"12/23/2013","169.85","174.20","179.75","166.80","6.37M","-3.33%"
"12/20/2013","175.70","175.00","178.00","172.30","426.33K","-0.76%"
"12/19/2013","177.05","175.50","178.80","174.95","72.25K","+1.11%"
"12/18/2013","175.10","175.05","176.95","175.00","63.10K","-0.23%"
"12/17/2013","175.50","175.05","177.45","175.00","288.16K","+1.24%"
"12/16/2013","173.35","169.75","175.65","169.75","24.21K","-0.12%"
"12/13/2013","173.55","177.00","178.95","172.20","37.82K","-3.04%"
"12/12/2013","179.00","184.00","185.50","175.00","631.19K","-3.19%"
"12/11/2013","184.90","182.15","189.90","181.10","2.44M","+2.81%"
"12/10/2013","179.85","176.95","182.00","172.25","490.50K","+1.64%"
"12/09/2013","176.95","172.70","180.00","172.50","344.73K","+2.82%"
"12/06/2013","172.10","167.90","175.40","162.00","580.99K","+3.67%"
"12/05/2013","166.00","163.55","167.90","163.00","283.25K","+1.44%"
"12/04/2013","163.65","160.60","168.70","159.75","320.34K","+2.28%"
"12/03/2013","160.00","157.00","161.80","157.00","91.17K","+0.98%"
"12/02/2013","158.45","158.05","160.40","157.00","75.97K","+0.19%"
"11/29/2013","158.15","156.45","159.00","156.45","24.39K","+1.28%"
"11/28/2013","156.15","157.50","160.55","156.00","41.32K","-1.82%"
"11/27/2013","159.05","159.50","162.00","158.25","248.92K","-0.97%"
"11/26/2013","160.60","161.05","162.75","159.55","36.94K","-0.89%"
"11/25/2013","162.05","159.15","163.65","158.00","81.70K","+1.82%"
"11/22/2013","159.15","158.55","159.75","158.55","98.80K","+0.16%"
"11/21/2013","158.90","157.10","159.65","157.00","176.29K","+0.51%"
"11/20/2013","158.10","156.55","159.80","156.55","20.55K","+0.41%"
"11/19/2013","157.45","156.65","162.85","156.45","27.90K","-0.97%"
"11/18/2013","159.00","154.50","160.20","154.50","838.18K","+0.76%"
"11/14/2013","157.80","152.65","158.70","152.60","244.66K","+1.61%"
"11/13/2013","155.30","151.30","158.45","151.30","742.65K","+0.68%"
"11/12/2013","154.25","158.05","162.95","153.10","293.73K","-3.44%"
"11/11/2013","159.75","169.80","169.80","158.50","140.86K","-4.51%"
"11/08/2013","167.30","169.80","172.00","166.05","215.69K","-0.42%"
"11/07/2013","168.00","167.90","169.40","165.55","112.96K","+1.69%"
"11/06/2013","165.20","159.00","169.75","158.05","687.75K","+2.64%"
"11/05/2013","160.95","160.60","163.75","155.10","713.67K","-0.71%"
"11/01/2013","162.10","160.55","167.80","160.55","362.75K","-1.67%"
"10/31/2013","164.85","153.00","169.00","151.40","651.74K","+7.32%"
"10/30/2013","153.60","151.15","156.40","151.00","1.75M","+1.39%"
"10/29/2013","151.50","154.00","154.00","150.25","814.82K","-1.50%"
"10/28/2013","153.80","151.75","156.50","150.25","815.87K","-2.60%"
"10/25/2013","157.90","158.55","159.85","157.25","142.77K","-0.72%"
"10/24/2013","159.05","160.10","161.50","158.75","156.36K","-0.66%"
"10/23/2013","160.10","160.05","162.10","158.00","35.73K","-1.11%"
"10/22/2013","161.90","163.50","163.50","161.00","14.81K","-1.55%"
"10/21/2013","164.45","158.00","166.80","158.00","146.19K","+2.75%"
"10/18/2013","160.05","158.65","161.90","158.65","337.31K","+0.06%"
"10/17/2013","159.95","156.50","160.95","156.50","736.36K","-0.09%"
"10/15/2013","160.10","159.80","162.00","159.30","37.45K","+0.09%"
"10/14/2013","159.95","159.00","162.00","157.65","641.52K","+1.52%"
"10/11/2013","157.55","156.85","159.95","156.85","18.29K","-1.19%"
"10/10/2013","159.45","155.20","160.00","155.20","26.88K","+0.95%"
"10/09/2013","157.95","156.40","160.00","156.40","11.79K","+0.10%"
"10/08/2013","157.80","158.40","159.10","153.10","64.06K","-0.82%"
"10/07/2013","159.10","156.40","163.50","156.20","113.57K","+0.98%"
"10/04/2013","157.55","153.00","158.45","153.00","112.51K","+1.61%"
"10/03/2013","155.05","151.50","156.00","151.50","280.69K","+1.64%"
"10/01/2013","152.55","155.00","156.45","150.70","331.68K","-2.46%"
"09/30/2013","156.40","156.20","160.00","155.00","41.37K","-2.10%"
"09/27/2013","159.75","159.50","162.50","157.85","380.21K","+0.28%"
"09/26/2013","159.30","163.85","163.85","157.05","671.49K","-0.50%"
"09/25/2013","160.10","164.70","164.70","157.00","630.79K","+0.38%"
"09/24/2013","159.50","164.90","164.90","158.30","92.55K","+0.35%"
"09/23/2013","158.95","160.25","161.05","157.40","174.31K","-2.15%"
"09/20/2013","162.45","162.20","166.05","158.00","586.63K","-1.61%"
"09/19/2013","165.10","160.00","170.15","159.05","3.25M","+3.80%"
"09/18/2013","159.05","156.00","160.00","155.95","63.66K","+0.63%"
"09/17/2013","158.05","156.90","159.40","155.20","314.18K","+0.99%"
"09/16/2013","156.50","157.85","157.95","155.00","66.01K","+0.19%"
"09/13/2013","156.20","156.95","157.90","155.00","6.87K","+0.90%"
"09/12/2013","154.80","153.95","158.40","152.20","123.72K","+1.81%"
"09/11/2013","152.05","144.00","155.00","144.00","2.20M","+3.61%"
"09/10/2013","146.75","141.50","148.00","141.50","433.86K","+1.52%"
"09/06/2013","144.55","145.65","148.00","142.65","138.32K","+2.77%"
"09/05/2013","140.65","137.00","142.00","137.00","57.71K","+1.63%"
"09/04/2013","138.40","136.35","139.70","136.25","84.64K","+0.69%"
"09/03/2013","137.45","137.75","138.55","135.75","70.50K","-0.90%"
"09/02/2013","138.70","139.20","141.00","134.05","78.03K","-0.36%"
"08/30/2013","139.20","132.95","140.65","132.15","77.54K","+3.30%"
"08/29/2013","134.75","136.50","138.90","132.20","21.53K","+0.37%"
"08/28/2013","134.25","129.00","143.00","126.50","65.74K","+2.76%"
"08/27/2013","130.65","132.00","134.80","127.15","164.12K","-1.25%"
"08/26/2013","132.30","139.30","139.50","128.50","1.11M","-4.30%"
"08/23/2013","138.25","139.00","140.00","136.00","1.04M","-1.53%"
"08/22/2013","140.40","137.35","142.00","135.15","52.00K","+0.93%"
"08/21/2013","139.10","148.00","148.00","135.10","110.24K","-4.99%"
"08/20/2013","146.40","147.85","148.80","144.50","865.46K","-1.61%"
"08/19/2013","148.80","148.35","149.95","147.00","1.68M","-0.80%"
"08/16/2013","150.00","149.00","151.00","147.55","55.92K","-0.07%"
"08/14/2013","150.10","149.05","151.40","148.10","77.06K","+0.17%"
"08/13/2013","149.85","148.75","152.00","147.10","95.58K","-0.56%"
"08/12/2013","150.70","149.00","153.50","147.25","61.63K","+0.33%"
"08/08/2013","150.20","147.95","153.85","147.10","60.13K","+2.11%"
"08/07/2013","147.10","146.15","149.90","143.10","81.80K","+0.41%"
"08/06/2013","146.50","148.10","150.00","145.10","99.37K","-2.27%"
"08/05/2013","149.90","148.10","151.00","147.60","252.73K","+0.74%"
"08/02/2013","148.80","149.90","150.60","146.60","76.40K","+0.27%"
"08/01/2013","148.40","147.30","151.25","146.10","128.27K","-0.27%"
"07/31/2013","148.80","147.50","154.00","145.00","166.56K","-0.40%"
"07/30/2013","149.40","147.85","150.00","146.00","188.61K","+3.00%"
"07/29/2013","145.05","149.00","152.00","141.75","894.43K","-3.36%"
"07/26/2013","150.10","149.00","153.00","148.00","33.26K","+0.67%"
"07/25/2013","149.10","148.10","151.05","148.10","122.07K","-0.80%"
"07/24/2013","150.30","147.75","152.95","147.75","40.31K","-0.79%"
"07/23/2013","151.50","153.10","153.30","149.45","58.79K","-1.17%"
"07/22/2013","153.30","153.00","156.00","150.10","24.13K","-1.00%"
"07/19/2013","154.85","155.20","156.10","152.05","18.66K","-0.80%"
"07/18/2013","156.10","154.15","157.00","152.80","37.87K","+0.84%"
"07/17/2013","154.80","159.85","159.85","152.50","457.32K","-0.61%"
"07/16/2013","155.75","153.75","158.05","126.30","54.35K","-0.80%"
"07/15/2013","157.00","153.00","161.50","153.00","619.12K","-0.03%"
"07/12/2013","157.05","154.00","158.00","154.00","104.21K","+0.77%"
"07/11/2013","155.85","152.00","156.00","152.00","92.69K","+2.60%"
"07/10/2013","151.90","150.20","153.00","149.45","19.93K","+0.66%"
"07/09/2013","150.90","149.00","152.75","149.00","303.69K","-0.03%"
"07/08/2013","150.95","152.50","152.50","149.00","25.02K","-1.02%"
"07/05/2013","152.50","152.00","157.00","152.00","174.33K","-0.81%"
"07/04/2013","153.75","152.00","155.00","152.00","262.76K","-0.13%"
"07/03/2013","153.95","150.00","157.65","147.00","242.53K","+1.28%"
"07/02/2013","152.00","154.00","154.00","149.30","485.27K","-0.69%"
"07/01/2013","153.05","150.00","154.50","150.00","633.35K","+0.10%"
"06/28/2013","152.90","152.15","154.70","151.60","1.22M","+2.69%"
"06/27/2013","148.90","141.00","151.50","141.00","513.22K","+3.47%"
"06/26/2013","143.90","141.50","145.00","139.40","277.13K","+1.09%"
"06/25/2013","142.35","147.00","147.70","140.15","899.44K","-4.11%"
"06/24/2013","148.45","146.00","151.90","145.05","36.59K","+0.88%"
"06/21/2013","147.15","144.95","150.40","143.55","65.91K","+1.52%"
"06/20/2013","144.95","154.00","154.00","140.30","301.82K","-6.42%"
"06/19/2013","154.90","150.00","158.40","149.20","250.65K","+2.04%"
"06/18/2013","151.80","153.00","154.90","149.30","57.29K","-0.20%"
"06/17/2013","152.10","153.00","159.95","150.50","107.22K","-1.87%"
"06/14/2013","155.00","152.25","155.45","152.25","979.84K","+0.81%"
"06/13/2013","153.75","150.00","155.70","149.30","261.25K","+0.99%"
"06/12/2013","152.25","153.90","164.40","148.50","165.94K","-1.07%"
"06/11/2013","153.90","161.00","162.00","152.50","55.19K","-5.41%"
"06/10/2013","162.70","164.00","165.95","160.00","43.09K","-1.57%"
"06/07/2013","165.30","168.20","168.50","165.00","208.98K","-2.04%"
"06/06/2013","168.75","168.30","170.00","166.65","36.86K","-0.21%"
"06/05/2013","169.10","168.20","170.00","168.20","795.36K","-0.35%"
"06/04/2013","169.70","168.00","172.00","168.00","26.58K","+0.80%"
"06/03/2013","168.35","168.10","172.55","168.00","33.50K","-1.26%"
"05/31/2013","170.50","168.00","175.90","168.00","257.62K","+0.56%"
"05/30/2013","169.55","168.00","171.30","168.00","24.08K","-0.93%"
"05/29/2013","171.15","171.00","173.50","168.05","45.13K","-0.61%"
"05/28/2013","172.20","173.40","175.00","171.90","17.32K","-0.46%"
"05/27/2013","173.00","172.95","176.00","170.00","37.74K","-1.03%"
"05/24/2013","174.80","166.00","175.50","166.00","56.71K","+2.85%"
"05/23/2013","169.95","172.50","173.95","169.00","34.83K","-1.19%"
"05/22/2013","172.00","174.30","175.40","171.70","17.04K","-2.11%"
"05/21/2013","175.70","173.00","176.50","173.00","44.31K","+0.66%"
"05/20/2013","174.55","173.00","175.90","173.00","13.55K","-0.09%"
"05/17/2013","174.70","174.95","176.70","174.00","15.85K","+0.20%"
"05/16/2013","174.35","175.00","176.80","173.55","19.90K","-1.11%"
"05/15/2013","176.30","174.05","177.05","174.05","55.65K","+0.11%"
"05/14/2013","176.10","174.00","177.00","172.00","61.56K","+1.27%"
"05/13/2013","173.90","175.10","177.40","173.75","13.01K","-1.47%"
"05/10/2013","176.50","175.00","178.65","175.00","216.48K","-0.73%"
"05/09/2013","177.80","173.00","179.00","173.00","137.49K","+0.42%"
"05/08/2013","177.05","173.00","177.80","173.00","128.50K","+0.83%"
"05/07/2013","175.60","172.30","176.90","172.30","104.58K","+0.29%"
"05/06/2013","175.10","175.00","179.00","172.00","191.63K","-0.31%"
"05/03/2013","175.65","177.00","177.75","175.05","39.36K","-0.28%"
"05/02/2013","176.15","179.00","179.25","174.25","471.52K","-0.93%"
"04/30/2013","177.80","179.90","183.00","176.00","1.93M","-0.56%"
"04/29/2013","178.80","178.50","182.10","174.75","904.97K","+0.17%"
"04/26/2013","178.50","176.10","181.05","176.10","1.40M","+1.33%"
"04/25/2013","176.15","173.00","178.10","173.00","48.72K","+0.60%"
"04/23/2013","175.10","176.00","178.05","173.15","50.02K","-2.67%"
"04/22/2013","179.90","165.00","181.90","165.00","338.08K","+5.67%"
"04/18/2013","170.25","165.80","172.00","164.30","556.27K","+0.18%"
"04/17/2013","169.95","163.00","172.00","162.95","1.06M","+3.50%"
"04/16/2013","164.20","167.85","167.85","160.50","188.87K","+0.06%"
"04/15/2013","164.10","168.10","174.80","159.25","783.12K","-4.12%"
"04/12/2013","171.15","173.00","175.90","169.20","91.66K","-2.26%"
"04/11/2013","175.10","178.25","179.10","173.65","12.89K","-1.77%"
"04/10/2013","178.25","171.10","180.00","171.10","115.62K","+0.65%"
"04/09/2013","177.10","178.45","180.60","173.65","783.07K","-0.23%"
"04/08/2013","177.50","177.55","183.25","177.20","43.04K","-1.93%"
"04/05/2013","181.00","180.40","181.95","178.25","209.98K","+0.56%"
"04/04/2013","180.00","180.00","182.00","176.55","932.85K","-0.74%"
"04/03/2013","181.35","183.35","184.55","180.50","890.61K","-1.39%"
"04/02/2013","183.90","177.00","186.00","176.00","202.99K","+2.65%"
"04/01/2013","179.15","176.95","184.00","174.05","172.21K","+0.11%"
"03/28/2013","178.95","136.60","185.00","136.60","338.46K","+5.26%"
"03/26/2013","170.00","168.00","172.00","167.40","3.05M","-0.15%"
"03/25/2013","170.25","173.00","174.95","166.70","649.93K","-1.65%"
"03/22/2013","173.10","175.90","175.90","169.60","979.17K","-0.46%"
"03/21/2013","173.90","178.50","180.35","172.35","3.10M","-3.34%"
"03/20/2013","179.90","181.90","184.70","176.15","560.53K","-1.10%"
"03/19/2013","181.90","185.00","185.80","180.10","296.98K","-0.87%"
"03/18/2013","183.50","186.90","186.90","179.65","101.72K","-0.86%"
"03/15/2013","185.10","190.00","190.40","184.10","174.01K","-2.48%"
"03/14/2013","189.80","152.30","191.75","152.30","104.78K","-0.05%"
"03/13/2013","189.90","188.05","191.60","188.05","579.14K","+0.03%"
"03/12/2013","189.85","192.50","193.85","189.30","416.69K","-1.78%"
"03/11/2013","193.30","193.70","194.00","189.90","389.00K","-0.21%"
"03/08/2013","193.70","195.40","197.45","191.50","237.35K","-1.15%"
"03/07/2013","195.95","196.90","197.50","193.10","255.57K","-0.51%"
"03/06/2013","196.95","196.55","197.95","194.30","1.13M","+0.69%"
"03/05/2013","195.60","194.90","196.60","191.05","421.92K","+1.74%"
"03/04/2013","192.25","187.75","192.85","187.75","134.28K","+0.76%"
"03/01/2013","190.80","181.00","194.65","181.00","1.03M","-0.57%"
"02/28/2013","191.90","185.00","194.90","185.00","3.21M","+3.98%"
"02/27/2013","184.55","196.85","196.85","175.55","1.82M","-3.91%"
"02/26/2013","192.05","191.15","193.50","189.40","324.12K","+0.00%"
"02/25/2013","192.05","199.00","199.00","188.75","770.74K","+0.23%"
"02/22/2013","191.60","195.90","195.90","188.00","685.09K","-1.64%"
"02/21/2013","194.80","196.40","197.00","194.15","217.04K","-0.64%"
"02/20/2013","196.05","193.95","197.00","192.35","214.53K","+2.32%"
"02/19/2013","191.60","197.25","197.25","190.10","38.97K","-0.16%"
"02/18/2013","191.90","188.00","192.70","186.70","820.34K","+1.99%"
"02/15/2013","188.15","192.80","192.80","181.95","891.99K","-2.41%"
"02/14/2013","192.80","195.10","195.55","191.50","192.16K","-1.18%"
"02/13/2013","195.10","202.65","202.65","194.45","294.91K","-2.62%"
"02/12/2013","200.35","203.05","204.60","195.00","164.40K","-1.48%"
"02/11/2013","203.35","201.15","207.40","201.15","56.81K","-1.74%"
"02/08/2013","206.95","207.95","208.75","204.45","1.15M","-0.29%"
"02/07/2013","207.55","210.85","210.85","207.00","55.63K","-1.17%"
"02/06/2013","210.00","210.25","211.50","209.25","1.07M","+0.07%"
"02/05/2013","209.85","208.90","211.90","207.45","310.50K","-0.05%"
"02/04/2013","209.95","208.75","211.00","206.35","972.95K","+1.92%"
"02/01/2013","206.00","202.25","210.90","202.25","535.71K","+0.86%"
"01/31/2013","204.25","209.85","211.25","201.00","477.14K","-2.71%"
"01/30/2013","209.95","215.00","215.00","208.10","1.25M","-1.04%"
"01/29/2013","212.15","210.65","216.00","210.00","1.30M","+0.88%"
"01/28/2013","210.30","209.00","211.50","208.00","619.34K","+0.96%"
"01/25/2013","208.30","206.95","209.50","204.65","446.42K","+1.07%"
"01/24/2013","206.10","204.65","210.40","204.55","1.66M","+0.73%"
"01/23/2013","204.60","205.00","205.15","203.15","632.50K","-0.22%"
"01/22/2013","205.05","205.10","206.35","204.15","645.16K","+0.00%"
"01/21/2013","205.05","206.85","207.50","204.50","599.42K","+0.02%"
"01/18/2013","205.00","206.35","206.65","204.10","1.22M","+0.02%"
"01/17/2013","204.95","206.60","207.70","204.20","1.58M","+0.27%"
"01/16/2013","204.40","205.85","210.00","202.50","522.98K","-0.41%"
"01/15/2013","205.25","207.95","208.65","204.00","308.82K","-1.23%"
"01/14/2013","207.80","205.20","208.25","202.90","440.02K","+1.14%"
"01/11/2013","205.45","204.40","206.80","203.60","560.60K","+0.17%"
"01/10/2013","205.10","205.00","207.00","203.00","1.06M","+0.02%"
"01/09/2013","205.05","204.25","207.90","203.30","1.32M","+1.03%"
"01/08/2013","202.95","207.55","211.05","201.70","1.31M","-2.15%"
"01/07/2013","207.40","207.85","209.00","206.10","2.63M","+0.12%"
"01/04/2013","207.15","205.00","210.00","202.35","4.19M","+1.37%"
"01/03/2013","204.35","200.00","206.50","200.00","3.63M","+1.41%"
"01/02/2013","201.50","198.30","204.35","197.00","5.47M","+1.90%"
"01/01/2013","197.75","194.70","199.80","194.00","2.62M","+2.09%"
"12/31/2012","193.70","191.85","195.50","188.25","6.02M","+1.07%"
"12/28/2012","191.65","200.00","200.85","188.65","35.35M","+0.00%"
