"Date","Price","Open","High","Low","Vol.","Change %"
"07/13/2026","131285.00","133000.00","133000.00","131000.00","5.95K","-2.34%"
"07/10/2026","134425.00","134505.00","135250.00","134000.00","3.61K","+0.41%"
"07/09/2026","133870.00","132940.00","134390.00","132940.00","4.49K","+0.70%"
"07/08/2026","132940.00","137195.00","137420.00","132600.00","8.32K","-4.12%"
"07/07/2026","138650.00","135900.00","138990.00","135640.00","14.26K","+2.22%"
"07/06/2026","135640.00","135200.00","136680.00","133315.00","7.80K","+0.73%"
"07/03/2026","134655.00","132665.00","136490.00","132665.00","15.96K","+1.96%"
"07/02/2026","132065.00","129750.00","132220.00","129750.00","9.91K","+2.04%"
"07/01/2026","129430.00","128090.00","130600.00","127480.00","8.68K","+1.26%"
"06/30/2026","127820.00","125065.00","128100.00","124455.00","12.08K","+3.04%"
"06/29/2026","124050.00","129900.00","130200.00","123605.00","17.40K","-4.25%"
"06/25/2026","129550.00","130990.00","131795.00","129205.00","4.80K","-0.44%"
"06/24/2026","130120.00","131350.00","131750.00","129800.00","5.74K","-0.94%"
"06/23/2026","131350.00","131560.00","132885.00","131000.00","7.61K","-0.16%"
"06/22/2026","131560.00","128645.00","132040.00","128645.00","11.18K","+2.27%"
"06/19/2026","128645.00","130310.00","130485.00","128380.00","6.60K","-1.11%"
"06/18/2026","130085.00","129250.00","131000.00","128905.00","4.35K","+0.65%"
"06/17/2026","129245.00","128940.00","129590.00","128205.00","6.93K","+0.60%"
"06/16/2026","128470.00","129500.00","129930.00","127800.00","6.79K","-0.05%"
"06/15/2026","128540.00","127005.00","131795.00","127005.00","17.75K","+2.41%"
"06/12/2026","125515.00","123590.00","125700.00","123540.00","4.68K","+2.10%"
"06/11/2026","122935.00","122550.00","123500.00","122050.00","4.10K","+0.28%"
"06/10/2026","122595.00","123000.00","123300.00","122140.00","4.72K","-0.13%"
"06/09/2026","122750.00","123390.00","123680.00","122595.00","4.77K","-0.06%"
"06/08/2026","122820.00","123500.00","123940.00","122205.00","4.23K","-0.55%"
"06/05/2026","123505.00","125950.00","125950.00","123350.00","7.17K","-0.97%"
"06/04/2026","124715.00","124800.00","125500.00","124300.00","3.35K","-0.06%"
"06/03/2026","124790.00","124950.00","125395.00","124075.00","3.22K","+0.08%"
"06/02/2026","124695.00","123805.00","125620.00","123430.00","4.34K","+0.22%"
"06/01/2026","124425.00","125275.00","125275.00","123800.00","5.79K","+0.81%"
"05/29/2026","123420.00","127040.00","127590.00","122000.00","17.16K","-2.85%"
"05/27/2026","127040.00","127700.00","127760.00","126900.00","2.91K","-0.09%"
"05/26/2026","127160.00","129000.00","129200.00","127000.00","5.58K","-1.16%"
"05/25/2026","128655.00","128220.00","129390.00","127175.00","6.72K","+1.47%"
"05/22/2026","126785.00","126790.00","127330.00","125800.00","5.41K","+0.57%"
"05/21/2026","126070.00","127660.00","127990.00","125630.00","5.26K","-0.83%"
"05/20/2026","127125.00","126700.00","127790.00","125410.00","4.99K","+0.31%"
"05/19/2026","126730.00","128550.00","129500.00","126200.00","7.01K","-1.84%"
"05/18/2026","129110.00","127500.00","129365.00","126520.00","5.29K","+0.37%"
"05/15/2026","128640.00","127030.00","128910.00","126500.00","5.42K","+1.73%"
"05/14/2026","126455.00","127000.00","128320.00","126000.00","6.98K","-0.02%"
"05/13/2026","126480.00","126535.00","127500.00","124900.00","8.53K","-0.02%"
"05/12/2026","126505.00","129000.00","129565.00","126050.00","7.75K","-1.87%"
"05/11/2026","128910.00","130330.00","130500.00","128620.00","4.53K","-1.16%"
"05/08/2026","130425.00","131745.00","132000.00","130135.00","6.38K","+0.35%"
"05/07/2026","129965.00","131495.00","133950.00","129350.00","23.65K","-0.28%"
"05/06/2026","130335.00","129540.00","130750.00","128720.00","6.79K","+1.61%"
"05/05/2026","128270.00","130095.00","130095.00","128110.00","7.95K","-0.75%"
"05/04/2026","129235.00","131000.00","131895.00","128690.00","6.54K","-0.37%"
"04/30/2026","129710.00","130355.00","131100.00","128750.00","7.91K","-0.55%"
"04/29/2026","130425.00","131500.00","134100.00","130150.00","10.16K","+0.23%"
"04/28/2026","130120.00","132205.00","132695.00","130000.00","8.20K","-1.58%"
"04/27/2026","132205.00","132550.00","133545.00","131800.00","6.12K","+0.05%"
"04/24/2026","132145.00","134615.00","135770.00","131740.00","5.54K","-1.83%"
"04/23/2026","134615.00","136880.00","136890.00","134205.00","5.91K","-1.77%"
"04/22/2026","137040.00","139600.00","140095.00","136165.00","7.67K","-1.88%"
"04/21/2026","139665.00","139750.00","140510.00","138125.00","3.36K","+0.32%"
"04/20/2026","139225.00","139855.00","140335.00","138515.00","4.44K","-0.45%"
"04/17/2026","139855.00","138895.00","140040.00","138235.00","4.67K","+0.80%"
"04/16/2026","138740.00","138495.00","140795.00","138300.00","6.50K","+0.61%"
"04/15/2026","137900.00","137005.00","138350.00","136200.00","6.51K","+2.67%"
"04/13/2026","134315.00","133450.00","135550.00","133450.00","6.51K","-1.75%"
"04/10/2026","136705.00","134800.00","137600.00","134420.00","13.20K","+2.00%"
"04/09/2026","134020.00","133695.00","135395.00","131750.00","10.66K","+0.73%"
"04/08/2026","133050.00","134465.00","134465.00","130830.00","13.48K","+4.62%"
"04/07/2026","127175.00","126355.00","127900.00","125120.00","6.40K","+0.10%"
"04/06/2026","127045.00","127600.00","127995.00","125510.00","7.63K","+0.52%"
"04/02/2026","126390.00","128500.00","128500.00","125600.00","8.46K","-2.10%"
"04/01/2026","129095.00","133000.00","133000.00","128575.00","8.54K","+0.47%"
"03/30/2026","128495.00","128100.00","129955.00","124725.00","18.68K","-0.83%"
"03/27/2026","129575.00","129400.00","130490.00","127525.00","9.72K","-0.30%"
"03/25/2026","129970.00","128785.00","130900.00","128465.00","7.28K","+1.82%"
"03/24/2026","127645.00","127900.00","128860.00","125500.00","7.98K","+2.14%"
"03/23/2026","124975.00","127515.00","127515.00","123455.00","7.96K","-2.01%"
"03/20/2026","127535.00","131940.00","132250.00","127015.00","12.60K","-2.31%"
"03/19/2026","130545.00","132795.00","132795.00","130380.00","6.11K","-2.50%"
"03/18/2026","133890.00","133580.00","135000.00","133155.00","5.58K","+0.86%"
"03/17/2026","132750.00","133695.00","134280.00","132480.00","5.57K","+0.31%"
"03/16/2026","132345.00","135455.00","135455.00","131100.00","7.64K","-1.91%"
"03/13/2026","134920.00","136500.00","137930.00","134500.00","4.97K","-2.24%"
"03/12/2026","138005.00","135795.00","138250.00","134435.00","5.56K","+1.28%"
"03/11/2026","136255.00","138000.00","138000.00","135800.00","5.14K","-0.75%"
"03/10/2026","137285.00","136500.00","138445.00","136500.00","8.28K","+1.75%"
"03/09/2026","134925.00","135910.00","137380.00","134505.00","6.89K","-2.78%"
"03/06/2026","138780.00","140010.00","142500.00","138250.00","9.42K","-1.02%"
"03/05/2026","140215.00","136015.00","140500.00","136015.00","12.56K","+3.82%"
"03/04/2026","135050.00","137480.00","138490.00","134395.00","9.85K","-2.72%"
"03/02/2026","138825.00","136480.00","139600.00","136100.00","6.74K","-1.53%"
"02/27/2026","140985.00","144000.00","144700.00","140400.00","14.87K","-1.77%"
"02/26/2026","143520.00","147350.00","147815.00","143100.00","8.20K","-2.75%"
"02/25/2026","147585.00","145000.00","148000.00","144245.00","7.17K","+2.53%"
"02/24/2026","143950.00","145700.00","146200.00","142630.00","7.79K","-1.24%"
"02/23/2026","145760.00","146645.00","146660.00","144350.00","4.61K","-0.43%"
"02/20/2026","146390.00","144145.00","147195.00","144145.00","5.04K","+0.54%"
"02/19/2026","145605.00","147760.00","148160.00","144800.00","4.07K","-1.46%"
"02/18/2026","147760.00","147970.00","148990.00","147350.00","4.02K","-0.14%"
"02/17/2026","147970.00","147690.00","148550.00","146565.00","5.19K","+0.61%"
"02/16/2026","147075.00","150105.00","150990.00","146100.00","6.26K","-2.02%"
"02/13/2026","150105.00","150750.00","151500.00","148505.00","7.13K","-0.73%"
"02/12/2026","151210.00","152000.00","152450.00","149800.00","8.08K","-0.35%"
"02/11/2026","151740.00","149500.00","152450.00","149375.00","11.81K","+2.09%"
"02/10/2026","148640.00","145420.00","149310.00","145420.00","15.16K","+2.29%"
"02/09/2026","145310.00","147000.00","147555.00","143250.00","13.11K","-0.78%"
"02/06/2026","146455.00","134970.00","149070.00","133740.00","64.38K","+8.51%"
"02/05/2026","134970.00","138455.00","138455.00","134600.00","4.84K","-1.94%"
"02/04/2026","137640.00","137000.00","139800.00","136010.00","5.38K","+0.72%"
"02/03/2026","136650.00","137645.00","137645.00","135010.00","5.92K","+2.16%"
"02/02/2026","133765.00","132295.00","134200.00","131200.00","4.18K","+1.11%"
"02/01/2026","132295.00","133000.00","134355.00","131455.00","3.22K","+0.10%"
"01/30/2026","132165.00","130900.00","133000.00","130025.00","18.86K","+0.95%"
"01/29/2026","130915.00","135500.00","135500.00","130400.00","10.02K","-2.98%"
"01/28/2026","134935.00","136200.00","136800.00","134430.00","6.51K","-0.64%"
"01/27/2026","135810.00","139000.00","139000.00","135450.00","5.33K","-1.21%"
"01/23/2026","137475.00","142675.00","142850.00","136800.00","7.29K","-3.37%"
"01/22/2026","142275.00","140200.00","142800.00","140200.00","5.05K","+1.59%"
"01/21/2026","140050.00","142900.00","142900.00","137740.00","10.27K","-2.22%"
"01/20/2026","143235.00","144000.00","144000.00","141750.00","6.43K","+0.13%"
"01/19/2026","143045.00","143000.00","145135.00","141505.00","5.83K","+0.14%"
"01/16/2026","142840.00","145600.00","145665.00","142535.00","8.10K","-1.94%"
"01/14/2026","145665.00","148000.00","148005.00","145305.00","5.29K","-1.38%"
"01/13/2026","147710.00","149395.00","149745.00","147115.00","3.62K","-0.69%"
"01/12/2026","148735.00","147795.00","149500.00","145340.00","4.58K","+1.11%"
"01/09/2026","147095.00","148500.00","149725.00","146520.00","4.12K","-1.09%"
"01/08/2026","148720.00","150250.00","150255.00","148100.00","4.34K","-0.94%"
"01/07/2026","150135.00","150205.00","150600.00","149550.00","3.44K","-0.04%"
"01/06/2026","150195.00","151585.00","151585.00","149625.00","3.35K","-0.14%"
"01/05/2026","150405.00","150750.00","151765.00","149700.00","4.63K","-0.19%"
"01/02/2026","150685.00","151600.00","151960.00","150470.00","3.83K","-0.56%"
"01/01/2026","151535.00","152500.00","153115.00","151220.00","2.87K","-0.86%"
"12/31/2025","152855.00","151505.00","153460.00","151500.00","6.06K","+1.17%"
"12/30/2025","151090.00","148800.00","155205.00","148170.00","8.69K","+1.57%"
"12/29/2025","148760.00","151000.00","151000.00","148000.00","6.67K","-0.96%"
"12/26/2025","150205.00","152200.00","152295.00","150000.00","3.54K","-0.81%"
"12/24/2025","151435.00","153400.00","153885.00","151025.00","4.12K","-1.26%"
"12/23/2025","153360.00","154880.00","154880.00","153025.00","2.99K","-0.35%"
"12/22/2025","153900.00","153930.00","154260.00","153400.00","2.77K","+0.21%"
"12/19/2025","153580.00","153000.00","155385.00","152260.00","8.95K","+0.87%"
"12/18/2025","152260.00","153000.00","153000.00","151330.00","4.41K","+0.33%"
"12/17/2025","151755.00","152700.00","153295.00","151120.00","2.90K","-0.59%"
"12/16/2025","152655.00","152500.00","153355.00","152400.00","1.97K","-0.33%"
"12/15/2025","153155.00","152550.00","153400.00","151160.00","2.84K","+0.40%"
"12/12/2025","152550.00","153610.00","153700.00","152000.00","2.55K","-0.66%"
"12/11/2025","153560.00","152300.00","153950.00","150300.00","3.90K","+1.24%"
"12/10/2025","151675.00","152820.00","153135.00","151000.00","3.40K","-0.44%"
"12/09/2025","152345.00","153490.00","153490.00","151600.00","3.58K","-0.75%"
"12/08/2025","153500.00","153300.00","155000.00","152240.00","2.44K","+0.19%"
"12/05/2025","153210.00","153650.00","154300.00","152800.00","2.24K","-0.27%"
"12/04/2025","153625.00","153000.00","153995.00","151735.00","3.17K","+1.04%"
"12/03/2025","152040.00","154500.00","154665.00","151750.00","3.89K","-1.60%"
"12/02/2025","154505.00","152445.00","155695.00","152445.00","7.32K","+1.37%"
"12/01/2025","152420.00","152500.00","153000.00","151600.00","3.13K","+0.00%"
"11/28/2025","152420.00","153750.00","153905.00","152000.00","3.56K","-0.87%"
"11/27/2025","153750.00","155000.00","155000.00","153405.00","2.34K","-0.48%"
"11/26/2025","154490.00","155200.00","155700.00","153515.00","3.67K","-0.19%"
"11/25/2025","154780.00","155000.00","155200.00","153655.00","3.07K","-0.43%"
"11/24/2025","155455.00","153000.00","157450.00","151810.00","13.72K","+1.98%"
"11/21/2025","152435.00","152500.00","154750.00","152000.00","7.02K","+0.32%"
"11/20/2025","151950.00","153500.00","154500.00","151505.00","5.22K","-0.92%"
"11/19/2025","153355.00","155600.00","155655.00","153100.00","4.53K","-1.20%"
"11/18/2025","155210.00","157500.00","157510.00","154650.00","6.03K","-1.23%"
"11/17/2025","157135.00","158500.00","158990.00","156750.00","4.45K","-0.17%"
"11/14/2025","157400.00","158475.00","159700.00","156220.00","14.24K","-0.58%"
"11/13/2025","158315.00","158300.00","159300.00","158000.00","3.19K","+0.34%"
"11/12/2025","157775.00","158365.00","159320.00","157300.00","3.58K","-0.25%"
"11/11/2025","158165.00","158620.00","158695.00","157220.00","2.69K","+0.22%"
"11/10/2025","157825.00","159500.00","159505.00","157320.00","3.06K","-0.59%"
"11/07/2025","158765.00","157885.00","159300.00","155665.00","3.83K","+0.96%"
"11/06/2025","157255.00","158955.00","159440.00","156805.00","3.83K","-0.42%"
"11/04/2025","157915.00","159150.00","159495.00","157550.00","3.65K","-0.28%"
"11/03/2025","158360.00","157800.00","159640.00","157800.00","3.09K","+0.54%"
"10/31/2025","157515.00","159000.00","159105.00","157250.00","3.83K","-0.39%"
"10/30/2025","158135.00","160100.00","160560.00","157700.00","4.11K","-1.10%"
"10/29/2025","159900.00","160000.00","160100.00","158400.00","3.67K","+1.08%"
"10/28/2025","158195.00","160200.00","162065.00","157900.00","7.33K","-0.72%"
"10/27/2025","159335.00","160190.00","161690.00","159090.00","4.43K","-0.53%"
"10/24/2025","160190.00","161055.00","163600.00","159400.00","7.85K","-1.30%"
"10/23/2025","162295.00","161980.00","163000.00","160285.00","6.57K","+0.38%"
"10/21/2025","161680.00","161100.00","162750.00","160215.00","2.19K","-0.01%"
"10/20/2025","161695.00","156780.00","163400.00","156535.00","15.86K","+3.69%"
"10/17/2025","155940.00","156100.00","156450.00","155115.00","3.59K","+0.44%"
"10/16/2025","155255.00","156100.00","156990.00","154705.00","4.77K","-0.04%"
"10/15/2025","155310.00","157695.00","157770.00","155000.00","5.50K","-1.51%"
"10/14/2025","157695.00","156550.00","158700.00","156355.00","7.56K","+0.52%"
"10/13/2025","156885.00","154600.00","157200.00","154600.00","4.62K","+0.96%"
"10/10/2025","155395.00","156400.00","157340.00","153355.00","8.69K","-0.61%"
"10/09/2025","156355.00","156100.00","157525.00","155215.00","6.42K","+0.74%"
"10/08/2025","155210.00","153720.00","160150.00","152500.00","15.98K","+0.97%"
"10/07/2025","153720.00","152350.00","154300.00","151110.00","7.51K","+0.90%"
"10/06/2025","152350.00","153190.00","153195.00","150860.00","4.80K","-0.55%"
"10/03/2025","153195.00","148740.00","154500.00","147405.00","11.93K","+3.00%"
"10/01/2025","148740.00","146600.00","149995.00","145800.00","8.10K","+2.00%"
"09/30/2025","145820.00","147285.00","148305.00","145420.00","7.38K","-0.04%"
"09/29/2025","145885.00","149820.00","149820.00","145070.00","9.31K","-1.79%"
"09/26/2025","148545.00","150890.00","151360.00","148000.00","5.72K","-1.26%"
"09/25/2025","150435.00","153710.00","153710.00","150000.00","5.81K","-2.15%"
"09/24/2025","153745.00","155400.00","155885.00","153030.00","5.74K","-1.40%"
"09/23/2025","155935.00","153000.00","156400.00","152995.00","12.42K","+2.02%"
"09/22/2025","152850.00","150000.00","154195.00","149125.00","10.86K","+2.10%"
"09/19/2025","149705.00","149650.00","151250.00","148010.00","11.01K","+0.44%"
"09/18/2025","149050.00","150980.00","151500.00","148800.00","4.57K","-0.79%"
"09/17/2025","150230.00","151200.00","152355.00","149600.00","6.24K","-0.44%"
"09/16/2025","150890.00","148050.00","152200.00","147800.00","13.10K","+2.37%"
"09/15/2025","147400.00","147300.00","148890.00","146885.00","4.44K","+0.57%"
"09/12/2025","146570.00","146500.00","148400.00","146085.00","6.58K","+0.06%"
"09/11/2025","146480.00","145890.00","147200.00","145330.00","7.35K","+0.84%"
"09/10/2025","145255.00","149400.00","150535.00","145000.00","10.91K","-2.72%"
"09/09/2025","149315.00","148050.00","149770.00","146700.00","4.64K","+1.52%"
"09/08/2025","147075.00","148840.00","149595.00","146600.00","8.16K","-0.69%"
"09/05/2025","148100.00","150390.00","150505.00","147700.00","4.81K","-1.04%"
"09/04/2025","149655.00","152550.00","155000.00","149200.00","12.18K","-0.59%"
"09/03/2025","150550.00","153885.00","154200.00","150250.00","8.96K","-2.17%"
"09/02/2025","153885.00","145200.00","155000.00","144185.00","32.63K","+6.25%"
"09/01/2025","144835.00","141100.00","145500.00","140955.00","6.25K","+2.75%"
"08/29/2025","140955.00","142000.00","142605.00","139900.00","7.06K","-0.93%"
"08/28/2025","142275.00","142700.00","143490.00","141200.00","6.11K","-0.07%"
"08/26/2025","142380.00","146500.00","147020.00","141600.00","8.94K","-2.97%"
"08/25/2025","146745.00","148200.00","148200.00","146205.00","4.63K","-0.52%"
"08/22/2025","147505.00","148750.00","148750.00","147000.00","3.01K","-0.42%"
"08/21/2025","148125.00","149530.00","150000.00","147465.00","5.45K","-0.45%"
"08/20/2025","148790.00","146500.00","149200.00","145860.00","6.42K","+1.54%"
"08/19/2025","146535.00","144500.00","148825.00","143250.00","18.00K","+1.40%"
"08/18/2025","144515.00","139100.00","145250.00","138755.00","12.99K","+4.36%"
"08/14/2025","138475.00","139000.00","139750.00","137900.00","4.13K","-0.26%"
"08/13/2025","138840.00","141700.00","141700.00","138100.00","4.36K","-1.21%"
"08/12/2025","140535.00","142170.00","142695.00","137215.00","11.86K","-1.15%"
"08/11/2025","142170.00","142850.00","143485.00","141095.00","2.92K","-0.38%"
"08/08/2025","142715.00","144700.00","144700.00","142000.00","2.85K","-1.07%"
"08/07/2025","144265.00","145500.00","146130.00","143500.00","4.33K","-1.45%"
"08/06/2025","146385.00","147000.00","147385.00","145700.00","4.22K","+0.37%"
"08/05/2025","145845.00","144600.00","146280.00","144200.00","3.96K","+1.08%"
"08/04/2025","144285.00","145900.00","147195.00","143995.00","6.88K","-1.11%"
"08/01/2025","145905.00","148400.00","149180.00","145050.00","6.37K","-1.31%"
"07/31/2025","147845.00","149050.00","149495.00","147200.00","6.74K","-1.45%"
"07/30/2025","150025.00","149960.00","150290.00","148600.00","3.14K","+0.45%"
"07/29/2025","149355.00","148300.00","150220.00","148015.00","4.51K","+1.05%"
"07/28/2025","147805.00","149500.00","150770.00","147205.00","4.67K","-0.94%"
"07/25/2025","149210.00","150800.00","151250.00","148425.00","4.59K","-1.11%"
"07/24/2025","150880.00","149915.00","152190.00","149900.00","7.84K","+0.64%"
"07/23/2025","149915.00","148600.00","150300.00","148600.00","3.59K","+1.18%"
"07/22/2025","148170.00","148500.00","150900.00","147860.00","6.76K","-0.16%"
"07/21/2025","148405.00","148400.00","149000.00","146550.00","6.59K","+0.23%"
"07/18/2025","148060.00","150535.00","151500.00","147500.00","8.08K","-1.64%"
"07/17/2025","150535.00","152100.00","152470.00","150005.00","6.48K","-1.27%"
"07/16/2025","152470.00","150200.00","153000.00","150200.00","7.87K","+1.12%"
"07/15/2025","150785.00","149530.00","151300.00","148270.00","9.83K","+1.30%"
"07/14/2025","148845.00","148240.00","150600.00","147005.00","11.77K","+0.41%"
"07/11/2025","148240.00","148280.00","148880.00","146200.00","7.15K","-0.03%"
"07/10/2025","148280.00","150100.00","150700.00","147000.00","9.58K","-1.62%"
"07/09/2025","150715.00","144945.00","151900.00","144000.00","24.54K","+3.98%"
"07/08/2025","144945.00","143005.00","145555.00","142210.00","4.39K","+1.26%"
"07/07/2025","143135.00","144660.00","144660.00","142200.00","3.84K","-0.58%"
"07/04/2025","143965.00","145500.00","146000.00","143500.00","4.17K","-0.66%"
"07/03/2025","144920.00","145400.00","148075.00","143720.00","7.75K","-0.20%"
"07/02/2025","145210.00","142800.00","145680.00","142800.00","7.39K","+1.90%"
"07/01/2025","142500.00","143000.00","143695.00","141690.00","5.75K","+0.10%"
"06/30/2025","142360.00","144000.00","145100.00","141695.00","6.32K","-0.60%"
"06/27/2025","143215.00","142600.00","145700.00","141700.00","20.47K","+0.49%"
"06/26/2025","142515.00","139305.00","143000.00","138625.00","11.17K","+2.34%"
"06/25/2025","139255.00","136910.00","139595.00","136600.00","5.81K","+1.94%"
"06/24/2025","136610.00","136500.00","137125.00","135830.00","4.69K","+0.78%"
"06/23/2025","135555.00","134430.00","135995.00","134400.00","3.48K","+0.84%"
"06/20/2025","134430.00","138510.00","138875.00","132740.00","24.69K","-2.71%"
"06/19/2025","138180.00","137750.00","138650.00","137060.00","3.68K","+0.17%"
"06/18/2025","137950.00","136100.00","138500.00","136100.00","4.15K","+1.17%"
"06/17/2025","136350.00","136300.00","137030.00","136005.00","2.55K","+0.15%"
"06/16/2025","136145.00","136800.00","137445.00","135900.00","4.15K","-1.07%"
"06/13/2025","137620.00","135795.00","138000.00","135000.00","5.88K","+0.91%"
"06/12/2025","136385.00","137430.00","137770.00","135500.00","8.40K","-0.36%"
"06/11/2025","136880.00","138000.00","139450.00","136500.00","5.61K","-0.70%"
"06/10/2025","137850.00","139400.00","139400.00","136555.00","9.40K","-0.54%"
"06/09/2025","138595.00","139540.00","141335.00","138210.00","6.14K","-0.67%"
"06/06/2025","139530.00","140700.00","140700.00","138185.00","6.90K","-0.59%"
"06/05/2025","140360.00","136800.00","140900.00","136535.00","15.75K","+3.13%"
"06/04/2025","136105.00","138770.00","139000.00","135800.00","10.46K","-1.43%"
"06/03/2025","138080.00","140760.00","141900.00","137450.00","12.15K","-1.90%"
"06/02/2025","140750.00","138400.00","141400.00","137010.00","13.35K","+1.36%"
"05/30/2025","138865.00","141690.00","141845.00","137165.00","13.78K","-1.45%"
"05/29/2025","140905.00","143100.00","144430.00","140015.00","14.87K","-1.32%"
"05/28/2025","142785.00","144800.00","144800.00","141555.00","14.91K","-0.83%"
"05/27/2025","143985.00","146625.00","146795.00","143620.00","9.95K","-1.80%"
"05/26/2025","146625.00","144000.00","147435.00","143705.00","15.30K","+2.06%"
"05/23/2025","143670.00","142250.00","143955.00","141830.00","5.63K","+0.93%"
"05/22/2025","142345.00","142400.00","143140.00","141500.00","5.20K","+0.04%"
"05/21/2025","142285.00","140800.00","142500.00","140500.00","7.11K","+1.46%"
"05/20/2025","140240.00","140100.00","141150.00","139485.00","8.98K","+0.07%"
"05/19/2025","140145.00","139410.00","140655.00","139410.00","6.62K","-0.09%"
"05/16/2025","140265.00","141765.00","142460.00","140000.00","9.73K","-0.62%"
"05/15/2025","141140.00","141500.00","141875.00","140865.00","5.97K","+0.05%"
"05/14/2025","141070.00","140425.00","141380.00","140425.00","6.64K","+0.46%"
"05/13/2025","140425.00","140100.00","141070.00","139000.00","6.05K","+0.36%"
"05/12/2025","139925.00","140400.00","141095.00","139570.00","5.92K","+1.63%"
"05/09/2025","137675.00","137415.00","138295.00","135600.00","9.58K","-0.78%"
"05/08/2025","138760.00","140750.00","143275.00","138350.00","15.48K","-1.18%"
"05/07/2025","140420.00","131500.00","141500.00","131500.00","27.05K","+4.02%"
"05/06/2025","134990.00","136800.00","137270.00","134500.00","5.77K","-0.83%"
"05/05/2025","136120.00","135310.00","137845.00","135310.00","7.07K","+0.68%"
"05/02/2025","135200.00","134800.00","135740.00","133900.00","8.42K","+0.52%"
"04/30/2025","134505.00","132950.00","135600.00","132000.00","11.00K","+1.28%"
"04/29/2025","132805.00","130750.00","133200.00","130700.00","7.99K","+1.98%"
"04/28/2025","130225.00","128500.00","130375.00","128495.00","4.74K","+1.22%"
"04/25/2025","128655.00","130500.00","130700.00","127400.00","7.47K","-0.97%"
"04/24/2025","129920.00","128000.00","130470.00","127555.00","11.84K","+1.52%"
"04/23/2025","127980.00","129380.00","129380.00","126650.00","6.77K","+0.25%"
"04/22/2025","127655.00","127200.00","129115.00","126300.00","9.28K","+0.67%"
"04/21/2025","126800.00","127475.00","128000.00","126495.00","6.68K","+0.26%"
"04/17/2025","126475.00","124100.00","126860.00","123990.00","15.65K","+1.59%"
"04/16/2025","124490.00","122950.00","124775.00","122885.00","10.14K","+1.29%"
"04/15/2025","122905.00","119900.00","123010.00","118200.00","14.65K","+4.56%"
"04/11/2025","117544.40","113300.00","118749.95","113300.00","17.89K","+3.92%"
"04/09/2025","113113.30","112697.00","113397.40","111300.20","4.97K","+0.46%"
"04/08/2025","112592.40","112000.00","113508.80","111510.10","4.96K","+2.00%"
"04/07/2025","110385.50","110000.00","110821.50","108001.00","7.10K","-2.52%"
"04/04/2025","113236.95","115000.00","115000.00","112800.00","4.44K","-1.42%"
"04/03/2025","114870.45","114500.00","115000.00","113800.00","3.27K","-0.23%"
"04/02/2025","115137.35","113400.05","115275.80","112774.30","5.03K","+1.86%"
"04/01/2025","113037.05","112500.00","114411.65","111900.00","3.59K","+0.32%"
"03/28/2025","112677.75","113800.00","114397.00","112084.35","7.32K","-0.52%"
"03/27/2025","113264.05","114003.00","114200.00","112445.00","10.58K","-0.92%"
"03/26/2025","114321.20","114126.50","115500.00","113900.10","5.98K","+0.05%"
"03/25/2025","114264.50","115925.00","116000.00","113509.85","8.04K","+0.21%"
"03/24/2025","114020.80","112990.00","114300.00","112651.30","5.73K","+1.76%"
"03/21/2025","112050.15","111440.00","112799.95","111042.45","8.37K","+0.85%"
"03/20/2025","111107.90","110500.00","111450.00","110161.15","5.69K","+1.08%"
"03/19/2025","109922.80","107999.70","110099.00","107999.70","6.06K","+1.93%"
"03/18/2025","107839.20","105500.00","107950.00","105500.00","4.93K","+2.30%"
"03/17/2025","105410.80","105200.00","106440.70","105200.00","3.89K","+0.35%"
"03/13/2025","105041.60","107264.25","107264.25","104800.00","9.10K","-2.07%"
"03/12/2025","107264.25","107000.00","107475.75","106309.00","3.59K","+0.69%"
"03/11/2025","106534.30","106500.00","106859.95","105576.05","3.77K","-0.11%"
"03/10/2025","106650.60","107839.00","108197.95","106174.75","5.35K","-0.52%"
"03/07/2025","107202.95","107500.00","108650.00","107001.50","4.70K","-0.55%"
"03/06/2025","107795.30","106995.50","108250.00","106500.05","5.97K","+1.88%"
"03/05/2025","105805.50","102345.60","105962.50","102124.05","6.77K","+3.06%"
"03/04/2025","102659.40","104900.00","105170.25","102351.00","13.88K","-2.39%"
"03/03/2025","105170.25","105500.00","106190.85","104025.00","4.60K","-0.19%"
"02/28/2025","105373.70","105480.00","105649.75","103824.10","8.77K","-0.33%"
"02/27/2025","105723.40","107399.00","107879.85","105250.45","8.47K","-1.38%"
"02/25/2025","107203.95","108700.00","109244.95","107000.00","4.92K","-1.50%"
"02/24/2025","108842.00","109260.00","109500.00","108149.00","4.37K","-0.39%"
"02/21/2025","109263.30","109900.00","110371.00","108786.00","5.32K","-0.61%"
"02/20/2025","109938.70","109750.00","110400.00","108880.60","3.75K","+0.34%"
"02/19/2025","109570.70","108800.00","109900.00","108269.10","3.43K","+0.50%"
"02/18/2025","109020.45","109601.00","109999.95","108700.00","3.14K","-0.88%"
"02/17/2025","109984.00","109200.00","110371.40","108000.00","5.05K","+0.47%"
"02/14/2025","109474.85","109688.00","110598.75","108520.60","4.67K","-0.27%"
"02/13/2025","109767.00","110000.00","110380.00","109039.50","5.40K","+0.34%"
"02/12/2025","109394.15","108716.45","110967.50","106335.00","11.04K","+0.62%"
"02/11/2025","108716.45","111458.00","111529.75","108419.25","7.51K","-2.09%"
"02/10/2025","111036.20","113000.00","113393.35","110760.05","6.61K","-1.63%"
"02/07/2025","112875.10","112450.00","115191.90","112300.20","9.03K","-1.10%"
"02/06/2025","114128.90","115200.00","115399.90","110000.00","24.12K","-0.72%"
"02/05/2025","114960.75","114933.00","115419.95","114325.10","5.23K","+0.02%"
"02/04/2025","114934.70","114000.00","115007.40","113111.00","5.33K","+1.00%"
"02/03/2025","113793.30","114100.00","114990.35","113400.00","4.29K","-0.18%"
"02/01/2025","114000.00","113632.50","114499.95","112215.20","4.21K","+0.32%"
"01/31/2025","113632.50","111800.00","114606.25","111800.00","7.00K","+0.90%"
"01/30/2025","112622.50","112394.95","113500.00","112045.40","7.86K","+0.26%"
"01/29/2025","112334.95","112350.00","112800.40","111600.05","5.68K","-0.49%"
"01/28/2025","112883.70","111076.95","113092.85","111076.95","9.35K","+1.46%"
"01/27/2025","111256.45","111479.00","111568.70","110100.00","4.37K","-0.20%"
"01/24/2025","111484.55","112000.00","112667.80","111011.45","4.62K","-0.23%"
"01/23/2025","111739.50","111400.00","112199.95","110550.00","7.38K","+0.13%"
"01/22/2025","111599.85","113000.00","113003.40","110525.60","5.53K","-0.44%"
"01/21/2025","112097.25","113790.00","115294.80","111912.05","7.00K","-1.48%"
"01/20/2025","113786.60","113948.65","114044.25","112100.00","5.91K","-0.14%"
"01/17/2025","113948.65","114399.95","114539.15","113301.10","3.96K","-0.45%"
"01/16/2025","114463.60","114800.00","115300.05","114138.05","4.53K","+0.21%"
"01/15/2025","114227.00","115200.00","115200.00","113754.50","5.38K","+0.01%"
"01/14/2025","114213.40","113003.80","114700.00","112652.15","8.64K","+1.07%"
"01/13/2025","113003.80","117000.00","117000.00","112700.00","9.53K","-3.50%"
"01/10/2025","117104.55","118330.00","119099.70","117000.05","5.62K","-1.50%"
"01/09/2025","118885.65","120390.00","120749.85","118740.20","5.78K","-0.82%"
"01/08/2025","119869.30","121998.90","121999.85","119001.00","7.67K","-1.12%"
"01/07/2025","121222.15","123450.00","124230.00","120700.10","8.59K","-1.34%"
"01/06/2025","122869.95","126800.00","126919.25","122310.00","7.67K","-2.76%"
"01/03/2025","126362.50","129300.00","129800.00","125125.75","8.72K","-2.21%"
"01/02/2025","129211.80","129700.00","129839.05","127800.00","7.13K","-0.13%"
"01/01/2025","129374.50","130000.00","130789.25","129000.00","2.34K","-0.96%"
"12/31/2024","130634.85","130990.00","131400.00","129552.00","3.71K","-0.39%"
"12/30/2024","131141.75","130955.00","131873.60","129500.00","10.15K","-0.31%"
"12/27/2024","131553.80","131000.00","132674.95","130930.00","4.89K","+0.27%"
"12/26/2024","131204.20","129890.00","131500.00","129890.00","5.18K","+0.66%"
"12/24/2024","130343.20","131180.00","131180.00","129950.00","2.55K","-0.00%"
"12/23/2024","130345.90","128060.00","130500.00","128060.00","4.23K","+1.79%"
"12/20/2024","128057.90","129843.10","130660.10","127556.10","9.52K","-1.37%"
"12/19/2024","129843.10","129000.00","130103.95","128888.00","3.04K","-0.44%"
"12/18/2024","130411.30","131000.00","131499.34","130100.00","3.58K","-0.43%"
"12/17/2024","130976.60","132530.50","132530.55","130664.10","4.76K","-1.17%"
"12/16/2024","132530.50","133240.25","133442.80","132300.00","2.75K","-0.53%"
"12/13/2024","133235.25","132000.00","133500.00","130900.05","5.40K","+1.03%"
"12/12/2024","131872.40","132600.00","132781.75","131655.60","3.24K","-0.49%"
"12/11/2024","132517.40","132101.00","132800.00","131851.25","3.35K","+0.04%"
"12/10/2024","132458.25","133100.00","133119.30","131647.25","6.59K","+0.23%"
"12/09/2024","132151.40","131240.00","133172.50","130800.55","7.41K","+1.16%"
"12/06/2024","130635.55","130900.00","132200.00","130416.20","7.59K","-0.10%"
"12/05/2024","130761.50","126900.00","131210.00","126566.05","13.82K","+3.09%"
"12/04/2024","126841.40","125800.00","127200.00","125325.10","7.93K","+1.00%"
"12/03/2024","125585.05","125500.00","125896.60","124894.50","5.20K","+0.18%"
"12/02/2024","125359.35","125100.00","125440.85","124261.00","5.11K","+0.09%"
"11/29/2024","125251.30","123000.00","125432.10","122702.65","8.27K","+1.28%"
"11/28/2024","123662.35","124548.00","124689.95","123458.05","6.13K","-0.70%"
"11/27/2024","124534.20","124150.00","125299.95","123110.25","5.25K","+0.29%"
"11/26/2024","124173.20","124700.00","125749.70","124000.05","4.56K","-0.26%"
"11/25/2024","124492.35","126000.00","126200.00","124000.00","14.61K","-0.08%"
"11/22/2024","124597.00","123662.00","124742.80","122538.10","6.46K","+0.88%"
"11/21/2024","123509.90","123100.00","124099.95","121751.05","6.70K","+0.45%"
"11/19/2024","122950.60","120900.00","124194.55","120570.85","9.83K","+1.73%"
"11/18/2024","120861.10","119088.10","121174.65","119024.15","6.73K","+0.26%"
"11/14/2024","120551.75","120400.00","121901.00","120283.00","5.01K","+0.06%"
"11/13/2024","120483.70","120900.00","121659.95","119925.30","7.94K","-0.36%"
"11/12/2024","120924.15","123700.00","124107.70","120717.10","8.80K","-1.72%"
"11/11/2024","123045.60","120101.00","125154.05","120050.00","23.06K","+3.09%"
"11/08/2024","119354.30","121000.00","121249.45","117401.05","15.07K","-1.38%"
"11/07/2024","121025.95","121900.00","122333.65","120231.10","5.33K","-0.48%"
"11/06/2024","121613.55","119845.00","121840.80","119845.00","6.95K","+1.74%"
"11/05/2024","119530.15","120801.00","121243.90","118000.00","9.90K","-1.11%"
"11/04/2024","120876.75","123750.00","123830.30","120500.00","9.77K","-1.99%"
"11/01/2024","123330.30","122500.00","123499.45","122500.00","927","+0.66%"
"10/31/2024","122524.45","122100.00","122972.75","121503.00","4.36K","+0.44%"
"10/30/2024","121989.35","122200.00","123163.40","121300.05","6.37K","-0.42%"
"10/29/2024","122507.85","123399.00","123400.00","120750.00","5.95K","-0.47%"
"10/28/2024","123090.95","122900.00","124298.00","122819.30","5.06K","+0.28%"
"10/25/2024","122751.80","124131.20","124862.30","121875.05","6.30K","-1.11%"
"10/24/2024","124131.20","125600.00","125999.85","123950.00","5.15K","-1.09%"
"10/23/2024","125493.95","126100.00","126755.00","124988.40","6.71K","-0.72%"
"10/22/2024","126407.25","128990.00","128990.00","126100.00","5.71K","-1.43%"
"10/21/2024","128242.95","130100.00","132000.00","128051.05","9.79K","-0.93%"
"10/18/2024","129444.65","129800.00","129950.00","128618.00","3.96K","-0.28%"
"10/17/2024","129811.75","130421.00","130949.90","129400.00","3.16K","-0.52%"
"10/16/2024","130493.80","131000.25","131278.10","129530.05","5.44K","-0.41%"
"10/15/2024","131027.25","131914.00","132499.95","130850.00","6.02K","-0.67%"
"10/14/2024","131913.30","132197.60","132900.00","131251.20","5.43K","-0.22%"
"10/11/2024","132197.60","132400.00","132417.90","131151.20","3.35K","-0.01%"
"10/10/2024","132214.45","133600.00","133690.00","132000.00","3.21K","-0.28%"
"10/09/2024","132583.30","133800.00","133990.00","132450.84","4.68K","+0.34%"
"10/08/2024","132140.20","131600.00","132583.84","130850.10","5.94K","+0.69%"
"10/07/2024","131237.84","135377.00","135500.00","130555.00","7.96K","-1.63%"
"10/04/2024","133408.75","136600.00","136782.80","133000.00","10.22K","-1.98%"
"10/03/2024","136104.34","138000.00","139894.50","135924.40","7.48K","-2.96%"
"10/01/2024","140262.90","139600.00","140447.10","138950.20","3.93K","+1.26%"
"09/30/2024","138513.66","141000.00","141884.84","138200.05","6.27K","-1.75%"
"09/27/2024","140973.90","138700.00","142383.90","138377.00","12.24K","+1.53%"
"09/26/2024","138852.16","139250.00","139500.00","137697.05","8.34K","-0.22%"
"09/25/2024","139156.16","137348.00","139855.66","137300.16","8.66K","+0.97%"
"09/24/2024","137813.00","137210.00","137999.95","136750.00","5.25K","+0.42%"
"09/23/2024","137234.80","136050.00","137500.00","136050.00","5.66K","+0.96%"
"09/20/2024","135934.40","136500.00","136818.30","135100.05","13.58K","-0.30%"
"09/19/2024","136347.60","134700.00","136850.00","134122.95","7.84K","+1.57%"
"09/18/2024","134242.70","135690.00","135690.00","133300.00","4.98K","-0.72%"
"09/17/2024","135219.20","137050.00","137264.34","135052.95","2.92K","-0.89%"
"09/16/2024","136427.00","137800.00","138509.00","136100.00","5.58K","-0.67%"
"09/13/2024","137353.95","136400.00","137599.95","135800.05","4.95K","+1.02%"
"09/12/2024","135962.25","135798.00","136476.10","135500.00","3.41K","+0.46%"
"09/11/2024","135345.95","136220.00","136650.00","135141.80","5.17K","-0.30%"
"09/10/2024","135759.40","134850.00","136359.90","134255.66","5.08K","+1.33%"
"09/09/2024","133979.30","135000.00","135000.00","132600.00","6.11K","-0.21%"
"09/06/2024","134260.75","136350.00","136700.00","134042.45","3.82K","-1.29%"
"09/05/2024","136017.10","136250.00","136666.00","135500.00","3.97K","+0.51%"
"09/04/2024","135326.90","134398.00","135459.80","134055.45","4.12K","+0.68%"
"09/03/2024","134419.00","134750.00","134798.00","134040.00","4.69K","+0.17%"
"09/02/2024","134195.25","135450.00","136078.70","134000.00","6.84K","-0.47%"
"08/30/2024","134833.45","135400.00","135490.00","134400.00","10.32K","+0.31%"
"08/29/2024","134421.10","137000.00","137312.84","133390.00","10.34K","-1.78%"
"08/28/2024","136856.30","139500.00","139500.00","136486.34","6.44K","-1.41%"
"08/27/2024","138807.60","139360.00","139849.95","138448.90","4.58K","-0.37%"
"08/26/2024","139324.45","139999.55","140500.00","138361.16","9.28K","+0.58%"
"08/23/2024","138519.60","139500.00","140500.00","138231.34","5.66K","-0.78%"
"08/22/2024","139614.55","137437.80","139898.00","137437.80","5.44K","+1.29%"
"08/21/2024","137831.34","135300.00","138000.00","135300.00","6.88K","+1.44%"
"08/20/2024","135873.05","135600.00","136218.70","135051.00","4.05K","+0.70%"
"08/19/2024","134923.75","136280.00","136999.25","134500.50","9.13K","-0.85%"
"08/16/2024","136087.20","137250.00","137678.30","134622.05","9.94K","+0.09%"
"08/14/2024","135970.45","137105.00","138149.95","135522.84","6.58K","-1.10%"
"08/13/2024","137487.95","138299.95","138500.00","137020.00","4.73K","+0.15%"
"08/12/2024","137285.50","137100.00","138500.00","134500.00","15.14K","+0.27%"
"08/09/2024","136911.70","140391.55","141249.84","135400.00","17.91K","-2.48%"
"08/08/2024","140391.55","134500.00","142500.00","132000.00","39.88K","+4.30%"
"08/07/2024","134605.50","137500.00","138673.30","134206.05","6.77K","-0.79%"
"08/06/2024","135673.30","136025.00","139000.00","135300.00","7.92K","-0.58%"
"08/05/2024","136468.60","136800.00","137900.00","135275.00","9.58K","-1.37%"
"08/02/2024","138360.34","140265.00","140650.00","138001.00","6.27K","-1.36%"
"08/01/2024","140266.16","142461.50","143849.90","139600.00","8.62K","-1.39%"
"07/31/2024","142249.05","139950.00","142497.84","139950.00","11.74K","+1.65%"
"07/30/2024","139938.50","139260.00","140500.00","139254.60","7.51K","+0.49%"
"07/29/2024","139254.60","138880.50","140478.30","138500.00","12.65K","+0.28%"
"07/26/2024","138870.34","137890.00","139322.95","136206.05","13.18K","+0.93%"
"07/25/2024","137590.10","134500.16","139995.00","134500.16","17.63K","+0.23%"
"07/24/2024","137272.66","131470.16","137876.00","130955.55","22.89K","+3.99%"
"07/23/2024","132004.70","130501.00","133736.05","126225.60","18.95K","+0.79%"
"07/22/2024","130974.50","128123.55","131560.00","126600.15","19.17K","+2.23%"
"07/19/2024","128123.55","132250.00","132250.00","127500.00","18.34K","-3.16%"
"07/18/2024","132300.84","132701.10","133174.84","130786.00","5.68K","-0.66%"
"07/16/2024","133181.60","131850.00","133480.00","131400.00","8.53K","+1.46%"
"07/15/2024","131261.84","130220.00","134350.00","130220.00","16.95K","+1.21%"
"07/12/2024","129690.90","130610.00","130999.95","129221.15","4.31K","-0.70%"
"07/11/2024","130605.90","130401.00","131332.95","130280.00","3.87K","-0.20%"
"07/10/2024","130872.45","131999.00","131999.00","128200.00","7.28K","-0.36%"
"07/09/2024","131350.55","129500.00","131649.95","128759.80","7.88K","+2.00%"
"07/08/2024","128771.10","129174.00","131230.50","128058.95","20.12K","-0.14%"
"07/05/2024","128951.05","128500.00","130650.00","128200.00","7.88K","+0.34%"
"07/04/2024","128517.85","128975.00","129150.00","127830.05","4.99K","-0.32%"
"07/03/2024","128927.90","129222.50","129325.05","128000.00","6.83K","+0.19%"
"07/02/2024","128687.10","129770.00","129959.95","128125.10","6.21K","-0.76%"
"07/01/2024","129667.95","129600.50","130500.00","127701.50","11.01K","+0.16%"
"06/28/2024","129459.15","125511.00","130837.40","125399.95","21.41K","+3.39%"
"06/27/2024","125211.00","125927.45","126154.45","124800.05","6.98K","-0.57%"
"06/26/2024","125927.45","127480.00","127480.00","125800.50","5.78K","-0.81%"
"06/25/2024","126954.85","126000.00","127770.00","125460.30","6.69K","+1.36%"
"06/24/2024","125245.30","125694.00","126344.40","124500.00","9.05K","-0.04%"
"06/21/2024","125289.30","126300.00","127100.00","125000.00","7.88K","-0.80%"
"06/20/2024","126301.15","125200.00","126700.00","124615.35","6.50K","+1.08%"
"06/19/2024","124948.75","125900.00","126197.95","124750.00","3.97K","-0.71%"
"06/18/2024","125848.20","125580.70","126329.95","125580.70","3.44K","+0.21%"
"06/14/2024","125580.70","126079.00","126326.00","125387.00","5.96K","-0.40%"
"06/13/2024","126079.60","126101.45","126765.30","125851.15","3.00K","+0.00%"
"06/12/2024","126077.45","126400.00","126900.00","125830.05","5.18K","-0.14%"
"06/11/2024","126258.90","126970.00","127500.00","126055.00","4.59K","-0.55%"
"06/10/2024","126963.30","128199.00","128200.00","126049.40","14.25K","-0.25%"
"06/07/2024","127280.45","126132.05","127450.00","125801.50","7.44K","+0.91%"
"06/06/2024","126132.05","128500.00","128697.65","125933.55","10.28K","-1.43%"
"06/05/2024","127959.70","123150.00","128328.35","122016.90","9.99K","+4.97%"
"06/04/2024","121903.20","127000.00","127000.00","116347.85","19.73K","-3.99%"
"06/03/2024","126970.40","128900.00","128900.00","126700.15","17.64K","+1.23%"
"05/31/2024","125431.50","126100.00","126899.95","125027.55","14.69K","-0.03%"
"05/30/2024","125466.05","128000.00","128002.50","125050.00","8.55K","-2.09%"
"05/29/2024","128147.85","129500.00","129699.95","127920.00","5.17K","-0.74%"
"05/28/2024","129109.20","131300.00","131498.20","129000.00","5.33K","-1.41%"
"05/27/2024","130953.75","130800.00","132800.00","130151.00","16.73K","-0.07%"
"05/24/2024","131039.55","130150.00","131497.00","128968.20","8.42K","+0.68%"
"05/23/2024","130160.75","129481.25","130585.00","129051.05","11.23K","+0.52%"
"05/22/2024","129481.25","129650.00","130200.00","129000.00","7.11K","-0.11%"
"05/21/2024","129620.75","127560.00","129992.30","127560.00","7.99K","+0.42%"
"05/18/2024","129084.15","128700.00","129499.00","128700.00","483","-0.05%"
"05/17/2024","129143.60","128900.00","129589.15","128400.00","9.75K","+0.14%"
"05/16/2024","128964.30","127555.00","129150.00","127050.00","6.69K","+1.19%"
"05/15/2024","127445.45","128000.00","128549.95","127301.95","6.13K","-0.58%"
"05/14/2024","128194.95","128700.00","129000.00","127700.00","5.33K","-0.53%"
"05/13/2024","128881.90","127595.70","129199.80","125623.15","9.78K","+1.01%"
"05/10/2024","127595.70","126700.00","127850.95","125543.45","5.92K","+1.09%"
"05/09/2024","126225.15","126300.00","127699.90","125800.00","7.04K","-0.36%"
"05/08/2024","126677.65","124514.50","127190.15","123840.00","9.47K","+1.74%"
"05/07/2024","124514.50","126475.50","126986.05","123111.10","13.14K","-1.55%"
"05/06/2024","126475.50","129450.00","129450.00","125001.10","16.07K","-1.62%"
"05/03/2024","128560.40","134300.00","134300.00","127767.90","32.31K","-3.96%"
"05/02/2024","133861.95","134038.45","135000.00","132500.00","9.91K","+0.63%"
"04/30/2024","133019.45","131052.65","135582.40","131052.65","14.64K","+1.68%"
"04/29/2024","130821.30","131000.00","131240.00","130400.00","3.23K","+0.45%"
"04/26/2024","130237.75","129700.00","130750.00","129632.70","3.73K","+0.47%"
"04/25/2024","129632.70","128500.00","129874.60","128200.00","5.83K","+0.86%"
"04/24/2024","128524.45","129437.80","130147.60","128325.05","4.70K","-0.54%"
"04/23/2024","129226.70","129500.00","130104.10","128754.95","5.40K","+0.16%"
"04/22/2024","129020.05","129900.00","131651.00","128709.10","6.05K","-0.11%"
"04/19/2024","129157.65","128921.00","129521.05","127312.10","6.38K","-0.06%"
"04/18/2024","129231.50","130749.95","131503.10","129003.85","4.81K","-0.71%"
"04/16/2024","130156.15","128500.00","130688.70","128001.15","6.80K","+0.55%"
"04/15/2024","129443.80","131399.50","131399.50","129170.00","8.75K","-1.73%"
"04/12/2024","131716.50","133000.00","133349.50","131500.00","4.79K","-0.73%"
"04/10/2024","132679.60","133500.00","133887.95","132250.00","4.29K","-0.18%"
"04/09/2024","132923.70","132920.00","133989.70","132679.10","3.76K","+0.16%"
"04/08/2024","132708.45","134807.00","135799.00","130775.25","15.74K","-2.03%"
"04/05/2024","135464.60","135690.00","136100.00","134500.00","6.54K","+0.08%"
"04/04/2024","135360.95","136398.00","137117.25","135101.00","5.39K","-0.61%"
"04/03/2024","136190.70","137199.00","137554.95","136000.00","6.93K","-0.66%"
"04/02/2024","137092.80","136300.00","137489.95","134906.70","7.76K","+1.01%"
"04/01/2024","135719.34","135995.00","136989.90","134555.05","12.67K","+1.75%"
"03/28/2024","133387.34","132889.00","134000.00","132000.50","10.44K","+1.20%"
"03/27/2024","131809.40","132000.00","133843.90","131264.00","7.99K","+0.12%"
"03/26/2024","131645.40","131995.00","132317.34","130700.05","7.71K","+0.26%"
"03/22/2024","131302.95","131700.00","132749.90","130500.00","11.04K","-0.21%"
"03/21/2024","131583.60","132022.00","132969.90","131045.55","10.32K","+0.05%"
"03/20/2024","131512.66","132680.05","134039.05","129614.60","14.35K","-0.88%"
"03/19/2024","132679.75","136990.00","136990.00","132150.16","13.17K","-3.16%"
"03/18/2024","137012.75","141300.00","141300.00","136300.00","16.84K","-3.04%"
"03/15/2024","141312.05","140500.00","142632.80","137545.84","23.41K","+0.72%"
"03/14/2024","140301.70","139100.00","142923.40","138900.00","7.84K","+0.89%"
"03/13/2024","139057.70","142276.66","143500.00","137746.90","9.85K","-2.26%"
"03/12/2024","142276.66","144644.50","144644.50","141600.00","6.30K","-1.84%"
"03/11/2024","144950.70","144500.00","145337.30","143885.70","10.52K","+0.69%"
"03/07/2024","143956.66","145735.90","145735.90","143528.20","7.34K","-1.22%"
"03/06/2024","145740.10","145580.00","146149.95","144000.00","5.51K","+0.24%"
"03/05/2024","145396.25","146499.95","147144.95","145000.00","4.16K","-0.51%"
"03/04/2024","146145.80","145625.00","146800.00","144615.75","9.68K","+0.52%"
"03/02/2024","145393.30","145150.00","146500.00","145001.00","668","+0.14%"
"03/01/2024","145186.00","146081.55","147500.00","144100.00","8.31K","-0.61%"
"02/29/2024","146081.55","146300.00","147087.40","144746.70","58.20K","+0.04%"
"02/28/2024","146028.40","147500.00","148500.00","145700.00","9.98K","-0.76%"
"02/27/2024","147149.16","148900.00","149650.00","146108.00","11.12K","-0.83%"
"02/26/2024","148374.75","150850.00","151224.75","147375.16","24.25K","-1.56%"
"02/23/2024","150725.00","150164.50","151445.00","150050.00","7.59K","+0.37%"
"02/22/2024","150164.50","149206.00","150740.00","148903.05","7.33K","+0.32%"
"02/21/2024","149685.95","148700.00","150794.70","148700.00","12.53K","+0.71%"
"02/20/2024","148626.10","148354.00","148938.05","147129.55","6.52K","-0.19%"
"02/19/2024","148902.30","148998.40","149549.95","148101.00","11.66K","+0.57%"
"02/16/2024","148054.50","148848.00","149200.00","147499.90","9.42K","-0.31%"
"02/15/2024","148509.84","148000.00","150199.40","147050.00","16.29K","+0.83%"
"02/14/2024","147284.50","144100.00","148035.50","142768.40","11.91K","+1.84%"
"02/13/2024","144627.40","144802.00","145406.50","142500.60","15.95K","+0.57%"
"02/12/2024","143802.75","137600.00","144769.60","137555.00","40.81K","+4.90%"
"02/09/2024","137083.34","143750.00","143750.00","136300.00","26.61K","-3.79%"
"02/08/2024","142483.10","143850.00","143850.00","142010.05","7.12K","-0.36%"
"02/07/2024","142996.80","144385.00","144827.55","142532.00","7.53K","-0.27%"
"02/06/2024","143387.70","142245.00","143600.00","141761.10","8.24K","+1.23%"
"02/05/2024","141645.75","142885.00","143974.34","140411.30","19.82K","+0.50%"
"02/02/2024","140941.84","143000.00","143499.45","140447.30","12.06K","-1.08%"
"02/01/2024","142477.80","143500.00","144350.00","141701.00","12.54K","-0.07%"
"01/31/2024","142577.40","141000.00","142844.95","140500.10","11.63K","+1.39%"
"01/30/2024","140619.84","144650.00","144750.00","140004.00","13.41K","-2.26%"
"01/29/2024","143873.60","136857.16","144150.00","136333.05","26.38K","+5.13%"
"01/25/2024","136857.95","140457.00","140599.95","136133.05","13.50K","-2.08%"
"01/24/2024","139771.05","141900.00","141999.84","136105.25","17.37K","-0.87%"
"01/23/2024","140997.25","145786.00","147849.80","139821.25","22.07K","-3.00%"
"01/20/2024","145363.34","140800.00","146496.16","140222.00","15.82K","+4.25%"
"01/19/2024","139431.95","138995.30","139995.95","138033.34","10.26K","+1.34%"
"01/18/2024","137587.20","136400.00","137949.95","133750.00","14.50K","+2.01%"
"01/17/2024","134878.30","136229.00","150254.16","134000.05","37.45K","-1.26%"
"01/16/2024","136594.70","135215.30","137800.00","135215.30","7.49K","+0.47%"
"01/15/2024","135951.16","134699.00","136799.95","133650.05","8.38K","+1.19%"
"01/12/2024","134351.10","133868.00","134639.90","132661.34","6.94K","+0.74%"
"01/11/2024","133368.00","132459.00","133625.00","132002.70","4.74K","+1.17%"
"01/10/2024","131828.40","132099.00","132199.60","130210.00","5.92K","+0.10%"
"01/09/2024","131692.45","132000.00","133100.00","131202.20","5.78K","-0.17%"
"01/08/2024","131920.60","133401.00","133599.95","131200.00","7.61K","-0.59%"
"01/05/2024","132701.25","131600.00","133500.05","131600.00","8.18K","+0.91%"
"01/04/2024","131509.75","130500.00","131950.00","130149.00","6.83K","+0.70%"
"01/03/2024","130595.85","129740.00","130955.00","129000.00","7.20K","+0.46%"
"01/02/2024","129992.30","129450.00","130269.60","127257.10","8.85K","+0.44%"
"01/01/2024","129423.55","129570.00","130734.35","129000.00","9.04K","-0.12%"
"12/29/2023","129579.25","126100.00","130399.35","125084.65","17.52K","+2.95%"
"12/28/2023","125861.35","121233.00","126630.60","121000.00","13.24K","+3.98%"
"12/27/2023","121038.55","120269.35","121343.90","120000.00","4.44K","+0.64%"
"12/26/2023","120269.35","120280.00","120499.00","119701.00","2.96K","+0.61%"
"12/22/2023","119544.30","119660.00","120699.95","117900.05","12.71K","+1.67%"
"12/21/2023","117575.20","117000.95","117727.95","115500.05","4.17K","+0.22%"
"12/20/2023","117318.95","119500.00","119598.05","117000.00","4.61K","-1.23%"
"12/19/2023","118784.60","119312.75","120000.00","118567.45","4.14K","-0.53%"
"12/18/2023","119418.65","120086.00","120277.00","119312.35","3.97K","-0.55%"
"12/15/2023","120084.05","120559.80","121193.35","119851.40","4.86K","-0.39%"
"12/14/2023","120558.80","119950.00","121000.00","119550.05","4.28K","+0.65%"
"12/13/2023","119785.25","119500.00","120067.95","119146.00","3.86K","+0.24%"
"12/12/2023","119502.90","119050.45","120351.00","118900.00","8.71K","+0.38%"
"12/11/2023","119050.45","117950.00","119600.00","117616.10","9.16K","+0.93%"
"12/08/2023","117949.40","117450.00","118099.80","117021.25","7.68K","+0.46%"
"12/07/2023","117408.55","114090.00","119000.00","113844.10","11.24K","+2.91%"
"12/06/2023","114088.85","113720.00","114499.95","113450.75","3.57K","+0.32%"
"12/05/2023","113729.85","111690.00","114459.00","110985.05","7.34K","+1.99%"
"12/04/2023","111506.65","112000.00","112099.85","110856.20","4.69K","+0.09%"
"12/01/2023","111409.30","111651.00","112100.00","111110.50","3.68K","-0.25%"
"11/30/2023","111683.00","112200.00","112989.95","111443.20","13.16K","-0.52%"
"11/29/2023","112266.55","111600.05","112496.25","111600.05","5.35K","+0.65%"
"11/28/2023","111546.95","111400.00","111800.00","111200.00","3.10K","+0.09%"
"11/24/2023","111448.20","111000.00","111550.00","110768.15","2.85K","+0.06%"
"11/23/2023","111378.70","111200.00","111999.95","111118.00","1.85K","+0.16%"
"11/22/2023","111197.75","111002.10","111785.95","110617.55","3.22K","-0.21%"
"11/21/2023","111434.30","111400.00","111749.95","110882.70","2.89K","+0.04%"
"11/20/2023","111390.95","111339.00","111600.00","110649.95","4.44K","-0.08%"
"11/17/2023","111475.25","110000.00","112599.90","109800.35","11.89K","+1.07%"
"11/16/2023","110298.85","109020.00","110500.00","109000.00","5.72K","+0.84%"
"11/15/2023","109379.50","108299.00","109510.45","107812.60","6.91K","+1.62%"
"11/13/2023","107637.60","108500.00","108500.00","107033.05","6.67K","-0.56%"
"11/12/2023","108240.60","108545.00","108980.00","108000.00","993","-0.05%"
"11/10/2023","108295.70","108299.00","108479.90","107338.10","3.31K","+0.20%"
"11/09/2023","108078.20","108325.50","109108.95","107774.40","5.10K","-0.25%"
"11/08/2023","108348.10","107830.00","108700.00","107330.10","5.79K","+1.08%"
"11/07/2023","107185.40","108000.00","108000.00","107008.05","4.70K","-0.19%"
"11/06/2023","107391.85","108895.00","108895.00","107103.20","7.72K","-0.31%"
"11/03/2023","107723.25","110749.80","111800.00","107300.00","25.43K","-2.51%"
"11/02/2023","110500.05","109500.20","110800.00","108925.00","5.62K","+1.76%"
"11/01/2023","108583.80","108500.00","109275.00","108349.80","3.16K","+0.26%"
"10/31/2023","108297.80","109499.95","109499.95","107907.10","8.33K","-0.66%"
"10/30/2023","109015.70","108190.80","109449.60","107919.45","4.65K","+0.76%"
"10/27/2023","108190.80","108279.00","108876.00","107629.35","3.81K","+0.66%"
"10/26/2023","107481.30","108700.00","108700.00","107075.95","5.67K","-1.06%"
"10/25/2023","108632.45","109299.95","109948.85","108150.00","4.58K","-0.32%"
"10/23/2023","108977.35","109350.00","110400.00","108639.15","9.73K","-0.48%"
"10/20/2023","109504.60","109170.10","110046.40","108900.05","3.66K","-0.06%"
"10/19/2023","109575.05","109400.50","110149.95","108701.00","5.03K","-0.09%"
"10/18/2023","109672.80","111000.00","111099.95","109401.05","5.86K","-1.09%"
"10/17/2023","110885.75","110700.00","113439.30","110611.55","15.22K","+1.22%"
"10/16/2023","109548.45","108990.10","109850.00","108320.95","4.66K","+0.42%"
"10/13/2023","109092.75","108754.00","109250.00","108300.15","3.15K","+0.37%"
"10/12/2023","108685.25","108100.00","108850.00","107910.15","3.31K","+0.88%"
"10/11/2023","107738.15","107320.00","108162.70","107298.90","3.53K","+0.50%"
"10/10/2023","107204.10","107699.00","108010.55","107001.00","4.10K","-0.06%"
"10/09/2023","107266.95","107350.00","107684.55","106405.00","4.23K","-0.26%"
"10/06/2023","107550.25","107000.00","108000.00","107000.00","3.58K","+0.73%"
"10/05/2023","106770.50","107300.00","107820.00","106583.05","3.12K","-0.12%"
"10/04/2023","106901.40","108249.80","108249.80","106441.10","3.71K","-1.29%"
"10/03/2023","108294.45","108149.75","108600.60","106551.05","5.52K","+0.93%"
"09/29/2023","107295.60","108725.85","109362.35","106800.00","9.97K","-1.32%"
"09/28/2023","108726.40","110112.00","110277.50","108306.10","7.91K","-1.41%"
"09/27/2023","110285.40","109719.60","110500.00","109251.90","2.91K","+0.52%"
"09/26/2023","109719.60","109300.00","109979.95","108981.45","3.56K","+0.33%"
"09/25/2023","109360.20","108999.95","109489.90","107651.00","6.57K","+0.65%"
"09/22/2023","108655.05","108500.00","109350.00","108477.05","3.37K","-0.17%"
"09/21/2023","108841.65","109017.60","109775.00","108500.00","3.64K","-0.70%"
"09/20/2023","109603.90","109000.00","109764.65","108100.00","4.47K","+0.55%"
"09/18/2023","109003.95","109666.00","109798.75","108060.00","7.08K","-0.21%"
"09/15/2023","109233.85","111000.00","112727.95","108539.70","14.15K","-1.59%"
"09/14/2023","111001.25","109000.00","111200.00","109000.00","6.35K","+1.78%"
"09/13/2023","109058.65","108108.00","109191.65","107476.80","7.36K","+1.06%"
"09/12/2023","107916.20","109800.00","109800.00","107555.05","8.83K","-1.39%"
"09/11/2023","109440.45","109450.00","109850.00","108905.00","3.87K","+0.53%"
"09/08/2023","108858.40","109300.00","109420.75","108600.20","2.65K","-0.32%"
"09/07/2023","109205.15","108831.00","109885.60","108798.80","2.63K","-0.17%"
"09/06/2023","109395.75","108250.50","109537.95","107500.00","8.37K","+0.81%"
"09/05/2023","108520.00","108453.70","108800.00","107888.15","3.49K","+0.30%"
"09/04/2023","108195.40","108499.00","108980.00","107347.55","4.96K","+0.20%"
"09/01/2023","107984.15","109500.00","109500.00","107559.05","6.57K","-0.65%"
"08/31/2023","108686.25","109677.00","109677.00","108266.35","5.95K","-0.83%"
"08/30/2023","109593.95","108999.00","109778.65","108812.50","2.94K","+0.72%"
"08/29/2023","108812.50","108353.70","109000.00","108250.85","2.24K","+0.48%"
"08/28/2023","108288.00","108523.70","108900.55","107921.55","3.58K","-0.23%"
"08/25/2023","108542.00","108127.65","108895.70","108000.55","3.56K","-0.05%"
"08/24/2023","108595.15","109399.00","109399.00","108106.00","4.79K","-0.07%"
"08/23/2023","108675.55","108410.00","109200.00","108051.15","4.18K","+0.24%"
"08/22/2023","108411.80","108300.00","108549.95","107758.00","3.57K","+0.57%"
"08/21/2023","107798.45","108500.00","108599.95","107568.10","6.81K","+0.04%"
"08/18/2023","107760.35","106500.00","108000.00","106430.05","7.09K","+1.21%"
"08/17/2023","106472.90","105905.80","106979.25","105905.80","4.95K","+0.01%"
"08/16/2023","106463.70","105500.00","106650.00","104834.35","4.64K","+0.19%"
"08/14/2023","106266.35","105711.05","106650.00","104807.00","4.26K","+0.26%"
"08/11/2023","105989.25","106750.00","106750.00","105615.60","4.76K","-0.34%"
"08/10/2023","106355.60","106400.25","106753.30","105600.05","6.48K","-0.06%"
"08/09/2023","106416.90","107634.85","107999.00","106000.00","8.61K","-1.13%"
"08/08/2023","107634.85","108216.25","108830.55","105864.15","11.30K","-0.54%"
"08/07/2023","108216.25","111472.00","111500.00","107912.35","11.18K","-2.77%"
"08/04/2023","111296.50","108469.00","111997.00","106775.35","26.66K","+4.04%"
"08/03/2023","106973.35","102603.00","107600.00","101400.05","23.04K","+4.27%"
"08/02/2023","102589.20","102998.00","103199.95","102000.00","3.70K","-0.67%"
"08/01/2023","103285.75","102507.15","103570.95","102507.15","3.43K","+0.32%"
"07/31/2023","102956.25","102270.00","103298.85","102100.00","3.20K","+0.41%"
"07/28/2023","102534.15","102050.20","102792.15","101880.70","2.61K","+0.13%"
"07/27/2023","102403.15","102625.00","102899.00","101870.35","2.54K","+0.19%"
"07/26/2023","102205.15","103000.00","103263.50","102000.00","4.15K","-0.31%"
"07/25/2023","102525.80","102202.10","102699.00","102000.00","2.05K","-0.19%"
"07/24/2023","102723.50","102100.00","103186.70","101750.00","4.02K","+0.62%"
"07/21/2023","102089.25","101999.30","102300.30","101550.00","2.11K","+0.19%"
"07/20/2023","101896.20","102500.00","102733.95","101600.00","3.77K","-0.80%"
"07/19/2023","102718.15","102256.00","102990.00","102065.30","4.96K","+0.46%"
"07/18/2023","102245.45","102000.00","102499.95","101611.05","3.21K","+0.25%"
"07/17/2023","101988.15","102141.20","102341.20","101820.50","2.06K","-0.15%"
"07/14/2023","102141.20","101450.00","102400.00","101264.25","5.11K","+0.87%"
"07/13/2023","101263.95","102102.00","102300.00","101003.30","3.26K","-0.95%"
"07/12/2023","102231.40","101899.00","102494.95","101652.70","6.69K","+0.30%"
"07/11/2023","101930.20","100949.90","102214.90","100811.05","7.42K","+1.32%"
"07/10/2023","100602.85","101177.00","101842.30","100400.25","5.53K","-0.62%"
"07/07/2023","101227.65","101180.00","101974.95","100680.00","6.35K","-0.08%"
"07/06/2023","101306.50","100215.00","101888.00","100043.50","8.59K","+1.11%"
"07/05/2023","100191.20","99600.00","100300.00","99099.00","5.43K","+1.05%"
"07/04/2023","99148.90","100480.00","100480.00","99000.00","5.73K","-0.75%"
"07/03/2023","99899.45","101073.00","101888.00","99600.00","9.23K","-1.34%"
"06/30/2023","101260.50","100598.00","101648.30","100020.25","9.62K","+0.87%"
"06/28/2023","100387.20","99891.25","100699.85","99600.00","4.18K","+0.80%"
"06/27/2023","99591.25","99900.00","100500.95","99300.00","7.86K","-0.36%"
"06/26/2023","99954.65","99799.95","100079.90","99071.80","3.70K","+0.46%"
"06/23/2023","99492.05","99977.00","99977.00","98880.05","4.67K","-0.38%"
"06/22/2023","99868.45","100400.00","100900.00","99500.00","5.56K","-0.55%"
"06/21/2023","100422.20","99648.00","100950.00","99484.35","10.71K","+1.08%"
"06/20/2023","99348.20","100200.00","100200.00","98280.10","8.91K","-0.41%"
"06/19/2023","99758.20","100000.00","100651.00","99557.05","4.96K","-0.13%"
"06/16/2023","99892.50","100083.00","100694.95","99549.50","9.71K","-0.19%"
"06/15/2023","100081.00","100099.00","100849.60","99711.00","8.30K","-0.03%"
"06/14/2023","100114.15","99993.00","100400.00","99400.00","9.79K","+0.12%"
"06/13/2023","99992.85","99150.20","100439.95","99150.20","16.66K","+1.03%"
"06/12/2023","98968.55","98335.10","99400.00","98152.75","7.63K","+0.59%"
"06/09/2023","98390.95","97264.00","98597.90","97150.00","8.60K","+1.35%"
"06/08/2023","97077.35","97610.00","98599.00","96900.00","9.41K","-0.49%"
"06/07/2023","97553.10","97000.00","99230.50","96775.15","10.78K","+0.95%"
"06/06/2023","96636.25","96888.00","97249.50","96227.65","4.25K","-0.17%"
"06/05/2023","96797.45","96880.00","97187.95","96502.15","3.00K","+0.45%"
"06/02/2023","96368.50","97567.30","98100.00","96067.55","7.51K","-1.23%"
"06/01/2023","97567.30","97100.00","97988.95","97099.00","3.79K","+0.37%"
"05/31/2023","97211.70","96906.40","98650.75","96650.10","13.32K","+0.12%"
"05/30/2023","97096.40","97782.20","97935.00","96900.00","4.29K","-0.70%"
"05/29/2023","97782.20","98050.00","98440.90","97475.00","4.10K","-0.10%"
"05/26/2023","97881.80","96735.00","98171.00","96601.15","6.69K","+1.19%"
"05/25/2023","96727.35","95680.00","97052.50","95570.40","8.32K","+1.14%"
"05/24/2023","95640.30","95550.00","97458.40","95338.55","13.58K","+0.16%"
"05/23/2023","95487.65","96066.00","96453.80","95225.30","9.02K","-0.44%"
"05/22/2023","95911.45","96356.65","96553.40","95674.25","7.08K","-0.34%"
"05/19/2023","96236.65","97258.05","97280.95","95700.00","10.87K","-0.85%"
"05/18/2023","97060.70","97872.25","98400.00","96800.10","8.16K","-0.61%"
"05/17/2023","97655.10","96536.00","97900.00","96299.80","9.47K","+1.14%"
"05/16/2023","96551.85","96800.00","97600.00","96400.00","9.36K","-0.36%"
"05/15/2023","96900.90","96705.00","97656.35","95150.00","9.67K","+0.22%"
"05/12/2023","96689.15","97760.00","97800.00","96600.05","6.32K","-0.69%"
"05/11/2023","97361.00","97700.00","98240.00","97200.00","9.44K","+0.14%"
"05/10/2023","97229.35","98200.00","98200.00","96575.05","9.96K","-0.28%"
"05/09/2023","97499.75","98149.50","99200.00","97201.35","13.52K","-0.24%"
"05/08/2023","97730.65","98620.00","99933.50","97398.25","26.68K","-0.90%"
"05/05/2023","98614.05","95110.80","98974.65","94500.00","44.97K","+3.68%"
"05/04/2023","95110.80","94000.00","95760.00","93026.25","28.70K","+1.66%"
"05/03/2023","93559.80","88787.95","94390.00","88318.85","47.19K","+5.60%"
"05/02/2023","88596.90","89007.00","89498.90","88002.05","5.22K","-0.46%"
"04/28/2023","89006.80","87437.35","89300.00","87376.00","7.62K","+1.77%"
"04/27/2023","87455.90","87497.00","87600.00","86810.00","3.37K","+0.26%"
"04/26/2023","87231.20","86550.00","87332.90","86400.00","4.41K","+0.77%"
"04/25/2023","86561.45","87100.00","87399.95","86086.00","3.99K","-0.39%"
"04/24/2023","86896.15","86945.00","87200.00","86300.00","3.16K","+0.44%"
"04/21/2023","86517.40","86300.00","86950.00","86090.15","3.42K","+0.02%"
"04/20/2023","86502.65","86279.00","86869.20","86012.15","3.00K","+0.78%"
"04/19/2023","85837.25","87000.00","87343.70","85697.00","2.90K","-1.13%"
"04/18/2023","86821.35","85500.00","87495.00","85487.45","6.49K","+1.69%"
"04/17/2023","85376.35","85499.00","85700.00","85001.00","2.57K","-0.16%"
"04/13/2023","85516.95","85699.00","85700.05","85407.35","2.50K","+0.07%"
"04/12/2023","85456.25","84800.90","85794.20","84750.00","4.93K","+0.99%"
"04/11/2023","84617.00","84601.05","85298.30","84294.30","3.03K","+0.26%"
"04/10/2023","84398.45","83750.00","84780.00","83750.00","3.58K","+0.47%"
"04/06/2023","84005.55","84000.00","84500.00","83325.75","3.73K","+0.07%"
"04/05/2023","83949.90","84284.20","84746.50","83830.00","2.94K","-0.53%"
"04/03/2023","84400.85","84047.20","84550.00","83752.00","2.40K","+0.42%"
"03/31/2023","84047.20","82422.00","84444.00","82088.25","5.86K","+2.48%"
"03/29/2023","82012.00","81900.00","82701.50","81786.50","5.13K","-0.43%"
"03/28/2023","82365.35","83899.00","84253.90","82223.55","4.24K","-1.61%"
"03/27/2023","83709.75","83878.00","84549.90","83416.95","3.64K","-0.20%"
"03/24/2023","83878.50","84448.95","84778.95","83700.00","3.98K","-0.34%"
"03/23/2023","84164.65","84349.00","84778.75","84000.00","2.97K","-0.28%"
"03/22/2023","84399.85","83900.00","84500.00","83675.05","2.96K","+0.78%"
"03/21/2023","83746.00","83600.00","85710.00","83232.20","6.86K","+0.22%"
"03/20/2023","83559.95","83556.00","83688.95","82235.35","5.26K","+0.79%"
"03/17/2023","82901.80","83556.00","83556.00","82050.00","10.90K","-0.29%"
"03/16/2023","83140.70","82101.00","83501.00","81380.05","7.11K","+1.26%"
"03/15/2023","82107.10","83192.00","83199.00","81974.35","4.36K","-0.47%"
"03/14/2023","82492.30","83389.95","83661.90","82280.40","6.82K","-0.70%"
"03/13/2023","83076.30","85330.00","85591.55","82812.45","7.26K","-2.39%"
"03/10/2023","85111.20","85499.90","85549.95","84351.00","4.95K","-0.57%"
"03/09/2023","85596.90","86800.00","87169.05","85360.00","6.40K","-1.33%"
"03/08/2023","86752.80","86557.00","87199.00","86471.15","4.99K","+0.04%"
"03/06/2023","86715.35","86400.00","87250.00","86400.00","4.61K","+0.41%"
"03/03/2023","86363.15","87001.00","87399.40","86200.90","5.23K","-0.51%"
"03/02/2023","86802.70","86480.00","87150.00","86000.00","4.71K","+0.85%"
"03/01/2023","86068.60","85654.25","86444.95","84827.50","6.83K","+0.95%"
"02/28/2023","85256.60","85565.00","85898.20","84640.00","9.47K","+0.13%"
"02/27/2023","85143.10","86786.00","86786.00","84802.05","7.19K","-1.91%"
"02/24/2023","86800.70","87350.00","87462.00","86650.00","4.73K","+0.08%"
"02/23/2023","86730.85","87999.00","88249.00","86001.00","10.32K","-1.06%"
"02/22/2023","87658.30","89958.00","90000.00","87500.00","10.97K","-2.56%"
"02/21/2023","89957.20","89648.00","90445.00","89121.25","6.80K","+0.87%"
"02/20/2023","89181.10","89000.00","90000.00","88717.10","5.81K","+0.50%"
"02/17/2023","88739.70","89120.00","89668.00","88550.00","4.35K","-0.53%"
"02/16/2023","89215.80","88800.00","89971.70","88722.20","8.30K","+0.41%"
"02/15/2023","88855.45","88390.00","89074.20","88050.00","6.12K","+0.91%"
"02/14/2023","88050.00","89260.00","89260.00","87500.00","6.33K","-0.85%"
"02/13/2023","88803.90","89408.00","89408.00","88200.00","7.36K","-0.30%"
"02/10/2023","89070.90","89000.00","89976.90","88125.65","10.50K","+0.29%"
"02/09/2023","88813.05","92275.00","93100.00","87351.00","36.04K","-3.75%"
"02/08/2023","92275.65","91630.00","92484.85","90739.85","5.79K","+0.58%"
"02/07/2023","91739.85","92600.00","92700.00","91550.00","5.79K","-1.01%"
"02/06/2023","92677.85","92785.00","93241.45","92211.55","6.47K","-0.19%"
"02/03/2023","92853.35","93449.00","93449.00","91450.00","8.67K","+0.04%"
"02/02/2023","92817.35","91700.00","93000.00","91052.65","7.09K","+0.93%"
"02/01/2023","91961.45","91000.00","92950.00","90722.55","11.99K","+1.20%"
"01/31/2023","90869.40","89500.00","91090.00","89405.05","11.15K","+1.80%"
"01/30/2023","89263.90","88360.00","90207.00","88062.75","7.75K","+1.14%"
"01/27/2023","88261.10","89640.00","89665.75","86911.35","9.73K","-1.46%"
"01/25/2023","89571.75","90300.00","90436.00","88429.60","5.74K","-0.93%"
"01/24/2023","90414.50","90500.00","90949.40","90045.05","4.23K","+0.15%"
"01/23/2023","90280.35","89995.00","90539.75","89679.95","4.49K","+0.81%"
"01/20/2023","89557.00","90484.00","91198.90","89255.65","7.21K","-1.02%"
"01/19/2023","90484.00","89999.00","90899.00","89819.00","5.77K","+0.32%"
"01/18/2023","90196.85","89360.00","90399.95","89279.95","6.52K","+0.75%"
"01/17/2023","89526.75","89682.85","89965.90","89010.05","6.55K","+0.33%"
"01/16/2023","89228.35","90100.00","90679.60","89000.00","9.20K","-0.54%"
"01/13/2023","89712.95","89700.00","90650.00","89156.30","13.69K","+0.22%"
"01/12/2023","89518.25","91597.75","91663.50","88573.00","13.85K","-1.78%"
"01/11/2023","91142.00","94261.00","94399.85","90750.00","12.68K","-3.21%"
"01/10/2023","94163.95","93250.00","94480.00","93093.90","11.29K","+0.77%"
"01/09/2023","93447.60","93600.00","93998.75","92902.00","8.19K","+0.33%"
"01/06/2023","93141.50","91580.00","93400.00","90557.80","28.71K","+2.04%"
"01/05/2023","91275.80","88500.00","91900.00","88441.95","22.63K","+3.71%"
"01/04/2023","88012.25","88892.00","89073.55","87398.00","7.51K","-0.97%"
"01/03/2023","88876.15","88397.90","89121.00","87962.70","4.79K","+0.94%"
"01/02/2023","88051.20","88600.00","88745.35","87879.70","4.25K","-0.55%"
"12/30/2022","88535.45","87900.00","89250.00","87812.25","6.77K","+1.10%"
"12/29/2022","87567.95","87900.00","87900.00","86611.45","6.37K","-0.40%"
"12/28/2022","87923.25","87760.00","88590.00","87500.00","5.19K","-0.19%"
"12/27/2022","88090.15","88000.00","88490.00","87500.00","5.53K","+0.56%"
"12/26/2022","87596.60","85802.45","88373.95","85201.05","6.90K","+1.77%"
"12/23/2022","86071.00","88140.00","88140.00","85774.25","7.26K","-2.41%"
"12/22/2022","88192.75","88200.05","88899.75","87501.00","5.60K","-0.00%"
"12/21/2022","88192.95","89299.00","89900.00","87278.75","7.77K","-0.91%"
"12/20/2022","89005.00","90199.90","90199.90","88700.00","7.21K","-1.01%"
"12/19/2022","89916.95","89113.00","90230.95","88536.65","5.09K","+0.90%"
"12/16/2022","89112.75","90521.00","90728.75","88600.00","8.99K","-1.94%"
"12/15/2022","90872.85","91140.00","91699.95","90502.00","5.20K","-0.32%"
"12/14/2022","91165.45","91225.00","91947.30","90943.75","4.83K","+0.21%"
"12/13/2022","90969.95","91455.00","91899.00","90601.00","5.93K","-0.46%"
"12/12/2022","91393.65","91730.00","91730.00","90600.05","6.44K","-0.13%"
"12/09/2022","91510.70","91309.00","92000.00","90065.15","10.77K","+0.46%"
"12/08/2022","91092.40","93100.00","93479.95","90250.00","14.51K","-1.93%"
"12/07/2022","92885.40","94699.95","95075.90","92616.55","13.73K","-1.73%"
"12/06/2022","94516.90","94599.00","94800.00","94060.05","6.82K","-0.17%"
"12/05/2022","94673.70","94711.95","95243.65","94052.45","8.58K","+0.13%"
"12/02/2022","94554.20","94490.00","94988.00","93234.00","11.98K","+0.24%"
"12/01/2022","94325.50","94000.00","95151.20","93234.60","16.38K","+0.82%"
"11/30/2022","93557.55","92800.00","94103.45","92269.00","17.30K","+1.07%"
"11/29/2022","92565.15","92000.00","92800.00","91900.05","11.79K","+1.13%"
"11/28/2022","91533.80","90000.00","91969.00","89930.05","13.20K","+1.81%"
"11/25/2022","89904.60","89365.00","90388.00","89001.00","9.26K","+0.56%"
"11/24/2022","89404.65","89199.00","89600.00","88687.20","6.00K","+0.48%"
"11/23/2022","88973.15","89309.95","89654.00","88685.95","6.41K","+0.02%"
"11/22/2022","88956.20","89005.00","89800.00","88500.00","9.02K","-0.16%"
"11/21/2022","89097.20","88300.00","89397.00","87220.00","11.46K","+1.14%"
"11/18/2022","88092.70","87999.00","88394.85","87409.70","7.00K","+0.23%"
"11/17/2022","87890.45","88000.00","88150.00","87140.25","8.53K","+0.23%"
"11/16/2022","87686.00","87550.00","88300.00","87000.25","9.64K","+0.13%"
"11/15/2022","87574.25","86610.75","87850.00","86179.85","19.77K","+1.62%"
"11/14/2022","86179.85","86587.20","86750.00","85200.00","13.61K","+0.03%"
"11/11/2022","86156.40","88490.00","88858.75","85855.10","17.19K","-1.50%"
"11/10/2022","87468.65","87017.45","88347.80","85100.00","24.16K","+0.52%"
"11/09/2022","87017.45","91450.00","91999.45","85901.65","80.69K","-8.31%"
"11/07/2022","94900.10","91698.00","96000.00","91387.45","28.29K","+4.00%"
"11/04/2022","91248.15","91000.00","91500.00","90500.00","6.47K","+0.65%"
"11/03/2022","90658.15","90575.00","91499.00","90300.00","8.27K","+0.04%"
"11/02/2022","90620.80","91189.00","91500.00","90408.35","11.95K","-0.23%"
"11/01/2022","90830.20","90800.00","92099.95","90300.00","14.55K","+0.07%"
"10/31/2022","90767.00","89368.30","91250.00","89300.05","16.62K","+1.57%"
"10/28/2022","89368.30","87360.00","89550.00","87299.00","26.12K","+2.30%"
"10/27/2022","87362.85","88200.00","88299.00","86650.00","10.88K","+0.02%"
"10/25/2022","87342.85","86699.00","87700.00","86107.60","14.53K","+1.22%"
"10/24/2022","86291.55","87319.00","87932.20","85890.00","3.80K","+0.08%"
"10/21/2022","86224.80","84210.05","88187.90","84210.05","36.19K","+2.44%"
"10/20/2022","84171.80","83100.00","84500.00","83100.00","12.77K","+1.23%"
"10/19/2022","83149.45","83105.00","84500.00","82500.00","9.22K","+0.07%"
"10/18/2022","83088.15","82670.00","83300.00","82426.75","5.62K","+1.00%"
"10/17/2022","82267.95","81390.00","82641.05","80789.05","8.75K","+1.13%"
"10/14/2022","81350.15","82990.00","83200.00","81010.30","7.12K","-0.93%"
"10/13/2022","82112.35","82369.85","82700.00","81700.00","8.43K","-0.45%"
"10/12/2022","82481.70","81486.50","82636.05","81200.15","8.36K","+1.73%"
"10/11/2022","81081.05","82713.65","83082.95","80735.25","10.87K","-1.48%"
"10/10/2022","82302.10","81825.00","82700.00","81222.00","8.79K","-0.56%"
"10/07/2022","82769.65","82499.00","82989.95","81803.05","8.10K","+0.40%"
"10/06/2022","82440.15","83238.00","83856.10","82253.00","10.84K","-0.47%"
"10/04/2022","82825.45","81897.00","83000.00","81277.65","10.71K","+2.73%"
"10/03/2022","80624.25","82100.00","82100.00","80100.00","9.87K","-1.26%"
"09/30/2022","81654.55","80080.00","82131.10","79022.65","15.69K","+2.55%"
"09/29/2022","79622.00","81103.00","81938.80","78800.00","16.54K","-0.99%"
"09/28/2022","80416.70","79825.00","81102.70","79311.45","15.21K","+0.73%"
"09/27/2022","79831.05","79700.95","81446.30","79450.00","18.32K","+0.85%"
"09/26/2022","79156.30","82399.50","82399.50","78689.95","17.07K","-4.17%"
"09/23/2022","82599.15","84900.00","85100.00","82169.90","16.34K","-2.26%"
"09/22/2022","84511.50","84600.00","85200.00","83400.00","14.05K","+0.27%"
"09/21/2022","84281.65","85899.00","86499.00","84003.95","17.01K","-1.61%"
"09/20/2022","85661.00","86994.00","87388.00","85055.55","17.80K","-0.80%"
"09/19/2022","86352.80","87299.95","87600.00","84600.00","35.70K","+0.28%"
"09/16/2022","86112.85","92490.00","93200.00","85716.00","52.69K","-7.27%"
"09/15/2022","92868.45","86488.00","93887.00","85685.15","66.24K","+7.90%"
"09/14/2022","86071.70","83750.00","86444.05","83750.00","9.62K","+0.61%"
"09/13/2022","85551.25","86000.10","86350.00","85315.05","5.53K","-0.30%"
"09/12/2022","85808.30","84550.00","85900.00","84250.00","8.57K","+1.90%"
"09/09/2022","84208.05","85838.35","85990.00","84013.00","6.41K","-1.39%"
"09/08/2022","85396.40","85599.00","86449.90","85220.00","7.89K","+0.31%"
"09/07/2022","85133.30","84900.00","85910.95","84900.00","5.97K","-0.15%"
"09/06/2022","85257.70","84779.45","85889.95","84412.05","11.78K","+1.19%"
"09/05/2022","84254.05","84889.00","85100.00","84101.30","4.06K","-0.12%"
"09/02/2022","84356.90","85795.00","85979.25","84202.00","7.73K","-0.92%"
"09/01/2022","85142.75","85444.00","85982.90","84500.00","6.63K","-0.26%"
"08/30/2022","85364.95","84895.00","86263.80","84740.00","14.20K","+1.12%"
"08/29/2022","84418.65","84629.95","84894.75","83479.00","5.90K","-1.00%"
"08/26/2022","85272.25","86400.00","86445.00","85000.00","6.08K","-0.20%"
"08/25/2022","85445.00","85599.00","86500.00","85178.80","12.92K","+0.21%"
"08/24/2022","85264.50","85799.95","86699.75","84800.05","8.43K","-0.73%"
"08/23/2022","85895.45","83930.00","86779.95","83800.00","13.74K","+1.26%"
"08/22/2022","84828.25","86808.95","86876.95","84510.00","11.43K","-2.30%"
"08/19/2022","86825.90","87989.00","88361.85","86436.95","11.88K","-0.87%"
"08/18/2022","87591.55","86844.95","87988.05","85806.30","14.97K","+0.85%"
"08/17/2022","86853.60","87000.00","87925.30","86381.00","18.11K","-0.14%"
"08/16/2022","86971.45","83500.00","87593.30","83400.10","28.90K","+4.62%"
"08/12/2022","83130.85","82995.00","84338.20","82271.55","10.61K","+0.76%"
"08/11/2022","82500.70","83999.00","84598.00","82101.00","12.36K","-1.16%"
"08/10/2022","83466.60","86805.00","87234.90","82610.00","26.09K","-4.85%"
"08/08/2022","87717.50","88500.05","88900.00","87500.00","8.34K","-1.33%"
"08/05/2022","88895.45","89000.00","89150.00","87855.95","9.23K","+0.21%"
"08/04/2022","88711.80","88988.95","89499.90","87736.65","11.18K","-0.03%"
"08/03/2022","88738.95","88174.00","88950.00","87216.75","15.40K","+0.64%"
"08/02/2022","88173.15","86930.00","88950.00","86300.00","18.52K","+1.41%"
"08/01/2022","86950.35","84000.00","87400.00","83998.35","16.25K","+3.74%"
"07/29/2022","83818.15","83479.00","83970.00","82552.30","12.55K","+0.93%"
"07/28/2022","83046.50","81010.00","83300.00","81010.00","14.51K","+2.70%"
"07/27/2022","80864.95","80150.00","80971.00","79650.00","5.55K","+0.89%"
"07/26/2022","80150.20","80829.00","80965.75","79830.80","5.87K","-0.85%"
"07/25/2022","80834.05","79600.00","81198.95","79531.80","11.73K","+1.81%"
"07/22/2022","79400.60","80290.00","80738.00","79136.30","6.54K","-0.97%"
"07/21/2022","80178.40","79630.00","80418.40","79555.00","6.75K","+0.49%"
"07/20/2022","79784.60","80075.00","80618.85","79400.00","7.03K","-0.20%"
"07/19/2022","79941.80","80500.00","80820.90","79191.55","8.43K","-0.99%"
"07/18/2022","80742.50","79602.00","80998.95","79600.00","15.46K","+1.49%"
"07/15/2022","79558.10","77724.00","79729.65","77629.55","14.26K","+2.77%"
"07/14/2022","77414.90","77399.80","77863.45","76532.30","6.63K","+0.18%"
"07/13/2022","77273.75","76674.00","77600.00","76674.00","7.99K","+0.79%"
"07/12/2022","76664.65","76000.00","76900.00","75829.05","7.47K","+0.38%"
"07/11/2022","76375.85","76000.00","76500.00","75300.00","8.03K","+0.44%"
"07/08/2022","76044.95","75337.90","76454.00","75335.05","10.07K","+0.94%"
"07/07/2022","75337.90","73825.00","75500.00","73346.30","12.35K","+2.88%"
"07/06/2022","73230.20","71721.95","73500.00","71499.45","7.79K","+2.82%"
"07/05/2022","71221.15","72000.00","72340.00","71056.45","3.86K","-0.77%"
"07/04/2022","71776.45","71900.00","72499.85","71600.00","4.10K","-0.58%"
"07/01/2022","72194.30","70300.00","72500.00","70300.00","5.41K","+1.97%"
"06/30/2022","70800.90","71748.00","72099.80","70425.00","6.09K","-1.01%"
"06/29/2022","71523.75","71567.00","72000.00","71150.00","6.07K","-1.03%"
"06/28/2022","72268.65","71000.00","72599.75","70567.70","10.64K","+1.47%"
"06/27/2022","71221.75","71200.00","71907.70","70900.00","8.12K","+0.95%"
"06/24/2022","70553.00","68900.00","70775.00","68900.00","12.53K","+2.24%"
"06/23/2022","69006.20","68040.60","69280.00","68040.55","7.46K","+1.42%"
"06/22/2022","68040.60","67600.00","68230.00","67350.00","4.85K","-0.07%"
"06/21/2022","68091.55","66658.00","68299.95","66658.00","5.94K","+2.16%"
"06/20/2022","66651.55","68260.80","68599.90","66491.45","6.72K","-2.16%"
"06/17/2022","68124.55","67000.00","69130.00","65878.35","17.50K","+1.41%"
"06/16/2022","67176.60","69295.00","69314.95","67000.00","7.09K","-1.85%"
"06/15/2022","68441.70","68202.25","69551.00","68202.25","7.76K","+0.35%"
"06/14/2022","68202.25","67506.00","69500.00","67506.00","6.12K","-0.52%"
"06/13/2022","68558.55","69000.00","69307.80","68215.80","5.88K","-1.99%"
"06/10/2022","69952.25","70115.95","70545.00","69718.50","6.36K","-0.67%"
"06/09/2022","70425.75","70000.00","70700.00","70000.00","5.28K","-0.32%"
"06/08/2022","70653.55","71701.00","72396.65","70320.00","10.54K","-1.40%"
"06/07/2022","71659.00","74000.00","74497.25","71337.60","12.06K","-4.09%"
"06/06/2022","74712.30","76390.00","76672.85","74555.05","8.34K","-2.29%"
"06/03/2022","76460.35","76061.00","76887.95","76061.00","10.17K","+0.77%"
"06/02/2022","75872.80","75501.10","75999.85","75030.40","5.64K","-0.60%"
"06/01/2022","76331.50","77200.00","77570.00","76000.00","7.32K","-1.70%"
"05/31/2022","77649.45","75400.00","78165.65","75237.45","27.99K","+3.00%"
"05/30/2022","75388.05","74900.00","75795.50","74862.15","6.08K","+0.98%"
"05/27/2022","74654.85","75210.00","75690.00","74300.00","7.42K","-0.54%"
"05/26/2022","75060.95","75000.00","75300.00","73400.00","9.28K","+0.32%"
"05/25/2022","74824.25","74564.25","75428.00","73574.60","7.76K","+0.58%"
"05/24/2022","74395.50","73499.95","74598.90","73112.95","7.07K","+1.38%"
"05/23/2022","73386.20","74500.00","75146.90","73066.30","8.04K","-0.97%"
"05/20/2022","74104.95","74200.00","74679.95","73978.80","7.78K","+0.91%"
"05/19/2022","73434.75","73500.00","74250.00","73001.00","8.68K","-1.68%"
"05/18/2022","74687.65","74205.00","74849.95","73811.05","10.40K","+0.92%"
"05/17/2022","74006.75","72800.00","74300.00","72600.00","10.59K","+2.04%"
"05/16/2022","72528.40","71780.00","73240.00","71400.10","12.66K","+0.66%"
"05/13/2022","72050.90","67690.00","73280.60","67690.00","28.47K","+6.55%"
"05/12/2022","67622.05","67990.00","68199.95","66680.00","11.47K","-0.72%"
"05/11/2022","68110.70","68350.00","69274.90","67817.15","10.26K","-1.02%"
"05/10/2022","68810.05","68490.00","70939.90","67200.00","28.29K","+0.34%"
"05/09/2022","68578.00","69601.00","69855.00","68325.20","11.68K","-1.91%"
"05/06/2022","69913.60","70650.00","70831.85","69250.00","8.67K","-1.78%"
"05/05/2022","71182.15","72190.00","72850.00","70777.00","7.31K","-0.97%"
"05/04/2022","71878.35","72800.00","73310.65","71300.00","9.51K","-0.99%"
"05/02/2022","72597.50","72000.00","72850.00","71778.50","5.43K","-0.18%"
"04/29/2022","72729.00","72330.00","73400.00","71801.30","11.93K","+0.55%"
"04/28/2022","72330.70","72648.00","72648.00","71254.00","11.88K","+0.15%"
"04/27/2022","72218.95","70315.00","72599.90","70200.00","14.67K","+1.24%"
"04/26/2022","71331.50","69500.00","71537.90","69225.00","16.72K","+3.21%"
"04/25/2022","69115.90","68550.00","69499.00","68235.35","9.39K","-0.04%"
"04/22/2022","69143.85","69625.00","69625.00","68600.00","6.28K","-0.82%"
"04/21/2022","69714.80","68005.00","70100.00","67860.00","11.53K","+3.02%"
"04/20/2022","67670.40","66699.80","68352.25","66501.60","9.72K","+1.97%"
"04/19/2022","66361.40","67004.00","67797.55","65800.00","17.38K","-0.87%"
"04/18/2022","66944.95","67003.00","67480.45","66000.15","11.98K","-0.74%"
"04/13/2022","67447.30","67650.00","68121.00","67011.00","8.52K","-0.20%"
"04/12/2022","67585.70","67600.00","67987.20","66565.30","13.53K","-0.27%"
"04/11/2022","67765.65","67500.00","68000.00","67301.05","4.29K","-0.03%"
"04/08/2022","67782.85","67490.00","68128.95","66708.65","12.65K","+1.00%"
"04/07/2022","67109.25","67750.00","68194.15","66900.00","8.50K","-0.77%"
"04/06/2022","67630.85","67790.00","67956.05","67203.15","6.22K","-0.18%"
"04/05/2022","67756.05","67129.90","68100.00","67129.90","7.62K","+0.93%"
"04/04/2022","67129.90","66710.00","67259.95","66710.00","6.51K","+0.97%"
"04/01/2022","66485.20","65100.00","66650.00","65099.95","7.65K","+2.25%"
"03/31/2022","65022.10","65495.00","65800.00","64701.45","10.39K","-0.52%"
"03/30/2022","65358.90","65849.55","65899.95","65134.55","7.19K","+0.09%"
"03/29/2022","65297.05","65790.00","66878.35","65010.00","9.70K","-0.63%"
"03/28/2022","65708.65","66500.00","66500.00","64955.80","9.84K","-1.19%"
"03/25/2022","66501.10","66900.05","67179.65","66000.00","5.84K","-0.33%"
"03/24/2022","66718.75","66840.00","67399.95","66450.00","7.40K","-0.19%"
"03/23/2022","66844.70","67105.00","67726.60","66611.10","8.26K","-0.38%"
"03/22/2022","67096.60","67248.90","67300.00","65900.00","9.66K","+0.33%"
"03/21/2022","66876.35","69652.65","69860.00","66588.00","12.37K","-3.02%"
"03/17/2022","68957.80","68600.00","69889.00","68500.10","14.90K","+0.86%"
"03/16/2022","68370.45","68700.00","68849.90","68186.65","7.59K","+0.42%"
"03/15/2022","68085.00","68200.00","68995.00","67500.00","9.06K","-0.42%"
"03/14/2022","68372.35","68034.00","68450.00","67405.05","6.35K","+0.70%"
"03/11/2022","67898.30","66590.00","68094.05","66365.00","7.71K","+1.52%"
"03/10/2022","66881.90","66687.85","67497.80","66555.00","9.68K","+1.20%"
"03/09/2022","66087.85","66600.00","66950.00","65890.20","6.89K","-0.46%"
"03/08/2022","66394.85","66150.00","66650.00","65501.00","8.21K","+0.37%"
"03/07/2022","66153.10","65140.00","66448.00","63741.60","29.61K","+0.37%"
"03/04/2022","65911.30","65600.00","66199.95","65000.00","18.45K","-0.19%"
"03/03/2022","66035.45","66950.00","66980.00","65723.00","13.31K","-0.28%"
"03/02/2022","66223.85","65660.00","66500.00","65140.85","18.10K","+0.73%"
"02/28/2022","65740.95","65252.00","66250.00","64450.00","13.43K","+0.14%"
"02/25/2022","65651.70","64100.00","65814.95","64022.70","19.90K","+2.67%"
"02/24/2022","63945.60","64350.00","65850.00","63000.00","43.26K","-2.82%"
"02/23/2022","65803.60","66164.20","66799.95","65701.00","11.02K","+0.05%"
"02/22/2022","65769.60","63000.00","65999.05","63000.00","26.51K","+1.60%"
"02/21/2022","64734.65","65574.90","65574.90","64602.35","10.51K","-1.38%"
"02/18/2022","65638.95","65315.00","66263.30","65210.30","19.66K","+0.04%"
"02/17/2022","65615.75","66450.00","66641.40","65439.65","7.73K","-0.79%"
"02/16/2022","66140.60","67240.00","67275.00","66000.90","12.27K","-0.81%"
"02/15/2022","66680.15","66475.00","66999.90","65007.05","14.44K","+1.14%"
"02/14/2022","65929.00","67866.00","67866.00","65708.00","18.63K","-3.38%"
"02/11/2022","68233.45","69700.00","69700.00","68038.20","15.04K","-2.20%"
"02/10/2022","69769.20","70919.60","70919.60","69501.00","14.42K","-0.93%"
"02/09/2022","70426.60","69601.00","70579.85","69601.00","5.62K","+1.44%"
"02/08/2022","69426.35","69240.00","69800.00","68500.00","11.67K","+0.91%"
"02/07/2022","68798.80","70398.95","70421.85","68600.00","12.14K","-1.72%"
"02/04/2022","70006.40","70987.00","71297.50","69851.90","11.03K","-1.38%"
"02/03/2022","70987.15","70450.00","71930.00","70111.30","10.79K","-0.67%"
"02/02/2022","71462.45","71601.00","72674.65","71185.00","8.74K","-0.07%"
"02/01/2022","71515.45","72400.00","72680.00","71200.20","12.37K","-0.88%"
"01/31/2022","72148.10","72180.00","72500.05","71401.05","6.20K","+1.15%"
"01/28/2022","71327.70","71070.00","72850.00","71070.00","9.15K","+0.87%"
"01/27/2022","70712.65","70120.00","71049.00","69459.55","10.27K","+0.20%"
"01/25/2022","70569.95","70900.00","72249.55","69815.40","11.97K","-0.71%"
"01/24/2022","71077.35","72700.00","72989.95","70002.00","10.33K","-2.23%"
"01/21/2022","72697.10","73640.00","74800.00","72054.35","11.03K","-1.40%"
"01/20/2022","73728.25","76097.95","76097.95","73500.00","16.37K","-3.66%"
"01/19/2022","76529.85","76300.00","76780.30","75650.00","6.54K","+0.31%"
"01/18/2022","76296.85","76851.00","77299.90","76000.00","8.06K","-0.68%"
"01/17/2022","76822.20","76134.65","77185.45","75800.05","6.85K","+0.90%"
"01/14/2022","76134.65","75970.00","76277.15","75345.05","4.49K","+0.21%"
"01/13/2022","75977.05","75551.00","76300.00","75030.20","9.08K","+0.79%"
"01/12/2022","75383.75","74291.30","75498.10","74260.05","7.86K","+1.47%"
"01/11/2022","74291.30","74286.00","74445.00","73918.00","5.86K","+0.01%"
"01/10/2022","74286.40","74210.00","74979.10","74150.00","5.45K","+0.13%"
"01/07/2022","74189.30","74210.15","74573.95","73551.05","5.55K","+0.05%"
"01/06/2022","74155.30","73905.00","74495.00","73200.00","7.56K","+0.15%"
"01/05/2022","74046.00","73937.20","74400.00","73783.00","7.37K","+0.15%"
"01/04/2022","73937.20","73667.70","74000.00","73350.00","6.00K","+0.78%"
"01/03/2022","73367.70","73589.95","73979.95","73113.65","5.87K","+0.04%"
"12/31/2021","73338.00","72011.00","73699.25","72011.00","6.47K","+1.69%"
"12/30/2021","72119.55","72698.95","72888.00","71850.30","6.79K","-0.61%"
"12/29/2021","72559.05","71850.00","72697.85","71400.00","9.45K","+1.31%"
"12/28/2021","71617.70","70540.00","71999.00","70540.00","8.19K","+1.55%"
"12/27/2021","70526.20","70089.00","70689.45","69010.00","7.84K","+0.62%"
"12/24/2021","70090.70","71300.00","71300.00","69706.75","8.52K","-1.32%"
"12/23/2021","71029.60","70990.00","71500.00","70700.05","8.71K","+0.68%"
"12/22/2021","70549.45","70499.85","71290.00","70236.00","8.95K","+0.19%"
"12/21/2021","70413.65","69950.50","71139.70","69950.00","11.27K","+0.66%"
"12/20/2021","69950.50","72000.00","72199.90","68700.00","19.83K","-3.59%"
"12/17/2021","72558.05","73270.00","73380.00","72100.00","10.56K","-1.02%"
"12/16/2021","73306.45","74060.00","74298.65","73100.00","8.18K","-0.92%"
"12/15/2021","73985.50","74005.00","74550.00","73800.00","3.59K","-0.17%"
"12/14/2021","74111.85","73650.00","74200.00","73500.00","5.83K","+0.43%"
"12/13/2021","73792.00","74680.00","75111.00","73645.00","7.48K","-0.58%"
"12/10/2021","74221.00","74055.00","75000.00","74000.00","4.83K","-0.60%"
"12/09/2021","74668.55","74934.35","75275.00","74101.10","6.71K","+0.02%"
"12/08/2021","74655.30","74048.00","75242.75","74009.35","8.12K","+1.42%"
"12/07/2021","73608.90","73690.00","73879.80","73351.00","4.64K","+0.66%"
"12/06/2021","73129.05","73950.00","74136.65","72954.80","7.68K","-1.02%"
"12/03/2021","73882.30","74189.95","74691.85","73764.85","6.32K","+0.00%"
"12/02/2021","73881.70","74124.00","74280.00","73250.10","11.73K","+0.23%"
"12/01/2021","73708.60","74989.90","75360.00","73501.10","11.74K","-1.24%"
"11/30/2021","74630.80","73541.00","75996.00","73541.00","25.95K","+1.10%"
"11/29/2021","73818.25","74905.00","75099.95","73050.00","8.55K","-1.82%"
"11/26/2021","75190.35","75650.00","75650.00","74511.00","9.87K","-0.63%"
"11/25/2021","75663.40","76569.55","76698.00","75280.60","10.28K","-1.05%"
"11/24/2021","76469.55","76654.55","77397.85","76114.15","6.41K","-0.04%"
"11/23/2021","76501.55","75800.00","76699.00","75093.65","7.41K","+1.12%"
"11/22/2021","75657.60","77842.00","77899.00","75020.00","15.72K","-2.33%"
"11/18/2021","77464.75","79600.00","79665.95","77299.00","10.93K","-2.41%"
"11/17/2021","79374.15","78694.45","79500.00","78527.05","10.11K","+1.18%"
"11/16/2021","78444.80","78410.00","79448.00","78210.25","16.14K","-0.05%"
"11/15/2021","78485.50","78400.00","78870.05","77800.00","10.11K","+0.40%"
"11/12/2021","78174.85","77580.00","78297.85","77254.10","11.69K","+1.25%"
"11/11/2021","77210.90","78399.85","78399.85","76900.00","12.76K","-1.22%"
"11/10/2021","78167.50","78508.00","78928.75","78050.00","9.93K","-0.43%"
"11/09/2021","78508.70","80295.00","80489.85","78001.00","23.12K","-1.79%"
"11/08/2021","79942.25","78880.00","80308.00","78550.00","9.21K","+1.95%"
"11/04/2021","78412.50","78375.00","78633.95","78100.05","1.25K","+0.57%"
"11/03/2021","77968.90","78860.00","79190.00","77800.00","7.73K","-0.78%"
"11/02/2021","78585.20","78350.00","79390.00","78350.00","6.83K","-0.20%"
"11/01/2021","78741.05","77694.00","78978.15","77250.00","7.65K","+1.85%"
"10/29/2021","77308.15","77999.95","78400.00","76650.00","9.40K","-0.39%"
"10/28/2021","77609.35","79373.00","79709.20","77300.00","12.61K","-2.22%"
"10/27/2021","79372.80","80494.00","80575.00","79200.00","6.72K","-0.90%"
"10/26/2021","80093.75","79500.00","80500.00","79283.70","7.85K","+0.84%"
"10/25/2021","79429.45","81499.95","81499.95","79016.45","19.94K","-1.70%"
"10/22/2021","80800.40","81100.05","82273.25","80080.00","24.05K","-0.36%"
"10/21/2021","81091.45","83278.80","83399.95","80900.55","18.13K","-1.73%"
"10/20/2021","82516.55","83150.00","83382.45","81000.00","28.02K","-0.60%"
"10/19/2021","83013.20","84839.00","85176.25","82589.35","15.83K","-1.54%"
"10/18/2021","84314.10","85300.00","86900.00","84000.00","20.49K","-1.00%"
"10/14/2021","85166.45","86335.00","86600.00","84999.90","7.26K","-1.09%"
"10/13/2021","86106.55","86158.00","86800.00","85440.00","11.97K","+0.57%"
"10/12/2021","85617.50","85000.00","86199.95","84380.20","16.69K","+0.81%"
"10/11/2021","84932.90","85860.00","87550.00","84720.45","28.67K","-1.08%"
"10/08/2021","85860.45","81300.00","86373.45","81100.10","54.23K","+5.65%"
"10/07/2021","81272.55","79149.95","81446.40","78860.10","22.06K","+3.36%"
"10/06/2021","78629.50","79645.00","79890.00","78500.00","9.56K","-0.98%"
"10/05/2021","79407.20","79750.00","80070.00","79232.00","5.36K","-0.48%"
"10/04/2021","79787.00","79477.20","80551.95","79400.00","10.10K","+1.00%"
"10/01/2021","78994.40","79000.00","79370.00","78510.00","8.51K","-0.48%"
"09/30/2021","79375.55","79550.00","79679.95","78652.05","16.38K","+0.40%"
"09/29/2021","79056.70","80306.10","80431.50","78901.05","25.73K","-1.78%"
"09/28/2021","80488.60","81759.40","81890.00","79810.00","14.05K","-1.72%"
"09/27/2021","81893.40","79949.00","82000.00","79144.65","20.93K","+3.07%"
"09/24/2021","79456.50","80500.00","80690.00","79055.05","11.10K","-0.95%"
"09/23/2021","80220.70","80600.00","80999.00","80001.55","6.53K","+0.28%"
"09/22/2021","79993.80","78500.00","80550.00","78500.00","16.46K","+2.07%"
"09/21/2021","78373.75","78870.00","79031.30","78050.00","10.58K","-0.64%"
"09/20/2021","78875.45","79190.00","79950.00","78510.00","11.74K","-0.66%"
"09/17/2021","79397.25","80000.00","80339.80","78851.00","13.25K","-0.72%"
"09/16/2021","79971.70","80600.00","80600.00","79801.00","6.46K","-0.30%"
"09/15/2021","80210.15","80521.00","80995.00","80116.65","9.41K","-0.27%"
"09/14/2021","80423.85","80230.00","80847.05","80052.05","9.96K","+0.22%"
"09/13/2021","80243.60","79800.00","80407.10","79250.00","7.15K","+0.47%"
"09/09/2021","79867.90","80300.00","81469.95","79800.00","14.45K","-0.46%"
"09/08/2021","80240.00","81380.00","81429.65","79810.00","9.41K","-1.04%"
"09/07/2021","81084.70","81785.00","82300.00","80890.05","11.93K","-0.39%"
"09/06/2021","81404.85","82700.00","83200.00","81278.75","10.18K","-1.21%"
"09/03/2021","82397.85","81949.00","82600.10","81509.90","15.76K","+1.39%"
"09/02/2021","81265.15","80393.00","81875.55","80041.45","14.95K","+1.64%"
"09/01/2021","79954.65","80000.00","80559.95","79239.80","10.79K","+0.27%"
"08/31/2021","79742.75","78300.00","79855.05","78257.80","14.86K","+1.99%"
"08/30/2021","78185.50","77000.00","78374.95","77000.00","9.04K","+1.60%"
"08/27/2021","76953.45","76650.00","77332.65","76564.55","6.62K","+0.51%"
"08/26/2021","76564.55","77131.00","77265.00","76300.00","8.39K","-0.59%"
"08/25/2021","77015.55","77239.95","77980.00","76737.55","12.27K","-0.18%"
"08/24/2021","77157.95","76500.00","77401.00","76014.75","12.17K","+1.31%"
"08/23/2021","76162.90","78699.00","78699.00","75950.00","14.54K","-2.45%"
"08/20/2021","78076.95","79399.00","79399.00","77805.00","8.52K","-1.60%"
"08/18/2021","79347.15","79099.00","79500.00","78900.00","7.01K","+0.78%"
"08/17/2021","78736.60","78658.80","79165.05","77930.10","9.04K","+0.10%"
"08/16/2021","78658.80","78951.70","79350.00","78110.00","8.28K","-0.27%"
"08/13/2021","78872.85","78550.00","79200.00","78468.15","9.07K","+0.81%"
"08/12/2021","78236.05","78199.00","78709.95","77605.00","13.74K","+0.82%"
"08/11/2021","77603.10","79000.00","79799.65","77300.00","16.58K","-1.55%"
"08/10/2021","78828.05","80099.00","80939.95","78200.00","22.26K","-1.53%"
"08/09/2021","80050.65","79489.95","82664.80","79200.00","64.53K","+1.13%"
"08/06/2021","79159.65","79696.95","80149.75","79000.00","10.15K","-0.63%"
"08/05/2021","79663.25","80613.90","80722.30","79466.90","8.11K","-0.98%"
"08/04/2021","80453.00","81019.00","81600.45","80202.00","6.96K","-0.70%"
"08/03/2021","81018.40","80800.00","81220.00","80512.50","5.11K","+0.74%"
"08/02/2021","80420.85","80499.00","81349.95","80133.30","10.58K","+0.64%"
"07/30/2021","79907.45","79964.70","81140.00","79713.30","9.82K","+0.23%"
"07/29/2021","79725.50","80002.30","80297.80","79451.95","5.16K","-0.25%"
"07/28/2021","79922.75","80255.55","80545.00","79201.05","7.56K","-0.22%"
"07/27/2021","80095.35","80925.00","81319.95","79947.85","6.58K","-1.02%"
"07/26/2021","80917.75","81349.00","81599.55","80700.00","5.99K","-0.32%"
"07/23/2021","81174.85","81879.95","81969.75","81000.00","4.47K","-0.49%"
"07/22/2021","81572.00","81650.50","82400.00","81242.55","6.12K","-0.08%"
"07/20/2021","81640.05","82201.00","82700.00","81402.00","7.13K","-0.73%"
"07/19/2021","82236.30","81800.00","82964.95","81625.00","7.69K","-0.26%"
"07/16/2021","82449.85","81950.00","82710.00","81354.90","11.22K","+1.23%"
"07/15/2021","81445.20","82806.00","83254.95","81116.00","10.24K","-1.64%"
"07/14/2021","82806.05","83000.00","83356.95","82380.60","9.79K","-0.37%"
"07/13/2021","83115.80","80439.95","83450.00","80001.10","35.72K","+3.65%"
"07/12/2021","80187.10","80300.00","80480.20","79880.00","5.75K","+0.24%"
"07/09/2021","79994.70","80600.00","80699.90","79880.00","10.27K","-0.53%"
"07/08/2021","80417.95","81000.00","81339.95","80100.00","5.87K","-0.43%"
"07/07/2021","80768.90","80600.00","81349.85","80300.20","10.47K","+0.40%"
"07/06/2021","80449.20","80890.00","81384.00","80350.00","6.73K","-0.47%"
"07/05/2021","80830.35","81190.00","81827.75","80600.00","8.06K","-0.38%"
"07/02/2021","81142.30","81021.10","81489.60","80600.00","6.77K","+0.15%"
"07/01/2021","81018.30","80100.00","81467.85","80100.00","9.20K","+1.17%"
"06/30/2021","80079.50","80300.00","80649.55","79871.00","7.18K","-0.18%"
"06/29/2021","80222.25","80750.00","80750.00","79527.75","14.28K","-0.41%"
"06/28/2021","80554.65","80899.00","81148.85","80141.00","10.16K","+0.05%"
"06/25/2021","80514.20","81217.90","81249.05","80375.00","7.53K","-0.57%"
"06/24/2021","80975.00","82198.00","82198.00","80650.00","9.67K","-1.21%"
"06/23/2021","81970.55","81750.00","82499.95","81750.00","4.80K","+0.27%"
"06/22/2021","81747.25","82500.00","82500.00","81500.00","7.10K","-0.04%"
"06/21/2021","81777.05","81000.00","82250.00","81000.00","6.93K","-1.05%"
"06/18/2021","82644.10","82650.00","83147.40","80500.00","32.64K","-0.04%"
"06/17/2021","82676.40","81925.00","83295.85","81826.05","14.77K","+0.15%"
"06/16/2021","82554.30","82799.00","83150.00","82350.05","10.10K","-0.37%"
"06/15/2021","82862.70","82530.50","83357.75","81950.00","12.06K","+0.47%"
"06/14/2021","82476.85","82000.00","83127.95","81271.30","11.91K","+0.37%"
"06/11/2021","82171.50","82572.15","82818.45","81325.20","13.30K","-0.00%"
"06/10/2021","82172.15","80301.00","82325.95","80050.05","20.19K","+2.42%"
"06/09/2021","80228.15","81869.00","81989.00","80009.00","19.13K","-1.38%"
"06/08/2021","81349.20","82260.00","82455.15","81150.15","26.45K","-1.28%"
"06/07/2021","82400.50","85598.90","87300.00","82250.00","69.85K","-2.97%"
"06/04/2021","84918.70","84850.00","85336.00","84240.00","11.13K","+0.53%"
"06/03/2021","84471.00","84705.00","85086.00","83810.00","9.67K","+0.05%"
"06/02/2021","84432.65","82800.00","84776.45","82800.00","10.17K","+1.62%"
"06/01/2021","83083.45","83643.40","84800.00","82811.80","11.33K","-0.67%"
"05/31/2021","83641.40","83237.00","83965.00","83000.00","10.28K","+0.31%"
"05/28/2021","83382.10","83199.00","83650.00","82825.00","10.94K","+0.71%"
"05/27/2021","82794.15","81599.90","83174.85","81355.60","18.21K","+1.50%"
"05/26/2021","81569.50","82669.95","82800.00","81400.00","10.20K","-0.74%"
"05/25/2021","82181.65","82706.00","83098.95","81921.00","11.45K","-0.34%"
"05/24/2021","82458.85","82360.00","83300.00","82000.00","15.29K","+0.34%"
"05/21/2021","82178.20","81700.00","82483.65","81300.00","20.21K","+1.17%"
"05/20/2021","81231.10","79800.00","82469.95","79246.35","26.04K","+1.94%"
"05/19/2021","79683.20","79272.00","80000.00","78340.05","19.15K","+0.52%"
"05/18/2021","79270.00","78850.00","79947.00","78405.55","24.07K","+1.35%"
"05/17/2021","78211.80","76780.00","78464.30","76000.00","20.99K","+2.73%"
"05/14/2021","76135.75","77501.00","77850.00","75950.00","23.18K","-1.46%"
"05/12/2021","77267.30","78300.00","79225.10","77001.00","21.90K","-1.72%"
"05/11/2021","78621.15","77914.00","78989.95","77606.35","14.53K","+0.32%"
"05/10/2021","78370.05","78200.00","78745.00","77500.00","15.64K","+1.19%"
"05/07/2021","77446.20","78300.00","78770.00","77200.00","21.11K","-0.57%"
"05/06/2021","77887.30","78300.00","79199.95","77756.25","17.27K","-0.50%"
"05/05/2021","78277.70","79299.95","79398.95","77751.00","17.89K","-0.43%"
"05/04/2021","78614.50","80880.00","80880.00","78410.15","24.18K","-1.62%"
"05/03/2021","79907.55","80399.90","81127.95","79300.10","18.35K","-1.01%"
"04/30/2021","80720.55","77600.00","81699.00","77200.00","60.01K","+3.95%"
"04/29/2021","77656.90","78600.00","79100.00","77505.00","18.24K","-0.52%"
"04/28/2021","78060.80","78390.00","79300.00","77850.00","23.45K","+0.06%"
"04/27/2021","78010.40","77900.00","78472.90","77700.00","13.28K","+0.42%"
"04/26/2021","77687.55","78550.00","79296.40","77484.50","16.48K","-0.67%"
"04/23/2021","78214.15","78280.00","78881.00","77800.00","17.86K","-0.12%"
"04/22/2021","78308.00","79100.00","79100.00","77634.35","41.07K","-1.30%"
"04/20/2021","79339.80","80399.95","80650.10","78699.55","27.67K","+0.14%"
"04/19/2021","79231.40","79205.00","80399.00","78813.00","26.80K","-2.62%"
"04/16/2021","81366.00","81410.00","81981.05","80980.50","23.20K","+0.48%"
"04/15/2021","80980.50","81700.00","82449.95","80500.00","33.55K","-2.05%"
"04/13/2021","82671.60","79500.00","83100.00","79300.00","30.80K","+4.35%"
"04/12/2021","79227.85","81300.00","81400.00","78900.00","24.42K","-3.25%"
"04/09/2021","81888.15","82908.35","83287.45","81750.00","14.92K","-1.32%"
"04/08/2021","82983.10","83900.00","84492.15","82500.00","19.67K","-0.82%"
"04/07/2021","83672.60","81770.00","83950.00","81684.75","16.89K","+1.74%"
"04/06/2021","82245.55","82139.75","82500.00","81211.10","18.06K","+0.89%"
"04/05/2021","81520.90","82310.00","83269.10","81262.60","19.06K","-1.94%"
"04/01/2021","83133.10","83148.00","83449.95","82200.00","19.97K","+1.06%"
"03/31/2021","82259.45","82711.40","83525.75","81950.00","17.74K","-1.11%"
"03/30/2021","83185.30","82511.00","83946.00","81325.05","34.01K","+1.43%"
"03/26/2021","82009.45","82749.40","82749.40","81800.00","17.69K","+0.32%"
"03/25/2021","81751.20","82300.00","82993.00","80702.70","33.84K","-0.72%"
"03/24/2021","82341.70","83870.00","84345.40","81800.00","25.86K","-2.69%"
"03/23/2021","84615.10","83999.90","84999.95","83600.00","26.06K","+1.07%"
"03/22/2021","83722.80","84500.00","85499.00","82421.10","27.41K","-0.97%"
"03/19/2021","84539.80","82900.00","84920.95","80605.80","63.11K","+1.60%"
"03/18/2021","83206.25","86025.20","86348.25","83000.05","30.10K","-2.81%"
"03/17/2021","85609.00","87328.55","87328.55","85246.25","18.54K","-1.39%"
"03/16/2021","86819.00","87900.00","88479.85","86500.00","22.68K","-0.97%"
"03/15/2021","87673.55","89200.00","89490.50","87000.00","22.66K","-1.24%"
"03/12/2021","88775.35","88800.00","90300.00","88200.00","25.81K","+0.10%"
"03/10/2021","88684.10","89702.75","89703.00","88379.45","16.99K","-0.43%"
"03/09/2021","89067.70","88398.40","89505.50","88000.00","24.44K","+1.72%"
"03/08/2021","87564.55","88661.75","89484.95","87202.05","21.12K","-1.24%"
"03/05/2021","88661.75","89699.90","89699.90","88005.00","27.91K","-1.24%"
"03/04/2021","89773.55","88200.00","90801.00","88097.70","29.44K","+0.76%"
"03/03/2021","89097.10","89680.00","89950.00","88480.00","22.14K","-0.65%"
"03/02/2021","89680.40","90148.75","90274.00","88446.95","34.84K","+0.74%"
"03/01/2021","89025.45","85200.00","89864.00","85152.05","48.75K","+5.36%"
"02/26/2021","84498.15","86900.00","87320.00","83803.55","46.33K","-3.57%"
"02/25/2021","87622.80","88200.00","88600.00","87362.85","22.42K","-0.41%"
"02/24/2021","87979.65","88100.00","88600.00","86850.00","13.77K","+0.48%"
"02/23/2021","87558.50","87293.60","88105.05","85800.00","37.38K","+0.73%"
"02/22/2021","86921.30","88800.00","88800.00","86226.00","33.73K","-1.36%"
"02/19/2021","88120.10","88160.00","89369.85","87000.00","34.83K","-0.86%"
"02/18/2021","88881.35","89500.00","90000.00","88350.00","36.40K","-0.34%"
"02/17/2021","89184.50","90999.90","90999.90","88811.00","39.38K","-0.44%"
"02/16/2021","89575.35","91499.00","91550.00","89003.80","59.00K","-1.18%"
"02/15/2021","90643.90","92373.40","92450.00","90000.00","54.27K","-0.69%"
"02/12/2021","91278.05","92000.00","93480.00","90085.00","138.06K","+1.32%"
"02/11/2021","90084.70","96770.00","98599.95","89120.00","182.95K","-7.10%"
"02/10/2021","96973.85","93852.00","97880.80","92750.00","72.31K","+3.61%"
"02/09/2021","93597.90","91495.00","94699.00","90400.00","69.60K","+3.00%"
"02/08/2021","90870.75","92249.90","92551.25","90000.00","36.57K","+0.20%"
"02/05/2021","90693.05","93318.30","93566.95","90272.15","49.12K","-1.62%"
"02/04/2021","92181.95","90999.90","93780.00","89964.00","63.58K","+2.47%"
"02/03/2021","89963.50","91583.20","93278.35","89500.05","44.55K","-0.86%"
"02/02/2021","90745.95","89450.00","91949.90","88926.85","51.52K","+2.96%"
"02/01/2021","88133.65","84888.00","88798.60","83900.05","46.02K","+4.83%"
"01/29/2021","84069.15","88499.10","89388.00","83455.70","56.24K","-3.91%"
"01/28/2021","87487.70","88100.00","89411.60","87122.75","51.94K","-1.23%"
"01/27/2021","88577.75","90100.00","90177.25","87510.00","58.53K","-1.18%"
"01/25/2021","89638.35","93879.95","93879.95","89205.10","60.27K","-2.89%"
"01/22/2021","92305.95","92444.00","94345.95","91420.00","90.87K","+0.65%"
"01/21/2021","91712.90","93600.00","96479.70","90602.00","111.42K","-1.47%"
"01/20/2021","93081.50","87800.00","94120.15","87600.60","80.49K","+6.75%"
"01/19/2021","87197.55","86150.00","88005.70","86150.00","21.30K","+1.79%"
"01/18/2021","85661.85","87800.00","88165.60","85111.25","30.79K","-2.16%"
"01/15/2021","87551.75","89150.00","89823.90","86401.30","57.49K","-1.35%"
"01/14/2021","88749.65","86300.00","89938.10","85785.00","55.67K","+3.63%"
"01/13/2021","85642.30","86200.00","87399.95","85300.00","57.62K","-0.12%"
"01/12/2021","85746.90","82400.00","87000.00","81712.40","87.94K","+3.93%"
"01/11/2021","82507.90","80700.00","83000.00","80500.00","48.48K","+2.36%"
"01/08/2021","80602.10","77780.00","81399.00","77600.00","31.73K","+4.23%"
"01/07/2021","77332.60","79500.00","79500.00","77000.00","21.77K","-1.80%"
"01/06/2021","78752.25","79053.00","79800.00","77619.20","30.43K","-0.38%"
"01/05/2021","79053.00","77800.00","79373.00","77700.00","25.54K","+0.83%"
"01/04/2021","78402.20","76200.65","78900.00","75900.00","28.14K","+3.13%"
"01/01/2021","76021.65","76000.00","76334.35","75550.00","13.25K","+0.36%"
"12/31/2020","75750.45","76600.00","77339.95","75310.15","28.03K","-1.53%"
"12/30/2020","76925.10","75561.05","77672.75","75300.00","16.17K","+1.65%"
"12/29/2020","75677.55","75899.00","76000.00","74860.00","14.69K","+0.41%"
"12/28/2020","75366.70","76100.00","76840.20","75008.85","18.09K","-0.69%"
"12/24/2020","75892.35","76400.00","76549.95","75550.00","14.45K","+0.05%"
"12/23/2020","75854.85","76000.00","76850.00","75406.40","15.37K","-0.32%"
"12/22/2020","76096.35","75477.00","76709.85","73777.75","27.70K","+1.09%"
"12/21/2020","75277.70","77638.00","77793.15","74545.45","24.20K","-2.96%"
"12/18/2020","77571.55","77900.00","78190.00","76850.00","34.07K","+0.36%"
"12/17/2020","77291.15","78625.00","79166.30","77000.00","19.83K","-1.69%"
"12/16/2020","78618.85","77383.00","79180.40","77380.00","29.88K","+1.72%"
"12/15/2020","77286.35","77547.65","77800.00","76800.00","14.51K","-0.34%"
"12/14/2020","77547.65","78400.00","78400.00","77300.00","15.87K","-0.42%"
"12/11/2020","77878.35","77990.00","78396.70","77300.00","20.83K","+0.34%"
"12/10/2020","77615.20","78499.00","78745.35","77350.10","22.45K","-0.96%"
"12/09/2020","78371.30","79495.00","79600.80","78000.05","18.68K","-1.00%"
"12/08/2020","79161.80","79600.00","79984.30","78862.80","23.53K","-0.46%"
"12/07/2020","79527.65","77887.30","79995.00","77887.30","25.47K","+1.05%"
"12/04/2020","78698.15","79399.95","79600.00","78200.00","35.87K","-0.25%"
"12/03/2020","78894.65","79773.30","79800.00","78500.00","28.66K","-1.11%"
"12/02/2020","79781.25","79800.00","80000.00","78631.95","38.29K","+0.27%"
"12/01/2020","79564.30","79400.00","80102.35","77777.50","57.63K","+2.35%"
"11/27/2020","77738.65","76500.00","79228.95","75300.00","281.07K","+2.53%"
"11/26/2020","75820.05","77000.00","77543.95","74305.25","77.90K","-0.64%"
"11/25/2020","76311.75","80800.00","80800.00","75653.00","52.95K","-4.42%"
"11/24/2020","79840.15","80300.00","80950.00","79100.55","56.58K","-0.34%"
"11/23/2020","80114.50","81160.00","81249.40","79200.05","60.16K","+1.32%"
"11/20/2020","79069.40","76959.00","79500.00","76800.00","80.37K","+2.91%"
"11/19/2020","76831.35","74500.00","77399.00","74106.95","64.11K","+2.39%"
"11/18/2020","75041.00","74095.45","75400.00","72374.30","62.26K","+1.28%"
"11/17/2020","74095.45","72288.00","74650.00","71926.00","48.30K","+3.02%"
"11/14/2020","71926.00","72225.00","72490.00","71001.25","5.25K","+0.14%"
"11/13/2020","71826.20","69500.00","72499.00","69450.00","48.90K","+3.52%"
"11/12/2020","69386.90","68999.00","69579.75","68650.00","20.71K","+1.16%"
"11/11/2020","68589.15","69480.00","70490.00","67919.15","43.33K","-1.12%"
"11/10/2020","69367.00","70444.00","70736.30","68973.95","36.19K","-0.68%"
"11/09/2020","69841.05","69100.00","70325.70","68665.60","36.66K","+1.93%"
"11/06/2020","68516.85","69250.00","69900.00","68139.85","48.00K","-0.08%"
"11/05/2020","68568.50","69000.00","69890.10","68208.05","32.91K","+0.17%"
"11/04/2020","68449.85","67320.25","69250.00","67223.50","33.72K","+1.14%"
"11/03/2020","67676.25","66645.00","67999.00","66567.65","29.45K","+2.19%"
"11/02/2020","66226.05","65500.00","66637.20","64760.05","32.67K","+1.41%"
"10/30/2020","65303.25","67748.00","68450.00","64600.05","51.52K","-2.96%"
"10/29/2020","67298.35","66000.00","68917.45","65160.90","50.27K","+0.68%"
"10/28/2020","66844.55","68202.60","68202.60","65360.05","46.84K","-1.99%"
"10/27/2020","68202.60","64546.00","69608.45","63502.10","88.72K","+7.78%"
"10/26/2020","63280.45","63800.00","64319.90","62863.95","30.88K","-0.53%"
"10/23/2020","63619.10","62250.00","63985.00","62130.70","31.80K","+2.20%"
"10/22/2020","62250.35","61042.45","62442.60","60834.65","24.15K","+1.98%"
"10/21/2020","61042.45","60000.00","61599.00","60000.00","32.35K","+1.86%"
"10/20/2020","59927.35","59251.00","60347.30","59251.00","14.38K","-0.14%"
"10/19/2020","60009.85","58300.95","60100.00","58100.00","21.96K","+3.44%"
"10/16/2020","58013.10","58350.00","58880.15","57860.05","7.26K","-0.76%"
"10/15/2020","58454.65","59000.00","59246.40","58150.00","9.11K","-0.76%"
"10/14/2020","58903.55","58700.00","59149.00","58000.00","16.27K","+0.54%"
"10/13/2020","58589.95","58200.10","59439.20","58200.10","15.74K","+0.00%"
"10/12/2020","58587.10","59298.00","59298.00","58174.05","9.06K","-0.34%"
"10/09/2020","58784.90","60677.90","60677.90","58542.65","12.64K","-2.31%"
"10/08/2020","60175.35","60728.95","61100.00","59600.00","9.95K","-0.70%"
"10/07/2020","60601.55","60490.00","61089.70","59956.80","10.71K","+0.55%"
"10/06/2020","60269.95","60800.00","61100.00","60076.35","9.03K","-0.42%"
"10/05/2020","60525.60","60800.00","61233.95","60300.00","16.53K","-0.09%"
"10/01/2020","60578.30","59570.00","60695.00","59400.00","15.86K","+1.69%"
"09/30/2020","59572.20","59300.00","60001.00","58700.00","16.83K","+0.18%"
"09/29/2020","59462.35","59778.80","59890.00","58175.75","17.38K","+0.26%"
"09/28/2020","59306.55","57800.00","59449.95","57800.00","13.00K","+3.21%"
"09/25/2020","57461.45","55910.00","58000.00","55701.05","12.63K","+3.31%"
"09/24/2020","55618.85","56999.55","57098.10","55300.00","10.03K","-2.78%"
"09/23/2020","57211.50","58000.00","58320.00","56800.00","11.26K","-0.86%"
"09/22/2020","57709.55","58160.00","58350.25","57400.00","9.82K","-0.77%"
"09/21/2020","58159.25","58950.60","59079.90","57866.00","23.23K","-1.34%"
"09/18/2020","58950.60","59600.85","59970.00","58530.75","17.21K","-0.97%"
"09/17/2020","59530.85","59310.00","59778.00","59154.55","12.21K","-0.07%"
"09/16/2020","59573.95","58600.00","59850.00","58508.45","23.57K","+2.00%"
"09/15/2020","58408.45","58600.00","59400.00","58200.00","40.62K","-0.19%"
"09/14/2020","58519.85","59230.05","59800.00","58199.85","17.43K","-1.19%"
"09/11/2020","59226.70","59100.00","59400.00","58445.90","14.08K","+0.16%"
"09/10/2020","59134.05","58865.00","59399.00","58700.00","9.82K","+0.63%"
"09/09/2020","58763.55","58200.00","59054.95","57867.00","12.86K","+0.95%"
"09/08/2020","58212.65","58500.00","58500.00","58050.00","9.80K","-0.28%"
"09/07/2020","58374.20","58425.40","58854.95","58000.00","12.61K","-0.09%"
"09/04/2020","58425.40","58250.00","58800.00","57565.45","11.07K","-0.11%"
"09/03/2020","58492.10","58741.00","58998.00","58304.45","8.09K","-0.16%"
"09/02/2020","58586.75","58410.00","59099.85","58000.00","12.91K","+0.41%"
"09/01/2020","58345.30","58500.00","58698.95","57600.00","14.26K","+0.62%"
"08/31/2020","57987.45","59999.00","59999.00","57520.05","17.71K","-2.67%"
"08/28/2020","59579.85","59400.00","59999.00","59151.00","16.94K","+0.44%"
"08/27/2020","59316.55","59786.00","59799.00","59100.00","12.99K","-0.03%"
"08/26/2020","59336.75","59250.00","59746.25","59250.00","19.08K","+0.08%"
"08/25/2020","59286.40","59947.00","60150.00","59067.25","23.32K","-0.52%"
"08/24/2020","59598.55","60000.00","60537.50","59505.05","22.26K","-0.05%"
"08/21/2020","59627.15","59990.00","60150.00","59325.10","31.49K","+0.20%"
"08/20/2020","59507.30","59998.35","60300.00","59235.65","27.84K","-0.55%"
"08/19/2020","59837.80","60580.00","60720.00","59604.10","25.32K","-0.61%"
"08/18/2020","60205.50","60700.00","60879.95","60000.00","21.46K","+0.10%"
"08/17/2020","60148.05","62199.00","62282.15","59940.40","32.40K","-2.09%"
"08/14/2020","61433.75","64000.00","64600.00","61200.00","49.74K","-3.97%"
"08/13/2020","63976.50","61900.00","64352.25","61400.00","29.51K","+3.80%"
"08/12/2020","61634.75","61640.00","61899.85","61350.00","11.45K","+0.28%"
"08/11/2020","61460.45","62200.00","62490.00","61390.00","9.75K","-0.65%"
"08/10/2020","61863.00","62798.00","63550.00","61700.00","9.74K","-1.34%"
"08/07/2020","62702.80","61250.00","63260.00","61250.00","29.58K","+2.21%"
"08/06/2020","61345.80","61500.00","61850.00","61100.00","4.61K","-0.28%"
"08/05/2020","61519.05","61400.00","61900.00","61150.00","9.43K","+0.41%"
"08/04/2020","61270.10","61500.00","61700.00","61004.15","15.03K","+0.48%"
"08/03/2020","60974.65","61000.00","61800.00","60802.25","9.15K","-0.12%"
"07/31/2020","61048.55","61200.00","61600.00","60602.00","11.43K","+0.01%"
"07/30/2020","61043.15","62000.00","62399.90","60700.70","12.27K","-1.25%"
"07/29/2020","61815.10","62400.00","62800.00","61550.00","9.79K","-0.63%"
"07/28/2020","62204.90","62199.80","63000.00","62006.00","14.27K","+0.44%"
"07/27/2020","61931.60","63580.00","63580.00","61605.00","14.48K","-1.66%"
"07/24/2020","62976.50","63199.00","63800.00","62700.00","15.92K","-0.60%"
"07/23/2020","63357.35","64793.55","64793.55","63100.00","13.51K","-1.63%"
"07/22/2020","64407.75","65590.00","65590.00","64255.80","14.42K","-1.85%"
"07/21/2020","65621.10","65800.00","65900.00","65250.25","10.31K","+0.89%"
"07/20/2020","65042.80","65500.00","65849.50","64720.10","10.94K","-0.49%"
"07/17/2020","65360.55","63998.95","65870.85","63382.70","13.83K","+2.87%"
"07/16/2020","63537.95","64000.00","64132.75","62431.35","11.20K","-0.22%"
"07/15/2020","63675.35","64677.00","65199.95","63460.00","12.78K","-1.12%"
"07/14/2020","64396.00","64800.00","64890.00","63610.15","10.42K","-0.43%"
"07/13/2020","64673.45","65100.00","65698.90","64350.00","8.44K","-0.30%"
"07/10/2020","64867.25","65799.00","65799.00","64515.00","12.53K","-0.72%"
"07/09/2020","65335.85","65944.90","66200.00","65050.00","11.63K","+0.07%"
"07/08/2020","65287.20","67000.00","67448.65","65000.70","16.87K","-2.35%"
"07/07/2020","66858.80","67333.55","67510.00","65600.00","11.29K","-0.71%"
"07/06/2020","67333.55","66601.00","67550.00","66350.00","10.69K","+1.80%"
"07/03/2020","66140.25","66301.00","66599.95","65815.45","8.14K","+0.07%"
"07/02/2020","66092.85","66400.00","66800.00","65800.00","9.52K","+0.39%"
"07/01/2020","65836.80","66800.00","66800.00","65600.00","13.67K","-2.14%"
"06/30/2020","67274.50","66480.00","67725.00","65750.00","24.30K","+3.19%"
"06/29/2020","65196.90","66400.00","66800.80","64830.05","19.33K","-1.90%"
"06/26/2020","66457.70","65009.65","67000.00","65009.65","15.91K","+2.54%"
"06/25/2020","64809.65","64160.00","65500.00","63870.00","7.20K","+1.06%"
"06/24/2020","64128.10","65032.65","65870.00","63586.40","9.74K","-0.63%"
"06/23/2020","64532.65","65010.00","65650.55","64155.70","8.28K","-0.36%"
"06/22/2020","64762.75","63200.00","65200.00","63200.00","11.46K","+2.88%"
"06/19/2020","62949.30","63101.00","63592.95","62700.00","7.14K","-0.08%"
"06/18/2020","62999.70","62888.00","63350.00","62701.05","4.65K","+0.05%"
"06/17/2020","62968.25","62748.00","63500.00","62369.05","7.25K","+0.49%"
"06/16/2020","62660.30","63725.00","64495.00","62077.50","9.12K","-0.53%"
"06/15/2020","62993.60","64950.00","65499.00","62500.00","16.23K","-1.15%"
"06/12/2020","63729.05","61000.00","64100.00","59500.00","11.40K","+1.34%"
"06/11/2020","62884.95","63699.95","64099.95","62700.15","7.92K","-1.43%"
"06/10/2020","63796.35","63990.00","64394.15","63250.90","7.41K","-0.31%"
"06/09/2020","63994.15","64970.00","64970.00","63550.00","12.49K","-0.39%"
"06/08/2020","64244.40","63700.00","65150.00","63561.10","15.85K","+1.13%"
"06/05/2020","63526.20","61705.00","63844.00","61521.10","13.61K","+3.05%"
"06/04/2020","61648.75","61844.25","62487.90","60710.00","11.21K","-0.15%"
"06/03/2020","61744.25","63499.95","64172.30","61129.25","14.52K","-1.51%"
"06/02/2020","62692.40","61999.00","63738.45","61657.70","11.89K","+2.03%"
"06/01/2020","61446.05","59500.00","62269.95","59365.60","11.45K","+3.95%"
"05/29/2020","59113.10","58350.50","59350.50","58350.50","7.48K","+1.11%"
"05/28/2020","58466.20","57952.00","58950.00","57951.95","6.48K","+0.67%"
"05/27/2020","58078.80","57825.00","58200.00","57500.00","5.43K","+0.61%"
"05/26/2020","57726.10","57834.80","58199.95","57195.15","6.26K","+0.51%"
"05/22/2020","57434.10","57309.45","57890.00","57000.00","4.10K","-0.03%"
"05/21/2020","57451.50","57399.00","58260.00","57300.00","4.82K","+0.27%"
"05/20/2020","57298.90","57200.00","57400.00","56745.05","7.04K","+0.83%"
"05/19/2020","56828.20","56850.00","57400.00","56600.00","6.47K","+0.84%"
"05/18/2020","56356.05","58235.00","58499.95","56150.00","9.02K","-3.06%"
"05/15/2020","58135.55","58751.00","58751.00","57775.00","8.05K","+0.01%"
"05/14/2020","58132.60","58676.00","59125.00","57925.40","6.59K","-2.54%"
"05/13/2020","59645.15","58850.00","60200.00","58221.50","16.23K","+3.49%"
"05/12/2020","57632.10","58500.00","58629.90","57318.85","8.18K","-1.97%"
"05/11/2020","58791.20","59025.00","59450.00","58286.00","12.17K","-0.14%"
"05/08/2020","58874.90","58902.00","59783.05","58450.00","9.75K","+0.07%"
"05/07/2020","58831.05","58000.00","59000.00","58000.00","7.49K","+0.80%"
"05/06/2020","58362.70","58350.00","58790.00","57200.10","8.36K","+1.06%"
"05/05/2020","57750.00","58647.00","59350.00","57500.00","9.62K","-0.41%"
"05/04/2020","57987.30","59499.95","59499.95","57700.00","9.68K","-4.17%"
"04/30/2020","60510.65","59800.00","61800.00","59499.95","18.80K","+2.21%"
"04/29/2020","59203.70","59100.00","59750.00","58900.00","8.04K","+0.22%"
"04/28/2020","59075.70","59800.00","59800.00","58550.00","6.23K","-0.22%"
"04/27/2020","59206.55","59700.00","60290.00","58805.40","7.82K","+0.68%"
"04/24/2020","58805.40","58225.00","59200.00","58000.00","8.12K","+0.16%"
"04/23/2020","58712.35","58547.00","59341.85","58500.00","8.69K","+0.84%"
"04/22/2020","58221.95","58875.00","59489.90","57829.00","14.95K","-1.09%"
"04/21/2020","58864.75","60500.00","60793.60","58500.70","12.67K","-4.10%"
"04/20/2020","61384.00","62000.00","62000.00","61150.00","9.85K","-0.41%"
"04/17/2020","61638.30","61541.90","62340.00","61000.00","15.85K","+1.98%"
"04/16/2020","60441.90","57390.00","62000.00","57012.10","22.06K","+5.27%"
"04/15/2020","57417.75","58500.00","58500.00","56760.00","17.19K","+0.03%"
"04/13/2020","57399.20","59500.00","59831.40","57101.00","13.75K","-4.36%"
"04/09/2020","60017.90","58599.00","60460.05","57700.20","17.98K","+4.98%"
"04/08/2020","57172.75","56600.00","59500.00","56300.00","15.23K","-0.92%"
"04/07/2020","57701.05","56500.00","58088.00","56055.05","18.69K","+4.79%"
"04/03/2020","55062.25","55600.00","56200.00","54500.00","33.13K","-0.08%"
"04/01/2020","55108.85","57900.00","57900.00","54675.45","20.66K","-5.25%"
"03/31/2020","58164.45","54600.00","59312.00","54121.05","25.75K","+6.97%"
"03/30/2020","54375.70","54700.00","55270.00","53522.90","39.10K","-3.54%"
"03/27/2020","56371.25","57940.00","58200.00","53620.00","15.88K","+1.86%"
"03/26/2020","55343.75","56600.00","60742.65","54900.00","16.48K","-2.18%"
"03/25/2020","56579.25","50155.55","57700.00","50155.55","16.48K","+7.57%"
"03/24/2020","52597.70","55000.00","55000.00","49915.10","15.77K","+1.21%"
"03/23/2020","51970.25","55905.00","56998.85","51500.00","20.52K","-11.90%"
"03/20/2020","58988.95","58199.95","61111.10","57534.70","12.33K","+2.05%"
"03/19/2020","57803.75","58950.00","59870.00","56950.50","18.08K","-3.53%"
"03/18/2020","59921.15","62899.95","63395.10","59200.00","12.22K","-3.57%"
"03/17/2020","62140.70","61295.05","63749.80","60350.05","14.68K","+1.38%"
"03/16/2020","61295.05","62000.00","63899.85","60309.05","11.32K","-7.03%"
"03/13/2020","65929.35","56030.00","66300.00","56030.00","15.21K","+8.87%"
"03/12/2020","60555.25","62001.00","62888.20","58000.00","17.34K","-4.77%"
"03/11/2020","63589.85","64200.00","65687.30","62703.00","15.62K","-1.05%"
"03/09/2020","64261.85","65800.00","65800.00","63052.45","9.60K","-3.14%"
"03/06/2020","66348.15","66389.00","66500.20","63858.55","9.85K","-1.45%"
"03/05/2020","67325.15","67300.05","68169.90","66809.50","5.75K","+0.41%"
"03/04/2020","67053.35","67270.00","67698.80","66100.00","8.19K","-1.01%"
"03/03/2020","67740.70","66799.00","68558.35","65600.00","8.20K","+2.67%"
"03/02/2020","65976.30","66891.00","67595.90","65551.00","6.42K","-0.63%"
"02/28/2020","66393.20","66400.00","67296.65","65315.00","11.77K","-1.73%"
"02/27/2020","67559.45","68180.00","68339.95","66730.70","6.86K","-0.85%"
"02/26/2020","68140.00","69134.00","69403.95","67850.00","5.16K","-1.44%"
"02/25/2020","69133.45","69100.00","69798.90","68500.00","6.21K","+0.38%"
"02/24/2020","68874.70","70888.00","70888.00","68500.15","4.29K","-2.70%"
"02/20/2020","70789.50","69959.30","71232.60","69751.10","8.47K","+1.19%"
"02/19/2020","69959.30","70290.00","70437.15","69500.00","5.73K","+0.38%"
"02/18/2020","69693.60","71500.00","71500.00","69525.00","9.60K","-2.25%"
"02/17/2020","71299.80","71800.00","72333.00","71200.00","3.95K","-0.70%"
"02/14/2020","71799.20","71800.00","72519.20","71100.00","7.02K","+0.38%"
"02/13/2020","71525.15","71967.00","71967.00","70901.10","5.18K","-0.21%"
"02/12/2020","71675.95","71755.00","72809.30","71400.00","5.90K","+0.41%"
"02/11/2020","71381.70","73200.00","73500.00","71111.00","13.40K","-2.55%"
"02/10/2020","73247.90","71490.00","73500.00","69800.00","29.31K","+3.22%"
"02/07/2020","70960.45","71899.00","71900.00","70371.25","5.97K","-0.94%"
"02/06/2020","71636.35","72599.00","73100.00","71260.00","5.93K","-1.04%"
"02/05/2020","72390.80","71680.15","73565.70","71680.15","10.79K","+0.99%"
"02/04/2020","71680.15","69650.00","71899.00","69650.00","12.33K","+3.19%"
"02/03/2020","69462.65","68690.00","69888.00","68000.00","6.67K","+1.13%"
"02/01/2020","68686.60","69789.00","70300.00","68412.25","3.98K","-1.42%"
"01/31/2020","69674.75","69849.00","70600.00","69318.20","4.80K","-0.21%"
"01/30/2020","69818.60","70539.00","70600.00","69501.00","6.36K","-0.79%"
"01/29/2020","70372.55","70090.00","70600.00","70000.00","4.71K","+0.73%"
"01/28/2020","69864.70","70585.00","70999.95","69342.05","5.88K","-0.63%"
"01/27/2020","70309.35","70290.00","70600.00","69781.00","7.62K","-0.14%"
"01/24/2020","70407.35","69611.00","70825.65","69500.00","8.68K","+0.76%"
"01/23/2020","69878.65","68500.00","70000.00","68140.00","9.65K","+2.99%"
"01/22/2020","67851.15","68459.00","68800.00","67521.15","4.58K","-0.12%"
"01/21/2020","67930.15","68400.00","68550.00","67586.90","3.85K","-0.85%"
"01/20/2020","68510.75","69060.00","70220.25","68244.00","9.59K","-1.16%"
"01/17/2020","69312.90","67460.00","70000.00","67139.95","22.38K","+3.36%"
"01/16/2020","67059.40","66499.00","67150.00","65897.00","9.04K","+1.19%"
"01/15/2020","66271.70","66798.00","66918.60","65819.55","7.94K","-0.64%"
"01/14/2020","66696.10","66701.00","67500.00","66452.00","8.15K","-0.48%"
"01/13/2020","67016.70","67492.00","67900.00","66750.00","5.98K","-0.71%"
"01/10/2020","67493.65","66725.00","68100.00","66329.55","9.44K","+0.86%"
"01/09/2020","66917.70","65800.00","67150.00","65520.80","9.49K","+3.15%"
"01/08/2020","64871.55","64800.00","65237.90","64300.00","7.22K","-0.71%"
"01/07/2020","65334.10","65749.00","66515.05","65100.00","10.84K","-0.27%"
"01/06/2020","65508.95","66012.30","66176.90","65120.15","10.45K","-1.61%"
"01/03/2020","66583.45","67400.00","67466.65","66250.00","5.53K","-1.07%"
"01/02/2020","67302.55","66709.05","67715.95","66266.00","6.60K","+0.89%"
"01/01/2020","66709.05","66199.00","66944.00","66100.00","4.24K","+0.57%"
"12/31/2019","66330.30","65995.70","66579.00","65792.00","6.01K","+0.12%"
"12/30/2019","66252.40","65999.00","66990.00","65500.00","9.01K","+0.93%"
"12/27/2019","65639.45","63299.60","66599.80","63202.10","8.89K","+3.96%"
"12/26/2019","63141.75","63612.00","63750.00","62796.45","3.51K","-0.74%"
"12/24/2019","63611.75","63616.00","63900.00","63449.90","2.21K","-0.11%"
"12/23/2019","63680.90","63600.00","63900.00","63387.60","3.58K","-0.13%"
"12/20/2019","63765.20","64080.05","64387.95","63457.90","4.09K","-0.49%"
"12/19/2019","64080.05","64250.00","64376.50","63728.05","3.27K","-0.07%"
"12/18/2019","64126.90","64603.15","64929.95","64000.00","8.35K","-0.89%"
"12/17/2019","64703.75","64254.00","64999.55","63879.00","3.45K","+0.70%"
"12/16/2019","64254.25","63600.00","64850.00","63600.00","5.93K","+0.51%"
"12/13/2019","63926.35","62800.00","64100.00","62800.00","4.83K","+1.97%"
"12/12/2019","62692.10","62100.00","62950.00","62061.90","2.72K","+1.03%"
"12/11/2019","62050.20","62300.00","62348.95","61603.30","2.79K","-0.03%"
"12/10/2019","62070.10","62400.00","62458.95","61525.05","3.35K","-0.67%"
"12/09/2019","62490.40","61366.00","63097.15","61252.00","3.92K","+1.56%"
"12/06/2019","61533.20","62187.90","62750.00","61253.40","6.13K","-0.37%"
"12/05/2019","61760.25","62380.00","62597.85","61575.05","7.44K","-0.53%"
"12/04/2019","62092.10","62061.70","62555.10","61550.00","4.93K","+0.05%"
"12/03/2019","62061.70","62879.05","63044.20","61931.45","4.97K","-1.05%"
"12/02/2019","62723.05","63397.05","63597.50","62550.00","4.46K","-1.06%"
"11/29/2019","63397.05","63855.05","64116.20","63200.10","2.80K","-0.92%"
"11/28/2019","63982.60","63200.00","64298.90","62812.00","4.58K","+1.55%"
"11/27/2019","63004.00","63100.00","63496.00","62851.00","4.32K","-0.14%"
"11/26/2019","63092.35","63865.00","64465.75","62933.75","4.60K","-1.20%"
"11/25/2019","63860.15","62652.00","63954.00","62652.00","5.75K","+1.93%"
"11/22/2019","62651.35","62546.00","63100.00","62500.05","3.15K","+0.17%"
"11/21/2019","62546.50","63100.00","63430.20","62446.20","3.75K","-0.81%"
"11/20/2019","63058.45","63849.00","64111.95","62750.20","3.00K","-0.76%"
"11/19/2019","63539.35","64440.00","64440.55","63420.00","2.67K","-1.33%"
"11/18/2019","64393.55","64110.40","64699.00","63850.00","3.04K","+0.69%"
"11/15/2019","63950.50","63749.05","64460.25","63312.30","3.20K","+0.52%"
"11/14/2019","63621.50","63068.80","63700.00","62785.30","3.40K","+1.05%"
"11/13/2019","62959.15","63380.00","63380.00","62400.00","4.69K","-0.20%"
"11/11/2019","63085.20","64001.00","64100.00","62950.00","7.17K","-2.12%"
"11/08/2019","64454.45","63681.40","65490.00","62855.70","15.99K","+1.47%"
"11/07/2019","63522.60","63755.00","63921.90","63310.05","2.12K","-0.18%"
"11/06/2019","63637.75","63880.00","64163.15","63365.05","3.25K","-0.34%"
"11/05/2019","63855.75","64738.00","65200.85","63231.40","5.48K","-0.91%"
"11/04/2019","64440.35","65301.00","65709.95","64200.00","5.01K","-0.81%"
"11/01/2019","64965.80","65990.00","66495.60","64684.40","7.15K","-1.08%"
"10/31/2019","65673.75","65200.00","66300.00","65105.10","7.19K","+1.20%"
"10/30/2019","64893.30","65250.00","65450.00","64103.45","5.40K","-0.43%"
"10/29/2019","65171.15","63579.00","65600.00","63334.15","10.84K","+2.92%"
"10/27/2019","63324.35","63749.00","63749.00","63011.85","535","+0.06%"
"10/25/2019","63285.60","63830.00","63980.00","63025.35","5.26K","-0.31%"
"10/24/2019","63480.20","64650.00","64700.00","63055.00","8.46K","-1.31%"
"10/23/2019","64321.30","64288.00","64542.95","63866.45","5.77K","+0.17%"
"10/22/2019","64211.30","64394.95","64749.90","64030.05","3.21K","+0.30%"
"10/18/2019","64019.75","64900.00","65086.95","63800.00","4.47K","-1.36%"
"10/17/2019","64901.90","62896.00","65711.60","62656.00","7.04K","+3.19%"
"10/16/2019","62896.90","63030.00","63615.95","62629.45","3.66K","-0.21%"
"10/15/2019","63027.50","62150.00","63297.90","61772.00","5.00K","+1.66%"
"10/14/2019","61996.65","61723.00","62717.55","61641.35","4.29K","+0.44%"
"10/11/2019","61722.70","61250.00","61887.55","61050.00","4.97K","+0.90%"
"10/10/2019","61174.00","61200.00","61389.00","60736.85","3.05K","-0.02%"
"10/09/2019","61186.10","61250.50","61500.90","60283.55","6.26K","+0.03%"
"10/07/2019","61165.10","60989.00","61559.00","60600.00","3.56K","+0.37%"
"10/04/2019","60938.35","61980.00","61980.00","60515.90","4.32K","-0.87%"
"10/03/2019","61471.05","61863.40","62065.00","61200.00","5.96K","-0.63%"
"10/01/2019","61863.40","63299.00","63949.00","60768.95","9.21K","-2.26%"
"09/30/2019","63291.55","62959.00","63449.90","62470.00","4.88K","+0.98%"
"09/27/2019","62674.55","62859.60","63875.85","62286.75","7.54K","-0.29%"
"09/26/2019","62859.60","64499.50","65420.00","62150.00","20.48K","-2.54%"
"09/25/2019","64499.50","65522.00","65990.00","64200.00","6.02K","-2.09%"
"09/24/2019","65879.55","66749.00","67227.55","65691.30","8.45K","-0.45%"
"09/23/2019","66180.25","64900.00","67467.00","64900.00","16.17K","+2.38%"
"09/20/2019","64642.90","58380.00","65850.00","58069.15","25.48K","+11.32%"
"09/19/2019","58069.15","58213.00","58400.00","57890.95","2.41K","-0.51%"
"09/18/2019","58364.55","58699.00","58699.00","58000.00","4.37K","+0.89%"
"09/17/2019","57852.40","59650.00","59993.65","57550.00","5.46K","-2.71%"
"09/16/2019","59461.50","59799.00","59980.00","59300.05","2.90K","-1.10%"
"09/13/2019","60119.95","60754.00","60996.70","59760.05","7.07K","-0.89%"
"09/12/2019","60658.90","60256.00","61109.95","60000.00","7.91K","+0.93%"
"09/11/2019","60101.95","58950.00","60280.00","58875.05","6.21K","+2.09%"
"09/09/2019","58869.10","58802.00","59200.00","58333.00","2.89K","+0.20%"
"09/06/2019","58754.30","58080.00","58980.00","57900.10","2.89K","+1.79%"
"09/05/2019","57722.45","57880.00","58260.00","57583.60","2.10K","+0.05%"
"09/04/2019","57691.20","57801.55","58188.90","57495.05","3.01K","-0.19%"
"09/03/2019","57801.55","58598.30","58649.85","57519.85","3.40K","-1.35%"
"08/30/2019","58590.05","57660.00","58950.00","57660.00","4.92K","+1.81%"
"08/29/2019","57545.65","57950.00","57988.00","57188.05","2.95K","-0.65%"
"08/28/2019","57924.50","58871.00","59200.00","57580.60","3.43K","-1.61%"
"08/27/2019","58871.50","58780.00","59499.00","58650.55","4.17K","+0.15%"
"08/26/2019","58782.40","58450.00","59000.00","57304.05","5.06K","+1.60%"
"08/23/2019","57859.50","57600.00","58400.00","56521.05","5.84K","+0.50%"
"08/22/2019","57572.45","57502.00","57700.00","56979.00","5.13K","-0.28%"
"08/21/2019","57737.00","57501.00","57857.00","57200.00","3.92K","+0.33%"
"08/20/2019","57548.90","57502.00","57857.00","57228.95","3.23K","-0.07%"
"08/19/2019","57589.80","57010.00","57745.00","57010.00","4.04K","+1.35%"
"08/16/2019","56823.60","57300.00","58300.00","56501.35","5.76K","-0.82%"
"08/14/2019","57293.00","56621.00","57871.50","56350.00","8.06K","+0.98%"
"08/13/2019","56736.75","56601.30","57390.90","56011.10","7.24K","-0.52%"
"08/09/2019","57034.45","54850.00","57431.60","54550.00","21.84K","+4.27%"
"08/08/2019","54699.55","54015.00","54900.00","54005.00","2.76K","+1.30%"
"08/07/2019","53998.50","54000.00","54450.00","53700.00","4.65K","+0.24%"
"08/06/2019","53871.15","53200.00","54094.95","53200.00","2.80K","+0.97%"
"08/05/2019","53352.90","53250.00","53650.00","52951.00","3.16K","-0.96%"
"08/02/2019","53869.55","53050.00","54284.55","52411.15","5.86K","+0.96%"
"08/01/2019","53355.60","53450.00","53878.35","53100.00","5.92K","-0.36%"
"07/31/2019","53548.75","53801.00","53801.00","52636.55","5.43K","-0.43%"
"07/30/2019","53778.50","53990.00","54289.75","53673.00","4.88K","-0.01%"
"07/29/2019","53785.30","54340.00","54660.00","53510.00","7.92K","-1.02%"
"07/26/2019","54338.50","54000.00","54981.75","54000.00","2.68K","+0.42%"
"07/25/2019","54112.90","54025.00","54483.60","53800.00","4.64K","+0.16%"
"07/24/2019","54028.60","54000.00","54639.95","53725.00","5.31K","+0.16%"
"07/23/2019","53941.80","54349.00","54435.40","53600.00","3.69K","-0.37%"
"07/22/2019","54144.10","53782.85","54365.85","53254.05","3.72K","+1.20%"
"07/19/2019","53502.85","55740.00","55900.00","53175.85","8.77K","-3.67%"
"07/18/2019","55538.40","56005.00","56252.75","55406.05","3.08K","-0.83%"
"07/17/2019","56004.70","56510.00","56510.00","55817.50","4.81K","-0.90%"
"07/16/2019","56510.90","55851.00","56745.00","55851.00","3.61K","+0.67%"
"07/15/2019","56132.40","55810.00","56321.55","55810.00","4.23K","+0.10%"
"07/12/2019","56074.70","56148.00","56291.80","55680.00","3.81K","-0.16%"
"07/11/2019","56163.90","55001.00","56528.45","54696.00","4.22K","+1.75%"
"07/10/2019","55196.90","54572.00","55400.00","54555.55","5.22K","+1.15%"
"07/09/2019","54571.20","54893.00","54900.00","53980.00","6.05K","-0.37%"
"07/08/2019","54776.25","55712.00","55712.00","54402.85","6.87K","-2.19%"
"07/05/2019","56003.15","56540.00","56714.10","55750.00","3.88K","-0.95%"
"07/04/2019","56539.45","56810.00","57000.00","56301.15","3.76K","-0.47%"
"07/03/2019","56806.65","56700.00","57075.35","56615.25","4.26K","+0.25%"
"07/02/2019","56667.60","56758.85","56974.20","56182.00","3.55K","-0.16%"
"07/01/2019","56758.85","56840.00","57147.95","56513.00","3.29K","+0.26%"
"06/28/2019","56609.60","56799.00","56800.00","56346.85","6.06K","+0.19%"
"06/27/2019","56501.95","56092.00","56900.00","56092.00","7.33K","+0.73%"
"06/26/2019","56094.75","55300.00","56350.00","55249.00","5.53K","+0.98%"
"06/25/2019","55552.90","55050.00","56338.65","54498.95","13.09K","+1.63%"
"06/24/2019","54660.70","54600.00","55089.95","54555.25","5.04K","-0.48%"
"06/21/2019","54922.40","54850.00","55199.90","54450.00","3.13K","+0.00%"
"06/20/2019","54921.70","54599.95","55000.00","54114.90","2.78K","+0.78%"
"06/19/2019","54495.80","54700.00","54931.80","54326.00","6.32K","-0.23%"
"06/18/2019","54619.80","54555.00","54950.00","54123.80","4.37K","-0.19%"
"06/17/2019","54724.70","54950.00","55300.00","54148.85","5.75K","+0.04%"
"06/14/2019","54704.75","54651.00","55144.00","54383.80","3.39K","-0.12%"
"06/13/2019","54770.95","55999.00","55999.00","54251.00","6.71K","-1.68%"
"06/12/2019","55709.50","56270.00","56270.00","55417.30","4.49K","-0.87%"
"06/11/2019","56197.05","55800.00","56299.90","55501.00","3.95K","+1.08%"
"06/10/2019","55594.55","55949.00","56000.00","55100.00","4.12K","-0.01%"
"06/07/2019","55597.50","55950.00","56441.30","55112.00","6.45K","-0.37%"
"06/06/2019","55805.80","57599.95","57741.05","55510.60","7.42K","-2.75%"
"06/04/2019","57382.45","56026.00","57600.00","56025.00","11.50K","+2.46%"
"06/03/2019","56002.45","55403.25","56431.95","55390.00","6.62K","+1.33%"
"05/31/2019","55265.10","55299.10","55676.70","54525.00","6.66K","+0.14%"
"05/30/2019","55185.25","56250.00","56250.00","55025.00","4.52K","-1.31%"
"05/29/2019","55916.70","56600.00","56890.00","55701.00","4.76K","-0.89%"
"05/28/2019","56416.70","57148.95","57250.00","56255.05","4.86K","-0.78%"
"05/27/2019","56862.65","57300.00","57928.05","56677.50","6.04K","-0.26%"
"05/24/2019","57009.30","55200.00","57464.80","55000.00","8.39K","+4.00%"
"05/23/2019","54818.30","55523.00","56098.20","54500.00","9.45K","-0.55%"
"05/22/2019","55123.85","54999.00","55250.00","54500.05","4.63K","+0.64%"
"05/21/2019","54772.10","55000.00","55150.00","54415.00","5.60K","+0.02%"
"05/20/2019","54761.30","54889.70","55149.95","54232.00","9.20K","+0.72%"
"05/17/2019","54369.70","53749.90","54750.00","53401.65","5.33K","+1.26%"
"05/16/2019","53692.40","53849.00","53970.00","53100.00","5.13K","+0.25%"
"05/15/2019","53559.30","53590.00","53799.00","53200.05","7.31K","+0.51%"
"05/14/2019","53289.85","53140.00","53499.00","52850.00","3.26K","+0.41%"
"05/13/2019","53071.75","53997.00","53997.90","52927.90","2.91K","-1.62%"
"05/10/2019","53947.35","54600.00","54798.95","53751.60","5.09K","-0.89%"
"05/09/2019","54431.20","54400.00","54679.95","54000.00","7.41K","+0.58%"
"05/08/2019","54117.75","53049.00","54500.00","53000.00","12.18K","+2.22%"
"05/07/2019","52944.65","54000.00","54650.00","52666.30","5.99K","-1.62%"
"05/06/2019","53817.85","53110.90","53990.00","52706.00","11.79K","+1.33%"
"05/03/2019","53110.90","52500.00","53400.00","52500.00","12.84K","+1.31%"
"05/02/2019","52424.85","52605.00","53690.00","51586.30","26.25K","-0.91%"
"04/30/2019","52905.00","54410.05","54589.75","52500.00","9.37K","-2.77%"
"04/26/2019","54410.05","55750.00","55839.75","54250.00","11.66K","-1.82%"
"04/25/2019","55420.90","56049.00","56192.95","55300.00","5.11K","-0.40%"
"04/24/2019","55642.40","56600.00","56800.00","55555.00","5.42K","-1.63%"
"04/23/2019","56564.45","57085.00","57085.00","56400.00","3.36K","-0.05%"
"04/22/2019","56595.15","57650.00","57747.10","56384.40","3.75K","-2.11%"
"04/18/2019","57812.20","58203.00","58400.10","57526.10","4.30K","-0.42%"
"04/16/2019","58056.10","58269.00","58540.00","57950.10","3.32K","-0.16%"
"04/15/2019","58147.90","59000.00","59044.75","58028.20","4.50K","-0.63%"
"04/12/2019","58515.75","57500.00","58599.00","57500.00","4.87K","+1.82%"
"04/11/2019","57468.90","57600.00","57991.00","57304.05","3.87K","-0.04%"
"04/10/2019","57491.75","57800.00","58450.00","57300.00","7.30K","-0.26%"
"04/09/2019","57641.20","59199.00","59350.00","57500.00","8.36K","-2.17%"
"04/08/2019","58921.30","60554.00","60554.00","58573.05","4.68K","-2.22%"
"04/05/2019","60259.20","60003.15","60400.00","59901.35","4.01K","+0.43%"
"04/04/2019","60003.15","60262.00","60498.90","59750.05","6.49K","-0.06%"
"04/03/2019","60040.20","60480.00","60830.00","59600.00","7.11K","-0.58%"
"04/02/2019","60390.10","60250.00","61684.00","60200.00","13.29K","+0.38%"
"04/01/2019","60163.85","58150.00","60689.95","58000.00","15.68K","+3.75%"
"03/29/2019","57987.15","56300.10","58175.00","56300.10","10.55K","+3.00%"
"03/28/2019","56296.95","56740.00","56849.90","56100.05","5.14K","-0.51%"
"03/27/2019","56585.15","56350.00","56885.00","56200.00","7.14K","+0.72%"
"03/26/2019","56180.15","56399.00","56399.00","56050.00","5.18K","+0.31%"
"03/25/2019","56006.25","56310.00","56320.00","55895.15","3.19K","-0.96%"
"03/22/2019","56547.75","57000.00","57299.00","56175.55","5.28K","-0.75%"
"03/20/2019","56976.60","57400.00","57400.00","56800.00","4.82K","-0.81%"
"03/19/2019","57444.25","57688.95","57688.95","57020.00","2.98K","+0.02%"
"03/18/2019","57433.75","57998.00","57998.00","57244.00","5.72K","-0.31%"
"03/15/2019","57609.50","57200.00","58000.00","56911.00","8.69K","+0.78%"
"03/14/2019","57161.45","57990.00","57990.00","57001.00","10.39K","-0.44%"
"03/13/2019","57414.60","57800.00","58000.00","57200.00","8.93K","+0.43%"
"03/12/2019","57171.00","58100.00","58253.65","56801.00","13.28K","-0.93%"
"03/11/2019","57708.30","57040.00","57980.15","57040.00","5.14K","+1.20%"
"03/08/2019","57026.60","58000.00","58000.00","56830.00","6.78K","-1.41%"
"03/07/2019","57839.75","58570.00","58594.85","57645.10","4.06K","-1.24%"
"03/06/2019","58566.40","58040.00","58790.00","57555.00","7.26K","+1.57%"
"03/05/2019","57663.25","57397.00","58000.00","57218.50","8.41K","+0.93%"
"03/01/2019","57129.10","56907.00","57400.00","56907.00","4.09K","+0.51%"
"02/28/2019","56839.55","57390.00","57400.00","56572.00","12.34K","-0.04%"
"02/27/2019","56862.75","56400.00","57266.00","56152.90","11.01K","+1.63%"
"02/26/2019","55952.90","55140.15","56387.10","54400.00","5.78K","+1.11%"
"02/25/2019","55340.15","55468.00","55468.00","54855.00","4.31K","+0.69%"
"02/22/2019","54960.80","54720.00","55150.00","54553.50","4.41K","+0.46%"
"02/21/2019","54710.65","54829.00","55250.00","54505.00","3.89K","-0.15%"
"02/20/2019","54793.20","54529.90","54970.00","54125.00","6.03K","+1.04%"
"02/19/2019","54227.90","54480.15","55403.95","53858.35","10.54K","-0.43%"
"02/18/2019","54460.15","55248.00","55499.00","54254.20","5.98K","-1.23%"
"02/15/2019","55136.85","56302.00","56408.30","55000.00","12.19K","-2.07%"
"02/14/2019","56302.20","55600.00","56600.00","55315.00","8.94K","+1.27%"
"02/13/2019","55596.80","55799.00","55892.70","55200.00","9.83K","+0.44%"
"02/12/2019","55355.40","55750.00","56178.00","54900.00","10.99K","+0.02%"
"02/11/2019","55345.60","56450.00","56900.00","54725.00","14.32K","-1.96%"
"02/08/2019","56451.35","59188.95","59188.95","56300.00","24.28K","-4.98%"
"02/07/2019","59410.55","60035.00","60800.00","58960.05","22.64K","-0.88%"
"02/06/2019","59936.00","60300.00","60300.00","59550.00","5.30K","-0.11%"
"02/05/2019","60004.30","60299.00","60400.00","59500.00","6.60K","+0.16%"
"02/04/2019","59906.55","61944.00","61944.00","59800.00","7.86K","-2.23%"
"02/01/2019","61275.70","61489.20","62699.90","61012.10","7.55K","-0.02%"
"01/31/2019","61289.20","61500.00","61767.60","60540.15","7.60K","-0.07%"
"01/30/2019","61329.40","62384.00","62384.00","61150.00","6.59K","-0.87%"
"01/29/2019","61868.15","62830.00","62830.00","61500.00","8.71K","-1.11%"
"01/28/2019","62559.95","63875.00","63875.00","62450.00","4.49K","-2.13%"
"01/25/2019","63920.95","65300.00","65533.30","63700.00","3.10K","-1.51%"
"01/24/2019","64902.75","66000.00","66188.40","64500.00","4.13K","-1.77%"
"01/23/2019","66072.05","65378.00","66289.95","65300.00","3.09K","+1.24%"
"01/22/2019","65259.60","65900.00","66166.85","65100.00","4.70K","-1.31%"
"01/21/2019","66126.10","65739.80","66298.95","65501.00","8.01K","+0.59%"
"01/18/2019","65739.80","66005.00","66098.20","65650.00","1.61K","-0.10%"
"01/17/2019","65802.80","66291.00","66291.00","65600.00","3.53K","-0.29%"
"01/16/2019","65991.20","66220.00","66485.70","65900.00","3.51K","-0.31%"
"01/15/2019","66195.60","66650.00","66989.95","66077.00","3.86K","-0.69%"
"01/14/2019","66653.05","66600.00","66996.95","65955.90","5.05K","-0.42%"
"01/11/2019","66937.25","66898.90","67000.00","66300.00","2.58K","+0.35%"
"01/10/2019","66700.70","66249.00","67094.95","65909.00","4.02K","+0.95%"
"01/09/2019","66070.35","66501.00","66999.00","65820.45","4.37K","-0.56%"
"01/08/2019","66439.90","66700.00","66976.00","66226.00","2.28K","-0.80%"
"01/07/2019","66978.55","67100.00","67345.90","66666.15","6.82K","+0.56%"
"01/04/2019","66603.15","66999.70","67349.90","66201.05","4.28K","-0.32%"
"01/03/2019","66818.25","66750.00","67400.00","66458.70","4.60K","+0.27%"
"01/02/2019","66635.50","66500.00","67100.00","66150.70","7.53K","-0.25%"
"01/01/2019","66801.20","67299.00","67299.00","66500.35","4.19K","-0.27%"
"12/31/2018","66984.70","67550.00","67550.00","66812.40","5.94K","-0.08%"
"12/28/2018","67036.95","67279.00","67475.00","66980.00","4.26K","+0.53%"
"12/27/2018","66686.35","67398.90","67699.00","66526.00","8.78K","-0.94%"
"12/26/2018","67319.65","66200.00","67503.00","65105.25","9.92K","+1.82%"
"12/24/2018","66117.65","67003.95","67347.00","65897.00","5.79K","-1.32%"
"12/21/2018","67003.85","69049.70","69561.00","66700.00","9.35K","-2.96%"
"12/20/2018","69049.70","68750.00","69900.00","68750.00","10.18K","-0.40%"
"12/19/2018","69326.95","68000.00","69500.00","67749.40","10.48K","+2.61%"
"12/18/2018","67561.50","66477.00","67998.95","66100.05","4.75K","+1.79%"
"12/17/2018","66375.15","66415.00","67200.00","66222.00","3.56K","+0.06%"
"12/14/2018","66335.05","67299.00","67500.00","66050.00","5.72K","-1.67%"
"12/13/2018","67463.55","68280.00","68899.00","67102.70","5.72K","-1.00%"
"12/12/2018","68146.55","66272.00","68490.00","66222.00","6.98K","+2.98%"
"12/11/2018","66171.70","63666.00","66500.00","63666.00","7.24K","+2.81%"
"12/10/2018","64364.60","64100.05","64895.45","64100.05","3.29K","-1.85%"
"12/07/2018","65574.85","65269.00","65700.00","64864.05","3.55K","+1.25%"
"12/06/2018","64764.80","65299.00","65312.05","64445.05","2.96K","-0.80%"
"12/05/2018","65284.00","66000.00","66196.65","65136.00","3.69K","-1.28%"
"12/04/2018","66128.75","66800.00","67137.70","65931.95","2.99K","-0.85%"
"12/03/2018","66692.85","67500.00","67949.00","66608.00","5.04K","-0.95%"
"11/30/2018","67332.05","68400.00","68678.55","67150.90","5.17K","-1.40%"
"11/29/2018","68289.90","69002.00","69150.00","68011.00","7.58K","-0.73%"
"11/28/2018","68792.25","68501.00","69340.00","68360.75","6.59K","+0.32%"
"11/27/2018","68575.25","67866.20","68680.00","67400.05","6.03K","+0.55%"
"11/26/2018","68198.75","68000.00","68710.00","67607.45","10.29K","+0.87%"
"11/22/2018","67607.40","67400.00","68169.95","67202.00","6.41K","+0.42%"
"11/21/2018","67324.20","66251.00","67568.00","66110.00","8.26K","+1.97%"
"11/20/2018","66024.45","66200.00","66330.00","65713.20","3.33K","-0.25%"
"11/19/2018","66190.30","65770.00","66400.00","65501.00","3.94K","+0.66%"
"11/16/2018","65754.95","65900.00","66800.00","65588.45","5.44K","-0.05%"
"11/15/2018","65784.85","65999.00","66333.00","65200.00","7.97K","+0.36%"
"11/14/2018","65545.95","66100.00","66740.00","65240.00","8.20K","-0.42%"
"11/13/2018","65822.15","65203.15","66190.00","64802.05","4.99K","+0.95%"
"11/12/2018","65203.15","66345.00","66985.05","65060.50","4.54K","-1.72%"
"11/09/2018","66345.10","65050.10","66502.00","64513.15","10.67K","+1.82%"
"11/06/2018","65160.70","66200.00","66607.40","64900.00","4.25K","-1.50%"
"11/05/2018","66153.80","66700.00","66800.00","65910.00","3.81K","-0.49%"
"11/02/2018","66480.80","65050.00","66676.55","65012.40","6.74K","+2.69%"
"11/01/2018","64742.05","64498.55","65350.00","64498.05","4.42K","+0.38%"
"10/31/2018","64498.55","64342.00","64900.00","63684.00","4.18K","+0.29%"
"10/30/2018","64309.15","63402.20","64900.00","63402.20","6.90K","+0.59%"
"10/29/2018","63932.25","63200.00","64350.00","62525.00","5.00K","+1.39%"
"10/26/2018","63056.15","61300.00","63421.50","60666.00","10.20K","+2.76%"
"10/25/2018","61362.50","62000.00","62480.00","60800.00","7.48K","-1.58%"
"10/24/2018","62350.00","62440.00","62700.00","61805.15","3.99K","+1.01%"
"10/23/2018","61723.65","61600.00","62177.00","61301.00","5.08K","-0.78%"
"10/22/2018","62206.95","62749.95","62749.95","61999.00","4.20K","+0.39%"
"10/19/2018","61967.85","61965.00","62690.00","60900.00","7.57K","-0.22%"
"10/17/2018","62101.85","63750.00","64263.75","61900.00","6.38K","-1.76%"
"10/16/2018","63212.95","62991.85","63980.00","62862.15","6.09K","+0.98%"
"10/15/2018","62600.60","63625.20","64579.85","62000.00","12.24K","-2.15%"
"10/12/2018","63978.35","63620.00","64959.95","63620.00","11.12K","+0.87%"
"10/11/2018","63427.50","62990.00","64269.65","61709.05","6.80K","-0.86%"
"10/10/2018","63979.60","61521.00","64300.00","61521.00","6.13K","+3.20%"
"10/09/2018","61997.30","61899.00","62700.00","60660.00","4.98K","+1.43%"
"10/08/2018","61120.90","60711.00","61751.00","59601.00","12.83K","+0.16%"
"10/05/2018","61022.20","61400.00","61400.00","60501.00","9.20K","-0.94%"
"10/04/2018","61603.80","62699.95","62699.95","61400.00","13.69K","-2.43%"
"10/03/2018","63138.80","63077.00","63654.00","62555.05","10.72K","+0.18%"
"10/01/2018","63025.65","64100.00","64100.00","62150.00","12.28K","-0.90%"
"09/28/2018","63598.55","64500.00","65737.40","62300.00","11.54K","-0.94%"
"09/27/2018","64202.85","67015.00","68200.00","63950.05","12.37K","-3.19%"
"09/26/2018","66318.55","66988.00","66988.00","65800.00","4.32K","+0.82%"
"09/25/2018","65780.65","64677.00","67100.00","63125.00","17.92K","+1.88%"
"09/24/2018","64568.00","67000.00","67000.05","64450.00","7.66K","-3.26%"
"09/21/2018","66744.40","68195.00","68500.00","62500.00","10.42K","-1.53%"
"09/19/2018","67783.40","69095.00","69249.95","67390.00","11.98K","-1.38%"
"09/18/2018","68731.35","69782.30","70119.00","68500.85","4.57K","-1.51%"
"09/17/2018","69782.30","70200.00","70200.00","69650.10","2.67K","-0.66%"
"09/14/2018","70244.30","69500.00","70712.90","69500.00","6.97K","+1.59%"
"09/12/2018","69143.35","69860.00","69958.95","68201.10","8.91K","-0.90%"
"09/11/2018","69769.55","70506.50","71099.95","69600.00","3.40K","-1.05%"
"09/10/2018","70506.50","71501.00","71550.05","70450.00","4.33K","-1.05%"
"09/07/2018","71251.95","70881.00","72000.00","70632.05","4.85K","+0.59%"
"09/06/2018","70830.55","70799.90","70984.30","70100.00","4.87K","+0.68%"
"09/05/2018","70352.30","71299.00","71299.00","70001.00","7.75K","-0.95%"
"09/04/2018","71028.90","73300.00","73600.00","70850.00","8.96K","-2.75%"
"09/03/2018","73038.90","73777.00","74169.95","73000.00","3.92K","-1.33%"
"08/31/2018","74026.75","73250.00","74300.00","73000.00","4.91K","+1.10%"
"08/30/2018","73218.80","73753.90","74153.95","73001.00","5.92K","-0.09%"
"08/29/2018","73286.40","73640.00","73640.00","73200.00","3.22K","-0.04%"
"08/28/2018","73316.90","74649.00","74649.00","73202.85","4.23K","-1.15%"
"08/27/2018","74171.90","74300.00","74500.00","74000.00","2.22K","+0.13%"
"08/24/2018","74075.90","74500.00","75052.65","73800.00","2.94K","-0.67%"
"08/23/2018","74573.50","74500.00","74800.00","74100.00","4.83K","+0.10%"
"08/21/2018","74498.95","75111.00","75250.00","74256.70","11.54K","-0.35%"
"08/20/2018","74761.90","73999.00","75089.70","73500.00","15.19K","+1.38%"
"08/17/2018","73747.75","73200.00","73900.00","73141.00","7.75K","+0.80%"
"08/16/2018","73164.70","73850.00","74199.90","73100.00","7.14K","-0.89%"
"08/14/2018","73819.80","73503.95","74300.00","73400.00","12.25K","+0.77%"
"08/13/2018","73253.95","74489.90","74489.90","73150.00","15.76K","-1.32%"
"08/10/2018","74233.95","76000.00","76299.70","74100.00","13.06K","-2.32%"
"08/09/2018","75995.10","77077.00","77450.20","75411.05","27.71K","-0.85%"
"08/08/2018","76650.10","77099.75","77589.85","76311.10","6.78K","-0.71%"
"08/07/2018","77200.20","76880.00","77583.35","76701.00","4.54K","+0.40%"
"08/06/2018","76892.30","78485.00","78935.85","76501.00","5.09K","-2.02%"
"08/03/2018","78477.15","78622.95","79150.00","78379.85","3.56K","+0.13%"
"08/02/2018","78372.95","79580.00","79580.00","78005.00","5.25K","-1.52%"
"08/01/2018","79578.85","79987.00","80396.80","79200.00","4.89K","+0.11%"
"07/31/2018","79490.35","80740.00","80740.00","79277.85","4.45K","-0.55%"
"07/30/2018","79931.40","80998.00","81190.95","79201.00","7.29K","-1.15%"
"07/27/2018","80860.45","78999.00","81013.55","78600.05","11.40K","+2.82%"
"07/26/2018","78644.75","78500.00","78899.00","78310.95","4.47K","+0.56%"
"07/25/2018","78208.75","77115.00","78900.00","77115.00","5.73K","+0.75%"
"07/24/2018","77627.90","77848.00","78267.20","77057.55","7.76K","-0.20%"
"07/23/2018","77782.50","76999.00","78000.00","75712.00","4.86K","+1.26%"
"07/20/2018","76812.45","74225.30","77683.50","74100.00","9.47K","+3.14%"
"07/19/2018","74475.30","74404.85","74920.00","73938.95","3.95K","+0.84%"
"07/18/2018","73852.35","75248.00","75490.00","73666.00","4.81K","-1.01%"
"07/17/2018","74608.95","74599.95","75372.65","74327.00","5.83K","+0.37%"
"07/16/2018","74332.00","77060.00","77060.00","74118.50","7.32K","-3.54%"
"07/13/2018","77059.75","77611.20","77999.00","76560.00","3.96K","-0.71%"
"07/12/2018","77611.20","76500.00","78178.35","76405.00","13.06K","+1.91%"
"07/11/2018","76153.80","76000.00","76549.00","75525.05","3.29K","+0.28%"
"07/10/2018","75943.90","75551.00","76429.35","75240.05","5.02K","+0.58%"
"07/09/2018","75505.00","75499.90","75900.00","75097.00","3.52K","+0.54%"
"07/06/2018","75097.15","75350.00","76198.95","74838.85","4.50K","-0.50%"
"07/05/2018","75477.40","76074.65","76350.00","75301.15","2.34K","-0.55%"
"07/04/2018","75896.95","75499.00","76350.00","75050.00","2.76K","+0.58%"
"07/03/2018","75459.20","75300.00","75850.00","74900.00","2.54K","+0.35%"
"07/02/2018","75197.80","75270.00","75834.95","74600.00","3.94K","+0.30%"
"06/29/2018","74974.45","73297.70","75397.25","73297.70","6.91K","+2.80%"
"06/28/2018","72933.05","74373.95","74800.00","72605.00","13.07K","-1.49%"
"06/27/2018","74037.55","75545.00","75545.00","73540.00","4.78K","-1.25%"
"06/26/2018","74972.75","74880.00","75548.00","74705.00","4.30K","-0.28%"
"06/25/2018","75186.70","76100.00","76100.00","75000.00","2.66K","-0.68%"
"06/22/2018","75703.40","75049.00","76080.40","74588.80","3.09K","+1.25%"
"06/21/2018","74771.65","74990.00","75500.00","74566.05","3.48K","-0.14%"
"06/20/2018","74877.65","75249.80","75349.80","74000.00","11.63K","+0.04%"
"06/19/2018","74849.80","74599.00","75200.00","73999.00","3.37K","+0.66%"
"06/18/2018","74359.80","75480.00","76250.00","74200.00","3.81K","-1.32%"
"06/15/2018","75351.15","75250.00","75899.00","75200.00","3.97K","+0.00%"
"06/14/2018","75349.60","75077.00","75664.95","74784.05","3.52K","+0.40%"
"06/13/2018","75048.05","75900.00","76232.45","74952.05","2.48K","-0.70%"
"06/12/2018","75580.70","76860.00","76860.00","75353.05","3.00K","-1.08%"
"06/11/2018","76407.60","76249.00","76751.55","75900.20","3.02K","+0.63%"
"06/08/2018","75929.00","75399.90","76503.05","74500.00","4.14K","+0.66%"
"06/07/2018","75427.45","74450.00","75880.00","74449.95","4.55K","+1.54%"
"06/06/2018","74282.50","74064.00","74691.00","73410.20","4.00K","+0.63%"
"06/05/2018","73815.65","74700.00","75000.00","73105.00","5.76K","-0.89%"
"06/04/2018","74480.60","75400.00","75490.00","74111.05","3.39K","-0.49%"
"06/01/2018","74848.90","75811.00","76774.90","74400.10","4.38K","-1.17%"
"05/31/2018","75734.05","77190.00","77688.00","75339.00","4.23K","-1.76%"
"05/30/2018","77087.60","76321.00","77423.00","75455.35","4.96K","+0.91%"
"05/29/2018","76392.25","76001.00","77429.00","75250.00","5.29K","+0.43%"
"05/28/2018","76062.35","74100.00","76497.45","74100.00","5.93K","+2.97%"
"05/25/2018","73866.40","73750.00","74555.00","73652.05","4.54K","+0.36%"
"05/24/2018","73600.70","74140.50","74511.30","73156.15","3.40K","-0.73%"
"05/23/2018","74140.50","73755.15","74500.00","73588.80","4.85K","+0.36%"
"05/22/2018","73873.45","73200.00","74299.95","72701.00","3.54K","+1.06%"
"05/21/2018","73102.10","74399.95","74449.20","72863.55","4.52K","-1.49%"
"05/18/2018","74206.20","74555.00","75509.00","73925.10","5.41K","-0.47%"
"05/17/2018","74559.95","74803.40","75276.95","74400.00","4.06K","-0.42%"
"05/16/2018","74873.40","74500.00","75098.85","73978.05","7.57K","+0.36%"
"05/15/2018","74604.95","74850.00","75599.00","74341.65","4.57K","-0.18%"
"05/14/2018","74737.35","74750.00","75152.70","74515.45","3.33K","+0.08%"
"05/11/2018","74675.50","75300.00","75400.00","74300.00","20.86K","-0.28%"
"05/10/2018","74881.45","76540.00","76540.00","74750.00","8.01K","-1.50%"
"05/09/2018","76019.80","75525.00","76599.00","75210.00","12.72K","+0.36%"
"05/08/2018","75746.75","76406.90","76406.90","75600.00","4.05K","-0.48%"
"05/07/2018","76115.05","76000.00","76695.90","75610.20","5.68K","+0.52%"
"05/04/2018","75721.50","77880.00","77898.95","75595.85","8.85K","-1.70%"
"05/03/2018","77028.15","79729.00","80133.35","76700.00","33.13K","-3.24%"
"05/02/2018","79610.80","79900.00","81400.00","79430.90","8.00K","-0.40%"
"04/30/2018","79933.45","80416.00","81425.95","79720.00","7.90K","-0.60%"
"04/27/2018","80413.25","77179.00","80570.00","76901.10","19.56K","+5.10%"
"04/26/2018","76509.15","77551.00","77598.00","76225.05","8.04K","-1.27%"
"04/25/2018","77496.40","78110.00","78300.00","76900.00","4.18K","-0.58%"
"04/24/2018","77948.40","77600.00","79060.00","77600.00","3.78K","-0.02%"
"04/23/2018","77961.45","78300.00","78742.70","77600.00","4.24K","-0.19%"
"04/20/2018","78110.10","79390.00","79479.85","78000.00","6.04K","-1.53%"
"04/19/2018","79320.00","79499.00","79899.00","79090.00","5.83K","+0.32%"
"04/18/2018","79069.85","79999.00","80100.00","78950.00","5.40K","-0.88%"
"04/17/2018","79771.65","78299.00","80102.00","78180.85","11.50K","+1.79%"
"04/16/2018","78370.50","77506.00","78590.00","77506.00","4.42K","+0.36%"
"04/13/2018","78091.35","77800.00","78540.00","77600.00","10.90K","+0.62%"
"04/12/2018","77613.70","76499.00","78363.30","76150.00","11.85K","+1.50%"
"04/11/2018","76467.60","77000.00","77000.00","76135.15","3.14K","-0.47%"
"04/10/2018","76831.10","77243.90","77300.00","76501.00","3.55K","-0.53%"
"04/09/2018","77243.90","77137.00","77400.00","76700.00","6.58K","+0.14%"
"04/06/2018","77137.25","76901.00","77270.00","76218.25","7.31K","+0.16%"
"04/05/2018","77012.55","75501.00","77199.00","75500.10","16.50K","+3.05%"
"04/04/2018","74734.20","75350.00","76034.00","73745.95","11.55K","-1.02%"
"04/03/2018","75502.40","72975.00","75799.00","72800.00","21.14K","+3.25%"
"04/02/2018","73122.45","72700.00","73333.00","72542.35","3.47K","+0.84%"
"03/28/2018","72513.25","72001.25","73649.95","71610.45","14.06K","-0.20%"
"03/27/2018","72656.05","70201.50","72887.95","70201.50","9.59K","+3.85%"
"03/26/2018","69961.75","69237.00","70399.00","68800.00","7.33K","+1.05%"
"03/23/2018","69236.90","68170.00","69486.00","68170.00","4.85K","-0.36%"
"03/22/2018","69489.30","70000.00","70220.00","69257.50","3.75K","-0.68%"
"03/21/2018","69966.45","69999.95","70200.00","69725.00","4.76K","+0.54%"
"03/20/2018","69593.05","69950.00","70111.70","69455.65","2.85K","-0.69%"
"03/19/2018","70074.85","70500.00","70895.60","69699.90","3.93K","-0.19%"
"03/16/2018","70211.65","71670.00","71670.00","70000.00","4.91K","-2.13%"
"03/15/2018","71737.95","71225.00","71945.85","71086.40","3.80K","+0.64%"
"03/14/2018","71281.65","71160.00","71845.20","71000.00","4.66K","-0.61%"
"03/13/2018","71717.30","70815.00","72100.00","70815.00","4.15K","+0.88%"
"03/12/2018","71094.20","70950.00","71332.95","70799.95","3.76K","+0.44%"
"03/09/2018","70781.65","70759.00","71379.50","70111.15","5.00K","+0.82%"
"03/08/2018","70204.40","70500.00","70811.65","69800.00","7.02K","-0.06%"
"03/07/2018","70249.20","71440.00","71899.10","70020.65","6.46K","-1.72%"
"03/06/2018","71475.85","73000.00","73000.00","71310.00","5.39K","-1.17%"
"03/05/2018","72324.65","72683.00","73566.60","72000.00","8.94K","-0.49%"
"03/01/2018","72683.65","73391.60","74100.00","72520.00","5.02K","-0.96%"
"02/28/2018","73391.60","72599.95","73840.00","72000.00","11.90K","+1.00%"
"02/27/2018","72665.80","72670.00","73149.00","71660.90","9.67K","-0.03%"
"02/26/2018","72690.80","72550.00","72980.50","72400.00","4.43K","+0.30%"
"02/23/2018","72473.40","70139.95","72800.00","70139.95","7.98K","+3.37%"
"02/22/2018","70107.80","71500.00","71500.00","69599.00","4.82K","-2.34%"
"02/21/2018","71787.05","70855.00","71999.00","70702.95","5.41K","+1.36%"
"02/20/2018","70825.50","70635.10","71100.00","70430.00","3.99K","+0.29%"
"02/19/2018","70624.00","71555.00","71698.00","70200.00","3.82K","-0.76%"
"02/16/2018","71162.55","72357.00","72517.00","70601.60","5.35K","-1.38%"
"02/15/2018","72156.25","72329.00","72780.60","71740.80","7.76K","-0.24%"
"02/14/2018","72329.20","71720.00","72606.10","71650.00","10.26K","+0.96%"
"02/12/2018","71640.90","70011.00","71840.00","70011.00","7.30K","+2.32%"
"02/09/2018","70013.80","69100.10","70377.00","68752.25","4.80K","-0.22%"
"02/08/2018","70171.05","69001.00","70763.55","68800.00","12.30K","+1.95%"
"02/07/2018","68827.45","68899.95","69499.95","68250.05","9.65K","+0.44%"
"02/06/2018","68528.45","64000.00","68950.00","64000.00","21.20K","-0.13%"
"02/05/2018","68615.10","68016.25","69350.00","67658.50","12.19K","-0.93%"
"02/02/2018","69259.40","71400.00","71654.85","68050.00","19.86K","-3.51%"
"02/01/2018","71776.65","68115.00","72750.00","67200.00","29.03K","+5.38%"
"01/31/2018","68113.35","68395.00","68798.75","67215.75","8.10K","-0.22%"
"01/30/2018","68261.55","67300.00","68446.00","67010.00","6.01K","+2.02%"
"01/29/2018","66906.75","67165.00","68447.60","66750.00","7.20K","-0.94%"
"01/25/2018","67543.65","69050.00","69439.95","67055.55","7.16K","-1.96%"
"01/24/2018","68894.50","69700.00","70171.45","68700.00","6.43K","-1.48%"
"01/23/2018","69930.70","69600.00","70456.00","69531.80","6.86K","+0.36%"
"01/22/2018","69677.30","69156.00","69878.30","68875.00","3.33K","+0.75%"
"01/19/2018","69156.00","69100.00","69399.90","68500.00","7.71K","+0.51%"
"01/18/2018","68804.45","70800.00","70848.95","68601.45","7.68K","-2.30%"
"01/17/2018","70420.80","70480.00","70751.65","69731.65","4.00K","+0.19%"
"01/16/2018","70284.55","71401.00","71900.50","69889.60","7.41K","-1.75%"
"01/15/2018","71534.00","71970.95","72499.95","71350.00","6.50K","-0.61%"
"01/12/2018","71970.95","72310.00","73100.00","71814.10","11.55K","-0.47%"
"01/11/2018","72311.95","72700.00","72700.00","71950.05","5.00K","-0.23%"
"01/10/2018","72481.50","73040.00","73112.35","72100.00","9.01K","-0.74%"
"01/09/2018","73025.05","72965.00","73270.00","72020.00","5.59K","+0.57%"
"01/08/2018","72610.50","72900.00","73570.00","72286.95","6.76K","-0.41%"
"01/05/2018","72905.90","71390.00","73000.00","71300.00","9.19K","+2.37%"
"01/04/2018","71219.85","71499.00","71644.85","70851.20","4.48K","+0.07%"
"01/03/2018","71173.35","71680.00","71899.90","71000.00","9.08K","-0.10%"
"01/02/2018","71246.10","72305.00","72899.70","71059.10","7.34K","-1.60%"
"01/01/2018","72402.85","72572.00","73200.00","71900.00","7.35K","+0.06%"
"12/29/2017","72357.05","73499.00","73950.00","72101.10","10.90K","-1.55%"
"12/28/2017","73497.95","73490.00","73899.00","72492.20","10.19K","+0.57%"
"12/27/2017","73080.05","74280.00","74394.00","72693.10","14.79K","-1.33%"
"12/26/2017","74062.00","72600.00","74500.00","72160.05","17.52K","+1.71%"
"12/22/2017","72817.80","70927.00","73089.00","70898.75","29.13K","+2.76%"
"12/21/2017","70860.55","69000.00","71050.00","68551.00","12.05K","+2.82%"
"12/20/2017","68913.80","69389.70","69900.00","68751.00","5.12K","-0.69%"
"12/19/2017","69389.70","68940.00","69649.00","68650.20","7.91K","+0.30%"
"12/18/2017","69184.60","67400.00","69350.00","65810.00","14.07K","+2.19%"
"12/15/2017","67703.60","66500.00","68124.95","66335.65","9.21K","+2.65%"
"12/14/2017","65952.80","66480.00","66670.00","65323.90","5.78K","-0.18%"
"12/13/2017","66072.60","66774.00","67095.00","65890.00","6.46K","-0.50%"
"12/12/2017","66407.40","68240.00","68240.00","66280.00","6.24K","-2.15%"
"12/11/2017","67863.45","68500.00","69000.00","67678.00","4.90K","-0.53%"
"12/08/2017","68226.15","67251.00","68337.90","66845.05","7.18K","+1.73%"
"12/07/2017","67063.25","66990.00","67284.80","66647.70","5.21K","+0.29%"
"12/06/2017","66871.05","66122.00","67222.15","66122.00","5.83K","+0.04%"
"12/05/2017","66842.75","66336.60","67000.00","65705.00","9.02K","+0.77%"
"12/04/2017","66333.10","66400.00","66841.90","65805.00","5.84K","+0.25%"
"12/01/2017","66169.15","68601.00","69099.95","65724.25","11.68K","-3.52%"
"11/30/2017","68583.50","69299.00","69359.95","68200.10","7.99K","-1.00%"
"11/29/2017","69275.15","69540.00","69948.95","69200.00","8.73K","-0.46%"
"11/28/2017","69597.35","70130.00","70325.00","69480.00","2.74K","-0.88%"
"11/27/2017","70215.15","69474.45","70450.00","69405.00","10.18K","+1.17%"
"11/24/2017","69405.45","69499.00","69859.05","69261.00","5.50K","+0.31%"
"11/23/2017","69189.60","69799.10","70200.00","69001.00","9.56K","-0.72%"
"11/22/2017","69692.85","70000.00","70189.00","69268.35","4.61K","-0.20%"
"11/21/2017","69830.50","68908.00","70160.00","68750.05","12.16K","+1.62%"
"11/20/2017","68718.95","69437.35","69869.85","68476.05","4.13K","-1.03%"
"11/17/2017","69437.35","70000.00","70500.00","69195.60","10.99K","-0.42%"
"11/16/2017","69730.80","68500.00","69955.95","68500.00","12.71K","+1.96%"
"11/15/2017","68392.30","68300.00","69655.20","67687.50","18.81K","+1.11%"
"11/14/2017","67643.45","68624.90","68624.90","67428.05","5.49K","-0.99%"
"11/13/2017","68320.90","66812.20","69000.00","66800.00","20.03K","+1.43%"
"11/10/2017","67359.05","64995.00","67748.95","63614.05","39.94K","+3.64%"
"11/09/2017","64994.15","65398.75","65800.00","64836.00","4.13K","-0.26%"
"11/08/2017","65162.45","65900.00","66341.65","65000.00","5.12K","-0.84%"
"11/07/2017","65712.60","67650.00","67810.00","65521.50","8.92K","-2.50%"
"11/06/2017","67399.40","66500.00","67800.00","65911.00","9.36K","+1.38%"
"11/03/2017","66483.40","65726.85","66739.70","65726.85","5.38K","+1.15%"
"11/02/2017","65726.85","66011.20","66719.85","65590.05","4.28K","-0.42%"
"11/01/2017","66002.50","66789.90","66999.00","65851.95","6.27K","-0.63%"
"10/31/2017","66422.45","66775.00","67221.95","65715.05","7.41K","-0.53%"
"10/30/2017","66779.15","65000.00","67343.90","65000.00","15.49K","+3.10%"
"10/27/2017","64771.10","63300.00","64999.00","63210.70","10.78K","+2.56%"
"10/26/2017","63156.15","63200.00","63500.00","62811.90","5.89K","+0.11%"
"10/25/2017","63089.15","63315.00","63498.95","62910.50","4.02K","+0.04%"
"10/24/2017","63064.45","63450.00","63574.00","62981.10","7.75K","-0.67%"
"10/23/2017","63490.60","63250.00","63600.00","62409.80","12.59K","-0.28%"
"10/18/2017","63670.35","63516.35","64000.00","63516.35","3.56K","-0.17%"
"10/17/2017","63777.05","63700.00","64190.00","63328.05","4.42K","+0.22%"
"10/16/2017","63636.40","63602.00","64049.00","63101.00","7.70K","-0.05%"
"10/13/2017","63670.25","63800.15","64000.00","63500.00","5.19K","-0.34%"
"10/12/2017","63885.55","64200.00","64200.00","63460.00","5.28K","+0.71%"
"10/11/2017","63437.40","64949.90","64970.00","63269.65","8.38K","-1.96%"
"10/10/2017","64705.20","65011.00","65300.00","64510.10","4.70K","-0.20%"
"10/09/2017","64835.50","64550.00","65010.10","64195.40","6.74K","+0.64%"
"10/06/2017","64422.70","63349.95","64620.00","63207.85","10.35K","+2.03%"
"10/05/2017","63141.50","63298.00","63666.00","62883.80","13.68K","+0.18%"
"10/04/2017","63029.80","63749.00","63786.50","62750.00","9.07K","-0.59%"
"10/03/2017","63404.40","63480.00","64000.00","63160.60","14.58K","+0.63%"
"09/29/2017","63005.30","62051.00","63940.00","62051.00","25.19K","+1.84%"
"09/28/2017","61866.40","61790.00","62200.00","61000.00","15.84K","+0.19%"
"09/27/2017","61746.60","62720.00","62999.00","61501.00","6.87K","-1.61%"
"09/26/2017","62754.10","62800.00","63000.00","62210.05","11.34K","+0.05%"
"09/25/2017","62721.85","63100.00","63376.60","61251.00","15.44K","-0.34%"
"09/22/2017","62938.15","64000.00","64000.00","62650.00","17.03K","-0.56%"
"09/21/2017","63294.70","64438.00","64447.80","63152.55","8.73K","-1.24%"
"09/20/2017","64092.10","65101.00","65650.00","63933.15","15.54K","+0.01%"
"09/19/2017","64087.10","64648.00","65248.00","64003.05","9.35K","-1.28%"
"09/18/2017","64916.05","64698.00","65300.00","64648.15","20.04K","+0.58%"
"09/15/2017","64544.30","63999.95","64750.00","63535.75","12.62K","+1.10%"
"09/14/2017","63840.35","64430.00","64599.80","63690.00","6.53K","-0.77%"
"09/13/2017","64334.30","65500.00","65650.00","64100.00","8.72K","-1.43%"
"09/12/2017","65270.80","64899.90","65545.60","64650.10","10.39K","+1.27%"
"09/11/2017","64449.60","64010.00","64799.00","64010.00","8.30K","+0.99%"
"09/08/2017","63816.85","64505.00","64799.90","63671.00","7.53K","-0.95%"
"09/07/2017","64429.75","65269.90","65350.00","64102.00","5.02K","-0.86%"
"09/06/2017","64990.00","64260.00","65330.00","63709.20","13.56K","+0.65%"
"09/05/2017","64573.35","64474.30","64999.00","64200.00","6.76K","+0.52%"
"09/04/2017","64240.15","65290.00","65368.45","63950.00","8.63K","-1.61%"
"09/01/2017","65293.85","64090.00","65499.00","64090.00","9.06K","+1.88%"
"08/31/2017","64089.60","63179.90","64235.20","62850.00","11.82K","+1.82%"
"08/30/2017","62944.75","63200.00","63299.95","62655.60","5.04K","+0.06%"
"08/29/2017","62907.95","62949.90","63200.00","62400.00","12.68K","+0.15%"
"08/28/2017","62811.10","63350.00","63400.00","62657.15","7.91K","-0.38%"
"08/24/2017","63049.70","63248.00","63349.50","62611.00","7.88K","+0.39%"
"08/23/2017","62805.85","62999.00","63494.90","62570.00","12.48K","+0.40%"
"08/22/2017","62555.70","63050.10","63999.95","62432.05","14.40K","-1.36%"
"08/21/2017","63419.80","63798.20","64770.00","63002.00","8.78K","-0.42%"
"08/18/2017","63684.15","64470.00","64470.00","63501.00","12.64K","-1.24%"
"08/17/2017","64484.50","66054.00","66395.00","64280.00","11.29K","-1.97%"
"08/16/2017","65783.00","64525.00","65987.00","63300.00","15.56K","+3.16%"
"08/14/2017","63770.65","64400.00","64899.60","63601.10","11.84K","-0.24%"
"08/11/2017","63922.00","63250.00","65098.95","62382.05","16.98K","-0.28%"
"08/10/2017","64100.70","65799.00","66365.70","63400.00","14.50K","-2.80%"
"08/09/2017","65946.95","67000.00","67000.00","65501.00","10.52K","-1.16%"
"08/08/2017","66722.25","67900.00","68500.00","66601.00","11.98K","-1.62%"
"08/07/2017","67821.20","67100.00","68182.30","66505.80","23.51K","+2.20%"
"08/04/2017","66361.15","68483.10","68500.00","65293.30","47.84K","-4.03%"
"08/03/2017","69150.40","70600.00","70909.95","68902.25","14.61K","-2.34%"
"08/02/2017","70810.40","69276.10","70999.80","69276.10","17.21K","+2.04%"
"08/01/2017","69393.10","69567.05","69688.25","69001.00","7.53K","+0.28%"
"07/31/2017","69198.75","69120.70","69974.80","69000.00","8.84K","+0.11%"
"07/28/2017","69119.70","68660.00","69700.00","68501.00","8.24K","+0.60%"
"07/27/2017","68706.50","70200.00","70300.00","68510.00","8.58K","-1.83%"
"07/26/2017","69989.85","70388.00","70555.55","69808.25","8.64K","-0.49%"
"07/25/2017","70334.30","69377.00","70663.65","69050.05","16.39K","+2.07%"
"07/24/2017","68908.90","69000.00","69340.00","68750.00","6.31K","+0.04%"
"07/21/2017","68878.45","69375.00","69721.00","68700.00","11.18K","-0.41%"
"07/20/2017","69159.05","70550.00","70550.00","69027.00","7.18K","-1.51%"
"07/19/2017","70221.50","69930.45","70769.95","69710.00","16.35K","+0.42%"
"07/18/2017","69930.45","69400.00","70367.70","69400.00","7.12K","-0.20%"
"07/17/2017","70072.70","69662.00","70274.00","69100.00","8.43K","+0.80%"
"07/14/2017","69516.25","69999.00","70000.00","69150.00","5.40K","-0.21%"
"07/13/2017","69662.05","70300.00","70399.95","69526.00","6.50K","-0.45%"
"07/12/2017","69976.60","69201.00","70295.00","68800.00","10.29K","+1.24%"
"07/11/2017","69120.05","69600.00","70079.85","68863.50","9.26K","-0.69%"
"07/10/2017","69600.25","69900.00","70450.00","69403.00","1.54K","-0.30%"
"07/07/2017","69809.30","70801.70","70801.70","69575.00","10.22K","-0.66%"
"07/06/2017","70270.65","70984.00","71450.00","70005.00","12.20K","-0.48%"
"07/05/2017","70607.40","70401.00","71120.35","70259.90","8.30K","+0.37%"
"07/04/2017","70350.30","71260.00","71500.00","70029.70","11.00K","-0.72%"
"07/03/2017","70859.50","68458.50","71250.00","68201.00","16.73K","+3.71%"
"06/30/2017","68325.90","68400.00","68750.00","67850.10","10.07K","-0.46%"
"06/29/2017","68638.95","69270.00","69846.75","68500.00","15.51K","-0.40%"
"06/28/2017","68915.80","68585.55","69399.00","67801.50","10.37K","+0.48%"
"06/27/2017","68585.55","69955.00","70400.00","68270.00","10.38K","-1.93%"
"06/23/2017","69935.80","71500.00","71500.00","69596.00","12.32K","-1.47%"
"06/22/2017","70975.90","72198.90","72495.00","70650.10","10.64K","-1.02%"
"06/21/2017","71709.10","71850.00","72297.90","71324.55","7.67K","+0.07%"
"06/20/2017","71656.20","71980.00","72800.00","71315.30","11.04K","-0.14%"
"06/19/2017","71760.20","72499.90","72870.00","71560.20","9.97K","-0.30%"
"06/16/2017","71978.10","73148.00","73401.00","71707.50","15.15K","-1.19%"
"06/15/2017","72847.45","71235.00","73184.90","71198.90","19.57K","+2.45%"
"06/14/2017","71102.15","71980.00","71980.00","70880.05","19.05K","-1.75%"
"06/13/2017","72369.30","73401.00","74147.50","71555.00","23.59K","-1.31%"
"06/12/2017","73331.60","72901.25","74016.25","72245.00","24.68K","+0.59%"
"06/09/2017","72901.25","71404.00","73200.00","71251.10","33.95K","+2.49%"
"06/08/2017","71129.65","69000.10","71995.00","68700.00","39.08K","+3.11%"
"06/07/2017","68985.95","68830.30","69347.25","68499.00","10.47K","+0.24%"
"06/06/2017","68820.50","68500.00","69240.00","67300.00","15.44K","+0.71%"
"06/05/2017","68334.25","67910.00","68597.95","67900.00","7.48K","+0.91%"
"06/02/2017","67715.95","68450.00","68993.85","67500.00","15.74K","-0.73%"
"06/01/2017","68217.30","65619.50","68599.00","65619.50","27.60K","+4.05%"
"05/31/2017","65559.10","65351.35","65881.95","65009.00","6.63K","+0.25%"
"05/30/2017","65398.10","64938.00","65600.00","64561.25","7.92K","+0.71%"
"05/29/2017","64937.95","65699.00","66370.05","64750.00","10.02K","-0.71%"
"05/26/2017","65401.80","64199.85","65689.95","63922.20","15.83K","+2.48%"
"05/25/2017","63820.00","62660.00","64200.00","62000.00","20.13K","+2.08%"
"05/24/2017","62519.70","63900.00","63958.40","62400.00","11.11K","-2.28%"
"05/23/2017","63976.15","64480.00","64700.00","63000.00","19.12K","-0.43%"
"05/22/2017","64254.05","66100.50","66799.00","64100.00","13.00K","-2.46%"
"05/19/2017","65876.65","67290.00","67699.90","64164.85","15.12K","-1.62%"
"05/18/2017","66960.40","67750.00","69188.00","66640.10","21.70K","-1.61%"
"05/17/2017","68054.70","66200.00","68270.00","65700.00","28.78K","+2.97%"
"05/16/2017","66093.35","65990.00","66360.00","65500.00","14.10K","+0.41%"
"05/15/2017","65823.40","65620.00","66081.00","65200.80","10.19K","+0.56%"
"05/12/2017","65455.15","66105.00","66488.00","65300.00","9.99K","-0.91%"
"05/11/2017","66055.95","66000.00","67371.80","65902.10","15.03K","+0.18%"
"05/10/2017","65936.70","66800.10","66999.00","65822.20","17.17K","-1.12%"
"05/09/2017","66683.05","68200.00","68200.00","66587.40","16.11K","-1.41%"
"05/08/2017","67634.10","68499.90","68720.00","67450.00","12.21K","-0.74%"
"05/05/2017","68135.95","66861.00","68399.00","66500.05","20.75K","+1.66%"
"05/04/2017","67022.55","68944.00","69173.50","66501.00","28.67K","-2.36%"
"05/03/2017","68639.90","68563.10","69750.00","68455.20","17.26K","+0.39%"
"05/02/2017","68372.55","68050.00","68899.80","67600.05","17.92K","+0.68%"
"04/28/2017","67909.20","68858.50","69000.00","67706.00","18.00K","-0.86%"
"04/27/2017","68495.60","69200.00","70500.00","68000.00","50.10K","-0.52%"
"04/26/2017","68850.55","66500.00","69848.75","66486.95","43.64K","+3.43%"
"04/25/2017","66566.25","64200.00","66755.55","63880.00","28.58K","+4.02%"
"04/24/2017","63995.35","63120.00","64200.00","63110.00","12.08K","+1.12%"
"04/21/2017","63283.70","63325.00","63698.00","63016.85","9.61K","-0.34%"
"04/20/2017","63500.80","63005.00","63610.00","62751.10","12.43K","+0.65%"
"04/19/2017","63089.25","62350.00","63300.00","62150.05","12.09K","+0.79%"
"04/18/2017","62596.10","61950.00","63099.00","61600.05","23.54K","+1.05%"
"04/17/2017","61948.55","60720.00","62158.00","60311.40","21.46K","+2.28%"
"04/13/2017","60566.55","60530.85","61200.00","60300.00","10.62K","+0.07%"
"04/12/2017","60527.10","62010.00","62199.95","60062.40","20.55K","-2.48%"
"04/11/2017","62063.40","61179.00","62200.00","60901.00","17.05K","+2.13%"
"04/10/2017","60767.45","61195.70","61382.95","60620.00","7.63K","-0.44%"
"04/07/2017","61036.15","60655.00","61780.00","60601.10","14.39K","-0.11%"
"04/06/2017","61104.85","60552.00","61399.00","60211.00","19.00K","+0.69%"
"04/05/2017","60685.45","60993.55","61271.75","60372.00","12.46K","-0.51%"
"04/03/2017","60993.55","60935.00","61386.70","60240.00","14.26K","+0.06%"
"03/31/2017","60954.45","59550.00","61220.00","59550.00","24.68K","+1.89%"
"03/30/2017","59823.65","59125.00","60200.00","59125.00","19.15K","+0.41%"
"03/29/2017","59578.45","58499.95","59790.80","57801.00","24.09K","+2.17%"
"03/28/2017","58315.35","59855.45","60300.00","57947.40","19.85K","-2.63%"
"03/27/2017","59888.50","59499.00","60145.00","59125.20","20.17K","+0.98%"
"03/24/2017","59308.80","59499.90","59650.00","59001.00","19.25K","-0.33%"
"03/23/2017","59507.10","58000.00","59684.35","57601.00","36.78K","+2.87%"
"03/22/2017","57849.20","57600.00","58450.00","57500.00","20.75K","-0.34%"
"03/21/2017","58045.15","56500.00","58300.00","55854.30","28.25K","+3.62%"
"03/20/2017","56019.35","56305.00","57090.65","55801.00","23.49K","+1.07%"
"03/17/2017","55427.85","56400.00","56700.00","54967.65","43.54K","-1.77%"
"03/16/2017","56425.55","57300.00","57448.95","56200.00","15.44K","-0.72%"
"03/15/2017","56836.60","53381.25","57984.00","53291.25","82.61K","+7.27%"
"03/14/2017","52983.90","52750.00","53427.95","52100.00","18.74K","+1.46%"
"03/10/2017","52220.30","52366.00","52450.00","51950.00","9.19K","+0.36%"
"03/09/2017","52031.35","51500.00","52366.65","51205.00","12.20K","+0.98%"
"03/08/2017","51527.80","52260.00","52372.10","51086.70","9.54K","-1.23%"
"03/07/2017","52167.90","52282.00","52565.85","51953.20","6.73K","-0.40%"
"03/06/2017","52375.55","52398.00","52500.00","51951.05","7.60K","+0.58%"
"03/03/2017","52072.85","52300.00","52630.00","51713.45","12.54K","+0.23%"
"03/02/2017","51951.60","53185.00","53362.50","51845.00","8.86K","-1.64%"
"03/01/2017","52819.40","51999.00","53150.00","51999.00","13.94K","+1.90%"
"02/28/2017","51835.05","51437.25","52529.90","51370.05","14.97K","+0.77%"
"02/27/2017","51437.15","51650.00","52029.95","50700.00","13.97K","-0.12%"
"02/23/2017","51499.05","49900.00","51700.00","49714.75","22.05K","+3.48%"
"02/22/2017","49767.85","50399.95","50600.00","49577.00","13.00K","-0.85%"
"02/21/2017","50195.40","50451.00","50679.35","50100.00","4.08K","-0.44%"
"02/20/2017","50414.75","50100.00","50595.00","49950.00","4.35K","+0.62%"
"02/17/2017","50102.20","50780.00","50900.00","50001.05","10.38K","-0.86%"
"02/16/2017","50538.05","50180.00","50858.00","49600.00","16.21K","+1.08%"
"02/15/2017","49997.15","50200.05","50582.00","49935.60","8.01K","-0.39%"
"02/14/2017","50195.20","51020.00","51630.55","50010.00","5.87K","-1.24%"
"02/13/2017","50827.25","51551.15","51680.30","50660.05","5.75K","-1.25%"
"02/10/2017","51472.35","51850.00","51879.30","51310.00","4.38K","-0.41%"
"02/09/2017","51685.70","51750.00","51985.00","51250.00","7.39K","+0.16%"
"02/08/2017","51604.45","50666.00","51799.95","50350.00","13.39K","+2.32%"
"02/07/2017","50434.75","50690.00","51040.00","49759.65","21.90K","+0.39%"
"02/06/2017","50240.05","51684.80","51684.80","50097.30","17.66K","-1.60%"
"02/03/2017","51059.45","51681.80","52654.15","50050.15","39.22K","-1.03%"
"02/02/2017","51590.90","52600.00","52740.00","51351.00","10.66K","-1.89%"
"02/01/2017","52585.10","51401.00","52840.00","51401.00","11.73K","+1.79%"
"01/31/2017","51659.50","51998.00","52140.00","51000.00","12.63K","-0.52%"
"01/30/2017","51929.90","53440.00","53440.00","51801.15","12.04K","-2.64%"
"01/27/2017","53339.20","53080.00","53633.00","53080.00","6.48K","+0.51%"
"01/25/2017","53066.70","52699.00","53180.00","52000.00","8.56K","+1.14%"
"01/24/2017","52466.40","52679.35","52879.95","52210.05","7.49K","+0.22%"
"01/23/2017","52351.70","51668.00","52840.00","51668.00","23.69K","+1.32%"
"01/20/2017","51668.90","51890.00","52549.95","51400.00","9.80K","-0.62%"
"01/19/2017","51992.20","53000.00","53046.05","51814.50","13.61K","-1.91%"
"01/18/2017","53006.90","53800.00","54100.00","52802.00","9.95K","-1.25%"
"01/17/2017","53678.80","53050.00","54380.60","53050.00","15.20K","+1.11%"
"01/16/2017","53092.05","53299.00","53857.55","52559.85","13.56K","-0.50%"
"01/13/2017","53359.60","55098.85","55298.95","52890.00","22.09K","-3.00%"
"01/12/2017","55011.60","55530.10","55945.00","54625.05","18.12K","-0.70%"
"01/11/2017","55400.00","53699.00","55554.45","53400.05","35.02K","+4.48%"
"01/10/2017","53025.05","51649.90","53666.00","49808.70","14.46K","+3.26%"
"01/09/2017","51349.15","51579.20","51797.00","50825.70","5.35K","-0.45%"
"01/06/2017","51579.20","52000.00","52686.50","51125.00","14.67K","-0.25%"
"01/05/2017","51710.65","50698.65","51990.00","50550.05","8.44K","+2.63%"
"01/04/2017","50386.10","50679.80","50769.75","50181.60","7.04K","-0.01%"
"01/03/2017","50391.45","49388.90","50500.00","49101.25","9.53K","+2.66%"
"01/02/2017","49084.40","49000.00","49304.95","48799.75","8.37K","+0.37%"
"12/30/2016","48905.65","49100.00","49300.00","48500.00","7.87K","+0.02%"
"12/29/2016","48893.80","48350.00","48980.00","48350.00","9.16K","+0.84%"
"12/28/2016","48485.95","48998.95","49089.95","48356.45","5.32K","-0.43%"
"12/27/2016","48692.95","48556.80","48840.00","47512.30","10.69K","+0.77%"
"12/26/2016","48319.45","48998.80","49005.05","48000.00","6.62K","-1.38%"
"12/23/2016","48996.50","48370.00","49685.00","47968.15","10.85K","+1.58%"
"12/22/2016","48234.65","48797.70","49249.00","48055.20","9.56K","-1.27%"
"12/21/2016","48855.15","50188.00","50188.00","48800.00","11.40K","-1.95%"
"12/20/2016","49825.30","51434.00","51923.95","49680.00","12.48K","-3.37%"
"12/19/2016","51561.55","52387.00","52387.00","51431.00","4.27K","-1.14%"
"12/16/2016","52154.70","52920.00","52996.90","51980.30","13.61K","-0.87%"
"12/15/2016","52613.40","53000.00","53270.00","52400.00","14.18K","-0.28%"
"12/14/2016","52759.70","52216.00","52999.00","52216.00","7.68K","+0.64%"
"12/13/2016","52424.20","52549.00","53350.00","52320.00","11.94K","+0.36%"
"12/12/2016","52235.00","52701.00","52996.80","52001.00","8.23K","-1.51%"
"12/09/2016","53033.50","51656.00","53448.00","51286.40","17.82K","+3.14%"
"12/08/2016","51416.55","50401.00","51669.00","50401.00","10.46K","+2.53%"
"12/07/2016","50147.80","50399.00","50705.30","49810.00","8.16K","-0.31%"
"12/06/2016","50304.70","50639.00","51074.55","49861.05","13.17K","-0.33%"
"12/05/2016","50469.30","48401.10","50722.30","48401.10","16.30K","+3.33%"
"12/02/2016","48841.60","48790.00","49340.00","48280.00","11.38K","-0.09%"
"12/01/2016","48883.30","50799.95","50799.95","48684.50","15.42K","-2.04%"
"11/30/2016","49900.10","50000.00","50595.20","49500.00","35.73K","+1.59%"
"11/29/2016","49118.95","47720.00","49498.00","47720.00","13.81K","+3.25%"
"11/28/2016","47574.05","47399.00","48460.00","47250.00","8.31K","+0.64%"
"11/25/2016","47270.50","47544.00","47775.20","47112.00","7.61K","+0.12%"
"11/24/2016","47214.75","47474.00","47877.00","46832.05","9.05K","-0.63%"
"11/23/2016","47513.75","47490.00","48189.60","46560.00","14.32K","+1.21%"
"11/22/2016","46947.20","46860.00","47467.75","46451.00","16.52K","+0.59%"
"11/21/2016","46672.35","49109.00","49500.00","46501.00","13.86K","-4.91%"
"11/18/2016","49080.50","49800.00","50078.50","48889.80","14.11K","-1.60%"
"11/17/2016","49876.90","50712.00","51250.00","49501.20","11.12K","-1.33%"
"11/16/2016","50548.45","51004.90","51700.00","50360.00","13.31K","+0.88%"
"11/15/2016","50108.30","52540.00","53050.00","49768.20","24.84K","-4.70%"
"11/11/2016","52576.90","53149.10","53357.90","52010.40","15.52K","-1.75%"
"11/10/2016","53515.45","52600.00","53940.00","52600.00","13.83K","+2.59%"
"11/09/2016","52166.55","48200.00","52824.00","47000.00","27.06K","+0.23%"
"11/08/2016","52046.70","51000.00","52400.00","50359.50","18.33K","+2.35%"
"11/07/2016","50851.95","50800.00","51000.00","50350.00","11.68K","+1.34%"
"11/04/2016","50179.70","50449.00","50899.00","49551.00","22.88K","-0.17%"
"11/03/2016","50264.30","49300.00","50777.00","49132.90","19.39K","+1.40%"
"11/02/2016","49569.10","49500.00","50239.55","48857.10","22.45K","-1.05%"
"11/01/2016","50095.45","48288.00","50443.00","48001.05","30.01K","+4.46%"
"10/28/2016","47955.55","46402.00","48190.00","46402.00","24.43K","+3.34%"
"10/27/2016","46403.60","49800.00","50094.50","46199.95","37.97K","-6.52%"
"10/26/2016","49638.55","50080.00","50771.00","49236.85","15.49K","-0.92%"
"10/25/2016","50100.05","50059.00","50300.00","49710.00","9.42K","+0.30%"
"10/24/2016","49949.85","50603.00","50929.00","49801.00","8.32K","-0.97%"
"10/21/2016","50438.25","50187.90","51100.00","49728.55","22.62K","+1.34%"
"10/20/2016","49770.05","50650.00","51502.05","49530.00","22.52K","-1.48%"
"10/19/2016","50518.40","51625.00","51777.00","50380.00","23.92K","-2.15%"
"10/18/2016","51627.60","50290.00","51777.00","48751.00","39.43K","+3.52%"
"10/17/2016","49873.05","52549.80","52600.00","49749.05","19.87K","-4.91%"
"10/14/2016","52449.00","53310.00","53550.00","52201.00","14.34K","-1.73%"
"10/13/2016","53371.30","53089.90","53740.00","52600.20","24.54K","+0.64%"
"10/10/2016","53034.00","53550.00","54087.15","52710.15","12.55K","-0.82%"
"10/07/2016","53471.90","54530.00","54530.00","53065.00","18.74K","-0.78%"
"10/06/2016","53892.80","54000.00","54650.00","53305.70","34.56K","+0.37%"
"10/05/2016","53693.80","51677.00","53899.00","51200.00","42.29K","+4.82%"
"10/04/2016","51226.85","52200.00","52499.00","50906.10","19.59K","-1.29%"
"10/03/2016","51894.90","51810.00","52444.00","51251.45","25.48K","+2.01%"
"09/30/2016","50872.55","48750.00","51150.00","48750.00","33.20K","+4.66%"
"09/29/2016","48605.60","50300.00","51515.45","47860.30","76.12K","-2.31%"
"09/28/2016","49753.35","46899.80","50190.00","46710.00","64.71K","+6.85%"
"09/27/2016","46562.40","45759.00","46917.85","45759.00","16.89K","+1.85%"
"09/26/2016","45715.45","45799.95","46349.00","45458.00","18.11K","-0.27%"
"09/23/2016","45841.30","44800.00","46471.75","44114.00","38.54K","+3.30%"
"09/22/2016","44375.85","44449.00","44499.00","43835.50","15.93K","+1.30%"
"09/21/2016","43806.65","43450.00","44300.00","43406.90","21.21K","+0.43%"
"09/20/2016","43620.50","43350.00","43921.00","42900.00","33.08K","+1.20%"
"09/19/2016","43101.65","40555.00","43270.00","40520.05","35.96K","+6.40%"
"09/16/2016","40507.80","41350.00","41719.95","40200.00","18.05K","-1.50%"
"09/15/2016","41124.00","40825.00","41874.70","40825.00","18.37K","+0.99%"
"09/14/2016","40722.85","39110.00","41000.00","39100.00","17.91K","+4.15%"
"09/12/2016","39100.20","39950.00","39950.00","38695.75","16.13K","-2.74%"
"09/09/2016","40201.50","40000.00","40549.85","39826.80","13.88K","+0.41%"
"09/08/2016","40035.80","39880.00","40380.00","39627.10","9.37K","+0.36%"
"09/07/2016","39893.60","39889.90","40337.00","39550.00","16.41K","+0.91%"
"09/06/2016","39535.80","39000.00","39732.50","38903.00","14.43K","+1.76%"
"09/02/2016","38852.55","37390.00","39000.00","37235.00","21.17K","+4.35%"
"09/01/2016","37231.85","37750.00","37850.00","37099.50","5.26K","-0.53%"
"08/31/2016","37431.80","37988.95","37988.95","37310.60","6.96K","-0.42%"
"08/30/2016","37591.45","37390.00","38087.95","37288.25","13.20K","+0.32%"
"08/29/2016","37471.65","36400.00","37590.10","36400.00","15.24K","+3.11%"
"08/26/2016","36339.70","36500.00","36863.35","36212.00","8.70K","-0.33%"
"08/25/2016","36458.85","36303.00","36800.00","36200.00","10.21K","+0.44%"
"08/24/2016","36300.30","35770.00","36490.00","35700.00","10.76K","+1.56%"
"08/23/2016","35744.25","35485.60","35849.95","35323.30","8.44K","+0.73%"
"08/22/2016","35485.60","36299.00","36299.90","35299.95","6.81K","-1.73%"
"08/19/2016","36110.10","36553.00","36800.00","36012.00","5.58K","-1.21%"
"08/18/2016","36553.95","36526.75","36827.95","36306.00","6.25K","+0.08%"
"08/17/2016","36525.05","36015.00","36907.50","36015.00","5.04K","+1.10%"
"08/16/2016","36126.30","36000.00","36490.50","36000.00","4.49K","-0.01%"
"08/12/2016","36129.25","36210.00","36871.85","35999.70","7.95K","-1.45%"
"08/11/2016","36660.75","36410.00","37300.00","36000.00","14.51K","-0.15%"
"08/10/2016","36716.85","37000.00","37099.95","36001.05","9.82K","-0.50%"
"08/09/2016","36902.45","37092.45","37250.00","36001.00","8.28K","-0.51%"
"08/08/2016","37092.45","37340.00","37540.00","36921.45","8.74K","+0.07%"
"08/05/2016","37068.20","35325.50","37490.00","35325.50","28.93K","+4.96%"
"08/04/2016","35315.40","34935.00","35560.00","34550.05","8.31K","+2.05%"
"08/03/2016","34605.85","34001.00","34935.00","33760.00","10.15K","+2.01%"
"08/02/2016","33922.45","33751.00","34189.25","33750.95","9.37K","+0.36%"
"08/01/2016","33799.15","33960.00","34449.00","33650.00","9.33K","-0.13%"
"07/29/2016","33844.15","34088.10","34088.10","33700.00","4.27K","-0.62%"
"07/28/2016","34053.90","34250.00","34422.25","33900.00","3.77K","+0.08%"
"07/27/2016","34026.10","33990.00","34400.00","33738.95","4.31K","+0.48%"
"07/26/2016","33862.50","34898.90","34923.90","33628.00","4.82K","-2.32%"
"07/25/2016","34668.05","34425.00","35084.10","34220.05","6.17K","+1.51%"
"07/22/2016","34153.60","34689.80","34689.80","34052.05","5.26K","-0.69%"
"07/21/2016","34389.30","35317.55","35425.00","34111.00","5.54K","-2.63%"
"07/20/2016","35317.55","35000.00","35374.80","34810.05","3.79K","+1.40%"
"07/19/2016","34829.50","34599.00","34940.00","34352.05","3.66K","+0.67%"
"07/18/2016","34599.15","34350.00","34700.00","34154.25","8.12K","+1.10%"
"07/15/2016","34221.85","34650.00","34828.00","34140.00","4.00K","-1.00%"
"07/14/2016","34567.30","34510.00","34990.00","34092.50","5.13K","+0.22%"
"07/13/2016","34490.05","35370.00","35499.95","34300.00","7.76K","-2.12%"
"07/12/2016","35238.25","35350.00","35680.00","35174.00","5.40K","-0.15%"
"07/11/2016","35292.75","35502.70","35840.05","35190.90","4.30K","-0.28%"
"07/08/2016","35391.10","35231.00","35470.00","35000.00","6.31K","+0.45%"
"07/07/2016","35231.25","34944.90","35400.00","34826.40","7.61K","+1.40%"
"07/05/2016","34746.20","35000.10","35199.90","34501.00","10.17K","-1.14%"
"07/04/2016","35146.60","33699.00","35229.00","33699.00","15.05K","+4.43%"
"07/01/2016","33656.65","33077.65","33900.00","33050.00","7.30K","+1.75%"
"06/30/2016","33077.65","33740.00","33740.00","32850.95","15.79K","-1.32%"
"06/29/2016","33519.20","33298.00","33673.55","32900.00","15.10K","+1.75%"
"06/28/2016","32941.90","32200.00","33150.00","31900.00","8.77K","+3.36%"
"06/27/2016","31870.95","31340.00","31977.95","31144.20","2.86K","+1.77%"
"06/24/2016","31317.25","31499.00","31500.00","30101.00","5.84K","-1.14%"
"06/23/2016","31676.90","31740.00","31844.90","31500.00","4.28K","-0.13%"
"06/22/2016","31718.75","31874.75","32150.95","31500.00","4.15K","-0.40%"
"06/21/2016","31844.90","32378.00","32424.00","31702.00","3.80K","-1.25%"
"06/20/2016","32246.95","31330.00","32350.00","31021.00","9.13K","+2.92%"
"06/17/2016","31332.25","31750.00","31848.00","31251.05","5.24K","-0.83%"
"06/16/2016","31595.20","31750.00","31825.00","31517.00","5.18K","-0.22%"
"06/15/2016","31663.65","31985.00","32200.00","31550.55","5.61K","-0.81%"
"06/14/2016","31923.20","32000.00","32300.00","31890.00","3.64K","-0.19%"
"06/13/2016","31982.65","32000.00","32192.95","31901.65","3.87K","-0.67%"
"06/10/2016","32197.05","32550.00","32640.00","32085.00","4.48K","-1.07%"
"06/09/2016","32546.45","32700.00","32799.95","32500.00","2.25K","-0.20%"
"06/08/2016","32612.25","33319.90","33319.90","32523.00","5.16K","-1.22%"
"06/07/2016","33013.50","33400.00","33456.70","32790.00","3.40K","-0.75%"
"06/06/2016","33262.40","33500.00","33551.50","33150.00","1.43K","-0.49%"
"06/03/2016","33427.65","33679.90","33679.90","33290.00","3.98K","+0.01%"
"06/02/2016","33425.60","33305.00","33593.00","33101.00","3.93K","+0.25%"
"06/01/2016","33341.95","33700.00","33879.00","33200.00","2.86K","-1.28%"
"05/31/2016","33774.45","33575.85","33999.90","33301.10","5.85K","+0.98%"
"05/30/2016","33447.90","33719.00","33840.00","33222.10","2.88K","-0.28%"
"05/27/2016","33542.20","32700.00","33725.00","32652.05","7.92K","+3.04%"
"05/26/2016","32553.05","32000.00","32888.00","31913.55","8.84K","+1.84%"
"05/25/2016","31965.40","31400.00","32070.00","31200.00","6.20K","+2.57%"
"05/24/2016","31164.45","31790.00","31850.00","31002.00","10.56K","-1.95%"
"05/23/2016","31783.80","32205.00","32354.95","31720.00","5.30K","-0.69%"
"05/20/2016","32005.80","32579.20","32699.00","31928.00","5.33K","-1.76%"
"05/19/2016","32579.20","32800.00","32930.70","32400.00","4.67K","-0.90%"
"05/18/2016","32874.40","32820.00","33100.00","32655.00","5.23K","+0.20%"
"05/17/2016","32810.20","33033.30","33229.95","32739.35","3.29K","-0.67%"
"05/16/2016","33031.00","33000.00","33156.10","32610.00","5.10K","+0.38%"
"05/13/2016","32907.05","33297.00","33500.00","32850.00","3.90K","-1.17%"
"05/12/2016","33297.40","32805.00","33390.00","32600.05","9.34K","+1.37%"
"05/11/2016","32848.15","33290.00","33296.55","32669.00","8.08K","-1.46%"
"05/10/2016","33333.40","33787.00","33844.00","33215.00","7.77K","-1.05%"
"05/09/2016","33687.10","33701.20","33989.95","33600.10","5.05K","-0.16%"
"05/06/2016","33742.05","33880.00","33880.00","33400.00","3.87K","-0.28%"
"05/05/2016","33835.90","33929.90","33972.15","33650.00","3.69K","+0.36%"
"05/04/2016","33715.05","33450.00","34095.60","33300.00","9.25K","+0.84%"
"05/03/2016","33434.90","34500.00","34944.35","33201.00","31.80K","-2.20%"
"05/02/2016","34187.00","33755.00","34750.00","33750.00","8.83K","+1.18%"
"04/29/2016","33787.75","34350.00","34350.00","33555.45","10.27K","-0.95%"
"04/28/2016","34113.10","34990.00","35135.00","34000.05","11.11K","-1.94%"
"04/27/2016","34786.25","35721.00","35846.95","34630.00","8.96K","-2.62%"
"04/26/2016","35721.05","35500.00","35944.00","35400.00","3.04K","+0.89%"
"04/25/2016","35404.90","35500.00","35809.20","35150.00","6.14K","-0.39%"
"04/22/2016","35541.95","36000.00","36099.00","35414.05","5.82K","-1.31%"
"04/21/2016","36012.80","36940.00","37018.95","35800.00","5.22K","-2.18%"
"04/20/2016","36816.25","36850.00","37198.00","36700.00","4.64K","+0.21%"
"04/18/2016","36740.00","36300.00","36928.00","36141.00","4.19K","+0.39%"
"04/13/2016","36595.80","36974.00","37000.00","36301.00","11.22K","+0.90%"
"04/12/2016","36269.75","35870.00","36649.95","35870.00","9.78K","+1.31%"
"04/11/2016","35800.70","35500.10","35990.00","35136.90","4.80K","+0.94%"
"04/08/2016","35468.25","35707.45","36089.90","35313.80","5.44K","-0.90%"
"04/07/2016","35791.05","36300.00","36532.00","35600.00","3.57K","-1.06%"
"04/06/2016","36174.65","35799.90","36600.00","35799.90","5.80K","+1.21%"
"04/05/2016","35742.15","36800.00","37209.15","35502.00","7.38K","-2.99%"
"04/04/2016","36844.65","37700.00","37700.00","36730.00","4.16K","-1.10%"
"04/01/2016","37255.05","38249.95","38249.95","37110.10","5.48K","-2.72%"
"03/31/2016","38296.75","38044.00","39000.00","37859.95","14.03K","+1.01%"
"03/30/2016","37912.00","36990.00","38200.10","36720.05","9.67K","+2.70%"
"03/29/2016","36915.50","36149.85","37110.05","35750.00","8.08K","+2.09%"
"03/28/2016","36159.80","35350.20","36425.00","35230.10","8.61K","+2.32%"
"03/23/2016","35340.45","34810.00","35543.95","34600.00","8.46K","+1.52%"
"03/22/2016","34810.10","34654.00","35298.95","34450.00","6.17K","+0.18%"
"03/21/2016","34747.35","34799.00","35030.05","34501.25","4.30K","+0.09%"
"03/18/2016","34716.90","33900.00","34799.00","33900.00","7.99K","+2.30%"
"03/17/2016","33936.75","33990.00","34100.05","33500.00","4.82K","+1.44%"
"03/16/2016","33454.35","34300.00","34360.00","33351.10","7.15K","-2.63%"
"03/15/2016","34356.45","34600.00","34607.60","33910.00","6.40K","-0.71%"
"03/14/2016","34601.75","34600.00","34760.00","34334.20","2.59K","+0.30%"
"03/11/2016","34499.80","34567.00","34798.95","33949.95","4.66K","+0.24%"
"03/10/2016","34415.65","34600.05","34600.10","34210.00","3.39K","+0.03%"
"03/09/2016","34405.40","34640.00","34640.00","34090.95","3.38K","-0.15%"
"03/08/2016","34455.85","34500.00","34575.00","34000.00","4.30K","+0.67%"
"03/04/2016","34226.70","34290.00","34420.00","33624.00","3.73K","+0.47%"
"03/03/2016","34066.05","34600.00","34600.00","33912.00","4.99K","+0.01%"
"03/02/2016","34063.85","34200.00","35199.90","33899.95","8.74K","+0.62%"
"03/01/2016","33854.90","33200.00","34171.20","32214.00","4.39K","+4.02%"
"02/29/2016","32547.05","32597.00","32787.45","31800.00","5.16K","+0.54%"
"02/26/2016","32371.50","32444.00","32574.50","32100.00","2.20K","+1.23%"
"02/25/2016","31977.70","33074.85","33074.85","31834.30","4.97K","-2.40%"
"02/24/2016","32764.40","33400.05","33790.00","32515.05","5.35K","-2.45%"
"02/23/2016","33589.00","33729.00","34070.00","33464.60","3.57K","-0.42%"
"02/22/2016","33729.90","33600.00","34087.45","33425.40","2.62K","+0.38%"
"02/19/2016","33602.00","33100.00","33810.00","33010.00","2.94K","+0.50%"
"02/18/2016","33435.05","33600.00","33788.70","33120.20","3.96K","+0.28%"
"02/17/2016","33342.30","33499.00","33597.45","32601.00","5.69K","+0.35%"
"02/16/2016","33227.55","33843.00","33843.05","33066.00","5.31K","-0.27%"
"02/15/2016","33317.65","32299.00","33499.40","32299.00","5.16K","+4.73%"
"02/12/2016","31811.85","33199.95","33199.95","31183.20","7.94K","-1.53%"
"02/11/2016","32304.90","33501.10","34100.00","31802.05","9.77K","-4.50%"
"02/10/2016","33825.35","34000.00","34500.70","33200.00","12.52K","+0.50%"
"02/09/2016","33656.10","33900.00","34100.00","33600.00","2.47K","-1.42%"
"02/08/2016","34140.15","34180.35","34750.00","33785.05","4.06K","-0.12%"
"02/05/2016","34180.35","33750.25","34350.00","33456.10","4.04K","+1.35%"
"02/04/2016","33725.40","34540.00","34798.90","33475.05","6.71K","-1.39%"
"02/03/2016","34201.25","34300.00","34479.40","34002.00","5.99K","-1.21%"
"02/02/2016","34618.75","34100.00","35095.00","34000.10","7.62K","+0.89%"
"02/01/2016","34313.05","35700.00","36100.00","34015.30","7.87K","-3.69%"
"01/29/2016","35626.25","35700.00","35990.50","35300.00","7.69K","-0.30%"
"01/28/2016","35732.95","36080.00","36080.00","35402.00","10.88K","-0.08%"
"01/27/2016","35761.05","36270.00","36300.00","35650.00","6.21K","-1.01%"
"01/25/2016","36125.05","36600.00","38198.95","35516.35","28.05K","-0.31%"
"01/22/2016","36236.30","35150.65","36450.00","35150.65","4.70K","+3.80%"
"01/21/2016","34909.10","35670.00","35679.95","34500.05","4.25K","-0.37%"
"01/20/2016","35040.25","36180.00","36180.00","34620.00","7.30K","-3.63%"
"01/19/2016","36362.00","36225.00","36800.00","35540.00","3.45K","+0.47%"
"01/18/2016","36193.20","37311.00","37950.00","36000.00","4.06K","-3.97%"
"01/15/2016","37688.05","38300.00","38480.00","37500.00","2.83K","-1.29%"
"01/14/2016","38179.10","38349.00","38531.05","37890.20","1.90K","-0.69%"
"01/13/2016","38443.75","39007.00","39181.75","37850.50","4.09K","-1.11%"
"01/12/2016","38875.95","39041.00","39233.55","38700.00","2.33K","-0.26%"
"01/11/2016","38978.65","38580.00","39154.50","38066.00","2.93K","+0.88%"
"01/08/2016","38638.55","39155.00","39470.85","38510.05","4.94K","-1.09%"
"01/07/2016","39066.25","40249.00","40249.00","39001.00","4.98K","-3.35%"
"01/06/2016","40419.20","40643.00","41200.05","40297.60","4.59K","-0.43%"
"01/05/2016","40593.25","40600.00","40688.00","40321.80","1.95K","+0.22%"
"01/04/2016","40505.85","40400.00","40748.00","40248.65","2.92K","-0.11%"
"01/01/2016","40552.15","40092.35","41424.65","39877.10","6.32K","+1.69%"
"12/31/2015","39877.50","39941.00","40058.75","39403.05","4.68K","+0.21%"
"12/30/2015","39792.35","39799.94","39932.00","39681.25","2.99K","+0.02%"
"12/29/2015","39784.90","39700.00","39961.25","39656.05","2.64K","+0.32%"
"12/28/2015","39659.75","39585.00","39986.00","39585.00","3.03K","+0.30%"
"12/24/2015","39539.60","39107.00","39650.00","39107.00","2.23K","+0.64%"
"12/23/2015","39287.85","39200.00","39599.90","39200.00","1.73K","+0.29%"
"12/22/2015","39175.30","39213.00","39705.40","39101.00","3.32K","-0.10%"
"12/21/2015","39213.00","38987.00","39328.44","38987.00","1.70K","+0.13%"
"12/18/2015","39162.94","39140.00","39399.90","38960.30","4.52K","+0.05%"
"12/17/2015","39143.94","38840.00","39299.00","38702.25","3.32K","+1.06%"
"12/16/2015","38732.60","38880.00","39226.10","38613.40","3.40K","-0.15%"
"12/15/2015","38790.60","38941.94","38999.90","38600.00","2.47K","+0.49%"
"12/14/2015","38602.65","39100.00","39400.00","38178.05","6.61K","-2.06%"
"12/11/2015","39414.40","39302.00","39985.00","39154.50","5.43K","-0.07%"
"12/10/2015","39443.00","39045.00","39575.00","39014.00","2.85K","+1.02%"
"12/09/2015","39045.60","39205.00","39342.35","38832.00","4.42K","-0.43%"
"12/08/2015","39215.05","39052.15","39687.00","39052.15","2.50K","+0.11%"
"12/07/2015","39171.15","39602.50","39725.00","39105.00","3.06K","-1.16%"
"12/04/2015","39630.80","39149.00","39775.00","38919.15","6.41K","+1.22%"
"12/03/2015","39151.30","39100.00","39319.65","39000.00","2.95K","-0.33%"
"12/02/2015","39281.80","39338.00","39800.05","39113.05","3.41K","+0.11%"
"12/01/2015","39237.40","39090.00","39479.44","38600.00","4.46K","+0.96%"
"11/30/2015","38866.10","39333.00","39642.75","38810.00","5.87K","-1.43%"
"11/27/2015","39430.75","38860.50","39740.00","38860.50","7.57K","+1.98%"
"11/26/2015","38664.69","39200.00","39299.90","38491.25","26.50K","-0.74%"
"11/24/2015","38953.60","39100.00","39459.75","38852.00","3.02K","-0.56%"
"11/23/2015","39174.40","39101.00","39690.00","39073.40","2.48K","-0.53%"
"11/20/2015","39381.90","39349.85","39549.00","39000.00","3.63K","+0.12%"
"11/19/2015","39333.05","39147.00","39599.00","39100.00","4.34K","+1.03%"
"11/18/2015","38932.10","39539.00","39881.44","38800.05","7.36K","-1.51%"
"11/17/2015","39530.05","38240.00","39949.00","38134.44","11.20K","+3.98%"
"11/16/2015","38017.75","38416.50","38599.94","37800.00","6.27K","-0.94%"
"11/13/2015","38377.94","38000.00","38500.00","37777.10","5.89K","+0.41%"
"11/11/2015","38222.65","38400.00","38698.00","38100.00","1.02K","+0.31%"
"11/10/2015","38102.85","39000.00","39197.94","38020.00","4.76K","-2.22%"
"11/09/2015","38966.69","38000.00","39339.94","37734.69","5.26K","+1.18%"
"11/06/2015","38512.35","38355.00","38888.00","38200.00","13.96K","-0.11%"
"11/05/2015","38556.40","39174.00","39174.00","38340.00","6.63K","-1.19%"
"11/04/2015","39019.85","40050.00","40050.00","38900.50","8.20K","-1.79%"
"11/03/2015","39731.60","39744.00","40200.00","39510.00","5.74K","+0.95%"
"11/02/2015","39358.80","39888.00","39888.00","39111.00","7.44K","-0.99%"
"10/30/2015","39751.40","40675.00","41047.50","39510.00","13.08K","-2.23%"
"10/29/2015","40659.85","41370.00","42244.95","40501.00","54.27K","-1.43%"
"10/28/2015","41248.05","41300.00","41990.00","41105.10","5.29K","-0.79%"
"10/27/2015","41578.40","42070.00","42240.05","41500.00","8.80K","-1.56%"
"10/26/2015","42237.20","42700.00","42887.70","42063.00","6.70K","-0.92%"
"10/23/2015","42631.10","42302.00","42898.00","42302.00","5.71K","+0.96%"
"10/21/2015","42225.85","42026.60","42379.00","42026.60","4.67K","+0.13%"
"10/20/2015","42172.90","42070.00","42587.95","41900.00","5.94K","+0.62%"
"10/19/2015","41914.80","42060.00","42060.00","41666.10","4.30K","+0.21%"
"10/16/2015","41825.10","41951.00","42330.00","41720.19","5.78K","-0.06%"
"10/15/2015","41848.90","41300.00","42147.00","41300.00","5.49K","+1.44%"
"10/14/2015","41254.75","41279.94","41480.00","41050.00","4.73K","+0.18%"
"10/13/2015","41180.50","41397.60","41464.00","40949.94","5.71K","+0.18%"
"10/12/2015","41104.65","41410.00","41575.00","40797.90","9.87K","-0.65%"
"10/09/2015","41373.80","41930.05","42590.00","41220.00","9.34K","-1.25%"
"10/08/2015","41895.90","42650.00","42830.00","41580.05","9.06K","-1.62%"
"10/07/2015","42587.80","42550.00","42969.95","42400.00","5.10K","+0.09%"
"10/06/2015","42549.65","43100.05","43500.00","42455.60","10.76K","-0.77%"
"10/05/2015","42877.75","41724.90","43562.00","41618.00","14.41K","+3.00%"
"10/01/2015","41629.85","42000.00","42225.00","41400.15","5.42K","-0.73%"
"09/30/2015","41935.94","41998.00","42185.00","41651.00","6.59K","+0.87%"
"09/29/2015","41574.05","40700.00","42068.00","40700.00","7.60K","+0.80%"
"09/28/2015","41242.94","41600.00","41990.00","41009.44","6.62K","-0.05%"
"09/24/2015","41262.19","40999.90","41544.00","40872.80","7.71K","+0.80%"
"09/23/2015","40935.44","40759.00","41228.40","40520.10","6.39K","-1.22%"
"09/22/2015","41442.55","41420.00","41799.00","40866.00","21.20K","+0.06%"
"09/21/2015","41418.75","40299.00","41580.00","39810.00","16.37K","+3.12%"
"09/18/2015","40166.50","40187.00","40500.00","40017.60","9.29K","+0.73%"
"09/16/2015","39873.44","40261.00","40520.00","39500.00","12.67K","-0.34%"
"09/15/2015","40008.30","40650.00","41199.00","39849.90","10.43K","-1.98%"
"09/14/2015","40815.60","40540.44","41000.00","40152.40","6.42K","+0.69%"
"09/11/2015","40536.19","40800.00","41546.65","40001.05","9.77K","-0.19%"
"09/10/2015","40614.00","38731.00","40800.00","38501.05","16.59K","+2.75%"
"09/09/2015","39526.65","39560.00","40178.35","39220.00","7.51K","+0.50%"
"09/08/2015","39328.60","38000.00","39547.50","37689.30","11.75K","+3.48%"
"09/07/2015","38005.19","38680.00","38927.60","37768.00","7.88K","-1.74%"
"09/04/2015","38678.10","40050.00","40051.00","38450.00","17.02K","-3.93%"
"09/03/2015","40258.75","40325.00","40769.94","40150.00","9.44K","-0.01%"
"09/02/2015","40263.35","39858.00","40544.30","39656.05","12.23K","+1.46%"
"09/01/2015","39684.50","40199.00","40237.75","39020.19","18.61K","-1.75%"
"08/31/2015","40392.19","41007.60","41449.00","39888.00","7.63K","-1.50%"
"08/28/2015","41007.60","41550.00","41749.90","40699.00","16.89K","+0.24%"
"08/27/2015","40907.85","40500.00","41500.00","40500.00","17.19K","+2.09%"
"08/26/2015","40069.75","39900.00","40549.69","38822.60","24.50K","+0.47%"
"08/25/2015","39882.80","39880.00","40250.00","36679.05","30.12K","+2.82%"
"08/24/2015","38788.94","42700.00","42700.00","38000.19","24.95K","-10.60%"
"08/21/2015","43388.60","43200.00","43603.05","41800.00","13.18K","-0.13%"
"08/20/2015","43446.25","44074.00","44671.55","43210.00","12.19K","-1.38%"
"08/19/2015","44053.80","44266.00","44500.00","43651.10","13.20K","-0.19%"
"08/18/2015","44138.10","42942.90","44398.00","42671.10","13.43K","+3.62%"
"08/17/2015","42597.45","42600.00","43189.05","42200.00","9.37K","+0.07%"
"08/14/2015","42567.65","42088.00","42920.00","42030.00","13.38K","+1.70%"
"08/13/2015","41854.25","41690.00","42640.40","41591.94","13.04K","+0.81%"
"08/12/2015","41518.94","42000.00","42290.00","41301.00","17.46K","-2.40%"
"08/11/2015","42540.95","44420.00","44600.00","41250.00","23.91K","-4.43%"
"08/10/2015","44510.75","44901.00","45325.60","44250.00","9.67K","-0.92%"
"08/07/2015","44922.40","44801.00","45499.00","44621.05","18.02K","+0.35%"
"08/06/2015","44764.75","45384.00","45444.00","44590.00","13.22K","-1.37%"
"08/05/2015","45384.65","45699.90","46399.00","44952.00","31.50K","-0.69%"
"08/04/2015","45699.90","42699.00","46079.95","42500.00","51.03K","+7.39%"
"08/03/2015","42554.70","41399.94","42750.00","40910.00","29.75K","+4.20%"
"07/31/2015","40839.25","39550.00","41179.94","39240.00","16.85K","+3.65%"
"07/30/2015","39402.69","39777.00","39809.94","39256.00","7.53K","-0.26%"
"07/29/2015","39504.85","39445.00","39800.00","39301.00","10.51K","+0.56%"
"07/28/2015","39286.10","39387.00","39570.90","38911.05","14.64K","+0.77%"
"07/27/2015","38986.10","38700.00","40100.00","38001.00","66.49K","+1.18%"
"07/24/2015","38531.55","38155.30","39199.94","38155.30","22.73K","+1.15%"
"07/23/2015","38094.25","36524.94","38299.94","36524.94","19.86K","+4.77%"
"07/22/2015","36358.44","36299.85","36546.94","36200.00","6.33K","+0.56%"
"07/21/2015","36154.85","36580.00","36845.00","36011.25","8.27K","-1.21%"
"07/20/2015","36598.50","36370.00","36750.00","36206.10","6.50K","+1.05%"
"07/17/2015","36217.69","36199.00","36399.00","36110.00","8.25K","+0.32%"
"07/16/2015","36101.30","35900.00","36268.00","35600.00","7.77K","+1.28%"
"07/15/2015","35646.80","35600.00","35888.00","35520.00","6.46K","+0.45%"
"07/14/2015","35486.10","35948.85","35948.85","35350.00","5.50K","-0.64%"
"07/13/2015","35714.50","35400.00","35790.00","34851.30","10.80K","+1.46%"
"07/10/2015","35199.85","35299.00","35600.00","35080.94","4.55K","+0.10%"
"07/09/2015","35166.30","34999.00","35500.00","34999.00","6.62K","+0.68%"
"07/08/2015","34928.05","35100.00","35350.00","34699.94","7.93K","-0.50%"
"07/07/2015","35102.19","35000.00","35500.65","34837.00","10.00K","+0.76%"
"07/06/2015","34837.60","34000.00","34939.94","33787.44","6.11K","-0.07%"
"07/03/2015","34860.80","35000.00","35198.00","34660.05","5.85K","+0.15%"
"07/02/2015","34807.90","34850.00","35235.00","34693.85","9.76K","+0.15%"
"07/01/2015","34756.35","34199.00","35170.00","34031.15","13.24K","+1.54%"
"06/30/2015","34230.85","33000.00","34400.05","32920.25","8.84K","+3.01%"
"06/29/2015","33229.44","33300.00","33500.00","32600.95","7.18K","-1.52%"
"06/26/2015","33742.65","33780.00","33970.00","33500.00","6.29K","-0.05%"
"06/25/2015","33760.35","33600.50","34030.00","33500.00","9.51K","-0.14%"
"06/24/2015","33807.50","34227.00","34549.00","33565.15","5.74K","-1.23%"
"06/23/2015","34227.44","33850.00","34440.00","33814.00","12.20K","+1.23%"
"06/22/2015","33811.50","33300.00","33950.00","32900.00","9.40K","+1.76%"
"06/19/2015","33225.35","33000.05","33673.40","33000.05","5.97K","+0.66%"
"06/18/2015","33006.35","33150.00","33350.00","32810.00","4.86K","-0.08%"
"06/17/2015","33032.55","32446.55","33534.94","32446.55","14.04K","+1.95%"
"06/16/2015","32401.25","32200.00","32490.00","31901.00","5.57K","+0.57%"
"06/15/2015","32219.15","31910.10","32490.30","31502.05","7.45K","+1.07%"
"06/12/2015","31878.05","31995.00","32149.90","31360.00","8.51K","+0.07%"
"06/11/2015","31856.40","33535.00","33750.00","31680.00","14.73K","-4.29%"
"06/10/2015","33285.15","33000.00","33475.15","32900.00","9.22K","+1.59%"
"06/09/2015","32765.30","33715.00","34059.00","32502.00","10.19K","-3.15%"
"06/08/2015","33832.35","34353.40","34399.00","33761.00","4.93K","-1.52%"
"06/05/2015","34353.40","34500.00","34785.94","34200.00","3.94K","-1.02%"
"06/04/2015","34706.75","34899.00","34999.90","34000.00","7.35K","-0.12%"
"06/03/2015","34748.90","34799.00","34989.00","33879.94","8.63K","+0.39%"
"06/02/2015","34613.30","36150.00","36199.00","34343.00","9.30K","-3.93%"
"06/01/2015","36029.30","36200.00","36380.00","35860.50","5.40K","+0.43%"
"05/29/2015","35874.30","35310.00","36002.00","35310.00","7.51K","+1.39%"
"05/28/2015","35381.69","35750.00","36000.00","35280.00","6.44K","-1.01%"
"05/27/2015","35740.94","35590.00","35946.94","35118.35","7.33K","+0.51%"
"05/26/2015","35559.10","35800.00","35980.00","35501.00","4.58K","-0.04%"
"05/25/2015","35572.25","35675.00","36100.00","35500.00","6.35K","-0.29%"
"05/22/2015","35675.50","35991.00","36001.00","35580.05","5.13K","-0.24%"
"05/21/2015","35762.85","36090.00","36270.00","35645.00","6.13K","-0.44%"
"05/20/2015","35922.00","36351.00","36534.94","35656.00","10.33K","-0.82%"
"05/19/2015","36219.69","37100.00","37277.55","36001.10","11.90K","-2.60%"
"05/18/2015","37187.25","36450.00","37350.00","36450.00","10.93K","+1.85%"
"05/15/2015","36513.55","36687.00","36800.00","36300.00","5.53K","+0.17%"
"05/14/2015","36452.25","36589.00","36589.00","35400.00","8.30K","+0.86%"
"05/13/2015","36140.55","35550.00","36330.00","35261.00","11.07K","+2.08%"
"05/12/2015","35402.65","36705.00","36848.94","35205.55","7.86K","-3.58%"
"05/11/2015","36715.50","36102.00","36873.44","36011.15","8.45K","+2.26%"
"05/08/2015","35902.44","35288.00","36150.00","35286.94","7.34K","+2.57%"
"05/07/2015","35003.10","36299.85","36300.05","34702.00","18.14K","-3.69%"
"05/06/2015","36345.69","37690.00","37850.00","36160.90","10.91K","-4.06%"
"05/05/2015","37881.80","37813.00","38098.90","37640.44","4.73K","+0.18%"
"05/04/2015","37813.30","37000.00","37950.00","36801.00","11.18K","+3.13%"
"04/30/2015","36664.15","36924.00","37089.00","36402.15","16.10K","-0.98%"
"04/29/2015","37025.60","37350.00","37625.00","36880.00","9.52K","-0.78%"
"04/28/2015","37315.15","37185.55","38049.94","36675.05","18.75K","+0.45%"
"04/27/2015","37148.25","38900.00","39199.90","37000.00","13.35K","-4.61%"
"04/24/2015","38944.55","40255.00","40388.00","38701.05","20.82K","-2.67%"
"04/23/2015","40014.25","38980.00","40609.00","38950.50","49.52K","+3.29%"
"04/22/2015","38739.90","39389.00","39499.00","38201.50","13.94K","-0.84%"
"04/21/2015","39068.40","40000.00","40332.94","38925.10","10.45K","-2.11%"
"04/20/2015","39911.55","41390.00","41390.00","39753.05","8.57K","-2.69%"
"04/17/2015","41014.44","41684.25","41884.60","40700.05","6.62K","-1.31%"
"04/16/2015","41559.55","41501.00","41740.00","41009.65","5.89K","-0.00%"
"04/15/2015","41561.05","41950.00","41979.95","41405.05","4.89K","-0.70%"
"04/13/2015","41856.10","41499.00","41990.00","41300.00","8.46K","+1.28%"
"04/10/2015","41326.90","40900.00","41450.00","40450.15","8.44K","+1.21%"
"04/09/2015","40831.25","40940.00","41109.90","40500.05","6.55K","-0.08%"
"04/08/2015","40865.15","40924.00","41093.00","40550.00","7.30K","+0.62%"
"04/07/2015","40612.19","39850.00","40753.69","39547.30","9.17K","+1.81%"
"04/06/2015","39891.35","39986.00","40080.00","39516.10","4.78K","+0.85%"
"04/01/2015","39557.00","38850.00","39660.40","38405.30","7.71K","+2.08%"
"03/31/2015","38750.65","38999.00","39450.00","38551.50","9.71K","-0.20%"
"03/30/2015","38829.60","37965.00","39134.90","37850.00","8.71K","+3.10%"
"03/27/2015","37661.90","38000.00","38000.00","36908.30","7.68K","+1.38%"
"03/26/2015","37150.50","37400.00","37549.00","37003.30","10.75K","-1.22%"
"03/25/2015","37610.94","38010.00","38010.00","37350.00","12.64K","-0.27%"
"03/24/2015","37714.00","38510.00","38999.00","37586.90","9.23K","-1.97%"
"03/23/2015","38471.90","40000.00","40196.15","38065.05","10.31K","-3.56%"
"03/20/2015","39891.05","40400.00","40594.75","39697.05","5.93K","-1.01%"
"03/19/2015","40298.30","41178.60","41178.60","40150.00","6.39K","-0.63%"
"03/18/2015","40555.10","40695.00","40763.94","40313.00","4.38K","+0.24%"
"03/17/2015","40459.69","40299.00","40700.00","40003.00","5.40K","+0.74%"
"03/16/2015","40160.94","40300.00","40499.35","39698.10","10.67K","-0.20%"
"03/13/2015","40241.44","41784.00","41840.00","40100.00","10.04K","-3.38%"
"03/12/2015","41651.25","41550.00","41850.00","41429.00","6.05K","+0.48%"
"03/11/2015","41451.75","41350.00","41924.00","41201.80","6.07K","+0.46%"
"03/10/2015","41262.25","41423.94","41547.69","41149.05","7.05K","+0.48%"
"03/09/2015","41065.35","41500.00","41500.00","40912.35","4.42K","-1.37%"
"03/05/2015","41634.19","41448.00","41940.00","41204.35","7.06K","+0.75%"
"03/04/2015","41323.90","41474.90","42149.00","41160.00","9.60K","-1.55%"
"03/03/2015","41975.20","42300.00","42365.85","41750.60","10.02K","-0.74%"
"03/02/2015","42286.20","41305.00","42474.90","40787.05","17.51K","+2.63%"
"02/27/2015","41200.75","40048.00","41450.00","40000.00","13.16K","+3.43%"
"02/26/2015","39833.80","40950.00","40998.00","39551.19","18.10K","-2.64%"
"02/25/2015","40912.30","40800.00","41130.10","40710.65","7.82K","+0.09%"
"02/24/2015","40874.69","40640.00","41180.00","40488.90","6.54K","+0.80%"
"02/23/2015","40550.75","40949.00","41158.00","40420.00","5.92K","-0.96%"
"02/20/2015","40945.75","41349.00","41349.00","40638.65","7.55K","-0.42%"
"02/19/2015","41119.00","41687.00","41687.00","40330.00","9.76K","-0.79%"
"02/18/2015","41445.94","41199.00","41700.00","40670.35","10.47K","+1.10%"
"02/16/2015","40994.65","40750.00","41470.00","40566.00","15.54K","+1.01%"
"02/13/2015","40585.50","41540.00","41782.00","40250.10","26.12K","-0.42%"
"02/12/2015","40755.25","38290.00","41664.94","38000.00","59.60K","+7.60%"
"02/11/2015","37877.25","37199.00","38048.00","37000.00","15.30K","+3.35%"
"02/10/2015","36648.94","37496.00","38299.00","35520.00","17.12K","-1.72%"
"02/09/2015","37290.10","38849.90","38849.90","37111.00","9.43K","-3.98%"
"02/06/2015","38837.40","39850.00","39974.00","38500.00","7.89K","-2.24%"
"02/05/2015","39729.10","40150.00","40268.00","39650.00","4.24K","-0.82%"
"02/04/2015","40056.30","40674.00","40850.00","39700.00","8.19K","-1.40%"
"02/03/2015","40623.40","40397.00","41150.00","40253.55","16.97K","+1.01%"
"02/02/2015","40218.25","40000.00","40480.00","39900.05","7.55K","+0.45%"
"01/30/2015","40036.90","40000.00","40290.00","39651.00","7.73K","+0.34%"
"01/29/2015","39901.50","39900.00","40100.00","39599.00","8.40K","+0.43%"
"01/28/2015","39729.55","40049.00","40307.00","39501.50","9.46K","-0.54%"
"01/27/2015","39944.60","39005.00","40250.00","38801.44","20.52K","+3.14%"
"01/23/2015","38728.15","39550.00","39599.00","38420.00","10.57K","-1.07%"
"01/22/2015","39146.55","38999.00","39485.55","38959.00","10.23K","+0.63%"
"01/21/2015","38902.65","39540.00","39679.94","38800.05","8.90K","-1.55%"
"01/20/2015","39513.19","39700.00","39980.00","39400.10","15.52K","+0.04%"
"01/19/2015","39496.10","38925.00","39950.00","38925.00","17.57K","+0.85%"
"01/16/2015","39161.75","38400.00","39874.05","38140.00","24.08K","+2.19%"
"01/15/2015","38321.40","38460.35","38798.00","38011.15","11.45K","+0.23%"
"01/14/2015","38235.35","38180.00","38388.00","37925.85","8.68K","+0.17%"
"01/13/2015","38170.10","38150.00","38400.00","38002.35","9.24K","+0.20%"
"01/12/2015","38094.44","37799.00","38300.00","37611.00","11.59K","+1.03%"
"01/09/2015","37707.25","38400.00","38489.50","37500.00","11.07K","-0.97%"
"01/08/2015","38076.50","37790.00","38200.00","37712.55","13.46K","+1.86%"
"01/07/2015","37381.05","37499.00","37724.94","37011.00","10.79K","-0.21%"
"01/06/2015","37460.00","38350.00","38350.00","37350.00","15.73K","-2.64%"
"01/05/2015","38477.30","38299.00","39390.00","38000.00","38.18K","+0.75%"
"01/02/2015","38192.25","38150.00","38400.00","37981.00","11.10K","+0.56%"
"01/01/2015","37981.35","37950.00","38320.00","37848.35","9.60K","+0.17%"
"12/31/2014","37918.55","37923.80","38455.10","37531.90","14.57K","-0.01%"
"12/30/2014","37923.80","38411.00","38650.00","37800.00","16.38K","-1.28%"
"12/29/2014","38414.45","36719.90","38490.00","36501.00","30.91K","+5.41%"
"12/26/2014","36442.95","36499.00","37271.35","36210.00","7.36K","+0.71%"
"12/24/2014","36186.45","36999.00","37250.00","35786.00","28.00K","-2.03%"
"12/23/2014","36935.65","37540.00","37698.00","36820.20","11.74K","-1.43%"
"12/22/2014","37472.65","38005.00","38196.95","37223.95","12.18K","-1.05%"
"12/19/2014","37871.15","37599.00","38314.00","36700.00","18.89K","+1.95%"
"12/18/2014","37146.20","35940.00","37351.00","35653.45","21.61K","+4.46%"
"12/17/2014","35561.25","37000.10","37300.00","34565.10","27.54K","-4.43%"
"12/16/2014","37210.95","37514.00","37899.00","37025.00","12.11K","-1.77%"
"12/15/2014","37880.15","37400.00","38062.70","37369.90","11.31K","+0.35%"
"12/12/2014","37747.40","37900.00","38176.00","37399.95","12.66K","+0.19%"
"12/11/2014","37674.80","37453.00","38024.95","36535.05","21.43K","+1.21%"
"12/10/2014","37224.20","37070.00","37568.00","36798.25","13.63K","+0.41%"
"12/09/2014","37073.25","37879.90","38180.00","36418.00","23.16K","-2.00%"
"12/08/2014","37831.65","38150.00","38640.00","37400.00","19.85K","-0.58%"
"12/05/2014","38051.90","37900.00","38623.05","37719.05","21.19K","+1.16%"
"12/04/2014","37615.25","37780.00","39499.00","37250.20","73.54K","+0.32%"
"12/03/2014","37496.00","34330.00","37697.00","34225.10","60.69K","+9.38%"
"12/02/2014","34281.45","33699.00","34400.00","33450.00","17.39K","+2.23%"
"12/01/2014","33532.75","33601.10","33849.95","33470.00","7.84K","-0.03%"
"11/28/2014","33543.70","33298.00","33980.00","33200.05","15.03K","+1.18%"
"11/27/2014","33151.20","33400.00","33675.00","32880.00","24.60K","+0.49%"
"11/26/2014","32989.70","31860.00","33379.95","31725.00","47.45K","+4.02%"
"11/25/2014","31714.25","31990.00","32178.90","31520.00","7.21K","-0.65%"
"11/24/2014","31921.70","31700.10","32222.05","31700.10","6.21K","+0.78%"
"11/21/2014","31676.05","31950.00","32050.00","31600.00","7.48K","-1.15%"
"11/20/2014","32044.90","32271.55","32300.00","31700.05","5.40K","-0.16%"
"11/19/2014","32095.80","32798.85","33049.80","31666.00","11.76K","-1.60%"
"11/18/2014","32618.00","32663.00","33400.00","32440.00","6.95K","-0.01%"
"11/17/2014","32621.20","32679.80","32770.00","32210.00","6.34K","+0.82%"
"11/14/2014","32355.25","32260.00","32606.40","32215.65","7.44K","+0.34%"
"11/13/2014","32244.75","32499.90","32500.00","32050.50","5.32K","-0.13%"
"11/12/2014","32286.10","32675.00","33390.00","32145.35","31.38K","-1.07%"
"11/11/2014","32634.55","32450.00","32700.00","32245.00","6.16K","+0.78%"
"11/10/2014","32380.85","32299.00","32741.00","32203.20","6.45K","+0.14%"
"11/07/2014","32336.30","32590.00","32667.00","32101.00","5.10K","-0.29%"
"11/05/2014","32428.80","31555.00","32720.00","31555.00","13.32K","+1.89%"
"11/03/2014","31828.25","31450.00","32029.95","31320.05","9.88K","+1.64%"
"10/31/2014","31315.65","30999.00","31774.00","30952.00","8.71K","+1.35%"
"10/30/2014","30897.20","31100.00","31298.00","30775.00","26.33K","-0.56%"
"10/29/2014","31071.45","31151.10","31258.00","30922.20","5.19K","+0.01%"
"10/28/2014","31067.25","30712.00","31239.90","30674.00","6.87K","+1.06%"
"10/27/2014","30742.50","30949.00","31000.00","30610.00","5.71K","-0.47%"
"10/23/2014","30887.75","30988.00","30988.00","30800.10","1.27K","+0.46%"
"10/22/2014","30747.80","30840.00","30900.00","30633.95","4.15K","+0.37%"
"10/21/2014","30634.15","30266.05","30960.00","30222.00","12.11K","+1.30%"
"10/20/2014","30240.05","30933.00","30933.00","30135.00","5.42K","-0.27%"
"10/17/2014","30323.20","30301.00","30900.00","30113.00","6.91K","-0.52%"
"10/16/2014","30482.90","31209.00","31575.00","30132.75","12.14K","-2.35%"
"10/14/2014","31217.45","31899.00","32000.00","31011.10","10.00K","-1.41%"
"10/13/2014","31662.90","31540.00","31859.95","31533.20","6.40K","-0.04%"
"10/10/2014","31675.85","31950.00","32348.00","31586.00","9.99K","-0.94%"
"10/09/2014","31977.45","32220.00","32397.85","31935.05","6.86K","-0.35%"
"10/08/2014","32090.35","31830.00","32282.00","31656.00","10.93K","+0.74%"
"10/07/2014","31853.30","31798.00","32285.00","31499.65","15.96K","+0.57%"
"10/01/2014","31674.25","32650.25","32900.05","31550.00","18.46K","-3.08%"
"09/30/2014","32681.95","30950.00","32880.00","30868.55","37.94K","+5.30%"
"09/29/2014","31036.05","30800.00","31190.00","30708.25","8.36K","+0.94%"
"09/26/2014","30745.70","31050.00","31400.00","29848.00","18.57K","-0.70%"
"09/25/2014","30963.30","31261.00","31608.00","30850.00","12.50K","-1.20%"
"09/24/2014","31340.60","31012.00","31470.05","30701.00","11.63K","+1.17%"
"09/23/2014","30977.15","31660.00","31850.00","30900.00","14.43K","-1.97%"
"09/22/2014","31601.25","31599.00","31950.00","31337.00","11.23K","-0.46%"
"09/19/2014","31748.50","31570.00","32120.05","31450.00","16.04K","+0.71%"
"09/18/2014","31523.70","31101.00","31739.75","31005.00","18.56K","+0.69%"
"09/17/2014","31307.00","30695.00","31440.00","30013.00","31.29K","+3.35%"
"09/16/2014","30292.00","31570.00","32098.70","30150.00","32.15K","-3.61%"
"09/15/2014","31426.75","31133.00","31849.85","31010.05","18.24K","+0.78%"
"09/12/2014","31184.90","31001.00","31774.90","31001.00","20.48K","-0.24%"
"09/11/2014","31260.40","31200.00","31700.00","31010.00","33.97K","+0.65%"
"09/10/2014","31058.80","29897.00","31513.85","29701.00","47.83K","+3.85%"
"09/09/2014","29907.60","29735.00","30299.90","29625.00","32.10K","+1.11%"
"09/08/2014","29580.70","27170.00","31099.00","27159.70","70.85K","+8.91%"
"09/05/2014","27159.70","26730.00","27561.00","26525.00","18.62K","+1.64%"
"09/04/2014","26721.15","25578.00","27104.40","25325.05","21.79K","+4.36%"
"09/03/2014","25605.50","25600.00","25797.85","25151.05","12.64K","-0.01%"
"09/02/2014","25607.15","25201.00","25850.00","25201.00","10.61K","+1.36%"
"09/01/2014","25264.15","24114.45","25299.00","24080.00","14.55K","+5.13%"
"08/28/2014","24030.95","24013.00","24270.00","23953.15","2.56K","-0.93%"
"08/27/2014","24255.40","24112.90","24320.00","24002.05","2.91K","+0.87%"
"08/26/2014","24047.30","24005.05","24211.95","23900.00","3.07K","-0.27%"
"08/25/2014","24112.90","24325.15","24379.95","24065.00","2.87K","-0.87%"
"08/22/2014","24325.15","24250.00","24400.00","24199.25","2.58K","+0.46%"
"08/21/2014","24214.85","24165.00","24345.00","24025.00","3.65K","+0.21%"
"08/20/2014","24163.80","24299.00","24299.00","24020.05","3.21K","-0.62%"
"08/19/2014","24315.55","24050.00","24444.00","23815.15","5.65K","+0.90%"
"08/18/2014","24097.95","23300.00","24150.00","23275.05","5.53K","+3.14%"
"08/14/2014","23364.95","23300.00","23470.00","23260.00","1.70K","+0.15%"
"08/13/2014","23329.65","23360.00","23567.80","23275.00","3.87K","-0.30%"
"08/12/2014","23399.85","23336.00","23599.00","23336.00","3.67K","+0.17%"
"08/11/2014","23360.20","23795.00","23797.95","23238.00","4.76K","-0.32%"
"08/08/2014","23434.35","23504.00","23749.85","23360.00","2.87K","-0.64%"
"08/07/2014","23585.05","23484.25","23685.00","23350.05","4.19K","+0.26%"
"08/06/2014","23524.25","23555.20","23868.95","23430.00","6.89K","-1.11%"
"08/05/2014","23788.40","23626.00","23899.00","23500.00","3.55K","+0.40%"
"08/04/2014","23694.55","23280.10","23750.00","23280.10","4.99K","+1.59%"
"08/01/2014","23324.15","23265.00","23950.00","22999.95","9.11K","-0.06%"
"07/31/2014","23337.20","23600.00","23675.00","23255.75","4.99K","-1.05%"
"07/30/2014","23584.65","23551.00","23749.00","23312.00","3.68K","-0.04%"
"07/28/2014","23594.45","23725.00","23990.00","23500.00","3.64K","-0.53%"
"07/25/2014","23719.70","24089.00","24089.00","23336.60","5.95K","-0.58%"
"07/24/2014","23858.10","24499.00","24680.65","23701.20","19.60K","-1.95%"
"07/23/2014","24332.30","22999.00","24768.65","22450.00","59.16K","+5.83%"
"07/22/2014","22992.05","23399.00","23399.00","22905.00","4.35K","-0.95%"
"07/21/2014","23211.85","23335.10","23549.00","23130.05","3.48K","-0.43%"
"07/18/2014","23311.65","23099.00","23474.95","22880.00","6.29K","+0.10%"
"07/17/2014","23288.55","22700.00","23350.10","22700.00","7.54K","+2.05%"
"07/16/2014","22821.30","22460.00","22924.15","21625.00","10.09K","+4.17%"
"07/15/2014","21906.75","21655.00","21988.00","21610.00","3.13K","+1.83%"
"07/14/2014","21513.90","21617.10","21899.00","21001.00","4.22K","-0.48%"
"07/11/2014","21617.10","22500.00","22660.00","21360.05","7.70K","-3.69%"
"07/10/2014","22445.05","22801.25","23132.80","22050.00","10.26K","-1.70%"
"07/09/2014","22833.60","23001.00","23250.00","22651.05","4.56K","-0.54%"
"07/08/2014","22957.75","23750.00","23750.00","22766.00","4.28K","-2.81%"
"07/07/2014","23620.85","23750.00","23859.95","23540.00","2.19K","-0.51%"
"07/04/2014","23742.45","23970.00","23970.00","23572.60","3.61K","+0.04%"
"07/03/2014","23732.40","23875.00","24049.00","23550.00","3.47K","-0.56%"
"07/02/2014","23866.05","23750.00","24034.50","23658.85","8.72K","+0.91%"
"07/01/2014","23649.75","23699.80","23775.00","23500.00","2.94K","+0.16%"
"06/30/2014","23611.60","23199.60","23670.00","23199.60","3.79K","+1.88%"
"06/27/2014","23176.30","23340.00","23550.00","23110.50","5.17K","+0.07%"
"06/26/2014","23159.10","23580.00","23687.00","22986.95","10.63K","-1.41%"
"06/25/2014","23490.60","23521.00","23950.00","23406.00","5.33K","-1.29%"
"06/24/2014","23798.05","23601.00","24048.00","23601.00","5.50K","+0.79%"
"06/23/2014","23610.90","23300.00","23697.95","23250.00","4.89K","+1.86%"
"06/20/2014","23180.50","23263.00","23500.00","23110.05","1.92K","-0.56%"
"06/19/2014","23312.15","23332.00","23749.95","23200.00","2.69K","-0.73%"
"06/18/2014","23483.90","23400.00","23888.00","23400.00","5.12K","+0.06%"
"06/17/2014","23469.30","22801.70","23550.00","22801.70","5.18K","+2.91%"
"06/16/2014","22804.60","23250.00","23410.00","22448.95","6.49K","-2.04%"
"06/13/2014","23279.05","23800.00","24079.15","23200.00","5.08K","-2.46%"
"06/12/2014","23866.95","23784.00","24085.00","23705.60","2.88K","+0.34%"
"06/11/2014","23785.30","24265.05","24599.00","23655.00","7.48K","-1.89%"
"06/10/2014","24242.75","24560.00","24634.65","24192.95","6.13K","-1.40%"
"06/09/2014","24585.90","24150.00","24635.00","24122.00","4.14K","+1.01%"
"06/06/2014","24340.20","23900.05","24548.00","23900.05","9.63K","+2.06%"
"06/05/2014","23848.40","23012.00","23921.65","23012.00","7.36K","+3.05%"
"06/04/2014","23142.40","23189.40","23300.05","23055.10","2.06K","-0.24%"
"06/03/2014","23198.45","22985.00","23300.00","22950.00","3.63K","+0.82%"
"06/02/2014","23009.15","22506.00","23130.00","22506.00","5.10K","+1.21%"
"05/30/2014","22733.30","22710.00","22920.00","22653.05","3.76K","-0.88%"
"05/29/2014","22936.10","22800.00","23098.80","22800.00","2.55K","+0.24%"
"05/28/2014","22880.95","23020.00","23020.00","22551.00","10.58K","+0.66%"
"05/27/2014","22731.70","23098.00","23100.00","22550.00","5.54K","-1.49%"
"05/26/2014","23076.45","23200.00","23390.00","22750.05","9.20K","-0.29%"
"05/23/2014","23143.50","22850.00","23278.60","22850.00","5.09K","+1.36%"
"05/22/2014","22833.45","22542.95","23045.00","22542.00","5.56K","+1.73%"
"05/21/2014","22445.30","22769.00","22975.00","22401.00","7.87K","-1.45%"
"05/20/2014","22775.90","22905.00","23002.20","22567.30","5.19K","-0.19%"
"05/19/2014","22820.20","22161.00","23000.00","22161.00","4.63K","+2.69%"
"05/16/2014","22222.80","21950.00","22670.00","21715.00","9.59K","+2.96%"
"05/15/2014","21584.75","21902.15","22029.95","21510.00","6.65K","-1.45%"
"05/14/2014","21902.30","21409.00","22046.95","21259.00","9.20K","+2.32%"
"05/13/2014","21404.80","21675.00","21784.95","21200.00","6.13K","-0.91%"
"05/12/2014","21602.25","21450.00","21747.00","21410.05","6.91K","+0.86%"
"05/09/2014","21417.20","21290.10","21498.00","21052.00","10.44K","+0.61%"
"05/08/2014","21287.95","20632.00","21392.00","20632.00","8.07K","+2.54%"
"05/07/2014","20761.25","20605.00","20925.00","20604.50","7.79K","-0.25%"
"05/06/2014","20812.65","20642.00","20905.00","20642.00","5.22K","+0.83%"
"05/05/2014","20641.05","20677.00","20930.00","20607.00","3.46K","-0.35%"
"05/02/2014","20714.00","20575.00","20790.05","20502.50","6.70K","+0.90%"
"04/30/2014","20528.55","20678.00","20890.00","20375.00","7.58K","-0.93%"
"04/29/2014","20721.55","20735.00","20999.00","20525.00","10.51K","+0.32%"
"04/28/2014","20656.35","20399.00","20924.95","19816.10","40.88K","+1.12%"
"04/25/2014","20428.50","21500.00","22000.00","20251.00","48.38K","-5.85%"
"04/23/2014","21697.40","22088.00","22483.95","21511.00","46.68K","-2.39%"
"04/22/2014","22228.60","23600.00","25925.05","21380.00","71.89K","-5.68%"
"04/21/2014","23568.25","23773.90","23899.00","23350.00","9.14K","-0.77%"
"04/17/2014","23750.05","23450.25","23835.00","23450.25","12.91K","+1.26%"
"04/16/2014","23454.95","23400.00","23690.00","23350.00","9.29K","-0.04%"
"04/15/2014","23464.20","22850.00","23500.00","22800.05","16.26K","+2.74%"
"04/11/2014","22837.35","22200.00","22998.90","22140.00","11.52K","+3.12%"
"04/10/2014","22146.75","22599.00","22749.00","21969.95","12.29K","-1.08%"
"04/09/2014","22388.25","22305.00","22525.00","22180.00","4.26K","+0.44%"
"04/07/2014","22290.70","22326.75","22488.00","22251.00","6.47K","-0.40%"
"04/04/2014","22379.90","22222.00","22477.80","22010.00","10.54K","+0.73%"
"04/03/2014","22216.95","22399.00","22399.20","21931.00","10.45K","-0.27%"
"04/02/2014","22276.35","21910.00","22344.00","21651.25","16.00K","+2.80%"
"04/01/2014","21669.35","21810.70","21974.90","21610.00","5.42K","-0.55%"
"03/31/2014","21788.75","21685.00","21988.80","21459.15","7.96K","+1.54%"
"03/28/2014","21459.15","21350.00","21674.00","21151.00","9.98K","+1.61%"
"03/27/2014","21118.35","21701.00","22156.00","20773.35","21.14K","-3.41%"
"03/26/2014","21863.70","22239.90","22320.00","21770.00","13.01K","-1.54%"
"03/25/2014","22205.70","22294.00","22450.00","22000.00","22.25K","+0.17%"
"03/24/2014","22167.05","22518.90","22588.95","22065.00","11.34K","-0.60%"
"03/21/2014","22300.90","21351.00","22450.00","21351.00","30.47K","+3.95%"
"03/20/2014","21453.80","21585.00","21604.90","21270.60","4.63K","-0.60%"
"03/19/2014","21583.15","21670.00","21790.00","21450.05","9.29K","-0.04%"
"03/18/2014","21591.85","21095.00","21650.30","20760.50","17.09K","+3.10%"
"03/14/2014","20943.45","20700.00","21100.00","20530.00","6.70K","+1.32%"
"03/13/2014","20671.05","20850.00","20980.00","20595.00","7.73K","-0.83%"
"03/12/2014","20844.40","20605.00","20950.00","20605.00","15.84K","+0.28%"
"03/11/2014","20785.90","20679.95","20975.00","20560.05","14.30K","+0.59%"
"03/10/2014","20663.00","20400.00","20780.00","20150.05","9.04K","+1.23%"
"03/07/2014","20412.35","20460.00","20625.00","20240.00","12.45K","+0.22%"
"03/06/2014","20367.60","19499.00","20550.05","19448.00","19.97K","+4.56%"
"03/05/2014","19478.55","19699.90","19749.95","19421.00","6.46K","-0.79%"
"03/04/2014","19633.35","19190.00","19699.90","19075.00","12.18K","+2.80%"
"03/03/2014","19098.75","19010.00","19200.00","19000.20","4.44K","+0.06%"
"02/28/2014","19086.75","19045.70","19198.00","19020.00","3.46K","+0.32%"
"02/26/2014","19026.55","19091.25","19220.00","19000.00","7.39K","-0.31%"
"02/25/2014","19085.75","19002.00","19175.00","18991.70","4.04K","+0.44%"
"02/24/2014","19002.55","18914.00","19172.35","18910.00","3.72K","+0.45%"
"02/21/2014","18918.00","18840.00","19120.50","18840.00","7.26K","+0.44%"
"02/20/2014","18834.30","18913.00","19194.00","18802.00","6.36K","-1.46%"
"02/19/2014","19113.25","18732.00","19200.00","18732.00","4.30K","+1.40%"
"02/18/2014","18850.15","18710.00","18999.95","18701.80","3.79K","-0.21%"
"02/17/2014","18890.70","18850.00","19089.50","18771.15","3.42K","-0.04%"
"02/14/2014","18897.60","18900.00","19098.95","18703.00","4.21K","+0.04%"
"02/13/2014","18890.30","19050.00","19224.00","18830.55","5.70K","-1.52%"
"02/12/2014","19182.45","19250.00","19250.00","18900.20","4.16K","+0.11%"
"02/11/2014","19161.95","19085.00","19210.00","18911.05","8.96K","+1.75%"
"02/10/2014","18832.65","18944.00","19159.95","18740.00","10.72K","+0.13%"
"02/07/2014","18807.80","19050.00","19250.00","18686.40","18.59K","-2.94%"
"02/06/2014","19378.35","19835.00","20060.00","18985.00","33.65K","-2.75%"
"02/05/2014","19925.45","19906.00","20125.00","19730.00","12.96K","+0.15%"
"02/04/2014","19895.15","19470.00","20020.00","19305.00","10.19K","+1.11%"
"02/03/2014","19676.75","19450.00","19850.00","19350.00","11.77K","+1.25%"
"01/31/2014","19433.95","19287.00","19530.00","19112.30","8.04K","+2.12%"
"01/30/2014","19030.10","18900.00","19247.50","18670.00","4.94K","+0.43%"
"01/29/2014","18948.65","19000.00","19150.00","18855.30","4.00K","-0.45%"
"01/28/2014","19034.35","18785.75","19148.65","18645.00","5.42K","+1.22%"
"01/27/2014","18804.70","19175.00","19244.95","18740.00","7.68K","-2.31%"
"01/24/2014","19249.75","19549.00","19550.00","19211.20","6.64K","-0.82%"
"01/23/2014","19408.85","20050.00","20149.00","19370.00","12.49K","-2.73%"
"01/22/2014","19953.00","19624.70","20049.00","19570.00","9.54K","+1.67%"
"01/21/2014","19624.70","19612.00","19769.95","19560.00","5.12K","+0.07%"
"01/20/2014","19610.80","19551.00","19733.55","19422.00","8.86K","+0.45%"
"01/17/2014","19522.75","19899.00","20155.00","19421.00","17.95K","-1.52%"
"01/16/2014","19824.80","19271.85","19920.00","19151.00","18.82K","+2.87%"
"01/15/2014","19271.85","19519.00","19519.00","19210.00","2.86K","+0.04%"
"01/14/2014","19264.25","19170.00","19420.00","19103.05","8.60K","+0.73%"
"01/13/2014","19124.75","19170.00","19289.95","18925.50","7.72K","+0.12%"
"01/10/2014","19101.50","19105.00","19299.90","19002.00","6.48K","-0.27%"
"01/09/2014","19153.10","19150.00","19249.95","19023.30","6.31K","+0.40%"
"01/08/2014","19075.95","19170.00","19300.00","19000.00","6.72K","-0.23%"
"01/07/2014","19120.35","19349.00","19450.00","19056.05","7.22K","-0.87%"
"01/06/2014","19287.95","19174.00","19439.95","19046.10","13.03K","+0.65%"
"01/03/2014","19162.65","19001.00","19249.00","18905.10","11.41K","+0.75%"
"01/02/2014","19019.85","19366.00","19444.00","18956.30","10.81K","-1.33%"
"01/01/2014","19276.95","19399.00","19499.90","19216.00","6.37K","-0.45%"
"12/31/2013","19364.40","19347.00","19439.95","19170.10","8.55K","+0.54%"
"12/30/2013","19260.60","19590.00","19629.95","19180.00","15.36K","-0.76%"
"12/27/2013","19408.60","19149.00","19449.35","19120.00","15.27K","+1.76%"
"12/26/2013","19072.95","19623.65","19779.75","19000.05","23.87K","-2.71%"
"12/24/2013","19603.90","19760.00","19849.80","19541.30","12.73K","-0.12%"
"12/23/2013","19627.10","19735.00","19880.00","19511.00","14.09K","-1.03%"
"12/20/2013","19831.25","19750.00","20225.00","19675.25","32.24K","+0.18%"
"12/19/2013","19795.35","19979.00","20106.75","19710.00","10.04K","-0.52%"
"12/18/2013","19898.05","19820.00","20075.00","19760.10","17.13K","+0.78%"
"12/17/2013","19744.60","19813.00","20199.00","19620.00","26.88K","-0.21%"
"12/16/2013","19786.85","19100.00","19840.00","19100.00","27.00K","+3.46%"
"12/13/2013","19124.20","19450.00","19874.00","19020.00","47.21K","-2.26%"
"12/12/2013","19567.35","19012.00","19770.00","19012.00","43.21K","+2.36%"
"12/11/2013","19115.95","18410.00","19210.00","18101.90","30.55K","+3.25%"
"12/10/2013","18513.50","17689.85","18585.00","17555.20","24.21K","+4.39%"
"12/09/2013","17735.10","17898.90","17994.95","17680.05","8.33K","-0.53%"
"12/06/2013","17830.20","17500.00","17885.00","17422.00","11.59K","+1.92%"
"12/05/2013","17494.95","17520.00","17625.00","17351.00","10.44K","+0.51%"
"12/04/2013","17406.80","17308.00","17548.85","17150.00","14.14K","+0.82%"
"12/03/2013","17265.05","17312.00","17438.00","17118.00","8.18K","-0.57%"
"12/02/2013","17364.50","17487.00","17487.00","17211.00","9.11K","+0.09%"
"11/29/2013","17348.90","17499.00","17500.00","17070.00","28.89K","-1.16%"
"11/28/2013","17552.15","17725.00","18025.00","17480.00","21.94K","-0.82%"
"11/27/2013","17696.80","17700.10","17930.00","17594.25","13.06K","+0.16%"
"11/26/2013","17668.40","17055.00","17759.00","17030.00","17.38K","+2.99%"
"11/25/2013","17155.35","17040.00","17199.00","16960.00","5.66K","+1.80%"
"11/22/2013","16851.20","17034.00","17085.00","16723.00","5.58K","+0.09%"
"11/21/2013","16836.30","17077.00","17078.00","16810.60","6.49K","-0.15%"
"11/20/2013","16861.90","17050.00","17179.65","16791.85","8.07K","-0.71%"
"11/19/2013","16982.65","16950.00","17210.00","16900.05","13.08K","+0.03%"
"11/18/2013","16977.90","16730.00","17020.00","16525.15","10.14K","+2.75%"
"11/14/2013","16523.40","16598.95","16690.50","16500.00","3.24K","+0.10%"
"11/13/2013","16507.20","16300.00","16699.00","16300.00","8.92K","+0.55%"
"11/12/2013","16417.30","16501.00","16700.00","16340.00","11.75K","-1.05%"
"11/11/2013","16591.45","16211.70","16770.00","16211.70","10.84K","+1.14%"
"11/08/2013","16404.00","16200.00","16540.00","16134.05","5.00K","+1.37%"
"11/07/2013","16182.85","16599.00","16599.00","16151.00","5.13K","-1.72%"
"11/06/2013","16466.60","16663.05","16840.00","16422.00","11.52K","-1.08%"
"11/05/2013","16646.25","15962.00","16744.70","15852.00","20.88K","+3.91%"
"11/01/2013","16020.40","15779.00","16144.00","15640.70","11.60K","+1.71%"
"10/31/2013","15751.10","15600.00","15800.00","15589.95","11.28K","+0.68%"
"10/30/2013","15645.45","15594.00","15787.00","15510.00","6.11K","+0.67%"
"10/29/2013","15541.10","15400.00","15653.90","15301.10","6.72K","+1.22%"
"10/28/2013","15353.50","15305.00","15649.95","15300.00","3.43K","-0.77%"
"10/25/2013","15472.65","15487.00","15690.00","15376.15","6.31K","-1.09%"
"10/24/2013","15643.65","15674.30","15950.00","15526.00","11.47K","+0.03%"
"10/23/2013","15638.90","15702.00","15849.00","15479.95","8.28K","-0.53%"
"10/22/2013","15721.90","15120.00","15824.80","15100.00","18.21K","+2.77%"
"10/21/2013","15297.80","15201.00","15385.65","15150.00","6.68K","+0.21%"
"10/18/2013","15265.55","15149.00","15339.95","15024.25","6.25K","+1.00%"
"10/17/2013","15114.80","15149.00","15300.00","15057.60","5.98K","+0.18%"
"10/15/2013","15086.90","15400.00","15437.95","15030.40","8.31K","-1.62%"
"10/14/2013","15335.75","15100.00","15450.00","15050.10","14.46K","+1.00%"
"10/11/2013","15184.35","14800.00","15300.00","14760.10","21.39K","+3.50%"
"10/10/2013","14671.55","14850.00","14949.00","14630.00","8.99K","-1.32%"
"10/09/2013","14867.45","14890.00","14998.00","14717.05","10.14K","-0.83%"
"10/08/2013","14991.40","14999.00","15135.65","14700.50","22.89K","+1.13%"
"10/07/2013","14824.05","14400.10","14899.00","14300.00","22.35K","+3.02%"
"10/04/2013","14389.05","14455.00","14671.00","14235.70","25.38K","-1.10%"
"10/03/2013","14549.25","13944.30","14666.00","13930.00","33.07K","+5.01%"
"10/01/2013","13855.65","13385.05","13950.00","13290.00","24.79K","+3.52%"
"09/30/2013","13385.05","13311.05","13580.00","13301.00","10.74K","-0.65%"
"09/27/2013","13472.55","12855.00","13722.00","12830.00","42.69K","+5.32%"
"09/26/2013","12792.05","12783.00","12949.90","12720.00","7.88K","-0.32%"
"09/25/2013","12833.10","12845.00","12980.00","12800.00","7.02K","-0.07%"
"09/24/2013","12842.70","12839.15","13060.00","12801.00","5.98K","-0.06%"
"09/23/2013","12851.05","12950.00","12960.30","12826.00","4.00K","-1.07%"
"09/20/2013","12990.60","13180.00","13369.65","12670.00","14.54K","-1.36%"
"09/19/2013","13169.35","13099.00","13278.00","12902.35","13.45K","+2.41%"
"09/18/2013","12859.15","12921.00","12981.90","12820.00","3.46K","+0.27%"
"09/17/2013","12824.40","12872.00","12925.45","12735.00","5.34K","+0.02%"
"09/16/2013","12821.80","13154.00","13154.00","12725.05","6.92K","-0.02%"
"09/13/2013","12823.80","12924.00","13039.90","12760.00","7.07K","-0.54%"
"09/12/2013","12893.10","12900.00","13130.65","12711.05","13.54K","+0.82%"
"09/11/2013","12788.80","13176.30","13176.30","12740.00","17.88K","-2.20%"
"09/10/2013","13076.30","13100.00","13300.00","13051.00","12.92K","+0.70%"
"09/06/2013","12985.85","13200.00","13280.00","12950.00","12.82K","-0.88%"
"09/05/2013","13101.45","13637.00","13715.00","13020.40","17.92K","-2.38%"
"09/04/2013","13421.55","13188.00","13536.15","13050.00","10.31K","+2.98%"
"09/03/2013","13033.25","13690.00","13780.05","13000.00","14.47K","-4.04%"
"09/02/2013","13582.55","12940.00","13668.00","12940.00","17.01K","+5.34%"
"08/30/2013","12893.95","13070.00","13230.00","12780.60","9.49K","-1.78%"
"08/29/2013","13127.95","13000.00","13239.30","12905.15","11.23K","+1.57%"
"08/28/2013","12925.10","12801.00","12988.80","12550.00","7.38K","+0.18%"
"08/27/2013","12901.65","13250.00","13250.00","12851.05","4.27K","-2.53%"
"08/26/2013","13237.20","13205.00","13375.75","13124.00","7.33K","+0.26%"
"08/23/2013","13202.25","12951.00","13319.00","12950.00","8.89K","+1.21%"
"08/22/2013","13044.80","12824.00","13292.00","12716.40","12.66K","+0.70%"
"08/21/2013","12953.75","13625.00","13817.85","12860.05","12.17K","-3.87%"
"08/20/2013","13475.20","13000.00","13516.00","12820.00","13.77K","+2.75%"
"08/19/2013","13114.85","13400.00","13400.00","12800.05","8.88K","-2.20%"
"08/16/2013","13409.85","14199.00","14264.40","13310.05","12.49K","-5.39%"
"08/14/2013","14173.95","14200.00","14332.95","14035.00","10.46K","+0.28%"
"08/13/2013","14134.75","13470.00","14211.00","13373.10","23.48K","+5.09%"
"08/12/2013","13450.05","13220.00","13500.00","13002.05","12.39K","+3.58%"
"08/08/2013","12984.85","12722.00","13134.70","12722.00","6.73K","+1.08%"
"08/07/2013","12846.45","12403.00","12946.20","12403.00","8.91K","+2.74%"
"08/06/2013","12504.05","12745.00","12745.00","12311.00","10.81K","-1.89%"
"08/05/2013","12744.55","12795.00","12975.00","12601.00","10.06K","+0.07%"
"08/02/2013","12735.25","12947.00","13069.00","12631.00","11.87K","-0.94%"
"08/01/2013","12855.80","13495.00","13495.00","12725.00","13.26K","-2.74%"
"07/31/2013","13217.45","13197.00","13325.00","12770.30","15.13K","+0.27%"
"07/30/2013","13181.30","13725.00","13754.70","13110.05","12.29K","-3.34%"
"07/29/2013","13637.20","13793.40","13933.20","13600.00","10.65K","-1.13%"
"07/26/2013","13793.40","14149.00","14187.00","13702.10","23.94K","-0.41%"
"07/25/2013","13850.15","13780.00","14723.70","13640.10","71.70K","+0.28%"
"07/24/2013","13811.35","14299.00","14620.00","13682.00","20.71K","-4.00%"
"07/23/2013","14386.50","14411.00","14813.95","14300.00","23.88K","-0.07%"
"07/22/2013","14397.25","13690.00","14450.00","13690.00","28.07K","+4.18%"
"07/19/2013","13819.60","13650.00","14278.80","13611.00","38.65K","+1.70%"
"07/18/2013","13588.35","12725.00","13650.00","12600.10","28.77K","+7.89%"
"07/17/2013","12594.50","12715.00","12735.00","12455.60","11.90K","+0.14%"
"07/16/2013","12576.85","12709.00","12799.00","12511.00","5.24K","-2.03%"
"07/15/2013","12837.85","12650.00","12908.90","12462.20","8.68K","+1.85%"
"07/12/2013","12605.20","12701.00","12790.00","12523.80","4.42K","-0.44%"
"07/11/2013","12661.40","12412.00","12744.60","12412.00","6.83K","+1.28%"
"07/10/2013","12501.15","12450.00","12675.00","12435.00","7.64K","+0.20%"
"07/09/2013","12475.95","12498.00","12528.70","12260.00","8.14K","+2.20%"
"07/08/2013","12207.90","12225.00","12299.95","12050.00","6.57K","-0.51%"
"07/05/2013","12269.95","12510.00","12661.50","12070.00","14.77K","-1.30%"
"07/04/2013","12431.90","12475.00","12553.00","12280.05","9.05K","+1.03%"
"07/03/2013","12305.70","12750.00","12750.05","12253.10","12.30K","-3.90%"
"07/02/2013","12804.70","12950.00","13084.00","12760.00","7.96K","-0.88%"
"07/01/2013","12918.45","12875.00","12980.00","12760.00","8.72K","-0.06%"
"06/28/2013","12926.15","12700.00","13019.95","12605.05","10.40K","+3.21%"
"06/27/2013","12524.10","12470.00","12709.95","12456.55","10.91K","+1.37%"
"06/26/2013","12355.30","12759.90","12825.00","12280.80","6.41K","-2.35%"
"06/25/2013","12652.55","12598.00","12908.00","12251.00","18.07K","+2.82%"
"06/24/2013","12305.90","13000.00","13308.05","12180.00","17.95K","-4.85%"
"06/21/2013","12933.15","13700.00","13769.90","12700.05","19.78K","-6.07%"
"06/20/2013","13769.25","14050.00","14050.00","13620.00","8.61K","-2.41%"
"06/19/2013","14109.15","14230.00","14275.00","14020.00","8.13K","-0.39%"
"06/18/2013","14164.75","14060.00","14394.75","14060.00","6.16K","-0.93%"
"06/17/2013","14298.10","14399.00","14400.00","14145.35","5.91K","-0.10%"
"06/14/2013","14311.90","14325.00","14568.95","14213.00","7.42K","-0.14%"
"06/13/2013","14331.35","14470.00","14569.00","14257.10","7.94K","-2.36%"
"06/12/2013","14677.70","14400.00","14775.45","14400.00","5.76K","+1.50%"
"06/11/2013","14460.20","14700.00","14719.80","14355.00","8.60K","-1.98%"
"06/10/2013","14752.35","15200.00","15210.00","14721.00","9.02K","-1.60%"
"06/07/2013","14992.35","15200.00","15359.90","14928.00","8.51K","-1.37%"
"06/06/2013","15200.60","15150.00","15310.00","15108.00","4.99K","-0.49%"
"06/05/2013","15274.70","15050.00","15350.00","15050.00","8.23K","+0.69%"
"06/04/2013","15169.35","14979.90","15422.00","14920.25","11.21K","+0.91%"
"06/03/2013","15032.80","14805.40","15138.00","14805.40","6.05K","+0.92%"
"05/31/2013","14895.10","14960.00","15180.00","14871.10","6.50K","-0.74%"
"05/30/2013","15005.45","15142.00","15240.00","14900.00","11.29K","-0.90%"
"05/29/2013","15141.05","15448.00","15448.00","14916.00","9.25K","-1.57%"
"05/28/2013","15382.15","15350.00","15450.00","15235.10","5.52K","-0.10%"
"05/27/2013","15397.25","15297.00","15450.00","15218.80","7.56K","+0.85%"
"05/24/2013","15267.75","15140.00","15380.00","14823.70","10.21K","+2.36%"
"05/23/2013","14916.40","15345.00","15375.00","14810.00","11.77K","-2.97%"
"05/22/2013","15373.40","15190.00","15499.00","15190.00","12.23K","+1.26%"
"05/21/2013","15182.70","14986.00","15250.00","14986.00","12.35K","+1.21%"
"05/20/2013","15001.35","15030.00","15220.00","14975.00","7.89K","+0.06%"
"05/17/2013","14992.40","15204.00","15204.00","14921.00","9.06K","-1.23%"
"05/16/2013","15178.65","15030.05","15329.95","15030.05","10.94K","+0.17%"
"05/15/2013","15152.40","14800.00","15250.00","14800.00","17.17K","+2.04%"
"05/14/2013","14850.15","14610.10","14928.75","14610.10","13.03K","+1.35%"
"05/13/2013","14652.85","14899.80","14900.00","14575.50","8.51K","-1.24%"
"05/10/2013","14837.50","14752.00","15008.70","14720.05","14.65K","+0.66%"
"05/09/2013","14739.95","14600.00","14895.00","14512.30","19.46K","+0.84%"
"05/08/2013","14616.70","14210.00","14705.00","14016.00","29.70K","+3.05%"
"05/07/2013","14183.95","14170.00","14330.00","14042.10","18.23K","+0.46%"
"05/06/2013","14118.80","13588.35","14226.90","13405.05","24.31K","+4.06%"
"05/03/2013","13567.50","13550.00","13660.00","13280.00","15.38K","+1.29%"
"05/02/2013","13395.30","13450.00","13640.00","13305.00","12.96K","+0.12%"
"04/30/2013","13379.35","13820.00","13825.85","13118.00","12.48K","-2.08%"
"04/29/2013","13663.45","13627.00","13816.55","13600.00","11.22K","+0.52%"
"04/26/2013","13592.70","13700.00","13890.00","13450.00","11.39K","-0.58%"
"04/25/2013","13672.65","13815.05","14139.20","13568.35","44.29K","-1.12%"
"04/23/2013","13827.70","13224.00","13920.05","13050.00","30.93K","+4.56%"
"04/22/2013","13224.55","12930.00","13270.30","12801.00","15.04K","+2.50%"
"04/18/2013","12901.45","12304.00","12970.00","12270.00","32.15K","+4.86%"
"04/17/2013","12303.60","12549.00","12549.00","12201.00","11.37K","-0.37%"
"04/16/2013","12349.75","11876.45","12394.00","11876.45","17.02K","+4.08%"
"04/15/2013","11865.65","11813.00","11979.65","11650.00","4.34K","+1.30%"
"04/12/2013","11713.30","11680.00","11800.00","11450.00","3.30K","+0.32%"
"04/11/2013","11675.85","11890.00","12567.20","11560.10","5.81K","-0.16%"
"04/10/2013","11694.95","11512.00","11799.95","11432.40","6.49K","+1.28%"
"04/09/2013","11547.35","11855.00","12116.35","11485.00","8.06K","-2.37%"
"04/08/2013","11827.80","11801.00","11980.00","11780.25","2.38K","-0.49%"
"04/05/2013","11886.60","11800.95","11970.00","11777.00","3.66K","+0.97%"
"04/04/2013","11772.80","11935.00","12028.00","11750.00","5.79K","-1.77%"
"04/03/2013","11985.40","12050.00","12567.20","11810.05","6.63K","-1.69%"
"04/02/2013","12190.85","12180.00","12234.00","11972.00","5.00K","+0.97%"
"04/01/2013","12073.80","12140.00","12140.00","11900.00","4.79K","+0.85%"
"03/28/2013","11971.80","11776.80","12238.00","11581.50","11.38K","+3.05%"
"03/26/2013","11617.95","11742.00","11780.95","11263.00","7.79K","-0.50%"
"03/25/2013","11676.15","11750.05","11810.05","11625.00","6.32K","+0.57%"
"03/22/2013","11610.05","11799.45","11799.45","11510.00","5.20K","-0.55%"
"03/21/2013","11674.00","11976.00","12067.90","11602.05","11.20K","-2.44%"
"03/20/2013","11966.50","12302.00","12468.00","11901.00","9.43K","-3.45%"
"03/19/2013","12394.60","12724.80","12839.95","12138.30","9.48K","-1.65%"
"03/18/2013","12602.05","12650.00","12680.00","12500.05","3.82K","-0.86%"
"03/15/2013","12711.90","12917.00","13000.00","12685.05","6.70K","-1.64%"
"03/14/2013","12923.90","12501.50","12975.00","12390.00","11.17K","+2.10%"
"03/13/2013","12657.55","12888.00","12888.00","12580.00","5.19K","-1.00%"
"03/12/2013","12785.80","12555.00","12973.75","12480.90","8.67K","-0.96%"
"03/11/2013","12909.65","13124.25","13124.25","12851.00","10.58K","-0.52%"
"03/08/2013","12977.25","12756.45","13020.00","12550.30","15.07K","+3.02%"
"03/07/2013","12597.20","12170.00","12641.95","12133.25","10.51K","+3.41%"
"03/06/2013","12181.30","11970.00","12256.00","11925.10","7.78K","+2.34%"
"03/05/2013","11902.85","11684.30","11970.00","11625.00","6.34K","+2.67%"
"03/04/2013","11593.00","11669.00","11779.95","11418.00","10.37K","+0.18%"
"03/01/2013","11572.70","11379.00","11694.65","11111.65","6.93K","+1.27%"
"02/28/2013","11427.75","12260.90","12314.55","11261.10","26.19K","-6.34%"
"02/27/2013","12200.80","12338.95","12550.60","12060.00","7.17K","-0.16%"
"02/26/2013","12220.45","12297.20","12300.05","12126.65","4.37K","-0.61%"
"02/25/2013","12294.90","12400.00","12415.20","12250.00","5.10K","-0.76%"
"02/22/2013","12388.85","12365.00","12505.00","12160.00","12.34K","+0.29%"
"02/21/2013","12353.60","12621.00","12698.50","12301.50","5.01K","-2.65%"
"02/20/2013","12689.50","12644.05","12750.00","12555.45","4.81K","+0.55%"
"02/19/2013","12620.45","12695.90","12695.90","12412.30","5.32K","+1.26%"
"02/18/2013","12463.35","12590.05","12590.05","12382.00","4.32K","-0.19%"
"02/15/2013","12486.80","12353.45","12551.70","12015.00","14.51K","+1.41%"
"02/14/2013","12313.70","12900.00","12902.85","12246.95","12.82K","-4.60%"
"02/13/2013","12907.75","13279.75","13296.95","12865.00","8.15K","-2.26%"
"02/12/2013","13206.30","13251.05","13400.95","13115.55","6.59K","-0.80%"
"02/11/2013","13313.10","13489.95","13489.95","13260.05","5.10K","-0.71%"
"02/08/2013","13408.90","13250.00","13530.00","13220.20","16.33K","+1.82%"
"02/07/2013","13169.75","13298.85","13448.95","13050.00","10.91K","-0.57%"
"02/06/2013","13245.60","13372.85","13372.85","13187.10","4.63K","+0.75%"
"02/05/2013","13146.70","13234.05","13250.00","13060.00","4.71K","-0.66%"
"02/04/2013","13233.75","13228.75","13390.00","13200.00","5.08K","+0.10%"
"02/01/2013","13220.70","13198.00","13315.00","13140.00","4.73K","+0.62%"
"01/31/2013","13138.85","13133.95","13216.85","13035.00","4.03K","+0.31%"
"01/30/2013","13098.75","13094.65","13248.80","13008.95","5.01K","+0.29%"
"01/29/2013","13060.50","13191.55","13388.80","13025.05","4.94K","-1.51%"
"01/28/2013","13260.45","13372.00","13419.95","13230.00","2.87K","-0.19%"
"01/25/2013","13286.10","13075.00","13351.00","12930.25","5.80K","+1.70%"
"01/24/2013","13064.05","13244.00","13332.85","13025.00","7.75K","-1.28%"
"01/23/2013","13234.05","13250.05","13474.05","13072.15","5.69K","-1.38%"
"01/22/2013","13419.80","13460.00","13570.00","13350.00","4.69K","-0.22%"
"01/21/2013","13450.00","13394.25","13509.95","13351.00","5.45K","+0.85%"
"01/18/2013","13336.40","13399.00","13450.50","13242.90","5.82K","+0.40%"
"01/17/2013","13283.35","13372.00","13474.20","13252.20","7.26K","-0.90%"
"01/16/2013","13404.25","13475.00","13704.85","13360.00","9.33K","-1.13%"
"01/15/2013","13557.85","13529.85","13622.80","13465.00","10.54K","+0.36%"
"01/14/2013","13509.05","13488.00","13585.70","13225.00","10.98K","+0.26%"
"01/11/2013","13473.40","13903.90","13903.90","13460.00","7.24K","-1.27%"
"01/10/2013","13647.30","13787.80","13874.00","13612.60","13.82K","-1.01%"
"01/09/2013","13786.45","13400.00","13849.95","13380.00","33.04K","+3.30%"
"01/08/2013","13346.20","13301.00","13420.00","13200.00","10.36K","+0.43%"
"01/07/2013","13288.80","13375.00","13439.95","13265.00","7.51K","-0.54%"
"01/04/2013","13361.10","13240.00","13418.40","13221.30","7.31K","+0.62%"
"01/03/2013","13279.10","13351.00","13365.95","13124.15","10.21K","-0.28%"
"01/02/2013","13316.20","13312.40","13435.00","13256.00","12.22K","+0.55%"
"01/01/2013","13243.25","12927.00","13380.00","12879.85","20.62K","+3.31%"
"12/31/2012","12818.95","12745.25","12850.00","12700.00","7.16K","+0.98%"
"12/28/2012","12694.75","12508.00","12760.00","12508.00","6.58K","+1.50%"
"12/27/2012","12507.15","12749.95","12818.00","12490.00","16.27K","-1.70%"
"12/26/2012","12723.70","12601.05","12750.00","12580.00","7.55K","+0.99%"
"12/24/2012","12598.50","12504.00","12648.00","12440.00","9.00K","+1.17%"
"12/21/2012","12452.25","12499.55","12590.00","12412.05","6.37K","-0.66%"
"12/20/2012","12535.55","12492.00","12630.00","12400.00","14.75K","+0.35%"
"12/19/2012","12491.90","12472.00","12589.00","12202.20","14.37K","+1.01%"
"12/18/2012","12367.35","12278.00","12500.80","12056.10","14.29K","+1.13%"
"12/17/2012","12229.05","12155.80","12300.00","12114.00","8.56K","+0.71%"
"12/14/2012","12142.35","12124.95","12209.25","12005.30","10.04K","+0.46%"
"12/13/2012","12086.75","12339.95","12370.00","12000.15","13.98K","-1.89%"
"12/12/2012","12319.65","12300.00","12480.00","12250.05","23.04K","+0.64%"
"12/11/2012","12241.40","12180.00","12323.00","11984.95","16.68K","+0.83%"
"12/10/2012","12140.35","11861.90","12184.20","11810.25","24.90K","+3.00%"
"12/07/2012","11786.50","11909.00","11948.00","11700.00","20.32K","+0.16%"
"12/06/2012","11767.15","11731.75","11819.90","11570.00","19.92K","+1.08%"
"12/05/2012","11641.60","11205.00","11824.95","11185.00","47.88K","+4.13%"
"12/04/2012","11180.00","10907.00","11250.00","10801.00","16.75K","+2.54%"
"12/03/2012","10902.90","10901.00","11138.00","10860.50","12.18K","-0.37%"
"11/30/2012","10943.70","10526.15","10999.40","10451.00","31.40K","+4.06%"
"11/29/2012","10517.00","10123.85","10700.00","10050.00","36.05K","+4.69%"
"11/27/2012","10046.15","10098.75","10130.00","10025.00","17.49K","+0.46%"
"11/26/2012","10000.35","10065.00","10101.50","9990.00","6.20K","-0.09%"
"11/23/2012","10009.75","10110.35","10110.35","9990.00","2.58K","-0.60%"
"11/22/2012","10070.35","10050.00","10135.00","9990.00","6.52K","+0.69%"
"11/21/2012","10001.40","9950.00","10040.00","9921.15","5.31K","+1.13%"
"11/20/2012","9889.30","10094.90","10129.90","9770.05","7.88K","-1.48%"
"11/19/2012","10037.65","10100.45","10159.00","10005.10","2.47K","-0.31%"
"11/16/2012","10068.90","10117.55","10280.15","10004.10","6.55K","-0.85%"
"11/15/2012","10155.15","10200.50","10229.00","10100.00","4.14K","-0.50%"
"11/13/2012","10205.80","10349.95","10349.95","10160.00","1.42K","+0.68%"
"11/12/2012","10136.60","10029.05","10172.00","10029.00","3.88K","+0.33%"
"11/09/2012","10103.00","10200.05","10257.45","10080.95","6.10K","-0.91%"
"11/08/2012","10196.15","10250.00","10294.95","10166.00","5.67K","-0.84%"
"11/07/2012","10282.55","10349.70","10397.95","10260.00","6.09K","-0.24%"
"11/06/2012","10307.35","10274.05","10400.00","10259.00","5.79K","+0.32%"
"11/05/2012","10274.10","10228.60","10343.95","10170.00","5.42K","+0.24%"
"11/02/2012","10249.55","10305.55","10420.00","10232.95","11.44K","-0.42%"
"11/01/2012","10293.00","10169.55","10330.00","10163.85","7.42K","+1.27%"
"10/31/2012","10163.90","10235.00","10278.00","10080.00","18.52K","-0.10%"
"10/30/2012","10174.30","9998.95","10300.60","9865.00","30.19K","+2.08%"
"10/29/2012","9966.90","10025.00","10125.05","9900.00","12.44K","-0.76%"
"10/26/2012","10043.00","10149.00","10164.00","10015.00","4.09K","-0.91%"
"10/25/2012","10135.50","10297.95","10333.00","10095.05","7.45K","-1.18%"
"10/23/2012","10256.35","10206.45","10378.00","10172.30","5.63K","+0.49%"
"10/22/2012","10206.45","9710.00","10265.00","9710.00","4.06K","+0.45%"
"10/19/2012","10161.10","10199.80","10250.00","10149.95","2.82K","-0.32%"
"10/18/2012","10194.20","10200.00","10268.95","10094.95","6.23K","+0.32%"
"10/17/2012","10162.15","10298.70","10450.10","10125.10","6.26K","-0.15%"
"10/16/2012","10177.10","10304.40","10304.40","10151.00","4.98K","-0.54%"
"10/15/2012","10232.70","10250.00","10310.35","10205.00","3.12K","+0.07%"
"10/12/2012","10225.60","10272.00","10482.00","10200.00","5.72K","-1.13%"
"10/11/2012","10342.45","10270.05","10398.90","10270.05","4.78K","+0.63%"
"10/10/2012","10277.45","10309.90","10445.50","10252.00","7.17K","-0.25%"
"10/09/2012","10303.50","10298.90","10388.00","10250.00","8.21K","+0.51%"
"10/08/2012","10251.45","10300.00","10350.00","10213.35","6.45K","-0.74%"
"10/05/2012","10327.50","10505.05","10575.00","10212.00","7.64K","-1.44%"
"10/04/2012","10477.90","10590.85","10674.00","10451.05","13.90K","-1.23%"
"10/03/2012","10608.15","10389.95","10690.00","10260.05","29.08K","+3.61%"
"10/01/2012","10238.95","10299.95","10355.00","10220.00","8.33K","-0.33%"
"09/28/2012","10272.75","10331.00","10420.10","10220.00","11.69K","-0.01%"
"09/27/2012","10273.80","10280.00","10410.00","10100.00","17.29K","+0.68%"
"09/26/2012","10204.40","10220.05","10330.00","10195.00","5.46K","-0.08%"
"09/25/2012","10212.80","10145.05","10251.25","10060.10","6.38K","+0.90%"
"09/24/2012","10121.50","10214.65","10290.00","10080.10","6.75K","-0.40%"
"09/21/2012","10162.50","10210.20","10345.00","10101.05","8.36K","-0.23%"
"09/20/2012","10185.75","10299.00","10384.25","10165.10","6.59K","-1.59%"
"09/18/2012","10349.95","10358.00","10500.00","10271.05","7.06K","+0.39%"
"09/17/2012","10309.95","10323.00","10495.00","10180.10","14.42K","+0.77%"
"09/14/2012","10230.90","10675.00","10675.00","10181.35","15.77K","-0.18%"
"09/13/2012","10249.20","10469.95","10583.95","10182.00","17.18K","-1.47%"
"09/12/2012","10402.05","10178.00","10455.00","10168.00","17.98K","+2.60%"
"09/11/2012","10138.55","10194.85","10219.95","10110.00","4.21K","-0.62%"
"09/10/2012","10202.15","10277.00","10349.70","10180.00","3.83K","-0.04%"
"09/07/2012","10206.55","10399.00","10399.00","10131.15","6.17K","+1.14%"
"09/06/2012","10091.05","10050.00","10200.10","10000.00","11.06K","+0.50%"
"09/05/2012","10041.10","10092.00","10196.00","10015.00","6.82K","-0.45%"
"09/04/2012","10086.45","10124.95","10138.90","10020.00","3.98K","+0.00%"
"09/03/2012","10086.30","10080.50","10236.00","10059.95","4.82K","+0.37%"
"08/31/2012","10048.65","10030.00","10180.60","9982.00","7.23K","+0.22%"
"08/30/2012","10026.60","9975.00","10099.00","9875.00","12.57K","+0.52%"
"08/29/2012","9974.45","10426.00","10444.80","9866.00","19.05K","-4.09%"
"08/28/2012","10399.30","10650.00","10719.00","10151.60","12.68K","-2.29%"
"08/27/2012","10643.20","10723.00","10900.00","10602.00","13.99K","-0.66%"
"08/24/2012","10713.45","10837.35","10871.40","10681.00","7.26K","-1.14%"
"08/23/2012","10837.35","11040.00","11109.20","10777.00","15.97K","-1.63%"
"08/22/2012","11016.50","11080.00","11214.00","10972.10","15.38K","-0.52%"
"08/21/2012","11073.95","10830.00","11138.00","10740.10","26.69K","+2.25%"
"08/17/2012","10829.75","10938.85","11010.00","10770.05","21.13K","-0.19%"
"08/16/2012","10850.30","10715.05","11015.00","10635.00","35.26K","+1.24%"
"08/14/2012","10717.35","10681.00","10820.95","10549.95","12.54K","+0.53%"
"08/13/2012","10661.10","10684.95","10750.55","10610.50","6.43K","+0.08%"
"08/10/2012","10653.00","10685.00","10790.00","10534.05","10.99K","-0.28%"
"08/09/2012","10683.10","10711.00","10869.95","10616.00","18.09K","-0.25%"
"08/08/2012","10709.60","10500.00","10940.00","10280.05","39.27K","+1.97%"
"08/07/2012","10502.50","10660.05","10697.90","10460.00","9.94K","-1.48%"
"08/06/2012","10659.85","10490.00","10721.00","10263.15","20.61K","+2.91%"
"08/03/2012","10358.20","9808.00","10439.95","9711.10","24.03K","+5.62%"
"08/02/2012","9806.75","9734.95","9843.95","9715.00","5.97K","+0.72%"
"08/01/2012","9736.90","9601.60","9777.00","9521.30","7.87K","+1.51%"
"07/31/2012","9592.25","9828.00","9830.00","9553.80","13.06K","-1.70%"
"07/30/2012","9757.65","9672.90","9809.00","9613.70","9.37K","+0.96%"
"07/27/2012","9664.80","10125.00","10125.00","9580.00","11.09K","-2.60%"
"07/26/2012","9923.25","10258.15","10296.55","9860.15","18.80K","-2.34%"
"07/25/2012","10161.40","9935.10","10325.00","9900.90","45.95K","+2.21%"
"07/24/2012","9941.65","9999.95","10049.80","9903.05","7.01K","+0.08%"
"07/23/2012","9934.10","10039.90","10040.00","9901.00","4.13K","-1.19%"
"07/20/2012","10053.75","10061.05","10180.00","10001.00","4.46K","-0.61%"
"07/19/2012","10115.85","10300.00","10310.00","10072.00","6.42K","-1.07%"
"07/18/2012","10225.70","10139.95","10265.00","10080.00","3.25K","+1.46%"
"07/17/2012","10078.10","10199.40","10250.00","10035.10","2.91K","-1.11%"
"07/16/2012","10190.95","10204.70","10249.00","10112.00","5.07K","+0.78%"
"07/13/2012","10112.15","10300.00","10340.00","10080.05","5.59K","-1.57%"
"07/12/2012","10273.10","10421.00","10480.00","10220.00","6.81K","-1.95%"
"07/11/2012","10476.90","10530.80","10600.00","10460.00","4.55K","-0.56%"
"07/10/2012","10535.55","10498.95","10609.00","10485.10","6.74K","+0.69%"
"07/09/2012","10463.25","10469.95","10549.95","10420.10","6.75K","-0.36%"
"07/06/2012","10501.25","10612.00","10710.00","10480.00","11.64K","-1.05%"
"07/05/2012","10612.75","10231.45","10645.00","10140.50","20.72K","+3.64%"
"07/04/2012","10239.90","10149.00","10350.00","10140.05","10.16K","+0.93%"
"07/03/2012","10145.60","10204.75","10240.00","10075.00","6.08K","+0.04%"
"07/02/2012","10142.05","10066.05","10286.10","10020.00","10.33K","+1.09%"
"06/29/2012","10032.65","9990.00","10094.35","9892.95","16.31K","+1.74%"
"06/28/2012","9861.35","10151.00","10204.90","9826.65","9.57K","-2.52%"
"06/27/2012","10116.60","10052.00","10140.00","10000.00","5.54K","+1.31%"
"06/26/2012","9985.45","10064.40","10100.35","9936.00","6.44K","-0.49%"
"06/25/2012","10034.55","10192.15","10219.95","9982.00","9.21K","-1.31%"
"06/22/2012","10167.40","10299.65","10320.05","10120.20","7.89K","-0.92%"
"06/21/2012","10262.20","10190.00","10308.75","10050.00","6.82K","+0.82%"
"06/20/2012","10178.75","10200.00","10225.00","10051.15","8.39K","+0.72%"
"06/19/2012","10106.10","10250.05","10293.80","9997.95","7.49K","-1.15%"
"06/18/2012","10223.45","10539.95","10590.00","10186.30","7.55K","-2.19%"
"06/15/2012","10452.05","10400.00","10545.00","10400.00","7.06K","+0.69%"
"06/14/2012","10380.05","10547.75","10600.00","10340.00","7.22K","-1.47%"
"06/13/2012","10534.65","10661.05","10709.50","10505.05","5.89K","-1.15%"
"06/12/2012","10656.85","10465.90","10748.60","10450.00","12.42K","+1.61%"
"06/11/2012","10487.90","10820.00","10908.35","10380.10","10.55K","-2.13%"
"06/08/2012","10716.15","10777.00","10777.00","10600.85","9.24K","-0.70%"
"06/07/2012","10792.05","10850.00","10877.00","10720.00","5.29K","+0.50%"
"06/06/2012","10738.20","10690.00","10852.90","10630.00","15.26K","+1.62%"
"06/05/2012","10567.50","10808.60","10810.20","10477.90","7.63K","-0.86%"
"06/04/2012","10659.10","10549.95","10680.00","10380.00","10.15K","+0.52%"
"06/01/2012","10604.30","10700.05","10901.00","10555.05","7.47K","-2.85%"
"05/31/2012","10915.40","10790.15","10966.95","10586.45","8.14K","+1.16%"
"05/30/2012","10790.15","11001.00","11001.00","10740.00","7.58K","-2.31%"
"05/29/2012","11044.95","10950.00","11150.25","10801.10","12.20K","+1.28%"
"05/28/2012","10905.45","10973.00","10973.00","10801.05","7.93K","+0.66%"
"05/25/2012","10834.00","10550.05","10874.00","10390.40","14.75K","+2.71%"
"05/24/2012","10548.55","10350.00","10600.00","10210.00","10.51K","+2.61%"
"05/23/2012","10280.40","10259.20","10350.00","10185.00","5.30K","-0.01%"
"05/22/2012","10281.15","10681.95","10690.00","10225.10","8.36K","-2.46%"
"05/21/2012","10540.65","10385.10","10619.20","10385.10","6.45K","+1.74%"
"05/18/2012","10360.05","10207.60","10440.00","10050.00","5.14K","+0.50%"
"05/17/2012","10308.15","10458.60","10568.80","10250.00","9.50K","-1.48%"
"05/16/2012","10463.15","10251.10","10538.00","9980.75","9.49K","+1.32%"
"05/15/2012","10326.95","10085.00","10350.00","10055.00","7.01K","+2.72%"
"05/14/2012","10053.50","10389.20","10499.80","10011.00","9.16K","-1.73%"
"05/11/2012","10230.25","10590.00","10593.00","10125.00","13.24K","-3.43%"
"05/10/2012","10593.60","10443.95","10700.00","10401.00","23.94K","+2.18%"
"05/09/2012","10367.55","10240.00","10600.00","10200.00","12.93K","+0.14%"
"05/08/2012","10352.85","10600.05","10725.00","10250.00","15.46K","-2.26%"
"05/07/2012","10591.75","10109.20","10664.00","9872.20","17.27K","+2.32%"
"05/04/2012","10351.90","11206.00","11260.00","10250.00","31.54K","-7.81%"
"05/03/2012","11228.30","11275.00","11345.00","11180.00","12.84K","-0.32%"
"05/02/2012","11264.80","11519.90","11550.00","11241.00","18.93K","-1.85%"
"04/30/2012","11477.10","11341.90","11520.00","11280.00","17.78K","+1.74%"
"04/27/2012","11280.65","11279.20","11449.00","11210.10","16.55K","+0.44%"
"04/26/2012","11231.25","11480.80","11578.80","11175.00","48.52K","-1.85%"
"04/25/2012","11442.90","11191.60","11485.00","11050.00","17.63K","+2.16%"
"04/24/2012","11201.50","11278.40","11475.50","10957.05","9.87K","-0.22%"
"04/23/2012","11226.05","11210.30","11538.00","11180.00","16.27K","-1.40%"
"04/20/2012","11385.35","11313.00","11500.00","11300.00","20.80K","+0.05%"
"04/19/2012","11379.85","11220.00","11422.00","11171.45","22.22K","+1.53%"
"04/18/2012","11208.60","11050.00","11294.00","10951.15","33.01K","+2.06%"
"04/17/2012","10982.45","10790.00","11145.00","10732.50","30.84K","+2.10%"
"04/16/2012","10756.90","10661.00","10860.00","10600.00","10.53K","+0.91%"
"04/13/2012","10660.10","10825.05","10999.95","10589.30","25.55K","-0.57%"
"04/12/2012","10721.50","10699.00","10998.95","10671.00","15.09K","+0.12%"
"04/11/2012","10708.80","10675.05","11070.00","10611.05","25.45K","-0.51%"
"04/10/2012","10764.20","11000.00","11009.95","10682.00","16.66K","-1.73%"
"04/09/2012","10953.55","10601.00","11084.00","10400.00","46.66K","+2.77%"
"04/04/2012","10658.20","10350.00","10750.00","10262.10","32.88K","+3.05%"
"04/03/2012","10343.00","10550.00","10600.00","10307.00","13.05K","-1.48%"
"04/02/2012","10498.35","9956.05","10568.95","9900.00","36.12K","+5.70%"
"03/30/2012","9932.65","9790.00","9990.00","9700.00","12.82K","+2.68%"
"03/29/2012","9673.70","9800.00","9921.00","9575.00","37.32K","-2.31%"
"03/28/2012","9902.30","9860.00","9975.00","9800.00","9.45K","+0.38%"
"03/27/2012","9865.20","9780.00","9990.00","9700.00","18.66K","+1.90%"
"03/26/2012","9681.30","9894.70","10030.00","9601.00","16.61K","-2.17%"
"03/23/2012","9895.85","9998.95","10355.50","9800.00","34.55K","-1.73%"
"03/22/2012","10070.05","10620.00","10932.00","9995.00","43.36K","-4.80%"
"03/21/2012","10577.95","9695.00","10700.00","9641.00","29.98K","+9.06%"
"03/20/2012","9699.40","9610.05","9839.00","9610.05","6.51K","-0.05%"
"03/19/2012","9704.40","9870.00","9940.00","9621.00","7.32K","-1.38%"
"03/16/2012","9839.70","10147.00","10147.00","9782.05","6.84K","-1.77%"
"03/15/2012","10016.55","9999.00","10155.00","9931.05","10.30K","-0.71%"
"03/14/2012","10088.55","10291.90","10344.70","10040.00","9.73K","-1.40%"
"03/13/2012","10231.50","9999.00","10299.90","9999.00","19.17K","+1.98%"
"03/12/2012","10033.10","9949.00","10075.00","9810.50","16.33K","+2.19%"
"03/09/2012","9818.25","9800.00","9928.20","9600.35","10.74K","+2.60%"
"03/07/2012","9569.80","9512.35","9730.00","9460.00","7.91K","-0.14%"
"03/06/2012","9583.10","9635.00","9774.80","9522.30","8.00K","-0.52%"
"03/05/2012","9632.75","9800.00","9820.00","9543.50","9.29K","-2.94%"
"03/02/2012","9924.90","9782.15","10175.00","9720.10","33.57K","+1.72%"
"03/01/2012","9757.55","9850.00","9918.00","9671.50","9.25K","-1.03%"
"02/29/2012","9859.15","9710.00","10000.00","9710.00","34.39K","+1.77%"
"02/28/2012","9687.50","9350.05","9764.60","9350.05","15.95K","+4.17%"
"02/27/2012","9299.60","9450.00","9473.00","9216.00","20.23K","-1.39%"
"02/24/2012","9430.85","9678.10","9680.00","9310.00","12.79K","-1.61%"
"02/23/2012","9585.65","9494.00","9648.00","9222.00","33.26K","+1.85%"
"02/22/2012","9411.20","10046.95","10115.00","9292.00","29.26K","-6.32%"
"02/21/2012","10045.90","9800.00","10155.00","9670.00","28.70K","+2.80%"
"02/17/2012","9772.60","9808.85","9890.00","9630.00","21.61K","+0.84%"
"02/16/2012","9691.15","9838.05","10014.80","9626.00","23.39K","-1.48%"
"02/15/2012","9836.70","9539.95","9975.00","9441.00","35.40K","+4.28%"
"02/14/2012","9433.20","9395.00","9643.00","9350.00","23.06K","+0.26%"
"02/13/2012","9408.50","9250.00","9690.00","9250.00","46.31K","+1.37%"
"02/10/2012","9281.25","8614.15","9350.00","8614.10","51.18K","+7.74%"
"02/09/2012","8614.10","8495.00","8775.00","8357.30","37.61K","+1.57%"
"02/08/2012","8481.20","8295.00","8547.95","8270.10","13.44K","+2.38%"
"02/07/2012","8283.75","8449.00","8449.00","8252.50","6.66K","-0.79%"
"02/06/2012","8349.45","8248.90","8516.00","8248.90","15.28K","+2.05%"
"02/03/2012","8182.05","8350.00","8360.00","8129.00","10.68K","-2.18%"
"02/02/2012","8364.55","8309.00","8470.00","8161.00","19.32K","+1.02%"
"02/01/2012","8280.20","7910.00","8350.00","7880.00","20.71K","+4.75%"
"01/31/2012","7904.80","7657.00","7940.00","7657.00","19.42K","+3.23%"
"01/30/2012","7657.45","7350.00","7793.05","7280.00","21.58K","+3.59%"
"01/27/2012","7391.90","7447.00","7489.95","7338.00","4.57K","-0.28%"
"01/25/2012","7412.85","7231.05","7460.00","7182.15","10.87K","+2.89%"
"01/24/2012","7204.40","7190.00","7245.00","7180.00","3.26K","+0.35%"
"01/23/2012","7179.15","7215.00","7250.00","7105.05","3.68K","+0.92%"
"01/20/2012","7113.65","7201.00","7272.65","7100.40","3.88K","-1.09%"
"01/19/2012","7191.80","7290.00","7290.00","7170.00","10.38K","+0.45%"
"01/18/2012","7159.70","7295.00","7360.00","7141.10","4.07K","-1.68%"
"01/17/2012","7282.40","7276.85","7420.00","7230.00","8.58K","+0.80%"
"01/16/2012","7224.45","7240.00","7298.45","7164.00","10.31K","-0.50%"
"01/13/2012","7261.00","7315.05","7375.00","7235.50","7.29K","-0.50%"
"01/12/2012","7297.70","7215.00","7346.00","7159.65","17.89K","+1.21%"
"01/11/2012","7210.60","7272.70","7355.00","7151.10","13.44K","-0.43%"
"01/10/2012","7241.65","7009.05","7285.00","7009.00","25.45K","+3.84%"
"01/09/2012","6974.00","7001.05","7005.00","6920.00","1.59K","+0.23%"
"01/06/2012","6957.75","6930.00","6999.00","6891.00","2.81K","+0.01%"
"01/05/2012","6956.85","7021.00","7087.55","6915.00","15.72K","-0.78%"
"01/04/2012","7011.50","7090.00","7100.00","6981.00","3.37K","-0.81%"
"01/03/2012","7069.05","6950.00","7130.00","6950.00","12.46K","+1.81%"
"01/02/2012","6943.05","6980.00","7040.00","6871.10","4.21K","-0.52%"
"12/30/2011","6979.20","6900.00","7104.00","6811.30","14.74K","+0.85%"
"12/29/2011","6920.25","6614.00","6975.00","6530.00","12.55K","+4.64%"
"12/28/2011","6613.20","6847.90","6860.00","6590.05","6.09K","-2.83%"
"12/27/2011","6806.15","7020.00","7020.00","6751.00","3.03K","-2.20%"
"12/26/2011","6959.00","7075.00","7151.00","6911.25","1.67K","-0.08%"
"12/23/2011","6964.35","7048.95","7064.95","6815.00","5.63K","+0.04%"
"12/22/2011","6961.35","7080.00","7080.00","6820.05","4.54K","+1.49%"
"12/21/2011","6859.00","6979.05","7075.95","6775.00","7.18K","-1.46%"
"12/20/2011","6960.95","7040.00","7070.00","6910.00","5.14K","-0.78%"
"12/19/2011","7015.75","6938.05","7050.00","6938.05","5.36K","+0.12%"
"12/16/2011","7007.05","7099.00","7198.95","6961.00","7.66K","-0.51%"
"12/15/2011","7042.80","6985.05","7100.00","6975.00","5.58K","+1.03%"
"12/14/2011","6971.20","7000.00","7140.00","6931.05","6.49K","+0.00%"
"12/13/2011","6970.95","6989.95","7019.90","6872.00","7.29K","-0.30%"
"12/12/2011","6992.15","7450.00","7450.00","6935.00","8.27K","-3.35%"
"12/09/2011","7234.40","7289.00","7325.00","7165.10","7.39K","-1.28%"
"12/08/2011","7328.10","7572.00","7598.95","7306.00","10.26K","-3.06%"
"12/07/2011","7559.75","7610.00","7734.95","7456.05","17.85K","-0.64%"
"12/05/2011","7608.80","7449.90","7650.00","7385.00","22.51K","+2.93%"
"12/02/2011","7392.15","7091.00","7450.00","7065.00","26.29K","+4.75%"
"12/01/2011","7057.20","7025.00","7199.00","7001.05","11.79K","+1.37%"
"11/30/2011","6961.65","6899.95","6999.00","6811.10","12.49K","+0.43%"
"11/29/2011","6932.05","6900.00","7145.00","6760.00","35.48K","+0.78%"
"11/28/2011","6878.15","6755.00","6949.90","6730.10","6.26K","+2.21%"
"11/25/2011","6729.50","6424.00","6769.00","6400.00","10.20K","+4.75%"
"11/24/2011","6424.20","6432.00","6524.90","6375.00","8.35K","+0.20%"
"11/23/2011","6411.50","6451.15","6478.00","6330.00","3.60K","-1.06%"
"11/22/2011","6480.40","6475.05","6525.00","6378.00","2.90K","+0.35%"
"11/21/2011","6457.80","6372.00","6475.00","6341.50","4.62K","+1.16%"
"11/18/2011","6383.95","6425.00","6425.00","6325.00","2.42K","-0.69%"
"11/17/2011","6428.15","6579.75","6599.05","6400.00","3.04K","-2.23%"
"11/16/2011","6574.60","6743.90","6774.90","6562.20","4.08K","-2.63%"
"11/15/2011","6751.95","6797.90","6797.90","6651.60","4.74K","+0.12%"
"11/14/2011","6744.00","6770.05","6856.35","6690.00","2.81K","-0.01%"
"11/11/2011","6744.95","6810.00","6845.00","6720.00","4.35K","-0.80%"
"11/09/2011","6799.65","6790.05","6864.95","6715.00","7.67K","-0.09%"
"11/08/2011","6805.60","6750.00","6850.00","6686.15","8.31K","+1.15%"
"11/04/2011","6728.05","6750.00","6790.00","6711.25","2.28K","+0.86%"
"11/03/2011","6670.45","6679.60","6769.95","6632.00","2.87K","-1.01%"
"11/02/2011","6738.25","6685.00","6811.45","6625.50","2.61K","+0.35%"
"11/01/2011","6714.75","6819.95","6873.00","6680.35","3.10K","-1.59%"
"10/31/2011","6823.10","6800.00","6921.00","6725.00","14.95K","+0.92%"
"10/28/2011","6760.75","6655.00","6950.00","6655.00","6.55K","+2.87%"
"10/25/2011","6572.05","6569.00","6630.00","6390.00","6.63K","+1.60%"
"10/24/2011","6468.45","6551.05","6598.95","6448.00","5.11K","-0.86%"
"10/21/2011","6524.55","6600.00","6617.85","6490.00","3.71K","-0.60%"
"10/20/2011","6563.75","6570.00","6650.00","6510.00","5.00K","-0.63%"
"10/19/2011","6605.50","6620.00","6624.00","6577.05","5.28K","+0.54%"
"10/18/2011","6570.20","6725.00","6739.95","6485.00","7.55K","-2.65%"
"10/17/2011","6748.80","6795.00","6830.00","6721.15","3.27K","-0.01%"
"10/14/2011","6749.25","6790.00","6790.00","6725.00","2.28K","+0.03%"
"10/13/2011","6747.55","6727.00","6821.05","6710.00","6.03K","+0.30%"
"10/12/2011","6727.15","6645.00","6885.00","6616.05","4.27K","+1.84%"
"10/11/2011","6605.35","6666.00","6787.00","6573.15","6.29K","+0.27%"
"10/10/2011","6587.45","6595.55","6639.90","6552.00","2.52K","+0.36%"
"10/07/2011","6563.90","6625.00","6640.00","6500.05","2.83K","+1.84%"
"10/05/2011","6445.60","6510.00","6575.00","6410.00","2.52K","-0.42%"
"10/04/2011","6472.75","6600.00","6644.00","6450.00","5.47K","-0.99%"
"10/03/2011","6537.70","6597.95","6700.00","6481.15","2.67K","-1.21%"
"09/30/2011","6617.70","6621.00","6695.00","6550.20","4.00K","-0.50%"
"09/29/2011","6650.80","6550.00","6684.95","6500.00","12.39K","+0.14%"
"09/28/2011","6641.80","6726.05","6787.00","6600.00","4.97K","-1.08%"
"09/27/2011","6714.40","6680.00","6740.00","6620.00","5.22K","+2.29%"
"09/26/2011","6563.90","6709.95","6725.00","6505.00","5.26K","-1.48%"
"09/23/2011","6662.45","6730.00","6750.00","6580.00","6.42K","-1.11%"
"09/22/2011","6737.20","6929.00","6990.00","6683.00","12.35K","-4.20%"
"09/21/2011","7032.90","7115.70","7145.55","7005.00","5.25K","-0.71%"
"09/20/2011","7082.95","7105.00","7150.00","7051.10","5.78K","+0.03%"
"09/19/2011","7080.70","7000.00","7130.00","6962.15","8.80K","+0.11%"
"09/16/2011","7072.75","7089.00","7149.00","7030.05","8.39K","+0.61%"
"09/15/2011","7030.20","6949.85","7065.00","6915.00","13.87K","+2.24%"
"09/14/2011","6875.95","6900.00","6960.00","6855.00","7.32K","+0.16%"
"09/13/2011","6865.05","6929.95","7090.00","6850.05","11.95K","-0.27%"
"09/12/2011","6883.50","7050.00","7080.30","6808.80","7.51K","-2.99%"
"09/09/2011","7095.90","7319.00","7319.00","7053.15","7.41K","-2.08%"
"09/08/2011","7246.50","7250.00","7315.00","7172.00","8.18K","-0.04%"
"09/07/2011","7249.35","7300.00","7370.00","7200.00","13.83K","+0.12%"
"09/06/2011","7240.55","6925.00","7274.00","6815.10","18.04K","+4.07%"
"09/05/2011","6957.40","6844.00","6992.50","6767.00","8.32K","+1.62%"
"09/02/2011","6846.30","6630.00","6899.00","6590.15","16.18K","+3.43%"
"08/30/2011","6619.15","6479.90","6638.40","6425.65","15.30K","+3.24%"
"08/29/2011","6411.45","6310.00","6475.00","6230.10","9.89K","+2.93%"
"08/26/2011","6228.80","6366.05","6480.00","6190.00","4.94K","-2.16%"
"08/25/2011","6366.30","6575.00","6620.00","6310.00","21.45K","-3.15%"
"08/24/2011","6573.35","6585.05","6678.60","6501.55","5.51K","-0.08%"
"08/23/2011","6578.50","6600.00","6673.00","6500.00","8.56K","+0.02%"
"08/22/2011","6577.00","6400.05","6650.00","6316.00","7.96K","+2.82%"
"08/19/2011","6396.70","6399.90","6500.00","6270.00","9.92K","-2.24%"
"08/18/2011","6543.25","6844.00","6844.00","6501.00","6.91K","-2.96%"
"08/17/2011","6742.75","6828.00","6950.00","6650.00","8.55K","-1.25%"
"08/16/2011","6828.00","7146.05","7233.00","6781.00","13.14K","-4.39%"
"08/12/2011","7141.20","7305.00","7348.95","7100.65","8.21K","-2.23%"
"08/11/2011","7304.00","7351.05","7367.00","7211.00","12.81K","-1.01%"
"08/10/2011","7378.65","7385.00","7450.05","7317.25","20.12K","+1.19%"
"08/09/2011","7292.05","7008.70","7382.00","7008.70","14.77K","+1.52%"
"08/08/2011","7182.95","7009.00","7238.85","6950.10","13.76K","+0.04%"
"08/05/2011","7179.75","6998.00","7215.45","6891.35","13.81K","-0.22%"
"08/04/2011","7195.70","7100.00","7308.95","7060.05","19.16K","+2.30%"
"08/03/2011","7034.10","7021.00","7099.00","6952.00","8.53K","-0.48%"
"08/02/2011","7068.20","7150.00","7172.10","7032.00","7.12K","-0.98%"
"08/01/2011","7138.35","7240.10","7385.00","7088.05","20.12K","-0.98%"
"07/29/2011","7208.85","7110.05","7250.00","7011.00","15.69K","+1.51%"
"07/28/2011","7101.95","7311.00","7463.50","7052.25","34.86K","-3.50%"
"07/27/2011","7359.25","7430.00","7454.00","7320.05","6.75K","-1.28%"
"07/26/2011","7454.30","7592.00","7654.85","7440.00","7.97K","-1.99%"
"07/25/2011","7605.95","7555.00","7681.00","7535.10","9.69K","+0.80%"
"07/22/2011","7545.75","7460.00","7573.00","7430.00","13.54K","+1.55%"
"07/21/2011","7430.80","7750.00","7809.85","7402.25","23.12K","-3.98%"
"07/20/2011","7738.60","7800.00","7898.00","7702.40","18.88K","-0.61%"
"07/19/2011","7785.85","7729.00","7950.00","7631.50","31.56K","+0.89%"
"07/18/2011","7716.95","7730.00","7860.00","7690.00","15.32K","-0.53%"
"07/15/2011","7758.00","7492.00","7855.00","7455.00","38.50K","+3.35%"
"07/14/2011","7506.60","7388.00","7532.00","7311.00","11.53K","+0.08%"
"07/13/2011","7500.80","7525.00","7536.50","7430.00","17.66K","+0.52%"
"07/12/2011","7461.90","7355.00","7515.00","7320.00","26.99K","+1.11%"
"07/11/2011","7380.00","7232.00","7432.00","7232.00","20.66K","+1.93%"
"07/08/2011","7240.05","7121.00","7324.90","7101.95","28.84K","+1.96%"
"07/07/2011","7100.85","6950.00","7161.00","6950.00","16.26K","+2.22%"
"07/06/2011","6946.35","6988.00","7032.90","6920.25","7.13K","+0.04%"
"07/05/2011","6943.55","6954.00","7050.00","6920.90","16.14K","-0.39%"
"07/04/2011","6971.05","6850.00","7023.70","6801.00","14.18K","+1.22%"
"07/01/2011","6886.85","6720.00","6945.35","6710.00","13.51K","+2.83%"
"06/30/2011","6697.50","6775.05","6873.75","6660.00","14.38K","-1.07%"
"06/29/2011","6770.15","6910.00","6919.00","6710.80","11.05K","-1.09%"
"06/28/2011","6845.10","6650.00","6915.00","6614.00","27.81K","+4.10%"
"06/27/2011","6575.70","6535.00","6635.00","6510.00","4.68K","+0.37%"
"06/24/2011","6551.55","6500.00","6666.00","6470.00","14.20K","+1.88%"
"06/23/2011","6430.45","6320.00","6470.00","6220.05","19.97K","+1.90%"
"06/22/2011","6310.35","6593.05","6659.00","6225.10","36.46K","-3.99%"
"06/21/2011","6572.75","6670.00","6699.00","6525.00","4.75K","-0.37%"
"06/20/2011","6597.30","6777.75","6790.00","6515.00","4.99K","-2.15%"
"06/17/2011","6742.40","6825.00","6898.00","6716.00","4.10K","-1.09%"
"06/16/2011","6816.95","6712.05","6910.00","6712.05","11.98K","+0.64%"
"06/15/2011","6773.40","6820.00","6872.00","6733.25","5.04K","-1.07%"
"06/14/2011","6846.95","6748.05","6915.00","6741.10","5.24K","+1.46%"
"06/13/2011","6748.10","6800.00","6820.00","6700.00","4.57K","-0.84%"
"06/10/2011","6805.00","6860.00","6899.95","6785.00","5.00K","-0.79%"
"06/09/2011","6859.20","6919.95","6924.00","6825.00","3.27K","-0.29%"
"06/08/2011","6879.20","6886.00","6975.00","6857.25","9.86K","-0.13%"
"06/07/2011","6887.85","6732.00","6919.00","6732.00","6.06K","+2.05%"
"06/06/2011","6749.75","6787.00","6841.00","6601.50","5.22K","-0.08%"
"06/03/2011","6754.95","6839.80","6852.00","6741.20","3.88K","-0.44%"
"06/02/2011","6784.85","6815.00","6885.00","6760.00","6.72K","-1.46%"
"06/01/2011","6885.70","6780.00","6944.00","6780.00","11.02K","+1.45%"
"05/31/2011","6787.25","6690.00","6822.95","6680.00","6.61K","+1.87%"
"05/30/2011","6662.95","6708.90","6749.80","6611.00","3.08K","-0.02%"
"05/27/2011","6664.50","6749.00","6749.00","6560.25","5.76K","+1.82%"
"05/26/2011","6545.30","6780.00","6800.00","6502.50","16.60K","-2.76%"
"05/25/2011","6731.35","6800.00","6865.00","6711.00","5.86K","-0.83%"
"05/24/2011","6787.70","6838.00","6930.00","6755.00","7.80K","-0.91%"
"05/23/2011","6850.05","6935.00","7009.90","6820.00","6.18K","-1.46%"
"05/20/2011","6951.30","6931.05","6994.50","6931.05","2.87K","+0.38%"
"05/19/2011","6925.20","7012.00","7025.00","6910.00","4.92K","-0.77%"
"05/18/2011","6979.20","6980.00","7080.00","6905.00","10.38K","+0.53%"
"05/17/2011","6942.50","7075.00","7090.00","6910.70","5.59K","-1.42%"
"05/16/2011","7042.15","6980.00","7090.00","6980.00","2.87K","-0.41%"
"05/13/2011","7071.00","6987.05","7200.00","6900.00","9.41K","+1.20%"
"05/12/2011","6986.95","7059.95","7099.00","6962.40","4.73K","-0.99%"
"05/11/2011","7056.60","7037.15","7148.00","7010.00","12.80K","+0.39%"
"05/10/2011","7029.40","7012.00","7105.00","6900.00","10.71K","-0.05%"
"05/09/2011","7032.85","7000.00","7149.00","7000.00","9.63K","+0.57%"
"05/06/2011","6993.00","6960.00","7120.00","6960.00","15.78K","+0.85%"
"05/05/2011","6934.20","6907.15","7175.00","6836.00","28.37K","+0.39%"
"05/04/2011","6906.95","6851.05","6947.70","6832.50","8.49K","+0.35%"
"05/03/2011","6883.15","7023.95","7065.00","6868.00","9.30K","-2.13%"
"05/02/2011","7033.15","7125.00","7185.00","7001.00","7.94K","-1.27%"
"04/29/2011","7123.30","7248.00","7274.60","7100.10","7.65K","-1.01%"
"04/28/2011","7196.10","7150.65","7318.00","7150.65","15.74K","+0.01%"
"04/27/2011","7195.20","7230.00","7319.90","7170.20","9.70K","-1.13%"
"04/26/2011","7277.40","7309.90","7359.40","7201.00","19.82K","-0.61%"
"04/25/2011","7322.10","7480.00","7480.00","7270.20","45.60K","-1.71%"
"04/21/2011","7449.65","6792.00","7504.95","6775.85","157.89K","+9.96%"
"04/20/2011","6775.05","6596.00","6831.25","6596.00","17.42K","+2.31%"
"04/19/2011","6621.85","6581.15","6675.00","6580.00","5.59K","+0.78%"
"04/18/2011","6570.65","6530.15","6790.00","6530.00","15.56K","+0.82%"
"04/15/2011","6517.05","6600.00","6600.00","6500.00","5.75K","-0.84%"
"04/13/2011","6572.20","6500.15","6592.00","6475.00","6.67K","+1.00%"
"04/11/2011","6507.20","6501.05","6594.00","6489.75","6.30K","-0.09%"
"04/08/2011","6512.75","6629.95","6714.00","6501.00","13.65K","-1.84%"
"04/07/2011","6635.10","6545.05","6775.05","6510.00","31.60K","+1.46%"
"04/06/2011","6539.30","6567.45","6675.00","6500.00","13.70K","-0.09%"
"04/05/2011","6545.35","6600.05","6609.95","6500.00","5.96K","-0.30%"
"04/04/2011","6565.20","6415.00","6620.00","6415.00","8.82K","+1.08%"
"04/01/2011","6495.10","6374.95","6521.00","6310.10","15.64K","+3.57%"
"03/31/2011","6271.10","6395.00","6419.80","6210.00","11.66K","-0.91%"
"03/30/2011","6328.65","6345.05","6429.90","6315.00","6.46K","+0.22%"
"03/29/2011","6314.70","6451.05","6500.00","6290.00","7.21K","-2.05%"
"03/28/2011","6446.95","6642.00","6660.00","6420.00","10.30K","-2.37%"
"03/25/2011","6603.65","6555.05","6640.00","6555.05","6.73K","+0.76%"
"03/24/2011","6553.90","6521.05","6689.95","6521.05","8.34K","+0.50%"
"03/23/2011","6521.55","6549.95","6580.00","6495.05","6.99K","+0.01%"
"03/22/2011","6520.85","6490.05","6628.90","6490.05","8.55K","+0.91%"
"03/21/2011","6461.85","6647.95","6647.95","6435.10","7.25K","-2.26%"
"03/18/2011","6611.35","6743.30","6743.30","6551.10","10.47K","-0.72%"
"03/17/2011","6659.60","6670.95","6780.00","6625.15","13.11K","-0.94%"
"03/16/2011","6723.05","6722.00","6865.00","6690.00","22.25K","+1.24%"
"03/15/2011","6640.85","6450.00","6809.90","6280.00","63.00K","+2.07%"
"03/14/2011","6506.25","6090.00","6549.00","6090.00","33.95K","+6.71%"
"03/11/2011","6096.95","6090.00","6265.00","6060.00","11.69K","-1.21%"
"03/10/2011","6171.45","6075.00","6200.00","6025.00","8.97K","+0.64%"
"03/09/2011","6132.50","6052.00","6180.00","6052.00","14.11K","+1.76%"
"03/08/2011","6026.20","5890.00","6100.00","5805.00","11.41K","+3.11%"
"03/07/2011","5844.30","5959.85","5959.85","5750.00","5.87K","-2.17%"
"03/04/2011","5973.90","6070.00","6098.00","5910.55","7.17K","-0.12%"
"03/03/2011","5980.95","5950.00","6050.00","5860.00","11.09K","-0.02%"
"03/01/2011","5982.30","5734.00","6048.90","5665.10","14.47K","+5.63%"
"02/28/2011","5663.50","5518.00","5769.00","5518.00","8.73K","+1.86%"
"02/25/2011","5560.00","5603.00","5689.00","5540.00","5.81K","-0.21%"
"02/24/2011","5571.85","5840.00","5840.00","5530.20","8.84K","-3.77%"
"02/23/2011","5790.35","5869.95","5870.00","5766.00","4.74K","-0.34%"
"02/22/2011","5809.90","5821.00","5919.05","5750.00","4.65K","-1.63%"
"02/21/2011","5905.95","5816.00","5979.00","5816.00","4.84K","-0.03%"
"02/18/2011","5907.85","6137.80","6139.00","5875.10","7.94K","-2.95%"
"02/17/2011","6087.35","6140.00","6199.00","6075.00","10.55K","-1.01%"
"02/16/2011","6149.15","6205.00","6240.00","6115.00","6.20K","-0.74%"
"02/15/2011","6195.05","6200.00","6280.00","6125.00","10.97K","-0.06%"
"02/14/2011","6199.00","6110.00","6279.95","6090.00","12.80K","+2.33%"
"02/11/2011","6058.05","5575.00","6125.00","5575.00","20.61K","+8.72%"
"02/10/2011","5572.10","5555.00","5710.00","5325.00","23.93K","+0.50%"
"02/09/2011","5544.15","5850.00","5870.00","5501.00","9.43K","-5.50%"
"02/08/2011","5867.05","6025.00","6099.00","5736.70","5.13K","-1.82%"
"02/07/2011","5975.70","6000.00","6000.00","5920.05","4.08K","+0.93%"
"02/04/2011","5920.60","6101.00","6175.10","5900.00","9.01K","-2.95%"
"02/03/2011","6100.80","5984.00","6138.00","5904.00","8.24K","+3.18%"
"02/02/2011","5912.65","6000.00","6118.00","5880.00","5.97K","+0.23%"
"02/01/2011","5898.95","6100.00","6100.00","5866.00","10.46K","-2.64%"
"01/31/2011","6059.20","5935.20","6149.95","5860.05","11.12K","-1.62%"
"01/28/2011","6158.70","6650.00","6655.00","6138.90","13.22K","-7.40%"
"01/27/2011","6651.00","6641.90","6700.00","6600.00","6.83K","+0.95%"
"01/25/2011","6588.20","6665.00","6725.00","6555.00","4.22K","-0.71%"
"01/24/2011","6635.15","6649.00","6742.00","6567.05","8.39K","+0.28%"
"01/21/2011","6616.95","6599.00","6675.00","6551.00","3.95K","+0.65%"
"01/20/2011","6574.15","6450.15","6600.00","6425.00","6.25K","+1.28%"
"01/19/2011","6491.00","6580.00","6580.00","6460.00","3.41K","-0.36%"
"01/18/2011","6514.30","6547.00","6562.70","6460.00","4.68K","+0.97%"
"01/17/2011","6451.55","6600.00","6675.00","6400.00","8.98K","-1.94%"
"01/14/2011","6579.00","6675.00","6772.00","6542.00","6.43K","-1.45%"
"01/13/2011","6675.70","6665.05","6919.90","6620.00","11.49K","-0.13%"
"01/12/2011","6684.30","6690.00","6800.00","6550.00","9.22K","+1.33%"
"01/11/2011","6596.85","6700.00","6888.00","6549.00","12.87K","-1.10%"
"01/10/2011","6670.50","7100.00","7100.00","6636.20","11.36K","-5.51%"
"01/07/2011","7059.65","7270.00","7270.00","7025.00","7.21K","-1.68%"
"01/06/2011","7179.95","7332.00","7384.50","7155.00","7.49K","-2.00%"
"01/05/2011","7326.85","7400.05","7462.00","7288.00","6.83K","-1.08%"
"01/04/2011","7406.80","7420.00","7525.00","7351.10","15.61K","+0.69%"
"01/03/2011","7356.40","7252.00","7450.00","7252.00","21.37K","+2.14%"
"12/31/2010","7202.50","7250.00","7285.00","7166.50","14.62K","+0.29%"
"12/30/2010","7181.95","7249.00","7261.00","7170.00","5.30K","+0.05%"
"12/29/2010","7178.65","7160.00","7285.00","7151.30","6.49K","-0.34%"
"12/28/2010","7203.45","7330.00","7330.00","7200.00","6.62K","-1.12%"
"12/27/2010","7285.40","7390.00","7395.00","7267.00","7.06K","-0.71%"
"12/24/2010","7337.35","7259.90","7510.35","7259.90","30.52K","+2.20%"
"12/23/2010","7179.15","7295.00","7295.00","7161.00","3.88K","-0.53%"
"12/22/2010","7217.15","7218.00","7350.00","7210.10","4.49K","-1.10%"
"12/21/2010","7297.60","7350.00","7380.00","7265.00","4.08K","+0.31%"
"12/20/2010","7275.10","7255.00","7349.90","7222.05","3.53K","+0.40%"
"12/16/2010","7246.00","7347.40","7349.95","7150.00","6.99K","-0.87%"
"12/15/2010","7309.80","7501.10","7559.95","7225.60","7.73K","-2.56%"
"12/14/2010","7501.90","7469.00","7575.00","7442.00","5.45K","+0.69%"
"12/13/2010","7450.60","7499.00","7532.10","7359.00","5.30K","+0.70%"
"12/10/2010","7398.90","7231.10","7469.70","7041.05","9.28K","+2.34%"
"12/09/2010","7229.75","7726.70","7726.70","7201.10","10.41K","-5.75%"
"12/08/2010","7671.15","7839.95","7839.95","7651.00","5.89K","-2.49%"
"12/07/2010","7867.15","7981.00","8025.20","7850.10","7.21K","-1.36%"
"12/06/2010","7975.55","8045.00","8215.25","7953.00","5.28K","+0.14%"
"12/03/2010","7964.30","8189.00","8199.80","7860.00","9.38K","-2.33%"
"12/02/2010","8154.35","8050.00","8255.00","8050.00","14.21K","+1.56%"
"12/01/2010","8028.85","7900.00","8100.00","7775.00","11.56K","+2.23%"
"11/30/2010","7853.50","7650.00","7970.00","7650.00","11.77K","+1.24%"
"11/29/2010","7757.65","8000.00","8000.00","7626.10","11.39K","-0.79%"
"11/26/2010","7819.10","8100.00","8100.00","7700.00","17.24K","-1.78%"
"11/25/2010","7961.15","8370.00","8493.50","7780.05","15.81K","-4.77%"
"11/24/2010","8359.75","8400.00","8535.00","8320.05","9.79K","-0.00%"
"11/23/2010","8359.90","8400.00","8599.70","8210.00","10.73K","-0.78%"
"11/22/2010","8425.95","9344.00","9344.00","8342.05","6.80K","+0.52%"
"11/19/2010","8382.50","8635.00","8699.95","8313.00","7.73K","-2.52%"
"11/18/2010","8599.20","8505.05","8848.00","8411.00","7.78K","-0.87%"
"11/16/2010","8674.65","9001.00","9057.95","8656.00","15.00K","-1.41%"
"11/15/2010","8799.05","8980.00","9049.90","8760.00","11.25K","-1.72%"
"11/12/2010","8952.95","9344.60","9420.00","8901.05","12.59K","-4.38%"
"11/11/2010","9362.80","9439.00","9559.90","9345.00","6.53K","-1.28%"
"11/10/2010","9484.00","9390.00","9599.00","9359.70","23.85K","+1.34%"
"11/09/2010","9358.75","9460.00","9520.00","9320.00","6.99K","-0.22%"
"11/08/2010","9379.20","9600.00","9600.00","9350.00","5.62K","-1.73%"
"11/05/2010","9544.25","9623.00","9700.00","9511.00","1.67K","+0.29%"
"11/04/2010","9516.70","9540.00","9666.00","9495.10","9.62K","-0.06%"
"11/03/2010","9522.45","9300.00","9754.00","9240.00","48.41K","+3.04%"
"11/02/2010","9241.40","9330.00","9388.75","9230.00","6.96K","-1.00%"
"11/01/2010","9334.30","9399.90","9470.00","9300.00","8.23K","+0.32%"
"10/29/2010","9304.55","9575.00","9575.00","9230.00","24.22K","-2.55%"
"10/28/2010","9547.85","9500.00","9824.00","9350.05","34.85K","+0.08%"
"10/27/2010","9540.50","9176.00","9620.00","9165.00","40.47K","+4.20%"
"10/26/2010","9155.95","9250.00","9285.00","9130.10","6.08K","-0.33%"
"10/25/2010","9186.70","9319.00","9338.00","9156.00","5.53K","-0.03%"
"10/22/2010","9189.55","9246.00","9342.00","9161.00","5.53K","-0.92%"
"10/21/2010","9274.50","9330.00","9430.00","9207.00","8.99K","-0.23%"
"10/20/2010","9295.55","9399.90","9600.25","9265.10","9.44K","-0.83%"
"10/19/2010","9373.20","9293.00","9555.00","9250.00","17.92K","+1.62%"
"10/18/2010","9223.50","9305.00","9340.00","9190.20","6.87K","-0.87%"
"10/15/2010","9304.65","9330.00","9450.00","9240.00","15.09K","+0.21%"
"10/14/2010","9285.25","9389.00","9522.00","9230.50","17.32K","-0.39%"
"10/13/2010","9322.05","9315.00","9739.00","9290.00","63.50K","+0.01%"
"10/12/2010","9321.45","8799.95","9560.00","8775.00","105.01K","+6.17%"
"10/11/2010","8779.90","8825.00","8886.00","8752.00","3.05K","-0.08%"
"10/08/2010","8786.70","8907.70","8907.70","8750.00","3.45K","-0.76%"
"10/07/2010","8853.85","8961.00","9080.00","8820.00","10.68K","-1.10%"
"10/06/2010","8952.10","9040.00","9060.00","8933.00","2.77K","-0.11%"
"10/05/2010","8961.95","9000.00","9065.00","8950.00","5.35K","-0.41%"
"10/04/2010","8998.70","9110.10","9164.00","8925.00","9.25K","-0.79%"
"10/01/2010","9070.40","8819.95","9120.00","8792.10","17.89K","+3.55%"
"09/30/2010","8759.45","8840.00","8840.00","8690.00","5.26K","-0.22%"
"09/29/2010","8779.20","8968.95","8969.00","8770.00","6.51K","-1.07%"
"09/28/2010","8874.25","8939.00","9115.00","8701.00","18.06K","+0.09%"
"09/27/2010","8866.55","8985.00","9050.00","8752.20","13.79K","-1.02%"
"09/24/2010","8958.30","8730.00","9020.00","8710.05","24.50K","+3.02%"
"09/23/2010","8695.45","8835.00","8931.00","8670.00","10.92K","-0.79%"
"09/22/2010","8764.55","8860.00","8967.95","8701.50","7.34K","-1.39%"
"09/21/2010","8888.20","9089.70","9108.00","8820.00","9.04K","-1.43%"
"09/20/2010","9016.80","9047.00","9140.00","9001.10","7.28K","+0.50%"
"09/17/2010","8971.90","9123.95","9170.00","8936.00","9.46K","-0.46%"
"09/16/2010","9013.55","9176.70","9176.70","8990.00","10.59K","-0.68%"
"09/15/2010","9075.65","9177.70","9280.00","9050.00","14.29K","-0.27%"
"09/14/2010","9100.35","9249.40","9324.00","9080.00","13.96K","-1.22%"
"09/13/2010","9212.30","9250.00","9439.80","9178.00","20.00K","+0.43%"
"09/09/2010","9172.50","9280.00","9370.00","9142.00","15.79K","-0.53%"
"09/08/2010","9221.40","9005.00","9420.00","8951.05","59.51K","+2.32%"
"09/07/2010","9012.50","9050.00","9218.00","8900.00","53.76K","-0.67%"
"09/06/2010","9073.00","8670.00","9250.00","8670.00","91.36K","+4.75%"
"09/03/2010","8661.25","8140.00","8865.00","7967.00","106.50K","+7.39%"
"09/02/2010","8065.30","7725.00","8150.00","7650.00","40.40K","+5.43%"
"09/01/2010","7649.85","7658.00","7740.00","7608.00","6.28K","+0.74%"
"08/31/2010","7593.95","7664.30","7731.00","7535.00","4.69K","-0.71%"
"08/30/2010","7648.55","7750.00","7845.00","7625.00","6.63K","-0.45%"
"08/27/2010","7682.85","7849.00","7945.00","7605.00","7.44K","-1.64%"
"08/26/2010","7810.60","7765.00","8068.00","7765.00","14.74K","+0.84%"
"08/25/2010","7745.70","7940.00","7976.00","7725.00","6.64K","-2.46%"
"08/24/2010","7941.00","8163.00","8220.00","7890.00","17.62K","-2.71%"
"08/23/2010","8162.50","7775.00","8300.00","7725.00","77.14K","+5.54%"
"08/20/2010","7733.70","7579.00","7840.00","7520.00","27.96K","+2.10%"
"08/19/2010","7574.55","7640.00","7690.00","7531.00","4.26K","-0.56%"
"08/18/2010","7617.25","7524.00","7695.00","7500.25","17.21K","+2.07%"
"08/17/2010","7463.00","7321.00","7609.20","7300.00","12.42K","+1.89%"
"08/16/2010","7324.50","7396.00","7410.00","7311.20","1.87K","-0.39%"
"08/13/2010","7353.10","7366.00","7440.00","7334.00","2.35K","-0.16%"
"08/12/2010","7364.80","7347.90","7478.00","7301.10","4.86K","+0.66%"
"08/11/2010","7316.40","7351.00","7444.95","7305.20","2.33K","-0.86%"
"08/10/2010","7380.15","7520.00","7540.00","7340.00","5.00K","-1.15%"
"08/09/2010","7466.15","7464.40","7600.00","7430.00","6.71K","+0.52%"
"08/06/2010","7427.55","7510.00","7650.00","7401.05","9.21K","-1.12%"
"08/05/2010","7511.45","7333.00","7769.00","7300.10","16.59K","+2.78%"
"08/04/2010","7308.60","7320.00","7360.00","7300.20","2.38K","+0.14%"
"08/03/2010","7298.40","7376.70","7408.00","7285.00","3.75K","-0.66%"
"08/02/2010","7346.90","7313.35","7412.00","7286.00","5.00K","+0.24%"
"07/30/2010","7329.55","7350.00","7441.00","7310.10","4.52K","+0.19%"
"07/29/2010","7315.95","7405.00","7475.00","7300.00","6.64K","-2.53%"
"07/28/2010","7505.65","7749.00","7787.30","7480.00","16.02K","-2.40%"
"07/27/2010","7690.60","7652.00","7798.00","7585.00","7.89K","+0.50%"
"07/26/2010","7652.45","7767.00","7767.00","7630.00","2.81K","-0.75%"
"07/23/2010","7710.10","7776.00","7797.00","7690.00","3.77K","-0.36%"
"07/22/2010","7738.00","7702.00","7860.00","7690.00","6.30K","+0.32%"
"07/21/2010","7713.25","7760.00","7777.00","7690.05","3.86K","+0.10%"
"07/20/2010","7705.25","7720.00","7820.00","7681.25","5.05K","-0.06%"
"07/19/2010","7709.55","7760.00","7769.70","7670.05","3.07K","-0.31%"
"07/16/2010","7733.30","7790.00","7799.80","7712.35","2.83K","-0.33%"
"07/15/2010","7758.90","7755.00","7840.00","7750.10","5.32K","+0.16%"
"07/14/2010","7746.60","7898.00","7907.70","7700.00","5.35K","-1.18%"
"07/13/2010","7839.35","7825.00","7949.00","7800.00","12.05K","+0.53%"
"07/12/2010","7798.30","7835.00","7880.00","7775.00","3.49K","+0.06%"
"07/09/2010","7793.50","7864.40","7898.00","7760.00","6.94K","-0.43%"
"07/08/2010","7827.35","7838.40","7960.50","7800.00","24.86K","+0.73%"
"07/07/2010","7771.00","7811.00","7910.00","7750.00","7.75K","-0.89%"
"07/06/2010","7840.60","7870.00","7909.00","7822.10","4.92K","+0.03%"
"07/05/2010","7838.00","7820.00","8040.00","7796.00","9.98K","-0.37%"
"07/02/2010","7867.00","7780.90","7930.00","7671.00","17.28K","+2.17%"
"07/01/2010","7699.95","7735.00","7815.00","7601.00","4.69K","-0.62%"
"06/30/2010","7748.00","7676.00","7820.00","7668.00","7.99K","-0.27%"
"06/29/2010","7768.70","7774.40","7968.00","7705.00","27.43K","+0.46%"
"06/28/2010","7733.35","7720.00","7839.50","7666.00","7.20K","+0.30%"
"06/25/2010","7710.25","7829.00","7990.00","7661.00","14.90K","-1.86%"
"06/24/2010","7856.30","7740.00","7949.00","7740.00","21.13K","+1.38%"
"06/23/2010","7749.45","7625.00","7830.00","7561.15","23.29K","+1.53%"
"06/22/2010","7632.85","7456.10","7769.00","7393.30","21.32K","+0.69%"
"06/21/2010","7580.80","7499.00","7775.00","7430.00","24.93K","+2.17%"
"06/18/2010","7419.80","7578.00","7609.00","7385.00","7.27K","-1.32%"
"06/17/2010","7518.95","7526.00","7625.00","7430.00","6.93K","+0.64%"
"06/16/2010","7471.20","7649.00","7744.00","7435.50","12.37K","-2.08%"
"06/15/2010","7630.05","7310.00","7940.00","7300.00","47.74K","+3.95%"
"06/14/2010","7339.80","7349.00","7375.00","7285.00","4.77K","+1.05%"
"06/11/2010","7263.25","7370.00","7374.00","7240.00","2.97K","-0.46%"
"06/10/2010","7296.60","7344.00","7410.00","7276.00","23.32K","+0.13%"
"06/09/2010","7286.90","7233.00","7411.00","7233.00","4.88K","-0.27%"
"06/08/2010","7306.30","7210.00","7424.00","7100.00","10.94K","+1.46%"
"06/07/2010","7201.40","7100.00","7342.00","7100.00","5.40K","-1.09%"
"06/04/2010","7280.90","7320.00","7345.00","7251.10","2.98K","-0.14%"
"06/03/2010","7291.25","7347.00","7347.00","7270.10","2.84K","+0.80%"
"06/02/2010","7233.15","7265.00","7300.00","7202.00","2.27K","+0.16%"
"06/01/2010","7221.75","7327.50","7410.00","7190.00","6.07K","-1.44%"
"05/31/2010","7327.25","7450.00","7470.00","7276.00","4.35K","-0.69%"
"05/28/2010","7378.45","7399.00","7431.00","7313.00","6.31K","+0.48%"
"05/27/2010","7343.45","7340.15","7417.50","7320.00","3.62K","+0.30%"
"05/26/2010","7321.50","7330.00","7474.00","7280.10","5.10K","+0.13%"
"05/25/2010","7311.90","7260.00","7350.00","7220.00","8.41K","+0.30%"
"05/24/2010","7290.15","7242.00","7352.80","7234.25","5.99K","+1.15%"
"05/21/2010","7206.95","7300.00","7300.00","7160.00","6.83K","-1.62%"
"05/20/2010","7325.80","7386.95","7490.00","7307.55","7.89K","+0.12%"
"05/19/2010","7317.05","7350.00","7558.00","7261.00","14.53K","-1.15%"
"05/18/2010","7402.35","7310.00","7612.00","7288.00","25.91K","+1.04%"
"05/17/2010","7326.30","7394.30","7398.00","7200.00","12.51K","-1.49%"
"05/14/2010","7436.95","7095.00","7575.00","7095.00","45.85K","+4.34%"
"05/13/2010","7127.30","7066.10","7188.00","7050.00","7.63K","+1.77%"
"05/12/2010","7003.35","7000.00","7138.00","6995.00","7.03K","-0.04%"
"05/11/2010","7006.35","6911.15","7049.00","6790.00","6.17K","+0.20%"
"05/10/2010","6992.55","6800.05","7001.00","6800.05","6.19K","+3.40%"
"05/07/2010","6762.40","6899.90","6920.00","6723.00","6.64K","-2.39%"
"05/06/2010","6928.20","6918.00","6990.05","6860.00","7.93K","+0.87%"
"05/05/2010","6868.75","6750.15","6925.00","6725.00","9.12K","+0.06%"
"05/04/2010","6864.80","7060.00","7060.00","6845.00","8.74K","-1.65%"
"05/03/2010","6979.95","7049.40","7123.00","6961.00","5.69K","-1.51%"
"04/30/2010","7086.75","7148.90","7175.00","7065.00","10.06K","+0.27%"
"04/29/2010","7067.70","7153.30","7264.00","7035.55","36.88K","+0.05%"
"04/28/2010","7064.15","7144.40","7185.00","7050.00","8.57K","-1.82%"
"04/27/2010","7194.95","7135.00","7274.00","7126.20","18.80K","+1.06%"
"04/26/2010","7119.35","7089.40","7230.90","7030.00","21.60K","+1.37%"
"04/23/2010","7022.85","7079.40","7116.85","7000.05","5.22K","-0.45%"
"04/22/2010","7054.70","7058.00","7149.80","7020.00","7.30K","-0.21%"
"04/21/2010","7069.30","7088.00","7179.00","7050.00","9.42K","+0.04%"
"04/20/2010","7066.70","7000.00","7166.80","7000.00","13.56K","+0.96%"
"04/19/2010","6999.40","6990.00","7060.00","6892.00","16.62K","-0.41%"
"04/16/2010","7028.40","7070.00","7173.00","6985.00","11.23K","-0.96%"
"04/15/2010","7096.25","7220.00","7274.40","7078.00","13.08K","-1.36%"
"04/13/2010","7193.95","7074.40","7360.00","7050.05","28.95K","+2.11%"
"04/12/2010","7045.40","7134.90","7148.00","7011.10","5.54K","-0.58%"
"04/09/2010","7086.50","7100.00","7199.00","7060.00","10.56K","+0.26%"
"04/08/2010","7068.25","7189.80","7273.30","7032.00","22.86K","-1.96%"
"04/07/2010","7209.75","6939.00","7249.00","6900.55","61.37K","+4.60%"
"04/06/2010","6893.00","6951.00","7019.40","6870.00","6.63K","-0.99%"
"04/05/2010","6961.80","6959.40","7099.00","6887.00","19.82K","+0.90%"
"04/01/2010","6899.50","6845.00","6968.00","6804.00","15.00K","+1.70%"
"03/31/2010","6784.35","6845.00","6862.00","6760.00","7.77K","-0.23%"
"03/30/2010","6800.30","6948.00","6974.00","6780.00","9.64K","-1.18%"
"03/29/2010","6881.55","7015.00","7050.00","6805.00","10.21K","-1.19%"
"03/26/2010","6964.65","7101.00","7160.00","6910.00","11.59K","-1.73%"
"03/25/2010","7087.00","7159.30","7229.00","7036.10","18.18K","-1.01%"
"03/23/2010","7159.30","7200.00","7318.00","7110.00","29.86K","-0.36%"
"03/22/2010","7184.85","6950.00","7298.00","6915.00","70.53K","+2.03%"
"03/19/2010","7041.60","7045.00","7125.45","6825.00","98.92K","-0.75%"
"03/18/2010","7094.90","6370.00","7244.85","6312.05","140.61K","+11.39%"
"03/17/2010","6369.40","6535.00","6549.00","6338.30","14.13K","-2.04%"
"03/16/2010","6501.85","6280.00","6539.85","6251.15","37.47K","+3.75%"
"03/15/2010","6266.90","6394.40","6394.40","6230.00","7.64K","-1.45%"
"03/12/2010","6358.80","6338.00","6435.00","6290.10","15.99K","+0.63%"
"03/11/2010","6318.85","6351.00","6351.00","6275.00","9.86K","+0.40%"
"03/10/2010","6293.90","6276.00","6390.00","6251.00","11.05K","-0.12%"
"03/09/2010","6301.50","6120.00","6418.70","6120.00","25.31K","+1.03%"
"03/08/2010","6237.15","5297.00","6276.00","5297.00","17.52K","+1.89%"
"03/05/2010","6121.20","6300.20","6329.00","6100.00","17.97K","-2.64%"
"03/04/2010","6287.35","5800.00","6350.00","5800.00","46.65K","+7.37%"
"03/03/2010","5855.80","5850.00","5925.00","5830.00","4.80K","+0.65%"
"03/02/2010","5817.90","5739.95","5865.00","5703.00","7.72K","+2.80%"
"02/26/2010","5659.60","5620.00","5765.00","5580.00","6.57K","+0.81%"
"02/25/2010","5614.35","5630.05","5657.00","5600.00","2.91K","-0.00%"
"02/24/2010","5614.55","5680.00","5680.00","5600.00","3.96K","-1.43%"
"02/23/2010","5696.20","5730.00","5774.80","5675.00","4.30K","-0.86%"
"02/22/2010","5745.70","5799.00","5839.00","5715.15","7.67K","+0.02%"
"02/19/2010","5744.30","5750.00","5789.95","5710.10","3.50K","-0.71%"
"02/18/2010","5785.15","5829.00","5860.00","5770.00","3.45K","-0.76%"
"02/17/2010","5829.60","5847.90","5900.00","5810.05","5.08K","+0.78%"
"02/16/2010","5784.45","5880.00","5900.00","5770.00","6.17K","-0.98%"
"02/15/2010","5841.80","5965.00","5966.95","5810.00","3.58K","-0.60%"
"02/11/2010","5876.85","5950.00","5993.30","5851.00","4.37K","-0.42%"
"02/10/2010","5901.90","6070.00","6080.00","5852.75","7.96K","-2.05%"
"02/09/2010","6025.55","5820.00","6074.00","5795.00","17.23K","+3.55%"
"02/08/2010","5819.15","5758.00","5850.00","5701.00","6.32K","+1.73%"
"02/05/2010","5720.25","5700.00","5780.00","5650.50","7.85K","-1.60%"
"02/04/2010","5813.30","5999.00","6068.00","5789.00","6.90K","-2.51%"
"02/03/2010","5962.90","6039.40","6082.00","5933.10","9.08K","-0.04%"
"02/02/2010","5965.15","6130.00","6225.00","5930.00","14.18K","-1.52%"
"02/01/2010","6057.25","5794.40","6124.00","5770.00","15.39K","+4.38%"
"01/29/2010","5802.95","5705.00","5839.00","5700.90","12.64K","+0.70%"
"01/28/2010","5762.75","5757.00","5919.00","5685.05","20.89K","+1.78%"
"01/27/2010","5662.20","6059.90","6117.80","5555.00","16.18K","-6.29%"
"01/25/2010","6042.35","6089.75","6120.00","6021.00","4.31K","-0.13%"
"01/22/2010","6050.15","6110.00","6149.00","6010.00","10.73K","-0.85%"
"01/21/2010","6102.25","6185.00","6240.00","6090.00","6.88K","-1.34%"
"01/20/2010","6185.00","6351.00","6352.85","6150.00","7.79K","-1.73%"
"01/19/2010","6294.15","6382.00","6460.00","6275.00","10.46K","-1.20%"
"01/18/2010","6370.45","6449.40","6498.95","6325.00","14.07K","-0.56%"
"01/15/2010","6406.10","6498.70","6549.50","6380.00","28.72K","-0.54%"
"01/14/2010","6440.80","6167.80","6485.00","6131.15","59.56K","+5.46%"
"01/13/2010","6107.10","6085.00","6145.00","6048.00","7.55K","+0.37%"
"01/12/2010","6084.35","6194.40","6194.40","6060.00","7.29K","-1.21%"
"01/11/2010","6158.60","6199.00","6252.00","6150.00","9.39K","-0.13%"
"01/08/2010","6166.85","6243.30","6294.40","6150.00","11.15K","-0.79%"
"01/07/2010","6216.20","6249.90","6371.00","6151.00","42.21K","+2.07%"
"01/06/2010","6090.40","6180.00","6198.00","6055.00","10.73K","-1.14%"
"01/05/2010","6160.60","6200.00","6269.00","6150.00","17.95K","+0.29%"
"01/04/2010","6142.95","6081.00","6215.00","6032.00","18.73K","+1.60%"
"12/31/2009","6045.95","6098.80","6170.00","6013.30","9.82K","-0.37%"
"12/30/2009","6068.65","6024.00","6169.00","6010.00","19.39K","+0.63%"
"12/29/2009","6030.80","6174.80","6200.00","6001.00","20.04K","-2.31%"
"12/24/2009","6173.70","6248.00","6295.00","6100.35","28.87K","-0.43%"
"12/23/2009","6200.15","6150.00","6282.00","6075.00","41.68K","+1.08%"
"12/22/2009","6133.95","6188.00","6300.00","5970.05","98.87K","-0.55%"
"12/21/2009","6168.15","6701.00","6890.00","6105.00","158.41K","-6.92%"
"12/18/2009","6626.70","6371.10","6720.00","6242.00","117.46K","+4.14%"
"12/17/2009","6363.25","5840.00","6425.00","5812.00","71.92K","+8.91%"
"12/16/2009","5842.50","5890.00","5910.00","5810.20","5.77K","-0.11%"
"12/15/2009","5848.80","5905.00","5944.00","5825.00","5.51K","-0.73%"
"12/14/2009","5891.90","5874.40","6020.00","5840.00","9.44K","+0.51%"
"12/11/2009","5862.05","5940.00","5966.35","5815.00","5.90K","-0.76%"
"12/10/2009","5906.90","5974.40","5974.40","5880.00","5.27K","+0.13%"
"12/09/2009","5899.20","5850.00","6050.00","5830.00","11.09K","+0.85%"
"12/08/2009","5849.35","5866.35","5963.30","5805.00","6.68K","-0.57%"
"12/07/2009","5883.15","6074.80","6074.80","5870.00","6.71K","-2.42%"
"12/04/2009","6029.35","6000.00","6085.00","5961.10","7.31K","+0.32%"
"12/03/2009","6009.95","6095.00","6099.80","5990.00","3.96K","-0.84%"
"12/02/2009","6060.90","6160.00","6169.00","6032.20","8.97K","-0.26%"
"12/01/2009","6076.75","6025.00","6125.00","5990.00","14.83K","+1.96%"
"11/30/2009","5960.10","5959.00","6015.00","5925.10","7.01K","+1.38%"
"11/27/2009","5878.85","5950.00","5950.00","5760.00","12.50K","-2.28%"
"11/26/2009","6015.95","6090.00","6145.00","6000.00","10.73K","-0.65%"
"11/25/2009","6055.10","6244.40","6244.40","6035.00","12.16K","-2.15%"
"11/24/2009","6188.30","6274.40","6335.00","6161.00","32.46K","+0.33%"
"11/23/2009","6168.15","5934.40","6336.00","5934.40","45.68K","+4.26%"
"11/20/2009","5915.95","5920.45","5980.00","5834.10","7.79K","+0.15%"
"11/19/2009","5907.15","6030.00","6075.00","5900.00","5.66K","-1.72%"
"11/18/2009","6010.60","6020.00","6094.95","5999.00","6.89K","+0.20%"
"11/17/2009","5998.85","6093.80","6145.00","5960.00","9.11K","-0.85%"
"11/16/2009","6050.20","6199.00","6200.00","6025.00","13.32K","-1.37%"
"11/13/2009","6134.40","5901.00","6219.00","5901.00","26.55K","+3.46%"
"11/12/2009","5929.35","6015.05","6112.20","5900.30","10.39K","-1.42%"
"11/11/2009","6015.00","5916.05","6128.40","5902.00","14.15K","+1.67%"
"11/10/2009","5916.10","6023.00","6178.00","5851.00","14.49K","-1.33%"
"11/09/2009","5995.60","6114.40","6168.00","5861.00","25.72K","+0.20%"
"11/06/2009","5983.85","5561.10","6100.00","5561.10","42.40K","+7.27%"
"11/05/2009","5578.10","5564.30","5650.00","5530.00","19.41K","-0.10%"
"11/04/2009","5583.90","5599.00","5799.00","5440.00","21.84K","+0.90%"
"11/03/2009","5534.30","5250.00","5700.00","5122.10","23.31K","+4.62%"
"10/30/2009","5289.85","5467.25","5513.80","5205.35","7.43K","-1.47%"
"10/29/2009","5368.80","5300.00","5470.00","5300.00","8.21K","-1.04%"
"10/28/2009","5425.15","5520.00","5550.00","5351.00","10.31K","-1.57%"
"10/27/2009","5511.75","5810.00","5810.00","5500.00","10.18K","-4.18%"
"10/26/2009","5752.40","5919.00","5935.00","5731.00","9.16K","-1.78%"
"10/23/2009","5856.75","6049.70","6149.00","5711.00","11.41K","-1.15%"
"10/22/2009","5925.10","6134.40","6169.90","5893.00","12.70K","-2.97%"
"10/21/2009","6106.20","6320.00","6349.00","6077.00","16.59K","-3.11%"
"10/20/2009","6302.50","6129.00","6370.00","6015.00","41.45K","+4.68%"
"10/16/2009","6020.65","6000.00","6140.00","5999.00","10.66K","+0.15%"
"10/15/2009","6011.40","6152.00","6170.00","5941.10","24.68K","-1.28%"
"10/14/2009","6089.05","6144.40","6270.00","6033.05","59.04K","+2.62%"
"10/12/2009","5933.45","5539.00","6030.20","5514.05","47.13K","+8.34%"
"10/09/2009","5476.75","5520.00","5620.00","5425.00","10.72K","-0.09%"
"10/08/2009","5481.95","5594.00","5635.00","5460.00","7.34K","-0.05%"
"10/07/2009","5484.65","5500.00","5729.00","5450.00","20.65K","+0.75%"
"10/06/2009","5443.95","5529.00","5793.30","5420.50","10.44K","+0.03%"
"10/05/2009","5442.55","5600.00","5670.00","5400.00","8.81K","-3.42%"
"10/01/2009","5635.25","5700.00","5750.00","5610.00","9.59K","-1.94%"
"09/30/2009","5746.45","5679.95","5825.00","5650.10","19.83K","+1.88%"
"09/29/2009","5640.55","5565.00","5918.00","5540.00","39.21K","+2.09%"
"09/25/2009","5525.00","5690.00","5820.00","5475.00","29.98K","-2.55%"
"09/24/2009","5669.35","5102.00","5740.00","4901.00","61.28K","+9.48%"
"09/23/2009","5178.45","5255.00","5289.00","5160.00","3.67K","-0.36%"
"09/22/2009","5196.90","5260.00","5329.80","5180.00","4.72K","-0.11%"
"09/18/2009","5202.75","5200.05","5278.00","5186.00","4.73K","-0.27%"
"09/17/2009","5217.00","5349.00","5375.00","5202.05","7.43K","-1.26%"
"09/16/2009","5283.80","5400.00","5420.00","5250.05","5.39K","-1.43%"
"09/15/2009","5360.45","5380.00","5489.70","5321.00","11.84K","+0.25%"
"09/14/2009","5347.20","5256.00","5525.00","5125.00","24.54K","+1.29%"
"09/11/2009","5279.05","5200.00","5360.00","4900.05","27.15K","+2.56%"
"09/10/2009","5147.40","5225.65","5415.00","5082.00","46.67K","+4.03%"
"09/09/2009","4948.20","4500.00","5170.00","4425.00","54.16K","+11.19%"
"09/08/2009","4450.25","4370.00","4480.00","4331.10","12.98K","+3.19%"
"09/07/2009","4312.85","4450.00","4480.00","4282.00","11.44K","-1.55%"
"09/04/2009","4380.95","4210.00","4480.00","4155.00","20.32K","+5.54%"
"09/03/2009","4150.80","4250.00","4280.00","4130.00","4.51K","-2.12%"
"09/02/2009","4240.85","4230.00","4275.00","4151.55","3.14K","+1.19%"
"09/01/2009","4191.15","4292.00","4319.00","4141.00","3.78K","-2.25%"
"08/31/2009","4287.80","4220.05","4395.00","4220.05","5.26K","+0.52%"
"08/28/2009","4265.75","4275.00","4340.00","4230.00","4.43K","-0.62%"
"08/27/2009","4292.20","4307.70","4349.00","4279.50","2.80K","-0.46%"
"08/26/2009","4312.20","4358.00","4358.00","4285.00","2.66K","+0.11%"
"08/25/2009","4307.50","4240.00","4360.00","4240.00","2.02K","-0.81%"
"08/24/2009","4342.55","4350.00","4460.60","4290.00","6.54K","+1.31%"
"08/21/2009","4286.20","4300.00","4369.00","4210.00","4.40K","-0.39%"
"08/20/2009","4302.85","4210.00","4450.00","4181.00","8.57K","+2.93%"
"08/19/2009","4180.20","4230.00","4265.00","4165.10","2.87K","-1.03%"
"08/18/2009","4223.80","4260.00","4294.00","4201.90","3.02K","-0.24%"
"08/17/2009","4234.10","4250.00","4345.00","4205.00","5.63K","-0.52%"
"08/14/2009","4256.05","4343.00","4346.00","4230.00","2.83K","-1.31%"
"08/13/2009","4312.60","4329.00","4370.00","4260.00","4.49K","+2.09%"
"08/12/2009","4224.40","4200.00","4315.00","4180.00","5.46K","-0.95%"
"08/11/2009","4264.95","4300.00","4370.00","4126.00","5.29K","-1.35%"
"08/10/2009","4323.35","4500.00","4649.40","4300.00","5.35K","-2.98%"
"08/07/2009","4455.95","4595.00","4641.00","4412.00","5.74K","-3.73%"
"08/06/2009","4628.70","4633.05","4855.00","4615.00","11.14K","-0.45%"
"08/05/2009","4649.65","4760.00","4760.00","4617.00","3.79K","-0.28%"
"08/04/2009","4662.90","4640.00","4895.00","4580.05","12.47K","+0.83%"
"08/03/2009","4624.60","4450.00","4790.00","4450.00","4.41K","-0.35%"
"07/31/2009","4640.80","4840.00","4889.95","4610.00","8.38K","-1.72%"
"07/30/2009","4721.85","4725.00","4958.00","4693.00","17.94K","+3.59%"
"07/29/2009","4558.35","4595.00","4650.00","4351.00","19.53K","-1.94%"
"07/28/2009","4648.60","4500.00","4950.00","4480.00","42.66K","+4.19%"
"07/27/2009","4461.60","3850.00","4583.80","3700.05","74.57K","+16.80%"
"07/24/2009","3819.80","3638.00","3857.00","3547.00","19.73K","+8.51%"
"07/23/2009","3520.15","3405.00","3585.00","3400.00","7.78K","+3.67%"
"07/22/2009","3395.40","3425.00","3487.00","3378.05","4.17K","+0.41%"
"07/21/2009","3381.60","3350.00","3439.00","3323.50","2.44K","+0.07%"
"07/20/2009","3379.30","3444.00","3444.00","3364.00","3.90K","-0.49%"
"07/17/2009","3395.80","3300.00","3490.00","3241.05","6.58K","+4.63%"
"07/16/2009","3245.45","3384.00","3384.00","3220.00","3.18K","-0.76%"
"07/15/2009","3270.45","3225.00","3325.00","3216.35","5.48K","+2.24%"
"07/14/2009","3198.70","3199.95","3249.95","3150.05","2.76K","+2.48%"
"07/13/2009","3121.20","3200.00","3247.00","3100.05","2.03K","-4.71%"
"07/10/2009","3275.35","3380.00","3450.00","3230.00","5.14K","-0.72%"
"07/09/2009","3299.25","3220.00","3350.00","3215.00","3.16K","+1.93%"
"07/08/2009","3236.70","3233.00","3317.00","3209.70","2.56K","-3.27%"
"07/07/2009","3346.00","3433.00","3433.00","3311.00","2.72K","-1.00%"
"07/06/2009","3379.80","3640.00","3669.00","3330.15","5.48K","-6.14%"
"07/03/2009","3601.05","3569.45","3677.00","3569.45","5.56K","-2.11%"
"07/02/2009","3678.65","3801.00","4374.00","3588.00","42.13K","+0.82%"
"07/01/2009","3648.70","3417.90","3744.90","3312.00","8.70K","+7.70%"
"06/30/2009","3387.90","3355.00","3407.70","3309.50","3.14K","+1.16%"
"06/29/2009","3349.10","3351.00","3394.70","3325.00","1.31K","-0.45%"
"06/26/2009","3364.15","3305.00","3400.00","3300.00","2.34K","+1.74%"
"06/25/2009","3306.65","3500.00","3699.90","3277.00","3.06K","-2.82%"
"06/24/2009","3402.50","3270.00","3600.00","3225.00","5.39K","+5.34%"
"06/23/2009","3230.00","3250.00","3282.00","3205.00","2.56K","-2.69%"
"06/22/2009","3319.35","3395.00","3449.00","3300.00","2.88K","-1.97%"
"06/19/2009","3386.05","3496.00","3550.00","3325.00","7.44K","+0.48%"
"06/18/2009","3369.95","3375.00","3647.95","3261.00","8.35K","-2.43%"
"06/17/2009","3453.75","3601.00","3900.00","3400.00","36.86K","+1.29%"
"06/16/2009","3409.85","3251.00","3460.50","3250.00","6.34K","+3.09%"
"06/15/2009","3307.55","3441.15","3460.00","3301.00","1.43K","-2.96%"
"06/12/2009","3408.35","3480.05","3547.95","3380.00","3.50K","-2.50%"
"06/11/2009","3495.90","3598.50","3598.50","3441.05","5.18K","+0.33%"
"06/10/2009","3484.40","3535.00","3660.00","3455.00","6.29K","-0.82%"
"06/09/2009","3513.05","3450.00","3574.00","3400.00","5.75K","+1.37%"
"06/08/2009","3465.70","3550.00","3675.00","3410.00","9.59K","+2.50%"
"06/05/2009","3381.20","3390.00","3471.00","3350.00","2.08K","-1.49%"
"06/04/2009","3432.30","3400.00","3475.00","3381.05","4.15K","+0.57%"
"06/03/2009","3412.75","3300.00","3499.00","3225.00","8.51K","+5.81%"
"06/02/2009","3225.50","3385.00","3445.00","3175.50","6.63K","-4.29%"
"06/01/2009","3370.20","3240.00","3410.00","3140.00","7.45K","+6.59%"
"05/29/2009","3161.90","3200.00","3240.00","3100.00","4.07K","+0.71%"
"05/28/2009","3139.55","3199.00","3245.00","3120.00","3.41K","-1.36%"
"05/27/2009","3182.95","3340.00","3340.00","3154.00","4.65K","+2.48%"
"05/26/2009","3105.80","3380.00","3500.00","3050.00","17.11K","-5.33%"
"05/25/2009","3280.75","2850.00","3497.00","2850.00","24.81K","+19.81%"
"05/22/2009","2738.35","2600.00","2850.00","2600.00","3.46K","+1.37%"
"05/21/2009","2701.30","2545.20","2790.00","2532.05","5.66K","+6.50%"
"05/20/2009","2536.55","2360.00","2550.00","2360.00","1.94K","+1.95%"
"05/19/2009","2488.15","2600.00","2750.00","2411.00","5.78K","-3.93%"
"05/18/2009","2589.95","2589.95","2589.95","2589.95","1","+9.88%"
"05/15/2009","2357.05","2360.00","2425.00","2345.05","1.64K","-0.11%"
"05/14/2009","2359.60","2216.00","2395.00","2216.00","2.22K","+2.67%"
"05/13/2009","2298.30","2310.00","2350.00","2281.65","3.05K","+0.94%"
"05/12/2009","2276.80","2276.10","2290.00","2205.25","1.72K","+0.06%"
"05/11/2009","2275.50","2306.00","2366.95","2263.10","1.02K","-2.18%"
"05/08/2009","2326.25","2301.10","2379.80","2301.10","1.51K","-1.03%"
"05/07/2009","2350.45","2290.00","2379.80","2290.00","2.40K","+3.86%"
"05/06/2009","2263.00","2255.00","2379.70","2210.00","4.87K","-0.73%"
"05/05/2009","2279.75","2256.15","2320.00","2256.15","1.75K","-0.93%"
"05/04/2009","2301.25","2216.20","2357.75","2216.20","4.54K","+3.01%"
"04/29/2009","2234.00","2200.00","2315.00","2152.60","4.06K","+1.76%"
"04/28/2009","2195.30","2220.00","2298.95","2180.00","1.18K","-2.08%"
"04/27/2009","2241.95","2256.00","2315.00","2177.05","3.06K","-0.45%"
"04/24/2009","2252.05","2285.90","2303.00","2210.00","1.88K","+1.02%"
"04/23/2009","2229.40","2202.00","2250.00","2160.00","2.89K","-0.67%"
"04/22/2009","2244.40","2285.00","2360.00","2211.15","5.05K","-0.87%"
"04/21/2009","2264.20","2120.00","2350.00","2120.00","5.61K","+4.46%"
"04/20/2009","2167.60","2134.75","2250.00","2030.00","4.36K","+5.35%"
"04/17/2009","2057.50","1990.00","2196.00","1990.00","16.28K","-1.72%"
"04/16/2009","2093.45","2280.00","2280.00","2050.00","2.66K","-5.79%"
"04/15/2009","2222.15","2240.00","2285.00","2200.00","3.23K","-0.83%"
"04/13/2009","2240.85","2097.95","2350.00","2071.00","10.76K","+9.48%"
"04/09/2009","2046.85","2092.00","2092.00","2035.00","1.80K","-0.20%"
"04/08/2009","2051.00","1940.00","2089.00","1900.00","2.82K","+3.02%"
"04/06/2009","1990.95","1930.05","2050.00","1910.00","2.61K","+3.37%"
"04/02/2009","1926.00","1850.00","1950.00","1850.00","2.64K","+5.78%"
"04/01/2009","1820.75","1795.95","1850.00","1701.00","2.58K","+4.72%"
"03/31/2009","1738.75","1698.00","1789.00","1650.00","1.74K","+4.67%"
"03/30/2009","1661.20","1695.00","1695.00","1650.50","478","-1.41%"
"03/27/2009","1685.00","1693.00","1708.00","1658.00","1.50K","+0.37%"
"03/26/2009","1678.75","1655.00","1685.00","1650.00","707","+2.50%"
"03/25/2009","1637.85","1650.00","1665.00","1615.00","933","-0.24%"
"03/24/2009","1641.80","1700.00","1738.50","1626.00","2.53K","-2.20%"
"03/23/2009","1678.75","1620.00","1712.00","1607.50","1.18K","+4.67%"
"03/20/2009","1603.85","1630.00","1631.50","1595.30","284","-1.77%"
"03/19/2009","1632.75","1600.70","1695.00","1600.70","1.07K","+0.98%"
"03/18/2009","1616.90","1600.00","1645.85","1579.85","1.16K","+1.32%"
"03/17/2009","1595.85","1574.95","1624.90","1555.00","1.15K","+2.78%"
"03/16/2009","1552.75","1561.95","1565.00","1533.00","603","+1.06%"
"03/13/2009","1536.45","1549.00","1550.00","1500.00","1.17K","+0.44%"
"03/12/2009","1529.70","1525.00","1549.95","1525.00","474","-0.41%"
"03/09/2009","1535.95","1550.00","1550.00","1525.00","744","+0.01%"
"03/06/2009","1535.80","1525.00","1549.95","1470.00","978","-0.39%"
"03/05/2009","1541.75","1619.00","1620.05","1535.00","1.47K","-3.40%"
"03/04/2009","1595.95","1611.00","1647.00","1590.00","947","-1.17%"
"03/03/2009","1614.90","1625.00","1630.00","1610.00","583","-1.61%"
"03/02/2009","1641.25","1651.00","1655.00","1620.25","584","-0.37%"
"02/27/2009","1647.40","1649.95","1651.00","1625.00","555","+0.50%"
"02/26/2009","1639.15","1625.00","1648.00","1602.40","508","+0.89%"
"02/25/2009","1624.70","1645.00","1653.00","1610.00","742","+0.24%"
"02/24/2009","1620.75","1650.00","1650.00","1600.00","595","-0.74%"
"02/20/2009","1632.90","1669.75","1669.75","1620.00","955","-1.17%"
"02/19/2009","1652.20","1650.00","1695.00","1640.00","716","+0.48%"
"02/18/2009","1644.25","1650.00","1695.00","1625.00","695","-0.59%"
"02/17/2009","1654.00","1661.05","1669.80","1620.00","1.02K","-1.11%"
"02/16/2009","1672.60","1747.90","1747.90","1660.05","549","-2.38%"
"02/13/2009","1713.45","1724.95","1750.00","1662.25","1.26K","+1.20%"
"02/12/2009","1693.15","1658.00","1738.00","1641.50","1.27K","+2.06%"
"02/11/2009","1659.05","1650.00","1670.00","1623.10","564","-0.85%"
"02/10/2009","1673.35","1668.90","1689.95","1650.00","1.09K","+1.19%"
"02/09/2009","1653.60","1670.00","1670.00","1611.00","844","+0.02%"
"02/06/2009","1653.25","1651.00","1669.00","1625.00","599","+0.80%"
"02/05/2009","1640.20","1679.00","1680.00","1601.20","933","+0.54%"
"02/04/2009","1631.35","1663.00","1663.00","1622.00","550","-0.75%"
"02/03/2009","1643.75","1678.70","1679.95","1628.00","940","-0.65%"
"02/02/2009","1654.45","1660.00","1689.00","1621.15","837","-1.99%"
"01/30/2009","1688.00","1650.00","1699.90","1650.00","588","+0.69%"
"01/29/2009","1676.35","1680.00","1698.90","1642.00","936","+1.08%"
"01/28/2009","1658.40","1630.10","1690.00","1630.00","906","+1.52%"
"01/27/2009","1633.55","1650.00","1650.00","1605.25","1.62K","-1.19%"
"01/23/2009","1653.15","1745.00","1787.95","1565.00","8.78K","-5.10%"
"01/22/2009","1741.95","1800.00","1824.45","1735.00","904","-3.15%"
"01/21/2009","1798.60","1795.00","1810.65","1780.00","694","+0.10%"
"01/20/2009","1796.75","1780.05","1810.00","1780.05","444","-1.18%"
"01/19/2009","1818.25","1785.00","1839.00","1780.85","490","+1.40%"
"01/16/2009","1793.10","1800.00","1829.90","1751.00","1.51K","-0.48%"
"01/15/2009","1801.70","1780.00","1839.00","1726.00","893","-1.71%"
"01/14/2009","1833.05","1840.00","1870.00","1810.10","1.42K","+0.83%"
"01/13/2009","1818.00","1848.00","1864.00","1805.05","609","+0.32%"
"01/12/2009","1812.25","1830.90","1879.00","1800.00","811","-1.02%"
"01/09/2009","1830.90","1889.35","1900.00","1813.50","1.39K","-3.09%"
"01/07/2009","1889.35","2050.00","2074.90","1875.20","2.21K","-7.03%"
"01/06/2009","2032.15","2037.00","2090.00","2020.05","1.15K","-1.24%"
"01/05/2009","2057.75","2094.95","2100.00","2044.05","894","+0.77%"
"01/02/2009","2042.00","2000.10","2100.00","2000.10","1.57K","+1.90%"
"01/01/2009","2004.00","2011.00","2024.70","1990.00","652","+0.04%"
"12/31/2008","2003.15","2000.85","2069.00","1990.00","1.49K","-0.67%"
"12/30/2008","2016.65","1877.10","2110.00","1872.05","1.30K","+7.80%"
"12/29/2008","1870.70","1860.05","1884.90","1850.00","806","-0.15%"
"12/26/2008","1873.60","1921.00","1925.85","1855.00","1.17K","-2.30%"
"12/24/2008","1917.75","1910.30","1944.45","1895.00","1.40K","-2.08%"
"12/23/2008","1958.45","1999.00","1999.00","1926.00","1.12K","-1.93%"
"12/22/2008","1997.00","2018.75","2050.00","1990.00","1.12K","-0.24%"
"12/19/2008","2001.75","1990.00","2065.00","1961.00","2.32K","-0.45%"
"12/18/2008","2010.70","2048.00","2049.95","1955.00","1.51K","-0.69%"
"12/17/2008","2024.60","2094.00","2138.95","2000.00","2.06K","-1.62%"
"12/16/2008","2057.95","2098.90","2100.00","2025.00","2.00K","-1.32%"
"12/15/2008","2085.50","2044.95","2150.00","2044.95","3.83K","+5.20%"
"12/12/2008","1982.40","1800.00","2047.00","1755.00","2.56K","+10.04%"
"12/11/2008","1801.55","1789.00","1830.00","1750.00","1.47K","+1.33%"
"12/10/2008","1777.95","1780.00","1798.00","1760.00","1.33K","+0.88%"
"12/08/2008","1762.45","1788.00","1800.00","1755.50","920","+1.55%"
"12/05/2008","1735.60","1794.95","1794.95","1725.00","500","-0.41%"
"12/04/2008","1742.75","1725.00","1750.00","1690.00","1.07K","+1.66%"
"12/03/2008","1714.25","1699.00","1724.00","1685.00","534","+0.15%"
"12/02/2008","1711.60","1676.00","1725.00","1651.00","970","+1.35%"
"12/01/2008","1688.75","1676.00","1750.00","1676.00","774","-0.22%"
"11/28/2008","1692.55","1689.00","1720.00","1680.00","781","-0.80%"
"11/26/2008","1706.25","1688.00","1730.00","1663.00","728","+1.08%"
"11/25/2008","1688.10","1685.80","1740.00","1676.00","772","-0.87%"
"11/24/2008","1702.85","1673.20","1735.00","1600.00","773","-0.27%"
"11/21/2008","1707.40","1697.80","1735.00","1670.00","1.00K","+0.41%"
"11/20/2008","1700.40","1700.00","1735.00","1651.10","1.67K","-2.96%"
"11/19/2008","1752.30","1750.00","1798.45","1730.00","1.31K","+0.51%"
"11/18/2008","1743.35","1800.00","1800.00","1730.05","2.60K","-3.04%"
"11/17/2008","1797.95","1899.00","1915.00","1785.00","2.68K","-6.00%"
"11/14/2008","1912.70","1980.00","2025.00","1900.00","1.03K","-2.93%"
"11/12/2008","1970.35","2000.00","2006.85","1940.05","981","-0.78%"
"11/11/2008","1985.80","2006.90","2037.00","1950.00","2.27K","-1.05%"
"11/10/2008","2006.90","2052.00","2080.00","2000.00","2.33K","-0.97%"
"11/07/2008","2026.65","2000.00","2058.00","1978.00","4.33K","+0.74%"
"11/06/2008","2011.80","2086.00","2100.00","1990.00","1.46K","-4.24%"
"11/05/2008","2100.80","2200.00","2249.00","2050.00","2.20K","-2.10%"
"11/04/2008","2145.85","2188.00","2190.00","2112.00","1.74K","+0.74%"
"11/03/2008","2130.15","2118.95","2150.00","2070.05","2.44K","+5.44%"
"10/31/2008","2020.20","2020.00","2110.05","2014.00","21.26K","-0.99%"
"10/29/2008","2040.45","2100.00","2100.00","2000.00","2.12K","-0.90%"
"10/28/2008","2059.00","2069.00","2098.00","1920.05","745","+8.84%"
"10/27/2008","1891.75","2050.00","2050.00","1800.00","2.83K","-8.98%"
"10/24/2008","2078.35","2231.00","2260.00","2030.00","2.57K","-8.18%"
"10/23/2008","2263.40","2301.00","2316.00","2250.05","1.13K","-3.22%"
"10/22/2008","2338.65","2300.35","2387.95","2300.00","932","-0.37%"
"10/21/2008","2347.30","2365.00","2449.00","2315.00","1.50K","+0.60%"
"10/20/2008","2333.30","2450.00","2450.00","2310.00","1.55K","-2.57%"
"10/17/2008","2394.90","2460.00","2499.80","2355.00","1.17K","-0.85%"
"10/16/2008","2415.40","2437.95","2437.95","2315.40","1.77K","-2.69%"
"10/15/2008","2482.10","2588.00","2595.00","2470.00","1.13K","-4.12%"
"10/14/2008","2588.65","2599.00","2670.00","2573.50","2.30K","+4.71%"
"10/13/2008","2472.15","2400.00","2510.00","2391.05","1.62K","+4.74%"
"10/10/2008","2360.35","2401.15","2449.80","2312.25","3.54K","-6.87%"
"10/08/2008","2534.55","2655.00","2660.00","2480.10","2.66K","-6.09%"
"10/07/2008","2698.80","2730.00","2800.00","2655.00","2.00K","-0.93%"
"10/06/2008","2724.25","2840.00","2840.00","2701.00","2.10K","-4.88%"
"10/03/2008","2864.10","2935.00","2973.00","2808.00","3.43K","-2.44%"
"10/01/2008","2935.80","3140.00","3140.00","2925.00","4.07K","-4.73%"
"09/30/2008","3081.40","2881.05","3175.00","2800.00","2.79K","+4.65%"
"09/29/2008","2944.60","3100.00","3100.00","2903.00","2.19K","-3.17%"
"09/26/2008","3041.00","3170.00","3170.00","3020.00","1.86K","-2.73%"
"09/25/2008","3126.40","3200.00","3230.00","3110.00","2.20K","-2.72%"
"09/24/2008","3213.70","3218.00","3250.00","3141.05","1.12K","+0.04%"
"09/23/2008","3212.40","3241.05","3300.00","3150.00","1.15K","-2.07%"
"09/22/2008","3280.45","3241.00","3350.00","3241.00","1.39K","+1.73%"
"09/19/2008","3224.60","3200.00","3280.00","3190.05","1.32K","+3.22%"
"09/18/2008","3123.90","3160.00","3161.00","3061.00","1.68K","-3.57%"
"09/17/2008","3239.60","3300.00","3380.00","3218.00","948","-1.09%"
"09/16/2008","3275.15","3250.00","3300.00","3200.05","1.13K","-1.02%"
"09/15/2008","3308.85","3381.10","3395.00","3295.50","1.37K","-3.83%"
"09/12/2008","3440.65","3501.00","3501.00","3401.00","1.06K","-0.93%"
"09/11/2008","3472.80","3500.00","3510.00","3460.05","462","-0.83%"
"09/10/2008","3502.00","3574.00","3574.00","3490.00","827","-0.56%"
"09/09/2008","3521.75","3575.00","3600.00","3508.00","854","-0.47%"
"09/08/2008","3538.35","3590.00","3590.00","3501.00","1.10K","+0.55%"
"09/05/2008","3518.95","3465.00","3564.90","3465.00","663","-0.99%"
"09/04/2008","3554.30","3530.00","3598.80","3530.00","885","-0.59%"
"09/02/2008","3575.55","3525.00","3625.00","3504.00","1.48K","+1.01%"
"09/01/2008","3539.65","3590.00","3594.95","3511.05","1.56K","-0.56%"
"08/29/2008","3559.55","3497.00","3590.00","3482.00","1.84K","+2.01%"
"08/28/2008","3489.35","3475.00","3519.00","3440.15","2.37K","+0.70%"
"08/27/2008","3465.15","3598.80","3600.00","3435.05","1.59K","+0.31%"
"08/26/2008","3454.30","3490.00","3540.00","3424.55","2.08K","-1.15%"
"08/25/2008","3494.45","3600.00","3609.95","3463.00","1.61K","-1.25%"
"08/22/2008","3538.55","3530.00","3580.00","3512.00","2.53K","-1.12%"
"08/21/2008","3578.70","3680.00","3699.00","3525.00","4.33K","-2.71%"
"08/20/2008","3678.35","3550.00","3722.00","3513.00","6.97K","+4.69%"
"08/19/2008","3513.40","3550.00","3586.05","3463.00","1.66K","-1.49%"
"08/18/2008","3566.40","3619.00","3650.00","3552.00","2.85K","-0.66%"
"08/14/2008","3590.20","3511.00","3640.00","3451.50","5.27K","+1.66%"
"08/13/2008","3531.65","3452.00","3670.00","3452.00","12.25K","+4.87%"
"08/12/2008","3367.50","3475.00","3475.00","3355.00","2.48K","-1.42%"
"08/11/2008","3415.95","3400.00","3600.00","3400.00","6.20K","+0.68%"
"08/08/2008","3393.00","3376.00","3448.00","3375.00","1.93K","+0.12%"
"08/07/2008","3388.80","3401.00","3435.00","3380.00","1.32K","-1.26%"
"08/06/2008","3432.10","3430.00","3454.00","3392.00","2.57K","+2.43%"
"08/05/2008","3350.70","3350.00","3395.00","3325.00","1.97K","+0.28%"
"08/04/2008","3341.45","3398.50","3471.00","3315.00","1.08K","-0.11%"
"08/01/2008","3345.10","3309.00","3384.00","3309.00","1.29K","-1.63%"
"07/31/2008","3400.45","3455.00","3455.00","3360.00","656","+0.21%"
"07/30/2008","3393.20","3425.00","3470.00","3350.00","1.17K","-0.08%"
"07/29/2008","3396.05","3351.05","3450.00","3350.00","743","-2.32%"
"07/28/2008","3476.80","3392.00","3496.95","3305.00","917","+2.35%"
"07/25/2008","3396.90","3401.00","3470.00","3380.00","1.24K","-2.90%"
"07/24/2008","3498.25","3650.00","3775.00","3453.00","6.07K","-1.81%"
"07/23/2008","3562.70","3400.00","3670.00","3400.00","3.06K","+6.95%"
"07/22/2008","3331.10","3200.00","3490.00","3171.00","1.43K","+3.99%"
"07/21/2008","3203.20","3200.00","3250.00","3150.00","711","+0.11%"
"07/18/2008","3199.80","3170.00","3239.00","3150.00","866","+1.06%"
"07/17/2008","3166.15","3243.50","3250.00","3135.05","620","+1.75%"
"07/16/2008","3111.55","3250.00","3270.00","3100.00","1.15K","-2.81%"
"07/15/2008","3201.60","3210.00","3300.00","3182.05","1.08K","-1.13%"
"07/14/2008","3238.05","3295.00","3300.00","3200.00","558","-2.07%"
"07/11/2008","3306.40","3350.00","3360.00","3292.00","684","-1.29%"
"07/10/2008","3349.65","3340.00","3380.00","3320.00","742","-0.08%"
"07/09/2008","3352.45","3300.00","3388.00","3300.00","906","+2.42%"
"07/08/2008","3273.15","3250.00","3305.00","3140.00","1.70K","-0.27%"
"07/07/2008","3281.85","3200.00","3310.00","3200.00","1.07K","+4.13%"
"07/04/2008","3151.60","3150.00","3225.00","3060.00","1.29K","-0.39%"
"07/03/2008","3164.00","3249.00","3251.30","3131.00","1.02K","-2.69%"
"07/02/2008","3251.30","3200.00","3300.00","3050.00","1.80K","+1.39%"
"07/01/2008","3206.65","3370.00","3449.00","3191.00","1.35K","-6.16%"
"06/30/2008","3417.30","3420.20","3490.00","3363.10","1.58K","-1.57%"
"06/27/2008","3471.70","3431.00","3500.00","3425.00","1.02K","-1.96%"
"06/26/2008","3541.05","3475.00","3590.00","3475.00","712","+1.91%"
"06/25/2008","3474.55","3503.30","3522.00","3450.00","1.82K","-2.10%"
"06/24/2008","3548.90","3650.30","3680.00","3520.00","1.35K","-2.65%"
"06/23/2008","3645.45","3745.00","3748.00","3625.00","1.60K","-3.52%"
"06/20/2008","3778.60","3841.00","3900.00","3751.00","3.80K","-2.32%"
"06/19/2008","3868.30","3910.10","3970.00","3850.00","1.28K","-2.12%"
"06/18/2008","3951.95","3966.50","4499.95","3930.35","1.81K","-1.36%"
"06/17/2008","4006.60","3966.10","4018.00","3966.10","570","+0.01%"
"06/16/2008","4006.20","3902.00","4100.15","3902.00","1.99K","+2.26%"
"06/13/2008","3917.50","3850.00","3980.00","3823.00","6.15K","+2.03%"
"06/12/2008","3839.65","3811.00","3900.00","3755.00","1.39K","-1.64%"
"06/11/2008","3903.55","3950.00","3998.00","3890.00","603","-0.10%"
"06/10/2008","3907.55","3861.00","3948.00","3861.00","793","+0.23%"
"06/09/2008","3898.40","3900.00","3915.00","3750.00","1.52K","-0.78%"
"06/06/2008","3928.95","3978.00","4021.10","3900.00","1.14K","-0.76%"
"06/05/2008","3958.85","3970.00","3995.25","3922.00","822","-0.36%"
"06/04/2008","3973.00","4020.00","4055.00","3950.00","1.82K","-1.38%"
"06/03/2008","4028.45","3919.00","4049.90","3919.00","1.09K","+0.44%"
"06/02/2008","4010.85","4098.00","4138.95","3980.00","1.07K","-1.39%"
"05/30/2008","4067.30","4108.95","4173.00","4050.00","1.45K","-2.00%"
"05/29/2008","4150.50","4035.00","4187.95","4035.00","1.23K","+2.71%"
"05/28/2008","4041.10","4125.00","4180.00","3910.05","1.26K","-0.53%"
"05/27/2008","4062.70","4053.30","4200.00","4053.30","1.27K","-0.77%"
"05/26/2008","4094.25","4105.60","4210.00","4071.00","808","-2.27%"
"05/23/2008","4189.40","4339.25","4339.25","4176.00","797","-2.25%"
"05/22/2008","4285.70","4350.00","4350.00","4226.05","910","-1.87%"
"05/21/2008","4367.15","4173.00","4420.00","4173.00","1.95K","+2.86%"
"05/20/2008","4245.55","4200.00","4250.00","4200.00","1.80K","+0.69%"
"05/16/2008","4216.25","4265.00","4265.00","4201.00","697","+0.60%"
"05/15/2008","4191.10","4200.00","4245.00","4181.00","1.35K","+1.38%"
"05/14/2008","4133.95","4105.75","4183.00","4105.75","1.25K","-0.32%"
"05/13/2008","4147.25","4262.00","4299.00","4050.05","1.63K","-1.13%"
"05/12/2008","4194.70","4261.50","4349.00","4171.00","2.22K","-3.23%"
"05/09/2008","4334.65","4450.00","4515.00","4300.00","1.45K","-3.51%"
"05/08/2008","4492.45","4510.00","4605.00","4411.00","1.24K","-1.53%"
"05/07/2008","4562.10","4609.00","4677.00","4551.00","1.57K","-1.88%"
"05/06/2008","4649.60","4745.00","4771.00","4626.00","1.78K","-1.46%"
"05/05/2008","4718.35","4670.00","4750.00","4600.00","3.54K","+2.72%"
"05/02/2008","4593.25","4649.95","4779.80","4520.00","5.15K","+1.02%"
"04/30/2008","4546.85","4631.00","4698.80","4500.00","1.41K","-1.59%"
"04/29/2008","4620.45","4580.00","4770.00","4551.00","2.27K","+0.97%"
"04/28/2008","4576.05","4664.00","4697.40","4561.50","2.20K","-0.68%"
"04/25/2008","4607.60","4400.00","4689.00","4386.00","11.84K","+5.37%"
"04/24/2008","4372.85","4349.00","4435.00","4348.00","1.65K","+1.14%"
"04/23/2008","4323.65","4349.00","4350.00","4230.00","1.32K","+1.06%"
"04/22/2008","4278.15","4299.00","4334.95","4235.00","1.22K","-0.17%"
"04/21/2008","4285.35","4250.00","4346.90","4250.00","1.19K","+0.87%"
"04/17/2008","4248.35","4220.00","4309.00","4117.65","1.36K","+0.95%"
"04/16/2008","4208.55","4093.00","4322.00","4039.00","2.61K","+4.87%"
"04/15/2008","4013.05","4023.00","4040.00","3977.00","612","+0.13%"
"04/11/2008","4007.85","4070.45","4085.00","4000.00","820","-0.55%"
"04/10/2008","4030.20","4030.00","4125.00","4000.00","1.14K","+0.10%"
"04/09/2008","4026.10","3960.00","4090.00","3923.25","1.11K","+1.59%"
"04/08/2008","3962.90","3950.00","4050.00","3900.00","874","+1.44%"
"04/07/2008","3906.50","3901.00","3950.00","3880.00","899","+0.15%"
"04/04/2008","3900.75","3840.00","3940.00","3835.00","1.09K","-0.02%"
"04/03/2008","3901.35","3980.00","3980.00","3850.00","819","-0.45%"
"04/02/2008","3918.95","4100.00","4150.00","3850.00","1.90K","-1.47%"
"04/01/2008","3977.35","3973.00","4050.00","3889.00","1.77K","-0.29%"
"03/31/2008","3989.05","4001.00","4149.00","3961.00","1.67K","-2.19%"
"03/28/2008","4078.40","3800.00","4200.00","3800.00","2.28K","+7.13%"
"03/27/2008","3806.80","3810.00","3828.85","3780.00","1.81K","-0.12%"
"03/26/2008","3811.20","3730.00","3880.00","3730.00","2.03K","+2.18%"
"03/25/2008","3730.05","3600.00","3795.00","3550.00","3.45K","+3.97%"
"03/24/2008","3587.60","3750.00","3799.00","3502.20","1.55K","-4.38%"
"03/19/2008","3751.80","3909.00","3998.95","3720.05","1.76K","-1.58%"
"03/18/2008","3812.05","3800.00","3949.00","3791.00","1.35K","+0.64%"
"03/17/2008","3787.75","3958.00","4046.00","3500.00","2.93K","-6.85%"
"03/14/2008","4066.10","4099.90","4125.00","3960.00","1.58K","-0.07%"
"03/13/2008","4068.90","4105.00","4200.10","4050.00","1.63K","-4.70%"
"03/12/2008","4269.75","4590.00","4590.00","4215.00","2.07K","-2.54%"
"03/11/2008","4380.85","4234.00","4499.95","4090.00","2.08K","+6.35%"
"03/10/2008","4119.25","4080.00","4140.00","4001.00","2.32K","-3.17%"
"03/07/2008","4254.20","4280.00","4380.00","4160.00","2.78K","-2.65%"
"03/05/2008","4370.00","4460.00","4460.00","4350.00","1.25K","-0.79%"
"03/04/2008","4404.75","4486.00","4486.00","4310.05","1.36K","-1.81%"
"03/03/2008","4486.05","4582.90","4589.00","4426.10","1.15K","-2.45%"
"02/29/2008","4598.75","4624.00","4634.90","4560.00","627","-0.81%"
"02/28/2008","4636.25","4650.00","4660.00","4600.00","444","-0.61%"
"02/27/2008","4664.90","4725.00","4748.00","4650.00","1.22K","+0.19%"
"02/26/2008","4656.05","4699.00","4699.00","4505.00","856","+2.47%"
"02/25/2008","4543.65","4649.95","4749.00","4452.00","786","-1.04%"
"02/22/2008","4591.20","4640.00","4650.00","4551.00","1.04K","-0.75%"
"02/21/2008","4626.05","4800.00","4800.00","4055.00","687","-0.32%"
"02/20/2008","4640.95","4640.00","4725.00","4600.05","725","-0.92%"
"02/19/2008","4684.00","4800.00","4848.00","4650.00","1.24K","-0.21%"
"02/18/2008","4693.80","4800.00","4989.90","4610.00","2.00K","+2.78%"
"02/15/2008","4566.90","4325.00","4600.00","4310.05","2.30K","+2.20%"
"02/14/2008","4468.65","4350.00","4500.00","4350.00","2.12K","+4.81%"
"02/13/2008","4263.60","4245.10","4370.00","4213.00","2.29K","+0.57%"
"02/12/2008","4239.30","4510.00","4529.75","4150.00","4.76K","-5.87%"
"02/11/2008","4503.75","4700.00","4700.00","4450.00","2.21K","-3.91%"
"02/08/2008","4687.20","4850.00","4850.00","4605.00","2.36K","-3.68%"
"02/07/2008","4866.50","4980.00","5150.00","4850.00","1.82K","-2.12%"
"02/06/2008","4971.80","4870.00","5050.00","4750.00","1.89K","-0.27%"
"02/05/2008","4985.15","5000.00","5050.00","4900.00","1.90K","-0.20%"
"02/04/2008","4995.00","4999.90","5135.00","4917.00","2.96K","+4.22%"
"02/01/2008","4792.90","4997.80","4997.80","4761.00","5.82K","-1.70%"
"01/31/2008","4875.90","4701.00","5092.00","4701.00","3.50K","+0.19%"
"01/30/2008","4866.80","5145.00","5145.00","4792.70","1.94K","-2.99%"
"01/29/2008","5017.05","5249.00","5249.00","4990.00","1.61K","+0.60%"
"01/28/2008","4987.15","4850.00","5038.00","4773.00","2.01K","-1.29%"
"01/25/2008","5052.15","4800.00","5100.00","4700.00","3.19K","+7.36%"
"01/24/2008","4705.75","5189.00","5299.70","4550.00","5.18K","-4.13%"
"01/23/2008","4908.70","4998.00","5100.00","4502.00","3.63K","+11.19%"
"01/22/2008","4414.60","5000.00","5160.70","4129.00","4.41K","-14.46%"
"01/21/2008","5160.70","6051.00","6051.00","4917.00","5.88K","-16.02%"
"01/18/2008","6145.15","6115.00","6500.00","6100.00","2.26K","-4.07%"
"01/17/2008","6405.75","6297.00","6480.00","6266.00","1.90K","+2.19%"
"01/16/2008","6268.70","6175.00","6300.00","6175.00","2.26K","-0.70%"
"01/15/2008","6313.15","6435.00","6535.00","6290.00","1.95K","-1.71%"
"01/14/2008","6422.75","6480.00","6500.00","6400.00","2.28K","+1.11%"
"01/11/2008","6352.25","6720.00","6720.00","6260.00","4.73K","-4.00%"
"01/10/2008","6616.60","6949.90","6949.90","6590.00","3.41K","-2.84%"
"01/09/2008","6810.30","6801.00","6980.00","6769.00","2.44K","-1.17%"
"01/08/2008","6890.95","7099.90","7099.90","6855.05","3.05K","-1.56%"
"01/07/2008","7000.00","7040.00","7150.00","6950.00","3.49K","-0.56%"
"01/04/2008","7039.25","7060.00","7265.00","7000.05","4.58K","-0.12%"
"01/03/2008","7047.65","7075.00","7150.00","7000.00","3.37K","-0.20%"
"01/02/2008","7061.65","7190.00","7238.00","7015.00","3.37K","-1.32%"
"01/01/2008","7156.45","7220.05","7340.00","7126.15","2.64K","-0.55%"
"12/31/2007","7196.10","7101.00","7400.00","7100.00","7.91K","+1.80%"
"12/28/2007","7068.65","6980.00","7240.00","6980.00","2.91K","-1.14%"
"12/27/2007","7150.15","6966.00","7410.00","6966.00","8.76K","+1.83%"
"12/26/2007","7021.55","7099.95","7198.00","7001.00","2.70K","-0.30%"
"12/24/2007","7042.80","7248.00","7342.00","6966.00","3.54K","+1.28%"
"12/20/2007","6953.75","7200.00","7220.00","6901.00","4.05K","-2.03%"
"12/19/2007","7098.15","7100.00","7335.00","7050.00","4.25K","+0.26%"
"12/18/2007","7079.75","7200.00","7400.00","7020.00","6.24K","-1.04%"
"12/17/2007","7153.95","7750.00","7750.00","7051.00","8.44K","-5.04%"
"12/14/2007","7533.65","8100.00","8300.00","7460.05","41.53K","-5.00%"
"12/13/2007","7930.35","7499.95","8205.65","7400.00","24.66K","+6.31%"
"12/12/2007","7459.65","7350.00","7650.00","7300.00","4.29K","-0.02%"
"12/11/2007","7461.00","7440.00","7695.00","7324.00","9.22K","+2.39%"
"12/10/2007","7286.60","7484.00","7585.00","7171.40","3.32K","+0.59%"
"12/07/2007","7243.85","7500.00","7599.00","7150.50","3.96K","-1.83%"
"12/06/2007","7378.65","7450.00","7650.00","7324.00","6.21K","-0.10%"
"12/05/2007","7386.40","7300.00","7600.00","7100.00","8.20K","+1.47%"
"12/04/2007","7279.60","7100.00","7500.00","7090.00","5.25K","+0.30%"
"12/03/2007","7258.00","7249.95","7500.00","7090.00","4.30K","+2.77%"
"11/30/2007","7062.40","7100.00","7300.00","7000.00","3.33K","+1.23%"
"11/29/2007","6976.60","7400.00","7470.00","6869.00","5.43K","-2.84%"
"11/28/2007","7180.55","7500.00","7744.40","7100.00","11.89K","-2.52%"
"11/27/2007","7366.55","6800.00","7451.70","6635.05","16.10K","+8.74%"
"11/26/2007","6774.25","7000.00","7000.00","6750.00","3.00K","+1.27%"
"11/23/2007","6689.35","6817.00","6900.00","6601.10","4.47K","+1.09%"
"11/22/2007","6617.50","6900.00","7000.00","6335.20","7.36K","-2.53%"
"11/21/2007","6789.55","7450.00","7450.00","6650.00","8.17K","-6.38%"
"11/20/2007","7252.30","7300.00","7800.00","7150.00","7.54K","-0.75%"
"11/19/2007","7307.20","7400.00","7544.00","7260.05","5.02K","+0.71%"
"11/16/2007","7255.85","7400.00","7575.00","7210.00","4.98K","-1.97%"
"11/15/2007","7401.30","7800.00","7800.00","7312.00","6.98K","-2.95%"
"11/14/2007","7625.95","7850.00","8000.00","7570.05","11.14K","+0.81%"
"11/13/2007","7564.55","7650.00","7975.00","7410.10","16.53K","+1.46%"
"11/12/2007","7455.50","7600.00","7680.00","7200.00","21.59K","-4.13%"
"11/09/2007","7777.00","7465.00","7835.70","7400.00","22.62K","+9.18%"
"11/08/2007","7123.35","6295.00","7123.35","6001.00","17.35K","+10.00%"
"11/07/2007","6475.75","7008.05","7199.85","6380.00","19.11K","-7.60%"
"11/06/2007","7008.05","7750.00","7900.00","6930.00","16.50K","-8.79%"
"11/05/2007","7683.50","7998.00","8199.95","7625.00","22.46K","-2.47%"
"11/02/2007","7878.40","7899.00","8580.00","7351.00","36.21K","-2.11%"
"11/01/2007","8048.45","8262.00","8968.00","7610.15","64.63K","-1.28%"
"10/31/2007","8152.70","8162.25","8162.25","7610.00","74.85K","+9.87%"
"10/30/2007","7420.20","7294.40","7420.20","7079.00","5.61K","+10.00%"
"10/29/2007","6745.60","5774.00","6745.60","5774.00","25.14K","+20.00%"
"10/26/2007","5621.30","5550.00","5700.00","5450.00","14.00K","+2.53%"
"10/25/2007","5482.70","5288.00","5547.00","5150.00","19.31K","+5.53%"
"10/24/2007","5195.15","5340.00","5398.90","5050.00","14.08K","+0.69%"
"10/23/2007","5159.35","4700.00","5339.00","4700.00","16.32K","+11.76%"
"10/22/2007","4616.25","4600.00","4870.00","4550.00","5.39K","-0.94%"
"10/19/2007","4660.25","4700.00","4975.00","4500.00","7.17K","-2.45%"
"10/18/2007","4777.40","4499.90","5170.00","4450.10","20.32K","+8.70%"
"10/17/2007","4395.15","3950.00","4490.00","3910.55","3.98K","-1.63%"
"10/16/2007","4468.00","4225.00","4601.00","4225.00","10.74K","+6.29%"
"10/15/2007","4203.55","4240.00","4299.00","4105.00","2.63K","+3.46%"
"10/12/2007","4062.85","4351.00","4351.00","4030.00","10.65K","-6.45%"
"10/11/2007","4342.75","3640.00","4421.50","3640.00","23.55K","+17.86%"
"10/10/2007","3684.55","3750.00","3750.00","3660.00","1.39K","-0.82%"
"10/09/2007","3714.85","3659.00","3750.00","3659.00","1.08K","+0.10%"
"10/08/2007","3711.00","3750.00","3775.00","3700.00","1.47K","+0.10%"
"10/05/2007","3707.15","3750.00","3750.00","3700.00","761","+0.25%"
"10/04/2007","3697.85","3790.00","3800.00","3685.00","1.49K","-0.79%"
"10/03/2007","3727.25","3799.95","3805.00","3700.00","1.60K","-0.71%"
"10/01/2007","3753.75","3800.00","3805.00","3701.00","1.47K","-0.16%"
"09/28/2007","3759.95","3770.00","3774.00","3722.00","1.14K","+0.75%"
"09/27/2007","3732.10","3740.00","3810.00","3717.00","931","-0.35%"
"09/26/2007","3745.05","3800.00","3800.00","3715.10","864","-0.19%"
"09/25/2007","3752.00","3719.00","3794.95","3719.00","408","-0.23%"
"09/24/2007","3760.55","3800.00","3800.00","3750.00","790","-0.95%"
"09/21/2007","3796.80","3807.00","3810.00","3775.00","1.10K","-0.81%"
"09/20/2007","3827.75","3830.00","3840.00","3800.00","695","+0.59%"
"09/19/2007","3805.15","3829.00","3850.00","3793.00","11.69K","+0.59%"
"09/18/2007","3782.80","3799.85","3809.75","3758.00","393","+0.46%"
"09/17/2007","3765.55","3830.00","3830.00","3755.00","510","-1.27%"
"09/14/2007","3813.90","3840.00","3840.00","3800.00","623","-0.42%"
"09/13/2007","3830.10","3870.00","3870.00","3820.00","4.93K","-0.11%"
"09/12/2007","3834.30","3840.00","3849.95","3818.00","2.04K","+0.01%"
"09/11/2007","3833.85","3840.00","3840.00","3815.00","1.32K","+0.40%"
"09/10/2007","3818.70","3840.00","3840.00","3810.00","195","-0.16%"
"09/07/2007","3824.75","3850.00","3850.00","3810.00","502","-0.70%"
"09/06/2007","3851.80","3760.00","3890.00","3760.00","440","-0.84%"
"09/05/2007","3884.60","3999.00","3999.00","3881.00","566","-0.38%"
"09/04/2007","3899.60","3945.00","3948.00","3890.00","1.22K","+0.34%"
"09/03/2007","3886.25","3975.00","4003.00","3870.00","1.06K","+1.24%"
"08/31/2007","3838.70","3801.00","3849.95","3800.00","757","+0.95%"
"08/30/2007","3802.75","3855.00","3855.00","3762.00","589","-0.19%"
"08/29/2007","3810.10","3805.00","3870.00","3800.00","91","-0.39%"
"08/28/2007","3824.85","3790.00","3850.00","3790.00","499","+1.09%"
"08/27/2007","3783.70","3830.00","3835.00","3756.00","647","-0.21%"
"08/24/2007","3791.80","3799.00","3815.00","3748.50","149","+0.19%"
"08/23/2007","3784.50","3855.00","3880.00","3763.05","279","-1.20%"
"08/22/2007","3830.55","3870.00","3899.00","3799.95","461","-1.65%"
"08/21/2007","3894.95","3969.00","3969.00","3860.00","836","-0.68%"
"08/20/2007","3921.65","3882.00","3950.00","3882.00","711","+0.46%"
"08/17/2007","3903.75","3975.00","3975.00","3856.05","1.24K","-0.80%"
"08/16/2007","3935.05","3925.00","3966.00","3821.10","2.46K","-0.78%"
"08/14/2007","3965.85","3908.00","4048.00","3908.00","1.19K","+1.55%"
"08/13/2007","3905.30","3888.00","3969.00","3808.00","996","+2.87%"
"08/10/2007","3796.35","3611.00","3809.00","3611.00","559","-0.65%"
"08/09/2007","3821.10","3880.00","3915.00","3801.60","803","-0.92%"
"08/08/2007","3856.65","3865.00","3900.00","3840.00","478","-0.31%"
"08/07/2007","3868.60","3900.00","3900.00","3850.00","707","+1.43%"
"08/06/2007","3814.00","4008.80","4008.80","3790.00","1.41K","-3.30%"
"08/03/2007","3944.20","4040.00","4100.00","3927.00","665","-0.84%"
"08/02/2007","3977.45","3968.00","4025.00","3950.00","564","-0.18%"
"08/01/2007","3984.70","4179.90","4179.90","3951.00","1.83K","-2.26%"
"07/31/2007","4076.95","4150.00","4179.95","4011.25","878","-1.12%"
"07/30/2007","4123.10","4170.00","4170.00","4051.00","1.35K","+0.50%"
"07/27/2007","4102.75","4200.00","4249.95","4050.05","3.27K","-2.35%"
"07/26/2007","4201.65","4200.00","4370.00","4136.00","9.50K","+0.88%"
"07/25/2007","4164.95","4195.00","4220.00","4132.10","850","-0.89%"
"07/24/2007","4202.35","4200.00","4225.00","3915.00","3.56K","+1.91%"
"07/23/2007","4123.60","4199.90","4261.00","4100.00","626","-0.76%"
"07/20/2007","4155.25","4270.00","4270.00","4141.00","417","-0.90%"
"07/19/2007","4193.00","4160.00","4225.00","4100.00","1.52K","+0.66%"
"07/18/2007","4165.70","4161.00","4249.00","4125.00","999","-0.25%"
"07/17/2007","4176.25","4275.00","4350.00","4165.00","1.98K","-1.45%"
"07/16/2007","4237.55","4123.85","4270.00","4113.25","2.69K","+2.76%"
"07/13/2007","4123.85","4115.00","4250.05","4036.00","2.95K","+2.37%"
"07/12/2007","4028.35","4050.00","4200.00","3955.00","487","+2.20%"
"07/11/2007","3941.55","4005.00","4080.00","3916.00","897","-1.51%"
"07/10/2007","4002.05","4042.00","4125.00","3982.00","932","-1.27%"
"07/09/2007","4053.45","4050.55","4089.95","4050.00","231","-0.70%"
"07/06/2007","4082.10","4075.00","4110.00","4075.00","469","-0.31%"
"07/05/2007","4094.60","4060.00","4140.00","4040.00","2.00K","+2.41%"
"07/04/2007","3998.40","3978.00","4080.00","3970.00","746","+0.47%"
"07/03/2007","3979.75","4045.80","4047.00","3970.00","333","-0.61%"
"07/02/2007","4004.15","4200.00","4200.00","3980.00","475","-0.82%"
"06/29/2007","4037.20","4075.85","4149.00","4020.00","835","-0.95%"
"06/28/2007","4075.85","3950.00","4099.95","3950.00","2.00K","+3.58%"
"06/27/2007","3934.85","3753.00","4025.00","3753.00","551","+3.83%"
"06/26/2007","3789.60","3825.00","3828.95","3778.05","561","-0.63%"
"06/25/2007","3813.45","3830.00","3840.00","3805.10","389","-0.94%"
"06/22/2007","3849.70","3801.15","3870.00","3801.15","689","+0.45%"
"06/21/2007","3832.50","3890.00","3890.00","3819.00","627","+0.18%"
"06/20/2007","3825.55","3879.35","3885.90","3815.00","989","-0.23%"
"06/19/2007","3834.45","3945.00","3945.00","3820.00","1.10K","-1.85%"
"06/18/2007","3906.65","3920.00","3965.00","3900.00","582","-1.07%"
"06/15/2007","3948.95","3849.10","3980.00","3849.10","1.13K","+1.43%"
"06/14/2007","3893.10","3919.00","4200.00","3845.00","922","+1.42%"
"06/13/2007","3838.45","3810.00","3880.00","3810.00","774","-0.19%"
"06/12/2007","3845.75","3849.10","3970.00","3805.05","520","-1.21%"
"06/11/2007","3892.80","4220.00","4220.00","3880.00","450","+0.06%"
"06/08/2007","3890.55","3850.00","3921.60","3850.00","538","-1.10%"
"06/07/2007","3933.65","3881.10","3970.00","3881.10","619","-0.92%"
"06/06/2007","3970.00","3851.00","4200.00","3851.00","1.02K","-2.46%"
"06/05/2007","4070.30","4135.00","4145.00","4050.00","509","-2.00%"
"06/04/2007","4153.50","4249.00","4274.50","4140.00","1.25K","-1.67%"
"06/01/2007","4224.00","4219.95","4250.00","4150.00","2.63K","+1.98%"
"05/31/2007","4141.90","4200.00","4220.00","4125.00","3.36K","+0.32%"
"05/30/2007","4128.55","4060.00","4159.00","4010.00","2.51K","+1.60%"
"05/29/2007","4063.70","4000.00","4130.00","3899.95","2.47K","+2.82%"
"05/28/2007","3952.15","3810.00","4050.00","3800.00","1.59K","+3.81%"
"05/25/2007","3807.10","3820.00","3828.00","3787.10","297","+0.10%"
"05/24/2007","3803.40","3841.00","3850.00","3800.00","314","-1.32%"
"05/23/2007","3854.20","3862.10","3899.95","3830.05","557","-0.79%"
"05/22/2007","3885.05","3849.00","3925.00","3826.20","1.13K","+0.59%"
"05/21/2007","3862.35","3771.00","3896.90","3771.00","376","-0.47%"
"05/18/2007","3880.65","3934.00","3934.00","3855.00","248","-0.61%"
"05/17/2007","3904.60","3900.05","3925.00","3892.00","698","+1.30%"
"05/16/2007","3854.50","3869.00","3920.00","3835.00","931","+0.09%"
"05/15/2007","3850.95","3848.00","3865.00","3816.00","656","+0.39%"
"05/14/2007","3835.90","3820.00","3844.00","3806.50","416","+0.76%"
"05/11/2007","3806.80","3769.00","3810.00","3760.05","587","+0.60%"
"05/10/2007","3784.25","3770.00","3865.00","3770.00","624","+0.64%"
"05/09/2007","3760.35","3780.00","3781.00","3750.00","557","-0.98%"
"05/08/2007","3797.45","3820.00","3830.00","3780.00","929","-0.19%"
"05/07/2007","3804.50","3799.00","3840.00","3751.05","732","+1.02%"
"05/04/2007","3766.00","3750.05","3770.00","3750.00","1.08K","+0.01%"
"05/03/2007","3765.55","3700.00","3817.00","3700.00","1.54K","+2.51%"
"04/30/2007","3673.35","3505.10","3697.45","3505.10","471","+0.25%"
"04/27/2007","3664.35","3670.00","3709.50","3652.00","645","-0.62%"
"04/26/2007","3687.05","3720.00","3780.00","3675.00","2.42K","-0.03%"
"04/25/2007","3688.25","3640.00","3700.00","3600.00","2.61K","+1.23%"
"04/24/2007","3643.30","3610.00","3660.00","3526.00","2.21K","+0.43%"
"04/23/2007","3627.70","3699.00","3744.00","3604.10","2.51K","-0.42%"
"04/20/2007","3643.05","3849.00","3849.00","3620.00","4.90K","+0.61%"
"04/19/2007","3621.10","3400.00","3650.00","3400.00","13.24K","+6.96%"
"04/18/2007","3385.35","3450.00","3470.00","3360.00","1.82K","+0.62%"
"04/17/2007","3364.60","3289.90","3500.00","3280.00","1.27K","+3.28%"
"04/16/2007","3257.90","3300.00","3314.75","3250.05","1.71K","+0.18%"
"04/13/2007","3252.10","3270.00","3289.00","3225.00","1.12K","+0.06%"
"04/12/2007","3250.25","3259.00","3275.00","3222.00","422","+0.03%"
"04/11/2007","3249.20","3260.00","3274.95","3240.05","297","+0.46%"
"04/10/2007","3234.40","3297.00","3297.00","3220.00","479","-0.33%"
"04/09/2007","3245.20","3280.00","3290.00","3237.00","726","+0.41%"
"04/05/2007","3231.80","3265.00","3275.00","3216.00","367","-0.20%"
"04/04/2007","3238.30","3325.00","3330.00","3230.05","930","-1.57%"
"04/03/2007","3290.10","3333.00","3333.00","3274.00","411","+0.15%"
"04/02/2007","3285.05","3335.00","3339.85","3270.00","219","-1.85%"
"03/30/2007","3347.10","3374.50","3400.00","3325.00","506","+0.26%"
"03/29/2007","3338.55","3365.00","3400.00","3310.00","1.54K","+1.03%"
"03/28/2007","3304.50","3325.00","3390.00","3270.00","662","-2.08%"
"03/26/2007","3374.60","3530.00","3530.00","3350.00","755","-1.47%"
"03/23/2007","3424.80","3451.25","3528.90","3400.00","719","-0.76%"
"03/22/2007","3451.00","3530.00","3587.95","3270.30","1.77K","-1.81%"
"03/21/2007","3514.65","3599.00","3605.00","3485.50","1.92K","-1.18%"
"03/20/2007","3556.55","3490.00","3570.00","3451.20","765","+3.45%"
"03/19/2007","3438.00","3479.00","3479.00","3301.00","877","+1.95%"
"03/16/2007","3372.40","3379.00","3398.00","3355.00","498","+0.35%"
"03/15/2007","3360.50","3360.00","3390.00","3314.10","958","+1.39%"
"03/14/2007","3314.35","3370.00","3370.00","3303.00","314","-1.70%"
"03/13/2007","3371.65","3375.00","3385.00","3300.00","589","+1.19%"
"03/12/2007","3332.05","3398.00","3398.00","3275.00","1.46K","+1.51%"
"03/09/2007","3282.50","3350.00","3369.75","3251.00","861","-2.13%"
"03/08/2007","3353.95","3325.00","3389.95","3301.00","1.43K","+2.35%"
"03/07/2007","3276.85","3480.00","3498.90","3250.00","1.40K","-2.40%"
"03/06/2007","3357.35","3550.00","3570.00","3300.00","1.39K","-1.70%"
"03/05/2007","3415.25","3650.00","3673.00","3400.00","1.21K","-7.29%"
"03/02/2007","3683.70","3710.00","3733.00","3652.80","993","+0.60%"
"03/01/2007","3661.70","3690.00","3800.00","3650.00","680","-1.27%"
"02/28/2007","3708.85","3600.00","3749.85","3531.00","865","-1.13%"
"02/27/2007","3751.10","3760.00","3799.00","3732.35","757","+0.32%"
"02/26/2007","3739.10","3752.00","3838.00","3711.00","1.20K","+0.03%"
"02/23/2007","3737.80","3750.00","3839.00","3720.00","820","-1.77%"
"02/22/2007","3805.30","3852.00","3875.00","3795.05","870","-0.88%"
"02/21/2007","3838.95","3865.00","3895.00","3830.55","475","-0.17%"
"02/20/2007","3845.65","3870.00","3895.00","3830.35","515","-0.26%"
"02/19/2007","3855.50","4000.00","4010.00","3825.10","1.12K","-1.90%"
"02/15/2007","3930.15","3970.00","4120.00","3910.00","534","+1.17%"
"02/14/2007","3884.75","3990.00","3990.00","3850.00","1.41K","-0.53%"
"02/13/2007","3905.55","3915.00","3962.00","3900.00","869","-0.98%"
"02/12/2007","3944.15","4010.25","4036.95","3915.00","1.30K","-1.61%"
"02/09/2007","4008.55","4067.90","4067.90","4000.10","1.28K","-1.46%"
"02/08/2007","4067.90","4047.00","4096.00","4000.00","1.91K","-0.30%"
"02/07/2007","4080.15","4070.00","4110.00","4051.00","430","-0.12%"
"02/06/2007","4085.05","4054.10","4110.00","4053.10","682","+0.01%"
"02/05/2007","4084.50","4100.00","4108.55","4055.00","837","-0.40%"
"02/02/2007","4100.75","4110.00","4125.00","4067.00","3.57K","+0.41%"
"02/01/2007","4083.90","4100.00","4120.00","4069.00","914","+0.25%"
"01/31/2007","4073.55","4203.85","4203.85","4062.10","1.84K","-1.52%"
"01/29/2007","4136.50","4250.00","4251.00","4127.00","2.29K","-1.37%"
"01/25/2007","4193.80","4299.00","4410.00","4150.00","9.50K","+0.16%"
"01/24/2007","4187.10","4270.00","4299.00","4160.00","803","-1.14%"
"01/23/2007","4235.55","4350.00","4350.00","4225.00","562","-1.13%"
"01/22/2007","4284.00","4211.00","4300.00","4211.00","1.19K","+1.62%"
"01/19/2007","4215.60","4260.00","4260.00","4205.00","629","-0.24%"
"01/18/2007","4225.70","4290.00","4309.00","4216.00","8.67K","-0.97%"
"01/17/2007","4267.10","4251.00","4318.00","4251.00","775","+0.23%"
"01/16/2007","4257.35","4320.00","4320.00","4250.00","435","-0.93%"
"01/15/2007","4297.35","4265.00","4349.00","4250.05","2.36K","+1.50%"
"01/12/2007","4233.80","4322.00","4322.00","4230.00","778","-0.13%"
"01/11/2007","4239.50","4330.00","4343.00","4230.00","330","+0.25%"
"01/10/2007","4228.85","4300.00","4300.00","4201.20","485","-0.41%"
"01/09/2007","4246.35","4319.00","4320.00","4225.00","731","-1.00%"
"01/08/2007","4289.45","4206.10","4325.00","4205.20","621","+0.11%"
"01/05/2007","4284.90","4372.00","4372.00","4280.00","441","-0.94%"
"01/04/2007","4325.45","4335.00","4353.00","4320.15","581","-0.13%"
"01/03/2007","4331.05","4230.00","4369.00","4230.00","791","-0.20%"
"01/02/2007","4339.85","4388.00","4388.00","4302.00","1.61K","+1.09%"
"12/29/2006","4293.20","4380.00","4380.00","4280.00","1.49K","-0.71%"
"12/28/2006","4323.85","4300.00","4350.00","4280.00","731","+0.34%"
"12/27/2006","4309.20","4345.00","4359.00","4300.00","2.03K","+0.14%"
"12/26/2006","4303.20","4320.00","4335.00","4250.00","983","-0.02%"
"12/22/2006","4304.25","4331.00","4360.00","4262.50","817","-0.68%"
"12/21/2006","4333.70","4399.00","4399.00","4301.25","2.24K","+0.56%"
"12/20/2006","4309.45","4399.00","4496.00","4280.00","9.64K","+0.98%"
"12/19/2006","4267.50","4370.00","4370.00","4230.00","2.04K","-2.20%"
"12/18/2006","4363.40","4380.00","4399.90","4240.00","3.38K","+2.68%"
"12/15/2006","4249.55","4383.90","4399.00","4225.25","1.52K","-1.34%"
"12/14/2006","4307.20","4199.00","4425.00","4141.25","3.48K","+4.44%"
"12/13/2006","4123.90","4198.00","4199.00","3950.00","2.90K","+2.74%"
"12/12/2006","4013.85","4205.00","4300.00","3900.00","6.44K","-4.52%"
"12/11/2006","4203.95","4415.00","4415.00","4150.00","4.03K","-2.54%"
"12/08/2006","4313.30","4380.00","4405.00","4300.00","2.35K","-1.48%"
"12/07/2006","4378.25","4390.00","4469.00","4361.00","1.65K","+0.21%"
"12/06/2006","4369.00","4510.00","4512.00","4350.00","2.62K","-2.98%"
"12/05/2006","4503.15","4555.00","4599.50","4499.00","1.67K","-0.96%"
"12/04/2006","4546.80","4594.00","4594.00","4492.15","4.66K","+0.15%"
"12/01/2006","4539.85","4649.90","4649.90","4505.50","4.45K","-0.87%"
"11/30/2006","4579.90","4560.00","4685.00","4410.00","2.85K","-0.62%"
"11/29/2006","4608.60","4519.00","4720.00","4476.00","14.70K","+3.29%"
"11/28/2006","4462.00","4400.00","4540.00","4400.00","4.09K","-0.45%"
"11/27/2006","4482.15","4350.00","4600.00","4291.35","10.38K","+4.58%"
"11/24/2006","4286.00","4380.00","4380.00","4272.05","1.46K","-0.69%"
"11/23/2006","4315.75","4379.00","4491.70","4295.00","2.12K","+0.54%"
"11/22/2006","4292.45","4470.00","4545.00","4245.00","2.73K","-2.07%"
"11/21/2006","4383.35","4490.00","4575.00","4360.00","6.17K","-0.73%"
"11/20/2006","4415.50","4242.00","4510.00","4115.55","12.62K","+2.66%"
"11/17/2006","4301.20","4540.00","4540.00","4282.15","1.59K","-3.21%"
"11/16/2006","4443.85","4585.00","4585.00","4421.00","1.43K","-1.01%"
"11/15/2006","4489.10","4550.00","4600.00","4440.00","2.90K","-0.99%"
"11/14/2006","4534.00","4600.00","4780.00","4500.00","12.19K","+0.26%"
"11/13/2006","4522.05","4070.00","4522.05","4070.00","8.55K","+10.00%"
"11/10/2006","4110.95","4195.00","4200.00","4055.20","880","-0.95%"
"11/09/2006","4150.45","4219.95","4220.00","4125.00","1.13K","+0.01%"
"11/08/2006","4150.15","4269.90","4269.90","4130.00","1.50K","-1.87%"
"11/07/2006","4229.05","4260.25","4450.00","4200.00","1.98K","-0.56%"
"11/06/2006","4253.05","4180.10","4280.00","4180.10","9.28K","+0.96%"
"11/03/2006","4212.80","4231.10","4282.90","4175.05","2.25K","-0.23%"
"11/02/2006","4222.60","4374.80","4409.00","4210.00","1.77K","-1.29%"
"11/01/2006","4277.80","4190.00","4350.00","4190.00","8.77K","+2.19%"
"10/31/2006","4186.30","4200.00","4287.00","4175.10","1.97K","-0.14%"
"10/30/2006","4192.10","4310.00","4310.00","4171.00","3.67K","-2.15%"
"10/27/2006","4284.20","4416.50","4416.50","4260.00","3.67K","-0.75%"
"10/26/2006","4316.75","4488.00","4528.90","4271.55","5.03K","-2.80%"
"10/23/2006","4441.10","4620.00","4620.00","4410.00","973","+0.10%"
"10/20/2006","4436.45","4395.65","4545.00","4381.00","3.69K","+2.44%"
"10/19/2006","4330.70","4549.00","4549.00","4260.00","4.69K","-3.18%"
"10/18/2006","4472.85","4510.00","4544.00","4465.00","2.46K","-0.75%"
"10/17/2006","4506.65","4600.00","4630.85","4486.00","2.65K","-1.30%"
"10/16/2006","4565.95","4690.00","4700.00","4421.10","7.89K","-0.04%"
"10/13/2006","4567.70","4749.90","4800.00","4513.00","8.33K","-1.60%"
"10/12/2006","4641.95","4450.00","4680.00","4450.00","16.10K","+4.63%"
"10/11/2006","4436.55","4650.00","4674.95","4412.00","6.56K","-3.26%"
"10/10/2006","4586.20","4688.00","4800.00","4551.10","15.47K","+2.60%"
"10/09/2006","4470.00","4301.00","4470.00","4150.00","20.27K","+5.00%"
"10/06/2006","4257.10","4000.00","4257.10","4000.00","16.50K","+5.00%"
"10/05/2006","4054.35","3876.00","4054.35","3876.00","5.54K","+5.00%"
"10/04/2006","3861.25","3885.00","3930.00","3852.00","1.24K","-1.35%"
"10/03/2006","3913.95","3840.00","3949.70","3840.00","2.69K","+1.04%"
"09/29/2006","3873.55","3869.95","3925.00","3801.00","2.29K","+1.31%"
"09/28/2006","3823.50","3869.00","3870.00","3801.15","1.31K","-0.72%"
"09/27/2006","3851.20","3860.00","3875.00","3840.00","2.30K","+1.37%"
"09/26/2006","3799.25","3800.00","3870.00","3769.00","2.78K","+1.05%"
"09/25/2006","3759.85","3835.00","3840.00","3750.00","1.80K","-1.07%"
"09/22/2006","3800.45","3859.95","3880.00","3726.00","1.36K","-0.49%"
"09/21/2006","3819.10","3880.00","3880.00","3810.00","1.06K","-0.91%"
"09/20/2006","3854.20","3780.00","3925.00","3780.00","3.09K","+1.08%"
"09/19/2006","3812.90","3865.00","3925.00","3755.00","2.24K","-0.96%"
"09/18/2006","3850.05","3920.00","3937.00","3809.00","2.09K","-0.19%"
"09/15/2006","3857.50","3875.00","3899.95","3790.00","2.26K","-0.55%"
"09/14/2006","3878.70","3900.00","3981.80","3861.15","1.86K","-0.97%"
"09/13/2006","3916.65","3946.80","3999.95","3850.00","3.13K","+1.17%"
"09/12/2006","3871.25","3835.00","3885.00","3780.00","3.65K","+2.10%"
"09/11/2006","3791.55","3915.00","4019.95","3768.90","4.44K","-4.43%"
"09/08/2006","3967.25","3860.00","4040.00","3840.00","8.99K","+2.87%"
"09/07/2006","3856.65","3762.80","3870.00","3762.80","1.42K","+0.53%"
"09/06/2006","3836.45","3875.00","3894.00","3820.05","1.65K","-0.79%"
"09/05/2006","3866.95","3840.00","3875.00","3820.00","3.79K","+0.65%"
"09/04/2006","3841.85","3800.00","3909.90","3790.00","4.68K","+1.17%"
"09/01/2006","3797.25","3675.00","3810.00","3660.05","5.06K","+2.17%"
"08/31/2006","3716.70","3665.00","3843.85","3665.00","6.94K","+1.53%"
"08/30/2006","3660.80","3649.95","3695.00","3620.00","4.45K","+0.79%"
"08/29/2006","3631.95","3600.00","3675.00","3581.00","1.56K","-0.69%"
"08/28/2006","3657.05","3600.00","3694.00","3600.00","1.90K","+0.46%"
"08/25/2006","3640.40","3694.00","3694.00","3560.00","4.78K","+1.36%"
"08/24/2006","3591.65","3600.00","3610.00","3556.00","1.64K","-1.02%"
"08/23/2006","3628.80","3550.05","3700.00","3550.05","4.75K","-0.72%"
"08/22/2006","3655.25","3589.65","3665.00","3521.00","5.52K","+3.93%"
"08/21/2006","3517.00","3405.00","3580.00","3405.00","1.44K","-0.95%"
"08/18/2006","3550.65","3511.00","3590.00","3511.00","2.08K","+1.45%"
"08/17/2006","3499.90","3700.00","3700.00","3450.00","4.10K","-2.96%"
"08/16/2006","3606.55","3750.00","3770.00","3600.00","4.95K","-0.28%"
"08/14/2006","3616.50","3490.00","3616.50","3460.05","5.02K","+5.00%"
"08/11/2006","3444.25","3520.00","3538.90","3430.00","6.37K","-0.05%"
"08/10/2006","3446.10","3700.00","3748.00","3435.00","14.66K","-4.68%"
"08/09/2006","3615.25","3260.00","3615.25","3260.00","9.15K","+10.00%"
"08/08/2006","3286.55","3260.00","3309.00","3250.00","1.76K","+1.42%"
"08/07/2006","3240.60","3500.00","3500.00","3180.00","4.19K","-0.30%"
"08/04/2006","3250.25","3344.70","3344.70","3155.00","5.32K","+0.58%"
"08/03/2006","3231.60","2950.00","3231.60","2950.00","6.77K","+9.89%"
"08/02/2006","2940.80","2915.00","2974.00","2896.00","805","+0.60%"
"08/01/2006","2923.30","2935.00","2950.00","2900.00","1.68K","-0.59%"
"07/31/2006","2940.60","2880.00","2978.00","2808.00","2.02K","+3.86%"
"07/28/2006","2831.40","2850.00","2949.80","2752.00","1.92K","+1.33%"
"07/27/2006","2794.10","2660.00","2879.95","2607.50","1.05K","+6.29%"
"07/26/2006","2628.65","2620.00","2648.90","2605.00","346","+0.77%"
"07/25/2006","2608.55","2630.00","2635.00","2600.00","507","+0.12%"
"07/24/2006","2605.55","2551.00","2625.00","2550.00","916","-0.40%"
"07/21/2006","2615.90","2600.00","2648.00","2600.00","2.03K","+0.26%"
"07/20/2006","2609.05","2520.00","2635.00","2470.00","4.94K","+4.24%"
"07/19/2006","2502.95","2520.00","2560.00","2455.10","871","-0.31%"
"07/18/2006","2510.80","2500.00","2531.00","2485.00","909","-0.34%"
"07/17/2006","2519.25","2510.00","2537.45","2490.00","1.09K","+0.05%"
"07/14/2006","2517.95","2475.00","2546.95","2474.50","426","+0.19%"
"07/13/2006","2513.30","2510.00","2560.00","2460.00","708","-0.77%"
"07/12/2006","2532.90","2450.00","2552.00","2450.00","956","+0.87%"
"07/11/2006","2511.10","2450.00","2556.00","2450.00","1.08K","+1.42%"
"07/10/2006","2476.05","2460.00","2489.95","2450.00","307","+0.51%"
"07/07/2006","2463.55","2497.10","2505.00","2450.00","1.45K","+1.01%"
"07/06/2006","2438.90","2499.10","2499.10","2405.05","321","+0.64%"
"07/05/2006","2423.35","2440.00","2470.00","2401.00","1.45K","-0.70%"
"07/04/2006","2440.40","2479.00","2479.95","2401.00","964","+1.00%"
"07/03/2006","2416.35","2500.00","2500.00","2400.00","904","+0.18%"
"06/30/2006","2411.95","2490.00","2490.00","2380.00","883","-0.37%"
"06/29/2006","2421.00","2400.00","2499.00","2400.00","624","+1.91%"
"06/28/2006","2375.70","2400.00","2400.00","2350.60","301","+0.04%"
"06/27/2006","2374.80","2436.00","2484.00","2350.00","1.05K","-3.25%"
"06/26/2006","2454.55","2549.00","2565.00","2428.00","1.44K","-1.00%"
"06/23/2006","2479.30","2525.00","2525.00","2385.10","1.01K","-0.57%"
"06/22/2006","2493.55","2500.00","2540.00","2450.05","1.01K","+3.12%"
"06/21/2006","2418.15","2251.00","2477.50","2250.50","1.41K","+3.17%"
"06/20/2006","2343.95","2253.00","2399.00","2204.20","847","+1.73%"
"06/19/2006","2304.20","2300.00","2320.00","2236.00","765","+2.36%"
"06/16/2006","2251.05","2280.05","2370.00","2220.00","1.54K","+1.29%"
"06/15/2006","2222.30","2185.00","2242.00","2165.00","892","+3.68%"
"06/14/2006","2143.45","2325.00","2325.00","2100.00","911","-2.76%"
"06/13/2006","2204.20","2290.00","2370.00","2150.00","1.33K","-6.94%"
"06/12/2006","2368.50","2450.00","2451.20","2350.00","713","-2.99%"
"06/09/2006","2441.40","2300.00","2455.00","2282.80","1.70K","+1.60%"
"06/08/2006","2402.95","2475.00","2498.00","2402.75","559","-4.97%"
"06/07/2006","2528.65","2600.00","2640.00","2527.85","866","-4.97%"
"06/06/2006","2660.85","2673.00","2700.00","2654.00","520","-2.50%"
"06/05/2006","2729.20","2705.20","2770.00","2701.00","1.22K","-0.56%"
"06/02/2006","2744.70","2700.00","2770.00","2636.25","1.39K","-1.09%"
"06/01/2006","2775.00","2920.00","2920.00","2750.00","857","-1.57%"
"05/31/2006","2819.35","2865.00","2865.00","2750.15","1.10K","-0.08%"
"05/30/2006","2821.70","2980.00","3010.00","2800.00","755","-4.18%"
"05/29/2006","2944.70","2962.00","3069.00","2801.00","1.11K","-0.11%"
"05/26/2006","2947.95","2850.00","2947.95","2850.00","334","+5.00%"
"05/25/2006","2807.55","2832.35","2880.00","2751.00","1.05K","-2.86%"
"05/24/2006","2890.20","2999.95","3100.00","2855.00","1.17K","-2.54%"
"05/23/2006","2965.55","2985.00","2990.00","2830.00","1.30K","-0.36%"
"05/22/2006","2976.25","3130.00","3130.00","2970.75","822","-4.82%"
"05/19/2006","3127.10","3235.00","3298.00","3080.00","1.35K","-3.13%"
"05/18/2006","3228.25","3300.00","3332.90","3214.00","2.28K","-4.58%"
"05/17/2006","3383.15","3270.00","3383.75","3270.00","1.53K","+4.98%"
"05/16/2006","3222.60","3400.00","3430.00","3200.00","1.25K","-2.22%"
"05/15/2006","3295.70","3549.95","3550.00","3281.00","2.06K","-2.88%"
"05/12/2006","3393.45","3570.00","3570.00","3380.00","2.82K","-1.73%"
"05/11/2006","3453.15","3452.00","3533.95","3425.00","1.77K","-1.69%"
"05/10/2006","3512.55","3550.00","3550.00","3500.00","859","+0.12%"
"05/09/2006","3508.30","3580.00","3580.00","3450.00","1.87K","+0.28%"
"05/08/2006","3498.50","3600.00","3620.00","3433.00","2.35K","-1.52%"
"05/05/2006","3552.65","3629.00","3629.00","3515.00","1.37K","-0.89%"
"05/04/2006","3584.45","3628.00","3630.00","3560.00","1.88K","-0.38%"
"05/03/2006","3598.15","3600.00","3640.00","3542.00","4.08K","+1.00%"
"05/02/2006","3562.55","3500.00","3660.00","3500.00","1.40K","+3.61%"
"04/28/2006","3438.55","3371.75","3473.00","3301.00","2.16K","+0.95%"
"04/27/2006","3406.30","3650.00","3655.00","3395.00","3.36K","-4.24%"
"04/26/2006","3557.00","3580.00","3690.00","3540.00","2.38K","+0.62%"
"04/25/2006","3535.00","3720.00","3775.00","3530.25","4.86K","-4.87%"
"04/24/2006","3716.05","3885.00","3999.45","3689.00","11.08K","-2.44%"
"04/21/2006","3809.00","3890.00","3915.00","3775.00","2.89K","-1.21%"
"04/20/2006","3855.55","3782.15","3874.00","3782.15","2.60K","+1.94%"
"04/19/2006","3782.15","3850.00","3904.95","3751.05","2.70K","-2.04%"
"04/18/2006","3860.80","3920.00","3970.00","3820.00","3.43K","+0.04%"
"04/17/2006","3859.20","3765.00","3890.10","3710.00","4.67K","+4.17%"
"04/13/2006","3704.85","3845.00","3845.00","3674.95","4.36K","-4.21%"
"04/12/2006","3867.80","3900.00","3962.45","3825.05","8.71K","+0.29%"
"04/10/2006","3856.45","3940.00","4068.65","3790.00","21.95K","-0.48%"
"04/07/2006","3874.90","3679.85","3895.50","3605.00","35.31K","+9.42%"
"04/05/2006","3541.35","3285.00","3541.35","3250.00","12.21K","+10.00%"
"04/04/2006","3219.40","3310.00","3310.00","3162.00","2.49K","+0.48%"
"04/03/2006","3204.15","3110.05","3240.00","3110.05","2.84K","+3.30%"
"03/31/2006","3101.80","3110.00","3124.00","3090.00","2.08K","+1.15%"
"03/30/2006","3066.40","3105.00","3150.00","2930.00","1.18K","-1.29%"
"03/29/2006","3106.50","3125.00","3149.95","3100.00","1.27K","-0.13%"
"03/28/2006","3110.60","3189.00","3199.95","3100.00","2.15K","-0.63%"
"03/27/2006","3130.30","3175.05","3252.00","3090.00","12.85K","-1.81%"
"03/24/2006","3187.85","3130.00","3245.00","3120.00","1.19K","-1.71%"
"03/23/2006","3243.20","3245.00","3285.00","3227.50","2.07K","+0.63%"
"03/22/2006","3222.85","3026.15","3245.00","3026.15","2.24K","-0.07%"
"03/21/2006","3225.15","3199.00","3280.00","3199.00","3.97K","+1.18%"
"03/20/2006","3187.65","3359.00","3359.00","3150.00","2.40K","-0.18%"
"03/17/2006","3193.50","3185.00","3219.00","3175.00","1.18K","-0.03%"
"03/16/2006","3194.55","3160.00","3225.00","3125.00","3.96K","+1.58%"
"03/14/2006","3144.85","3190.05","3210.00","3110.00","814","-0.94%"
"03/13/2006","3174.70","3240.00","3265.00","3154.00","3.08K","+1.87%"
"03/10/2006","3116.40","3139.95","3154.80","3103.00","930","-0.71%"
"03/09/2006","3138.80","3160.00","3160.00","3106.00","770","+0.19%"
"03/08/2006","3132.95","3106.00","3220.00","3106.00","9.05K","+0.00%"
"03/07/2006","3132.90","3200.00","3200.00","3120.00","717","+0.14%"
"03/06/2006","3128.60","3170.00","3210.00","3100.00","1.94K","-1.01%"
"03/03/2006","3160.40","3200.00","3246.90","2925.00","2.69K","-2.65%"
"03/02/2006","3246.55","3100.00","3259.90","3100.00","15.80K","+3.70%"
"03/01/2006","3130.70","3070.00","3200.00","3070.00","3.62K","+2.32%"
"02/28/2006","3059.70","3050.00","3100.00","3024.25","2.16K","+0.06%"
"02/27/2006","3057.80","3060.00","3090.00","3041.00","2.20K","+1.21%"
"02/24/2006","3021.35","3050.00","3089.00","2945.00","2.82K","-0.93%"
"02/23/2006","3049.80","3250.00","3250.00","3040.20","2.04K","-1.53%"
"02/22/2006","3097.05","3160.00","3214.95","3080.00","1.75K","-3.67%"
"02/21/2006","3214.95","3300.00","3300.00","3150.10","3.18K","+1.37%"
"02/20/2006","3171.40","3131.00","3199.90","3105.10","1.76K","+1.73%"
"02/17/2006","3117.45","3185.00","3199.95","3081.00","3.85K","-1.68%"
"02/16/2006","3170.70","3101.00","3240.00","3087.00","3.23K","+2.13%"
"02/15/2006","3104.65","3159.95","3185.00","3095.00","2.68K","-0.11%"
"02/14/2006","3108.05","3270.00","3279.95","3090.00","4.97K","-3.45%"
"02/13/2006","3219.15","3340.00","3340.00","3211.00","3.60K","-1.85%"
"02/10/2006","3279.95","3300.00","3398.00","3250.10","14.43K","+0.58%"
"02/08/2006","3260.95","3120.00","3297.00","3052.00","22.21K","+8.33%"
"02/07/2006","3010.10","2945.00","3155.00","2820.10","7.30K","+4.81%"
"02/06/2006","2872.05","2802.10","2950.00","2800.05","4.46K","+2.55%"
"02/03/2006","2800.60","2801.00","2829.95","2800.00","1.47K","-0.68%"
"02/02/2006","2819.85","2801.00","2834.95","2800.00","1.44K","+0.39%"
"02/01/2006","2808.80","2805.00","2830.00","2800.00","1.75K","+0.19%"
"01/31/2006","2803.55","2730.00","2825.00","2725.00","1.17K","+0.06%"
"01/30/2006","2801.95","2865.00","2865.00","2800.00","1.73K","-2.05%"
"01/27/2006","2860.70","2780.00","2889.00","2750.00","8.35K","+4.37%"
"01/25/2006","2740.85","2716.00","2749.95","2716.00","789","+0.93%"
"01/24/2006","2715.60","2790.00","2790.00","2705.00","1.07K","-0.82%"
"01/23/2006","2738.00","2759.00","2769.95","2730.00","1.04K","-0.16%"
"01/20/2006","2742.30","2740.00","2793.95","2730.00","1.51K","-1.19%"
"01/19/2006","2775.35","2749.90","2782.00","2718.00","2.40K","+2.73%"
"01/18/2006","2701.70","2725.00","2725.00","2695.00","1.66K","-0.10%"
"01/17/2006","2704.35","2700.00","2745.00","2675.00","1.78K","+0.89%"
"01/16/2006","2680.45","2691.00","2691.00","2660.00","908","-0.36%"
"01/13/2006","2690.20","2710.00","2725.00","2680.00","1.66K","+0.39%"
"01/12/2006","2679.85","2750.00","2750.00","2674.00","1.87K","-0.57%"
"01/10/2006","2695.30","2744.75","2744.75","2685.00","1.69K","-1.20%"
"01/09/2006","2728.00","2752.00","2780.00","2715.00","1.48K","-0.47%"
"01/06/2006","2740.75","2775.00","2780.00","2735.00","1.52K","-0.74%"
"01/05/2006","2761.25","2742.00","2770.00","2701.00","607","+0.70%"
"01/04/2006","2742.00","2780.00","2800.00","2725.00","2.66K","-0.12%"
"01/03/2006","2745.30","2750.00","2759.45","2741.00","2.19K","+0.26%"
"01/02/2006","2738.05","2705.00","2794.00","2705.00","1.38K","-0.38%"
"12/30/2005","2748.45","2750.00","2820.00","2731.00","3.97K","+0.57%"
"12/29/2005","2732.90","2794.00","2798.00","2717.00","1.22K","-1.11%"
"12/28/2005","2763.45","2819.30","2825.50","2750.05","1.41K","-0.25%"
"12/27/2005","2770.25","2785.00","2820.00","2745.00","1.98K","-0.49%"
"12/26/2005","2783.85","2776.00","2850.00","2761.00","2.22K","-2.29%"
"12/23/2005","2849.05","2871.00","2908.90","2810.00","3.42K","-1.75%"
"12/22/2005","2899.85","2852.00","2970.00","2852.00","2.63K","-2.00%"
"12/21/2005","2959.10","2925.00","2988.00","2912.00","9.51K","+1.69%"
"12/20/2005","2910.05","2875.00","2970.00","2820.00","10.16K","+3.31%"
"12/19/2005","2816.70","2890.00","2890.00","2800.00","2.76K","-0.44%"
"12/16/2005","2829.20","2900.00","2939.00","2800.00","1.24K","+0.28%"
"12/15/2005","2821.40","2875.00","2890.00","2800.00","971","-1.48%"
"12/14/2005","2863.75","2875.00","2893.85","2851.00","1.02K","-0.68%"
"12/13/2005","2883.30","2900.00","2900.00","2870.00","1.11K","-0.48%"
"12/12/2005","2897.35","2939.90","2939.90","2875.00","1.41K","-0.06%"
"12/09/2005","2898.95","2885.00","2900.00","2876.10","1.52K","+0.93%"
"12/08/2005","2872.10","2880.00","2893.95","2840.00","324","-1.16%"
"12/07/2005","2905.90","2850.00","2910.00","2850.00","2.43K","+2.24%"
"12/06/2005","2842.10","2848.00","2848.00","2820.00","479","+0.29%"
"12/05/2005","2833.75","2915.00","2915.00","2805.00","709","-0.94%"
"12/02/2005","2860.60","2900.00","2905.00","2852.00","1.26K","-0.84%"
"12/01/2005","2884.95","2850.00","2890.00","2831.00","791","+1.25%"
"11/30/2005","2849.35","2870.00","2920.00","2830.00","1.14K","-1.35%"
"11/29/2005","2888.45","2865.00","2910.00","2864.10","779","+0.27%"
"11/28/2005","2880.65","2890.00","2935.00","2875.00","1.82K","+0.13%"
"11/25/2005","2876.80","2960.00","2960.00","2870.00","639","-0.12%"
"11/24/2005","2880.20","2890.00","2909.90","2861.05","555","-0.49%"
"11/23/2005","2894.25","2885.00","2905.00","2825.05","1.14K","+0.62%"
"11/22/2005","2876.30","2900.00","2900.00","2840.05","1.57K","+1.22%"
"11/21/2005","2841.50","2801.00","2880.00","2801.00","989","-1.23%"
"11/18/2005","2877.00","2880.00","2900.00","2860.00","2.31K","+0.50%"
"11/17/2005","2862.65","2820.00","2934.00","2796.00","2.51K","+1.96%"
"11/16/2005","2807.55","2830.00","2849.00","2791.10","1.84K","+0.52%"
"11/14/2005","2793.10","2865.00","2868.00","2780.00","1.10K","-0.83%"
"11/11/2005","2816.60","3000.00","3000.00","2803.40","1.39K","+0.16%"
"11/10/2005","2812.00","2939.00","2939.00","2800.00","2.86K","-1.87%"
"11/09/2005","2865.55","2949.00","2970.00","2858.05","4.21K","+0.49%"
"11/08/2005","2851.60","2879.50","2945.00","2840.00","2.33K","-0.93%"
"11/07/2005","2878.30","2810.00","2912.00","2795.00","6.32K","+3.22%"
"11/02/2005","2788.60","2770.10","2825.00","2734.00","1.08K","-0.64%"
"11/01/2005","2806.70","2828.90","2828.90","2715.00","443","+2.44%"
"10/31/2005","2739.95","2775.00","2775.00","2725.00","1.96K","+0.50%"
"10/28/2005","2726.40","2820.00","2820.00","2701.00","2.52K","-2.31%"
"10/27/2005","2790.85","2939.00","2939.00","2770.00","1.73K","-2.23%"
"10/26/2005","2854.45","2799.00","2874.00","2781.10","2.03K","+2.35%"
"10/25/2005","2788.90","2948.00","2948.00","2750.00","845","-0.91%"
"10/24/2005","2814.40","2810.00","2898.00","2800.00","1.37K","+1.50%"
"10/21/2005","2772.85","2866.00","2866.00","2720.00","6.73K","-3.25%"
"10/20/2005","2866.05","3000.00","3000.00","2841.00","2.79K","-3.68%"
"10/19/2005","2975.70","3020.00","3048.90","2950.00","3.69K","-1.77%"
"10/18/2005","3029.20","3000.00","3099.00","3000.00","1.69K","-1.33%"
"10/17/2005","3070.05","3180.00","3198.00","3045.00","1.46K","-1.27%"
"10/14/2005","3109.60","3150.00","3150.00","3050.05","1.36K","-1.35%"
"10/13/2005","3152.15","3010.00","3208.00","3006.00","1.98K","+0.52%"
"10/11/2005","3135.85","3200.00","3200.00","3115.00","1.28K","-1.78%"
"10/10/2005","3192.65","3200.00","3275.00","3182.10","614","-1.29%"
"10/07/2005","3234.25","3230.00","3279.00","3185.30","1.90K","-0.38%"
"10/06/2005","3246.60","3180.00","3370.00","3165.00","3.10K","+1.00%"
"10/05/2005","3214.55","3160.10","3235.00","3155.00","1.54K","+0.94%"
"10/04/2005","3184.50","3152.00","3214.00","3150.00","1.57K","-0.09%"
"10/03/2005","3187.50","3197.00","3197.00","3160.00","1.70K","+1.53%"
"09/30/2005","3139.55","3210.00","3210.00","3050.00","3.29K","-0.76%"
"09/29/2005","3163.75","3192.00","3229.95","3125.00","3.01K","-0.47%"
"09/28/2005","3178.75","3200.10","3250.00","3165.05","1.80K","-1.32%"
"09/27/2005","3221.30","3240.00","3250.00","3172.00","5.51K","+2.64%"
"09/26/2005","3138.50","3025.00","3138.50","3025.00","1.46K","+5.00%"
"09/23/2005","2989.05","3070.00","3100.00","2916.40","4.13K","-2.63%"
"09/22/2005","3069.90","3249.00","3249.00","3050.00","3.90K","-4.25%"
"09/21/2005","3206.30","3310.00","3360.00","3140.00","4.00K","-2.99%"
"09/20/2005","3305.10","3350.00","3374.65","3290.00","3.65K","-1.70%"
"09/19/2005","3362.25","3445.00","3445.00","3350.00","3.26K","-0.20%"
"09/16/2005","3368.95","3499.00","3500.00","3359.00","9.29K","+0.91%"
"09/15/2005","3338.55","3199.95","3338.55","3190.05","9.39K","+5.00%"
"09/14/2005","3179.55","3200.00","3270.00","3151.00","8.33K","+1.94%"
"09/13/2005","3119.05","3010.00","3145.00","3010.00","4.85K","+1.92%"
"09/12/2005","3060.15","3060.00","3100.00","3055.00","1.86K","-0.12%"
"09/09/2005","3063.90","3115.00","3115.00","2960.00","2.31K","-0.07%"
"09/08/2005","3066.10","3080.00","3116.00","3040.00","2.92K","-0.23%"
"09/06/2005","3073.25","3119.55","3150.00","3041.00","3.85K","-0.15%"
"09/05/2005","3078.00","3045.00","3128.00","3032.10","6.03K","+3.31%"
"09/02/2005","2979.45","2999.00","3098.00","2965.00","2.82K","-0.11%"
"09/01/2005","2982.85","3100.00","3100.00","2975.00","3.21K","-0.86%"
"08/31/2005","3008.80","3158.95","3158.95","3000.00","5.41K","-3.91%"
"08/30/2005","3131.15","3172.00","3192.00","3110.00","2.29K","-0.67%"
"08/29/2005","3152.20","3200.00","3200.00","3125.00","3.34K","-1.03%"
"08/26/2005","3185.05","3230.00","3249.00","3155.00","9.37K","-0.26%"
"08/25/2005","3193.25","3155.00","3220.00","3120.00","22.99K","+3.04%"
"08/24/2005","3099.15","3160.00","3225.00","2983.00","20.25K","-1.19%"
"08/23/2005","3136.45","2995.00","3180.00","2995.00","22.00K","+5.01%"
"08/22/2005","2986.75","2901.00","3050.00","2899.00","25.10K","+5.95%"
"08/19/2005","2819.05","2720.00","2851.00","2657.00","15.09K","+7.00%"
"08/18/2005","2634.70","2670.10","2700.00","2626.00","3.33K","-1.12%"
"08/17/2005","2664.45","2670.00","2710.00","2655.00","2.60K","+0.16%"
"08/16/2005","2660.20","2640.00","2800.00","2640.00","3.47K","+2.17%"
"08/12/2005","2603.60","2651.35","2735.00","2552.00","6.37K","-1.80%"
"08/11/2005","2651.35","2600.00","2808.00","2560.00","20.85K","+3.86%"
"08/10/2005","2552.70","2328.90","2552.70","2321.00","8.48K","+10.00%"
"08/09/2005","2320.60","2290.00","2337.90","2270.05","1.38K","+0.68%"
"08/08/2005","2304.90","2321.00","2331.00","2295.00","2.38K","+0.19%"
"08/05/2005","2300.45","2315.00","2320.00","2282.50","6.06K","+1.00%"
"08/04/2005","2277.75","2328.00","2328.90","2270.00","2.05K","-0.54%"
"08/03/2005","2290.05","2339.00","2339.00","2280.00","1.22K","-0.58%"
"08/02/2005","2303.45","2325.00","2380.00","2300.00","1.50K","-0.72%"
"08/01/2005","2320.25","2340.00","2340.00","2305.00","666","-0.70%"
"07/29/2005","2336.50","2360.00","2368.00","2330.00","889","-0.73%"
"07/27/2005","2353.75","2409.00","2409.00","2350.00","332","-0.36%"
"07/26/2005","2362.25","2379.00","2380.00","2352.00","1.27K","-0.43%"
"07/25/2005","2372.35","2479.00","2479.00","2360.00","909","-1.00%"
"07/22/2005","2396.35","2375.00","2420.00","2375.00","961","+1.24%"
"07/21/2005","2366.90","2410.00","2420.00","2350.10","1.77K","-0.90%"
"07/20/2005","2388.40","2455.00","2455.00","2385.00","564","+0.06%"
"07/19/2005","2386.85","2410.00","2414.85","2380.00","836","-0.31%"
"07/18/2005","2394.30","2400.00","2434.00","2387.05","1.01K","+0.08%"
"07/15/2005","2392.35","2400.00","2400.00","2360.00","509","+1.03%"
"07/14/2005","2367.90","2415.00","2415.00","2351.10","910","-1.00%"
"07/13/2005","2391.75","2415.00","2415.00","2376.05","962","+0.23%"
"07/12/2005","2386.20","2410.00","2415.00","2362.00","1.96K","-0.84%"
"07/11/2005","2406.35","2445.05","2469.00","2390.15","1.51K","-1.48%"
"07/08/2005","2442.50","2479.00","2479.00","2435.15","418","+0.52%"
"07/07/2005","2429.90","2500.00","2560.00","2400.00","3.92K","-1.19%"
"07/06/2005","2459.10","2470.00","2480.00","2451.00","258","-0.14%"
"07/05/2005","2462.50","2472.00","2500.00","2460.00","284","-0.68%"
"07/04/2005","2479.30","2434.00","2495.00","2434.00","763","+1.13%"
"07/01/2005","2451.50","2473.50","2473.50","2440.05","252","+0.04%"
"06/30/2005","2450.40","2450.00","2470.00","2440.00","1.55K","+0.65%"
"06/29/2005","2434.50","2499.00","2499.00","2422.00","1.84K","-1.83%"
"06/28/2005","2479.80","2525.00","2530.00","2460.00","626","-1.74%"
"06/27/2005","2523.65","2520.05","2599.90","2515.00","951","+0.23%"
"06/24/2005","2517.95","2569.90","2569.90","2476.00","2.47K","+1.70%"
"06/23/2005","2475.95","2464.00","2480.00","2462.05","1.03K","+0.06%"
"06/22/2005","2474.55","2470.00","2485.00","2447.00","1.17K","+0.70%"
"06/21/2005","2457.35","2447.90","2464.95","2430.00","662","+1.02%"
"06/20/2005","2432.50","2425.00","2460.00","2420.00","954","-0.95%"
"06/17/2005","2455.90","2525.00","2525.00","2444.00","1.01K","-0.73%"
"06/16/2005","2474.05","2490.00","2505.00","2462.00","1.30K","-0.29%"
"06/15/2005","2481.15","2510.00","2519.95","2475.00","1.32K","-0.71%"
"06/14/2005","2499.00","2500.05","2510.00","2495.00","1.16K","-0.31%"
"06/13/2005","2506.75","2515.00","2537.80","2500.50","767","-0.11%"
"06/10/2005","2509.50","2500.05","2542.95","2500.05","719","-1.28%"
"06/09/2005","2542.00","2521.00","2553.95","2521.00","692","+0.66%"
"06/08/2005","2525.40","2500.00","2535.00","2500.00","779","+0.69%"
"06/07/2005","2508.15","2519.95","2525.00","2501.00","1.17K","-0.01%"
"06/06/2005","2508.45","2519.90","2529.50","2499.85","677","+0.91%"
"06/03/2005","2485.85","2533.00","2550.00","2475.00","1.53K","-0.18%"
"06/02/2005","2490.40","2550.00","2550.00","2485.25","289","-0.48%"
"06/01/2005","2502.50","2535.00","2550.00","2496.20","1.16K","-0.11%"
"05/31/2005","2505.25","2538.00","2538.00","2490.00","764","+0.55%"
"05/30/2005","2491.55","2461.00","2548.90","2461.00","546","-1.23%"
"05/27/2005","2522.70","2544.00","2565.00","2500.00","907","-0.39%"
"05/26/2005","2532.60","2548.00","2550.85","2520.00","470","+0.14%"
"05/25/2005","2529.15","2559.00","2560.70","2520.00","888","-0.78%"
"05/24/2005","2549.10","2476.00","2569.00","2476.00","1.72K","+0.74%"
"05/23/2005","2530.25","2530.00","2540.00","2505.25","932","+0.70%"
"05/20/2005","2512.65","2500.00","2549.00","2500.00","3.00K","+0.25%"
"05/19/2005","2506.40","2550.00","2554.50","2500.00","2.20K","-0.99%"
"05/18/2005","2531.35","2550.00","2553.00","2505.00","417","-0.11%"
"05/17/2005","2534.20","2587.70","2587.70","2525.00","908","-0.81%"
"05/16/2005","2554.95","2559.00","2598.85","2550.00","1.15K","+0.33%"
"05/13/2005","2546.50","2614.00","2614.00","2530.00","962","-2.97%"
"05/12/2005","2624.40","2638.90","2700.00","2526.05","1.82K","+3.63%"
"05/11/2005","2532.40","2585.00","2585.00","2525.00","620","-0.78%"
"05/10/2005","2552.20","2550.00","2594.90","2511.00","867","-1.94%"
"05/09/2005","2602.70","2538.80","2755.00","2538.80","1.78K","+3.82%"
"05/06/2005","2506.90","2505.00","2523.00","2500.00","565","-0.17%"
"05/05/2005","2511.25","2540.00","2544.00","2501.00","1.98K","+0.40%"
"05/04/2005","2501.30","2475.10","2530.00","2475.10","1.51K","+0.03%"
"05/03/2005","2500.65","2500.10","2579.95","2470.00","1.29K","-2.70%"
"05/02/2005","2570.10","2600.00","2630.00","2551.00","1.94K","-3.01%"
"04/29/2005","2649.95","2740.00","2770.00","2602.00","2.09K","-3.52%"
"04/28/2005","2746.65","2740.00","2760.00","2705.00","567","+1.10%"
"04/27/2005","2716.65","2740.00","2750.00","2701.00","489","-0.97%"
"04/26/2005","2743.35","2720.00","2768.25","2720.00","533","-0.27%"
"04/25/2005","2750.80","2785.00","2798.50","2640.00","866","+1.50%"
"04/22/2005","2710.20","2741.00","2749.00","2705.10","773","+0.43%"
"04/21/2005","2698.70","2706.00","2719.40","2675.00","579","-0.21%"
"04/20/2005","2704.45","2744.00","2751.00","2660.00","2.37K","-0.03%"
"04/19/2005","2705.15","2745.00","2745.00","2686.00","2.21K","+0.75%"
"04/18/2005","2684.95","2704.00","2704.00","2645.00","2.13K","-0.70%"
"04/15/2005","2704.00","2711.00","2774.00","2691.05","4.12K","-2.09%"
"04/13/2005","2761.65","2775.00","2800.00","2721.60","1.84K","-0.19%"
"04/12/2005","2767.00","2749.00","2801.00","2749.00","851","+1.14%"
"04/11/2005","2735.70","2760.00","2776.00","2725.00","841","-0.87%"
"04/08/2005","2759.80","2829.00","2845.00","2745.00","2.19K","-1.19%"
"04/07/2005","2793.10","2875.00","2875.00","2779.00","1.70K","-1.20%"
"04/06/2005","2827.15","2775.00","2880.00","2775.00","6.77K","+2.12%"
"04/05/2005","2768.35","2949.00","2949.80","2755.00","4.07K","-3.92%"
"04/04/2005","2881.40","2924.00","2930.00","2860.00","2.01K","-1.08%"
"04/01/2005","2912.75","2968.00","2980.00","2895.00","3.47K","-1.20%"
"03/31/2005","2948.05","2930.00","2955.00","2900.00","1.36K","+1.71%"
"03/30/2005","2898.50","2820.00","2930.00","2820.00","2.19K","+3.41%"
"03/29/2005","2802.95","2931.00","2950.00","2753.50","9.43K","-4.69%"
"03/28/2005","2940.85","2997.55","2997.55","2920.00","2.26K","+0.46%"
"03/24/2005","2927.35","2950.00","2970.00","2905.00","3.85K","-0.07%"
"03/23/2005","2929.40","2905.00","2948.00","2905.00","4.83K","-0.71%"
"03/22/2005","2950.20","2990.00","2992.00","2940.05","4.08K","-0.88%"
"03/21/2005","2976.40","3025.00","3025.00","2915.00","5.88K","+1.05%"
"03/18/2005","2945.40","2980.00","2999.95","2905.00","6.20K","-2.56%"
"03/17/2005","3022.75","3037.85","3060.00","3000.00","3.24K","-1.00%"
"03/16/2005","3053.35","3098.90","3125.00","3025.00","6.07K","+0.78%"
"03/15/2005","3029.60","2985.00","3065.00","2875.20","8.62K","+2.14%"
"03/14/2005","2966.20","3050.00","3050.00","2960.00","2.94K","-0.68%"
"03/11/2005","2986.60","2985.00","3060.00","2901.10","6.11K","-0.37%"
"03/10/2005","2997.80","3124.00","3125.00","2981.25","6.45K","-3.50%"
"03/09/2005","3106.45","3140.00","3160.00","3035.00","7.12K","-0.13%"
"03/08/2005","3110.50","3120.00","3185.00","3000.00","9.07K","+0.34%"
"03/07/2005","3099.95","3150.00","3157.00","3075.00","9.80K","+0.89%"
"03/04/2005","3072.60","2621.05","3150.00","2621.05","32.06K","+6.68%"
"03/03/2005","2880.30","2860.00","2899.00","2850.00","3.99K","+0.95%"
"03/02/2005","2853.30","2924.95","2925.00","2830.00","8.23K","-0.45%"
"03/01/2005","2866.30","2800.00","2940.00","2800.00","21.06K","+2.39%"
"02/28/2005","2799.45","2685.00","2860.00","2680.10","19.52K","+3.84%"
"02/25/2005","2696.05","2675.00","2750.00","2660.00","8.66K","+2.23%"
"02/24/2005","2637.30","2677.00","2688.00","2635.00","1.64K","-0.21%"
"02/23/2005","2642.80","2704.00","2704.00","2631.00","3.13K","-1.47%"
"02/22/2005","2682.25","2694.00","2694.00","2630.00","2.18K","-0.04%"
"02/21/2005","2683.40","2670.00","2710.00","2625.00","2.44K","-0.07%"
"02/18/2005","2685.35","2620.00","2698.90","2620.00","4.75K","+2.93%"
"02/17/2005","2608.95","2650.00","2665.00","2574.00","5.52K","-0.29%"
"02/16/2005","2616.65","2700.00","2738.75","2600.00","9.39K","-2.75%"
"02/15/2005","2690.55","2730.00","2785.00","2675.15","4.55K","-2.77%"
"02/14/2005","2767.30","2770.00","2819.95","2749.00","6.23K","+1.76%"
"02/11/2005","2719.55","2798.25","2799.00","2710.00","10.40K","-0.75%"
"02/10/2005","2740.10","2775.00","2800.00","2710.00","7.81K","+0.55%"
"02/09/2005","2725.00","2650.00","2760.00","2650.00","11.79K","+3.28%"
"02/08/2005","2638.45","2648.00","2675.00","2601.00","5.43K","+1.56%"
"02/07/2005","2598.05","2570.00","2639.00","2532.00","6.98K","+3.31%"
"02/04/2005","2514.70","2425.00","2643.90","2425.00","6.92K","+4.17%"
"02/03/2005","2414.15","2428.00","2459.00","2405.00","1.51K","+0.10%"
"02/02/2005","2411.80","2426.00","2450.00","2396.00","2.34K","-0.83%"
"02/01/2005","2431.90","2440.00","2487.90","2399.00","2.81K","+0.66%"
"01/31/2005","2416.05","2380.00","2444.00","2380.00","2.44K","+1.10%"
"01/28/2005","2389.80","2335.00","2405.00","2330.00","2.16K","+2.95%"
"01/27/2005","2321.40","2315.00","2340.00","2295.00","1.56K","-1.01%"
"01/25/2005","2345.20","2306.00","2365.00","2301.00","4.40K","-0.11%"
"01/24/2005","2347.70","2366.50","2400.00","2330.00","1.23K","-2.11%"
"01/20/2005","2398.20","2419.00","2419.00","2365.00","1.41K","+0.36%"
"01/19/2005","2389.70","2405.00","2437.95","2380.00","2.76K","-0.13%"
"01/18/2005","2392.90","2460.00","2460.00","2381.00","1.83K","-0.29%"
"01/17/2005","2399.85","2490.00","2499.00","2384.00","3.01K","-2.15%"
"01/14/2005","2452.65","2500.00","2505.00","2440.00","2.45K","-1.85%"
"01/13/2005","2498.80","2500.00","2545.00","2480.00","3.49K","+1.04%"
"01/12/2005","2473.05","2506.00","2569.00","2457.15","4.13K","-2.26%"
"01/11/2005","2530.20","2660.00","2660.00","2510.00","5.76K","-3.57%"
"01/10/2005","2623.90","2549.00","2623.90","2532.00","4.58K","+5.00%"
"01/07/2005","2498.95","2545.00","2555.00","2480.00","5.05K","-0.54%"
"01/06/2005","2512.55","2535.00","2560.00","2470.00","2.83K","-2.51%"
"01/05/2005","2577.30","2540.00","2599.00","2422.55","8.35K","+1.07%"
"01/04/2005","2550.05","2575.00","2598.00","2530.30","3.62K","+0.29%"
"01/03/2005","2542.55","2450.00","2542.55","2431.00","5.57K","+5.00%"
"12/31/2004","2421.45","2470.00","2470.00","2401.65","2.56K","-0.84%"
"12/30/2004","2441.95","2470.00","2500.00","2425.00","3.14K","-0.51%"
"12/29/2004","2454.35","2520.00","2550.00","2436.35","4.59K","-1.85%"
"12/28/2004","2500.60","2500.00","2575.00","2475.00","6.77K","+0.52%"
"12/27/2004","2487.75","2525.00","2535.00","2434.10","9.52K","-2.91%"
"12/24/2004","2562.20","2669.95","2669.95","2562.20","6.60K","-5.00%"
"12/23/2004","2697.05","2564.00","2764.15","2563.00","13.61K","+2.45%"
"12/22/2004","2632.50","2634.00","2690.00","2611.10","3.63K","-0.57%"
"12/21/2004","2647.55","2670.00","2698.00","2620.10","3.80K","-0.49%"
"12/20/2004","2660.65","2650.00","2710.00","2600.00","6.21K","+1.97%"
"12/17/2004","2609.30","2789.00","2822.00","2581.00","17.75K","-2.93%"
"12/16/2004","2687.95","2679.00","2687.95","2625.00","9.58K","+5.00%"
"12/15/2004","2559.95","2559.00","2559.95","2480.10","4.64K","+5.00%"
"12/14/2004","2438.05","2334.00","2438.05","2334.00","6.58K","+5.00%"
"12/13/2004","2321.95","2288.00","2360.00","2288.00","3.27K","+1.49%"
"12/10/2004","2287.95","2345.15","2380.00","2272.55","2.49K","-2.44%"
"12/09/2004","2345.15","2348.00","2375.00","2335.00","2.40K","-0.44%"
"12/08/2004","2355.55","2301.00","2438.00","2301.00","5.47K","-0.43%"
"12/07/2004","2365.80","2406.00","2440.00","2351.00","4.81K","-0.89%"
"12/06/2004","2387.00","2325.00","2387.10","2321.00","11.27K","+5.00%"
"12/03/2004","2273.40","2291.00","2320.00","2260.00","6.11K","-0.74%"
"12/02/2004","2290.40","2275.00","2330.00","2243.05","7.98K","+0.59%"
"12/01/2004","2277.05","2235.00","2304.15","2200.00","13.38K","+3.77%"
"11/30/2004","2194.40","2100.00","2194.40","2081.00","13.03K","+5.00%"
"11/29/2004","2089.90","2040.00","2100.00","2031.00","2.47K","+2.43%"
"11/25/2004","2040.25","2022.00","2077.00","2022.00","1.53K","-0.19%"
"11/24/2004","2044.05","2050.00","2074.00","2035.00","2.29K","-0.52%"
"11/23/2004","2054.70","2050.00","2095.00","2035.00","2.63K","+0.40%"
"11/22/2004","2046.60","2045.00","2067.50","2030.00","1.87K","-0.24%"
"11/19/2004","2051.55","2150.00","2150.00","2020.00","1.50K","-1.07%"
"11/18/2004","2073.80","2080.00","2100.00","2061.30","2.87K","-0.19%"
"11/17/2004","2077.70","2080.10","2100.00","2070.00","2.69K","-0.44%"
"11/16/2004","2086.95","2086.00","2087.55","2000.00","6.53K","+4.97%"
"11/12/2004","1988.10","1999.00","2019.00","1980.10","613","+0.26%"
"11/11/2004","1982.95","2002.90","2002.90","1980.00","1.50K","-0.20%"
"11/10/2004","1987.00","1990.00","2000.00","1965.00","3.82K","+0.67%"
"11/09/2004","1973.75","1995.00","2000.90","1960.00","2.61K","-0.70%"
"11/08/2004","1987.75","2000.00","2018.00","1981.10","1.78K","-0.54%"
"11/05/2004","1998.45","2009.90","2009.90","1986.00","1.17K","+0.09%"
"11/04/2004","1996.70","2020.00","2039.70","1995.00","1.72K","-0.42%"
"11/03/2004","2005.05","2019.00","2019.00","1999.00","1.36K","+0.07%"
"11/02/2004","2003.55","2010.00","2017.00","1990.00","2.24K","-0.28%"
"11/01/2004","2009.15","2024.90","2034.50","2000.00","1.25K","-0.52%"
"10/29/2004","2019.65","2017.10","2038.65","2017.10","746","-0.95%"
"10/28/2004","2039.05","2042.00","2089.00","2025.00","1.73K","+0.63%"
"10/27/2004","2026.25","2042.00","2065.40","2020.00","715","-0.79%"
"10/26/2004","2042.30","2071.00","2071.00","1992.30","1.65K","+2.30%"
"10/25/2004","1996.40","2049.00","2049.00","1980.00","1.20K","-2.00%"
"10/21/2004","2037.20","2005.00","2060.00","2005.00","1.22K","+1.27%"
"10/20/2004","2011.70","2038.00","2044.00","2009.20","738","-0.84%"
"10/19/2004","2028.80","2016.00","2074.00","2011.10","1.84K","-0.92%"
"10/18/2004","2047.70","2150.00","2160.00","2032.15","3.12K","-0.65%"
"10/15/2004","2061.00","2049.90","2118.05","2002.00","6.39K","+2.16%"
"10/14/2004","2017.35","2050.05","2055.00","2006.00","1.65K","-1.69%"
"10/12/2004","2052.00","2170.00","2170.00","2026.45","2.25K","-1.89%"
"10/11/2004","2091.55","2080.00","2174.00","2070.00","4.10K","-0.14%"
"10/08/2004","2094.55","2174.70","2174.70","2076.00","4.32K","+0.25%"
"10/07/2004","2089.35","2110.00","2163.90","2081.35","3.72K","-0.64%"
"10/06/2004","2102.75","2105.00","2248.90","2090.00","11.25K","-1.82%"
"10/05/2004","2141.80","2010.00","2141.80","2010.00","6.59K","+5.00%"
"10/04/2004","2039.80","2124.00","2124.00","2032.00","2.91K","+0.10%"
"10/01/2004","2037.70","2025.00","2070.00","2025.00","2.48K","-0.20%"
"09/30/2004","2041.80","2099.00","2099.00","2025.00","3.33K","-1.23%"
"09/29/2004","2067.25","2025.10","2098.95","2025.10","1.94K","-0.47%"
"09/28/2004","2077.00","2117.90","2150.00","2065.05","975","-0.99%"
"09/27/2004","2097.70","2149.90","2149.90","2080.00","1.77K","-1.01%"
"09/24/2004","2119.10","2125.00","2149.90","2100.00","1.94K","-0.50%"
"09/23/2004","2129.75","2185.00","2200.00","2121.00","2.69K","-2.98%"
"09/22/2004","2195.15","2105.40","2214.00","2105.40","1.97K","+0.03%"
"09/21/2004","2194.50","2228.00","2240.00","2175.00","2.54K","-0.38%"
"09/20/2004","2202.95","2229.90","2245.00","2200.00","5.07K","-0.04%"
"09/17/2004","2203.85","2200.00","2255.00","2140.00","9.50K","+1.55%"
"09/16/2004","2170.15","2097.30","2170.15","2071.00","8.07K","+5.00%"
"09/15/2004","2066.80","2140.00","2140.00","2051.70","2.60K","-2.31%"
"09/14/2004","2115.60","2145.00","2173.00","2060.00","10.72K","+0.91%"
"09/13/2004","2096.60","2009.00","2096.60","1995.00","6.77K","+5.00%"
"09/10/2004","1996.75","2000.00","2015.00","1950.00","4.07K","-0.12%"
"09/09/2004","1999.20","2000.00","2015.00","1986.00","2.45K","+0.77%"
"09/08/2004","1983.95","2000.00","2002.00","1976.00","1.83K","-0.41%"
"09/07/2004","1992.05","2024.00","2024.00","1984.00","2.82K","-0.24%"
"09/06/2004","1996.75","1974.00","2044.70","1974.00","3.73K","+2.18%"
"09/03/2004","1954.10","1959.00","1980.00","1935.00","1.61K","+0.68%"
"09/02/2004","1940.90","1927.40","1961.90","1927.40","1.49K","-0.74%"
"09/01/2004","1955.30","1963.10","1968.00","1950.00","1.94K","+0.05%"
"08/31/2004","1954.40","1969.00","1975.10","1941.00","2.16K","-0.04%"
"08/30/2004","1955.20","1972.10","2000.00","1950.00","4.01K","+0.06%"
"08/27/2004","1954.10","2010.00","2035.00","1922.00","4.35K","-1.52%"
"08/26/2004","1984.20","1935.00","1984.20","1899.00","5.42K","+5.00%"
"08/25/2004","1889.70","1910.00","1910.00","1881.00","1.59K","-0.86%"
"08/24/2004","1906.00","1965.00","1965.00","1901.30","2.31K","-0.14%"
"08/23/2004","1908.70","1942.00","1980.00","1901.00","3.43K","-2.27%"
"08/20/2004","1953.00","1955.00","2016.00","1942.30","4.02K","-3.04%"
"08/19/2004","2014.25","2020.00","2050.00","2000.25","7.22K","-0.50%"
"08/18/2004","2024.35","2100.00","2100.00","1980.00","10.83K","+0.07%"
"08/17/2004","2022.95","1910.00","2075.00","1900.00","16.55K","+8.12%"
"08/16/2004","1871.10","1836.00","1890.00","1835.00","6.61K","+0.00%"
"08/13/2004","1871.10","1836.00","1890.00","1835.00","6.61K","+1.94%"
"08/12/2004","1835.55","1880.00","1929.00","1820.10","11.81K","-2.37%"
"08/11/2004","1880.05","1997.70","2044.00","1845.05","25.01K","+0.34%"
"08/10/2004","1873.70","1799.00","1873.70","1799.00","3.60K","+10.00%"
"08/09/2004","1703.35","1525.05","1703.35","1503.00","4.40K","+10.00%"
"08/06/2004","1548.50","1435.00","1575.00","1415.00","3.63K","+7.07%"
"08/05/2004","1446.25","1370.00","1459.00","1370.00","1.27K","+2.79%"
"08/04/2004","1407.05","1440.00","1445.00","1392.05","1.77K","+0.08%"
"08/03/2004","1405.95","1421.00","1421.00","1404.10","584","-0.54%"
"08/02/2004","1413.60","1410.00","1426.00","1401.00","480","+1.14%"
"07/30/2004","1397.70","1425.00","1425.00","1393.25","664","+0.58%"
"07/29/2004","1389.60","1407.00","1407.00","1380.00","246","-0.66%"
"07/28/2004","1398.80","1405.00","1410.00","1385.00","691","-0.32%"
"07/27/2004","1403.35","1415.00","1440.00","1400.00","580","-0.45%"
"07/26/2004","1409.75","1410.00","1450.00","1397.05","1.19K","+0.47%"
"07/23/2004","1403.10","1392.00","1409.00","1375.00","645","-0.16%"
"07/22/2004","1405.30","1410.00","1415.00","1402.15","311","+0.90%"
"07/21/2004","1392.75","1405.00","1415.00","1386.00","564","-1.28%"
"07/20/2004","1410.85","1394.00","1425.00","1378.00","708","+1.89%"
"07/19/2004","1384.65","1390.00","1400.00","1375.05","988","-0.61%"
"07/16/2004","1393.10","1370.00","1400.00","1370.00","339","+1.60%"
"07/15/2004","1371.10","1397.40","1397.40","1350.00","805","-0.53%"
"07/14/2004","1378.45","1395.00","1395.00","1375.00","409","-1.61%"
"07/13/2004","1401.00","1385.00","1411.50","1385.00","1.26K","+0.22%"
"07/12/2004","1397.95","1398.00","1410.00","1365.10","1.25K","-0.26%"
"07/09/2004","1401.65","1323.05","1420.00","1323.05","1.10K","+0.22%"
"07/08/2004","1398.60","1400.00","1440.00","1395.05","22.79K","+0.44%"
"07/07/2004","1392.45","1406.00","1411.00","1382.00","786","-1.00%"
"07/06/2004","1406.50","1390.00","1410.00","1382.05","2.58K","+0.82%"
"07/05/2004","1395.05","1385.00","1399.95","1380.10","1.76K","+0.52%"
"07/02/2004","1387.80","1385.00","1412.00","1381.10","900","+0.84%"
"07/01/2004","1376.20","1340.05","1380.00","1340.00","389","+2.87%"
"06/30/2004","1337.80","1360.00","1360.00","1331.00","436","-1.06%"
"06/29/2004","1352.10","1385.00","1385.00","1345.00","821","-1.11%"
"06/28/2004","1367.25","1361.25","1388.00","1361.25","423","+1.14%"
"06/25/2004","1351.85","1350.00","1369.95","1310.00","640","+0.51%"
"06/24/2004","1345.05","1369.00","1369.00","1331.00","502","+0.10%"
"06/23/2004","1343.70","1350.05","1389.90","1331.00","613","-5.19%"
"05/21/2004","1417.20","1450.00","1457.00","1380.00","1.12K","-1.86%"
"05/20/2004","1444.00","1475.00","1480.00","1429.95","1.15K","-2.96%"
"05/19/2004","1488.00","1537.00","1537.00","1465.00","604","+2.09%"
"05/18/2004","1457.60","1447.00","1480.00","1420.00","1.01K","+5.04%"
"05/17/2004","1387.65","1525.00","1525.00","1387.55","1.11K","-9.98%"
"05/14/2004","1541.45","1600.00","1615.00","1450.00","8.56K","-3.68%"
"05/13/2004","1600.30","1550.00","1625.00","1550.00","1.08K","-1.65%"
"05/12/2004","1627.20","1602.05","1648.00","1595.00","1.75K","+0.12%"
"05/11/2004","1625.25","1606.00","1650.00","1565.00","5.90K","+1.22%"
"05/10/2004","1605.70","1635.00","1635.00","1600.00","6.59K","-2.98%"
"05/07/2004","1655.05","1645.00","1670.00","1640.00","785","+0.12%"
"05/06/2004","1653.10","1640.00","1665.00","1627.00","6.13K","+3.20%"
"05/05/2004","1601.90","1620.00","1669.00","1595.05","436","-1.19%"
"05/04/2004","1621.20","1590.00","1622.00","1590.00","403","+1.32%"
"05/03/2004","1600.05","1588.00","1630.00","1555.00","19.18K","+2.77%"
"04/30/2004","1556.95","1600.00","1600.00","1550.00","894","-2.35%"
"04/29/2004","1594.50","1560.00","1617.00","1560.00","1.04K","+0.36%"
"04/28/2004","1588.80","1704.00","1704.00","1580.05","2.48K","-4.90%"
"04/27/2004","1670.60","1715.00","1720.00","1652.00","1.65K","-2.28%"
"04/23/2004","1709.60","1700.00","1725.00","1700.00","858","+1.01%"
"04/22/2004","1692.45","1719.00","1719.00","1680.00","1.60K","+0.53%"
"04/21/2004","1683.45","1670.00","1690.00","1660.00","324","+1.89%"
"04/20/2004","1652.30","1605.00","1679.00","1605.00","446","-0.86%"
"04/19/2004","1666.60","1681.05","1690.00","1650.25","641","-1.83%"
"04/16/2004","1697.65","1699.00","1715.00","1680.00","1.39K","+0.40%"
"04/15/2004","1690.95","1748.00","1748.00","1680.00","1.35K","-1.75%"
"04/13/2004","1721.05","1750.00","1750.00","1685.05","1.26K","-0.23%"
"04/12/2004","1724.95","1720.00","1740.00","1710.00","2.60K","+1.86%"
"04/08/2004","1693.50","1670.00","1700.00","1660.15","541","+1.48%"
"04/07/2004","1668.85","1680.00","1685.00","1650.00","4.96K","-1.16%"
"04/06/2004","1688.50","1710.00","1710.00","1680.00","1.37K","-0.16%"
"04/05/2004","1691.20","1664.00","1738.95","1664.00","2.68K","+4.83%"
"04/02/2004","1613.25","1599.00","1620.00","1566.00","1.78K","+2.67%"
"04/01/2004","1571.30","1485.00","1589.00","1485.00","1.56K","+5.84%"
"03/31/2004","1484.60","1468.00","1495.00","1468.00","804","+2.18%"
"03/30/2004","1452.95","1470.00","1490.00","1450.00","1.71K","-1.43%"
"03/29/2004","1474.05","1450.00","1480.00","1450.00","781","+2.78%"
"03/26/2004","1434.15","1455.00","1479.00","1425.00","2.21K","+0.69%"
"03/25/2004","1424.35","1406.05","1465.00","1405.00","2.41K","+2.02%"
"03/24/2004","1396.10","1469.00","1469.00","1382.00","2.28K","-3.03%"
"03/23/2004","1439.65","1475.00","1490.00","1425.00","3.09K","-1.29%"
"03/22/2004","1458.40","1634.00","1634.00","1450.00","2.15K","-9.15%"
"03/19/2004","1605.30","1720.00","1720.00","1575.00","1.73K","-6.01%"
"03/18/2004","1708.00","1702.05","1750.00","1700.00","673","-1.43%"
"03/17/2004","1732.75","1755.00","1775.00","1711.00","799","-1.30%"
"03/16/2004","1755.60","1785.00","1797.80","1740.00","1.04K","-2.13%"
"03/15/2004","1793.80","1840.00","1859.95","1789.50","1.32K","-1.92%"
"03/12/2004","1828.85","1870.00","1870.00","1807.00","910","-1.27%"
"03/11/2004","1852.45","1900.00","1917.90","1835.50","1.08K","-2.15%"
"03/10/2004","1893.10","1920.00","1938.00","1880.00","408","-1.12%"
"03/09/2004","1914.50","1925.00","1925.00","1902.00","538","-0.21%"
"03/08/2004","1918.55","1921.10","1944.90","1902.10","707","-1.14%"
"03/05/2004","1940.65","1979.00","1989.95","1912.00","817","-1.02%"
"03/04/2004","1960.60","1930.00","1974.90","1920.20","2.02K","+1.94%"
"03/03/2004","1923.30","1940.00","1940.00","1880.25","1.70K","+0.91%"
"03/01/2004","1905.95","1890.00","1910.00","1890.00","519","+1.52%"
"02/27/2004","1877.40","1850.00","1900.00","1850.00","1.14K","+0.10%"
"02/26/2004","1875.50","1885.00","1899.00","1860.05","1.31K","+2.37%"
"02/25/2004","1832.15","1871.00","1912.00","1810.10","1.53K","-2.39%"
"02/24/2004","1877.10","1877.00","1925.00","1853.00","2.40K","-2.14%"
"02/23/2004","1918.10","2010.00","2019.80","1890.00","1.43K","-3.00%"
"02/20/2004","1977.40","1985.00","2020.00","1966.00","2.24K","-1.13%"
"02/19/2004","2000.05","2100.00","2110.00","1990.00","2.08K","-5.70%"
"02/18/2004","2120.95","2075.65","2140.00","2053.55","1.31K","+2.90%"
"02/17/2004","2061.25","2157.00","2169.90","2055.00","1.27K","-3.83%"
"02/16/2004","2143.35","2200.00","2200.00","2120.00","2.05K","-0.45%"
"02/13/2004","2153.10","2074.00","2210.95","2074.00","6.09K","+4.47%"
"02/12/2004","2061.05","2000.00","2079.75","2000.00","3.61K","+3.00%"
"02/11/2004","2001.05","1930.00","2014.00","1901.10","3.51K","+4.25%"
"02/10/2004","1919.45","1890.00","1940.00","1870.00","1.35K","+2.67%"
"02/09/2004","1869.50","1831.00","1887.90","1826.00","711","+1.60%"
"02/06/2004","1840.00","1800.00","1849.90","1800.00","803","+1.92%"
"02/05/2004","1805.35","1825.00","1849.00","1800.00","3.13K","-1.32%"
"02/04/2004","1829.55","1780.00","1848.00","1780.00","1.59K","+3.53%"
"02/03/2004","1767.20","1840.00","1840.00","1756.00","3.52K","-4.56%"
"01/30/2004","1851.55","1925.00","1925.00","1830.00","1.27K","-2.79%"
"01/29/2004","1904.60","1911.25","1930.00","1886.00","1.71K","-0.10%"
"01/28/2004","1906.45","2060.00","2060.00","1890.05","3.78K","-5.09%"
"01/27/2004","2008.70","2000.00","2030.00","1950.00","1.44K","+3.74%"
"01/23/2004","1936.20","1840.00","1950.00","1840.00","1.84K","+6.55%"
"01/22/2004","1817.15","1890.00","1980.00","1801.00","2.68K","-3.86%"
"01/21/2004","1890.20","2020.00","2099.00","1870.00","3.20K","-7.41%"
"01/20/2004","2041.40","2170.00","2190.00","2011.00","2.79K","-4.25%"
"01/19/2004","2131.90","2201.00","2201.00","2050.50","1.69K","-2.94%"
"01/16/2004","2196.50","2210.00","2248.00","2187.00","1.54K","-0.46%"
"01/15/2004","2206.55","2280.00","2297.95","2181.00","1.72K","-3.35%"
"01/14/2004","2283.05","2327.00","2327.00","2225.10","2.24K","+2.76%"
"01/13/2004","2221.70","2265.00","2299.00","2210.00","1.97K","-1.05%"
"01/12/2004","2245.20","2275.25","2304.00","2230.00","1.74K","-2.42%"
"01/09/2004","2300.80","2300.00","2400.00","2265.00","1.99K","-0.89%"
"01/08/2004","2321.35","2314.00","2350.00","2300.00","1.66K","+2.35%"
"01/07/2004","2267.95","2390.00","2390.00","2230.00","3.86K","-1.84%"
"01/06/2004","2310.45","2365.00","2395.00","2301.10","5.94K","-1.97%"
"01/05/2004","2356.85","2419.00","2430.00","2350.00","1.85K","-2.24%"
"01/02/2004","2410.95","2370.00","2434.85","2363.00","3.80K","+2.20%"
"01/01/2004","2359.10","2390.00","2390.00","2320.75","2.19K","+2.72%"
"12/31/2003","2296.60","2300.00","2377.00","2285.05","3.12K","-2.27%"
"12/30/2003","2349.95","2438.10","2478.90","2316.70","3.94K","-2.90%"
"12/29/2003","2420.20","2420.00","2490.00","2402.00","5.73K","+0.30%"
"12/26/2003","2412.85","2300.00","2448.00","2275.00","5.07K","+6.30%"
"12/24/2003","2269.80","2345.00","2345.00","2255.10","3.50K","-2.89%"
"12/23/2003","2337.35","2350.00","2390.00","2315.05","4.06K","-0.69%"
"12/22/2003","2353.65","2280.00","2440.00","2201.00","10.02K","+1.74%"
"12/19/2003","2313.35","2489.95","2515.00","2281.00","9.99K","-6.49%"
"12/18/2003","2473.95","2499.00","2525.00","2402.00","7.03K","+0.48%"
"12/17/2003","2462.05","2450.00","2550.00","2430.00","9.82K","+1.94%"
"12/16/2003","2415.20","2262.50","2480.00","2175.00","12.47K","+7.50%"
"12/15/2003","2246.75","2200.00","2275.00","2200.00","7.31K","+3.07%"
"12/12/2003","2179.85","2150.00","2200.00","2070.00","6.70K","+3.60%"
"12/11/2003","2104.20","2120.00","2237.00","2010.00","5.30K","+0.84%"
"12/10/2003","2086.60","1875.00","2160.00","1875.00","18.30K","+11.05%"
"12/09/2003","1878.90","1870.00","1895.00","1850.00","2.18K","+2.37%"
"12/08/2003","1835.35","1751.05","1860.00","1751.05","3.02K","+2.42%"
"12/05/2003","1791.95","1838.00","1840.00","1780.00","1.53K","-0.68%"
"12/04/2003","1804.25","1803.00","1830.00","1790.00","1.67K","+0.81%"
"12/03/2003","1789.80","1845.00","1845.00","1782.50","2.56K","-1.25%"
"12/02/2003","1812.45","1800.00","1850.00","1752.00","1.13K","-0.90%"
"12/01/2003","1828.85","1880.00","1895.00","1800.00","2.94K","-1.22%"
"11/28/2003","1851.45","1841.00","1888.00","1840.00","981","-0.64%"
"11/27/2003","1863.35","1935.00","1940.00","1852.05","1.33K","+0.71%"
"11/25/2003","1850.20","1905.00","1910.00","1825.05","3.91K","-2.07%"
"11/24/2003","1889.25","1791.00","1905.00","1775.00","3.20K","+5.26%"
"11/21/2003","1794.90","1837.30","1837.30","1701.00","4.20K","-0.78%"
"11/20/2003","1809.05","1800.00","1850.00","1784.00","7.34K","+0.46%"
"11/19/2003","1800.80","1850.00","1850.00","1780.00","1.22K","-0.88%"
"11/18/2003","1816.80","1790.00","1850.00","1780.00","1.79K","+1.35%"
"11/17/2003","1792.65","1775.00","1800.10","1761.05","1.49K","+3.81%"
"11/14/2003","1726.90","1775.00","1775.00","1711.05","2.05K","-1.69%"
"11/13/2003","1756.55","1810.00","1844.95","1740.00","2.83K","-3.39%"
"11/12/2003","1818.25","1929.00","1940.40","1800.00","3.82K","-4.14%"
"11/11/2003","1896.70","1770.00","1948.95","1760.00","9.57K","+8.12%"
"11/10/2003","1754.30","1700.00","1770.00","1700.00","1.99K","+5.90%"
"11/07/2003","1656.55","1670.00","1695.00","1641.00","1.74K","-1.10%"
"11/06/2003","1674.95","1698.00","1700.00","1665.00","894","-0.30%"
"11/05/2003","1679.95","1690.00","1724.95","1665.10","2.45K","-0.12%"
"11/04/2003","1681.90","1748.00","1760.00","1670.00","2.03K","-1.83%"
"11/03/2003","1713.25","1710.00","1798.95","1699.95","5.76K","+0.75%"
"10/31/2003","1700.55","1647.00","1710.00","1617.00","2.20K","+6.51%"
"10/30/2003","1596.60","1625.00","1650.00","1591.00","1.09K","+0.29%"
"10/29/2003","1591.95","1588.85","1617.50","1561.00","1.12K","+1.11%"
"10/28/2003","1574.40","1563.55","1600.00","1563.55","544","-1.15%"
"10/27/2003","1592.65","1650.00","1650.00","1585.00","1.39K","-1.92%"
"10/24/2003","1623.85","1590.00","1630.00","1542.00","868","+3.41%"
"10/23/2003","1570.30","1600.00","1600.00","1561.15","949","-2.03%"
"10/22/2003","1602.85","1642.55","1680.00","1587.00","980","-2.58%"
"10/21/2003","1645.35","1675.00","1693.90","1635.00","1.04K","-1.82%"
"10/20/2003","1675.85","1770.00","1770.00","1655.05","1.48K","-1.15%"
"10/17/2003","1695.30","1688.05","1790.00","1672.50","4.35K","+0.44%"
"10/16/2003","1687.90","1661.00","1729.00","1652.00","1.87K","+2.21%"
"10/15/2003","1651.40","1760.00","1775.00","1630.00","3.56K","-5.81%"
"10/14/2003","1753.30","1776.00","1900.00","1740.00","2.15K","-4.09%"
"10/13/2003","1828.05","1675.00","1880.00","1675.00","3.38K","+2.37%"
"10/10/2003","1785.80","1651.15","1830.00","1651.15","1.87K","+1.96%"
"10/09/2003","1751.40","1825.00","1825.00","1749.95","1.85K","-0.05%"
"10/08/2003","1752.35","1760.00","1804.00","1726.05","2.62K","+0.68%"
"10/07/2003","1740.55","1650.00","1799.00","1650.00","1.75K","+0.47%"
"10/06/2003","1732.45","1617.95","1794.80","1617.95","8.71K","+8.20%"
"10/03/2003","1601.20","1451.00","1645.00","1451.00","10.08K","+9.70%"
"10/01/2003","1459.65","1524.00","1524.00","1450.00","304","-1.68%"
"09/30/2003","1484.60","1460.00","1500.00","1452.05","867","+1.46%"
"09/29/2003","1463.30","1470.00","1470.00","1450.50","314","-0.65%"
"09/26/2003","1472.80","1465.00","1480.00","1455.00","704","+0.99%"
"09/25/2003","1458.30","1460.00","1477.95","1426.00","489","+0.38%"
"09/24/2003","1452.85","1375.00","1468.00","1375.00","1.38K","+1.64%"
"09/23/2003","1429.40","1441.00","1450.00","1422.00","362","-1.20%"
"09/22/2003","1446.80","1479.85","1497.00","1445.00","906","+1.36%"
"09/19/2003","1427.40","1432.00","1465.00","1422.00","2.01K","-1.10%"
"09/18/2003","1443.25","1500.00","1505.00","1435.00","3.03K","-4.82%"
"09/17/2003","1516.35","1549.85","1559.00","1505.00","1.14K","+0.02%"
"09/16/2003","1516.10","1490.00","1522.00","1490.00","1.30K","+1.13%"
"09/15/2003","1499.20","1526.00","1534.90","1485.00","690","-3.30%"
"09/12/2003","1550.30","1550.00","1597.50","1550.00","964","-2.63%"
"09/11/2003","1592.15","1526.00","1599.00","1525.25","1.37K","+3.35%"
"09/10/2003","1540.50","1550.00","1584.00","1511.05","839","-1.76%"
"09/09/2003","1568.10","1556.00","1625.00","1556.00","4.16K","-1.29%"
"09/08/2003","1588.65","1500.00","1599.00","1498.00","10.69K","+9.09%"
"09/05/2003","1456.30","1420.00","1470.00","1411.25","2.63K","+2.16%"
"09/04/2003","1425.50","1467.65","1467.70","1421.00","875","-2.64%"
"09/03/2003","1464.20","1440.00","1475.00","1440.00","2.24K","+2.15%"
"09/02/2003","1433.40","1410.00","1474.00","1401.00","2.40K","+0.52%"
"09/01/2003","1426.00","1401.05","1439.95","1401.05","1.31K","-0.41%"
"08/29/2003","1431.80","1450.00","1450.00","1425.00","452","+0.15%"
"08/28/2003","1429.60","1433.00","1464.50","1426.00","1.99K","+0.78%"
"08/27/2003","1418.50","1520.00","1520.00","1351.00","4.99K","-4.25%"
"08/26/2003","1481.50","1450.05","1500.00","1450.05","498","+3.33%"
"08/25/2003","1433.75","1500.00","1518.00","1395.00","1.74K","-4.10%"
"08/22/2003","1495.00","1480.00","1514.90","1460.00","6.03K","+1.46%"
"08/21/2003","1473.55","1491.00","1518.95","1460.00","2.05K","-1.72%"
"08/20/2003","1499.40","1490.00","1520.00","1482.05","687","+0.28%"
"08/19/2003","1495.25","1510.00","1517.00","1475.00","1.84K","-0.98%"
"08/18/2003","1510.05","1505.00","1539.95","1505.00","1.67K","-0.15%"
"08/14/2003","1512.30","1575.00","1575.00","1505.00","2.75K","-1.04%"
"08/13/2003","1528.15","1580.00","1580.00","1460.00","4.48K","+1.64%"
"08/12/2003","1503.55","1475.00","1519.00","1472.00","7.71K","+0.92%"
"08/11/2003","1489.80","1400.00","1499.00","1400.00","6.12K","+2.36%"
"08/08/2003","1455.45","1440.00","1500.00","1440.00","2.28K","+3.73%"
"08/07/2003","1403.10","1445.00","1445.00","1398.00","2.38K","+0.36%"
"08/06/2003","1398.05","1440.00","1469.00","1370.00","1.47K","-3.03%"
"08/05/2003","1441.75","1480.00","1530.00","1430.25","4.94K","+0.04%"
"08/04/2003","1441.15","1360.00","1481.05","1340.00","8.34K","+7.03%"
"08/01/2003","1346.55","1355.00","1356.00","1300.00","3.07K","+0.90%"
"07/31/2003","1334.50","1351.00","1367.95","1322.00","2.33K","-1.74%"
"07/30/2003","1358.20","1330.00","1376.00","1315.00","4.53K","-0.85%"
"07/29/2003","1369.80","1512.00","1515.00","1349.00","10.37K","-8.51%"
"07/28/2003","1497.20","1449.00","1510.00","1421.00","9.33K","+4.78%"
"07/25/2003","1428.95","1410.00","1435.00","1410.00","2.15K","+1.69%"
"07/24/2003","1405.25","1395.00","1410.00","1390.00","574","+0.62%"
"07/23/2003","1396.55","1414.00","1426.00","1395.00","1.95K","-0.37%"
"07/22/2003","1401.80","1400.00","1414.00","1377.00","2.09K","+1.34%"
"07/21/2003","1383.30","1391.00","1440.00","1365.00","3.01K","-1.46%"
"07/18/2003","1403.80","1400.00","1420.00","1396.00","895","-1.00%"
"07/17/2003","1417.95","1436.00","1450.00","1396.30","4.28K","-2.05%"
"07/16/2003","1447.70","1449.00","1459.00","1405.00","2.29K","+3.01%"
"07/15/2003","1405.40","1390.00","1420.00","1390.00","826","-0.16%"
"07/14/2003","1407.60","1419.00","1430.00","1400.00","4.36K","+0.18%"
"07/11/2003","1405.10","1376.00","1422.95","1375.00","5.67K","+1.73%"
"07/10/2003","1381.20","1415.00","1430.00","1375.00","1.21K","-2.44%"
"07/09/2003","1415.80","1455.00","1464.95","1400.00","2.36K","-2.41%"
"07/08/2003","1450.70","1455.10","1489.00","1450.00","6.87K","+0.19%"
"07/07/2003","1447.90","1454.00","1475.00","1435.00","4.12K","+3.10%"
"07/04/2003","1404.35","1425.00","1449.45","1389.00","2.11K","-1.65%"
"07/03/2003","1427.85","1387.00","1475.00","1360.00","5.72K","+5.82%"
"07/02/2003","1349.35","1250.00","1381.05","1250.00","9.13K","+7.48%"
"07/01/2003","1255.50","1247.50","1268.00","1240.00","3.14K","+1.73%"
"06/30/2003","1234.20","1237.00","1259.40","1221.10","3.52K","+0.32%"
"06/27/2003","1230.30","1296.85","1296.85","1215.00","3.78K","-1.36%"
"06/26/2003","1247.25","1210.00","1319.00","1203.35","4.86K","+3.59%"
"06/25/2003","1204.00","1190.55","1210.00","1190.00","1.72K","+1.82%"
"06/24/2003","1182.50","1200.00","1200.00","1180.10","290","-1.44%"
"06/23/2003","1199.75","1217.95","1219.90","1191.00","1.32K","+0.33%"
"06/20/2003","1195.75","1220.00","1220.00","1175.00","1.88K","-1.59%"
"06/19/2003","1215.05","1210.05","1234.00","1207.10","1.67K","+0.83%"
"06/18/2003","1205.10","1195.00","1219.00","1195.00","3.47K","+0.45%"
"06/17/2003","1199.70","1168.00","1200.00","1166.25","5.15K","+3.64%"
"06/16/2003","1157.55","1160.00","1190.00","1154.00","513","-1.48%"
"06/13/2003","1174.95","1151.00","1208.00","1151.00","1.14K","-1.31%"
"06/12/2003","1190.50","1186.05","1210.00","1186.05","1.74K","+1.07%"
"06/11/2003","1177.95","1185.00","1208.05","1176.10","4.23K","-0.15%"
"06/10/2003","1179.75","1174.00","1219.80","1160.00","5.05K","+1.01%"
"06/09/2003","1168.00","1190.00","1190.00","1151.00","1.23K","-0.12%"
"06/06/2003","1169.45","1160.35","1205.00","1150.00","2.24K","-2.81%"
"06/05/2003","1203.30","1230.00","1275.00","1190.00","3.84K","-3.32%"
"06/04/2003","1244.60","1260.05","1280.00","1233.00","994","-2.41%"
"06/03/2003","1275.30","1325.00","1325.00","1257.50","854","-1.33%"
"06/02/2003","1292.50","1300.00","1320.00","1277.00","3.17K","-0.54%"
"05/30/2003","1299.50","1275.00","1315.00","1272.20","985","+0.49%"
"05/29/2003","1293.20","1281.00","1301.00","1262.00","1.97K","+0.95%"
"05/28/2003","1281.05","1304.00","1304.00","1242.00","3.58K","-0.34%"
"05/27/2003","1285.45","1338.00","1338.00","1280.00","1.89K","-1.18%"
"05/26/2003","1300.80","1250.00","1348.00","1250.00","5.60K","+2.95%"
"05/23/2003","1263.55","1200.00","1275.00","1196.00","3.92K","+6.02%"
"05/22/2003","1191.80","1183.05","1220.00","1180.00","3.79K","-1.24%"
"05/21/2003","1206.75","1200.00","1225.00","1191.00","2.10K","+0.59%"
"05/20/2003","1199.70","1187.00","1205.00","1181.00","2.12K","+0.10%"
"05/19/2003","1198.50","1197.00","1200.00","1190.00","1.22K","+0.66%"
"05/16/2003","1190.60","1204.00","1204.00","1180.00","695","+0.16%"
"05/15/2003","1188.70","1195.00","1215.00","1175.00","1.28K","-0.79%"
"05/14/2003","1198.20","1180.00","1240.00","1150.00","2.65K","+2.21%"
"05/13/2003","1172.25","1180.00","1200.00","1164.00","1.98K","+0.75%"
"05/12/2003","1163.50","1110.00","1180.00","1110.00","2.71K","+3.82%"
"05/09/2003","1120.65","1047.00","1152.80","1046.00","2.80K","+6.93%"
"05/08/2003","1048.00","1088.00","1088.00","1039.00","530","-0.48%"
"05/07/2003","1053.10","1140.00","1140.00","1041.00","1.26K","-2.82%"
"05/06/2003","1083.65","1060.10","1105.00","1060.10","1.26K","-2.62%"
"05/05/2003","1112.85","1020.00","1150.00","1020.00","4.13K","+0.55%"
"05/02/2003","1106.75","1016.00","1116.00","1005.00","5.46K","+9.09%"
"04/30/2003","1014.55","990.00","1039.90","990.00","1.04K","+2.95%"
"04/29/2003","985.45","995.00","1001.95","979.10","539","-1.50%"
"04/28/2003","1000.50","1000.00","1020.00","997.20","972","-0.94%"
"04/25/2003","1010.00","937.00","1053.35","937.00","5.43K","+5.48%"
"04/24/2003","957.55","950.00","961.00","942.05","492","+1.45%"
"04/23/2003","943.85","955.05","964.00","940.00","918","-1.25%"
"04/22/2003","955.80","964.00","978.80","951.50","1.42K","+0.46%"
"04/21/2003","951.40","1005.00","1015.00","929.05","1.66K","-5.41%"
"04/17/2003","1005.85","1085.00","1089.95","997.00","4.66K","-4.85%"
"04/16/2003","1057.10","935.00","1057.10","935.00","4.56K","+10.00%"
"04/15/2003","961.00","908.90","969.00","892.00","2.54K","+6.52%"
"04/11/2003","902.15","882.00","915.00","881.05","893","+0.66%"
"04/10/2003","896.20","899.95","903.90","880.00","1.29K","+0.58%"
"04/09/2003","891.00","893.00","900.00","890.10","477","-0.45%"
"04/08/2003","895.00","905.00","905.00","894.10","125","+0.44%"
"04/07/2003","891.05","898.00","898.00","885.00","175","+0.11%"
"04/04/2003","890.10","880.00","900.00","875.00","677","+1.15%"
"04/03/2003","879.95","880.00","880.00","872.05","437","+0.82%"
"04/02/2003","872.75","875.10","885.85","871.75","67","-0.11%"
"04/01/2003","873.70","856.55","882.00","856.55","325","+1.98%"
"03/31/2003","856.75","860.00","872.00","856.10","272","-1.78%"
"03/28/2003","872.30","896.00","896.95","865.00","668","+0.63%"
"03/27/2003","866.85","900.00","900.00","863.00","500","-2.14%"
"03/26/2003","885.85","915.00","920.00","880.00","802","-0.96%"
"03/25/2003","894.45","890.00","900.00","890.00","79","-0.87%"
"03/24/2003","902.30","905.00","905.00","900.00","195","+0.00%"
"03/21/2003","902.30","890.05","907.00","890.05","277","+1.38%"
"03/20/2003","890.00","854.55","890.00","854.55","124","+1.48%"
"03/19/2003","877.00","875.55","888.00","875.55","98","-1.79%"
"03/17/2003","893.00","863.00","895.00","863.00","275","+2.64%"
"03/13/2003","870.05","875.00","882.00","870.00","158","-1.19%"
"03/12/2003","880.50","890.05","904.00","880.00","169","-0.94%"
"03/11/2003","888.85","900.00","910.00","881.00","890","-2.32%"
"03/10/2003","910.00","919.00","938.60","910.00","1.25K","-0.18%"
"03/07/2003","911.60","910.00","920.00","910.00","968","-0.77%"
"03/06/2003","918.65","900.00","922.80","900.00","1.51K","+2.06%"
"03/05/2003","900.10","888.00","904.50","888.00","195","+0.04%"
"03/04/2003","899.75","905.00","909.00","896.00","749","-1.30%"
"03/03/2003","911.60","898.80","914.00","886.00","2.04K","+2.14%"
"02/28/2003","892.50","890.00","900.00","863.00","1.13K","+1.95%"
"02/27/2003","875.45","875.20","883.70","873.10","337","-0.57%"
"02/26/2003","880.45","875.00","883.00","875.00","549","-1.12%"
"02/25/2003","890.40","893.95","893.95","876.00","1.06K","+1.12%"
"02/24/2003","880.55","882.00","900.00","880.00","347","+0.83%"
"02/21/2003","873.30","883.00","883.00","871.00","181","-0.18%"
"02/20/2003","874.90","884.90","889.00","867.50","425","+0.61%"
"02/19/2003","869.60","879.90","890.00","869.10","390","-0.25%"
"02/18/2003","871.80","885.00","888.00","862.00","494","-0.41%"
"02/17/2003","875.35","880.00","885.00","872.50","352","-1.02%"
"02/14/2003","884.40","883.00","888.45","871.00","157","+1.10%"
"02/12/2003","874.80","884.00","887.10","870.10","176","+0.34%"
"02/11/2003","871.80","880.00","884.00","865.00","262","-0.87%"
"02/10/2003","879.45","870.30","894.65","870.10","155","-0.74%"
"02/07/2003","886.00","905.00","910.00","883.05","490","-1.56%"
"02/06/2003","900.00","909.50","910.00","895.00","329","-0.11%"
"02/05/2003","901.00","900.00","902.00","896.00","420","+0.06%"
"02/04/2003","900.45","900.00","904.00","900.00","432","+0.02%"
"02/03/2003","900.30","889.00","904.00","886.00","477","+1.08%"
"01/31/2003","890.70","888.45","896.00","876.00","430","+0.23%"
"01/30/2003","888.65","899.00","904.00","876.15","833","+0.78%"
"01/29/2003","881.75","861.20","894.95","861.20","522","+2.53%"
"01/28/2003","860.00","856.00","860.00","856.00","191","+0.29%"
"01/27/2003","857.50","888.00","888.00","850.00","330","-3.50%"
"01/24/2003","888.60","865.00","909.00","865.00","1.00K","-0.11%"
"01/23/2003","889.60","882.90","905.00","864.00","703","+2.64%"
"01/22/2003","866.70","886.90","889.00","860.00","720","-0.71%"
"01/21/2003","872.90","880.00","880.00","860.00","743","+0.37%"
"01/20/2003","869.70","877.00","880.00","865.00","2.15K","-0.61%"
"01/17/2003","875.00","884.90","885.00","875.00","66","-1.27%"
"01/16/2003","886.30","875.00","888.65","875.00","215","-0.06%"
"01/15/2003","886.80","880.00","888.70","875.00","285","+0.71%"
"01/14/2003","880.55","881.00","881.00","880.00","131","+0.16%"
"01/13/2003","879.15","880.20","880.20","878.25","32","-0.28%"
"01/10/2003","881.60","881.00","890.00","878.25","188","-0.32%"
"01/09/2003","884.45","897.85","897.85","878.15","147","+0.47%"
"01/08/2003","880.30","890.00","901.00","875.00","371","-1.34%"
"01/07/2003","892.25","900.00","900.00","890.00","108","+0.19%"
"01/06/2003","890.55","909.75","909.80","880.15","135","-0.59%"
"01/03/2003","895.85","897.10","904.90","894.00","126","-0.46%"
"01/02/2003","899.95","914.85","914.85","895.00","343","-0.90%"
"01/01/2003","908.15","914.80","914.85","900.25","120","+0.00%"
