"Date","Price","Open","High","Low","Vol.","Change %"
"07/13/2026","2698.20","2667.20","2718.00","2633.00","95.61K","+0.44%"
"07/10/2026","2686.40","2730.00","2739.00","2666.50","187.26K","-0.75%"
"07/09/2026","2706.80","2660.00","2733.70","2651.10","117.90K","+1.39%"
"07/08/2026","2669.70","2660.00","2745.00","2635.40","150.45K","+0.06%"
"07/07/2026","2668.00","2670.00","2684.20","2645.30","51.22K","+0.75%"
"07/06/2026","2648.10","2664.10","2673.00","2609.90","168.37K","+0.28%"
"07/03/2026","2640.80","2672.00","2676.60","2613.10","50.32K","-0.83%"
"07/02/2026","2663.00","2598.90","2673.90","2561.00","101.89K","+2.69%"
"07/01/2026","2593.30","2673.60","2688.30","2583.70","100.21K","-3.00%"
"06/30/2026","2673.60","2665.90","2680.70","2590.90","111.85K","+0.39%"
"06/29/2026","2663.20","2699.80","2719.10","2650.70","108.44K","-1.33%"
"06/25/2026","2699.20","2730.00","2789.00","2688.10","228.45K","-0.42%"
"06/24/2026","2710.60","2695.00","2714.00","2667.40","130.94K","+0.98%"
"06/23/2026","2684.20","2700.00","2700.80","2651.10","123.25K","+0.05%"
"06/22/2026","2682.90","2630.90","2718.90","2622.40","211.95K","+2.31%"
"06/19/2026","2622.40","2620.10","2632.50","2583.20","79.75K","-0.03%"
"06/18/2026","2623.30","2620.00","2649.90","2606.20","76.49K","+1.50%"
"06/17/2026","2584.60","2601.70","2618.90","2560.10","42.52K","-1.19%"
"06/16/2026","2615.70","2626.40","2674.00","2585.00","151.91K","-0.02%"
"06/15/2026","2616.30","2547.90","2648.00","2531.00","94.06K","+4.54%"
"06/12/2026","2502.60","2495.00","2548.80","2471.10","306.11K","+0.90%"
"06/11/2026","2480.20","2490.00","2533.90","2472.00","53.05K","-0.89%"
"06/10/2026","2502.50","2520.00","2547.50","2478.60","232.11K","-0.62%"
"06/09/2026","2518.00","2501.00","2535.90","2485.00","148.02K","+0.18%"
"06/08/2026","2513.50","2525.00","2541.90","2471.00","93.06K","-1.64%"
"06/05/2026","2555.30","2587.00","2607.00","2538.00","44.27K","-0.66%"
"06/04/2026","2572.40","2618.00","2632.20","2561.00","100.41K","-2.39%"
"06/03/2026","2635.40","2700.00","2700.00","2601.00","74.64K","-1.93%"
"06/02/2026","2687.40","2720.00","2722.90","2670.00","64.81K","-1.64%"
"06/01/2026","2732.20","2739.80","2823.00","2714.60","134.54K","+0.35%"
"05/29/2026","2722.60","2751.90","2758.60","2715.00","110.74K","-0.98%"
"05/27/2026","2749.50","2738.00","2771.60","2717.60","60.01K","+0.61%"
"05/26/2026","2732.90","2801.20","2811.50","2713.00","109.12K","-2.44%"
"05/25/2026","2801.20","2756.00","2811.00","2748.20","198.01K","+2.92%"
"05/22/2026","2721.80","2639.90","2756.60","2620.00","377.21K","+3.77%"
"05/21/2026","2623.00","2552.90","2636.40","2552.30","93.09K","+2.77%"
"05/20/2026","2552.30","2540.10","2560.00","2521.30","32.40K","+0.28%"
"05/19/2026","2545.20","2509.00","2569.00","2501.00","105.59K","+0.73%"
"05/18/2026","2526.70","2540.00","2560.00","2490.20","133.70K","-0.86%"
"05/15/2026","2548.50","2525.00","2565.40","2427.50","439.62K","-2.71%"
"05/14/2026","2619.60","2535.10","2637.80","2512.00","206.00K","+3.55%"
"05/13/2026","2529.70","2596.00","2626.60","2520.00","109.53K","-1.90%"
"05/12/2026","2578.80","2636.00","2678.70","2568.00","202.91K","-1.91%"
"05/11/2026","2628.90","2534.90","2693.00","2506.00","432.78K","+3.95%"
"05/08/2026","2528.90","2530.00","2569.80","2506.20","138.98K","-0.29%"
"05/07/2026","2536.20","2375.00","2600.80","2365.00","568.30K","+7.73%"
"05/06/2026","2354.20","2389.20","2397.70","2332.20","152.23K","+0.27%"
"05/05/2026","2347.80","2371.00","2371.00","2323.60","153.16K","-0.77%"
"05/04/2026","2366.00","2330.90","2390.00","2321.50","173.43K","+1.52%"
"04/30/2026","2330.60","2304.50","2348.90","2301.00","74.09K","+0.15%"
"04/29/2026","2327.10","2370.00","2400.20","2317.10","77.02K","-1.12%"
"04/28/2026","2353.40","2365.40","2389.40","2312.00","63.37K","-0.62%"
"04/27/2026","2368.00","2324.40","2402.80","2312.10","57.54K","+2.13%"
"04/24/2026","2318.60","2397.20","2412.90","2305.20","87.76K","-3.09%"
"04/23/2026","2392.50","2400.00","2477.00","2381.00","98.36K","-0.28%"
"04/22/2026","2399.10","2389.70","2439.80","2380.00","87.38K","+0.39%"
"04/21/2026","2389.80","2360.60","2402.00","2354.10","54.58K","+1.34%"
"04/20/2026","2358.10","2400.00","2410.00","2336.00","62.34K","-1.10%"
"04/17/2026","2384.40","2399.20","2429.20","2380.00","67.24K","+0.01%"
"04/16/2026","2384.20","2415.00","2450.00","2373.50","74.71K","-1.17%"
"04/15/2026","2412.40","2424.00","2436.70","2396.70","89.69K","+0.86%"
"04/13/2026","2391.80","2415.00","2417.80","2370.00","56.38K","-1.69%"
"04/10/2026","2433.00","2397.00","2470.80","2392.00","73.62K","+2.24%"
"04/09/2026","2379.60","2380.00","2416.00","2340.50","82.52K","+0.87%"
"04/08/2026","2359.10","2281.00","2384.50","2281.00","210.94K","+6.38%"
"04/07/2026","2217.60","2201.20","2224.80","2173.80","194.58K","+0.75%"
"04/06/2026","2201.20","2224.00","2253.90","2171.20","146.05K","-2.25%"
"04/02/2026","2251.90","2228.00","2273.90","2142.80","66.07K","-0.00%"
"04/01/2026","2252.00","2323.00","2324.50","2241.80","36.79K","+1.72%"
"03/30/2026","2213.90","2225.00","2253.80","2203.10","58.58K","-2.04%"
"03/27/2026","2260.00","2323.10","2333.00","2240.00","70.15K","-3.13%"
"03/25/2026","2333.10","2254.00","2355.60","2228.50","89.42K","+4.13%"
"03/24/2026","2240.60","2254.00","2254.00","2183.70","174.36K","+1.40%"
"03/23/2026","2209.60","2257.10","2257.10","2189.80","91.12K","-3.10%"
"03/20/2026","2280.30","2305.90","2325.00","2250.00","51.77K","+0.19%"
"03/19/2026","2276.00","2353.40","2353.40","2269.60","47.95K","-3.68%"
"03/18/2026","2362.90","2330.00","2374.30","2315.00","72.14K","+1.49%"
"03/17/2026","2328.10","2409.50","2416.20","2320.00","88.06K","-2.65%"
"03/16/2026","2391.40","2400.00","2436.50","2345.20","109.77K","-0.50%"
"03/13/2026","2403.40","2440.10","2455.00","2339.60","47.27K","-2.32%"
"03/12/2026","2460.50","2450.00","2484.60","2403.50","25.32K","-0.99%"
"03/11/2026","2485.20","2488.00","2535.00","2454.90","42.46K","+0.51%"
"03/10/2026","2472.50","2439.90","2489.60","2415.00","35.61K","+2.00%"
"03/09/2026","2424.00","2435.00","2465.40","2365.30","63.69K","-1.13%"
"03/06/2026","2451.80","2515.00","2520.30","2441.40","68.76K","-2.28%"
"03/05/2026","2509.00","2514.80","2544.80","2496.20","76.47K","+0.16%"
"03/04/2026","2505.00","2626.00","2637.90","2488.00","110.12K","-5.62%"
"03/02/2026","2654.10","2550.00","2671.40","2550.00","82.91K","-0.29%"
"02/27/2026","2661.70","2645.20","2698.00","2609.00","86.92K","+0.62%"
"02/26/2026","2645.20","2669.90","2699.50","2623.50","65.66K","-1.14%"
"02/25/2026","2675.80","2698.80","2704.20","2638.80","100.13K","-0.34%"
"02/24/2026","2685.00","2547.40","2701.60","2518.00","279.05K","+5.10%"
"02/23/2026","2554.80","2469.80","2600.00","2469.80","184.91K","+3.63%"
"02/20/2026","2465.20","2437.30","2479.90","2426.40","47.88K","+0.67%"
"02/19/2026","2448.80","2486.20","2492.50","2427.00","62.85K","-1.16%"
"02/18/2026","2477.60","2525.30","2525.30","2460.00","42.58K","-1.89%"
"02/17/2026","2525.30","2505.10","2540.00","2479.20","40.32K","+1.48%"
"02/16/2026","2488.50","2489.00","2555.10","2462.40","64.64K","+0.17%"
"02/13/2026","2484.20","2547.60","2549.00","2470.20","80.31K","-2.87%"
"02/12/2026","2557.60","2607.10","2613.30","2520.00","167.65K","-1.90%"
"02/11/2026","2607.10","2520.10","2627.00","2520.10","153.58K","+3.46%"
"02/10/2026","2519.80","2522.50","2545.50","2484.20","61.22K","+0.57%"
"02/09/2026","2505.50","2465.00","2516.00","2442.60","80.26K","+2.46%"
"02/06/2026","2445.40","2413.80","2459.80","2406.70","57.72K","-0.21%"
"02/05/2026","2450.50","2435.00","2464.90","2395.30","68.31K","+0.16%"
"02/04/2026","2446.60","2508.00","2520.30","2423.00","118.78K","-2.45%"
"02/03/2026","2508.10","2563.90","2579.70","2472.00","232.54K","+4.02%"
"02/02/2026","2411.20","2450.00","2450.00","2380.10","106.61K","-0.99%"
"02/01/2026","2435.20","2436.10","2450.50","2380.00","17.05K","+0.35%"
"01/30/2026","2426.80","2367.00","2448.00","2340.40","66.54K","+2.51%"
"01/29/2026","2367.30","2398.00","2398.00","2330.20","56.50K","-1.15%"
"01/28/2026","2394.80","2339.90","2400.00","2311.30","55.90K","+2.60%"
"01/27/2026","2334.10","2349.00","2350.00","2300.00","39.38K","-0.97%"
"01/23/2026","2357.00","2397.90","2409.50","2310.50","74.40K","-2.07%"
"01/22/2026","2406.80","2483.90","2483.90","2384.20","141.19K","-1.24%"
"01/21/2026","2437.00","2474.20","2488.90","2423.80","74.97K","-1.50%"
"01/20/2026","2474.20","2538.70","2540.80","2440.90","76.78K","-2.88%"
"01/19/2026","2547.50","2525.00","2567.20","2495.00","48.33K","+0.85%"
"01/16/2026","2526.00","2520.40","2534.50","2451.10","82.95K","+0.22%"
"01/14/2026","2520.40","2600.00","2621.20","2502.00","69.94K","-2.60%"
"01/13/2026","2587.80","2580.00","2601.00","2521.10","73.12K","+0.57%"
"01/12/2026","2573.10","2624.90","2631.80","2551.00","68.77K","-1.86%"
"01/09/2026","2622.00","2581.80","2627.90","2555.00","82.74K","+0.41%"
"01/08/2026","2611.20","2599.30","2626.00","2570.10","63.17K","+0.46%"
"01/07/2026","2599.30","2580.60","2606.00","2546.10","36.40K","+1.16%"
"01/06/2026","2569.50","2555.00","2577.00","2543.00","48.45K","+0.83%"
"01/05/2026","2548.40","2555.00","2587.00","2543.50","56.93K","+0.32%"
"01/02/2026","2540.20","2543.20","2581.60","2534.00","82.98K","-0.12%"
"01/01/2026","2543.20","2589.90","2591.20","2537.00","57.86K","-1.80%"
"12/31/2025","2589.90","2550.00","2594.80","2546.00","27.11K","+1.00%"
"12/30/2025","2564.20","2577.00","2590.00","2551.80","29.38K","-0.64%"
"12/29/2025","2580.80","2554.00","2600.00","2540.90","90.61K","+1.22%"
"12/26/2025","2549.80","2583.00","2599.90","2541.00","24.43K","-1.25%"
"12/24/2025","2582.10","2600.10","2621.20","2577.30","90.24K","-0.58%"
"12/23/2025","2597.20","2656.70","2674.00","2590.60","45.99K","-2.24%"
"12/22/2025","2656.70","2706.60","2720.00","2642.70","89.22K","-1.45%"
"12/19/2025","2695.80","2601.00","2705.00","2600.10","84.95K","+3.03%"
"12/18/2025","2616.50","2619.00","2626.00","2565.00","34.34K","-0.17%"
"12/17/2025","2620.90","2600.00","2636.00","2567.00","53.18K","+0.40%"
"12/16/2025","2610.40","2619.00","2620.20","2576.00","39.76K","-0.39%"
"12/15/2025","2620.70","2638.00","2640.00","2570.00","57.19K","-0.76%"
"12/12/2025","2640.70","2564.90","2654.00","2551.80","59.61K","+3.16%"
"12/11/2025","2559.70","2579.70","2584.40","2553.90","30.83K","-0.35%"
"12/10/2025","2568.60","2624.60","2644.50","2561.30","21.33K","-2.13%"
"12/09/2025","2624.50","2643.90","2658.70","2566.30","47.07K","-1.30%"
"12/08/2025","2659.20","2649.90","2715.40","2602.80","107.87K","+0.01%"
"12/05/2025","2659.00","2630.00","2669.90","2618.00","73.98K","+0.28%"
"12/04/2025","2651.60","2680.00","2680.00","2633.00","45.23K","-0.63%"
"12/03/2025","2668.50","2680.00","2685.00","2623.00","45.76K","+0.29%"
"12/02/2025","2660.70","2675.60","2700.00","2645.10","55.34K","-1.07%"
"12/01/2025","2689.60","2674.40","2750.00","2652.60","149.84K","+1.74%"
"11/28/2025","2643.60","2678.10","2684.60","2635.00","37.43K","-1.29%"
"11/27/2025","2678.10","2695.10","2695.10","2654.40","34.98K","-0.20%"
"11/26/2025","2683.40","2695.00","2701.70","2661.90","41.35K","-0.44%"
"11/25/2025","2695.20","2692.80","2705.10","2641.00","30.41K","+0.87%"
"11/24/2025","2671.90","2708.40","2727.60","2641.80","89.42K","-1.35%"
"11/21/2025","2708.40","2745.40","2759.80","2694.00","65.97K","-1.60%"
"11/20/2025","2752.40","2717.00","2774.00","2673.60","125.77K","+0.57%"
"11/19/2025","2736.70","2625.10","2750.00","2616.10","348.48K","+4.65%"
"11/18/2025","2615.10","2685.20","2685.20","2601.00","119.97K","-2.66%"
"11/17/2025","2686.50","2700.40","2713.00","2671.50","77.98K","+0.01%"
"11/14/2025","2686.20","2700.00","2712.70","2650.00","178.63K","-0.20%"
"11/13/2025","2691.70","2920.00","2934.40","2660.00","819.17K","-7.71%"
"11/12/2025","2916.60","2803.70","2923.00","2803.00","143.78K","+4.07%"
"11/11/2025","2802.60","2845.00","2845.00","2790.00","45.57K","-0.92%"
"11/10/2025","2828.50","2845.20","2872.20","2813.00","35.99K","-0.96%"
"11/07/2025","2855.90","2830.00","2907.20","2755.70","81.74K","+0.79%"
"11/06/2025","2833.60","2907.00","2910.00","2820.10","38.09K","-2.36%"
"11/04/2025","2902.00","2868.00","2916.00","2828.00","125.95K","+1.24%"
"11/03/2025","2866.50","2833.00","2890.80","2806.50","154.15K","+0.98%"
"10/31/2025","2838.60","2852.30","2905.00","2832.70","73.97K","-0.48%"
"10/30/2025","2852.20","2845.10","2894.20","2830.50","74.96K","+0.42%"
"10/29/2025","2840.20","2947.90","2947.90","2812.00","171.96K","-2.94%"
"10/28/2025","2926.20","2922.00","2985.00","2903.00","89.23K","+0.14%"
"10/27/2025","2922.00","2911.40","2944.00","2903.70","80.40K","+0.52%"
"10/24/2025","2906.90","2979.60","2979.60","2896.70","65.66K","-1.71%"
"10/23/2025","2957.40","2986.30","2986.30","2915.00","98.81K","+0.30%"
"10/21/2025","2948.70","2990.00","2990.00","2929.00","11.13K","-0.57%"
"10/20/2025","2965.70","2907.90","2985.00","2907.90","93.37K","+2.03%"
"10/17/2025","2906.60","2951.60","2968.20","2882.50","160.36K","-0.88%"
"10/16/2025","2932.50","2844.90","2957.80","2817.70","351.35K","+3.74%"
"10/15/2025","2826.70","2765.00","2836.30","2742.60","143.95K","+1.81%"
"10/14/2025","2776.40","2858.40","2860.10","2762.00","115.22K","-2.63%"
"10/13/2025","2851.40","2890.00","2912.90","2835.50","136.58K","-1.29%"
"10/10/2025","2888.80","2923.00","2934.30","2870.10","84.81K","-1.72%"
"10/09/2025","2939.40","2943.80","2950.10","2883.40","118.72K","+0.63%"
"10/08/2025","2921.10","2951.00","2983.00","2904.90","134.77K","-1.01%"
"10/07/2025","2951.00","2875.50","3011.00","2873.60","317.50K","+2.72%"
"10/06/2025","2872.90","2899.00","2899.00","2855.40","103.86K","-0.71%"
"10/03/2025","2893.40","2821.00","2903.50","2758.00","206.54K","+2.87%"
"10/01/2025","2812.60","2742.00","2825.40","2717.10","132.63K","+2.45%"
"09/30/2025","2745.40","2735.50","2764.00","2679.90","258.11K","+0.36%"
"09/29/2025","2735.50","2740.00","2812.00","2695.30","206.81K","+0.19%"
"09/26/2025","2730.30","2715.90","2813.40","2675.00","329.76K","+0.56%"
"09/25/2025","2715.00","2789.00","2801.50","2704.80","180.43K","-2.65%"
"09/24/2025","2789.00","2859.90","2870.20","2777.70","103.23K","-2.16%"
"09/23/2025","2850.60","2841.60","2928.00","2841.00","89.53K","-0.18%"
"09/22/2025","2855.80","2860.00","2905.00","2815.00","190.13K","-0.82%"
"09/19/2025","2879.50","2911.90","2934.80","2870.90","148.76K","-1.11%"
"09/18/2025","2911.80","2890.00","2922.30","2855.00","89.38K","+1.09%"
"09/17/2025","2880.50","2933.00","2948.00","2867.50","79.70K","-1.43%"
"09/16/2025","2922.20","2874.90","2963.20","2827.30","313.84K","+2.04%"
"09/15/2025","2863.70","2859.00","2895.60","2837.80","74.86K","-0.12%"
"09/12/2025","2867.00","2926.10","2929.20","2853.00","77.90K","-2.01%"
"09/11/2025","2925.70","3044.00","3050.00","2914.20","134.75K","-3.80%"
"09/10/2025","3041.20","3005.00","3050.00","2968.00","193.78K","+2.01%"
"09/09/2025","2981.20","3010.00","3079.90","2970.00","198.34K","-0.80%"
"09/08/2025","3005.20","2972.00","3052.80","2929.10","225.07K","+1.26%"
"09/05/2025","2967.80","2932.90","3025.00","2915.50","285.62K","+1.18%"
"09/04/2025","2933.20","3000.00","3007.00","2915.10","128.77K","+0.67%"
"09/03/2025","2913.60","2934.60","2969.60","2891.50","144.85K","+0.08%"
"09/02/2025","2911.20","2951.50","2954.60","2819.90","223.45K","-0.98%"
"09/01/2025","2939.90","2886.30","2989.00","2886.30","298.72K","+2.48%"
"08/29/2025","2868.80","2873.00","2923.70","2851.30","139.76K","+0.32%"
"08/28/2025","2859.70","2764.90","2936.00","2764.90","288.71K","+1.88%"
"08/26/2025","2807.00","2811.00","2877.00","2762.50","130.00K","-0.49%"
"08/25/2025","2820.70","2848.70","2899.00","2810.00","107.44K","-0.47%"
"08/22/2025","2834.00","2860.40","2877.00","2827.50","90.04K","-1.13%"
"08/21/2025","2866.50","2870.00","2904.30","2831.20","103.54K","+0.31%"
"08/20/2025","2857.70","2925.00","2929.60","2843.00","180.11K","-0.87%"
"08/19/2025","2882.90","2795.50","2895.00","2757.30","340.97K","+3.39%"
"08/18/2025","2788.40","2650.00","2894.70","2630.90","1.34M","+7.16%"
"08/14/2025","2602.20","2577.90","2655.00","2554.50","349.77K","+2.79%"
"08/13/2025","2531.60","2521.20","2598.00","2510.00","52.56K","+0.86%"
"08/12/2025","2510.00","2537.50","2579.20","2497.10","36.97K","-0.43%"
"08/11/2025","2520.80","2520.00","2547.90","2495.50","53.47K","-0.06%"
"08/08/2025","2522.40","2523.90","2547.50","2492.50","50.84K","+0.20%"
"08/07/2025","2517.30","2533.00","2583.70","2486.90","78.34K","-0.96%"
"08/06/2025","2541.70","2594.90","2600.00","2524.60","40.31K","-1.89%"
"08/05/2025","2590.70","2625.10","2630.00","2577.00","89.25K","-1.82%"
"08/04/2025","2638.80","2470.00","2692.00","2463.00","530.84K","+6.55%"
"08/01/2025","2476.60","2536.80","2545.80","2466.80","24.75K","-2.94%"
"07/31/2025","2551.70","2520.40","2591.70","2505.00","48.56K","-1.18%"
"07/30/2025","2582.30","2573.40","2589.10","2555.80","27.87K","+0.85%"
"07/29/2025","2560.60","2539.70","2612.00","2520.80","53.58K","+0.25%"
"07/28/2025","2554.10","2578.00","2600.00","2531.50","39.42K","-0.98%"
"07/25/2025","2579.40","2648.90","2649.00","2572.00","31.09K","-2.26%"
"07/24/2025","2639.00","2646.00","2666.70","2623.00","64.32K","+0.60%"
"07/23/2025","2623.20","2615.00","2662.70","2591.40","55.85K","+0.28%"
"07/22/2025","2616.00","2628.90","2646.90","2610.00","20.92K","-0.49%"
"07/21/2025","2628.90","2679.50","2683.80","2623.00","41.58K","-1.27%"
"07/18/2025","2662.70","2700.00","2715.00","2652.10","36.57K","-1.38%"
"07/17/2025","2700.00","2717.00","2717.00","2673.10","44.05K","+0.20%"
"07/16/2025","2694.70","2704.80","2727.50","2679.80","193.50K","-0.37%"
"07/15/2025","2704.80","2724.20","2764.90","2695.00","86.68K","+0.48%"
"07/14/2025","2692.00","2602.10","2712.60","2602.10","76.90K","+2.63%"
"07/11/2025","2623.00","2644.50","2654.40","2606.20","52.27K","-0.81%"
"07/10/2025","2644.50","2694.20","2694.30","2632.80","136.56K","-1.38%"
"07/09/2025","2681.50","2630.00","2697.00","2611.00","133.07K","+2.25%"
"07/08/2025","2622.40","2662.10","2698.20","2605.00","179.14K","-1.49%"
"07/07/2025","2662.10","2799.00","2803.70","2650.00","199.02K","-4.81%"
"07/04/2025","2796.60","2802.50","2834.90","2768.00","101.23K","+0.55%"
"07/03/2025","2781.20","2866.10","2870.00","2766.60","148.81K","-2.96%"
"07/02/2025","2866.10","2905.00","2944.00","2805.40","378.19K","-0.64%"
"07/01/2025","2884.50","2780.00","3030.00","2770.10","1.92M","+4.13%"
"06/30/2025","2770.10","2663.30","2790.00","2645.60","407.44K","+5.23%"
"06/27/2025","2632.40","2600.00","2699.80","2600.00","169.22K","+0.07%"
"06/26/2025","2630.50","2695.10","2725.00","2593.60","402.80K","-4.55%"
"06/25/2025","2756.00","2520.10","2795.00","2518.00","1.45M","+9.93%"
"06/24/2025","2507.10","2555.20","2568.00","2493.60","114.87K","-1.55%"
"06/23/2025","2546.70","2570.10","2610.00","2527.60","180.04K","-1.14%"
"06/20/2025","2576.00","2424.90","2653.00","2400.20","3.44M","+6.67%"
"06/19/2025","2415.00","2420.80","2471.40","2400.00","229.80K","-0.51%"
"06/18/2025","2427.40","2420.00","2466.00","2418.00","145.65K","-0.10%"
"06/17/2025","2429.80","2470.00","2483.90","2422.30","210.97K","-1.19%"
"06/16/2025","2459.10","2401.00","2599.00","2387.10","602.49K","+2.42%"
"06/13/2025","2401.10","2399.90","2439.40","2383.00","88.19K","-1.91%"
"06/12/2025","2447.90","2524.60","2538.10","2430.00","102.51K","-3.05%"
"06/11/2025","2524.80","2515.00","2560.10","2507.40","72.79K","+0.45%"
"06/10/2025","2513.50","2499.10","2527.10","2487.20","53.44K","+0.64%"
"06/09/2025","2497.60","2523.30","2549.90","2488.10","58.96K","+0.65%"
"06/06/2025","2481.40","2530.90","2542.30","2463.00","42.38K","-1.93%"
"06/05/2025","2530.30","2460.50","2574.00","2459.90","139.42K","+3.11%"
"06/04/2025","2453.90","2409.00","2481.50","2396.00","110.94K","+2.22%"
"06/03/2025","2400.70","2422.00","2499.00","2395.00","302.71K","-0.88%"
"06/02/2025","2421.90","2431.80","2456.70","2413.00","36.94K","-0.41%"
"05/30/2025","2431.80","2455.00","2477.70","2413.30","114.50K","-0.30%"
"05/29/2025","2439.20","2441.50","2465.00","2408.30","75.19K","+0.73%"
"05/28/2025","2421.60","2445.50","2468.50","2396.70","54.08K","-1.11%"
"05/27/2025","2448.90","2400.00","2519.60","2385.00","67.13K","+2.22%"
"05/26/2025","2395.70","2404.10","2412.50","2380.00","45.57K","+0.20%"
"05/23/2025","2390.80","2325.60","2457.80","2319.10","236.76K","+3.06%"
"05/22/2025","2319.80","2338.50","2363.10","2298.00","70.07K","-0.61%"
"05/21/2025","2334.00","2193.40","2409.00","2193.40","685.03K","+5.34%"
"05/20/2025","2215.60","2221.00","2262.50","2191.60","168.66K","-1.48%"
"05/19/2025","2248.80","2225.00","2285.00","2194.80","131.24K","+1.55%"
"05/16/2025","2214.40","2210.00","2284.80","2184.00","251.52K","+2.03%"
"05/15/2025","2170.30","2175.00","2222.00","2137.30","57.48K","-1.12%"
"05/14/2025","2194.80","2138.80","2201.90","2120.00","41.35K","+2.06%"
"05/13/2025","2150.50","2085.00","2175.00","2085.00","45.62K","+2.55%"
"05/12/2025","2097.10","2097.00","2179.00","2080.60","60.29K","+1.50%"
"05/09/2025","2066.20","1975.20","2118.00","1975.20","149.00K","+0.21%"
"05/08/2025","2061.90","2025.00","2125.00","2009.00","240.75K","+1.94%"
"05/07/2025","2022.60","1871.00","2080.90","1871.00","1.07M","+8.08%"
"05/06/2025","1871.40","1864.80","1888.20","1851.40","73.12K","+0.74%"
"05/05/2025","1857.70","1875.00","1883.80","1853.00","24.09K","-0.65%"
"05/02/2025","1869.90","1880.40","1904.90","1840.80","73.41K","-0.27%"
"04/30/2025","1875.00","1908.90","1915.00","1866.00","60.62K","-1.01%"
"04/29/2025","1894.10","1921.00","1938.60","1882.50","47.82K","-0.79%"
"04/28/2025","1909.10","1922.40","1938.50","1903.00","37.67K","-0.68%"
"04/25/2025","1922.10","1950.20","1964.00","1905.00","37.44K","-1.41%"
"04/24/2025","1949.60","1956.60","1994.00","1944.00","237.08K","-0.31%"
"04/23/2025","1955.60","1982.20","1998.50","1944.90","192.51K","-1.25%"
"04/22/2025","1980.40","1959.00","2017.90","1940.20","117.85K","+1.38%"
"04/21/2025","1953.50","1906.60","2004.90","1897.00","182.03K","+2.46%"
"04/17/2025","1906.60","1946.00","2097.00","1874.40","377.99K","-1.70%"
"04/16/2025","1939.50","1920.20","1970.10","1900.10","31.59K","+1.01%"
"04/15/2025","1920.20","1883.00","1942.60","1882.00","44.84K","+3.21%"
"04/11/2025","1860.40","1866.15","1969.80","1840.00","111.83K","+0.52%"
"04/09/2025","1850.75","1833.00","1884.95","1820.30","116.20K","+1.75%"
"04/08/2025","1818.90","1815.45","1862.20","1810.00","22.37K","+1.00%"
"04/07/2025","1800.90","1721.60","2001.60","1700.00","70.61K","-1.93%"
"04/04/2025","1836.30","1898.15","1918.80","1825.00","30.61K","-3.03%"
"04/03/2025","1893.75","1921.75","1932.75","1888.45","51.72K","-1.21%"
"04/02/2025","1917.00","1928.50","1960.10","1900.00","40.91K","-0.60%"
"04/01/2025","1928.50","1936.20","2010.00","1907.40","88.29K","-2.02%"
"03/28/2025","1968.30","1972.40","1992.90","1940.30","238.15K","-0.21%"
"03/27/2025","1972.40","1995.00","2013.85","1946.00","209.91K","-1.34%"
"03/26/2025","1999.15","1983.85","2012.80","1979.80","234.50K","+0.24%"
"03/25/2025","1994.40","2012.95","2023.75","1975.45","269.74K","-0.12%"
"03/24/2025","1996.85","1980.00","2018.20","1965.15","114.74K","+1.64%"
"03/21/2025","1964.55","1963.90","1996.30","1935.50","93.88K","+1.03%"
"03/20/2025","1944.50","1965.00","1982.95","1937.15","112.02K","-0.83%"
"03/19/2025","1960.75","1919.75","1975.95","1919.75","117.63K","+2.14%"
"03/18/2025","1919.75","1922.00","1985.00","1900.00","53.85K","+0.22%"
"03/17/2025","1915.55","1924.20","1924.20","1875.10","52.71K","+0.55%"
"03/13/2025","1905.15","1910.20","1933.65","1885.00","43.21K","+0.35%"
"03/12/2025","1898.55","1868.75","1909.95","1865.10","115.30K","+1.79%"
"03/11/2025","1865.10","1850.00","1882.70","1811.40","75.71K","-0.92%"
"03/10/2025","1882.35","1882.65","1930.00","1861.50","95.52K","-0.02%"
"03/07/2025","1882.65","1850.80","1922.50","1850.10","280.77K","+1.72%"
"03/06/2025","1850.80","1789.95","1865.00","1789.95","185.96K","+3.54%"
"03/05/2025","1787.45","1753.00","1796.90","1743.85","104.79K","+0.80%"
"03/04/2025","1773.30","1675.00","1787.30","1675.00","126.97K","+3.67%"
"03/03/2025","1710.60","1750.00","1795.55","1702.00","52.11K","-3.12%"
"02/28/2025","1765.75","1779.90","1844.85","1713.15","106.24K","-2.28%"
"02/27/2025","1807.00","1815.00","1824.80","1776.00","48.17K","-0.98%"
"02/25/2025","1824.80","1845.00","1866.40","1818.00","19.41K","-1.69%"
"02/24/2025","1856.20","1851.50","1869.95","1837.20","22.23K","-1.12%"
"02/21/2025","1877.25","1878.45","1904.00","1860.75","26.11K","-0.18%"
"02/20/2025","1880.65","1879.95","1900.30","1849.05","30.85K","+0.23%"
"02/19/2025","1876.30","1818.95","1884.70","1808.05","62.31K","+3.15%"
"02/18/2025","1818.95","1817.85","1832.10","1791.40","95.35K","+0.09%"
"02/17/2025","1817.25","1830.00","1849.90","1794.20","57.84K","-2.17%"
"02/14/2025","1857.60","1942.70","1942.70","1832.00","81.56K","-2.95%"
"02/13/2025","1914.00","1915.00","1940.00","1884.05","248.54K","+2.37%"
"02/12/2025","1869.60","1892.20","1914.00","1825.55","53.78K","-1.19%"
"02/11/2025","1892.20","1939.90","1947.65","1881.00","52.32K","-2.46%"
"02/10/2025","1939.90","1975.00","1990.15","1931.40","21.42K","-1.68%"
"02/07/2025","1973.05","2021.50","2029.95","1954.70","81.27K","-1.48%"
"02/06/2025","2002.60","1960.05","2030.00","1950.75","316.45K","+2.69%"
"02/05/2025","1950.15","1999.80","1999.80","1945.70","26.84K","-1.02%"
"02/04/2025","1970.25","1988.65","2021.50","1955.00","40.49K","-1.39%"
"02/03/2025","1998.00","2025.15","2035.85","1967.10","93.46K","-2.04%"
"02/01/2025","2039.60","2000.00","2089.94","1973.05","42.73K","+2.52%"
"01/31/2025","1989.45","1992.00","1996.90","1961.55","36.03K","+0.40%"
"01/30/2025","1981.60","1961.20","2000.00","1955.55","36.71K","+1.42%"
"01/29/2025","1953.85","1938.00","2003.35","1938.00","35.47K","-0.52%"
"01/28/2025","1964.10","1995.00","2010.10","1940.10","49.80K","-1.95%"
"01/27/2025","2003.25","2095.00","2107.60","1992.00","92.79K","-4.17%"
"01/24/2025","2090.45","2090.00","2139.90","2070.05","225.72K","-0.42%"
"01/23/2025","2099.30","2107.50","2127.75","2055.60","154.90K","-0.52%"
"01/22/2025","2110.25","2100.00","2125.65","2093.05","229.84K","+0.27%"
"01/21/2025","2104.60","2091.05","2116.00","2084.90","130.94K","-0.24%"
"01/20/2025","2109.60","2125.00","2133.75","2095.00","47.29K","-0.33%"
"01/17/2025","2116.50","2089.00","2148.00","2076.50","58.63K","+2.11%"
"01/16/2025","2072.85","2075.85","2101.85","2067.30","578.80K","-0.14%"
"01/15/2025","2075.85","2034.95","2108.85","2028.00","46.31K","+2.36%"
"01/14/2025","2028.00","2000.05","2053.60","1982.00","299.59K","+1.10%"
"01/13/2025","2005.90","2085.00","2097.25","1992.10","76.85K","-4.34%"
"01/10/2025","2096.90","2094.00","2112.05","2061.25","45.11K","+0.14%"
"01/09/2025","2094.00","2104.95","2121.90","2084.95","30.19K","-0.27%"
"01/08/2025","2099.60","2101.25","2160.00","2091.30","83.60K","-0.14%"
"01/07/2025","2102.55","2092.90","2160.85","2079.90","276.79K","+0.99%"
"01/06/2025","2082.00","2205.05","2227.65","2075.00","229.54K","-5.02%"
"01/03/2025","2192.10","2185.80","2292.00","2185.00","801.56K","+0.29%"
"01/02/2025","2185.80","2234.00","2249.00","2172.25","127.19K","-3.41%"
"01/01/2025","2262.95","2130.00","2280.00","2130.00","89.55K","+5.25%"
"12/31/2024","2150.05","2126.90","2185.00","2125.50","51.45K","+0.48%"
"12/30/2024","2139.85","2168.05","2172.25","2121.20","28.55K","-1.30%"
"12/27/2024","2168.00","2160.55","2195.10","2142.25","18.94K","+0.34%"
"12/26/2024","2160.55","2179.70","2190.45","2130.95","32.55K","-0.80%"
"12/24/2024","2178.00","2145.00","2181.85","2131.50","15.11K","+1.29%"
"12/23/2024","2150.25","2205.05","2225.95","2141.00","38.59K","-2.62%"
"12/20/2024","2208.10","2225.30","2244.90","2195.05","23.00K","-1.14%"
"12/19/2024","2233.45","2204.00","2253.35","2194.60","34.99K","+0.63%"
"12/18/2024","2219.50","2241.80","2245.00","2197.50","35.14K","-1.57%"
"12/17/2024","2255.00","2286.00","2301.10","2240.00","27.29K","-1.38%"
"12/16/2024","2286.60","2285.00","2307.50","2270.70","19.90K","+0.24%"
"12/13/2024","2281.20","2269.00","2326.00","2260.80","46.18K","-0.39%"
"12/12/2024","2290.10","2335.70","2347.25","2282.25","34.40K","-2.26%"
"12/11/2024","2342.95","2348.80","2350.00","2332.00","16.86K","+0.28%"
"12/10/2024","2336.50","2365.00","2365.00","2331.35","26.43K","-0.49%"
"12/09/2024","2348.00","2356.00","2357.90","2324.95","28.16K","+0.46%"
"12/06/2024","2337.35","2345.70","2367.65","2325.50","200.09K","-0.36%"
"12/05/2024","2345.70","2374.05","2385.00","2337.55","120.47K","-0.39%"
"12/04/2024","2355.00","2370.60","2395.85","2345.00","56.17K","-0.14%"
"12/03/2024","2358.20","2361.50","2373.65","2342.30","80.23K","+0.39%"
"12/02/2024","2349.15","2350.75","2379.00","2331.00","67.87K","+0.04%"
"11/29/2024","2348.10","2338.60","2353.85","2290.00","303.34K","-0.51%"
"11/28/2024","2360.10","2419.70","2426.80","2337.00","244.87K","-1.65%"
"11/27/2024","2399.80","2404.55","2430.95","2384.00","250.42K","-0.20%"
"11/26/2024","2404.50","2412.60","2415.00","2364.60","60.87K","+0.19%"
"11/25/2024","2399.95","2374.50","2491.45","2374.45","386.15K","+1.60%"
"11/22/2024","2362.10","2345.50","2390.00","2340.05","52.37K","+0.47%"
"11/21/2024","2351.10","2349.00","2385.30","2332.45","37.63K","-0.24%"
"11/19/2024","2356.80","2350.00","2403.80","2337.80","40.25K","-0.15%"
"11/18/2024","2360.40","2376.50","2395.90","2341.50","28.98K","-0.63%"
"11/14/2024","2375.30","2384.35","2450.90","2360.00","48.44K","-0.96%"
"11/13/2024","2398.25","2450.00","2455.60","2371.00","267.57K","-2.83%"
"11/12/2024","2468.20","2532.20","2535.10","2455.00","147.89K","-1.96%"
"11/11/2024","2517.50","2426.90","2648.00","2426.00","722.13K","+3.74%"
"11/08/2024","2426.70","2455.80","2476.30","2397.60","119.57K","+0.06%"
"11/07/2024","2425.15","2400.00","2533.20","2400.00","490.08K","+1.88%"
"11/06/2024","2380.40","2394.20","2418.90","2351.00","201.57K","-0.58%"
"11/05/2024","2394.20","2399.20","2419.45","2383.50","75.67K","+0.11%"
"11/04/2024","2391.50","2400.00","2429.30","2365.00","41.97K","-0.59%"
"11/01/2024","2405.65","2374.60","2409.55","2368.55","3.21K","+1.31%"
"10/31/2024","2374.65","2325.00","2444.85","2325.00","74.41K","+1.42%"
"10/30/2024","2341.45","2343.05","2364.50","2320.00","377.88K","+0.33%"
"10/29/2024","2333.85","2350.40","2368.25","2320.10","150.41K","-0.70%"
"10/28/2024","2350.40","2354.50","2374.70","2315.10","43.60K","-1.08%"
"10/25/2024","2376.10","2383.00","2410.45","2352.55","210.11K","-0.79%"
"10/24/2024","2394.95","2384.30","2402.95","2358.00","205.95K","+0.55%"
"10/23/2024","2381.95","2336.40","2403.75","2320.00","99.70K","+1.02%"
"10/22/2024","2357.80","2395.75","2401.35","2340.00","167.34K","-1.18%"
"10/21/2024","2385.90","2392.15","2403.20","2353.40","325.06K","-0.01%"
"10/18/2024","2386.15","2380.00","2425.00","2325.00","110.47K","-0.34%"
"10/17/2024","2394.35","2449.00","2449.00","2331.95","236.13K","-1.87%"
"10/16/2024","2440.00","2329.00","2459.00","2310.00","198.72K","+5.28%"
"10/15/2024","2317.55","2352.10","2352.10","2305.60","177.54K","-0.95%"
"10/14/2024","2339.80","2355.70","2361.45","2325.00","33.93K","-0.15%"
"10/11/2024","2343.35","2349.90","2369.00","2328.35","42.22K","+0.55%"
"10/10/2024","2330.45","2318.55","2357.00","2290.85","225.32K","+0.45%"
"10/09/2024","2320.00","2235.90","2337.95","2230.80","83.04K","+4.60%"
"10/08/2024","2218.05","2181.50","2233.45","2158.25","49.08K","+1.68%"
"10/07/2024","2181.50","2270.00","2289.00","2165.15","221.99K","-3.92%"
"10/04/2024","2270.55","2330.10","2336.30","2250.00","108.97K","-2.85%"
"10/03/2024","2337.15","2380.10","2393.75","2327.90","99.06K","-2.46%"
"10/01/2024","2396.05","2400.80","2418.70","2380.00","337.54K","-0.20%"
"09/30/2024","2400.75","2355.00","2435.70","2355.00","330.94K","+1.42%"
"09/27/2024","2367.10","2380.00","2381.55","2343.00","72.10K","-0.69%"
"09/26/2024","2383.60","2400.00","2417.65","2361.00","86.17K","-1.16%"
"09/25/2024","2411.55","2422.00","2439.85","2351.00","790.88K","-0.81%"
"09/24/2024","2431.20","2434.90","2460.05","2420.15","175.50K","+0.04%"
"09/23/2024","2430.30","2438.05","2457.95","2393.10","95.11K","-1.15%"
"09/20/2024","2458.45","2538.70","2589.00","2418.65","647.05K","-2.83%"
"09/19/2024","2530.00","2453.60","2554.95","2401.00","102.72K","+3.11%"
"09/18/2024","2453.60","2407.80","2479.00","2394.00","78.25K","+1.90%"
"09/17/2024","2407.80","2451.30","2451.90","2378.00","251.74K","-1.28%"
"09/16/2024","2439.10","2487.95","2507.55","2428.00","61.71K","-0.60%"
"09/13/2024","2453.90","2471.15","2475.00","2435.00","24.42K","-0.70%"
"09/12/2024","2471.15","2455.00","2504.85","2438.00","91.62K","+0.92%"
"09/11/2024","2448.70","2519.00","2524.60","2435.00","42.48K","-1.49%"
"09/10/2024","2485.80","2514.45","2544.00","2472.35","78.92K","-0.81%"
"09/09/2024","2506.20","2535.75","2542.00","2476.10","94.65K","-0.61%"
"09/06/2024","2521.70","2519.15","2549.00","2504.75","97.15K","+0.53%"
"09/05/2024","2508.35","2542.00","2568.65","2503.25","41.50K","-1.31%"
"09/04/2024","2541.55","2511.00","2560.00","2487.45","110.99K","+1.46%"
"09/03/2024","2505.05","2475.85","2512.65","2470.45","66.14K","+1.51%"
"09/02/2024","2467.70","2478.90","2490.20","2424.25","90.99K","-0.26%"
"08/30/2024","2474.05","2505.65","2521.00","2450.10","181.52K","-0.99%"
"08/29/2024","2498.80","2499.70","2506.35","2469.65","73.07K","+0.46%"
"08/28/2024","2487.25","2538.00","2538.00","2471.05","80.49K","-0.87%"
"08/27/2024","2509.05","2550.00","2555.00","2494.55","65.61K","-1.02%"
"08/26/2024","2535.00","2605.00","2614.60","2525.00","93.23K","-1.70%"
"08/23/2024","2578.85","2610.00","2636.15","2554.55","473.99K","-0.53%"
"08/22/2024","2592.70","2516.00","2602.00","2514.00","93.09K","+2.73%"
"08/21/2024","2523.70","2504.00","2534.40","2448.00","106.03K","+0.75%"
"08/20/2024","2504.85","2510.25","2535.10","2442.00","57.18K","+0.56%"
"08/19/2024","2491.00","2520.05","2546.40","2450.00","104.51K","-0.74%"
"08/16/2024","2509.65","2506.30","2538.95","2485.55","40.78K","+1.09%"
"08/14/2024","2482.50","2560.00","2582.95","2472.50","135.60K","-2.80%"
"08/13/2024","2554.10","2555.05","2589.40","2513.95","75.53K","+0.21%"
"08/12/2024","2548.65","2592.00","2592.00","2529.05","37.40K","-0.99%"
"08/09/2024","2574.05","2599.00","2609.15","2561.50","27.59K","-0.51%"
"08/08/2024","2587.20","2527.00","2600.00","2503.60","50.86K","+2.03%"
"08/07/2024","2535.70","2487.00","2553.60","2472.20","99.38K","+2.24%"
"08/06/2024","2480.25","2457.20","2522.00","2442.40","49.12K","+1.90%"
"08/05/2024","2433.95","2517.15","2517.15","2416.55","131.84K","-4.21%"
"08/02/2024","2540.85","2548.05","2566.00","2510.10","67.83K","-1.10%"
"08/01/2024","2569.20","2623.25","2628.10","2530.25","133.52K","-1.22%"
"07/31/2024","2600.90","2598.00","2651.00","2592.15","338.68K","+0.15%"
"07/30/2024","2597.00","2578.00","2628.85","2550.00","134.01K","+1.32%"
"07/29/2024","2563.10","2571.25","2596.30","2555.00","35.05K","+0.84%"
"07/26/2024","2541.70","2575.00","2610.00","2521.25","66.80K","-0.77%"
"07/25/2024","2561.40","2548.25","2591.85","2537.90","49.22K","+0.43%"
"07/24/2024","2550.55","2543.45","2614.80","2532.60","40.69K","+0.32%"
"07/23/2024","2542.40","2591.25","2593.25","2500.00","80.30K","-1.10%"
"07/22/2024","2570.60","2552.45","2653.00","2540.05","50.65K","-1.23%"
"07/19/2024","2602.70","2671.95","2693.25","2585.05","104.01K","-2.46%"
"07/18/2024","2668.30","2589.90","2758.00","2545.00","439.08K","+3.53%"
"07/16/2024","2577.35","2609.35","2626.80","2564.90","79.54K","-0.47%"
"07/15/2024","2589.45","2614.95","2639.75","2584.55","52.39K","-0.65%"
"07/12/2024","2606.45","2613.55","2627.95","2597.25","84.73K","-0.27%"
"07/11/2024","2613.55","2688.00","2688.00","2600.00","76.06K","-1.56%"
"07/10/2024","2654.95","2694.00","2719.95","2640.60","118.37K","-1.00%"
"07/09/2024","2681.80","2681.75","2720.65","2663.20","56.01K","+0.00%"
"07/08/2024","2681.75","2761.75","2812.45","2652.55","189.08K","-1.67%"
"07/05/2024","2727.30","2755.00","2818.30","2710.35","136.73K","-0.79%"
"07/04/2024","2749.10","2775.00","2790.00","2742.00","92.56K","-0.06%"
"07/03/2024","2750.65","2744.90","2791.45","2722.15","106.36K","+1.05%"
"07/02/2024","2722.10","2730.00","2735.95","2692.00","66.79K","+0.63%"
"07/01/2024","2705.10","2691.20","2725.00","2678.00","58.13K","+1.01%"
"06/28/2024","2678.15","2651.05","2725.00","2651.05","95.19K","+1.16%"
"06/27/2024","2647.50","2666.55","2738.00","2621.55","181.96K","+0.22%"
"06/26/2024","2641.60","2689.25","2720.00","2610.05","94.44K","-0.87%"
"06/25/2024","2664.90","2681.30","2759.10","2654.55","138.09K","-0.09%"
"06/24/2024","2667.30","2654.25","2718.00","2625.95","68.80K","+0.11%"
"06/21/2024","2664.30","2760.00","2770.95","2641.85","183.56K","-1.27%"
"06/20/2024","2698.50","2612.10","2766.40","2605.55","358.47K","+4.04%"
"06/19/2024","2593.60","2738.60","2752.40","2575.00","172.87K","-4.98%"
"06/18/2024","2729.60","2696.05","2762.60","2696.05","217.75K","+1.32%"
"06/14/2024","2694.10","2578.40","3061.30","2555.00","987.07K","+5.61%"
"06/13/2024","2551.10","2520.30","2585.00","2500.05","89.46K","+1.96%"
"06/12/2024","2502.10","2479.95","2513.00","2440.15","153.94K","+1.20%"
"06/11/2024","2472.55","2445.50","2520.00","2440.00","167.38K","+1.02%"
"06/10/2024","2447.65","2439.90","2486.35","2415.50","314.61K","+1.12%"
"06/07/2024","2420.45","2419.20","2464.65","2410.10","311.95K","+0.05%"
"06/06/2024","2419.20","2382.50","2499.00","2347.05","455.50K","+2.30%"
"06/05/2024","2364.90","2244.00","2476.70","2190.00","331.97K","+7.37%"
"06/04/2024","2202.65","2234.00","2234.00","2066.95","148.95K","-1.59%"
"06/03/2024","2238.25","2294.65","2310.00","2217.85","369.46K","+0.88%"
"05/31/2024","2218.80","2200.00","2245.00","2174.95","78.72K","+1.24%"
"05/30/2024","2191.65","2189.55","2218.65","2180.00","99.93K","+0.10%"
"05/29/2024","2189.55","2169.00","2212.95","2150.30","182.44K","+0.91%"
"05/28/2024","2169.75","2200.00","2218.65","2161.50","57.82K","-1.04%"
"05/27/2024","2192.50","2220.00","2220.00","2171.55","209.97K","-0.14%"
"05/24/2024","2195.65","2196.70","2220.00","2178.00","237.79K","+0.76%"
"05/23/2024","2179.00","2141.40","2213.90","2141.40","340.04K","+2.30%"
"05/22/2024","2130.05","2149.95","2196.45","2118.10","442.37K","+2.23%"
"05/21/2024","2083.55","2188.05","2204.95","2067.50","188.17K","-4.78%"
"05/18/2024","2188.05","2189.00","2198.00","2170.10","14.13K","+0.92%"
"05/17/2024","2168.20","2200.00","2315.60","2160.50","1.49M","+7.03%"
"05/16/2024","2025.70","2051.45","2067.00","2011.05","50.69K","-1.23%"
"05/15/2024","2050.85","2034.00","2069.30","2017.20","50.34K","+1.36%"
"05/14/2024","2023.25","2073.00","2074.40","2011.55","76.40K","-1.75%"
"05/13/2024","2059.30","2124.85","2125.00","2020.00","101.72K","-1.63%"
"05/10/2024","2093.45","1957.95","2119.00","1956.00","613.19K","+7.03%"
"05/09/2024","1956.00","1940.00","1979.00","1935.05","88.61K","+0.58%"
"05/08/2024","1944.65","1909.90","1950.00","1901.00","37.80K","+2.33%"
"05/07/2024","1900.35","1980.00","1980.05","1885.00","52.00K","-3.53%"
"05/06/2024","1969.95","1952.65","1979.60","1930.20","103.28K","+1.30%"
"05/03/2024","1944.70","1961.25","1962.00","1935.00","113.41K","-0.65%"
"05/02/2024","1957.40","1987.90","1995.35","1944.65","71.08K","-1.06%"
"04/30/2024","1978.45","1967.20","2012.80","1961.00","55.73K","+0.57%"
"04/29/2024","1967.20","1978.65","1998.40","1955.00","38.86K","-0.58%"
"04/26/2024","1978.65","1986.65","1989.70","1956.00","44.67K","+1.09%"
"04/25/2024","1957.30","1945.65","1990.00","1911.05","96.38K","+1.30%"
"04/24/2024","1932.10","1876.25","1944.75","1866.50","111.22K","+3.52%"
"04/23/2024","1866.45","1848.00","1884.00","1825.05","171.77K","+1.00%"
"04/22/2024","1848.00","1860.00","1869.85","1838.75","30.35K","+0.05%"
"04/19/2024","1847.10","1852.35","1863.90","1826.55","22.52K","-1.07%"
"04/18/2024","1867.15","1888.40","1927.95","1854.05","286.39K","-0.60%"
"04/16/2024","1878.50","1822.00","1913.00","1820.30","103.39K","+2.26%"
"04/15/2024","1837.00","1781.00","1865.95","1781.00","37.70K","-2.28%"
"04/12/2024","1879.95","1907.00","1931.30","1870.00","120.25K","-2.17%"
"04/10/2024","1921.70","1913.00","1935.00","1901.95","54.56K","+0.95%"
"04/09/2024","1903.60","1915.15","1935.00","1892.70","36.68K","-0.08%"
"04/08/2024","1905.15","1924.00","1945.00","1900.00","112.53K","+0.27%"
"04/05/2024","1900.10","1877.80","1913.80","1865.15","32.29K","+0.63%"
"04/04/2024","1888.15","1924.00","1950.00","1869.05","58.91K","-1.01%"
"04/03/2024","1907.50","1915.00","1926.95","1890.85","91.49K","+0.48%"
"04/02/2024","1898.35","1833.55","1930.00","1826.00","155.18K","+3.95%"
"04/01/2024","1826.30","1840.95","1855.50","1820.10","65.10K","-0.04%"
"03/28/2024","1827.00","1825.00","1865.00","1778.40","165.55K","+0.66%"
"03/27/2024","1815.05","1765.00","1829.65","1762.85","165.95K","+2.96%"
"03/26/2024","1762.85","1795.30","1818.25","1755.00","46.07K","-1.32%"
"03/22/2024","1786.40","1775.00","1823.90","1775.00","58.17K","+0.37%"
"03/21/2024","1779.90","1762.30","1795.45","1755.10","14.82K","+1.53%"
"03/20/2024","1753.10","1782.00","1795.90","1735.00","33.55K","-1.59%"
"03/19/2024","1781.40","1808.45","1808.50","1775.00","19.49K","-1.01%"
"03/18/2024","1799.50","1829.95","1845.90","1767.00","94.79K","-0.43%"
"03/15/2024","1807.20","1780.30","1845.90","1773.05","254.76K","+3.26%"
"03/14/2024","1750.20","1731.20","1780.60","1720.80","63.23K","+1.38%"
"03/13/2024","1726.30","1832.05","1838.95","1716.20","57.28K","-5.64%"
"03/12/2024","1829.50","1802.95","1837.00","1787.10","110.77K","+1.47%"
"03/11/2024","1802.95","1830.50","1846.95","1790.00","72.63K","-0.99%"
"03/07/2024","1820.95","1781.00","1828.70","1781.00","167.47K","+1.91%"
"03/06/2024","1786.90","1794.00","1821.90","1772.90","122.40K","-0.45%"
"03/05/2024","1794.90","1834.95","1849.10","1785.70","110.68K","-2.21%"
"03/04/2024","1835.50","1863.10","1863.10","1807.00","143.31K","-0.51%"
"03/02/2024","1845.00","1837.75","1852.10","1824.00","1.59K","+0.92%"
"03/01/2024","1828.25","1863.00","1863.00","1820.00","29.88K","-1.55%"
"02/29/2024","1857.00","1806.25","1873.45","1802.05","177.64K","+2.69%"
"02/28/2024","1808.35","1852.95","1867.20","1793.50","59.99K","-2.55%"
"02/27/2024","1855.75","1866.80","1878.60","1822.15","216.95K","-0.27%"
"02/26/2024","1860.80","1849.95","1877.00","1832.05","144.36K","+1.00%"
"02/23/2024","1842.45","1834.95","1847.95","1827.30","79.79K","+0.73%"
"02/22/2024","1829.10","1839.00","1850.00","1821.30","211.14K","-0.71%"
"02/21/2024","1842.20","1831.70","1865.95","1801.50","147.81K","+0.57%"
"02/20/2024","1831.70","1825.00","1840.75","1804.75","176.77K","+0.75%"
"02/19/2024","1818.15","1790.00","1857.75","1783.65","147.63K","+1.93%"
"02/16/2024","1783.65","1799.90","1825.60","1764.20","291.81K","-0.60%"
"02/15/2024","1794.40","1825.00","1836.40","1780.00","119.92K","-1.25%"
"02/14/2024","1817.10","1777.75","1838.00","1775.00","93.87K","+0.56%"
"02/13/2024","1806.90","1784.40","1844.95","1763.45","70.00K","+1.76%"
"02/12/2024","1775.70","1845.55","1881.95","1765.60","171.22K","-3.62%"
"02/09/2024","1842.45","1954.00","1957.00","1832.15","338.86K","-4.52%"
"02/08/2024","1929.70","2004.75","2004.75","1925.00","89.63K","-2.70%"
"02/07/2024","1983.25","2197.00","2197.00","1965.05","229.96K","-6.24%"
"02/06/2024","2115.30","2120.00","2197.00","2076.65","88.32K","+0.05%"
"02/05/2024","2114.20","2135.70","2155.95","2095.00","27.79K","-0.70%"
"02/02/2024","2129.05","2161.60","2171.15","2102.00","35.44K","-1.01%"
"02/01/2024","2150.85","2115.00","2183.20","2102.35","98.36K","+2.17%"
"01/31/2024","2105.25","2099.00","2175.00","2058.60","255.31K","+1.69%"
"01/30/2024","2070.25","2017.00","2100.00","2008.55","65.86K","+2.32%"
"01/29/2024","2023.25","1990.30","2067.55","1990.30","107.88K","+2.19%"
"01/25/2024","1979.85","2001.70","2014.90","1969.95","49.67K","-0.62%"
"01/24/2024","1992.20","2047.00","2056.95","1960.10","126.98K","-3.03%"
"01/23/2024","2054.55","2075.00","2096.55","2016.55","51.82K","-0.53%"
"01/20/2024","2065.40","2079.40","2091.05","2051.00","20.54K","-0.47%"
"01/19/2024","2075.25","2047.10","2081.00","2009.65","89.60K","+1.91%"
"01/18/2024","2036.40","2049.45","2050.00","1950.00","95.27K","-0.28%"
"01/17/2024","2042.10","1952.00","2088.00","1914.85","537.07K","+4.60%"
"01/16/2024","1952.35","1964.75","2024.95","1938.65","131.55K","-0.21%"
"01/15/2024","1956.40","1981.00","2009.95","1926.45","167.35K","-1.83%"
"01/12/2024","1992.95","2007.00","2024.55","1977.55","139.50K","-0.65%"
"01/11/2024","2005.90","2029.90","2155.00","1962.55","532.08K","-0.32%"
"01/10/2024","2012.30","2052.50","2072.00","2000.00","141.22K","-2.30%"
"01/09/2024","2059.70","2113.10","2262.35","1985.80","911.00K","-1.54%"
"01/08/2024","2091.95","2112.05","2199.80","2047.20","376.27K","-1.16%"
"01/05/2024","2116.45","1932.00","2318.80","1932.00","1.86M","+9.53%"
"01/04/2024","1932.35","1884.40","1940.00","1881.45","76.28K","+2.09%"
"01/03/2024","1892.80","1870.00","1909.90","1864.60","90.38K","+0.59%"
"01/02/2024","1881.70","1917.10","1930.00","1870.00","57.59K","-2.49%"
"01/01/2024","1929.75","1945.85","1945.85","1906.50","71.93K","-0.18%"
"12/29/2023","1933.20","1870.45","1948.00","1870.00","523.71K","+3.35%"
"12/28/2023","1870.45","1818.00","1880.00","1790.05","235.88K","+4.70%"
"12/27/2023","1786.40","1805.00","1830.00","1770.00","82.69K","-0.86%"
"12/26/2023","1801.95","1838.00","1847.35","1796.00","44.55K","-1.74%"
"12/22/2023","1833.95","1810.00","1864.90","1787.30","262.91K","+1.68%"
"12/21/2023","1803.65","1754.50","1806.00","1736.35","129.23K","+3.34%"
"12/20/2023","1745.30","1785.15","1818.00","1720.10","130.44K","-2.04%"
"12/19/2023","1781.70","1790.00","1818.70","1769.70","541.38K","+0.42%"
"12/18/2023","1774.20","1750.00","1825.00","1705.05","361.95K","+2.17%"
"12/15/2023","1736.55","1697.25","1745.45","1691.00","119.24K","+2.82%"
"12/14/2023","1688.85","1705.00","1723.95","1685.15","31.56K","-0.59%"
"12/13/2023","1698.95","1736.00","1740.00","1691.20","78.67K","-0.76%"
"12/12/2023","1712.00","1669.95","1725.00","1668.00","156.83K","+2.80%"
"12/11/2023","1665.40","1681.90","1688.20","1639.05","70.41K","-0.31%"
"12/08/2023","1670.50","1688.50","1702.50","1655.00","42.30K","-0.55%"
"12/07/2023","1679.70","1691.00","1738.40","1666.95","109.83K","-0.65%"
"12/06/2023","1690.65","1745.50","1748.95","1681.00","88.59K","-2.63%"
"12/05/2023","1736.40","1724.00","1767.15","1705.00","125.61K","+0.80%"
"12/04/2023","1722.65","1728.00","1733.85","1684.65","108.05K","+2.56%"
"12/01/2023","1679.70","1683.95","1697.65","1670.10","50.26K","-0.25%"
"11/30/2023","1683.95","1644.00","1688.10","1624.00","79.36K","+2.80%"
"11/29/2023","1638.15","1638.90","1647.95","1624.15","37.25K","+0.48%"
"11/28/2023","1630.30","1625.00","1649.00","1616.10","115.46K","+0.67%"
"11/24/2023","1619.45","1586.65","1642.30","1586.65","65.66K","+2.32%"
"11/23/2023","1582.75","1592.60","1604.70","1572.35","182.57K","-0.47%"
"11/22/2023","1590.30","1619.00","1619.20","1581.10","45.23K","-1.27%"
"11/21/2023","1610.75","1615.20","1632.40","1599.10","32.15K","-1.08%"
"11/20/2023","1628.40","1640.55","1653.95","1600.10","54.44K","-0.24%"
"11/17/2023","1632.35","1599.00","1639.00","1595.50","171.24K","+2.30%"
"11/16/2023","1595.70","1592.25","1615.00","1585.20","75.53K","+0.46%"
"11/15/2023","1588.40","1620.00","1623.00","1585.05","68.02K","-1.18%"
"11/13/2023","1607.30","1634.95","1640.65","1603.00","43.90K","-1.55%"
"11/12/2023","1632.60","1639.00","1656.40","1621.25","9.60K","-0.17%"
"11/10/2023","1635.45","1635.25","1643.90","1580.10","153.16K","+0.71%"
"11/09/2023","1623.90","1729.50","1729.50","1611.55","185.97K","-5.84%"
"11/08/2023","1724.65","1718.35","1735.85","1690.25","86.22K","+0.37%"
"11/07/2023","1718.35","1733.95","1733.95","1690.05","82.70K","-0.07%"
"11/06/2023","1719.50","1678.20","1746.15","1678.20","390.94K","+3.00%"
"11/03/2023","1669.45","1605.95","1682.05","1605.95","266.70K","+4.33%"
"11/02/2023","1600.15","1591.40","1634.30","1591.35","489.39K","+1.05%"
"11/01/2023","1583.50","1599.00","1606.90","1575.00","171.08K","-0.80%"
"10/31/2023","1596.35","1607.95","1611.55","1573.85","288.86K","-0.48%"
"10/30/2023","1604.05","1603.05","1617.50","1587.00","122.74K","+0.56%"
"10/27/2023","1595.10","1581.05","1634.50","1580.00","198.68K","+0.89%"
"10/26/2023","1581.05","1599.00","1609.15","1559.35","212.04K","-1.26%"
"10/25/2023","1601.30","1630.00","1630.00","1580.00","62.90K","-1.29%"
"10/23/2023","1622.20","1642.00","1643.90","1600.00","119.38K","-0.83%"
"10/20/2023","1635.75","1607.90","1647.95","1590.00","201.45K","+1.49%"
"10/19/2023","1611.70","1610.80","1620.60","1578.50","93.88K","+0.09%"
"10/18/2023","1610.20","1573.70","1635.95","1573.70","126.83K","+2.31%"
"10/17/2023","1573.85","1586.95","1606.75","1565.15","26.01K","-0.61%"
"10/16/2023","1583.50","1601.90","1620.00","1575.30","45.02K","-1.15%"
"10/13/2023","1601.90","1580.00","1616.95","1577.75","299.70K","+0.95%"
"10/12/2023","1586.85","1599.00","1604.95","1576.00","144.31K","-0.20%"
"10/11/2023","1590.05","1571.20","1616.95","1563.10","388.11K","+1.39%"
"10/10/2023","1568.20","1551.95","1580.00","1548.15","54.26K","+1.02%"
"10/09/2023","1552.30","1585.10","1587.95","1540.05","47.67K","-2.07%"
"10/06/2023","1585.10","1599.55","1604.55","1576.00","68.15K","-0.90%"
"10/05/2023","1599.55","1582.80","1607.00","1577.00","75.27K","+1.57%"
"10/04/2023","1574.90","1570.00","1610.00","1562.00","495.59K","-0.09%"
"10/03/2023","1576.35","1582.15","1638.00","1568.50","34.49K","-0.96%"
"09/29/2023","1591.65","1588.00","1599.85","1582.95","409.52K","-0.41%"
"09/28/2023","1598.20","1680.00","1680.00","1551.15","242.96K","-0.13%"
"09/27/2023","1600.25","1585.00","1608.40","1585.00","12.96K","+0.62%"
"09/26/2023","1590.35","1584.05","1613.85","1575.05","90.11K","-0.06%"
"09/25/2023","1591.30","1603.25","1615.00","1580.05","24.49K","-0.75%"
"09/22/2023","1603.25","1608.00","1629.95","1595.70","16.85K","-0.73%"
"09/21/2023","1615.10","1613.60","1678.15","1604.30","93.85K","+0.09%"
"09/20/2023","1613.60","1649.65","1684.45","1609.50","66.86K","-2.19%"
"09/18/2023","1649.65","1629.40","1657.10","1623.80","63.80K","+1.75%"
"09/15/2023","1621.30","1578.50","1628.40","1570.25","272.32K","+3.25%"
"09/14/2023","1570.25","1573.90","1599.00","1560.05","39.37K","+0.22%"
"09/13/2023","1566.85","1596.20","1625.00","1560.55","68.33K","-1.32%"
"09/12/2023","1587.85","1638.45","1648.00","1579.05","35.63K","-2.58%"
"09/11/2023","1629.95","1627.00","1644.00","1620.90","17.24K","+0.68%"
"09/08/2023","1618.90","1621.15","1640.00","1609.30","34.16K","+0.36%"
"09/07/2023","1613.10","1639.00","1647.25","1601.05","39.81K","-1.59%"
"09/06/2023","1639.10","1645.00","1654.70","1632.00","31.48K","-0.07%"
"09/05/2023","1640.20","1644.50","1665.00","1627.80","40.77K","+0.65%"
"09/04/2023","1629.60","1659.95","1670.75","1621.10","37.36K","-1.81%"
"09/01/2023","1659.60","1670.50","1678.95","1647.00","149.06K","-0.05%"
"08/31/2023","1660.35","1657.80","1685.05","1650.00","51.31K","+0.77%"
"08/30/2023","1647.70","1634.00","1655.00","1624.90","82.66K","+1.40%"
"08/29/2023","1624.90","1622.00","1634.95","1613.10","20.66K","+0.32%"
"08/28/2023","1619.70","1611.80","1639.95","1611.00","25.99K","+0.49%"
"08/25/2023","1611.80","1653.00","1672.30","1605.00","224.50K","-2.53%"
"08/24/2023","1653.70","1633.95","1664.00","1623.85","99.00K","+1.73%"
"08/23/2023","1625.65","1642.00","1650.95","1622.55","116.14K","-1.05%"
"08/22/2023","1642.90","1629.20","1645.00","1619.10","21.84K","+1.37%"
"08/21/2023","1620.70","1617.00","1635.95","1598.20","40.35K","+0.62%"
"08/18/2023","1610.70","1603.00","1614.00","1575.05","69.85K","+0.53%"
"08/17/2023","1602.20","1613.45","1629.95","1593.50","26.09K","-0.29%"
"08/16/2023","1606.90","1648.90","1652.60","1595.30","28.18K","-2.61%"
"08/14/2023","1649.90","1649.00","1664.40","1632.20","19.30K","+0.39%"
"08/11/2023","1643.45","1745.00","1749.00","1635.00","164.74K","-3.32%"
"08/10/2023","1699.85","1664.30","1715.00","1660.00","220.60K","+2.67%"
"08/09/2023","1655.60","1676.70","1678.90","1650.10","28.14K","-0.92%"
"08/08/2023","1670.90","1681.90","1686.40","1663.00","32.34K","-0.57%"
"08/07/2023","1680.45","1682.30","1690.95","1670.80","22.26K","-0.02%"
"08/04/2023","1680.85","1728.90","1729.30","1672.55","33.48K","-2.29%"
"08/03/2023","1720.25","1684.00","1738.00","1672.70","30.25K","+1.90%"
"08/02/2023","1688.10","1712.00","1728.85","1671.00","37.38K","-1.38%"
"08/01/2023","1711.75","1685.05","1717.90","1680.35","35.24K","+1.12%"
"07/31/2023","1692.80","1643.60","1710.00","1633.80","156.68K","+2.99%"
"07/28/2023","1643.65","1642.85","1656.20","1621.50","251.34K","+0.14%"
"07/27/2023","1641.40","1664.75","1673.95","1629.00","88.54K","-1.11%"
"07/26/2023","1659.80","1705.55","1710.45","1654.00","186.91K","-2.19%"
"07/25/2023","1697.05","1710.00","1750.95","1690.00","109.25K","-0.12%"
"07/24/2023","1699.15","1697.70","1712.25","1677.00","167.11K","+0.61%"
"07/21/2023","1688.80","1687.00","1698.00","1675.05","163.09K","+0.27%"
"07/20/2023","1684.30","1674.35","1705.45","1674.35","18.42K","+0.59%"
"07/19/2023","1674.35","1701.05","1708.45","1651.10","153.59K","-1.18%"
"07/18/2023","1694.35","1700.05","1734.00","1677.05","53.75K","-0.32%"
"07/17/2023","1699.85","1724.00","1739.95","1695.30","60.56K","-0.92%"
"07/14/2023","1715.70","1681.00","1727.15","1668.05","209.20K","+2.46%"
"07/13/2023","1674.50","1682.30","1700.00","1651.00","73.76K","-1.15%"
"07/12/2023","1693.90","1712.70","1735.45","1666.30","39.04K","-0.58%"
"07/11/2023","1703.75","1667.95","1711.80","1655.60","198.06K","+2.33%"
"07/10/2023","1664.90","1630.75","1700.95","1620.10","113.07K","+2.10%"
"07/07/2023","1630.70","1654.30","1710.00","1611.00","76.86K","-1.43%"
"07/06/2023","1654.30","1655.10","1676.95","1642.10","142.57K","-0.05%"
"07/05/2023","1655.10","1674.00","1686.95","1650.60","202.02K","+0.03%"
"07/04/2023","1654.65","1608.40","1735.00","1600.40","504.93K","+3.39%"
"07/03/2023","1600.40","1578.80","1610.00","1578.75","50.21K","+1.32%"
"06/30/2023","1579.50","1590.00","1604.60","1562.55","47.20K","+0.13%"
"06/28/2023","1577.50","1557.70","1603.00","1557.70","68.65K","+1.78%"
"06/27/2023","1549.95","1569.75","1572.05","1542.00","166.97K","-0.77%"
"06/26/2023","1561.90","1567.00","1601.45","1555.30","21.45K","-1.23%"
"06/23/2023","1581.40","1592.55","1599.35","1555.05","235.67K","-0.70%"
"06/22/2023","1592.55","1567.00","1611.20","1565.00","78.70K","+1.63%"
"06/21/2023","1567.00","1583.00","1592.45","1542.55","69.58K","-0.08%"
"06/20/2023","1568.25","1593.70","1597.70","1560.00","30.77K","-1.12%"
"06/19/2023","1585.95","1549.05","1610.00","1549.05","135.79K","+2.41%"
"06/16/2023","1548.60","1551.00","1625.00","1525.00","319.86K","+0.03%"
"06/15/2023","1548.20","1539.75","1557.40","1510.15","110.94K","+0.94%"
"06/14/2023","1533.75","1539.00","1584.80","1515.90","86.47K","+0.39%"
"06/13/2023","1527.85","1529.00","1539.95","1507.00","26.53K","+0.21%"
"06/12/2023","1524.70","1486.00","1548.75","1486.00","101.35K","+2.32%"
"06/09/2023","1490.10","1519.15","1544.00","1482.10","47.03K","-1.90%"
"06/08/2023","1518.90","1527.95","1527.95","1492.35","93.17K","-0.20%"
"06/07/2023","1521.95","1483.40","1526.00","1478.00","136.57K","+2.63%"
"06/06/2023","1483.00","1515.00","1525.00","1456.00","91.88K","-0.78%"
"06/05/2023","1494.70","1510.10","1524.80","1481.30","151.99K","-0.52%"
"06/02/2023","1502.55","1466.90","1511.70","1455.10","88.87K","+2.83%"
"06/01/2023","1461.15","1439.75","1467.00","1434.65","82.47K","+1.88%"
"05/31/2023","1434.15","1428.15","1457.40","1425.25","36.57K","+0.42%"
"05/30/2023","1428.15","1410.20","1435.00","1405.00","23.25K","+1.17%"
"05/29/2023","1411.60","1420.00","1436.65","1404.00","20.38K","-0.27%"
"05/26/2023","1415.40","1404.25","1447.75","1404.20","75.64K","+0.89%"
"05/25/2023","1402.90","1379.30","1407.55","1375.10","72.83K","+1.41%"
"05/24/2023","1383.40","1365.20","1392.10","1357.00","11.34K","+1.33%"
"05/23/2023","1365.20","1370.80","1382.25","1357.20","28.16K","-0.40%"
"05/22/2023","1370.75","1394.85","1404.95","1363.00","23.28K","-1.63%"
"05/19/2023","1393.50","1392.00","1412.00","1378.20","94.58K","+0.32%"
"05/18/2023","1389.05","1447.90","1499.80","1366.10","229.09K","-3.12%"
"05/17/2023","1433.75","1384.95","1464.95","1365.55","97.08K","+3.49%"
"05/16/2023","1385.45","1399.85","1405.35","1380.10","27.61K","-1.01%"
"05/15/2023","1399.65","1428.00","1434.75","1393.05","24.44K","-1.72%"
"05/12/2023","1424.10","1404.55","1445.00","1400.00","98.99K","+1.66%"
"05/11/2023","1400.90","1397.00","1409.00","1381.00","13.86K","+0.71%"
"05/10/2023","1391.00","1379.80","1401.00","1371.55","16.14K","+0.81%"
"05/09/2023","1379.80","1382.00","1382.00","1365.85","40.62K","+0.25%"
"05/08/2023","1376.30","1370.00","1385.50","1354.95","99.65K","+1.58%"
"05/05/2023","1354.90","1335.40","1362.80","1335.40","97.95K","+1.46%"
"05/04/2023","1335.40","1363.10","1376.95","1314.10","44.91K","-2.03%"
"05/03/2023","1363.10","1364.95","1369.95","1342.10","43.60K","+0.30%"
"05/02/2023","1359.00","1344.30","1369.90","1335.20","39.98K","+1.09%"
"04/28/2023","1344.30","1316.90","1370.00","1316.90","53.80K","-0.47%"
"04/27/2023","1350.70","1312.00","1356.85","1312.00","24.16K","+2.26%"
"04/26/2023","1320.80","1305.70","1329.95","1283.15","125.49K","+1.61%"
"04/25/2023","1299.90","1280.00","1309.95","1275.05","63.36K","+1.36%"
"04/24/2023","1282.40","1240.50","1315.00","1234.00","78.11K","+3.92%"
"04/21/2023","1234.00","1255.00","1267.25","1220.05","16.36K","-2.14%"
"04/20/2023","1260.95","1251.80","1266.25","1236.00","12.60K","+1.26%"
"04/19/2023","1245.25","1270.20","1276.55","1241.00","229.14K","-1.96%"
"04/18/2023","1270.20","1284.00","1284.00","1261.00","57.09K","-0.57%"
"04/17/2023","1277.45","1266.00","1285.60","1250.00","13.44K","+0.91%"
"04/13/2023","1265.95","1279.95","1280.00","1259.20","192.88K","-0.22%"
"04/12/2023","1268.75","1256.00","1285.00","1245.05","22.30K","+1.39%"
"04/11/2023","1251.30","1290.70","1290.70","1239.10","27.18K","-2.54%"
"04/10/2023","1283.90","1279.05","1307.05","1274.15","52.59K","+1.00%"
"04/06/2023","1271.20","1266.20","1292.00","1258.15","27.28K","+0.89%"
"04/05/2023","1259.95","1240.20","1267.65","1231.55","122.83K","+0.99%"
"04/03/2023","1247.65","1247.90","1281.65","1216.00","293.69K","+0.48%"
"03/31/2023","1241.65","1225.00","1247.95","1217.55","22.23K","+1.98%"
"03/29/2023","1217.50","1202.00","1225.00","1198.60","239.76K","+0.70%"
"03/28/2023","1209.00","1184.05","1212.00","1179.00","18.93K","+1.50%"
"03/27/2023","1191.15","1215.60","1219.35","1180.00","145.03K","-1.49%"
"03/24/2023","1209.20","1225.00","1241.85","1207.00","111.95K","-1.75%"
"03/23/2023","1230.80","1243.00","1248.95","1230.00","7.96K","-1.11%"
"03/22/2023","1244.60","1254.00","1262.65","1236.35","10.14K","-1.08%"
"03/21/2023","1258.25","1248.05","1266.15","1248.05","19.11K","-0.02%"
"03/20/2023","1258.50","1250.00","1268.95","1240.75","23.41K","+0.33%"
"03/17/2023","1254.40","1233.40","1262.00","1231.10","15.81K","+1.39%"
"03/16/2023","1237.15","1244.00","1255.00","1229.20","34.30K","-0.24%"
"03/15/2023","1240.15","1245.85","1253.95","1227.00","31.57K","-0.02%"
"03/14/2023","1240.45","1230.45","1257.45","1200.20","62.65K","+0.88%"
"03/13/2023","1229.65","1225.30","1241.40","1194.05","161.98K","-0.01%"
"03/10/2023","1229.80","1236.00","1267.75","1225.00","33.69K","-0.75%"
"03/09/2023","1239.15","1258.90","1265.15","1235.00","67.46K","-1.57%"
"03/08/2023","1258.90","1272.95","1273.40","1240.10","26.35K","-0.65%"
"03/06/2023","1267.10","1260.00","1275.00","1256.55","40.19K","+0.56%"
"03/03/2023","1260.00","1273.70","1286.30","1255.05","47.05K","-0.58%"
"03/02/2023","1267.35","1244.00","1276.60","1235.40","27.76K","+1.94%"
"03/01/2023","1243.25","1240.85","1268.90","1235.00","96.75K","-0.45%"
"02/28/2023","1248.85","1270.65","1278.00","1217.25","208.13K","-1.72%"
"02/27/2023","1270.65","1295.00","1299.30","1259.20","16.83K","-2.29%"
"02/24/2023","1300.40","1320.20","1350.75","1252.55","83.25K","-1.41%"
"02/23/2023","1319.00","1326.00","1345.90","1310.00","15.50K","-0.52%"
"02/22/2023","1325.95","1326.00","1339.60","1310.00","14.64K","-0.00%"
"02/21/2023","1326.00","1335.30","1341.75","1321.15","25.81K","-0.70%"
"02/20/2023","1335.30","1361.10","1370.05","1332.00","29.81K","-1.62%"
"02/17/2023","1357.25","1348.05","1363.90","1340.00","14.11K","+0.51%"
"02/16/2023","1350.30","1341.00","1368.00","1341.00","25.89K","+0.16%"
"02/15/2023","1348.15","1354.05","1368.00","1327.80","20.93K","-0.49%"
"02/14/2023","1354.85","1337.20","1362.75","1336.15","36.51K","+0.40%"
"02/13/2023","1349.45","1372.00","1382.25","1345.40","20.88K","-2.04%"
"02/10/2023","1377.50","1398.30","1442.00","1364.10","38.32K","-1.49%"
"02/09/2023","1398.30","1409.00","1424.45","1395.00","13.53K","-1.86%"
"02/08/2023","1424.85","1424.90","1435.95","1392.20","29.51K","+0.09%"
"02/07/2023","1423.60","1410.00","1448.95","1410.00","37.79K","+1.15%"
"02/06/2023","1407.45","1424.80","1469.00","1400.00","26.19K","-1.22%"
"02/03/2023","1424.80","1440.00","1460.00","1416.50","21.54K","-1.26%"
"02/02/2023","1443.00","1452.50","1503.00","1438.25","13.27K","-1.23%"
"02/01/2023","1461.00","1475.00","1504.90","1441.10","20.57K","-0.77%"
"01/31/2023","1472.40","1440.05","1484.00","1431.50","20.52K","+1.92%"
"01/30/2023","1444.60","1483.80","1513.95","1421.30","44.62K","-2.16%"
"01/27/2023","1476.50","1458.00","1494.95","1419.55","33.28K","+1.80%"
"01/25/2023","1450.45","1442.95","1475.00","1430.50","29.02K","+0.85%"
"01/24/2023","1438.20","1432.95","1458.95","1430.90","18.61K","+0.02%"
"01/23/2023","1437.90","1418.30","1450.00","1415.85","12.07K","+1.38%"
"01/20/2023","1418.30","1430.00","1439.90","1411.05","18.70K","-1.29%"
"01/19/2023","1436.85","1427.95","1455.15","1423.25","20.80K","+0.42%"
"01/18/2023","1430.85","1427.00","1439.60","1417.70","17.56K","+0.67%"
"01/17/2023","1421.30","1378.00","1430.00","1378.00","30.97K","+3.18%"
"01/16/2023","1377.50","1387.10","1402.45","1376.50","12.34K","-1.54%"
"01/13/2023","1399.05","1392.75","1410.75","1392.00","7.54K","-0.15%"
"01/12/2023","1401.15","1373.45","1404.80","1373.35","14.08K","+1.82%"
"01/11/2023","1376.05","1387.95","1398.00","1373.55","10.41K","-0.88%"
"01/10/2023","1388.30","1355.00","1397.70","1355.00","22.45K","+1.87%"
"01/09/2023","1362.80","1405.00","1405.00","1356.55","27.74K","-2.66%"
"01/06/2023","1400.05","1408.95","1412.45","1383.75","15.57K","-0.38%"
"01/05/2023","1405.45","1405.95","1435.00","1395.10","29.00K","+0.32%"
"01/04/2023","1401.00","1381.30","1404.00","1372.45","17.24K","+1.43%"
"01/03/2023","1381.30","1366.00","1389.00","1366.00","8.04K","+0.43%"
"01/02/2023","1375.40","1379.65","1388.00","1370.00","11.78K","-0.28%"
"12/30/2022","1379.20","1413.95","1414.30","1371.00","21.36K","-2.07%"
"12/29/2022","1408.35","1397.95","1415.00","1390.30","14.17K","+0.66%"
"12/28/2022","1399.15","1390.80","1403.00","1377.30","12.96K","+0.36%"
"12/27/2022","1394.15","1380.75","1404.00","1375.95","14.23K","+1.48%"
"12/26/2022","1373.85","1354.90","1397.25","1350.45","21.99K","+0.48%"
"12/23/2022","1367.35","1361.00","1385.00","1355.00","40.89K","-2.39%"
"12/22/2022","1400.80","1432.00","1447.80","1395.05","16.23K","-2.11%"
"12/21/2022","1431.05","1467.00","1467.50","1416.65","23.43K","-1.97%"
"12/20/2022","1459.80","1456.85","1474.90","1444.95","24.29K","+0.20%"
"12/19/2022","1456.85","1430.15","1466.00","1423.70","41.18K","+1.91%"
"12/16/2022","1429.55","1437.00","1457.20","1425.00","15.85K","-1.38%"
"12/15/2022","1449.60","1444.00","1466.00","1425.50","23.94K","+0.48%"
"12/14/2022","1442.65","1467.00","1482.00","1436.00","19.67K","-1.44%"
"12/13/2022","1463.75","1482.90","1483.30","1457.00","13.74K","-0.80%"
"12/12/2022","1475.55","1465.20","1501.00","1450.00","50.57K","+0.96%"
"12/09/2022","1461.50","1480.00","1491.95","1440.00","16.07K","-0.52%"
"12/08/2022","1469.10","1462.00","1476.00","1455.25","8.63K","+0.39%"
"12/07/2022","1463.35","1473.00","1487.95","1460.00","10.94K","-0.71%"
"12/06/2022","1473.85","1506.00","1512.00","1465.00","26.83K","-1.86%"
"12/05/2022","1501.85","1512.80","1517.85","1491.20","15.59K","-0.20%"
"12/02/2022","1504.85","1515.00","1529.55","1499.05","23.20K","-0.81%"
"12/01/2022","1517.10","1534.00","1559.60","1510.00","26.86K","-0.70%"
"11/30/2022","1527.85","1512.30","1539.80","1504.55","23.44K","+1.54%"
"11/29/2022","1504.75","1510.00","1542.80","1501.20","19.11K","-1.15%"
"11/28/2022","1522.30","1511.45","1542.55","1502.00","27.37K","+0.44%"
"11/25/2022","1515.65","1497.80","1520.10","1494.05","14.87K","+1.19%"
"11/24/2022","1497.80","1519.00","1565.00","1490.20","82.13K","-1.42%"
"11/23/2022","1519.30","1504.60","1527.00","1492.05","19.87K","+1.26%"
"11/22/2022","1500.40","1524.00","1526.50","1485.70","15.01K","-1.28%"
"11/21/2022","1519.90","1512.00","1534.95","1497.30","25.00K","+0.86%"
"11/18/2022","1506.95","1515.00","1547.00","1480.75","93.44K","+0.47%"
"11/17/2022","1499.95","1460.00","1510.00","1448.05","578.66K","+2.64%"
"11/16/2022","1461.30","1480.20","1506.70","1454.00","26.07K","-1.97%"
"11/15/2022","1490.60","1490.00","1497.35","1475.00","23.39K","+0.03%"
"11/14/2022","1490.15","1481.35","1498.00","1464.90","29.59K","+0.75%"
"11/11/2022","1479.00","1459.00","1509.95","1436.90","117.55K","+1.49%"
"11/10/2022","1457.35","1393.00","1478.00","1359.70","312.52K","+4.40%"
"11/09/2022","1395.90","1400.00","1421.00","1388.00","155.89K","-0.02%"
"11/07/2022","1396.15","1397.35","1405.70","1376.30","18.44K","+1.29%"
"11/04/2022","1378.35","1370.50","1398.00","1370.50","27.23K","+0.62%"
"11/03/2022","1369.85","1356.70","1375.00","1350.70","17.43K","+1.47%"
"11/02/2022","1349.95","1353.60","1369.35","1344.35","148.91K","-0.24%"
"11/01/2022","1353.15","1353.00","1380.00","1345.65","28.82K","-0.08%"
"10/31/2022","1354.30","1358.00","1367.65","1350.10","13.90K","+0.08%"
"10/28/2022","1353.15","1358.35","1373.55","1330.55","25.55K","+0.11%"
"10/27/2022","1351.60","1338.50","1361.30","1330.70","271.44K","+0.06%"
"10/25/2022","1350.75","1349.10","1378.95","1340.00","89.77K","-0.41%"
"10/24/2022","1356.30","1358.60","1384.00","1344.00","4.11K","-0.17%"
"10/21/2022","1358.60","1386.35","1388.05","1350.00","18.43K","-1.51%"
"10/20/2022","1379.45","1378.95","1386.95","1259.00","102.82K","+1.71%"
"10/19/2022","1356.20","1364.00","1381.10","1345.05","327.54K","-0.36%"
"10/18/2022","1361.05","1357.95","1368.00","1345.65","28.91K","+0.23%"
"10/17/2022","1357.95","1358.00","1366.00","1325.00","33.05K","-0.24%"
"10/14/2022","1361.15","1350.00","1374.00","1345.55","31.66K","+1.36%"
"10/13/2022","1342.90","1343.40","1349.55","1325.55","13.95K","+0.46%"
"10/12/2022","1336.70","1355.40","1364.00","1294.45","103.84K","-0.89%"
"10/11/2022","1348.70","1350.05","1366.80","1338.00","39.29K","-0.46%"
"10/10/2022","1355.00","1348.00","1374.60","1336.15","38.53K","-0.37%"
"10/07/2022","1360.05","1401.55","1409.00","1354.00","41.13K","-2.91%"
"10/06/2022","1400.85","1415.00","1424.95","1394.95","61.39K","-0.74%"
"10/04/2022","1411.35","1409.25","1420.55","1390.00","45.36K","+0.65%"
"10/03/2022","1402.20","1424.00","1439.55","1392.00","71.95K","-1.53%"
"09/30/2022","1423.95","1424.80","1438.75","1401.00","81.79K","-0.34%"
"09/29/2022","1428.75","1424.65","1436.80","1396.10","27.50K","+0.61%"
"09/28/2022","1420.10","1407.30","1425.90","1393.05","42.75K","-0.01%"
"09/27/2022","1420.20","1416.70","1440.20","1390.00","55.25K","+0.41%"
"09/26/2022","1414.45","1448.10","1448.10","1375.55","81.01K","-2.71%"
"09/23/2022","1453.85","1426.00","1465.00","1426.00","304.16K","+1.56%"
"09/22/2022","1431.45","1425.00","1444.15","1418.45","31.40K","+0.27%"
"09/21/2022","1427.60","1457.00","1458.00","1412.80","111.36K","-2.04%"
"09/20/2022","1457.35","1431.80","1474.00","1418.10","53.09K","+2.30%"
"09/19/2022","1424.65","1465.00","1472.10","1409.35","72.53K","-3.09%"
"09/16/2022","1470.05","1510.00","1510.00","1459.20","205.69K","-2.26%"
"09/15/2022","1504.10","1540.00","1548.00","1458.35","129.29K","-1.44%"
"09/14/2022","1526.00","1494.70","1530.00","1484.35","44.37K","+0.86%"
"09/13/2022","1513.05","1476.75","1534.65","1476.75","223.27K","+2.47%"
"09/12/2022","1476.60","1462.25","1484.95","1460.90","100.57K","+1.48%"
"09/09/2022","1455.00","1474.80","1480.00","1437.00","233.26K","-0.82%"
"09/08/2022","1467.10","1501.00","1512.95","1455.55","83.73K","-1.96%"
"09/07/2022","1496.40","1515.00","1531.60","1491.05","52.22K","-1.32%"
"09/06/2022","1516.45","1537.60","1539.80","1494.40","59.44K","-0.86%"
"09/05/2022","1529.55","1517.95","1541.00","1515.00","63.47K","+0.72%"
"09/02/2022","1518.65","1553.80","1563.60","1513.20","82.92K","-1.75%"
"09/01/2022","1545.70","1494.00","1550.05","1490.20","362.98K","+3.25%"
"08/30/2022","1497.05","1455.35","1517.90","1451.65","163.34K","+3.25%"
"08/29/2022","1449.90","1435.00","1470.00","1422.25","71.35K","-0.48%"
"08/26/2022","1456.85","1447.65","1462.80","1441.00","21.60K","+0.98%"
"08/25/2022","1442.70","1454.90","1467.40","1436.00","27.37K","-0.32%"
"08/24/2022","1447.30","1440.80","1475.00","1434.00","40.56K","+0.98%"
"08/23/2022","1433.30","1420.00","1453.75","1405.55","36.84K","-0.13%"
"08/22/2022","1435.20","1435.00","1439.00","1402.25","49.91K","-0.46%"
"08/19/2022","1441.80","1451.00","1485.10","1425.55","136.43K","+0.62%"
"08/18/2022","1432.95","1425.00","1443.40","1420.05","105.25K","+0.61%"
"08/17/2022","1424.25","1470.00","1475.65","1413.05","300.63K","-2.87%"
"08/16/2022","1466.35","1434.75","1480.00","1430.00","62.10K","+2.63%"
"08/12/2022","1428.75","1422.75","1459.00","1421.00","37.90K","+0.94%"
"08/11/2022","1415.40","1419.55","1435.90","1397.00","280.39K","-1.25%"
"08/10/2022","1433.30","1460.10","1463.40","1425.00","33.34K","-1.57%"
"08/08/2022","1456.15","1452.00","1485.00","1440.45","23.19K","+0.03%"
"08/05/2022","1455.75","1471.40","1480.65","1441.60","17.80K","-0.93%"
"08/04/2022","1469.35","1467.85","1488.50","1435.35","73.59K","+0.24%"
"08/03/2022","1465.80","1462.00","1510.00","1452.55","135.10K","+0.76%"
"08/02/2022","1454.70","1444.00","1473.55","1444.00","113.51K","+0.70%"
"08/01/2022","1444.65","1456.40","1464.80","1433.15","35.98K","-0.69%"
"07/29/2022","1454.75","1441.10","1495.90","1441.10","81.87K","+1.48%"
"07/28/2022","1433.60","1434.95","1447.70","1419.05","51.30K","+0.19%"
"07/27/2022","1430.95","1428.50","1455.00","1412.00","49.07K","-0.56%"
"07/26/2022","1439.00","1481.40","1487.95","1422.20","38.90K","-2.83%"
"07/25/2022","1480.95","1473.00","1490.10","1460.20","44.98K","+0.50%"
"07/22/2022","1473.60","1467.00","1487.75","1457.05","25.48K","-0.44%"
"07/21/2022","1480.05","1420.00","1500.95","1417.70","62.78K","+3.58%"
"07/20/2022","1428.90","1456.00","1465.00","1410.00","62.27K","-1.45%"
"07/19/2022","1449.95","1426.00","1459.90","1419.65","26.72K","+0.66%"
"07/18/2022","1440.45","1422.00","1455.00","1421.30","33.11K","+1.82%"
"07/15/2022","1414.65","1430.15","1445.65","1408.30","18.45K","-1.36%"
"07/14/2022","1434.15","1445.00","1451.95","1428.50","38.09K","-1.14%"
"07/13/2022","1450.70","1512.00","1514.15","1431.70","36.22K","-3.92%"
"07/12/2022","1509.90","1503.00","1520.85","1492.10","24.13K","+0.30%"
"07/11/2022","1505.45","1515.00","1524.00","1483.40","35.33K","-0.32%"
"07/08/2022","1510.35","1498.40","1527.20","1490.10","152.30K","+0.80%"
"07/07/2022","1498.40","1470.00","1519.00","1447.00","113.07K","+2.17%"
"07/06/2022","1466.60","1451.00","1474.40","1441.95","206.59K","+1.10%"
"07/05/2022","1450.60","1447.00","1457.75","1420.50","76.94K","+0.41%"
"07/04/2022","1444.70","1418.40","1450.00","1411.00","70.12K","+2.39%"
"07/01/2022","1410.95","1418.80","1419.00","1396.85","140.42K","-0.05%"
"06/30/2022","1411.70","1400.00","1419.00","1376.20","72.09K","+0.82%"
"06/29/2022","1400.20","1349.10","1406.90","1344.45","111.22K","+2.85%"
"06/28/2022","1361.45","1343.55","1385.10","1336.90","239.32K","+0.59%"
"06/27/2022","1353.45","1360.05","1375.55","1326.75","64.38K","+0.37%"
"06/24/2022","1348.50","1329.90","1350.00","1315.00","42.91K","+2.57%"
"06/23/2022","1314.70","1274.25","1328.20","1260.75","70.99K","+3.69%"
"06/22/2022","1267.90","1284.00","1310.00","1260.00","46.07K","-0.74%"
"06/21/2022","1277.30","1235.30","1282.35","1235.30","36.12K","+2.80%"
"06/20/2022","1242.45","1244.00","1261.75","1226.00","94.03K","-0.72%"
"06/17/2022","1251.45","1256.60","1275.65","1230.00","68.56K","-1.31%"
"06/16/2022","1268.10","1272.00","1285.00","1242.65","65.91K","+0.29%"
"06/15/2022","1264.45","1249.00","1272.30","1240.45","39.65K","+0.70%"
"06/14/2022","1255.60","1228.80","1274.00","1222.75","45.24K","+1.25%"
"06/13/2022","1240.05","1286.00","1290.00","1222.00","69.28K","-5.48%"
"06/10/2022","1311.95","1330.00","1352.30","1295.55","88.00K","-0.73%"
"06/09/2022","1321.55","1285.00","1330.00","1282.50","135.62K","+2.11%"
"06/08/2022","1294.30","1279.25","1303.95","1270.45","41.59K","+1.18%"
"06/07/2022","1279.25","1269.85","1285.10","1257.40","139.44K","-0.02%"
"06/06/2022","1279.45","1275.10","1293.50","1255.40","48.15K","-0.57%"
"06/03/2022","1286.75","1321.30","1324.15","1279.10","26.50K","-1.58%"
"06/02/2022","1307.40","1295.20","1320.00","1269.00","80.70K","+0.94%"
"06/01/2022","1295.20","1313.00","1336.00","1288.00","56.59K","-0.96%"
"05/31/2022","1307.80","1276.00","1315.00","1256.90","100.21K","+2.89%"
"05/30/2022","1271.10","1292.65","1299.00","1261.55","42.78K","-1.04%"
"05/27/2022","1284.50","1253.00","1290.90","1253.00","38.49K","+2.78%"
"05/26/2022","1249.80","1261.90","1272.95","1197.10","104.15K","-1.86%"
"05/25/2022","1273.45","1303.00","1318.85","1260.00","129.31K","-2.23%"
"05/24/2022","1302.55","1324.00","1328.00","1292.00","165.44K","-0.02%"
"05/23/2022","1302.85","1253.35","1313.90","1235.25","308.77K","+4.55%"
"05/20/2022","1246.20","1204.00","1256.00","1175.60","194.10K","+3.19%"
"05/19/2022","1207.65","1260.00","1260.00","1183.05","123.90K","-3.06%"
"05/18/2022","1245.75","1253.00","1257.00","1229.25","49.48K","-0.01%"
"05/17/2022","1245.85","1230.95","1251.00","1227.35","112.61K","+1.72%"
"05/16/2022","1224.80","1188.95","1229.00","1175.25","67.23K","+3.27%"
"05/13/2022","1186.00","1151.60","1200.00","1150.00","64.14K","+3.53%"
"05/12/2022","1145.55","1141.10","1167.85","1132.85","294.00K","+0.39%"
"05/11/2022","1141.10","1183.10","1200.00","1095.00","168.45K","-3.17%"
"05/10/2022","1178.45","1167.70","1192.00","1155.80","540.05K","+0.00%"
"05/09/2022","1178.40","1257.00","1267.55","1155.00","267.21K","-5.02%"
"05/06/2022","1240.65","1223.65","1250.00","1195.00","123.69K","+0.42%"
"05/05/2022","1235.40","1225.95","1250.00","1205.50","195.06K","+2.45%"
"05/04/2022","1205.90","1238.10","1250.00","1192.10","96.91K","-2.09%"
"05/02/2022","1231.65","1215.00","1248.00","1186.65","160.46K","+1.02%"
"04/29/2022","1219.25","1252.45","1278.00","1202.00","408.25K","-1.95%"
"04/28/2022","1243.50","1248.00","1260.00","1215.00","211.88K","+0.36%"
"04/27/2022","1239.05","1176.00","1266.00","1176.00","1.18M","+6.54%"
"04/26/2022","1162.95","1135.80","1171.00","1135.80","1.43M","+3.28%"
"04/25/2022","1126.00","1175.00","1183.70","1085.75","202.16K","-4.38%"
"04/22/2022","1177.55","1170.90","1213.00","1169.65","73.04K","-0.35%"
"04/21/2022","1181.65","1159.65","1189.95","1157.85","33.77K","+1.90%"
"04/20/2022","1159.65","1156.00","1169.05","1150.65","33.08K","+0.78%"
"04/19/2022","1150.65","1155.00","1186.00","1124.55","169.44K","-0.21%"
"04/18/2022","1153.10","1145.00","1170.00","1135.00","96.69K","+0.51%"
"04/13/2022","1147.30","1162.00","1174.95","1138.00","285.58K","-1.77%"
"04/12/2022","1168.00","1200.00","1200.00","1165.00","50.52K","-2.89%"
"04/11/2022","1202.70","1208.00","1228.00","1190.00","93.17K","-0.37%"
"04/08/2022","1207.15","1191.00","1220.65","1162.50","217.78K","+2.80%"
"04/07/2022","1174.25","1165.00","1199.10","1159.10","77.58K","+1.32%"
"04/06/2022","1158.90","1185.00","1197.00","1137.50","303.33K","-2.18%"
"04/05/2022","1184.70","1162.00","1248.00","1155.20","327.30K","+2.22%"
"04/04/2022","1159.00","1131.90","1163.00","1129.30","157.06K","+3.74%"
"04/01/2022","1117.20","1085.50","1126.70","1085.50","201.62K","+2.05%"
"03/31/2022","1094.80","1110.85","1120.95","1081.00","175.40K","-0.64%"
"03/30/2022","1101.85","1129.00","1149.10","1097.05","263.94K","-0.55%"
"03/29/2022","1107.95","1141.00","1141.00","1047.20","631.87K","-1.41%"
"03/28/2022","1123.80","1195.50","1199.55","1115.00","492.63K","-5.50%"
"03/25/2022","1189.20","1195.00","1208.00","1175.00","113.51K","-0.80%"
"03/24/2022","1198.85","1172.30","1235.00","1172.30","212.21K","+1.48%"
"03/23/2022","1181.35","1150.00","1209.00","1150.00","234.86K","+3.10%"
"03/22/2022","1145.85","1168.40","1178.90","1140.00","130.84K","-1.93%"
"03/21/2022","1168.40","1198.95","1204.40","1160.00","42.09K","-1.82%"
"03/17/2022","1190.10","1239.50","1246.95","1163.45","143.19K","-1.49%"
"03/16/2022","1208.05","1225.00","1262.20","1197.00","159.31K","+0.82%"
"03/15/2022","1198.25","1172.40","1210.00","1157.15","59.78K","+2.74%"
"03/14/2022","1166.25","1170.00","1193.50","1150.00","71.13K","-0.80%"
"03/11/2022","1175.60","1190.00","1199.75","1155.75","71.01K","-0.86%"
"03/10/2022","1185.85","1188.00","1218.50","1180.00","60.59K","+3.87%"
"03/09/2022","1141.70","1116.95","1151.00","1116.20","150.56K","+2.75%"
"03/08/2022","1111.15","1129.00","1155.55","1104.20","129.62K","-2.05%"
"03/07/2022","1134.35","1160.00","1168.00","1083.05","202.78K","-3.28%"
"03/04/2022","1172.85","1207.90","1230.00","1162.05","193.58K","-3.13%"
"03/03/2022","1210.70","1279.40","1286.30","1201.00","112.26K","-4.60%"
"03/02/2022","1269.10","1308.25","1328.75","1265.00","125.64K","-3.73%"
"02/28/2022","1318.25","1320.00","1353.00","1275.00","308.45K","-2.50%"
"02/25/2022","1352.05","1395.00","1395.00","1340.00","56.07K","-0.18%"
"02/24/2022","1354.55","1338.00","1398.00","1317.55","38.77K","-0.39%"
"02/23/2022","1359.85","1371.40","1394.80","1350.05","31.00K","-0.32%"
"02/22/2022","1364.20","1358.00","1369.90","1343.95","42.38K","-2.25%"
"02/21/2022","1395.60","1380.00","1427.55","1343.05","48.56K","+0.48%"
"02/18/2022","1388.95","1374.80","1408.05","1373.05","18.81K","+0.09%"
"02/17/2022","1387.70","1405.00","1419.75","1380.20","25.56K","-1.80%"
"02/16/2022","1413.20","1409.70","1448.90","1398.15","191.31K","+3.09%"
"02/15/2022","1370.90","1377.70","1385.00","1315.70","268.71K","-1.40%"
"02/14/2022","1390.30","1423.00","1426.95","1340.00","120.07K","-2.33%"
"02/11/2022","1423.40","1455.00","1462.40","1415.10","72.75K","-2.94%"
"02/10/2022","1466.50","1465.00","1484.05","1423.80","89.59K","+0.30%"
"02/09/2022","1462.15","1472.00","1480.00","1421.10","567.08K","-5.44%"
"02/08/2022","1546.25","1577.90","1584.05","1525.00","73.16K","-1.74%"
"02/07/2022","1573.70","1591.70","1599.95","1570.00","12.33K","-0.78%"
"02/04/2022","1586.00","1600.00","1609.65","1580.00","19.02K","-0.52%"
"02/03/2022","1594.25","1629.35","1637.50","1586.00","28.69K","-2.15%"
"02/02/2022","1629.35","1631.00","1648.30","1620.00","24.88K","-0.67%"
"02/01/2022","1640.30","1624.70","1659.70","1611.75","68.56K","+2.37%"
"01/31/2022","1602.35","1590.80","1619.35","1576.40","23.84K","+1.25%"
"01/28/2022","1582.50","1567.00","1605.45","1565.00","186.67K","+0.50%"
"01/27/2022","1574.55","1629.00","1630.00","1565.00","53.48K","-3.50%"
"01/25/2022","1631.65","1646.00","1662.00","1610.00","148.44K","-3.00%"
"01/24/2022","1682.10","1651.00","1722.00","1591.05","107.55K","+0.60%"
"01/21/2022","1672.15","1668.80","1681.00","1630.00","58.61K","-0.71%"
"01/20/2022","1684.10","1694.90","1714.55","1669.60","21.57K","+0.62%"
"01/19/2022","1673.75","1674.25","1702.80","1645.00","21.84K","+0.14%"
"01/18/2022","1671.35","1709.50","1718.95","1660.60","24.01K","-1.98%"
"01/17/2022","1705.05","1714.00","1736.15","1685.00","79.42K","+0.19%"
"01/14/2022","1701.80","1687.45","1705.50","1680.05","30.30K","+1.35%"
"01/13/2022","1679.10","1680.00","1700.00","1670.55","122.72K","-0.33%"
"01/12/2022","1684.60","1688.00","1697.10","1671.10","17.17K","-0.21%"
"01/11/2022","1688.20","1700.00","1708.00","1679.00","24.93K","-0.18%"
"01/10/2022","1691.25","1700.00","1710.00","1684.00","22.38K","-0.29%"
"01/07/2022","1696.15","1700.00","1708.00","1685.00","28.91K","-0.94%"
"01/06/2022","1712.30","1697.70","1721.70","1667.50","58.56K","-0.06%"
"01/05/2022","1713.30","1705.00","1727.00","1672.60","55.59K","+0.24%"
"01/04/2022","1709.20","1707.05","1724.00","1690.00","61.27K","+0.63%"
"01/03/2022","1698.55","1680.00","1710.00","1678.00","53.55K","+0.28%"
"12/31/2021","1693.75","1670.50","1710.00","1655.50","39.66K","+1.92%"
"12/30/2021","1661.80","1668.00","1699.00","1620.00","96.78K","-0.16%"
"12/29/2021","1664.50","1640.00","1671.35","1628.00","39.51K","+2.43%"
"12/28/2021","1625.00","1586.80","1630.00","1581.00","39.24K","+2.92%"
"12/27/2021","1578.90","1604.15","1604.15","1567.55","40.72K","-1.57%"
"12/24/2021","1604.15","1632.65","1634.00","1591.45","22.56K","-1.25%"
"12/23/2021","1624.50","1631.10","1642.50","1616.00","23.24K","+0.12%"
"12/22/2021","1622.60","1590.00","1629.90","1590.00","27.45K","+1.51%"
"12/21/2021","1598.40","1635.00","1649.65","1585.30","34.81K","-2.09%"
"12/20/2021","1632.45","1640.00","1658.25","1607.20","81.83K","-3.17%"
"12/17/2021","1685.90","1692.85","1698.90","1645.05","38.29K","-0.62%"
"12/16/2021","1696.35","1697.00","1709.95","1653.50","36.63K","+0.42%"
"12/15/2021","1689.25","1705.00","1720.00","1679.00","37.34K","-1.50%"
"12/14/2021","1715.05","1720.00","1762.55","1705.05","33.17K","-1.31%"
"12/13/2021","1737.85","1825.00","1828.45","1725.00","87.71K","-2.87%"
"12/10/2021","1789.20","1801.40","1803.95","1779.75","28.68K","-0.18%"
"12/09/2021","1792.40","1770.00","1806.40","1747.10","222.28K","+1.37%"
"12/08/2021","1768.25","1750.00","1815.00","1749.95","228.25K","+1.04%"
"12/07/2021","1750.10","1745.00","1760.00","1716.00","76.60K","-0.10%"
"12/06/2021","1751.90","1734.35","1765.00","1710.00","41.50K","+1.13%"
"12/03/2021","1732.30","1725.30","1742.00","1689.00","94.03K","+0.41%"
"12/02/2021","1725.30","1704.95","1744.75","1674.05","67.14K","+2.06%"
"12/01/2021","1690.55","1676.60","1748.60","1607.10","66.93K","+1.36%"
"11/30/2021","1667.80","1665.00","1791.40","1631.00","242.28K","-0.54%"
"11/29/2021","1676.80","1653.20","1686.20","1588.85","51.47K","-0.63%"
"11/26/2021","1687.40","1720.00","1735.60","1673.55","140.88K","-2.48%"
"11/25/2021","1730.25","1729.55","1740.95","1705.00","120.11K","-0.24%"
"11/24/2021","1734.45","1722.90","1769.95","1698.60","195.10K","+1.02%"
"11/23/2021","1717.00","1645.00","1722.55","1638.30","65.99K","+3.42%"
"11/22/2021","1660.25","1758.20","1759.70","1636.00","139.19K","-5.19%"
"11/18/2021","1751.15","1759.25","1778.00","1732.10","178.31K","-0.19%"
"11/17/2021","1754.40","1700.00","1805.50","1697.70","150.92K","+3.08%"
"11/16/2021","1701.95","1782.25","1800.60","1685.05","249.52K","-5.48%"
"11/15/2021","1800.60","1764.00","1820.00","1762.00","81.09K","-0.89%"
"11/12/2021","1816.75","1865.00","1872.95","1810.00","259.05K","-5.20%"
"11/11/2021","1916.45","1861.10","1938.00","1851.05","71.55K","+2.63%"
"11/10/2021","1867.40","1849.00","1877.95","1841.00","21.39K","+0.72%"
"11/09/2021","1854.05","1884.00","1895.00","1846.65","45.27K","-0.13%"
"11/08/2021","1856.50","1945.00","1989.00","1842.00","143.59K","-2.42%"
"11/04/2021","1902.50","1890.00","1908.30","1875.25","41.96K","+2.40%"
"11/03/2021","1858.00","1877.00","1877.00","1844.95","27.48K","+1.15%"
"11/02/2021","1836.85","1835.00","1885.00","1826.50","59.93K","-0.59%"
"11/01/2021","1847.80","1820.75","1882.35","1817.00","54.69K","+1.49%"
"10/29/2021","1820.75","1825.00","1834.95","1755.00","28.27K","+0.26%"
"10/28/2021","1816.05","1834.95","1834.95","1771.00","37.91K","-0.67%"
"10/27/2021","1828.30","1786.00","1849.00","1786.00","62.41K","+2.39%"
"10/26/2021","1785.55","1747.85","1845.00","1725.35","124.38K","+2.41%"
"10/25/2021","1743.60","1766.80","1766.80","1680.70","56.96K","-0.65%"
"10/22/2021","1755.05","1763.00","1784.95","1715.00","182.23K","-2.56%"
"10/21/2021","1801.20","1651.00","1855.00","1651.00","121.33K","+7.82%"
"10/20/2021","1670.55","1702.20","1734.90","1635.40","101.71K","-2.87%"
"10/19/2021","1719.95","1823.00","1823.00","1712.00","82.63K","-5.47%"
"10/18/2021","1819.50","1837.90","1847.75","1805.35","103.38K","-1.08%"
"10/14/2021","1839.40","1865.00","1888.00","1822.60","123.71K","-1.37%"
"10/13/2021","1865.00","1800.00","1887.00","1762.30","512.16K","+4.06%"
"10/12/2021","1792.25","1666.20","1820.00","1655.60","480.68K","+7.57%"
"10/11/2021","1666.20","1649.00","1675.00","1637.00","143.70K","+2.46%"
"10/08/2021","1626.20","1620.00","1645.00","1610.05","46.43K","+1.29%"
"10/07/2021","1605.45","1609.00","1649.00","1593.00","81.33K","-0.21%"
"10/06/2021","1608.85","1611.90","1630.00","1586.00","61.43K","+0.58%"
"10/05/2021","1599.55","1579.00","1609.90","1575.00","38.54K","+1.53%"
"10/04/2021","1575.50","1574.00","1589.90","1564.00","22.73K","+0.71%"
"10/01/2021","1564.45","1578.60","1589.75","1550.05","81.41K","-1.26%"
"09/30/2021","1584.45","1610.00","1614.75","1578.60","151.61K","-1.04%"
"09/29/2021","1601.15","1592.00","1619.05","1570.00","118.92K","+0.56%"
"09/28/2021","1592.30","1599.50","1609.90","1578.05","58.67K","+0.03%"
"09/27/2021","1591.85","1574.00","1594.90","1562.10","45.28K","+2.10%"
"09/24/2021","1559.05","1570.60","1595.00","1554.10","160.79K","-0.21%"
"09/23/2021","1562.40","1608.00","1624.00","1551.00","157.15K","-2.41%"
"09/22/2021","1601.00","1610.00","1615.95","1579.95","19.51K","-0.45%"
"09/21/2021","1608.20","1560.90","1615.00","1540.00","50.29K","+3.03%"
"09/20/2021","1560.90","1596.85","1613.70","1540.00","139.05K","-1.76%"
"09/17/2021","1588.90","1630.00","1636.95","1577.05","80.19K","-2.22%"
"09/16/2021","1624.90","1620.00","1629.00","1606.00","99.10K","+1.19%"
"09/15/2021","1605.75","1607.70","1613.90","1595.00","88.84K","+0.86%"
"09/14/2021","1592.05","1612.00","1645.25","1583.00","122.06K","-0.78%"
"09/13/2021","1604.50","1605.00","1608.75","1585.05","38.47K","+0.35%"
"09/09/2021","1598.90","1607.00","1607.00","1583.00","29.51K","-0.15%"
"09/08/2021","1601.35","1613.00","1619.90","1590.00","43.28K","+0.19%"
"09/07/2021","1598.35","1594.95","1619.00","1585.00","51.72K","+0.62%"
"09/06/2021","1588.50","1613.50","1632.00","1577.95","84.45K","-1.46%"
"09/03/2021","1612.10","1653.00","1655.50","1606.00","69.13K","-1.66%"
"09/02/2021","1639.30","1697.90","1702.90","1620.00","141.88K","-2.97%"
"09/01/2021","1689.45","1669.00","1703.10","1662.05","65.04K","+1.60%"
"08/31/2021","1662.85","1684.95","1702.95","1649.05","53.83K","-0.85%"
"08/30/2021","1677.15","1720.00","1720.00","1665.00","40.77K","-1.27%"
"08/27/2021","1698.70","1750.00","1750.00","1684.10","99.63K","+0.43%"
"08/26/2021","1691.50","1656.10","1717.00","1626.00","52.47K","+2.68%"
"08/25/2021","1647.40","1629.00","1658.00","1623.80","160.75K","+1.72%"
"08/24/2021","1619.50","1607.00","1654.15","1591.10","75.06K","+1.49%"
"08/23/2021","1595.70","1592.90","1608.40","1569.80","105.12K","+0.18%"
"08/20/2021","1592.90","1590.00","1617.45","1563.95","136.34K","-0.02%"
"08/18/2021","1593.15","1608.20","1613.00","1580.30","195.46K","-1.30%"
"08/17/2021","1614.10","1619.00","1626.95","1597.05","300.48K","-0.30%"
"08/16/2021","1618.95","1685.00","1687.00","1616.00","81.47K","-2.54%"
"08/13/2021","1661.20","1724.10","1729.90","1653.00","74.44K","-3.22%"
"08/12/2021","1716.40","1705.00","1750.00","1675.75","187.17K","+0.59%"
"08/11/2021","1706.40","1719.00","1749.60","1635.00","86.46K","+0.39%"
"08/10/2021","1699.85","1721.80","1775.00","1690.10","206.93K","-0.65%"
"08/09/2021","1710.95","1759.80","1798.30","1702.50","72.03K","-2.39%"
"08/06/2021","1752.80","1750.00","1761.90","1741.00","41.41K","+0.08%"
"08/05/2021","1751.35","1748.00","1765.90","1720.05","28.16K","-0.01%"
"08/04/2021","1751.60","1753.00","1758.70","1743.00","27.55K","+0.10%"
"08/03/2021","1749.85","1765.00","1775.00","1744.00","81.01K","-0.32%"
"08/02/2021","1755.50","1809.50","1829.95","1735.00","206.03K","+1.36%"
"07/30/2021","1732.00","1681.70","1750.00","1675.35","178.91K","+2.98%"
"07/29/2021","1681.85","1673.90","1686.00","1652.50","67.95K","+1.15%"
"07/28/2021","1662.70","1649.90","1667.95","1629.40","32.72K","+1.21%"
"07/27/2021","1642.85","1670.00","1695.00","1625.00","59.72K","-0.79%"
"07/26/2021","1656.00","1666.00","1697.50","1648.00","87.19K","-0.09%"
"07/23/2021","1657.50","1645.00","1662.75","1627.70","133.92K","+1.41%"
"07/22/2021","1634.50","1640.00","1656.35","1620.00","136.71K","+1.11%"
"07/20/2021","1616.55","1625.00","1638.05","1591.20","116.13K","-0.51%"
"07/19/2021","1624.80","1648.00","1664.50","1613.00","58.60K","-1.41%"
"07/16/2021","1648.00","1630.00","1665.30","1613.40","60.16K","+1.76%"
"07/15/2021","1619.55","1672.00","1672.00","1611.00","88.73K","-1.73%"
"07/14/2021","1648.00","1626.00","1672.85","1621.90","114.59K","+1.78%"
"07/13/2021","1619.10","1610.00","1627.00","1584.25","67.75K","+1.49%"
"07/12/2021","1595.35","1633.00","1649.90","1561.35","172.13K","-1.09%"
"07/09/2021","1612.90","1624.25","1627.45","1601.50","124.80K","-0.24%"
"07/08/2021","1616.70","1645.70","1662.05","1592.80","71.39K","-1.24%"
"07/07/2021","1637.05","1645.35","1657.90","1629.95","50.62K","+0.12%"
"07/06/2021","1635.05","1633.95","1653.85","1621.00","73.25K","+0.67%"
"07/05/2021","1624.20","1668.00","1674.40","1610.00","80.48K","-1.93%"
"07/02/2021","1656.15","1658.00","1691.70","1645.00","71.36K","+0.34%"
"07/01/2021","1650.55","1636.85","1715.55","1632.00","383.67K","+1.56%"
"06/30/2021","1625.25","1604.35","1648.00","1584.50","212.37K","+2.00%"
"06/29/2021","1593.35","1597.80","1605.00","1545.30","176.83K","-0.41%"
"06/28/2021","1599.90","1550.00","1624.45","1545.10","252.13K","+3.22%"
"06/25/2021","1550.00","1533.90","1567.60","1525.05","76.93K","+1.05%"
"06/24/2021","1533.90","1542.00","1548.00","1515.00","63.43K","-0.12%"
"06/23/2021","1535.75","1547.00","1554.00","1524.95","87.07K","-0.05%"
"06/22/2021","1536.45","1576.00","1585.00","1530.00","44.76K","-2.33%"
"06/21/2021","1573.15","1568.90","1586.35","1547.15","68.49K","+0.10%"
"06/18/2021","1571.50","1589.70","1591.15","1530.30","111.16K","-0.18%"
"06/17/2021","1574.35","1570.80","1604.70","1545.00","129.66K","+0.23%"
"06/16/2021","1570.80","1570.00","1605.00","1530.00","109.30K","+0.27%"
"06/15/2021","1566.50","1600.00","1617.00","1555.20","231.42K","-0.72%"
"06/14/2021","1577.90","1497.25","1594.65","1480.50","235.17K","+5.39%"
"06/11/2021","1497.25","1498.00","1505.00","1478.00","35.64K","-0.11%"
"06/10/2021","1498.90","1494.00","1504.00","1483.25","90.11K","+0.63%"
"06/09/2021","1489.50","1509.00","1509.00","1480.00","61.47K","-0.97%"
"06/08/2021","1504.15","1522.85","1522.85","1481.00","97.60K","-0.14%"
"06/07/2021","1506.25","1517.00","1525.00","1490.45","66.71K","+0.53%"
"06/04/2021","1498.35","1515.45","1541.15","1486.00","99.76K","-0.22%"
"06/03/2021","1501.70","1484.15","1525.00","1472.50","67.36K","+1.18%"
"06/02/2021","1484.15","1492.90","1492.90","1470.95","23.54K","-0.59%"
"06/01/2021","1492.90","1524.00","1524.00","1462.00","117.15K","+0.03%"
"05/31/2021","1492.50","1500.00","1525.00","1455.45","116.66K","+0.12%"
"05/28/2021","1490.75","1504.00","1505.85","1476.30","95.94K","-0.22%"
"05/27/2021","1494.00","1511.00","1538.65","1465.00","329.09K","+0.09%"
"05/26/2021","1492.65","1440.00","1500.00","1430.00","231.65K","+4.65%"
"05/25/2021","1426.35","1435.80","1458.00","1401.70","120.42K","-0.66%"
"05/24/2021","1435.80","1402.05","1449.00","1386.85","259.82K","+2.70%"
"05/21/2021","1398.00","1405.00","1420.00","1385.00","182.91K","-0.06%"
"05/20/2021","1398.80","1390.00","1429.30","1374.65","331.55K","+3.03%"
"05/19/2021","1357.70","1346.30","1367.00","1333.00","97.44K","+1.53%"
"05/18/2021","1337.20","1316.00","1360.00","1310.40","192.60K","+1.67%"
"05/17/2021","1315.30","1299.00","1324.95","1292.90","90.73K","+1.20%"
"05/14/2021","1299.75","1323.90","1330.00","1280.00","168.78K","-0.61%"
"05/12/2021","1307.75","1330.00","1352.00","1285.50","85.10K","-1.45%"
"05/11/2021","1327.05","1315.00","1353.90","1307.25","166.01K","+0.15%"
"05/10/2021","1325.05","1356.35","1356.35","1314.00","165.56K","-1.33%"
"05/07/2021","1342.85","1359.00","1365.00","1325.00","70.57K","-0.48%"
"05/06/2021","1349.30","1315.00","1377.40","1293.30","85.51K","+3.47%"
"05/05/2021","1304.10","1326.00","1326.00","1292.75","190.28K","-0.38%"
"05/04/2021","1309.05","1344.95","1345.00","1290.95","126.90K","-1.33%"
"05/03/2021","1326.65","1296.75","1331.85","1282.45","55.55K","+2.65%"
"04/30/2021","1292.45","1285.70","1320.00","1275.25","150.18K","-0.39%"
"04/29/2021","1297.45","1309.90","1325.05","1291.00","200.10K","-0.57%"
"04/28/2021","1304.95","1310.00","1338.05","1286.00","247.28K","+0.97%"
"04/27/2021","1292.35","1289.75","1312.90","1270.10","74.37K","+1.08%"
"04/26/2021","1278.60","1284.35","1292.35","1270.10","115.79K","+0.37%"
"04/23/2021","1273.85","1286.35","1287.00","1261.00","191.99K","-0.67%"
"04/22/2021","1282.50","1270.00","1294.90","1264.20","114.42K","-0.46%"
"04/20/2021","1288.45","1296.35","1301.00","1275.90","249.14K","+0.19%"
"04/19/2021","1286.05","1300.00","1300.00","1250.50","166.43K","-2.55%"
"04/16/2021","1319.75","1305.70","1344.95","1282.10","131.52K","+1.99%"
"04/15/2021","1294.05","1298.00","1313.35","1249.40","169.48K","-0.37%"
"04/13/2021","1298.80","1286.05","1314.00","1273.35","42.24K","+0.28%"
"04/12/2021","1295.20","1363.00","1369.95","1280.05","367.65K","-5.70%"
"04/09/2021","1373.50","1399.30","1403.90","1365.00","228.36K","-1.06%"
"04/08/2021","1388.15","1395.25","1405.00","1370.25","339.49K","+0.86%"
"04/07/2021","1376.25","1360.05","1396.00","1360.05","125.09K","+0.40%"
"04/06/2021","1370.80","1399.00","1399.00","1360.85","212.30K","-1.10%"
"04/05/2021","1386.10","1458.00","1458.00","1380.00","81.91K","-3.79%"
"04/01/2021","1440.75","1452.35","1465.10","1425.30","68.25K","-1.06%"
"03/31/2021","1456.15","1445.00","1472.35","1410.85","215.10K","-0.55%"
"03/30/2021","1464.15","1457.00","1480.00","1428.05","110.60K","+1.50%"
"03/26/2021","1442.45","1410.00","1454.40","1375.00","106.40K","+3.71%"
"03/25/2021","1390.80","1465.00","1465.00","1375.00","142.92K","-3.78%"
"03/24/2021","1445.40","1415.85","1489.00","1415.25","112.09K","-0.48%"
"03/23/2021","1452.35","1481.00","1500.00","1438.00","149.75K","-2.48%"
"03/22/2021","1489.25","1410.00","1519.95","1395.05","184.89K","+5.06%"
"03/19/2021","1417.55","1392.00","1425.20","1370.75","54.52K","-0.10%"
"03/18/2021","1418.90","1390.50","1427.55","1390.50","101.58K","+2.16%"
"03/17/2021","1388.95","1410.00","1410.00","1380.00","57.20K","-0.63%"
"03/16/2021","1397.75","1423.35","1423.35","1386.35","95.67K","-0.95%"
"03/15/2021","1411.10","1420.00","1427.00","1378.65","43.94K","+0.23%"
"03/12/2021","1407.80","1420.00","1420.00","1395.25","152.77K","+0.52%"
"03/10/2021","1400.55","1393.00","1405.00","1387.30","27.94K","+0.65%"
"03/09/2021","1391.50","1400.00","1407.45","1378.00","53.14K","+0.52%"
"03/08/2021","1384.35","1424.95","1431.30","1377.00","266.69K","-1.48%"
"03/05/2021","1405.10","1403.50","1412.00","1378.00","64.21K","+1.29%"
"03/04/2021","1387.15","1392.00","1405.00","1374.05","121.28K","-0.39%"
"03/03/2021","1392.65","1405.00","1415.35","1378.70","105.58K","-1.01%"
"03/02/2021","1406.80","1415.00","1420.00","1385.50","56.15K","+0.14%"
"03/01/2021","1404.85","1450.00","1478.00","1400.00","81.48K","-2.59%"
"02/26/2021","1442.15","1403.95","1450.00","1387.10","80.64K","+0.20%"
"02/25/2021","1439.20","1424.50","1450.00","1356.95","119.49K","+1.61%"
"02/24/2021","1416.35","1368.00","1424.50","1364.35","63.59K","+3.78%"
"02/23/2021","1364.80","1364.00","1384.00","1325.00","138.29K","-0.01%"
"02/22/2021","1364.90","1400.00","1414.00","1351.50","161.01K","-2.19%"
"02/19/2021","1395.45","1406.40","1438.25","1381.50","102.31K","-0.78%"
"02/18/2021","1406.40","1441.00","1478.00","1398.00","240.04K","-2.40%"
"02/17/2021","1440.95","1474.00","1478.85","1425.25","155.64K","-2.08%"
"02/16/2021","1471.50","1505.00","1508.85","1461.00","65.86K","-1.98%"
"02/15/2021","1501.30","1478.65","1506.65","1476.05","73.16K","+1.53%"
"02/12/2021","1478.65","1491.90","1510.00","1470.00","89.97K","-0.34%"
"02/11/2021","1483.75","1482.30","1495.00","1461.95","161.80K","+0.05%"
"02/10/2021","1482.95","1485.00","1492.00","1460.00","143.81K","+0.87%"
"02/09/2021","1470.15","1483.50","1483.50","1456.35","69.28K","-0.05%"
"02/08/2021","1470.90","1480.00","1486.95","1455.00","70.74K","+0.13%"
"02/05/2021","1469.00","1454.05","1488.95","1446.50","173.02K","+1.53%"
"02/04/2021","1446.80","1444.40","1470.00","1390.00","250.52K","+1.03%"
"02/03/2021","1432.05","1384.75","1443.95","1363.75","113.14K","+4.70%"
"02/02/2021","1367.70","1382.45","1399.75","1356.85","158.99K","-1.57%"
"02/01/2021","1389.45","1389.00","1413.55","1370.00","85.88K","+0.35%"
"01/29/2021","1384.65","1409.00","1418.00","1350.00","113.63K","-0.38%"
"01/28/2021","1389.90","1375.20","1402.95","1358.00","39.30K","-0.01%"
"01/27/2021","1390.10","1377.00","1409.95","1370.85","71.89K","-0.08%"
"01/25/2021","1391.20","1415.00","1415.00","1377.80","76.25K","-1.30%"
"01/22/2021","1409.55","1365.00","1417.00","1352.65","392.09K","+3.48%"
"01/21/2021","1362.20","1364.05","1375.00","1340.00","139.16K","+0.97%"
"01/20/2021","1349.05","1320.00","1356.00","1320.00","270.96K","+2.22%"
"01/19/2021","1319.75","1314.90","1333.00","1300.35","73.48K","+0.98%"
"01/18/2021","1306.95","1325.00","1345.00","1289.15","49.11K","-0.81%"
"01/15/2021","1317.65","1334.60","1352.00","1310.00","168.54K","-0.61%"
"01/14/2021","1325.75","1364.70","1372.30","1314.40","129.91K","-2.37%"
"01/13/2021","1357.90","1363.00","1410.00","1351.40","159.43K","-0.81%"
"01/12/2021","1369.00","1392.00","1418.40","1340.60","134.00K","-2.43%"
"01/11/2021","1403.15","1427.00","1431.40","1380.00","112.84K","-0.60%"
"01/08/2021","1411.65","1436.10","1453.15","1392.00","222.33K","-2.20%"
"01/07/2021","1443.40","1442.00","1465.00","1416.85","235.20K","+0.24%"
"01/06/2021","1439.95","1415.00","1450.00","1414.00","173.92K","+1.57%"
"01/05/2021","1417.75","1428.00","1436.80","1371.30","312.53K","-0.57%"
"01/04/2021","1425.85","1366.85","1450.00","1330.00","311.87K","+5.64%"
"01/01/2021","1349.75","1356.50","1370.35","1330.80","87.90K","+0.10%"
"12/31/2020","1348.35","1349.90","1350.00","1320.00","66.25K","+0.27%"
"12/30/2020","1344.70","1307.00","1350.00","1283.20","256.95K","+2.95%"
"12/29/2020","1306.15","1272.00","1324.95","1260.40","477.22K","+3.20%"
"12/28/2020","1265.70","1260.00","1273.00","1247.00","140.40K","+2.02%"
"12/24/2020","1240.60","1189.00","1250.00","1183.50","310.86K","+4.85%"
"12/23/2020","1183.20","1177.20","1199.00","1168.05","165.18K","+1.02%"
"12/22/2020","1171.30","1131.00","1175.00","1125.25","122.49K","+0.48%"
"12/21/2020","1165.70","1206.00","1208.75","1140.00","159.39K","-3.01%"
"12/18/2020","1201.90","1228.00","1235.00","1191.25","219.98K","-0.63%"
"12/17/2020","1209.55","1170.00","1234.90","1160.05","710.68K","+3.36%"
"12/16/2020","1170.25","1160.00","1175.00","1152.10","71.90K","+0.83%"
"12/15/2020","1160.65","1166.65","1166.65","1148.00","287.68K","-0.02%"
"12/14/2020","1160.85","1169.05","1178.80","1150.50","178.90K","-0.20%"
"12/11/2020","1163.20","1161.25","1172.55","1150.00","85.72K","+0.57%"
"12/10/2020","1156.60","1170.00","1174.90","1150.00","73.28K","-1.13%"
"12/09/2020","1169.85","1165.00","1181.90","1156.00","86.22K","+0.15%"
"12/08/2020","1168.10","1160.00","1185.00","1156.00","312.32K","+0.56%"
"12/07/2020","1161.65","1168.55","1191.95","1156.50","456.24K","-0.59%"
"12/04/2020","1168.55","1200.00","1215.00","1161.00","314.97K","-1.65%"
"12/03/2020","1188.20","1150.00","1204.00","1136.60","272.40K","+4.48%"
"12/02/2020","1137.30","1151.65","1151.65","1122.25","46.97K","-0.32%"
"12/01/2020","1141.00","1158.90","1164.95","1107.35","158.28K","-1.38%"
"11/27/2020","1157.00","1128.95","1159.80","1125.10","217.55K","+2.78%"
"11/26/2020","1125.75","1131.60","1136.05","1093.20","172.36K","-0.52%"
"11/25/2020","1131.60","1140.00","1142.15","1121.00","41.04K","-0.33%"
"11/24/2020","1135.35","1165.00","1173.65","1120.70","79.56K","-2.36%"
"11/23/2020","1162.80","1098.00","1171.00","1091.80","291.11K","+7.24%"
"11/20/2020","1084.30","1054.00","1099.00","1045.00","215.29K","+3.90%"
"11/19/2020","1043.55","1037.00","1056.95","1028.00","81.00K","+0.41%"
"11/18/2020","1039.30","1035.00","1042.60","1022.00","80.24K","+1.24%"
"11/17/2020","1026.55","1048.15","1049.90","1021.05","257.34K","-2.06%"
"11/14/2020","1048.15","1046.00","1058.00","1020.00","8.09K","+1.77%"
"11/13/2020","1029.95","1050.00","1050.00","1025.30","218.94K","-1.75%"
"11/12/2020","1048.25","1078.00","1078.05","1043.25","74.83K","-0.83%"
"11/11/2020","1057.05","1055.00","1072.00","1035.00","172.10K","+1.16%"
"11/10/2020","1044.95","1065.00","1065.00","1038.00","13.30K","-1.01%"
"11/09/2020","1055.65","1066.00","1068.00","1051.25","15.56K","+0.01%"
"11/06/2020","1055.55","1055.00","1069.00","1046.75","99.04K","+0.06%"
"11/05/2020","1054.90","1050.00","1063.90","1045.25","33.50K","+0.49%"
"11/04/2020","1049.80","1055.00","1068.90","1040.15","40.08K","-1.14%"
"11/03/2020","1061.90","1080.00","1084.85","1032.00","130.25K","-1.18%"
"11/02/2020","1074.60","1059.00","1079.00","1051.10","74.59K","+1.55%"
"10/30/2020","1058.20","1026.20","1063.00","1016.00","78.65K","+3.12%"
"10/29/2020","1026.20","1011.00","1034.40","996.00","48.16K","+1.18%"
"10/28/2020","1014.20","990.00","1020.60","989.95","99.73K","+2.46%"
"10/27/2020","989.85","1000.00","1007.20","974.95","139.34K","-1.28%"
"10/26/2020","1002.70","1046.95","1048.50","1000.00","91.61K","-3.46%"
"10/23/2020","1038.60","1024.00","1051.80","1015.55","128.04K","+2.97%"
"10/22/2020","1008.65","1063.30","1063.30","1000.10","149.54K","-5.14%"
"10/21/2020","1063.30","1074.00","1086.20","1047.00","199.13K","-0.83%"
"10/20/2020","1072.20","1067.95","1079.75","1058.00","55.76K","+0.90%"
"10/19/2020","1062.60","1090.15","1095.00","1055.05","24.36K","-2.04%"
"10/16/2020","1084.75","1108.85","1108.95","1080.10","19.74K","-1.69%"
"10/15/2020","1103.40","1110.00","1119.00","1090.00","72.87K","-0.62%"
"10/14/2020","1110.30","1080.00","1120.00","1075.00","118.53K","+1.65%"
"10/13/2020","1092.30","1117.00","1121.90","1075.00","48.30K","-1.43%"
"10/12/2020","1108.15","1092.00","1118.95","1069.10","34.50K","+2.63%"
"10/09/2020","1079.70","1073.00","1100.00","1062.50","61.88K","+0.20%"
"10/08/2020","1077.50","1108.30","1114.80","1071.50","42.65K","-1.35%"
"10/07/2020","1092.25","1140.00","1149.75","1070.00","50.39K","-3.86%"
"10/06/2020","1136.05","1139.95","1158.30","1129.00","55.21K","+0.00%"
"10/05/2020","1136.05","1152.15","1159.00","1125.00","27.04K","+0.23%"
"10/01/2020","1133.45","1174.95","1178.30","1120.00","324.30K","-1.64%"
"09/30/2020","1152.30","1113.90","1166.90","1107.65","93.24K","+3.87%"
"09/29/2020","1109.35","1090.00","1141.00","1080.00","74.69K","+2.08%"
"09/28/2020","1086.70","1068.15","1098.50","1053.00","40.76K","+2.25%"
"09/25/2020","1062.80","1059.95","1105.00","1041.55","166.55K","+0.47%"
"09/24/2020","1057.80","1061.40","1098.95","1032.00","33.78K","-0.33%"
"09/23/2020","1061.35","1082.10","1101.05","1055.00","83.35K","-1.71%"
"09/22/2020","1079.85","1084.00","1119.70","1025.00","107.62K","-0.63%"
"09/21/2020","1086.75","1150.05","1164.95","1077.95","31.69K","-5.03%"
"09/18/2020","1144.30","1130.00","1156.00","1125.15","104.96K","+0.55%"
"09/17/2020","1138.00","1121.00","1145.95","1110.00","36.31K","+1.51%"
"09/16/2020","1121.10","1140.00","1140.00","1111.00","85.06K","-0.74%"
"09/15/2020","1129.45","1152.90","1170.00","1115.15","85.82K","-1.48%"
"09/14/2020","1146.40","1095.00","1150.00","1070.05","121.74K","+6.06%"
"09/11/2020","1080.90","1090.00","1093.00","1058.15","28.09K","+0.25%"
"09/10/2020","1078.25","1060.05","1093.35","1060.05","45.74K","+0.65%"
"09/09/2020","1071.30","1079.00","1079.00","1031.50","73.50K","-0.83%"
"09/08/2020","1080.30","1058.30","1091.00","1045.25","100.42K","+2.39%"
"09/07/2020","1055.05","1062.00","1083.90","1051.00","29.11K","-0.62%"
"09/04/2020","1061.65","1060.00","1087.45","1045.35","36.70K","-1.16%"
"09/03/2020","1074.15","1094.00","1100.95","1060.15","37.65K","-0.97%"
"09/02/2020","1084.65","1068.00","1090.20","1019.95","71.88K","+2.16%"
"09/01/2020","1061.75","1099.50","1108.45","1048.00","80.48K","-3.41%"
"08/31/2020","1099.20","1132.05","1136.80","1088.00","132.08K","-2.41%"
"08/28/2020","1126.40","1110.00","1137.95","1095.05","96.31K","+2.79%"
"08/27/2020","1095.85","1164.95","1180.00","1085.20","325.54K","-5.42%"
"08/26/2020","1158.70","1090.00","1175.00","1083.00","790.57K","+8.50%"
"08/25/2020","1067.90","1070.00","1072.00","1053.95","106.83K","-0.84%"
"08/24/2020","1076.95","1044.00","1080.00","1035.00","142.74K","+3.52%"
"08/21/2020","1040.30","1060.00","1080.15","1015.90","124.39K","-0.99%"
"08/20/2020","1050.70","1046.95","1061.00","1023.60","43.57K","+0.36%"
"08/19/2020","1046.95","1022.00","1050.00","1022.00","35.97K","+2.49%"
"08/18/2020","1021.50","999.00","1040.00","995.00","141.06K","+3.24%"
"08/17/2020","989.45","960.25","997.00","955.20","60.46K","+3.04%"
"08/14/2020","960.25","960.00","968.00","930.45","47.50K","+0.40%"
"08/13/2020","956.45","998.00","1003.90","941.20","57.99K","-2.91%"
"08/12/2020","985.10","975.00","1005.00","970.00","192.97K","+0.21%"
"08/11/2020","983.00","974.95","994.40","968.00","50.27K","+1.74%"
"08/10/2020","966.15","966.95","999.00","960.00","47.27K","+0.81%"
"08/07/2020","958.40","954.00","966.05","948.20","44.17K","+0.60%"
"08/06/2020","952.65","947.95","974.90","942.00","105.84K","+1.15%"
"08/05/2020","941.85","924.25","950.50","905.00","49.60K","+1.93%"
"08/04/2020","924.05","935.00","944.95","912.00","32.84K","-0.02%"
"08/03/2020","924.20","906.00","939.90","905.00","101.38K","+2.06%"
"07/31/2020","905.55","921.10","924.90","898.00","40.92K","-1.23%"
"07/30/2020","916.85","940.00","964.40","907.00","92.02K","-1.57%"
"07/29/2020","931.50","890.00","950.00","890.00","81.04K","+4.89%"
"07/28/2020","888.05","893.00","900.00","884.00","91.45K","-0.34%"
"07/27/2020","891.10","891.95","894.85","881.15","42.43K","+0.45%"
"07/24/2020","887.15","884.00","894.80","874.15","21.88K","+0.31%"
"07/23/2020","884.45","873.70","889.90","867.00","37.63K","+1.23%"
"07/22/2020","873.70","887.10","891.90","869.00","27.65K","-1.42%"
"07/21/2020","886.30","885.00","900.35","872.00","239.97K","+0.33%"
"07/20/2020","883.40","900.00","903.05","867.95","191.92K","-0.64%"
"07/17/2020","889.05","884.00","915.00","874.00","100.68K","+1.97%"
"07/16/2020","871.90","890.00","897.95","864.55","60.48K","-1.97%"
"07/15/2020","889.45","896.00","904.95","871.00","89.28K","+0.62%"
"07/14/2020","884.00","915.00","924.90","880.10","129.52K","-3.20%"
"07/13/2020","913.25","934.00","945.30","903.05","86.86K","-1.83%"
"07/10/2020","930.25","897.00","942.00","882.00","92.37K","+3.71%"
"07/09/2020","897.00","906.00","923.60","882.00","39.08K","-1.33%"
"07/08/2020","909.10","935.00","946.90","901.00","103.63K","-2.29%"
"07/07/2020","930.45","914.00","938.55","904.80","110.69K","+2.70%"
"07/06/2020","906.00","892.00","916.45","880.95","139.65K","+3.25%"
"07/03/2020","877.45","868.95","879.80","865.00","53.34K","+1.96%"
"07/02/2020","860.60","879.00","885.05","856.20","85.67K","-1.87%"
"07/01/2020","877.00","870.75","884.80","870.75","53.16K","+0.72%"
"06/30/2020","870.75","880.00","889.15","864.75","46.00K","+0.37%"
"06/29/2020","867.55","880.00","894.85","846.05","119.66K","-3.16%"
"06/26/2020","895.90","917.00","924.60","890.00","242.85K","+1.08%"
"06/25/2020","886.30","900.00","935.00","872.60","240.42K","-2.11%"
"06/24/2020","905.45","907.80","950.00","890.00","331.46K","+1.21%"
"06/23/2020","894.65","878.95","900.00","861.95","265.74K","+4.50%"
"06/22/2020","856.10","854.95","862.15","826.25","78.51K","-0.02%"
"06/19/2020","856.30","897.00","902.00","835.40","185.77K","-3.19%"
"06/18/2020","884.55","851.40","899.00","841.55","164.43K","+3.89%"
"06/17/2020","851.40","865.00","869.95","847.10","85.94K","-1.34%"
"06/16/2020","862.95","847.00","879.90","842.10","87.07K","+2.41%"
"06/15/2020","842.65","823.00","850.00","814.30","208.15K","+2.56%"
"06/12/2020","821.60","825.10","833.95","793.85","125.84K","-3.48%"
"06/11/2020","851.25","843.95","890.00","831.90","265.07K","+1.48%"
"06/10/2020","838.80","840.00","844.40","828.20","75.84K","+1.74%"
"06/09/2020","824.45","818.85","844.30","810.00","100.38K","+1.72%"
"06/08/2020","810.50","814.40","863.55","807.00","173.09K","+0.48%"
"06/05/2020","806.60","785.00","814.55","785.00","82.94K","+2.60%"
"06/04/2020","786.15","807.95","808.90","775.00","70.77K","-2.03%"
"06/03/2020","802.40","769.35","847.90","765.00","231.82K","+5.32%"
"06/02/2020","761.90","760.00","779.00","740.00","111.12K","+0.28%"
"06/01/2020","759.75","730.00","794.00","727.05","278.32K","+4.64%"
"05/29/2020","726.05","671.50","734.00","671.50","487.56K","+7.75%"
"05/28/2020","673.85","664.00","681.95","650.80","176.46K","+2.46%"
"05/27/2020","657.70","652.00","658.95","635.00","64.56K","+0.67%"
"05/26/2020","653.35","649.00","658.00","644.85","57.72K","+0.86%"
"05/22/2020","647.80","625.80","649.90","619.25","149.38K","+2.83%"
"05/21/2020","629.95","627.90","638.00","625.05","120.41K","+0.05%"
"05/20/2020","629.65","614.00","634.00","605.45","57.60K","+2.55%"
"05/19/2020","614.00","633.90","640.05","601.20","162.40K","-2.38%"
"05/18/2020","628.95","648.75","665.60","618.15","208.18K","-3.51%"
"05/15/2020","651.85","643.95","663.00","633.30","190.83K","+1.47%"
"05/14/2020","642.40","640.05","646.70","636.35","203.10K","-1.16%"
"05/13/2020","649.95","656.50","658.40","625.10","724.83K","+3.94%"
"05/12/2020","625.30","636.00","639.65","617.70","151.08K","-1.51%"
"05/11/2020","634.90","618.00","637.80","610.00","646.01K","+3.62%"
"05/08/2020","612.70","619.40","619.40","606.00","79.75K","+0.84%"
"05/07/2020","607.60","612.05","616.55","605.10","38.91K","-0.34%"
"05/06/2020","609.65","618.65","618.65","601.00","186.72K","-0.29%"
"05/05/2020","611.40","643.70","643.70","608.00","124.17K","-0.93%"
"05/04/2020","617.15","668.00","668.00","611.00","189.71K","-8.86%"
"04/30/2020","677.15","675.05","685.00","658.00","420.92K","+2.91%"
"04/29/2020","658.00","623.50","662.80","615.60","492.71K","+4.68%"
"04/28/2020","628.60","624.00","634.40","603.35","237.57K","+1.98%"
"04/27/2020","616.40","586.85","628.95","586.10","1.03M","+5.42%"
"04/24/2020","584.70","582.00","591.90","571.95","695.80K","+0.14%"
"04/23/2020","583.90","586.10","596.00","573.10","663.70K","+0.95%"
"04/22/2020","578.40","599.90","599.90","564.50","1.48M","-3.94%"
"04/21/2020","602.10","590.00","612.00","575.00","301.58K","-0.11%"
"04/20/2020","602.75","640.00","640.00","590.00","809.22K","-0.10%"
"04/17/2020","603.35","609.00","620.00","589.40","365.33K","+1.29%"
"04/16/2020","595.65","604.65","604.95","584.75","73.81K","+0.07%"
"04/15/2020","595.25","605.00","605.00","586.70","255.71K","+0.86%"
"04/13/2020","590.15","598.00","598.00","575.55","298.04K","+0.49%"
"04/09/2020","587.25","599.90","611.10","578.45","160.24K","-0.86%"
"04/08/2020","592.35","589.00","603.35","582.00","26.20K","-0.35%"
"04/07/2020","594.45","586.00","620.00","586.00","26.78K","+0.38%"
"04/03/2020","592.20","590.00","606.90","575.50","73.23K","-0.47%"
"04/01/2020","595.00","617.00","617.00","581.75","35.26K","-1.01%"
"03/31/2020","601.10","633.85","635.40","578.75","119.00K","-3.52%"
"03/30/2020","623.00","637.10","645.00","569.50","133.42K","-2.66%"
"03/27/2020","640.05","663.05","664.95","636.90","72.44K","-3.18%"
"03/26/2020","661.10","656.00","685.30","636.00","61.81K","-0.25%"
"03/25/2020","662.75","742.00","742.00","630.45","33.23K","-0.85%"
"03/24/2020","668.40","660.00","698.60","660.00","113.89K","-0.33%"
"03/23/2020","670.60","655.15","700.00","627.15","40.81K","-8.28%"
"03/20/2020","731.15","707.00","740.00","701.00","47.56K","+3.36%"
"03/19/2020","707.35","700.00","727.00","640.00","51.55K","-0.37%"
"03/18/2020","710.00","725.00","798.00","680.00","63.60K","-1.56%"
"03/17/2020","721.25","744.00","786.35","700.00","59.20K","-4.83%"
"03/16/2020","757.85","789.70","790.00","747.00","56.79K","-5.85%"
"03/13/2020","804.90","755.50","849.50","755.50","66.59K","-7.67%"
"03/12/2020","871.80","915.00","930.10","817.05","98.77K","-7.04%"
"03/11/2020","937.80","946.60","965.55","925.00","26.99K","-2.96%"
"03/09/2020","966.45","999.95","999.95","950.65","16.16K","-5.25%"
"03/06/2020","1020.00","1000.00","1035.00","975.25","20.78K","-0.09%"
"03/05/2020","1020.90","998.90","1027.45","962.10","19.50K","+2.20%"
"03/04/2020","998.90","968.35","1000.00","949.15","34.42K","+2.40%"
"03/03/2020","975.50","962.00","1008.00","955.85","26.55K","+0.57%"
"03/02/2020","970.00","999.70","1000.00","960.00","42.90K","-1.17%"
"02/28/2020","981.50","951.00","1029.00","902.00","82.00K","-0.82%"
"02/27/2020","989.60","964.00","1010.05","945.10","62.41K","+1.57%"
"02/26/2020","974.35","993.55","999.00","960.00","22.20K","-1.88%"
"02/25/2020","993.00","1030.00","1034.20","985.05","39.21K","-3.36%"
"02/24/2020","1027.50","1049.45","1051.70","1015.00","17.93K","-2.09%"
"02/20/2020","1049.45","1045.00","1060.40","1045.00","8.18K","-1.03%"
"02/19/2020","1060.40","1045.35","1074.55","1041.00","10.11K","+1.11%"
"02/18/2020","1048.80","1050.60","1058.95","1030.00","18.98K","-0.37%"
"02/17/2020","1052.65","1067.25","1074.00","1050.00","4.88K","-1.06%"
"02/14/2020","1063.95","1100.00","1100.00","1056.00","8.20K","-1.14%"
"02/13/2020","1076.20","1093.05","1100.00","1059.40","21.65K","-1.64%"
"02/12/2020","1094.10","1062.00","1101.00","1050.45","15.28K","+2.01%"
"02/11/2020","1072.50","1048.10","1082.90","1029.00","19.75K","+2.39%"
"02/10/2020","1047.50","1071.00","1085.75","1045.10","10.05K","-2.75%"
"02/07/2020","1077.10","1102.00","1125.00","1070.10","18.45K","-1.76%"
"02/06/2020","1096.35","1115.00","1134.00","1090.00","10.34K","-1.14%"
"02/05/2020","1109.00","1071.10","1128.90","1071.10","11.47K","+3.11%"
"02/04/2020","1075.50","1085.00","1103.95","1060.00","12.24K","+0.66%"
"02/03/2020","1068.45","1053.65","1110.35","1053.65","8.91K","-0.89%"
"02/01/2020","1078.05","1105.50","1115.30","1046.90","36.05K","-1.05%"
"01/31/2020","1089.50","1076.05","1100.50","1062.00","47.90K","-0.45%"
"01/30/2020","1094.40","1143.00","1143.00","1086.00","65.19K","-3.63%"
"01/29/2020","1135.65","1172.50","1176.45","1116.70","33.06K","-2.21%"
"01/28/2020","1161.30","1198.90","1202.50","1142.65","29.94K","-2.79%"
"01/27/2020","1194.65","1173.70","1204.95","1172.45","59.96K","+1.78%"
"01/24/2020","1173.70","1124.00","1183.75","1124.00","133.57K","+5.18%"
"01/23/2020","1115.85","1085.40","1119.90","1070.00","38.58K","+3.55%"
"01/22/2020","1077.60","1070.00","1084.50","1052.00","12.34K","+1.16%"
"01/21/2020","1065.25","1058.65","1069.90","1045.65","9.82K","+0.62%"
"01/20/2020","1058.65","1067.00","1070.00","1038.00","7.53K","+0.67%"
"01/17/2020","1051.65","1022.00","1062.00","1022.00","15.14K","+2.54%"
"01/16/2020","1025.55","1065.50","1065.50","1021.25","18.97K","-1.85%"
"01/15/2020","1044.85","1052.10","1054.70","1037.00","21.54K","-0.40%"
"01/14/2020","1049.05","1050.00","1065.00","1035.65","11.36K","+0.25%"
"01/13/2020","1046.45","1048.95","1056.00","1029.65","11.65K","+1.46%"
"01/10/2020","1031.40","1027.00","1044.95","1026.85","8.51K","-0.32%"
"01/09/2020","1034.75","1023.90","1047.50","1015.00","45.68K","+1.30%"
"01/08/2020","1021.45","1028.85","1034.45","1015.00","34.28K","-1.57%"
"01/07/2020","1037.75","1050.00","1051.95","1026.00","6.69K","+1.09%"
"01/06/2020","1026.55","1056.80","1057.75","1013.00","64.43K","-2.86%"
"01/03/2020","1056.80","1072.80","1098.70","1051.10","13.65K","-1.47%"
"01/02/2020","1072.60","1104.00","1104.00","1068.20","6.61K","-1.38%"
"01/01/2020","1087.60","1075.90","1094.80","1066.00","5.11K","+0.58%"
"12/31/2019","1081.30","1066.00","1092.00","1045.05","36.67K","+1.53%"
"12/30/2019","1065.05","1057.15","1070.00","1037.15","40.90K","+1.03%"
"12/27/2019","1054.20","1053.60","1059.95","1035.65","18.30K","-0.16%"
"12/26/2019","1055.90","1030.00","1068.00","1030.00","42.86K","+2.96%"
"12/24/2019","1025.55","1033.00","1039.95","1021.00","40.11K","-1.24%"
"12/23/2019","1038.45","1042.00","1052.95","1027.00","8.29K","-0.84%"
"12/20/2019","1047.25","1053.85","1055.00","1025.00","24.25K","-0.26%"
"12/19/2019","1049.95","1038.05","1056.20","1038.05","111.38K","-0.05%"
"12/18/2019","1050.50","1060.20","1073.00","1039.40","25.45K","-0.71%"
"12/17/2019","1058.05","1042.60","1065.05","1037.80","18.29K","+1.58%"
"12/16/2019","1041.55","1058.05","1065.00","1040.00","5.31K","-1.46%"
"12/13/2019","1056.95","1059.95","1068.10","1050.00","59.50K","-0.38%"
"12/12/2019","1061.00","1066.40","1070.00","1052.05","20.05K","-1.27%"
"12/11/2019","1074.65","1057.70","1078.05","1045.05","12.92K","+0.98%"
"12/10/2019","1064.20","1063.75","1077.65","1038.05","22.33K","-0.91%"
"12/09/2019","1074.00","1036.00","1081.00","1035.25","14.00K","+2.06%"
"12/06/2019","1052.30","1077.00","1095.45","1046.25","5.05K","-2.41%"
"12/05/2019","1078.30","1088.00","1091.35","1070.05","4.96K","-1.30%"
"12/04/2019","1092.50","1099.95","1099.95","1079.00","109.69K","-0.17%"
"12/03/2019","1094.40","1103.20","1103.20","1088.00","4.97K","-0.56%"
"12/02/2019","1100.60","1101.50","1111.60","1096.20","15.64K","-0.98%"
"11/29/2019","1111.50","1110.55","1124.95","1088.25","14.40K","+0.09%"
"11/28/2019","1110.55","1078.00","1116.00","1075.00","16.59K","+3.02%"
"11/27/2019","1078.00","1098.00","1098.00","1065.00","17.88K","+0.16%"
"11/26/2019","1076.25","1099.00","1099.00","1065.00","11.60K","-1.51%"
"11/25/2019","1092.75","1088.80","1102.35","1077.15","8.38K","+0.41%"
"11/22/2019","1088.25","1092.35","1110.00","1059.60","19.40K","-0.38%"
"11/21/2019","1092.35","1083.85","1113.25","1083.85","10.79K","-1.77%"
"11/20/2019","1112.05","1111.00","1133.30","1096.60","46.54K","+1.48%"
"11/19/2019","1095.85","1049.75","1110.00","1042.00","29.27K","+5.39%"
"11/18/2019","1039.85","1056.00","1082.35","1031.85","9.70K","-2.80%"
"11/15/2019","1069.85","1035.00","1089.00","1035.00","11.56K","+1.10%"
"11/14/2019","1058.20","1069.50","1091.95","1051.10","5.62K","-1.25%"
"11/13/2019","1071.60","1099.45","1109.85","1051.05","16.90K","-2.53%"
"11/11/2019","1099.45","1088.70","1109.15","1085.25","10.54K","+0.32%"
"11/08/2019","1095.90","1122.00","1125.20","1090.00","13.05K","-2.34%"
"11/07/2019","1122.20","1120.00","1139.00","1110.80","14.74K","+0.78%"
"11/06/2019","1113.50","1119.95","1119.95","1100.00","27.75K","+0.73%"
"11/05/2019","1105.45","1120.00","1125.00","1100.10","8.19K","-0.51%"
"11/04/2019","1111.15","1065.60","1120.00","1065.60","9.05K","+1.80%"
"11/01/2019","1091.50","1099.95","1124.50","1086.65","9.67K","+0.10%"
"10/31/2019","1090.45","1068.70","1099.00","1036.00","24.60K","+3.20%"
"10/30/2019","1056.60","1054.00","1069.85","1040.00","6.43K","+0.22%"
"10/29/2019","1054.25","1004.55","1066.95","1000.00","76.70K","+4.93%"
"10/27/2019","1004.70","1014.90","1014.90","994.00","888","+0.58%"
"10/25/2019","998.95","1004.90","1014.00","994.00","4.78K","-1.27%"
"10/24/2019","1011.75","1000.90","1026.00","991.00","15.02K","+0.52%"
"10/23/2019","1006.55","1041.95","1041.95","995.00","25.92K","-3.55%"
"10/22/2019","1043.65","1046.00","1054.00","1015.00","8.40K","-0.24%"
"10/18/2019","1046.20","1004.90","1050.00","987.60","71.20K","+4.43%"
"10/17/2019","1001.80","982.15","1006.05","978.00","5.45K","+1.88%"
"10/16/2019","983.35","1011.00","1019.35","977.65","10.00K","-2.40%"
"10/15/2019","1007.50","997.90","1013.85","981.50","8.57K","+1.77%"
"10/14/2019","989.95","989.00","1010.25","980.00","8.14K","+0.18%"
"10/11/2019","988.15","968.30","996.60","962.80","10.67K","+2.32%"
"10/10/2019","965.75","967.70","984.45","956.00","9.60K","-0.55%"
"10/09/2019","971.10","954.90","979.50","952.10","8.01K","+1.72%"
"10/07/2019","954.65","971.00","994.50","945.05","10.92K","-2.13%"
"10/04/2019","975.40","975.00","996.60","960.00","8.33K","+1.97%"
"10/03/2019","956.55","977.00","988.60","931.00","26.11K","-2.16%"
"10/01/2019","977.65","1012.00","1021.95","961.50","15.11K","-3.42%"
"09/30/2019","1012.25","1001.50","1029.00","985.00","15.51K","+1.07%"
"09/27/2019","1001.50","994.50","1038.00","992.10","16.83K","+0.00%"
"09/26/2019","1001.45","986.55","1022.35","984.00","18.65K","+0.26%"
"09/25/2019","998.90","999.90","1039.25","982.30","32.23K","-0.05%"
"09/24/2019","999.40","1009.00","1009.00","966.20","38.41K","+0.33%"
"09/23/2019","996.10","1005.00","1005.95","986.35","29.35K","+0.96%"
"09/20/2019","986.60","873.80","994.75","856.60","78.71K","+12.93%"
"09/19/2019","873.65","919.05","923.95","850.50","82.32K","-4.44%"
"09/18/2019","914.25","935.05","949.80","910.35","15.39K","-2.15%"
"09/17/2019","934.35","960.00","972.85","921.10","20.39K","-3.38%"
"09/16/2019","967.00","985.00","985.00","956.00","13.69K","-1.51%"
"09/13/2019","981.80","969.00","995.00","944.50","17.44K","+2.21%"
"09/12/2019","960.60","990.00","1007.20","953.60","14.63K","-3.03%"
"09/11/2019","990.65","990.00","1000.35","940.20","27.05K","+0.14%"
"09/09/2019","989.30","940.00","1000.00","940.00","22.01K","+4.12%"
"09/06/2019","950.15","921.80","963.50","915.60","22.07K","+4.06%"
"09/05/2019","913.05","911.90","925.85","904.00","60.25K","+0.31%"
"09/04/2019","910.20","900.00","920.00","866.60","50.90K","+0.52%"
"09/03/2019","905.50","929.00","937.95","896.00","28.90K","-2.20%"
"08/30/2019","925.90","884.80","930.00","884.80","20.06K","+4.64%"
"08/29/2019","884.85","892.40","918.00","878.45","27.65K","-0.85%"
"08/28/2019","892.40","882.85","916.50","872.65","26.30K","+0.78%"
"08/27/2019","885.50","861.00","895.00","852.00","49.95K","+2.64%"
"08/26/2019","862.75","861.00","885.00","855.25","100.86K","+1.58%"
"08/23/2019","849.30","862.00","865.35","842.20","20.46K","-1.47%"
"08/22/2019","862.00","880.10","884.00","856.00","15.76K","-2.35%"
"08/21/2019","882.70","886.00","899.85","875.00","49.53K","+0.24%"
"08/20/2019","880.60","850.05","887.80","846.20","22.91K","+2.57%"
"08/19/2019","858.55","868.00","873.90","843.00","17.89K","-0.93%"
"08/16/2019","866.60","834.00","874.00","825.05","56.02K","+3.19%"
"08/14/2019","839.85","859.00","860.00","831.10","56.53K","-2.31%"
"08/13/2019","859.70","855.00","870.00","820.10","198.81K","+1.21%"
"08/09/2019","849.40","816.40","868.00","800.00","1.40M","+14.45%"
"08/08/2019","742.15","933.00","961.00","742.15","456.63K","-20.00%"
"08/07/2019","927.65","907.50","941.00","907.50","32.44K","+1.21%"
"08/06/2019","916.60","893.60","955.05","893.60","20.60K","-0.39%"
"08/05/2019","920.20","932.00","932.00","905.00","5.38K","-1.62%"
"08/02/2019","935.35","903.00","954.00","876.80","22.74K","+3.02%"
"08/01/2019","907.90","920.00","926.95","864.85","44.47K","-1.57%"
"07/31/2019","922.40","873.10","929.95","848.90","106.02K","+5.65%"
"07/30/2019","873.10","891.50","910.00","853.20","62.16K","-2.78%"
"07/29/2019","898.05","923.70","924.00","886.85","19.54K","-2.81%"
"07/26/2019","924.00","930.00","949.00","916.95","31.66K","-0.77%"
"07/25/2019","931.15","936.00","957.35","907.55","54.15K","-2.03%"
"07/24/2019","950.40","958.70","960.00","913.65","56.55K","-0.87%"
"07/23/2019","958.70","923.40","969.00","907.25","43.64K","+3.82%"
"07/22/2019","923.40","940.00","951.95","908.60","39.14K","-3.07%"
"07/19/2019","952.60","995.00","995.00","950.00","16.05K","-4.44%"
"07/18/2019","996.85","992.00","1004.40","953.25","35.88K","+0.59%"
"07/17/2019","991.05","996.00","1000.00","972.00","26.05K","-0.46%"
"07/16/2019","995.60","1002.10","1002.10","991.00","7.08K","-0.35%"
"07/15/2019","999.10","1028.65","1028.95","998.00","17.23K","-1.67%"
"07/12/2019","1016.05","1003.60","1024.00","997.50","17.14K","+1.36%"
"07/11/2019","1002.40","993.00","1008.25","993.00","10.75K","+0.21%"
"07/10/2019","1000.25","1010.00","1010.00","999.00","18.97K","+0.01%"
"07/09/2019","1000.10","993.60","1015.40","993.60","67.72K","-1.98%"
"07/08/2019","1020.30","1076.00","1081.00","1010.15","124.12K","-5.23%"
"07/05/2019","1076.55","1121.00","1122.55","1065.00","89.00K","-3.76%"
"07/04/2019","1118.65","1094.20","1124.95","1090.00","109.42K","+2.06%"
"07/03/2019","1096.10","1118.90","1119.00","1094.60","9.26K","-0.96%"
"07/02/2019","1106.75","1119.95","1119.95","1101.10","22.15K","-0.21%"
"07/01/2019","1109.05","1142.00","1142.00","1106.50","27.83K","-0.48%"
"06/28/2019","1114.40","1116.30","1124.00","1103.00","32.06K","+0.02%"
"06/27/2019","1114.20","1130.00","1130.00","1108.00","44.27K","-0.52%"
"06/26/2019","1120.00","1115.00","1145.00","1115.00","114.21K","-0.94%"
"06/25/2019","1130.60","1118.00","1141.00","1101.00","44.62K","+0.10%"
"06/24/2019","1129.45","1143.20","1153.10","1118.00","32.21K","-1.16%"
"06/21/2019","1142.65","1165.50","1170.00","1132.70","36.91K","-2.25%"
"06/20/2019","1168.95","1192.40","1192.40","1158.25","43.94K","-1.37%"
"06/19/2019","1185.15","1174.20","1200.00","1173.95","76.29K","+0.96%"
"06/18/2019","1173.85","1179.90","1185.25","1171.00","5.24K","-1.11%"
"06/17/2019","1187.00","1195.00","1211.00","1175.00","33.23K","-0.65%"
"06/14/2019","1194.80","1198.40","1205.95","1185.00","3.12K","-0.49%"
"06/13/2019","1200.70","1180.00","1214.95","1169.00","28.06K","+1.48%"
"06/12/2019","1183.20","1189.05","1200.70","1180.00","10.19K","-1.76%"
"06/11/2019","1204.45","1195.90","1215.00","1190.20","26.60K","+0.38%"
"06/10/2019","1199.85","1196.90","1207.00","1185.00","9.80K","+0.25%"
"06/07/2019","1196.90","1219.00","1219.00","1183.55","80.80K","-1.09%"
"06/06/2019","1210.10","1215.00","1219.00","1186.00","41.99K","-0.00%"
"06/04/2019","1210.15","1208.30","1228.50","1201.00","45.70K","-0.08%"
"06/03/2019","1211.10","1203.50","1220.00","1189.30","30.16K","+0.63%"
"05/31/2019","1203.50","1199.90","1214.90","1191.05","31.56K","+1.05%"
"05/30/2019","1190.95","1212.00","1222.00","1179.15","31.73K","-1.70%"
"05/29/2019","1211.55","1168.50","1237.00","1158.05","147.82K","+3.82%"
"05/28/2019","1167.00","1154.60","1173.90","1145.05","39.74K","+1.08%"
"05/27/2019","1154.55","1150.50","1163.35","1150.50","10.30K","-0.72%"
"05/24/2019","1162.95","1168.20","1169.00","1155.05","10.13K","-0.61%"
"05/23/2019","1170.10","1165.00","1174.90","1135.20","41.66K","+1.69%"
"05/22/2019","1150.60","1146.00","1160.00","1140.35","66.50K","+0.10%"
"05/21/2019","1149.50","1156.90","1163.35","1145.50","33.39K","-0.52%"
"05/20/2019","1155.50","1184.90","1184.90","1146.05","26.32K","+0.48%"
"05/17/2019","1150.00","1174.00","1178.10","1142.45","23.96K","-1.57%"
"05/16/2019","1168.35","1169.00","1180.00","1150.00","14.17K","-0.12%"
"05/15/2019","1169.70","1175.10","1179.00","1153.60","177.92K","+2.05%"
"05/14/2019","1146.20","1157.00","1157.00","1125.00","25.32K","+1.41%"
"05/13/2019","1130.25","1132.90","1139.25","1125.00","24.49K","-0.23%"
"05/10/2019","1132.90","1130.20","1154.95","1130.00","10.47K","-0.08%"
"05/09/2019","1133.85","1135.85","1154.90","1123.10","37.86K","-0.02%"
"05/08/2019","1134.10","1158.00","1158.00","1130.00","100.99K","-1.39%"
"05/07/2019","1150.10","1175.00","1175.00","1148.80","48.89K","-1.14%"
"05/06/2019","1163.40","1170.00","1176.85","1157.10","49.12K","-1.04%"
"05/03/2019","1175.60","1154.00","1177.70","1154.00","42.29K","+1.12%"
"05/02/2019","1162.55","1180.00","1193.70","1158.00","38.04K","-1.22%"
"04/30/2019","1176.85","1156.00","1184.00","1144.05","55.81K","+1.79%"
"04/26/2019","1156.20","1160.00","1167.00","1152.00","56.66K","-0.22%"
"04/25/2019","1158.70","1163.00","1168.75","1157.00","28.14K","-0.45%"
"04/24/2019","1163.95","1173.00","1177.40","1160.00","165.90K","-0.75%"
"04/23/2019","1172.80","1170.00","1174.95","1162.05","63.46K","+0.47%"
"04/22/2019","1167.35","1170.00","1172.00","1158.70","46.84K","+0.35%"
"04/18/2019","1163.30","1169.00","1173.55","1159.25","73.81K","-0.50%"
"04/16/2019","1169.20","1178.10","1182.00","1163.85","20.23K","-0.63%"
"04/15/2019","1176.60","1175.00","1182.00","1168.00","57.90K","+0.83%"
"04/12/2019","1166.95","1158.50","1174.90","1158.50","67.91K","+0.31%"
"04/11/2019","1163.35","1167.05","1174.00","1161.30","32.88K","-0.32%"
"04/10/2019","1167.05","1170.85","1174.75","1165.10","78.50K","-0.32%"
"04/09/2019","1170.85","1157.10","1172.30","1157.00","44.10K","-0.07%"
"04/08/2019","1171.65","1179.60","1179.60","1168.10","59.96K","-0.08%"
"04/05/2019","1172.60","1177.00","1179.00","1167.00","38.01K","+0.12%"
"04/04/2019","1171.25","1170.50","1176.00","1152.30","60.74K","+0.19%"
"04/03/2019","1169.00","1178.65","1183.70","1160.50","109.24K","-0.24%"
"04/02/2019","1171.80","1167.95","1176.30","1153.00","138.87K","+1.81%"
"04/01/2019","1150.95","1166.00","1175.95","1146.00","36.65K","-0.85%"
"03/29/2019","1160.85","1147.50","1163.85","1147.00","187.31K","+1.08%"
"03/28/2019","1148.45","1150.00","1158.00","1146.30","89.10K","-0.17%"
"03/27/2019","1150.40","1150.00","1157.85","1138.05","122.18K","+0.32%"
"03/26/2019","1146.70","1145.00","1150.00","1138.60","99.99K","+0.14%"
"03/25/2019","1145.05","1136.00","1151.00","1136.00","79.45K","-0.55%"
"03/22/2019","1151.40","1150.00","1161.30","1130.00","166.12K","+0.12%"
"03/20/2019","1150.05","1154.95","1154.95","1140.65","208.83K","+0.19%"
"03/19/2019","1147.85","1157.00","1163.70","1139.50","425.93K","-0.71%"
"03/18/2019","1156.00","1163.00","1172.00","1149.60","94.62K","+0.12%"
"03/15/2019","1154.65","1152.50","1164.75","1145.00","206.91K","+0.26%"
"03/14/2019","1151.70","1158.00","1164.80","1145.45","83.30K","-0.54%"
"03/13/2019","1158.00","1174.75","1174.75","1151.70","179.88K","-1.00%"
"03/12/2019","1169.75","1166.00","1181.90","1165.95","439.34K","+0.13%"
"03/11/2019","1168.20","1171.80","1175.80","1157.55","353.81K","-0.03%"
"03/08/2019","1168.55","1162.00","1179.90","1162.00","916.05K","-0.99%"
"03/07/2019","1180.20","1159.85","1209.00","1151.15","3.40M","+2.94%"
"03/06/2019","1146.50","1140.00","1163.80","1131.20","2.55M","-8.96%"
"03/05/2019","1259.30","1272.00","1305.00","1252.00","50.80K","-0.96%"
"03/01/2019","1271.45","1298.10","1310.75","1265.40","17.34K","-2.05%"
"02/28/2019","1298.10","1342.00","1351.90","1285.00","58.09K","-3.15%"
"02/27/2019","1340.35","1297.00","1384.95","1252.00","251.23K","+3.04%"
"02/26/2019","1300.85","1240.00","1313.00","1192.95","51.82K","+4.34%"
"02/25/2019","1246.75","1258.05","1268.00","1240.00","6.21K","-0.78%"
"02/22/2019","1256.50","1255.05","1286.95","1246.00","14.99K","-0.89%"
"02/21/2019","1267.75","1280.00","1289.95","1260.00","35.23K","-2.39%"
"02/20/2019","1298.75","1332.00","1359.00","1254.40","142.98K","-2.68%"
"02/19/2019","1334.50","1285.05","1350.00","1230.30","58.86K","+3.83%"
"02/18/2019","1285.25","1245.25","1295.10","1220.00","21.76K","+2.80%"
"02/15/2019","1250.25","1260.40","1263.40","1226.00","5.88K","-1.08%"
"02/14/2019","1263.95","1278.00","1295.00","1258.00","6.72K","-2.56%"
"02/13/2019","1297.15","1280.20","1299.90","1266.65","83.95K","+1.10%"
"02/12/2019","1283.10","1255.20","1287.00","1246.55","9.67K","+0.83%"
"02/11/2019","1272.55","1253.05","1294.40","1253.05","83.25K","+0.33%"
"02/08/2019","1268.35","1230.30","1279.90","1186.55","78.97K","+2.29%"
"02/07/2019","1239.95","1203.95","1264.95","1203.95","38.13K","+2.44%"
"02/06/2019","1210.40","1206.80","1215.00","1199.45","9.60K","+0.29%"
"02/05/2019","1206.90","1200.00","1218.80","1176.05","14.56K","+0.05%"
"02/04/2019","1206.25","1134.95","1220.00","1123.95","35.50K","+6.72%"
"02/01/2019","1130.25","1135.00","1162.95","1125.20","10.87K","-1.54%"
"01/31/2019","1147.95","1122.20","1165.80","1114.25","11.69K","+1.93%"
"01/30/2019","1126.20","1115.00","1130.05","1112.90","7.05K","+0.08%"
"01/29/2019","1125.25","1115.00","1135.00","1105.00","8.49K","+0.22%"
"01/28/2019","1122.75","1120.00","1136.95","1103.40","12.36K","-0.70%"
"01/25/2019","1130.70","1165.00","1165.00","1125.00","10.98K","-1.39%"
"01/24/2019","1146.65","1160.25","1163.50","1141.15","11.11K","-1.99%"
"01/23/2019","1169.95","1172.15","1174.95","1150.10","5.42K","+1.54%"
"01/22/2019","1152.25","1155.00","1157.10","1136.15","4.86K","-0.41%"
"01/21/2019","1157.00","1174.00","1174.00","1147.70","18.55K","-1.05%"
"01/18/2019","1169.25","1179.35","1179.35","1163.05","19.94K","+0.37%"
"01/17/2019","1164.90","1188.00","1193.10","1150.00","86.10K","-1.92%"
"01/16/2019","1187.70","1186.50","1197.95","1180.00","15.54K","+0.10%"
"01/15/2019","1186.50","1212.10","1212.10","1183.00","26.94K","-1.09%"
"01/14/2019","1199.55","1195.85","1205.95","1183.30","65.28K","-0.78%"
"01/11/2019","1209.00","1216.60","1218.25","1203.50","7.31K","+0.20%"
"01/10/2019","1206.55","1208.50","1220.00","1199.75","71.93K","+0.57%"
"01/09/2019","1199.70","1214.00","1218.85","1192.00","19.66K","-0.44%"
"01/08/2019","1205.05","1223.00","1250.00","1196.30","94.96K","-0.52%"
"01/07/2019","1211.30","1234.95","1264.00","1205.00","12.71K","-2.29%"
"01/04/2019","1239.75","1247.55","1258.75","1234.55","61.21K","-0.56%"
"01/03/2019","1246.70","1245.45","1253.80","1238.05","9.15K","+0.12%"
"01/02/2019","1245.15","1245.00","1268.95","1239.95","59.79K","-1.19%"
"01/01/2019","1260.20","1267.45","1284.85","1250.00","8.96K","-1.76%"
"12/31/2018","1282.80","1221.00","1298.00","1212.00","71.15K","+4.99%"
"12/28/2018","1221.85","1168.80","1234.00","1167.70","25.79K","+3.85%"
"12/27/2018","1176.50","1184.90","1184.90","1165.10","11.82K","+1.48%"
"12/26/2018","1159.30","1162.00","1167.95","1145.00","8.13K","-0.11%"
"12/24/2018","1160.60","1180.00","1180.00","1145.00","16.86K","-1.69%"
"12/21/2018","1180.60","1168.00","1184.65","1151.85","13.02K","+0.50%"
"12/20/2018","1174.70","1170.35","1184.75","1166.00","5.36K","-0.34%"
"12/19/2018","1178.70","1167.00","1208.00","1167.00","14.02K","-0.46%"
"12/18/2018","1184.10","1176.00","1199.00","1166.30","8.73K","-0.23%"
"12/17/2018","1186.80","1214.05","1223.10","1174.10","17.86K","-2.19%"
"12/14/2018","1213.35","1159.00","1249.00","1152.25","23.67K","+3.26%"
"12/13/2018","1175.00","1151.05","1184.70","1150.35","40.55K","+1.33%"
"12/12/2018","1159.55","1138.25","1174.85","1133.10","21.44K","+1.43%"
"12/11/2018","1143.20","1111.45","1150.00","1099.60","31.32K","+1.32%"
"12/10/2018","1128.30","1140.00","1140.05","1091.75","22.03K","-2.20%"
"12/07/2018","1153.70","1124.90","1158.90","1123.15","29.27K","+3.09%"
"12/06/2018","1119.15","1124.00","1124.00","1111.85","6.62K","-0.71%"
"12/05/2018","1127.10","1115.10","1137.05","1106.50","22.54K","-0.07%"
"12/04/2018","1127.85","1120.25","1139.90","1101.65","13.44K","+0.68%"
"12/03/2018","1120.25","1128.00","1130.00","1103.55","8.91K","+0.13%"
"11/30/2018","1118.80","1074.00","1124.15","1071.05","22.86K","+4.29%"
"11/29/2018","1072.80","1091.85","1093.10","1065.00","16.66K","-0.04%"
"11/28/2018","1073.20","1070.15","1094.90","1070.15","12.11K","-0.17%"
"11/27/2018","1075.05","1080.00","1087.35","1062.00","19.73K","-1.26%"
"11/26/2018","1088.80","1115.00","1115.00","1080.50","16.35K","-0.79%"
"11/22/2018","1097.50","1117.00","1124.40","1088.05","26.11K","-1.70%"
"11/21/2018","1116.45","1113.00","1129.00","1086.80","23.64K","+1.23%"
"11/20/2018","1102.90","1117.35","1118.80","1098.00","32.05K","-1.96%"
"11/19/2018","1124.90","1158.95","1158.95","1121.10","19.96K","-2.27%"
"11/16/2018","1151.00","1190.00","1200.70","1142.80","39.57K","-4.05%"
"11/15/2018","1199.60","1212.00","1224.85","1192.00","12.40K","-1.72%"
"11/14/2018","1220.65","1237.80","1259.40","1210.00","7.36K","-1.39%"
"11/13/2018","1237.80","1255.00","1260.70","1231.30","12.25K","-2.08%"
"11/12/2018","1264.05","1295.75","1307.25","1250.25","9.14K","-2.45%"
"11/09/2018","1295.75","1270.05","1298.00","1248.00","24.34K","+2.68%"
"11/06/2018","1261.95","1230.05","1275.00","1213.90","15.30K","+2.82%"
"11/05/2018","1227.35","1270.00","1280.00","1165.05","65.17K","-2.25%"
"11/02/2018","1255.65","1230.00","1269.95","1225.00","12.87K","+3.07%"
"11/01/2018","1218.25","1224.70","1243.30","1201.55","14.58K","+0.70%"
"10/31/2018","1209.75","1213.00","1220.00","1172.50","17.44K","+0.95%"
"10/30/2018","1198.40","1187.95","1215.00","1130.00","77.73K","+2.44%"
"10/29/2018","1169.90","1135.00","1183.00","1091.10","19.28K","+6.01%"
"10/26/2018","1103.60","1080.00","1120.00","1077.45","31.48K","+1.98%"
"10/25/2018","1082.15","1090.15","1107.00","1065.25","30.29K","-2.05%"
"10/24/2018","1104.80","1085.00","1105.70","1072.95","15.60K","+2.23%"
"10/23/2018","1080.65","1108.95","1108.95","1069.00","28.28K","-1.73%"
"10/22/2018","1099.70","1112.00","1129.00","1077.15","45.02K","-0.10%"
"10/19/2018","1100.85","1153.90","1153.90","1093.05","87.83K","-5.60%"
"10/17/2018","1166.15","1199.90","1205.85","1138.00","40.71K","-0.93%"
"10/16/2018","1177.05","1152.05","1200.95","1139.90","39.16K","+2.58%"
"10/15/2018","1147.50","1183.95","1183.95","1135.50","51.11K","-3.08%"
"10/12/2018","1184.00","1175.00","1199.00","1171.95","39.83K","+1.19%"
"10/11/2018","1170.10","1189.80","1189.80","1141.10","84.65K","-2.41%"
"10/10/2018","1199.05","1200.00","1215.00","1191.00","35.91K","+0.84%"
"10/09/2018","1189.10","1200.00","1220.00","1169.15","39.14K","-0.58%"
"10/08/2018","1196.00","1202.40","1221.00","1145.00","76.40K","-2.72%"
"10/05/2018","1229.45","1260.00","1276.30","1215.35","73.25K","-3.83%"
"10/04/2018","1278.35","1298.10","1321.80","1251.00","36.36K","-2.23%"
"10/03/2018","1307.45","1350.00","1350.00","1305.00","66.77K","-3.57%"
"10/01/2018","1355.85","1272.00","1365.00","1260.15","21.91K","+2.24%"
"09/28/2018","1326.15","1350.10","1379.45","1313.50","51.56K","-2.16%"
"09/27/2018","1355.45","1360.10","1376.90","1346.40","25.14K","-0.68%"
"09/26/2018","1364.75","1392.55","1403.95","1355.50","19.47K","-2.26%"
"09/25/2018","1396.30","1376.10","1400.65","1343.65","20.70K","+1.47%"
"09/24/2018","1376.10","1400.00","1400.00","1335.00","17.69K","-1.88%"
"09/21/2018","1402.45","1365.05","1420.00","1325.00","36.42K","+2.38%"
"09/19/2018","1369.85","1385.00","1393.70","1342.15","49.34K","-0.97%"
"09/18/2018","1383.30","1441.00","1441.05","1373.00","63.87K","-3.69%"
"09/17/2018","1436.35","1430.00","1447.00","1384.35","17.39K","+0.15%"
"09/14/2018","1434.20","1478.95","1478.95","1425.00","13.67K","-1.82%"
"09/12/2018","1460.80","1470.00","1481.00","1450.00","23.95K","-0.62%"
"09/11/2018","1469.90","1460.00","1486.60","1445.80","18.73K","-0.65%"
"09/10/2018","1479.45","1478.00","1481.00","1460.15","27.54K","+0.11%"
"09/07/2018","1477.80","1444.00","1492.00","1423.55","31.49K","+2.72%"
"09/06/2018","1438.65","1422.00","1460.00","1400.00","28.09K","+1.51%"
"09/05/2018","1417.20","1493.00","1494.90","1403.50","52.59K","-4.38%"
"09/04/2018","1482.10","1523.10","1543.25","1472.55","47.40K","-3.96%"
"09/03/2018","1543.25","1547.00","1549.45","1500.05","39.88K","+1.69%"
"08/31/2018","1517.60","1492.00","1520.00","1492.00","41.24K","+0.65%"
"08/30/2018","1507.80","1515.00","1550.00","1495.55","36.24K","-0.12%"
"08/29/2018","1509.65","1482.05","1514.95","1477.00","18.84K","+0.71%"
"08/28/2018","1498.95","1535.00","1544.10","1487.00","56.87K","-2.93%"
"08/27/2018","1544.15","1557.10","1570.00","1537.05","78.39K","-0.25%"
"08/24/2018","1548.05","1552.10","1560.00","1531.00","34.67K","-0.26%"
"08/23/2018","1552.10","1543.90","1564.90","1528.35","138.48K","+0.52%"
"08/21/2018","1544.05","1526.00","1550.00","1506.60","21.03K","+0.71%"
"08/20/2018","1533.15","1514.80","1537.00","1500.05","33.28K","+1.57%"
"08/17/2018","1509.40","1451.00","1524.90","1451.00","109.67K","+3.88%"
"08/16/2018","1453.05","1459.00","1470.50","1440.00","18.44K","-1.47%"
"08/14/2018","1474.70","1468.45","1504.00","1456.10","37.94K","+1.18%"
"08/13/2018","1457.55","1450.00","1486.45","1443.90","30.04K","-1.21%"
"08/10/2018","1475.40","1480.05","1509.70","1465.00","20.22K","-1.69%"
"08/09/2018","1500.75","1475.00","1525.00","1465.00","45.98K","+1.61%"
"08/08/2018","1476.90","1495.00","1545.00","1460.00","89.10K","-1.22%"
"08/07/2018","1495.10","1530.00","1532.35","1485.00","115.61K","-1.82%"
"08/06/2018","1522.75","1464.00","1578.80","1456.00","302.24K","+4.09%"
"08/03/2018","1462.90","1406.05","1509.95","1397.15","165.23K","+4.04%"
"08/02/2018","1406.05","1406.60","1413.25","1381.95","23.55K","+0.96%"
"08/01/2018","1392.70","1399.90","1424.75","1363.20","40.30K","+0.39%"
"07/31/2018","1387.35","1344.80","1399.50","1335.00","47.95K","+4.01%"
"07/30/2018","1333.85","1354.50","1355.05","1329.70","11.21K","-0.58%"
"07/27/2018","1341.60","1310.05","1353.00","1310.05","18.06K","+0.72%"
"07/26/2018","1332.00","1325.00","1343.00","1323.15","10.08K","+0.51%"
"07/25/2018","1325.20","1305.35","1349.90","1300.05","112.23K","+1.43%"
"07/24/2018","1306.55","1305.00","1313.55","1291.60","28.19K","+0.12%"
"07/23/2018","1305.00","1254.00","1321.20","1254.00","124.20K","+4.07%"
"07/20/2018","1254.00","1233.15","1282.00","1208.00","118.97K","+1.69%"
"07/19/2018","1233.10","1205.10","1238.85","1205.10","19.45K","+2.32%"
"07/18/2018","1205.10","1248.95","1248.95","1201.00","17.04K","-2.06%"
"07/17/2018","1230.45","1219.95","1250.00","1200.00","60.37K","+1.50%"
"07/16/2018","1212.30","1216.10","1253.00","1204.05","6.21K","-1.53%"
"07/13/2018","1231.10","1247.95","1247.95","1224.00","12.48K","-1.40%"
"07/12/2018","1248.60","1298.95","1298.95","1230.55","15.45K","-2.87%"
"07/11/2018","1285.50","1282.55","1299.90","1282.00","36.77K","-0.08%"
"07/10/2018","1286.55","1280.00","1295.35","1266.40","94.45K","+1.30%"
"07/09/2018","1270.10","1255.00","1273.75","1246.05","38.02K","+1.34%"
"07/06/2018","1253.25","1257.00","1259.95","1238.35","22.11K","-0.37%"
"07/05/2018","1257.95","1252.00","1283.80","1220.55","95.72K","+0.69%"
"07/04/2018","1249.35","1248.45","1265.80","1235.05","10.03K","+0.34%"
"07/03/2018","1245.15","1220.85","1269.75","1204.00","32.94K","+1.91%"
"07/02/2018","1221.85","1259.00","1259.40","1211.30","12.55K","-2.19%"
"06/29/2018","1249.20","1230.00","1263.00","1218.90","33.40K","+2.25%"
"06/28/2018","1221.70","1230.00","1246.70","1190.00","25.24K","-1.43%"
"06/27/2018","1239.40","1240.40","1255.00","1228.00","47.02K","-0.08%"
"06/26/2018","1240.40","1275.80","1275.80","1231.55","51.65K","-2.90%"
"06/25/2018","1277.40","1293.30","1308.95","1255.05","19.45K","-2.05%"
"06/22/2018","1304.20","1268.15","1310.00","1240.55","31.61K","+2.82%"
"06/21/2018","1268.45","1275.70","1275.70","1260.95","11.47K","-0.37%"
"06/20/2018","1273.10","1278.85","1279.90","1268.00","14.05K","-0.13%"
"06/19/2018","1274.75","1277.95","1284.85","1267.70","14.15K","+0.34%"
"06/18/2018","1270.45","1269.90","1279.00","1263.70","40.36K","+0.04%"
"06/15/2018","1269.90","1267.65","1281.90","1265.00","10.27K","+0.18%"
"06/14/2018","1267.65","1298.50","1298.50","1255.00","12.79K","-1.82%"
"06/13/2018","1291.15","1268.00","1294.95","1268.00","36.33K","+1.92%"
"06/12/2018","1266.80","1263.90","1274.30","1260.00","9.20K","+0.34%"
"06/11/2018","1262.55","1273.70","1290.00","1252.00","11.57K","-0.74%"
"06/08/2018","1272.00","1245.00","1280.00","1240.00","19.08K","+1.69%"
"06/07/2018","1250.90","1205.00","1262.65","1200.55","33.73K","+4.27%"
"06/06/2018","1199.70","1228.25","1238.70","1188.70","63.15K","-2.32%"
"06/05/2018","1228.25","1252.95","1252.95","1212.00","45.74K","-2.07%"
"06/04/2018","1254.20","1270.10","1280.70","1229.30","51.34K","-0.93%"
"06/01/2018","1265.95","1291.00","1304.70","1255.15","30.53K","-3.33%"
"05/31/2018","1309.50","1300.00","1320.00","1265.10","43.56K","+1.32%"
"05/30/2018","1292.45","1304.95","1310.00","1272.70","42.99K","-0.96%"
"05/29/2018","1304.95","1254.15","1324.90","1241.55","76.51K","+3.74%"
"05/28/2018","1257.85","1247.65","1268.90","1224.25","19.55K","+1.63%"
"05/25/2018","1237.70","1250.00","1278.70","1214.70","41.42K","-0.98%"
"05/24/2018","1249.95","1262.60","1288.70","1210.40","85.85K","-1.01%"
"05/23/2018","1262.65","1275.00","1298.75","1255.35","32.73K","-1.45%"
"05/22/2018","1281.20","1229.20","1290.00","1221.55","85.92K","+5.01%"
"05/21/2018","1220.05","1275.00","1285.20","1196.10","66.28K","-3.59%"
"05/18/2018","1265.50","1217.00","1290.00","1217.00","210.57K","+6.08%"
"05/17/2018","1192.95","1181.20","1225.00","1152.90","238.68K","+1.80%"
"05/16/2018","1171.80","1197.85","1225.00","1155.00","290.22K","+0.83%"
"05/15/2018","1162.10","1187.00","1200.00","1136.05","38.74K","-2.06%"
"05/14/2018","1186.50","1195.90","1195.90","1171.05","12.11K","+1.13%"
"05/11/2018","1173.30","1187.55","1190.05","1168.70","25.02K","+0.68%"
"05/10/2018","1165.35","1186.95","1200.00","1161.00","59.77K","-1.87%"
"05/09/2018","1187.55","1199.75","1209.65","1171.05","40.58K","-1.09%"
"05/08/2018","1200.65","1259.90","1259.90","1181.00","33.58K","-1.90%"
"05/07/2018","1223.95","1232.10","1243.60","1217.75","62.91K","-0.66%"
"05/04/2018","1232.10","1246.75","1250.00","1218.60","21.92K","-1.09%"
"05/03/2018","1245.70","1259.00","1268.90","1230.20","111.56K","-1.00%"
"05/02/2018","1258.25","1280.30","1286.50","1246.25","40.32K","-1.24%"
"04/30/2018","1274.00","1303.85","1319.95","1271.00","38.76K","-0.93%"
"04/27/2018","1285.95","1289.95","1292.00","1256.00","39.75K","+0.44%"
"04/26/2018","1280.35","1297.55","1310.00","1267.15","22.40K","-0.39%"
"04/25/2018","1285.35","1302.15","1319.95","1278.00","35.61K","-1.34%"
"04/24/2018","1302.75","1312.00","1338.00","1290.00","50.70K","-1.78%"
"04/23/2018","1326.30","1337.90","1345.00","1306.00","57.68K","+1.22%"
"04/20/2018","1310.35","1324.60","1324.60","1299.60","11.04K","-1.53%"
"04/19/2018","1330.65","1333.90","1345.00","1309.35","41.33K","+1.21%"
"04/18/2018","1314.75","1332.65","1340.00","1308.00","21.69K","-1.31%"
"04/17/2018","1332.15","1311.10","1359.85","1309.00","14.56K","+1.61%"
"04/16/2018","1311.10","1336.50","1336.50","1305.25","18.70K","-1.92%"
"04/13/2018","1336.75","1353.00","1362.25","1322.05","22.78K","-1.14%"
"04/12/2018","1352.10","1330.95","1370.00","1305.10","22.12K","+1.59%"
"04/11/2018","1330.95","1300.05","1344.00","1289.70","17.73K","+1.77%"
"04/10/2018","1307.75","1320.00","1320.75","1293.65","13.31K","-0.15%"
"04/09/2018","1309.75","1305.80","1316.20","1294.85","10.15K","+1.01%"
"04/06/2018","1296.65","1276.00","1305.65","1276.00","17.68K","+0.34%"
"04/05/2018","1292.20","1289.00","1296.05","1270.00","25.82K","+1.52%"
"04/04/2018","1272.85","1289.75","1289.75","1259.90","21.76K","+1.04%"
"04/03/2018","1259.80","1274.15","1274.15","1247.45","57.80K","-0.38%"
"04/02/2018","1264.65","1274.35","1281.90","1242.30","41.12K","-0.02%"
"03/28/2018","1264.85","1188.05","1275.00","1188.05","91.13K","+5.17%"
"03/27/2018","1202.65","1205.00","1220.00","1193.20","25.28K","-0.00%"
"03/26/2018","1202.70","1175.85","1223.85","1146.05","46.64K","+2.05%"
"03/23/2018","1178.55","1177.80","1183.65","1165.10","24.05K","-1.37%"
"03/22/2018","1194.90","1189.80","1199.75","1167.40","16.30K","+0.97%"
"03/21/2018","1183.40","1200.05","1218.40","1170.00","59.92K","-1.45%"
"03/20/2018","1200.85","1175.55","1218.60","1175.55","58.64K","+0.41%"
"03/19/2018","1195.90","1219.70","1231.80","1180.00","36.20K","-1.36%"
"03/16/2018","1212.40","1232.55","1253.35","1190.05","333.58K","-3.05%"
"03/15/2018","1250.55","1263.00","1276.10","1250.00","216.79K","-0.53%"
"03/14/2018","1257.25","1295.00","1295.00","1250.10","553.14K","-2.96%"
"03/13/2018","1295.60","1268.00","1315.00","1265.50","101.63K","+2.78%"
"03/12/2018","1260.60","1228.20","1279.95","1228.20","131.27K","+2.02%"
"03/09/2018","1235.65","1222.05","1256.90","1222.05","79.97K","+0.01%"
"03/08/2018","1235.50","1235.00","1252.20","1226.00","63.01K","-0.24%"
"03/07/2018","1238.45","1263.05","1263.50","1220.50","67.98K","-2.49%"
"03/06/2018","1270.10","1300.00","1315.95","1263.05","79.77K","-1.70%"
"03/05/2018","1292.00","1328.00","1332.95","1271.05","117.95K","-3.20%"
"03/01/2018","1334.70","1396.90","1419.75","1312.15","215.71K","-3.21%"
"02/28/2018","1378.95","1364.95","1389.90","1343.50","77.21K","+0.95%"
"02/27/2018","1366.00","1319.75","1389.40","1312.25","253.49K","+4.65%"
"02/26/2018","1305.25","1280.00","1319.75","1272.85","81.85K","+2.21%"
"02/23/2018","1277.05","1284.95","1316.05","1259.95","63.20K","+0.63%"
"02/22/2018","1269.05","1285.00","1285.00","1260.10","29.86K","-1.21%"
"02/21/2018","1284.65","1278.80","1305.90","1272.05","57.36K","+0.67%"
"02/20/2018","1276.05","1270.00","1296.00","1264.15","58.19K","-0.22%"
"02/19/2018","1278.90","1300.00","1319.90","1245.20","59.99K","-0.37%"
"02/16/2018","1283.60","1250.00","1310.00","1220.05","174.03K","+3.76%"
"02/15/2018","1237.05","1194.90","1258.00","1151.00","164.40K","+5.74%"
"02/14/2018","1169.95","1180.00","1189.00","1160.00","19.98K","+0.31%"
"02/12/2018","1166.30","1176.00","1177.00","1150.00","109.39K","+1.73%"
"02/09/2018","1146.50","1150.00","1180.25","1140.00","54.31K","-3.53%"
"02/08/2018","1188.40","1180.00","1198.00","1163.70","38.21K","+0.98%"
"02/07/2018","1176.90","1172.00","1195.00","1151.10","22.50K","+1.83%"
"02/06/2018","1155.75","1080.00","1182.40","1080.00","66.55K","-0.07%"
"02/05/2018","1156.55","1142.55","1165.00","1080.05","104.40K","-1.99%"
"02/02/2018","1180.05","1180.00","1210.70","1128.00","67.44K","-1.66%"
"02/01/2018","1200.00","1199.00","1229.95","1180.00","36.98K","+0.43%"
"01/31/2018","1194.85","1198.00","1207.90","1151.05","122.16K","-0.23%"
"01/30/2018","1197.65","1201.00","1208.80","1167.25","68.99K","-0.16%"
"01/29/2018","1199.60","1222.75","1236.25","1101.55","129.53K","-2.78%"
"01/25/2018","1233.85","1255.00","1255.00","1218.10","20.73K","-0.17%"
"01/24/2018","1235.90","1274.80","1300.60","1226.55","156.10K","-3.05%"
"01/23/2018","1274.80","1293.80","1293.80","1251.20","171.87K","-0.07%"
"01/22/2018","1275.65","1280.15","1284.05","1250.05","26.60K","-0.34%"
"01/19/2018","1280.00","1283.95","1286.00","1245.05","95.35K","+0.04%"
"01/18/2018","1279.50","1350.00","1350.00","1252.00","62.79K","-2.15%"
"01/17/2018","1307.60","1325.05","1336.45","1302.30","54.40K","-2.37%"
"01/16/2018","1339.40","1352.85","1356.15","1325.25","33.57K","-0.94%"
"01/15/2018","1352.05","1385.00","1385.00","1342.50","22.27K","-1.18%"
"01/12/2018","1368.15","1349.80","1388.00","1328.80","33.71K","+1.59%"
"01/11/2018","1346.70","1349.55","1351.20","1335.05","27.16K","-0.21%"
"01/10/2018","1349.55","1352.80","1352.80","1335.00","48.87K","+1.44%"
"01/09/2018","1330.40","1355.00","1360.05","1325.05","12.46K","-1.42%"
"01/08/2018","1349.55","1341.55","1354.95","1335.00","77.75K","-0.02%"
"01/05/2018","1349.85","1363.00","1363.35","1341.30","107.63K","-0.03%"
"01/04/2018","1350.30","1355.05","1373.05","1335.90","125.92K","-1.45%"
"01/03/2018","1370.15","1384.00","1387.00","1362.00","76.44K","+0.06%"
"01/02/2018","1369.35","1360.00","1399.00","1360.00","16.87K","+0.50%"
"01/01/2018","1362.50","1363.35","1400.00","1353.70","25.80K","-0.06%"
"12/29/2017","1363.30","1374.00","1380.00","1350.90","53.99K","-0.51%"
"12/28/2017","1370.25","1350.90","1387.20","1321.50","48.06K","+1.06%"
"12/27/2017","1355.90","1356.65","1374.75","1340.10","14.74K","-0.06%"
"12/26/2017","1356.65","1325.10","1370.00","1325.10","23.29K","+0.65%"
"12/22/2017","1347.85","1337.65","1360.00","1300.00","46.17K","+1.74%"
"12/21/2017","1324.80","1290.00","1348.00","1278.95","178.68K","+3.87%"
"12/20/2017","1275.45","1285.00","1285.00","1260.25","26.09K","-0.43%"
"12/19/2017","1281.00","1273.10","1291.00","1255.05","772.80K","+0.02%"
"12/18/2017","1280.80","1250.00","1294.75","1239.30","206.41K","+0.51%"
"12/15/2017","1274.30","1228.95","1293.95","1228.95","54.51K","+4.61%"
"12/14/2017","1218.10","1204.20","1233.85","1193.05","114.22K","-0.66%"
"12/13/2017","1226.20","1249.95","1250.95","1214.70","67.05K","-1.17%"
"12/12/2017","1240.70","1239.50","1247.60","1220.35","24.15K","+1.94%"
"12/11/2017","1217.10","1259.75","1259.75","1211.00","43.38K","-3.22%"
"12/08/2017","1257.55","1239.20","1265.95","1227.00","34.75K","+1.93%"
"12/07/2017","1233.70","1225.00","1245.00","1200.00","51.45K","+0.99%"
"12/06/2017","1221.65","1234.90","1239.50","1205.05","17.27K","-0.24%"
"12/05/2017","1224.55","1261.05","1267.10","1215.25","58.50K","-3.28%"
"12/04/2017","1266.10","1280.00","1327.95","1256.00","48.13K","-2.22%"
"12/01/2017","1294.80","1275.00","1339.00","1270.05","81.07K","+1.59%"
"11/30/2017","1274.55","1185.05","1300.00","1175.15","152.79K","+6.49%"
"11/29/2017","1196.85","1212.30","1212.30","1183.10","31.07K","-0.30%"
"11/28/2017","1200.45","1200.65","1208.90","1195.10","11.43K","+0.00%"
"11/27/2017","1200.40","1199.30","1217.00","1190.00","37.55K","-0.20%"
"11/24/2017","1202.85","1180.35","1219.70","1180.10","25.52K","+1.05%"
"11/23/2017","1190.40","1192.95","1200.00","1175.00","13.96K","-0.27%"
"11/22/2017","1193.60","1199.50","1202.00","1172.00","27.49K","+0.28%"
"11/21/2017","1190.25","1211.00","1211.00","1181.25","16.88K","-1.23%"
"11/20/2017","1205.05","1200.00","1209.75","1185.20","54.35K","+0.60%"
"11/17/2017","1197.85","1191.40","1204.95","1165.15","42.60K","+0.46%"
"11/16/2017","1192.40","1175.00","1204.00","1152.10","38.76K","+1.71%"
"11/15/2017","1172.30","1159.25","1192.00","1138.00","43.50K","+1.33%"
"11/14/2017","1156.95","1116.25","1164.00","1108.10","37.17K","+2.77%"
"11/13/2017","1125.75","1145.00","1146.45","1115.25","72.20K","-0.97%"
"11/10/2017","1136.80","1149.60","1180.00","1124.95","82.14K","-1.38%"
"11/09/2017","1152.70","1152.10","1168.50","1145.00","42.28K","-0.30%"
"11/08/2017","1156.15","1192.00","1199.00","1151.25","63.28K","-2.17%"
"11/07/2017","1181.80","1182.90","1214.75","1173.00","27.71K","+0.05%"
"11/06/2017","1181.25","1188.90","1197.95","1170.55","16.89K","-1.08%"
"11/03/2017","1194.15","1187.00","1211.00","1165.25","37.76K","-0.24%"
"11/02/2017","1197.00","1182.50","1214.40","1127.05","86.45K","+0.91%"
"11/01/2017","1186.15","1157.50","1192.00","1144.00","56.69K","+2.38%"
"10/31/2017","1158.60","1125.35","1169.75","1118.20","72.66K","+3.05%"
"10/30/2017","1124.35","1100.00","1128.00","1091.65","72.91K","+4.00%"
"10/27/2017","1081.15","1087.90","1087.90","1071.05","22.80K","+1.14%"
"10/26/2017","1068.95","1120.00","1120.00","1046.30","78.16K","-4.00%"
"10/25/2017","1113.45","1085.00","1133.00","1027.15","165.58K","+4.13%"
"10/24/2017","1069.25","1076.85","1096.95","1065.60","17.37K","-0.71%"
"10/23/2017","1076.85","1082.00","1102.95","1073.90","22.20K","-2.76%"
"10/18/2017","1107.45","1114.20","1123.65","1095.25","13.06K","-0.14%"
"10/17/2017","1109.00","1132.70","1132.90","1105.25","22.06K","-2.09%"
"10/16/2017","1132.70","1121.00","1168.00","1111.25","160.32K","+1.60%"
"10/13/2017","1114.85","1092.95","1125.40","1074.00","70.33K","+3.02%"
"10/12/2017","1082.15","1100.00","1109.70","1074.90","28.72K","-1.41%"
"10/11/2017","1097.65","1099.95","1123.00","1094.50","32.30K","+0.32%"
"10/10/2017","1094.15","1092.50","1123.80","1081.25","40.15K","+0.72%"
"10/09/2017","1086.30","1118.00","1123.55","1080.00","36.65K","-1.91%"
"10/06/2017","1107.50","1052.00","1125.00","1052.00","225.67K","+4.47%"
"10/05/2017","1060.10","1013.95","1074.75","1011.25","94.17K","+4.94%"
"10/04/2017","1010.20","991.30","1014.75","965.25","70.82K","+2.62%"
"10/03/2017","984.40","980.00","1003.15","970.50","24.63K","-0.84%"
"09/29/2017","992.70","981.15","1004.75","977.20","57.58K","+1.38%"
"09/28/2017","979.15","1016.95","1016.95","976.05","38.14K","-1.67%"
"09/27/2017","995.80","1034.95","1034.95","984.05","18.54K","-1.86%"
"09/26/2017","1014.70","998.50","1021.00","990.00","29.50K","+2.78%"
"09/25/2017","987.25","1017.05","1017.05","972.90","111.55K","-2.78%"
"09/22/2017","1015.50","1025.00","1030.05","1005.00","21.27K","-0.53%"
"09/21/2017","1020.95","1052.00","1056.05","1010.25","60.84K","-3.64%"
"09/20/2017","1059.50","1068.00","1074.00","1045.00","37.95K","+0.02%"
"09/19/2017","1059.25","1036.55","1066.40","1028.50","76.05K","+2.90%"
"09/18/2017","1029.40","1030.00","1038.35","1021.20","15.99K","+0.85%"
"09/15/2017","1020.70","1011.95","1031.00","1003.00","19.07K","+0.81%"
"09/14/2017","1012.50","1003.05","1026.60","1003.05","38.12K","-0.63%"
"09/13/2017","1018.90","1025.20","1039.00","1008.00","36.93K","-0.63%"
"09/12/2017","1025.35","1031.00","1031.00","1010.80","22.20K","+0.32%"
"09/11/2017","1022.10","1009.95","1026.30","1001.00","17.98K","+2.09%"
"09/08/2017","1001.15","1006.55","1012.00","988.85","21.06K","+0.29%"
"09/07/2017","998.30","1016.60","1025.45","990.45","27.70K","-0.93%"
"09/06/2017","1007.65","1020.00","1038.00","996.35","46.75K","-1.77%"
"09/05/2017","1025.80","987.25","1030.00","983.30","145.52K","+4.13%"
"09/04/2017","985.10","990.00","1002.45","965.25","13.67K","-0.30%"
"09/01/2017","988.05","1000.00","1015.05","982.10","12.08K","-0.93%"
"08/31/2017","997.30","974.30","1010.00","960.35","68.64K","+3.48%"
"08/30/2017","963.75","989.10","993.80","960.30","62.86K","-1.89%"
"08/29/2017","982.30","976.95","986.70","966.05","11.94K","+0.55%"
"08/28/2017","976.95","970.65","983.00","956.50","16.04K","+2.52%"
"08/24/2017","952.95","955.60","979.00","940.70","39.18K","-0.73%"
"08/23/2017","959.95","970.60","980.00","950.00","18.97K","-1.05%"
"08/22/2017","970.10","969.95","983.60","962.45","16.74K","+1.32%"
"08/21/2017","957.50","985.90","999.65","951.00","51.53K","-2.88%"
"08/18/2017","985.90","1000.00","1002.95","964.35","61.71K","-1.71%"
"08/17/2017","1003.10","1014.35","1019.65","990.00","24.63K","-0.54%"
"08/16/2017","1008.55","1003.00","1026.90","1000.00","73.97K","+0.64%"
"08/14/2017","1002.10","983.00","1018.30","982.80","55.90K","+2.97%"
"08/11/2017","973.20","937.70","1004.90","901.15","100.16K","+3.45%"
"08/10/2017","940.70","975.35","999.75","935.00","109.04K","-3.55%"
"08/09/2017","975.35","938.70","1000.00","924.70","262.33K","+5.39%"
"08/08/2017","925.45","925.00","939.50","918.70","63.16K","+0.39%"
"08/07/2017","921.90","900.00","935.00","900.00","82.76K","+2.14%"
"08/04/2017","902.60","913.50","919.15","893.80","28.39K","-1.12%"
"08/03/2017","912.80","911.75","924.90","906.70","34.40K","-0.29%"
"08/02/2017","915.45","912.00","920.20","908.25","21.59K","-0.45%"
"08/01/2017","919.60","894.00","927.65","894.00","49.42K","+1.67%"
"07/31/2017","904.50","910.00","919.00","900.10","18.94K","-1.37%"
"07/28/2017","917.10","920.60","924.95","911.35","10.87K","-0.79%"
"07/27/2017","924.40","915.00","931.00","915.00","80.09K","+1.01%"
"07/26/2017","915.15","911.30","919.90","907.25","32.11K","+0.27%"
"07/25/2017","912.70","922.00","929.75","905.70","115.66K","-0.40%"
"07/24/2017","916.35","890.00","928.95","888.00","100.17K","+2.98%"
"07/21/2017","889.85","887.15","891.25","884.90","141.94K","+0.42%"
"07/20/2017","886.15","880.00","889.90","880.00","112.73K","+0.68%"
"07/19/2017","880.15","879.50","892.00","873.05","65.68K","+1.19%"
"07/18/2017","869.80","890.00","898.00","864.00","32.91K","-1.99%"
"07/17/2017","887.45","871.05","902.50","871.05","80.21K","+0.62%"
"07/14/2017","881.95","902.10","903.95","872.25","41.90K","-1.69%"
"07/13/2017","897.15","909.00","915.90","890.25","48.73K","-0.58%"
"07/12/2017","902.35","889.50","933.95","887.25","337.58K","+2.17%"
"07/11/2017","883.15","870.00","909.85","870.00","89.51K","+2.33%"
"07/10/2017","863.05","865.00","880.00","858.05","15.98K","+0.43%"
"07/07/2017","859.35","858.00","865.00","855.25","24.68K","-0.12%"
"07/06/2017","860.40","870.00","878.35","856.05","57.89K","-0.81%"
"07/05/2017","867.40","872.45","878.00","865.00","42.30K","-0.78%"
"07/04/2017","874.20","878.35","890.00","868.40","30.74K","-0.03%"
"07/03/2017","874.45","881.60","883.40","870.45","96.28K","-0.11%"
"06/30/2017","875.45","871.85","882.00","869.00","34.83K","+0.32%"
"06/29/2017","872.65","893.00","894.05","869.25","34.94K","-1.62%"
"06/28/2017","887.05","885.00","895.60","871.35","100.92K","-0.31%"
"06/27/2017","889.85","882.00","905.80","882.00","79.96K","+1.36%"
"06/23/2017","877.90","892.75","896.70","874.70","56.23K","-1.66%"
"06/22/2017","892.75","901.05","911.95","890.25","76.39K","-0.41%"
"06/21/2017","896.45","900.00","915.95","891.25","44.35K","-0.84%"
"06/20/2017","904.00","933.05","933.05","898.00","19.29K","-3.00%"
"06/19/2017","932.00","945.45","948.30","930.25","28.51K","-0.51%"
"06/16/2017","936.80","921.00","951.00","919.35","90.53K","+1.72%"
"06/15/2017","921.00","890.00","929.70","890.00","79.19K","+3.54%"
"06/14/2017","889.55","881.80","907.95","880.05","110.92K","+0.88%"
"06/13/2017","881.80","878.00","892.30","875.00","27.56K","+0.58%"
"06/12/2017","876.70","885.00","898.00","875.05","14.45K","-1.78%"
"06/09/2017","892.55","881.90","899.00","872.15","66.06K","+1.14%"
"06/08/2017","882.50","916.50","920.00","875.25","72.58K","-1.88%"
"06/07/2017","899.45","880.00","919.75","880.00","181.08K","+2.25%"
"06/06/2017","879.70","875.00","885.00","875.00","86.15K","+1.14%"
"06/05/2017","869.75","869.00","874.80","866.00","108.74K","+0.14%"
"06/02/2017","868.55","839.05","874.70","836.90","101.02K","+3.39%"
"06/01/2017","840.05","823.00","845.00","820.05","81.45K","-0.16%"
"05/31/2017","841.40","815.00","854.70","803.65","340.91K","+3.30%"
"05/30/2017","814.50","818.20","820.40","810.65","24.89K","-0.45%"
"05/29/2017","818.20","820.00","833.20","817.25","23.89K","+0.63%"
"05/26/2017","813.10","819.85","822.00","805.25","44.84K","-0.74%"
"05/25/2017","819.20","817.90","827.00","810.20","36.41K","-1.44%"
"05/24/2017","831.20","809.50","850.00","795.10","180.68K","+3.66%"
"05/23/2017","801.85","809.60","810.00","785.25","63.65K","-0.42%"
"05/22/2017","805.20","801.00","809.00","799.50","160.90K","+0.54%"
"05/19/2017","800.85","800.85","806.70","790.25","42.12K","-0.37%"
"05/18/2017","803.85","792.10","812.05","792.10","33.20K","-0.43%"
"05/17/2017","807.35","806.75","810.70","802.00","49.08K","+1.06%"
"05/16/2017","798.90","823.00","823.90","793.50","105.25K","-2.69%"
"05/15/2017","820.95","816.20","830.00","814.65","115.99K","+1.25%"
"05/12/2017","810.80","800.00","821.20","782.20","174.01K","+1.64%"
"05/11/2017","797.70","809.00","819.70","794.30","76.93K","-1.48%"
"05/10/2017","809.65","801.85","819.90","796.05","87.95K","+1.85%"
"05/09/2017","794.95","802.50","802.50","791.40","26.55K","-0.11%"
"05/08/2017","795.80","790.00","805.00","790.00","22.59K","-0.23%"
"05/05/2017","797.65","801.25","805.00","790.00","22.73K","-0.89%"
"05/04/2017","804.80","804.15","816.00","802.00","45.54K","+0.33%"
"05/03/2017","802.15","808.00","820.45","796.75","21.98K","-1.15%"
"05/02/2017","811.45","810.50","826.80","800.25","21.48K","+0.66%"
"04/28/2017","806.10","810.65","827.00","788.00","60.32K","-0.08%"
"04/27/2017","806.75","821.65","824.60","805.00","23.31K","-1.81%"
"04/26/2017","821.65","839.90","841.00","817.00","38.90K","-1.34%"
"04/25/2017","832.85","845.10","845.10","830.05","58.56K","-1.27%"
"04/24/2017","843.60","830.00","857.40","815.60","36.71K","+1.98%"
"04/21/2017","827.25","832.00","838.00","815.50","67.82K","-0.30%"
"04/20/2017","829.75","801.00","834.00","801.00","54.98K","+1.97%"
"04/19/2017","813.75","822.00","828.50","810.25","39.61K","-0.53%"
"04/18/2017","818.05","827.00","840.00","815.00","29.03K","-0.38%"
"04/17/2017","821.20","838.85","856.60","813.00","185.98K","-1.33%"
"04/13/2017","832.25","831.00","850.00","825.00","69.55K","-0.07%"
"04/12/2017","832.85","840.00","841.00","811.00","63.38K","-0.50%"
"04/11/2017","837.00","833.10","851.00","833.00","70.65K","+0.66%"
"04/10/2017","831.50","801.00","849.00","801.00","139.24K","+3.88%"
"04/07/2017","800.45","772.30","830.00","772.30","143.21K","+2.55%"
"04/06/2017","780.55","782.20","784.70","774.10","27.58K","+0.03%"
"04/05/2017","780.30","773.00","789.00","770.00","73.14K","+1.38%"
"04/03/2017","769.70","765.40","788.20","765.00","82.99K","+0.16%"
"03/31/2017","768.50","755.00","774.70","745.00","209.19K","+2.54%"
"03/30/2017","749.50","726.00","758.55","726.00","167.53K","+1.97%"
"03/29/2017","735.00","715.10","754.00","714.00","111.46K","+2.25%"
"03/28/2017","718.85","725.05","729.65","715.35","50.64K","-0.52%"
"03/27/2017","722.60","737.10","737.10","716.05","37.33K","-0.71%"
"03/24/2017","727.75","739.65","745.00","725.00","30.88K","-1.50%"
"03/23/2017","738.80","749.00","749.00","732.00","77.27K","+1.64%"
"03/22/2017","726.90","695.10","744.95","694.15","113.96K","+3.00%"
"03/21/2017","705.75","692.00","712.70","692.00","35.79K","+0.69%"
"03/20/2017","700.90","690.20","711.80","690.20","40.22K","+0.31%"
"03/17/2017","698.75","705.10","706.15","690.60","15.85K","-0.79%"
"03/16/2017","704.30","707.00","708.00","693.55","67.21K","+0.54%"
"03/15/2017","700.50","685.10","707.90","685.10","69.00K","+0.34%"
"03/14/2017","698.10","709.80","710.95","691.55","34.64K","+1.44%"
"03/10/2017","688.20","704.40","706.95","686.20","25.99K","-1.59%"
"03/09/2017","699.35","697.15","708.40","691.15","14.19K","-0.39%"
"03/08/2017","702.10","697.75","707.95","686.00","31.45K","+0.29%"
"03/07/2017","700.10","691.00","712.85","687.00","66.96K","+1.28%"
"03/06/2017","691.25","697.90","704.30","685.70","33.19K","+0.47%"
"03/03/2017","688.05","704.40","708.00","685.10","53.47K","-1.97%"
"03/02/2017","701.85","719.95","729.00","700.00","67.43K","-1.94%"
"03/01/2017","715.70","701.25","721.25","701.25","51.55K","+1.39%"
"02/28/2017","705.90","720.00","724.70","703.20","51.86K","-1.36%"
"02/27/2017","715.60","695.00","721.00","689.35","168.30K","+3.58%"
"02/23/2017","690.85","673.00","703.95","673.00","186.60K","+3.30%"
"02/22/2017","668.80","672.05","676.00","664.00","32.93K","-0.56%"
"02/21/2017","672.55","671.60","680.00","666.00","72.73K","+0.10%"
"02/20/2017","671.85","660.55","675.00","656.60","98.94K","+1.21%"
"02/17/2017","663.80","662.55","667.00","653.05","176.69K","+0.35%"
"02/16/2017","661.50","667.40","671.40","655.70","23.62K","-0.43%"
"02/15/2017","664.35","676.50","679.70","650.10","89.12K","-1.63%"
"02/14/2017","675.35","655.10","681.90","652.35","302.53K","+2.98%"
"02/13/2017","655.80","638.00","658.80","633.05","141.16K","+2.37%"
"02/10/2017","640.60","624.00","648.75","620.00","302.04K","+3.31%"
"02/09/2017","620.05","634.00","635.05","615.80","230.93K","-1.82%"
"02/08/2017","631.55","639.95","645.00","628.00","55.63K","-1.01%"
"02/07/2017","638.00","638.85","644.75","633.00","42.58K","-0.28%"
"02/06/2017","639.80","630.10","645.70","630.10","54.01K","+0.90%"
"02/03/2017","634.10","639.70","643.90","631.35","97.30K","-1.03%"
"02/02/2017","640.70","630.00","644.40","625.00","76.20K","+1.21%"
"02/01/2017","633.05","620.00","635.00","608.00","88.03K","+2.95%"
"01/31/2017","614.90","627.00","633.70","596.00","219.58K","-1.72%"
"01/30/2017","625.65","601.65","630.00","601.65","95.61K","+2.75%"
"01/27/2017","608.90","614.00","619.45","605.05","62.22K","-0.54%"
"01/25/2017","612.20","599.90","617.45","598.05","217.28K","+2.62%"
"01/24/2017","596.55","580.20","603.90","580.20","66.24K","+2.10%"
"01/23/2017","584.30","586.00","592.50","581.00","36.24K","-0.35%"
"01/20/2017","586.35","595.10","600.35","582.50","27.83K","-2.49%"
"01/19/2017","601.35","596.00","609.80","590.55","111.36K","+1.24%"
"01/18/2017","594.00","585.30","604.00","585.30","88.26K","+1.84%"
"01/17/2017","583.25","586.30","597.40","578.25","568.16K","-0.17%"
"01/16/2017","584.25","586.20","589.55","580.00","46.09K","-0.48%"
"01/13/2017","587.05","602.00","605.90","584.00","88.40K","-2.20%"
"01/12/2017","600.25","577.80","608.00","568.95","475.18K","+4.54%"
"01/11/2017","574.20","579.50","592.00","570.10","208.12K","+2.88%"
"01/10/2017","558.15","564.85","567.90","555.55","77.28K","-0.98%"
"01/09/2017","563.70","560.00","572.40","558.00","22.75K","+0.15%"
"01/06/2017","562.85","573.55","578.10","561.15","31.00K","-1.87%"
"01/05/2017","573.55","573.90","586.00","570.55","42.38K","+0.39%"
"01/04/2017","571.30","568.00","579.80","568.00","14.70K","-0.25%"
"01/03/2017","572.75","581.90","583.95","570.90","22.09K","-1.00%"
"01/02/2017","578.55","580.00","587.30","573.00","29.24K","+0.31%"
"12/30/2016","576.75","565.05","589.70","559.05","100.00K","+1.22%"
"12/29/2016","569.80","565.00","577.80","565.00","41.96K","-0.08%"
"12/28/2016","570.25","549.50","578.80","547.30","88.24K","+3.97%"
"12/27/2016","548.45","535.10","552.90","535.10","32.05K","+1.09%"
"12/26/2016","542.55","560.90","561.00","536.50","22.77K","-3.37%"
"12/23/2016","561.45","562.10","568.00","556.00","26.76K","+0.60%"
"12/22/2016","558.10","569.00","570.00","554.20","29.45K","-1.70%"
"12/21/2016","567.75","574.00","574.90","563.50","68.48K","-0.33%"
"12/20/2016","569.65","575.00","576.50","566.00","20.83K","-0.76%"
"12/19/2016","574.00","576.95","583.85","568.10","81.71K","+0.15%"
"12/16/2016","573.15","565.25","580.50","565.25","115.22K","+1.52%"
"12/15/2016","564.55","566.65","574.45","562.60","35.56K","-0.99%"
"12/14/2016","570.20","573.95","578.00","567.00","75.44K","+0.17%"
"12/13/2016","569.25","571.00","580.00","568.10","35.63K","-0.45%"
"12/12/2016","571.85","575.30","582.50","568.55","70.12K","-1.28%"
"12/09/2016","579.25","585.40","590.85","577.00","43.01K","-0.83%"
"12/08/2016","584.10","593.90","600.75","582.10","193.85K","-1.08%"
"12/07/2016","590.45","571.00","600.45","569.95","586.91K","+4.22%"
"12/06/2016","566.55","569.45","574.45","563.50","103.54K","+0.04%"
"12/05/2016","566.35","570.00","583.75","559.00","151.24K","-1.14%"
"12/02/2016","572.90","584.45","586.30","565.10","98.66K","-1.98%"
"12/01/2016","584.45","596.00","597.55","577.10","92.94K","-1.48%"
"11/30/2016","593.20","584.00","601.75","580.30","309.49K","+1.63%"
"11/29/2016","583.70","564.40","594.85","559.20","520.68K","+3.74%"
"11/28/2016","562.65","548.90","576.85","542.45","246.03K","+3.16%"
"11/25/2016","545.40","548.00","555.00","541.30","165.07K","+0.89%"
"11/24/2016","540.60","543.00","548.00","534.00","174.14K","-0.89%"
"11/23/2016","545.45","534.25","550.30","528.00","264.46K","+2.96%"
"11/22/2016","529.75","527.85","534.70","522.00","268.59K","+1.30%"
"11/21/2016","522.95","538.75","538.75","518.75","514.45K","-3.59%"
"11/18/2016","542.40","547.90","554.00","527.00","472.68K","-0.99%"
"11/17/2016","547.80","567.05","573.00","543.30","382.90K","-3.39%"
"11/16/2016","567.05","595.10","598.70","558.50","260.80K","-3.31%"
"11/15/2016","586.45","599.95","599.95","548.50","552.42K","-1.50%"
"11/11/2016","595.40","620.00","629.00","588.00","337.19K","-5.84%"
"11/10/2016","632.35","644.40","648.25","624.00","341.77K","-0.15%"
"11/09/2016","633.30","548.00","646.95","526.00","685.90K","+1.44%"
"11/08/2016","624.30","615.00","632.00","606.25","398.60K","+1.62%"
"11/07/2016","614.35","603.00","621.85","598.00","532.11K","+3.42%"
"11/04/2016","594.05","605.10","608.75","582.00","322.51K","-1.74%"
"11/03/2016","604.55","599.10","619.40","599.10","354.76K","+0.44%"
"11/02/2016","601.90","604.90","614.40","588.20","644.22K","-1.11%"
"11/01/2016","608.65","618.00","621.75","606.10","214.67K","-2.52%"
"10/28/2016","624.40","612.05","628.70","612.05","401.34K","+2.02%"
"10/27/2016","612.05","615.00","617.95","605.00","359.11K","-0.50%"
"10/26/2016","615.15","622.55","627.45","607.00","514.57K","-1.80%"
"10/25/2016","626.40","627.40","634.45","618.75","633.02K","-0.16%"
"10/24/2016","627.40","631.90","634.00","620.05","942.30K","+0.14%"
"10/21/2016","626.50","614.00","631.40","605.60","3.19M","+2.13%"
"10/20/2016","613.45","659.95","674.45","608.05","8.61M","-6.26%"
"10/19/2016","654.40","572.00","654.40","572.00","36.50M","+0.00%"
