"Date","Price","Open","High","Low","Vol.","Change %"
"07/13/2026","11.24","10.91","11.43","10.80","3.35M","+1.90%"
"07/10/2026","11.03","11.00","11.09","10.94","909.07K","+1.29%"
"07/09/2026","10.89","10.84","11.02","10.77","1.37M","+0.93%"
"07/08/2026","10.79","10.97","11.03","10.70","1.73M","-2.71%"
"07/07/2026","11.09","11.14","11.16","10.91","932.06K","-0.54%"
"07/06/2026","11.15","11.38","11.38","11.08","1.07M","-1.33%"
"07/03/2026","11.30","11.51","11.56","11.20","1.49M","-0.96%"
"07/02/2026","11.41","11.59","11.60","11.36","1.55M","+0.53%"
"07/01/2026","11.35","11.16","11.72","11.16","3.57M","+1.79%"
"06/30/2026","11.15","11.14","11.25","11.05","1.97M","+0.09%"
"06/29/2026","11.14","11.60","11.62","10.55","3.22M","-5.03%"
"06/25/2026","11.73","12.05","12.10","11.60","2.87M","-0.76%"
"06/24/2026","11.82","11.82","11.99","11.50","3.96M","+0.68%"
"06/23/2026","11.74","12.31","12.45","11.65","6.03M","-3.77%"
"06/22/2026","12.20","12.24","12.56","12.05","7.24M","+0.16%"
"06/19/2026","12.18","11.87","12.89","11.60","32.96M","+5.00%"
"06/18/2026","11.60","11.16","11.98","11.15","9.55M","+3.39%"
"06/17/2026","11.22","11.15","11.34","11.15","2.59M","+0.54%"
"06/16/2026","11.16","11.12","11.39","11.10","2.69M","-0.45%"
"06/15/2026","11.21","10.80","11.46","10.80","7.94M","+4.96%"
"06/12/2026","10.68","10.62","10.72","10.43","1.56M","+3.19%"
"06/11/2026","10.35","10.50","10.60","10.30","1.40M","-2.91%"
"06/10/2026","10.66","10.90","10.91","10.56","1.54M","-1.48%"
"06/09/2026","10.82","10.96","11.08","10.68","2.15M","+0.19%"
"06/08/2026","10.80","10.92","11.10","10.72","2.87M","-2.53%"
"06/05/2026","11.08","10.48","11.39","10.48","10.91M","+4.82%"
"06/04/2026","10.57","10.45","10.68","10.37","1.47M","+0.57%"
"06/03/2026","10.51","10.57","10.65","10.40","1.54M","-1.59%"
"06/02/2026","10.68","10.38","10.88","10.33","2.78M","+1.04%"
"06/01/2026","10.57","10.88","10.92","10.55","2.31M","-2.13%"
"05/29/2026","10.80","11.00","11.11","10.71","3.12M","-1.64%"
"05/27/2026","10.98","10.65","11.05","10.52","3.47M","+3.78%"
"05/26/2026","10.58","10.43","10.68","10.38","2.01M","+1.05%"
"05/25/2026","10.47","10.20","10.71","10.20","2.59M","+3.25%"
"05/22/2026","10.14","10.16","10.18","10.08","739.26K","-0.29%"
"05/21/2026","10.17","10.15","10.33","10.13","1.89M","+0.20%"
"05/20/2026","10.15","10.18","10.19","10.01","1.22M","-0.39%"
"05/19/2026","10.19","10.01","10.29","10.01","2.07M","+1.49%"
"05/18/2026","10.04","10.11","10.18","9.92","1.59M","-2.05%"
"05/15/2026","10.25","10.43","10.47","10.20","1.77M","-1.63%"
"05/14/2026","10.42","10.64","10.74","10.36","2.20M","-2.07%"
"05/13/2026","10.64","10.55","10.84","10.42","2.28M","+0.85%"
"05/12/2026","10.55","10.66","10.81","10.51","2.04M","-2.68%"
"05/11/2026","10.84","10.99","10.99","10.76","1.89M","-2.17%"
"05/08/2026","11.08","11.08","11.16","11.02","1.14M","-0.98%"
"05/07/2026","11.19","11.20","11.25","11.05","1.84M","+0.63%"
"05/06/2026","11.12","10.85","11.25","10.85","2.29M","+2.21%"
"05/05/2026","10.88","10.86","10.97","10.75","2.22M","+0.18%"
"05/04/2026","10.86","11.09","11.19","10.18","2.36M","-1.36%"
"04/30/2026","11.01","11.02","11.07","10.90","1.56M","-0.72%"
"04/29/2026","11.09","11.06","11.20","11.06","1.84M","+0.00%"
"04/28/2026","11.09","11.10","11.17","11.05","1.73M","-0.09%"
"04/27/2026","11.10","11.03","11.15","11.02","1.38M","+0.73%"
"04/24/2026","11.02","11.15","11.20","10.97","1.95M","-0.81%"
"04/23/2026","11.11","11.05","11.45","11.05","3.07M","-0.45%"
"04/22/2026","11.16","11.02","11.19","11.02","1.65M","+0.63%"
"04/21/2026","11.09","11.00","11.21","10.96","2.05M","+0.36%"
"04/20/2026","11.05","11.34","11.39","11.00","3.77M","-4.66%"
"04/17/2026","11.59","11.50","11.91","11.47","3.32M","+1.05%"
"04/16/2026","11.47","11.76","11.76","11.31","2.88M","-0.69%"
"04/15/2026","11.55","11.89","11.89","11.50","3.34M","+2.48%"
"04/13/2026","11.27","11.00","11.57","10.95","4.76M","-0.79%"
"04/10/2026","11.36","10.90","11.49","10.80","6.50M","+6.17%"
"04/09/2026","10.70","10.71","10.99","10.56","3.92M","+0.85%"
"04/08/2026","10.61","10.74","10.74","10.30","3.11M","+4.84%"
"04/07/2026","10.12","10.00","10.29","9.90","2.51M","+0.50%"
"04/06/2026","10.07","9.95","10.15","9.69","2.98M","+2.97%"
"04/02/2026","9.78","9.52","9.86","9.30","2.61M","+1.03%"
"04/01/2026","9.68","9.05","9.75","8.91","4.43M","+9.13%"
"03/30/2026","8.87","9.26","9.26","8.76","4.37M","-4.62%"
"03/27/2026","9.30","9.76","9.77","9.26","8.09M","-4.71%"
"03/25/2026","9.76","9.50","9.85","9.50","3.76M","+3.28%"
"03/24/2026","9.45","9.37","9.60","9.26","2.67M","+1.50%"
"03/23/2026","9.31","9.75","9.75","9.27","3.08M","-5.39%"
"03/20/2026","9.84","9.81","10.02","9.78","2.16M","+0.41%"
"03/19/2026","9.80","9.91","10.06","9.77","1.83M","-2.97%"
"03/18/2026","10.10","9.85","10.15","9.85","2.90M","+2.85%"
"03/17/2026","9.82","9.80","9.85","9.71","5.45M","+0.61%"
"03/16/2026","9.76","9.84","9.87","9.58","2.29M","-0.91%"
"03/13/2026","9.85","10.03","10.06","9.82","2.25M","-1.89%"
"03/12/2026","10.04","10.10","10.17","9.92","2.81M","-0.20%"
"03/11/2026","10.06","10.15","10.30","10.03","1.70M","-0.59%"
"03/10/2026","10.12","10.20","10.22","10.02","2.00M","+0.90%"
"03/09/2026","10.03","10.00","10.10","9.88","1.72M","-1.57%"
"03/06/2026","10.19","10.15","10.41","10.11","9.56M","+0.10%"
"03/05/2026","10.18","10.08","10.36","10.08","5.17M","+0.59%"
"03/04/2026","10.12","10.10","10.21","9.99","1.91M","-1.84%"
"03/02/2026","10.31","10.10","10.49","10.10","2.27M","-3.82%"
"02/27/2026","10.72","10.70","10.80","10.56","1.47M","+0.19%"
"02/26/2026","10.70","10.69","10.90","10.60","1.58M","+0.85%"
"02/25/2026","10.61","10.71","10.80","10.51","1.88M","-0.84%"
"02/24/2026","10.70","10.85","10.93","10.60","2.02M","-2.46%"
"02/23/2026","10.97","11.08","11.24","10.86","2.04M","-0.99%"
"02/20/2026","11.08","11.01","11.30","10.60","2.44M","-0.72%"
"02/19/2026","11.16","11.35","11.42","11.10","9.00M","-1.59%"
"02/18/2026","11.34","11.29","11.48","11.26","1.69M","-0.44%"
"02/17/2026","11.39","11.13","11.80","11.00","2.52M","+2.34%"
"02/16/2026","11.13","11.10","11.20","10.96","1.92M","-0.98%"
"02/13/2026","11.24","11.40","11.50","11.04","1.57M","-1.83%"
"02/12/2026","11.45","11.70","11.72","11.37","2.40M","-1.80%"
"02/11/2026","11.66","11.69","11.70","11.53","1.73M","-0.77%"
"02/10/2026","11.75","11.82","12.05","11.40","2.69M","-0.42%"
"02/09/2026","11.80","11.22","11.89","11.19","3.19M","+5.17%"
"02/06/2026","11.22","11.03","11.30","10.99","1.98M","+0.72%"
"02/05/2026","11.14","11.24","11.35","11.02","1.53M","-1.15%"
"02/04/2026","11.27","11.07","11.34","10.90","2.25M","+2.18%"
"02/03/2026","11.03","11.20","11.27","10.85","2.36M","+1.94%"
"02/02/2026","10.82","10.84","10.96","10.40","2.51M","-0.18%"
"02/01/2026","10.84","10.70","11.04","10.40","2.82M","+2.26%"
"01/30/2026","10.60","10.37","10.76","10.01","2.70M","+1.73%"
"01/29/2026","10.42","10.66","10.72","10.34","2.58M","-2.25%"
"01/28/2026","10.66","10.25","10.73","10.24","2.51M","+4.20%"
"01/27/2026","10.23","10.40","10.51","10.04","4.78M","+0.10%"
"01/23/2026","10.22","11.30","11.30","9.91","7.73M","-9.56%"
"01/22/2026","11.30","11.01","11.54","11.01","2.27M","+2.73%"
"01/21/2026","11.00","11.35","11.35","10.93","3.44M","-3.25%"
"01/20/2026","11.37","11.91","11.92","11.30","2.86M","-4.61%"
"01/19/2026","11.92","12.00","12.00","11.74","2.04M","-0.91%"
"01/16/2026","12.03","12.04","12.19","11.96","2.27M","+0.17%"
"01/14/2026","12.01","11.91","12.05","11.91","1.41M","+0.33%"
"01/13/2026","11.97","11.98","12.16","11.90","1.86M","+0.00%"
"01/12/2026","11.97","11.98","12.04","11.80","2.10M","-1.16%"
"01/09/2026","12.11","12.17","12.20","11.97","2.02M","-0.41%"
"01/08/2026","12.16","12.48","12.48","12.11","1.83M","-2.09%"
"01/07/2026","12.42","12.31","12.50","12.31","1.29M","-0.64%"
"01/06/2026","12.50","12.43","12.56","12.34","1.25M","+0.24%"
"01/05/2026","12.47","12.70","12.72","12.42","2.21M","-1.66%"
"01/02/2026","12.68","12.45","12.70","12.40","1.46M","+1.85%"
"01/01/2026","12.45","12.46","12.58","12.41","899.38K","+0.16%"
"12/31/2025","12.43","12.35","12.55","12.35","1.92M","+0.32%"
"12/30/2025","12.39","12.25","12.45","12.25","1.14M","+0.24%"
"12/29/2025","12.36","12.54","12.65","12.32","1.25M","-1.83%"
"12/26/2025","12.59","12.50","12.65","12.45","1.23M","+0.32%"
"12/24/2025","12.55","12.83","12.85","12.51","1.81M","-1.95%"
"12/23/2025","12.80","12.54","12.89","12.50","1.51M","+1.83%"
"12/22/2025","12.57","12.40","12.65","12.40","1.89M","+1.13%"
"12/19/2025","12.43","12.21","12.51","12.18","1.41M","+1.80%"
"12/18/2025","12.21","12.35","12.39","12.20","1.47M","-1.69%"
"12/17/2025","12.42","12.58","12.58","12.34","1.52M","-1.27%"
"12/16/2025","12.58","12.91","12.98","12.49","1.54M","-2.78%"
"12/15/2025","12.94","12.65","13.00","12.55","1.82M","+2.29%"
"12/12/2025","12.65","12.60","12.73","12.55","1.09M","+0.08%"
"12/11/2025","12.64","12.76","12.82","12.59","1.22M","-1.56%"
"12/10/2025","12.84","12.65","12.99","12.53","2.23M","+2.56%"
"12/09/2025","12.52","12.30","12.77","12.02","16.21M","+1.29%"
"12/08/2025","12.36","12.57","12.67","12.25","2.14M","-2.68%"
"12/05/2025","12.70","12.81","12.85","12.62","1.31M","-1.09%"
"12/04/2025","12.84","12.85","12.95","12.80","715.83K","-0.85%"
"12/03/2025","12.95","12.95","13.03","12.83","1.10M","-0.31%"
"12/02/2025","12.99","12.87","13.10","12.76","1.27M","+0.39%"
"12/01/2025","12.94","13.12","13.19","12.81","1.37M","-0.99%"
"11/28/2025","13.07","13.11","13.24","12.95","999.63K","+0.08%"
"11/27/2025","13.06","13.20","13.26","12.98","997.05K","-0.46%"
"11/26/2025","13.12","13.07","13.25","12.95","1.56M","+0.69%"
"11/25/2025","13.03","12.69","13.49","12.54","1.99M","+2.20%"
"11/24/2025","12.75","13.10","13.10","12.61","2.04M","-2.30%"
"11/21/2025","13.05","13.25","13.25","13.01","895.75K","-1.44%"
"11/20/2025","13.24","13.25","13.35","13.19","1.45M","+0.53%"
"11/19/2025","13.17","13.15","13.22","13.11","1.01M","-0.23%"
"11/18/2025","13.20","13.29","13.37","13.16","932.42K","-0.68%"
"11/17/2025","13.29","13.17","13.39","13.17","1.51M","+0.45%"
"11/14/2025","13.23","13.16","13.30","13.11","960.52K","+0.30%"
"11/13/2025","13.19","13.19","13.33","13.14","786.44K","-0.15%"
"11/12/2025","13.21","13.20","13.32","13.18","870.72K","-0.08%"
"11/11/2025","13.22","13.25","13.26","13.13","803.93K","-0.15%"
"11/10/2025","13.24","13.35","13.40","13.18","910.15K","-0.75%"
"11/07/2025","13.34","13.20","13.40","13.15","1.42M","+0.08%"
"11/06/2025","13.33","13.65","13.66","13.25","2.23M","-2.42%"
"11/04/2025","13.66","13.74","13.78","13.61","1.06M","-0.44%"
"11/03/2025","13.72","13.81","13.86","13.70","1.27M","-0.65%"
"10/31/2025","13.81","13.82","13.90","13.75","1.21M","-0.14%"
"10/30/2025","13.83","13.83","13.93","13.78","985.85K","-0.07%"
"10/29/2025","13.84","13.80","13.87","13.71","1.14M","+0.73%"
"10/28/2025","13.74","13.84","13.84","13.70","1.02M","-0.43%"
"10/27/2025","13.80","13.77","13.85","13.75","1.33M","+0.22%"
"10/24/2025","13.77","13.85","13.85","13.72","1.33M","-0.07%"
"10/23/2025","13.78","13.69","13.88","13.57","2.20M","+1.32%"
"10/21/2025","13.60","13.66","13.66","13.42","519.83K","+1.34%"
"10/20/2025","13.42","13.55","13.65","13.40","1.46M","-0.74%"
"10/17/2025","13.52","13.45","13.72","13.45","2.15M","-1.10%"
"10/16/2025","13.67","13.80","13.86","13.20","2.41M","-2.08%"
"10/15/2025","13.96","13.86","14.00","13.83","1.65M","+1.16%"
"10/14/2025","13.80","14.02","14.04","13.72","2.01M","-1.57%"
"10/13/2025","14.02","14.10","14.12","13.88","1.58M","-1.27%"
"10/10/2025","14.20","13.90","14.34","13.90","2.38M","+1.72%"
"10/09/2025","13.96","13.90","14.05","13.86","1.02M","-0.14%"
"10/08/2025","13.98","14.05","14.05","13.92","1.70M","-0.36%"
"10/07/2025","14.03","14.12","14.15","14.00","1.44M","-0.64%"
"10/06/2025","14.12","14.34","14.38","14.10","1.60M","-0.84%"
"10/03/2025","14.24","14.04","14.30","14.02","2.04M","+1.50%"
"10/01/2025","14.03","14.07","14.14","13.90","2.02M","+0.29%"
"09/30/2025","13.99","13.80","14.08","13.74","1.52M","+2.12%"
"09/29/2025","13.70","14.20","14.22","13.50","4.93M","-3.45%"
"09/26/2025","14.19","14.29","14.36","14.06","1.30M","-0.91%"
"09/25/2025","14.32","14.50","14.56","14.30","1.38M","-1.04%"
"09/24/2025","14.47","14.77","14.78","14.41","1.81M","-1.90%"
"09/23/2025","14.75","14.87","14.90","14.70","1.65M","-0.74%"
"09/22/2025","14.86","15.08","15.12","14.80","1.22M","-1.46%"
"09/19/2025","15.08","15.00","15.10","14.92","1.48M","+0.53%"
"09/18/2025","15.00","15.10","15.20","14.95","1.19M","-0.20%"
"09/17/2025","15.03","15.07","15.25","14.95","2.28M","+0.60%"
"09/16/2025","14.94","14.92","15.25","14.81","3.21M","+0.27%"
"09/15/2025","14.90","14.88","14.95","14.81","1.23M","+0.47%"
"09/12/2025","14.83","14.85","14.95","14.75","1.17M","-0.20%"
"09/11/2025","14.86","14.87","15.08","14.84","1.25M","-0.07%"
"09/10/2025","14.87","14.68","14.99","14.68","1.18M","+1.36%"
"09/09/2025","14.67","14.80","14.85","14.62","1.05M","-0.88%"
"09/08/2025","14.80","14.68","14.90","14.56","1.72M","+1.23%"
"09/05/2025","14.62","14.67","14.70","14.40","1.64M","-0.34%"
"09/04/2025","14.67","14.84","15.05","14.61","1.82M","-0.54%"
"09/03/2025","14.75","14.54","14.83","14.54","1.97M","+1.24%"
"09/02/2025","14.57","14.50","14.70","14.45","1.92M","+0.55%"
"09/01/2025","14.49","14.58","14.72","14.45","1.38M","-0.82%"
"08/29/2025","14.61","14.66","14.79","14.56","1.08M","-0.88%"
"08/28/2025","14.74","14.60","14.80","14.54","1.40M","+0.27%"
"08/26/2025","14.70","14.61","14.89","14.56","1.23M","-0.20%"
"08/25/2025","14.73","14.75","14.85","14.69","1.04M","-0.14%"
"08/22/2025","14.75","14.91","15.04","14.64","1.22M","-1.54%"
"08/21/2025","14.98","14.90","15.12","14.90","8.78M","+0.13%"
"08/20/2025","14.96","14.80","15.03","14.70","1.80M","+1.29%"
"08/19/2025","14.77","14.41","14.91","14.35","2.55M","+2.21%"
"08/18/2025","14.45","14.37","14.54","14.36","1.47M","+0.77%"
"08/14/2025","14.34","14.42","14.49","14.30","732.76K","-0.62%"
"08/13/2025","14.43","14.38","14.54","14.35","1.32M","+0.35%"
"08/12/2025","14.38","14.20","14.50","14.20","1.40M","+0.28%"
"08/11/2025","14.34","14.50","14.50","14.14","1.92M","-0.62%"
"08/08/2025","14.43","14.27","14.50","14.15","2.03M","+0.77%"
"08/07/2025","14.32","14.40","14.45","14.02","2.84M","-1.10%"
"08/06/2025","14.48","14.71","14.73","14.37","2.10M","-1.56%"
"08/05/2025","14.71","14.85","14.90","14.69","1.62M","-1.01%"
"08/04/2025","14.86","15.03","15.15","14.73","2.77M","-1.59%"
"08/01/2025","15.10","14.90","15.44","14.85","4.69M","+0.80%"
"07/31/2025","14.98","14.88","15.11","14.60","2.90M","-0.20%"
"07/30/2025","15.01","15.12","15.20","14.91","2.01M","-0.73%"
"07/29/2025","15.12","14.78","15.80","14.60","5.05M","+1.75%"
"07/28/2025","14.86","15.15","15.35","14.78","3.96M","-2.17%"
"07/25/2025","15.19","15.53","15.61","15.11","3.30M","-2.50%"
"07/24/2025","15.58","15.76","15.79","15.49","3.66M","-0.45%"
"07/23/2025","15.65","15.77","15.89","15.44","5.96M","+0.00%"
"07/22/2025","15.65","15.95","16.02","15.58","4.51M","-1.39%"
"07/21/2025","15.87","16.30","16.34","15.81","6.35M","-2.40%"
"07/18/2025","16.26","16.60","16.71","16.08","7.55M","-1.57%"
"07/17/2025","16.52","16.91","17.21","16.42","19.52M","-1.31%"
"07/16/2025","16.74","16.13","17.98","16.04","104.69M","+6.35%"
"07/15/2025","15.74","15.80","16.05","15.68","4.62M","+0.70%"
"07/14/2025","15.63","15.38","15.77","15.23","3.24M","+1.76%"
"07/11/2025","15.36","15.59","15.79","15.25","3.07M","-1.41%"
"07/10/2025","15.58","15.80","15.89","15.53","2.41M","-1.52%"
"07/09/2025","15.82","15.90","16.07","15.77","2.59M","-0.75%"
"07/08/2025","15.94","15.96","16.19","15.82","4.30M","-0.38%"
"07/07/2025","16.00","15.91","16.17","15.87","4.93M","+0.06%"
"07/04/2025","15.99","15.91","16.12","15.89","3.13M","+0.19%"
"07/03/2025","15.96","15.81","16.04","15.72","2.57M","+0.63%"
"07/02/2025","15.86","16.06","16.16","15.72","3.19M","-0.94%"
"07/01/2025","16.01","15.99","16.25","15.92","2.05M","+0.13%"
"06/30/2025","15.99","16.08","16.38","15.93","4.86M","-0.25%"
"06/27/2025","16.03","16.09","16.17","15.91","3.33M","-0.25%"
"06/26/2025","16.07","16.14","16.27","15.81","6.26M","+0.12%"
"06/25/2025","16.05","15.23","16.57","15.21","23.32M","+5.87%"
"06/24/2025","15.16","14.96","15.39","14.96","3.19M","+2.16%"
"06/23/2025","14.84","14.82","14.95","14.67","2.17M","-0.13%"
"06/20/2025","14.86","14.62","14.95","14.57","3.13M","+1.64%"
"06/19/2025","14.62","15.02","15.05","14.55","3.76M","-1.81%"
"06/18/2025","14.89","15.05","15.14","14.75","3.06M","-1.00%"
"06/17/2025","15.04","15.30","15.56","15.00","3.10M","-1.18%"
"06/16/2025","15.22","15.53","15.65","15.11","3.77M","-1.87%"
"06/13/2025","15.51","15.21","15.65","15.21","2.94M","-1.40%"
"06/12/2025","15.73","16.06","16.14","15.69","2.72M","-2.05%"
"06/11/2025","16.06","16.12","16.30","15.95","4.50M","+0.44%"
"06/10/2025","15.99","15.88","16.20","15.83","4.94M","+1.20%"
"06/09/2025","15.80","15.64","15.90","15.64","2.43M","+1.48%"
"06/06/2025","15.57","15.83","15.85","15.51","2.32M","-1.14%"
"06/05/2025","15.75","15.80","16.24","15.70","2.87M","+0.13%"
"06/04/2025","15.73","15.88","15.91","15.44","2.57M","+0.13%"
"06/03/2025","15.71","16.01","16.15","15.63","2.70M","-1.57%"
"06/02/2025","15.96","16.00","16.13","15.76","3.53M","-0.25%"
"05/30/2025","16.00","15.57","16.18","15.45","7.15M","+2.76%"
"05/29/2025","15.57","15.54","15.74","15.51","2.72M","+0.32%"
"05/28/2025","15.52","15.34","15.70","15.28","3.20M","+1.11%"
"05/27/2025","15.35","15.30","15.41","15.21","2.13M","+0.33%"
"05/26/2025","15.30","15.30","15.49","15.20","2.19M","-0.07%"
"05/23/2025","15.31","15.17","15.49","14.85","4.57M","+0.99%"
"05/22/2025","15.16","15.20","15.62","15.07","4.91M","+0.07%"
"05/21/2025","15.15","15.03","15.20","14.99","2.35M","+0.93%"
"05/20/2025","15.01","15.23","15.35","14.88","2.70M","-1.31%"
"05/19/2025","15.21","15.10","15.51","15.09","3.93M","+1.20%"
"05/16/2025","15.03","14.99","15.13","14.78","3.56M","+1.21%"
"05/15/2025","14.85","14.75","14.97","14.63","3.68M","+1.64%"
"05/14/2025","14.61","14.55","14.75","14.44","2.47M","+1.53%"
"05/13/2025","14.39","14.19","14.58","14.19","3.88M","+1.41%"
"05/12/2025","14.19","13.80","14.34","13.61","5.53M","+7.83%"
"05/09/2025","13.16","12.90","13.65","12.76","12.29M","-0.53%"
"05/08/2025","13.23","13.41","13.62","13.15","2.95M","-1.27%"
"05/07/2025","13.40","13.20","13.50","13.12","2.96M","-0.30%"
"05/06/2025","13.44","13.74","13.89","13.35","2.90M","-2.18%"
"05/05/2025","13.74","13.74","13.80","13.62","2.00M","+0.96%"
"05/02/2025","13.61","13.43","13.70","13.43","2.92M","+0.81%"
"04/30/2025","13.50","13.90","13.99","13.42","3.66M","-2.95%"
"04/29/2025","13.91","14.09","14.23","13.87","2.93M","-0.78%"
"04/28/2025","14.02","14.12","14.15","13.79","3.00M","-0.07%"
"04/25/2025","14.03","14.75","14.84","13.78","7.14M","-4.75%"
"04/24/2025","14.73","14.73","15.20","14.61","5.37M","+0.00%"
"04/23/2025","14.73","14.74","14.92","14.25","9.33M","+1.80%"
"04/22/2025","14.47","14.35","14.70","14.15","7.84M","+2.55%"
"04/21/2025","14.11","13.99","14.19","13.75","4.59M","+1.36%"
"04/17/2025","13.92","13.66","14.24","13.50","15.95M","+1.90%"
"04/16/2025","13.66","13.44","13.72","13.20","3.08M","+2.09%"
"04/15/2025","13.38","13.25","13.43","13.12","2.66M","+2.61%"
"04/11/2025","13.04","13.10","13.14","12.95","1.93M","+1.72%"
"04/09/2025","12.82","13.00","13.01","12.70","1.68M","-1.31%"
"04/08/2025","12.99","12.70","13.07","12.64","2.68M","+4.25%"
"04/07/2025","12.46","12.52","12.79","11.94","5.05M","-4.08%"
"04/04/2025","12.99","13.45","13.54","12.89","4.30M","-3.99%"
"04/03/2025","13.53","13.36","13.66","13.00","2.80M","+1.27%"
"04/02/2025","13.36","13.50","13.55","13.15","2.12M","-0.67%"
"04/01/2025","13.45","13.00","13.57","13.00","4.11M","+3.46%"
"03/28/2025","13.00","13.15","13.60","12.95","5.19M","-0.61%"
"03/27/2025","13.08","12.82","13.50","12.82","8.64M","+0.46%"
"03/26/2025","13.02","13.33","13.57","13.00","5.21M","-2.33%"
"03/25/2025","13.33","14.06","14.20","13.23","6.92M","-4.38%"
"03/24/2025","13.94","13.86","14.20","13.86","4.87M","+1.68%"
"03/21/2025","13.71","13.60","13.90","13.47","5.18M","+1.41%"
"03/20/2025","13.52","13.89","13.90","13.49","4.35M","-0.22%"
"03/19/2025","13.55","13.30","13.68","13.27","4.22M","+2.96%"
"03/18/2025","13.16","13.10","13.38","13.06","3.58M","+1.15%"
"03/17/2025","13.01","13.32","13.40","12.96","3.11M","-1.44%"
"03/13/2025","13.20","13.38","13.59","13.15","2.42M","-1.35%"
"03/12/2025","13.38","13.65","13.74","13.32","2.47M","-0.89%"
"03/11/2025","13.50","13.65","13.75","13.30","3.33M","-1.82%"
"03/10/2025","13.75","14.34","14.46","13.70","3.93M","-2.96%"
"03/07/2025","14.17","13.99","14.45","13.92","4.25M","+1.94%"
"03/06/2025","13.90","13.75","13.96","13.68","3.05M","+2.58%"
"03/05/2025","13.55","13.13","13.63","13.12","3.05M","+3.20%"
"03/04/2025","13.13","12.80","13.37","12.68","3.50M","+1.08%"
"03/03/2025","12.99","13.23","13.35","12.55","5.10M","-1.74%"
"02/28/2025","13.22","13.52","13.62","13.14","3.16M","-3.64%"
"02/27/2025","13.72","13.98","14.15","13.35","2.05M","-1.29%"
"02/25/2025","13.90","14.14","14.17","13.70","4.37M","-0.57%"
"02/24/2025","13.98","14.09","14.12","13.81","1.77M","-1.34%"
"02/21/2025","14.17","14.23","14.50","14.10","2.34M","-0.98%"
"02/20/2025","14.31","14.09","14.45","14.03","2.62M","+1.20%"
"02/19/2025","14.14","13.53","14.28","12.80","7.38M","+4.51%"
"02/18/2025","13.53","13.63","13.85","13.24","3.24M","-0.73%"
"02/17/2025","13.63","13.90","13.98","13.34","3.84M","-2.22%"
"02/14/2025","13.94","14.30","14.42","13.83","2.84M","-2.79%"
"02/13/2025","14.34","14.25","14.55","14.24","3.05M","+1.13%"
"02/12/2025","14.18","14.63","14.71","13.85","5.00M","-3.08%"
"02/11/2025","14.63","14.75","14.90","14.39","3.63M","-1.35%"
"02/10/2025","14.83","14.60","15.15","14.60","8.89M","+0.88%"
"02/07/2025","14.70","14.98","15.09","12.61","25.13M","-2.33%"
"02/06/2025","15.05","14.94","15.25","14.84","5.02M","+1.42%"
"02/05/2025","14.84","14.84","15.09","14.80","2.80M","+0.61%"
"02/04/2025","14.75","14.88","15.00","14.65","2.93M","+0.20%"
"02/03/2025","14.72","15.01","15.08","14.68","2.73M","-2.97%"
"02/01/2025","15.17","15.10","15.60","14.98","4.69M","+0.93%"
"01/31/2025","15.03","15.00","15.06","14.84","3.26M","+0.74%"
"01/30/2025","14.92","15.20","15.29","14.86","3.09M","-0.93%"
"01/29/2025","15.06","14.85","15.21","14.82","2.23M","+1.89%"
"01/28/2025","14.78","15.00","15.02","14.42","3.66M","-0.67%"
"01/27/2025","14.88","15.06","15.09","14.85","2.64M","-1.98%"
"01/24/2025","15.18","15.03","15.30","15.02","2.40M","+0.00%"
"01/23/2025","15.18","15.36","15.39","15.05","2.75M","-1.24%"
"01/22/2025","15.37","15.78","15.90","15.14","4.54M","-3.15%"
"01/21/2025","15.87","16.20","16.25","15.77","4.16M","-0.06%"
"01/20/2025","15.88","15.20","15.97","15.19","6.10M","+5.24%"
"01/17/2025","15.09","15.10","15.30","14.95","3.67M","+0.07%"
"01/16/2025","15.08","15.19","15.25","14.98","2.53M","+0.60%"
"01/15/2025","14.99","15.04","15.70","14.76","9.30M","-1.64%"
"01/14/2025","15.24","14.75","15.44","14.61","5.29M","+4.81%"
"01/13/2025","14.54","15.01","15.17","14.47","5.23M","-4.34%"
"01/10/2025","15.20","15.85","15.86","15.15","3.65M","-3.68%"
"01/09/2025","15.78","15.74","15.94","15.66","2.48M","+0.13%"
"01/08/2025","15.76","15.95","16.00","15.61","2.71M","-0.38%"
"01/07/2025","15.82","15.80","16.00","15.57","3.97M","+0.51%"
"01/06/2025","15.74","16.50","16.53","15.59","4.77M","-3.61%"
"01/03/2025","16.33","16.20","16.47","16.18","3.70M","+0.99%"
"01/02/2025","16.17","16.22","16.59","16.11","5.02M","-0.86%"
"01/01/2025","16.31","15.73","16.50","15.73","8.77M","+3.69%"
"12/31/2024","15.73","15.19","15.88","15.13","3.64M","+3.49%"
"12/30/2024","15.20","15.68","15.70","15.00","4.94M","-2.31%"
"12/27/2024","15.56","15.42","15.74","15.30","6.55M","+1.63%"
"12/26/2024","15.31","16.25","16.30","14.10","23.37M","-5.44%"
"12/24/2024","16.19","16.47","16.50","16.14","4.06M","-1.34%"
"12/23/2024","16.41","16.64","16.88","16.25","3.53M","-1.20%"
"12/20/2024","16.61","17.14","17.24","16.50","3.40M","-3.09%"
"12/19/2024","17.14","16.91","17.32","16.91","2.35M","-1.32%"
"12/18/2024","17.37","17.56","17.64","17.30","1.84M","-1.08%"
"12/17/2024","17.56","17.78","17.98","17.51","2.98M","-1.40%"
"12/16/2024","17.81","17.62","17.95","17.62","3.60M","+1.19%"
"12/13/2024","17.60","17.68","17.69","17.37","3.04M","-0.73%"
"12/12/2024","17.73","17.96","17.96","17.63","2.64M","-1.28%"
"12/11/2024","17.96","18.33","18.33","17.90","3.49M","-0.61%"
"12/10/2024","18.07","18.34","18.34","18.04","2.25M","-1.09%"
"12/09/2024","18.27","18.14","18.55","18.08","3.95M","+1.11%"
"12/06/2024","18.07","17.96","18.14","17.90","2.84M","+0.78%"
"12/05/2024","17.93","17.91","18.22","17.88","4.14M","+0.34%"
"12/04/2024","17.87","17.89","18.20","17.78","3.56M","+0.06%"
"12/03/2024","17.86","17.53","17.93","17.52","4.36M","+2.17%"
"12/02/2024","17.48","17.29","17.58","17.15","3.95M","+1.16%"
"11/29/2024","17.28","17.70","17.75","17.10","5.31M","-0.80%"
"11/28/2024","17.42","17.49","18.00","17.29","12.43M","+2.35%"
"11/27/2024","17.02","18.64","18.70","14.82","44.34M","-8.15%"
"11/26/2024","18.53","18.35","18.59","18.25","1.58M","+1.37%"
"11/25/2024","18.28","18.44","18.59","18.21","1.51M","+0.61%"
"11/22/2024","18.17","18.11","18.24","18.03","1.58M","+0.33%"
"11/21/2024","18.11","18.31","18.32","17.92","1.98M","-1.15%"
"11/19/2024","18.32","18.19","18.55","18.19","2.09M","+1.22%"
"11/18/2024","18.10","18.33","18.49","18.06","2.52M","-1.25%"
"11/14/2024","18.33","18.28","18.64","18.22","2.24M","+0.27%"
"11/13/2024","18.28","18.69","18.84","18.21","2.43M","-2.40%"
"11/12/2024","18.73","19.09","19.34","18.61","1.67M","-1.52%"
"11/11/2024","19.02","19.17","19.27","19.00","1.72M","-1.04%"
"11/08/2024","19.22","19.65","19.75","19.16","1.74M","-2.09%"
"11/07/2024","19.63","19.85","20.03","19.60","2.29M","+0.20%"
"11/06/2024","19.59","19.37","19.68","19.28","1.79M","+1.82%"
"11/05/2024","19.24","19.05","19.39","19.00","1.64M","+0.94%"
"11/04/2024","19.06","19.86","19.89","19.00","2.79M","-3.59%"
"11/01/2024","19.77","19.56","20.05","19.51","913.39K","+1.91%"
"10/31/2024","19.40","19.50","19.54","19.28","1.64M","+0.62%"
"10/30/2024","19.28","18.77","19.40","18.74","2.44M","+2.77%"
"10/29/2024","18.76","18.40","18.90","18.40","2.08M","+0.32%"
"10/28/2024","18.70","18.11","18.99","17.88","2.77M","+3.43%"
"10/25/2024","18.08","18.75","18.83","17.90","3.39M","-3.62%"
"10/24/2024","18.76","18.93","19.06","18.61","1.98M","-0.90%"
"10/23/2024","18.93","18.68","19.08","18.32","3.32M","+0.48%"
"10/22/2024","18.84","19.48","19.53","18.81","2.67M","-2.99%"
"10/21/2024","19.42","19.90","19.97","19.21","1.91M","-2.17%"
"10/18/2024","19.85","19.89","19.97","19.51","2.46M","-0.85%"
"10/17/2024","20.02","20.49","20.61","20.00","2.48M","-2.29%"
"10/16/2024","20.49","20.73","20.75","20.40","2.82M","-0.92%"
"10/15/2024","20.68","20.80","20.90","20.21","5.31M","-0.24%"
"10/14/2024","20.73","20.59","21.09","20.55","14.43M","+3.19%"
"10/11/2024","20.09","19.95","20.28","19.91","2.88M","+0.90%"
"10/10/2024","19.91","19.92","20.10","19.85","2.44M","+0.45%"
"10/09/2024","19.82","19.80","20.06","19.75","2.81M","+1.02%"
"10/08/2024","19.62","19.11","19.77","18.91","4.14M","+2.67%"
"10/07/2024","19.11","20.11","20.49","19.05","4.40M","-4.64%"
"10/04/2024","20.04","20.24","20.35","19.95","3.28M","-1.04%"
"10/03/2024","20.25","20.50","20.80","20.20","5.25M","-3.16%"
"10/01/2024","20.91","20.65","21.11","20.52","6.65M","+1.75%"
"09/30/2024","20.55","20.50","20.64","20.29","2.57M","+0.15%"
"09/27/2024","20.52","20.62","20.80","20.50","2.62M","-0.24%"
"09/26/2024","20.57","20.49","20.98","20.42","4.43M","+0.29%"
"09/25/2024","20.51","20.75","20.76","20.45","2.84M","-1.01%"
"09/24/2024","20.72","20.73","20.90","20.65","3.30M","+0.00%"
"09/23/2024","20.72","20.99","21.10","20.65","4.11M","-0.53%"
"09/20/2024","20.83","20.50","20.97","20.41","5.18M","+1.86%"
"09/19/2024","20.45","21.23","21.25","20.20","5.82M","-3.17%"
"09/18/2024","21.12","21.34","21.47","21.03","3.68M","-1.03%"
"09/17/2024","21.34","21.80","22.17","21.20","7.70M","-1.84%"
"09/16/2024","21.74","21.41","22.12","21.20","11.38M","+2.16%"
"09/13/2024","21.28","21.00","21.82","20.93","7.66M","+1.43%"
"09/12/2024","20.98","21.16","21.18","20.81","3.95M","+0.00%"
"09/11/2024","20.98","21.49","21.50","20.90","5.69M","-1.82%"
"09/10/2024","21.37","20.65","21.61","20.55","10.59M","+4.60%"
"09/09/2024","20.43","20.54","20.75","20.16","6.48M","-0.63%"
"09/06/2024","20.56","20.99","21.15","20.51","4.55M","-1.81%"
"09/05/2024","20.94","20.60","21.06","20.53","4.53M","+2.15%"
"09/04/2024","20.50","20.48","20.61","20.28","4.77M","-0.77%"
"09/03/2024","20.66","20.88","20.98","20.64","3.72M","-1.10%"
"09/02/2024","20.89","21.19","21.20","20.79","3.93M","-1.04%"
"08/30/2024","21.11","21.39","21.47","21.01","4.87M","-0.80%"
"08/29/2024","21.28","21.28","22.15","21.14","15.79M","+0.19%"
"08/28/2024","21.24","21.43","21.66","21.20","5.16M","-0.79%"
"08/27/2024","21.41","21.35","21.50","21.27","4.36M","+0.38%"
"08/26/2024","21.33","21.50","21.54","21.30","4.66M","-0.14%"
"08/23/2024","21.36","21.65","21.71","21.32","4.55M","-1.07%"
"08/22/2024","21.59","21.70","21.95","21.50","6.71M","+0.61%"
"08/21/2024","21.46","21.14","21.55","20.96","9.07M","+1.95%"
"08/20/2024","21.05","21.20","21.30","21.00","5.18M","+0.10%"
"08/19/2024","21.03","20.94","21.31","20.82","5.59M","+1.25%"
"08/16/2024","20.77","21.00","21.16","20.62","5.81M","-0.29%"
"08/14/2024","20.83","21.49","21.74","20.70","6.18M","-1.88%"
"08/13/2024","21.23","21.40","21.74","21.15","4.40M","-0.56%"
"08/12/2024","21.35","21.42","21.58","21.07","6.46M","-1.70%"
"08/09/2024","21.72","21.65","21.92","21.45","5.89M","+1.16%"
"08/08/2024","21.47","21.91","21.94","21.41","7.31M","-2.01%"
"08/07/2024","21.91","21.30","22.02","21.26","8.36M","+3.50%"
"08/06/2024","21.17","21.98","22.35","21.02","11.97M","-2.80%"
"08/05/2024","21.78","22.57","22.61","21.63","10.50M","-5.59%"
"08/02/2024","23.07","23.19","23.31","22.75","6.55M","-0.94%"
"08/01/2024","23.29","24.10","24.28","23.20","7.34M","-3.32%"
"07/31/2024","24.09","24.17","24.53","24.00","9.79M","-0.33%"
"07/30/2024","24.17","24.12","24.60","23.86","8.30M","+0.42%"
"07/29/2024","24.07","24.08","24.63","23.89","13.02M","+0.63%"
"07/26/2024","23.92","24.10","24.60","23.82","10.60M","+0.38%"
"07/25/2024","23.83","22.78","24.15","22.51","16.54M","+4.47%"
"07/24/2024","22.81","22.40","22.95","22.34","7.87M","+1.69%"
"07/23/2024","22.43","22.81","22.89","21.38","9.60M","-1.45%"
"07/22/2024","22.76","22.79","23.07","22.40","6.25M","-0.18%"
"07/19/2024","22.80","23.23","23.50","22.74","11.27M","-1.21%"
"07/18/2024","23.08","24.45","24.46","22.75","26.39M","-7.35%"
"07/16/2024","24.91","25.59","25.66","24.81","19.30M","-1.23%"
"07/15/2024","25.22","23.21","25.53","22.92","49.97M","+9.56%"
"07/12/2024","23.02","23.15","23.53","22.97","6.59M","-0.48%"
"07/11/2024","23.13","23.18","23.41","23.02","5.09M","+0.17%"
"07/10/2024","23.09","23.85","23.85","22.40","7.08M","-1.79%"
"07/09/2024","23.51","23.38","24.00","23.35","14.60M","+2.04%"
"07/08/2024","23.04","22.90","23.26","22.85","7.59M","+1.01%"
"07/05/2024","22.81","23.00","23.16","22.75","5.24M","-1.43%"
"07/04/2024","23.14","23.64","23.67","23.05","6.68M","-1.41%"
"07/03/2024","23.47","23.90","24.10","23.40","12.23M","-0.80%"
"07/02/2024","23.66","22.30","24.55","22.26","38.51M","+7.59%"
"07/01/2024","21.99","21.82","22.15","21.70","5.14M","+0.96%"
"06/28/2024","21.78","21.70","22.10","21.64","4.04M","+0.65%"
"06/27/2024","21.64","22.09","22.25","21.46","5.26M","-2.21%"
"06/26/2024","22.13","22.37","22.40","22.00","4.06M","-0.72%"
"06/25/2024","22.29","22.80","22.94","22.01","4.53M","-1.94%"
"06/24/2024","22.73","22.90","23.18","22.61","7.60M","+0.00%"
"06/21/2024","22.73","22.80","23.30","22.63","9.21M","-0.04%"
"06/20/2024","22.74","22.85","23.00","22.65","6.09M","+0.18%"
"06/19/2024","22.70","22.90","23.19","22.20","13.66M","+0.49%"
"06/18/2024","22.59","22.40","23.10","22.39","9.77M","+1.76%"
"06/14/2024","22.20","22.46","22.67","22.15","7.19M","-0.31%"
"06/13/2024","22.27","22.35","22.58","21.80","8.72M","+0.04%"
"06/12/2024","22.26","21.75","22.57","21.69","11.41M","+2.68%"
"06/11/2024","21.68","21.05","21.88","20.96","9.92M","+3.39%"
"06/10/2024","20.97","20.91","21.22","20.80","4.76M","+1.30%"
"06/07/2024","20.70","20.40","20.80","20.15","3.93M","+1.97%"
"06/06/2024","20.30","20.05","20.60","20.05","4.49M","+1.75%"
"06/05/2024","19.95","19.75","20.05","19.05","4.17M","+2.84%"
"06/04/2024","19.40","20.90","20.90","18.65","8.75M","-7.40%"
"06/03/2024","20.95","21.25","21.30","20.70","5.99M","+2.44%"
"05/31/2024","20.45","20.65","20.70","20.25","3.67M","-0.49%"
"05/30/2024","20.55","20.70","20.80","20.45","3.20M","-1.20%"
"05/29/2024","20.80","20.65","20.95","20.35","4.59M","+0.73%"
"05/28/2024","20.65","21.10","21.10","20.50","3.89M","-1.67%"
"05/27/2024","21.00","21.50","21.55","20.95","5.91M","-1.87%"
"05/24/2024","21.40","21.15","21.80","20.90","8.96M","+1.18%"
"05/23/2024","21.15","21.20","21.35","21.10","3.85M","-0.24%"
"05/22/2024","21.20","21.05","21.40","20.60","7.93M","+0.95%"
"05/21/2024","21.00","21.25","21.35","20.95","3.59M","-1.18%"
"05/18/2024","21.25","21.25","21.30","21.00","842.22K","+0.47%"
"05/17/2024","21.15","20.70","21.20","20.65","4.49M","+2.17%"
"05/16/2024","20.70","21.00","21.15","20.60","4.08M","-0.72%"
"05/15/2024","20.85","21.15","21.35","20.80","4.37M","-1.18%"
"05/14/2024","21.10","20.80","21.40","20.65","6.47M","+1.69%"
"05/13/2024","20.75","20.90","20.95","20.15","5.40M","-0.24%"
"05/10/2024","20.80","20.55","20.90","20.00","6.63M","+1.71%"
"05/09/2024","20.45","21.30","21.30","20.20","5.82M","-3.31%"
"05/08/2024","21.15","21.05","21.35","20.70","5.26M","+0.48%"
"05/07/2024","21.05","21.45","21.60","20.90","7.72M","-1.86%"
"05/06/2024","21.45","22.15","22.15","21.30","6.18M","-2.50%"
"05/03/2024","22.00","22.00","22.20","21.70","7.05M","+0.23%"
"05/02/2024","21.95","22.05","22.15","21.80","4.58M","-0.45%"
"04/30/2024","22.05","22.50","22.50","22.00","4.15M","-1.12%"
"04/29/2024","22.30","22.40","22.80","22.25","6.20M","+0.45%"
"04/26/2024","22.20","22.50","22.50","22.10","5.77M","-0.67%"
"04/25/2024","22.35","22.90","22.95","22.30","9.24M","-1.76%"
"04/24/2024","22.75","22.90","23.50","22.65","20.88M","+0.44%"
"04/23/2024","22.65","22.40","22.80","22.25","10.26M","+1.80%"
"04/22/2024","22.25","22.40","22.60","22.15","7.20M","+0.68%"
"04/19/2024","22.10","21.85","22.40","21.60","13.86M","+0.45%"
"04/18/2024","22.00","22.50","22.85","21.80","22.74M","+4.02%"
"04/16/2024","21.15","20.50","21.45","20.50","8.13M","+1.93%"
"04/15/2024","20.75","20.40","21.05","20.35","8.01M","-3.49%"
"04/12/2024","21.50","21.70","21.85","21.40","4.75M","-0.92%"
"04/10/2024","21.70","21.60","21.85","21.10","6.19M","+0.93%"
"04/09/2024","21.50","21.90","21.95","21.35","5.31M","-1.83%"
"04/08/2024","21.90","22.30","22.35","21.65","5.39M","-0.90%"
"04/05/2024","22.10","21.85","22.20","21.45","8.09M","+1.14%"
"04/04/2024","21.85","22.10","22.50","21.55","9.16M","-0.46%"
"04/03/2024","21.95","21.45","22.05","21.20","8.12M","+2.09%"
"04/02/2024","21.50","21.50","21.70","21.00","8.17M","+0.00%"
"04/01/2024","21.50","19.75","21.75","19.75","11.21M","+9.69%"
"03/28/2024","19.60","19.90","20.20","19.50","6.72M","-1.01%"
"03/27/2024","19.80","20.00","20.30","19.60","8.11M","-0.25%"
"03/26/2024","19.85","20.50","20.50","19.75","7.97M","-2.46%"
"03/22/2024","20.35","19.55","20.80","19.50","10.01M","+4.90%"
"03/21/2024","19.40","19.55","20.15","18.30","9.19M","+0.00%"
"03/20/2024","19.40","19.80","20.00","19.25","6.82M","-1.52%"
"03/19/2024","19.70","20.15","20.35","19.65","5.59M","-2.23%"
"03/18/2024","20.15","20.40","20.60","19.75","8.50M","-0.98%"
"03/15/2024","20.35","20.00","20.85","19.90","10.00M","+0.74%"
"03/14/2024","20.20","19.00","20.50","18.60","15.37M","+5.48%"
"03/13/2024","19.15","20.30","20.70","18.95","13.44M","-6.59%"
"03/12/2024","20.50","21.35","21.40","20.30","10.31M","-3.53%"
"03/11/2024","21.25","22.30","22.40","21.15","7.00M","-4.06%"
"03/07/2024","22.15","21.60","22.35","21.60","8.69M","+2.78%"
"03/06/2024","21.55","22.00","22.05","20.95","7.87M","-2.05%"
"03/05/2024","22.00","22.30","22.40","21.95","5.46M","-1.35%"
"03/04/2024","22.30","22.85","23.00","22.20","5.08M","-1.76%"
"03/02/2024","22.70","22.65","22.75","22.40","798.71K","+0.22%"
"03/01/2024","22.65","22.90","23.10","22.50","5.57M","-0.44%"
"02/29/2024","22.75","22.50","23.00","22.00","8.45M","+1.11%"
"02/28/2024","22.50","23.35","23.45","22.20","9.16M","-3.23%"
"02/27/2024","23.25","23.70","23.75","23.10","5.37M","-2.11%"
"02/26/2024","23.75","24.10","24.15","23.65","6.80M","-0.84%"
"02/23/2024","23.95","24.20","24.35","23.80","9.28M","-0.83%"
"02/22/2024","24.15","24.20","24.30","23.40","8.04M","+0.21%"
"02/21/2024","24.10","25.00","25.10","24.00","10.90M","-3.02%"
"02/20/2024","24.85","24.75","25.80","24.70","13.06M","+0.61%"
"02/19/2024","24.70","24.90","25.45","24.50","9.37M","-0.20%"
"02/16/2024","24.75","24.80","25.15","24.50","10.77M","+0.61%"
"02/15/2024","24.60","24.30","24.90","24.15","11.93M","+2.07%"
"02/14/2024","24.10","22.95","24.40","22.90","10.69M","+1.90%"
"02/13/2024","23.65","23.45","23.95","22.40","16.53M","+0.85%"
"02/12/2024","23.45","25.25","25.55","23.15","19.51M","-6.76%"
"02/09/2024","25.15","25.85","26.10","24.30","23.00M","-3.27%"
"02/08/2024","26.00","26.45","26.70","25.60","28.72M","-1.14%"
"02/07/2024","26.30","27.40","27.60","26.25","24.52M","-3.31%"
"02/06/2024","27.20","26.50","27.95","25.90","45.52M","+4.62%"
"02/05/2024","26.00","24.20","27.55","23.90","94.92M","+8.33%"
"02/02/2024","24.00","24.10","24.60","23.90","16.98M","+0.42%"
"02/01/2024","23.90","24.10","24.20","23.50","7.54M","-0.21%"
"01/31/2024","23.95","24.10","24.70","23.90","13.27M","+0.00%"
"01/30/2024","23.95","24.05","24.55","23.85","16.33M","+0.42%"
"01/29/2024","23.85","23.35","24.25","23.20","15.02M","+2.80%"
"01/25/2024","23.20","23.30","23.50","22.95","10.80M","+0.43%"
"01/24/2024","23.10","22.30","23.25","21.65","14.99M","+4.05%"
"01/23/2024","22.20","24.05","24.25","22.05","20.86M","-7.11%"
"01/20/2024","23.90","24.20","24.25","23.75","6.98M","-0.62%"
"01/19/2024","24.05","24.05","24.65","23.80","14.85M","+0.84%"
"01/18/2024","23.85","23.75","24.10","22.60","20.60M","+0.21%"
"01/17/2024","23.80","23.65","24.50","23.00","25.04M","-0.21%"
"01/16/2024","23.85","24.55","25.20","22.25","23.90M","-2.85%"
"01/15/2024","24.55","24.50","24.75","23.55","22.27M","+1.87%"
"01/12/2024","24.10","24.75","24.95","24.05","15.32M","-2.23%"
"01/11/2024","24.65","25.20","25.50","24.50","32.21M","-1.00%"
"01/10/2024","24.90","24.15","26.10","23.95","74.80M","+3.32%"
"01/09/2024","24.10","25.15","25.50","24.00","28.61M","-2.82%"
"01/08/2024","24.80","23.45","25.40","23.35","73.97M","+6.67%"
"01/05/2024","23.25","22.80","23.95","22.70","35.31M","+2.42%"
"01/04/2024","22.70","22.05","23.20","22.00","22.60M","+3.42%"
"01/03/2024","21.95","21.90","22.70","21.75","17.95M","+0.23%"
"01/02/2024","21.90","21.70","22.45","21.15","19.19M","+1.15%"
"01/01/2024","21.65","21.30","21.75","21.20","9.60M","+2.12%"
"12/29/2023","21.20","21.30","21.40","21.00","9.28M","-0.24%"
"12/28/2023","21.25","21.80","21.85","21.15","10.15M","-1.85%"
"12/27/2023","21.65","22.25","22.45","21.40","14.94M","-2.04%"
"12/26/2023","22.10","22.10","22.90","21.95","18.46M","+0.23%"
"12/22/2023","22.05","21.85","22.30","21.50","15.92M","+1.85%"
"12/21/2023","21.65","20.75","21.90","20.20","22.69M","+2.12%"
"12/20/2023","21.20","23.45","23.70","21.00","46.66M","-8.62%"
"12/19/2023","23.20","21.70","23.50","21.20","68.73M","+7.91%"
"12/18/2023","21.50","20.50","21.60","20.20","31.67M","+5.65%"
"12/15/2023","20.35","20.55","20.85","20.25","10.07M","-0.49%"
"12/14/2023","20.45","20.65","20.80","20.30","8.93M","+0.00%"
"12/13/2023","20.45","20.70","21.00","20.20","10.75M","-0.49%"
"12/12/2023","20.55","20.65","21.60","20.45","26.21M","+0.00%"
"12/11/2023","20.55","19.80","20.85","19.75","32.01M","+4.58%"
"12/08/2023","19.65","20.00","20.45","19.40","23.87M","-1.50%"
"12/07/2023","19.95","20.00","20.25","19.70","15.75M","+0.25%"
"12/06/2023","19.90","20.00","20.55","19.70","31.98M","+0.25%"
"12/05/2023","19.85","20.00","20.10","19.50","9.93M","-0.25%"
"12/04/2023","19.90","20.00","20.15","19.80","7.39M","+0.76%"
"12/01/2023","19.75","20.20","20.45","19.65","16.91M","-1.50%"
"11/30/2023","20.05","20.40","20.50","19.80","8.35M","-1.23%"
"11/29/2023","20.30","20.05","21.00","20.00","19.44M","+1.75%"
"11/28/2023","19.95","20.25","20.30","19.85","3.93M","-0.99%"
"11/24/2023","20.15","20.45","20.45","20.05","6.89M","+0.00%"
"11/23/2023","20.15","19.85","20.60","19.80","14.85M","+2.03%"
"11/22/2023","19.75","20.05","20.10","19.45","8.54M","-1.25%"
"11/21/2023","20.00","20.05","20.35","19.75","8.81M","+0.50%"
"11/20/2023","19.90","19.95","20.60","19.75","11.37M","+0.00%"
"11/17/2023","19.90","20.30","20.70","19.85","11.53M","-1.97%"
"11/16/2023","20.30","20.80","20.80","20.10","14.80M","-2.64%"
"11/15/2023","20.85","19.25","21.00","19.25","41.87M","+9.16%"
"11/13/2023","19.10","19.20","19.25","18.90","3.75M","-0.52%"
"11/12/2023","19.20","19.20","19.25","19.00","2.55M","+1.32%"
"11/10/2023","18.95","18.50","19.00","18.30","6.28M","+1.61%"
"11/09/2023","18.65","19.00","19.10","18.55","6.43M","-1.84%"
"11/08/2023","19.00","19.20","19.25","18.85","4.63M","+0.26%"
"11/07/2023","18.95","19.25","19.45","18.85","8.96M","-1.30%"
"11/06/2023","19.20","18.50","19.55","18.50","14.95M","+4.35%"
"11/03/2023","18.40","18.20","18.50","18.10","10.28M","+1.94%"
"11/02/2023","18.05","18.15","18.25","17.90","3.13M","+0.56%"
"11/01/2023","17.95","18.20","18.25","17.85","3.88M","-0.83%"
"10/31/2023","18.10","18.20","18.50","18.00","4.40M","-0.28%"
"10/30/2023","18.15","18.40","18.40","17.85","5.10M","-1.36%"
"10/27/2023","18.40","17.85","18.50","17.80","9.58M","+3.66%"
"10/26/2023","17.75","17.80","17.90","17.00","11.49M","+0.00%"
"10/25/2023","17.75","18.00","18.40","17.40","11.94M","-0.56%"
"10/23/2023","17.85","19.45","19.55","17.65","14.90M","-7.99%"
"10/20/2023","19.40","19.90","20.10","19.25","7.29M","-2.51%"
"10/19/2023","19.90","19.45","20.10","19.40","8.08M","+1.02%"
"10/18/2023","19.70","20.00","20.00","19.30","9.15M","-1.50%"
"10/17/2023","20.00","20.05","20.30","19.80","10.67M","+0.50%"
"10/16/2023","19.90","20.50","20.55","19.80","13.77M","-1.97%"
"10/13/2023","20.30","20.90","21.15","20.20","28.14M","-2.87%"
"10/12/2023","20.90","20.00","21.45","19.90","36.83M","+5.29%"
"10/11/2023","19.85","19.75","20.05","19.60","8.98M","+1.79%"
"10/10/2023","19.50","19.45","19.90","19.35","7.30M","+1.04%"
"10/09/2023","19.30","20.30","20.30","19.15","13.95M","-6.31%"
"10/06/2023","20.60","21.20","21.30","20.45","12.36M","-2.14%"
"10/05/2023","21.05","21.20","21.45","20.65","20.44M","+0.72%"
"10/04/2023","20.90","20.55","22.30","20.45","43.68M","+0.97%"
"10/03/2023","20.70","20.00","20.85","19.90","20.12M","+3.50%"
"09/29/2023","20.00","20.05","20.30","19.85","8.72M","+0.50%"
"09/28/2023","19.90","19.95","20.70","19.50","21.68M","+0.51%"
"09/27/2023","19.80","20.25","20.45","19.60","13.73M","-1.74%"
"09/26/2023","20.15","21.00","21.20","19.95","21.65M","-3.59%"
"09/25/2023","20.90","19.60","21.35","19.15","45.41M","+9.14%"
"09/22/2023","19.15","20.50","21.15","19.05","33.35M","-3.77%"
"09/21/2023","19.90","18.85","21.70","18.75","94.29M","+7.57%"
"09/20/2023","18.50","18.15","18.80","17.90","11.76M","+1.93%"
"09/18/2023","18.15","18.25","18.80","18.05","12.94M","+0.28%"
"09/15/2023","18.10","17.65","18.65","17.40","13.29M","+3.13%"
"09/14/2023","17.55","17.50","18.05","17.40","5.04M","+1.15%"
"09/13/2023","17.35","17.15","17.60","16.65","9.97M","+0.87%"
"09/12/2023","17.20","18.70","18.80","17.10","13.57M","-7.53%"
"09/11/2023","18.60","18.75","19.15","18.50","8.23M","+0.00%"
"09/08/2023","18.60","18.70","19.05","18.45","7.05M","+0.27%"
"09/07/2023","18.55","18.35","19.05","18.35","9.50M","+1.09%"
"09/06/2023","18.35","18.50","18.65","18.05","6.99M","+0.00%"
"09/05/2023","18.35","18.65","18.90","17.90","12.57M","-0.54%"
"09/04/2023","18.45","17.00","18.85","17.00","32.57M","+9.17%"
"09/01/2023","16.90","16.50","16.95","16.50","7.59M","+2.42%"
"08/31/2023","16.50","16.55","16.70","16.40","3.40M","-0.30%"
"08/30/2023","16.55","16.75","16.85","16.45","5.69M","-0.60%"
"08/29/2023","16.65","17.10","17.30","16.50","9.04M","-1.77%"
"08/28/2023","16.95","16.75","17.20","16.65","7.04M","+1.80%"
"08/25/2023","16.65","16.65","16.75","16.30","5.15M","-0.30%"
"08/24/2023","16.70","17.05","17.15","16.60","4.33M","-1.18%"
"08/23/2023","16.90","17.20","17.45","16.85","7.49M","-0.59%"
"08/22/2023","17.00","16.85","17.35","16.85","6.63M","+1.49%"
"08/21/2023","16.75","16.70","17.35","16.65","9.15M","+1.21%"
"08/18/2023","16.55","16.20","16.75","16.20","10.48M","+2.48%"
"08/17/2023","16.15","16.45","16.65","16.10","3.69M","-1.22%"
"08/16/2023","16.35","16.15","16.90","16.15","5.76M","-0.30%"
"08/14/2023","16.40","16.50","16.55","16.10","3.77M","-0.61%"
"08/11/2023","16.50","17.00","17.30","16.40","6.18M","-2.37%"
"08/10/2023","16.90","16.50","17.45","16.40","11.28M","+2.42%"
"08/09/2023","16.50","16.55","16.60","16.30","3.23M","-0.30%"
"08/08/2023","16.55","16.90","17.00","16.35","6.48M","-0.90%"
"08/07/2023","16.70","16.10","16.80","16.05","10.56M","+4.70%"
"08/04/2023","15.95","15.80","16.15","15.80","4.35M","+1.59%"
"08/03/2023","15.70","15.70","16.10","15.55","3.72M","+0.00%"
"08/02/2023","15.70","16.10","16.70","15.55","7.83M","-2.48%"
"08/01/2023","16.10","15.95","16.35","15.95","3.06M","+1.26%"
"07/31/2023","15.90","16.00","16.55","15.85","5.66M","+0.32%"
"07/28/2023","15.85","15.40","15.95","15.25","8.24M","+3.26%"
"07/27/2023","15.35","15.35","15.50","15.25","2.11M","+0.66%"
"07/26/2023","15.25","15.40","15.50","15.10","4.12M","-0.65%"
"07/25/2023","15.35","15.50","15.60","15.20","4.24M","-0.32%"
"07/24/2023","15.40","15.40","15.50","15.30","2.49M","+0.33%"
"07/21/2023","15.35","15.50","15.55","15.25","4.04M","-0.65%"
"07/20/2023","15.45","15.30","15.75","15.20","7.86M","+1.31%"
"07/19/2023","15.25","15.15","15.40","15.05","6.37M","+1.33%"
"07/18/2023","15.05","16.05","16.20","14.90","13.39M","-5.05%"
"07/17/2023","15.85","15.35","16.15","15.35","7.51M","+3.59%"
"07/14/2023","15.30","15.25","15.40","15.15","2.50M","+0.99%"
"07/13/2023","15.15","15.15","15.55","15.00","4.95M","+0.00%"
"07/12/2023","15.15","15.25","15.35","15.10","2.10M","-0.33%"
"07/11/2023","15.20","15.45","15.50","15.15","1.81M","-1.30%"
"07/10/2023","15.40","15.60","15.65","15.40","1.45M","-0.65%"
"07/07/2023","15.50","15.60","15.70","15.25","3.14M","-0.32%"
"07/06/2023","15.55","15.60","16.20","15.50","6.81M","+0.32%"
"07/05/2023","15.50","14.80","15.60","14.75","6.66M","+5.08%"
"07/04/2023","14.75","14.65","15.25","14.60","3.97M","+0.68%"
"07/03/2023","14.65","14.70","14.85","14.60","2.50M","-0.34%"
"06/30/2023","14.70","14.85","14.90","14.65","1.36M","-0.68%"
"06/28/2023","14.80","14.85","14.90","14.75","1.17M","-0.34%"
"06/27/2023","14.85","14.95","15.00","14.80","1.38M","-0.67%"
"06/26/2023","14.95","15.45","15.45","14.75","2.83M","-2.61%"
"06/23/2023","15.35","15.60","15.85","15.30","2.32M","-1.60%"
"06/22/2023","15.60","15.50","15.85","15.20","7.70M","+0.97%"
"06/21/2023","15.45","15.35","15.75","15.25","4.74M","+0.32%"
"06/20/2023","15.40","15.40","15.50","15.15","3.07M","+0.65%"
"06/19/2023","15.30","15.50","15.75","15.10","8.29M","-0.65%"
"06/16/2023","15.40","14.70","16.05","14.60","21.36M","+5.12%"
"06/15/2023","14.65","14.65","14.85","14.50","3.50M","+0.34%"
"06/14/2023","14.60","14.85","14.85","14.55","2.69M","-1.02%"
"06/13/2023","14.75","14.80","15.00","14.65","3.76M","+0.68%"
"06/12/2023","14.65","14.40","14.85","14.30","5.02M","+2.45%"
"06/09/2023","14.30","14.35","14.80","14.20","5.50M","-0.35%"
"06/08/2023","14.35","14.55","14.95","14.30","5.04M","-1.03%"
"06/07/2023","14.50","14.20","14.60","14.15","3.27M","+2.84%"
"06/06/2023","14.10","14.35","14.40","14.00","2.46M","-1.74%"
"06/05/2023","14.35","14.65","14.90","14.25","4.23M","-1.37%"
"06/02/2023","14.55","14.10","14.75","14.05","8.49M","+4.30%"
"06/01/2023","13.95","13.80","14.15","13.70","3.59M","+1.82%"
"05/31/2023","13.70","13.70","13.90","13.60","1.60M","+0.00%"
"05/30/2023","13.70","13.85","13.90","13.65","1.68M","-0.72%"
"05/29/2023","13.80","13.75","14.05","13.55","3.46M","+1.47%"
"05/26/2023","13.60","13.65","13.75","13.55","1.20M","+0.37%"
"05/25/2023","13.55","13.75","13.85","13.50","2.13M","-1.45%"
"05/24/2023","13.75","13.40","14.30","13.35","6.39M","+3.00%"
"05/23/2023","13.35","13.20","13.45","13.15","1.46M","+1.14%"
"05/22/2023","13.20","13.20","13.30","13.10","939.94K","-0.38%"
"05/19/2023","13.25","13.45","13.45","13.10","1.65M","-1.49%"
"05/18/2023","13.45","13.60","13.60","13.40","1.44M","-0.74%"
"05/17/2023","13.55","13.65","13.70","13.50","1.28M","-0.73%"
"05/16/2023","13.65","13.65","13.85","13.60","1.20M","-0.36%"
"05/15/2023","13.70","13.75","13.85","13.55","1.69M","-0.36%"
"05/12/2023","13.75","13.75","13.85","13.70","1.03M","-0.36%"
"05/11/2023","13.80","13.95","13.95","13.70","1.34M","-0.36%"
"05/10/2023","13.85","13.60","13.95","13.40","3.16M","+2.59%"
"05/09/2023","13.50","13.75","13.80","13.45","2.22M","-1.10%"
"05/08/2023","13.65","13.65","13.70","13.55","1.52M","+0.00%"
"05/05/2023","13.65","14.00","14.00","13.60","1.76M","-1.09%"
"05/04/2023","13.80","13.75","14.10","13.60","3.89M","+1.47%"
"05/03/2023","13.60","13.50","14.00","13.40","3.48M","+0.74%"
"05/02/2023","13.50","13.45","13.60","13.45","2.22M","+0.75%"
"04/28/2023","13.40","13.70","13.80","13.30","2.89M","-1.83%"
"04/27/2023","13.65","13.05","13.75","13.00","3.68M","+4.60%"
"04/26/2023","13.05","13.10","13.15","13.00","970.80K","-0.38%"
"04/25/2023","13.10","13.15","13.20","13.00","1.48M","+0.00%"
"04/24/2023","13.10","13.20","13.20","13.05","1.26M","+0.00%"
"04/21/2023","13.10","13.05","13.20","12.90","1.86M","+0.77%"
"04/20/2023","13.00","12.95","13.10","12.90","1.16M","+0.00%"
"04/19/2023","13.00","12.95","13.40","12.90","3.52M","+0.39%"
"04/18/2023","12.95","12.90","13.15","12.55","5.17M","-2.26%"
"04/17/2023","13.25","13.65","13.80","13.20","4.93M","-1.85%"
"04/13/2023","13.50","13.80","13.90","13.45","2.48M","-1.46%"
"04/12/2023","13.70","13.45","13.75","13.45","1.31M","+1.48%"
"04/11/2023","13.50","13.75","13.85","13.35","3.23M","-0.74%"
"04/10/2023","13.60","13.75","14.80","13.50","7.52M","-0.37%"
"04/06/2023","13.65","13.55","13.80","13.45","2.04M","+1.11%"
"04/05/2023","13.50","13.45","13.60","13.35","1.85M","+0.37%"
"04/03/2023","13.45","13.15","13.70","13.00","3.15M","+3.86%"
"03/31/2023","12.95","12.60","13.25","12.55","4.27M","+3.60%"
"03/29/2023","12.50","12.45","13.05","12.25","6.52M","+0.40%"
"03/28/2023","12.45","13.00","13.00","12.35","2.40M","-4.23%"
"03/27/2023","13.00","13.30","13.45","12.90","2.57M","-2.99%"
"03/24/2023","13.40","13.75","13.75","13.35","1.14M","-1.83%"
"03/23/2023","13.65","13.65","13.90","13.50","1.79M","-0.36%"
"03/22/2023","13.70","13.75","13.90","13.60","2.50M","+0.00%"
"03/21/2023","13.70","13.75","13.80","13.55","1.48M","+0.37%"
"03/20/2023","13.65","13.90","14.00","13.35","4.00M","-2.50%"
"03/17/2023","14.00","13.95","14.25","13.90","1.83M","+1.08%"
"03/16/2023","13.85","14.35","14.40","13.75","4.77M","-3.15%"
"03/15/2023","14.30","14.50","14.60","14.25","1.43M","-1.04%"
"03/14/2023","14.45","14.60","14.65","14.30","4.93M","-1.03%"
"03/13/2023","14.60","14.90","15.05","14.50","1.96M","-2.67%"
"03/10/2023","15.00","15.10","15.10","14.90","1.35M","-0.99%"
"03/09/2023","15.15","15.15","15.25","15.10","1.91M","+0.33%"
"03/08/2023","15.10","15.20","15.20","15.00","2.11M","-0.66%"
"03/06/2023","15.20","15.20","15.40","14.95","3.11M","+0.00%"
"03/03/2023","15.20","15.25","15.35","15.15","1.25M","+0.33%"
"03/02/2023","15.15","15.35","15.40","15.10","866.86K","-0.98%"
"03/01/2023","15.30","15.10","15.55","15.05","2.11M","+0.99%"
"02/28/2023","15.15","14.85","15.35","14.85","1.44M","+1.34%"
"02/27/2023","14.95","15.20","15.25","14.85","1.30M","-1.64%"
"02/24/2023","15.20","15.30","15.45","15.05","1.65M","-0.65%"
"02/23/2023","15.30","15.35","15.45","15.15","1.20M","-0.33%"
"02/22/2023","15.35","15.55","15.55","15.25","1.53M","-1.60%"
"02/21/2023","15.60","15.90","15.95","15.55","972.43K","-1.58%"
"02/20/2023","15.85","16.00","16.00","15.80","923.02K","-0.31%"
"02/17/2023","15.90","16.00","16.20","15.80","1.28M","-1.24%"
"02/16/2023","16.10","16.05","16.35","15.90","2.00M","+0.63%"
"02/15/2023","16.00","15.90","16.10","15.80","896.45K","+0.63%"
"02/14/2023","15.90","15.65","16.25","15.40","2.71M","+2.25%"
"02/13/2023","15.55","15.80","15.80","15.45","1.64M","-1.27%"
"02/10/2023","15.75","15.70","15.95","15.65","1.87M","+0.00%"
"02/09/2023","15.75","15.70","16.05","15.60","2.00M","+0.32%"
"02/08/2023","15.70","15.80","15.85","15.55","1.31M","+0.00%"
"02/07/2023","15.70","15.85","16.00","15.60","1.14M","-0.32%"
"02/06/2023","15.75","15.80","15.95","15.60","1.15M","-0.32%"
"02/03/2023","15.80","15.85","15.95","15.60","1.36M","+0.32%"
"02/02/2023","15.75","15.90","16.35","15.70","1.61M","-0.63%"
"02/01/2023","15.85","16.30","16.50","15.70","1.64M","-2.76%"
"01/31/2023","16.30","15.70","16.40","15.55","1.90M","+3.82%"
"01/30/2023","15.70","15.85","16.00","15.55","1.86M","+0.00%"
"01/27/2023","15.70","15.90","15.95","14.55","2.11M","-0.95%"
"01/25/2023","15.85","16.00","16.00","15.75","1.18M","-0.94%"
"01/24/2023","16.00","16.15","16.20","15.90","1.29M","-0.93%"
"01/23/2023","16.15","16.35","16.35","16.10","891.46K","-0.31%"
"01/20/2023","16.20","16.25","16.35","16.15","965.11K","-0.31%"
"01/19/2023","16.25","16.25","16.45","16.15","1.83M","+0.00%"
"01/18/2023","16.25","16.45","16.50","16.20","1.98M","-2.11%"
"01/17/2023","16.60","16.70","16.95","16.50","1.55M","-0.30%"
"01/16/2023","16.65","16.90","17.05","16.45","1.74M","-1.19%"
"01/13/2023","16.85","17.10","17.10","16.75","1.49M","-0.88%"
"01/12/2023","17.00","17.10","17.20","16.90","1.10M","+0.00%"
"01/11/2023","17.00","16.90","17.20","16.85","1.21M","+0.59%"
"01/10/2023","16.90","17.00","17.10","16.85","1.20M","-0.59%"
"01/09/2023","17.00","17.20","17.30","16.95","920.60K","-0.29%"
"01/06/2023","17.05","17.25","17.25","16.90","1.34M","-0.87%"
"01/05/2023","17.20","17.50","17.50","17.05","1.23M","-0.86%"
"01/04/2023","17.35","17.70","17.70","17.25","1.41M","-1.42%"
"01/03/2023","17.60","17.65","17.90","17.50","2.31M","+0.00%"
"01/02/2023","17.60","17.30","17.70","17.25","2.01M","+1.73%"
"12/30/2022","17.30","17.25","17.70","17.20","2.07M","+0.58%"
"12/29/2022","17.20","17.20","17.30","17.00","1.40M","-0.58%"
"12/28/2022","17.30","16.95","17.40","16.85","2.75M","+1.17%"
"12/27/2022","17.10","17.00","17.30","16.70","2.86M","+1.79%"
"12/26/2022","16.80","16.15","16.95","15.85","4.13M","+5.00%"
"12/23/2022","16.00","16.80","16.85","15.85","4.35M","-5.60%"
"12/22/2022","16.95","17.80","18.20","16.85","6.04M","-4.24%"
"12/21/2022","17.70","18.95","19.15","17.50","6.33M","-5.85%"
"12/20/2022","18.80","19.20","19.20","18.60","4.40M","-1.83%"
"12/19/2022","19.15","18.95","19.60","18.80","11.91M","+2.41%"
"12/16/2022","18.70","18.30","19.35","18.00","12.80M","+2.75%"
"12/15/2022","18.20","19.40","19.60","18.05","15.73M","-4.96%"
"12/14/2022","19.15","17.50","19.35","17.35","26.22M","+10.69%"
"12/13/2022","17.30","16.95","17.40","16.85","2.30M","+2.98%"
"12/12/2022","16.80","16.95","17.00","16.75","1.45M","-0.30%"
"12/09/2022","16.85","17.30","17.40","16.80","1.59M","-1.75%"
"12/08/2022","17.15","17.15","17.50","17.05","1.54M","+1.18%"
"12/07/2022","16.95","17.30","17.30","16.90","1.96M","-1.17%"
"12/06/2022","17.15","17.70","17.70","17.10","2.12M","-2.56%"
"12/05/2022","17.60","17.55","17.75","17.40","3.39M","+1.44%"
"12/02/2022","17.35","17.35","17.70","17.25","4.42M","+0.00%"
"12/01/2022","17.35","17.30","17.85","17.30","5.97M","+1.17%"
"11/30/2022","17.15","16.70","17.60","16.65","7.59M","+3.31%"
"11/29/2022","16.60","16.35","16.70","16.30","2.37M","+1.84%"
"11/28/2022","16.30","16.25","16.75","16.20","2.52M","+0.62%"
"11/25/2022","16.20","16.10","16.45","16.10","3.05M","+0.93%"
"11/24/2022","16.05","15.95","16.25","15.80","2.55M","+1.26%"
"11/23/2022","15.85","15.75","16.00","15.70","1.64M","+0.96%"
"11/22/2022","15.70","15.80","15.80","15.65","1.01M","-0.32%"
"11/21/2022","15.75","15.70","15.85","15.65","1.13M","+0.32%"
"11/18/2022","15.70","15.80","15.85","15.60","1.64M","-0.32%"
"11/17/2022","15.75","15.90","16.00","15.75","1.76M","-0.94%"
"11/16/2022","15.90","15.95","16.10","15.85","2.26M","-0.31%"
"11/15/2022","15.95","16.00","16.05","15.90","1.44M","-0.31%"
"11/14/2022","16.00","16.05","16.15","15.95","2.83M","-0.62%"
"11/11/2022","16.10","16.15","16.20","16.00","1.35M","+0.31%"
"11/10/2022","16.05","16.20","16.30","16.00","1.57M","-0.93%"
"11/09/2022","16.20","16.20","16.55","16.00","3.75M","+0.93%"
"11/07/2022","16.05","16.15","16.25","16.00","1.56M","+0.00%"
"11/04/2022","16.05","15.75","16.20","15.75","2.89M","+0.94%"
"11/03/2022","15.90","15.85","16.00","15.75","1.37M","+0.63%"
"11/02/2022","15.80","15.85","15.90","15.80","1.06M","-0.32%"
"11/01/2022","15.85","16.00","16.05","15.80","1.57M","-0.63%"
"10/31/2022","15.95","15.90","16.25","15.75","2.65M","+0.95%"
"10/28/2022","15.80","15.85","15.95","15.75","1.43M","-0.63%"
"10/27/2022","15.90","15.95","16.05","15.85","1.33M","+0.00%"
"10/25/2022","15.90","15.90","16.15","15.90","1.09M","-0.31%"
"10/24/2022","15.95","16.05","16.10","15.85","517.10K","+0.63%"
"10/21/2022","15.85","15.95","16.05","15.75","1.41M","-0.31%"
"10/20/2022","15.90","15.95","16.00","15.75","1.60M","-0.31%"
"10/19/2022","15.95","15.95","16.05","15.80","1.70M","+0.63%"
"10/18/2022","15.85","16.05","16.10","15.60","2.34M","-0.63%"
"10/17/2022","15.95","16.35","16.40","15.85","1.90M","-1.85%"
"10/14/2022","16.25","16.35","16.45","16.20","1.14M","+0.62%"
"10/13/2022","16.15","16.10","16.30","15.95","1.44M","+0.62%"
"10/12/2022","16.05","16.05","16.35","15.95","1.46M","+0.31%"
"10/11/2022","16.00","16.40","16.50","15.90","1.95M","-2.44%"
"10/10/2022","16.40","16.25","16.70","16.20","1.27M","-0.61%"
"10/07/2022","16.50","16.55","16.65","16.35","1.13M","-0.30%"
"10/06/2022","16.55","16.30","16.65","16.25","1.42M","+2.16%"
"10/04/2022","16.20","16.20","16.35","16.10","1.29M","+0.93%"
"10/03/2022","16.05","16.15","16.25","16.00","1.12M","-0.62%"
"09/30/2022","16.15","15.85","16.30","15.75","1.64M","+2.54%"
"09/29/2022","15.75","15.85","16.20","15.60","1.95M","+0.32%"
"09/28/2022","15.70","15.85","16.05","15.65","3.21M","-1.57%"
"09/27/2022","15.95","16.45","16.55","15.85","2.58M","-1.54%"
"09/26/2022","16.20","16.85","16.85","15.90","3.00M","-4.42%"
"09/23/2022","16.95","17.15","17.15","16.90","1.38M","-0.88%"
"09/22/2022","17.10","17.25","17.35","17.05","1.56M","-0.87%"
"09/21/2022","17.25","17.45","17.50","17.15","1.21M","-0.58%"
"09/20/2022","17.35","17.60","17.90","17.30","2.28M","-0.57%"
"09/19/2022","17.45","17.70","17.75","17.30","2.12M","-0.85%"
"09/16/2022","17.60","17.40","17.75","17.10","2.98M","+0.86%"
"09/15/2022","17.45","17.70","18.05","17.35","3.58M","-0.85%"
"09/14/2022","17.60","17.50","17.85","17.40","3.41M","-1.40%"
"09/13/2022","17.85","18.05","18.10","17.75","3.99M","-0.56%"
"09/12/2022","17.95","17.95","18.15","17.85","1.83M","+1.13%"
"09/09/2022","17.75","18.40","18.40","17.65","3.26M","-2.47%"
"09/08/2022","18.20","18.50","18.85","18.05","4.14M","-0.55%"
"09/07/2022","18.30","18.75","18.85","18.25","3.68M","-2.92%"
"09/06/2022","18.85","18.85","19.15","18.50","4.50M","+0.80%"
"09/05/2022","18.70","18.25","19.65","18.20","12.61M","+3.31%"
"09/02/2022","18.10","18.20","18.40","17.85","3.33M","+0.56%"
"09/01/2022","18.00","17.90","18.35","17.90","4.08M","+0.28%"
"08/30/2022","17.95","17.75","18.45","17.75","8.74M","+2.87%"
"08/29/2022","17.45","16.85","18.60","16.65","21.18M","+3.56%"
"08/26/2022","16.85","16.90","17.05","16.85","1.80M","+0.30%"
"08/25/2022","16.80","16.75","17.05","16.70","3.02M","+0.60%"
"08/24/2022","16.70","16.90","17.00","16.60","1.65M","-0.89%"
"08/23/2022","16.85","16.90","17.05","16.80","1.61M","-0.59%"
"08/22/2022","16.95","17.05","17.25","16.90","3.18M","-0.29%"
"08/19/2022","17.00","17.00","17.45","16.95","4.41M","+0.29%"
"08/18/2022","16.95","17.00","17.05","16.90","1.41M","-0.29%"
"08/17/2022","17.00","17.10","17.20","16.95","1.79M","+0.00%"
"08/16/2022","17.00","17.00","17.25","16.95","2.51M","+0.29%"
"08/12/2022","16.95","17.10","17.10","16.90","948.13K","+0.30%"
"08/11/2022","16.90","17.20","17.35","16.80","1.30M","-0.59%"
"08/10/2022","17.00","17.15","17.20","16.90","883.05K","-0.58%"
"08/08/2022","17.10","17.00","17.45","17.00","937.98K","+0.29%"
"08/05/2022","17.05","17.35","17.35","17.00","807.67K","-0.29%"
"08/04/2022","17.10","17.50","17.60","17.00","1.20M","-1.16%"
"08/03/2022","17.30","17.70","17.70","17.15","954.83K","-1.70%"
"08/02/2022","17.60","17.05","17.70","17.00","2.02M","+3.23%"
"08/01/2022","17.05","16.90","17.40","16.80","1.65M","+1.79%"
"07/29/2022","16.75","16.75","16.95","16.65","1.18M","+0.90%"
"07/28/2022","16.60","16.70","17.00","16.55","904.14K","-0.30%"
"07/27/2022","16.65","16.70","16.85","16.55","814.56K","-0.30%"
"07/26/2022","16.70","16.80","17.05","16.65","676.62K","-1.18%"
"07/25/2022","16.90","17.10","17.30","16.80","947.23K","-2.03%"
"07/22/2022","17.25","16.75","17.65","16.70","4.10M","+2.99%"
"07/21/2022","16.75","16.75","16.80","16.65","966.98K","+0.60%"
"07/20/2022","16.65","16.75","16.75","16.60","1.09M","+0.30%"
"07/19/2022","16.60","16.55","16.65","16.45","721.26K","+0.61%"
"07/18/2022","16.50","16.35","16.65","16.30","1.22M","+1.23%"
"07/15/2022","16.30","16.70","16.70","16.20","914.34K","-0.61%"
"07/14/2022","16.40","16.60","16.75","16.35","604.47K","-1.20%"
"07/13/2022","16.60","16.75","16.80","16.50","749.06K","-0.60%"
"07/12/2022","16.70","16.55","16.85","16.50","2.07M","+0.00%"
"07/11/2022","16.70","16.70","17.15","16.60","1.90M","-0.60%"
"07/08/2022","16.80","16.90","17.10","16.70","737.16K","+0.30%"
"07/07/2022","16.75","16.40","16.85","16.40","739.95K","+2.13%"
"07/06/2022","16.40","16.45","16.50","16.25","498.89K","+0.31%"
"07/05/2022","16.35","16.45","16.80","16.00","776.51K","-0.91%"
"07/04/2022","16.50","16.35","17.10","16.30","896.66K","+1.23%"
"07/01/2022","16.30","16.30","16.45","16.10","670.32K","+0.31%"
"06/30/2022","16.25","16.85","16.95","14.35","1.16M","-2.99%"
"06/29/2022","16.75","16.50","16.90","16.50","600.66K","-0.59%"
"06/28/2022","16.85","16.70","17.05","16.40","1.13M","+0.90%"
"06/27/2022","16.70","16.90","16.90","16.60","614.40K","+0.60%"
"06/24/2022","16.60","16.35","16.75","16.35","866.64K","+2.15%"
"06/23/2022","16.25","16.45","16.55","16.05","877.93K","+0.00%"
"06/22/2022","16.25","16.60","16.60","15.90","805.27K","-1.81%"
"06/21/2022","16.55","15.85","16.65","15.85","1.58M","+3.12%"
"06/20/2022","16.05","16.55","16.70","15.80","1.16M","-3.60%"
"06/17/2022","16.65","16.50","16.95","16.20","1.37M","+0.60%"
"06/16/2022","16.55","17.35","17.35","16.50","1.20M","-2.65%"
"06/15/2022","17.00","17.05","17.25","16.90","936.49K","+0.00%"
"06/14/2022","17.00","16.70","17.70","16.70","1.27M","+0.00%"
"06/13/2022","17.00","17.40","17.60","16.95","1.50M","-3.95%"
"06/10/2022","17.70","17.40","18.40","17.35","1.54M","+0.00%"
"06/09/2022","17.70","17.80","17.90","17.55","900.84K","-0.28%"
"06/08/2022","17.75","17.70","18.05","17.50","1.72M","+1.43%"
"06/07/2022","17.50","17.50","17.85","17.35","1.27M","+0.00%"
"06/06/2022","17.50","17.95","17.95","17.15","1.35M","-2.23%"
"06/03/2022","17.90","18.25","18.30","17.85","781.48K","-0.83%"
"06/02/2022","18.05","18.00","18.20","17.85","986.48K","+0.84%"
"06/01/2022","17.90","18.25","18.25","17.70","882.59K","-1.10%"
"05/31/2022","18.10","18.15","18.25","17.85","1.24M","+0.28%"
"05/30/2022","18.05","17.50","18.20","17.50","1.91M","+3.74%"
"05/27/2022","17.40","17.80","17.80","17.30","1.53M","-0.85%"
"05/26/2022","17.55","17.45","17.80","16.65","2.20M","+2.03%"
"05/25/2022","17.20","17.90","17.90","17.00","1.41M","-2.55%"
"05/24/2022","17.65","17.90","18.10","17.50","1.17M","-1.67%"
"05/23/2022","17.95","18.35","18.40","17.90","1.18M","-2.18%"
"05/20/2022","18.35","18.25","18.45","18.00","1.33M","+2.51%"
"05/19/2022","17.90","17.70","18.20","17.70","1.59M","-2.72%"
"05/18/2022","18.40","18.40","18.50","18.00","2.11M","+1.38%"
"05/17/2022","18.15","17.85","18.30","17.65","1.69M","+3.12%"
"05/16/2022","17.60","17.50","17.75","17.25","1.77M","+2.62%"
"05/13/2022","17.15","17.05","17.60","16.95","2.89M","+1.78%"
"05/12/2022","16.85","17.45","17.45","16.55","2.99M","-4.26%"
"05/11/2022","17.60","18.40","18.40","17.20","3.31M","-2.76%"
"05/10/2022","18.10","19.00","19.20","17.85","2.67M","-4.49%"
"05/09/2022","18.95","19.30","19.45","18.60","3.48M","-2.57%"
"05/06/2022","19.45","19.50","19.70","19.25","3.48M","-1.77%"
"05/05/2022","19.80","20.10","20.35","19.40","5.51M","-0.50%"
"05/04/2022","19.90","20.00","20.30","19.40","6.86M","-1.00%"
"05/02/2022","20.10","19.90","20.30","19.50","4.54M","+0.00%"
"04/29/2022","20.10","20.40","20.50","19.80","8.37M","+0.00%"
"04/28/2022","20.10","21.70","21.80","19.90","10.07M","-4.74%"
"04/27/2022","21.10","19.95","21.50","19.40","15.63M","+5.24%"
"04/26/2022","20.05","20.95","21.10","19.85","7.17M","-2.91%"
"04/25/2022","20.65","21.00","21.80","20.60","9.87M","-4.18%"
"04/22/2022","21.55","20.35","21.80","20.15","12.88M","+4.87%"
"04/21/2022","20.55","20.40","20.95","20.25","6.35M","+1.48%"
"04/20/2022","20.25","20.05","20.70","20.05","6.66M","+0.50%"
"04/19/2022","20.15","19.50","20.80","19.50","11.79M","+3.33%"
"04/18/2022","19.50","19.40","19.80","19.00","6.62M","+0.26%"
"04/13/2022","19.45","19.95","20.05","19.25","8.79M","-5.12%"
"04/12/2022","20.50","21.25","21.30","20.10","9.17M","-3.07%"
"04/11/2022","21.15","20.50","21.75","20.25","17.27M","+3.68%"
"04/08/2022","20.40","19.00","20.75","18.95","28.09M","+8.80%"
"04/07/2022","18.75","18.70","19.20","18.60","7.99M","+0.27%"
"04/06/2022","18.70","18.80","19.10","18.65","6.61M","-0.27%"
"04/05/2022","18.75","18.95","19.35","18.65","9.55M","-0.27%"
"04/04/2022","18.80","19.20","19.85","18.70","7.47M","-0.53%"
"04/01/2022","18.90","17.40","19.50","17.35","9.27M","+9.57%"
"03/31/2022","17.25","17.55","17.60","17.20","2.71M","-1.43%"
"03/30/2022","17.50","17.35","17.75","17.35","3.16M","+1.45%"
"03/29/2022","17.25","17.75","17.90","17.05","4.54M","-2.27%"
"03/28/2022","17.65","18.30","18.45","17.55","4.56M","-4.08%"
"03/25/2022","18.40","18.75","18.80","18.25","2.27M","-1.08%"
"03/24/2022","18.60","18.50","18.90","18.45","3.19M","+0.00%"
"03/23/2022","18.60","18.90","18.95","18.50","2.27M","-1.06%"
"03/22/2022","18.80","19.05","19.05","18.70","2.29M","-1.31%"
"03/21/2022","19.05","19.25","19.30","18.90","2.26M","+0.79%"
"03/17/2022","18.90","18.95","19.15","18.75","2.50M","+1.07%"
"03/16/2022","18.70","19.00","19.00","18.65","1.90M","+0.00%"
"03/15/2022","18.70","18.75","19.25","18.60","8.54M","+0.81%"
"03/14/2022","18.55","18.95","19.05","18.50","2.06M","-1.59%"
"03/11/2022","18.85","18.85","19.05","18.65","1.89M","+0.80%"
"03/10/2022","18.70","19.00","19.00","18.50","2.56M","+1.08%"
"03/09/2022","18.50","18.40","18.65","18.20","2.65M","+1.93%"
"03/08/2022","18.15","17.95","18.30","17.90","2.19M","+1.97%"
"03/07/2022","17.80","17.80","18.05","17.50","2.71M","-2.20%"
"03/04/2022","18.20","18.55","18.55","18.10","2.39M","-1.62%"
"03/03/2022","18.50","18.90","19.10","18.25","3.14M","-0.54%"
"03/02/2022","18.60","18.55","18.90","18.30","3.05M","+0.00%"
"02/28/2022","18.60","17.80","18.75","17.60","4.57M","+3.05%"
"02/25/2022","18.05","17.30","18.15","17.30","4.11M","+5.87%"
"02/24/2022","17.05","17.95","18.20","16.80","8.06M","-8.82%"
"02/23/2022","18.70","18.40","18.80","18.20","3.70M","+3.03%"
"02/22/2022","18.15","18.25","18.70","17.70","7.78M","-4.47%"
"02/21/2022","19.00","19.50","19.65","18.80","6.00M","-2.81%"
"02/18/2022","19.55","19.80","20.00","19.50","5.00M","-2.01%"
"02/17/2022","19.95","20.30","20.40","19.90","4.46M","-0.75%"
"02/16/2022","20.10","20.55","20.75","19.95","8.63M","-0.99%"
"02/15/2022","20.30","20.35","20.50","19.65","7.49M","+1.25%"
"02/14/2022","20.05","21.20","21.40","19.85","7.81M","-7.60%"
"02/11/2022","21.70","21.80","22.45","21.60","9.16M","-1.14%"
"02/10/2022","21.95","22.00","22.65","21.90","13.85M","+0.23%"
"02/09/2022","21.90","21.95","22.70","21.80","7.49M","+0.00%"
"02/08/2022","21.90","22.20","22.30","21.75","3.56M","-0.45%"
"02/07/2022","22.00","22.50","22.75","21.75","4.13M","-2.00%"
"02/04/2022","22.45","22.80","23.15","22.30","5.67M","-0.66%"
"02/03/2022","22.60","21.60","23.00","21.40","16.40M","+5.12%"
"02/02/2022","21.50","21.70","22.10","21.40","5.36M","+0.00%"
"02/01/2022","21.50","22.15","22.15","21.25","4.50M","-1.83%"
"01/31/2022","21.90","22.45","22.55","21.80","3.98M","-0.90%"
"01/28/2022","22.10","22.45","22.85","21.95","6.13M","+0.00%"
"01/27/2022","22.10","21.30","23.70","21.00","18.11M","+4.00%"
"01/25/2022","21.25","20.75","21.60","20.45","4.02M","+1.43%"
"01/24/2022","20.95","21.85","22.10","20.75","6.24M","-4.34%"
"01/21/2022","21.90","22.30","23.05","21.60","7.82M","-1.79%"
"01/20/2022","22.30","22.50","22.85","22.20","4.10M","-1.11%"
"01/19/2022","22.55","22.65","23.30","22.30","6.90M","+0.22%"
"01/18/2022","22.50","22.80","22.95","22.20","6.51M","-3.23%"
"01/17/2022","23.25","23.30","23.65","23.20","7.17M","+0.43%"
"01/14/2022","23.15","23.55","23.75","23.05","6.88M","-2.11%"
"01/13/2022","23.65","22.75","24.05","22.50","18.62M","+5.35%"
"01/12/2022","22.45","22.85","22.90","22.25","4.94M","+0.22%"
"01/11/2022","22.40","22.85","23.15","22.30","7.09M","-0.44%"
"01/10/2022","22.50","22.40","22.70","22.10","8.44M","+2.97%"
"01/07/2022","21.85","22.20","22.65","21.75","4.72M","-1.13%"
"01/06/2022","22.10","22.10","22.40","21.85","2.45M","-0.90%"
"01/05/2022","22.30","21.95","22.80","21.75","4.42M","+1.59%"
"01/04/2022","21.95","22.00","22.30","21.85","2.72M","+0.00%"
"01/03/2022","21.95","22.05","22.40","21.50","3.47M","+0.23%"
"12/31/2021","21.90","21.55","22.40","21.45","3.07M","+2.10%"
"12/30/2021","21.45","21.80","21.90","21.30","1.80M","-1.38%"
"12/29/2021","21.75","21.70","22.25","21.55","2.88M","+0.46%"
"12/28/2021","21.65","21.45","21.75","21.35","2.02M","+1.88%"
"12/27/2021","21.25","21.15","21.40","20.80","2.43M","+0.47%"
"12/24/2021","21.15","21.30","21.35","20.80","2.41M","+0.00%"
"12/23/2021","21.15","21.30","21.45","20.95","1.67M","+0.24%"
"12/22/2021","21.10","21.00","21.45","20.90","2.61M","+1.20%"
"12/21/2021","20.85","20.50","21.00","20.40","3.39M","+3.22%"
"12/20/2021","20.20","20.85","20.85","20.00","3.97M","-3.81%"
"12/17/2021","21.00","21.95","21.95","20.85","5.15M","-3.89%"
"12/16/2021","21.85","22.25","22.75","21.55","4.46M","-1.35%"
"12/15/2021","22.15","22.30","22.55","22.05","4.55M","+0.00%"
"12/14/2021","22.15","22.60","22.75","22.05","7.34M","-2.85%"
"12/13/2021","22.80","23.40","23.45","22.65","7.62M","-0.87%"
"12/10/2021","23.00","22.50","23.70","22.20","21.91M","+3.14%"
"12/09/2021","22.30","20.90","22.50","20.70","12.39M","+8.78%"
"12/08/2021","20.50","20.50","20.75","20.45","2.18M","+0.99%"
"12/07/2021","20.30","20.55","20.80","20.25","2.70M","-0.49%"
"12/06/2021","20.40","20.90","20.95","20.30","1.52M","-2.16%"
"12/03/2021","20.85","20.95","21.40","20.60","2.39M","+0.48%"
"12/02/2021","20.75","20.25","20.90","20.05","2.25M","+3.23%"
"12/01/2021","20.10","20.45","20.70","20.00","2.26M","+0.50%"
"11/30/2021","20.00","19.90","20.50","19.70","2.36M","+0.76%"
"11/29/2021","19.85","20.50","20.60","19.75","3.51M","-3.64%"
"11/26/2021","20.60","21.35","21.35","20.45","3.87M","-4.41%"
"11/25/2021","21.55","21.40","21.75","21.05","3.85M","+2.38%"
"11/24/2021","21.05","21.05","21.90","20.80","6.03M","+0.48%"
"11/23/2021","20.95","19.95","21.25","19.85","3.12M","+3.97%"
"11/22/2021","20.15","20.50","20.55","19.80","2.30M","-1.23%"
"11/18/2021","20.40","21.00","21.05","19.95","2.99M","-2.63%"
"11/17/2021","20.95","21.15","21.45","20.80","1.82M","-1.18%"
"11/16/2021","21.20","21.15","21.45","21.00","2.37M","+0.71%"
"11/15/2021","21.05","20.90","21.15","20.75","3.11M","+1.69%"
"11/12/2021","20.70","20.50","20.75","20.20","3.09M","+1.97%"
"11/11/2021","20.30","20.80","21.10","20.00","5.61M","-2.40%"
"11/10/2021","20.80","21.05","21.40","20.70","4.53M","-1.19%"
"11/09/2021","21.05","21.10","21.70","20.85","7.33M","+0.24%"
"11/08/2021","21.00","21.00","21.10","20.35","7.34M","+0.96%"
"11/04/2021","20.80","20.10","20.95","20.10","3.03M","+5.05%"
"11/03/2021","19.80","21.20","21.80","19.60","16.98M","-6.16%"
"11/02/2021","21.10","21.90","22.20","20.90","7.79M","-2.99%"
"11/01/2021","21.75","22.45","22.45","21.65","4.20M","-0.23%"
"10/29/2021","21.80","23.10","23.25","21.75","7.79M","-5.83%"
"10/28/2021","23.15","23.45","23.50","23.05","1.24M","-1.28%"
"10/27/2021","23.45","23.90","24.00","23.30","1.97M","-1.47%"
"10/26/2021","23.80","23.35","24.20","23.25","2.20M","+2.37%"
"10/25/2021","23.25","24.00","24.20","23.00","2.53M","-2.72%"
"10/22/2021","23.90","24.00","24.75","23.60","3.78M","+0.00%"
"10/21/2021","23.90","24.00","24.45","23.50","7.01M","-4.21%"
"10/20/2021","24.95","25.65","25.90","24.80","3.68M","-1.96%"
"10/19/2021","25.45","26.65","27.00","25.10","7.22M","-3.96%"
"10/18/2021","26.50","27.20","27.40","26.30","6.59M","-1.30%"
"10/14/2021","26.85","26.30","27.60","26.15","9.10M","+2.48%"
"10/13/2021","26.20","26.70","26.90","26.10","3.72M","-1.32%"
"10/12/2021","26.55","26.00","27.15","25.80","21.79M","+2.12%"
"10/11/2021","26.00","26.50","26.65","25.85","3.85M","-0.95%"
"10/08/2021","26.25","26.00","26.75","25.65","3.88M","+1.16%"
"10/07/2021","25.95","25.75","26.30","25.55","3.41M","+1.96%"
"10/06/2021","25.45","27.05","27.20","25.15","5.72M","-3.96%"
"10/05/2021","26.50","25.30","26.80","25.10","12.29M","+4.54%"
"10/04/2021","25.35","25.30","25.90","25.10","5.43M","+1.20%"
"10/01/2021","25.05","23.95","25.20","23.95","9.23M","+4.38%"
"09/30/2021","24.00","24.15","24.35","23.95","2.80M","-0.21%"
"09/29/2021","24.05","23.95","24.25","23.85","2.91M","+0.42%"
"09/28/2021","23.95","24.10","24.55","23.70","2.85M","+0.00%"
"09/27/2021","23.95","24.25","24.25","23.90","1.33M","-0.62%"
"09/24/2021","24.10","24.75","25.15","23.95","2.73M","-2.03%"
"09/23/2021","24.60","25.10","25.30","24.55","2.04M","-1.60%"
"09/22/2021","25.00","24.70","25.70","24.70","11.59M","+4.82%"
"09/21/2021","23.85","23.80","24.20","23.65","2.40M","-0.42%"
"09/20/2021","23.95","23.90","24.50","23.80","2.64M","-1.03%"
"09/17/2021","24.20","24.70","24.70","23.80","4.13M","-1.22%"
"09/16/2021","24.50","25.00","25.25","24.30","4.10M","-1.61%"
"09/15/2021","24.90","25.10","25.65","24.85","5.85M","-0.80%"
"09/14/2021","25.10","23.65","25.75","23.60","33.95M","+7.04%"
"09/13/2021","23.45","23.75","23.75","23.40","1.97M","-0.85%"
"09/09/2021","23.65","23.90","24.05","23.55","3.27M","-1.25%"
"09/08/2021","23.95","23.70","24.20","23.60","1.83M","+1.27%"
"09/07/2021","23.65","24.05","24.25","23.55","1.61M","-1.25%"
"09/06/2021","23.95","23.85","25.05","23.65","7.23M","+0.84%"
"09/03/2021","23.75","23.40","24.15","23.25","3.19M","+2.15%"
"09/02/2021","23.25","23.15","23.70","23.10","2.93M","+0.87%"
"09/01/2021","23.05","23.30","23.55","22.95","3.05M","-0.43%"
"08/31/2021","23.15","23.50","23.55","22.90","2.86M","-1.28%"
"08/30/2021","23.45","23.00","23.90","23.00","2.99M","+1.96%"
"08/27/2021","23.00","23.20","23.35","22.85","1.94M","-0.86%"
"08/26/2021","23.20","23.30","23.45","23.00","1.26M","-0.22%"
"08/25/2021","23.25","23.20","23.65","23.05","3.00M","+1.09%"
"08/24/2021","23.00","22.20","23.25","22.05","4.40M","+3.84%"
"08/23/2021","22.15","23.00","23.25","21.90","4.59M","-2.64%"
"08/20/2021","22.75","23.40","23.50","22.70","3.41M","-3.40%"
"08/18/2021","23.55","24.25","24.60","23.40","4.28M","-2.69%"
"08/17/2021","24.20","24.60","24.95","24.05","3.56M","-1.63%"
"08/16/2021","24.60","25.05","25.30","24.50","4.06M","-1.80%"
"08/13/2021","25.05","25.45","25.55","25.00","2.67M","-1.18%"
"08/12/2021","25.35","24.85","25.45","24.65","3.48M","+2.84%"
"08/11/2021","24.65","25.40","25.65","24.10","7.65M","-3.14%"
"08/10/2021","25.45","26.20","26.60","25.15","6.61M","-3.23%"
"08/09/2021","26.30","25.75","26.60","25.50","7.05M","+2.14%"
"08/06/2021","25.75","25.60","26.00","25.60","2.20M","+0.59%"
"08/05/2021","25.60","26.20","26.25","25.35","4.28M","-2.29%"
"08/04/2021","26.20","27.40","27.50","25.95","8.26M","-3.68%"
"08/03/2021","27.20","27.10","27.85","26.60","9.37M","+0.74%"
"08/02/2021","27.00","26.10","27.20","26.05","8.15M","+3.65%"
"07/30/2021","26.05","25.75","26.45","25.60","4.92M","+1.17%"
"07/29/2021","25.75","25.50","25.95","25.30","3.45M","+1.58%"
"07/28/2021","25.35","25.80","25.95","25.00","4.84M","-1.74%"
"07/27/2021","25.80","25.95","26.30","25.45","3.94M","-0.19%"
"07/26/2021","25.85","25.90","26.70","25.70","6.48M","-0.19%"
"07/23/2021","25.90","25.95","26.10","25.25","6.15M","+0.58%"
"07/22/2021","25.75","26.15","26.45","25.70","6.85M","-1.90%"
"07/20/2021","26.25","27.00","27.00","26.00","6.45M","-1.87%"
"07/19/2021","26.75","26.65","27.60","26.55","8.58M","-0.19%"
"07/16/2021","26.80","27.05","27.45","26.75","4.73M","-0.92%"
"07/15/2021","27.05","27.65","27.85","27.00","5.25M","-1.81%"
"07/14/2021","27.55","27.90","27.95","27.30","5.87M","-1.25%"
"07/13/2021","27.90","27.80","28.15","27.70","8.29M","+1.45%"
"07/12/2021","27.50","28.45","28.55","27.35","13.06M","-1.79%"
"07/09/2021","28.00","27.45","28.35","27.25","14.04M","+1.82%"
"07/08/2021","27.50","28.05","28.70","26.80","25.54M","-0.90%"
"07/07/2021","27.75","26.40","28.35","26.35","39.60M","+5.51%"
"07/06/2021","26.30","26.10","26.85","26.00","11.00M","+1.35%"
"07/05/2021","25.95","25.85","26.35","25.65","6.15M","+1.37%"
"07/02/2021","25.60","25.65","26.20","25.45","4.48M","+0.20%"
"07/01/2021","25.55","26.20","26.40","25.40","6.34M","-1.35%"
"06/30/2021","25.90","26.45","26.45","25.70","7.11M","-1.15%"
"06/29/2021","26.20","26.45","26.80","26.10","6.96M","+0.00%"
"06/28/2021","26.20","26.45","26.45","26.10","4.54M","+0.00%"
"06/25/2021","26.20","26.60","26.65","25.80","6.23M","-0.57%"
"06/24/2021","26.35","26.70","27.15","26.25","5.52M","-0.75%"
"06/23/2021","26.55","27.20","27.80","26.40","10.32M","-1.12%"
"06/22/2021","26.85","27.00","27.40","26.80","11.74M","+0.75%"
"06/21/2021","26.65","25.50","27.40","25.10","16.67M","+2.70%"
"06/18/2021","25.95","27.15","27.25","25.15","13.38M","-3.35%"
"06/17/2021","26.85","27.00","27.55","26.50","12.21M","-1.65%"
"06/16/2021","27.30","27.95","28.35","27.15","13.48M","-1.62%"
"06/15/2021","27.75","27.60","28.50","27.55","17.18M","+1.09%"
"06/14/2021","27.45","27.55","28.25","26.50","27.16M","+0.37%"
"06/11/2021","27.35","28.80","29.25","26.85","29.89M","-3.36%"
"06/10/2021","28.30","25.85","28.85","25.70","59.58M","+10.98%"
"06/09/2021","25.50","26.35","27.00","25.15","14.91M","-2.30%"
"06/08/2021","26.10","27.05","27.30","26.00","15.10M","-2.79%"
"06/07/2021","26.85","26.15","27.25","25.90","18.10M","+3.67%"
"06/04/2021","25.90","25.95","26.65","25.85","6.29M","+0.78%"
"06/03/2021","25.70","26.00","26.35","25.55","6.10M","-0.19%"
"06/02/2021","25.75","24.85","26.50","24.55","10.00M","+4.25%"
"06/01/2021","24.70","25.90","25.90","24.40","6.41M","-3.70%"
"05/31/2021","25.65","26.00","26.10","25.50","4.02M","-0.19%"
"05/28/2021","25.70","26.45","26.60","25.60","8.53M","-1.91%"
"05/27/2021","26.20","26.00","26.85","25.85","6.05M","+1.55%"
"05/26/2021","25.80","26.30","26.45","25.65","6.21M","-0.39%"
"05/25/2021","25.90","26.55","26.90","25.65","7.97M","-1.33%"
"05/24/2021","26.25","25.80","26.85","25.55","16.64M","+4.58%"
"05/21/2021","25.10","24.60","25.35","24.50","13.50M","+3.72%"
"05/20/2021","24.20","23.55","24.95","23.20","18.89M","+4.31%"
"05/19/2021","23.20","23.25","23.80","23.05","5.02M","+0.65%"
"05/18/2021","23.05","23.45","23.60","22.85","7.10M","+0.00%"
"05/17/2021","23.05","22.95","23.20","22.80","1.74M","+1.77%"
"05/14/2021","22.65","23.40","23.50","22.45","3.91M","-2.37%"
"05/12/2021","23.20","23.50","23.50","23.05","3.09M","-0.64%"
"05/11/2021","23.35","23.20","23.50","23.15","2.12M","+0.65%"
"05/10/2021","23.20","23.60","23.85","23.15","3.32M","-0.43%"
"05/07/2021","23.30","23.30","24.00","23.10","5.33M","+1.30%"
"05/06/2021","23.00","22.95","23.55","22.90","3.52M","+0.00%"
"05/05/2021","23.00","23.45","23.50","22.95","2.50M","-0.86%"
"05/04/2021","23.20","23.90","24.20","23.10","4.85M","-2.11%"
"05/03/2021","23.70","23.10","24.00","22.85","6.37M","+1.07%"
"04/30/2021","23.45","23.15","24.10","22.85","7.38M","+0.21%"
"04/29/2021","23.40","24.00","24.40","23.20","14.57M","-2.30%"
"04/28/2021","23.95","22.70","25.15","22.65","59.04M","+7.64%"
"04/27/2021","22.25","21.80","22.75","21.75","45.31M","+0.91%"
"04/26/2021","22.05","21.65","22.45","21.65","17.15M","+1.85%"
"04/23/2021","21.65","21.90","22.45","21.50","2.66M","-0.69%"
"04/22/2021","21.80","21.90","22.40","20.55","4.85M","+0.00%"
"04/20/2021","21.80","22.40","22.80","21.70","2.02M","-2.24%"
"04/19/2021","22.30","23.00","23.00","21.10","955.91K","-3.46%"
"04/16/2021","23.10","22.50","23.90","22.20","1.85M","+2.67%"
"04/15/2021","22.50","23.00","23.00","22.30","550.29K","-1.10%"
"04/13/2021","22.75","22.40","23.20","22.20","851.79K","+2.25%"
"04/12/2021","22.25","24.10","24.10","22.15","1.38M","-7.48%"
"04/09/2021","24.05","23.80","24.50","23.65","869.73K","+1.05%"
"04/08/2021","23.80","24.50","24.50","23.60","907.28K","-1.65%"
"04/07/2021","24.20","24.15","24.45","23.85","587.20K","+1.04%"
"04/06/2021","23.95","24.10","24.60","23.60","949.90K","-0.42%"
"04/05/2021","24.05","25.35","25.45","23.40","1.29M","-5.13%"
"04/01/2021","25.35","26.10","26.15","25.15","1.34M","-1.36%"
"03/31/2021","25.70","25.00","26.20","24.90","2.04M","+2.19%"
"03/30/2021","25.15","25.25","25.50","25.00","2.29M","-1.95%"
"03/26/2021","25.65","26.25","27.85","25.55","10.24M","-10.31%"
"03/25/2021","28.60","29.50","29.50","28.10","421.77K","-3.05%"
"03/24/2021","29.50","29.80","30.30","29.20","305.83K","-1.17%"
"03/23/2021","29.85","30.00","30.30","29.65","269.26K","+0.00%"
"03/22/2021","29.85","29.15","30.35","29.15","411.08K","+1.36%"
"03/19/2021","29.45","29.50","29.70","28.35","598.94K","-1.01%"
"03/18/2021","29.75","30.75","31.25","29.40","516.96K","-3.25%"
"03/17/2021","30.75","31.25","31.25","30.50","628.96K","-1.13%"
"03/16/2021","31.10","31.00","31.45","30.75","439.91K","-0.64%"
"03/15/2021","31.30","32.45","32.45","30.90","664.28K","-1.42%"
"03/12/2021","31.75","32.40","33.30","31.40","1.01M","-2.01%"
"03/10/2021","32.40","33.90","34.15","32.30","2.00M","-3.57%"
"03/09/2021","33.60","31.40","34.80","30.85","7.37M","+8.21%"
"03/08/2021","31.05","31.15","31.75","30.85","802.38K","+0.65%"
"03/05/2021","30.85","30.90","32.35","30.60","2.11M","-0.16%"
"03/04/2021","30.90","30.45","31.40","30.35","425.57K","+0.32%"
"03/03/2021","30.80","31.55","31.60","30.70","591.86K","-0.16%"
"03/02/2021","30.85","31.45","31.85","30.60","623.11K","-0.48%"
"03/01/2021","31.00","30.25","32.45","29.80","3.36M","+4.20%"
"02/26/2021","29.75","29.90","30.15","29.65","416.29K","-1.00%"
"02/25/2021","30.05","30.30","30.35","29.75","331.70K","+1.18%"
"02/24/2021","29.70","29.60","30.00","29.15","160.18K","+0.34%"
"02/23/2021","29.60","29.75","30.00","29.50","204.76K","-0.34%"
"02/22/2021","29.70","29.70","30.20","29.55","254.32K","-1.16%"
"02/19/2021","30.05","30.20","30.60","29.85","369.08K","-0.50%"
"02/18/2021","30.20","30.35","30.50","30.05","304.69K","+0.67%"
"02/17/2021","30.00","30.00","30.30","29.80","327.44K","-0.17%"
"02/16/2021","30.05","30.45","30.65","27.60","415.05K","-0.83%"
"02/15/2021","30.30","30.15","30.75","30.05","338.50K","-0.33%"
"02/12/2021","30.40","30.95","30.95","30.10","194.99K","-0.33%"
"02/11/2021","30.50","30.00","33.00","29.70","1.21M","+1.84%"
"02/10/2021","29.95","29.60","30.90","29.30","852.29K","+1.18%"
"02/09/2021","29.60","29.95","30.10","29.15","517.28K","-1.17%"
"02/08/2021","29.95","30.40","30.85","29.85","552.05K","-1.48%"
"02/05/2021","30.40","30.90","31.40","30.00","560.68K","-0.65%"
"02/04/2021","30.60","30.90","31.35","30.40","500.40K","+0.99%"
"02/03/2021","30.30","30.60","30.95","29.90","380.29K","-0.98%"
"02/02/2021","30.60","31.00","31.60","30.50","212.76K","+0.00%"
"02/01/2021","30.60","30.25","31.75","29.80","356.31K","+1.16%"
"01/29/2021","30.25","30.30","30.65","30.00","154.84K","+0.83%"
"01/28/2021","30.00","28.60","30.50","28.60","359.57K","+0.33%"
"01/27/2021","29.90","30.35","30.40","29.40","467.78K","-1.48%"
"01/25/2021","30.35","31.25","31.50","30.25","309.66K","-2.72%"
"01/22/2021","31.20","31.90","32.25","31.00","474.07K","-1.89%"
"01/21/2021","31.80","32.60","32.65","31.50","409.20K","-1.70%"
"01/20/2021","32.35","32.70","32.75","31.60","356.83K","-0.31%"
"01/19/2021","32.45","32.40","33.05","32.25","472.92K","+1.25%"
"01/18/2021","32.05","32.50","33.30","31.25","1.58M","-6.97%"
"01/15/2021","34.45","34.80","35.30","33.80","1.25M","+0.88%"
"01/14/2021","34.15","34.35","34.50","33.80","593.84K","+0.29%"
"01/13/2021","34.05","34.65","34.90","33.50","982.86K","-1.45%"
"01/12/2021","34.55","34.20","34.95","33.90","1.38M","+2.07%"
"01/11/2021","33.85","34.00","34.40","33.35","714.30K","+0.45%"
"01/08/2021","33.70","34.20","34.70","33.50","1.28M","-0.30%"
"01/07/2021","33.80","34.30","34.55","33.55","1.03M","+1.50%"
"01/06/2021","33.30","33.20","34.35","32.50","1.62M","+1.37%"
"01/05/2021","32.85","32.90","33.10","32.70","373.14K","-0.15%"
"01/04/2021","32.90","33.10","33.40","32.75","477.26K","-0.45%"
"01/01/2021","33.05","33.35","33.60","33.00","397.38K","-0.30%"
"12/31/2020","33.15","32.85","33.50","32.40","486.44K","+1.38%"
"12/30/2020","32.70","32.50","32.80","32.30","279.54K","-0.30%"
"12/29/2020","32.80","33.30","33.45","32.25","308.94K","-1.50%"
"12/28/2020","33.30","33.90","34.20","33.15","377.03K","-1.19%"
"12/24/2020","33.70","34.80","35.00","33.20","1.71M","+2.43%"
"12/23/2020","32.90","30.45","33.00","30.30","2.73M","+9.67%"
"12/22/2020","30.00","30.20","32.00","28.75","759.16K","-0.66%"
"12/21/2020","30.20","31.95","33.00","29.50","792.53K","-6.21%"
"12/18/2020","32.20","33.45","33.70","31.00","686.77K","-4.02%"
"12/17/2020","33.55","34.65","34.65","33.40","630.99K","-2.47%"
"12/16/2020","34.40","33.95","35.15","33.30","1.02M","+1.47%"
"12/15/2020","33.90","34.30","35.50","33.05","696.43K","-0.73%"
"12/14/2020","34.15","34.80","35.60","33.50","489.59K","-1.30%"
"12/11/2020","34.60","34.40","36.70","34.00","1.06M","+1.76%"
"12/10/2020","34.00","36.40","36.50","33.50","1.51M","-4.36%"
"12/09/2020","35.55","32.25","35.55","32.25","2.52M","+9.89%"
"12/08/2020","32.35","33.40","33.45","32.00","487.67K","-2.12%"
"12/07/2020","33.05","33.65","33.70","32.40","650.61K","-0.75%"
"12/04/2020","33.30","32.00","33.75","32.00","1.68M","+4.88%"
"12/03/2020","31.75","31.55","31.95","31.00","371.45K","+1.93%"
"12/02/2020","31.15","31.50","31.90","30.60","350.66K","-0.95%"
"12/01/2020","31.45","30.95","31.80","30.70","546.52K","+2.44%"
"11/27/2020","30.70","30.50","30.95","30.10","327.81K","+1.49%"
"11/26/2020","30.25","30.95","31.00","29.90","272.64K","+1.17%"
"11/25/2020","29.90","30.45","30.55","29.55","290.31K","-0.50%"
"11/24/2020","30.05","30.95","31.30","29.80","457.14K","-1.96%"
"11/23/2020","30.65","31.85","31.90","30.00","396.46K","-3.31%"
"11/20/2020","31.70","33.35","33.40","31.00","781.08K","-1.25%"
"11/19/2020","32.10","32.90","34.45","31.40","2.48M","+2.39%"
"11/18/2020","31.35","28.85","31.35","28.30","602.82K","+10.00%"
"11/17/2020","28.50","28.05","28.65","28.00","213.72K","+0.35%"
"11/14/2020","28.40","28.20","28.60","27.80","87.65K","+0.71%"
"11/13/2020","28.20","28.00","28.40","27.75","150.15K","+0.71%"
"11/12/2020","28.00","28.35","28.35","27.65","177.40K","+0.18%"
"11/11/2020","27.95","28.30","28.40","27.55","127.04K","+0.54%"
"11/10/2020","27.80","28.80","28.95","27.70","161.49K","-1.42%"
"11/09/2020","28.20","27.50","28.30","27.10","215.48K","+3.30%"
"11/06/2020","27.30","27.10","27.65","27.05","124.55K","+0.18%"
"11/05/2020","27.25","27.40","27.85","27.20","135.56K","-0.55%"
"11/04/2020","27.40","28.05","28.05","27.20","116.80K","-0.54%"
"11/03/2020","27.55","27.70","28.25","27.25","134.89K","-0.54%"
"11/02/2020","27.70","28.40","28.40","27.60","183.27K","-2.46%"
"10/30/2020","28.40","28.40","29.20","27.95","123.99K","+0.00%"
"10/29/2020","28.40","28.05","28.70","27.95","136.99K","-1.22%"
"10/28/2020","28.75","29.15","29.95","27.95","343.06K","-2.21%"
"10/27/2020","29.40","29.85","30.60","29.15","111.30K","-1.51%"
"10/26/2020","29.85","30.80","30.80","29.65","135.04K","-1.97%"
"10/23/2020","30.45","31.75","31.95","30.05","232.39K","-2.56%"
"10/22/2020","31.25","30.00","31.25","29.30","370.40K","+4.87%"
"10/21/2020","29.80","30.00","30.50","29.50","121.15K","+0.00%"
"10/20/2020","29.80","29.95","30.00","29.00","220.75K","-0.67%"
"10/19/2020","30.00","31.40","32.00","29.85","293.91K","-4.46%"
"10/16/2020","31.40","33.50","33.50","31.00","342.71K","-2.64%"
"10/15/2020","32.25","34.50","34.75","32.20","372.12K","-4.73%"
"10/14/2020","33.85","35.30","35.30","32.55","241.94K","-1.17%"
"10/13/2020","34.25","34.20","34.90","33.40","511.96K","+3.01%"
"10/12/2020","33.25","33.00","33.25","32.65","651.51K","+4.89%"
"10/09/2020","31.70","31.95","32.80","31.50","162.55K","+0.32%"
"10/08/2020","31.60","32.25","33.00","30.70","175.52K","-1.86%"
"10/07/2020","32.20","32.90","32.95","32.00","226.33K","-0.31%"
"10/06/2020","32.30","32.00","32.50","31.10","182.69K","+3.86%"
"10/05/2020","31.10","30.50","31.30","29.40","234.25K","+4.19%"
"10/01/2020","29.85","29.20","31.00","29.20","132.69K","+0.00%"
"09/30/2020","29.85","31.00","31.00","29.40","117.60K","-2.77%"
"09/29/2020","30.70","31.25","31.50","29.60","134.12K","-1.44%"
"09/28/2020","31.15","30.85","31.15","30.10","144.39K","+4.88%"
"09/25/2020","29.70","28.40","29.80","28.00","173.93K","+4.58%"
"09/24/2020","28.40","29.75","30.15","28.30","173.48K","-4.54%"
"09/23/2020","29.75","30.95","31.50","29.25","167.10K","-2.46%"
"09/22/2020","30.50","30.00","31.00","29.65","269.73K","-2.24%"
"09/21/2020","31.20","31.80","33.05","31.15","287.91K","-4.73%"
"09/18/2020","32.75","33.50","33.50","32.55","151.92K","-0.46%"
"09/17/2020","32.90","33.75","33.75","31.95","148.24K","-2.08%"
"09/16/2020","33.60","34.20","34.50","33.20","200.11K","+0.15%"
"09/15/2020","33.55","34.45","34.45","33.00","169.75K","-1.32%"
"09/14/2020","34.00","35.00","35.00","33.10","197.08K","+0.29%"
"09/11/2020","33.90","34.20","34.40","33.45","141.75K","+1.35%"
"09/10/2020","33.45","31.95","33.45","31.10","170.29K","+4.86%"
"09/09/2020","31.90","32.55","33.00","31.45","312.78K","-3.63%"
"09/08/2020","33.10","34.25","34.25","32.55","287.19K","-3.36%"
"09/07/2020","34.25","35.75","35.75","34.00","297.92K","-4.20%"
"09/04/2020","35.75","35.60","36.20","34.70","289.90K","-2.05%"
"09/03/2020","36.50","35.85","36.55","35.00","488.15K","+4.73%"
"09/02/2020","34.85","34.70","34.85","32.20","271.27K","+4.97%"
"09/01/2020","33.20","33.75","34.90","32.30","252.57K","-1.78%"
"08/31/2020","33.80","35.60","35.90","33.75","748.20K","-4.79%"
"08/28/2020","35.50","35.90","35.90","35.00","418.82K","+0.28%"
"08/27/2020","35.40","35.80","35.95","35.20","320.69K","-0.84%"
"08/26/2020","35.70","35.70","36.00","35.10","290.41K","+0.14%"
"08/25/2020","35.65","36.45","36.50","35.40","511.15K","-2.19%"
"08/24/2020","36.45","36.60","37.50","36.20","451.98K","-1.62%"
"08/21/2020","37.05","36.80","37.30","36.20","439.71K","+0.68%"
"08/20/2020","36.80","37.40","37.40","36.50","693.34K","-1.87%"
"08/19/2020","37.50","38.00","38.00","37.00","502.83K","-1.32%"
"08/18/2020","38.00","37.55","38.50","36.00","691.57K","+1.20%"
"08/17/2020","37.55","37.45","38.55","37.00","494.56K","+1.35%"
"08/14/2020","37.05","37.95","37.95","36.50","498.68K","-0.80%"
"08/13/2020","37.35","38.25","38.25","37.00","544.90K","-2.35%"
"08/12/2020","38.25","38.35","39.00","37.60","818.78K","-3.29%"
"08/11/2020","39.55","35.85","39.55","35.85","1.55M","+4.91%"
"08/10/2020","37.70","37.70","37.70","37.70","315.22K","-4.92%"
"08/07/2020","39.65","41.70","41.70","39.65","510.82K","-4.92%"
"08/06/2020","41.70","41.70","41.70","38.00","1.85M","+4.91%"
"08/05/2020","39.75","39.40","39.75","38.40","1.15M","+4.88%"
"08/04/2020","37.90","34.30","37.90","34.30","1.62M","+4.99%"
"08/03/2020","36.10","36.10","36.10","36.10","220.60K","-5.00%"
"07/31/2020","38.00","38.00","38.00","38.00","184.80K","-4.88%"
"07/30/2020","39.95","39.95","39.95","39.95","183.43K","-4.99%"
"07/29/2020","42.05","42.05","43.75","42.05","1.57M","-4.97%"
"07/28/2020","44.25","44.25","44.25","44.25","100.76K","-4.94%"
"07/27/2020","46.55","46.55","46.55","46.55","97.04K","-4.90%"
"07/24/2020","48.95","48.95","48.95","48.95","165.97K","-4.95%"
"07/23/2020","51.50","51.50","51.50","51.50","341.23K","-4.98%"
"07/22/2020","54.20","55.00","57.30","50.55","23.22M","+2.55%"
"07/21/2020","52.85","49.50","52.85","49.10","12.53M","+9.99%"
"07/20/2020","48.05","46.35","48.05","44.00","10.63M","+9.95%"
"07/17/2020","43.70","39.75","43.70","36.30","8.87M","+9.94%"
"07/16/2020","39.75","44.40","46.50","39.60","8.23M","-9.56%"
"07/15/2020","43.95","45.00","49.80","40.90","30.33M","+5.40%"
"07/14/2020","41.70","35.80","41.70","35.30","13.21M","+20.00%"
"07/13/2020","34.75","34.10","35.10","33.30","5.08M","+7.59%"
"07/10/2020","32.30","32.00","32.70","31.00","3.16M","+4.03%"
"07/09/2020","31.05","31.35","32.00","31.00","633.21K","-0.32%"
"07/08/2020","31.15","32.00","32.30","31.05","1.05M","-2.20%"
"07/07/2020","31.85","32.10","32.45","30.80","1.01M","-0.93%"
"07/06/2020","32.15","32.15","33.00","31.40","1.08M","+0.63%"
"07/03/2020","31.95","33.00","33.00","31.70","1.20M","-2.14%"
"07/02/2020","32.65","33.40","33.50","32.10","930.21K","-1.36%"
"07/01/2020","33.10","31.85","34.50","30.30","2.44M","+4.42%"
"06/30/2020","31.70","32.95","33.45","31.55","941.92K","-2.91%"
"06/29/2020","32.65","33.95","34.00","31.30","1.85M","-3.55%"
"06/26/2020","33.85","33.25","35.50","33.25","1.80M","+2.58%"
"06/25/2020","33.00","33.55","33.55","32.60","1.39M","-2.37%"
"06/24/2020","33.80","36.30","36.65","33.60","3.60M","-5.59%"
"06/23/2020","35.80","34.00","36.60","33.55","5.27M","+7.51%"
"06/22/2020","33.30","34.80","34.80","33.05","2.60M","-1.91%"
"06/19/2020","33.95","34.90","35.00","33.25","8.05M","-0.29%"
"06/18/2020","34.05","35.90","36.85","33.60","25.37M","-1.87%"
"06/17/2020","34.70","33.00","35.40","32.20","18.55M","+8.44%"
"06/16/2020","32.00","28.70","32.75","27.75","23.98M","+17.22%"
"06/15/2020","27.30","26.00","27.90","25.70","5.58M","+8.76%"
"06/12/2020","25.10","22.60","25.70","22.60","2.53M","+1.41%"
"06/11/2020","24.75","25.50","26.10","24.30","1.78M","-1.98%"
"06/10/2020","25.25","24.90","25.70","23.95","1.95M","+3.27%"
"06/09/2020","24.45","26.55","26.70","23.90","2.87M","-5.42%"
"06/08/2020","25.85","25.50","26.90","24.70","7.74M","+5.08%"
"06/05/2020","24.60","24.20","26.20","23.60","4.99M","+4.24%"
"06/04/2020","23.60","23.95","23.95","23.45","421.04K","-0.84%"
"06/03/2020","23.80","24.40","24.40","23.70","965.39K","-0.63%"
"06/02/2020","23.95","24.05","24.35","23.75","1.19M","+0.00%"
"06/01/2020","23.95","23.95","24.50","23.80","1.02M","+1.70%"
"05/29/2020","23.55","23.75","24.45","23.05","906.34K","-0.84%"
"05/28/2020","23.75","23.35","24.75","22.90","1.31M","+2.59%"
"05/27/2020","23.15","23.50","23.50","22.45","960.48K","+0.00%"
"05/26/2020","23.15","24.25","24.25","22.90","764.72K","-2.11%"
"05/22/2020","23.65","24.65","25.20","23.05","1.82M","-0.42%"
"05/21/2020","23.75","24.65","24.65","23.10","1.49M","-2.26%"
"05/20/2020","24.30","25.35","25.80","23.70","1.51M","-4.14%"
"05/19/2020","25.35","26.05","27.90","25.10","2.98M","-1.36%"
"05/18/2020","25.70","24.50","25.85","24.10","6.76M","+9.36%"
"05/15/2020","23.50","24.20","24.30","22.25","1.63M","-2.08%"
"05/14/2020","24.00","26.00","26.00","24.00","2.83M","-9.94%"
"05/13/2020","26.65","29.85","29.85","25.05","13.96M","-1.84%"
"05/12/2020","27.15","24.35","27.15","23.60","10.70M","+19.87%"
"05/11/2020","22.65","21.00","22.65","20.10","6.04M","+19.84%"
"05/08/2020","18.90","17.70","20.50","17.70","2.92M","+8.00%"
"05/07/2020","17.50","17.50","17.80","17.20","299.22K","-2.23%"
"05/06/2020","17.90","18.35","18.35","17.65","359.06K","-2.19%"
"05/05/2020","18.30","18.75","19.00","18.10","309.88K","-2.40%"
"05/04/2020","18.75","19.20","19.20","17.90","483.52K","-1.32%"
"04/30/2020","19.00","19.00","19.50","18.70","712.50K","+1.60%"
"04/29/2020","18.70","19.35","19.50","18.10","531.68K","-3.11%"
"04/28/2020","19.30","20.00","20.20","19.20","486.64K","-1.53%"
"04/27/2020","19.60","20.90","21.00","19.00","1.34M","-5.54%"
"04/24/2020","20.75","22.00","22.30","19.50","3.09M","-3.26%"
"04/23/2020","21.45","21.65","22.80","20.45","8.82M","+12.89%"
"04/22/2020","19.00","18.20","19.00","16.55","1.81M","+19.87%"
"04/21/2020","15.85","16.00","16.10","15.20","200.26K","-1.55%"
"04/20/2020","16.10","15.80","16.30","15.80","480.82K","+2.55%"
"04/17/2020","15.70","16.10","16.25","15.50","232.62K","+2.28%"
"04/16/2020","15.35","15.00","16.15","15.00","336.79K","+0.00%"
"04/15/2020","15.35","14.40","16.90","13.75","931.84K","+8.87%"
"04/13/2020","14.10","14.80","14.80","13.25","351.39K","-4.08%"
"04/09/2020","14.70","13.90","14.95","13.80","453.85K","+7.69%"
"04/08/2020","13.65","13.50","13.95","13.20","185.50K","+1.87%"
"04/07/2020","13.40","12.85","13.75","12.85","274.25K","+4.28%"
"04/03/2020","12.85","13.20","13.20","12.05","299.75K","-2.65%"
"04/01/2020","13.20","13.45","13.80","12.00","108.61K","-1.86%"
"03/31/2020","13.45","13.90","13.90","13.35","138.69K","+0.75%"
"03/30/2020","13.35","13.30","14.00","12.55","205.52K","+0.75%"
"03/27/2020","13.25","14.60","14.60","12.90","277.80K","-1.85%"
"03/26/2020","13.50","13.90","14.80","13.10","908.50K","+0.37%"
"03/25/2020","13.45","11.30","13.50","11.00","560.49K","+19.56%"
"03/24/2020","11.25","11.50","12.55","10.50","224.00K","-5.06%"
"03/23/2020","11.85","11.40","12.60","10.65","227.26K","-8.85%"
"03/20/2020","13.00","12.25","14.00","12.05","261.72K","+6.12%"
"03/19/2020","12.25","11.90","13.40","11.40","255.04K","-6.49%"
"03/18/2020","13.10","14.55","15.00","12.90","417.07K","-9.97%"
"03/17/2020","14.55","14.70","15.20","14.00","287.36K","-1.02%"
"03/16/2020","14.70","15.05","16.10","14.25","212.86K","-2.00%"
"03/13/2020","15.00","12.50","17.00","12.10","488.77K","+2.39%"
"03/12/2020","14.65","16.80","16.95","14.40","485.58K","-15.32%"
"03/11/2020","17.30","17.90","18.30","16.95","375.92K","-3.08%"
"03/09/2020","17.85","18.80","18.80","17.10","302.96K","-5.31%"
"03/06/2020","18.85","18.20","19.25","17.55","526.10K","-0.26%"
"03/05/2020","18.90","18.35","19.00","18.10","272.17K","+2.72%"
"03/04/2020","18.40","18.85","18.90","17.90","206.32K","-2.39%"
"03/03/2020","18.85","18.25","20.90","18.25","283.80K","+1.89%"
"03/02/2020","18.50","19.00","19.60","18.00","271.71K","-4.15%"
"02/28/2020","19.30","19.55","19.85","19.00","463.00K","-5.85%"
"02/27/2020","20.50","21.20","21.20","20.00","418.20K","-1.68%"
"02/26/2020","20.85","20.75","21.40","20.10","320.61K","-2.34%"
"02/25/2020","21.35","21.10","23.50","20.75","382.91K","+0.47%"
"02/24/2020","21.25","22.65","22.65","21.05","867.89K","-6.18%"
"02/20/2020","22.65","24.70","24.70","22.35","2.51M","-9.76%"
"02/19/2020","25.10","24.25","26.35","24.00","9.61M","+8.66%"
"02/18/2020","23.10","22.40","23.10","21.65","2.64M","+20.00%"
"02/17/2020","19.25","19.35","19.85","18.50","856.58K","+3.22%"
"02/14/2020","18.65","18.00","18.90","18.00","178.65K","+3.32%"
"02/13/2020","18.05","19.00","19.05","17.55","328.03K","-4.24%"
"02/12/2020","18.85","18.95","19.40","18.80","144.34K","-0.53%"
"02/11/2020","18.95","19.20","19.20","18.80","124.46K","+0.00%"
"02/10/2020","18.95","19.50","19.60","18.75","130.99K","-2.07%"
"02/07/2020","19.35","19.25","19.60","19.10","116.35K","+1.31%"
"02/06/2020","19.10","19.00","19.30","18.65","180.19K","+0.79%"
"02/05/2020","18.95","19.35","19.35","18.65","241.90K","-0.52%"
"02/04/2020","19.05","18.80","19.35","18.60","150.54K","+2.42%"
"02/03/2020","18.60","18.60","18.90","18.40","165.93K","-0.53%"
"02/01/2020","18.70","19.10","19.60","18.45","229.58K","-2.86%"
"01/31/2020","19.25","19.85","19.85","19.20","255.27K","-0.77%"
"01/30/2020","19.40","19.90","19.90","19.30","162.81K","-1.27%"
"01/29/2020","19.65","19.95","19.95","19.45","515.95K","-0.51%"
"01/28/2020","19.75","19.95","20.40","19.25","715.14K","+0.25%"
"01/27/2020","19.70","19.55","19.95","19.55","293.59K","-1.50%"
"01/24/2020","20.00","20.05","20.40","19.90","351.24K","-0.25%"
"01/23/2020","20.05","20.75","20.85","19.80","610.36K","-3.37%"
"01/22/2020","20.75","21.40","21.90","20.60","460.28K","-2.58%"
"01/21/2020","21.30","21.80","21.80","20.65","1.01M","-1.39%"
"01/20/2020","21.60","22.10","22.25","21.10","775.48K","-1.82%"
"01/17/2020","22.00","23.85","23.90","21.65","2.56M","+0.23%"
"01/16/2020","21.95","22.15","22.85","20.25","2.79M","+0.46%"
"01/15/2020","21.85","20.15","22.15","19.70","2.19M","+8.71%"
"01/14/2020","20.10","20.45","20.45","19.80","585.79K","-1.23%"
"01/13/2020","20.35","20.20","20.55","20.00","712.76K","+1.24%"
"01/10/2020","20.10","19.85","20.80","19.50","1.59M","+3.88%"
"01/09/2020","19.35","19.25","19.55","19.05","315.30K","+2.65%"
"01/08/2020","18.85","19.00","19.25","18.75","354.66K","-2.33%"
"01/07/2020","19.30","19.85","19.85","19.10","404.43K","-0.52%"
"01/06/2020","19.40","19.10","19.50","19.00","861.01K","+2.11%"
"01/03/2020","19.00","19.50","21.90","18.65","14.62M","-4.04%"
"01/02/2020","19.80","19.60","20.10","19.35","146.61K","+0.00%"
"01/01/2020","19.80","20.15","20.45","19.55","93.14K","-1.74%"
"12/31/2019","20.15","19.55","20.50","19.20","340.46K","+4.68%"
"12/30/2019","19.25","19.95","19.95","19.20","73.06K","-1.53%"
"12/27/2019","19.55","19.90","19.90","19.20","122.60K","+2.62%"
"12/26/2019","19.05","19.00","19.95","18.65","158.89K","+0.26%"
"12/24/2019","19.00","19.35","19.35","18.70","201.27K","-1.55%"
"12/23/2019","19.30","19.40","19.50","19.05","126.46K","-0.77%"
"12/20/2019","19.45","19.50","19.70","19.30","87.49K","+0.00%"
"12/19/2019","19.45","19.55","19.75","19.30","77.78K","-0.51%"
"12/18/2019","19.55","19.70","19.80","19.50","92.26K","-0.51%"
"12/17/2019","19.65","19.70","19.75","19.50","115.18K","+0.26%"
"12/16/2019","19.60","19.30","20.00","19.30","80.43K","-0.25%"
"12/13/2019","19.65","20.10","20.10","19.20","174.33K","-1.01%"
"12/12/2019","19.85","20.20","20.20","19.55","126.94K","-0.75%"
"12/11/2019","20.00","20.00","20.40","19.80","123.87K","-0.50%"
"12/10/2019","20.10","20.85","20.85","19.85","118.04K","-2.43%"
"12/09/2019","20.60","20.80","20.90","20.15","175.94K","+1.23%"
"12/06/2019","20.35","22.20","22.20","20.20","674.25K","-4.91%"
"12/05/2019","21.40","20.70","21.40","20.40","949.86K","+4.90%"
"12/04/2019","20.40","20.00","20.85","19.60","253.15K","+2.51%"
"12/03/2019","19.90","20.05","20.20","19.80","83.66K","-0.75%"
"12/02/2019","20.05","20.00","20.20","19.80","118.95K","+0.75%"
"11/29/2019","19.90","20.10","20.40","19.80","202.15K","-1.00%"
"11/28/2019","20.10","20.15","20.65","20.00","129.63K","-0.25%"
"11/27/2019","20.15","21.20","21.20","20.00","216.20K","-4.28%"
"11/26/2019","21.05","21.45","21.75","20.85","713.13K","+1.45%"
"11/25/2019","20.75","20.00","20.75","19.95","200.75K","+4.80%"
"11/22/2019","19.80","20.00","20.35","19.75","190.57K","-1.49%"
"11/21/2019","20.10","20.00","20.50","19.70","151.02K","+1.01%"
"11/20/2019","19.90","20.75","20.75","19.60","173.19K","-1.97%"
"11/19/2019","20.30","20.45","20.50","19.80","151.36K","+1.00%"
"11/18/2019","20.10","19.90","20.30","19.90","89.06K","+1.26%"
"11/15/2019","19.85","20.45","20.65","19.80","198.27K","-1.73%"
"11/14/2019","20.20","20.35","20.35","20.05","87.47K","-0.49%"
"11/13/2019","20.30","20.90","21.00","20.15","187.24K","-0.25%"
"11/11/2019","20.35","20.35","21.25","20.10","189.38K","-2.63%"
"11/08/2019","20.90","21.20","21.40","20.70","118.74K","-1.42%"
"11/07/2019","21.20","21.60","21.60","21.00","121.18K","-0.70%"
"11/06/2019","21.35","21.85","21.90","21.25","111.35K","-1.84%"
"11/05/2019","21.75","21.60","22.30","21.00","302.59K","+1.64%"
"11/04/2019","21.40","21.80","21.80","21.00","205.20K","-0.23%"
"11/01/2019","21.45","21.00","21.70","20.80","246.66K","+1.42%"
"10/31/2019","21.15","21.30","21.95","21.05","222.76K","-1.40%"
"10/30/2019","21.45","21.95","21.95","21.20","259.63K","-2.28%"
"10/29/2019","21.95","21.95","22.80","21.35","466.50K","-1.57%"
"10/27/2019","22.30","21.95","22.50","21.10","441.76K","+3.96%"
"10/25/2019","21.45","20.95","22.20","20.65","541.41K","+1.42%"
"10/24/2019","21.15","19.40","21.15","19.20","759.28K","+4.96%"
"10/23/2019","20.15","20.55","20.85","20.15","205.76K","-4.95%"
"10/22/2019","21.20","22.40","22.40","21.20","395.56K","-4.93%"
"10/18/2019","22.30","23.15","23.15","22.05","502.19K","-3.67%"
"10/17/2019","23.15","23.70","23.70","22.60","1.39M","+2.43%"
"10/16/2019","22.60","22.60","22.60","21.80","971.02K","+4.87%"
"10/15/2019","21.55","21.55","21.55","21.20","110.60K","+4.87%"
"10/14/2019","20.55","20.20","20.55","20.20","129.63K","+4.85%"
"10/11/2019","19.60","19.85","20.60","19.20","310.57K","-1.26%"
"10/10/2019","19.85","19.30","20.05","18.90","270.81K","+3.39%"
"10/09/2019","19.20","18.95","19.80","18.70","390.24K","-1.03%"
"10/07/2019","19.40","19.40","19.70","19.15","138.79K","-1.02%"
"10/04/2019","19.60","19.85","20.35","19.20","287.29K","-2.24%"
"10/03/2019","20.05","21.00","21.00","19.95","414.19K","-4.30%"
"10/01/2019","20.95","20.95","21.60","20.05","423.30K","+0.72%"
"09/30/2019","20.80","21.15","21.60","20.60","262.79K","-3.93%"
"09/27/2019","21.65","22.05","22.60","21.45","293.05K","-3.13%"
"09/26/2019","22.35","22.65","22.80","21.60","382.24K","-1.11%"
"09/25/2019","22.60","22.25","22.90","22.00","336.42K","+1.57%"
"09/24/2019","22.25","22.20","22.85","22.05","280.84K","-1.98%"
"09/23/2019","22.70","22.85","23.15","21.25","583.08K","+2.48%"
"09/20/2019","22.15","23.65","23.65","22.05","794.96K","-4.53%"
"09/19/2019","23.20","24.10","24.10","22.80","484.73K","-1.90%"
"09/18/2019","23.65","22.60","23.70","22.60","1.09M","+4.65%"
"09/17/2019","22.60","23.15","23.50","22.60","674.18K","-4.84%"
"09/16/2019","23.75","24.25","24.85","23.75","679.09K","-5.00%"
"09/13/2019","25.00","26.80","26.85","24.85","964.45K","-3.47%"
"09/12/2019","25.90","23.95","25.90","23.70","1.20M","+4.86%"
"09/11/2019","24.70","25.70","25.95","24.70","1.31M","-4.82%"
"09/09/2019","25.95","27.50","28.45","25.70","1.07M","-8.95%"
"09/06/2019","28.50","31.00","31.25","28.20","1.48M","-7.92%"
"09/05/2019","30.95","31.70","32.75","30.55","1.89M","-2.37%"
"09/04/2019","31.70","32.25","32.50","30.60","1.36M","-1.40%"
"09/03/2019","32.15","34.15","34.50","31.80","1.21M","-4.46%"
"08/30/2019","33.65","32.65","34.95","31.90","872.73K","+3.54%"
"08/29/2019","32.50","33.50","34.80","31.70","1.68M","-2.26%"
"08/28/2019","33.25","30.65","33.25","28.10","2.33M","+9.92%"
"08/27/2019","30.25","32.00","32.80","29.65","993.12K","-5.17%"
"08/26/2019","31.90","34.90","35.40","31.10","1.15M","-5.20%"
"08/23/2019","33.65","34.30","36.00","31.40","2.13M","-1.90%"
"08/22/2019","34.30","33.00","38.45","32.90","5.68M","+5.54%"
"08/21/2019","32.50","27.35","32.50","26.95","2.39M","+19.93%"
"08/20/2019","27.10","27.10","28.00","26.65","436.57K","+3.63%"
"08/19/2019","26.15","24.45","27.40","24.45","718.46K","+6.95%"
"08/16/2019","24.45","25.45","25.45","24.30","249.54K","-3.93%"
"08/14/2019","25.45","25.50","27.35","24.75","1.58M","+7.61%"
"08/13/2019","23.65","20.80","23.70","20.30","955.76K","+19.75%"
"08/09/2019","19.75","19.65","20.70","19.35","55.32K","-1.50%"
"08/08/2019","20.05","19.65","20.20","19.65","43.85K","+1.52%"
"08/07/2019","19.75","20.90","20.95","19.30","77.76K","-5.95%"
"08/06/2019","21.00","17.55","21.40","17.55","243.57K","+15.70%"
"08/05/2019","18.15","18.70","19.10","17.70","48.02K","-4.97%"
"08/02/2019","19.10","19.30","19.45","18.70","68.88K","-1.04%"
"08/01/2019","19.30","20.00","20.40","18.80","94.10K","-4.22%"
"07/31/2019","20.15","20.20","20.75","19.95","69.08K","-1.95%"
"07/30/2019","20.55","21.45","21.45","20.20","56.41K","-3.07%"
"07/29/2019","21.20","21.40","22.00","20.70","96.14K","+1.19%"
"07/26/2019","20.95","21.90","23.05","20.60","127.20K","-3.23%"
"07/25/2019","21.65","21.55","23.80","21.50","148.20K","-1.59%"
"07/24/2019","22.00","22.10","23.00","21.05","185.04K","-0.45%"
"07/23/2019","22.10","20.70","23.85","20.70","577.60K","+5.24%"
"07/22/2019","21.00","20.50","21.45","19.75","87.15K","+2.44%"
"07/19/2019","20.50","21.40","22.00","19.80","217.67K","-3.76%"
"07/18/2019","21.30","22.40","22.40","21.15","116.63K","-3.62%"
"07/17/2019","22.10","22.40","22.60","22.00","87.69K","+1.14%"
"07/16/2019","21.85","22.80","24.45","21.70","201.28K","-4.38%"
"07/15/2019","22.85","24.90","25.00","22.50","360.26K","-6.54%"
"07/12/2019","24.45","23.25","25.00","23.25","999.83K","+6.77%"
"07/11/2019","22.90","22.20","23.60","22.20","474.55K","+5.53%"
"07/10/2019","21.70","21.50","22.35","21.50","46.58K","+0.23%"
"07/09/2019","21.65","21.50","22.50","21.50","40.00K","-0.92%"
"07/08/2019","21.85","23.00","23.05","21.50","51.50K","-4.79%"
"07/05/2019","22.95","22.70","24.20","22.70","165.10K","+0.22%"
"07/04/2019","22.90","22.80","23.90","22.75","56.55K","-0.22%"
"07/03/2019","22.95","22.80","23.00","22.75","19.90K","+0.00%"
"07/02/2019","22.95","22.75","23.20","22.75","26.57K","+0.00%"
"07/01/2019","22.95","22.75","23.50","22.75","37.19K","-0.43%"
"06/28/2019","23.05","23.30","24.15","22.90","52.98K","-1.07%"
"06/27/2019","23.30","24.10","24.90","23.20","89.46K","-3.12%"
"06/26/2019","24.05","24.30","24.90","23.55","84.64K","+0.84%"
"06/25/2019","23.85","24.95","25.00","23.05","124.09K","-2.85%"
"06/24/2019","24.55","23.05","25.00","23.00","99.72K","+4.25%"
"06/21/2019","23.55","22.50","24.50","22.10","111.08K","+5.13%"
"06/20/2019","22.40","23.05","23.30","22.30","90.75K","-4.07%"
"06/19/2019","23.35","23.60","24.70","23.25","62.91K","-0.21%"
"06/18/2019","23.40","23.95","24.55","23.25","99.25K","-2.70%"
"06/17/2019","24.05","24.45","24.75","23.80","38.11K","-2.04%"
"06/14/2019","24.55","24.20","25.00","24.05","44.69K","+0.61%"
"06/13/2019","24.40","24.25","25.00","23.75","58.65K","+0.00%"
"06/12/2019","24.40","24.75","25.15","24.10","66.25K","-0.81%"
"06/11/2019","24.60","24.65","24.75","23.80","43.31K","+0.82%"
"06/10/2019","24.40","24.60","25.00","24.05","54.95K","-1.41%"
"06/07/2019","24.75","24.50","25.00","24.10","59.23K","+0.61%"
"06/06/2019","24.60","25.00","25.00","24.35","36.24K","-0.61%"
"06/04/2019","24.75","25.45","25.45","24.30","119.92K","+0.41%"
"06/03/2019","24.65","24.50","25.25","24.05","69.35K","-0.20%"
"05/31/2019","24.70","25.80","25.80","24.60","58.27K","-0.60%"
"05/30/2019","24.85","25.20","25.85","24.15","125.71K","-2.36%"
"05/29/2019","25.45","26.00","26.00","25.15","32.35K","-1.17%"
"05/28/2019","25.75","25.05","26.50","25.05","61.75K","+1.58%"
"05/27/2019","25.35","25.70","25.70","24.30","57.43K","+0.80%"
"05/24/2019","25.15","25.65","26.10","21.65","242.11K","-1.95%"
"05/23/2019","25.65","26.50","27.75","25.50","104.23K","-4.29%"
"05/22/2019","26.80","27.50","27.50","26.60","25.64K","-1.11%"
"05/21/2019","27.10","27.20","28.95","26.50","73.98K","+0.74%"
"05/20/2019","26.90","27.85","27.85","26.10","82.56K","+5.49%"
"05/17/2019","25.50","25.50","25.70","25.00","68.91K","+0.00%"
"05/16/2019","25.50","27.10","27.25","25.35","62.58K","-5.03%"
"05/15/2019","26.85","28.90","28.90","26.10","48.74K","-3.76%"
"05/14/2019","27.90","28.35","28.65","27.20","61.36K","-3.29%"
"05/13/2019","28.85","28.75","29.05","28.40","61.90K","-0.52%"
"05/10/2019","29.00","29.25","29.60","28.50","189.93K","+0.35%"
"05/09/2019","28.90","28.45","29.60","28.25","232.22K","+3.03%"
"05/08/2019","28.05","28.55","28.95","27.50","351.45K","-2.60%"
"05/07/2019","28.80","29.10","29.65","28.75","96.53K","-2.21%"
"05/06/2019","29.45","29.20","29.95","28.80","80.19K","+0.00%"
"05/03/2019","29.45","30.30","30.55","29.25","53.85K","-1.83%"
"05/02/2019","30.00","30.45","31.70","29.50","198.85K","-1.48%"
"04/30/2019","30.45","28.70","31.55","28.50","384.91K","+5.00%"
"04/26/2019","29.00","29.00","29.40","28.50","93.24K","-1.02%"
"04/25/2019","29.30","29.70","29.70","29.20","88.37K","+0.17%"
"04/24/2019","29.25","29.00","29.55","28.90","54.62K","+1.04%"
"04/23/2019","28.95","29.45","29.45","28.55","62.94K","-0.52%"
"04/22/2019","29.10","28.50","29.50","28.50","127.03K","+0.17%"
"04/18/2019","29.05","28.80","29.25","28.75","105.77K","-1.02%"
"04/16/2019","29.35","28.75","29.90","27.50","506.01K","+0.17%"
"04/15/2019","29.30","29.40","30.40","29.10","157.95K","+0.86%"
"04/12/2019","29.05","28.95","29.60","28.80","99.83K","+0.52%"
"04/11/2019","28.90","28.70","29.15","28.65","63.72K","+1.05%"
"04/10/2019","28.60","28.25","29.00","28.25","85.21K","-0.35%"
"04/09/2019","28.70","29.40","29.75","28.20","268.12K","-1.54%"
"04/08/2019","29.15","29.00","29.85","28.50","188.90K","-0.51%"
"04/05/2019","29.30","29.70","29.95","27.70","188.18K","-0.17%"
"04/04/2019","29.35","29.00","29.90","28.80","116.29K","+0.00%"
"04/03/2019","29.35","30.50","30.60","29.10","159.65K","-2.17%"
"04/02/2019","30.00","29.00","30.20","28.50","309.26K","+3.27%"
"04/01/2019","29.05","29.25","29.50","28.65","128.40K","+0.35%"
"03/29/2019","28.95","29.50","29.50","28.50","222.85K","-1.36%"
"03/28/2019","29.35","29.05","30.00","29.05","195.27K","-0.68%"
"03/27/2019","29.55","29.05","30.25","28.15","445.13K","+0.00%"
"03/26/2019","29.55","29.50","30.80","29.00","657.29K","+2.60%"
"03/25/2019","28.80","26.35","30.75","25.20","1.64M","+9.51%"
"03/22/2019","26.30","26.70","27.30","26.25","149.70K","+0.00%"
"03/20/2019","26.30","26.25","27.10","26.10","95.72K","+0.19%"
"03/19/2019","26.25","26.70","27.30","26.00","108.63K","-1.69%"
"03/18/2019","26.70","26.95","27.35","26.00","121.31K","+1.14%"
"03/15/2019","26.40","26.25","26.95","25.90","155.46K","-0.94%"
"03/14/2019","26.65","27.10","27.40","26.35","92.91K","-1.84%"
"03/13/2019","27.15","27.60","27.60","27.00","142.35K","+0.37%"
"03/12/2019","27.05","26.55","27.50","26.50","263.37K","+2.46%"
"03/11/2019","26.40","26.80","26.80","26.15","106.50K","+3.12%"
"03/08/2019","25.60","27.30","27.30","24.80","228.29K","-4.83%"
"03/07/2019","26.90","26.60","27.00","26.40","120.75K","+0.00%"
"03/06/2019","26.90","26.90","28.00","26.60","175.45K","-0.19%"
"03/05/2019","26.95","26.00","27.45","25.75","267.33K","+4.05%"
"03/01/2019","25.90","25.35","26.85","24.95","400.72K","+3.81%"
"02/28/2019","24.95","25.45","25.90","24.80","103.90K","-0.80%"
"02/27/2019","25.15","23.80","26.80","23.80","270.92K","+3.93%"
"02/26/2019","24.20","24.65","24.75","23.25","120.14K","-3.01%"
"02/25/2019","24.95","24.90","25.20","24.70","74.12K","+0.20%"
"02/22/2019","24.90","25.40","25.40","24.75","187.68K","-1.19%"
"02/21/2019","25.20","25.40","25.75","25.10","171.28K","+0.00%"
"02/20/2019","25.20","25.90","27.05","25.00","318.19K","-1.37%"
"02/19/2019","25.55","27.20","27.55","25.35","377.77K","-7.93%"
"02/18/2019","27.75","29.30","29.60","27.25","173.92K","-5.29%"
"02/15/2019","29.30","30.00","30.00","29.25","77.80K","-2.66%"
"02/14/2019","30.10","31.35","31.35","29.70","105.82K","-3.06%"
"02/13/2019","31.05","30.65","31.80","29.25","253.00K","+0.81%"
"02/12/2019","30.80","32.00","32.00","28.50","450.71K","-3.60%"
"02/11/2019","31.95","32.10","32.10","31.70","9.16M","-0.31%"
"02/08/2019","32.05","32.10","32.10","32.05","1.59M","+0.00%"
"02/07/2019","32.05","32.05","32.10","32.05","1.01M","+0.16%"
"02/06/2019","32.00","32.00","32.10","32.00","405.26K","+0.00%"
"02/05/2019","32.00","32.10","32.10","32.00","2.80M","+0.00%"
"02/04/2019","32.00","32.00","32.15","31.90","7.80M","+0.00%"
"02/01/2019","32.00","32.00","32.05","31.95","1.91M","+0.00%"
"01/31/2019","32.00","31.95","32.00","31.85","4.78M","+0.47%"
"01/30/2019","31.85","31.90","31.95","31.85","635.53K","+0.00%"
"01/29/2019","31.85","31.80","31.90","31.80","1.58M","+0.16%"
"01/28/2019","31.80","31.95","32.00","31.80","4.53M","-0.31%"
"01/25/2019","31.90","32.00","32.00","31.90","976.23K","+0.00%"
"01/24/2019","31.90","31.90","31.95","31.75","3.30M","+0.47%"
"01/23/2019","31.75","31.70","31.95","31.50","61.26M","+2.92%"
"01/22/2019","30.85","30.90","31.05","30.70","524.32K","-0.32%"
"01/21/2019","30.95","30.90","31.05","30.90","150.01K","+0.32%"
"01/18/2019","30.85","31.15","31.40","30.85","1.10M","-1.28%"
"01/17/2019","31.25","31.00","31.70","30.85","246.53K","+1.13%"
"01/16/2019","30.90","31.00","31.10","30.85","320.75K","-0.32%"
"01/15/2019","31.00","30.80","31.20","30.80","454.22K","+0.32%"
"01/14/2019","30.90","31.05","31.10","30.90","553.40K","-0.48%"
"01/11/2019","31.05","30.85","31.20","30.85","549.20K","-0.16%"
"01/10/2019","31.10","30.80","31.25","30.80","502.67K","+0.32%"
"01/09/2019","31.00","30.70","31.05","30.70","336.76K","+0.81%"
"01/08/2019","30.75","30.80","30.85","30.70","200.36K","+0.16%"
"01/07/2019","30.70","30.80","30.85","30.70","224.06K","-0.16%"
"01/04/2019","30.75","30.65","31.00","30.60","226.56K","+0.49%"
"01/03/2019","30.60","30.65","30.80","30.60","235.95K","-0.33%"
"01/02/2019","30.70","30.75","30.80","30.65","81.43K","-0.16%"
"01/01/2019","30.75","31.00","31.00","30.65","175.41K","-0.16%"
"12/31/2018","30.80","30.85","31.00","30.80","120.84K","-0.32%"
"12/28/2018","30.90","31.05","31.25","30.80","152.25K","-1.12%"
"12/27/2018","31.25","31.15","31.35","30.75","574.35K","+0.64%"
"12/26/2018","31.05","30.85","31.15","30.85","233.57K","-0.16%"
"12/24/2018","31.10","31.05","31.20","30.90","859.26K","+0.16%"
"12/21/2018","31.05","31.05","31.30","30.60","1.73M","+0.16%"
"12/20/2018","31.00","30.90","31.05","30.70","729.77K","+0.32%"
"12/19/2018","30.90","31.10","31.15","30.45","5.74M","-0.32%"
"12/18/2018","31.00","31.00","31.15","30.90","227.75K","+0.00%"
"12/17/2018","31.00","30.75","31.10","30.75","165.95K","+0.49%"
"12/14/2018","30.85","31.05","31.25","30.75","243.65K","-0.64%"
"12/13/2018","31.05","30.85","31.15","30.85","323.51K","+0.16%"
"12/12/2018","31.00","30.90","31.30","30.70","451.30K","+0.32%"
"12/11/2018","30.90","30.30","31.00","30.30","352.20K","+1.31%"
"12/10/2018","30.50","30.55","30.60","30.45","819.07K","-0.16%"
"12/07/2018","30.55","30.60","30.65","30.55","185.29K","+0.00%"
"12/06/2018","30.55","30.55","30.60","30.55","747.37K","+0.00%"
"12/05/2018","30.55","30.55","30.60","30.55","462.72K","+0.00%"
"12/04/2018","30.55","30.60","30.70","30.55","598.72K","+0.00%"
"12/03/2018","30.55","30.75","30.75","30.55","232.99K","+0.00%"
"11/30/2018","30.55","30.70","30.70","30.55","348.08K","-0.16%"
"11/29/2018","30.60","30.60","30.75","30.55","389.09K","+0.16%"
"11/28/2018","30.55","30.60","30.75","30.55","305.36K","+0.00%"
"11/27/2018","30.55","30.55","30.70","30.55","258.95K","+0.16%"
"11/26/2018","30.50","30.70","30.80","30.50","1.15M","-0.49%"
"11/22/2018","30.65","30.95","30.95","30.65","294.47K","-0.33%"
"11/21/2018","30.75","30.75","31.05","30.50","483.67K","+0.16%"
"11/20/2018","30.70","31.30","31.30","30.60","516.70K","-0.97%"
"11/19/2018","31.00","30.60","31.45","30.60","1.14M","+1.47%"
"11/16/2018","30.55","30.45","30.60","30.35","466.27K","+0.49%"
"11/15/2018","30.40","30.35","30.45","30.30","456.59K","+0.33%"
"11/14/2018","30.30","30.40","30.50","30.30","406.68K","+0.00%"
"11/13/2018","30.30","30.10","30.40","30.10","578.78K","+0.00%"
"11/12/2018","30.30","30.30","30.40","30.15","528.66K","+0.50%"
"11/09/2018","30.15","30.15","30.25","30.05","519.43K","+0.33%"
"11/06/2018","30.05","30.05","30.15","30.05","667.72K","+0.17%"
"11/05/2018","30.00","30.00","30.10","29.95","1.94M","+0.00%"
"11/02/2018","30.00","29.95","30.20","29.95","632.07K","+0.33%"
"11/01/2018","29.90","30.00","30.15","29.85","1.46M","-0.50%"
"10/31/2018","30.05","30.00","30.20","29.90","750.96K","-0.17%"
"10/30/2018","30.10","30.00","30.35","29.95","1.01M","+0.50%"
"10/29/2018","29.95","30.25","30.25","29.75","711.50K","+0.34%"
"10/26/2018","29.85","30.15","30.15","29.60","886.21K","-0.17%"
"10/25/2018","29.90","30.10","30.15","29.65","1.17M","-1.16%"
"10/24/2018","30.25","30.15","30.50","29.45","4.37M","+0.83%"
"10/23/2018","30.00","29.40","30.50","29.40","5.99M","-0.83%"
"10/22/2018","30.25","30.60","30.75","28.35","18.46M","-0.33%"
"10/19/2018","30.35","32.35","32.35","30.15","16.43M","+3.06%"
"10/17/2018","29.45","31.20","31.50","28.55","4.16M","-2.97%"
"10/16/2018","30.35","29.80","31.15","29.50","6.65M","+5.38%"
"10/15/2018","28.80","28.15","29.50","28.15","2.02M","+5.49%"
"10/12/2018","27.30","27.70","28.45","27.00","1.57M","+1.11%"
"10/11/2018","27.00","25.00","28.20","24.55","1.77M","+2.47%"
"10/10/2018","26.35","25.25","27.35","25.15","1.29M","+5.19%"
"10/09/2018","25.05","25.75","26.45","24.10","1.14M","-1.96%"
"10/08/2018","25.55","27.00","27.00","25.05","1.05M","-3.58%"
"10/05/2018","26.50","27.20","28.30","26.10","1.20M","-1.12%"
"10/04/2018","26.80","27.60","29.50","26.45","3.07M","-3.42%"
"10/03/2018","27.75","27.70","27.80","26.05","4.87M","+9.68%"
"10/01/2018","25.30","23.50","25.70","22.95","1.49M","+8.12%"
"09/28/2018","23.40","25.70","25.70","22.55","1.56M","-6.59%"
"09/27/2018","25.05","25.25","26.80","24.70","1.46M","+1.83%"
"09/26/2018","24.60","22.85","24.60","22.45","1.48M","+9.82%"
"09/25/2018","22.40","22.25","23.30","21.45","1.56M","+3.23%"
"09/24/2018","21.70","23.25","23.50","21.00","1.60M","-5.45%"
"09/21/2018","22.95","25.00","25.40","22.30","1.91M","-7.27%"
"09/19/2018","24.75","24.35","25.75","24.00","1.47M","+1.85%"
"09/18/2018","24.30","26.55","26.75","24.05","1.54M","-7.95%"
"09/17/2018","26.40","27.10","27.45","26.25","1.71M","-2.58%"
"09/14/2018","27.10","26.40","27.65","25.55","2.92M","+5.04%"
"09/12/2018","25.80","25.00","27.00","24.75","3.92M","+3.82%"
"09/11/2018","24.85","27.00","27.80","24.50","4.39M","-7.96%"
"09/10/2018","27.00","23.50","27.40","23.25","9.13M","+15.63%"
"09/07/2018","23.35","21.40","23.90","21.00","5.76M","+12.26%"
"09/06/2018","20.80","20.00","21.40","19.20","1.54M","+5.05%"
"09/05/2018","19.80","20.40","20.90","19.00","2.03M","-1.98%"
"09/04/2018","20.20","18.35","22.00","18.10","9.53M","+10.08%"
"09/03/2018","18.35","18.80","18.85","18.15","451.57K","-2.13%"
"08/31/2018","18.75","19.40","19.75","18.20","1.37M","-0.27%"
"08/30/2018","18.80","19.25","19.40","18.60","575.20K","-0.79%"
"08/29/2018","18.95","17.50","19.85","17.50","2.45M","+9.54%"
"08/28/2018","17.30","17.65","17.80","17.25","219.81K","-1.70%"
"08/27/2018","17.60","18.00","18.15","17.50","256.56K","-1.12%"
"08/24/2018","17.80","18.65","18.65","17.75","512.97K","-5.07%"
"08/23/2018","18.75","19.55","19.55","18.50","440.42K","-3.10%"
"08/21/2018","19.35","18.90","20.00","18.85","1.31M","+1.57%"
"08/20/2018","19.05","19.10","19.45","18.70","546.29K","+0.79%"
"08/17/2018","18.90","17.90","19.25","17.90","825.48K","+6.78%"
"08/16/2018","17.70","17.75","18.40","17.25","807.78K","-3.54%"
"08/14/2018","18.35","18.95","19.50","18.00","775.54K","-2.65%"
"08/13/2018","18.85","20.35","20.35","18.70","777.81K","-8.50%"
"08/10/2018","20.60","21.70","22.50","20.45","1.58M","-4.19%"
"08/09/2018","21.50","19.55","21.95","19.50","4.66M","+10.54%"
"08/08/2018","19.45","18.05","20.00","18.05","2.07M","+8.06%"
"08/07/2018","18.00","18.00","18.40","17.65","462.79K","+1.12%"
"08/06/2018","17.80","18.00","18.25","17.20","392.66K","-0.84%"
"08/03/2018","17.95","16.95","18.20","16.75","1.02M","+6.21%"
"08/02/2018","16.90","16.95","16.95","16.50","477.57K","+0.90%"
"08/01/2018","16.75","17.30","17.40","16.60","345.12K","-2.05%"
"07/31/2018","17.10","17.10","17.45","16.05","622.79K","+0.88%"
"07/30/2018","16.95","16.70","17.10","16.45","631.91K","+3.99%"
"07/27/2018","16.30","16.05","16.80","15.70","681.88K","+2.84%"
"07/26/2018","15.85","16.90","16.95","15.70","855.49K","-5.09%"
"07/25/2018","16.70","17.00","17.30","16.60","319.96K","-1.18%"
"07/24/2018","16.90","16.65","17.65","16.50","1.17M","+2.11%"
"07/23/2018","16.55","17.90","18.05","16.30","1.06M","-2.93%"
"07/20/2018","17.05","17.45","17.60","16.90","375.18K","-2.57%"
"07/19/2018","17.50","17.65","17.85","16.90","769.84K","+0.29%"
"07/18/2018","17.45","17.90","17.90","16.65","1.27M","-1.13%"
"07/17/2018","17.65","16.15","17.65","15.10","2.50M","+9.97%"
"07/16/2018","16.05","17.35","17.65","15.65","3.28M","-7.49%"
"07/13/2018","17.35","17.50","17.70","15.40","4.73M","+1.46%"
"07/12/2018","17.10","17.90","18.10","16.75","1.05M","-3.93%"
"07/11/2018","17.80","18.75","18.75","17.60","1.57M","-4.30%"
"07/10/2018","18.60","18.65","18.95","17.95","2.15M","+0.27%"
"07/09/2018","18.55","18.30","19.15","16.50","5.40M","+1.37%"
"07/06/2018","18.30","20.00","20.00","17.65","6.57M","-10.95%"
"07/05/2018","20.55","24.20","24.35","19.85","7.36M","-15.08%"
"07/04/2018","24.20","24.50","25.20","23.85","478.58K","+0.00%"
"07/03/2018","24.20","23.90","24.50","23.45","492.53K","+1.47%"
"07/02/2018","23.85","24.95","25.25","23.75","738.29K","-3.25%"
"06/29/2018","24.65","24.85","26.00","24.50","770.18K","+1.02%"
"06/28/2018","24.40","26.00","26.00","24.30","390.62K","-5.43%"
"06/27/2018","25.80","27.60","27.85","25.50","518.27K","-6.35%"
"06/26/2018","27.55","27.95","28.00","27.25","281.63K","-2.13%"
"06/25/2018","28.15","29.20","29.40","27.90","279.28K","-3.76%"
"06/22/2018","29.25","29.60","29.90","28.90","353.82K","-1.35%"
"06/21/2018","29.65","29.55","29.95","29.00","291.65K","-0.50%"
"06/20/2018","29.80","29.30","30.00","29.20","342.84K","+1.02%"
"06/19/2018","29.50","28.95","29.75","28.60","360.87K","+1.72%"
"06/18/2018","29.00","28.90","29.75","28.20","298.65K","-0.34%"
"06/15/2018","29.10","30.00","30.25","28.55","354.01K","-3.00%"
"06/14/2018","30.00","30.35","30.75","29.60","857.32K","+1.35%"
"06/13/2018","29.60","30.25","30.30","29.30","341.77K","-1.33%"
"06/12/2018","30.00","29.75","30.25","29.25","490.38K","+2.39%"
"06/11/2018","29.30","29.35","30.65","28.90","1.30M","-0.17%"
"06/08/2018","29.35","28.50","29.65","27.70","764.03K","+2.62%"
"06/07/2018","28.60","27.95","28.90","27.95","465.49K","+2.51%"
"06/06/2018","27.90","26.65","28.20","26.50","721.93K","+3.72%"
"06/05/2018","26.90","26.45","27.70","23.45","2.06M","-0.55%"
"06/04/2018","27.05","27.65","28.35","26.10","1.01M","-1.81%"
"06/01/2018","27.55","26.60","27.75","26.40","752.12K","+2.99%"
"05/31/2018","26.75","29.20","29.85","25.80","1.69M","-8.23%"
"05/30/2018","29.15","29.60","30.90","28.85","595.86K","-2.35%"
"05/29/2018","29.85","30.80","31.45","29.60","1.05M","-4.78%"
"05/28/2018","31.35","31.00","31.85","30.70","1.36M","+3.13%"
"05/25/2018","30.40","28.20","30.90","28.05","1.14M","+8.57%"
"05/24/2018","28.00","28.90","29.50","27.65","787.31K","+0.54%"
"05/23/2018","27.85","26.60","28.90","26.55","1.18M","+4.70%"
"05/22/2018","26.60","27.10","27.30","26.30","1.18M","-1.12%"
"05/21/2018","26.90","28.75","29.25","26.55","890.45K","-5.78%"
"05/18/2018","28.55","29.40","30.50","28.10","780.66K","-2.56%"
"05/17/2018","29.30","29.00","29.95","28.75","1.79M","+1.21%"
"05/16/2018","28.95","28.90","30.00","28.25","845.41K","-0.17%"
"05/15/2018","29.00","30.95","31.85","28.30","1.27M","-5.69%"
"05/14/2018","30.75","32.30","32.50","30.55","807.64K","-3.91%"
"05/11/2018","32.00","32.90","33.65","31.70","892.06K","-1.69%"
"05/10/2018","32.55","33.20","33.70","32.30","777.88K","-2.54%"
"05/09/2018","33.40","33.95","34.40","32.10","1.09M","-2.05%"
"05/08/2018","34.10","34.20","34.60","33.50","1.28M","+0.44%"
"05/07/2018","33.95","32.30","34.40","32.30","1.84M","+5.60%"
"05/04/2018","32.15","32.75","33.00","31.90","940.09K","-1.83%"
"05/03/2018","32.75","33.50","33.85","32.60","980.52K","-2.82%"
"05/02/2018","33.70","35.10","35.40","32.90","2.30M","-3.44%"
"04/30/2018","34.90","34.55","35.70","33.60","2.08M","+1.01%"
"04/27/2018","34.55","35.40","35.85","34.00","4.36M","-0.86%"
"04/26/2018","34.85","33.70","35.55","33.10","17.37M","+7.23%"
"04/25/2018","32.50","35.00","35.70","32.05","40.66M","-8.06%"
"04/24/2018","35.35","38.45","38.75","34.75","40.53M","-7.82%"
"04/23/2018","38.35","38.50","39.40","38.10","980.79K","-0.90%"
"04/20/2018","38.70","40.25","40.90","38.40","3.96M","-3.49%"
"04/19/2018","40.10","41.00","43.10","39.75","7.01M","-1.35%"
"04/18/2018","40.65","40.05","42.40","38.40","4.50M","+0.37%"
"04/17/2018","40.50","39.70","40.80","39.70","552.59K","+1.89%"
"04/16/2018","39.75","38.65","40.00","37.85","597.56K","+1.92%"
"04/13/2018","39.00","38.80","39.40","38.50","352.76K","-0.51%"
"04/12/2018","39.20","39.25","39.90","38.05","2.01M","+4.12%"
"04/11/2018","37.65","36.40","38.25","36.05","530.61K","+3.58%"
"04/10/2018","36.35","36.30","36.75","35.90","200.72K","+0.69%"
"04/09/2018","36.10","37.15","37.70","35.60","233.88K","-2.70%"
"04/06/2018","37.10","36.80","37.40","36.30","215.80K","+1.09%"
"04/05/2018","36.70","36.80","37.90","35.80","634.18K","-0.27%"
"04/04/2018","36.80","37.35","38.60","35.65","903.27K","-1.34%"
"04/03/2018","37.30","35.95","37.80","35.45","331.37K","+2.90%"
"04/02/2018","36.25","34.05","36.75","34.05","300.08K","+7.09%"
"03/28/2018","33.85","36.85","36.90","33.05","405.00K","-8.27%"
"03/27/2018","36.90","38.00","38.50","36.50","393.09K","-2.12%"
"03/26/2018","37.70","33.90","38.00","33.50","942.58K","+10.88%"
"03/23/2018","34.00","34.05","34.75","33.60","217.93K","-2.58%"
"03/22/2018","34.90","35.30","35.35","34.35","276.94K","+0.14%"
"03/21/2018","34.85","34.00","35.50","33.35","1.89M","+2.20%"
"03/20/2018","34.10","34.00","34.95","33.75","88.73K","-1.16%"
"03/19/2018","34.50","34.50","34.85","33.25","224.61K","+1.02%"
"03/16/2018","34.15","35.65","35.90","34.00","216.03K","-2.84%"
"03/15/2018","35.15","35.60","36.50","34.65","440.75K","+1.15%"
"03/14/2018","34.75","33.40","35.00","33.00","326.10K","+4.20%"
"03/13/2018","33.35","33.05","34.70","32.90","653.59K","-0.45%"
"03/12/2018","33.50","35.00","35.70","32.90","2.46M","-3.46%"
"03/09/2018","34.70","34.00","35.15","33.50","379.61K","+2.06%"
"03/08/2018","34.00","32.95","34.25","31.60","465.59K","+3.66%"
"03/07/2018","32.80","33.60","33.95","32.35","717.83K","-4.65%"
"03/06/2018","34.40","36.35","36.45","34.10","659.50K","-4.58%"
"03/05/2018","36.05","37.05","37.10","35.60","209.69K","-1.77%"
"03/01/2018","36.70","37.35","37.70","36.50","224.14K","-2.00%"
"02/28/2018","37.45","37.45","38.15","36.85","166.79K","-0.27%"
"02/27/2018","37.55","38.25","38.70","37.50","174.15K","-1.31%"
"02/26/2018","38.05","38.40","39.05","37.85","2.14M","-0.52%"
"02/23/2018","38.25","38.00","38.50","37.60","282.98K","+0.66%"
"02/22/2018","38.00","37.10","38.75","36.85","427.96K","+2.43%"
"02/21/2018","37.10","38.05","38.75","36.85","338.70K","-3.39%"
"02/20/2018","38.40","39.05","39.05","37.85","370.55K","-1.66%"
"02/19/2018","39.05","37.95","40.00","37.10","625.46K","+2.90%"
"02/16/2018","37.95","39.00","39.40","37.00","752.25K","-1.81%"
"02/15/2018","38.65","40.30","40.30","38.00","722.41K","-2.89%"
"02/14/2018","39.80","40.45","41.00","39.20","1.78M","+0.51%"
"02/12/2018","39.60","37.90","39.90","37.90","1.48M","+6.88%"
"02/09/2018","37.05","37.00","38.25","36.10","1.16M","-4.88%"
"02/08/2018","38.95","38.50","39.65","37.20","3.07M","+3.59%"
"02/07/2018","37.60","38.00","38.85","36.00","477.61K","+1.21%"
"02/06/2018","37.15","33.05","37.50","33.05","860.14K","+2.77%"
"02/05/2018","36.15","34.50","37.75","33.90","932.01K","-2.17%"
"02/02/2018","36.95","37.70","39.00","32.85","3.92M","-3.02%"
"02/01/2018","38.10","40.15","40.40","37.70","828.84K","-5.34%"
"01/31/2018","40.25","40.00","41.60","39.60","826.21K","+0.50%"
"01/30/2018","40.05","41.50","41.60","39.30","1.59M","-4.42%"
"01/29/2018","41.90","43.80","44.00","41.40","895.08K","-4.56%"
"01/25/2018","43.90","44.75","45.05","43.50","1.19M","-1.90%"
"01/24/2018","44.75","45.25","46.70","44.00","3.22M","-1.00%"
"01/23/2018","45.20","42.20","48.50","41.85","12.29M","+8.52%"
"01/22/2018","41.65","42.25","43.25","41.10","2.81M","-1.07%"
"01/19/2018","42.10","42.30","43.50","41.50","879.72K","+0.72%"
"01/18/2018","41.80","44.45","44.85","41.55","1.58M","-4.57%"
"01/17/2018","43.80","46.20","46.70","42.00","6.22M","-4.16%"
"01/16/2018","45.70","47.50","47.90","45.10","5.67M","-2.04%"
"01/15/2018","46.65","42.10","48.70","42.10","22.20M","+14.90%"
"01/12/2018","40.60","40.85","42.35","40.00","12.00M","+0.74%"
"01/11/2018","40.30","39.30","41.50","38.75","1.07M","+3.07%"
"01/10/2018","39.10","39.20","39.55","38.95","121.95K","-0.26%"
"01/09/2018","39.20","39.80","40.00","39.00","124.89K","-1.51%"
"01/08/2018","39.80","39.70","40.50","39.60","117.14K","-0.50%"
"01/05/2018","40.00","40.15","40.50","39.65","146.27K","+0.63%"
"01/04/2018","39.75","40.90","40.90","39.25","318.79K","-0.13%"
"01/03/2018","39.80","39.75","40.50","39.00","203.19K","+0.89%"
"01/02/2018","39.45","40.00","40.60","39.20","172.56K","-0.38%"
"01/01/2018","39.60","40.30","42.00","39.15","258.90K","-0.75%"
"12/29/2017","39.90","40.30","41.00","39.75","157.71K","+0.25%"
"12/28/2017","39.80","40.55","40.95","39.65","183.60K","-1.85%"
"12/27/2017","40.55","41.20","41.50","40.50","112.55K","-0.98%"
"12/26/2017","40.95","41.35","41.60","40.60","123.88K","-0.97%"
"12/22/2017","41.35","41.60","42.00","41.20","161.76K","-0.12%"
"12/21/2017","41.40","42.00","42.30","41.15","183.04K","-0.60%"
"12/20/2017","41.65","41.95","42.50","41.10","259.23K","-0.36%"
"12/19/2017","41.80","40.40","42.65","40.40","644.71K","+4.24%"
"12/18/2017","40.10","40.25","40.75","36.90","255.23K","-1.11%"
"12/15/2017","40.55","41.05","42.20","40.35","260.49K","+0.62%"
"12/14/2017","40.30","41.85","41.85","40.00","243.35K","-3.13%"
"12/13/2017","41.60","40.90","43.00","40.90","1.37M","+3.61%"
"12/12/2017","40.15","41.90","41.90","40.00","206.97K","-1.83%"
"12/11/2017","40.90","39.90","41.95","39.90","580.15K","+4.07%"
"12/08/2017","39.30","43.50","44.30","34.60","1.16M","-9.13%"
"12/07/2017","43.25","42.10","44.85","42.10","1.01M","+2.85%"
"12/06/2017","42.05","43.00","44.15","41.50","1.29M","-5.72%"
"12/05/2017","44.60","38.55","45.50","37.50","2.18M","+15.39%"
"12/04/2017","38.65","40.80","41.00","38.45","257.22K","-4.45%"
"12/01/2017","40.45","43.00","43.55","40.00","474.42K","-5.49%"
"11/30/2017","42.80","42.45","43.85","41.40","1.45M","+0.35%"
"11/29/2017","42.65","38.45","44.85","37.90","2.80M","+10.92%"
"11/28/2017","38.45","39.00","39.00","37.80","287.46K","-2.29%"
"11/27/2017","39.35","35.05","40.45","34.75","790.79K","+12.91%"
"11/24/2017","34.85","34.85","35.65","34.60","127.70K","+0.14%"
"11/23/2017","34.80","34.75","35.20","34.70","79.05K","-0.43%"
"11/22/2017","34.95","34.75","35.35","34.65","104.70K","+0.00%"
"11/21/2017","34.95","35.75","36.50","34.60","228.32K","-1.27%"
"11/20/2017","35.40","35.35","35.85","35.00","90.33K","+0.43%"
"11/17/2017","35.25","34.90","36.10","34.90","137.08K","+2.47%"
"11/16/2017","34.40","35.10","35.40","34.25","116.40K","-0.58%"
"11/15/2017","34.60","36.25","36.30","33.80","264.49K","-4.55%"
"11/14/2017","36.25","36.25","37.20","35.25","314.75K","-1.76%"
"11/13/2017","36.90","38.90","39.00","36.50","227.48K","-4.90%"
"11/10/2017","38.80","39.60","40.65","38.55","514.07K","-0.51%"
"11/09/2017","39.00","39.75","40.35","38.50","246.32K","-0.89%"
"11/08/2017","39.35","40.10","40.85","38.75","518.71K","-1.75%"
"11/07/2017","40.05","42.60","43.40","39.60","796.69K","-4.53%"
"11/06/2017","41.95","42.50","44.90","40.05","3.10M","+9.96%"
"11/03/2017","38.15","37.90","38.15","36.80","686.04K","+19.97%"
"11/02/2017","31.80","31.00","32.30","30.35","257.74K","+4.26%"
"11/01/2017","30.50","30.80","31.30","30.30","136.09K","+0.49%"
"10/31/2017","30.35","30.35","30.95","30.00","156.63K","-0.98%"
"10/30/2017","30.65","31.20","31.35","30.45","222.26K","-0.49%"
"10/27/2017","30.80","30.40","31.20","30.35","79.58K","+0.82%"
"10/26/2017","30.55","31.30","31.35","30.20","74.65K","-1.61%"
"10/25/2017","31.05","31.00","31.50","30.10","51.02K","+1.31%"
"10/24/2017","30.65","30.35","31.05","29.70","149.06K","+2.51%"
"10/23/2017","29.90","29.85","30.15","29.60","37.00K","-0.50%"
"10/18/2017","30.05","29.70","30.80","29.65","76.13K","-0.33%"
"10/17/2017","30.15","29.60","30.35","29.15","1.23M","+1.17%"
"10/16/2017","29.80","30.05","30.30","29.10","55.22K","-0.17%"
"10/13/2017","29.85","30.15","30.40","29.60","36.16K","-1.00%"
"10/12/2017","30.15","30.70","31.00","30.00","58.24K","-0.50%"
"10/11/2017","30.30","30.50","30.75","30.10","1.12M","+0.66%"
"10/10/2017","30.10","29.90","30.30","29.65","43.56K","+1.18%"
"10/09/2017","29.75","30.20","30.45","29.40","49.28K","-1.49%"
"10/06/2017","30.20","30.25","30.85","29.80","51.84K","-0.17%"
"10/05/2017","30.25","30.55","30.80","29.85","118.36K","+0.33%"
"10/04/2017","30.15","30.50","30.90","29.65","51.89K","-0.33%"
"10/03/2017","30.25","31.85","31.85","30.05","43.79K","-1.47%"
"09/29/2017","30.70","30.25","31.00","30.00","52.61K","+2.16%"
"09/28/2017","30.05","30.50","30.70","29.55","96.92K","-1.64%"
"09/27/2017","30.55","31.50","32.90","30.10","302.55K","+1.83%"
"09/26/2017","30.00","30.25","30.25","29.45","61.24K","-1.32%"
"09/25/2017","30.40","31.20","31.20","29.10","668.45K","-1.14%"
"09/22/2017","30.75","31.20","31.20","30.25","137.71K","-0.81%"
"09/21/2017","31.00","31.15","31.70","30.90","77.37K","-1.74%"
"09/20/2017","31.55","31.80","31.90","31.30","53.24K","+0.32%"
"09/19/2017","31.45","32.35","32.40","31.25","51.34K","-1.87%"
"09/18/2017","32.05","32.20","32.50","31.80","64.96K","+0.31%"
"09/15/2017","31.95","31.90","32.50","31.50","218.88K","+0.00%"
"09/14/2017","31.95","32.80","33.15","31.55","74.34K","-1.54%"
"09/13/2017","32.45","32.50","32.60","32.10","185.54K","-0.31%"
"09/12/2017","32.55","32.90","32.90","32.25","144.21K","-1.21%"
"09/11/2017","32.95","32.25","33.15","32.00","329.36K","+1.38%"
"09/08/2017","32.50","32.65","33.15","32.25","19.64K","-0.91%"
"09/07/2017","32.80","33.05","33.45","32.60","81.32K","+0.46%"
"09/06/2017","32.65","33.00","33.35","32.30","43.91K","+0.46%"
"09/05/2017","32.50","32.45","33.90","31.95","64.77K","+1.56%"
"09/04/2017","32.00","33.80","33.80","31.50","66.42K","-2.59%"
"09/01/2017","32.85","32.05","33.85","31.80","1.07M","+1.39%"
"08/31/2017","32.40","32.60","33.00","32.20","34.84K","-1.82%"
"08/30/2017","33.00","32.80","33.65","32.80","22.00K","+0.00%"
"08/29/2017","33.00","32.95","33.65","32.55","60.42K","+0.15%"
"08/28/2017","32.95","32.75","33.00","32.15","103.88K","+1.38%"
"08/24/2017","32.50","32.50","32.80","32.10","39.08K","+1.09%"
"08/23/2017","32.15","32.25","32.50","31.85","1.63M","+0.00%"
"08/22/2017","32.15","33.40","33.75","32.05","45.21K","-2.58%"
"08/21/2017","33.00","32.80","33.35","32.50","162.31K","+2.17%"
"08/18/2017","32.30","32.60","32.60","31.90","43.49K","+0.31%"
"08/17/2017","32.20","31.85","32.50","31.75","135.58K","+1.10%"
"08/16/2017","31.85","32.15","32.70","31.45","74.28K","-0.47%"
"08/14/2017","32.00","30.95","32.30","29.50","168.74K","+3.90%"
"08/11/2017","30.80","29.95","31.45","25.60","150.96K","+0.98%"
"08/10/2017","30.50","31.55","31.55","30.05","137.13K","-3.17%"
"08/09/2017","31.50","31.90","31.95","31.25","796.37K","-1.41%"
"08/08/2017","31.95","32.90","32.90","31.25","127.20K","-1.39%"
"08/07/2017","32.40","32.00","32.90","32.00","73.53K","-0.15%"
"08/04/2017","32.45","31.80","32.80","31.75","226.64K","+1.56%"
"08/03/2017","31.95","32.70","32.80","31.60","197.80K","-2.14%"
"08/02/2017","32.65","32.75","32.90","32.55","76.97K","+0.31%"
"08/01/2017","32.55","33.00","33.00","32.20","133.53K","+0.62%"
"07/31/2017","32.35","32.40","33.30","32.00","234.60K","-1.67%"
"07/28/2017","32.90","33.50","33.50","32.75","71.89K","-0.75%"
"07/27/2017","33.15","34.80","34.80","33.05","148.32K","-3.63%"
"07/26/2017","34.40","33.00","35.10","32.75","357.14K","+4.56%"
"07/25/2017","32.90","33.40","33.85","32.80","126.89K","-1.50%"
"07/24/2017","33.40","33.65","34.20","32.50","270.31K","-1.62%"
"07/21/2017","33.95","34.75","35.55","33.20","378.86K","-2.30%"
"07/20/2017","34.75","34.10","36.25","33.80","581.16K","+2.21%"
"07/19/2017","34.00","34.00","34.20","33.80","127.62K","+0.00%"
"07/18/2017","34.00","34.20","34.25","33.80","92.09K","-0.15%"
"07/17/2017","34.05","34.20","34.35","33.95","130.34K","-0.44%"
"07/14/2017","34.20","34.50","35.10","34.00","126.51K","-1.44%"
"07/13/2017","34.70","35.90","35.90","34.50","190.09K","-2.53%"
"07/12/2017","35.60","35.75","36.30","35.40","99.89K","-1.11%"
"07/11/2017","36.00","36.40","36.50","35.80","83.40K","-0.41%"
"07/10/2017","36.15","36.05","36.75","35.55","55.64K","-0.28%"
"07/07/2017","36.25","36.30","36.75","36.00","323.33K","+0.14%"
"07/06/2017","36.20","36.50","36.60","35.90","178.71K","-0.55%"
"07/05/2017","36.40","36.50","36.80","36.00","143.59K","+0.41%"
"07/04/2017","36.25","36.95","37.65","36.10","420.21K","-0.82%"
"07/03/2017","36.55","37.10","37.30","36.05","283.65K","+0.41%"
"06/30/2017","36.40","36.90","37.15","36.05","285.43K","-1.36%"
"06/29/2017","36.90","37.85","37.90","36.70","105.77K","-0.40%"
"06/28/2017","37.05","36.55","38.25","35.75","272.87K","+1.93%"
"06/27/2017","36.35","37.75","38.10","35.85","195.31K","-3.45%"
"06/23/2017","37.65","38.60","38.95","36.60","283.90K","-2.84%"
"06/22/2017","38.75","39.95","40.15","38.50","362.27K","-2.64%"
"06/21/2017","39.80","41.15","41.70","39.40","375.18K","-1.85%"
"06/20/2017","40.55","42.00","42.00","40.40","306.35K","-3.11%"
"06/19/2017","41.85","41.65","43.90","41.20","1.39M","+3.85%"
"06/16/2017","40.30","41.35","41.40","40.10","157.11K","-1.71%"
"06/15/2017","41.00","40.80","41.75","40.00","287.71K","+1.49%"
"06/14/2017","40.40","41.00","41.00","40.00","114.67K","-1.22%"
"06/13/2017","40.90","39.80","41.40","39.40","255.79K","+2.51%"
"06/12/2017","39.90","40.30","40.40","39.65","144.64K","-1.12%"
"06/09/2017","40.35","39.05","42.00","39.05","559.00K","+3.33%"
"06/08/2017","39.05","39.55","39.90","38.85","63.06K","-1.14%"
"06/07/2017","39.50","40.00","40.50","39.20","112.36K","-1.74%"
"06/06/2017","40.20","40.70","40.90","39.60","140.92K","-0.50%"
"06/05/2017","40.40","40.95","41.50","39.50","128.87K","+0.12%"
"06/02/2017","40.35","40.90","41.25","40.25","78.15K","-0.49%"
"06/01/2017","40.55","40.50","40.95","39.30","215.27K","+1.76%"
"05/31/2017","39.85","43.00","43.00","39.60","445.07K","-4.44%"
"05/30/2017","41.70","40.20","42.30","39.15","338.56K","+4.38%"
"05/29/2017","39.95","40.35","40.45","39.10","163.76K","-1.48%"
"05/26/2017","40.55","39.90","40.80","39.85","149.96K","+1.63%"
"05/25/2017","39.90","40.95","40.95","39.75","194.90K","-0.25%"
"05/24/2017","40.00","41.00","41.00","39.15","1.29M","-0.62%"
"05/23/2017","40.25","39.55","40.85","36.55","426.95K","+0.25%"
"05/22/2017","40.15","41.70","41.70","40.00","147.42K","-1.59%"
"05/19/2017","40.80","41.90","42.25","40.30","264.04K","-1.92%"
"05/18/2017","41.60","40.70","43.00","40.70","506.64K","+0.24%"
"05/17/2017","41.50","42.80","42.80","41.35","275.12K","-2.70%"
"05/16/2017","42.65","42.60","43.85","42.15","1.23M","+0.83%"
"05/15/2017","42.30","39.10","42.80","39.10","4.02M","+6.02%"
"05/12/2017","39.90","40.50","41.00","39.70","168.40K","-0.25%"
"05/11/2017","40.00","41.20","41.40","39.80","327.92K","-1.84%"
"05/10/2017","40.75","39.70","42.15","39.50","751.29K","+3.95%"
"05/09/2017","39.20","40.55","40.55","38.50","459.31K","-2.73%"
"05/08/2017","40.30","39.85","41.20","39.40","387.09K","+1.38%"
"05/05/2017","39.75","42.40","42.40","39.45","521.50K","-5.24%"
"05/04/2017","41.95","43.65","44.25","41.70","367.60K","-4.44%"
"05/03/2017","43.90","44.45","45.30","43.65","418.94K","+0.23%"
"05/02/2017","43.80","44.45","45.15","43.40","355.12K","+0.23%"
"04/28/2017","43.70","44.00","45.10","43.10","286.83K","+0.11%"
"04/27/2017","43.65","44.65","45.35","43.50","335.78K","-0.11%"
"04/26/2017","43.70","46.20","46.90","43.00","524.71K","-4.69%"
"04/25/2017","45.85","47.35","47.35","45.60","793.74K","-2.34%"
"04/24/2017","46.95","43.70","49.50","42.15","1.98M","+7.44%"
"04/21/2017","43.70","44.75","45.55","43.20","1.00M","-0.46%"
"04/20/2017","43.90","46.15","46.70","43.25","1.69M","-1.90%"
"04/19/2017","44.75","37.15","44.75","36.75","5.26M","+19.97%"
"04/18/2017","37.30","37.95","39.70","36.80","2.62M","-1.32%"
"04/17/2017","37.80","37.65","38.20","37.45","193.37K","+0.40%"
"04/13/2017","37.65","37.00","38.15","36.60","671.55K","+2.45%"
"04/12/2017","36.75","37.00","37.70","35.95","530.06K","-0.68%"
"04/11/2017","37.00","35.85","37.60","35.70","642.46K","+3.35%"
"04/10/2017","35.80","35.60","36.20","35.60","236.18K","+0.28%"
"04/07/2017","35.70","35.85","36.25","35.60","880.79K","-0.42%"
"04/06/2017","35.85","36.10","36.15","35.70","458.78K","-1.10%"
"04/05/2017","36.25","36.40","36.50","35.30","1.08M","-0.55%"
"04/03/2017","36.45","37.90","38.40","36.15","7.85M","-3.32%"
"03/31/2017","37.70","37.55","38.30","37.55","217.25K","-0.66%"
"03/30/2017","37.95","38.65","39.30","37.80","905.16K","+1.47%"
"03/29/2017","37.40","37.50","41.40","36.80","1.85M","-0.66%"
"03/28/2017","37.65","37.90","38.50","37.35","159.79K","-0.53%"
"03/27/2017","37.85","38.15","38.40","37.75","58.43K","-1.05%"
"03/24/2017","38.25","38.00","38.80","38.00","199.64K","+0.79%"
"03/23/2017","37.95","37.95","38.30","37.55","337.54K","+0.00%"
"03/22/2017","37.95","37.45","38.20","37.45","233.12K","-0.13%"
"03/21/2017","38.00","38.75","38.75","37.70","170.06K","-1.43%"
"03/20/2017","38.55","37.95","38.75","37.40","465.95K","+1.58%"
"03/17/2017","37.95","38.30","38.85","37.50","250.78K","-0.52%"
"03/16/2017","38.15","38.40","39.10","38.05","516.86K","+0.00%"
"03/15/2017","38.15","39.10","39.45","37.85","1.27M","+1.87%"
"03/14/2017","37.45","37.80","38.45","37.00","198.53K","-0.27%"
"03/10/2017","37.55","38.55","38.55","37.00","245.39K","-1.31%"
"03/09/2017","38.05","37.40","38.70","37.20","445.23K","-0.52%"
"03/08/2017","38.25","36.30","39.20","36.25","1.62M","+5.96%"
"03/07/2017","36.10","35.90","36.90","35.65","2.21M","+1.69%"
"03/06/2017","35.50","37.80","38.10","34.55","735.78K","-5.33%"
"03/03/2017","37.50","36.80","39.45","36.20","1.56M","+3.16%"
"03/02/2017","36.35","36.75","36.75","36.10","151.69K","-0.14%"
"03/01/2017","36.40","36.55","36.60","35.95","103.28K","+0.14%"
"02/28/2017","36.35","36.50","36.55","35.75","97.92K","+0.69%"
"02/27/2017","36.10","35.65","36.40","35.50","79.24K","+1.40%"
"02/23/2017","35.60","36.25","36.75","35.50","36.65K","-1.93%"
"02/22/2017","36.30","36.95","36.95","36.00","102.22K","-0.41%"
"02/21/2017","36.45","36.40","36.50","35.80","95.65K","+1.82%"
"02/20/2017","35.80","35.70","36.90","35.15","92.80K","+0.28%"
"02/17/2017","35.70","36.00","36.85","35.15","144.93K","-0.42%"
"02/16/2017","35.85","35.00","36.35","33.85","1.54M","+1.13%"
"02/15/2017","35.45","35.55","36.45","34.60","572.16K","-1.53%"
"02/14/2017","36.00","36.40","36.50","35.70","575.87K","-0.28%"
"02/13/2017","36.10","37.35","37.40","35.80","573.97K","-1.10%"
"02/10/2017","36.50","36.65","37.10","36.10","374.09K","-0.54%"
"02/09/2017","36.70","36.20","36.95","35.85","841.92K","+1.66%"
"02/08/2017","36.10","36.50","36.55","35.90","169.42K","-1.10%"
"02/07/2017","36.50","36.40","36.90","36.05","213.62K","+1.25%"
"02/06/2017","36.05","36.05","36.90","35.50","944.89K","+0.14%"
"02/03/2017","36.00","36.75","36.95","35.80","815.65K","-0.14%"
"02/02/2017","36.05","36.30","36.95","35.75","387.32K","-0.83%"
"02/01/2017","36.35","37.50","37.50","35.00","167.79K","-3.07%"
"01/31/2017","37.50","37.25","37.75","36.85","98.34K","-0.13%"
"01/30/2017","37.55","37.90","37.95","37.05","101.84K","+1.35%"
"01/27/2017","37.05","37.20","37.90","36.70","91.26K","-2.11%"
"01/25/2017","37.85","37.60","38.15","36.70","143.15K","+2.44%"
"01/24/2017","36.95","37.70","37.85","36.60","78.78K","-2.64%"
"01/23/2017","37.95","37.50","38.80","37.35","152.50K","+1.07%"
"01/20/2017","37.55","38.30","38.85","36.90","277.63K","-1.44%"
"01/19/2017","38.10","37.55","38.45","37.00","301.97K","+1.46%"
"01/18/2017","37.55","37.55","37.80","37.10","382.02K","+2.32%"
"01/17/2017","36.70","37.15","37.45","36.50","150.50K","-1.48%"
"01/16/2017","37.25","37.20","37.90","36.55","268.39K","-0.40%"
"01/13/2017","37.40","36.80","38.25","36.35","631.36K","+2.33%"
"01/12/2017","36.55","36.40","36.80","35.95","203.26K","+0.83%"
"01/11/2017","36.25","36.55","36.95","36.10","187.43K","-0.28%"
"01/10/2017","36.35","36.70","36.95","36.10","247.59K","+0.69%"
"01/09/2017","36.10","35.50","36.30","35.05","238.19K","+1.98%"
"01/06/2017","35.40","36.70","37.05","35.25","353.49K","-3.01%"
"01/05/2017","36.50","36.95","37.50","36.10","210.63K","-0.95%"
"01/04/2017","36.85","39.00","40.00","36.55","1.87M","+0.68%"
"01/03/2017","36.60","35.85","36.90","35.20","414.10K","+2.23%"
"01/02/2017","35.80","35.15","37.40","34.70","861.10K","+3.77%"
"12/30/2016","34.50","34.20","34.90","34.15","62.73K","+1.02%"
"12/29/2016","34.15","34.35","34.85","34.15","38.65K","-0.44%"
"12/28/2016","34.30","34.50","35.15","33.75","87.89K","-0.15%"
"12/27/2016","34.35","34.40","34.75","34.05","94.38K","-0.29%"
"12/26/2016","34.45","33.55","36.35","33.15","330.09K","+2.07%"
"12/23/2016","33.75","34.60","34.60","33.30","79.34K","-1.03%"
"12/22/2016","34.10","34.40","34.65","33.50","105.75K","-0.73%"
"12/21/2016","34.35","35.15","35.15","33.95","92.71K","-0.72%"
"12/20/2016","34.60","34.80","35.35","34.15","143.82K","-0.29%"
"12/19/2016","34.70","35.25","35.65","34.55","94.64K","-2.12%"
"12/16/2016","35.45","36.70","37.00","35.10","229.78K","-2.74%"
"12/15/2016","36.45","34.10","38.35","34.00","948.45K","+6.27%"
"12/14/2016","34.30","34.55","34.85","34.10","329.95K","+0.00%"
"12/13/2016","34.30","33.75","35.35","33.20","920.00K","+1.63%"
"12/12/2016","33.75","34.30","34.80","33.60","297.32K","-0.88%"
"12/09/2016","34.05","34.00","34.90","33.50","90.05K","+0.29%"
"12/08/2016","33.95","34.95","34.95","33.80","153.73K","-1.16%"
"12/07/2016","34.35","35.05","35.45","33.30","170.85K","-2.28%"
"12/06/2016","35.15","36.15","36.50","34.90","159.02K","-2.77%"
"12/05/2016","36.15","35.05","36.65","35.05","191.62K","+1.40%"
"12/02/2016","35.65","37.25","37.25","34.95","306.58K","-2.46%"
"12/01/2016","36.55","33.00","38.50","33.00","1.47M","+6.56%"
"11/30/2016","34.30","33.95","35.00","33.50","571.31K","+1.18%"
"11/29/2016","33.90","34.50","34.90","33.65","202.77K","-0.73%"
"11/28/2016","34.15","33.30","34.75","32.10","471.63K","-1.30%"
"11/25/2016","34.60","34.95","35.20","34.25","287.17K","+1.32%"
"11/24/2016","34.15","33.55","35.00","33.50","295.33K","+1.49%"
"11/23/2016","33.65","31.75","35.30","31.35","890.86K","+6.32%"
"11/22/2016","31.65","31.45","32.00","31.00","121.60K","+0.00%"
"11/21/2016","31.65","31.60","32.35","30.75","171.78K","+0.16%"
"11/18/2016","31.60","30.50","31.70","30.40","508.59K","+4.29%"
"11/17/2016","30.30","30.50","31.40","30.15","213.37K","-1.94%"
"11/16/2016","30.90","29.75","31.15","29.55","451.95K","+2.32%"
"11/15/2016","30.20","31.35","31.40","29.10","486.51K","-2.27%"
"11/11/2016","30.90","30.40","31.65","29.75","317.33K","+1.31%"
"11/10/2016","30.50","30.85","31.15","30.40","74.54K","-0.49%"
"11/09/2016","30.65","29.40","31.00","25.10","790.68K","-0.97%"
"11/08/2016","30.95","29.95","31.35","29.90","382.21K","+1.98%"
"11/07/2016","30.35","29.80","31.05","29.60","437.38K","+1.00%"
"11/04/2016","30.05","30.35","30.60","29.75","458.58K","-0.33%"
"11/03/2016","30.15","29.80","30.35","29.70","484.20K","-0.82%"
"11/02/2016","30.40","30.30","30.60","29.70","250.09K","+0.33%"
"11/01/2016","30.30","30.85","30.85","30.15","143.22K","-1.78%"
"10/28/2016","30.85","30.60","31.05","30.35","148.74K","+0.49%"
"10/27/2016","30.70","31.25","31.75","30.40","894.95K","-0.97%"
"10/26/2016","31.00","30.95","31.40","30.00","2.65M","-0.16%"
"10/25/2016","31.05","31.25","31.45","30.85","332.97K","-0.32%"
"10/24/2016","31.15","31.40","32.00","30.95","325.55K","-0.32%"
"10/21/2016","31.25","31.40","31.50","30.80","515.83K","+0.48%"
"10/20/2016","31.10","31.70","31.80","31.00","163.76K","-0.80%"
"10/19/2016","31.35","31.65","32.00","31.00","245.47K","-0.32%"
"10/18/2016","31.45","32.45","32.45","31.10","336.45K","-0.79%"
"10/17/2016","31.70","32.30","32.60","30.75","565.14K","-0.16%"
"10/14/2016","31.75","30.80","31.95","29.65","1.37M","+4.27%"
"10/13/2016","30.45","31.00","31.85","29.40","1.96M","+0.66%"
"10/10/2016","30.25","31.00","31.00","30.00","283.75K","-2.73%"
"10/07/2016","31.10","30.95","31.40","30.50","613.42K","+1.80%"
"10/06/2016","30.55","30.50","30.95","29.65","1.13M","+0.16%"
"10/05/2016","30.50","30.60","31.25","29.75","932.00K","+0.16%"
"10/04/2016","30.45","32.95","33.50","29.30","3.56M","-2.87%"
"10/03/2016","31.35","26.25","31.35","26.15","1.84M","+19.89%"
"09/30/2016","26.15","24.00","26.45","23.95","246.53K","+6.09%"
"09/29/2016","24.65","24.90","25.35","24.60","465.54K","-1.00%"
"09/28/2016","24.90","25.00","25.05","24.50","91.28K","+0.20%"
"09/27/2016","24.85","25.00","25.30","24.75","85.46K","-0.20%"
"09/26/2016","24.90","25.80","25.80","24.75","169.22K","-2.54%"
"09/23/2016","25.55","25.70","26.10","25.40","116.02K","-0.20%"
"09/22/2016","25.60","25.85","26.00","25.35","156.83K","-0.58%"
"09/21/2016","25.75","25.75","25.85","25.50","101.81K","+0.19%"
"09/20/2016","25.70","26.15","26.30","25.50","286.22K","-0.39%"
"09/19/2016","25.80","25.75","26.10","25.45","160.50K","+0.19%"
"09/16/2016","25.75","25.75","26.60","25.65","128.90K","+0.00%"
"09/15/2016","25.75","25.40","26.40","25.20","286.21K","+1.58%"
"09/14/2016","25.35","26.00","26.40","24.80","218.27K","-2.50%"
"09/12/2016","26.00","26.60","27.05","25.85","219.94K","-4.94%"
"09/09/2016","27.35","28.40","28.40","27.20","163.31K","-1.62%"
"09/08/2016","27.80","28.60","28.80","27.30","555.69K","-1.77%"
"09/07/2016","28.30","27.70","28.60","27.30","1.12M","+2.72%"
"09/06/2016","27.55","27.45","28.30","27.00","442.47K","+0.36%"
"09/02/2016","27.45","28.25","28.70","24.90","400.65K","-2.83%"
"09/01/2016","28.25","29.95","30.00","28.05","728.07K","-6.15%"
"08/31/2016","30.10","30.15","31.90","29.80","286.71K","-1.63%"
"08/30/2016","30.60","30.95","31.90","30.35","255.97K","-0.81%"
"08/29/2016","30.85","29.75","31.00","29.50","221.95K","+3.52%"
"08/26/2016","29.80","30.40","30.40","29.70","71.88K","-0.17%"
"08/25/2016","29.85","30.20","30.25","29.70","139.80K","-0.33%"
"08/24/2016","29.95","30.30","30.45","29.80","197.56K","-0.66%"
"08/23/2016","30.15","30.35","30.65","30.05","144.41K","-1.47%"
"08/22/2016","30.60","30.55","31.15","30.20","80.35K","+0.00%"
"08/19/2016","30.60","30.30","30.95","30.30","79.90K","-0.49%"
"08/18/2016","30.75","31.40","31.45","30.50","400.86K","-0.32%"
"08/17/2016","30.85","30.90","32.50","30.50","1.18M","+0.65%"
"08/16/2016","30.65","31.00","31.00","30.50","50.25K","-0.65%"
"08/12/2016","30.85","31.05","31.40","30.60","56.01K","-0.64%"
"08/11/2016","31.05","31.15","31.50","30.90","22.58K","-0.32%"
"08/10/2016","31.15","31.50","32.05","31.00","67.06K","-1.42%"
"08/09/2016","31.60","32.35","32.35","31.40","86.98K","-1.86%"
"08/08/2016","32.20","32.65","32.75","32.00","36.22K","+0.31%"
"08/05/2016","32.10","32.75","32.95","31.80","63.38K","-0.47%"
"08/04/2016","32.25","33.00","33.25","32.10","373.25K","-0.92%"
"08/03/2016","32.55","32.85","32.85","31.60","565.03K","+1.72%"
"08/02/2016","32.00","31.40","32.50","30.90","584.44K","+1.43%"
"08/01/2016","31.55","31.60","31.95","31.25","61.36K","-0.32%"
"07/29/2016","31.65","32.00","32.00","31.35","49.80K","+0.32%"
"07/28/2016","31.55","31.60","32.00","31.40","42.35K","+0.32%"
"07/27/2016","31.45","32.45","32.45","31.35","139.02K","-1.87%"
"07/26/2016","32.05","32.30","32.40","31.95","43.47K","+0.31%"
"07/25/2016","31.95","32.25","32.95","31.80","106.72K","-0.93%"
"07/22/2016","32.25","31.75","32.80","31.60","125.13K","+1.90%"
"07/21/2016","31.65","32.10","32.50","31.55","111.33K","-1.40%"
"07/20/2016","32.10","33.00","33.10","31.75","289.32K","-2.13%"
"07/19/2016","32.80","33.20","34.15","32.60","979.36K","+0.77%"
"07/18/2016","32.55","32.90","33.15","32.15","126.92K","-0.31%"
"07/15/2016","32.65","33.30","33.75","32.25","73.41K","-2.10%"
"07/14/2016","33.35","33.55","33.75","33.00","78.90K","-0.15%"
"07/13/2016","33.40","33.60","34.00","33.25","71.28K","-1.04%"
"07/12/2016","33.75","33.80","34.10","33.50","67.79K","+0.75%"
"07/11/2016","33.50","33.70","34.00","33.05","54.80K","+0.60%"
"07/08/2016","33.30","33.50","33.70","33.05","44.01K","-0.45%"
"07/07/2016","33.45","34.00","34.50","33.30","158.25K","-1.62%"
"07/05/2016","34.00","34.40","34.70","33.60","371.55K","+0.15%"
"07/04/2016","33.95","33.30","34.30","33.10","185.99K","+1.95%"
"07/01/2016","33.30","33.65","33.65","32.90","400.86K","-0.15%"
"06/30/2016","33.35","33.40","33.50","32.75","572.08K","+1.21%"
"06/29/2016","32.95","33.15","33.15","32.70","208.49K","+0.00%"
"06/28/2016","32.95","32.70","33.30","32.25","73.12K","+0.76%"
"06/27/2016","32.70","32.05","33.30","32.05","59.84K","+0.00%"
"06/24/2016","32.70","31.60","33.00","30.15","146.19K","-1.06%"
"06/23/2016","33.05","32.95","33.50","32.90","51.60K","+0.00%"
"06/22/2016","33.05","33.05","33.40","32.80","93.93K","-0.30%"
"06/21/2016","33.15","33.85","34.90","33.00","269.60K","-0.45%"
"06/20/2016","33.30","33.25","33.50","32.55","650.01K","+0.15%"
"06/17/2016","33.25","33.70","33.85","33.15","83.61K","-0.75%"
"06/16/2016","33.50","33.40","34.25","33.30","142.74K","-0.45%"
"06/15/2016","33.65","33.90","34.20","33.35","138.55K","+0.45%"
"06/14/2016","33.50","33.20","34.00","33.20","30.39K","+0.15%"
"06/13/2016","33.45","33.25","33.85","33.10","27.26K","-0.15%"
"06/10/2016","33.50","34.45","34.50","33.25","539.03K","-1.33%"
"06/09/2016","33.95","33.75","34.50","33.45","306.25K","-0.15%"
"06/08/2016","34.00","34.20","34.70","33.60","74.97K","+0.29%"
"06/07/2016","33.90","34.50","34.50","33.65","91.14K","+0.30%"
"06/06/2016","33.80","33.50","34.75","33.50","561.41K","-0.59%"
"06/03/2016","34.00","34.95","34.95","33.50","47.41K","-1.73%"
"06/02/2016","34.60","34.70","35.40","33.05","204.34K","+0.29%"
"06/01/2016","34.50","34.95","35.05","34.15","55.23K","-1.00%"
"05/31/2016","34.85","34.20","35.10","33.15","164.77K","+2.35%"
"05/30/2016","34.05","33.90","34.55","32.90","135.48K","+0.74%"
"05/27/2016","33.80","34.70","35.15","33.50","241.18K","+0.60%"
"05/26/2016","33.60","33.25","34.25","33.00","283.00K","+1.82%"
"05/25/2016","33.00","32.70","33.20","31.70","246.52K","+1.85%"
"05/24/2016","32.40","31.85","33.40","30.30","2.85M","+2.86%"
"05/23/2016","31.50","32.05","32.25","31.10","104.13K","-1.72%"
"05/20/2016","32.05","31.75","32.35","30.50","310.01K","+1.26%"
"05/19/2016","31.65","33.20","33.55","30.40","338.36K","-5.24%"
"05/18/2016","33.40","35.20","35.50","33.15","580.47K","-5.78%"
"05/17/2016","35.45","35.50","35.90","35.15","195.84K","+0.14%"
"05/16/2016","35.40","35.75","35.85","35.15","107.22K","-0.98%"
"05/13/2016","35.75","35.90","36.25","35.35","220.41K","-1.11%"
"05/12/2016","36.15","36.30","36.40","35.90","237.92K","-0.41%"
"05/11/2016","36.30","36.30","36.60","36.15","164.22K","-0.82%"
"05/10/2016","36.60","36.15","36.80","36.15","135.33K","+0.00%"
"05/09/2016","36.60","36.45","36.85","36.30","90.30K","-0.14%"
"05/06/2016","36.65","36.05","36.90","36.05","29.51K","-0.27%"
"05/05/2016","36.75","36.50","37.00","36.15","162.40K","+1.10%"
"05/04/2016","36.35","36.20","36.75","35.70","242.60K","+0.28%"
"05/03/2016","36.25","36.05","36.70","35.90","340.67K","+0.14%"
"05/02/2016","36.20","37.00","37.00","35.90","204.32K","-1.76%"
"04/29/2016","36.85","36.15","37.30","36.05","644.38K","+0.68%"
"04/28/2016","36.60","36.50","37.30","35.55","745.04K","+1.53%"
"04/27/2016","36.05","35.90","36.55","35.65","544.36K","-0.55%"
"04/26/2016","36.25","36.15","36.50","36.05","155.73K","+0.28%"
"04/25/2016","36.15","36.10","36.65","35.50","601.96K","+0.14%"
"04/22/2016","36.10","36.10","36.70","35.90","189.51K","-0.96%"
"04/21/2016","36.45","36.80","37.05","36.30","117.39K","+0.14%"
"04/20/2016","36.40","37.25","37.25","36.00","827.84K","-0.95%"
"04/18/2016","36.75","36.75","37.35","35.55","1.07M","+1.10%"
"04/13/2016","36.35","36.75","37.00","36.15","233.29K","-0.55%"
"04/12/2016","36.55","37.75","37.75","36.30","119.05K","-1.22%"
"04/11/2016","37.00","37.00","37.30","36.80","90.16K","+0.41%"
"04/08/2016","36.85","36.65","37.50","36.05","376.55K","+0.68%"
"04/07/2016","36.60","37.50","37.95","36.45","262.99K","-2.27%"
"04/06/2016","37.45","37.50","37.85","37.20","210.92K","-1.06%"
"04/05/2016","37.85","38.40","38.75","37.35","536.29K","-2.32%"
"04/04/2016","38.75","38.00","39.35","37.75","198.15K","+1.17%"
"04/01/2016","38.30","38.40","39.20","37.20","395.42K","-1.16%"
"03/31/2016","38.75","36.50","39.80","36.10","926.75K","+6.02%"
"03/30/2016","36.55","37.00","37.70","35.80","505.81K","-0.14%"
"03/29/2016","36.60","36.50","36.95","35.65","2.28M","-0.14%"
"03/28/2016","36.65","36.15","37.40","35.30","543.65K","+0.96%"
"03/23/2016","36.30","35.40","36.85","33.75","1.05M","+3.27%"
"03/22/2016","35.15","35.85","36.00","35.00","236.77K","-1.54%"
"03/21/2016","35.70","35.95","36.40","35.35","322.19K","+0.14%"
"03/18/2016","35.65","36.30","37.85","33.70","3.92M","-1.66%"
"03/17/2016","36.25","38.35","38.90","36.05","2.52M","-3.72%"
"03/16/2016","37.65","37.00","39.00","35.65","1.34M","+2.31%"
"03/15/2016","36.80","37.40","37.70","35.70","1.06M","-0.54%"
"03/14/2016","37.00","37.15","37.65","36.30","398.49K","-1.07%"
"03/11/2016","37.40","36.70","38.40","35.75","548.16K","+3.03%"
"03/10/2016","36.30","37.30","37.30","36.10","222.14K","-2.02%"
"03/09/2016","37.05","37.10","37.80","36.70","123.47K","-2.88%"
"03/08/2016","38.15","36.90","39.65","36.05","516.65K","+5.83%"
"03/04/2016","36.05","39.30","39.35","35.85","159.41K","-5.26%"
"03/03/2016","38.05","36.75","39.90","34.40","262.06K","+1.06%"
"03/02/2016","37.65","33.70","38.00","32.25","500.75K","+12.05%"
"03/01/2016","33.60","29.90","34.80","29.50","374.91K","+12.19%"
"02/29/2016","29.95","31.95","31.95","29.30","722.00K","-3.54%"
"02/26/2016","31.05","31.50","32.30","29.70","851.49K","-2.97%"
"02/25/2016","32.00","33.50","33.50","31.60","60.85K","-2.59%"
"02/24/2016","32.85","33.65","33.85","32.75","47.79K","-2.09%"
"02/23/2016","33.55","34.25","34.90","33.50","106.93K","-3.87%"
"02/22/2016","34.90","35.30","35.30","34.55","27.56K","+0.87%"
"02/19/2016","34.60","35.50","35.50","34.40","64.66K","-1.84%"
"02/18/2016","35.25","35.65","36.20","35.05","38.81K","+0.00%"
"02/17/2016","35.25","35.25","35.85","34.85","35.03K","-0.28%"
"02/16/2016","35.35","36.70","36.75","35.10","121.43K","-0.14%"
"02/15/2016","35.40","36.55","36.95","35.15","63.90K","-0.70%"
"02/12/2016","35.65","35.05","36.45","34.20","91.12K","+0.14%"
"02/11/2016","35.60","36.70","37.85","35.25","60.73K","-3.00%"
"02/10/2016","36.70","36.45","38.25","35.95","157.72K","+2.51%"
"02/09/2016","35.80","37.50","37.50","35.65","67.60K","-4.02%"
"02/08/2016","37.30","38.00","38.00","36.55","23.73K","+1.50%"
"02/05/2016","36.75","36.75","37.45","36.05","43.18K","+0.96%"
"02/04/2016","36.40","37.05","37.55","36.30","40.12K","-1.09%"
"02/03/2016","36.80","37.50","37.60","36.50","51.25K","-2.39%"
"02/02/2016","37.70","37.75","38.55","37.60","37.76K","-0.53%"
"02/01/2016","37.90","38.50","39.35","37.70","36.43K","-0.66%"
"01/29/2016","38.15","38.50","38.50","37.50","39.27K","+1.60%"
"01/28/2016","37.55","37.50","37.95","37.15","53.67K","+0.54%"
"01/27/2016","37.35","38.00","38.60","37.15","132.31K","+2.61%"
"01/25/2016","36.40","37.80","38.45","35.65","604.38K","-1.49%"
"01/22/2016","36.95","38.80","38.80","36.30","72.42K","-1.20%"
"01/21/2016","37.40","40.30","40.60","36.55","262.56K","-4.10%"
"01/20/2016","39.00","41.00","41.00","38.60","539.31K","-4.88%"
"01/19/2016","41.00","40.65","41.25","39.05","134.91K","+2.12%"
"01/18/2016","40.15","40.00","40.80","38.50","69.73K","-0.74%"
"01/15/2016","40.45","41.95","42.45","40.20","23.05K","-2.88%"
"01/14/2016","41.65","41.15","42.25","41.00","44.64K","-1.19%"
"01/13/2016","42.15","42.30","43.50","33.50","227.37K","+1.32%"
"01/12/2016","41.60","42.80","43.35","41.45","42.81K","-1.89%"
"01/11/2016","42.40","43.00","43.00","42.00","39.86K","-0.93%"
"01/08/2016","42.80","43.00","43.35","42.30","73.89K","+1.30%"
"01/07/2016","42.25","43.50","43.50","42.10","79.05K","-3.32%"
"01/06/2016","43.70","44.50","44.50","43.50","53.53K","-0.68%"
"01/05/2016","44.00","44.00","44.45","43.25","80.92K","+1.85%"
"01/04/2016","43.20","44.30","44.60","43.00","112.35K","-3.03%"
"01/01/2016","44.55","44.65","45.00","44.30","113.64K","+0.11%"
"12/31/2015","44.50","44.85","45.80","44.10","599.28K","+0.68%"
"12/30/2015","44.20","44.55","46.00","43.70","913.01K","-1.01%"
"12/29/2015","44.65","43.00","44.90","43.00","378.27K","+4.08%"
"12/28/2015","42.90","43.40","43.75","42.70","69.32K","-1.15%"
"12/24/2015","43.40","44.00","44.00","43.15","35.44K","-0.46%"
"12/23/2015","43.60","44.00","44.35","43.35","48.41K","-0.46%"
"12/22/2015","43.80","43.55","44.05","43.15","194.76K","+1.98%"
"12/21/2015","42.95","43.00","44.60","42.75","144.69K","+0.12%"
"12/18/2015","42.90","42.80","43.25","42.20","152.03K","+0.23%"
"12/17/2015","42.80","42.50","43.30","42.50","105.02K","+0.23%"
"12/16/2015","42.70","42.25","45.20","42.25","569.17K","+1.43%"
"12/15/2015","42.10","41.50","43.60","41.30","95.11K","+0.36%"
"12/14/2015","41.95","41.50","42.45","40.65","76.96K","+0.96%"
"12/11/2015","41.55","42.05","42.35","41.15","78.38K","-1.07%"
"12/10/2015","42.00","42.50","42.60","41.50","62.35K","+0.00%"
"12/09/2015","42.00","43.15","43.50","41.75","71.64K","-3.00%"
"12/08/2015","43.30","45.00","45.40","43.00","144.57K","-3.99%"
"12/07/2015","45.10","45.10","46.25","43.35","227.12K","+0.89%"
"12/04/2015","44.70","47.00","48.00","44.10","763.88K","-3.46%"
"12/03/2015","46.30","42.80","47.80","42.55","835.53K","+10.50%"
"12/02/2015","41.90","42.00","42.65","41.40","59.87K","+0.24%"
"12/01/2015","41.80","42.90","43.00","37.35","96.44K","-1.18%"
"11/30/2015","42.30","42.80","43.25","42.15","38.43K","-1.17%"
"11/27/2015","42.80","42.00","43.85","42.00","71.17K","+1.42%"
"11/26/2015","42.20","42.40","42.75","42.05","62.07K","-0.47%"
"11/24/2015","42.40","42.55","43.20","41.55","100.08K","+0.47%"
"11/23/2015","42.20","43.30","43.30","42.00","44.24K","-1.17%"
"11/20/2015","42.70","42.70","43.40","42.45","37.82K","+0.00%"
"11/19/2015","42.70","42.95","43.50","42.20","75.09K","+1.07%"
"11/18/2015","42.25","44.00","44.00","42.10","92.89K","-3.32%"
"11/17/2015","43.70","45.05","45.50","42.60","352.92K","-3.00%"
"11/16/2015","45.05","46.25","47.40","44.55","269.65K","-3.43%"
"11/13/2015","46.65","45.25","49.25","44.25","1.23M","+2.64%"
"11/11/2015","45.45","43.80","46.40","43.20","627.02K","+10.18%"
"11/10/2015","41.25","40.70","41.90","40.65","79.31K","+2.23%"
"11/09/2015","40.35","39.40","40.79","38.60","66.31K","-0.47%"
"11/06/2015","40.54","41.00","41.55","40.20","55.57K","-0.88%"
"11/05/2015","40.90","41.50","41.90","40.54","82.43K","-1.56%"
"11/04/2015","41.55","41.45","42.25","41.15","97.98K","+0.85%"
"11/03/2015","41.20","41.00","42.00","40.50","113.57K","+1.35%"
"11/02/2015","40.65","40.60","41.75","40.10","83.42K","-0.73%"
"10/30/2015","40.95","42.75","42.75","40.50","122.21K","-2.62%"
"10/29/2015","42.05","43.00","43.55","41.90","89.97K","-2.10%"
"10/28/2015","42.95","43.65","43.90","42.70","89.49K","-0.46%"
"10/27/2015","43.15","42.65","44.15","41.70","327.87K","+1.05%"
"10/26/2015","42.70","41.05","43.50","41.05","389.36K","+3.02%"
"10/23/2015","41.45","42.05","42.50","41.15","113.16K","+0.00%"
"10/21/2015","41.45","42.40","42.60","41.10","97.38K","-1.19%"
"10/20/2015","41.95","42.45","43.70","41.60","186.50K","-0.47%"
"10/19/2015","42.15","43.50","44.80","41.75","96.95K","-1.98%"
"10/16/2015","43.00","45.20","45.55","42.55","331.85K","-4.76%"
"10/15/2015","45.15","41.45","46.40","40.65","2.34M","+10.26%"
"10/14/2015","40.95","41.00","41.90","40.00","150.81K","-0.24%"
"10/13/2015","41.05","41.00","41.70","40.29","98.42K","+0.12%"
"10/12/2015","41.00","42.70","43.45","40.70","254.44K","-3.42%"
"10/09/2015","42.45","38.04","43.40","38.04","1.08M","+11.59%"
"10/08/2015","38.04","37.79","38.85","37.50","244.79K","+1.04%"
"10/07/2015","37.65","37.60","37.95","37.15","113.33K","+0.97%"
"10/06/2015","37.29","37.45","37.50","37.10","86.90K","+0.78%"
"10/05/2015","37.00","37.25","37.35","36.60","122.89K","+1.09%"
"10/01/2015","36.60","36.75","37.45","36.04","97.80K","-0.41%"
"09/30/2015","36.75","36.75","37.50","36.60","98.13K","+0.27%"
"09/29/2015","36.65","37.00","37.25","35.79","234.78K","-1.72%"
"09/28/2015","37.29","38.85","39.60","37.00","300.27K","-3.52%"
"09/24/2015","38.65","39.45","39.45","38.50","110.12K","-1.40%"
"09/23/2015","39.20","40.00","40.25","39.04","145.93K","-2.00%"
"09/22/2015","40.00","40.00","40.50","38.70","978.01K","+1.81%"
"09/21/2015","39.29","41.70","41.70","38.60","4.40M","-2.48%"
"09/18/2015","40.29","39.90","41.90","39.00","1.66M","+2.91%"
"09/16/2015","39.15","39.65","40.15","38.79","105.88K","-1.26%"
"09/15/2015","39.65","39.10","40.70","38.20","213.20K","+1.67%"
"09/14/2015","39.00","39.54","40.00","38.04","91.58K","-1.02%"
"09/11/2015","39.40","40.29","41.50","39.15","417.96K","-0.51%"
"09/10/2015","39.60","39.10","40.00","38.85","163.12K","-0.48%"
"09/09/2015","39.79","41.80","41.80","39.10","243.41K","-1.63%"
"09/08/2015","40.45","42.20","42.90","39.54","169.19K","-4.03%"
"09/07/2015","42.15","41.45","44.45","39.65","5.13M","+4.72%"
"09/04/2015","40.25","40.85","42.50","39.15","2.59M","-1.83%"
"09/03/2015","41.00","42.40","42.40","40.54","41.98K","-0.85%"
"09/02/2015","41.35","42.00","43.00","41.00","71.98K","-0.84%"
"09/01/2015","41.70","42.80","43.00","41.50","56.40K","-2.23%"
"08/31/2015","42.65","42.50","44.00","42.05","51.53K","-0.93%"
"08/28/2015","43.05","44.70","44.70","42.10","857.67K","-1.37%"
"08/27/2015","43.65","44.50","47.50","43.05","1.08M","+8.85%"
"08/26/2015","40.10","41.50","41.50","39.10","24.53K","-0.12%"
"08/25/2015","40.15","40.54","43.70","36.04","95.83K","+0.37%"
"08/24/2015","40.00","44.60","45.75","37.70","137.41K","-13.70%"
"08/21/2015","46.35","45.05","47.50","44.45","81.33K","+1.76%"
"08/20/2015","45.55","46.10","46.40","45.40","39.35K","-1.41%"
"08/19/2015","46.20","46.50","47.30","46.10","65.71K","-1.07%"
"08/18/2015","46.70","46.50","47.60","46.15","54.13K","+0.97%"
"08/17/2015","46.25","46.70","47.35","46.15","51.21K","-1.49%"
"08/14/2015","46.95","49.20","49.55","46.55","340.77K","-0.21%"
"08/13/2015","47.05","46.55","47.45","45.30","107.39K","+0.43%"
"08/12/2015","46.85","47.50","48.45","46.00","90.14K","-2.60%"
"08/11/2015","48.10","50.00","50.00","47.70","95.54K","-2.53%"
"08/10/2015","49.35","49.15","49.90","49.05","31.12K","+0.00%"
"08/07/2015","49.35","50.95","50.95","49.20","41.48K","-1.69%"
"08/06/2015","50.20","50.60","51.00","49.50","57.18K","+0.20%"
"08/05/2015","50.10","50.65","51.50","49.10","102.57K","+1.11%"
"08/04/2015","49.55","50.85","50.85","49.10","64.87K","-1.88%"
"08/03/2015","50.50","50.50","52.20","49.65","322.34K","+0.60%"
"07/31/2015","50.20","48.05","51.10","47.70","547.84K","+4.47%"
"07/30/2015","48.05","48.60","48.60","47.55","409.42K","+0.31%"
"07/29/2015","47.90","45.65","48.85","45.50","550.20K","+4.36%"
"07/28/2015","45.90","46.75","47.15","45.65","57.31K","-1.71%"
"07/27/2015","46.70","47.00","47.30","46.40","36.10K","-0.64%"
"07/24/2015","47.00","47.85","47.85","46.70","53.53K","-0.84%"
"07/23/2015","47.40","47.25","48.50","47.10","74.49K","-0.32%"
"07/22/2015","47.55","48.05","48.25","47.05","64.53K","-0.21%"
"07/21/2015","47.65","48.40","49.50","47.45","87.83K","-2.26%"
"07/20/2015","48.75","49.50","49.50","48.65","67.10K","-0.71%"
"07/17/2015","49.10","49.25","50.25","48.55","426.02K","+0.41%"
"07/16/2015","48.90","49.00","50.25","48.60","117.54K","+0.41%"
"07/15/2015","48.70","49.50","49.60","48.10","80.31K","-0.31%"
"07/14/2015","48.85","49.15","50.00","48.65","83.33K","-0.61%"
"07/13/2015","49.15","48.85","50.25","48.15","95.57K","+2.29%"
"07/10/2015","48.05","48.65","49.40","47.40","50.28K","+0.52%"
"07/09/2015","47.80","48.20","48.70","47.55","42.02K","+0.00%"
"07/08/2015","47.80","48.65","49.30","47.35","102.31K","-2.75%"
"07/07/2015","49.15","50.00","50.45","49.05","92.80K","-1.40%"
"07/06/2015","49.85","48.75","50.20","47.10","540.54K","-1.29%"
"07/03/2015","50.50","50.25","52.40","48.55","898.09K","+1.20%"
"07/02/2015","49.90","50.55","50.60","49.00","118.77K","-0.50%"
"07/01/2015","50.15","50.05","51.90","49.30","161.10K","+1.83%"
"06/30/2015","49.25","48.05","49.80","47.25","92.84K","+2.71%"
"06/29/2015","47.95","48.50","48.75","47.25","37.61K","-2.34%"
"06/26/2015","49.10","49.55","50.00","48.80","33.57K","-1.11%"
"06/25/2015","49.65","49.00","50.90","48.65","64.78K","+0.81%"
"06/24/2015","49.25","49.15","51.40","49.10","39.21K","-1.99%"
"06/23/2015","50.25","48.50","51.90","48.50","175.74K","+2.34%"
"06/22/2015","49.10","49.50","49.50","48.50","34.66K","+1.24%"
"06/19/2015","48.50","49.75","50.20","48.15","89.73K","-2.61%"
"06/18/2015","49.80","50.00","51.45","49.10","110.32K","-1.58%"
"06/17/2015","50.60","48.20","51.90","48.00","401.49K","+7.55%"
"06/16/2015","47.05","47.20","47.50","46.05","51.23K","-0.95%"
"06/15/2015","47.50","47.90","48.75","47.30","32.19K","+0.21%"
"06/12/2015","47.40","47.15","48.50","47.10","30.16K","-1.86%"
"06/11/2015","48.30","48.60","49.75","48.20","62.83K","-1.23%"
"06/10/2015","48.90","49.30","50.20","48.15","155.38K","-2.49%"
"06/09/2015","50.15","47.00","53.50","45.80","813.49K","+7.39%"
"06/08/2015","46.70","48.00","48.00","46.15","21.06K","-2.30%"
"06/05/2015","47.80","47.10","49.00","47.10","30.59K","-0.31%"
"06/04/2015","47.95","47.25","49.20","47.25","23.77K","-2.14%"
"06/03/2015","49.00","49.20","49.60","46.50","74.46K","-1.51%"
"06/02/2015","49.75","51.00","51.05","45.65","206.72K","-3.49%"
"06/01/2015","51.55","52.00","52.85","50.60","70.28K","-4.54%"
"05/29/2015","54.00","56.00","56.00","53.55","80.59K","-0.83%"
"05/28/2015","54.45","54.15","55.60","53.50","39.92K","-0.73%"
"05/27/2015","54.85","55.65","56.45","53.80","95.77K","-0.81%"
"05/26/2015","55.30","52.20","56.70","52.15","197.41K","+3.85%"
"05/25/2015","53.25","53.10","54.65","52.55","59.31K","+0.09%"
"05/22/2015","53.20","54.05","54.85","53.00","81.94K","-2.30%"
"05/21/2015","54.45","55.35","56.05","54.10","101.35K","-1.63%"
"05/20/2015","55.35","54.50","58.60","54.45","592.49K","+4.04%"
"05/19/2015","53.20","53.15","54.90","53.10","49.43K","+0.95%"
"05/18/2015","52.70","52.95","53.55","52.10","9.84K","-0.75%"
"05/15/2015","53.10","52.50","53.65","52.20","23.41K","+0.28%"
"05/14/2015","52.95","53.00","53.15","52.10","9.02K","-0.09%"
"05/13/2015","53.00","52.80","53.35","51.50","29.75K","+2.12%"
"05/12/2015","51.90","53.50","53.85","51.65","43.09K","-3.17%"
"05/11/2015","53.60","54.00","55.75","53.40","24.96K","-0.74%"
"05/08/2015","54.00","51.35","54.45","51.35","77.23K","+5.37%"
"05/07/2015","51.25","52.15","52.80","50.50","29.43K","-0.39%"
"05/06/2015","51.45","54.10","54.10","50.50","43.63K","-4.63%"
"05/05/2015","53.95","55.35","55.50","53.30","58.72K","-2.71%"
"05/04/2015","55.45","52.70","55.95","52.70","77.07K","+2.69%"
"04/30/2015","54.00","54.85","55.00","53.00","289.18K","-1.73%"
"04/29/2015","54.95","54.00","55.50","53.35","238.93K","+0.37%"
"04/28/2015","54.75","51.10","55.50","50.30","130.44K","+5.29%"
"04/27/2015","52.00","51.15","52.40","49.55","237.44K","+0.39%"
"04/24/2015","51.80","53.00","56.00","51.25","85.63K","-1.24%"
"04/23/2015","52.45","53.95","54.00","52.05","36.89K","-1.78%"
"04/22/2015","53.40","52.30","54.00","50.15","111.80K","+3.49%"
"04/21/2015","51.60","51.50","53.85","51.00","47.03K","-2.55%"
"04/20/2015","52.95","53.50","55.00","52.50","35.93K","-3.38%"
"04/17/2015","54.80","55.10","55.40","53.25","245.33K","-0.18%"
"04/16/2015","54.90","54.60","55.80","52.45","311.35K","+0.55%"
"04/15/2015","54.60","56.35","56.35","53.60","120.02K","-2.59%"
"04/13/2015","56.05","54.80","57.00","54.50","143.84K","+2.28%"
"04/10/2015","54.80","55.10","57.30","54.15","320.80K","-0.27%"
"04/09/2015","54.95","53.45","57.40","53.00","804.29K","+3.97%"
"04/08/2015","52.85","52.05","53.40","52.05","83.50K","+2.03%"
"04/07/2015","51.80","51.30","51.90","50.15","51.67K","+1.47%"
"04/06/2015","51.05","52.15","52.15","49.55","68.74K","+3.65%"
"04/01/2015","49.25","47.35","50.00","47.35","44.09K","+0.51%"
"03/31/2015","49.00","49.40","49.45","48.20","52.13K","+1.14%"
"03/30/2015","48.45","46.95","49.05","46.50","36.71K","+4.42%"
"03/27/2015","46.40","47.10","47.50","45.20","61.57K","-2.11%"
"03/26/2015","47.40","47.00","48.00","46.45","39.86K","+0.42%"
"03/25/2015","47.20","47.05","47.85","45.50","71.07K","-1.36%"
"03/24/2015","47.85","48.50","49.80","47.00","52.18K","-2.25%"
"03/23/2015","48.95","49.40","50.00","48.25","164.07K","+1.98%"
"03/20/2015","48.00","48.00","48.80","46.30","150.52K","+0.00%"
"03/19/2015","48.00","50.90","51.10","47.50","1.42M","-4.00%"
"03/18/2015","50.00","52.70","52.70","49.60","451.19K","-1.77%"
"03/17/2015","50.90","51.55","52.75","50.35","65.83K","-0.78%"
"03/16/2015","51.30","52.20","53.70","51.10","101.07K","-3.12%"
"03/13/2015","52.95","53.05","54.35","52.65","69.06K","+0.28%"
"03/12/2015","52.80","53.50","54.00","52.10","47.61K","-1.86%"
"03/11/2015","53.80","53.00","54.10","52.65","50.46K","+0.94%"
"03/10/2015","53.30","53.50","54.80","53.15","64.63K","-1.48%"
"03/09/2015","54.10","55.50","56.80","53.10","130.87K","-2.96%"
"03/05/2015","55.75","54.25","56.05","53.05","201.61K","+1.73%"
"03/04/2015","54.80","56.30","57.10","54.10","92.87K","-2.40%"
"03/03/2015","56.15","57.05","58.00","55.80","145.20K","-1.49%"
"03/02/2015","57.00","56.30","57.55","53.05","573.57K","+9.83%"
"02/27/2015","51.90","56.20","56.45","49.90","1.82M","-8.95%"
"02/26/2015","57.00","59.25","59.25","56.35","205.20K","-3.55%"
"02/25/2015","59.10","59.25","60.00","57.15","259.67K","+0.25%"
"02/24/2015","58.95","60.80","60.90","58.20","227.39K","-3.44%"
"02/23/2015","61.05","61.70","62.80","61.00","62.77K","-1.45%"
"02/20/2015","61.95","62.40","62.40","60.50","105.89K","+1.31%"
"02/19/2015","61.15","62.10","63.20","59.50","442.34K","-1.45%"
"02/18/2015","62.05","62.50","62.90","61.50","91.49K","-0.72%"
"02/16/2015","62.50","64.80","64.80","62.10","244.64K","-0.71%"
"02/13/2015","62.95","63.55","64.00","62.10","182.63K","-1.25%"
"02/12/2015","63.75","62.00","64.00","60.05","195.56K","-0.23%"
"02/11/2015","63.90","64.30","64.30","63.05","63.90K","+0.63%"
"02/10/2015","63.50","63.95","64.00","62.10","65.53K","-0.70%"
"02/09/2015","63.95","64.00","64.40","62.80","197.52K","+1.43%"
"02/06/2015","63.05","63.35","63.90","61.80","60.19K","+0.88%"
"02/05/2015","62.50","63.30","64.00","62.15","59.11K","-1.42%"
"02/04/2015","63.40","64.30","64.30","63.10","105.47K","-0.63%"
"02/03/2015","63.80","63.90","64.00","63.15","64.91K","+0.55%"
"02/02/2015","63.45","63.50","64.09","63.15","179.43K","-0.55%"
"01/30/2015","63.80","63.50","64.00","62.50","251.62K","+0.31%"
"01/29/2015","63.60","64.45","64.45","63.25","109.50K","-0.31%"
"01/28/2015","63.80","63.50","64.40","63.10","198.99K","-0.31%"
"01/27/2015","64.00","63.60","64.50","62.15","201.44K","+0.63%"
"01/23/2015","63.60","65.40","65.40","63.10","317.06K","-1.91%"
"01/22/2015","64.84","63.70","65.90","62.20","1.34M","+2.27%"
"01/21/2015","63.40","64.09","64.80","62.80","205.55K","-1.40%"
"01/20/2015","64.30","65.25","66.00","63.75","481.93K","-0.31%"
"01/19/2015","64.50","66.95","66.95","64.09","1.12M","-2.35%"
"01/16/2015","66.05","65.00","67.80","65.00","986.26K","+2.01%"
"01/15/2015","64.75","64.80","68.09","63.70","11.37M","-0.61%"
"01/14/2015","65.15","65.59","65.65","64.50","64.43K","+0.15%"
"01/13/2015","65.05","65.80","65.80","64.50","145.36K","+0.00%"
"01/12/2015","65.05","65.80","65.80","63.80","102.68K","+0.08%"
"01/09/2015","65.00","66.80","66.90","64.75","282.43K","-0.08%"
"01/08/2015","65.05","67.09","68.50","63.55","917.63K","-2.03%"
"01/07/2015","66.40","66.90","68.40","65.80","1.37M","-0.15%"
"01/06/2015","66.50","69.50","69.50","65.09","639.55K","-4.33%"
"01/05/2015","69.51","70.34","70.40","69.20","358.43K","-0.32%"
"01/02/2015","69.73","70.07","70.36","69.48","206.71K","-0.01%"
"01/01/2015","69.74","70.60","70.86","69.20","106.78K","-0.36%"
"12/31/2014","69.99","70.38","71.12","69.70","151.07K","+0.13%"
"12/30/2014","69.90","68.87","70.01","68.86","522.20K","+0.98%"
"12/29/2014","69.22","70.74","70.74","68.64","260.92K","-1.09%"
"12/26/2014","69.98","70.77","71.80","69.28","409.73K","+0.55%"
"12/24/2014","69.60","66.01","72.26","66.01","8.55M","+4.76%"
"12/23/2014","66.44","66.16","67.17","65.78","176.14K","-0.17%"
"12/22/2014","66.55","64.80","68.40","64.80","666.48K","+2.21%"
"12/19/2014","65.11","65.54","66.52","63.20","525.77K","-0.60%"
"12/18/2014","65.50","67.01","68.96","64.40","1.12M","-1.95%"
"12/17/2014","66.80","70.04","71.85","66.10","1.71M","-4.63%"
"12/16/2014","70.04","70.48","70.48","68.81","866.68K","-0.62%"
"12/15/2014","70.48","69.99","71.26","69.25","70.47K","+1.05%"
"12/12/2014","69.75","72.00","72.74","69.11","88.87K","-2.95%"
"12/11/2014","71.87","74.00","74.33","71.55","121.10K","-2.07%"
"12/10/2014","73.39","71.54","73.80","68.61","178.16K","+2.99%"
"12/09/2014","71.26","73.77","73.78","71.02","47.80K","-2.46%"
"12/08/2014","73.06","72.85","75.96","72.68","76.48K","+0.27%"
"12/05/2014","72.86","73.45","74.99","72.29","108.40K","-1.39%"
"12/04/2014","73.89","74.40","75.59","73.42","168.18K","-0.09%"
"12/03/2014","73.96","74.07","76.40","73.25","319.84K","-0.15%"
"12/02/2014","74.07","72.04","75.73","70.51","274.46K","+2.29%"
"12/01/2014","72.41","71.12","75.20","71.02","359.04K","+0.86%"
"11/28/2014","71.79","69.83","72.95","69.82","874.39K","+2.18%"
"11/27/2014","70.26","70.23","71.37","70.11","60.26K","+0.30%"
"11/26/2014","70.05","69.99","71.60","69.80","533.30K","+0.09%"
"11/25/2014","69.99","69.99","72.58","69.25","558.26K","+0.00%"
"11/24/2014","69.99","71.79","71.99","69.06","173.18K","-2.08%"
"11/21/2014","71.48","70.94","73.13","70.40","215.70K","+1.42%"
"11/20/2014","70.48","71.80","74.23","70.02","740.08K","-1.73%"
"11/19/2014","71.72","70.20","75.80","69.97","636.86K","+2.30%"
"11/18/2014","70.11","68.60","72.00","67.61","455.90K","+1.51%"
"11/17/2014","69.07","66.54","69.95","64.56","437.76K","+5.64%"
"11/14/2014","65.38","64.03","66.60","61.58","492.45K","+1.46%"
"11/13/2014","64.44","63.99","66.20","63.99","652.78K","+0.72%"
"11/12/2014","63.98","63.08","64.80","63.01","206.96K","+2.11%"
"11/11/2014","62.66","62.53","65.95","62.48","285.32K","-0.44%"
"11/10/2014","62.94","64.40","65.09","62.31","113.79K","-2.42%"
"11/07/2014","64.50","63.36","69.12","62.00","978.86K","+4.12%"
"11/05/2014","61.95","62.84","63.60","61.30","188.27K","+1.52%"
"11/03/2014","61.02","61.74","61.74","60.42","24.80K","-1.17%"
"10/31/2014","61.74","60.40","62.80","60.40","137.55K","+2.10%"
"10/30/2014","60.47","60.04","61.76","59.72","156.25K","-0.02%"
"10/29/2014","60.48","60.40","61.89","60.05","55.01K","-1.34%"
"10/28/2014","61.30","60.06","61.80","59.81","163.40K","+2.06%"
"10/27/2014","60.06","61.00","62.99","59.62","798.39K","-1.81%"
"10/23/2014","61.17","62.00","62.00","60.65","15.60K","-0.62%"
"10/22/2014","61.55","60.60","62.16","59.91","70.34K","+0.82%"
"10/21/2014","61.05","59.30","61.80","59.30","107.51K","+0.73%"
"10/20/2014","60.61","60.84","61.90","60.20","83.07K","+0.92%"
"10/17/2014","60.06","59.10","61.21","59.01","1.02M","+0.60%"
"10/16/2014","59.70","60.57","60.78","58.50","992.03K","-0.72%"
"10/14/2014","60.13","58.45","63.30","58.45","1.28M","+0.97%"
"10/13/2014","59.55","57.02","59.60","57.02","74.92K","+1.10%"
"10/10/2014","58.90","60.60","60.60","58.60","319.37K","-4.32%"
"10/09/2014","61.56","61.50","63.60","60.03","433.66K","+0.90%"
"10/08/2014","61.01","60.60","62.80","57.61","22.28M","+0.08%"
"10/07/2014","60.96","58.80","61.98","56.30","985.85K","+4.24%"
"10/01/2014","58.48","57.20","59.20","56.11","279.30K","+0.36%"
"09/30/2014","58.27","57.20","58.77","56.70","61.67K","+0.36%"
"09/29/2014","58.06","56.59","58.80","55.90","99.36K","+4.90%"
"09/26/2014","55.35","56.00","56.60","54.60","437.91K","-2.21%"
"09/25/2014","56.60","57.40","57.60","56.00","54.24K","-1.53%"
"09/24/2014","57.48","58.70","60.90","57.06","104.35K","-1.42%"
"09/23/2014","58.31","56.06","58.96","55.64","1.39M","+2.44%"
"09/22/2014","56.92","54.80","58.39","54.00","371.55K","+3.87%"
"09/19/2014","54.80","56.21","56.72","53.60","1.57M","-2.44%"
"09/18/2014","56.17","55.79","57.40","54.02","951.32K","+1.30%"
"09/17/2014","55.45","57.59","57.59","55.01","155.45K","-2.05%"
"09/16/2014","56.61","58.67","59.58","56.00","96.25K","-3.51%"
"09/15/2014","58.67","58.54","59.80","58.31","482.71K","-1.46%"
"09/12/2014","59.54","59.00","61.00","58.14","165.59K","+0.35%"
"09/11/2014","59.33","60.95","62.18","58.62","240.35K","-1.74%"
"09/10/2014","60.38","56.83","61.64","56.83","1.52M","+5.74%"
"09/09/2014","57.10","58.04","58.68","56.80","129.98K","-3.42%"
"09/08/2014","59.12","62.80","62.80","57.58","409.62K","+0.60%"
"09/05/2014","58.77","59.36","59.37","58.01","209.07K","-0.05%"
"09/04/2014","58.80","56.21","59.05","55.04","426.11K","+4.91%"
"09/03/2014","56.05","55.08","57.97","54.55","707.96K","+1.23%"
"09/02/2014","55.37","53.87","57.40","53.40","395.02K","+3.69%"
"09/01/2014","53.40","54.20","54.20","53.21","1.14M","-2.47%"
"08/28/2014","54.75","56.21","56.49","53.34","680.41K","-1.88%"
"08/27/2014","55.80","57.00","57.67","55.00","117.27K","-2.12%"
"08/26/2014","57.01","55.63","57.20","55.40","338.02K","-0.11%"
"08/25/2014","57.07","55.40","57.60","54.32","558.10K","+3.52%"
"08/22/2014","55.13","56.39","56.56","54.40","94.14K","-1.54%"
"08/21/2014","55.99","55.80","57.00","55.55","617.27K","+0.00%"
"08/20/2014","55.99","54.68","58.16","54.02","1.27M","+3.70%"
"08/19/2014","53.99","53.20","54.80","52.02","3.87M","+1.81%"
"08/18/2014","53.03","55.42","55.42","51.40","148.63K","-3.34%"
"08/14/2014","54.86","54.96","55.20","53.01","378.37K","-0.11%"
"08/13/2014","54.92","56.60","56.79","52.06","1.45M","-4.67%"
"08/12/2014","57.61","57.39","58.00","56.63","67.67K","+1.07%"
"08/11/2014","57.00","58.40","58.62","56.40","151.83K","-0.75%"
"08/08/2014","57.43","58.40","58.60","56.40","359.67K","-3.32%"
"08/07/2014","59.40","61.02","63.66","58.44","950.00K","-3.59%"
"08/06/2014","61.61","64.00","64.94","61.01","213.62K","-3.43%"
"08/05/2014","63.80","64.00","65.00","63.00","616.39K","-0.09%"
"08/04/2014","63.86","61.47","64.17","61.47","252.27K","+1.83%"
"08/01/2014","62.71","63.41","64.33","62.40","19.50K","-2.08%"
"07/31/2014","64.04","61.80","65.00","61.65","173.63K","+3.27%"
"07/30/2014","62.01","61.63","62.38","59.20","98.83K","+0.76%"
"07/28/2014","61.54","62.00","62.40","61.20","28.46K","-1.47%"
"07/25/2014","62.46","64.00","65.31","62.00","80.42K","-1.85%"
"07/24/2014","63.64","64.52","64.52","62.60","98.06K","-1.00%"
"07/23/2014","64.28","65.00","66.70","63.31","688.25K","-0.17%"
"07/22/2014","64.39","64.64","64.98","63.41","1.23M","+0.47%"
"07/21/2014","64.09","63.40","66.00","63.40","3.81M","+0.14%"
"07/18/2014","64.00","65.00","65.00","63.59","58.09K","-0.64%"
"07/17/2014","64.41","64.89","64.89","63.60","1.97M","+0.64%"
"07/16/2014","64.00","63.95","65.20","62.62","103.51K","+1.28%"
"07/15/2014","63.19","63.00","64.00","62.10","23.30K","+0.32%"
"07/14/2014","62.99","62.78","63.20","61.18","317.46K","-0.46%"
"07/11/2014","63.28","65.34","65.34","62.35","116.30K","-0.13%"
"07/10/2014","63.36","61.80","64.20","60.80","372.76K","+2.19%"
"07/09/2014","62.00","63.00","63.60","60.10","1.35M","-1.40%"
"07/08/2014","62.88","65.76","65.76","62.11","1.75M","-2.53%"
"07/07/2014","64.51","62.10","66.56","62.00","161.04K","+1.08%"
"07/04/2014","63.82","64.10","64.45","62.98","45.05K","+0.30%"
"07/03/2014","63.63","64.83","64.83","63.23","73.42K","-2.75%"
"07/02/2014","65.43","64.79","67.00","63.20","581.04K","+3.48%"
"07/01/2014","63.23","63.00","65.08","62.20","174.76K","-0.08%"
"06/30/2014","63.28","62.15","63.40","62.15","47.78K","+1.82%"
"06/27/2014","62.15","64.00","64.00","61.79","65.83K","-2.71%"
"06/26/2014","63.88","63.90","64.40","60.59","377.94K","+5.43%"
"06/25/2014","60.59","60.81","61.28","59.29","190.32K","-0.36%"
"06/24/2014","60.81","58.48","61.57","58.48","225.85K","+3.98%"
"06/23/2014","58.48","61.70","62.42","58.00","284.25K","-5.03%"
"06/20/2014","61.58","63.80","63.80","60.83","478.32K","-3.48%"
"06/19/2014","63.80","63.52","65.97","62.51","224.67K","+0.58%"
"06/18/2014","63.43","62.89","64.80","62.89","226.48K","+0.86%"
"06/17/2014","62.89","61.97","63.20","61.15","151.76K","+3.00%"
"06/16/2014","61.06","62.94","62.94","60.83","132.97K","-0.26%"
"06/13/2014","61.22","64.30","65.60","60.51","162.92K","-4.82%"
"06/12/2014","64.32","66.82","68.20","64.12","172.16K","-3.81%"
"06/11/2014","66.87","70.40","70.80","66.34","128.91K","-5.96%"
"06/10/2014","71.11","70.48","71.66","69.00","385.31K","+0.79%"
"06/09/2014","70.55","65.20","74.02","64.85","2.18M","+8.89%"
"06/06/2014","64.79","63.00","65.09","62.76","567.24K","+3.86%"
"06/05/2014","62.38","63.00","63.77","62.03","123.45K","-1.58%"
"06/04/2014","63.38","64.38","65.60","62.02","346.72K","-0.25%"
"06/03/2014","63.54","62.39","65.80","62.09","497.68K","+2.34%"
"06/02/2014","62.09","64.94","66.76","61.00","705.73K","-5.47%"
"05/30/2014","65.68","58.06","69.67","57.42","2.45M","+13.12%"
"05/29/2014","58.06","55.40","59.74","54.84","772.04K","+6.24%"
"05/28/2014","54.65","53.60","56.00","52.00","670.42K","+1.24%"
"05/27/2014","53.98","55.54","55.54","52.83","198.70K","-2.10%"
"05/26/2014","55.14","60.20","61.20","54.11","251.29K","-7.75%"
"05/23/2014","59.77","60.07","60.80","58.53","483.56K","-0.50%"
"05/22/2014","60.07","55.80","62.60","54.31","901.34K","+7.88%"
"05/21/2014","55.68","54.40","56.20","52.42","607.07K","+2.67%"
"05/20/2014","54.23","49.10","54.74","49.10","1.21M","+8.35%"
"05/19/2014","50.05","50.12","50.98","49.05","108.49K","-0.12%"
"05/16/2014","50.11","49.80","50.40","48.30","222.76K","+2.71%"
"05/15/2014","48.79","49.23","49.80","48.17","94.72K","-0.81%"
"05/14/2014","49.19","50.00","50.05","48.90","393.05K","-1.70%"
"05/13/2014","50.04","49.80","50.35","48.96","709.41K","+0.99%"
"05/12/2014","49.55","49.15","49.98","48.63","196.25K","+1.14%"
"05/09/2014","48.99","48.46","49.19","47.81","1.16M","+0.70%"
"05/08/2014","48.65","48.60","49.39","48.08","341.94K","-0.75%"
"05/07/2014","49.02","48.61","49.20","48.21","466.41K","+0.04%"
"05/06/2014","49.00","48.26","49.35","48.26","1.22M","+1.03%"
"05/05/2014","48.50","48.12","49.00","48.12","403.26K","-1.02%"
"05/02/2014","49.00","48.51","49.75","48.51","592.74K","+0.10%"
"04/30/2014","48.95","48.70","49.55","48.40","566.03K","-0.10%"
"04/29/2014","49.00","48.44","49.80","47.64","692.54K","+1.07%"
"04/28/2014","48.48","47.40","48.78","47.40","192.56K","+1.08%"
"04/25/2014","47.96","48.42","48.94","47.38","228.93K","-0.93%"
"04/23/2014","48.41","48.00","49.00","47.90","228.84K","+0.85%"
"04/22/2014","48.00","48.80","48.80","47.81","1.46M","-1.56%"
"04/21/2014","48.76","48.40","49.00","47.20","281.92K","+1.27%"
"04/17/2014","48.15","45.21","49.33","45.21","2.44M","+5.68%"
"04/16/2014","45.56","46.84","47.31","44.00","675.71K","-2.73%"
"04/15/2014","46.84","47.91","48.40","46.43","453.87K","-2.68%"
"04/11/2014","48.13","48.80","48.90","48.00","228.98K","-1.01%"
"04/10/2014","48.62","49.19","49.76","48.20","292.89K","-0.49%"
"04/09/2014","48.86","49.00","49.93","48.63","730.61K","+0.80%"
"04/07/2014","48.47","49.60","49.60","48.16","174.73K","-1.40%"
"04/04/2014","49.16","48.92","49.70","48.70","232.47K","+0.68%"
"04/03/2014","48.83","50.68","51.20","48.42","882.41K","-2.24%"
"04/02/2014","49.95","49.80","51.21","49.45","4.48M","+0.75%"
"04/01/2014","49.58","51.60","51.98","49.40","1.40M","+2.29%"
"03/31/2014","48.47","48.90","49.80","48.22","219.82K","-0.70%"
"03/28/2014","48.81","49.12","49.72","48.58","131.86K","-0.93%"
"03/27/2014","49.27","50.32","50.32","48.84","110.69K","-0.79%"
"03/26/2014","49.66","49.60","50.00","49.08","183.44K","-0.20%"
"03/25/2014","49.76","49.80","50.30","48.49","462.41K","+1.04%"
"03/24/2014","49.25","49.54","49.64","49.19","46.53K","-1.46%"
"03/21/2014","49.98","49.19","50.27","48.80","319.50K","+2.65%"
"03/20/2014","48.69","49.99","49.99","48.38","141.33K","-2.41%"
"03/19/2014","49.89","49.43","50.36","49.20","959.72K","+0.73%"
"03/18/2014","49.53","48.80","49.89","48.80","69.33K","+1.29%"
"03/14/2014","48.90","50.20","50.20","48.80","122.67K","-1.41%"
"03/13/2014","49.60","50.20","50.50","49.30","288.77K","+0.61%"
"03/12/2014","49.30","49.22","50.80","49.20","208.10K","-0.22%"
"03/11/2014","49.41","49.65","49.94","49.10","24.71K","-0.22%"
"03/10/2014","49.52","50.40","50.67","49.02","67.00K","-0.96%"
"03/07/2014","50.00","50.80","50.80","49.60","662.04K","-1.38%"
"03/06/2014","50.70","49.98","51.40","49.82","267.49K","+2.63%"
"03/05/2014","49.40","49.43","49.83","49.04","2.73M","+0.12%"
"03/04/2014","49.34","51.00","51.09","49.03","61.14K","-2.64%"
"03/03/2014","50.68","49.09","50.98","49.05","192.83K","+3.66%"
"02/28/2014","48.89","49.98","49.98","48.10","114.80K","-0.04%"
"02/26/2014","48.91","49.15","49.38","48.50","2.83M","+0.95%"
"02/25/2014","48.45","48.84","48.84","48.04","142.96K","-0.88%"
"02/24/2014","48.88","49.50","49.60","48.60","90.93K","-2.02%"
"02/21/2014","49.89","48.82","50.80","48.82","100.41K","+1.48%"
"02/20/2014","49.16","49.61","50.53","48.80","3.05M","-0.91%"
"02/19/2014","49.61","50.78","51.88","48.42","229.55K","-0.52%"
"02/18/2014","49.87","50.51","51.29","49.27","2.95M","-2.14%"
"02/17/2014","50.96","50.65","51.78","50.46","833.51K","+0.77%"
"02/14/2014","50.57","51.00","51.62","50.24","246.49K","-1.58%"
"02/13/2014","51.38","52.00","52.40","50.42","129.28K","-1.67%"
"02/12/2014","52.25","52.67","53.16","51.65","172.78K","+0.97%"
"02/11/2014","51.75","52.99","53.00","51.27","53.07K","-2.60%"
"02/10/2014","53.13","52.80","53.20","52.10","96.38K","+2.25%"
"02/07/2014","51.96","50.99","52.89","50.53","355.15K","+3.71%"
"02/06/2014","50.10","50.44","51.38","49.80","33.60K","-0.69%"
"02/05/2014","50.45","51.14","51.14","50.00","30.32K","+0.16%"
"02/04/2014","50.37","50.66","50.78","50.00","19.57K","+0.16%"
"02/03/2014","50.29","52.18","52.18","50.02","39.51K","-1.39%"
"01/31/2014","51.00","52.20","53.37","50.60","2.33M","+1.55%"
"01/30/2014","50.22","51.20","51.80","50.00","1.63M","-2.73%"
"01/29/2014","51.63","52.20","52.20","51.24","156.78K","+0.41%"
"01/28/2014","51.42","50.00","51.99","49.31","29.74K","+0.19%"
"01/27/2014","51.32","51.00","52.76","50.73","252.72K","-0.47%"
"01/24/2014","51.56","51.19","52.20","51.00","41.23K","+0.64%"
"01/23/2014","51.23","51.30","51.97","51.00","629.83K","-0.14%"
"01/22/2014","51.30","50.73","52.88","50.47","423.58K","+1.10%"
"01/21/2014","50.74","51.80","52.40","50.50","79.50K","-2.12%"
"01/20/2014","51.84","52.00","52.02","51.20","28.74K","-0.08%"
"01/17/2014","51.88","51.20","52.34","51.20","1.29M","+0.46%"
"01/16/2014","51.64","51.70","52.54","51.20","26.88K","-0.44%"
"01/15/2014","51.87","51.48","52.90","51.48","77.61K","+0.74%"
"01/14/2014","51.49","51.40","52.80","51.20","39.72K","-0.94%"
"01/13/2014","51.98","52.24","53.16","51.83","33.56K","-2.24%"
"01/10/2014","53.17","53.60","54.00","52.80","47.66K","-1.52%"
"01/09/2014","53.99","54.22","55.31","53.40","564.49K","-1.71%"
"01/08/2014","54.93","56.38","56.38","54.60","64.32K","-0.85%"
"01/07/2014","55.40","56.20","56.94","55.05","102.48K","-2.03%"
"01/06/2014","56.55","54.41","57.10","54.41","233.30K","+2.63%"
"01/03/2014","55.10","55.92","55.92","54.82","59.27K","-0.47%"
"01/02/2014","55.36","55.03","57.49","55.03","223.32K","-0.05%"
"01/01/2014","55.39","56.50","57.14","55.24","80.15K","-2.40%"
"12/31/2013","56.75","56.59","57.79","55.63","498.65K","+1.85%"
"12/30/2013","55.72","54.72","56.94","53.84","158.17K","+1.02%"
"12/27/2013","55.16","55.68","56.20","54.85","87.19K","+0.33%"
"12/26/2013","54.98","54.60","56.80","54.41","108.21K","+0.27%"
"12/24/2013","54.83","54.52","55.40","54.45","103.78K","-1.77%"
"12/23/2013","55.82","57.70","57.81","54.86","628.52K","-3.71%"
"12/20/2013","57.97","54.80","58.38","54.51","1.77M","+6.43%"
"12/19/2013","54.47","51.57","55.40","51.57","992.11K","+6.80%"
"12/18/2013","51.00","50.60","51.39","50.59","336.96K","+0.00%"
"12/17/2013","51.00","51.58","51.58","49.92","336.56K","+0.04%"
"12/16/2013","50.98","48.80","51.33","48.80","97.36K","+3.62%"
"12/13/2013","49.20","50.00","50.00","48.70","143.20K","-1.66%"
"12/12/2013","50.03","50.48","50.89","50.00","279.97K","-0.89%"
"12/11/2013","50.48","50.00","51.35","50.00","84.84K","-0.28%"
"12/10/2013","50.62","50.43","51.60","50.20","137.30K","-0.02%"
"12/09/2013","50.63","50.79","50.94","49.45","104.17K","+2.20%"
"12/06/2013","49.54","49.80","50.40","49.00","111.58K","+0.88%"
"12/05/2013","49.11","52.30","52.30","48.40","407.08K","-4.42%"
"12/04/2013","51.38","51.11","52.43","50.97","418.19K","-0.08%"
"12/03/2013","51.42","51.60","52.18","51.00","136.23K","-1.23%"
"12/02/2013","52.06","52.40","53.20","51.73","29.51K","-0.48%"
"11/29/2013","52.31","52.01","53.80","50.50","498.31K","+0.63%"
"11/28/2013","51.98","53.56","53.56","51.61","100.10K","-1.10%"
"11/27/2013","52.56","52.85","52.85","51.60","60.24K","+1.62%"
"11/26/2013","51.72","51.44","53.70","51.01","107.34K","-1.22%"
"11/25/2013","52.36","52.20","53.10","51.72","232.35K","+0.63%"
"11/22/2013","52.03","50.00","52.18","49.70","1.08M","+4.77%"
"11/21/2013","49.66","51.03","51.36","49.20","164.58K","-2.68%"
"11/20/2013","51.03","52.14","52.34","50.80","135.35K","-2.19%"
"11/19/2013","52.17","52.30","52.80","51.60","108.44K","+0.02%"
"11/18/2013","52.16","52.40","52.99","51.91","133.37K","-0.72%"
"11/14/2013","52.54","53.20","53.58","52.40","34.33K","-0.83%"
"11/13/2013","52.98","53.00","53.65","52.40","39.97K","-0.02%"
"11/12/2013","52.99","52.40","53.76","52.40","21.39K","+0.34%"
"11/11/2013","52.81","53.20","54.40","52.40","179.45K","-1.44%"
"11/08/2013","53.58","54.01","54.39","53.11","206.52K","-1.71%"
"11/07/2013","54.51","55.00","55.60","54.11","16.98K","-1.78%"
"11/06/2013","55.50","56.00","56.45","55.40","26.56K","-0.98%"
"11/05/2013","56.05","54.67","56.60","54.67","36.88K","-1.67%"
"11/01/2013","57.00","56.20","57.95","56.07","78.52K","-0.61%"
"10/31/2013","57.35","54.10","58.18","54.10","245.32K","+3.84%"
"10/30/2013","55.23","54.03","56.54","53.94","128.26K","+0.27%"
"10/29/2013","55.08","53.60","55.98","51.39","329.44K","+5.13%"
"10/28/2013","52.39","52.80","53.20","52.20","43.69K","-0.57%"
"10/25/2013","52.69","52.44","53.13","52.20","29.49K","+0.48%"
"10/24/2013","52.44","52.21","53.70","52.21","39.72K","-1.50%"
"10/23/2013","53.24","53.20","53.98","52.81","83.67K","-0.17%"
"10/22/2013","53.33","53.60","54.34","53.29","53.14K","-1.86%"
"10/21/2013","54.34","53.53","54.80","53.00","88.07K","+1.32%"
"10/18/2013","53.63","52.20","53.80","52.20","120.18K","+1.19%"
"10/17/2013","53.00","52.60","53.57","52.12","1.30M","+0.91%"
"10/15/2013","52.52","53.52","54.00","52.22","329.32K","-2.01%"
"10/14/2013","53.60","53.75","54.36","53.44","33.73K","-0.28%"
"10/11/2013","53.75","53.47","55.50","53.40","76.34K","+0.00%"
"10/10/2013","53.75","53.40","54.64","53.40","33.05K","-0.30%"
"10/09/2013","53.91","54.01","54.59","53.40","50.95K","-0.26%"
"10/08/2013","54.05","54.79","54.79","53.05","163.98K","+0.84%"
"10/07/2013","53.60","53.89","54.60","53.29","93.67K","-1.49%"
"10/04/2013","54.41","54.59","55.39","54.06","81.90K","-0.44%"
"10/03/2013","54.65","55.00","56.20","54.48","81.87K","-2.06%"
"10/01/2013","55.80","56.80","56.80","55.58","213.76K","-2.69%"
"09/30/2013","57.34","54.03","57.74","53.90","745.39K","+4.41%"
"09/27/2013","54.92","54.40","55.54","53.93","484.65K","+0.31%"
"09/26/2013","54.75","54.20","55.10","53.87","389.12K","+0.90%"
"09/25/2013","54.26","53.66","54.88","52.82","315.66K","+0.69%"
"09/24/2013","53.89","54.20","54.40","53.62","3.18M","-1.32%"
"09/23/2013","54.61","53.40","55.70","53.10","473.41K","+1.28%"
"09/20/2013","53.92","53.60","54.80","53.15","257.20K","-0.15%"
"09/19/2013","54.00","53.00","54.40","53.00","227.97K","+1.93%"
"09/18/2013","52.98","53.64","54.80","52.25","407.12K","+0.55%"
"09/17/2013","52.69","52.80","53.75","52.12","68.95K","-1.03%"
"09/16/2013","53.24","54.80","55.60","52.31","67.24K","-2.53%"
"09/13/2013","54.62","54.10","54.88","53.41","81.68K","+0.89%"
"09/12/2013","54.14","55.14","56.20","53.62","1.33M","-1.02%"
"09/11/2013","54.70","53.41","55.20","53.41","394.23K","+0.50%"
"09/10/2013","54.43","55.01","56.33","54.31","499.47K","-2.00%"
"09/06/2013","55.54","54.20","55.78","53.50","649.79K","+1.29%"
"09/05/2013","54.83","54.20","55.95","54.20","196.45K","-0.15%"
"09/04/2013","54.91","53.45","55.60","50.37","75.56K","+1.85%"
"09/03/2013","53.91","54.30","55.60","53.21","38.97K","-3.82%"
"09/02/2013","56.05","53.60","56.41","52.64","203.86K","+5.95%"
"08/30/2013","52.90","53.20","54.21","52.24","305.55K","+1.36%"
"08/29/2013","52.19","50.61","55.00","50.25","409.01K","+0.25%"
"08/28/2013","52.06","53.51","53.51","50.61","408.08K","-2.71%"
"08/27/2013","53.51","52.30","54.00","52.30","18.12K","-1.73%"
"08/26/2013","54.45","55.61","56.63","54.05","65.04K","-1.64%"
"08/23/2013","55.36","52.40","55.80","51.82","143.38K","+4.49%"
"08/22/2013","52.98","53.40","54.20","51.80","531.46K","-2.07%"
"08/21/2013","54.10","54.21","55.36","53.58","134.65K","+1.06%"
"08/20/2013","53.53","54.19","55.38","52.06","325.84K","-0.19%"
"08/19/2013","53.63","53.76","54.40","52.06","159.05K","-0.24%"
"08/16/2013","53.76","54.21","54.52","53.00","73.51K","-0.99%"
"08/14/2013","54.30","53.48","55.11","52.40","142.75K","+1.99%"
"08/13/2013","53.24","50.90","53.60","50.04","294.50K","+4.58%"
"08/12/2013","50.91","48.40","51.00","48.40","70.81K","+4.80%"
"08/08/2013","48.58","47.28","49.00","47.28","326.63K","+0.98%"
"08/07/2013","48.11","48.00","49.00","47.00","381.72K","-1.82%"
"08/06/2013","49.00","49.80","49.80","48.32","138.23K","-1.78%"
"08/05/2013","49.89","50.40","51.20","47.70","1.18M","-1.98%"
"08/02/2013","50.90","52.60","53.36","50.40","529.82K","-4.98%"
"08/01/2013","53.57","53.60","54.50","52.60","523.64K","-1.81%"
"07/31/2013","54.56","51.60","55.00","50.71","610.00K","+3.84%"
"07/30/2013","52.54","52.08","52.80","50.60","809.76K","-1.00%"
"07/29/2013","53.07","54.41","54.50","52.43","941.15K","-3.46%"
"07/26/2013","54.97","55.20","55.98","54.51","2.75M","-0.79%"
"07/25/2013","55.41","55.02","55.98","54.00","153.88K","-1.00%"
"07/24/2013","55.97","56.80","56.80","55.00","143.18K","-1.72%"
"07/23/2013","56.95","57.19","57.48","56.51","192.57K","-0.56%"
"07/22/2013","57.27","56.94","58.00","56.60","176.80K","+1.49%"
"07/19/2013","56.43","56.20","56.80","55.11","43.04K","-0.51%"
"07/18/2013","56.72","56.38","57.60","56.20","29.03K","-0.39%"
"07/17/2013","56.94","56.99","57.60","55.60","173.63K","-0.75%"
"07/16/2013","57.37","58.18","58.60","57.01","90.17K","-2.18%"
"07/15/2013","58.65","55.00","59.20","55.00","174.15K","+4.62%"
"07/12/2013","56.06","55.71","56.48","55.40","44.09K","+1.05%"
"07/11/2013","55.48","55.41","55.97","55.24","32.94K","+0.42%"
"07/10/2013","55.25","55.80","55.93","55.00","12.66K","-0.22%"
"07/09/2013","55.37","55.40","56.15","55.14","52.60K","+0.09%"
"07/08/2013","55.32","55.97","56.40","55.04","67.22K","-1.71%"
"07/05/2013","56.28","56.12","56.50","55.47","33.50K","+0.27%"
"07/04/2013","56.13","55.55","56.48","55.23","25.96K","+1.83%"
"07/03/2013","55.12","57.14","57.14","54.70","365.41K","-3.25%"
"07/02/2013","56.97","56.31","57.00","55.60","106.72K","-0.47%"
"07/01/2013","57.24","55.74","57.98","55.55","296.67K","+3.32%"
"06/28/2013","55.40","53.30","56.00","53.30","174.87K","+4.02%"
"06/27/2013","53.26","52.68","53.94","52.01","174.97K","+2.21%"
"06/26/2013","52.11","54.40","54.40","51.24","90.43K","-4.03%"
"06/25/2013","54.30","52.20","55.00","47.53","1.13M","+3.17%"
"06/24/2013","52.63","52.85","53.01","51.54","188.56K","-0.42%"
"06/21/2013","52.85","53.33","53.33","52.40","475.60K","-0.97%"
"06/20/2013","53.37","53.20","54.33","53.02","229.94K","-0.91%"
"06/19/2013","53.86","54.14","54.70","53.61","214.54K","-0.52%"
"06/18/2013","54.14","53.80","54.83","53.70","130.82K","+0.99%"
"06/17/2013","53.61","54.80","55.21","53.21","236.80K","-1.89%"
"06/14/2013","54.64","53.78","54.96","53.78","52.58K","+1.47%"
"06/13/2013","53.85","54.40","54.40","52.98","134.13K","-0.85%"
"06/12/2013","54.31","54.25","55.40","54.06","60.05K","-1.54%"
"06/11/2013","55.16","54.60","55.76","53.03","341.42K","+2.02%"
"06/10/2013","54.07","54.80","55.33","53.85","68.99K","-1.42%"
"06/07/2013","54.85","55.21","55.48","54.44","926.31K","-0.67%"
"06/06/2013","55.22","55.30","56.12","54.90","506.97K","-0.27%"
"06/05/2013","55.37","54.60","56.00","54.06","264.55K","+0.62%"
"06/04/2013","55.03","55.53","55.74","54.56","169.22K","-0.22%"
"06/03/2013","55.15","56.00","56.20","54.72","144.64K","-1.54%"
"05/31/2013","56.01","56.59","56.59","55.68","1.53M","-0.11%"
"05/30/2013","56.07","57.40","58.70","55.41","766.36K","+1.85%"
"05/29/2013","55.05","55.33","56.19","54.03","2.79M","+0.44%"
"05/28/2013","54.81","55.22","55.70","54.63","150.00K","-0.04%"
"05/27/2013","54.83","54.02","55.26","54.02","163.17K","+1.35%"
"05/24/2013","54.10","54.01","54.95","51.65","449.59K","+0.41%"
"05/23/2013","53.88","56.20","56.73","53.44","155.66K","-4.52%"
"05/22/2013","56.43","56.30","57.80","55.02","2.70M","+0.23%"
"05/21/2013","56.30","57.40","58.19","56.11","157.37K","-1.37%"
"05/20/2013","57.08","58.20","59.24","56.50","274.91K","-0.99%"
"05/17/2013","57.65","58.78","58.78","56.93","2.33M","-1.00%"
"05/16/2013","58.23","57.62","60.40","56.80","2.66M","+0.41%"
"05/15/2013","57.99","58.20","58.90","57.40","2.20M","+0.22%"
"05/14/2013","57.86","56.00","59.12","56.00","926.26K","+2.55%"
"05/13/2013","56.42","57.23","58.01","56.00","724.76K","-0.97%"
"05/10/2013","56.97","56.88","57.76","55.99","4.06M","+0.19%"
"05/09/2013","56.86","56.04","58.00","55.05","1.52M","+1.54%"
"05/08/2013","56.00","55.34","57.00","55.34","1.91M","+1.84%"
"05/07/2013","54.99","52.02","55.76","52.02","880.12K","+6.18%"
"05/06/2013","51.79","50.20","52.20","50.20","410.45K","+2.29%"
"05/03/2013","50.63","50.40","51.20","50.26","188.92K","+0.48%"
"05/02/2013","50.39","50.97","51.52","50.22","93.85K","-0.42%"
"04/30/2013","50.60","50.50","51.15","49.28","1.06M","+0.34%"
"04/29/2013","50.43","50.35","51.28","50.04","323.52K","-0.04%"
"04/26/2013","50.45","51.40","51.76","50.27","107.29K","-2.23%"
"04/25/2013","51.60","51.06","51.88","50.45","631.36K","+1.53%"
"04/23/2013","50.82","51.75","52.70","50.45","259.09K","-2.21%"
"04/22/2013","51.97","50.83","53.38","50.83","1.39M","-3.17%"
"04/18/2013","53.67","54.59","54.92","53.30","214.86K","-2.15%"
"04/17/2013","54.85","53.40","55.00","53.21","222.78K","+2.62%"
"04/16/2013","53.45","53.59","54.28","53.03","110.53K","-0.76%"
"04/15/2013","53.86","52.98","54.98","52.60","300.06K","+1.30%"
"04/12/2013","53.17","51.20","53.58","51.20","550.09K","+0.89%"
"04/11/2013","52.70","51.99","52.96","50.40","318.66K","+2.05%"
"04/10/2013","51.64","51.34","52.40","49.20","390.01K","+1.43%"
"04/09/2013","50.91","51.75","53.40","50.43","131.24K","-1.26%"
"04/08/2013","51.56","52.20","53.36","51.22","150.77K","-1.96%"
"04/05/2013","52.59","52.80","53.40","52.30","106.20K","-1.05%"
"04/04/2013","53.15","53.65","54.77","52.47","133.86K","-2.42%"
"04/03/2013","54.47","54.34","57.06","53.06","517.15K","-1.80%"
"04/02/2013","55.47","55.01","56.39","54.52","410.44K","+1.24%"
"04/01/2013","54.79","54.00","55.80","54.00","411.80K","+1.88%"
"03/28/2013","53.78","53.21","54.70","52.00","1.48M","+1.17%"
"03/26/2013","53.16","50.60","54.40","50.59","570.95K","+3.32%"
"03/25/2013","51.45","52.42","53.20","51.12","2.21M","-1.83%"
"03/22/2013","52.41","52.17","52.90","50.90","398.07K","+0.77%"
"03/21/2013","52.01","50.65","52.30","50.29","299.42K","+1.98%"
"03/20/2013","51.00","50.60","51.74","50.20","411.20K","-1.16%"
"03/19/2013","51.60","52.57","53.88","50.60","1.16M","-1.47%"
"03/18/2013","52.37","51.60","53.98","51.20","677.03K","+0.77%"
"03/15/2013","51.97","49.62","52.60","49.62","903.54K","+4.46%"
"03/14/2013","49.75","50.20","51.02","49.53","204.74K","-1.64%"
"03/13/2013","50.58","51.00","51.90","50.21","84.71K","-1.88%"
"03/12/2013","51.55","52.55","52.78","51.24","120.36K","-1.23%"
"03/11/2013","52.19","50.80","52.71","50.80","264.59K","+1.50%"
"03/08/2013","51.42","49.44","52.19","49.44","522.31K","+4.07%"
"03/07/2013","49.41","49.19","50.38","49.00","293.17K","-0.36%"
"03/06/2013","49.59","48.32","50.20","48.16","5.25M","+3.38%"
"03/05/2013","47.97","47.22","48.64","47.21","159.14K","+1.40%"
"03/04/2013","47.31","47.06","49.11","46.86","165.62K","-1.17%"
"03/01/2013","47.87","48.40","49.20","47.23","388.95K","-1.05%"
"02/28/2013","48.38","50.52","51.90","47.46","883.02K","-3.34%"
"02/27/2013","50.05","50.65","51.36","49.62","443.17K","-0.95%"
"02/26/2013","50.53","50.37","51.60","45.56","1.70M","-0.41%"
"02/25/2013","50.74","49.94","51.15","49.11","439.05K","+2.17%"
"02/22/2013","49.66","50.14","50.43","49.10","140.42K","-0.70%"
"02/21/2013","50.01","50.20","50.51","49.00","343.48K","-1.38%"
"02/20/2013","50.71","52.00","52.88","50.26","882.67K","-1.50%"
"02/19/2013","51.48","51.20","53.56","49.67","1.23M","+0.80%"
"02/18/2013","51.07","47.64","52.36","47.60","2.21M","+7.54%"
"02/15/2013","47.49","48.94","48.94","46.49","4.36M","-2.96%"
"02/14/2013","48.94","50.15","50.45","48.33","428.74K","-1.79%"
"02/13/2013","49.83","50.37","52.66","49.73","1.17M","-0.72%"
"02/12/2013","50.19","50.26","51.10","48.80","540.23K","-1.03%"
"02/11/2013","50.71","51.25","51.53","50.32","253.56K","-1.05%"
"02/08/2013","51.25","51.40","51.78","50.31","287.51K","-0.97%"
"02/07/2013","51.75","50.83","52.30","49.99","655.81K","+0.86%"
"02/06/2013","51.31","50.40","52.63","50.22","292.16K","+2.44%"
"02/05/2013","50.09","51.31","51.31","50.00","398.21K","-2.93%"
"02/04/2013","51.60","51.33","52.14","50.83","603.85K","+1.02%"
"02/01/2013","51.08","50.95","51.41","50.41","362.82K","+0.39%"
"01/31/2013","50.88","50.95","51.54","48.53","379.74K","+0.08%"
"01/30/2013","50.84","51.54","52.56","49.92","513.40K","-0.72%"
"01/29/2013","51.21","52.54","52.91","51.07","463.05K","-1.97%"
"01/28/2013","52.24","53.25","54.52","51.62","440.59K","-3.12%"
"01/25/2013","53.92","54.54","56.29","53.03","2.06M","-0.92%"
"01/24/2013","54.42","54.92","56.40","51.05","885.04K","-0.40%"
"01/23/2013","54.64","56.85","57.34","53.45","977.82K","-3.87%"
"01/22/2013","56.84","56.10","58.00","55.81","1.35M","+1.92%"
"01/21/2013","55.77","55.44","56.68","55.27","602.58K","+0.83%"
"01/18/2013","55.31","55.00","55.80","54.70","288.83K","+0.88%"
"01/17/2013","54.83","54.99","55.80","54.67","168.30K","-0.27%"
"01/16/2013","54.98","55.15","56.38","54.66","967.19K","-0.24%"
"01/15/2013","55.11","55.55","56.37","54.80","337.15K","-0.92%"
"01/14/2013","55.62","56.22","56.97","55.23","400.30K","-2.27%"
"01/11/2013","56.91","55.00","58.09","54.79","188.73K","-1.73%"
"01/10/2013","57.91","57.55","58.50","57.23","801.46K","+1.17%"
"01/09/2013","57.24","57.80","58.88","56.63","533.37K","-0.62%"
"01/08/2013","57.60","58.40","58.66","57.03","376.48K","-1.35%"
"01/07/2013","58.39","57.00","60.42","57.00","731.17K","+1.37%"
"01/04/2013","57.60","58.25","58.35","56.89","240.19K","-1.13%"
"01/03/2013","58.26","57.80","58.95","57.32","293.68K","+0.34%"
"01/02/2013","58.06","58.54","58.67","57.50","344.31K","-0.15%"
"01/01/2013","58.15","57.34","58.54","57.22","655.80K","+2.13%"
"12/31/2012","56.94","55.50","57.86","55.20","1.13M","+2.84%"
"12/28/2012","55.37","54.25","55.92","54.25","711.81K","+2.27%"
"12/27/2012","54.14","54.60","55.60","54.03","420.41K","-0.55%"
"12/26/2012","54.44","55.00","55.98","54.22","491.27K","-0.86%"
"12/24/2012","54.91","56.11","56.70","54.62","615.51K","-1.91%"
"12/21/2012","55.98","59.00","59.86","55.25","677.69K","-6.47%"
"12/20/2012","59.85","60.01","60.71","59.40","624.57K","-0.61%"
"12/19/2012","60.22","59.80","61.36","59.30","1.49M","+2.00%"
"12/18/2012","59.04","54.13","60.71","54.13","2.42M","+7.25%"
"12/17/2012","55.05","55.02","55.50","53.60","466.09K","-0.38%"
"12/14/2012","55.26","55.09","55.80","55.00","192.48K","+0.42%"
"12/13/2012","55.03","55.07","55.80","54.69","244.57K","+0.07%"
"12/12/2012","54.99","53.28","55.87","53.28","705.45K","+1.65%"
"12/11/2012","54.10","55.00","56.00","53.64","315.20K","-2.03%"
"12/10/2012","55.22","55.94","55.94","54.86","340.65K","-0.95%"
"12/07/2012","55.75","55.01","56.80","55.00","486.36K","+1.27%"
"12/06/2012","55.05","56.09","56.29","54.36","525.86K","-1.41%"
"12/05/2012","55.84","55.60","57.78","55.31","634.04K","-0.48%"
"12/04/2012","56.11","55.13","56.89","55.00","601.77K","+0.94%"
"12/03/2012","55.59","53.20","55.96","53.20","759.80K","+2.34%"
"11/30/2012","54.32","54.35","55.39","54.00","601.15K","+0.26%"
"11/29/2012","54.18","54.14","55.62","53.75","1.04M","+0.30%"
"11/27/2012","54.02","53.34","54.35","53.20","1.11M","+1.52%"
"11/26/2012","53.21","52.21","54.68","52.21","1.25M","+2.15%"
"11/23/2012","52.09","52.00","52.80","51.00","442.96K","+0.27%"
"11/22/2012","51.95","52.60","53.30","51.40","551.22K","-1.12%"
"11/21/2012","52.54","51.70","53.13","50.05","973.44K","+1.62%"
"11/20/2012","51.70","53.58","53.60","51.40","827.06K","-2.60%"
"11/19/2012","53.08","53.60","55.00","52.38","1.60M","+0.15%"
"11/16/2012","53.00","51.27","54.74","50.48","2.80M","+4.00%"
"11/15/2012","50.96","48.18","51.98","47.50","1.94M","+5.70%"
"11/13/2012","48.21","48.53","48.85","47.81","138.48K","-0.41%"
"11/12/2012","48.41","48.09","49.74","47.28","802.61K","+1.40%"
"11/09/2012","47.74","47.97","48.53","47.49","622.03K","+0.40%"
"11/08/2012","47.55","47.83","48.50","47.31","423.18K","-2.32%"
"11/07/2012","48.68","47.83","49.00","47.51","1.29M","+1.78%"
"11/06/2012","47.83","47.00","48.35","46.77","1.04M","+1.59%"
"11/05/2012","47.08","46.64","47.62","46.60","332.13K","-0.32%"
"11/02/2012","47.23","47.54","48.20","46.84","492.67K","-0.04%"
"11/01/2012","47.25","46.95","47.88","46.42","911.61K","+0.77%"
"10/31/2012","46.89","46.28","47.00","45.70","794.97K","+1.93%"
"10/30/2012","46.00","44.98","47.38","44.95","925.93K","+2.18%"
"10/29/2012","45.02","46.18","46.80","44.64","722.73K","-2.72%"
"10/26/2012","46.28","46.86","48.20","45.95","420.21K","-2.45%"
"10/25/2012","47.44","47.20","47.75","46.80","671.72K","+0.76%"
"10/23/2012","47.08","46.90","47.75","46.50","594.76K","+1.23%"
"10/22/2012","46.51","46.60","48.56","46.06","1.18M","-0.53%"
"10/19/2012","46.76","48.80","49.34","46.26","1.49M","-4.14%"
"10/18/2012","48.78","47.80","49.93","47.00","6.20M","+3.85%"
"10/17/2012","46.97","44.23","48.19","44.23","1.64M","+5.69%"
"10/16/2012","44.44","43.66","45.18","43.52","498.08K","+2.47%"
"10/15/2012","43.37","44.60","44.94","43.20","494.48K","-2.58%"
"10/12/2012","44.52","44.25","45.98","43.80","563.29K","+0.68%"
"10/11/2012","44.22","43.60","44.46","42.40","1.26M","+1.77%"
"10/10/2012","43.45","44.42","44.70","43.32","317.54K","-3.19%"
"10/09/2012","44.88","44.66","45.33","44.06","338.85K","+1.10%"
"10/08/2012","44.39","44.80","45.30","44.20","402.92K","-0.65%"
"10/05/2012","44.68","47.27","47.29","44.22","1.20M","-5.14%"
"10/04/2012","47.10","46.05","48.10","46.05","1.21M","+1.33%"
"10/03/2012","46.48","46.89","47.38","45.74","1.19M","-0.28%"
"10/01/2012","46.61","45.37","47.56","44.80","2.27M","+2.89%"
"09/28/2012","45.30","44.60","46.37","43.80","2.61M","+2.10%"
"09/27/2012","44.37","43.54","44.76","43.24","779.54K","+2.47%"
"09/26/2012","43.30","43.40","44.38","43.20","483.92K","-0.73%"
"09/25/2012","43.62","43.22","44.46","43.22","492.56K","-1.02%"
"09/24/2012","44.07","44.14","44.34","43.30","1.09M","+0.11%"
"09/21/2012","44.02","43.33","44.32","43.24","762.45K","+1.99%"
"09/20/2012","43.16","43.29","43.78","42.82","547.58K","-2.26%"
"09/18/2012","44.16","44.27","45.57","43.02","1.61M","+0.32%"
"09/17/2012","44.02","45.11","45.91","42.88","4.70M","+0.73%"
"09/14/2012","43.70","43.07","44.98","42.80","4.07M","+2.58%"
"09/13/2012","42.60","44.62","45.35","42.22","4.33M","-2.81%"
"09/12/2012","43.83","42.69","44.48","42.48","6.34M","+3.13%"
"09/11/2012","42.50","42.53","43.57","41.93","3.36M","-0.26%"
"09/10/2012","42.61","42.95","43.54","42.31","1.71M","+2.30%"
"09/07/2012","41.65","43.52","43.52","41.07","5.55M","-2.25%"
"09/06/2012","42.61","40.00","44.57","39.40","9.94M","+6.98%"
"09/05/2012","39.83","38.00","40.15","37.99","3.41M","+4.19%"
"09/04/2012","38.23","36.95","38.91","36.54","1.77M","+3.74%"
"09/03/2012","36.85","36.38","37.28","35.80","595.60K","+1.18%"
"08/31/2012","36.42","35.74","37.20","35.00","1.21M","+1.62%"
"08/30/2012","35.84","35.00","37.18","34.60","2.19M","+2.96%"
"08/29/2012","34.81","35.08","35.14","34.06","166.31K","-0.34%"
"08/28/2012","34.93","35.05","35.32","34.30","183.21K","-0.26%"
"08/27/2012","35.02","35.42","35.98","35.02","1.06M","-1.82%"
"08/24/2012","35.67","36.49","36.80","35.50","421.10K","-2.83%"
"08/23/2012","36.71","36.23","37.96","35.40","3.98M","+3.06%"
"08/22/2012","35.62","36.66","36.86","35.19","448.76K","-4.07%"
"08/21/2012","37.13","36.99","37.60","36.08","975.29K","+0.87%"
"08/17/2012","36.81","37.15","37.20","36.60","1.05M","-0.24%"
"08/16/2012","36.90","37.37","38.01","36.75","300.20K","-0.59%"
"08/14/2012","37.12","36.40","37.38","36.04","241.25K","+2.37%"
"08/13/2012","36.26","36.37","36.98","35.50","343.41K","+0.30%"
"08/10/2012","36.15","36.80","37.40","35.84","313.59K","-1.34%"
"08/09/2012","36.64","36.80","37.30","36.02","395.32K","-0.81%"
"08/08/2012","36.94","37.56","38.38","35.53","482.90K","-1.34%"
"08/07/2012","37.44","37.56","37.77","37.20","325.33K","-0.11%"
"08/06/2012","37.48","37.34","38.18","37.00","611.01K","+1.24%"
"08/03/2012","37.02","36.79","37.36","36.55","349.19K","+0.05%"
"08/02/2012","37.00","37.30","37.65","36.82","235.22K","-1.60%"
"08/01/2012","37.60","37.30","37.85","37.24","361.12K","-0.48%"
"07/31/2012","37.78","37.64","38.20","36.88","586.22K","+1.50%"
"07/30/2012","37.22","36.84","37.95","36.84","507.87K","+0.68%"
"07/27/2012","36.97","39.00","39.01","36.80","675.51K","-4.40%"
"07/26/2012","38.67","39.39","39.40","36.40","692.72K","-1.40%"
"07/25/2012","39.22","39.02","39.72","38.60","626.30K","-0.33%"
"07/24/2012","39.35","40.64","41.60","39.20","1.60M","-1.50%"
"07/23/2012","39.95","39.40","40.88","38.71","2.08M","+0.86%"
"07/20/2012","39.61","39.20","40.00","39.20","1.12M","+1.17%"
"07/19/2012","39.15","37.99","39.96","37.29","1.21M","+3.68%"
"07/18/2012","37.76","38.20","38.34","37.00","546.58K","-0.79%"
"07/17/2012","38.06","39.25","39.60","37.91","626.42K","-1.96%"
"07/16/2012","38.82","39.36","40.00","38.46","772.98K","-0.77%"
"07/13/2012","39.12","39.40","40.67","38.64","1.83M","-0.33%"
"07/12/2012","39.25","38.80","40.08","37.90","1.13M","+0.56%"
"07/11/2012","39.03","39.24","40.28","38.80","1.14M","-0.28%"
"07/10/2012","39.14","40.20","41.18","38.66","2.93M","-2.13%"
"07/09/2012","39.99","37.41","40.77","37.03","2.12M","+5.93%"
"07/06/2012","37.75","38.08","38.30","37.45","322.44K","-0.24%"
"07/05/2012","37.84","37.60","38.34","37.30","683.66K","+1.23%"
"07/04/2012","37.38","35.92","38.78","35.63","2.73M","+4.38%"
"07/03/2012","35.81","35.78","36.56","35.54","335.29K","+0.48%"
"07/02/2012","35.64","35.52","36.59","35.40","199.38K","-0.08%"
"06/29/2012","35.67","34.68","36.30","34.68","339.23K","+0.68%"
"06/28/2012","35.43","34.43","35.76","34.06","438.33K","+3.26%"
"06/27/2012","34.31","34.55","34.90","34.14","145.03K","-0.17%"
"06/26/2012","34.37","34.77","35.34","34.11","298.63K","-1.49%"
"06/25/2012","34.89","34.86","35.35","34.64","687.31K","+0.09%"
"06/22/2012","34.86","34.80","35.40","34.40","215.50K","-0.43%"
"06/21/2012","35.01","33.00","35.54","33.00","822.87K","+0.00%"
"06/20/2012","35.01","35.20","35.70","34.74","464.90K","+0.11%"
"06/19/2012","34.97","35.11","35.51","34.60","199.57K","-0.09%"
"06/18/2012","35.00","35.33","36.10","34.87","264.80K","-0.60%"
"06/15/2012","35.21","35.99","36.97","34.64","943.85K","-1.68%"
"06/14/2012","35.81","36.80","37.15","35.51","583.16K","-2.69%"
"06/13/2012","36.80","35.65","37.38","35.60","1.71M","+3.69%"
"06/12/2012","35.49","33.95","35.72","33.95","628.53K","+2.75%"
"06/11/2012","34.54","34.15","35.71","34.15","1.29M","+1.95%"
"06/08/2012","33.88","34.80","34.93","33.36","446.57K","-2.89%"
"06/07/2012","34.89","34.67","35.52","34.19","685.49K","+1.90%"
"06/06/2012","34.24","33.85","34.85","33.54","506.11K","+1.15%"
"06/05/2012","33.85","32.78","34.24","32.42","1.96M","+4.09%"
"06/04/2012","32.52","32.00","32.70","31.00","140.99K","+0.43%"
"06/01/2012","32.38","32.70","33.58","32.25","114.95K","-1.52%"
"05/31/2012","32.88","32.99","33.08","32.19","197.19K","-0.93%"
"05/30/2012","33.19","34.00","34.06","32.92","93.85K","-2.73%"
"05/29/2012","34.12","34.54","34.54","33.50","154.24K","-0.64%"
"05/28/2012","34.34","34.15","35.13","34.15","336.96K","+0.88%"
"05/25/2012","34.04","33.02","34.32","33.02","250.34K","+1.95%"
"05/24/2012","33.39","32.77","33.58","32.77","179.36K","+2.17%"
"05/23/2012","32.68","33.00","33.17","32.45","808.53K","-1.92%"
"05/22/2012","33.32","34.80","35.16","32.98","510.05K","-2.34%"
"05/21/2012","34.12","33.01","34.70","32.80","494.06K","+3.74%"
"05/18/2012","32.89","32.20","33.70","32.17","315.01K","-1.08%"
"05/17/2012","33.25","33.47","34.20","33.12","203.62K","+0.39%"
"05/16/2012","33.12","32.70","33.75","32.70","228.31K","-2.39%"
"05/15/2012","33.93","32.76","34.36","32.46","646.64K","+1.86%"
"05/14/2012","33.31","33.40","33.91","32.73","724.10K","+0.18%"
"05/11/2012","33.25","34.30","34.56","32.91","1.03M","-3.23%"
"05/10/2012","34.36","32.94","34.86","32.41","1.59M","+4.98%"
"05/09/2012","32.73","33.60","34.40","32.31","555.93K","-2.50%"
"05/08/2012","33.57","33.40","35.40","33.27","1.29M","+0.99%"
"05/07/2012","33.24","33.95","34.12","32.54","1.20M","-3.96%"
"05/04/2012","34.61","36.77","37.65","33.80","2.99M","-6.33%"
"05/03/2012","36.95","37.00","38.10","35.54","9.03M","-0.40%"
"05/02/2012","37.10","31.35","37.35","31.35","14.87M","+19.18%"
"04/30/2012","31.13","32.60","32.60","30.92","767.17K","-0.54%"
"04/27/2012","31.30","31.14","31.78","31.00","837.18K","+1.10%"
"04/26/2012","30.96","31.80","31.80","30.60","519.47K","+0.06%"
"04/25/2012","30.94","31.26","31.80","30.62","400.93K","-1.56%"
"04/24/2012","31.43","32.29","32.74","31.24","386.10K","-2.06%"
"04/23/2012","32.09","33.51","34.08","31.49","1.03M","-4.58%"
"04/20/2012","33.63","34.75","34.81","33.22","391.24K","-3.31%"
"04/19/2012","34.78","34.33","35.37","34.22","1.13M","+2.20%"
"04/18/2012","34.03","33.07","34.59","33.07","1.14M","+3.94%"
"04/17/2012","32.74","33.00","33.74","32.56","450.98K","-1.06%"
"04/16/2012","33.09","32.70","33.50","32.21","274.40K","-0.03%"
"04/13/2012","33.10","32.00","33.32","31.97","1.49M","+4.35%"
"04/12/2012","31.72","33.72","34.36","31.21","2.74M","-6.95%"
"04/11/2012","34.09","35.00","35.36","33.60","453.32K","-3.86%"
"04/10/2012","35.46","35.90","36.35","34.69","669.70K","-1.23%"
"04/09/2012","35.90","35.20","36.80","34.95","691.56K","+0.70%"
"04/04/2012","35.65","36.49","36.98","35.51","936.43K","-2.17%"
"04/03/2012","36.44","35.59","38.78","35.59","4.37M","+2.73%"
"04/02/2012","35.47","33.18","35.90","33.03","1.62M","+7.52%"
"03/30/2012","32.99","32.75","33.59","32.40","846.13K","+1.32%"
"03/29/2012","32.56","32.60","32.98","32.22","426.65K","-1.03%"
"03/28/2012","32.90","32.05","33.10","32.02","343.69K","+1.36%"
"03/27/2012","32.46","33.03","33.31","31.91","591.81K","-1.19%"
"03/26/2012","32.85","32.96","33.30","32.33","354.14K","+0.12%"
"03/23/2012","32.81","32.77","33.18","32.12","451.37K","+0.43%"
"03/22/2012","32.67","33.55","34.30","32.39","684.97K","-2.91%"
"03/21/2012","33.65","33.00","33.99","32.61","902.14K","+2.65%"
"03/20/2012","32.78","33.60","34.00","30.42","770.19K","-2.12%"
"03/19/2012","33.49","32.48","33.80","31.90","1.24M","+3.94%"
"03/16/2012","32.22","32.62","34.74","31.24","2.36M","-1.50%"
"03/15/2012","32.71","34.08","34.48","32.07","1.08M","-3.94%"
"03/14/2012","34.05","34.96","35.27","33.60","795.41K","-1.90%"
"03/13/2012","34.71","36.50","36.85","34.25","2.40M","-3.21%"
"03/12/2012","35.86","35.65","37.59","29.00","128.80M","+0.79%"
"03/09/2012","35.58","35.40","36.17","34.72","898.47K","+1.31%"
"03/07/2012","35.12","35.60","35.96","34.30","1.76M","-0.40%"
"03/06/2012","35.26","34.07","35.94","33.98","2.14M","+3.49%"
"03/05/2012","34.07","34.00","35.26","33.06","1.47M","-0.23%"
"03/02/2012","34.15","35.60","35.68","33.98","2.53M","-1.24%"
"03/01/2012","34.58","33.40","35.00","33.28","2.83M","+3.94%"
"02/29/2012","33.27","31.60","33.80","31.20","2.19M","+8.05%"
"02/28/2012","30.79","30.56","31.92","30.40","1.18M","+1.22%"
"02/27/2012","30.42","31.39","31.49","29.40","515.37K","-2.56%"
"02/24/2012","31.22","31.02","32.07","30.30","1.24M","+1.59%"
"02/23/2012","30.73","32.18","32.19","30.30","1.67M","-4.80%"
"02/22/2012","32.28","33.40","33.44","32.02","2.35M","-2.68%"
"02/21/2012","33.17","33.43","34.30","32.85","870.22K","-1.04%"
"02/17/2012","33.52","33.88","34.70","33.37","2.22M","+0.24%"
"02/16/2012","33.44","34.00","34.80","33.02","1.98M","-2.25%"
"02/15/2012","34.21","34.24","34.80","33.64","1.14M","+0.21%"
"02/14/2012","34.14","34.40","35.28","33.22","3.26M","+0.71%"
"02/13/2012","33.90","35.96","38.76","32.63","8.57M","-7.98%"
"02/10/2012","36.84","33.79","37.78","32.51","9.78M","+10.86%"
"02/09/2012","33.23","30.40","34.56","30.00","2.71M","+8.49%"
"02/08/2012","30.63","29.70","31.20","29.05","1.02M","+3.31%"
"02/07/2012","29.65","30.60","30.60","28.90","1.63M","-2.44%"
"02/06/2012","30.39","30.40","30.78","29.63","1.52M","+3.76%"
"02/03/2012","29.29","28.30","30.34","28.30","4.07M","+3.98%"
"02/02/2012","28.17","27.73","28.59","27.01","1.44M","+2.29%"
"02/01/2012","27.54","27.63","27.88","27.00","505.58K","+0.33%"
"01/31/2012","27.45","26.60","27.92","26.60","1.81M","+4.10%"
"01/30/2012","26.37","26.60","27.80","26.02","2.98M","-1.09%"
"01/27/2012","26.66","26.60","27.20","26.42","2.57M","+0.41%"
"01/25/2012","26.55","26.20","27.00","26.19","854.63K","+0.80%"
"01/24/2012","26.34","27.35","27.68","26.00","1.24M","-3.59%"
"01/23/2012","27.32","27.22","27.95","26.60","2.07M","+0.55%"
"01/20/2012","27.17","28.02","28.34","26.72","2.83M","-2.09%"
"01/19/2012","27.75","27.90","29.36","27.00","8.19M","+1.43%"
"01/18/2012","27.36","24.82","28.28","24.50","9.64M","+8.74%"
"01/17/2012","25.16","26.62","26.76","24.90","4.69M","-4.88%"
"01/16/2012","26.45","24.45","28.30","24.45","26.37M","+11.32%"
"01/13/2012","23.76","22.87","24.96","22.86","10.78M","+4.39%"
"01/12/2012","22.76","23.02","23.60","22.60","4.34M","-0.87%"
"01/11/2012","22.96","23.40","23.56","22.85","326.42K","-1.42%"
"01/10/2012","23.29","22.99","23.88","22.87","459.85K","+1.97%"
"01/09/2012","22.84","22.67","23.20","22.40","315.01K","+2.06%"
"01/06/2012","22.38","22.95","22.96","21.91","679.25K","-1.89%"
"01/05/2012","22.81","23.25","23.76","22.70","327.47K","-1.89%"
"01/04/2012","23.25","24.11","24.11","23.07","434.76K","-3.61%"
"01/03/2012","24.12","22.43","24.77","22.40","3.03M","+8.31%"
"01/02/2012","22.27","22.09","22.38","22.02","248.59K","+0.81%"
"12/30/2011","22.09","22.23","22.98","21.70","250.92K","-1.43%"
"12/29/2011","22.41","22.40","22.58","21.84","153.08K","-1.32%"
"12/28/2011","22.71","22.46","22.79","22.35","265.65K","+0.00%"
"12/27/2011","22.71","22.63","22.80","22.25","309.92K","+0.35%"
"12/26/2011","22.63","22.45","22.76","22.27","1.02M","+1.71%"
"12/23/2011","22.25","22.90","23.19","22.11","684.56K","-1.81%"
"12/22/2011","22.66","22.13","23.04","22.10","977.29K","+0.53%"
"12/21/2011","22.54","22.77","22.90","22.35","428.26K","+0.67%"
"12/20/2011","22.39","22.20","22.61","21.85","986.61K","+1.31%"
"12/19/2011","22.10","23.20","23.40","20.80","1.49M","-2.21%"
"12/16/2011","22.60","22.72","22.84","22.02","1.09M","+0.27%"
"12/15/2011","22.54","22.51","22.80","21.80","928.31K","-1.18%"
"12/14/2011","22.81","23.20","23.42","22.40","3.57M","+0.88%"
"12/13/2011","22.61","20.60","24.20","20.60","5.07M","+2.08%"
"12/12/2011","22.15","22.70","23.34","21.86","1.32M","-2.03%"
"12/09/2011","22.61","21.99","23.12","21.97","690.58K","-1.27%"
"12/08/2011","22.90","23.59","24.10","20.60","1.46M","-5.25%"
"12/07/2011","24.17","24.00","24.68","23.63","2.43M","+1.47%"
"12/05/2011","23.82","23.04","24.20","22.47","2.76M","+3.39%"
"12/02/2011","23.04","22.34","24.09","22.02","10.10M","+7.56%"
"12/01/2011","21.42","21.10","24.54","21.03","1.00M","+3.53%"
"11/30/2011","20.69","21.37","21.37","20.42","664.49K","-2.86%"
"11/29/2011","21.30","21.78","22.70","21.04","1.70M","-1.07%"
"11/28/2011","21.53","21.20","21.96","20.90","731.98K","+4.06%"
"11/25/2011","20.69","20.60","21.60","20.20","349.88K","-0.24%"
"11/24/2011","20.74","21.00","21.44","20.12","770.21K","-1.14%"
"11/23/2011","20.98","21.40","21.58","20.00","612.75K","-3.01%"
"11/22/2011","21.63","21.42","21.80","21.20","975.27K","+0.93%"
"11/21/2011","21.43","21.41","22.37","20.51","585.67K","-2.55%"
"11/18/2011","21.99","22.40","22.90","21.20","1.44M","-2.14%"
"11/17/2011","22.47","24.08","24.08","22.02","1.96M","-4.75%"
"11/16/2011","23.59","23.00","24.40","22.13","1.42M","+2.74%"
"11/15/2011","22.96","22.86","23.41","22.27","1.52M","-2.79%"
"11/14/2011","23.62","23.67","23.98","22.93","1.33M","-1.05%"
"11/11/2011","23.87","23.45","24.29","23.08","1.31M","+1.88%"
"11/09/2011","23.43","24.48","24.64","23.26","619.34K","-3.46%"
"11/08/2011","24.27","24.62","24.98","23.62","1.58M","+0.25%"
"11/04/2011","24.21","23.10","24.68","22.85","2.41M","+6.00%"
"11/03/2011","22.84","23.33","23.61","22.50","393.49K","-1.81%"
"11/02/2011","23.26","23.08","23.60","22.80","1.60M","-0.04%"
"11/01/2011","23.27","23.40","23.94","22.60","946.95K","-2.02%"
"10/31/2011","23.75","23.46","23.93","22.92","1.02M","+1.80%"
"10/28/2011","23.33","24.72","25.10","23.20","2.53M","+5.33%"
"10/25/2011","22.15","23.08","23.08","20.62","1.77M","-3.15%"
"10/24/2011","22.87","23.97","24.33","22.60","1.12M","-1.80%"
"10/21/2011","23.29","24.03","24.76","23.04","982.02K","-4.43%"
"10/20/2011","24.37","23.61","24.88","23.30","1.97M","+0.04%"
"10/19/2011","24.36","23.61","25.19","23.10","4.23M","+3.79%"
"10/18/2011","23.47","24.51","24.51","22.51","5.30M","-5.82%"
"10/17/2011","24.92","24.40","26.94","24.32","15.55M","+1.76%"
"10/14/2011","24.49","20.62","24.50","20.43","35.16M","+19.99%"
"10/13/2011","20.41","18.94","21.99","18.61","29.60M","+10.98%"
"10/12/2011","18.39","16.67","19.26","16.67","2.38M","+6.24%"
"10/11/2011","17.31","17.36","17.96","16.80","228.03K","+0.58%"
"10/10/2011","17.21","16.47","17.48","16.47","223.37K","+1.89%"
"10/07/2011","16.89","16.30","17.36","16.30","521.11K","+4.52%"
"10/05/2011","16.16","16.70","16.86","16.08","174.76K","-2.94%"
"10/04/2011","16.65","16.61","16.94","16.43","373.45K","-1.25%"
"10/03/2011","16.86","17.01","17.10","16.58","226.64K","-2.71%"
"09/30/2011","17.33","18.04","18.41","17.12","831.56K","-3.51%"
"09/29/2011","17.96","18.94","18.95","17.80","720.19K","-4.87%"
"09/28/2011","18.88","20.68","21.18","18.60","3.09M","-8.08%"
"09/27/2011","20.54","18.14","21.21","18.03","5.57M","+16.24%"
"09/26/2011","17.67","16.61","17.80","16.49","558.65K","+6.90%"
"09/23/2011","16.53","16.42","16.77","15.72","113.31K","-1.02%"
"09/22/2011","16.70","17.50","17.58","16.52","151.06K","-5.65%"
"09/21/2011","17.70","17.70","17.88","17.32","380.44K","+0.57%"
"09/20/2011","17.60","17.50","17.71","17.20","294.32K","+0.34%"
"09/19/2011","17.54","17.25","17.80","16.79","537.72K","+1.50%"
"09/16/2011","17.28","16.25","18.09","16.10","3.30M","+7.60%"
"09/15/2011","16.06","16.46","16.46","16.00","53.40K","-0.86%"
"09/14/2011","16.20","16.59","16.60","16.00","115.64K","-1.10%"
"09/13/2011","16.38","16.56","16.65","16.22","230.68K","-0.73%"
"09/12/2011","16.50","16.38","16.96","16.20","85.41K","-0.66%"
"09/09/2011","16.61","17.00","17.00","16.33","192.85K","-1.31%"
"09/08/2011","16.83","18.00","18.01","16.66","305.14K","-4.32%"
"09/07/2011","17.59","17.14","18.00","17.14","396.36K","+3.05%"
"09/06/2011","17.07","17.30","17.50","16.62","155.18K","+0.12%"
"09/05/2011","17.05","16.99","17.58","16.61","115.16K","-1.56%"
"09/02/2011","17.32","17.75","17.85","17.12","80.31K","-1.98%"
"08/30/2011","17.67","17.42","17.78","17.31","45.35K","+1.90%"
"08/29/2011","17.34","17.21","17.48","16.90","50.48K","+2.54%"
"08/26/2011","16.91","16.69","17.20","16.20","104.53K","-0.24%"
"08/25/2011","16.95","17.10","17.58","16.80","43.37K","+0.00%"
"08/24/2011","16.95","17.80","17.80","16.80","63.88K","-3.31%"
"08/23/2011","17.53","17.60","17.80","16.85","138.77K","+4.47%"
"08/22/2011","16.78","15.81","17.60","15.44","175.07K","+6.61%"
"08/19/2011","15.74","16.31","16.80","15.49","293.05K","-7.85%"
"08/18/2011","17.08","17.18","17.39","16.51","96.45K","-1.84%"
"08/17/2011","17.40","18.20","18.20","16.12","356.90K","-2.90%"
"08/16/2011","17.92","18.81","19.00","17.32","185.58K","-4.17%"
"08/12/2011","18.70","19.01","19.20","18.56","169.57K","-2.60%"
"08/11/2011","19.20","19.44","19.60","18.90","289.71K","-2.78%"
"08/10/2011","19.75","19.87","20.40","19.20","185.59K","+0.41%"
"08/09/2011","19.67","18.83","19.96","18.50","184.15K","+1.18%"
"08/08/2011","19.44","19.99","20.09","18.90","307.20K","-4.14%"
"08/05/2011","20.28","20.80","20.80","19.65","186.82K","-3.38%"
"08/04/2011","20.99","21.71","21.98","20.82","151.16K","-2.87%"
"08/03/2011","21.61","21.82","21.95","21.16","82.05K","-0.96%"
"08/02/2011","21.82","22.14","22.17","21.55","84.83K","-1.58%"
"08/01/2011","22.17","22.56","22.90","22.13","91.34K","+0.14%"
"07/29/2011","22.14","23.30","23.30","22.05","118.28K","-2.04%"
"07/28/2011","22.60","22.84","23.08","22.52","105.21K","-2.21%"
"07/27/2011","23.11","23.00","23.23","22.85","46.39K","+0.48%"
"07/26/2011","23.00","23.46","23.46","22.68","144.53K","-1.96%"
"07/25/2011","23.46","22.71","23.91","22.71","468.72K","+2.40%"
"07/22/2011","22.91","22.54","23.00","22.54","233.84K","+2.37%"
"07/21/2011","22.38","22.86","23.14","22.32","136.56K","-2.27%"
"07/20/2011","22.90","23.35","23.35","22.83","162.15K","-0.39%"
"07/19/2011","22.99","23.32","23.52","22.85","679.06K","+0.17%"
"07/18/2011","22.95","23.18","24.20","22.82","1.56M","+1.15%"
"07/15/2011","22.69","23.05","23.14","22.62","64.88K","-0.26%"
"07/14/2011","22.75","22.76","23.40","22.70","268.48K","-0.39%"
"07/13/2011","22.84","22.89","23.96","22.44","444.65K","+1.51%"
"07/12/2011","22.50","22.66","22.95","22.41","93.48K","-1.53%"
"07/11/2011","22.85","23.04","23.56","22.71","85.88K","-1.25%"
"07/08/2011","23.14","23.45","24.10","23.06","332.38K","-2.94%"
"07/07/2011","23.84","23.13","24.52","23.12","302.21K","+1.79%"
"07/06/2011","23.42","24.34","24.34","23.20","215.76K","-2.34%"
"07/05/2011","23.98","24.29","24.53","23.84","135.34K","-1.60%"
"07/04/2011","24.37","24.74","24.94","24.02","3.72M","-0.04%"
"07/01/2011","24.38","25.00","25.34","24.20","294.84K","-0.97%"
"06/30/2011","24.62","24.20","25.30","24.20","2.08M","+1.90%"
"06/29/2011","24.16","22.60","24.59","22.54","641.74K","+6.90%"
"06/28/2011","22.60","22.36","22.85","22.12","89.83K","+1.71%"
"06/27/2011","22.22","22.40","22.68","21.91","180.92K","-1.07%"
"06/24/2011","22.46","22.40","22.98","22.02","199.17K","+1.58%"
"06/23/2011","22.11","21.88","22.60","21.26","169.05K","+1.28%"
"06/22/2011","21.83","22.61","22.61","21.60","86.34K","-2.06%"
"06/21/2011","22.29","22.78","22.98","22.12","117.78K","-1.15%"
"06/20/2011","22.55","23.10","23.10","20.70","630.67K","-1.96%"
"06/17/2011","23.00","23.00","23.60","22.62","339.81K","+1.37%"
"06/16/2011","22.69","23.50","23.62","22.56","158.64K","-2.58%"
"06/15/2011","23.29","22.99","24.52","22.83","1.39M","+1.53%"
"06/14/2011","22.94","22.78","23.28","22.41","210.62K","+2.46%"
"06/13/2011","22.39","22.60","22.99","22.25","50.27K","-2.44%"
"06/10/2011","22.95","22.20","23.34","22.11","451.37K","+3.47%"
"06/09/2011","22.18","22.40","22.70","22.10","78.26K","-1.25%"
"06/08/2011","22.46","22.02","22.78","22.00","377.98K","+2.00%"
"06/07/2011","22.02","21.84","22.50","21.82","836.17K","+0.78%"
"06/06/2011","21.85","22.40","22.50","21.73","128.12K","-2.19%"
"06/03/2011","22.34","23.16","23.18","22.22","183.00K","-1.93%"
"06/02/2011","22.78","22.00","23.20","21.61","262.41K","+1.88%"
"06/01/2011","22.36","22.60","22.80","22.25","142.19K","+0.72%"
"05/31/2011","22.20","22.80","23.17","22.00","458.92K","-2.12%"
"05/30/2011","22.68","22.80","23.18","22.40","164.17K","-0.44%"
"05/27/2011","22.78","22.00","23.58","22.00","212.08K","+0.53%"
"05/26/2011","22.66","21.96","22.96","21.96","447.32K","+2.95%"
"05/25/2011","22.01","22.38","22.58","21.80","256.39K","-1.12%"
"05/24/2011","22.26","21.50","22.59","21.42","828.87K","+4.36%"
"05/23/2011","21.33","21.56","21.60","20.62","243.46K","-0.93%"
"05/20/2011","21.53","21.41","21.70","21.12","196.57K","+0.61%"
"05/19/2011","21.40","21.61","21.96","21.30","194.26K","-0.42%"
"05/18/2011","21.49","22.09","22.09","21.38","242.34K","-1.65%"
"05/17/2011","21.85","22.40","22.79","21.28","311.81K","-1.84%"
"05/16/2011","22.26","22.58","22.84","22.12","246.18K","-1.11%"
"05/13/2011","22.51","22.26","23.52","22.10","736.05K","-0.09%"
"05/12/2011","22.53","23.30","23.30","22.38","502.59K","-3.30%"
"05/11/2011","23.30","24.48","25.00","23.05","2.49M","-2.59%"
"05/10/2011","23.92","22.08","25.11","22.08","2.63M","+5.05%"
"05/09/2011","22.77","22.80","23.18","22.53","215.63K","+0.53%"
"05/06/2011","22.65","22.61","23.26","22.49","218.67K","+1.21%"
"05/05/2011","22.38","23.50","23.80","22.08","170.92K","-4.60%"
"05/04/2011","23.46","23.20","23.75","22.86","150.58K","-0.59%"
"05/03/2011","23.60","23.34","24.00","22.21","431.95K","-0.30%"
"05/02/2011","23.67","25.04","25.05","22.50","566.04K","-4.05%"
"04/29/2011","24.67","24.62","25.18","24.01","444.62K","-0.36%"
"04/28/2011","24.76","25.68","25.68","24.61","358.94K","-1.82%"
"04/27/2011","25.22","25.69","26.99","24.62","728.97K","-0.59%"
"04/26/2011","25.37","25.69","25.69","24.74","849.92K","-0.55%"
"04/25/2011","25.51","25.40","26.71","25.00","1.37M","+0.51%"
"04/21/2011","25.38","26.00","26.17","25.30","1.20M","-1.97%"
"04/20/2011","25.89","25.80","26.25","25.10","3.44M","+0.82%"
"04/19/2011","25.68","25.67","26.30","25.23","6.85M","+0.71%"
"04/18/2011","25.50","24.43","27.77","23.30","28.92M","+6.92%"
"04/15/2011","23.85","21.60","25.20","21.60","10.87M","+10.67%"
"04/13/2011","21.55","20.85","21.76","20.85","483.36K","+1.41%"
"04/11/2011","21.25","21.66","21.96","20.68","532.65K","-3.06%"
"04/08/2011","21.92","22.04","22.67","21.78","1.99M","-0.27%"
"04/07/2011","21.98","21.90","22.38","21.60","1.23M","+0.37%"
"04/06/2011","21.90","22.48","22.89","21.65","4.17M","-0.18%"
"04/05/2011","21.94","20.40","22.18","19.92","5.93M","+7.97%"
"04/04/2011","20.32","20.18","20.56","19.80","1.65M","+1.60%"
"04/01/2011","20.00","19.58","20.20","19.43","1.44M","+2.99%"
"03/31/2011","19.42","19.43","20.92","19.26","23.90M","+2.10%"
"03/30/2011","19.02","19.65","20.48","18.83","2.35M","-3.55%"
"03/29/2011","19.72","20.31","20.32","19.45","1.82M","-2.18%"
"03/28/2011","20.16","19.04","21.18","19.04","2.67M","+4.84%"
"03/25/2011","19.23","20.00","20.04","19.12","1.27M","-2.68%"
"03/24/2011","19.76","21.16","21.16","19.63","959.62K","-5.77%"
"03/23/2011","20.97","19.98","21.50","18.70","4.43M","+6.61%"
"03/22/2011","19.67","19.19","20.20","19.05","1.28M","+5.02%"
"03/21/2011","18.73","19.30","19.70","18.60","112.21K","-2.50%"
"03/18/2011","19.21","19.90","19.90","19.00","31.63K","-1.54%"
"03/17/2011","19.51","20.19","20.19","19.40","308.42K","-2.30%"
"03/16/2011","19.97","19.60","20.38","19.40","381.53K","+1.84%"
"03/15/2011","19.61","20.30","20.30","18.80","125.18K","-0.31%"
"03/14/2011","19.67","20.56","20.56","19.43","87.91K","-0.46%"
"03/11/2011","19.76","21.00","22.18","19.44","387.99K","-6.75%"
"03/10/2011","21.19","20.80","21.40","20.60","102.26K","+1.73%"
"03/09/2011","20.83","21.35","21.35","20.42","75.37K","+0.73%"
"03/08/2011","20.68","21.00","21.39","20.34","108.44K","-1.52%"
"03/07/2011","21.00","21.79","21.80","20.81","135.33K","-4.28%"
"03/04/2011","21.94","22.60","22.92","21.85","114.46K","-1.88%"
"03/03/2011","22.36","23.20","23.50","22.12","200.56K","-4.24%"
"03/01/2011","23.35","23.94","24.60","23.20","284.76K","-0.89%"
"02/28/2011","23.56","24.80","25.40","23.00","194.50K","-1.92%"
"02/25/2011","24.02","23.60","25.40","23.33","618.69K","+2.34%"
"02/24/2011","23.47","24.73","24.73","23.07","50.04K","-3.93%"
"02/23/2011","24.43","24.65","25.39","24.27","23.47K","-2.32%"
"02/22/2011","25.01","24.52","25.18","24.31","34.13K","-0.56%"
"02/21/2011","25.15","25.20","25.57","24.33","35.12K","+0.48%"
"02/18/2011","25.03","26.00","26.88","24.25","64.16K","-3.62%"
"02/17/2011","25.97","25.60","26.50","25.12","37.99K","+0.15%"
"02/16/2011","25.93","26.15","26.15","25.60","32.45K","+0.31%"
"02/15/2011","25.85","26.60","27.20","24.80","229.10K","+1.21%"
"02/14/2011","25.54","25.78","26.16","24.16","182.06K","+5.71%"
"02/11/2011","24.16","24.00","24.57","23.62","116.93K","+1.56%"
"02/10/2011","23.79","23.32","24.11","22.82","78.41K","-1.33%"
"02/09/2011","24.11","26.00","26.20","23.22","199.84K","-9.19%"
"02/08/2011","26.55","28.00","28.83","25.11","1.09M","-6.08%"
"02/07/2011","28.27","29.30","30.10","28.00","226.22K","-2.42%"
"02/04/2011","28.97","28.80","31.00","28.47","1.44M","+0.24%"
"02/03/2011","28.90","27.10","31.40","26.81","3.18M","+8.04%"
"02/02/2011","26.75","26.50","27.14","26.23","223.56K","+1.06%"
"02/01/2011","26.47","26.11","26.99","25.83","91.72K","+1.38%"
"01/31/2011","26.11","26.00","26.91","25.40","82.60K","-1.25%"
"01/28/2011","26.44","27.60","27.60","25.80","69.72K","-4.45%"
"01/27/2011","27.67","28.76","28.76","27.00","71.02K","-2.60%"
"01/25/2011","28.41","28.62","29.00","28.04","93.80K","-0.66%"
"01/24/2011","28.60","29.19","29.20","27.90","776.81K","-0.83%"
"01/21/2011","28.84","28.82","29.58","28.63","47.10K","-0.31%"
"01/20/2011","28.93","30.80","30.80","28.82","41.99K","-1.46%"
"01/19/2011","29.36","29.62","29.90","29.10","28.76K","+0.62%"
"01/18/2011","29.18","29.68","29.90","29.00","75.32K","+0.21%"
"01/17/2011","29.12","29.51","30.90","28.88","190.57K","-1.85%"
"01/14/2011","29.67","30.02","30.34","29.60","214.27K","-2.37%"
"01/13/2011","30.39","30.60","31.29","30.32","11.72K","-1.65%"
"01/12/2011","30.90","30.97","31.00","30.22","29.62K","+2.56%"
"01/11/2011","30.13","30.02","31.30","29.80","2.76M","-1.95%"
"01/10/2011","30.73","30.42","31.40","30.42","131.46K","-0.84%"
"01/07/2011","30.99","32.20","32.59","30.80","147.19K","-3.55%"
"01/06/2011","32.13","33.39","33.39","31.98","24.73K","-2.40%"
"01/05/2011","32.92","33.00","33.59","32.61","16.39K","-1.35%"
"01/04/2011","33.37","33.90","33.90","33.01","63.69K","-0.65%"
"01/03/2011","33.59","33.59","34.20","33.50","111.56K","+0.57%"
"12/31/2010","33.40","32.81","33.58","32.80","40.00K","+1.33%"
"12/30/2010","32.96","32.21","33.20","32.21","101.14K","+1.70%"
"12/29/2010","32.41","31.81","32.77","31.81","50.54K","+1.44%"
"12/28/2010","31.95","32.93","33.38","31.66","99.34K","-3.62%"
"12/27/2010","33.15","32.90","33.74","32.90","25.26K","-0.33%"
"12/24/2010","33.26","33.06","33.80","33.02","22.54K","-1.39%"
"12/23/2010","33.73","33.65","34.20","33.50","18.80K","-0.71%"
"12/22/2010","33.97","34.25","35.00","33.44","173.70K","-1.71%"
"12/21/2010","34.56","35.95","35.95","34.42","41.62K","-1.59%"
"12/20/2010","35.12","33.06","35.34","33.05","127.83K","+3.45%"
"12/16/2010","33.95","33.20","34.10","33.20","89.37K","+1.25%"
"12/15/2010","33.53","31.20","34.20","31.11","257.31K","+1.12%"
"12/14/2010","33.16","32.09","33.40","32.05","167.31K","+2.85%"
"12/13/2010","32.24","31.60","32.58","31.60","119.34K","+1.54%"
"12/10/2010","31.75","30.90","31.96","30.00","223.58K","+5.10%"
"12/09/2010","30.21","32.17","34.05","30.00","370.39K","-2.83%"
"12/08/2010","31.09","31.79","31.79","30.32","332.60K","-1.27%"
"12/07/2010","31.49","31.89","32.34","30.88","1.19M","+3.28%"
"12/06/2010","30.49","30.80","32.00","29.81","5.82M","-0.49%"
"12/03/2010","30.64","31.62","32.50","30.49","336.67K","-4.84%"
"12/02/2010","32.20","33.60","33.74","31.62","586.19K","-1.92%"
"12/01/2010","32.83","33.58","34.78","32.71","1.31M","-1.05%"
"11/30/2010","33.18","33.00","33.58","32.00","1.13M","+0.55%"
"11/29/2010","33.00","33.61","34.92","32.25","648.28K","-2.94%"
"11/26/2010","34.00","34.70","36.02","32.25","672.87K","-3.95%"
"11/25/2010","35.40","35.22","36.00","35.07","1.54M","-1.26%"
"11/24/2010","35.85","36.56","36.56","34.72","506.26K","+0.08%"
"11/23/2010","35.82","36.21","38.82","35.62","343.59K","-1.59%"
"11/22/2010","36.40","37.39","37.80","36.00","264.84K","-2.65%"
"11/19/2010","37.39","37.41","38.20","37.00","2.65M","-2.12%"
"11/18/2010","38.20","39.49","39.65","36.60","2.14M","-1.65%"
"11/16/2010","38.84","39.57","39.98","38.20","459.70K","-1.60%"
"11/15/2010","39.47","39.45","41.10","38.83","394.42K","+0.15%"
"11/12/2010","39.41","39.00","39.88","39.00","171.35K","-0.30%"
"11/11/2010","39.53","40.00","40.40","39.40","231.02K","-1.50%"
"11/10/2010","40.13","39.08","40.94","38.85","1.31M","+4.40%"
"11/09/2010","38.44","38.78","38.96","38.20","126.06K","+0.31%"
"11/08/2010","38.32","38.39","38.74","38.01","34.77K","+0.26%"
"11/05/2010","38.22","38.74","38.74","37.10","14.62K","-0.36%"
"11/04/2010","38.36","38.50","39.78","37.20","285.80K","+0.37%"
"11/03/2010","38.22","37.96","38.68","37.80","653.79K","+1.54%"
"11/02/2010","37.64","37.79","38.10","37.42","993.46K","+0.27%"
"11/01/2010","37.54","36.82","39.18","36.82","905.44K","+1.96%"
"10/29/2010","36.82","36.67","37.20","36.03","202.29K","+0.14%"
"10/28/2010","36.77","36.92","37.00","36.42","88.40K","+0.00%"
"10/27/2010","36.77","38.88","38.88","36.32","169.32K","-1.02%"
"10/26/2010","37.15","37.40","37.88","37.04","64.31K","-0.19%"
"10/25/2010","37.22","37.80","37.80","37.10","124.60K","-0.19%"
"10/22/2010","37.29","37.38","38.40","36.90","1.39M","-0.35%"
"10/21/2010","37.42","38.00","38.00","37.00","61.86K","+0.43%"
"10/20/2010","37.26","38.16","38.16","37.12","53.01K","-1.64%"
"10/19/2010","37.88","37.60","38.39","36.60","208.58K","+2.80%"
"10/18/2010","36.85","37.59","37.59","36.42","134.28K","-1.07%"
"10/15/2010","37.25","39.18","39.49","36.82","335.89K","-3.42%"
"10/14/2010","38.57","39.70","40.10","38.20","4.73M","-2.75%"
"10/13/2010","39.66","39.40","40.06","39.00","258.96K","+0.58%"
"10/12/2010","39.43","40.04","40.90","39.11","455.79K","-1.00%"
"10/11/2010","39.83","40.37","40.98","39.48","78.98K","+0.08%"
"10/08/2010","39.80","40.80","40.90","39.60","196.09K","-1.09%"
"10/07/2010","40.24","41.20","41.82","40.00","718.19K","-1.45%"
"10/06/2010","40.83","41.77","41.77","40.43","361.89K","+0.05%"
"10/05/2010","40.81","42.02","42.02","40.64","581.39K","-1.71%"
"10/04/2010","41.52","43.36","43.36","41.40","159.70K","-2.33%"
"10/01/2010","42.51","41.00","42.95","41.00","382.44K","+4.14%"
"09/30/2010","40.82","41.79","41.79","40.64","249.45K","-1.02%"
"09/29/2010","41.24","41.90","42.56","41.00","100.65K","-1.29%"
"09/28/2010","41.78","42.00","42.10","41.54","145.34K","-0.43%"
"09/27/2010","41.96","42.33","42.42","41.26","315.71K","-0.69%"
"09/24/2010","42.25","41.00","42.60","41.00","298.56K","+0.91%"
"09/23/2010","41.87","42.00","43.20","41.43","302.69K","+0.14%"
"09/22/2010","41.81","42.02","42.68","40.80","287.96K","-0.90%"
"09/21/2010","42.19","42.60","43.70","41.62","380.79K","-0.71%"
"09/20/2010","42.49","43.39","43.39","42.23","191.61K","-0.77%"
"09/17/2010","42.82","42.40","43.78","42.40","163.88K","-0.05%"
"09/16/2010","42.84","43.60","44.40","42.61","196.00K","-2.48%"
"09/15/2010","43.93","43.58","44.40","42.99","362.26K","+1.67%"
"09/14/2010","43.21","43.60","45.50","42.82","467.56K","-1.73%"
"09/13/2010","43.97","44.80","45.40","43.44","551.83K","-1.21%"
"09/09/2010","44.51","43.34","48.00","42.76","2.15M","+3.92%"
"09/08/2010","42.83","43.00","44.00","42.69","344.55K","-0.74%"
"09/07/2010","43.15","44.40","44.40","42.65","313.60K","-2.97%"
"09/06/2010","44.47","44.60","45.20","43.40","1.10M","+0.34%"
"09/03/2010","44.32","42.11","44.70","42.00","5.10M","+4.97%"
"09/02/2010","42.22","41.78","42.40","41.50","485.78K","+2.25%"
"09/01/2010","41.29","41.16","41.55","40.68","409.70K","+0.61%"
"08/31/2010","41.04","41.01","41.97","40.07","679.15K","-2.17%"
"08/30/2010","41.95","40.60","42.88","40.60","857.53K","+2.82%"
"08/27/2010","40.80","40.98","41.40","40.42","1.43M","+0.67%"
"08/26/2010","40.53","41.20","41.74","40.11","295.92K","-0.52%"
"08/25/2010","40.74","40.92","42.96","40.43","522.13K","-2.26%"
"08/24/2010","41.68","43.09","43.09","41.07","723.42K","-2.39%"
"08/23/2010","42.70","42.80","43.50","42.41","290.09K","+0.05%"
"08/20/2010","42.68","43.40","43.96","42.40","562.36K","-1.57%"
"08/19/2010","43.36","43.30","44.20","42.90","684.63K","-0.87%"
"08/18/2010","43.74","43.87","44.80","43.01","820.84K","-0.30%"
"08/17/2010","43.87","43.00","44.05","42.05","1.46M","+3.64%"
"08/16/2010","42.33","41.60","43.78","41.02","1.46M","+0.36%"
"08/13/2010","42.18","42.59","43.00","41.21","1.14M","-0.96%"
"08/12/2010","42.59","40.71","43.20","39.20","3.15M","+6.05%"
"08/11/2010","40.16","43.00","43.40","39.74","1.35M","-5.88%"
"08/10/2010","42.67","44.07","44.07","42.22","2.02M","-2.71%"
"08/09/2010","43.86","42.60","44.34","42.00","7.26M","+3.47%"
"08/06/2010","42.39","39.34","46.85","39.34","29.02M","+8.58%"
"08/05/2010","39.04","40.60","40.60","38.80","2.00M","-2.38%"
"08/04/2010","39.99","36.60","40.48","36.60","6.08M","+8.23%"
"08/03/2010","36.95","36.40","37.41","35.90","1.29M","+1.43%"
"08/02/2010","36.43","35.16","36.78","35.01","4.16M","+4.35%"
"07/30/2010","34.91","34.82","35.66","34.80","110.12K","-0.74%"
"07/29/2010","35.17","35.26","35.80","35.01","244.57K","-0.93%"
"07/28/2010","35.50","36.12","36.59","35.40","113.58K","-1.85%"
"07/27/2010","36.17","36.56","36.95","36.02","283.36K","-0.55%"
"07/26/2010","36.37","35.62","36.80","35.62","831.44K","+1.56%"
"07/23/2010","35.81","35.36","36.36","35.22","1.04M","+1.70%"
"07/22/2010","35.21","35.11","35.79","35.04","224.86K","-0.48%"
"07/21/2010","35.38","35.24","35.99","35.13","160.74K","+0.48%"
"07/20/2010","35.21","36.14","36.40","34.91","947.41K","-1.15%"
"07/19/2010","35.62","35.78","36.87","35.46","470.96K","-1.00%"
"07/16/2010","35.98","35.40","36.18","35.10","299.08K","+1.24%"
"07/15/2010","35.54","36.00","36.00","35.30","155.91K","-0.62%"
"07/14/2010","35.76","36.60","36.78","35.62","341.00K","-2.21%"
"07/13/2010","36.57","36.66","36.80","35.81","237.33K","+0.44%"
"07/12/2010","36.41","37.20","37.80","36.20","1.39M","-0.27%"
"07/09/2010","36.51","35.58","36.88","35.31","2.13M","+3.72%"
"07/08/2010","35.20","34.70","35.94","34.05","2.21M","+2.80%"
"07/07/2010","34.24","34.80","35.20","34.05","205.22K","-1.55%"
"07/06/2010","34.78","34.81","35.27","34.50","568.36K","+0.58%"
"07/05/2010","34.58","35.85","36.08","34.41","325.96K","-2.40%"
"07/02/2010","35.43","36.60","36.74","35.30","493.53K","-2.88%"
"07/01/2010","36.48","36.68","36.90","36.10","1.43M","-0.46%"
"06/30/2010","36.65","35.40","37.36","35.26","8.70M","+4.42%"
"06/29/2010","35.10","38.80","39.80","35.00","26.72M","-7.75%"
"06/28/2010","38.05","37.15","38.40","36.25","3.58M","+3.59%"
"06/25/2010","36.73","37.69","37.69","36.70","52.54K","-1.32%"
"06/24/2010","37.22","36.80","38.18","36.40","75.80K","+1.89%"
"06/23/2010","36.53","36.00","37.58","35.20","54.17K","+0.50%"
"06/22/2010","36.35","35.70","36.70","35.70","16.76K","+0.39%"
"06/21/2010","36.21","36.00","36.56","35.60","31.85K","+0.81%"
"06/18/2010","35.92","36.36","36.78","35.60","75.58K","-2.07%"
"06/17/2010","36.68","36.90","37.16","36.21","21.45K","-0.49%"
"06/16/2010","36.86","36.92","37.50","36.21","112.60K","+0.60%"
"06/15/2010","36.64","37.17","37.55","36.60","568.00K","-1.43%"
"06/14/2010","37.17","37.51","37.80","37.00","31.68K","-0.19%"
"06/11/2010","37.24","37.80","38.38","36.80","14.26K","-1.30%"
"06/10/2010","37.73","37.34","37.95","37.14","107.60K","+0.86%"
"06/09/2010","37.41","38.52","38.60","37.20","37.13K","-0.95%"
"06/08/2010","37.77","37.02","38.18","37.02","109.50K","+1.56%"
"06/07/2010","37.19","43.00","43.00","36.40","204.30K","-0.16%"
"06/04/2010","37.25","36.85","39.15","36.51","216.61K","+0.51%"
"06/03/2010","37.06","37.05","38.00","36.90","20.14K","+0.60%"
"06/02/2010","36.84","36.75","37.20","36.70","20.26K","+0.71%"
"06/01/2010","36.58","37.80","37.80","36.41","800.05K","-1.98%"
"05/31/2010","37.32","38.22","38.80","36.90","23.16K","-2.10%"
"05/28/2010","38.12","38.99","38.99","37.80","24.14K","+0.98%"
"05/27/2010","37.75","37.57","38.95","37.45","858.45K","+1.94%"
"05/26/2010","37.03","37.85","38.20","36.11","685.24K","-0.83%"
"05/25/2010","37.34","38.96","38.96","37.02","1.47M","-4.55%"
"05/24/2010","39.12","39.66","40.09","38.82","1.03M","-0.71%"
"05/21/2010","39.40","39.00","40.55","38.22","2.60M","-1.62%"
"05/20/2010","40.05","38.20","40.62","38.20","424.31K","+3.84%"
"05/19/2010","38.57","41.00","41.00","37.90","2.15M","-3.48%"
"05/18/2010","39.96","40.98","41.56","39.70","132.74K","-1.28%"
"05/17/2010","40.48","40.40","40.87","39.11","238.50K","-0.95%"
"05/14/2010","40.87","42.19","42.19","40.62","562.81K","-2.13%"
"05/13/2010","41.76","41.05","43.13","41.05","1.50M","+1.09%"
"05/12/2010","41.31","41.79","41.95","40.60","703.22K","+0.54%"
"05/11/2010","41.09","41.20","41.96","40.95","44.78K","-0.22%"
"05/10/2010","41.18","41.15","41.58","40.83","33.09K","+1.50%"
"05/07/2010","40.57","41.40","41.77","40.20","52.97K","-4.20%"
"05/06/2010","42.35","42.00","43.00","41.41","87.36K","+0.55%"
"05/05/2010","42.12","40.90","42.60","40.90","168.74K","-0.52%"
"05/04/2010","42.34","41.99","43.20","40.80","141.49K","+1.80%"
"05/03/2010","41.59","41.60","42.00","41.40","34.75K","-0.88%"
"04/30/2010","41.96","42.73","42.90","41.80","36.13K","-0.62%"
"04/29/2010","42.22","42.59","42.98","41.80","608.96K","+0.81%"
"04/28/2010","41.88","43.58","43.58","41.80","86.63K","-3.99%"
"04/27/2010","43.62","44.00","44.00","42.85","123.58K","+2.25%"
"04/26/2010","42.66","43.44","43.98","42.60","1.21M","-0.97%"
"04/23/2010","43.08","43.58","44.50","42.60","116.78K","+0.09%"
"04/22/2010","43.04","44.80","44.80","42.80","107.55K","-2.03%"
"04/21/2010","43.93","45.20","45.20","42.92","343.89K","-2.33%"
"04/20/2010","44.98","44.20","45.96","43.68","1.04M","+2.34%"
"04/19/2010","43.95","42.04","44.98","42.04","708.08K","+1.27%"
"04/16/2010","43.40","41.90","43.86","41.80","503.60K","+3.24%"
"04/15/2010","42.04","41.14","42.37","41.12","203.36K","+2.46%"
"04/13/2010","41.03","41.20","41.75","40.98","48.51K","-1.32%"
"04/12/2010","41.58","41.45","41.80","41.12","48.15K","+0.56%"
"04/09/2010","41.35","41.70","42.80","40.80","256.11K","-0.72%"
"04/08/2010","41.65","42.20","42.56","41.00","2.49M","-0.55%"
"04/07/2010","41.88","41.40","42.20","41.40","77.06K","+0.79%"
"04/06/2010","41.55","42.80","42.95","41.25","49.95K","-0.91%"
"04/05/2010","41.93","42.79","43.34","41.61","311.52K","-0.26%"
"04/01/2010","42.04","41.50","42.80","41.50","234.62K","+1.30%"
"03/31/2010","41.50","40.86","42.17","40.40","173.38K","+0.58%"
"03/30/2010","41.26","40.55","41.70","40.42","183.13K","+1.60%"
"03/29/2010","40.61","40.70","41.40","40.11","371.46K","-1.02%"
"03/26/2010","41.03","41.20","42.29","40.80","376.13K","+0.98%"
"03/25/2010","40.63","41.38","41.98","40.44","59.73K","-0.95%"
"03/23/2010","41.02","41.78","41.78","40.65","227.38K","+0.22%"
"03/22/2010","40.93","40.40","43.39","40.40","411.73K","-1.63%"
"03/19/2010","41.61","41.74","42.20","40.22","398.86K","-1.21%"
"03/18/2010","42.12","42.17","42.40","41.60","176.81K","+0.86%"
"03/17/2010","41.76","41.40","42.70","41.40","200.90K","+0.48%"
"03/16/2010","41.56","42.09","42.65","41.03","312.39K","-0.22%"
"03/15/2010","41.65","41.90","42.37","41.00","279.85K","-0.83%"
"03/12/2010","42.00","43.40","43.60","41.46","194.17K","-2.71%"
"03/11/2010","43.17","43.32","43.85","43.00","181.79K","-1.19%"
"03/10/2010","43.69","43.58","44.40","43.02","549.47K","+0.30%"
"03/09/2010","43.56","44.20","44.78","43.20","778.21K","-2.42%"
"03/08/2010","44.64","43.40","44.96","42.53","3.92M","+4.01%"
"03/05/2010","42.92","43.02","43.38","41.45","1.80M","+0.52%"
"03/04/2010","42.70","40.40","43.50","39.82","8.90M","+6.67%"
"03/03/2010","40.03","40.40","40.70","39.62","1.10M","-0.50%"
"03/02/2010","40.23","40.50","41.20","38.93","5.07M","+0.30%"
"02/26/2010","40.11","42.00","42.70","37.84","22.63M","-3.42%"
"02/25/2010","41.53","50.00","50.00","40.90","37.22M","+0.00%"
