"Date","Price","Open","High","Low","Vol.","Change %"
"07/13/2026","532.60","527.95","534.70","526.15","1.84M","-0.81%"
"07/10/2026","536.95","536.00","544.20","535.15","3.94M","+1.60%"
"07/09/2026","528.50","528.00","531.45","523.10","2.04M","-0.34%"
"07/08/2026","530.30","522.40","544.05","522.00","4.86M","-0.15%"
"07/07/2026","531.10","536.70","538.50","529.65","3.46M","-1.71%"
"07/06/2026","540.35","539.40","545.00","537.80","3.31M","+0.71%"
"07/03/2026","536.55","539.20","544.80","535.00","3.98M","+1.48%"
"07/02/2026","528.70","528.10","533.00","525.95","2.29M","+0.82%"
"07/01/2026","524.40","532.05","532.85","520.65","3.21M","-1.64%"
"06/30/2026","533.15","525.40","535.00","517.35","4.93M","+1.46%"
"06/29/2026","525.50","518.05","528.85","518.05","3.49M","+1.44%"
"06/25/2026","518.05","528.00","531.10","516.85","7.71M","-4.41%"
"06/24/2026","541.95","541.00","546.80","535.30","4.02M","-0.89%"
"06/23/2026","546.80","561.50","564.05","544.00","5.51M","-4.61%"
"06/22/2026","573.20","565.00","576.15","563.15","2.54M","+1.71%"
"06/19/2026","563.55","563.00","565.30","552.55","3.55M","-1.38%"
"06/18/2026","571.45","568.00","573.50","565.05","3.96M","-0.19%"
"06/17/2026","572.55","564.30","574.05","561.00","3.94M","+1.46%"
"06/16/2026","564.30","565.00","566.90","557.45","2.66M","+0.08%"
"06/15/2026","563.85","571.00","579.35","562.40","5.05M","+0.71%"
"06/12/2026","559.90","560.95","565.00","555.10","2.99M","+2.73%"
"06/11/2026","545.00","534.50","554.40","534.45","3.68M","-0.47%"
"06/10/2026","547.55","554.65","554.85","541.25","7.21M","-2.86%"
"06/09/2026","563.65","557.00","572.75","556.40","2.92M","+1.38%"
"06/08/2026","556.00","555.00","568.95","554.00","3.99M","-1.91%"
"06/05/2026","566.80","605.00","605.55","564.00","10.70M","-6.14%"
"06/04/2026","603.85","609.00","613.30","601.75","2.05M","-1.10%"
"06/03/2026","610.55","622.00","628.00","607.25","3.43M","-2.33%"
"06/02/2026","625.10","630.00","631.50","616.65","4.94M","-0.18%"
"06/01/2026","626.25","635.95","639.95","624.50","2.42M","-1.06%"
"05/29/2026","632.95","652.95","656.25","630.00","4.15M","-2.45%"
"05/27/2026","648.85","650.10","659.85","647.45","4.47M","+0.22%"
"05/26/2026","647.40","631.90","648.40","629.65","7.89M","+2.03%"
"05/25/2026","634.50","640.00","642.40","633.20","3.12M","+0.36%"
"05/22/2026","632.25","631.80","643.60","629.90","3.87M","+0.67%"
"05/21/2026","628.05","634.00","638.00","625.60","4.11M","-0.38%"
"05/20/2026","630.45","622.50","632.75","615.50","4.75M","-0.34%"
"05/19/2026","632.60","637.00","638.55","625.60","3.47M","-0.61%"
"05/18/2026","636.50","625.00","637.95","619.25","5.53M","-0.20%"
"05/15/2026","637.80","659.95","659.95","632.15","8.68M","-4.70%"
"05/14/2026","669.25","674.00","678.25","664.00","6.36M","+0.32%"
"05/13/2026","667.10","660.00","676.80","659.95","12.98M","+3.93%"
"05/12/2026","641.90","647.00","653.25","639.20","12.96M","+2.03%"
"05/11/2026","629.10","631.00","638.00","626.30","3.84M","-0.94%"
"05/08/2026","635.10","634.75","642.50","629.15","3.56M","-0.23%"
"05/07/2026","636.55","644.90","645.65","634.60","7.89M","+0.31%"
"05/06/2026","634.60","620.00","638.50","616.50","10.15M","+3.82%"
"05/05/2026","611.25","600.00","614.30","597.30","4.65M","+0.94%"
"05/04/2026","605.55","600.15","612.00","597.80","5.26M","+1.61%"
"04/30/2026","595.95","602.60","603.40","583.35","6.65M","-2.79%"
"04/29/2026","613.05","616.10","621.90","606.10","7.98M","-0.50%"
"04/28/2026","616.10","629.00","631.60","613.30","6.91M","-1.89%"
"04/27/2026","628.00","606.20","633.30","594.35","20.88M","+6.71%"
"04/24/2026","588.50","594.00","598.50","572.80","13.30M","-0.61%"
"04/23/2026","592.10","605.00","605.00","590.70","4.80M","-2.09%"
"04/22/2026","604.75","595.00","607.90","586.20","7.13M","+2.76%"
"04/21/2026","588.50","594.00","596.75","587.30","3.42M","-0.30%"
"04/20/2026","590.30","592.30","594.00","579.10","4.19M","-0.34%"
"04/17/2026","592.30","595.00","595.00","581.30","3.01M","-0.03%"
"04/16/2026","592.50","589.00","602.95","585.10","7.73M","+2.07%"
"04/15/2026","580.50","582.30","593.95","574.20","7.75M","+3.19%"
"04/13/2026","562.55","550.05","565.00","550.00","2.77M","-0.36%"
"04/10/2026","564.60","565.20","568.00","557.00","3.92M","+1.09%"
"04/09/2026","558.50","554.25","563.90","546.95","3.02M","-0.15%"
"04/08/2026","559.35","560.30","568.35","552.75","6.90M","+3.82%"
"04/07/2026","538.75","523.00","541.50","519.10","6.13M","+2.41%"
"04/06/2026","526.05","515.75","527.50","514.55","4.96M","+2.00%"
"04/02/2026","515.75","510.00","518.40","503.35","4.39M","-1.66%"
"04/01/2026","524.45","520.00","530.95","516.55","6.21M","+4.44%"
"03/30/2026","502.15","507.20","515.70","497.40","6.64M","-1.48%"
"03/27/2026","509.70","506.95","520.00","505.00","6.32M","-1.55%"
"03/25/2026","517.70","511.00","521.40","510.75","8.50M","+4.15%"
"03/24/2026","497.05","499.00","501.55","484.75","8.29M","+1.93%"
"03/23/2026","487.65","499.35","499.50","484.00","9.21M","-5.26%"
"03/20/2026","514.75","511.95","526.50","510.70","10.05M","+1.70%"
"03/19/2026","506.15","524.00","524.95","503.65","10.75M","-5.85%"
"03/18/2026","537.60","538.80","540.80","529.35","6.39M","-1.60%"
"03/17/2026","546.35","539.00","548.00","534.15","4.64M","+2.34%"
"03/16/2026","533.85","548.00","551.90","529.60","7.77M","-3.28%"
"03/13/2026","551.95","578.00","581.15","545.55","6.88M","-5.33%"
"03/12/2026","583.00","584.00","585.65","568.85","4.38M","-0.78%"
"03/11/2026","587.60","590.00","602.00","585.50","4.84M","-0.40%"
"03/10/2026","589.95","585.00","591.00","580.05","3.58M","+2.60%"
"03/09/2026","575.00","572.00","578.90","566.50","6.30M","-2.02%"
"03/06/2026","586.85","595.00","596.80","585.20","2.90M","-1.48%"
"03/05/2026","595.65","594.70","607.90","592.00","5.32M","+0.74%"
"03/04/2026","591.25","604.80","604.80","586.00","7.46M","-4.27%"
"03/02/2026","617.65","606.00","624.80","605.00","10.98M","+2.29%"
"02/27/2026","603.80","615.00","617.60","601.00","4.66M","-0.98%"
"02/26/2026","609.80","620.50","620.50","608.15","4.59M","-1.49%"
"02/25/2026","619.05","607.50","621.30","602.85","10.72M","+3.63%"
"02/24/2026","597.35","593.00","600.95","588.50","4.41M","+1.10%"
"02/23/2026","590.85","607.00","607.35","585.70","7.86M","+0.25%"
"02/20/2026","589.35","586.25","591.50","582.50","5.06M","+0.90%"
"02/19/2026","584.10","593.05","596.15","582.05","5.54M","-0.20%"
"02/18/2026","585.25","580.00","589.80","576.80","4.57M","+0.71%"
"02/17/2026","581.10","590.00","590.00","575.00","6.47M","-2.19%"
"02/16/2026","594.10","585.95","596.30","582.60","4.18M","+0.21%"
"02/13/2026","592.85","599.95","608.00","591.00","9.42M","-4.95%"
"02/12/2026","623.70","629.95","634.00","621.35","4.11M","-0.77%"
"02/11/2026","628.55","623.00","631.00","617.90","6.43M","+1.76%"
"02/10/2026","617.70","632.00","632.45","613.30","7.58M","-1.81%"
"02/09/2026","629.10","625.00","630.50","614.25","7.57M","+3.31%"
"02/06/2026","608.95","595.00","610.80","594.00","11.41M","-0.30%"
"02/05/2026","610.80","600.00","612.70","593.25","16.77M","-4.45%"
"02/04/2026","639.25","635.00","643.95","632.15","10.59M","+1.75%"
"02/03/2026","628.25","635.90","639.40","602.00","26.99M","+2.97%"
"02/02/2026","610.10","565.00","614.00","560.35","37.03M","+7.02%"
"02/01/2026","570.10","575.00","582.90","543.55","45.91M","-9.29%"
"01/30/2026","628.50","690.00","690.00","622.35","49.44M","-12.12%"
"01/29/2026","715.20","695.25","719.80","695.25","52.97M","+0.99%"
"01/28/2026","708.20","712.00","732.70","701.60","38.18M","-2.61%"
"01/27/2026","727.20","733.00","733.00","710.50","25.79M","+4.08%"
"01/23/2026","698.70","695.00","710.00","688.05","32.43M","+4.56%"
"01/22/2026","668.25","694.00","694.00","652.65","28.20M","-4.20%"
"01/21/2026","697.55","682.00","701.00","680.75","29.03M","+2.47%"
"01/20/2026","680.75","668.80","696.90","655.00","46.01M","+3.08%"
"01/19/2026","660.40","650.00","667.35","648.45","16.63M","+3.55%"
"01/16/2026","637.75","654.20","654.20","634.05","11.41M","-2.51%"
"01/14/2026","654.20","640.00","670.95","636.45","27.69M","+3.87%"
"01/13/2026","629.85","634.00","636.80","623.70","7.86M","+0.25%"
"01/12/2026","628.25","624.80","632.55","615.60","13.67M","+3.59%"
"01/09/2026","606.45","588.15","612.20","588.15","10.78M","+2.66%"
"01/08/2026","590.75","623.00","623.45","588.35","20.82M","-6.23%"
"01/07/2026","630.00","649.10","650.75","628.20","8.30M","-2.04%"
"01/06/2026","643.10","635.00","649.10","634.60","10.45M","+2.31%"
"01/05/2026","628.60","636.70","638.80","621.35","6.49M","-0.03%"
"01/02/2026","628.80","615.00","629.95","614.30","6.32M","+2.75%"
"01/01/2026","611.95","610.55","617.00","605.20","4.77M","-0.08%"
"12/31/2025","612.45","619.00","621.05","608.30","9.60M","-2.06%"
"12/30/2025","625.30","615.00","630.00","613.05","11.72M","+1.09%"
"12/29/2025","618.55","655.00","656.35","614.15","27.99M","-2.87%"
"12/26/2025","636.85","645.00","646.50","634.00","13.46M","+1.92%"
"12/24/2025","624.85","619.00","631.90","617.95","13.96M","+2.47%"
"12/23/2025","609.80","610.00","615.50","606.50","9.28M","+0.54%"
"12/22/2025","606.50","601.25","610.55","597.00","12.15M","+3.01%"
"12/19/2025","588.75","591.00","592.00","578.05","9.49M","-0.57%"
"12/18/2025","592.15","581.90","594.35","576.85","15.41M","+2.39%"
"12/17/2025","578.30","580.00","587.80","573.65","18.63M","+1.87%"
"12/16/2025","567.70","564.00","572.95","556.15","9.19M","-0.06%"
"12/15/2025","568.05","562.10","571.80","555.75","23.29M","+1.14%"
"12/12/2025","561.65","533.00","567.45","532.35","39.41M","+7.46%"
"12/11/2025","522.65","516.50","532.00","515.90","20.97M","+1.95%"
"12/10/2025","512.65","503.50","516.60","501.30","21.07M","+4.31%"
"12/09/2025","491.45","489.00","494.80","482.00","2.77M","+0.20%"
"12/08/2025","490.45","498.10","501.95","487.00","2.80M","-1.54%"
"12/05/2025","498.10","497.00","501.80","490.40","3.03M","+0.27%"
"12/04/2025","496.75","504.95","508.20","493.20","5.32M","-1.52%"
"12/03/2025","504.40","500.00","509.60","496.55","11.26M","+1.77%"
"12/02/2025","495.65","499.85","501.55","494.40","4.20M","-0.84%"
"12/01/2025","499.85","500.10","503.95","492.80","12.74M","+3.02%"
"11/28/2025","485.20","478.05","489.20","476.90","5.89M","+2.24%"
"11/27/2025","474.55","475.90","478.50","472.65","2.61M","+0.91%"
"11/26/2025","470.25","465.00","470.90","463.20","2.14M","+1.65%"
"11/25/2025","462.60","457.90","463.35","455.50","2.23M","+1.89%"
"11/24/2025","454.00","458.30","460.60","453.50","1.73M","-0.94%"
"11/21/2025","458.30","468.00","470.45","456.75","2.37M","-2.93%"
"11/20/2025","472.15","476.85","480.35","471.10","1.41M","-0.92%"
"11/19/2025","476.55","475.00","478.50","473.70","2.60M","+0.13%"
"11/18/2025","475.95","480.00","480.95","468.20","6.18M","-1.64%"
"11/17/2025","483.90","486.95","487.95","481.20","2.20M","-0.65%"
"11/14/2025","487.05","495.00","497.40","482.50","3.06M","-1.65%"
"11/13/2025","495.20","490.00","504.00","486.60","12.87M","+2.76%"
"11/12/2025","481.90","489.35","490.40","481.20","1.98M","-1.15%"
"11/11/2025","487.50","486.95","490.00","482.40","3.28M","+0.60%"
"11/10/2025","484.60","477.00","486.75","476.05","4.04M","+2.13%"
"11/07/2025","474.50","465.00","475.60","460.00","3.01M","+1.56%"
"11/06/2025","467.20","472.00","474.00","466.00","1.87M","-1.30%"
"11/04/2025","473.35","479.15","480.15","470.00","2.22M","-1.52%"
"11/03/2025","480.65","476.50","481.30","475.65","1.98M","+0.87%"
"10/31/2025","476.50","479.90","481.25","475.55","1.82M","-0.23%"
"10/30/2025","477.60","481.95","482.50","474.65","3.05M","-1.24%"
"10/29/2025","483.60","474.70","486.25","473.50","4.83M","+2.63%"
"10/28/2025","471.20","481.40","481.40","468.20","5.64M","-2.30%"
"10/27/2025","482.30","489.00","489.60","481.80","3.77M","-0.90%"
"10/24/2025","486.70","482.20","496.35","482.20","6.84M","+0.94%"
"10/23/2025","482.15","482.75","487.90","477.30","7.89M","-0.35%"
"10/21/2025","483.85","487.25","489.35","482.00","2.02M","-0.52%"
"10/20/2025","486.40","500.00","500.00","481.40","7.34M","-2.77%"
"10/17/2025","500.25","509.20","510.55","495.30","8.20M","-1.27%"
"10/16/2025","506.70","516.50","516.75","506.05","3.26M","-1.27%"
"10/15/2025","513.20","509.00","516.10","506.35","6.88M","+1.49%"
"10/14/2025","505.65","515.00","525.80","499.80","15.42M","+0.02%"
"10/13/2025","505.55","498.30","507.40","494.00","7.80M","+1.45%"
"10/10/2025","498.30","512.70","513.45","488.70","11.93M","-2.72%"
"10/09/2025","512.25","492.00","515.00","488.15","16.38M","+4.43%"
"10/08/2025","490.50","491.05","496.15","487.65","3.97M","+0.12%"
"10/07/2025","489.90","491.50","493.25","485.15","3.54M","-0.33%"
"10/06/2025","491.50","497.00","499.70","489.95","4.19M","+0.00%"
"10/03/2025","491.50","483.00","496.60","478.90","9.12M","+2.11%"
"10/01/2025","481.35","485.10","488.55","475.10","7.27M","-0.23%"
"09/30/2025","482.45","469.15","483.90","468.05","15.17M","+3.50%"
"09/29/2025","466.15","455.80","468.50","453.80","14.94M","+3.80%"
"09/26/2025","449.10","468.90","468.90","445.60","6.52M","-3.78%"
"09/25/2025","466.75","453.30","468.50","453.30","7.19M","+3.06%"
"09/24/2025","452.90","463.00","463.90","452.00","2.70M","-1.86%"
"09/23/2025","461.50","461.35","464.25","452.85","4.03M","+0.49%"
"09/22/2025","459.25","455.80","466.65","455.55","5.39M","+1.37%"
"09/19/2025","453.05","456.00","457.80","452.05","2.19M","-0.40%"
"09/18/2025","454.85","459.05","460.10","451.55","2.21M","-1.00%"
"09/17/2025","459.45","464.00","464.70","453.20","3.40M","-0.61%"
"09/16/2025","462.25","462.45","464.00","458.10","3.38M","+0.46%"
"09/15/2025","460.15","466.00","468.95","459.35","5.72M","-0.60%"
"09/12/2025","462.95","449.50","464.35","447.50","11.58M","+3.74%"
"09/11/2025","446.25","434.50","447.00","433.55","5.12M","+3.10%"
"09/10/2025","432.85","435.45","436.70","430.75","1.86M","-0.14%"
"09/09/2025","433.45","436.75","440.00","431.50","2.29M","-0.49%"
"09/08/2025","435.60","442.40","442.65","434.70","1.75M","-1.02%"
"09/05/2025","440.10","437.70","441.80","433.85","1.95M","+0.58%"
"09/04/2025","437.55","449.90","449.90","435.30","2.27M","-1.59%"
"09/03/2025","444.60","443.00","448.70","441.65","4.76M","+0.84%"
"09/02/2025","440.90","438.95","444.20","438.00","2.82M","+1.15%"
"09/01/2025","435.90","424.00","443.00","424.00","7.59M","+3.97%"
"08/29/2025","419.25","423.65","427.00","418.00","1.27M","-0.58%"
"08/28/2025","421.70","429.00","431.00","420.55","1.14M","-1.96%"
"08/26/2025","430.15","434.70","434.70","429.25","1.12M","-1.05%"
"08/25/2025","434.70","423.00","436.80","422.85","2.99M","+2.31%"
"08/22/2025","424.90","431.00","431.40","424.50","826.45K","-1.38%"
"08/21/2025","430.85","433.80","433.80","430.00","1.16M","+0.20%"
"08/20/2025","430.00","428.65","432.40","425.45","1.95M","+0.31%"
"08/19/2025","428.65","433.70","433.70","426.45","3.08M","+0.36%"
"08/18/2025","427.10","430.70","431.00","424.00","1.44M","+0.11%"
"08/14/2025","426.65","431.00","432.70","422.50","1.37M","-0.83%"
"08/13/2025","430.20","424.85","433.65","424.50","2.07M","+1.59%"
"08/12/2025","423.45","420.40","424.45","418.80","1.60M","+1.45%"
"08/11/2025","417.40","420.70","422.90","414.55","1.86M","-0.78%"
"08/08/2025","420.70","424.65","426.90","419.30","1.21M","-0.93%"
"08/07/2025","424.65","420.40","426.00","415.05","1.53M","+1.12%"
"08/06/2025","419.95","422.70","423.90","416.85","1.42M","-0.30%"
"08/05/2025","421.20","422.00","423.60","419.20","990.25K","-0.09%"
"08/04/2025","421.60","416.10","422.50","413.85","1.09M","+1.49%"
"08/01/2025","415.40","424.00","424.80","413.50","2.16M","-2.04%"
"07/31/2025","424.05","427.00","430.95","421.45","2.11M","-1.94%"
"07/30/2025","432.45","436.90","438.15","431.60","1.28M","-1.13%"
"07/29/2025","437.40","432.00","438.00","430.60","1.33M","+1.24%"
"07/28/2025","432.05","438.00","439.80","431.30","1.96M","-1.63%"
"07/25/2025","439.20","445.70","446.25","437.40","1.77M","-1.55%"
"07/24/2025","446.10","446.80","447.85","443.05","1.57M","-0.17%"
"07/23/2025","446.85","446.10","449.00","443.30","1.81M","+0.82%"
"07/22/2025","443.20","446.95","446.95","442.10","1.62M","-0.33%"
"07/21/2025","444.65","435.70","447.20","434.80","3.83M","+2.10%"
"07/18/2025","435.50","438.45","441.50","431.10","4.66M","-0.37%"
"07/17/2025","437.10","438.50","439.10","435.25","1.75M","+0.44%"
"07/16/2025","435.20","437.95","438.30","433.30","1.93M","-0.51%"
"07/15/2025","437.45","437.00","441.80","435.10","2.38M","+0.25%"
"07/14/2025","436.35","427.90","437.20","426.40","3.87M","+2.69%"
"07/11/2025","424.90","423.00","431.25","422.20","3.29M","+0.50%"
"07/10/2025","422.80","425.00","427.65","420.00","2.43M","-0.52%"
"07/09/2025","425.00","437.30","437.30","415.15","7.24M","-2.57%"
"07/08/2025","436.20","438.45","439.45","434.70","1.57M","-0.30%"
"07/07/2025","437.50","445.20","445.55","436.20","2.68M","-1.71%"
"07/04/2025","445.10","448.90","448.90","443.10","1.79M","-0.10%"
"07/03/2025","445.55","446.85","450.40","445.10","2.05M","-0.37%"
"07/02/2025","447.20","452.00","453.90","446.60","2.98M","-0.70%"
"07/01/2025","450.35","452.00","452.95","445.70","4.01M","-0.11%"
"06/30/2025","450.85","452.40","452.85","448.30","3.72M","-0.07%"
"06/27/2025","451.15","452.90","455.35","449.00","7.43M","+0.50%"
"06/26/2025","448.90","445.00","450.00","438.50","6.98M","+1.54%"
"06/25/2025","442.10","444.80","445.80","440.60","3.32M","-0.18%"
"06/24/2025","442.90","446.00","447.90","439.60","5.26M","+0.53%"
"06/23/2025","440.55","435.70","445.60","435.25","7.98M","+0.44%"
"06/20/2025","438.60","437.85","441.70","434.75","9.79M","+0.26%"
"06/19/2025","437.45","454.10","456.05","435.50","16.14M","-3.39%"
"06/18/2025","452.80","462.00","465.00","451.20","142.07M","-6.90%"
"06/17/2025","486.35","505.00","506.60","483.05","9.62M","-5.19%"
"06/16/2025","512.95","520.00","520.05","502.35","4.01M","-0.25%"
"06/13/2025","514.25","505.00","521.00","502.15","5.15M","-0.58%"
"06/12/2025","517.25","520.00","530.85","513.90","5.83M","-0.63%"
"06/11/2025","520.55","538.05","540.70","518.70","8.77M","-2.53%"
"06/10/2025","534.05","530.00","546.80","528.10","11.08M","+1.72%"
"06/09/2025","525.00","511.00","532.70","508.00","12.61M","+4.53%"
"06/06/2025","502.25","501.60","510.90","495.00","15.51M","+2.17%"
"06/05/2025","491.60","469.70","497.00","467.20","7.87M","+5.04%"
"06/04/2025","468.00","472.00","472.00","452.05","4.56M","-0.16%"
"06/03/2025","468.75","457.80","474.40","457.65","8.00M","+3.44%"
"06/02/2025","453.15","457.00","460.90","450.50","2.13M","-1.10%"
"05/30/2025","458.20","466.90","469.90","453.50","3.06M","-1.41%"
"05/29/2025","464.75","453.55","466.00","453.15","3.99M","+2.68%"
"05/28/2025","452.60","453.30","456.95","450.50","1.81M","+0.24%"
"05/27/2025","451.50","451.00","455.00","447.50","1.28M","+0.12%"
"05/26/2025","450.95","449.00","453.10","447.35","1.26M","+0.87%"
"05/23/2025","447.05","442.15","449.70","437.80","2.04M","+1.05%"
"05/22/2025","442.40","444.20","447.90","437.65","2.70M","+0.08%"
"05/21/2025","442.05","437.75","444.50","433.70","1.68M","+1.55%"
"05/20/2025","435.30","453.50","455.20","434.00","2.71M","-2.88%"
"05/19/2025","448.20","442.25","455.90","442.00","2.76M","+1.33%"
"05/16/2025","442.30","442.90","445.00","439.45","1.42M","+0.35%"
"05/15/2025","440.75","440.00","444.25","437.50","2.09M","+0.41%"
"05/14/2025","438.95","430.85","440.70","429.80","2.43M","+2.34%"
"05/13/2025","428.90","435.00","436.10","427.00","1.49M","-1.39%"
"05/12/2025","434.95","420.00","436.40","420.00","2.77M","+6.51%"
"05/09/2025","408.35","398.00","410.35","398.00","1.51M","-0.24%"
"05/08/2025","409.35","423.00","425.65","408.00","1.37M","-3.16%"
"05/07/2025","422.70","409.00","425.55","408.40","1.55M","+2.24%"
"05/06/2025","413.45","430.00","430.95","411.55","1.99M","-3.46%"
"05/05/2025","428.25","430.45","432.95","426.50","850.00K","-0.10%"
"05/02/2025","428.70","439.20","443.25","427.20","1.92M","-2.39%"
"04/30/2025","439.20","442.50","446.50","438.00","1.28M","-1.40%"
"04/29/2025","445.45","452.00","455.50","443.90","1.57M","-1.56%"
"04/28/2025","452.50","452.00","459.50","445.50","3.59M","+1.69%"
"04/25/2025","445.00","462.50","467.90","439.00","4.25M","-3.12%"
"04/24/2025","459.35","449.00","464.60","446.80","2.64M","+2.29%"
"04/23/2025","449.05","448.20","451.05","437.50","1.61M","+0.74%"
"04/22/2025","445.75","453.00","460.75","444.00","2.05M","-1.48%"
"04/21/2025","452.45","440.00","457.85","440.00","1.89M","+2.90%"
"04/17/2025","439.70","438.00","444.90","430.15","2.03M","+0.39%"
"04/16/2025","438.00","432.90","439.00","426.50","1.68M","+0.94%"
"04/15/2025","433.90","419.50","435.65","418.30","1.87M","+5.56%"
"04/11/2025","411.05","415.00","415.65","407.10","1.56M","+2.61%"
"04/09/2025","400.60","408.00","408.05","397.15","1.43M","-2.78%"
"04/08/2025","412.05","418.95","419.90","403.35","1.51M","+1.30%"
"04/07/2025","406.75","390.20","410.60","388.55","2.44M","-4.73%"
"04/04/2025","426.95","457.75","457.75","424.00","3.06M","-7.01%"
"04/03/2025","459.15","457.85","468.45","452.60","1.88M","-0.36%"
"04/02/2025","460.80","453.10","463.70","446.60","1.21M","+1.55%"
"04/01/2025","453.75","462.55","467.00","452.00","1.44M","-1.76%"
"03/28/2025","461.90","452.00","475.00","451.25","5.68M","+3.13%"
"03/27/2025","447.90","443.00","449.90","440.10","1.97M","+1.29%"
"03/26/2025","442.20","446.25","453.80","441.15","1.45M","-0.51%"
"03/25/2025","444.45","456.05","457.05","443.00","1.27M","-1.95%"
"03/24/2025","453.30","448.65","457.85","448.40","1.41M","+1.55%"
"03/21/2025","446.40","458.25","458.60","442.00","3.77M","-2.18%"
"03/20/2025","456.35","458.00","464.00","445.60","2.80M","+0.46%"
"03/19/2025","454.25","441.50","477.80","440.25","7.18M","+4.09%"
"03/18/2025","436.40","437.80","439.75","435.25","1.32M","+0.24%"
"03/17/2025","435.35","430.55","442.00","430.55","1.57M","+1.24%"
"03/13/2025","430.00","430.00","436.90","428.00","1.37M","+0.55%"
"03/12/2025","427.65","429.00","432.65","425.75","1.23M","+0.06%"
"03/11/2025","427.40","422.00","431.70","420.30","2.15M","+0.22%"
"03/10/2025","426.45","429.05","434.05","425.00","1.45M","-0.68%"
"03/07/2025","429.35","430.05","437.95","428.20","2.10M","+0.76%"
"03/06/2025","426.10","418.00","429.35","416.25","2.63M","+3.61%"
"03/05/2025","411.25","395.45","412.80","395.45","1.93M","+4.00%"
"03/04/2025","395.45","384.90","398.70","381.45","1.56M","+2.06%"
"03/03/2025","387.45","392.00","395.30","378.15","2.00M","-0.86%"
"02/28/2025","390.80","406.00","407.00","390.00","1.61M","-5.09%"
"02/27/2025","411.75","407.00","415.00","403.05","1.03M","+1.10%"
"02/25/2025","407.25","414.75","416.85","405.10","732.52K","-2.02%"
"02/24/2025","415.65","421.00","425.95","415.05","1.02M","-2.58%"
"02/21/2025","426.65","422.75","430.20","420.05","1.07M","+0.90%"
"02/20/2025","422.85","412.00","424.25","411.80","971.14K","+2.27%"
"02/19/2025","413.45","409.05","414.55","406.60","984.10K","+1.08%"
"02/18/2025","409.05","417.00","419.00","404.70","763.87K","-1.56%"
"02/17/2025","415.55","411.55","416.65","402.55","1.57M","-0.24%"
"02/14/2025","416.55","414.00","422.50","410.15","2.78M","+1.15%"
"02/13/2025","411.80","422.00","426.95","411.00","1.24M","-2.03%"
"02/12/2025","420.35","420.25","424.30","408.30","1.33M","+0.84%"
"02/11/2025","416.85","435.00","438.45","413.95","1.60M","-4.32%"
"02/10/2025","435.65","441.60","443.90","433.00","1.06M","-1.07%"
"02/07/2025","440.35","444.00","446.60","436.50","1.29M","-0.58%"
"02/06/2025","442.90","465.00","467.45","441.60","2.68M","-5.25%"
"02/05/2025","467.45","442.20","469.20","438.65","3.71M","+6.99%"
"02/04/2025","436.90","438.50","443.90","432.00","1.05M","+1.01%"
"02/03/2025","432.55","445.00","445.00","426.55","1.15M","-2.97%"
"02/01/2025","445.80","450.15","457.75","442.65","831.42K","-0.97%"
"01/31/2025","450.15","446.50","452.35","440.50","1.05M","+1.99%"
"01/30/2025","441.35","439.40","452.40","438.80","711.32K","+0.70%"
"01/29/2025","438.30","440.00","444.95","430.00","1.68M","+1.18%"
"01/28/2025","433.20","454.00","461.20","431.00","2.31M","-3.91%"
"01/27/2025","450.85","461.70","461.95","448.45","697.45K","-3.37%"
"01/24/2025","466.55","477.00","480.50","461.65","811.86K","-1.59%"
"01/23/2025","474.10","470.00","479.50","465.00","1.01M","+1.01%"
"01/22/2025","469.35","466.00","470.80","459.65","1.49M","+1.81%"
"01/21/2025","461.00","463.50","472.50","458.25","1.04M","-0.97%"
"01/20/2025","465.50","464.20","467.05","456.60","762.66K","+1.89%"
"01/17/2025","456.85","456.50","461.90","453.90","631.21K","+0.32%"
"01/16/2025","455.40","449.00","459.90","448.25","1.03M","+3.02%"
"01/15/2025","442.05","436.50","448.50","436.20","713.99K","+1.38%"
"01/14/2025","436.05","422.00","439.00","421.90","1.15M","+3.97%"
"01/13/2025","419.40","429.85","432.85","414.70","1.85M","-3.22%"
"01/10/2025","433.35","437.70","438.95","427.20","910.05K","-0.99%"
"01/09/2025","437.70","445.40","453.15","436.10","2.01M","-1.37%"
"01/08/2025","443.80","449.25","451.00","432.40","1.53M","-1.06%"
"01/07/2025","448.55","447.00","454.95","447.00","566.24K","+0.39%"
"01/06/2025","446.80","473.20","473.20","445.05","1.24M","-4.76%"
"01/03/2025","469.15","452.50","472.50","450.85","2.31M","+3.68%"
"01/02/2025","452.50","447.00","455.40","441.30","1.07M","+1.90%"
"01/01/2025","444.05","443.90","448.40","440.95","638.86K","+0.01%"
"12/31/2024","444.00","432.60","445.50","432.60","1.43M","+2.68%"
"12/30/2024","432.40","454.00","454.70","429.60","2.76M","-4.90%"
"12/27/2024","454.70","454.00","463.25","453.85","790.79K","+0.32%"
"12/26/2024","453.25","463.40","465.00","451.80","981.85K","-2.19%"
"12/24/2024","463.40","465.00","465.80","460.45","599.37K","-0.11%"
"12/23/2024","463.90","471.00","473.50","462.90","786.34K","-1.05%"
"12/20/2024","468.80","480.00","483.90","466.30","935.25K","-2.20%"
"12/19/2024","479.35","478.45","483.00","472.00","941.09K","-1.24%"
"12/18/2024","485.35","491.15","492.20","481.40","910.00K","-1.08%"
"12/17/2024","490.65","499.70","501.00","490.00","1.07M","-1.53%"
"12/16/2024","498.25","500.35","503.95","497.50","595.62K","-0.42%"
"12/13/2024","500.35","501.15","502.00","492.10","1.09M","-0.24%"
"12/12/2024","501.55","510.85","513.95","501.00","1.16M","-1.49%"
"12/11/2024","509.15","499.90","516.40","497.60","3.16M","+2.15%"
"12/10/2024","498.45","508.70","509.25","498.00","1.33M","-1.59%"
"12/09/2024","506.50","510.00","512.55","505.20","868.38K","-0.69%"
"12/06/2024","510.00","500.60","515.40","499.45","2.92M","+1.88%"
"12/05/2024","500.60","508.00","508.05","499.10","903.21K","-1.25%"
"12/04/2024","506.95","507.50","510.90","504.80","889.38K","-0.04%"
"12/03/2024","507.15","503.05","508.40","500.50","1.16M","+0.86%"
"12/02/2024","502.85","502.05","506.75","499.10","868.96K","-0.35%"
"11/29/2024","504.60","495.80","505.90","491.60","1.57M","+2.14%"
"11/28/2024","494.05","500.00","501.00","493.00","919.43K","-1.18%"
"11/27/2024","499.95","494.00","501.00","494.00","787.95K","+1.11%"
"11/26/2024","494.45","499.00","499.70","493.20","768.92K","-0.81%"
"11/25/2024","498.50","498.00","501.50","495.70","1.70M","+1.89%"
"11/22/2024","489.25","488.00","491.70","485.15","1.08M","+0.45%"
"11/21/2024","487.05","492.15","492.95","483.20","1.55M","-1.04%"
"11/19/2024","492.15","500.00","500.40","490.00","1.34M","-0.85%"
"11/18/2024","496.35","503.60","503.90","494.80","2.85M","+0.20%"
"11/14/2024","495.35","487.05","497.65","484.75","1.58M","+1.99%"
"11/13/2024","485.70","497.00","503.15","484.00","2.64M","-3.00%"
"11/12/2024","500.70","509.00","512.25","498.20","2.22M","-1.07%"
"11/11/2024","506.10","505.90","509.65","494.00","5.11M","-0.03%"
"11/08/2024","506.25","509.70","512.80","505.05","3.20M","-0.27%"
"11/07/2024","507.60","507.70","509.70","505.55","7.36M","-1.07%"
"11/06/2024","513.10","520.00","523.40","512.25","11.69M","-8.32%"
"11/05/2024","559.65","545.00","565.00","542.80","2.60M","+2.91%"
"11/04/2024","543.80","559.00","559.55","523.05","3.24M","-2.59%"
"11/01/2024","558.25","558.95","564.80","552.00","570.06K","+0.91%"
"10/31/2024","553.20","563.00","564.00","540.00","2.27M","-1.28%"
"10/30/2024","560.40","555.00","575.40","552.15","4.04M","+1.86%"
"10/29/2024","550.15","528.45","553.85","527.95","4.29M","+4.46%"
"10/28/2024","526.65","515.50","529.50","512.00","1.85M","+3.25%"
"10/25/2024","510.05","538.50","539.50","503.15","3.66M","-5.46%"
"10/24/2024","539.50","526.45","549.00","526.45","5.30M","+3.02%"
"10/23/2024","523.70","515.10","535.00","515.10","4.76M","+1.97%"
"10/22/2024","513.60","505.80","523.00","505.45","4.80M","+2.36%"
"10/21/2024","501.75","519.35","521.80","500.00","2.27M","-0.94%"
"10/18/2024","506.50","505.95","520.00","494.00","3.49M","-0.33%"
"10/17/2024","508.20","511.20","516.95","502.10","886.03K","-0.43%"
"10/16/2024","510.40","514.40","519.95","508.65","972.11K","-0.78%"
"10/15/2024","514.40","520.30","523.55","511.30","1.23M","-1.11%"
"10/14/2024","520.20","506.70","522.80","506.60","1.88M","+3.18%"
"10/11/2024","504.15","508.80","512.00","502.00","511.31K","-0.91%"
"10/10/2024","508.80","506.00","513.00","506.00","677.68K","+0.66%"
"10/09/2024","505.45","509.10","514.95","503.85","910.10K","-1.05%"
"10/08/2024","510.80","495.40","513.60","492.65","1.75M","+3.11%"
"10/07/2024","495.40","524.00","524.00","490.50","1.94M","-4.22%"
"10/04/2024","517.25","523.15","526.65","509.85","1.88M","-1.08%"
"10/03/2024","522.90","517.00","533.55","512.55","5.50M","+0.58%"
"10/01/2024","519.90","522.90","524.00","511.85","1.88M","-0.50%"
"09/30/2024","522.50","525.00","531.25","516.85","4.00M","-0.11%"
"09/27/2024","523.05","525.00","525.40","516.55","3.79M","+1.17%"
"09/26/2024","517.00","511.15","520.95","504.05","3.89M","+1.13%"
"09/25/2024","511.20","514.00","514.95","506.40","4.00M","+0.71%"
"09/24/2024","507.60","505.00","514.00","504.10","3.46M","+0.73%"
"09/23/2024","503.90","501.00","508.05","498.25","2.16M","+0.64%"
"09/20/2024","500.70","494.70","504.15","492.30","2.85M","+2.30%"
"09/19/2024","489.45","492.00","496.00","478.55","1.82M","+0.92%"
"09/18/2024","485.00","495.00","496.00","483.60","1.28M","-1.20%"
"09/17/2024","490.90","498.00","498.95","489.50","1.01M","-1.12%"
"09/16/2024","496.45","501.00","508.40","494.05","2.07M","-0.03%"
"09/13/2024","496.60","494.70","504.00","493.40","2.48M","+1.39%"
"09/12/2024","489.80","480.00","491.00","479.40","1.74M","+2.78%"
"09/11/2024","476.55","488.00","488.00","475.40","1.44M","-2.13%"
"09/10/2024","486.90","483.60","491.00","479.00","1.52M","+1.42%"
"09/09/2024","480.10","484.75","486.00","477.00","1.74M","-1.39%"
"09/06/2024","486.85","496.60","497.40","485.55","1.94M","-1.79%"
"09/05/2024","495.70","489.00","496.70","488.00","1.95M","+2.02%"
"09/04/2024","485.90","489.00","489.00","481.05","2.64M","-1.35%"
"09/03/2024","492.55","493.05","496.90","490.25","1.77M","-0.26%"
"09/02/2024","493.85","502.00","502.45","492.00","2.34M","-1.38%"
"08/30/2024","500.75","499.00","502.00","495.00","2.17M","+0.86%"
"08/29/2024","496.50","507.95","508.60","492.40","5.15M","-2.89%"
"08/28/2024","511.25","514.90","514.90","509.45","3.92M","-3.96%"
"08/27/2024","532.35","531.00","537.60","530.00","5.90M","+0.80%"
"08/26/2024","528.10","518.00","528.95","517.10","8.08M","+2.78%"
"08/23/2024","513.80","517.00","519.65","512.55","4.98M","-0.94%"
"08/22/2024","518.65","512.90","519.85","512.15","7.87M","+1.53%"
"08/21/2024","510.85","515.95","516.90","508.75","7.48M","-0.34%"
"08/20/2024","512.60","496.30","514.20","496.30","21.92M","+3.41%"
"08/19/2024","495.70","490.00","498.55","488.05","26.42M","-4.65%"
"08/16/2024","519.90","530.00","544.00","516.05","11.32M","-9.07%"
"08/14/2024","571.75","562.00","618.00","544.05","3.06M","-1.42%"
"08/13/2024","580.00","618.00","618.00","576.25","1.35M","-5.57%"
"08/12/2024","614.20","599.95","627.90","599.00","930.56K","+3.40%"
"08/09/2024","594.00","610.40","610.40","592.00","455.57K","-0.99%"
"08/08/2024","599.95","598.50","604.40","588.00","752.22K","+0.77%"
"08/07/2024","595.35","615.00","632.00","591.40","1.41M","-2.19%"
"08/06/2024","608.70","615.00","629.95","605.00","490.50K","-1.37%"
"08/05/2024","617.15","626.05","636.00","609.10","812.50K","-5.32%"
"08/02/2024","651.80","640.00","663.15","632.55","1.16M","+0.65%"
"08/01/2024","647.60","654.00","655.70","639.20","540.66K","+0.12%"
"07/31/2024","646.85","637.00","654.50","633.05","422.94K","+0.83%"
"07/30/2024","641.50","640.00","647.70","635.20","526.19K","+1.23%"
"07/29/2024","633.70","611.00","642.00","608.20","759.84K","+5.00%"
"07/26/2024","603.50","610.05","624.00","599.00","915.30K","-1.30%"
"07/25/2024","611.45","627.05","629.05","608.25","783.70K","-3.61%"
"07/24/2024","634.35","624.10","645.95","624.00","336.59K","+1.91%"
"07/23/2024","622.45","632.00","635.90","604.95","470.58K","-1.51%"
"07/22/2024","632.00","632.00","638.85","624.00","481.43K","-1.52%"
"07/19/2024","641.75","647.95","654.55","635.00","488.01K","-0.95%"
"07/18/2024","647.90","667.00","669.50","646.00","597.37K","-2.14%"
"07/16/2024","662.10","660.50","663.45","655.00","396.05K","+0.36%"
"07/15/2024","659.70","668.00","669.90","653.00","398.75K","-0.74%"
"07/12/2024","664.65","679.95","684.00","660.00","536.85K","-1.03%"
"07/11/2024","671.60","663.60","680.40","661.00","503.11K","+1.88%"
"07/10/2024","659.20","677.55","677.55","651.00","545.55K","-2.07%"
"07/09/2024","673.15","688.90","699.60","669.00","588.09K","-1.89%"
"07/08/2024","686.15","698.00","717.00","680.90","1.46M","-1.01%"
"07/05/2024","693.15","688.00","696.00","680.25","1.14M","+1.03%"
"07/04/2024","686.05","680.00","695.00","680.00","1.50M","+1.92%"
"07/03/2024","673.15","654.90","684.00","652.00","1.49M","+3.16%"
"07/02/2024","652.50","659.90","659.90","650.00","435.69K","-0.65%"
"07/01/2024","656.75","670.00","673.00","650.00","1.05M","-1.93%"
"06/28/2024","669.65","673.55","679.30","662.30","742.34K","-0.53%"
"06/27/2024","673.25","650.90","679.45","646.25","1.33M","+3.58%"
"06/26/2024","650.00","664.80","664.80","648.00","492.27K","-2.09%"
"06/25/2024","663.90","659.00","672.00","655.00","713.28K","+0.67%"
"06/24/2024","659.50","662.10","666.80","650.55","626.23K","-0.76%"
"06/21/2024","664.55","652.30","684.00","642.00","2.69M","+2.63%"
"06/20/2024","647.55","635.40","673.95","634.60","2.23M","+2.23%"
"06/19/2024","633.45","647.00","658.00","630.30","867.05K","-1.90%"
"06/18/2024","645.75","664.00","666.00","644.40","982.67K","-2.44%"
"06/14/2024","661.90","675.90","676.40","659.55","1.05M","-1.56%"
"06/13/2024","672.40","694.00","695.10","670.00","874.21K","-2.30%"
"06/12/2024","688.25","700.00","703.35","679.55","769.30K","-1.19%"
"06/11/2024","696.55","672.40","716.00","672.00","1.99M","+4.02%"
"06/10/2024","669.65","686.05","686.05","665.00","880.09K","-2.69%"
"06/07/2024","688.15","691.90","699.70","683.00","872.91K","+0.05%"
"06/06/2024","687.80","681.95","703.50","675.00","1.06M","+1.62%"
"06/05/2024","676.85","639.00","687.00","596.80","1.76M","+5.87%"
"06/04/2024","639.35","692.75","693.75","626.80","1.98M","-8.19%"
"06/03/2024","696.40","740.00","740.00","695.00","1.66M","+1.33%"
"05/31/2024","687.25","678.80","706.55","675.25","2.59M","+3.11%"
"05/30/2024","666.50","707.00","714.80","660.00","2.47M","-6.36%"
"05/29/2024","711.80","719.90","732.00","706.90","1.81M","-0.63%"
"05/28/2024","716.30","714.00","746.00","703.00","3.41M","+1.33%"
"05/27/2024","706.90","746.00","749.70","700.00","2.12M","-4.81%"
"05/24/2024","742.65","740.00","760.00","728.00","2.23M","+0.24%"
"05/23/2024","740.90","758.75","758.90","711.90","6.80M","-4.07%"
"05/22/2024","772.30","768.00","807.70","712.35","17.44M","+4.18%"
"05/21/2024","741.30","636.75","743.60","625.10","15.46M","+19.62%"
"05/18/2024","619.70","596.00","619.70","596.00","1.09M","+5.00%"
"05/17/2024","590.20","584.75","619.10","578.40","6.52M","+1.18%"
"05/16/2024","583.30","566.50","589.00","556.50","5.21M","+4.00%"
"05/15/2024","560.85","557.50","580.00","545.55","4.21M","+0.17%"
"05/14/2024","559.90","578.60","582.00","547.30","17.15M","-3.32%"
"05/13/2024","579.10","529.00","586.00","506.80","25.34M","+10.20%"
"05/10/2024","525.50","460.95","540.95","460.30","28.24M","+15.20%"
"05/09/2024","456.15","472.80","486.80","451.30","3.88M","-3.33%"
"05/08/2024","471.85","446.70","487.00","444.35","8.90M","+5.84%"
"05/07/2024","445.80","464.25","467.40","433.65","3.60M","-3.97%"
"05/06/2024","464.25","474.00","476.80","443.10","5.39M","-1.24%"
"05/03/2024","470.10","438.20","478.40","438.20","10.40M","+8.79%"
"05/02/2024","432.10","428.80","437.35","424.20","2.25M","+1.21%"
"04/30/2024","426.95","427.50","442.55","425.25","2.37M","+0.64%"
"04/29/2024","424.25","425.35","427.85","421.80","1.47M","+0.63%"
"04/26/2024","421.60","413.50","429.00","412.05","3.81M","+2.45%"
"04/25/2024","411.50","409.60","423.95","407.50","2.42M","+0.46%"
"04/24/2024","409.60","406.55","413.90","406.55","1.27M","+1.26%"
"04/23/2024","404.50","412.00","415.90","403.00","1.72M","-1.27%"
"04/22/2024","409.70","399.00","419.90","397.60","3.21M","+2.76%"
"04/19/2024","398.70","404.00","410.10","393.20","3.83M","-1.54%"
"04/18/2024","404.95","405.35","417.55","403.00","3.10M","+0.55%"
"04/16/2024","402.75","406.00","418.00","400.00","4.25M","-1.10%"
"04/15/2024","407.25","425.00","427.30","402.00","9.04M","-5.72%"
"04/12/2024","431.95","402.00","437.80","394.05","19.95M","+7.64%"
"04/10/2024","401.30","400.00","414.50","388.45","13.10M","+0.73%"
"04/09/2024","398.40","346.10","408.00","344.05","21.02M","+15.68%"
"04/08/2024","344.40","343.50","350.85","341.40","3.22M","+1.31%"
"04/05/2024","339.95","339.50","340.40","332.10","1.82M","+0.62%"
"04/04/2024","337.85","334.80","341.20","332.65","5.30M","+2.89%"
"04/03/2024","328.35","321.00","330.30","320.50","5.71M","+4.02%"
"04/02/2024","315.65","306.15","319.90","304.35","1.85M","+3.10%"
"04/01/2024","306.15","295.45","307.55","294.15","916.69K","+4.74%"
"03/28/2024","292.30","293.70","296.15","290.10","452.62K","-0.48%"
"03/27/2024","293.70","294.25","297.80","293.00","465.42K","-0.41%"
"03/26/2024","294.90","297.85","298.95","294.30","455.96K","-0.37%"
"03/22/2024","296.00","294.00","297.95","293.20","563.80K","+0.71%"
"03/21/2024","293.90","292.00","296.45","292.00","367.19K","+0.75%"
"03/20/2024","291.70","294.95","295.30","290.80","331.33K","-0.58%"
"03/19/2024","293.40","294.95","295.90","291.50","366.87K","-0.69%"
"03/18/2024","295.45","289.40","296.50","289.40","685.73K","+2.09%"
"03/15/2024","289.40","304.00","304.00","284.60","3.15M","-4.87%"
"03/14/2024","304.20","301.80","306.70","298.00","520.71K","+0.80%"
"03/13/2024","301.80","308.45","308.70","300.00","560.41K","-2.16%"
"03/12/2024","308.45","309.70","309.70","305.55","301.10K","+0.02%"
"03/11/2024","308.40","310.95","312.80","308.05","240.07K","-0.82%"
"03/07/2024","310.95","308.60","312.80","308.05","310.48K","+1.11%"
"03/06/2024","307.55","307.00","308.95","306.05","268.16K","-0.19%"
"03/05/2024","308.15","312.50","313.40","307.00","418.68K","-1.30%"
"03/04/2024","312.20","313.00","314.95","310.75","421.73K","-0.13%"
"03/02/2024","312.60","309.50","313.00","308.05","106.34K","+1.25%"
"03/01/2024","308.75","307.95","313.40","307.15","331.40K","+0.75%"
"02/29/2024","306.45","308.90","308.90","306.00","283.04K","-0.83%"
"02/28/2024","309.00","310.50","311.35","307.55","312.86K","-0.21%"
"02/27/2024","309.65","310.00","310.50","308.30","262.55K","-0.19%"
"02/26/2024","310.25","310.65","313.95","308.70","349.74K","-0.13%"
"02/23/2024","310.65","310.20","311.45","309.65","193.11K","+0.13%"
"02/22/2024","310.25","310.00","311.00","307.95","193.16K","+0.37%"
"02/21/2024","309.10","310.95","312.90","308.40","280.53K","-0.64%"
"02/20/2024","311.10","311.00","313.00","310.50","194.59K","+0.00%"
"02/19/2024","311.10","313.30","314.90","310.50","278.69K","-0.65%"
"02/16/2024","313.15","315.00","316.45","312.50","225.07K","-0.56%"
"02/15/2024","314.90","318.00","318.00","310.00","398.99K","+1.50%"
"02/14/2024","310.25","306.00","311.00","305.70","228.98K","+0.60%"
"02/13/2024","308.40","308.30","310.90","305.00","331.92K","+0.03%"
"02/12/2024","308.30","313.95","316.40","306.40","439.07K","-1.38%"
"02/09/2024","312.60","314.35","314.75","310.50","290.54K","-0.56%"
"02/08/2024","314.35","317.00","317.20","313.00","403.83K","-0.49%"
"02/07/2024","315.90","317.00","318.75","315.00","430.49K","+0.00%"
"02/06/2024","315.90","315.50","318.70","313.50","433.85K","+0.13%"
"02/05/2024","315.50","318.20","319.75","314.50","802.08K","-0.85%"
"02/02/2024","318.20","318.90","321.45","316.50","707.72K","+0.30%"
"02/01/2024","317.25","320.00","321.00","316.00","504.65K","+0.00%"
"01/31/2024","317.25","318.60","319.60","316.05","491.39K","-0.25%"
"01/30/2024","318.05","314.10","319.50","313.00","733.70K","+1.29%"
"01/29/2024","314.00","314.00","315.00","311.55","366.62K","+0.26%"
"01/25/2024","313.20","311.50","314.35","311.00","331.79K","+0.63%"
"01/24/2024","311.25","310.00","312.00","308.00","420.65K","+0.18%"
"01/23/2024","310.70","316.45","317.00","307.70","613.37K","-1.41%"
"01/20/2024","315.15","315.15","317.65","314.50","409.64K","+0.00%"
"01/19/2024","315.15","314.05","323.50","313.05","1.81M","+0.99%"
"01/18/2024","312.05","315.00","315.45","304.40","890.97K","-1.22%"
"01/17/2024","315.90","318.90","318.90","314.00","765.45K","-1.47%"
"01/16/2024","320.60","322.00","323.95","317.30","939.90K","-0.36%"
"01/15/2024","321.75","316.00","325.45","316.00","1.71M","+1.69%"
"01/12/2024","316.40","317.00","318.90","315.95","310.60K","-0.28%"
"01/11/2024","317.30","318.45","318.95","316.50","319.08K","+0.02%"
"01/10/2024","317.25","313.00","319.15","311.00","417.36K","+1.10%"
"01/09/2024","313.80","316.85","317.85","312.50","371.11K","-0.52%"
"01/08/2024","315.45","318.00","318.30","314.70","451.66K","-0.96%"
"01/05/2024","318.50","318.00","320.00","315.70","524.84K","+0.08%"
"01/04/2024","318.25","318.05","319.90","317.90","447.98K","-0.17%"
"01/03/2024","318.80","320.10","322.00","318.10","787.99K","+0.47%"
"01/02/2024","317.30","318.35","319.20","312.70","566.90K","-0.33%"
"01/01/2024","318.35","318.05","320.80","316.85","579.46K","+0.09%"
"12/29/2023","318.05","313.70","322.05","313.70","1.52M","+1.74%"
"12/28/2023","312.60","312.10","317.50","311.00","1.64M","+0.21%"
"12/27/2023","311.95","312.00","313.25","310.35","306.30K","+0.08%"
"12/26/2023","311.70","311.05","312.90","310.00","311.19K","+0.58%"
"12/22/2023","309.90","305.05","312.00","305.05","480.18K","+1.11%"
"12/21/2023","306.50","304.00","307.55","302.70","472.20K","-0.13%"
"12/20/2023","306.90","312.10","314.00","305.75","681.20K","-1.62%"
"12/19/2023","311.95","314.20","314.90","310.50","541.55K","-1.06%"
"12/18/2023","315.30","316.00","316.35","311.05","401.87K","-0.33%"
"12/15/2023","316.35","320.00","320.00","314.50","778.34K","-0.86%"
"12/14/2023","319.10","325.10","325.10","318.00","846.43K","-1.97%"
"12/13/2023","325.50","324.90","326.00","323.60","879.87K","+0.18%"
"12/12/2023","324.90","325.25","326.75","324.20","453.20K","-0.14%"
"12/11/2023","325.35","324.00","326.80","323.55","565.52K","+0.84%"
"12/08/2023","322.65","324.15","325.90","320.20","676.46K","-0.46%"
"12/07/2023","324.15","327.00","327.60","323.00","861.93K","-0.46%"
"12/06/2023","325.65","329.45","332.00","325.00","2.93M","+0.20%"
"12/05/2023","325.00","320.95","327.00","320.00","1.83M","+2.23%"
"12/04/2023","317.90","318.90","319.00","313.00","2.21M","+5.91%"
"12/01/2023","300.15","300.95","302.00","297.85","395.24K","+0.30%"
"11/30/2023","299.25","300.05","300.85","297.50","382.85K","-0.17%"
"11/29/2023","299.75","302.55","303.00","299.50","636.25K","-0.35%"
"11/28/2023","300.80","302.75","302.75","300.00","197.87K","-0.07%"
"11/24/2023","301.00","303.90","303.90","299.90","132.41K","-0.12%"
"11/23/2023","301.35","299.55","302.50","299.55","115.56K","+0.60%"
"11/22/2023","299.55","303.85","304.00","298.25","290.07K","-1.42%"
"11/21/2023","303.85","307.00","307.30","303.30","142.12K","-0.41%"
"11/20/2023","305.10","307.60","308.95","305.00","119.97K","-0.81%"
"11/17/2023","307.60","300.30","308.70","300.10","334.15K","+1.33%"
"11/16/2023","303.55","305.90","305.90","301.35","300.97K","-0.25%"
"11/15/2023","304.30","304.95","306.60","302.55","306.70K","+1.01%"
"11/13/2023","301.25","303.95","304.60","300.15","247.76K","-0.89%"
"11/12/2023","303.95","305.00","305.80","303.20","112.62K","+0.71%"
"11/10/2023","301.80","296.60","305.90","295.35","331.95K","+1.75%"
"11/09/2023","296.60","297.00","298.00","295.00","186.23K","-0.13%"
"11/08/2023","297.00","293.80","297.50","293.80","197.82K","+1.45%"
"11/07/2023","292.75","296.90","297.50","292.10","393.77K","-1.11%"
"11/06/2023","296.05","299.00","299.70","295.30","333.78K","-1.02%"
"11/03/2023","299.10","295.80","299.80","294.70","211.81K","+1.63%"
"11/02/2023","294.30","295.00","296.50","292.50","213.24K","+0.62%"
"11/01/2023","292.50","295.85","296.15","291.15","315.88K","-1.03%"
"10/31/2023","295.55","293.45","297.05","293.10","228.05K","+0.92%"
"10/30/2023","292.85","295.80","295.80","291.35","325.58K","-1.00%"
"10/27/2023","295.80","296.25","299.70","293.35","346.21K","+0.37%"
"10/26/2023","294.70","299.00","299.65","290.50","557.11K","-1.67%"
"10/25/2023","299.70","305.95","307.90","296.60","512.93K","-1.24%"
"10/23/2023","303.45","306.00","307.90","301.90","499.17K","-1.67%"
"10/20/2023","308.60","314.60","315.80","300.30","1.53M","-1.84%"
"10/19/2023","314.40","310.00","315.00","310.00","205.30K","+0.37%"
"10/18/2023","313.25","320.80","324.50","309.55","2.05M","-2.48%"
"10/17/2023","321.20","323.70","324.00","320.10","473.93K","-0.22%"
"10/16/2023","321.90","320.15","324.60","317.60","710.37K","+1.04%"
"10/13/2023","318.60","317.70","320.50","317.15","365.39K","+0.28%"
"10/12/2023","317.70","315.65","321.90","315.00","555.52K","+0.13%"
"10/11/2023","317.30","318.00","319.80","312.80","461.12K","+0.08%"
"10/10/2023","317.05","314.95","317.85","313.00","601.03K","+1.68%"
"10/09/2023","311.80","308.00","314.50","302.80","1.10M","+2.05%"
"10/06/2023","305.55","306.45","306.85","302.55","326.06K","+0.34%"
"10/05/2023","304.50","300.55","307.55","300.55","292.30K","-1.18%"
"10/04/2023","308.15","307.00","309.40","304.20","369.67K","+0.37%"
"10/03/2023","307.00","308.65","311.45","303.60","703.14K","-0.53%"
"09/29/2023","308.65","300.30","317.50","300.20","2.29M","+3.59%"
"09/28/2023","297.95","311.00","311.40","294.00","1.14M","-4.20%"
"09/27/2023","311.00","312.00","312.00","309.20","199.24K","-0.14%"
"09/26/2023","311.45","314.85","316.50","310.05","276.88K","-0.59%"
"09/25/2023","313.30","315.45","315.45","309.20","350.06K","-0.16%"
"09/22/2023","313.80","313.95","314.95","312.05","195.35K","+0.13%"
"09/21/2023","313.40","315.60","316.00","312.15","233.39K","-0.70%"
"09/20/2023","315.60","318.15","318.90","314.80","239.37K","-0.80%"
"09/18/2023","318.15","322.45","322.45","317.50","299.52K","-1.04%"
"09/15/2023","321.50","322.95","323.50","321.20","538.27K","+0.09%"
"09/14/2023","321.20","317.80","322.00","316.40","555.89K","+2.02%"
"09/13/2023","314.85","316.45","316.95","312.50","297.98K","-0.11%"
"09/12/2023","315.20","321.95","322.00","314.55","388.77K","-1.48%"
"09/11/2023","319.95","320.60","322.00","318.80","391.44K","-0.08%"
"09/08/2023","320.20","322.00","322.85","320.00","295.10K","-0.22%"
"09/07/2023","320.90","322.00","322.95","319.00","263.61K","-0.17%"
"09/06/2023","321.45","325.00","325.00","321.00","291.82K","-0.79%"
"09/05/2023","324.00","325.00","326.45","320.65","535.16K","+0.15%"
"09/04/2023","323.50","320.00","324.90","319.85","667.68K","+1.19%"
"09/01/2023","319.70","318.15","322.00","318.15","281.40K","+0.49%"
"08/31/2023","318.15","321.00","321.45","317.05","219.12K","-0.56%"
"08/30/2023","319.95","316.10","322.50","316.10","567.03K","+1.44%"
"08/29/2023","315.40","317.05","317.85","314.80","219.23K","-0.25%"
"08/28/2023","316.20","314.45","317.30","314.10","475.28K","+0.56%"
"08/25/2023","314.45","316.95","318.00","313.30","344.87K","-0.52%"
"08/24/2023","316.10","314.10","316.75","314.10","305.98K","+0.64%"
"08/23/2023","314.10","316.30","317.50","313.60","322.54K","-0.70%"
"08/22/2023","316.30","315.90","316.85","313.50","190.79K","+0.38%"
"08/21/2023","315.10","316.00","316.85","312.30","243.07K","+0.17%"
"08/18/2023","314.55","314.00","315.90","312.05","246.54K","+0.18%"
"08/17/2023","314.00","314.35","317.30","313.05","231.01K","-0.06%"
"08/16/2023","314.20","316.80","316.90","314.00","207.99K","-0.74%"
"08/14/2023","316.55","317.00","317.95","314.00","234.10K","+0.00%"
"08/11/2023","316.55","320.00","320.00","316.00","279.24K","-0.71%"
"08/10/2023","318.80","320.95","321.95","318.00","225.42K","-0.56%"
"08/09/2023","320.60","319.05","321.00","318.05","235.75K","+0.36%"
"08/08/2023","319.45","319.35","320.95","315.75","427.00K","+0.85%"
"08/07/2023","316.75","321.90","321.90","316.00","411.14K","-0.46%"
"08/04/2023","318.20","318.90","321.50","316.75","362.43K","+0.03%"
"08/03/2023","318.10","322.00","322.00","316.10","485.56K","-0.90%"
"08/02/2023","321.00","323.00","324.70","319.30","580.86K","-0.39%"
"08/01/2023","322.25","323.55","324.35","320.40","406.74K","+0.09%"
"07/31/2023","321.95","320.30","323.00","318.20","632.38K","+0.56%"
"07/28/2023","320.15","320.40","320.90","316.90","497.22K","-0.08%"
"07/27/2023","320.40","321.10","321.95","314.85","816.75K","+0.17%"
"07/26/2023","319.85","320.00","322.45","318.00","562.03K","+0.57%"
"07/25/2023","318.05","316.00","320.00","312.00","572.16K","+0.47%"
"07/24/2023","316.55","315.00","318.00","313.00","763.35K","-0.50%"
"07/21/2023","318.15","323.60","323.60","315.60","950.30K","-1.55%"
"07/20/2023","323.15","324.65","324.65","322.00","208.68K","-0.03%"
"07/19/2023","323.25","320.00","328.00","318.70","607.41K","+0.92%"
"07/18/2023","320.30","325.15","325.15","318.50","442.32K","-1.13%"
"07/17/2023","323.95","327.50","327.95","323.00","720.81K","-1.40%"
"07/14/2023","328.55","326.80","329.00","324.05","563.67K","-0.65%"
"07/13/2023","330.70","333.35","334.00","327.95","1.09M","-0.59%"
"07/12/2023","332.65","332.90","333.00","331.60","624.58K","+0.51%"
"07/11/2023","330.95","329.95","333.00","327.85","1.21M","+0.95%"
"07/10/2023","327.85","331.00","332.00","324.05","2.65M","-3.74%"
"07/07/2023","340.60","340.00","344.00","337.55","3.39M","+1.38%"
"07/06/2023","335.95","316.00","338.35","316.00","6.69M","+7.85%"
"07/05/2023","311.50","312.40","312.40","310.50","311.19K","+0.24%"
"07/04/2023","310.75","310.70","312.85","310.00","388.88K","+0.39%"
"07/03/2023","309.55","309.00","310.00","308.20","329.06K","+0.72%"
"06/30/2023","307.35","308.00","308.00","305.30","347.57K","+0.15%"
"06/28/2023","306.90","307.65","309.35","305.90","349.31K","+0.54%"
"06/27/2023","305.25","307.10","307.50","305.00","362.33K","-0.57%"
"06/26/2023","307.00","308.45","308.95","304.00","577.65K","-0.47%"
"06/23/2023","308.45","313.60","313.60","308.00","333.50K","-0.72%"
"06/22/2023","310.70","308.80","311.45","306.95","655.28K","+0.91%"
"06/21/2023","307.90","308.40","308.70","305.55","488.12K","-0.06%"
"06/20/2023","308.10","307.10","308.30","306.00","485.54K","+0.33%"
"06/19/2023","307.10","306.15","307.45","304.50","661.80K","+0.85%"
"06/16/2023","304.50","304.90","309.50","303.90","803.57K","+0.20%"
"06/15/2023","303.90","303.05","304.70","300.15","1.07M","+0.58%"
"06/14/2023","302.15","305.00","305.90","301.00","790.05K","-0.56%"
"06/13/2023","303.85","299.75","304.60","299.55","984.24K","+1.64%"
"06/12/2023","298.95","301.00","301.55","298.70","697.00K","-0.53%"
"06/09/2023","300.55","305.95","305.95","299.00","854.12K","-1.20%"
"06/08/2023","304.20","306.50","306.50","303.60","712.68K","-0.41%"
"06/07/2023","305.45","309.80","309.80","305.10","710.62K","-0.52%"
"06/06/2023","307.05","308.00","309.40","306.40","255.15K","+0.05%"
"06/05/2023","306.90","305.85","309.90","305.50","421.09K","+0.13%"
"06/02/2023","306.50","306.00","307.15","305.00","273.16K","+0.28%"
"06/01/2023","305.65","306.75","307.10","304.50","283.06K","-0.11%"
"05/31/2023","306.00","306.65","307.15","304.40","343.63K","-0.21%"
"05/30/2023","306.65","307.00","307.80","305.45","370.13K","-0.02%"
"05/29/2023","306.70","307.25","308.00","305.25","453.40K","+0.36%"
"05/26/2023","305.60","307.85","307.85","304.55","442.43K","+0.23%"
"05/25/2023","304.90","306.00","307.40","304.40","363.83K","-0.54%"
"05/24/2023","306.55","307.55","309.70","306.10","480.51K","-0.33%"
"05/23/2023","307.55","308.10","310.00","307.10","533.93K","-0.37%"
"05/22/2023","308.70","309.95","310.90","308.00","330.80K","+0.11%"
"05/19/2023","308.35","310.85","312.20","307.55","330.86K","-0.63%"
"05/18/2023","310.30","312.60","313.50","310.00","303.32K","-0.66%"
"05/17/2023","312.35","311.40","313.60","310.15","314.22K","+0.58%"
"05/16/2023","310.55","311.20","312.85","310.00","242.70K","+0.27%"
"05/15/2023","309.70","312.50","312.50","308.85","308.71K","-0.21%"
"05/12/2023","310.35","313.00","313.00","309.30","339.33K","-1.07%"
"05/11/2023","313.70","314.30","315.00","313.05","146.65K","-0.19%"
"05/10/2023","314.30","315.50","315.50","312.60","214.25K","+0.03%"
"05/09/2023","314.20","314.20","316.60","312.25","408.05K","+0.24%"
"05/08/2023","313.45","312.25","314.50","312.00","268.68K","+0.63%"
"05/05/2023","311.50","313.00","313.55","310.60","348.80K","-0.37%"
"05/04/2023","312.65","315.60","316.65","311.55","404.33K","-0.54%"
"05/03/2023","314.35","316.35","316.35","312.00","466.52K","-0.27%"
"05/02/2023","315.20","316.40","317.80","315.00","407.89K","+0.27%"
"04/28/2023","314.35","311.55","314.90","311.30","554.35K","+1.31%"
"04/27/2023","310.30","312.00","312.70","309.20","329.62K","-0.93%"
"04/26/2023","313.20","315.50","316.30","312.55","401.60K","-1.15%"
"04/25/2023","316.85","318.45","319.20","316.20","302.29K","-0.50%"
"04/24/2023","318.45","320.00","320.00","314.00","892.06K","-1.89%"
"04/21/2023","324.60","326.95","328.00","321.00","1.22M","-0.90%"
"04/20/2023","327.55","325.70","328.50","325.05","794.27K","+0.96%"
"04/19/2023","324.45","324.00","326.00","323.40","789.88K","+0.36%"
"04/18/2023","323.30","319.00","324.90","319.00","1.13M","+1.40%"
"04/17/2023","318.85","319.70","320.85","317.10","767.76K","-0.27%"
"04/13/2023","319.70","313.90","321.80","312.65","1.31M","+2.06%"
"04/12/2023","313.25","313.00","313.80","311.40","507.48K","+0.38%"
"04/11/2023","312.05","312.90","313.95","310.40","741.35K","-0.24%"
"04/10/2023","312.80","311.30","314.95","310.35","839.20K","+0.48%"
"04/06/2023","311.30","304.20","312.55","303.35","1.11M","+1.83%"
"04/05/2023","305.70","299.00","307.00","297.60","2.12M","+2.52%"
"04/03/2023","298.20","294.00","298.90","293.35","792.38K","+1.65%"
"03/31/2023","293.35","298.00","298.00","292.30","1.89M","-1.89%"
"03/29/2023","299.00","299.00","302.90","295.00","2.73M","-9.06%"
"03/28/2023","328.80","331.00","331.55","323.30","1.94M","-0.09%"
"03/27/2023","329.10","326.50","329.70","324.05","2.63M","+1.86%"
"03/24/2023","323.10","324.00","324.00","320.30","2.73M","+0.89%"
"03/23/2023","320.25","320.00","324.80","317.30","4.47M","+0.79%"
"03/22/2023","317.75","321.00","325.00","316.85","10.75M","+2.30%"
"03/21/2023","310.60","314.90","316.00","309.10","1.57M","+0.00%"
"03/20/2023","310.60","316.80","317.25","309.55","1.41M","-0.48%"
"03/17/2023","312.10","312.00","318.00","309.00","6.32M","+2.38%"
"03/16/2023","304.85","296.55","306.00","296.25","2.00M","+3.30%"
"03/15/2023","295.10","296.40","309.95","294.00","2.80M","+0.08%"
"03/14/2023","294.85","301.20","304.65","293.60","1.64M","-1.86%"
"03/13/2023","300.45","307.00","314.00","297.50","3.53M","-1.30%"
"03/10/2023","304.40","311.00","311.90","303.70","687.46K","-2.33%"
"03/09/2023","311.65","310.05","313.00","310.05","238.21K","+0.55%"
"03/08/2023","309.95","312.00","319.70","309.25","829.26K","-0.64%"
"03/06/2023","311.95","312.50","316.70","311.00","492.23K","+0.06%"
"03/03/2023","311.75","314.50","315.65","310.15","344.25K","-0.24%"
"03/02/2023","312.50","311.55","316.00","309.90","244.04K","+0.30%"
"03/01/2023","311.55","304.00","314.00","301.25","743.90K","+2.48%"
"02/28/2023","304.00","307.00","307.55","295.95","636.95K","-1.49%"
"02/27/2023","308.60","318.70","318.70","308.00","395.86K","-3.55%"
"02/24/2023","319.95","316.00","321.00","315.05","219.96K","+1.33%"
"02/23/2023","315.75","316.00","320.85","315.00","243.21K","-0.05%"
"02/22/2023","315.90","323.40","323.40","315.00","366.02K","-1.80%"
"02/21/2023","321.70","322.90","323.00","321.10","92.68K","+0.16%"
"02/20/2023","321.20","324.60","325.15","320.50","157.99K","-0.85%"
"02/17/2023","323.95","324.80","325.75","323.05","135.61K","-0.26%"
"02/16/2023","324.80","325.00","328.95","323.05","267.21K","+0.64%"
"02/15/2023","322.75","325.00","326.95","320.85","268.05K","-1.06%"
"02/14/2023","326.20","326.00","328.80","325.20","180.12K","+0.08%"
"02/13/2023","325.95","329.85","329.90","325.00","276.11K","-1.18%"
"02/10/2023","329.85","327.25","331.00","327.00","205.43K","+0.79%"
"02/09/2023","327.25","329.05","332.50","325.25","559.50K","-0.52%"
"02/08/2023","328.95","331.25","336.15","327.25","346.57K","-0.93%"
"02/07/2023","332.05","339.00","340.20","330.20","573.60K","-1.89%"
"02/06/2023","338.45","335.85","344.75","335.00","556.89K","-2.25%"
"02/03/2023","346.25","344.00","349.60","340.30","695.42K","+0.73%"
"02/02/2023","343.75","330.45","347.50","330.45","1.35M","+3.41%"
"02/01/2023","332.40","337.45","343.00","324.20","949.63K","-0.14%"
"01/31/2023","332.85","330.00","335.90","330.00","590.48K","+0.86%"
"01/30/2023","330.00","333.90","335.00","327.15","1.02M","-4.72%"
"01/27/2023","346.35","355.65","358.00","340.50","1.31M","-3.25%"
"01/25/2023","358.00","359.00","359.00","352.50","1.11M","+0.86%"
"01/24/2023","354.95","348.00","357.00","345.20","1.28M","+2.53%"
"01/23/2023","346.20","360.00","360.00","341.80","2.11M","-1.93%"
"01/20/2023","353.00","345.00","356.80","340.20","5.82M","-6.50%"
"01/19/2023","377.55","364.00","383.00","364.00","3.15M","+4.48%"
"01/18/2023","361.35","351.05","363.90","350.50","2.25M","+3.97%"
"01/17/2023","347.55","346.00","351.95","342.65","809.64K","+0.91%"
"01/16/2023","344.40","351.50","352.80","340.00","388.73K","-1.52%"
"01/13/2023","349.70","345.10","350.00","345.10","647.06K","+1.33%"
"01/12/2023","345.10","341.00","345.90","337.05","599.87K","+1.68%"
"01/11/2023","339.40","345.00","347.15","337.30","507.76K","-1.25%"
"01/10/2023","343.70","340.70","345.60","340.10","780.96K","+1.48%"
"01/09/2023","338.70","334.50","341.70","334.10","535.17K","+1.77%"
"01/06/2023","332.80","337.70","338.45","330.30","330.91K","-1.45%"
"01/05/2023","337.70","334.55","340.55","333.30","1.19M","+1.70%"
"01/04/2023","332.05","332.50","333.95","330.35","638.13K","+0.12%"
"01/03/2023","331.65","329.45","336.10","328.00","1.35M","+2.01%"
"01/02/2023","325.10","323.30","326.45","323.25","241.38K","+1.06%"
"12/30/2022","321.70","327.95","329.80","320.55","327.33K","-1.38%"
"12/29/2022","326.20","320.25","326.60","320.25","447.46K","+0.60%"
"12/28/2022","324.25","319.85","326.35","318.70","297.66K","+0.82%"
"12/27/2022","321.60","315.25","324.50","313.50","366.02K","+2.40%"
"12/26/2022","314.05","311.20","315.95","307.00","351.08K","+0.29%"
"12/23/2022","313.15","312.25","315.50","308.25","993.24K","-2.20%"
"12/22/2022","320.20","324.00","326.45","311.10","752.26K","-0.97%"
"12/21/2022","323.35","331.00","333.00","320.00","790.39K","-1.57%"
"12/20/2022","328.50","321.95","328.95","320.20","1.04M","+1.39%"
"12/19/2022","324.00","319.95","324.90","318.25","699.82K","+1.36%"
"12/16/2022","319.65","318.60","324.40","317.10","1.12M","+0.19%"
"12/15/2022","319.05","318.50","319.50","317.60","388.02K","+0.27%"
"12/14/2022","318.20","318.00","319.80","316.15","420.85K","+0.32%"
"12/13/2022","317.20","317.45","319.50","316.25","337.99K","+0.02%"
"12/12/2022","317.15","316.60","318.25","312.60","529.14K","+0.06%"
"12/09/2022","316.95","319.70","319.70","312.55","638.32K","-0.08%"
"12/08/2022","317.20","317.00","318.40","315.10","490.93K","+0.68%"
"12/07/2022","315.05","316.65","318.30","312.00","444.70K","+0.00%"
"12/06/2022","315.05","314.50","318.90","313.15","830.57K","+0.32%"
"12/05/2022","314.05","306.10","315.00","306.10","1.23M","+2.83%"
"12/02/2022","305.40","308.00","311.00","304.20","828.05K","-0.52%"
"12/01/2022","307.00","308.80","309.50","304.90","604.60K","-0.08%"
"11/30/2022","307.25","301.50","307.60","301.50","495.92K","+1.35%"
"11/29/2022","303.15","298.30","303.95","297.30","495.66K","+0.68%"
"11/28/2022","301.10","297.10","301.95","296.40","576.40K","+1.35%"
"11/25/2022","297.10","293.40","297.80","293.40","683.38K","+0.30%"
"11/24/2022","296.20","300.50","301.40","292.80","1.09M","-1.61%"
"11/23/2022","301.05","304.10","305.70","300.05","1.78M","-5.79%"
"11/22/2022","319.55","324.35","324.80","319.10","1.19M","-1.53%"
"11/21/2022","324.50","323.90","325.00","320.65","1.15M","+0.34%"
"11/18/2022","323.40","326.15","326.80","322.00","1.23M","-0.26%"
"11/17/2022","324.25","321.95","326.80","319.95","2.64M","+1.63%"
"11/16/2022","319.05","320.00","321.55","315.55","1.64M","+1.51%"
"11/15/2022","314.30","311.50","315.00","309.65","996.54K","+1.60%"
"11/14/2022","309.35","303.00","310.00","302.30","2.42M","+4.32%"
"11/11/2022","296.55","295.15","298.30","293.30","941.42K","+1.26%"
"11/10/2022","292.85","292.15","293.55","289.25","452.30K","+0.24%"
"11/09/2022","292.15","291.80","295.00","291.00","603.70K","+0.46%"
"11/07/2022","290.80","290.35","293.30","288.50","644.15K","+0.66%"
"11/04/2022","288.90","286.75","291.00","286.55","359.04K","+1.07%"
"11/03/2022","285.85","286.25","290.90","285.15","317.64K","-0.83%"
"11/02/2022","288.25","283.60","293.00","283.60","1.15M","+1.64%"
"11/01/2022","283.60","283.00","284.70","282.60","288.82K","-0.04%"
"10/31/2022","283.70","284.95","285.10","282.10","419.18K","+0.07%"
"10/28/2022","283.50","284.00","285.50","283.00","169.73K","-0.21%"
"10/27/2022","284.10","286.00","287.80","283.10","284.66K","-0.04%"
"10/25/2022","284.20","283.00","284.70","280.55","287.57K","+0.34%"
"10/24/2022","283.25","283.00","283.75","281.30","123.46K","+0.75%"
"10/21/2022","281.15","278.95","283.70","278.10","653.50K","+1.01%"
"10/20/2022","278.35","279.25","281.00","277.20","234.04K","-1.10%"
"10/19/2022","281.45","280.00","284.90","280.00","237.62K","+0.32%"
"10/18/2022","280.55","277.90","281.00","277.85","305.69K","+1.32%"
"10/17/2022","276.90","285.00","285.15","276.00","373.34K","-2.89%"
"10/14/2022","285.15","291.00","292.75","284.00","280.35K","-1.38%"
"10/13/2022","289.15","289.30","289.75","284.25","312.52K","-0.10%"
"10/12/2022","289.45","286.90","289.80","282.90","414.83K","+0.89%"
"10/11/2022","286.90","289.75","290.60","282.25","639.02K","-0.98%"
"10/10/2022","289.75","285.00","290.45","282.45","433.43K","+0.68%"
"10/07/2022","287.80","283.35","288.40","280.20","550.84K","+1.14%"
"10/06/2022","284.55","276.70","285.30","274.25","1.18M","+4.48%"
"10/04/2022","272.35","275.00","275.00","266.15","1.14M","+2.37%"
"10/03/2022","266.05","267.20","269.35","264.00","342.43K","-0.43%"
"09/30/2022","267.20","267.85","270.00","266.50","459.95K","-0.24%"
"09/29/2022","267.85","268.30","272.45","266.15","215.43K","+0.66%"
"09/28/2022","266.10","271.55","273.50","262.65","308.24K","-2.88%"
"09/27/2022","274.00","275.00","276.10","272.00","217.42K","+0.57%"
"09/26/2022","272.45","276.00","276.00","269.00","296.59K","-2.14%"
"09/23/2022","278.40","282.35","284.70","278.00","308.89K","-1.40%"
"09/22/2022","282.35","281.15","282.95","279.05","270.53K","+0.43%"
"09/21/2022","281.15","278.80","281.90","277.60","271.93K","+0.84%"
"09/20/2022","278.80","276.00","281.20","275.50","354.39K","+1.23%"
"09/19/2022","275.40","283.75","283.75","274.65","538.42K","-2.10%"
"09/16/2022","281.30","288.30","291.00","278.60","855.11K","-3.25%"
"09/15/2022","290.75","291.75","291.90","287.30","561.89K","+0.35%"
"09/14/2022","289.75","283.50","295.00","283.50","1.34M","+0.45%"
"09/13/2022","288.45","293.00","293.00","288.00","490.77K","-0.35%"
"09/12/2022","289.45","290.30","295.00","288.30","662.53K","-0.03%"
"09/09/2022","289.55","290.00","292.00","288.20","527.01K","+0.31%"
"09/08/2022","288.65","289.00","289.95","286.50","685.16K","+0.37%"
"09/07/2022","287.60","286.75","289.80","285.50","326.09K","+0.21%"
"09/06/2022","287.00","287.45","289.75","286.30","437.29K","-0.16%"
"09/05/2022","287.45","288.00","290.30","285.00","706.52K","+0.72%"
"09/02/2022","285.40","288.90","289.30","284.00","873.46K","+0.37%"
"09/01/2022","284.35","285.00","287.20","283.00","453.58K","-0.23%"
"08/30/2022","285.00","286.20","287.95","280.35","457.64K","+0.11%"
"08/29/2022","284.70","279.90","287.00","278.45","713.99K","-0.16%"
"08/26/2022","285.15","282.30","286.45","282.00","638.19K","+1.26%"
"08/25/2022","281.60","282.50","284.80","280.15","369.25K","-0.30%"
"08/24/2022","282.45","281.65","291.35","280.85","791.39K","-0.02%"
"08/23/2022","282.50","277.00","284.20","276.25","885.70K","+1.18%"
"08/22/2022","279.20","281.50","283.90","275.05","772.13K","-0.29%"
"08/19/2022","280.00","282.90","283.75","277.00","992.70K","-1.01%"
"08/18/2022","282.85","285.00","288.80","282.20","1.44M","-0.96%"
"08/17/2022","285.60","296.30","298.00","284.00","3.00M","-2.59%"
"08/16/2022","293.20","273.00","302.00","271.50","5.16M","+7.12%"
"08/12/2022","273.70","273.10","276.50","273.00","867.33K","+0.29%"
"08/11/2022","272.90","276.00","277.30","272.50","577.86K","+0.07%"
"08/10/2022","272.70","271.90","275.10","270.50","539.11K","+0.48%"
"08/08/2022","271.40","273.60","274.00","270.30","344.21K","-0.18%"
"08/05/2022","271.90","274.95","276.30","270.00","690.44K","+0.28%"
"08/04/2022","271.15","271.40","272.65","266.85","434.41K","+0.65%"
"08/03/2022","269.40","271.25","273.00","268.10","313.02K","-0.65%"
"08/02/2022","271.15","270.00","272.20","269.15","403.50K","-0.46%"
"08/01/2022","272.40","272.25","273.75","270.35","494.51K","+1.00%"
"07/29/2022","269.70","266.65","270.20","266.00","588.97K","+1.97%"
"07/28/2022","264.50","263.00","267.15","262.60","494.06K","+0.59%"
"07/27/2022","262.95","265.00","265.20","260.30","655.61K","-1.11%"
"07/26/2022","265.90","273.25","273.25","265.00","593.23K","-2.62%"
"07/25/2022","273.05","276.85","277.70","272.30","752.63K","-1.51%"
"07/22/2022","277.25","285.00","285.15","276.50","1.42M","-2.03%"
"07/21/2022","283.00","279.00","286.80","275.95","2.95M","+1.49%"
"07/20/2022","278.85","280.00","283.00","276.70","3.16M","-6.63%"
"07/19/2022","298.65","295.00","299.75","293.50","2.56M","+1.79%"
"07/18/2022","293.40","289.00","294.85","288.65","1.94M","+2.82%"
"07/15/2022","285.35","287.00","287.00","283.25","1.66M","+0.58%"
"07/14/2022","283.70","284.00","288.00","280.00","6.47M","+4.44%"
"07/13/2022","271.65","271.00","273.15","268.50","780.30K","+1.46%"
"07/12/2022","267.75","272.85","273.45","266.25","779.19K","-1.34%"
"07/11/2022","271.40","263.05","271.90","263.05","761.61K","+3.17%"
"07/08/2022","263.05","266.70","266.70","261.10","981.00K","+2.55%"
"07/07/2022","256.50","248.45","257.90","248.45","589.22K","+3.83%"
"07/06/2022","247.05","247.90","249.00","242.05","356.75K","-0.62%"
"07/05/2022","248.60","248.35","251.75","248.00","277.98K","+0.30%"
"07/04/2022","247.85","248.45","253.00","245.80","332.38K","+0.12%"
"07/01/2022","247.55","246.00","249.00","245.35","310.47K","-0.72%"
"06/30/2022","249.35","253.50","255.45","248.55","249.34K","-1.64%"
"06/29/2022","253.50","250.50","257.00","248.50","491.02K","+0.92%"
"06/28/2022","251.20","246.40","252.50","246.10","298.40K","+2.07%"
"06/27/2022","246.10","250.00","251.75","245.30","735.02K","-0.18%"
"06/24/2022","246.55","252.40","256.75","245.10","798.77K","-1.52%"
"06/23/2022","250.35","248.20","252.25","246.00","395.88K","+1.11%"
"06/22/2022","247.60","262.00","262.25","245.25","668.13K","-6.05%"
"06/21/2022","263.55","259.10","267.15","258.05","634.83K","+2.27%"
"06/20/2022","257.70","268.00","268.50","253.45","584.57K","-3.07%"
"06/17/2022","265.85","274.85","275.95","262.90","543.48K","-3.34%"
"06/16/2022","275.05","284.00","290.85","270.00","969.37K","-2.08%"
"06/15/2022","280.90","280.00","289.10","278.15","543.38K","+1.32%"
"06/14/2022","277.25","276.40","287.10","271.10","589.71K","-1.18%"
"06/13/2022","280.55","284.05","288.00","276.25","586.01K","-3.14%"
"06/10/2022","289.65","292.45","297.95","287.85","1.03M","-0.96%"
"06/09/2022","292.45","295.20","300.00","291.45","514.99K","-1.76%"
"06/08/2022","297.70","302.80","302.85","297.20","261.21K","-1.36%"
"06/07/2022","301.80","299.90","307.00","299.90","607.06K","+0.75%"
"06/06/2022","299.55","299.50","301.30","296.65","154.74K","-0.05%"
"06/03/2022","299.70","307.40","308.60","298.85","344.10K","-1.99%"
"06/02/2022","305.80","309.00","310.00","304.35","264.48K","-1.35%"
"06/01/2022","310.00","304.00","311.65","303.05","708.30K","+3.01%"
"05/31/2022","300.95","297.85","304.50","296.00","382.71K","+0.89%"
"05/30/2022","298.30","299.30","299.60","296.65","247.36K","+0.67%"
"05/27/2022","296.30","302.40","303.00","295.40","439.60K","-0.97%"
"05/26/2022","299.20","309.50","315.00","295.10","1.75M","-1.74%"
"05/25/2022","304.50","295.50","318.00","290.20","5.95M","+3.08%"
"05/24/2022","295.40","300.00","304.95","292.30","365.79K","-1.29%"
"05/23/2022","299.25","292.00","300.00","286.20","741.14K","+1.91%"
"05/20/2022","293.65","291.15","296.85","290.10","591.65K","+2.87%"
"05/19/2022","285.45","286.90","290.70","282.70","339.23K","-1.91%"
"05/18/2022","291.00","297.00","298.00","290.35","371.42K","-0.95%"
"05/17/2022","293.80","286.50","296.30","284.25","821.54K","+4.09%"
"05/16/2022","282.25","284.70","288.30","278.95","448.90K","-0.81%"
"05/13/2022","284.55","289.00","294.55","283.00","415.65K","-0.56%"
"05/12/2022","286.15","292.35","293.30","285.15","548.95K","-3.15%"
"05/11/2022","295.45","300.15","303.60","287.00","873.28K","-1.83%"
"05/10/2022","300.95","305.05","308.75","299.55","562.02K","-2.62%"
"05/09/2022","309.05","304.00","311.45","301.60","625.99K","+1.39%"
"05/06/2022","304.80","306.10","309.45","301.35","741.27K","-1.99%"
"05/05/2022","311.00","318.20","320.95","310.15","548.68K","-1.54%"
"05/04/2022","315.85","323.35","325.00","314.00","612.43K","-2.32%"
"05/02/2022","323.35","321.85","328.80","316.05","699.89K","+0.45%"
"04/29/2022","321.90","323.00","324.70","317.60","838.61K","+0.11%"
"04/28/2022","321.55","323.00","324.00","315.55","1.02M","+1.07%"
"04/27/2022","318.15","318.20","322.80","314.55","1.36M","-1.49%"
"04/26/2022","322.95","323.05","327.70","316.25","1.76M","+0.03%"
"04/25/2022","322.85","342.50","342.50","321.85","1.84M","-6.52%"
"04/22/2022","345.35","349.40","353.90","341.55","1.92M","-1.27%"
"04/21/2022","349.80","347.40","350.90","344.30","599.96K","+0.68%"
"04/20/2022","347.45","342.05","349.90","342.05","534.45K","+1.76%"
"04/19/2022","341.45","348.50","350.00","333.10","543.96K","-0.76%"
"04/18/2022","344.05","351.65","351.65","343.00","543.92K","-2.38%"
"04/13/2022","352.45","345.45","356.75","345.40","3.59M","+3.56%"
"04/12/2022","340.35","348.00","348.05","337.10","712.31K","-2.35%"
"04/11/2022","348.55","340.00","349.00","338.00","1.51M","+2.89%"
"04/08/2022","338.75","337.00","340.80","333.80","890.13K","+0.40%"
"04/07/2022","337.40","333.00","338.00","332.10","982.24K","+1.20%"
"04/06/2022","333.40","332.00","335.00","327.00","732.42K","+0.17%"
"04/05/2022","332.85","330.00","336.00","325.05","2.07M","+2.40%"
"04/04/2022","325.05","323.50","326.80","321.25","797.43K","+1.37%"
"04/01/2022","320.65","311.55","321.55","309.95","1.34M","+3.39%"
"03/31/2022","310.15","312.50","314.30","308.20","1.15M","-0.34%"
"03/30/2022","311.20","310.00","312.50","310.00","722.63K","+0.44%"
"03/29/2022","309.85","312.00","312.70","306.05","1.29M","-0.05%"
"03/28/2022","310.00","313.40","313.40","309.10","959.11K","-0.26%"
"03/25/2022","310.80","313.00","313.40","310.30","852.76K","-0.08%"
"03/24/2022","311.05","315.00","318.90","310.40","2.04M","+0.02%"
"03/23/2022","311.00","313.10","314.50","310.00","1.05M","-0.64%"
"03/22/2022","313.00","313.25","315.00","311.45","1.18M","+0.51%"
"03/21/2022","311.40","312.00","314.70","310.65","1.05M","+0.44%"
"03/17/2022","310.05","312.05","314.90","309.10","1.30M","+0.03%"
"03/16/2022","309.95","308.00","313.65","308.00","1.12M","+1.46%"
"03/15/2022","305.50","310.90","311.85","305.00","973.92K","-1.40%"
"03/14/2022","309.85","313.00","315.00","309.10","855.69K","-1.05%"
"03/11/2022","313.15","315.05","315.10","309.30","1.37M","+0.08%"
"03/10/2022","312.90","316.60","319.70","312.05","1.67M","-1.28%"
"03/09/2022","316.95","328.50","329.30","316.50","1.98M","-1.69%"
"03/08/2022","322.40","326.00","337.90","316.60","6.21M","+0.92%"
"03/07/2022","319.45","322.10","330.70","315.50","3.37M","-0.58%"
"03/04/2022","321.30","340.00","349.90","318.00","4.49M","-5.61%"
"03/03/2022","340.40","360.00","371.70","336.85","8.39M","-3.23%"
"03/02/2022","351.75","311.40","360.00","311.40","9.27M","+12.76%"
"02/28/2022","311.95","309.25","314.50","306.00","471.32K","+0.52%"
"02/25/2022","310.35","302.25","312.00","302.25","378.00K","+3.90%"
"02/24/2022","298.70","306.00","309.30","296.05","733.00K","-4.55%"
"02/23/2022","312.95","312.55","334.75","312.00","382.36K","+1.21%"
"02/22/2022","309.20","308.70","311.05","299.55","627.97K","-1.01%"
"02/21/2022","312.35","315.00","316.45","310.80","230.96K","-1.54%"
"02/18/2022","317.25","316.55","319.50","316.00","231.66K","+0.22%"
"02/17/2022","316.55","318.10","321.95","315.00","346.78K","-0.30%"
"02/16/2022","317.50","315.75","319.90","312.75","639.95K","+0.76%"
"02/15/2022","315.10","315.00","316.35","309.75","480.79K","+0.45%"
"02/14/2022","313.70","321.00","323.75","310.00","510.58K","-4.08%"
"02/11/2022","327.05","328.00","331.35","326.00","275.14K","-1.43%"
"02/10/2022","331.80","334.00","338.00","331.05","691.06K","+0.03%"
"02/09/2022","331.70","329.90","334.50","326.05","434.76K","+1.34%"
"02/08/2022","327.30","336.20","337.40","324.90","667.05K","-2.02%"
"02/07/2022","334.05","330.45","335.90","329.70","1.05M","+1.33%"
"02/04/2022","329.65","325.00","330.90","321.85","826.83K","+1.96%"
"02/03/2022","323.30","321.85","326.50","321.00","619.74K","+0.89%"
"02/02/2022","320.45","321.00","321.60","319.25","237.14K","+0.77%"
"02/01/2022","318.00","316.60","318.75","314.75","336.32K","+0.81%"
"01/31/2022","315.45","316.25","318.55","315.00","264.97K","+0.03%"
"01/28/2022","315.35","314.95","319.40","314.40","377.81K","+0.77%"
"01/27/2022","312.95","309.50","317.00","309.50","599.37K","+0.22%"
"01/25/2022","312.25","314.10","319.50","308.00","707.51K","-1.36%"
"01/24/2022","316.55","326.60","326.70","312.50","697.30K","-2.90%"
"01/21/2022","326.00","322.20","329.40","316.80","2.23M","+1.18%"
"01/20/2022","322.20","325.00","327.60","319.60","398.78K","-0.62%"
"01/19/2022","324.20","326.00","328.55","323.00","292.70K","-0.49%"
"01/18/2022","325.80","329.90","329.90","325.10","243.63K","-0.52%"
"01/17/2022","327.50","328.10","329.95","327.00","285.70K","-0.76%"
"01/14/2022","330.00","331.95","332.65","328.30","220.49K","-0.42%"
"01/13/2022","331.40","330.10","333.00","330.05","291.61K","+0.21%"
"01/12/2022","330.70","328.00","331.75","327.00","405.32K","+1.21%"
"01/11/2022","326.75","324.00","329.45","323.85","381.28K","-1.12%"
"01/10/2022","330.45","334.00","334.95","329.50","326.60K","-0.77%"
"01/07/2022","333.00","333.00","334.10","328.40","417.49K","+0.47%"
"01/06/2022","331.45","331.00","332.50","328.00","349.83K","-0.15%"
"01/05/2022","331.95","329.80","333.20","326.10","565.04K","+0.42%"
"01/04/2022","330.55","331.70","334.50","326.50","2.50M","+3.43%"
"01/03/2022","319.60","316.95","320.00","316.85","297.95K","+0.88%"
"12/31/2021","316.80","317.00","318.35","316.05","262.85K","+0.36%"
"12/30/2021","315.65","315.70","318.00","315.00","220.54K","-0.02%"
"12/29/2021","315.70","318.80","320.30","315.05","362.91K","-0.41%"
"12/28/2021","317.00","317.00","318.00","316.00","244.34K","+0.49%"
"12/27/2021","315.45","313.60","316.50","310.80","381.50K","+0.57%"
"12/24/2021","313.65","317.50","317.90","312.30","368.24K","-0.44%"
"12/23/2021","315.05","315.95","319.35","313.00","649.24K","+0.93%"
"12/22/2021","312.15","314.30","316.65","309.15","696.81K","-0.22%"
"12/21/2021","312.85","310.55","319.50","310.55","658.53K","+0.63%"
"12/20/2021","310.90","313.40","313.40","305.75","933.22K","-0.80%"
"12/17/2021","313.40","325.55","327.50","311.50","1.42M","-3.21%"
"12/16/2021","323.80","333.00","335.00","323.00","1.18M","-2.76%"
"12/15/2021","333.00","339.95","341.90","332.00","873.36K","-1.65%"
"12/14/2021","338.60","349.80","352.05","333.15","2.72M","-7.98%"
"12/13/2021","367.95","369.80","369.85","364.40","1.46M","+0.68%"
"12/10/2021","365.45","368.00","368.25","363.30","1.35M","-0.48%"
"12/09/2021","367.20","364.55","368.35","363.60","2.02M","+1.51%"
"12/08/2021","361.75","357.00","363.75","355.20","4.23M","+2.30%"
"12/07/2021","353.60","354.00","355.00","350.55","1.29M","+1.32%"
"12/06/2021","349.00","351.45","352.70","345.60","1.98M","+0.39%"
"12/03/2021","347.65","345.10","350.00","340.05","3.53M","+4.31%"
"12/02/2021","333.30","330.00","334.85","329.05","490.10K","+0.21%"
"12/01/2021","332.60","333.40","335.80","328.80","630.35K","-0.14%"
"11/30/2021","333.05","329.00","333.90","325.95","1.29M","+0.97%"
"11/29/2021","329.85","330.90","331.90","322.50","921.01K","-0.14%"
"11/26/2021","330.30","330.00","334.00","324.00","1.38M","-0.41%"
"11/25/2021","331.65","330.25","335.00","326.00","755.06K","+0.42%"
"11/24/2021","330.25","329.00","331.60","325.35","736.91K","+1.09%"
"11/23/2021","326.70","326.05","329.45","316.55","1.74M","+2.48%"
"11/22/2021","318.80","310.95","323.00","310.95","1.31M","-1.29%"
"11/18/2021","322.95","336.05","345.00","319.80","9.39M","-2.92%"
"11/17/2021","332.65","330.00","334.00","328.00","870.44K","+0.94%"
"11/16/2021","329.55","328.45","331.15","324.60","902.96K","+0.33%"
"11/15/2021","328.45","323.00","330.00","319.25","1.46M","+1.36%"
"11/12/2021","324.05","321.50","324.95","318.75","760.51K","+1.42%"
"11/11/2021","319.50","317.00","323.90","317.00","1.09M","+1.03%"
"11/10/2021","316.25","317.00","318.50","315.00","424.37K","-0.24%"
"11/09/2021","317.00","322.30","322.75","315.25","711.83K","-1.14%"
"11/08/2021","320.65","321.00","323.00","315.75","443.67K","+0.66%"
"11/04/2021","318.55","318.00","319.50","317.10","141.81K","+0.89%"
"11/03/2021","315.75","315.50","317.45","313.40","441.91K","+0.30%"
"11/02/2021","314.80","318.15","318.50","314.10","490.87K","-0.21%"
"11/01/2021","315.45","314.90","318.80","312.55","545.27K","+1.32%"
"10/29/2021","311.35","318.00","318.90","309.75","851.68K","-1.98%"
"10/28/2021","317.65","322.60","322.60","316.10","824.08K","-1.91%"
"10/27/2021","323.85","324.00","330.95","321.00","1.13M","+0.20%"
"10/26/2021","323.20","323.95","327.50","322.00","828.22K","+0.06%"
"10/25/2021","323.00","322.35","331.40","317.10","1.89M","+0.20%"
"10/22/2021","322.35","343.90","347.45","315.70","3.86M","-5.76%"
"10/21/2021","342.05","364.00","369.70","340.00","2.19M","-4.96%"
"10/20/2021","359.90","369.00","369.00","350.55","1.98M","-2.55%"
"10/19/2021","369.30","390.20","392.40","365.00","2.86M","-4.73%"
"10/18/2021","387.65","372.00","408.60","367.50","8.78M","+11.81%"
"10/14/2021","346.70","350.00","361.00","345.00","9.46M","+4.16%"
"10/13/2021","332.85","319.30","341.00","318.20","3.03M","+4.42%"
"10/12/2021","318.75","315.95","319.95","313.15","630.24K","+1.03%"
"10/11/2021","315.50","317.00","318.05","314.70","629.60K","+0.02%"
"10/08/2021","315.45","316.00","317.50","314.00","669.13K","+0.64%"
"10/07/2021","313.45","315.75","316.50","312.25","664.32K","-0.38%"
"10/06/2021","314.65","314.00","315.60","311.75","764.01K","+0.83%"
"10/05/2021","312.05","311.55","315.95","311.55","1.39M","+0.74%"
"10/04/2021","309.75","308.85","313.00","306.80","1.44M","+1.18%"
"10/01/2021","306.15","311.50","314.50","305.40","2.04M","-1.75%"
"09/30/2021","311.60","321.40","321.40","310.10","1.92M","-3.18%"
"09/29/2021","321.85","320.00","324.65","318.00","1.61M","+0.05%"
"09/28/2021","321.70","321.00","324.40","318.70","626.30K","-0.02%"
"09/27/2021","321.75","322.60","324.10","318.65","601.77K","-0.26%"
"09/24/2021","322.60","324.00","325.50","319.25","768.45K","+0.02%"
"09/23/2021","322.55","321.90","324.55","319.00","517.63K","+1.49%"
"09/22/2021","317.80","319.50","319.85","314.40","975.11K","-0.25%"
"09/21/2021","318.60","324.10","324.40","312.30","855.54K","-1.44%"
"09/20/2021","323.25","322.50","336.75","322.00","989.40K","-3.44%"
"09/17/2021","334.75","334.00","335.50","328.00","673.38K","-0.04%"
"09/16/2021","334.90","334.85","335.60","330.50","487.05K","+0.13%"
"09/15/2021","334.45","333.00","335.90","330.50","514.51K","+0.44%"
"09/14/2021","333.00","338.00","338.80","331.05","571.18K","-0.72%"
"09/13/2021","335.40","325.50","337.80","325.10","1.17M","+1.81%"
"09/09/2021","329.45","327.25","332.00","327.25","390.56K","-0.15%"
"09/08/2021","329.95","328.95","330.50","324.35","611.44K","+0.30%"
"09/07/2021","328.95","328.90","330.00","322.60","713.93K","+0.27%"
"09/06/2021","328.05","327.00","329.70","321.65","690.32K","+0.92%"
"09/03/2021","325.05","324.05","326.90","322.20","635.35K","-0.05%"
"09/02/2021","325.20","323.00","326.00","318.40","1.01M","+0.76%"
"09/01/2021","322.75","321.75","326.70","317.70","909.89K","+0.31%"
"08/31/2021","321.75","325.00","325.90","319.05","845.63K","-0.71%"
"08/30/2021","324.05","321.65","325.00","319.10","747.76K","+1.84%"
"08/27/2021","318.20","315.05","320.80","313.10","711.07K","+0.92%"
"08/26/2021","315.30","315.00","317.00","312.00","641.30K","-0.24%"
"08/25/2021","316.05","316.00","317.50","311.45","703.21K","-0.06%"
"08/24/2021","316.25","312.80","317.45","303.65","1.54M","+1.93%"
"08/23/2021","310.25","310.30","313.25","294.10","2.18M","+0.70%"
"08/20/2021","308.10","315.95","316.80","306.00","1.09M","-4.09%"
"08/18/2021","321.25","316.50","324.95","313.30","1.47M","+1.13%"
"08/17/2021","317.65","332.80","332.90","314.00","2.59M","-3.99%"
"08/16/2021","330.85","323.20","332.50","323.20","2.77M","+3.10%"
"08/13/2021","320.90","320.90","323.00","319.10","605.87K","+0.34%"
"08/12/2021","319.80","319.00","321.95","315.70","893.03K","+1.15%"
"08/11/2021","316.15","310.00","318.00","306.55","1.53M","+2.20%"
"08/10/2021","309.35","317.00","318.80","307.80","745.91K","-2.60%"
"08/09/2021","317.60","317.55","321.00","315.00","727.84K","-0.25%"
"08/06/2021","318.40","320.00","323.20","318.00","481.16K","-0.33%"
"08/05/2021","319.45","321.00","322.95","316.30","429.97K","-0.06%"
"08/04/2021","319.65","322.00","324.80","319.00","538.34K","-0.50%"
"08/03/2021","321.25","326.65","326.90","318.05","973.96K","-1.00%"
"08/02/2021","324.50","324.50","327.75","323.00","653.30K","+1.25%"
"07/30/2021","320.50","325.90","330.40","319.00","2.76M","-0.94%"
"07/29/2021","323.55","318.45","325.55","317.00","1.75M","+2.31%"
"07/28/2021","316.25","320.00","323.85","313.70","902.73K","-1.31%"
"07/27/2021","320.45","328.15","329.75","319.00","820.84K","-1.85%"
"07/26/2021","326.50","330.00","330.30","325.00","642.01K","-0.62%"
"07/23/2021","328.55","329.60","335.90","325.15","1.69M","+0.46%"
"07/22/2021","327.05","340.00","342.00","318.80","3.39M","-1.79%"
"07/20/2021","333.00","337.50","339.70","328.45","1.08M","-2.04%"
"07/19/2021","339.95","345.00","345.00","337.80","767.84K","-1.21%"
"07/16/2021","344.10","349.50","349.80","342.00","866.86K","-0.89%"
"07/15/2021","347.20","335.20","350.90","335.00","2.84M","+3.58%"
"07/14/2021","335.20","337.00","339.75","333.45","929.55K","+0.10%"
"07/13/2021","334.85","337.00","342.85","332.10","1.20M","-0.25%"
"07/12/2021","335.70","334.20","336.80","333.20","472.62K","+1.13%"
"07/09/2021","331.95","331.00","334.90","331.00","464.27K","+0.15%"
"07/08/2021","331.45","333.85","338.45","330.25","785.87K","-0.63%"
"07/07/2021","333.55","335.35","337.00","331.15","759.23K","-0.54%"
"07/06/2021","335.35","337.40","339.50","334.00","485.27K","-0.58%"
"07/05/2021","337.30","339.40","339.90","336.15","562.94K","-0.65%"
"07/02/2021","339.50","341.00","341.70","336.75","636.71K","-0.13%"
"07/01/2021","339.95","337.60","344.90","336.25","1.27M","+0.19%"
"06/30/2021","339.30","340.50","341.85","337.00","520.88K","-0.24%"
"06/29/2021","340.10","339.50","341.00","335.30","647.41K","+0.27%"
"06/28/2021","339.20","341.50","341.90","335.25","982.88K","-0.10%"
"06/25/2021","339.55","338.25","341.50","336.35","917.17K","+1.04%"
"06/24/2021","336.05","332.50","338.90","329.65","1.40M","+1.39%"
"06/23/2021","331.45","333.90","336.50","327.55","1.08M","-0.44%"
"06/22/2021","332.90","333.00","334.00","328.70","1.27M","+0.35%"
"06/21/2021","331.75","325.00","334.90","322.50","906.95K","+0.87%"
"06/18/2021","328.90","332.05","332.65","323.50","2.19M","-1.57%"
"06/17/2021","334.15","332.00","335.60","324.90","2.23M","-0.01%"
"06/16/2021","334.20","342.00","342.00","328.15","2.48M","-1.69%"
"06/15/2021","339.95","340.00","341.45","337.05","886.26K","+0.10%"
"06/14/2021","339.60","344.05","344.05","331.10","1.18M","-1.29%"
"06/11/2021","344.05","341.00","351.90","340.40","3.29M","+1.19%"
"06/10/2021","340.00","341.00","341.90","337.50","1.02M","+0.58%"
"06/09/2021","338.05","336.10","341.80","333.05","2.07M","-0.16%"
"06/08/2021","338.60","340.20","342.80","333.50","1.47M","-0.37%"
"06/07/2021","339.85","337.60","341.00","334.15","3.51M","+1.84%"
"06/04/2021","333.70","323.00","334.90","322.05","3.08M","+2.77%"
"06/03/2021","324.70","326.95","327.00","323.50","1.36M","+0.09%"
"06/02/2021","324.40","327.00","330.25","323.05","1.85M","-0.96%"
"06/01/2021","327.55","330.35","331.75","323.45","1.36M","+0.17%"
"05/31/2021","327.00","326.90","330.50","322.30","2.06M","+0.11%"
"05/28/2021","326.65","334.50","335.00","326.00","1.67M","-0.64%"
"05/27/2021","328.75","327.95","332.50","326.00","1.36M","+0.89%"
"05/26/2021","325.85","336.00","337.40","324.70","2.22M","-2.24%"
"05/25/2021","333.30","332.05","337.70","329.20","2.58M","+1.17%"
"05/24/2021","329.45","347.70","347.90","327.85","5.13M","-4.38%"
"05/21/2021","344.55","349.00","354.00","342.40","3.42M","-0.01%"
"05/20/2021","344.60","347.00","348.45","336.00","4.06M","-0.88%"
"05/19/2021","347.65","351.00","362.10","342.25","11.54M","+0.62%"
"05/18/2021","345.50","321.45","350.50","321.45","24.96M","+9.46%"
"05/17/2021","315.65","311.80","318.00","311.80","1.23M","+1.23%"
"05/14/2021","311.80","319.95","323.85","308.65","4.00M","-1.67%"
"05/12/2021","317.10","315.50","332.00","312.00","7.97M","+1.28%"
"05/11/2021","313.10","310.00","316.90","307.00","1.99M","-1.49%"
"05/10/2021","317.85","315.00","320.20","309.00","4.84M","+2.58%"
"05/07/2021","309.85","300.50","316.30","299.00","7.84M","+4.50%"
"05/06/2021","296.50","290.80","300.60","290.00","3.62M","+2.93%"
"05/05/2021","288.05","291.10","295.05","287.00","1.99M","-0.81%"
"05/04/2021","290.40","303.00","303.00","287.00","3.79M","-2.45%"
"05/03/2021","297.70","306.15","307.30","296.55","2.00M","-2.43%"
"04/30/2021","305.10","305.50","312.55","302.05","1.73M","-0.68%"
"04/29/2021","307.20","312.00","314.75","306.00","2.51M","-0.32%"
"04/28/2021","308.20","321.90","321.90","307.00","5.20M","-3.31%"
"04/27/2021","318.75","308.00","322.40","306.55","9.31M","+4.80%"
"04/26/2021","304.15","304.70","311.00","300.35","3.20M","+1.54%"
"04/23/2021","299.55","302.25","309.25","294.00","2.97M","-0.89%"
"04/22/2021","302.25","287.00","305.00","287.00","3.68M","+6.28%"
"04/20/2021","284.40","286.00","290.15","281.10","738.45K","+0.53%"
"04/19/2021","282.90","286.00","290.00","278.65","1.18M","-3.15%"
"04/16/2021","292.10","293.00","298.75","291.10","866.95K","+0.12%"
"04/15/2021","291.75","291.50","297.90","290.00","1.02M","-0.07%"
"04/13/2021","291.95","298.35","302.45","291.00","1.06M","-0.75%"
"04/12/2021","294.15","303.00","303.00","288.00","1.57M","-4.76%"
"04/09/2021","308.85","317.50","317.50","308.00","2.14M","-3.21%"
"04/08/2021","319.10","307.50","323.50","306.60","3.35M","+3.77%"
"04/07/2021","307.50","312.00","317.50","305.25","5.17M","+2.04%"
"04/06/2021","301.35","297.80","309.00","290.00","2.11M","+1.38%"
"04/05/2021","297.25","281.00","303.00","277.50","3.95M","+6.07%"
"04/01/2021","280.25","276.00","283.00","274.25","1.46M","+2.69%"
"03/31/2021","272.90","264.50","275.00","264.45","1.78M","+4.06%"
"03/30/2021","262.25","281.40","283.00","257.00","2.79M","-5.68%"
"03/26/2021","278.05","271.85","287.90","270.20","2.23M","+4.26%"
"03/25/2021","266.70","268.00","269.80","261.00","1.01M","+0.62%"
"03/24/2021","265.05","270.45","275.80","264.00","1.29M","-2.00%"
"03/23/2021","270.45","280.95","283.70","269.00","1.80M","-2.80%"
"03/22/2021","278.25","284.50","289.70","277.35","1.13M","-1.80%"
"03/19/2021","283.35","285.00","289.70","272.30","998.83K","-1.05%"
"03/18/2021","286.35","298.00","298.50","283.10","909.48K","-2.97%"
"03/17/2021","295.10","305.00","306.40","293.75","488.78K","-2.83%"
"03/16/2021","303.70","300.75","308.85","297.50","504.16K","+0.98%"
"03/15/2021","300.75","304.25","306.20","298.50","344.57K","-0.40%"
"03/12/2021","301.95","308.00","313.10","301.10","1.07M","-1.15%"
"03/10/2021","305.45","301.00","307.55","295.25","726.20K","+2.62%"
"03/09/2021","297.65","310.00","315.90","293.70","1.10M","-3.74%"
"03/08/2021","309.20","314.80","317.35","308.05","599.51K","-0.72%"
"03/05/2021","311.45","322.05","322.75","310.00","1.24M","-4.43%"
"03/04/2021","325.90","315.25","334.40","310.20","2.62M","+2.47%"
"03/03/2021","318.05","319.50","326.00","313.60","2.43M","+0.87%"
"03/02/2021","315.30","302.00","322.90","301.70","4.03M","+5.05%"
"03/01/2021","300.15","300.10","304.55","298.25","843.48K","+0.89%"
"02/26/2021","297.50","302.00","309.75","291.00","1.99M","-2.28%"
"02/25/2021","304.45","309.00","309.75","302.20","1.01M","-0.23%"
"02/24/2021","305.15","304.50","311.00","303.00","647.69K","+0.25%"
"02/23/2021","304.40","306.20","309.55","298.55","1.09M","-0.05%"
"02/22/2021","304.55","302.45","311.90","302.00","2.31M","+1.35%"
"02/19/2021","300.50","302.90","307.85","298.05","811.95K","-0.02%"
"02/18/2021","300.55","306.00","312.00","298.35","1.39M","-1.65%"
"02/17/2021","305.60","304.95","308.90","301.50","848.32K","+0.30%"
"02/16/2021","304.70","298.00","309.85","297.45","2.69M","+2.56%"
"02/15/2021","297.10","300.10","302.35","295.50","942.67K","-1.00%"
"02/12/2021","300.10","296.25","302.90","294.95","1.12M","+1.06%"
"02/11/2021","296.95","297.00","300.65","296.00","516.83K","-0.55%"
"02/10/2021","298.60","297.90","301.00","294.25","771.60K","+0.49%"
"02/09/2021","297.15","298.00","301.75","294.00","879.54K","-0.05%"
"02/08/2021","297.30","293.00","306.40","290.05","2.46M","+1.38%"
"02/05/2021","293.25","295.00","295.00","287.50","1.11M","-0.51%"
"02/04/2021","294.75","289.40","298.00","288.25","1.26M","+1.92%"
"02/03/2021","289.20","289.50","290.60","283.00","1.47M","-1.09%"
"02/02/2021","292.40","293.10","294.00","284.55","3.15M","+1.26%"
"02/01/2021","288.75","290.00","292.50","281.60","3.51M","+5.10%"
"01/29/2021","274.75","276.00","278.40","267.35","2.25M","+4.35%"
"01/28/2021","263.30","258.90","265.45","258.70","1.07M","-0.27%"
"01/27/2021","264.00","265.40","266.85","261.15","1.31M","-1.51%"
"01/25/2021","268.05","277.40","280.00","264.00","1.81M","-2.76%"
"01/22/2021","275.65","286.80","286.80","274.00","1.79M","-2.67%"
"01/21/2021","283.20","301.00","302.50","282.00","3.04M","-4.45%"
"01/20/2021","296.40","303.35","315.00","291.55","6.77M","-0.80%"
"01/19/2021","298.80","270.05","306.40","268.60","4.53M","+11.24%"
"01/18/2021","268.60","277.40","277.60","267.30","849.34K","-2.04%"
"01/15/2021","274.20","280.60","285.00","270.00","1.32M","-1.98%"
"01/14/2021","279.75","289.00","290.00","279.00","790.54K","-1.98%"
"01/13/2021","285.40","296.70","299.60","283.00","1.12M","-1.81%"
"01/12/2021","290.65","293.65","303.00","286.00","1.46M","-0.55%"
"01/11/2021","292.25","300.70","301.00","286.50","2.36M","-3.87%"
"01/08/2021","304.00","312.00","324.90","298.20","9.07M","-1.35%"
"01/07/2021","308.15","281.00","328.40","280.05","5.20M","+12.01%"
"01/06/2021","275.10","257.25","279.90","256.95","8.44M","+7.08%"
"01/05/2021","256.90","244.40","259.00","243.15","3.89M","+5.27%"
"01/04/2021","244.05","241.00","245.85","240.50","886.74K","+2.09%"
"01/01/2021","239.05","239.15","240.00","237.20","658.54K","+0.00%"
"12/31/2020","239.05","240.50","241.45","238.20","496.39K","-0.06%"
"12/30/2020","239.20","239.85","240.40","238.00","439.36K","-0.19%"
"12/29/2020","239.65","243.00","243.40","239.00","446.30K","-0.89%"
"12/28/2020","241.80","244.50","246.00","240.20","348.56K","+0.06%"
"12/24/2020","241.65","244.00","247.65","240.55","1.12M","+0.69%"
"12/23/2020","240.00","235.00","241.50","232.55","540.39K","+3.27%"
"12/22/2020","232.40","230.20","237.90","224.80","962.93K","-0.90%"
"12/21/2020","234.50","242.40","246.30","229.80","1.72M","-3.00%"
"12/18/2020","241.75","242.60","244.50","239.55","549.96K","-0.12%"
"12/17/2020","242.05","242.70","245.95","240.00","900.83K","-0.04%"
"12/16/2020","242.15","244.00","245.00","239.50","1.10M","-0.45%"
"12/15/2020","243.25","242.60","245.70","241.50","542.41K","+0.29%"
"12/14/2020","242.55","243.45","247.20","241.40","440.45K","+0.56%"
"12/11/2020","241.20","240.95","249.40","240.25","1.49M","+0.63%"
"12/10/2020","239.70","243.15","244.00","236.10","669.99K","-1.42%"
"12/09/2020","243.15","238.15","247.25","235.30","2.05M","+2.38%"
"12/08/2020","237.50","240.95","243.20","232.55","1.98M","-1.04%"
"12/07/2020","240.00","242.00","243.90","239.00","655.77K","-0.50%"
"12/04/2020","241.20","239.00","245.00","238.50","1.77M","+1.30%"
"12/03/2020","238.10","233.50","239.10","233.00","1.57M","+2.52%"
"12/02/2020","232.25","230.00","235.00","228.45","1.64M","+2.04%"
"12/01/2020","227.60","232.00","235.00","227.00","1.01M","-0.91%"
"11/27/2020","229.70","221.40","235.60","221.30","2.82M","+3.94%"
"11/26/2020","221.00","220.60","221.90","219.05","581.41K","+0.73%"
"11/25/2020","219.40","222.95","223.35","218.00","633.34K","-1.48%"
"11/24/2020","222.70","219.50","224.00","218.90","537.12K","+1.30%"
"11/23/2020","219.85","223.00","224.95","218.55","729.05K","-0.77%"
"11/20/2020","221.55","225.00","225.95","220.40","591.50K","-1.09%"
"11/19/2020","224.00","227.25","229.90","222.50","705.80K","-1.43%"
"11/18/2020","227.25","223.00","230.00","220.60","900.96K","+1.38%"
"11/17/2020","224.15","228.00","228.60","222.50","827.02K","-1.99%"
"11/14/2020","228.70","229.95","230.00","227.05","183.74K","+0.33%"
"11/13/2020","227.95","227.95","228.80","225.00","383.35K","-0.37%"
"11/12/2020","228.80","225.00","230.00","222.20","1.79M","+1.94%"
"11/11/2020","224.45","217.75","225.50","216.50","1.75M","+3.31%"
"11/10/2020","217.25","229.45","229.85","215.20","1.58M","-4.08%"
"11/09/2020","226.50","225.80","227.75","224.65","943.06K","+0.82%"
"11/06/2020","224.65","217.00","225.60","216.50","1.82M","+4.29%"
"11/05/2020","215.40","214.25","216.95","212.85","777.75K","+0.68%"
"11/04/2020","213.95","214.00","215.80","210.65","1.04M","+0.71%"
"11/03/2020","212.45","203.00","213.80","203.00","1.66M","+4.68%"
"11/02/2020","202.95","203.60","204.80","200.05","948.80K","-0.17%"
"10/30/2020","203.30","205.55","207.60","202.30","875.59K","-0.59%"
"10/29/2020","204.50","205.00","207.95","203.50","1.24M","-2.73%"
"10/28/2020","210.25","215.00","215.75","209.05","1.15M","-2.07%"
"10/27/2020","214.70","214.00","219.70","211.35","3.47M","-9.26%"
"10/26/2020","236.60","242.00","242.50","234.25","2.51M","-1.27%"
"10/23/2020","239.65","242.00","243.00","238.25","2.16M","+0.44%"
"10/22/2020","238.60","236.35","240.00","234.00","3.64M","+2.36%"
"10/21/2020","233.10","231.75","235.70","227.15","8.29M","+4.60%"
"10/20/2020","222.85","221.50","224.80","217.40","2.49M","+0.88%"
"10/19/2020","220.90","215.50","222.50","212.65","1.74M","+4.32%"
"10/16/2020","211.75","213.50","216.00","209.45","1.40M","+2.05%"
"10/15/2020","207.50","217.00","218.40","206.20","1.12M","-2.63%"
"10/14/2020","213.10","208.85","216.15","203.00","1.56M","+3.40%"
"10/13/2020","206.10","200.00","209.75","198.10","1.47M","+4.04%"
"10/12/2020","198.10","200.00","207.75","197.30","1.70M","-5.03%"
"10/09/2020","208.60","208.00","211.75","207.25","953.52K","+1.76%"
"10/08/2020","205.00","212.00","213.80","203.00","1.81M","-2.73%"
"10/07/2020","210.75","222.00","225.00","209.20","1.49M","-4.81%"
"10/06/2020","221.40","215.20","222.80","214.05","1.42M","+3.58%"
"10/05/2020","213.75","208.50","214.45","208.50","644.18K","+2.64%"
"10/01/2020","208.25","210.50","212.95","207.65","352.33K","-0.81%"
"09/30/2020","209.95","214.90","214.90","209.10","369.82K","-1.06%"
"09/29/2020","212.20","211.30","214.75","210.15","596.78K","+1.12%"
"09/28/2020","209.85","210.00","213.25","208.75","586.17K","+0.33%"
"09/25/2020","209.15","206.80","210.85","205.65","659.45K","+1.90%"
"09/24/2020","205.25","211.00","211.50","204.05","550.61K","-3.43%"
"09/23/2020","212.55","209.80","222.90","207.90","1.80M","+2.09%"
"09/22/2020","208.20","205.80","211.00","200.10","871.87K","+1.07%"
"09/21/2020","206.00","214.20","216.40","204.80","556.24K","-3.49%"
"09/18/2020","213.45","217.60","220.85","211.80","618.59K","-1.16%"
"09/17/2020","215.95","218.40","222.90","215.50","872.21K","-1.51%"
"09/16/2020","219.25","220.50","223.40","218.00","739.60K","-0.95%"
"09/15/2020","221.35","226.50","231.30","219.50","1.12M","-1.16%"
"09/14/2020","223.95","237.70","238.45","222.50","1.57M","-5.78%"
"09/11/2020","237.70","221.20","239.00","218.00","2.72M","+7.44%"
"09/10/2020","221.25","219.05","222.45","218.00","715.62K","+2.34%"
"09/09/2020","216.20","210.60","219.45","202.80","1.33M","+2.03%"
"09/08/2020","211.90","217.55","217.55","210.10","464.77K","-2.71%"
"09/07/2020","217.80","221.95","222.95","216.10","888.79K","-1.74%"
"09/04/2020","221.65","221.95","226.00","220.50","413.76K","-1.38%"
"09/03/2020","224.75","229.50","231.30","224.00","979.71K","-1.96%"
"09/02/2020","229.25","227.50","232.00","227.30","479.71K","+0.86%"
"09/01/2020","227.30","226.75","231.00","226.05","976.21K","+0.31%"
"08/31/2020","226.60","230.75","235.00","225.00","1.63M","-0.92%"
"08/28/2020","228.70","237.25","239.45","227.55","1.96M","-3.56%"
"08/27/2020","237.15","227.60","239.35","227.20","2.27M","+4.93%"
"08/26/2020","226.00","225.85","229.45","222.40","766.56K","+0.07%"
"08/25/2020","225.85","229.00","229.00","225.00","556.98K","-0.96%"
"08/24/2020","228.05","229.05","230.75","226.10","726.98K","+0.66%"
"08/21/2020","226.55","226.50","229.00","224.30","1.31M","+1.46%"
"08/20/2020","223.30","232.20","232.20","222.85","1.63M","-3.60%"
"08/19/2020","231.65","234.95","235.60","231.00","870.32K","-0.98%"
"08/18/2020","233.95","232.95","235.85","232.00","1.25M","+1.76%"
"08/17/2020","229.90","233.00","235.95","227.80","1.26M","-0.41%"
"08/14/2020","230.85","242.95","245.00","227.40","2.22M","-3.57%"
"08/13/2020","239.40","233.80","241.45","228.55","4.85M","+3.39%"
"08/12/2020","231.55","230.05","237.95","223.35","4.31M","-6.18%"
"08/11/2020","246.80","246.00","258.95","243.30","4.93M","+1.50%"
"08/10/2020","243.15","254.90","257.70","237.50","3.88M","-3.87%"
"08/07/2020","252.95","240.00","257.50","236.50","7.41M","+7.64%"
"08/06/2020","235.00","222.30","237.00","222.30","5.91M","+7.43%"
"08/05/2020","218.75","210.10","221.40","210.05","4.38M","+6.14%"
"08/04/2020","206.10","206.00","207.60","203.10","1.66M","+0.37%"
"08/03/2020","205.35","211.00","211.25","204.50","950.79K","-2.24%"
"07/31/2020","210.05","210.00","211.50","207.25","885.36K","+0.02%"
"07/30/2020","210.00","208.85","212.40","205.75","1.16M","+0.79%"
"07/29/2020","208.35","212.95","212.95","205.00","1.36M","-1.16%"
"07/28/2020","210.80","209.50","215.90","208.70","3.97M","+1.93%"
"07/27/2020","206.80","205.00","211.90","201.20","3.05M","+3.30%"
"07/24/2020","200.20","208.95","209.75","197.00","3.08M","-3.47%"
"07/23/2020","207.40","198.90","210.65","198.30","5.96M","+5.15%"
"07/22/2020","197.25","187.40","205.70","187.35","9.18M","+7.90%"
"07/21/2020","182.80","189.00","189.30","182.25","1.32M","-2.66%"
"07/20/2020","187.80","188.80","190.95","186.95","385.73K","-0.08%"
"07/17/2020","187.95","189.25","191.70","187.50","322.43K","-0.19%"
"07/16/2020","188.30","188.50","189.25","183.15","559.61K","+0.59%"
"07/15/2020","187.20","190.50","194.35","186.10","706.84K","-2.30%"
"07/14/2020","191.60","196.05","196.30","190.25","713.94K","-1.77%"
"07/13/2020","195.05","190.80","196.40","190.10","2.19M","+3.09%"
"07/10/2020","189.20","192.50","193.50","188.85","703.08K","-1.82%"
"07/09/2020","192.70","193.00","195.50","192.00","1.24M","+0.97%"
"07/08/2020","190.85","198.00","198.00","190.00","1.80M","-2.83%"
"07/07/2020","196.40","194.00","197.80","194.00","695.51K","+1.08%"
"07/06/2020","194.30","196.05","197.50","193.80","608.40K","-0.44%"
"07/03/2020","195.15","196.80","197.50","195.00","366.88K","-0.66%"
"07/02/2020","196.45","198.60","200.75","195.45","723.57K","-0.91%"
"07/01/2020","198.25","196.40","199.35","193.60","654.89K","+1.17%"
"06/30/2020","195.95","194.90","201.35","192.60","1.17M","+1.19%"
"06/29/2020","193.65","198.50","199.00","192.80","1.01M","-2.66%"
"06/26/2020","198.95","191.00","204.75","191.00","4.24M","+4.90%"
"06/25/2020","189.65","186.80","193.90","184.05","3.98M","+1.44%"
"06/24/2020","186.95","189.20","194.70","185.40","2.19M","-0.53%"
"06/23/2020","187.95","190.00","195.05","186.20","1.50M","+0.05%"
"06/22/2020","187.85","179.20","190.90","179.20","1.67M","+5.50%"
"06/19/2020","178.05","182.00","182.00","176.60","940.99K","-0.22%"
"06/18/2020","178.45","173.20","184.60","173.00","1.36M","+2.44%"
"06/17/2020","174.20","175.25","176.85","172.65","454.78K","-1.08%"
"06/16/2020","176.10","177.20","177.30","172.85","1.38M","+0.83%"
"06/15/2020","174.65","174.65","175.60","171.45","969.55K","+0.00%"
"06/12/2020","174.65","168.00","176.00","166.85","1.20M","+1.16%"
"06/11/2020","172.65","172.00","174.60","170.25","581.30K","+0.35%"
"06/10/2020","172.05","174.05","174.40","171.55","604.88K","-0.95%"
"06/09/2020","173.70","173.30","174.95","171.80","856.76K","+0.46%"
"06/08/2020","172.90","175.00","176.25","172.00","944.98K","-0.06%"
"06/05/2020","173.00","172.50","174.35","171.60","1.08M","+0.93%"
"06/04/2020","171.40","172.00","172.95","170.00","313.23K","-0.81%"
"06/03/2020","172.80","173.80","174.90","171.25","844.55K","-0.03%"
"06/02/2020","172.85","176.00","176.00","171.00","667.83K","-0.12%"
"06/01/2020","173.05","173.50","177.80","171.00","2.61M","+0.87%"
"05/29/2020","171.55","168.65","172.30","166.65","643.01K","+1.72%"
"05/28/2020","168.65","165.95","169.00","164.50","796.29K","+2.37%"
"05/27/2020","164.75","167.30","167.95","164.20","479.72K","-1.14%"
"05/26/2020","166.65","166.50","169.00","165.30","525.61K","+0.85%"
"05/22/2020","165.25","167.00","168.80","164.05","826.09K","-2.39%"
"05/21/2020","169.30","170.00","174.50","167.10","1.55M","-0.79%"
"05/20/2020","170.65","172.00","173.00","168.30","516.11K","-1.98%"
"05/19/2020","174.10","176.00","176.40","172.20","1.29M","-7.52%"
"05/18/2020","188.25","195.50","200.40","185.60","4.04M","-2.28%"
"05/15/2020","192.65","190.25","195.00","189.20","2.64M","+3.13%"
"05/14/2020","186.80","184.15","189.00","181.85","1.14M","+1.44%"
"05/13/2020","184.15","192.00","195.00","183.10","2.37M","+2.33%"
"05/12/2020","179.95","182.20","184.60","177.05","902.23K","-1.04%"
"05/11/2020","181.85","178.35","185.50","178.35","1.59M","+3.74%"
"05/08/2020","175.30","178.50","179.50","174.00","440.70K","-0.60%"
"05/07/2020","176.35","169.40","178.00","167.00","873.64K","+4.07%"
"05/06/2020","169.45","172.95","172.95","167.75","374.47K","+1.22%"
"05/05/2020","167.40","168.00","172.75","166.50","554.76K","+1.00%"
"05/04/2020","165.75","167.00","169.35","165.05","461.89K","-5.07%"
"04/30/2020","174.60","174.40","176.00","172.00","715.87K","+1.90%"
"04/29/2020","171.35","167.00","172.00","164.70","539.57K","+3.82%"
"04/28/2020","165.05","167.00","168.55","164.00","168.77K","-0.18%"
"04/27/2020","165.35","173.00","173.90","164.50","470.43K","-3.42%"
"04/24/2020","171.20","174.90","181.60","170.45","611.08K","-0.15%"
"04/23/2020","171.45","168.05","172.00","167.30","201.01K","+2.85%"
"04/22/2020","166.70","168.00","169.90","165.05","234.02K","-0.74%"
"04/21/2020","167.95","172.00","172.95","165.00","553.44K","-3.59%"
"04/20/2020","174.20","174.85","177.80","173.45","679.84K","-0.17%"
"04/17/2020","174.50","178.00","180.90","173.00","438.77K","+0.23%"
"04/16/2020","174.10","170.40","177.45","168.65","413.84K","+2.17%"
"04/15/2020","170.40","167.00","173.55","166.00","602.90K","+3.15%"
"04/13/2020","165.20","166.00","168.75","162.55","295.05K","-0.18%"
"04/09/2020","165.50","168.80","171.60","163.00","368.83K","-0.27%"
"04/08/2020","165.95","167.00","169.95","164.00","382.64K","+0.88%"
"04/07/2020","164.50","169.45","169.45","159.65","1.14M","+1.83%"
"04/03/2020","161.55","167.00","167.00","151.45","710.43K","+0.69%"
"04/01/2020","160.45","155.00","167.00","152.25","901.58K","+3.25%"
"03/31/2020","155.40","146.55","159.65","146.05","510.40K","+6.91%"
"03/30/2020","145.35","140.00","146.55","137.50","352.69K","+0.97%"
"03/27/2020","143.95","141.95","154.00","141.95","701.05K","+3.38%"
"03/26/2020","139.25","142.00","145.00","138.10","494.11K","+0.94%"
"03/25/2020","137.95","125.00","139.15","123.45","823.35K","+9.31%"
"03/24/2020","126.20","126.00","130.00","125.00","778.02K","+0.52%"
"03/23/2020","125.55","125.00","135.00","123.00","683.56K","-7.85%"
"03/20/2020","136.25","130.00","142.50","127.30","772.71K","+7.07%"
"03/19/2020","127.25","132.90","135.00","125.25","834.27K","-6.26%"
"03/18/2020","135.75","137.00","145.40","126.50","829.52K","+1.23%"
"03/17/2020","134.10","138.00","142.00","130.00","804.40K","-3.00%"
"03/16/2020","138.25","136.00","148.00","133.20","1.04M","-2.05%"
"03/13/2020","141.15","129.85","150.20","116.05","1.80M","-2.69%"
"03/12/2020","145.05","153.00","155.00","140.15","1.36M","-9.34%"
"03/11/2020","160.00","168.55","168.55","158.20","642.04K","+0.44%"
"03/09/2020","159.30","161.45","161.45","154.40","882.42K","-2.75%"
"03/06/2020","163.80","167.00","170.50","161.90","558.99K","-3.28%"
"03/05/2020","169.35","172.00","174.35","169.00","228.86K","-0.06%"
"03/04/2020","169.45","172.35","172.90","167.20","302.83K","-2.00%"
"03/03/2020","172.90","170.00","174.00","167.80","321.60K","+3.10%"
"03/02/2020","167.70","173.30","177.15","164.00","290.87K","-2.64%"
"02/28/2020","172.25","170.30","177.75","170.30","640.03K","-5.56%"
"02/27/2020","182.40","170.10","187.65","170.00","1.35M","+5.56%"
"02/26/2020","172.80","175.10","177.95","170.85","542.34K","-2.70%"
"02/25/2020","177.60","180.00","181.50","175.00","366.18K","-1.42%"
"02/24/2020","180.15","181.50","183.20","179.50","705.06K","-1.21%"
"02/20/2020","182.35","185.00","187.70","181.50","390.43K","-1.33%"
"02/19/2020","184.80","185.70","189.60","184.50","279.25K","-0.40%"
"02/18/2020","185.55","190.00","190.00","184.10","324.41K","-1.90%"
"02/17/2020","189.15","190.65","190.65","188.30","135.02K","-0.79%"
"02/14/2020","190.65","191.00","192.00","190.20","138.59K","-0.05%"
"02/13/2020","190.75","192.50","193.70","190.25","149.43K","-0.78%"
"02/12/2020","192.25","195.00","195.15","191.60","155.81K","-1.31%"
"02/11/2020","194.80","194.40","195.90","192.50","207.88K","+0.54%"
"02/10/2020","193.75","196.20","196.75","191.65","296.48K","-0.67%"
"02/07/2020","195.05","193.75","195.60","192.70","337.79K","+1.19%"
"02/06/2020","192.75","193.70","198.70","191.90","867.17K","+1.05%"
"02/05/2020","190.75","193.20","194.95","189.50","682.80K","-1.14%"
"02/04/2020","192.95","191.70","194.90","190.00","475.66K","+1.87%"
"02/03/2020","189.40","191.60","192.75","188.15","327.57K","-1.25%"
"02/01/2020","191.80","195.30","196.95","190.60","615.59K","-1.18%"
"01/31/2020","194.10","195.15","196.70","193.65","724.99K","-0.31%"
"01/30/2020","194.70","199.75","199.75","193.50","689.17K","-1.94%"
"01/29/2020","198.55","200.00","202.75","198.00","591.90K","-0.10%"
"01/28/2020","198.75","201.15","203.40","197.25","612.03K","-1.12%"
"01/27/2020","201.00","207.95","208.10","200.00","922.82K","-3.30%"
"01/24/2020","207.85","209.90","209.90","207.50","558.02K","-0.38%"
"01/23/2020","208.65","210.25","210.70","207.50","472.04K","-0.26%"
"01/22/2020","209.20","213.00","214.70","207.70","576.15K","-1.51%"
"01/21/2020","212.40","214.00","216.80","211.65","549.28K","-1.83%"
"01/20/2020","216.35","218.75","224.00","214.55","1.69M","-0.28%"
"01/17/2020","216.95","217.00","219.60","216.35","1.27M","+0.56%"
"01/16/2020","215.75","217.00","218.50","215.15","417.48K","+0.19%"
"01/15/2020","215.35","214.00","218.90","213.50","679.99K","+0.61%"
"01/14/2020","214.05","216.00","218.70","213.25","2.08M","-0.81%"
"01/13/2020","215.80","219.65","222.00","214.20","547.82K","-1.51%"
"01/10/2020","219.10","215.00","224.45","213.00","2.21M","+2.74%"
"01/09/2020","213.25","215.30","215.30","211.35","380.06K","+1.07%"
"01/08/2020","211.00","211.00","212.20","209.50","362.09K","-0.96%"
"01/07/2020","213.05","212.60","215.60","210.20","259.27K","+0.57%"
"01/06/2020","211.85","216.40","216.40","210.00","322.04K","-1.58%"
"01/03/2020","215.25","214.00","216.90","213.10","816.97K","+0.51%"
"01/02/2020","214.15","211.40","214.95","210.55","549.83K","+1.93%"
"01/01/2020","210.10","210.80","211.50","209.60","88.79K","+0.21%"
"12/31/2019","209.65","209.80","211.95","209.15","189.21K","+0.38%"
"12/30/2019","208.85","210.40","211.70","208.20","279.47K","-0.71%"
"12/27/2019","210.35","213.00","214.85","205.80","988.74K","-0.78%"
"12/26/2019","212.00","212.00","214.50","211.90","354.05K","+0.26%"
"12/24/2019","211.45","211.75","213.70","211.00","275.07K","-0.02%"
"12/23/2019","211.50","208.40","212.00","208.00","361.03K","+1.49%"
"12/20/2019","208.40","209.00","210.60","206.15","968.92K","+0.55%"
"12/19/2019","207.25","207.40","209.05","207.00","162.39K","-0.02%"
"12/18/2019","207.30","208.70","210.25","207.10","666.32K","-0.34%"
"12/17/2019","208.00","206.25","208.60","206.25","473.02K","+0.85%"
"12/16/2019","206.25","207.20","207.70","206.00","130.26K","+0.12%"
"12/13/2019","206.00","207.35","209.40","205.50","612.88K","+0.24%"
"12/12/2019","205.50","207.00","209.00","205.30","285.44K","+0.02%"
"12/11/2019","205.45","207.60","208.85","204.50","464.92K","-0.44%"
"12/10/2019","206.35","209.65","210.45","206.00","280.79K","-1.29%"
"12/09/2019","209.05","210.90","212.15","208.80","201.14K","-0.88%"
"12/06/2019","210.90","211.50","213.95","210.00","275.88K","-0.45%"
"12/05/2019","211.85","213.00","213.95","211.00","119.10K","+0.17%"
"12/04/2019","211.50","211.00","213.50","209.50","266.44K","+0.33%"
"12/03/2019","210.80","213.50","216.80","210.25","266.10K","-1.26%"
"12/02/2019","213.50","216.00","217.95","213.00","279.23K","-0.86%"
"11/29/2019","215.35","215.80","220.65","213.80","1.07M","+0.12%"
"11/28/2019","215.10","212.10","215.95","212.10","643.78K","+1.13%"
"11/27/2019","212.70","211.00","215.10","210.60","504.45K","+1.33%"
"11/26/2019","209.90","215.00","215.90","209.00","347.45K","-2.37%"
"11/25/2019","215.00","213.00","216.50","213.00","613.01K","+1.15%"
"11/22/2019","212.55","214.70","217.50","210.00","762.14K","-1.00%"
"11/21/2019","214.70","214.25","215.80","210.00","464.82K","+0.51%"
"11/20/2019","213.60","215.70","216.95","213.00","382.51K","-0.97%"
"11/19/2019","215.70","211.00","216.50","208.75","936.39K","+2.35%"
"11/18/2019","210.75","209.90","213.00","207.80","509.64K","+1.18%"
"11/15/2019","208.30","209.20","211.25","208.00","350.74K","-0.83%"
"11/14/2019","210.05","208.50","210.95","206.25","508.47K","+0.70%"
"11/13/2019","208.60","210.30","210.90","208.00","378.03K","-0.81%"
"11/11/2019","210.30","211.50","211.50","208.00","346.67K","-0.24%"
"11/08/2019","210.80","212.00","214.35","209.20","583.21K","-1.13%"
"11/07/2019","213.20","209.20","214.00","206.70","845.06K","+2.40%"
"11/06/2019","208.20","208.25","209.20","205.80","1.29M","+0.58%"
"11/05/2019","207.00","213.15","214.50","206.80","1.29M","-1.66%"
"11/04/2019","210.50","209.00","215.95","209.00","2.26M","+1.69%"
"11/01/2019","207.00","213.00","213.00","205.05","1.77M","-2.66%"
"10/31/2019","212.65","212.50","215.65","212.00","662.75K","+0.07%"
"10/30/2019","212.50","216.00","216.00","211.50","1.08M","-3.52%"
"10/29/2019","220.25","214.00","224.80","212.70","3.27M","+1.52%"
"10/27/2019","216.95","214.50","218.70","212.25","444.72K","+2.77%"
"10/25/2019","211.10","212.90","214.20","210.15","294.83K","-0.21%"
"10/24/2019","211.55","210.00","214.90","210.00","630.42K","+0.74%"
"10/23/2019","210.00","208.70","211.90","208.40","995.25K","+0.05%"
"10/22/2019","209.90","216.50","219.70","209.20","946.69K","-3.00%"
"10/18/2019","216.40","213.10","218.90","212.00","988.75K","+2.29%"
"10/17/2019","211.55","211.45","213.75","209.60","686.11K","+0.45%"
"10/16/2019","210.60","213.00","213.90","209.05","974.03K","+0.89%"
"10/15/2019","208.75","209.40","212.00","207.10","370.31K","+0.41%"
"10/14/2019","207.90","209.00","210.00","205.55","676.81K","+0.31%"
"10/11/2019","207.25","205.75","209.50","204.50","327.03K","+1.42%"
"10/10/2019","204.35","206.85","208.00","204.00","207.12K","-1.23%"
"10/09/2019","206.90","205.45","208.40","203.00","272.42K","+0.71%"
"10/07/2019","205.45","208.00","209.35","204.45","250.26K","-1.15%"
"10/04/2019","207.85","209.75","211.45","207.00","414.67K","-0.76%"
"10/03/2019","209.45","211.00","213.30","207.70","899.80K","-2.10%"
"10/01/2019","213.95","213.40","216.90","210.10","794.58K","+0.23%"
"09/30/2019","213.45","217.10","218.40","211.80","843.38K","-1.45%"
"09/27/2019","216.60","212.90","218.20","211.10","1.56M","+1.74%"
"09/26/2019","212.90","202.25","216.80","197.25","10.23M","+5.58%"
"09/25/2019","201.65","210.50","210.50","201.00","921.01K","-4.20%"
"09/24/2019","210.50","216.00","216.65","209.35","722.06K","-2.50%"
"09/23/2019","215.90","222.10","224.00","214.00","616.19K","-0.76%"
"09/20/2019","217.55","211.00","220.85","201.30","2.38M","+3.55%"
"09/19/2019","210.10","213.50","214.10","208.45","411.21K","-1.57%"
"09/18/2019","213.45","211.20","217.15","208.70","1.12M","+1.40%"
"09/17/2019","210.50","218.00","221.45","208.75","1.26M","-4.17%"
"09/16/2019","219.65","217.00","220.65","215.70","1.03M","+0.85%"
"09/13/2019","217.80","215.10","219.00","212.20","470.49K","+1.56%"
"09/12/2019","214.45","215.80","217.40","213.15","530.83K","-0.07%"
"09/11/2019","214.60","216.05","218.90","213.45","779.33K","-0.37%"
"09/09/2019","215.40","217.20","218.50","213.80","601.02K","-0.76%"
"09/06/2019","217.05","214.60","218.10","212.45","465.14K","+0.86%"
"09/05/2019","215.20","217.80","219.50","214.65","873.11K","+0.19%"
"09/04/2019","214.80","212.95","215.85","210.60","473.68K","+0.73%"
"09/03/2019","213.25","216.10","216.50","210.30","655.49K","-1.57%"
"08/30/2019","216.65","215.95","222.30","214.00","3.41M","+1.71%"
"08/29/2019","213.00","212.00","214.80","209.10","1.39M","+1.02%"
"08/28/2019","210.85","213.15","215.40","208.70","923.45K","-1.08%"
"08/27/2019","213.15","206.00","214.90","205.00","980.63K","+3.45%"
"08/26/2019","206.05","204.50","208.95","197.35","769.27K","+1.78%"
"08/23/2019","202.45","198.55","203.55","193.05","542.00K","+1.53%"
"08/22/2019","199.40","201.00","202.90","198.05","648.69K","-1.53%"
"08/21/2019","202.50","205.10","206.10","201.65","647.76K","-1.82%"
"08/20/2019","206.25","209.30","209.30","203.80","668.29K","-1.41%"
"08/19/2019","209.20","207.10","211.50","207.10","1.31M","+1.14%"
"08/16/2019","206.85","204.95","208.00","199.25","2.07M","+0.93%"
"08/14/2019","204.95","205.00","208.75","203.80","957.09K","-0.15%"
"08/13/2019","205.25","212.00","213.00","204.30","1.09M","-3.25%"
"08/09/2019","212.15","212.00","214.90","210.40","598.26K","-0.02%"
"08/08/2019","212.20","208.30","212.95","206.35","741.35K","+1.87%"
"08/07/2019","208.30","207.00","209.70","203.40","513.57K","+1.49%"
"08/06/2019","205.25","203.00","209.10","202.00","968.33K","+0.74%"
"08/05/2019","203.75","210.00","210.65","202.60","820.85K","-3.71%"
"08/02/2019","211.60","208.95","214.25","207.90","566.70K","+0.05%"
"08/01/2019","211.50","214.35","216.40","209.50","567.14K","-2.51%"
"07/31/2019","216.95","212.05","217.75","211.05","510.46K","+1.33%"
"07/30/2019","214.10","215.80","220.80","213.10","1.10M","-0.76%"
"07/29/2019","215.75","225.00","225.00","214.35","1.53M","-4.32%"
"07/26/2019","225.50","218.20","226.20","214.30","807.67K","+3.87%"
"07/25/2019","217.10","219.40","221.85","215.80","1.50M","-0.75%"
"07/24/2019","218.75","222.10","223.35","217.65","561.49K","-1.88%"
"07/23/2019","222.95","222.65","225.90","221.95","714.42K","-0.73%"
"07/22/2019","224.60","217.10","228.90","217.10","1.25M","+2.07%"
"07/19/2019","220.05","225.10","228.80","217.55","1.47M","-2.24%"
"07/18/2019","225.10","230.25","230.55","224.40","490.84K","-2.34%"
"07/17/2019","230.50","229.00","231.75","227.70","388.62K","+0.63%"
"07/16/2019","229.05","228.25","232.00","227.65","899.01K","+0.31%"
"07/15/2019","228.35","228.50","229.20","224.75","369.40K","+0.22%"
"07/12/2019","227.85","227.95","229.95","224.30","632.29K","-0.09%"
"07/11/2019","228.05","225.00","228.75","222.15","511.56K","+2.22%"
"07/10/2019","223.10","230.95","231.60","222.30","1.23M","-3.19%"
"07/09/2019","230.45","228.95","231.00","226.00","494.28K","+0.52%"
"07/08/2019","229.25","233.50","233.50","228.55","395.58K","-2.30%"
"07/05/2019","234.65","240.55","241.50","233.35","315.98K","-2.17%"
"07/04/2019","239.85","241.00","241.75","236.80","894.43K","-0.42%"
"07/03/2019","240.85","243.00","244.60","238.80","618.71K","-0.56%"
"07/02/2019","242.20","246.00","246.45","241.25","372.13K","-0.96%"
"07/01/2019","244.55","244.05","248.55","242.00","1.49M","+0.18%"
"06/28/2019","244.10","243.95","244.60","241.10","576.13K","-0.20%"
"06/27/2019","244.60","243.00","246.30","239.35","2.36M","+1.54%"
"06/26/2019","240.90","230.60","242.10","229.90","1.22M","+4.47%"
"06/25/2019","230.60","227.25","231.10","225.85","789.84K","+1.16%"
"06/24/2019","227.95","230.75","231.85","226.60","441.78K","-1.21%"
"06/21/2019","230.75","233.80","233.80","229.45","1.62M","-1.33%"
"06/20/2019","233.85","231.00","234.40","228.45","963.69K","+0.84%"
"06/19/2019","231.90","232.80","235.35","230.10","569.08K","+0.13%"
"06/18/2019","231.60","233.55","234.25","230.15","1.23M","-1.34%"
"06/17/2019","234.75","235.35","236.80","233.50","462.73K","-0.84%"
"06/14/2019","236.75","240.80","241.20","236.10","784.22K","-1.29%"
"06/13/2019","239.85","243.75","243.75","238.80","438.43K","-0.83%"
"06/12/2019","241.85","241.50","243.80","241.20","414.26K","+0.00%"
"06/11/2019","241.85","242.95","243.95","240.10","716.77K","+0.02%"
"06/10/2019","241.80","239.95","243.00","237.50","862.37K","+1.17%"
"06/07/2019","239.00","243.40","245.40","238.20","960.42K","-1.81%"
"06/06/2019","243.40","248.40","248.40","243.00","424.37K","-1.32%"
"06/04/2019","246.65","248.60","251.70","246.00","891.46K","-0.76%"
"06/03/2019","248.55","246.00","249.40","245.05","577.47K","+1.12%"
"05/31/2019","245.80","250.80","250.85","244.55","880.27K","-1.62%"
"05/30/2019","249.85","248.95","250.90","246.25","1.11M","+0.36%"
"05/29/2019","248.95","251.00","251.40","248.20","494.77K","-0.97%"
"05/28/2019","251.40","254.15","254.90","250.60","1.12M","-1.08%"
"05/27/2019","254.15","253.20","255.75","252.30","723.14K","+0.53%"
"05/24/2019","252.80","248.50","253.75","245.00","918.93K","+1.69%"
"05/23/2019","248.60","254.70","254.70","248.00","784.80K","-0.74%"
"05/22/2019","250.45","254.40","254.95","249.50","1.34M","-1.88%"
"05/21/2019","255.25","262.00","262.50","254.20","608.87K","-2.24%"
"05/20/2019","261.10","259.00","263.35","255.60","772.52K","+3.02%"
"05/17/2019","253.45","252.60","255.85","251.90","523.71K","-0.43%"
"05/16/2019","254.55","253.80","255.85","253.25","300.71K","+0.30%"
"05/15/2019","253.80","257.00","258.10","253.15","556.07K","-1.07%"
"05/14/2019","256.55","256.39","258.45","254.15","605.82K","-0.27%"
"05/13/2019","257.25","257.50","261.30","256.20","630.01K","-1.21%"
"05/10/2019","260.39","263.00","264.60","259.00","335.57K","-0.67%"
"05/09/2019","262.14","265.95","269.70","261.39","392.41K","-1.43%"
"05/08/2019","265.95","268.05","268.95","264.00","233.41K","-0.78%"
"05/07/2019","268.05","273.70","274.95","267.35","318.77K","-1.65%"
"05/06/2019","272.55","271.70","274.45","269.50","544.36K","-0.75%"
"05/03/2019","274.60","266.50","275.55","266.50","642.38K","+1.00%"
"05/02/2019","271.89","276.00","277.60","270.00","1.39M","-1.79%"
"04/30/2019","276.85","272.95","277.80","268.25","671.78K","+2.37%"
"04/26/2019","270.45","274.70","274.70","270.00","521.30K","-0.92%"
"04/25/2019","272.95","274.35","277.64","271.39","756.41K","-0.93%"
"04/24/2019","275.50","276.00","276.64","272.89","185.49K","+0.00%"
"04/23/2019","275.50","277.00","279.30","274.70","258.57K","-0.52%"
"04/22/2019","276.95","284.35","284.35","276.05","293.48K","-2.60%"
"04/18/2019","284.35","282.30","284.95","281.55","469.90K","+0.62%"
"04/16/2019","282.60","283.05","286.50","281.10","559.57K","-0.65%"
"04/15/2019","284.45","280.50","285.80","280.50","478.29K","+1.41%"
"04/12/2019","280.50","281.00","282.25","278.85","425.47K","-0.30%"
"04/11/2019","281.35","280.35","282.80","279.80","339.54K","-0.39%"
"04/10/2019","282.45","284.89","286.14","281.70","330.58K","-0.88%"
"04/09/2019","284.95","284.10","286.25","280.64","438.30K","+0.35%"
"04/08/2019","283.95","289.35","291.64","283.20","599.60K","-1.70%"
"04/05/2019","288.85","286.25","290.00","283.50","946.46K","+1.87%"
"04/04/2019","283.55","281.55","285.20","281.00","448.31K","+0.43%"
"04/03/2019","282.35","284.89","289.60","281.55","998.16K","-0.48%"
"04/02/2019","283.70","283.10","284.89","279.64","873.35K","-0.07%"
"04/01/2019","283.89","279.30","289.80","279.30","1.93M","+2.54%"
"03/29/2019","276.85","278.89","278.89","274.64","427.94K","+0.38%"
"03/28/2019","275.80","271.10","277.75","268.10","1.23M","+1.45%"
"03/27/2019","271.85","273.50","276.00","271.00","433.36K","-0.49%"
"03/26/2019","273.20","272.10","274.00","269.64","254.18K","+0.87%"
"03/25/2019","270.85","273.00","273.00","268.10","419.24K","-2.24%"
"03/22/2019","277.05","277.05","277.05","277.05","990.18K","+0.00%"
"03/20/2019","277.05","276.10","278.35","274.50","430.46K","-0.05%"
"03/19/2019","277.20","278.50","278.50","274.39","446.24K","-0.13%"
"03/18/2019","277.55","275.00","278.70","271.39","637.70K","+0.89%"
"03/15/2019","275.10","273.10","276.10","270.50","617.72K","+0.42%"
"03/14/2019","273.95","277.00","277.95","272.55","470.11K","-1.01%"
"03/13/2019","276.75","274.95","277.89","274.00","1.22M","+0.75%"
"03/12/2019","274.70","273.00","277.50","272.55","1.21M","+1.27%"
"03/11/2019","271.25","269.00","272.00","268.55","734.37K","+1.50%"
"03/08/2019","267.25","269.00","269.50","265.85","509.87K","-0.96%"
"03/07/2019","269.85","268.14","271.20","266.50","540.72K","+0.65%"
"03/06/2019","268.10","272.00","274.00","266.89","891.00K","-1.20%"
"03/05/2019","271.35","270.85","275.10","270.10","582.72K","+0.18%"
"03/01/2019","270.85","269.00","271.95","268.60","333.57K","+0.52%"
"02/28/2019","269.45","263.95","272.39","261.55","1.14M","+2.11%"
"02/27/2019","263.89","263.00","269.00","263.00","629.98K","+0.26%"
"02/26/2019","263.20","261.30","264.85","257.60","389.78K","+0.36%"
"02/25/2019","262.25","259.95","263.30","259.20","631.43K","+0.87%"
"02/22/2019","260.00","258.20","261.00","253.05","821.43K","+1.64%"
"02/21/2019","255.80","255.60","257.05","253.65","673.65K","+0.75%"
"02/20/2019","253.90","250.50","255.15","249.35","960.91K","+2.26%"
"02/19/2019","248.30","243.60","250.50","243.20","545.55K","+1.64%"
"02/18/2019","244.30","249.00","250.95","243.20","611.10K","-1.43%"
"02/15/2019","247.85","248.80","249.60","244.30","515.63K","+0.28%"
"02/14/2019","247.15","249.00","250.45","245.20","475.35K","-0.94%"
"02/13/2019","249.50","250.50","253.00","248.00","657.41K","-0.22%"
"02/12/2019","250.05","249.90","253.50","246.20","721.50K","+0.24%"
"02/11/2019","249.45","249.00","252.25","245.75","708.06K","+0.08%"
"02/08/2019","249.25","254.35","256.50","248.25","480.54K","-2.52%"
"02/07/2019","255.70","255.50","258.70","255.00","598.83K","-0.46%"
"02/06/2019","256.89","254.25","259.00","253.25","605.50K","+0.82%"
"02/05/2019","254.80","256.30","258.80","253.70","612.98K","+0.04%"
"02/04/2019","254.70","253.25","258.55","250.45","906.41K","+0.00%"
"02/01/2019","254.70","257.85","260.20","242.85","5.09M","-2.11%"
"01/31/2019","260.20","262.39","263.64","258.30","1.08M","-0.55%"
"01/30/2019","261.64","260.00","263.30","259.50","597.56K","+0.79%"
"01/29/2019","259.60","252.00","260.39","250.05","706.90K","+3.39%"
"01/28/2019","251.10","249.90","252.10","244.00","407.11K","+0.28%"
"01/25/2019","250.40","258.95","258.95","248.10","1.09M","-2.93%"
"01/24/2019","257.95","259.50","264.60","257.14","359.50K","-0.56%"
"01/23/2019","259.39","260.70","262.00","258.00","537.62K","-0.33%"
"01/22/2019","260.25","266.00","266.39","256.35","2.01M","-2.73%"
"01/21/2019","267.55","273.20","274.89","264.45","2.09M","-1.78%"
"01/18/2019","272.39","273.60","275.10","271.30","389.48K","+0.24%"
"01/17/2019","271.75","272.60","275.80","270.50","571.87K","-0.31%"
"01/16/2019","272.60","273.50","274.20","272.10","118.19K","-0.15%"
"01/15/2019","273.00","272.55","273.95","270.20","414.88K","+0.59%"
"01/14/2019","271.39","273.00","274.30","270.39","141.40K","-0.77%"
"01/11/2019","273.50","275.89","275.95","272.39","131.28K","-0.89%"
"01/10/2019","275.95","274.95","277.60","272.85","449.96K","+0.18%"
"01/09/2019","275.45","275.89","276.60","273.55","251.55K","+0.42%"
"01/08/2019","274.30","273.05","275.85","272.10","227.09K","-0.09%"
"01/07/2019","274.55","273.89","276.00","272.05","472.13K","+1.05%"
"01/04/2019","271.70","269.30","272.45","268.00","426.00K","+0.82%"
"01/03/2019","269.50","271.25","274.70","269.00","338.18K","-1.19%"
"01/02/2019","272.75","275.00","277.75","271.70","336.93K","-1.84%"
"01/01/2019","277.85","278.64","279.45","276.10","151.75K","-0.28%"
"12/31/2018","278.64","273.25","281.60","273.25","1.09M","+1.18%"
"12/28/2018","275.39","276.00","277.70","271.50","355.04K","+0.09%"
"12/27/2018","275.14","271.95","277.20","269.60","2.22M","+1.36%"
"12/26/2018","271.45","271.50","272.25","267.20","480.26K","+0.52%"
"12/24/2018","270.05","275.00","276.50","268.10","534.38K","-1.55%"
"12/21/2018","274.30","280.00","280.50","273.25","407.68K","-1.29%"
"12/20/2018","277.89","282.50","282.50","275.10","1.09M","-1.56%"
"12/19/2018","282.30","279.00","283.50","276.00","874.55K","+1.62%"
"12/18/2018","277.80","273.39","279.00","271.00","1.11M","+1.63%"
"12/17/2018","273.35","270.50","274.80","268.14","1.25M","+1.52%"
"12/14/2018","269.25","273.50","277.80","267.20","1.13M","-2.32%"
"12/13/2018","275.64","274.05","278.00","274.05","341.14K","+0.27%"
"12/12/2018","274.89","274.00","278.35","273.39","503.24K","+0.20%"
"12/11/2018","274.35","265.60","275.00","265.60","547.71K","+1.61%"
"12/10/2018","270.00","269.70","271.50","267.10","3.66M","-1.03%"
"12/07/2018","272.80","267.14","273.89","267.14","370.59K","+1.41%"
"12/06/2018","269.00","269.80","271.89","264.20","663.84K","-0.76%"
"12/05/2018","271.05","271.50","273.50","267.35","497.90K","-0.77%"
"12/04/2018","273.14","274.50","274.50","270.55","457.68K","+0.16%"
"12/03/2018","272.70","270.60","273.50","268.25","696.08K","+2.25%"
"11/30/2018","266.70","263.00","268.80","263.00","614.83K","+1.60%"
"11/29/2018","262.50","262.00","265.00","261.14","1.24M","+0.56%"
"11/28/2018","261.05","263.00","264.50","260.05","434.66K","-1.25%"
"11/27/2018","264.35","263.30","265.50","259.39","1.03M","+0.65%"
"11/26/2018","262.64","263.00","264.50","260.25","593.66K","-0.17%"
"11/22/2018","263.10","266.95","269.00","262.10","1.07M","-1.05%"
"11/21/2018","265.89","264.95","267.35","263.10","515.98K","+0.89%"
"11/20/2018","263.55","266.00","268.50","262.89","465.58K","-1.01%"
"11/19/2018","266.25","269.00","270.30","264.55","956.59K","-0.17%"
"11/16/2018","266.70","268.45","273.30","265.10","1.59M","+0.00%"
"11/15/2018","266.70","262.30","267.70","262.30","506.56K","+0.79%"
"11/14/2018","264.60","265.35","266.60","262.95","415.53K","-0.28%"
"11/13/2018","265.35","262.00","266.00","261.70","548.99K","+0.78%"
"11/12/2018","263.30","264.80","266.70","262.85","889.70K","-0.36%"
"11/09/2018","264.25","263.00","265.50","259.95","792.95K","+0.49%"
"11/07/2018","262.95","265.50","265.89","261.00","147.84K","-0.66%"
"11/06/2018","264.70","262.30","265.39","259.75","1.39M","+0.69%"
"11/05/2018","262.89","264.95","266.00","261.70","892.70K","-0.44%"
"11/02/2018","264.05","265.75","268.70","262.30","1.82M","+0.17%"
"11/01/2018","263.60","263.05","266.50","261.00","1.96M","+0.46%"
"10/31/2018","262.39","268.00","270.45","261.20","3.18M","-8.62%"
"10/30/2018","287.14","285.00","292.00","283.50","1.89M","+0.88%"
"10/29/2018","284.64","281.00","285.55","278.14","1.36M","+2.54%"
"10/26/2018","277.60","280.00","281.70","275.50","1.29M","-0.34%"
"10/25/2018","278.55","281.00","282.60","275.10","2.51M","-1.05%"
"10/24/2018","281.50","280.20","282.89","277.00","1.74M","+0.95%"
"10/23/2018","278.85","282.00","283.45","272.60","2.62M","-1.17%"
"10/22/2018","282.14","286.30","294.89","279.25","5.66M","-1.50%"
"10/19/2018","286.45","272.89","292.00","270.00","3.23M","+6.09%"
"10/17/2018","270.00","278.00","280.10","269.05","894.91K","-2.39%"
"10/16/2018","276.60","274.85","279.00","272.50","782.71K","+1.28%"
"10/15/2018","273.10","280.25","280.25","266.39","1.35M","-1.60%"
"10/12/2018","277.55","273.80","278.60","270.60","1.10M","+2.68%"
"10/11/2018","270.30","272.89","275.95","267.20","875.69K","-2.68%"
"10/10/2018","277.75","274.00","279.64","271.55","1.34M","+1.57%"
"10/09/2018","273.45","269.00","275.00","268.30","688.59K","+1.04%"
"10/08/2018","270.64","278.70","279.95","264.00","2.48M","-3.65%"
"10/05/2018","280.89","288.85","290.70","279.00","810.50K","-2.77%"
"10/04/2018","288.89","291.80","296.50","285.45","1.19M","-1.84%"
"10/03/2018","294.30","289.45","298.64","287.30","690.86K","+1.54%"
"10/01/2018","289.85","288.50","291.00","280.55","462.53K","+0.19%"
"09/28/2018","289.30","305.35","305.64","284.05","1.46M","-5.49%"
"09/27/2018","306.10","306.70","309.45","299.70","1.63M","-0.23%"
"09/26/2018","306.80","306.50","309.20","300.30","2.15M","+0.99%"
"09/25/2018","303.80","295.20","305.80","292.14","1.16M","+2.17%"
"09/24/2018","297.35","297.05","301.70","293.25","783.69K","+0.10%"
"09/21/2018","297.05","298.50","306.70","268.95","2.69M","+0.12%"
"09/19/2018","296.70","301.00","303.70","294.80","1.49M","-0.67%"
"09/18/2018","298.70","299.00","306.45","295.64","1.74M","+0.20%"
"09/17/2018","298.10","297.95","300.89","292.20","958.36K","-0.40%"
"09/14/2018","299.30","289.00","300.00","287.14","1.25M","+4.56%"
"09/12/2018","286.25","287.00","289.20","278.70","1.38M","-0.73%"
"09/11/2018","288.35","293.89","298.30","285.05","1.05M","-2.40%"
"09/10/2018","295.45","298.20","298.89","292.55","1.06M","-0.86%"
"09/07/2018","298.00","299.89","301.70","296.80","568.32K","-0.91%"
"09/06/2018","300.75","302.45","304.64","290.20","1.22M","-0.54%"
"09/05/2018","302.39","290.10","307.20","288.55","1.80M","+3.35%"
"09/04/2018","292.60","300.00","300.10","290.50","842.97K","-2.04%"
"09/03/2018","298.70","300.89","302.00","295.10","723.43K","-0.28%"
"08/31/2018","299.55","295.30","300.64","293.05","637.53K","+0.90%"
"08/30/2018","296.89","300.00","300.64","294.35","1.77M","-0.52%"
"08/29/2018","298.45","298.95","303.30","297.35","958.51K","+0.19%"
"08/28/2018","297.89","300.00","301.55","296.10","828.99K","-0.50%"
"08/27/2018","299.39","295.70","301.35","295.00","1.30M","+2.43%"
"08/24/2018","292.30","288.00","294.00","285.05","1.25M","+2.13%"
"08/23/2018","286.20","284.64","287.85","282.20","730.47K","+0.64%"
"08/21/2018","284.39","280.00","287.00","279.00","669.12K","+1.48%"
"08/20/2018","280.25","277.35","283.00","272.95","1.28M","+1.05%"
"08/17/2018","277.35","278.00","279.89","275.35","361.29K","+0.47%"
"08/16/2018","276.05","277.60","279.00","272.05","1.89M","-3.19%"
"08/14/2018","285.14","284.10","287.00","282.75","971.92K","-0.52%"
"08/13/2018","286.64","283.95","288.85","280.05","1.24M","-0.11%"
"08/10/2018","286.95","286.70","288.30","283.80","662.74K","+0.09%"
"08/09/2018","286.70","286.89","289.00","284.50","691.77K","+0.23%"
"08/08/2018","286.05","285.75","288.50","284.64","486.34K","+0.10%"
"08/07/2018","285.75","287.20","290.95","283.55","1.26M","+0.16%"
"08/06/2018","285.30","284.85","289.64","280.85","1.04M","+1.06%"
"08/03/2018","282.30","281.95","283.75","280.20","571.29K","+0.53%"
"08/02/2018","280.80","278.50","283.80","275.05","1.25M","+1.12%"
"08/01/2018","277.70","282.00","284.80","276.00","1.21M","-0.84%"
"07/31/2018","280.05","275.75","280.85","272.25","760.97K","+1.85%"
"07/30/2018","274.95","274.00","275.95","272.00","493.83K","+0.40%"
"07/27/2018","273.85","270.00","276.30","269.89","606.89K","+0.64%"
"07/26/2018","272.10","281.45","282.64","269.00","3.80M","-3.46%"
"07/25/2018","281.85","274.30","282.95","273.55","3.14M","+3.39%"
"07/24/2018","272.60","266.64","274.55","260.64","3.09M","+1.83%"
"07/23/2018","267.70","265.00","270.00","261.20","2.06M","+0.92%"
"07/20/2018","265.25","268.00","268.00","262.60","1.73M","-1.35%"
"07/19/2018","268.89","273.39","275.10","265.39","2.47M","-0.17%"
"07/18/2018","269.35","270.85","272.45","266.75","1.73M","-0.06%"
"07/17/2018","269.50","267.00","270.95","261.00","2.67M","+0.35%"
"07/16/2018","268.55","274.85","274.85","266.50","1.40M","-2.33%"
"07/13/2018","274.95","272.20","276.20","270.60","2.26M","+0.07%"
"07/12/2018","274.75","273.05","277.70","271.70","2.02M","+0.44%"
"07/11/2018","273.55","276.95","277.00","270.10","3.66M","-3.12%"
"07/10/2018","282.35","280.00","283.85","275.10","2.62M","+0.86%"
"07/09/2018","279.95","273.10","281.35","273.10","859.10K","+2.92%"
"07/06/2018","272.00","272.80","274.39","268.85","1.46M","-0.77%"
"07/05/2018","274.10","275.20","277.60","270.95","1.60M","-2.11%"
"07/04/2018","280.00","277.35","281.95","273.50","1.92M","+0.96%"
"07/03/2018","277.35","280.00","282.64","275.64","1.60M","-0.88%"
"07/02/2018","279.80","277.75","281.39","273.64","1.73M","+1.93%"
"06/29/2018","274.50","273.45","279.14","269.55","1.69M","+0.88%"
"06/28/2018","272.10","273.30","276.00","270.50","1.36M","-0.47%"
"06/27/2018","273.39","277.50","279.75","272.00","1.31M","-1.69%"
"06/26/2018","278.10","287.00","290.10","275.45","1.45M","-3.62%"
"06/25/2018","288.55","287.89","292.80","286.00","571.67K","-0.17%"
"06/22/2018","289.05","288.00","290.14","284.00","1.05M","-0.46%"
"06/21/2018","290.39","295.00","295.70","289.00","1.73M","-1.56%"
"06/20/2018","295.00","296.00","296.05","292.25","1.28M","-0.30%"
"06/19/2018","295.89","297.80","298.00","292.64","1.87M","-0.67%"
"06/18/2018","297.89","305.85","305.85","291.00","2.68M","-2.11%"
"06/15/2018","304.30","301.50","306.00","299.00","2.54M","+0.95%"
"06/14/2018","301.45","301.35","305.25","300.50","2.78M","+0.02%"
"06/13/2018","301.39","303.89","304.64","299.35","2.49M","-0.78%"
"06/12/2018","303.75","304.30","304.30","298.39","3.92M","+0.56%"
"06/11/2018","302.05","296.14","303.50","295.25","1.95M","+2.03%"
"06/08/2018","296.05","296.00","298.45","294.25","997.79K","-0.47%"
"06/07/2018","297.45","296.60","300.75","294.50","1.26M","+0.00%"
"06/06/2018","297.45","285.00","299.30","285.00","2.98M","+4.50%"
"06/05/2018","284.64","281.60","289.89","277.25","2.29M","-0.52%"
"06/04/2018","286.14","290.75","290.75","283.14","2.26M","-1.75%"
"06/01/2018","291.25","296.30","296.89","286.64","2.62M","-1.72%"
"05/31/2018","296.35","295.10","298.00","292.55","3.78M","+0.51%"
"05/30/2018","294.85","285.05","296.25","285.05","1.60M","+1.92%"
"05/29/2018","289.30","290.00","293.20","287.05","1.05M","-0.22%"
"05/28/2018","289.95","291.10","291.80","287.05","762.78K","-0.22%"
"05/25/2018","290.60","284.45","293.55","283.00","826.41K","+2.58%"
"05/24/2018","283.30","284.50","286.60","281.14","811.09K","-0.32%"
"05/23/2018","284.20","288.39","288.39","282.20","693.96K","-1.47%"
"05/22/2018","288.45","289.39","290.14","285.45","1.55M","-0.38%"
"05/21/2018","289.55","299.05","299.85","288.10","1.06M","-2.75%"
"05/18/2018","297.75","299.70","300.80","296.25","1.48M","-0.50%"
"05/17/2018","299.25","298.00","300.95","294.60","2.19M","+0.32%"
"05/16/2018","298.30","295.60","299.20","293.50","1.77M","+0.31%"
"05/15/2018","297.39","297.10","301.10","295.20","1.34M","-0.07%"
"05/14/2018","297.60","299.00","300.55","295.10","933.66K","-0.40%"
"05/11/2018","298.80","295.10","299.50","292.50","1.74M","+1.22%"
"05/10/2018","295.20","301.95","301.95","292.30","2.26M","-1.63%"
"05/09/2018","300.10","300.70","303.70","298.64","1.13M","-0.23%"
"05/08/2018","300.80","304.89","305.60","299.50","1.13M","-0.44%"
"05/07/2018","302.14","306.00","307.95","301.00","1.34M","-0.45%"
"05/04/2018","303.50","309.00","309.00","299.20","1.44M","-1.92%"
"05/03/2018","309.45","310.00","311.55","304.05","1.61M","+0.44%"
"05/02/2018","308.10","320.00","321.35","307.00","3.69M","-5.74%"
"04/30/2018","326.85","334.25","334.25","325.20","1.50M","-0.08%"
"04/27/2018","327.10","320.00","332.00","319.14","1.44M","+2.22%"
"04/26/2018","320.00","326.14","326.14","318.45","2.67M","-1.35%"
"04/25/2018","324.39","320.89","327.39","319.60","1.55M","+1.06%"
"04/24/2018","321.00","320.10","322.64","317.35","2.09M","-0.68%"
"04/23/2018","323.20","327.00","327.50","319.30","1.77M","-1.36%"
"04/20/2018","327.64","326.60","328.80","323.00","1.61M","-0.40%"
"04/19/2018","328.95","328.10","336.50","327.39","4.34M","+1.72%"
"04/18/2018","323.39","319.89","324.55","317.20","1.99M","+1.58%"
"04/17/2018","318.35","319.00","320.00","316.30","917.79K","+0.39%"
"04/16/2018","317.10","314.00","318.25","311.45","2.52M","+0.86%"
"04/13/2018","314.39","312.85","315.60","310.14","2.84M","+0.46%"
"04/12/2018","312.95","316.00","316.89","308.89","4.12M","-1.80%"
"04/11/2018","318.70","316.20","320.50","315.00","2.03M","+1.17%"
"04/10/2018","315.00","315.50","318.30","313.00","2.31M","+0.45%"
"04/09/2018","313.60","315.00","317.85","310.30","2.43M","-0.22%"
"04/06/2018","314.30","312.50","315.30","309.20","2.59M","+0.26%"
"04/05/2018","313.50","309.10","316.50","309.10","3.97M","+2.03%"
"04/04/2018","307.25","310.00","310.00","305.14","2.78M","-0.63%"
"04/03/2018","309.20","303.50","310.39","303.25","2.39M","+1.98%"
"04/02/2018","303.20","304.35","304.75","300.80","1.01M","+0.88%"
"03/28/2018","300.55","305.50","306.30","298.00","4.64M","-1.76%"
"03/27/2018","305.95","305.70","310.89","304.20","2.00M","+0.79%"
"03/26/2018","303.55","298.89","304.80","298.55","1.76M","+0.70%"
"03/23/2018","301.45","300.00","305.05","296.35","2.80M","-3.61%"
"03/22/2018","312.75","312.05","315.20","310.25","2.44M","+0.44%"
"03/21/2018","311.39","313.50","314.39","309.25","2.41M","-0.51%"
"03/20/2018","313.00","305.25","314.60","305.25","2.43M","+1.39%"
"03/19/2018","308.70","314.95","317.35","307.00","2.35M","-1.97%"
"03/16/2018","314.89","318.39","324.85","311.30","6.33M","-1.12%"
"03/15/2018","318.45","319.30","323.70","316.64","4.50M","-0.67%"
"03/14/2018","320.60","320.50","326.64","318.20","4.34M","+0.50%"
"03/13/2018","319.00","313.35","326.39","313.35","2.76M","+0.05%"
"03/12/2018","318.85","317.25","320.55","302.05","3.76M","+1.77%"
"03/09/2018","313.30","314.00","315.45","304.14","3.30M","-0.18%"
"03/08/2018","313.85","309.20","315.10","304.70","1.04M","+1.65%"
"03/07/2018","308.75","311.30","312.55","306.14","3.98M","-1.89%"
"03/06/2018","314.70","314.20","319.35","311.30","1.81M","+0.34%"
"03/05/2018","313.64","314.39","316.25","307.39","3.66M","-0.62%"
"03/01/2018","315.60","325.89","330.30","314.05","2.25M","-3.32%"
"02/28/2018","326.45","326.00","328.00","324.00","1.31M","-0.90%"
"02/27/2018","329.40","333.95","334.80","326.25","1.36M","-0.87%"
"02/26/2018","332.30","333.00","340.20","330.80","3.78M","+1.31%"
"02/23/2018","328.00","316.00","329.00","314.39","3.96M","+4.41%"
"02/22/2018","314.14","315.50","317.89","312.10","9.05M","-0.65%"
"02/21/2018","316.20","317.35","319.25","315.20","3.45M","+0.26%"
"02/20/2018","315.39","312.30","316.75","309.00","4.03M","+0.99%"
"02/19/2018","312.30","315.95","315.95","306.00","1.42M","-0.24%"
"02/16/2018","313.05","317.95","318.00","310.55","2.22M","-0.11%"
"02/15/2018","313.39","311.39","318.10","311.39","2.26M","+1.39%"
"02/14/2018","309.10","308.00","314.89","308.00","2.01M","+0.47%"
"02/12/2018","307.64","306.60","311.89","303.25","4.33M","+1.35%"
"02/09/2018","303.55","281.00","311.89","280.50","5.29M","+5.66%"
"02/08/2018","287.30","285.10","292.00","283.00","4.08M","-0.55%"
"02/07/2018","288.89","289.70","291.35","285.00","1.84M","+1.97%"
"02/06/2018","283.30","281.95","286.39","275.05","2.20M","-3.29%"
"02/05/2018","292.95","290.00","298.00","283.05","2.52M","-0.48%"
"02/02/2018","294.35","306.50","309.00","291.50","1.78M","-4.42%"
"02/01/2018","307.95","308.00","311.80","300.00","1.51M","-0.74%"
"01/31/2018","310.25","311.00","316.14","303.55","3.72M","-0.21%"
"01/30/2018","310.89","303.95","313.75","298.64","2.13M","+2.22%"
"01/29/2018","304.14","303.50","312.80","302.30","3.75M","+1.87%"
"01/25/2018","298.55","298.55","301.00","294.89","3.73M","+1.88%"
"01/24/2018","293.05","297.55","299.30","289.60","1.92M","-1.21%"
"01/23/2018","296.64","293.60","302.00","293.60","2.89M","+1.43%"
"01/22/2018","292.45","300.50","301.60","291.14","2.43M","-2.30%"
"01/19/2018","299.35","307.10","307.64","297.70","2.35M","-2.90%"
"01/18/2018","308.30","323.14","324.80","303.25","2.23M","-4.59%"
"01/17/2018","323.14","316.60","323.85","311.50","933.05K","+2.44%"
"01/16/2018","315.45","322.95","328.80","313.39","1.79M","-2.05%"
"01/15/2018","322.05","324.00","328.50","321.14","1.04M","-0.60%"
"01/12/2018","324.00","320.00","325.45","319.70","1.15M","+1.35%"
"01/11/2018","319.70","319.95","320.95","317.64","710.20K","+0.06%"
"01/10/2018","319.50","318.50","322.05","316.89","1.25M","+0.82%"
"01/09/2018","316.89","318.95","321.35","315.64","730.30K","-0.35%"
"01/08/2018","318.00","314.05","318.85","314.00","1.06M","+1.34%"
"01/05/2018","313.80","318.00","319.85","312.70","1.26M","-1.27%"
"01/04/2018","317.85","312.00","318.50","310.80","1.15M","+1.88%"
"01/03/2018","312.00","311.85","315.75","310.50","882.98K","+0.84%"
"01/02/2018","309.39","311.45","311.60","305.64","911.29K","+0.14%"
"01/01/2018","308.95","309.89","312.45","308.20","637.40K","+0.03%"
"12/29/2017","308.85","313.50","314.00","307.80","1.16M","-0.83%"
"12/28/2017","311.45","305.25","312.95","300.95","1.82M","+2.64%"
"12/27/2017","303.45","309.00","309.25","302.05","1.59M","-1.16%"
"12/26/2017","307.00","310.39","311.00","305.45","1.36M","-0.23%"
"12/22/2017","307.70","304.00","308.35","304.00","1.07M","+1.40%"
"12/21/2017","303.45","304.70","306.55","301.25","970.62K","-0.25%"
"12/20/2017","304.20","304.20","306.00","300.00","1.04M","+0.78%"
"12/19/2017","301.85","299.89","302.80","298.00","909.14K","+1.45%"
"12/18/2017","297.55","293.25","300.45","286.00","1.07M","+1.71%"
"12/15/2017","292.55","295.95","297.20","291.25","1.24M","+0.64%"
"12/14/2017","290.70","291.14","292.10","286.50","719.52K","+0.66%"
"12/13/2017","288.80","291.39","294.64","287.75","789.13K","-0.55%"
"12/12/2017","290.39","294.45","296.75","290.00","997.95K","-1.13%"
"12/11/2017","293.70","295.00","295.80","291.14","968.32K","+0.53%"
"12/08/2017","292.14","288.35","292.75","286.05","1.16M","+1.65%"
"12/07/2017","287.39","284.10","288.39","281.25","2.18M","+0.54%"
"12/06/2017","285.85","292.00","292.05","284.50","1.82M","-3.39%"
"12/05/2017","295.89","296.25","298.89","294.50","605.96K","-1.27%"
"12/04/2017","299.70","297.00","301.50","296.05","501.12K","+1.05%"
"12/01/2017","296.60","301.95","302.39","295.70","779.29K","-0.93%"
"11/30/2017","299.39","302.00","305.39","297.75","798.40K","-1.35%"
"11/29/2017","303.50","304.00","309.50","302.39","1.38M","+0.46%"
"11/28/2017","302.10","305.45","306.89","301.00","1.02M","-1.03%"
"11/27/2017","305.25","306.10","308.50","303.00","691.31K","-1.18%"
"11/24/2017","308.89","311.00","312.00","306.70","1.13M","-1.50%"
"11/23/2017","313.60","312.00","316.00","311.95","1.62M","-0.03%"
"11/22/2017","313.70","318.00","320.50","312.30","765.14K","-1.08%"
"11/21/2017","317.14","318.00","319.89","314.00","1.04M","+0.68%"
"11/20/2017","315.00","310.85","316.50","306.89","1.36M","+1.30%"
"11/17/2017","310.95","305.85","313.50","305.20","1.71M","+3.03%"
"11/16/2017","301.80","299.75","303.45","295.05","970.79K","+1.83%"
"11/15/2017","296.39","307.00","307.60","294.50","1.82M","-4.36%"
"11/14/2017","309.89","312.95","313.95","308.55","729.81K","-0.18%"
"11/13/2017","310.45","312.64","314.35","309.00","718.53K","-0.70%"
"11/10/2017","312.64","314.00","317.10","311.14","1.41M","-0.61%"
"11/09/2017","314.55","312.00","317.45","311.25","895.41K","+0.70%"
"11/08/2017","312.35","318.00","322.50","309.45","1.70M","-1.97%"
"11/07/2017","318.64","326.85","328.20","315.64","1.81M","-1.58%"
"11/06/2017","323.75","321.00","326.00","319.89","1.48M","+0.45%"
"11/03/2017","322.30","323.39","324.75","319.60","1.00M","+0.17%"
"11/02/2017","321.75","326.45","328.35","320.30","1.92M","-0.88%"
"11/01/2017","324.60","316.50","326.10","316.00","2.01M","+2.97%"
"10/31/2017","315.25","318.50","322.05","312.60","1.36M","-0.82%"
"10/30/2017","317.85","317.00","319.89","315.25","558.12K","+0.59%"
"10/27/2017","316.00","318.39","321.05","314.25","853.76K","-0.36%"
"10/26/2017","317.14","321.00","323.45","316.05","2.31M","-0.58%"
"10/25/2017","319.00","316.00","319.89","314.10","1.27M","+1.22%"
"10/24/2017","315.14","320.50","321.39","313.00","2.57M","-1.05%"
"10/23/2017","318.50","323.50","331.00","317.05","4.72M","-1.09%"
"10/19/2017","322.00","324.70","325.00","318.30","255.65K","-0.37%"
"10/18/2017","323.20","325.00","327.50","319.25","1.25M","-1.09%"
"10/17/2017","326.75","320.45","329.20","319.60","2.40M","+2.16%"
"10/16/2017","319.85","322.00","324.00","318.20","945.46K","-0.12%"
"10/13/2017","320.25","317.10","323.80","316.75","2.06M","+1.75%"
"10/12/2017","314.75","311.95","316.00","310.05","741.53K","+1.75%"
"10/11/2017","309.35","314.80","317.64","307.95","1.93M","-1.29%"
"10/10/2017","313.39","317.64","318.80","312.20","1.19M","-1.00%"
"10/09/2017","316.55","319.00","320.50","315.00","882.13K","-0.75%"
"10/06/2017","318.95","315.00","321.70","315.00","2.73M","+1.74%"
"10/05/2017","313.50","314.00","315.50","311.60","986.58K","+0.46%"
"10/04/2017","312.05","315.95","317.45","311.00","2.15M","-0.45%"
"10/03/2017","313.45","300.00","314.35","299.85","2.58M","+5.93%"
"09/29/2017","295.89","292.89","299.85","291.25","1.78M","+1.52%"
"09/28/2017","291.45","293.00","296.00","289.95","1.21M","-0.56%"
"09/27/2017","293.10","302.00","303.00","291.00","969.05K","-2.32%"
"09/26/2017","300.05","293.50","301.25","293.50","1.11M","+2.37%"
"09/25/2017","293.10","293.55","294.80","286.05","1.13M","+0.07%"
"09/22/2017","292.89","301.89","301.89","291.55","1.43M","-3.61%"
"09/21/2017","303.85","304.89","306.95","301.10","999.54K","-0.33%"
"09/20/2017","304.85","307.10","309.80","304.00","1.01M","-1.15%"
"09/19/2017","308.39","310.70","311.80","307.05","1.22M","-0.80%"
"09/18/2017","310.89","306.00","311.95","306.00","1.77M","+2.18%"
"09/15/2017","304.25","303.95","306.80","299.50","1.69M","-0.20%"
"09/14/2017","304.85","307.95","309.89","302.55","1.19M","-0.73%"
"09/13/2017","307.10","313.00","313.55","306.05","1.92M","-1.76%"
"09/12/2017","312.60","310.75","314.00","309.00","1.73M","+1.28%"
"09/11/2017","308.64","305.55","310.05","305.00","1.69M","+1.41%"
"09/08/2017","304.35","309.00","312.35","303.20","2.48M","-0.98%"
"09/07/2017","307.35","307.95","309.45","305.25","1.70M","+0.33%"
"09/06/2017","306.35","302.00","308.50","296.70","2.21M","+0.67%"
"09/05/2017","304.30","302.89","305.25","300.00","1.36M","+1.69%"
"09/04/2017","299.25","306.00","306.30","295.05","1.69M","-1.28%"
"09/01/2017","303.14","301.25","304.39","298.05","2.11M","+2.92%"
"08/31/2017","294.55","296.00","305.30","289.50","7.29M","-0.27%"
"08/30/2017","295.35","287.95","295.95","286.30","1.82M","+3.96%"
"08/29/2017","284.10","283.00","289.80","282.00","1.38M","-0.84%"
"08/28/2017","286.50","284.50","287.30","281.85","1.07M","+0.90%"
"08/24/2017","283.95","287.00","288.70","282.45","1.45M","-0.89%"
"08/23/2017","286.50","287.55","288.85","283.00","2.25M","-0.19%"
"08/22/2017","287.05","292.85","294.30","286.00","1.63M","-1.32%"
"08/21/2017","290.89","298.60","299.45","289.70","1.49M","-1.23%"
"08/18/2017","294.50","295.85","298.25","290.60","2.51M","-0.10%"
"08/17/2017","294.80","296.45","300.89","292.45","3.43M","+1.34%"
"08/16/2017","290.89","283.30","294.20","282.10","2.18M","+3.52%"
"08/14/2017","281.00","271.00","282.60","270.95","1.13M","+3.88%"
"08/11/2017","270.50","278.25","282.00","267.50","2.26M","-3.67%"
"08/10/2017","280.80","286.00","288.00","277.89","2.46M","-2.04%"
"08/09/2017","286.64","285.00","290.70","284.05","1.87M","+0.70%"
"08/08/2017","284.64","287.50","292.60","283.35","2.50M","-0.18%"
"08/07/2017","285.14","288.00","288.45","283.80","1.73M","-0.26%"
"08/04/2017","285.89","283.00","287.50","282.00","1.65M","+1.13%"
"08/03/2017","282.70","283.50","285.00","281.70","825.08K","-0.39%"
"08/02/2017","283.80","282.60","285.64","282.00","1.68M","+0.55%"
"08/01/2017","282.25","283.00","284.00","280.30","1.32M","-0.23%"
"07/31/2017","282.89","277.89","284.00","276.00","1.29M","+1.81%"
"07/28/2017","277.85","274.00","278.95","271.70","1.61M","+0.98%"
"07/27/2017","275.14","285.00","285.00","273.85","2.83M","-3.39%"
"07/26/2017","284.80","282.95","285.80","282.05","2.48M","+0.98%"
"07/25/2017","282.05","279.30","282.89","276.89","1.50M","+1.50%"
"07/24/2017","277.89","279.50","280.35","277.00","2.33M","-1.00%"
"07/21/2017","280.70","284.00","284.20","277.50","2.84M","+0.11%"
"07/20/2017","280.39","281.00","285.95","274.55","9.28M","-0.15%"
"07/19/2017","280.80","279.95","281.39","276.45","1.53M","+1.14%"
"07/18/2017","277.64","279.95","280.95","276.80","1.48M","-0.70%"
"07/17/2017","279.60","275.75","281.00","273.25","2.11M","+2.04%"
"07/14/2017","274.00","276.00","276.25","271.75","1.57M","-0.94%"
"07/13/2017","276.60","274.00","277.30","273.20","1.92M","+1.36%"
"07/12/2017","272.89","273.00","273.89","270.70","1.13M","+0.59%"
"07/11/2017","271.30","269.50","273.80","267.50","2.03M","+1.02%"
"07/10/2017","268.55","269.05","269.89","266.55","406.83K","+0.47%"
"07/07/2017","267.30","267.00","268.25","264.80","826.89K","+0.32%"
"07/06/2017","266.45","271.00","271.25","265.60","1.35M","-1.37%"
"07/05/2017","270.14","266.80","270.89","265.70","1.75M","+1.60%"
"07/04/2017","265.89","266.00","271.45","265.05","2.66M","+0.32%"
"07/03/2017","265.05","264.10","267.70","263.10","1.10M","+0.53%"
"06/30/2017","263.64","261.00","266.00","260.05","2.27M","+0.61%"
"06/29/2017","262.05","262.00","263.89","259.20","3.16M","+0.65%"
"06/28/2017","260.35","256.00","261.55","253.70","3.60M","+2.00%"
"06/27/2017","255.25","251.00","257.00","248.55","1.49M","+1.69%"
"06/23/2017","251.00","254.50","254.50","247.00","1.84M","-0.73%"
"06/22/2017","252.85","249.45","255.35","249.05","2.64M","+1.69%"
"06/21/2017","248.65","253.95","254.70","247.50","2.24M","-1.80%"
"06/20/2017","253.20","248.00","254.50","244.00","3.20M","+2.68%"
"06/19/2017","246.60","242.00","246.90","241.55","1.13M","+2.20%"
"06/16/2017","241.30","242.80","244.10","239.55","979.33K","-0.64%"
"06/15/2017","242.85","242.00","244.85","240.25","1.03M","-0.14%"
"06/14/2017","243.20","244.70","245.80","241.25","1.15M","-0.49%"
"06/13/2017","244.40","244.00","247.95","242.00","2.39M","+0.33%"
"06/12/2017","243.60","241.50","245.90","240.65","2.73M","+0.83%"
"06/09/2017","241.60","237.25","242.50","236.05","2.80M","+1.94%"
"06/08/2017","237.00","233.00","238.50","232.60","1.94M","+2.00%"
"06/07/2017","232.35","232.00","234.25","230.55","2.62M","+0.17%"
"06/06/2017","231.95","234.65","236.45","230.60","1.51M","-1.15%"
"06/05/2017","234.65","238.05","238.50","232.40","2.26M","-1.43%"
"06/02/2017","238.05","238.70","240.50","236.70","2.06M","-0.27%"
"06/01/2017","238.70","240.55","241.30","237.35","2.33M","-0.69%"
"05/31/2017","240.35","245.00","245.50","238.00","2.67M","-1.19%"
"05/30/2017","243.25","237.30","244.35","235.30","1.98M","+1.84%"
"05/29/2017","238.85","241.80","244.90","237.60","945.53K","-1.12%"
"05/26/2017","241.55","233.50","244.15","232.50","4.13M","+3.14%"
"05/25/2017","234.20","233.10","236.90","226.85","5.27M","+1.01%"
"05/24/2017","231.85","243.80","243.80","230.15","2.04M","-3.40%"
"05/23/2017","240.00","247.90","247.90","237.10","2.52M","-3.19%"
"05/22/2017","247.90","249.40","250.20","247.05","1.13M","+0.75%"
"05/19/2017","246.05","245.55","249.20","243.50","1.60M","+0.59%"
"05/18/2017","244.60","250.00","250.80","243.40","2.97M","-2.96%"
"05/17/2017","252.05","251.00","255.10","249.55","3.71M","+0.28%"
"05/16/2017","251.35","258.95","258.95","249.80","2.85M","-2.08%"
"05/15/2017","256.70","255.00","257.75","253.05","1.46M","+0.92%"
"05/12/2017","254.35","260.00","260.50","253.35","1.81M","-1.87%"
"05/11/2017","259.20","254.50","261.80","254.50","3.58M","+1.77%"
"05/10/2017","254.70","256.70","256.89","252.40","1.11M","+0.28%"
"05/09/2017","254.00","247.85","256.39","247.20","2.28M","+2.46%"
"05/08/2017","247.90","250.20","251.00","245.25","2.92M","-0.98%"
"05/05/2017","250.35","254.00","258.00","249.10","3.79M","-3.99%"
"05/04/2017","260.75","265.50","265.60","260.00","1.70M","-1.53%"
"05/03/2017","264.80","269.00","270.35","262.50","1.42M","-1.49%"
"05/02/2017","268.80","268.89","271.75","268.00","1.48M","+0.32%"
"04/28/2017","267.95","267.39","271.80","265.70","2.97M","+0.54%"
"04/27/2017","266.50","271.80","273.89","265.50","2.85M","-2.15%"
"04/26/2017","272.35","273.30","277.20","271.39","2.27M","-0.11%"
"04/25/2017","272.64","275.35","276.00","270.35","2.47M","-0.95%"
"04/24/2017","275.25","275.00","275.89","269.60","2.16M","+0.90%"
"04/21/2017","272.80","288.00","288.00","270.80","6.16M","-3.38%"
"04/20/2017","282.35","275.00","285.89","273.25","4.26M","+4.17%"
"04/19/2017","271.05","271.35","273.60","266.70","2.67M","-0.67%"
"04/18/2017","272.89","279.89","282.75","270.60","2.76M","-1.80%"
"04/17/2017","277.89","282.00","284.55","277.25","1.15M","-1.28%"
"04/13/2017","281.50","283.00","283.55","278.50","1.24M","-0.16%"
"04/12/2017","281.95","286.00","287.14","280.20","1.59M","-0.88%"
"04/11/2017","284.45","286.89","286.89","283.14","1.04M","-0.85%"
"04/10/2017","286.89","283.95","289.00","282.75","1.21M","+1.04%"
"04/07/2017","283.95","288.00","288.89","283.00","1.78M","-1.45%"
"04/06/2017","288.14","292.00","292.39","285.95","1.43M","-1.12%"
"04/05/2017","291.39","291.20","294.25","290.35","1.55M","-0.07%"
"04/03/2017","291.60","291.10","292.35","288.05","2.29M","+0.97%"
"03/31/2017","288.80","285.80","290.60","284.00","2.78M","+1.05%"
"03/30/2017","285.80","290.00","291.50","284.50","5.56M","-1.47%"
"03/29/2017","290.05","294.75","294.75","289.39","6.72M","-11.03%"
"03/28/2017","326.00","323.80","327.50","320.30","6.51M","+0.65%"
"03/27/2017","323.89","325.35","325.60","321.64","6.30M","+0.20%"
"03/24/2017","323.25","321.45","325.30","318.30","6.52M","+1.16%"
"03/23/2017","319.55","320.00","322.00","316.39","17.88M","+2.47%"
"03/22/2017","311.85","307.45","316.20","304.14","5.02M","+1.51%"
"03/21/2017","307.20","313.70","313.70","304.60","1.55M","-1.33%"
"03/20/2017","311.35","311.64","313.85","305.25","2.84M","+0.42%"
"03/17/2017","310.05","310.10","316.85","307.39","4.36M","+0.73%"
"03/16/2017","307.80","299.80","310.30","298.10","6.81M","+5.27%"
"03/15/2017","292.39","293.80","293.80","289.45","1.97M","+0.34%"
"03/14/2017","291.39","291.00","300.50","285.45","6.46M","+2.55%"
"03/10/2017","284.14","293.25","294.00","282.50","2.97M","-2.42%"
"03/09/2017","291.20","294.75","296.39","290.05","2.43M","-1.94%"
"03/08/2017","296.95","297.00","298.60","294.00","1.62M","-0.54%"
"03/07/2017","298.55","308.05","308.85","297.30","2.52M","-3.48%"
"03/06/2017","309.30","313.95","313.95","307.14","1.72M","-1.38%"
"03/03/2017","313.64","309.39","316.00","304.50","2.35M","+1.06%"
"03/02/2017","310.35","318.75","319.75","308.50","1.29M","-2.47%"
"03/01/2017","318.20","311.00","319.00","305.25","2.40M","+3.19%"
"02/28/2017","308.35","309.39","314.80","306.85","2.27M","+0.39%"
"02/27/2017","307.14","301.10","309.89","301.10","1.87M","+1.70%"
"02/23/2017","302.00","301.89","305.25","296.55","4.87M","-0.12%"
"02/22/2017","302.35","303.35","308.95","300.75","1.99M","-0.33%"
"02/21/2017","303.35","303.95","306.75","302.39","1.11M","+0.28%"
"02/20/2017","302.50","300.95","304.89","297.00","2.39M","+0.90%"
"02/17/2017","299.80","304.89","305.64","299.05","2.32M","-0.86%"
"02/16/2017","302.39","294.39","303.80","290.95","3.17M","+3.16%"
"02/15/2017","293.14","304.75","304.75","292.55","3.03M","-3.38%"
"02/14/2017","303.39","315.50","315.50","299.85","4.34M","-3.61%"
"02/13/2017","314.75","317.95","320.55","312.05","1.67M","+0.33%"
"02/10/2017","313.70","319.80","324.80","308.30","3.80M","-1.32%"
"02/09/2017","317.89","319.95","320.85","311.70","2.26M","+0.20%"
"02/08/2017","317.25","312.14","318.05","311.00","1.83M","+2.01%"
"02/07/2017","311.00","315.05","316.80","309.00","3.02M","-1.25%"
"02/06/2017","314.95","324.00","326.60","312.60","2.63M","-2.14%"
"02/03/2017","321.85","320.00","333.20","318.39","5.58M","-0.22%"
"02/02/2017","322.55","306.00","324.80","302.89","4.51M","+5.17%"
"02/01/2017","306.70","302.00","307.50","298.20","1.40M","+2.61%"
"01/31/2017","298.89","301.50","307.50","297.30","3.04M","-0.49%"
"01/30/2017","300.35","300.75","301.95","295.50","1.05M","-0.10%"
"01/27/2017","300.64","303.35","304.05","297.64","1.07M","+0.06%"
"01/25/2017","300.45","306.00","306.95","299.55","2.52M","-1.05%"
"01/24/2017","303.64","297.95","304.89","296.05","2.05M","+2.89%"
"01/23/2017","295.10","288.89","297.00","288.05","1.27M","+2.45%"
"01/20/2017","288.05","291.89","293.14","285.39","1.70M","-1.74%"
"01/19/2017","293.14","289.80","293.80","287.10","1.26M","+1.24%"
"01/18/2017","289.55","293.00","296.39","286.00","3.65M","+1.61%"
"01/17/2017","284.95","287.20","289.14","283.10","1.72M","-0.28%"
"01/16/2017","285.75","279.00","287.80","278.60","2.27M","+2.94%"
"01/13/2017","277.60","276.85","279.64","272.35","1.54M","+0.78%"
"01/12/2017","275.45","278.55","280.00","271.20","1.77M","-0.97%"
"01/11/2017","278.14","276.00","280.39","275.05","1.83M","+1.94%"
"01/10/2017","272.85","271.50","274.45","270.20","983.38K","+1.07%"
"01/09/2017","269.95","266.35","274.60","266.00","1.98M","+2.06%"
"01/06/2017","264.50","263.00","267.70","262.50","2.18M","+1.00%"
"01/05/2017","261.89","256.50","262.64","254.60","2.54M","+4.21%"
"01/04/2017","251.30","259.80","260.00","250.20","2.19M","-3.12%"
"01/03/2017","259.39","260.70","261.20","256.64","865.38K","-0.06%"
"01/02/2017","259.55","256.95","260.50","253.65","784.04K","+1.62%"
"12/30/2016","255.40","257.30","259.39","254.40","953.91K","-0.43%"
"12/29/2016","256.50","249.85","259.00","249.45","1.13M","+2.76%"
"12/28/2016","249.60","254.25","256.05","249.10","1.04M","-1.11%"
"12/27/2016","252.40","249.85","254.00","247.05","1.45M","+1.08%"
"12/26/2016","249.70","255.05","257.00","248.50","1.63M","-3.39%"
"12/23/2016","258.45","261.45","262.00","254.70","1.36M","-0.96%"
"12/22/2016","260.95","264.14","265.89","260.00","996.41K","-2.19%"
"12/21/2016","266.80","264.70","271.00","263.00","2.22M","+1.72%"
"12/20/2016","262.30","266.00","269.00","261.35","2.18M","-2.67%"
"12/19/2016","269.50","279.35","279.85","268.60","1.57M","-4.14%"
"12/16/2016","281.14","287.00","290.00","279.45","2.40M","-1.46%"
"12/15/2016","285.30","277.00","288.30","275.50","2.88M","+3.13%"
"12/14/2016","276.64","278.14","279.14","274.89","712.14K","-0.54%"
"12/13/2016","278.14","281.00","282.00","275.10","1.50M","-1.04%"
"12/12/2016","281.05","281.00","283.50","277.39","873.83K","-0.03%"
"12/09/2016","281.14","285.00","285.00","279.45","949.70K","-0.88%"
"12/08/2016","283.64","280.50","286.80","277.70","1.93M","+1.86%"
"12/07/2016","278.45","277.85","281.00","274.00","1.40M","+0.91%"
"12/06/2016","275.95","276.80","278.50","274.89","767.20K","+0.29%"
"12/05/2016","275.14","274.05","280.60","268.50","2.15M","+0.95%"
"12/02/2016","272.55","274.00","279.80","270.20","1.05M","-0.89%"
"12/01/2016","275.00","284.05","284.05","274.05","1.11M","-2.69%"
"11/30/2016","282.60","278.10","283.95","273.85","2.36M","+0.09%"
"11/29/2016","282.35","287.95","287.95","277.20","3.99M","-0.76%"
"11/28/2016","284.50","276.00","287.00","275.50","4.71M","+4.12%"
"11/25/2016","273.25","276.80","281.39","271.00","2.94M","-0.04%"
"11/24/2016","273.35","258.80","278.39","258.00","5.61M","+6.03%"
"11/23/2016","257.80","255.00","259.70","251.25","2.27M","+1.90%"
"11/22/2016","253.00","249.00","254.55","246.05","1.12M","+3.50%"
"11/21/2016","244.45","247.05","255.40","242.15","1.69M","-2.14%"
"11/18/2016","249.80","249.00","251.35","244.00","2.10M","-0.36%"
"11/17/2016","250.70","240.00","253.50","232.40","3.52M","+5.36%"
"11/16/2016","237.95","245.85","246.05","236.65","1.43M","-0.27%"
"11/15/2016","238.60","255.90","256.00","235.35","2.83M","-4.46%"
"11/11/2016","249.75","257.00","260.00","248.10","1.69M","-3.24%"
"11/10/2016","258.10","258.70","272.00","255.65","4.08M","+1.83%"
"11/09/2016","253.45","233.30","256.25","221.00","2.15M","-2.20%"
"11/08/2016","259.14","266.00","266.70","257.30","1.60M","-1.26%"
"11/07/2016","262.45","262.95","266.55","259.25","963.09K","+2.66%"
"11/04/2016","255.65","268.00","270.70","253.15","1.38M","-4.32%"
"11/03/2016","267.20","264.30","275.50","264.30","2.13M","-0.85%"
"11/02/2016","269.50","271.75","273.45","266.30","3.20M","-1.12%"
"11/01/2016","272.55","255.45","276.20","254.10","6.30M","+7.94%"
"10/30/2016","252.50","253.90","256.00","251.00","361.19K","-0.18%"
"10/28/2016","252.95","250.00","256.00","250.00","1.40M","+0.86%"
"10/27/2016","250.80","253.00","254.15","248.45","2.26M","-0.95%"
"10/26/2016","253.20","255.05","257.60","251.00","1.81M","-0.57%"
"10/25/2016","254.65","254.00","257.80","251.30","2.22M","+0.55%"
"10/24/2016","253.25","248.25","254.80","247.65","2.27M","+1.42%"
"10/21/2016","249.70","250.00","252.90","242.50","1.93M","-0.08%"
"10/20/2016","249.90","260.00","260.00","247.80","6.40M","+0.73%"
"10/19/2016","248.10","245.95","252.00","245.40","4.33M","+1.27%"
"10/18/2016","245.00","240.50","248.75","240.05","3.26M","+1.93%"
"10/17/2016","240.35","245.50","247.35","237.00","2.36M","-2.20%"
"10/14/2016","245.75","243.10","247.00","241.70","745.37K","+0.99%"
"10/13/2016","243.35","249.90","249.90","240.40","2.46M","-3.30%"
"10/10/2016","251.65","251.75","255.65","250.15","2.29M","-0.14%"
"10/07/2016","252.00","251.80","253.30","248.85","1.40M","+0.80%"
"10/06/2016","250.00","253.40","258.64","246.85","1.74M","-1.32%"
"10/05/2016","253.35","253.90","260.35","251.60","3.50M","+0.56%"
"10/04/2016","251.95","255.00","256.55","248.25","3.08M","-0.98%"
"10/03/2016","254.45","234.80","262.50","234.05","7.07M","+9.04%"
"09/30/2016","233.35","227.00","236.40","226.15","1.17M","+1.83%"
"09/29/2016","229.15","230.10","235.50","225.95","3.16M","-0.61%"
"09/28/2016","230.55","228.95","232.20","228.05","1.02M","+0.70%"
"09/27/2016","228.95","230.05","231.05","225.00","1.57M","-0.33%"
"09/26/2016","229.70","228.00","230.65","224.45","1.59M","+0.99%"
"09/23/2016","227.45","222.70","229.40","221.60","3.26M","+1.90%"
"09/22/2016","223.20","223.90","223.90","220.10","1.35M","+1.57%"
"09/21/2016","219.75","222.75","222.75","218.40","1.25M","-0.59%"
"09/20/2016","221.05","217.65","222.00","215.00","1.18M","+1.91%"
"09/19/2016","216.90","212.20","217.90","211.65","864.99K","+2.41%"
"09/16/2016","211.80","219.20","220.95","210.00","2.74M","-3.20%"
"09/15/2016","218.80","220.45","222.60","217.40","803.49K","-0.70%"
"09/14/2016","220.35","213.50","221.50","212.20","2.06M","+3.67%"
"09/12/2016","212.55","212.50","216.80","210.00","1.14M","-3.54%"
"09/09/2016","220.35","224.00","224.00","212.40","1.52M","-1.45%"
"09/08/2016","223.60","229.50","230.05","221.75","1.53M","-2.08%"
"09/07/2016","228.35","230.10","230.85","226.95","874.26K","-0.80%"
"09/06/2016","230.20","227.85","233.80","227.10","1.39M","+1.19%"
"09/02/2016","227.50","226.15","228.50","224.05","1.21M","+0.75%"
"09/01/2016","225.80","228.00","228.80","225.00","833.71K","-0.53%"
"08/31/2016","227.00","227.80","228.85","226.00","834.79K","-0.61%"
"08/30/2016","228.40","229.80","232.50","227.40","796.94K","+0.57%"
"08/29/2016","227.10","227.00","232.65","225.20","1.86M","+0.96%"
"08/26/2016","224.95","225.00","226.10","221.90","762.13K","+0.51%"
"08/25/2016","223.80","227.90","229.40","222.35","1.94M","-1.93%"
"08/24/2016","228.20","226.20","230.50","226.20","1.10M","+0.42%"
"08/23/2016","227.25","229.10","231.10","225.00","1.04M","-1.28%"
"08/22/2016","230.20","228.25","232.50","226.10","1.71M","+0.55%"
"08/19/2016","228.95","227.95","230.60","223.50","2.12M","+0.42%"
"08/18/2016","228.00","225.00","228.60","224.00","867.05K","+2.17%"
"08/17/2016","223.15","229.00","229.15","221.10","1.71M","-2.26%"
"08/16/2016","228.30","219.10","229.65","218.55","2.19M","+4.08%"
"08/12/2016","219.35","218.00","223.45","217.00","1.64M","+1.01%"
"08/11/2016","217.15","221.80","221.80","215.35","1.91M","-1.30%"
"08/10/2016","220.00","220.00","225.30","218.35","2.91M","-0.16%"
"08/09/2016","220.35","221.40","223.40","218.15","1.81M","-0.27%"
"08/08/2016","220.95","220.80","222.70","218.40","2.02M","+1.08%"
"08/05/2016","218.60","210.50","223.40","210.50","6.26M","+4.97%"
"08/04/2016","208.25","210.80","210.90","205.55","1.50M","+0.75%"
"08/03/2016","206.70","206.40","209.60","204.05","2.08M","-0.10%"
"08/02/2016","206.90","211.00","214.40","205.80","1.44M","-2.27%"
"08/01/2016","211.70","206.40","216.15","205.10","2.68M","+3.80%"
"07/29/2016","203.95","206.55","209.05","203.50","1.11M","+0.67%"
"07/28/2016","202.60","208.00","210.00","197.80","2.61M","-2.71%"
"07/27/2016","208.25","204.75","210.80","204.10","3.18M","+2.79%"
"07/26/2016","202.60","196.85","209.45","196.25","4.83M","+3.29%"
"07/25/2016","196.15","195.35","200.35","191.00","4.04M","+1.13%"
"07/22/2016","193.95","195.00","195.00","189.00","2.44M","+0.03%"
"07/21/2016","193.90","188.65","196.10","188.65","3.92M","-0.28%"
"07/20/2016","194.45","192.80","196.50","192.30","2.14M","+1.07%"
"07/19/2016","192.40","190.90","193.75","189.95","2.00M","+1.77%"
"07/18/2016","189.05","195.00","197.95","185.70","1.77M","-3.62%"
"07/15/2016","196.15","195.70","197.85","192.70","1.37M","+0.56%"
"07/14/2016","195.05","193.50","196.45","193.30","979.82K","+0.77%"
"07/13/2016","193.55","196.35","203.60","192.10","2.63M","-0.95%"
"07/12/2016","195.40","189.90","198.40","189.00","3.18M","+2.82%"
"07/11/2016","190.05","187.90","190.80","187.60","1.75M","+1.60%"
"07/08/2016","187.05","186.90","190.40","184.00","1.34M","+0.08%"
"07/07/2016","186.90","185.30","188.25","185.00","1.10M","+0.89%"
"07/05/2016","185.25","185.20","187.50","184.20","2.13M","+0.16%"
"07/04/2016","184.95","178.55","185.70","178.10","1.41M","+4.34%"
"07/01/2016","177.25","180.55","181.10","176.10","931.24K","-1.83%"
"06/30/2016","180.55","178.50","181.50","178.40","1.11M","+1.98%"
"06/29/2016","177.05","172.00","178.00","172.00","1.15M","+3.15%"
"06/28/2016","171.65","167.20","172.00","167.20","835.55K","+2.05%"
"06/27/2016","168.20","172.90","172.90","167.50","1.45M","-0.85%"
"06/24/2016","169.65","170.00","173.00","165.50","708.04K","-3.03%"
"06/23/2016","174.95","173.00","175.90","173.00","288.37K","-0.03%"
"06/22/2016","175.00","177.05","177.05","172.70","426.56K","-1.16%"
"06/21/2016","177.05","176.65","179.00","175.40","876.44K","+0.23%"
"06/20/2016","176.65","172.00","177.25","170.60","1.18M","+2.73%"
"06/17/2016","171.95","172.85","173.45","171.00","596.20K","+0.06%"
"06/16/2016","171.85","172.20","175.15","171.00","1.83M","-1.77%"
"06/15/2016","174.95","176.00","176.25","173.05","636.67K","-0.93%"
"06/14/2016","176.60","176.30","177.30","173.50","639.32K","+0.34%"
"06/13/2016","176.00","173.50","176.40","171.50","1.19M","+1.50%"
"06/10/2016","173.40","177.50","179.80","173.00","1.06M","-1.90%"
"06/09/2016","176.75","170.70","177.95","170.15","1.43M","+3.82%"
"06/08/2016","170.25","172.50","172.65","169.25","1.05M","-0.73%"
"06/07/2016","171.50","170.40","172.60","170.10","716.07K","+0.94%"
"06/06/2016","169.90","168.70","171.50","167.30","845.66K","+1.25%"
"06/03/2016","167.80","168.80","170.50","166.65","1.61M","-0.27%"
"06/02/2016","168.25","168.90","171.65","167.50","1.11M","-0.36%"
"06/01/2016","168.85","170.75","172.75","168.05","471.09K","-1.11%"
"05/31/2016","170.75","170.10","173.95","170.00","6.22M","-0.87%"
"05/30/2016","172.25","169.95","172.90","167.15","975.63K","+2.23%"
"05/27/2016","168.50","167.10","170.40","165.85","1.12M","+0.93%"
"05/26/2016","166.95","167.00","167.25","164.40","1.29M","+0.00%"
"05/25/2016","166.95","167.50","167.90","165.80","709.87K","+0.24%"
"05/24/2016","166.55","166.95","167.90","164.25","958.98K","-0.03%"
"05/23/2016","166.60","163.00","167.35","160.85","1.24M","+3.20%"
"05/20/2016","161.44","167.30","167.95","161.10","729.78K","-3.21%"
"05/19/2016","166.80","167.95","168.60","166.15","1.35M","-0.68%"
"05/18/2016","167.95","167.70","168.65","167.10","1.17M","-0.24%"
"05/17/2016","168.35","167.45","170.10","167.10","1.21M","+0.72%"
"05/16/2016","167.15","167.50","168.15","165.10","868.62K","+0.42%"
"05/13/2016","166.45","167.30","168.20","166.00","492.04K","-0.92%"
"05/12/2016","168.00","168.00","169.35","166.70","938.09K","+0.09%"
"05/11/2016","167.85","164.00","168.90","163.19","626.70K","+0.93%"
"05/10/2016","166.30","168.50","169.70","165.15","1.21M","-2.03%"
"05/09/2016","169.75","171.80","171.80","168.40","548.36K","-0.12%"
"05/06/2016","169.95","166.00","170.70","166.00","995.95K","+1.31%"
"05/05/2016","167.75","166.05","170.15","165.00","1.28M","+1.15%"
"05/04/2016","165.85","171.10","172.30","164.15","1.13M","-4.16%"
"05/03/2016","173.05","174.75","177.00","172.20","972.38K","-0.80%"
"05/02/2016","174.45","171.90","176.10","170.20","1.24M","+1.37%"
"04/29/2016","172.10","171.90","173.00","170.25","950.86K","+0.00%"
"04/28/2016","172.10","172.75","173.65","169.30","3.52M","-0.46%"
"04/27/2016","172.90","173.20","174.45","172.15","1.30M","+0.23%"
"04/26/2016","172.50","169.00","173.40","168.00","2.13M","+1.77%"
"04/25/2016","169.50","172.10","172.15","168.05","685.83K","-1.51%"
"04/22/2016","172.10","170.65","173.80","167.85","3.02M","-1.18%"
"04/21/2016","174.15","176.00","176.05","171.35","4.55M","-0.46%"
"04/20/2016","174.95","170.15","180.20","170.00","3.56M","+3.55%"
"04/18/2016","168.95","166.50","169.50","166.00","1.45M","+1.81%"
"04/13/2016","165.95","160.40","166.35","160.40","2.44M","+4.01%"
"04/12/2016","159.55","160.55","160.90","159.00","997.03K","-0.44%"
"04/11/2016","160.25","160.00","161.40","158.55","1.45M","+0.09%"
"04/08/2016","160.10","160.00","161.40","158.19","1.68M","-0.25%"
"04/07/2016","160.50","163.30","163.30","159.85","1.95M","-1.04%"
"04/06/2016","162.19","163.00","165.40","160.80","4.26M","-13.15%"
"04/05/2016","186.75","188.50","189.40","185.25","5.05M","-0.77%"
"04/04/2016","188.20","186.00","189.80","185.00","5.89M","+1.84%"
"04/01/2016","184.80","183.85","186.45","183.70","4.31M","+0.65%"
"03/31/2016","183.60","192.55","196.80","180.70","20.99M","+4.88%"
"03/30/2016","175.05","171.50","176.00","171.50","1.98M","+3.00%"
"03/29/2016","169.95","167.10","171.45","167.10","1.00M","+1.16%"
"03/28/2016","168.00","170.15","170.35","166.20","868.43K","-0.91%"
"03/23/2016","169.55","170.60","172.05","169.05","1.06M","-0.26%"
"03/22/2016","170.00","171.85","172.65","169.20","1.00M","-0.90%"
"03/21/2016","171.55","170.95","173.20","170.45","707.19K","+0.03%"
"03/18/2016","171.50","171.00","173.20","171.00","994.23K","+1.42%"
"03/17/2016","169.10","170.00","172.40","168.40","730.59K","-0.06%"
"03/16/2016","169.20","170.05","171.90","166.80","602.33K","-1.40%"
"03/15/2016","171.60","169.50","172.90","169.10","879.95K","+0.67%"
"03/14/2016","170.45","170.55","172.20","169.60","543.55K","+0.77%"
"03/11/2016","169.15","169.50","171.75","166.90","992.92K","-0.35%"
"03/10/2016","169.75","173.60","173.85","168.90","991.56K","-1.37%"
"03/09/2016","172.10","172.00","174.50","168.65","1.14M","-1.29%"
"03/08/2016","174.35","172.60","178.25","171.80","1.79M","+0.52%"
"03/04/2016","173.45","172.85","176.00","171.10","2.80M","+1.91%"
"03/03/2016","170.20","164.55","172.30","161.25","1.76M","+5.03%"
"03/02/2016","162.05","164.70","166.80","161.50","1.40M","-0.58%"
"03/01/2016","163.00","161.10","165.45","160.94","1.05M","+1.65%"
"02/29/2016","160.35","160.50","163.19","156.90","574.80K","-1.54%"
"02/26/2016","162.85","164.10","164.50","159.44","716.25K","-0.61%"
"02/25/2016","163.85","164.00","164.75","161.60","928.75K","-0.03%"
"02/24/2016","163.90","162.90","164.35","158.10","1.05M","+0.03%"
"02/23/2016","163.85","164.50","165.80","163.19","536.13K","+0.03%"
"02/22/2016","163.80","163.85","165.00","162.90","451.51K","-0.24%"
"02/19/2016","164.20","165.00","168.00","162.90","444.32K","-0.76%"
"02/18/2016","165.45","165.50","167.15","162.50","1.53M","+1.35%"
"02/17/2016","163.25","163.75","165.65","160.40","1.09M","-1.33%"
"02/16/2016","165.45","169.00","170.90","163.60","1.12M","-1.49%"
"02/15/2016","167.95","160.00","169.90","160.00","613.46K","+6.30%"
"02/12/2016","158.00","161.44","162.30","155.05","1.40M","-1.95%"
"02/11/2016","161.15","161.00","163.69","154.60","1.16M","-0.74%"
"02/10/2016","162.35","162.10","166.85","159.10","619.32K","-1.01%"
"02/09/2016","164.00","165.00","168.45","161.69","592.33K","-2.21%"
"02/08/2016","167.70","168.60","170.00","165.00","580.41K","-0.33%"
"02/05/2016","168.25","163.00","169.50","163.00","959.80K","+4.24%"
"02/04/2016","161.40","155.30","164.95","155.30","1.12M","+4.23%"
"02/03/2016","154.85","155.10","156.65","153.00","362.76K","-0.64%"
"02/02/2016","155.85","159.00","160.60","154.50","564.53K","-2.62%"
"02/01/2016","160.05","160.50","161.75","157.15","605.01K","-0.59%"
"01/29/2016","161.00","163.00","163.65","155.05","1.49M","-2.16%"
"01/28/2016","164.55","159.00","173.00","157.69","8.43M","+3.00%"
"01/27/2016","159.75","152.40","163.50","150.94","3.02M","+5.66%"
"01/25/2016","151.19","146.00","152.40","146.00","2.60M","+4.31%"
"01/22/2016","144.94","142.60","148.00","142.25","1.77M","+2.36%"
"01/21/2016","141.60","138.90","145.00","137.25","2.18M","+1.61%"
"01/20/2016","139.35","137.00","140.00","135.80","605.46K","+0.25%"
"01/19/2016","139.00","139.50","141.90","137.65","1.09M","+0.00%"
"01/18/2016","139.00","140.19","141.44","137.90","976.80K","-0.85%"
"01/15/2016","140.19","142.60","142.60","137.44","554.79K","-1.21%"
"01/14/2016","141.90","140.15","142.90","139.19","816.03K","-0.03%"
"01/13/2016","141.94","143.00","143.35","139.50","1.21M","+0.20%"
"01/12/2016","141.65","140.90","142.80","140.10","934.98K","+1.14%"
"01/11/2016","140.05","139.90","141.00","136.80","755.05K","-0.57%"
"01/08/2016","140.85","140.00","141.94","138.40","576.26K","+1.26%"
"01/07/2016","139.10","144.00","144.30","137.90","930.48K","-4.52%"
"01/06/2016","145.69","150.25","151.65","145.19","1.16M","-3.68%"
"01/05/2016","151.25","145.69","153.00","143.90","1.74M","+4.27%"
"01/04/2016","145.05","148.75","150.75","144.50","720.73K","-2.75%"
"01/01/2016","149.15","146.40","150.00","146.15","632.56K","+1.88%"
"12/31/2015","146.40","146.44","148.25","145.60","641.47K","-0.03%"
"12/30/2015","146.44","147.00","148.35","145.85","324.77K","+0.30%"
"12/29/2015","146.00","148.10","148.60","144.75","496.72K","-1.12%"
"12/28/2015","147.65","149.00","149.75","146.60","309.54K","-0.81%"
"12/24/2015","148.85","148.00","150.00","146.00","507.86K","+1.43%"
"12/23/2015","146.75","145.50","148.94","145.10","620.82K","+1.52%"
"12/22/2015","144.55","147.00","151.90","143.40","872.58K","-2.50%"
"12/21/2015","148.25","147.00","148.75","144.00","641.99K","+1.79%"
"12/18/2015","145.65","148.94","148.94","144.94","927.84K","-2.35%"
"12/17/2015","149.15","147.94","149.80","145.10","846.98K","+0.88%"
"12/16/2015","147.85","146.50","149.19","143.40","1.13M","+1.55%"
"12/15/2015","145.60","141.30","149.19","141.30","1.82M","+3.08%"
"12/14/2015","141.25","139.00","141.90","138.55","833.83K","+1.00%"
"12/11/2015","139.85","142.80","143.90","139.50","734.99K","-2.07%"
"12/10/2015","142.80","143.19","143.90","142.05","475.80K","+0.00%"
"12/09/2015","142.80","141.00","144.55","140.55","1.11M","+0.39%"
"12/08/2015","142.25","146.30","146.40","141.55","780.73K","-3.17%"
"12/07/2015","146.90","147.80","148.50","144.75","498.87K","-0.27%"
"12/04/2015","147.30","143.90","147.90","142.44","958.82K","+2.58%"
"12/03/2015","143.60","145.60","145.60","142.50","622.49K","-0.75%"
"12/02/2015","144.69","148.80","149.80","143.85","797.51K","-1.50%"
"12/01/2015","146.90","144.10","150.69","143.60","1.86M","+2.30%"
"11/30/2015","143.60","142.69","144.15","141.69","492.85K","+0.74%"
"11/27/2015","142.55","142.50","144.69","141.60","487.44K","+0.43%"
"11/26/2015","141.94","141.80","143.35","140.85","1.08M","+0.31%"
"11/24/2015","141.50","142.25","143.00","140.85","742.27K","-0.66%"
"11/23/2015","142.44","144.00","144.10","140.50","1.40M","+0.49%"
"11/20/2015","141.75","143.00","143.00","140.60","1.63M","-0.98%"
"11/19/2015","143.15","141.50","145.69","140.40","957.90K","+1.60%"
"11/18/2015","140.90","147.55","147.69","140.30","759.34K","-4.51%"
"11/17/2015","147.55","145.00","148.05","144.00","863.79K","+2.15%"
"11/16/2015","144.44","144.00","144.94","142.60","551.50K","-0.59%"
"11/13/2015","145.30","142.00","145.85","141.65","871.66K","-0.55%"
"11/11/2015","146.10","147.65","147.85","144.25","86.54K","+0.93%"
"11/10/2015","144.75","154.90","154.94","143.65","1.40M","-6.91%"
"11/09/2015","155.50","149.90","157.50","149.00","337.85K","+1.63%"
"11/06/2015","153.00","155.50","156.85","152.00","263.20K","-1.32%"
"11/05/2015","155.05","157.00","157.90","153.85","372.31K","-1.15%"
"11/04/2015","156.85","158.69","159.60","155.25","496.56K","-0.57%"
"11/03/2015","157.75","157.00","158.69","156.75","653.30K","+1.25%"
"11/02/2015","155.80","156.94","158.25","153.35","366.92K","-0.86%"
"10/30/2015","157.15","156.00","159.35","154.85","553.30K","+0.96%"
"10/29/2015","155.65","157.19","159.90","153.90","1.34M","-1.33%"
"10/28/2015","157.75","159.00","159.50","156.50","506.96K","-0.94%"
"10/27/2015","159.25","157.00","160.00","155.85","907.62K","+1.24%"
"10/26/2015","157.30","159.19","160.00","156.10","617.77K","+0.00%"
"10/23/2015","157.30","162.50","163.00","155.25","1.07M","-3.11%"
"10/21/2015","162.35","159.10","163.05","158.00","804.56K","+1.95%"
"10/20/2015","159.25","161.94","163.75","158.15","1.99M","+0.79%"
"10/19/2015","158.00","154.50","159.80","153.50","1.45M","+2.43%"
"10/16/2015","154.25","147.25","154.69","147.25","1.11M","+4.80%"
"10/15/2015","147.19","151.10","152.05","146.80","781.70K","-2.59%"
"10/14/2015","151.10","152.80","154.50","150.35","1.09M","-1.11%"
"10/13/2015","152.80","149.44","153.80","146.94","1.58M","+3.11%"
"10/12/2015","148.19","152.00","154.69","147.25","1.40M","-1.50%"
"10/09/2015","150.44","147.69","154.19","147.19","2.59M","+3.79%"
"10/08/2015","144.94","150.00","150.40","144.00","559.19K","-2.30%"
"10/07/2015","148.35","143.50","150.10","141.90","995.59K","+3.45%"
"10/06/2015","143.40","144.00","144.50","140.35","672.00K","+0.28%"
"10/05/2015","143.00","139.80","144.90","138.10","822.98K","+3.32%"
"10/01/2015","138.40","140.40","140.40","136.10","505.89K","-1.00%"
"09/30/2015","139.80","136.50","140.80","135.00","428.35K","+3.75%"
"09/29/2015","134.75","134.55","137.00","134.10","385.72K","-2.11%"
"09/28/2015","137.65","144.00","144.00","136.40","359.61K","-3.91%"
"09/24/2015","143.25","136.10","144.69","134.60","1.60M","+5.80%"
"09/23/2015","135.40","130.00","137.40","129.19","872.32K","+0.82%"
"09/22/2015","134.30","136.94","137.80","132.69","627.15K","-1.02%"
"09/21/2015","135.69","134.80","137.35","132.25","574.83K","-0.12%"
"09/18/2015","135.85","136.69","138.05","133.50","1.30M","+2.26%"
"09/16/2015","132.85","135.94","135.94","131.69","694.07K","-1.91%"
"09/15/2015","135.44","134.15","136.60","132.05","1.22M","-0.37%"
"09/14/2015","135.94","129.25","137.00","128.00","1.14M","+4.53%"
"09/11/2015","130.05","132.00","133.00","129.30","506.65K","-1.40%"
"09/10/2015","131.90","134.90","134.90","129.19","843.49K","-2.30%"
"09/09/2015","135.00","133.50","138.44","133.19","914.06K","+3.45%"
"09/08/2015","130.50","130.10","133.00","129.65","604.87K","+0.12%"
"09/07/2015","130.35","132.90","134.00","130.00","412.48K","-1.32%"
"09/04/2015","132.10","132.50","133.30","129.10","712.34K","-0.94%"
"09/03/2015","133.35","129.94","134.25","127.35","717.97K","+4.22%"
"09/02/2015","127.95","127.00","138.00","124.90","695.70K","+1.75%"
"09/01/2015","125.75","126.70","129.94","124.35","601.75K","-1.10%"
"08/31/2015","127.15","132.00","132.00","125.35","791.00K","-3.45%"
"08/28/2015","131.69","133.00","134.90","130.69","1.29M","+1.26%"
"08/27/2015","130.05","128.90","131.44","127.40","1.60M","+2.36%"
"08/26/2015","127.05","126.70","128.60","121.00","1.31M","+0.32%"
"08/25/2015","126.65","125.00","128.10","117.05","1.29M","+3.43%"
"08/24/2015","122.45","135.00","135.00","118.10","1.95M","-10.72%"
"08/21/2015","137.15","138.69","139.50","135.10","667.34K","-1.72%"
"08/20/2015","139.55","140.69","141.65","137.00","628.92K","-0.68%"
"08/19/2015","140.50","146.00","147.40","139.60","1.81M","-4.62%"
"08/18/2015","147.30","150.10","151.90","146.50","652.17K","-1.21%"
"08/17/2015","149.10","145.50","150.40","145.00","343.27K","+2.54%"
"08/14/2015","145.40","146.00","147.15","143.10","1.08M","+0.66%"
"08/13/2015","144.44","146.40","147.25","140.30","2.29M","-1.27%"
"08/12/2015","146.30","150.00","150.94","145.35","737.95K","-3.30%"
"08/11/2015","151.30","155.00","155.30","150.75","1.05M","-1.79%"
"08/10/2015","154.05","155.80","156.50","152.60","1.14M","-0.89%"
"08/07/2015","155.44","157.50","157.50","154.40","678.49K","-0.10%"
"08/06/2015","155.60","158.90","161.10","155.00","1.11M","-1.83%"
"08/05/2015","158.50","157.50","160.40","157.50","514.92K","+0.04%"
"08/04/2015","158.44","161.85","162.25","157.05","570.86K","-2.05%"
"08/03/2015","161.75","157.60","162.50","156.00","563.47K","+2.99%"
"07/31/2015","157.05","159.00","159.00","156.65","170.53K","-0.76%"
"07/30/2015","158.25","160.00","160.00","156.10","416.95K","-0.25%"
"07/29/2015","158.65","156.00","159.69","153.05","745.48K","+1.47%"
"07/28/2015","156.35","163.50","163.50","155.50","964.94K","-4.48%"
"07/27/2015","163.69","164.00","165.75","161.00","677.28K","-0.19%"
"07/24/2015","164.00","166.00","166.00","163.60","354.40K","-1.15%"
"07/23/2015","165.90","164.10","166.90","164.10","294.94K","+1.13%"
"07/22/2015","164.05","164.10","165.65","163.00","490.28K","-1.14%"
"07/21/2015","165.95","169.80","170.40","164.00","1.10M","-0.27%"
"07/20/2015","166.40","165.40","168.40","162.69","1.48M","+1.31%"
"07/17/2015","164.25","166.00","166.00","163.19","408.82K","-0.03%"
"07/16/2015","164.30","164.00","164.70","162.30","482.70K","+0.43%"
"07/15/2015","163.60","161.00","164.20","160.65","534.84K","+1.93%"
"07/14/2015","160.50","159.90","162.25","159.30","543.43K","+0.53%"
"07/13/2015","159.65","159.40","160.35","157.30","354.89K","+0.54%"
"07/10/2015","158.80","161.00","161.60","158.10","720.88K","-0.94%"
"07/09/2015","160.30","158.00","160.90","157.60","535.61K","+1.36%"
"07/08/2015","158.15","158.15","159.00","155.10","1.15M","-2.01%"
"07/07/2015","161.40","160.75","163.00","160.69","435.62K","+0.03%"
"07/06/2015","161.35","159.10","161.80","158.80","460.22K","-0.19%"
"07/03/2015","161.65","164.10","164.35","161.05","1.04M","-1.52%"
"07/02/2015","164.15","167.50","168.70","163.75","1.17M","-2.15%"
"07/01/2015","167.75","167.10","169.60","166.80","765.09K","+0.39%"
"06/30/2015","167.10","169.20","170.55","165.10","1.03M","-1.36%"
"06/29/2015","169.40","167.80","170.50","166.30","976.35K","-0.35%"
"06/26/2015","170.00","168.90","171.20","167.90","434.25K","+0.86%"
"06/25/2015","168.55","168.60","169.90","166.50","716.16K","-0.41%"
"06/24/2015","169.25","173.75","173.80","168.55","469.22K","-2.00%"
"06/23/2015","172.70","168.55","173.70","167.00","1.22M","+2.77%"
"06/22/2015","168.05","167.20","168.90","166.00","686.72K","+0.45%"
"06/19/2015","167.30","165.70","168.00","165.00","542.85K","+1.42%"
"06/18/2015","164.95","164.50","166.30","164.00","354.28K","-0.12%"
"06/17/2015","165.15","164.25","166.15","162.60","938.25K","+0.33%"
"06/16/2015","164.60","164.40","165.15","162.50","395.42K","-0.36%"
"06/15/2015","165.20","166.90","167.30","163.65","595.96K","+0.40%"
"06/12/2015","164.55","165.00","168.00","162.65","511.30K","+0.34%"
"06/11/2015","164.00","168.00","168.45","163.25","746.52K","-2.41%"
"06/10/2015","168.05","168.50","169.45","164.10","1.12M","-0.71%"
"06/09/2015","169.25","168.40","171.90","168.10","504.55K","-0.06%"
"06/08/2015","169.35","172.30","172.30","168.00","510.14K","-0.35%"
"06/05/2015","169.95","168.45","174.00","167.80","1.10M","+0.56%"
"06/04/2015","169.00","168.00","171.50","166.50","1.00M","+0.66%"
"06/03/2015","167.90","167.80","168.80","164.00","914.01K","+0.42%"
"06/02/2015","167.20","170.00","171.30","166.50","820.04K","-0.30%"
"06/01/2015","167.70","169.00","170.25","167.20","725.46K","-0.89%"
"05/29/2015","169.20","171.30","172.40","167.60","1.43M","-1.23%"
"05/28/2015","171.30","173.25","174.65","170.40","970.27K","-1.13%"
"05/27/2015","173.25","171.60","175.00","170.10","965.88K","+0.23%"
"05/26/2015","172.85","176.30","179.00","172.00","321.59K","-2.98%"
"05/25/2015","178.15","175.00","179.10","175.00","669.08K","+0.45%"
"05/22/2015","177.35","177.45","180.10","176.35","1.06M","-0.06%"
"05/21/2015","177.45","175.70","178.40","173.65","644.35K","+0.77%"
"05/20/2015","176.10","177.05","177.80","174.95","536.48K","-0.87%"
"05/19/2015","177.65","175.05","179.45","174.90","533.53K","+1.40%"
"05/18/2015","175.20","175.10","176.90","174.50","429.35K","-0.06%"
"05/15/2015","175.30","177.00","177.00","172.80","620.00K","-0.43%"
"05/14/2015","176.05","172.90","176.75","171.65","930.81K","+1.29%"
"05/13/2015","173.80","170.40","174.50","169.80","803.69K","+2.54%"
"05/12/2015","169.50","174.80","175.40","166.80","1.53M","-3.99%"
"05/11/2015","176.55","177.70","180.85","175.00","1.75M","-0.11%"
"05/08/2015","176.75","175.00","178.15","174.95","854.03K","+0.88%"
"05/07/2015","175.20","174.20","179.85","172.00","1.40M","-0.23%"
"05/06/2015","175.60","181.05","183.00","173.55","1.61M","-3.70%"
"05/05/2015","182.35","172.10","183.45","172.05","1.93M","+5.80%"
"05/04/2015","172.35","170.50","173.75","169.55","1.20M","+1.74%"
"04/30/2015","169.40","170.40","171.00","167.70","2.26M","-0.91%"
"04/29/2015","170.95","170.00","172.00","168.30","821.30K","+1.09%"
"04/28/2015","169.10","163.00","169.85","162.40","1.96M","+3.65%"
"04/27/2015","163.15","169.15","170.40","162.25","1.04M","-2.68%"
"04/24/2015","167.65","170.20","172.10","166.30","756.29K","-2.53%"
"04/23/2015","172.00","170.00","173.70","169.25","1.24M","+1.96%"
"04/22/2015","168.70","168.00","172.60","165.70","1.33M","+0.24%"
"04/21/2015","168.30","171.15","174.90","166.25","1.96M","-1.17%"
"04/20/2015","170.30","173.00","173.60","167.00","1.95M","-1.10%"
"04/17/2015","172.20","172.10","174.00","171.00","445.01K","-0.06%"
"04/16/2015","172.30","173.00","173.35","170.40","1.05M","+1.17%"
"04/15/2015","170.30","170.80","171.90","169.35","749.78K","-0.29%"
"04/13/2015","170.80","174.80","174.80","170.20","802.46K","-2.06%"
"04/10/2015","174.40","164.50","175.00","164.50","1.09M","+6.31%"
"04/09/2015","164.05","166.15","166.20","162.65","415.28K","-0.55%"
"04/08/2015","164.95","165.30","167.20","163.75","456.88K","-0.18%"
"04/07/2015","165.25","163.60","166.00","162.25","425.04K","+1.01%"
"04/06/2015","163.60","164.65","165.80","161.60","365.49K","-0.03%"
"04/01/2015","163.65","162.10","165.15","160.50","294.97K","+0.93%"
"03/31/2015","162.15","162.50","166.65","161.00","412.04K","-0.06%"
"03/30/2015","162.25","160.35","163.95","159.80","646.40K","+0.93%"
"03/27/2015","160.75","158.65","161.90","157.30","514.00K","+0.63%"
"03/26/2015","159.75","162.00","164.30","156.35","1.64M","-1.39%"
"03/25/2015","162.00","159.00","162.50","158.80","1.34M","+1.82%"
"03/24/2015","159.10","162.60","164.90","158.00","772.99K","-2.36%"
"03/23/2015","162.94","165.25","165.80","160.05","1.21M","-1.10%"
"03/20/2015","164.75","168.40","172.00","161.69","1.11M","-3.40%"
"03/19/2015","170.55","176.90","177.60","169.20","894.44K","-3.15%"
"03/18/2015","176.10","171.85","177.00","171.85","1.06M","+2.92%"
"03/17/2015","171.10","167.00","172.00","167.00","717.23K","+1.69%"
"03/16/2015","168.25","168.00","169.25","164.80","625.53K","-0.24%"
"03/13/2015","168.65","171.15","172.50","166.95","648.16K","-0.97%"
"03/12/2015","170.30","170.40","171.00","166.55","970.24K","+0.26%"
"03/11/2015","169.85","170.30","171.00","168.90","635.47K","-0.26%"
"03/10/2015","170.30","170.50","172.00","169.50","383.80K","+0.15%"
"03/09/2015","170.05","171.00","172.40","167.40","1.05M","-1.08%"
"03/05/2015","171.90","174.00","176.90","171.10","1.20M","-1.80%"
"03/04/2015","175.05","180.35","182.50","172.25","1.37M","-2.32%"
"03/03/2015","179.20","177.15","180.10","174.85","429.12K","+1.76%"
"03/02/2015","176.10","179.30","179.30","174.25","328.40K","-0.03%"
"02/28/2015","176.15","178.35","180.00","172.20","409.74K","-0.68%"
"02/27/2015","177.35","177.00","179.65","175.50","560.17K","+0.54%"
"02/26/2015","176.40","173.05","178.35","173.05","980.09K","+2.08%"
"02/25/2015","172.80","174.35","177.95","171.20","1.19M","-1.12%"
"02/24/2015","174.75","175.00","179.35","172.65","985.16K","-0.63%"
"02/23/2015","175.85","182.15","182.70","173.00","750.64K","-3.01%"
"02/20/2015","181.30","187.00","187.00","180.00","956.96K","-2.21%"
"02/19/2015","185.40","179.00","190.50","175.00","1.79M","+4.22%"
"02/18/2015","177.90","179.85","181.25","176.15","571.60K","-1.90%"
"02/16/2015","181.35","176.35","182.65","175.35","683.91K","+3.04%"
"02/13/2015","176.00","176.00","177.70","175.05","602.87K","+0.77%"
"02/12/2015","174.65","184.00","184.00","172.55","1.32M","-4.41%"
"02/11/2015","182.70","180.00","184.50","179.55","1.32M","+2.64%"
"02/10/2015","178.00","173.00","179.40","170.00","1.10M","+2.30%"
"02/09/2015","174.00","165.55","177.25","165.55","843.97K","+2.44%"
"02/06/2015","169.85","172.40","172.40","167.10","870.31K","-2.33%"
"02/05/2015","173.90","176.20","176.80","170.35","843.10K","-1.22%"
"02/04/2015","176.05","173.60","177.50","173.60","977.33K","+1.44%"
"02/03/2015","173.55","173.00","175.50","172.60","1.30M","-0.14%"
"02/02/2015","173.80","175.90","176.15","170.40","842.99K","-0.69%"
"01/30/2015","175.00","175.00","177.95","172.00","1.51M","+0.17%"
"01/29/2015","174.70","169.90","175.30","168.80","1.58M","+2.49%"
"01/28/2015","170.45","168.50","171.60","168.35","2.03M","+0.44%"
"01/27/2015","169.70","167.00","170.00","164.00","1.81M","+2.20%"
"01/23/2015","166.05","166.00","166.80","164.50","1.06M","+0.51%"
"01/22/2015","165.20","165.00","165.75","162.55","1.39M","+0.89%"
"01/21/2015","163.75","162.00","164.50","159.19","1.56M","+1.14%"
"01/20/2015","161.90","165.00","165.35","161.50","2.80M","+0.97%"
"01/19/2015","160.35","159.00","161.80","158.05","1.33M","+2.17%"
"01/16/2015","156.94","154.10","160.30","153.75","1.75M","+1.98%"
"01/15/2015","153.90","154.50","155.75","152.55","3.26M","+0.30%"
"01/14/2015","153.44","159.10","159.19","152.25","2.38M","-3.59%"
"01/13/2015","159.15","160.40","161.00","158.50","715.36K","-0.25%"
"01/12/2015","159.55","161.10","162.75","159.10","1.09M","-1.97%"
"01/09/2015","162.75","167.00","167.00","161.94","994.08K","-1.27%"
"01/08/2015","164.85","165.50","166.15","162.19","1.86M","+0.43%"
"01/07/2015","164.15","168.60","169.05","163.00","774.68K","-2.44%"
"01/06/2015","168.25","169.85","173.40","167.20","1.69M","-0.59%"
"01/05/2015","169.25","172.00","172.45","167.50","592.63K","-1.34%"
"01/02/2015","171.55","168.70","173.00","168.70","649.74K","+1.84%"
"01/01/2015","168.45","170.75","170.80","167.50","225.88K","-1.17%"
"12/31/2014","170.45","167.60","170.80","166.85","434.18K","+1.82%"
"12/30/2014","167.40","167.00","168.00","164.70","412.27K","+0.36%"
"12/29/2014","166.80","162.10","168.70","161.85","948.00K","+3.06%"
"12/26/2014","161.85","161.80","163.30","160.60","486.26K","+0.41%"
"12/24/2014","161.19","160.50","163.95","159.69","2.26M","+0.37%"
"12/23/2014","160.60","164.50","165.25","159.19","810.11K","-2.07%"
"12/22/2014","164.00","164.45","167.00","163.30","718.25K","-0.73%"
"12/19/2014","165.20","166.00","166.05","163.60","627.53K","+0.43%"
"12/18/2014","164.50","164.00","166.40","163.05","1.04M","+1.83%"
"12/17/2014","161.55","156.69","163.75","153.40","1.62M","+2.25%"
"12/16/2014","158.00","160.50","161.50","157.00","1.19M","-2.05%"
"12/15/2014","161.30","162.90","164.25","160.19","525.39K","-1.44%"
"12/12/2014","163.65","165.00","166.00","161.05","1.65M","-0.64%"
"12/11/2014","164.70","167.20","167.20","162.90","1.27M","-1.44%"
"12/10/2014","167.10","167.05","171.00","166.00","632.70K","-0.65%"
"12/09/2014","168.20","172.80","174.20","166.65","2.38M","-2.94%"
"12/08/2014","173.30","176.00","176.50","172.70","1.77M","-0.63%"
"12/05/2014","174.40","171.50","178.90","171.00","3.70M","+2.20%"
"12/04/2014","170.65","163.60","172.45","163.50","2.32M","+4.89%"
"12/03/2014","162.69","161.69","164.20","161.10","1.04M","+0.62%"
"12/02/2014","161.69","162.00","162.94","161.05","1.89M","-0.19%"
"12/01/2014","162.00","162.25","163.55","160.85","941.79K","-0.64%"
"11/28/2014","163.05","164.90","165.00","162.55","874.30K","-0.15%"
"11/27/2014","163.30","167.00","168.00","162.80","1.83M","-2.19%"
"11/26/2014","166.95","163.00","167.50","163.00","982.98K","+1.89%"
"11/25/2014","163.85","170.00","171.40","162.90","1.75M","-2.85%"
"11/24/2014","168.65","164.90","169.80","164.80","2.38M","+2.90%"
"11/21/2014","163.90","162.90","164.80","162.35","1.04M","+1.02%"
"11/20/2014","162.25","162.40","164.95","161.44","923.90K","-0.18%"
"11/19/2014","162.55","167.00","169.00","162.00","927.97K","-2.43%"
"11/18/2014","166.60","163.80","167.05","162.30","882.05K","+2.65%"
"11/17/2014","162.30","163.00","163.69","160.90","1.36M","+0.15%"
"11/14/2014","162.05","161.00","165.00","160.55","1.23M","+0.22%"
"11/13/2014","161.69","164.95","164.95","160.55","860.65K","-1.11%"
"11/12/2014","163.50","163.30","166.35","162.55","1.08M","+0.12%"
"11/11/2014","163.30","164.90","165.85","162.85","682.17K","-0.79%"
"11/10/2014","164.60","168.00","168.85","163.50","737.97K","-0.75%"
"11/07/2014","165.85","167.40","168.50","163.40","833.20K","-1.69%"
"11/05/2014","168.70","169.50","170.80","167.00","1.28M","-0.53%"
"11/03/2014","169.60","171.45","173.90","169.00","809.49K","-1.08%"
"10/31/2014","171.45","170.00","172.80","169.60","1.06M","+1.48%"
"10/30/2014","168.95","172.00","173.20","168.00","2.61M","-1.69%"
"10/29/2014","171.85","171.00","172.65","168.70","1.20M","+0.61%"
"10/28/2014","170.80","169.55","171.50","168.70","1.61M","+1.49%"
"10/27/2014","168.30","165.70","168.95","164.20","1.97M","+2.19%"
"10/23/2014","164.70","166.00","166.00","163.90","94.72K","-0.15%"
"10/22/2014","164.95","166.00","166.10","163.35","522.63K","+0.03%"
"10/21/2014","164.90","165.85","165.85","161.15","1.15M","+0.55%"
"10/20/2014","164.00","161.00","167.50","161.00","1.73M","+3.05%"
"10/17/2014","159.15","158.30","160.25","157.00","922.02K","+0.86%"
"10/16/2014","157.80","157.19","159.90","156.25","1.29M","-0.79%"
"10/14/2014","159.05","159.30","159.94","155.00","1.53M","+0.13%"
"10/13/2014","158.85","153.75","159.90","152.80","691.02K","+2.65%"
"10/10/2014","154.75","160.00","160.00","153.80","771.71K","-4.21%"
"10/09/2014","161.55","162.90","164.40","159.69","591.55K","-0.70%"
"10/08/2014","162.69","155.90","163.00","155.00","647.22K","+4.19%"
"10/07/2014","156.15","158.60","159.85","155.25","573.53K","-2.31%"
"10/01/2014","159.85","161.94","162.40","158.00","676.68K","-0.68%"
"09/30/2014","160.94","162.00","164.00","158.00","885.31K","-0.75%"
"09/29/2014","162.15","163.19","163.60","161.10","526.23K","-0.98%"
"09/26/2014","163.75","159.40","164.70","158.80","366.84K","+1.77%"
"09/25/2014","160.90","161.90","166.05","157.65","2.80M","-0.40%"
"09/24/2014","161.55","157.05","162.25","155.10","779.68K","+2.41%"
"09/23/2014","157.75","161.94","164.05","157.00","848.89K","-3.07%"
"09/22/2014","162.75","166.00","166.00","162.30","526.43K","-2.57%"
"09/19/2014","167.05","167.00","169.45","164.45","772.89K","-0.33%"
"09/18/2014","167.60","162.40","169.70","162.40","926.28K","+2.23%"
"09/17/2014","163.95","162.30","165.40","160.00","2.04M","+1.05%"
"09/16/2014","162.25","170.40","172.35","160.50","1.45M","-4.73%"
"09/15/2014","170.30","167.00","172.65","167.00","885.23K","+0.38%"
"09/12/2014","169.65","171.00","172.25","169.10","794.69K","-1.22%"
"09/11/2014","171.75","174.90","175.20","171.00","899.83K","-1.83%"
"09/10/2014","174.95","175.00","177.90","173.25","1.06M","-0.20%"
"09/09/2014","175.30","176.80","178.15","172.00","1.05M","-0.03%"
"09/08/2014","175.35","173.25","177.10","172.75","2.06M","+2.16%"
"09/05/2014","171.65","166.60","176.50","166.45","4.22M","+2.97%"
"09/04/2014","166.70","165.90","168.35","164.15","379.27K","+0.94%"
"09/03/2014","165.15","165.85","167.45","163.60","1.05M","-0.24%"
"09/02/2014","165.55","166.80","168.70","165.15","806.98K","-0.72%"
"09/01/2014","166.75","165.20","167.60","164.85","793.69K","+0.60%"
"08/28/2014","165.75","164.00","167.30","163.95","1.81M","+1.13%"
"08/27/2014","163.90","164.10","166.25","161.69","567.04K","-1.12%"
"08/26/2014","165.75","163.80","166.90","162.60","593.41K","+1.13%"
"08/25/2014","163.90","168.00","168.80","162.00","1.06M","-2.30%"
"08/22/2014","167.75","167.00","169.95","166.75","1.02M","-0.09%"
"08/21/2014","167.90","169.30","170.40","166.50","1.25M","-0.94%"
"08/20/2014","169.50","170.00","172.75","169.10","1.12M","+0.12%"
"08/19/2014","169.30","165.10","170.80","164.60","1.46M","+2.92%"
"08/18/2014","164.50","160.05","165.00","160.05","537.32K","+2.02%"
"08/14/2014","161.25","158.05","162.00","156.85","990.52K","+1.54%"
"08/13/2014","158.80","158.50","162.40","158.00","657.44K","-0.81%"
"08/12/2014","160.10","161.05","161.30","158.10","612.28K","+0.06%"
"08/11/2014","160.00","160.00","161.65","159.50","476.58K","+0.60%"
"08/08/2014","159.05","158.05","159.75","156.60","1.37M","-0.56%"
"08/07/2014","159.94","163.44","163.85","159.30","794.97K","-1.67%"
"08/06/2014","162.65","163.50","166.60","162.25","664.82K","-1.21%"
"08/05/2014","164.65","164.30","165.25","161.50","1.37M","+0.59%"
"08/04/2014","163.69","162.05","165.70","162.05","971.08K","+0.86%"
"08/01/2014","162.30","160.50","165.65","159.00","975.38K","+0.69%"
"07/31/2014","161.19","164.90","165.70","159.69","1.36M","-1.98%"
"07/30/2014","164.45","158.60","164.95","156.85","1.54M","+3.69%"
"07/28/2014","158.60","163.10","163.25","157.85","1.50M","-2.51%"
"07/25/2014","162.69","167.85","168.95","161.15","1.37M","-3.53%"
"07/24/2014","168.65","166.75","169.65","164.00","2.13M","+1.14%"
"07/23/2014","166.75","169.10","170.80","165.55","1.34M","-0.86%"
"07/22/2014","168.20","166.00","169.70","163.35","1.58M","+2.44%"
"07/21/2014","164.20","166.40","167.05","163.10","738.28K","-0.70%"
"07/18/2014","165.35","166.35","166.80","164.05","606.31K","-0.66%"
"07/17/2014","166.45","165.10","167.65","163.80","1.10M","+0.45%"
"07/16/2014","165.70","163.65","166.80","163.40","1.09M","+1.19%"
"07/15/2014","163.75","162.00","166.10","161.69","2.99M","+1.43%"
"07/14/2014","161.44","154.00","162.94","154.00","2.60M","+4.87%"
"07/11/2014","153.94","161.00","162.65","152.25","2.03M","-5.30%"
"07/10/2014","162.55","160.00","167.20","153.15","2.19M","+2.01%"
"07/09/2014","159.35","153.10","162.05","151.94","2.81M","+2.68%"
"07/08/2014","155.19","164.30","165.90","152.25","2.38M","-6.29%"
"07/07/2014","165.60","167.95","167.95","164.20","1.18M","-0.72%"
"07/04/2014","166.80","168.90","169.20","165.10","975.95K","-0.54%"
"07/03/2014","167.70","172.90","173.25","167.40","1.76M","-2.41%"
"07/02/2014","171.85","170.85","174.85","170.00","2.34M","+2.14%"
"07/01/2014","168.25","167.85","171.00","166.70","1.34M","+0.57%"
"06/30/2014","167.30","162.35","168.50","162.30","1.16M","+2.07%"
"06/27/2014","163.90","164.05","166.00","160.69","989.72K","-0.76%"
"06/26/2014","165.15","166.25","167.95","163.90","1.48M","-0.87%"
"06/25/2014","166.60","166.00","168.50","164.30","1.68M","+0.42%"
"06/24/2014","165.90","164.05","167.80","163.80","928.63K","+0.76%"
"06/23/2014","164.65","162.40","166.25","162.40","1.66M","+0.98%"
"06/20/2014","163.05","159.19","165.50","158.60","2.00M","+1.72%"
"06/19/2014","160.30","166.00","167.70","158.10","2.48M","-3.35%"
"06/18/2014","165.85","167.05","171.95","162.55","1.68M","-1.16%"
"06/17/2014","167.80","167.00","168.80","163.44","1.46M","+1.30%"
"06/16/2014","165.65","164.15","167.90","158.55","2.00M","+1.69%"
"06/13/2014","162.90","170.80","171.60","161.19","2.03M","-3.69%"
"06/12/2014","169.15","171.75","174.35","166.20","2.71M","-0.76%"
"06/11/2014","170.45","177.00","178.25","168.00","2.66M","-3.48%"
"06/10/2014","176.60","182.00","182.85","175.80","3.85M","-2.46%"
"06/09/2014","181.05","176.90","184.00","175.00","5.91M","+4.44%"
"06/06/2014","173.35","169.30","175.45","169.10","3.86M","+3.34%"
"06/05/2014","167.75","170.10","170.75","164.30","3.67M","-0.50%"
"06/04/2014","168.60","170.95","172.40","167.20","3.05M","+0.12%"
"06/03/2014","168.40","159.50","169.95","159.50","5.24M","+5.71%"
"06/02/2014","159.30","156.94","160.90","155.35","2.03M","+1.50%"
"05/30/2014","156.94","155.05","159.65","154.75","1.18M","+1.35%"
"05/29/2014","154.85","159.44","159.50","152.05","2.17M","+0.00%"
"05/28/2014","154.85","158.05","162.50","153.75","2.90M","-1.74%"
"05/27/2014","157.60","154.44","159.80","148.10","2.75M","+0.96%"
"05/26/2014","156.10","164.00","166.00","149.00","5.19M","-3.34%"
"05/23/2014","161.50","151.00","164.70","150.65","9.24M","+7.92%"
"05/22/2014","149.65","147.00","151.50","143.85","4.80M","+3.25%"
"05/21/2014","144.94","152.00","153.10","143.35","4.65M","-4.13%"
"05/20/2014","151.19","145.00","153.40","143.94","5.21M","+5.43%"
"05/19/2014","143.40","136.90","144.69","134.19","6.05M","+5.56%"
"05/16/2014","135.85","131.00","139.19","130.55","3.14M","+4.55%"
"05/15/2014","129.94","131.90","132.90","128.80","876.32K","-0.70%"
"05/14/2014","130.85","127.25","131.90","127.25","713.51K","+2.39%"
"05/13/2014","127.80","126.20","130.80","126.20","1.33M","+0.71%"
"05/12/2014","126.90","124.00","127.90","124.00","1.15M","+2.63%"
"05/09/2014","123.65","121.90","124.70","121.30","1.59M","+1.39%"
"05/08/2014","121.95","123.05","124.15","121.55","758.05K","-0.65%"
"05/07/2014","122.75","123.70","125.35","122.00","818.43K","-0.97%"
"05/06/2014","123.95","125.00","126.50","123.00","454.54K","-1.08%"
"05/05/2014","125.30","126.10","128.75","124.55","1.09M","-0.63%"
"05/02/2014","126.10","128.75","129.80","126.00","919.23K","-2.17%"
"04/30/2014","128.90","131.60","132.10","126.55","1.26M","-2.16%"
"04/29/2014","131.75","131.00","132.50","129.69","1.44M","+0.88%"
"04/28/2014","130.60","130.00","131.00","129.60","246.41K","+0.51%"
"04/25/2014","129.94","131.00","131.55","129.44","1.16M","+0.46%"
"04/23/2014","129.35","131.15","132.85","128.44","1.22M","-1.37%"
"04/22/2014","131.15","131.00","132.69","130.55","416.91K","-0.57%"
"04/21/2014","131.90","131.25","133.69","129.40","935.41K","+0.16%"
"04/17/2014","131.69","130.00","132.15","129.00","439.00K","+1.94%"
"04/16/2014","129.19","130.40","131.55","128.05","373.25K","-0.93%"
"04/15/2014","130.40","131.55","133.44","130.00","542.01K","-1.66%"
"04/11/2014","132.60","131.60","134.50","130.40","1.01M","+0.50%"
"04/10/2014","131.94","132.65","135.10","131.15","714.44K","-1.39%"
"04/09/2014","133.80","131.19","134.40","131.19","1.28M","+1.63%"
"04/07/2014","131.65","130.15","132.00","130.10","541.17K","+1.19%"
"04/04/2014","130.10","131.00","132.00","129.60","1.03M","-0.12%"
"04/03/2014","130.25","130.00","132.90","128.69","1.40M","+0.39%"
"04/02/2014","129.75","132.00","132.50","129.10","856.29K","-0.80%"
"04/01/2014","130.80","130.00","131.69","126.25","2.58M","+1.47%"
"03/31/2014","128.90","126.00","129.44","124.30","3.57M","+3.70%"
"03/28/2014","124.30","120.60","124.65","120.50","1.13M","+3.11%"
"03/27/2014","120.55","120.10","122.60","120.00","641.04K","-0.29%"
"03/26/2014","120.90","119.50","121.50","119.20","958.21K","+1.90%"
"03/25/2014","118.65","120.10","122.00","118.05","1.09M","-2.10%"
"03/24/2014","121.20","121.15","123.10","120.70","332.38K","-0.04%"
"03/22/2014","121.25","122.20","122.20","121.00","29.71K","-0.12%"
"03/21/2014","121.40","121.05","123.00","120.90","775.40K","+0.29%"
"03/20/2014","121.05","121.00","121.90","118.00","917.97K","-0.08%"
"03/19/2014","121.15","118.25","121.90","118.25","876.33K","+2.58%"
"03/18/2014","118.10","117.00","118.50","117.00","807.47K","+1.42%"
"03/14/2014","116.45","117.65","117.95","115.90","1.14M","-1.61%"
"03/13/2014","118.35","118.65","120.75","117.85","1.17M","-0.25%"
"03/12/2014","118.65","117.00","119.25","115.65","1.37M","+1.02%"
"03/11/2014","117.45","121.70","121.70","116.75","1.83M","-2.89%"
"03/10/2014","120.95","123.20","123.50","120.20","1.35M","-2.34%"
"03/07/2014","123.85","123.50","125.25","123.20","1.22M","+0.45%"
"03/06/2014","123.30","123.20","125.00","122.50","712.96K","+0.12%"
"03/05/2014","123.15","121.00","123.70","119.20","1.21M","+2.16%"
"03/04/2014","120.55","115.50","120.95","115.50","1.53M","+3.97%"
"03/03/2014","115.95","116.95","118.30","115.25","844.67K","-0.60%"
"02/28/2014","116.65","116.85","117.75","116.10","753.46K","+0.52%"
"02/26/2014","116.05","119.80","119.80","114.80","2.14M","-1.86%"
"02/25/2014","118.25","119.00","119.75","117.80","499.48K","-0.59%"
"02/24/2014","118.95","122.00","122.05","118.35","1.78M","-2.66%"
"02/21/2014","122.20","122.55","123.50","121.45","907.06K","+0.33%"
"02/20/2014","121.80","117.55","122.40","117.55","1.36M","+2.05%"
"02/19/2014","119.35","120.00","120.70","118.55","751.87K","-0.79%"
"02/18/2014","120.30","122.00","122.05","117.60","1.45M","-2.39%"
"02/17/2014","123.25","123.65","124.60","122.25","555.43K","+0.00%"
"02/14/2014","123.25","126.15","126.35","123.00","1.97M","-1.71%"
"02/13/2014","125.40","126.00","126.90","125.10","1.35M","+0.24%"
"02/12/2014","125.10","125.80","125.80","124.05","999.09K","+0.40%"
"02/11/2014","124.60","125.20","126.00","124.00","701.78K","-0.44%"
"02/10/2014","125.15","125.70","127.60","124.90","996.90K","+0.12%"
"02/07/2014","125.00","126.25","128.35","124.60","1.71M","-0.60%"
"02/06/2014","125.75","125.90","127.00","124.20","1.13M","+1.25%"
"02/05/2014","124.20","124.55","125.50","123.60","882.87K","-0.80%"
"02/04/2014","125.20","124.20","126.90","122.00","1.57M","+0.08%"
"02/03/2014","125.10","129.05","129.60","124.65","1.16M","-3.35%"
"01/31/2014","129.44","129.90","130.90","128.00","454.97K","+0.22%"
"01/30/2014","129.15","127.00","130.15","124.80","1.79M","+0.90%"
"01/29/2014","128.00","126.70","128.90","126.70","994.18K","+0.59%"
"01/28/2014","127.25","127.90","129.80","126.30","1.23M","-0.35%"
"01/27/2014","127.70","129.05","130.15","126.50","1.20M","-2.56%"
"01/24/2014","131.05","131.10","132.35","130.55","1.37M","-1.50%"
"01/23/2014","133.05","135.90","136.19","132.69","1.78M","-1.88%"
"01/22/2014","135.60","136.00","137.69","135.30","1.58M","+0.44%"
"01/21/2014","135.00","141.00","142.00","134.50","4.93M","+1.43%"
"01/20/2014","133.10","131.80","135.00","131.00","2.96M","+2.83%"
"01/17/2014","129.44","131.60","132.00","128.25","1.47M","-0.58%"
"01/16/2014","130.19","131.00","132.90","129.80","1.23M","-0.50%"
"01/15/2014","130.85","132.00","133.40","130.40","1.15M","+0.65%"
"01/14/2014","130.00","131.75","132.10","129.75","825.50K","+1.56%"
"01/13/2014","128.00","127.05","131.35","127.05","563.33K","-0.12%"
"01/10/2014","128.15","129.05","132.80","127.25","1.07M","-1.12%"
"01/09/2014","129.60","131.00","131.25","127.20","1.82M","-0.31%"
"01/08/2014","130.00","127.70","131.50","125.75","983.69K","+3.09%"
"01/07/2014","126.10","128.00","128.85","124.50","1.51M","-1.25%"
"01/06/2014","127.70","130.60","131.50","126.25","1.65M","-3.11%"
"01/03/2014","131.80","130.25","133.65","129.05","1.41M","+1.19%"
"01/02/2014","130.25","133.00","133.90","129.80","1.09M","-1.25%"
"01/01/2014","131.90","133.80","134.50","131.69","552.40K","-0.45%"
"12/31/2013","132.50","132.40","135.80","131.94","758.06K","-0.38%"
"12/30/2013","133.00","133.30","136.40","132.25","791.52K","-0.19%"
"12/27/2013","133.25","134.60","135.50","132.00","1.01M","-0.97%"
"12/26/2013","134.55","132.05","135.50","130.10","1.36M","+1.89%"
"12/24/2013","132.05","132.00","132.90","129.80","1.58M","-2.14%"
"12/23/2013","134.94","135.00","137.19","133.05","660.31K","-0.08%"
"12/20/2013","135.05","133.40","136.00","132.25","1.19M","+1.40%"
"12/19/2013","133.19","132.50","135.69","130.50","1.24M","+0.76%"
"12/18/2013","132.19","130.50","134.25","129.05","888.29K","+1.30%"
"12/17/2013","130.50","131.05","132.80","129.25","433.31K","-0.31%"
"12/16/2013","130.90","127.90","132.05","125.10","1.61M","+2.51%"
"12/13/2013","127.70","130.30","130.90","126.35","1.47M","-2.70%"
"12/12/2013","131.25","131.35","133.00","128.55","676.15K","-1.69%"
"12/11/2013","133.50","135.00","136.65","131.05","1.29M","-1.58%"
"12/10/2013","135.65","126.95","140.25","126.60","6.28M","+6.85%"
"12/09/2013","126.95","125.90","127.70","125.30","1.42M","+1.07%"
"12/06/2013","125.60","124.90","127.15","124.45","323.01K","+0.96%"
"12/05/2013","124.40","125.90","127.30","123.50","1.03M","+0.24%"
"12/04/2013","124.10","126.90","126.90","123.45","625.33K","-0.72%"
"12/03/2013","125.00","126.90","128.80","124.70","1.31M","-0.60%"
"12/02/2013","125.75","129.00","129.50","125.50","797.28K","-2.09%"
"11/29/2013","128.44","126.00","129.10","125.00","647.35K","+3.54%"
"11/28/2013","124.05","127.00","129.00","123.40","1.23M","-2.67%"
"11/27/2013","127.45","127.10","127.90","126.25","223.28K","+0.04%"
"11/26/2013","127.40","125.50","129.10","125.00","776.27K","+1.51%"
"11/25/2013","125.50","122.10","126.30","122.10","538.58K","+2.83%"
"11/22/2013","122.05","126.45","126.45","121.40","727.87K","-2.52%"
"11/21/2013","125.20","127.40","128.05","124.65","364.72K","-2.00%"
"11/20/2013","127.75","128.50","130.00","127.00","308.52K","-0.97%"
"11/19/2013","129.00","130.60","131.25","128.30","662.65K","-1.29%"
"11/18/2013","130.69","132.00","132.00","130.30","489.37K","+0.58%"
"11/14/2013","129.94","128.60","130.90","127.65","574.05K","+1.32%"
"11/13/2013","128.25","127.45","130.94","126.40","598.54K","+0.51%"
"11/12/2013","127.60","130.35","130.90","127.15","613.39K","-1.69%"
"11/11/2013","129.80","133.05","135.30","127.60","318.91K","-3.57%"
"11/08/2013","134.60","133.40","136.00","133.00","437.88K","+0.87%"
"11/07/2013","133.44","135.05","137.25","132.55","874.09K","-1.23%"
"11/06/2013","135.10","136.05","137.90","135.00","477.94K","-1.31%"
"11/05/2013","136.90","135.50","138.90","135.05","2.62M","-0.54%"
"11/03/2013","137.65","137.90","138.75","136.19","154.22K","+0.36%"
"11/01/2013","137.15","132.90","139.25","132.90","2.26M","+2.66%"
"10/31/2013","133.60","134.85","135.00","132.55","895.81K","+1.07%"
"10/30/2013","132.19","129.65","134.50","127.40","1.04M","+2.55%"
"10/29/2013","128.90","129.00","130.50","128.60","1.18M","-0.15%"
"10/28/2013","129.10","131.85","132.00","128.35","673.82K","-2.52%"
"10/25/2013","132.44","133.19","134.65","132.00","384.97K","-1.49%"
"10/24/2013","134.44","135.00","135.85","132.69","1.57M","-0.04%"
"10/23/2013","134.50","135.69","136.44","132.19","2.40M","+0.37%"
"10/22/2013","134.00","133.50","135.19","133.44","491.44K","-0.48%"
"10/21/2013","134.65","133.55","135.30","133.10","842.47K","+0.82%"
"10/18/2013","133.55","130.10","137.00","130.10","1.54M","+2.45%"
"10/17/2013","130.35","135.15","137.10","129.10","1.09M","-1.58%"
"10/15/2013","132.44","130.40","136.50","129.75","2.52M","+1.99%"
"10/14/2013","129.85","128.10","130.90","127.00","666.01K","+1.68%"
"10/11/2013","127.70","130.50","131.60","127.25","481.48K","-1.91%"
"10/10/2013","130.19","130.30","133.00","129.69","956.31K","-0.08%"
"10/09/2013","130.30","130.00","131.80","128.60","1.38M","-0.46%"
"10/08/2013","130.90","131.10","134.19","130.10","1.21M","-0.76%"
"10/07/2013","131.90","132.30","133.55","131.00","686.67K","-0.30%"
"10/04/2013","132.30","132.75","135.60","131.80","527.40K","-1.53%"
"10/03/2013","134.35","131.80","135.25","131.55","1.07M","+1.59%"
"10/01/2013","132.25","133.25","133.25","128.40","1.58M","-0.97%"
"09/30/2013","133.55","129.10","134.00","129.00","699.76K","+1.99%"
"09/27/2013","130.94","134.35","134.35","130.50","369.31K","-1.21%"
"09/26/2013","132.55","130.35","133.90","129.44","1.41M","+1.73%"
"09/25/2013","130.30","131.44","135.00","129.44","1.84M","-0.87%"
"09/24/2013","131.44","129.00","132.69","128.10","1.76M","+2.61%"
"09/23/2013","128.10","134.00","134.50","127.50","1.15M","-4.89%"
"09/20/2013","134.69","130.90","137.80","125.70","1.50M","+3.53%"
"09/19/2013","130.10","128.00","130.90","126.80","1.56M","+3.29%"
"09/18/2013","125.95","126.50","128.00","125.00","319.33K","+0.16%"
"09/17/2013","125.75","127.50","127.85","125.15","853.52K","-1.14%"
"09/16/2013","127.20","129.50","129.50","126.05","353.28K","+1.15%"
"09/13/2013","125.75","129.40","129.94","123.25","1.01M","-3.27%"
"09/12/2013","130.00","132.35","132.35","128.65","4.51M","+0.08%"
"09/11/2013","129.90","130.00","132.19","128.50","6.49M","-0.08%"
"09/10/2013","130.00","127.80","134.69","127.40","2.91M","+3.01%"
"09/06/2013","126.20","124.40","127.25","122.50","1.03M","+1.77%"
"09/05/2013","124.00","123.80","125.70","122.00","851.41K","+1.76%"
"09/04/2013","121.85","117.80","123.50","116.00","878.61K","+3.88%"
"09/03/2013","117.30","125.00","125.50","116.00","1.05M","-5.56%"
"09/02/2013","124.20","125.20","126.35","123.30","2.00M","+0.36%"
"08/30/2013","123.75","121.80","128.90","117.20","2.22M","+2.70%"
"08/29/2013","120.50","119.50","123.80","116.85","2.78M","+2.03%"
"08/28/2013","118.10","114.60","119.40","113.85","782.90K","+2.16%"
"08/27/2013","115.60","117.00","117.00","112.70","849.77K","-1.62%"
"08/26/2013","117.50","116.70","121.20","115.25","1.76M","+1.51%"
"08/23/2013","115.75","118.05","118.70","113.60","881.07K","-1.95%"
"08/22/2013","118.05","108.25","119.00","106.85","2.44M","+9.05%"
"08/21/2013","108.25","120.00","120.90","102.00","3.38M","-9.19%"
"08/20/2013","119.20","106.60","121.45","103.10","11.45M","+13.42%"
"08/19/2013","105.10","102.50","105.50","100.30","1.02M","+3.80%"
"08/16/2013","101.25","105.45","106.20","100.10","464.63K","-4.57%"
"08/14/2013","106.10","103.00","107.55","103.00","594.15K","+2.17%"
"08/13/2013","103.85","103.35","105.00","101.20","550.81K","-0.19%"
"08/12/2013","104.05","105.90","105.90","101.25","670.48K","+1.12%"
"08/08/2013","102.90","99.70","103.50","99.05","137.94K","+2.85%"
"08/07/2013","100.05","100.00","101.00","97.85","500.64K","+2.14%"
"08/06/2013","97.95","101.40","101.50","97.50","215.51K","-2.88%"
"08/05/2013","100.85","100.80","102.00","98.35","207.86K","+0.50%"
"08/02/2013","100.35","100.00","102.90","94.00","1.06M","+1.41%"
"08/01/2013","98.95","102.00","102.90","98.10","602.88K","-2.66%"
"07/31/2013","101.65","99.00","103.40","96.55","498.09K","+2.52%"
"07/30/2013","99.15","101.75","102.25","98.00","422.40K","-2.79%"
"07/29/2013","102.00","102.10","103.45","101.65","245.97K","-0.44%"
"07/26/2013","102.45","103.40","103.90","101.35","742.84K","+0.39%"
"07/25/2013","102.05","103.00","103.00","101.15","541.81K","-1.26%"
"07/24/2013","103.35","105.35","105.50","102.20","746.30K","-1.90%"
"07/23/2013","105.35","103.00","105.70","102.35","622.74K","+2.93%"
"07/22/2013","102.35","104.35","104.35","101.15","1.07M","-1.92%"
"07/19/2013","104.35","107.80","108.40","102.15","799.00K","-2.20%"
"07/18/2013","106.70","104.50","108.75","103.55","240.01K","+2.55%"
"07/17/2013","104.05","104.90","108.45","103.25","254.88K","-1.75%"
"07/16/2013","105.90","105.50","107.70","103.40","755.02K","-0.98%"
"07/15/2013","106.95","104.70","107.30","104.70","1.04M","+2.20%"
"07/12/2013","104.65","103.10","105.00","103.10","181.03K","+1.11%"
"07/11/2013","103.50","101.75","104.90","101.75","169.29K","+1.57%"
"07/10/2013","101.90","102.00","103.45","101.15","136.85K","+0.15%"
"07/09/2013","101.75","102.10","102.80","101.50","708.03K","+0.54%"
"07/08/2013","101.20","102.00","102.00","100.40","214.18K","-1.22%"
"07/05/2013","102.45","101.50","103.80","101.30","235.58K","+1.04%"
"07/04/2013","101.40","101.35","102.50","97.35","405.07K","+0.05%"
"07/03/2013","101.35","104.40","104.50","101.10","314.32K","-2.97%"
"07/02/2013","104.45","103.00","107.50","103.00","474.09K","-0.48%"
"07/01/2013","104.95","102.25","106.00","102.15","438.95K","+2.64%"
"06/28/2013","102.25","97.30","103.90","97.30","2.47M","+5.47%"
"06/27/2013","96.95","99.70","99.70","96.05","703.52K","-1.02%"
"06/26/2013","97.95","100.55","101.90","97.00","839.98K","-2.29%"
"06/25/2013","100.25","102.35","104.20","99.40","862.09K","-2.05%"
"06/24/2013","102.35","107.45","107.90","101.40","514.63K","-3.76%"
"06/21/2013","106.35","107.70","109.70","105.15","363.92K","-1.53%"
"06/20/2013","108.00","111.40","111.40","106.60","382.96K","-3.31%"
"06/19/2013","111.70","111.80","113.60","111.10","279.92K","-0.04%"
"06/18/2013","111.75","111.90","112.50","110.30","200.82K","+0.68%"
"06/17/2013","111.00","111.80","112.00","110.25","173.79K","+0.50%"
"06/14/2013","110.45","107.75","112.70","107.75","677.09K","+2.74%"
"06/13/2013","107.50","108.75","109.50","107.10","261.06K","-1.51%"
"06/12/2013","109.15","110.50","111.20","108.10","306.05K","-1.22%"
"06/11/2013","110.50","112.00","112.90","109.60","402.93K","-1.60%"
"06/10/2013","112.30","115.00","115.35","111.80","332.45K","-1.79%"
"06/07/2013","114.35","114.50","115.75","113.50","524.13K","+0.00%"
"06/06/2013","114.35","113.50","115.90","113.50","381.41K","+0.35%"
"06/05/2013","113.95","114.70","115.70","113.70","354.52K","-0.61%"
"06/04/2013","114.65","114.20","116.90","113.90","440.53K","+0.22%"
"06/03/2013","114.40","113.55","118.20","113.20","483.29K","-1.08%"
"05/31/2013","115.65","118.00","118.85","115.05","147.97K","-1.99%"
"05/30/2013","118.00","118.25","120.25","117.05","730.41K","-0.46%"
"05/29/2013","118.55","120.95","121.00","117.80","155.25K","-1.74%"
"05/28/2013","120.65","120.50","121.30","119.90","215.50K","+0.04%"
"05/27/2013","120.60","117.85","121.30","117.20","325.47K","+2.94%"
"05/24/2013","117.15","113.00","117.90","113.00","298.24K","+3.17%"
"05/23/2013","113.55","116.10","116.95","113.05","414.53K","-2.99%"
"05/22/2013","117.05","118.10","119.45","116.55","214.92K","-0.55%"
"05/21/2013","117.70","119.05","121.00","117.30","440.63K","-1.88%"
"05/20/2013","119.95","121.65","122.65","119.60","169.62K","-1.64%"
"05/17/2013","121.95","120.50","122.60","120.50","306.46K","+0.49%"
"05/16/2013","121.35","117.00","123.20","117.00","736.79K","+2.71%"
"05/15/2013","118.15","118.00","119.50","117.90","428.41K","+0.64%"
"05/14/2013","117.40","116.90","119.20","116.75","582.77K","+0.64%"
"05/13/2013","116.65","122.00","122.00","115.65","609.30K","-3.67%"
"05/11/2013","121.10","121.40","121.40","120.85","16.47K","+0.08%"
"05/10/2013","121.00","121.00","121.80","120.40","546.96K","+0.08%"
"05/09/2013","120.90","122.55","122.95","120.20","303.21K","-1.79%"
"05/08/2013","123.10","123.65","125.00","122.55","299.74K","-0.36%"
"05/07/2013","123.55","124.35","125.05","123.15","359.54K","-0.68%"
"05/06/2013","124.40","121.40","124.75","121.40","420.38K","+2.47%"
"05/03/2013","121.40","122.05","123.30","120.00","265.07K","-0.53%"
"05/02/2013","122.05","118.00","123.70","117.80","1.69M","+2.43%"
"04/30/2013","119.15","119.55","121.35","117.80","573.43K","-0.25%"
"04/29/2013","119.45","120.00","120.50","117.05","425.59K","+0.97%"
"04/26/2013","118.30","120.00","122.75","118.00","1.95M","-0.25%"
"04/25/2013","118.60","114.00","120.80","112.45","4.13M","+4.13%"
"04/23/2013","113.90","114.50","114.50","112.90","919.37K","+1.29%"
"04/22/2013","112.45","110.70","112.95","110.70","880.61K","+2.32%"
"04/18/2013","109.90","108.35","111.50","108.35","651.67K","+0.00%"
"04/17/2013","109.90","108.00","111.00","106.55","1.10M","+1.81%"
"04/16/2013","107.95","111.85","111.85","107.50","1.85M","-4.34%"
"04/15/2013","112.85","116.95","117.30","112.00","456.77K","-3.51%"
"04/12/2013","116.95","117.70","117.70","115.55","205.65K","+0.99%"
"04/11/2013","115.80","118.50","120.90","115.45","418.06K","-1.86%"
"04/10/2013","118.00","117.90","118.80","116.35","578.12K","+0.55%"
"04/09/2013","117.35","115.10","118.50","115.10","540.83K","+1.25%"
"04/08/2013","115.90","116.70","116.90","114.50","171.95K","-0.69%"
"04/05/2013","116.70","116.00","118.90","116.00","299.39K","-0.09%"
"04/04/2013","116.80","120.40","120.40","116.40","162.47K","-2.01%"
"04/03/2013","119.20","120.40","124.00","118.80","372.20K","-0.96%"
"04/02/2013","120.35","119.00","121.90","119.00","310.35K","+0.33%"
"04/01/2013","119.95","121.25","121.70","118.80","228.97K","-1.11%"
"03/28/2013","121.30","115.95","124.00","115.95","1.94M","+3.99%"
"03/26/2013","116.65","115.75","118.50","112.10","1.17M","+0.73%"
"03/25/2013","115.80","115.00","117.00","112.85","722.04K","+1.80%"
"03/22/2013","113.75","114.10","117.90","110.70","478.78K","-0.57%"
"03/21/2013","114.40","116.10","117.10","114.05","282.05K","-0.65%"
"03/20/2013","115.15","115.55","117.45","114.10","338.65K","-0.56%"
"03/19/2013","115.80","120.90","120.90","115.40","343.06K","-1.11%"
"03/18/2013","117.10","118.15","119.35","116.40","190.32K","-1.72%"
"03/15/2013","119.15","121.85","121.85","118.55","262.30K","-1.08%"
"03/14/2013","120.45","119.75","121.40","116.70","314.62K","+1.35%"
"03/13/2013","118.85","121.50","121.50","118.45","407.06K","-1.29%"
"03/12/2013","120.40","120.65","121.90","120.00","659.54K","+0.71%"
"03/11/2013","119.55","120.85","121.80","118.15","329.87K","-0.58%"
"03/08/2013","120.25","119.65","121.00","119.00","374.95K","+0.50%"
"03/07/2013","119.65","121.00","121.00","118.35","389.53K","-0.46%"
"03/06/2013","120.20","116.90","121.50","116.00","1.61M","+4.57%"
"03/05/2013","114.95","115.15","116.50","114.60","1.04M","+0.09%"
"03/04/2013","114.85","118.10","118.10","114.55","307.00K","-2.71%"
"03/01/2013","118.05","115.35","119.30","114.00","1.29M","+2.88%"
"02/28/2013","114.75","121.50","123.00","113.00","1.67M","-4.45%"
"02/27/2013","120.10","117.35","120.60","116.05","734.77K","+2.87%"
"02/26/2013","116.75","116.45","117.60","113.90","837.93K","+0.34%"
"02/25/2013","116.35","118.45","119.50","115.20","538.17K","-1.73%"
"02/22/2013","118.40","119.15","119.80","116.20","1.42M","-0.59%"
"02/21/2013","119.10","122.00","122.00","117.85","536.56K","-2.78%"
"02/20/2013","122.50","122.40","123.50","122.05","482.17K","+0.08%"
"02/19/2013","122.40","121.00","123.30","121.00","651.57K","+0.04%"
"02/18/2013","122.35","122.50","123.40","120.10","852.50K","+0.08%"
"02/15/2013","122.25","122.65","123.95","119.55","571.09K","-0.69%"
"02/14/2013","123.10","123.10","127.40","122.35","1.31M","+0.00%"
"02/13/2013","123.10","127.00","127.00","122.90","281.91K","-1.44%"
"02/12/2013","124.90","123.95","126.25","122.50","175.18K","+1.05%"
"02/11/2013","123.60","125.00","125.00","121.80","119.71K","-0.16%"
"02/08/2013","123.80","125.05","125.50","122.50","257.24K","-1.00%"
"02/07/2013","125.05","125.00","127.70","124.25","183.73K","-1.30%"
"02/06/2013","126.70","127.90","127.90","126.10","318.73K","-0.31%"
"02/05/2013","127.10","126.00","128.35","125.20","439.07K","+0.20%"
"02/04/2013","126.85","130.00","130.00","125.85","704.25K","-1.13%"
"02/01/2013","128.30","129.55","130.19","128.00","373.08K","-0.11%"
"01/31/2013","128.44","128.10","129.40","127.40","1.04M","+0.62%"
"01/30/2013","127.65","127.70","128.94","126.55","576.42K","-0.04%"
"01/29/2013","127.70","127.00","128.35","126.05","518.96K","+0.16%"
"01/28/2013","127.50","130.00","130.00","126.30","1.05M","-1.12%"
"01/25/2013","128.94","125.75","129.69","124.50","552.97K","+2.54%"
"01/24/2013","125.75","129.94","129.94","124.30","692.10K","-0.95%"
"01/23/2013","126.95","132.35","132.40","126.10","1.22M","-3.46%"
"01/22/2013","131.50","131.00","133.44","130.19","953.08K","+0.77%"
"01/21/2013","130.50","130.00","131.35","129.00","712.88K","+0.50%"
"01/18/2013","129.85","133.00","133.60","127.60","2.52M","-1.55%"
"01/17/2013","131.90","132.65","134.44","131.19","750.59K","-0.57%"
"01/16/2013","132.65","135.69","136.80","131.44","737.85K","-2.21%"
"01/15/2013","135.65","136.00","136.80","134.55","338.79K","+0.41%"
"01/14/2013","135.10","134.69","136.00","133.19","285.55K","+0.63%"
"01/11/2013","134.25","137.15","138.44","132.69","726.54K","-1.58%"
"01/10/2013","136.40","139.75","140.69","135.60","779.63K","-1.73%"
"01/09/2013","138.80","141.10","141.40","137.80","960.54K","-1.56%"
"01/08/2013","141.00","141.00","142.75","139.44","472.50K","-0.28%"
"01/07/2013","141.40","139.50","143.25","138.10","1.50M","+1.11%"
"01/04/2013","139.85","140.00","141.75","138.25","1.49M","-1.55%"
"01/03/2013","142.05","140.00","142.94","138.30","2.68M","+2.93%"
"01/02/2013","138.00","138.65","141.00","137.50","1.20M","+0.77%"
"01/01/2013","136.94","137.10","137.80","136.44","277.35K","+0.62%"
"12/31/2012","136.10","136.30","137.60","135.55","428.72K","-0.29%"
"12/28/2012","136.50","136.94","137.69","135.15","649.84K","+1.00%"
"12/27/2012","135.15","137.50","137.85","134.30","1.01M","-1.13%"
"12/26/2012","136.69","137.90","138.80","136.25","322.63K","-0.81%"
"12/24/2012","137.80","135.00","139.90","135.00","426.29K","-0.68%"
"12/21/2012","138.75","137.25","139.69","136.05","944.47K","+1.09%"
"12/20/2012","137.25","138.15","138.90","136.50","839.94K","-0.58%"
"12/19/2012","138.05","138.00","141.80","137.40","1.02M","-0.58%"
"12/18/2012","138.85","143.75","147.00","136.05","3.47M","-2.73%"
"12/17/2012","142.75","144.00","144.00","141.55","718.65K","+0.04%"
"12/14/2012","142.69","136.60","143.50","135.94","1.42M","+4.46%"
"12/13/2012","136.60","137.85","138.80","135.55","247.00K","-0.55%"
"12/12/2012","137.35","139.05","139.50","137.00","155.91K","-1.26%"
"12/11/2012","139.10","138.69","140.85","137.00","488.74K","+0.87%"
"12/10/2012","137.90","139.00","140.30","137.44","498.11K","-0.61%"
"12/07/2012","138.75","139.60","139.94","138.00","1.24M","-0.11%"
"12/06/2012","138.90","140.75","140.75","135.55","618.32K","+0.36%"
"12/05/2012","138.40","141.40","141.94","138.05","1.06M","-1.77%"
"12/04/2012","140.90","141.69","142.44","139.30","815.45K","-0.53%"
"12/03/2012","141.65","136.65","143.44","136.65","1.45M","+1.61%"
"11/30/2012","139.40","139.85","141.75","138.55","707.08K","+1.09%"
"11/29/2012","137.90","138.50","142.40","137.00","2.33M","+1.44%"
"11/27/2012","135.94","137.94","139.69","135.60","746.58K","-1.45%"
"11/26/2012","137.94","132.60","138.50","132.19","775.29K","+4.98%"
"11/23/2012","131.40","132.75","134.19","130.75","516.03K","-0.83%"
"11/22/2012","132.50","134.94","135.10","132.19","769.52K","-1.78%"
"11/21/2012","134.90","135.00","135.90","133.10","344.82K","+0.16%"
"11/20/2012","134.69","135.75","135.75","134.00","487.06K","+0.48%"
"11/19/2012","134.05","135.50","135.80","132.75","267.30K","-0.70%"
"11/16/2012","135.00","133.75","137.69","133.00","584.54K","+1.39%"
"11/15/2012","133.15","133.19","136.25","132.05","735.41K","-1.87%"
"11/13/2012","135.69","136.30","136.44","135.10","45.96K","-0.04%"
"11/12/2012","135.75","136.80","137.00","135.35","193.77K","-1.09%"
"11/09/2012","137.25","138.35","138.55","134.60","779.74K","-0.18%"
"11/08/2012","137.50","135.40","138.60","135.40","261.76K","-1.15%"
"11/07/2012","139.10","140.85","141.35","137.55","366.06K","-0.57%"
"11/06/2012","139.90","137.90","140.90","136.65","1.02M","+1.86%"
"11/05/2012","137.35","137.35","137.80","135.60","1.02M","+0.30%"
"11/02/2012","136.94","136.50","137.40","134.65","679.25K","+0.99%"
"11/01/2012","135.60","134.05","135.85","132.50","385.25K","+1.27%"
"10/31/2012","133.90","130.25","134.40","128.69","733.64K","+3.05%"
"10/30/2012","129.94","134.00","134.00","129.19","841.56K","-1.49%"
"10/29/2012","131.90","132.90","132.90","131.25","689.29K","+0.00%"
"10/26/2012","131.90","132.30","133.40","131.15","896.76K","-0.26%"
"10/25/2012","132.25","131.80","133.40","131.25","889.07K","+0.43%"
"10/23/2012","131.69","132.00","132.75","130.90","758.75K","-1.24%"
"10/22/2012","133.35","134.35","134.35","132.60","296.81K","-0.67%"
"10/19/2012","134.25","136.65","137.69","134.00","955.26K","-0.44%"
"10/18/2012","134.85","138.00","138.00","134.15","1.25M","-0.37%"
"10/17/2012","135.35","132.40","136.05","131.25","794.76K","+2.42%"
"10/16/2012","132.15","135.55","135.85","131.10","362.33K","-2.04%"
"10/15/2012","134.90","137.00","137.90","134.55","557.18K","-1.28%"
"10/12/2012","136.65","137.05","138.60","135.60","544.58K","-0.26%"
"10/11/2012","137.00","134.75","137.50","134.05","418.59K","+1.78%"
"10/10/2012","134.60","134.65","135.40","133.50","162.10K","-1.03%"
"10/09/2012","136.00","132.94","136.85","132.80","546.48K","+2.84%"
"10/08/2012","132.25","135.30","137.35","131.69","601.04K","-2.86%"
"10/05/2012","136.15","137.85","138.35","132.55","520.63K","-0.69%"
"10/04/2012","137.10","136.69","139.94","135.80","758.10K","+0.40%"
"10/03/2012","136.55","134.40","138.65","133.69","885.77K","+1.64%"
"10/01/2012","134.35","136.30","136.90","133.65","420.83K","-1.21%"
"09/28/2012","136.00","131.85","137.50","131.15","965.84K","+4.29%"
"09/27/2012","130.40","132.19","134.30","130.00","1.78M","-1.77%"
"09/26/2012","132.75","133.60","135.30","128.30","788.32K","+1.34%"
"09/25/2012","131.00","132.55","135.35","130.30","570.96K","-0.71%"
"09/24/2012","131.94","132.44","135.50","131.19","594.49K","-0.08%"
"09/21/2012","132.05","130.25","133.80","129.35","1.06M","+1.93%"
"09/20/2012","129.55","133.19","133.19","128.75","1.15M","-3.46%"
"09/18/2012","134.19","138.00","138.00","134.05","430.57K","-2.62%"
"09/17/2012","137.80","137.30","140.00","137.19","1.35M","+0.84%"
"09/14/2012","136.65","133.05","137.10","132.85","1.14M","+4.36%"
"09/13/2012","130.94","132.90","133.50","130.35","487.01K","-1.10%"
"09/12/2012","132.40","129.25","133.19","129.00","1.00M","+2.88%"
"09/11/2012","128.69","131.25","132.00","128.30","611.57K","-1.15%"
"09/10/2012","130.19","131.90","133.40","129.60","649.54K","-0.57%"
"09/08/2012","130.94","129.00","131.85","127.80","122.48K","+1.35%"
"09/07/2012","129.19","126.90","129.90","126.90","451.37K","+2.74%"
"09/06/2012","125.75","125.90","128.00","124.40","358.44K","-0.20%"
"09/05/2012","126.00","130.00","145.00","124.10","391.39K","-1.68%"
"09/04/2012","128.15","124.25","129.00","122.35","548.00K","+2.60%"
"09/03/2012","124.90","124.20","126.85","123.60","196.04K","+1.26%"
"08/31/2012","123.35","124.40","125.90","121.50","729.17K","-0.36%"
"08/30/2012","123.80","125.50","125.50","123.05","346.89K","+0.61%"
"08/29/2012","123.05","124.15","125.90","121.00","635.42K","-0.85%"
"08/28/2012","124.10","128.94","130.35","122.80","696.54K","-4.28%"
"08/27/2012","129.65","130.60","131.69","129.15","331.59K","-0.19%"
"08/24/2012","129.90","132.44","132.60","128.50","956.23K","-2.04%"
"08/23/2012","132.60","132.40","136.85","132.00","2.11M","+1.57%"
"08/22/2012","130.55","132.65","134.05","129.55","1.56M","-1.43%"
"08/21/2012","132.44","125.15","133.55","125.00","2.94M","+6.68%"
"08/17/2012","124.15","122.30","124.80","122.00","507.42K","+1.60%"
"08/16/2012","122.20","125.90","125.90","121.85","878.38K","-2.32%"
"08/14/2012","125.10","125.80","126.30","123.40","569.74K","-0.60%"
"08/13/2012","125.85","125.65","128.00","125.00","1.25M","+1.12%"
"08/10/2012","124.45","120.50","127.35","119.20","3.16M","+3.32%"
"08/09/2012","120.45","119.50","121.40","118.50","582.06K","+0.84%"
"08/08/2012","119.45","119.50","123.00","118.00","1.39M","+0.29%"
"08/07/2012","119.10","119.00","119.50","118.40","1.45M","+0.34%"
"08/06/2012","118.70","118.80","119.70","118.40","239.97K","+0.51%"
"08/03/2012","118.10","118.60","119.30","117.15","231.54K","-0.76%"
"08/02/2012","119.00","118.70","120.00","117.40","238.65K","+0.34%"
"08/01/2012","118.60","120.00","120.00","117.50","265.11K","-0.63%"
"07/31/2012","119.35","120.20","121.00","118.00","440.92K","-0.91%"
"07/30/2012","120.45","117.00","120.85","117.00","572.23K","+2.82%"
"07/27/2012","117.15","114.50","117.50","114.50","1.67M","+2.49%"
"07/26/2012","114.30","117.00","117.00","114.00","409.42K","-1.76%"
"07/25/2012","116.35","117.00","117.10","114.55","265.56K","-0.56%"
"07/24/2012","117.00","117.00","117.50","113.60","863.36K","+0.73%"
"07/23/2012","116.15","120.20","120.20","115.70","615.49K","-3.05%"
"07/20/2012","119.80","119.05","122.90","118.10","2.34M","+0.67%"
"07/19/2012","119.00","118.75","119.80","118.65","481.08K","+0.85%"
"07/18/2012","118.00","119.90","119.90","117.00","283.08K","-0.88%"
"07/17/2012","119.05","119.20","120.20","118.75","325.05K","+0.25%"
"07/16/2012","118.75","117.15","120.00","117.05","536.99K","+0.85%"
"07/13/2012","117.75","118.50","119.65","117.25","729.80K","-0.76%"
"07/12/2012","118.65","120.05","120.45","117.80","589.88K","-0.75%"
"07/11/2012","119.55","122.00","122.00","119.15","592.41K","-1.52%"
"07/10/2012","121.40","119.00","121.90","118.50","437.66K","+2.10%"
"07/09/2012","118.90","124.60","124.60","118.50","1.32M","-4.50%"
"07/06/2012","124.50","126.75","126.75","124.10","301.56K","-0.44%"
"07/05/2012","125.05","127.00","128.90","124.80","1.03M","-0.87%"
"07/04/2012","126.15","123.00","126.85","122.55","1.18M","+3.32%"
"07/03/2012","122.10","123.00","123.45","121.20","139.25K","-0.20%"
"07/02/2012","122.35","124.95","124.95","121.55","170.91K","-0.81%"
"06/29/2012","123.35","120.50","124.20","118.70","630.23K","+4.53%"
"06/28/2012","118.00","118.45","119.00","117.60","1.07M","-0.42%"
"06/27/2012","118.50","117.30","119.00","116.50","384.75K","+1.20%"
"06/26/2012","117.10","117.50","118.75","116.50","681.18K","-1.06%"
"06/25/2012","118.35","119.75","120.50","117.60","212.05K","-0.08%"
"06/22/2012","118.45","117.05","119.55","116.65","242.35K","-1.17%"
"06/21/2012","119.85","121.80","122.25","118.45","579.82K","-1.60%"
"06/20/2012","121.80","117.55","124.75","117.20","2.09M","+4.41%"
"06/19/2012","116.65","114.80","117.60","114.10","400.69K","+1.26%"
"06/18/2012","115.20","118.00","120.30","115.00","391.15K","-1.71%"
"06/15/2012","117.20","118.25","118.25","116.60","156.66K","-0.51%"
"06/14/2012","117.80","118.30","119.35","116.65","275.58K","-0.13%"
"06/13/2012","117.95","118.90","119.85","117.55","211.19K","-0.13%"
"06/12/2012","118.10","116.60","118.80","116.25","474.14K","+0.81%"
"06/11/2012","117.15","121.00","121.40","116.40","641.58K","-0.68%"
"06/08/2012","117.95","119.00","119.15","117.00","599.95K","-0.92%"
"06/07/2012","119.05","121.10","121.75","117.90","700.60K","-0.21%"
"06/06/2012","119.30","116.00","120.40","115.55","329.75K","+3.56%"
"06/05/2012","115.20","116.45","118.10","114.90","500.93K","-0.82%"
"06/04/2012","116.15","116.25","117.40","114.20","464.37K","-0.51%"
"06/01/2012","116.75","116.85","119.55","115.70","336.03K","-0.30%"
"05/31/2012","117.10","115.85","119.05","115.85","451.33K","-0.21%"
"05/30/2012","117.35","119.00","122.10","116.25","667.98K","-1.51%"
"05/29/2012","119.15","123.95","123.95","118.60","401.03K","-1.69%"
"05/28/2012","121.20","117.40","122.20","116.05","277.23K","+3.77%"
"05/25/2012","116.80","116.00","117.30","114.30","114.81K","+0.73%"
"05/24/2012","115.95","115.35","116.50","115.00","141.55K","+0.52%"
"05/23/2012","115.35","114.05","115.80","113.05","350.16K","+0.48%"
"05/22/2012","114.80","118.30","118.30","114.10","433.75K","-1.16%"
"05/21/2012","116.15","118.40","119.20","115.20","600.58K","-0.04%"
"05/18/2012","116.20","115.00","117.30","112.75","1.15M","-0.17%"
"05/17/2012","116.40","118.45","119.40","115.75","213.11K","-0.98%"
"05/16/2012","117.55","119.05","120.95","116.00","1.29M","-1.51%"
"05/15/2012","119.35","119.05","120.50","117.55","645.64K","-1.16%"
"05/14/2012","120.75","118.10","122.00","116.50","598.88K","+1.56%"
"05/11/2012","118.90","119.50","121.80","118.30","130.93K","-1.57%"
"05/10/2012","120.80","120.00","121.85","119.75","246.87K","+0.12%"
"05/09/2012","120.65","122.05","122.50","118.20","491.54K","-1.99%"
"05/08/2012","123.10","125.50","126.45","121.40","636.20K","-1.08%"
"05/07/2012","124.45","123.30","125.80","121.70","851.77K","+0.20%"
"05/04/2012","124.20","126.55","126.95","124.00","536.11K","-1.86%"
"05/03/2012","126.55","127.50","127.50","125.65","188.19K","-0.24%"
"05/02/2012","126.85","127.00","128.75","126.00","281.39K","-0.63%"
"04/30/2012","127.65","127.20","128.44","126.50","429.71K","+0.79%"
"04/28/2012","126.65","126.35","127.15","125.85","27.59K","+0.64%"
"04/27/2012","125.85","126.30","127.50","124.70","2.42M","-0.40%"
"04/26/2012","126.35","126.55","128.94","125.55","1.22M","+0.12%"
"04/25/2012","126.20","125.90","127.10","124.10","231.19K","+0.48%"
"04/24/2012","125.60","126.90","126.90","123.80","349.54K","-0.04%"
"04/23/2012","125.65","127.10","128.75","124.30","632.41K","-0.40%"
"04/20/2012","126.15","127.70","128.19","124.70","850.29K","+0.04%"
"04/19/2012","126.10","125.10","126.75","123.70","607.73K","+0.80%"
"04/18/2012","125.10","126.95","126.95","124.70","559.89K","-0.36%"
"04/17/2012","125.55","122.70","126.10","122.70","542.63K","+2.41%"
"04/16/2012","122.60","123.00","124.35","122.25","898.14K","-0.85%"
"04/13/2012","123.65","126.65","128.85","123.05","1.03M","-2.02%"
"04/12/2012","126.20","127.70","129.40","125.45","592.47K","-1.02%"
"04/11/2012","127.50","128.15","128.15","124.55","1.35M","-0.51%"
"04/10/2012","128.15","126.00","129.25","125.20","1.75M","+2.27%"
"04/09/2012","125.30","128.80","128.85","125.00","309.98K","-2.22%"
"04/04/2012","128.15","128.94","130.44","127.50","355.56K","-0.93%"
"04/03/2012","129.35","133.00","134.44","128.69","1.04M","-2.30%"
"04/02/2012","132.40","132.75","133.44","130.44","519.96K","+0.04%"
"03/30/2012","132.35","126.45","134.00","125.50","1.26M","+4.34%"
"03/29/2012","126.85","125.80","128.90","123.50","841.75K","+0.48%"
"03/28/2012","126.25","125.75","128.00","124.00","545.07K","+2.06%"
"03/27/2012","123.70","126.65","127.60","121.95","622.94K","-0.12%"
"03/26/2012","123.85","129.05","129.90","121.00","863.82K","-4.18%"
"03/23/2012","129.25","128.44","130.90","126.50","888.90K","+0.66%"
"03/22/2012","128.40","130.55","131.94","127.45","1.59M","-1.37%"
"03/21/2012","130.19","133.00","134.69","129.30","1.21M","-0.73%"
"03/20/2012","131.15","129.25","134.00","129.25","1.58M","+1.71%"
"03/19/2012","128.94","129.90","130.90","128.00","1.75M","-0.43%"
"03/16/2012","129.50","129.60","130.69","127.25","854.00K","+0.05%"
"03/15/2012","129.44","127.70","131.19","125.30","1.34M","+1.20%"
"03/14/2012","127.90","137.19","137.19","127.00","1.68M","-4.69%"
"03/13/2012","134.19","131.25","135.25","130.00","634.66K","+2.36%"
"03/12/2012","131.10","133.94","134.50","129.69","473.70K","-0.61%"
"03/09/2012","131.90","129.19","134.10","129.00","928.40K","+3.37%"
"03/07/2012","127.60","130.00","133.90","125.25","1.33M","-3.22%"
"03/06/2012","131.85","134.40","138.00","130.10","369.86K","-3.12%"
"03/05/2012","136.10","140.65","140.90","134.50","512.53K","-3.17%"
"03/03/2012","140.55","142.00","142.19","140.19","34.81K","-0.57%"
"03/02/2012","141.35","143.00","143.30","140.00","334.76K","-0.21%"
"03/01/2012","141.65","143.05","147.15","140.25","955.97K","-2.48%"
"02/29/2012","145.25","142.90","146.85","138.35","1.03M","+2.58%"
"02/28/2012","141.60","134.25","142.50","133.80","631.57K","+4.42%"
"02/27/2012","135.60","136.10","137.69","132.50","515.37K","+0.07%"
"02/24/2012","135.50","154.00","154.00","134.19","698.91K","+1.38%"
"02/23/2012","133.65","138.75","141.00","132.85","1.26M","-3.63%"
"02/22/2012","138.69","142.55","143.85","136.00","560.53K","-2.57%"
"02/21/2012","142.35","140.44","143.85","139.15","696.75K","+0.32%"
"02/17/2012","141.90","144.30","149.80","139.05","1.04M","-1.66%"
"02/16/2012","144.30","142.75","145.35","142.75","462.34K","+0.98%"
"02/15/2012","142.90","142.40","144.94","140.60","536.52K","+0.35%"
"02/14/2012","142.40","143.15","145.69","141.10","598.37K","-0.45%"
"02/13/2012","143.05","144.80","144.80","142.30","459.07K","-1.55%"
"02/10/2012","145.30","146.00","147.00","143.05","725.78K","-0.58%"
"02/09/2012","146.15","139.75","147.19","139.35","945.02K","+4.73%"
"02/08/2012","139.55","139.90","141.69","137.55","1.93M","+0.36%"
"02/07/2012","139.05","146.00","146.40","137.25","920.05K","-4.50%"
"02/06/2012","145.60","143.00","149.00","143.00","1.12M","+2.36%"
"02/03/2012","142.25","141.00","142.80","138.19","708.82K","+0.93%"
"02/02/2012","140.94","137.50","143.60","137.40","1.36M","+2.76%"
"02/01/2012","137.15","135.00","138.00","133.69","665.20K","+1.37%"
"01/31/2012","135.30","133.00","138.00","133.00","1.45M","+2.16%"
"01/30/2012","132.44","133.50","136.30","130.50","1.06M","-1.09%"
"01/27/2012","133.90","129.19","135.00","129.19","1.90M","+4.05%"
"01/25/2012","128.69","128.30","130.60","127.05","1.09M","-0.12%"
"01/24/2012","128.85","126.70","130.90","125.40","897.17K","+2.38%"
"01/23/2012","125.85","126.80","129.10","125.10","313.39K","-0.75%"
"01/20/2012","126.80","127.00","129.00","124.90","1.37M","+0.40%"
"01/19/2012","126.30","123.95","126.75","123.00","1.05M","+3.06%"
"01/18/2012","122.55","129.10","129.40","122.00","724.97K","-4.89%"
"01/17/2012","128.85","125.00","131.00","125.00","2.00M","+3.12%"
"01/16/2012","124.95","125.10","127.05","124.35","678.71K","-1.58%"
"01/13/2012","126.95","127.00","129.25","125.60","1.39M","+1.12%"
"01/12/2012","125.55","126.00","129.50","124.45","797.47K","-0.52%"
"01/11/2012","126.20","126.00","127.60","124.75","1.43M","+0.80%"
"01/10/2012","125.20","124.10","126.75","123.75","1.06M","+1.34%"
"01/09/2012","123.55","124.00","125.50","122.00","414.95K","+0.32%"
"01/07/2012","123.15","123.00","124.00","122.30","13.01K","-0.40%"
"01/06/2012","123.65","122.15","124.50","118.85","199.26K","+0.73%"
"01/05/2012","122.75","124.50","124.50","121.70","132.16K","-0.61%"
"01/04/2012","123.50","120.05","125.20","119.00","561.91K","+3.05%"
"01/03/2012","119.85","117.00","120.25","115.50","241.07K","+3.99%"
"01/02/2012","115.25","120.80","121.90","114.80","463.29K","-3.72%"
"12/30/2011","119.70","119.45","122.05","116.40","897.46K","+1.40%"
"12/29/2011","118.05","118.80","120.10","116.90","304.60K","-0.92%"
"12/28/2011","119.15","123.75","123.80","118.50","457.88K","-3.76%"
"12/27/2011","123.80","123.90","125.45","120.85","320.11K","+0.24%"
"12/26/2011","123.50","122.50","124.20","121.00","233.86K","+1.11%"
"12/23/2011","122.15","124.80","124.80","121.00","274.04K","-0.33%"
"12/22/2011","122.55","120.70","123.25","118.60","659.96K","+1.49%"
"12/21/2011","120.75","118.80","121.50","117.80","425.71K","+2.85%"
"12/20/2011","117.40","118.80","121.05","116.30","417.30K","-1.18%"
"12/19/2011","118.80","116.75","120.35","113.95","377.75K","+1.45%"
"12/16/2011","117.10","118.00","119.95","114.80","887.47K","-0.04%"
"12/15/2011","117.15","118.75","118.75","114.45","349.98K","-1.88%"
"12/14/2011","119.40","123.20","124.60","118.00","406.31K","-2.17%"
"12/13/2011","122.05","120.20","123.40","118.70","262.91K","+0.58%"
"12/12/2011","121.35","125.00","125.35","120.05","406.61K","-1.98%"
"12/09/2011","123.80","122.60","124.85","120.60","675.34K","-0.24%"
"12/08/2011","124.10","125.10","125.65","122.00","415.44K","-1.08%"
"12/07/2011","125.45","128.50","128.90","124.75","565.31K","-1.57%"
"12/05/2011","127.45","125.50","129.40","125.20","719.30K","+1.23%"
"12/02/2011","125.90","125.90","126.50","123.95","643.70K","+0.24%"
"12/01/2011","125.60","123.00","126.95","121.60","1.56M","+5.41%"
"11/30/2011","119.15","115.20","120.90","113.75","277.88K","+3.03%"
"11/29/2011","115.65","117.00","118.35","114.90","292.63K","-1.03%"
"11/28/2011","116.85","116.90","119.80","114.50","361.66K","+3.27%"
"11/25/2011","113.15","111.00","115.60","110.20","319.38K","+1.71%"
"11/24/2011","111.25","110.00","112.75","109.00","205.74K","+0.91%"
"11/23/2011","110.25","112.55","113.50","109.70","320.26K","-2.56%"
"11/22/2011","113.15","111.15","114.80","109.00","443.96K","+1.94%"
"11/21/2011","111.00","111.00","112.05","110.05","485.46K","-0.05%"
"11/18/2011","111.05","108.95","112.65","106.45","418.06K","+1.69%"
"11/17/2011","109.20","117.50","117.50","107.25","432.08K","-5.86%"
"11/16/2011","116.00","117.50","117.75","114.05","210.83K","-0.73%"
"11/15/2011","116.85","116.50","118.75","116.10","303.71K","+0.17%"
"11/14/2011","116.65","119.00","120.65","116.20","339.39K","-0.98%"
"11/11/2011","117.80","120.00","120.00","117.10","869.73K","-2.36%"
"11/09/2011","120.65","120.30","123.20","120.10","722.47K","-1.27%"
"11/08/2011","122.20","123.90","124.70","121.90","346.99K","-0.81%"
"11/04/2011","123.20","124.00","124.70","122.60","180.35K","+0.41%"
"11/03/2011","122.70","122.40","123.20","118.00","226.62K","+0.49%"
"11/02/2011","122.10","119.00","123.00","118.35","668.25K","+1.50%"
"11/01/2011","120.30","124.20","124.20","119.50","1.06M","-4.22%"
"10/31/2011","125.60","129.00","130.00","125.05","689.70K","-1.80%"
"10/28/2011","127.90","124.65","129.00","124.00","1.23M","+4.79%"
"10/26/2011","122.05","122.25","122.90","121.20","76.89K","+0.99%"
"10/25/2011","120.85","121.90","122.35","118.90","921.86K","-0.21%"
"10/24/2011","121.10","122.00","122.85","121.00","332.49K","+0.96%"
"10/21/2011","119.95","120.95","121.90","119.40","514.70K","-0.46%"
"10/20/2011","120.50","122.10","122.10","118.65","509.30K","-0.74%"
"10/19/2011","121.40","120.00","122.75","115.55","2.11M","+2.32%"
"10/18/2011","118.65","121.70","122.40","117.15","465.95K","-2.87%"
"10/17/2011","122.15","121.50","122.70","121.20","830.52K","+1.37%"
"10/14/2011","120.50","119.35","120.65","118.25","284.00K","+0.79%"
"10/13/2011","119.55","119.90","120.90","118.00","640.37K","+0.67%"
"10/12/2011","118.75","117.25","120.10","116.10","1.09M","+1.28%"
"10/11/2011","117.25","120.00","123.20","116.60","1.13M","-1.68%"
"10/10/2011","119.25","118.15","120.90","117.45","463.92K","+0.97%"
"10/07/2011","118.10","113.10","119.40","113.10","719.78K","+4.47%"
"10/05/2011","113.05","112.00","113.50","110.25","645.80K","+1.34%"
"10/04/2011","111.55","112.00","114.00","108.85","1.93M","-0.98%"
"10/03/2011","112.65","117.90","117.90","111.50","955.03K","-5.18%"
"09/30/2011","118.80","120.80","120.80","117.65","1.53M","-1.70%"
"09/29/2011","120.85","119.25","121.90","118.15","658.63K","-0.12%"
"09/28/2011","121.00","121.00","122.25","119.15","509.24K","+0.83%"
"09/27/2011","120.00","120.25","122.90","118.10","1.69M","+0.84%"
"09/26/2011","119.00","123.10","125.80","116.70","1.85M","-5.48%"
"09/23/2011","125.90","120.65","127.20","120.60","526.04K","-0.55%"
"09/22/2011","126.60","130.94","131.30","125.50","672.82K","-4.09%"
"09/21/2011","132.00","134.55","135.25","131.55","461.82K","-1.86%"
"09/20/2011","134.50","130.00","135.00","129.80","211.47K","+2.36%"
"09/19/2011","131.40","132.50","133.90","130.40","368.36K","-1.50%"
"09/16/2011","133.40","134.00","137.90","132.60","952.50K","+0.41%"
"09/15/2011","132.85","133.00","135.19","132.30","370.01K","+0.91%"
"09/14/2011","131.65","127.55","132.50","127.00","339.60K","+3.30%"
"09/13/2011","127.45","128.00","129.19","126.70","533.43K","+0.20%"
"09/12/2011","127.20","126.00","127.85","125.00","455.99K","-1.28%"
"09/09/2011","128.85","130.90","130.90","126.90","380.88K","-0.88%"
"09/08/2011","130.00","130.00","131.00","128.60","460.17K","+1.33%"
"09/07/2011","128.30","126.95","130.30","126.95","606.73K","+0.86%"
"09/06/2011","127.20","127.85","128.90","124.25","998.53K","+0.16%"
"09/05/2011","127.00","129.90","133.55","125.95","1.82M","-4.04%"
"09/02/2011","132.35","130.00","134.90","128.35","462.81K","+1.77%"
"08/30/2011","130.05","125.70","131.40","123.40","1.90M","+5.77%"
"08/29/2011","122.95","119.90","123.75","118.25","877.59K","+4.19%"
"08/26/2011","118.00","125.50","125.50","114.25","973.83K","-3.71%"
"08/25/2011","122.55","122.50","124.00","120.35","1.06M","-0.33%"
"08/24/2011","122.95","125.00","128.00","122.20","1.12M","-2.19%"
"08/23/2011","125.70","127.50","129.80","124.05","1.36M","-1.41%"
"08/22/2011","127.50","125.00","128.19","121.40","418.88K","+2.41%"
"08/19/2011","124.50","122.95","126.30","120.00","994.29K","+1.06%"
"08/18/2011","123.20","124.90","126.00","122.00","237.51K","+0.16%"
"08/17/2011","123.00","123.25","123.50","120.35","471.19K","+0.04%"
"08/16/2011","122.95","127.30","128.00","122.00","434.97K","-2.27%"
"08/12/2011","125.80","126.40","126.40","124.00","428.98K","+1.33%"
"08/11/2011","124.15","121.95","125.90","121.25","1.10M","+1.18%"
"08/10/2011","122.70","128.85","132.00","121.50","1.38M","-0.97%"
"08/09/2011","123.90","123.95","126.90","120.30","2.82M","-1.74%"
"08/08/2011","126.10","129.94","130.40","122.70","2.04M","-2.96%"
"08/05/2011","129.94","131.00","131.00","126.90","2.58M","-2.85%"
"08/04/2011","133.75","135.80","140.00","133.40","411.10K","-0.82%"
"08/03/2011","134.85","136.80","138.94","134.50","533.22K","-2.59%"
"08/02/2011","138.44","138.00","139.90","136.35","546.99K","-0.30%"
"08/01/2011","138.85","143.00","144.00","138.00","1.16M","-2.60%"
"07/29/2011","142.55","141.50","144.00","138.15","727.88K","+0.46%"
"07/28/2011","141.90","141.25","143.80","138.10","911.28K","-1.07%"
"07/27/2011","143.44","139.40","145.94","139.40","528.57K","-0.49%"
"07/26/2011","144.15","143.80","144.90","140.00","618.37K","+0.10%"
"07/25/2011","144.00","128.00","144.80","128.00","964.39K","+0.84%"
"07/22/2011","142.80","140.00","144.15","138.10","2.40M","+3.44%"
"07/21/2011","138.05","139.19","141.50","136.15","2.50M","+0.69%"
"07/20/2011","137.10","138.35","138.80","136.80","612.23K","+0.04%"
"07/19/2011","137.05","134.90","137.65","133.60","997.72K","+2.51%"
"07/18/2011","133.69","133.30","134.55","132.05","420.07K","-0.04%"
"07/15/2011","133.75","135.00","135.00","131.60","402.55K","-0.22%"
"07/14/2011","134.05","131.80","134.50","130.90","694.26K","+0.94%"
"07/13/2011","132.80","130.15","133.00","130.15","365.06K","+2.08%"
"07/12/2011","130.10","131.85","131.85","129.00","604.21K","-0.76%"
"07/11/2011","131.10","129.80","132.19","127.70","1.24M","+0.00%"
"07/08/2011","131.10","137.19","138.50","129.55","1.60M","-4.24%"
"07/07/2011","136.90","136.19","137.44","135.25","396.31K","+0.71%"
"07/06/2011","135.94","136.94","137.30","135.50","272.94K","-0.70%"
"07/05/2011","136.90","139.65","139.65","136.00","1.21M","-0.83%"
"07/04/2011","138.05","137.50","138.90","136.30","1.01M","+1.14%"
"07/01/2011","136.50","135.00","138.44","135.00","326.24K","+0.00%"
"06/30/2011","136.50","136.85","137.69","134.40","975.83K","+0.44%"
"06/29/2011","135.90","134.00","136.19","133.05","1.04M","+2.18%"
"06/28/2011","133.00","133.10","134.19","132.19","829.42K","+0.08%"
"06/27/2011","132.90","131.30","134.50","128.65","735.83K","+1.22%"
"06/24/2011","131.30","130.15","132.35","128.60","639.60K","+1.66%"
"06/23/2011","129.15","130.00","130.44","128.50","489.27K","-0.50%"
"06/22/2011","129.80","130.60","131.90","128.80","697.54K","-0.35%"
"06/21/2011","130.25","130.80","132.35","129.30","548.27K","+0.12%"
"06/20/2011","130.10","130.50","132.00","125.10","752.34K","+0.04%"
"06/17/2011","130.05","134.00","134.00","130.00","842.12K","-1.74%"
"06/16/2011","132.35","135.00","135.00","131.30","581.01K","-1.30%"
"06/15/2011","134.10","135.50","136.00","133.00","842.93K","-0.48%"
"06/14/2011","134.75","139.80","139.80","134.50","645.40K","-0.22%"
"06/13/2011","135.05","134.50","135.50","132.30","456.55K","+0.71%"
"06/10/2011","134.10","133.69","134.69","133.35","611.81K","-0.15%"
"06/09/2011","134.30","134.44","135.25","133.69","587.47K","-0.19%"
"06/08/2011","134.55","131.25","135.40","131.25","1.22M","+1.13%"
"06/07/2011","133.05","133.55","133.80","132.50","387.84K","+0.00%"
"06/06/2011","133.05","131.69","133.85","131.00","603.27K","+0.57%"
"06/03/2011","132.30","133.10","134.69","131.80","909.97K","-0.56%"
"06/02/2011","133.05","136.44","136.44","132.55","712.88K","-2.99%"
"06/01/2011","137.15","139.50","139.80","136.19","802.77K","-1.01%"
"05/31/2011","138.55","136.80","139.00","135.50","817.37K","+2.18%"
"05/30/2011","135.60","134.85","137.40","133.35","886.92K","+1.05%"
"05/27/2011","134.19","129.19","134.60","128.50","1.48M","+4.02%"
"05/26/2011","129.00","131.10","131.80","128.15","1.17M","-0.77%"
"05/25/2011","130.00","130.15","131.94","129.50","486.01K","-0.04%"
"05/24/2011","130.05","129.94","131.05","128.00","1.35M","+0.39%"
"05/23/2011","129.55","133.10","134.00","128.69","1.12M","-3.72%"
"05/20/2011","134.55","137.00","137.44","133.80","1.05M","-1.39%"
"05/19/2011","136.44","133.94","136.90","132.40","2.03M","+2.66%"
"05/18/2011","132.90","132.00","133.19","129.65","1.12M","+1.03%"
"05/17/2011","131.55","129.25","133.00","127.75","1.26M","+1.83%"
"05/16/2011","129.19","131.00","132.19","128.65","632.15K","-1.38%"
"05/13/2011","131.00","130.00","134.00","128.80","2.16M","+0.38%"
"05/12/2011","130.50","136.50","136.50","130.00","1.21M","-4.04%"
"05/11/2011","136.00","135.94","136.80","135.00","394.66K","+0.70%"
"05/10/2011","135.05","135.85","137.80","134.50","896.23K","+0.11%"
"05/09/2011","134.90","132.00","135.30","130.60","1.20M","+3.69%"
"05/06/2011","130.10","133.75","134.00","126.20","1.71M","-1.85%"
"05/05/2011","132.55","133.10","135.40","131.90","560.09K","-0.93%"
"05/04/2011","133.80","135.00","135.50","130.10","1.19M","-1.36%"
"05/03/2011","135.65","139.69","139.75","135.15","961.40K","-2.89%"
"05/02/2011","139.69","143.00","144.35","137.19","1.76M","-1.90%"
"04/29/2011","142.40","144.44","146.90","141.55","1.74M","-1.18%"
"04/28/2011","144.10","146.00","148.00","142.15","2.33M","-1.71%"
"04/27/2011","146.60","149.19","151.40","146.25","1.57M","-2.10%"
"04/26/2011","149.75","151.10","151.10","147.60","1.31M","-0.33%"
"04/25/2011","150.25","152.90","154.80","149.15","3.04M","-1.09%"
"04/21/2011","151.90","149.50","155.19","148.50","7.67M","+3.16%"
"04/20/2011","147.25","145.85","147.90","144.80","1.40M","+2.15%"
"04/19/2011","144.15","146.60","147.00","142.25","906.14K","-1.67%"
"04/18/2011","146.60","145.00","149.50","144.44","2.02M","+2.20%"
"04/15/2011","143.44","145.50","146.60","142.60","912.44K","-1.28%"
"04/13/2011","145.30","146.50","146.50","141.55","2.80M","-0.65%"
"04/11/2011","146.25","144.00","149.00","144.00","3.92M","+1.78%"
"04/08/2011","143.69","139.90","146.65","137.05","5.64M","+3.11%"
"04/07/2011","139.35","137.94","139.80","137.00","1.07M","+1.39%"
"04/06/2011","137.44","139.90","141.19","136.10","1.54M","-1.86%"
"04/05/2011","140.05","141.00","142.00","137.00","2.61M","+0.11%"
"04/04/2011","139.90","136.25","140.90","135.60","2.54M","+3.13%"
"04/01/2011","135.65","138.40","138.40","134.80","2.01M","-1.56%"
"03/31/2011","137.80","138.25","142.30","134.05","4.66M","-0.04%"
"03/30/2011","137.85","142.85","144.35","136.50","1.59M","-2.85%"
"03/29/2011","141.90","136.50","145.65","136.50","3.06M","+3.58%"
"03/28/2011","137.00","138.00","140.00","136.30","1.15M","-0.86%"
"03/25/2011","138.19","134.35","138.65","134.35","1.83M","+3.79%"
"03/24/2011","133.15","131.00","134.50","129.94","757.80K","+2.74%"
"03/23/2011","129.60","126.80","130.44","126.60","519.69K","+1.17%"
"03/22/2011","128.10","127.10","128.94","126.55","225.32K","+1.34%"
"03/21/2011","126.40","126.55","127.50","125.10","509.18K","+0.20%"
"03/18/2011","126.15","129.55","130.85","125.10","757.54K","-1.97%"
"03/17/2011","128.69","130.40","131.05","127.70","290.70K","-1.42%"
"03/16/2011","130.55","130.00","132.50","129.00","489.91K","+0.97%"
"03/15/2011","129.30","126.95","131.90","126.00","988.54K","+0.00%"
"03/14/2011","129.30","128.30","130.44","126.50","849.89K","+0.87%"
"03/11/2011","128.19","130.94","131.00","127.55","888.77K","-2.55%"
"03/10/2011","131.55","134.00","134.85","131.05","2.26M","-1.90%"
"03/09/2011","134.10","138.00","138.00","130.90","1.24M","-1.14%"
"03/08/2011","135.65","130.80","136.55","130.75","1.60M","+3.71%"
"03/07/2011","130.80","139.00","140.00","126.10","2.27M","-2.61%"
"03/04/2011","134.30","132.00","135.50","132.00","531.89K","+2.68%"
"03/03/2011","130.80","130.70","132.95","130.00","141.44K","+0.00%"
"03/01/2011","130.80","127.40","132.60","126.15","146.13K","+3.36%"
"02/28/2011","126.55","126.80","128.65","125.05","58.77K","+0.12%"
"02/25/2011","126.40","127.50","128.90","122.65","117.60K","-0.63%"
"02/24/2011","127.20","128.00","130.70","125.65","92.59K","-0.78%"
"02/23/2011","128.20","125.10","129.10","125.05","182.98K","+0.79%"
"02/22/2011","127.20","128.20","128.20","126.80","69.27K","-0.31%"
"02/21/2011","127.60","127.40","128.20","126.60","60.81K","-0.12%"
"02/18/2011","127.75","128.60","129.85","126.60","78.14K","-0.62%"
"02/17/2011","128.55","128.00","130.10","126.50","132.23K","+0.82%"
"02/16/2011","127.50","128.10","128.90","127.00","60.83K","+0.47%"
"02/15/2011","126.90","129.00","130.70","125.80","84.77K","-1.36%"
"02/14/2011","128.65","124.80","129.90","123.00","353.53K","+3.83%"
"02/11/2011","123.90","120.70","124.05","120.00","77.51K","+1.64%"
"02/10/2011","121.90","120.00","123.95","117.30","67.52K","+0.49%"
"02/09/2011","121.30","121.60","123.90","117.70","86.48K","-1.10%"
"02/08/2011","122.65","126.70","127.40","122.05","88.33K","-3.16%"
"02/07/2011","126.65","128.90","129.00","126.00","55.06K","-0.71%"
"02/04/2011","127.55","130.75","131.35","126.60","48.30K","-1.39%"
"02/03/2011","129.35","127.60","129.90","126.05","75.99K","+1.81%"
"02/02/2011","127.05","126.10","128.00","123.50","165.89K","+2.46%"
"02/01/2011","124.00","125.60","127.40","123.20","67.88K","-1.39%"
"01/31/2011","125.75","125.80","126.75","121.40","184.90K","-0.51%"
"01/28/2011","126.40","131.00","131.00","123.10","192.37K","-3.73%"
"01/27/2011","131.30","137.00","137.25","130.70","251.36K","-3.81%"
"01/25/2011","136.50","138.40","138.80","135.75","235.42K","-0.51%"
"01/24/2011","137.20","134.55","137.65","133.10","294.37K","+2.54%"
"01/21/2011","133.80","134.00","135.00","133.25","84.06K","+0.04%"
"01/20/2011","133.75","133.90","135.00","131.10","167.53K","-0.11%"
"01/19/2011","133.90","136.00","137.20","133.00","534.16K","-0.89%"
"01/18/2011","135.10","136.30","137.40","129.00","156.40K","-0.92%"
"01/17/2011","136.35","133.30","137.30","132.05","232.06K","+1.00%"
"01/14/2011","135.00","136.50","139.15","133.80","151.08K","-1.17%"
"01/13/2011","136.60","141.00","143.15","136.00","215.28K","-3.63%"
"01/12/2011","141.75","140.00","144.30","135.35","308.24K","+3.35%"
"01/11/2011","137.15","134.00","141.60","133.70","566.50K","+2.50%"
"01/10/2011","133.80","135.10","136.70","133.00","61.59K","-0.78%"
"01/07/2011","134.85","136.10","138.40","132.50","302.55K","-0.92%"
"01/06/2011","136.10","135.90","137.80","134.90","92.45K","+0.33%"
"01/05/2011","135.65","136.80","136.80","132.40","259.21K","-0.66%"
"01/04/2011","136.55","139.00","139.20","134.80","191.65K","-1.09%"
"01/03/2011","138.05","137.20","140.60","136.70","226.97K","+0.88%"
"12/31/2010","136.85","134.50","139.75","133.60","182.29K","+2.16%"
"12/30/2010","133.95","133.50","135.00","132.50","208.59K","+0.83%"
"12/29/2010","132.85","127.10","133.75","127.10","135.37K","+4.69%"
"12/28/2010","126.90","128.00","128.00","125.75","44.74K","+0.00%"
"12/27/2010","126.90","127.90","129.55","126.10","38.54K","-0.20%"
"12/24/2010","127.15","127.10","128.80","126.50","66.28K","-0.74%"
"12/23/2010","128.10","127.80","130.50","125.65","62.09K","-0.04%"
"12/22/2010","128.15","126.20","131.20","126.20","158.48K","+1.67%"
"12/21/2010","126.05","121.70","126.55","119.20","145.79K","+3.49%"
"12/20/2010","121.80","121.55","124.50","118.80","60.79K","-0.29%"
"12/16/2010","122.15","121.00","123.10","118.40","56.95K","+1.33%"
"12/15/2010","120.55","121.50","121.95","119.80","189.06K","+0.12%"
"12/14/2010","120.40","116.50","123.50","114.05","264.40K","+3.08%"
"12/13/2010","116.80","115.10","118.35","115.10","21.35K","+1.83%"
"12/10/2010","114.70","115.00","116.00","112.00","49.44K","-0.69%"
"12/09/2010","115.50","119.00","119.85","112.00","83.88K","-2.08%"
"12/08/2010","117.95","117.40","119.45","115.00","54.04K","+1.20%"
"12/07/2010","116.55","115.15","117.90","115.15","55.81K","+0.00%"
"12/06/2010","116.55","118.10","120.40","116.15","158.98K","-2.47%"
"12/03/2010","119.50","120.60","122.20","118.15","37.62K","-0.46%"
"12/02/2010","120.05","119.00","120.75","118.80","62.11K","+1.52%"
"12/01/2010","118.25","114.75","119.05","114.75","66.10K","+3.05%"
"11/30/2010","114.75","110.10","116.20","109.20","42.30K","+2.82%"
"11/29/2010","111.60","111.50","112.40","109.70","63.61K","+1.45%"
"11/26/2010","110.00","113.40","115.10","108.70","142.48K","-3.64%"
"11/25/2010","114.15","116.00","117.90","113.60","129.88K","-1.47%"
"11/24/2010","115.85","115.65","118.80","115.10","57.85K","-1.19%"
"11/23/2010","117.25","116.60","118.80","114.25","149.67K","-0.34%"
"11/22/2010","117.65","116.90","118.45","115.80","34.26K","+0.17%"
"11/19/2010","117.45","118.70","119.60","116.90","45.63K","-1.59%"
"11/18/2010","119.35","117.80","121.80","115.50","81.83K","+1.14%"
"11/16/2010","118.00","121.40","122.45","116.20","94.72K","-2.56%"
"11/15/2010","121.10","123.50","123.70","118.70","80.89K","-2.14%"
"11/12/2010","123.75","125.90","127.50","123.10","101.60K","-3.02%"
"11/11/2010","127.60","128.90","128.90","127.30","24.50K","-0.23%"
"11/10/2010","127.90","127.50","130.65","126.75","56.94K","+0.91%"
"11/09/2010","126.75","129.70","129.70","125.80","120.68K","-2.05%"
"11/08/2010","129.40","129.90","133.00","129.00","120.66K","-0.54%"
"11/05/2010","130.10","131.50","131.80","129.60","24.47K","-0.61%"
"11/04/2010","130.90","125.45","131.50","125.15","222.04K","+5.44%"
"11/03/2010","124.15","125.60","126.35","123.50","56.54K","-0.24%"
"11/02/2010","124.45","124.35","127.15","124.00","88.38K","-1.62%"
"11/01/2010","126.50","124.00","127.30","123.50","79.82K","+2.43%"
"10/29/2010","123.50","123.55","125.75","121.60","91.68K","-0.16%"
"10/28/2010","123.70","121.25","124.80","121.25","99.33K","-0.48%"
"10/27/2010","124.30","125.55","126.40","122.90","146.15K","-1.00%"
"10/26/2010","125.55","126.90","127.10","124.80","78.33K","-0.55%"
"10/25/2010","126.25","123.95","127.50","123.80","117.35K","+2.48%"
"10/22/2010","123.20","122.50","124.80","122.00","57.18K","-0.04%"
"10/21/2010","123.25","122.90","123.95","122.45","61.69K","+0.45%"
"10/20/2010","122.70","123.40","126.20","122.05","284.71K","-0.81%"
"10/19/2010","123.70","123.25","126.00","122.10","140.05K","+1.35%"
"10/18/2010","122.05","122.00","122.80","118.90","80.76K","+0.91%"
"10/15/2010","120.95","122.40","125.25","120.20","169.08K","-0.78%"
"10/14/2010","121.90","122.50","123.30","120.60","90.38K","-0.04%"
"10/13/2010","121.95","122.00","122.90","121.35","169.73K","+0.83%"
"10/12/2010","120.95","120.50","122.10","119.10","170.63K","+0.88%"
"10/11/2010","119.90","118.20","123.60","118.20","188.19K","+2.00%"
"10/08/2010","117.55","120.00","120.10","117.00","62.27K","-1.67%"
"10/07/2010","119.55","123.00","123.75","118.60","222.20K","-2.29%"
"10/06/2010","122.35","116.45","123.90","116.45","498.18K","+5.70%"
"10/05/2010","115.75","116.90","118.00","115.30","185.63K","-0.30%"
"10/04/2010","116.10","111.65","116.90","111.40","260.84K","+4.74%"
"10/01/2010","110.85","109.00","112.60","109.00","203.84K","+2.78%"
"09/30/2010","107.85","109.30","110.05","107.05","145.96K","-1.15%"
"09/29/2010","109.10","113.95","113.95","108.50","151.71K","-3.32%"
"09/28/2010","112.85","113.50","114.10","111.60","137.74K","+0.18%"
"09/27/2010","112.65","109.85","113.45","108.50","250.70K","+3.97%"
"09/24/2010","108.35","107.55","109.00","107.10","106.56K","+1.31%"
"09/23/2010","106.95","105.95","108.00","105.20","118.31K","+1.52%"
"09/22/2010","105.35","107.90","108.25","105.10","581.85K","-1.59%"
"09/21/2010","107.05","109.70","110.95","106.70","160.06K","-1.79%"
"09/20/2010","109.00","108.40","109.70","107.50","148.36K","+1.58%"
"09/17/2010","107.30","107.70","108.90","106.70","280.61K","+0.66%"
"09/16/2010","106.60","110.30","110.40","106.20","160.67K","-3.57%"
"09/15/2010","110.55","110.50","111.15","109.00","99.14K","+0.50%"
"09/14/2010","110.00","110.80","111.50","109.50","166.42K","-0.32%"
"09/13/2010","110.35","110.50","111.60","108.75","114.61K","+1.24%"
"09/09/2010","109.00","113.30","113.30","108.60","179.57K","-0.59%"
"09/08/2010","109.65","110.20","112.00","109.00","151.99K","-1.04%"
"09/07/2010","110.80","109.50","113.90","109.50","187.91K","+1.23%"
"09/06/2010","109.45","108.90","111.25","108.40","118.61K","+1.25%"
"09/03/2010","108.10","108.50","110.50","107.50","61.33K","-0.23%"
"09/02/2010","108.35","112.00","112.00","107.50","199.85K","-2.83%"
"09/01/2010","111.50","105.70","112.70","105.35","172.64K","+6.60%"
"08/31/2010","104.60","106.50","106.50","102.25","72.12K","-1.55%"
"08/30/2010","106.25","107.80","109.85","105.30","77.81K","+0.00%"
"08/27/2010","106.25","106.60","107.80","105.30","84.46K","-0.05%"
"08/26/2010","106.30","107.30","108.95","104.25","245.96K","-0.65%"
"08/25/2010","107.00","108.00","108.20","104.00","281.24K","-0.70%"
"08/24/2010","107.75","112.30","112.55","107.35","185.46K","-4.26%"
"08/23/2010","112.55","110.65","113.20","110.65","129.14K","+0.18%"
"08/20/2010","112.35","113.85","113.95","111.10","64.27K","-1.19%"
"08/19/2010","113.70","110.00","114.20","109.60","156.79K","+3.60%"
"08/18/2010","109.75","109.00","110.50","108.00","77.45K","+1.53%"
"08/17/2010","108.10","108.00","109.80","107.50","65.70K","-0.55%"
"08/16/2010","108.70","113.50","113.50","108.00","152.02K","-2.73%"
"08/13/2010","111.75","110.60","114.45","109.65","88.53K","+0.09%"
"08/12/2010","111.65","112.20","112.25","109.30","94.87K","-0.93%"
"08/11/2010","112.70","115.00","116.40","112.50","91.74K","-1.91%"
"08/10/2010","114.90","112.15","117.00","111.20","396.59K","+2.91%"
"08/09/2010","111.65","109.45","112.05","109.20","125.67K","+2.24%"
"08/06/2010","109.20","114.90","115.20","108.50","99.18K","-1.62%"
"08/05/2010","111.00","107.50","112.00","107.00","304.02K","+3.59%"
"08/04/2010","107.15","107.70","108.40","106.00","115.24K","-0.74%"
"08/03/2010","107.95","105.20","108.40","105.15","222.27K","+3.10%"
"08/02/2010","104.70","101.25","104.95","101.25","156.13K","+2.40%"
"07/30/2010","102.25","100.00","103.90","100.00","205.39K","+2.05%"
"07/29/2010","100.20","100.90","101.20","99.80","79.47K","-0.25%"
"07/28/2010","100.45","99.85","101.95","99.20","123.11K","+0.60%"
"07/27/2010","99.85","100.20","100.50","98.45","86.91K","-0.05%"
"07/26/2010","99.90","98.95","100.40","98.50","184.03K","+0.55%"
"07/23/2010","99.35","101.50","101.80","98.25","121.75K","-1.39%"
"07/22/2010","100.75","100.65","101.50","99.35","124.86K","-0.20%"
"07/21/2010","100.95","99.00","101.50","98.30","191.84K","+3.01%"
"07/20/2010","98.00","98.50","98.85","97.60","107.66K","+0.15%"
"07/19/2010","97.85","103.45","103.45","96.80","125.31K","+0.31%"
"07/16/2010","97.55","97.35","98.00","97.10","73.41K","+0.21%"
"07/15/2010","97.35","96.50","97.85","96.50","115.04K","+0.57%"
"07/14/2010","96.80","99.30","100.55","96.00","145.98K","-1.58%"
"07/13/2010","98.35","97.75","98.80","97.00","164.27K","+1.18%"
"07/12/2010","97.20","96.80","97.90","96.20","164.25K","+1.04%"
"07/09/2010","96.20","95.40","96.80","95.40","176.99K","+1.16%"
"07/08/2010","95.10","95.40","96.25","94.80","104.75K","+0.90%"
"07/07/2010","94.25","95.00","95.35","93.50","88.32K","-0.79%"
"07/06/2010","95.00","94.50","96.60","94.35","178.12K","+0.69%"
"07/05/2010","94.35","93.50","95.35","93.50","33.00K","+0.32%"
"07/02/2010","94.05","95.85","96.65","93.80","88.86K","-1.21%"
"07/01/2010","95.20","96.50","96.50","94.70","78.55K","-1.81%"
"06/30/2010","96.95","95.70","97.40","95.30","116.79K","+0.05%"
"06/29/2010","96.90","97.50","98.65","96.70","152.50K","-1.37%"
"06/28/2010","98.25","97.00","98.70","97.00","122.60K","+2.02%"
"06/25/2010","96.30","97.30","98.75","95.85","179.10K","-1.23%"
"06/24/2010","97.50","100.30","100.80","97.10","236.15K","-2.01%"
"06/23/2010","99.50","99.50","100.30","98.80","131.48K","-0.75%"
"06/22/2010","100.25","100.80","101.90","99.80","140.69K","-1.23%"
"06/21/2010","101.50","98.10","103.45","97.90","274.13K","+4.21%"
"06/18/2010","97.40","101.60","101.90","95.60","167.30K","-3.66%"
"06/17/2010","101.10","101.55","102.15","99.90","150.73K","-0.25%"
"06/16/2010","101.35","100.00","102.50","99.70","265.49K","+1.91%"
"06/15/2010","99.45","99.75","100.70","98.30","168.42K","+1.07%"
"06/14/2010","98.40","97.50","99.45","97.50","196.35K","+1.97%"
"06/11/2010","96.50","97.40","99.85","95.80","125.55K","+0.10%"
"06/10/2010","96.40","95.15","97.10","94.40","151.56K","+2.23%"
"06/09/2010","94.30","92.00","94.75","92.00","123.92K","+2.17%"
"06/08/2010","92.30","92.00","95.30","91.50","165.40K","-2.02%"
"06/07/2010","94.20","95.00","95.00","92.00","78.63K","-2.48%"
"06/04/2010","96.60","97.35","97.35","95.00","67.84K","-0.67%"
"06/03/2010","97.25","94.60","98.00","94.60","197.07K","+3.90%"
"06/02/2010","93.60","94.40","95.40","92.00","194.36K","-0.64%"
"06/01/2010","94.20","97.80","99.05","93.80","117.46K","-3.24%"
"05/31/2010","97.35","97.40","98.00","95.70","57.24K","-0.56%"
"05/28/2010","97.90","96.10","98.35","95.50","198.83K","+3.54%"
"05/27/2010","94.55","93.25","95.35","92.50","229.64K","+1.45%"
"05/26/2010","93.20","93.30","94.90","92.20","244.56K","+0.70%"
"05/25/2010","92.55","97.05","97.05","91.00","116.08K","-5.37%"
"05/24/2010","97.80","98.45","101.25","97.10","143.09K","+0.77%"
"05/21/2010","97.05","91.55","98.00","89.60","222.11K","+2.75%"
"05/20/2010","94.45","96.50","98.00","92.50","666.58K","-2.28%"
"05/19/2010","96.65","100.10","100.10","96.10","172.38K","-4.54%"
"05/18/2010","101.25","105.40","105.40","100.75","306.94K","-3.98%"
"05/17/2010","105.45","106.20","106.50","103.40","133.98K","-2.45%"
"05/14/2010","108.10","109.10","111.00","107.20","41.62K","-2.52%"
"05/13/2010","110.90","111.90","112.70","110.20","122.68K","-0.31%"
"05/12/2010","111.25","112.40","112.60","110.15","148.18K","-0.18%"
"05/11/2010","111.45","112.75","113.85","109.40","162.32K","-0.45%"
"05/10/2010","111.95","109.00","114.50","109.00","498.76K","+3.66%"
"05/07/2010","108.00","111.10","111.10","106.80","142.13K","-4.34%"
"05/06/2010","112.90","113.80","114.25","111.10","146.03K","-1.31%"
"05/05/2010","114.40","115.10","115.60","111.10","194.59K","-1.97%"
"05/04/2010","116.70","121.60","121.60","114.40","206.19K","-4.03%"
"05/03/2010","121.60","123.60","123.85","121.10","34.18K","-2.45%"
"04/30/2010","124.65","123.00","125.20","123.00","123.04K","+1.34%"
"04/29/2010","123.00","121.80","123.30","121.20","71.44K","+1.78%"
"04/28/2010","120.85","120.50","121.40","116.70","177.98K","-1.35%"
"04/27/2010","122.50","124.20","125.80","122.20","142.12K","-1.61%"
"04/26/2010","124.50","122.50","125.40","121.15","327.51K","+2.38%"
"04/23/2010","121.60","123.00","123.00","121.00","50.91K","-0.49%"
"04/22/2010","122.20","124.50","125.95","121.50","194.68K","-0.57%"
"04/21/2010","122.90","122.20","124.40","121.20","166.86K","+0.45%"
"04/20/2010","122.35","121.90","123.40","121.10","55.50K","+1.16%"
"04/19/2010","120.95","120.00","121.80","118.70","78.02K","-0.66%"
"04/16/2010","121.75","122.45","123.25","121.50","67.94K","-0.37%"
"04/15/2010","122.20","125.45","126.25","121.40","78.64K","-1.33%"
"04/13/2010","123.85","126.00","126.00","123.20","48.76K","-1.24%"
"04/12/2010","125.40","125.50","125.80","123.20","73.60K","+0.72%"
"04/09/2010","124.50","123.60","125.60","123.00","47.39K","+0.93%"
"04/08/2010","123.35","125.15","126.85","122.85","62.98K","-1.75%"
"04/07/2010","125.55","126.80","127.45","124.60","80.72K","-0.24%"
"04/06/2010","125.85","126.50","127.40","124.50","101.61K","+0.68%"
"04/05/2010","125.00","125.00","126.55","124.80","91.37K","+0.73%"
"04/01/2010","124.10","121.90","124.65","120.80","210.23K","+3.07%"
"03/31/2010","120.40","121.50","122.40","119.85","105.17K","-0.54%"
"03/30/2010","121.05","121.80","123.00","120.50","61.67K","+0.46%"
"03/29/2010","120.50","120.20","121.90","119.00","69.83K","+0.88%"
"03/26/2010","119.45","121.80","122.50","119.00","174.94K","-1.65%"
"03/25/2010","121.45","121.00","122.00","119.50","117.43K","+0.12%"
"03/23/2010","121.30","124.95","125.85","120.60","175.31K","-1.94%"
"03/22/2010","123.70","122.00","125.35","121.80","107.25K","-0.20%"
"03/19/2010","123.95","124.20","125.45","123.40","138.15K","-0.96%"
"03/18/2010","125.15","125.80","126.70","123.70","147.55K","-0.24%"
"03/17/2010","125.45","127.65","127.80","125.00","99.71K","-0.63%"
"03/16/2010","126.25","127.80","128.05","125.60","84.16K","-0.86%"
"03/15/2010","127.35","125.70","127.80","124.90","290.55K","+1.88%"
"03/12/2010","125.00","122.95","125.90","122.55","294.61K","+1.67%"
"03/11/2010","122.95","118.00","123.40","118.00","137.26K","+3.02%"
"03/10/2010","119.35","120.00","122.25","118.70","72.94K","-1.28%"
"03/09/2010","120.90","124.50","124.70","120.50","60.66K","-1.39%"
"03/08/2010","122.60","125.00","125.00","122.00","61.55K","-0.33%"
"03/05/2010","123.00","123.40","124.50","120.80","196.95K","+0.04%"
"03/04/2010","122.95","117.00","124.00","117.00","394.02K","+5.81%"
"03/03/2010","116.20","114.50","117.70","113.70","158.34K","+2.24%"
"03/02/2010","113.65","113.40","114.75","113.00","58.89K","+1.11%"
"02/26/2010","112.40","108.60","113.60","108.50","69.52K","+2.32%"
"02/25/2010","109.85","111.70","112.70","108.85","158.66K","-0.63%"
"02/24/2010","110.55","108.50","111.60","108.50","112.95K","+0.00%"
"02/23/2010","110.55","107.35","112.20","107.35","129.18K","+1.56%"
"02/22/2010","108.85","109.45","111.40","108.00","97.84K","+1.07%"
"02/19/2010","107.70","109.90","111.00","107.00","59.03K","-3.41%"
"02/18/2010","111.50","109.90","112.75","109.00","272.18K","+1.00%"
"02/17/2010","110.40","109.50","111.65","109.00","174.96K","+2.89%"
"02/16/2010","107.30","106.50","107.80","105.50","80.78K","+1.51%"
"02/15/2010","105.70","107.50","108.30","105.10","78.87K","-1.45%"
"02/11/2010","107.25","106.00","108.10","104.15","180.68K","+2.98%"
"02/10/2010","104.15","109.70","109.70","103.20","173.08K","-3.61%"
"02/09/2010","108.05","107.85","111.00","105.10","134.66K","+1.46%"
"02/08/2010","106.50","105.20","108.90","102.80","190.31K","+2.11%"
"02/06/2010","104.30","102.00","104.65","102.00","24.07K","+1.31%"
"02/05/2010","102.95","105.00","105.00","99.10","345.99K","-4.50%"
"02/04/2010","107.80","112.40","113.80","107.20","205.88K","-4.52%"
"02/03/2010","112.90","111.10","113.70","109.00","240.31K","+2.73%"
"02/02/2010","109.90","113.50","115.35","109.20","161.21K","-1.17%"
"02/01/2010","111.20","110.50","114.95","108.60","172.58K","-0.04%"
"01/29/2010","111.25","110.00","112.50","106.85","244.65K","-0.22%"
"01/28/2010","111.50","118.00","118.90","110.00","603.50K","-4.99%"
"01/27/2010","117.35","123.00","123.00","115.65","310.30K","-4.83%"
"01/25/2010","123.30","119.50","124.70","116.70","271.00K","+4.14%"
"01/22/2010","118.40","118.00","119.80","112.60","208.01K","+0.08%"
"01/21/2010","118.30","123.45","125.00","117.00","268.82K","-4.17%"
"01/20/2010","123.45","127.70","129.15","122.70","202.93K","-3.06%"
"01/19/2010","127.35","130.00","131.00","126.60","97.87K","-1.24%"
"01/18/2010","128.95","130.30","131.40","128.70","224.91K","-1.07%"
"01/15/2010","130.35","129.90","132.70","129.40","137.25K","+0.85%"
"01/14/2010","129.25","129.50","131.40","128.80","74.90K","+0.19%"
"01/13/2010","129.00","128.00","129.50","126.10","101.14K","-0.81%"
"01/12/2010","130.05","128.50","131.40","126.80","291.80K","+1.68%"
"01/11/2010","127.90","128.20","129.60","126.60","163.36K","+1.35%"
"01/08/2010","126.20","129.00","129.00","125.70","232.56K","-2.02%"
"01/07/2010","128.80","124.05","130.15","124.00","622.83K","+4.80%"
"01/06/2010","122.90","125.30","125.75","122.30","129.24K","-1.01%"
"01/05/2010","124.15","122.00","126.20","121.50","384.08K","+2.73%"
"01/04/2010","120.85","121.65","122.00","119.50","219.03K","-0.12%"
"12/31/2009","121.00","122.20","122.50","119.30","216.03K","+0.04%"
"12/30/2009","120.95","121.00","122.35","120.50","153.54K","+0.04%"
"12/29/2009","120.90","122.70","122.70","120.20","176.71K","+0.00%"
"12/24/2009","120.90","117.40","123.30","117.40","413.54K","+3.87%"
"12/23/2009","116.40","113.60","116.95","113.60","136.06K","+3.01%"
"12/22/2009","113.00","113.50","115.85","112.00","180.75K","+0.98%"
"12/21/2009","111.90","117.00","118.10","110.40","180.60K","-3.99%"
"12/18/2009","116.55","117.50","119.90","116.20","83.12K","-1.85%"
"12/17/2009","118.75","117.95","120.70","117.10","180.42K","+1.28%"
"12/16/2009","117.25","117.40","118.40","115.40","96.81K","-0.26%"
"12/15/2009","117.55","120.40","121.00","116.80","168.37K","-0.84%"
"12/14/2009","118.55","120.00","120.00","115.60","210.79K","-0.08%"
"12/11/2009","118.65","119.60","120.90","117.20","308.75K","-0.04%"
"12/10/2009","118.70","121.95","121.95","116.55","222.30K","+1.11%"
"12/09/2009","117.40","122.80","122.80","116.50","225.44K","-2.13%"
"12/08/2009","119.95","117.50","121.05","117.00","277.43K","+1.74%"
"12/07/2009","117.90","123.05","123.40","117.10","359.15K","-3.60%"
"12/04/2009","122.30","127.00","127.00","120.90","316.01K","-0.93%"
"12/03/2009","123.45","119.85","138.40","116.35","724.80K","+7.02%"
"12/02/2009","115.35","118.50","120.80","114.85","348.47K","-2.25%"
"12/01/2009","118.00","121.50","124.00","117.50","445.86K","-1.91%"
"11/30/2009","120.30","113.40","121.70","112.20","476.19K","+7.99%"
"11/27/2009","111.40","114.25","114.25","108.20","392.98K","-4.30%"
"11/26/2009","116.40","113.00","119.90","112.10","647.44K","+3.56%"
"11/25/2009","112.40","111.50","113.30","110.00","227.52K","+1.12%"
"11/24/2009","111.15","109.85","112.55","107.50","736.93K","+2.96%"
"11/23/2009","107.95","100.50","109.40","99.60","441.41K","+9.15%"
"11/20/2009","98.90","99.50","100.45","98.30","187.34K","-1.20%"
"11/19/2009","100.10","99.60","102.35","99.00","159.69K","+0.45%"
"11/18/2009","99.65","100.00","101.40","99.10","293.11K","+0.45%"
"11/17/2009","99.20","96.20","100.10","96.20","333.94K","+3.50%"
"11/16/2009","95.85","93.50","96.70","92.25","142.27K","+4.07%"
"11/13/2009","92.10","92.50","93.25","90.60","106.51K","+0.05%"
"11/12/2009","92.05","96.70","97.50","91.50","114.27K","-3.86%"
"11/11/2009","95.75","93.50","96.75","93.20","167.37K","+2.85%"
"11/10/2009","93.10","92.50","94.50","92.50","143.03K","+0.81%"
"11/09/2009","92.35","90.95","92.90","90.50","119.72K","+1.54%"
"11/06/2009","90.95","90.90","92.95","90.50","161.70K","+0.83%"
"11/05/2009","90.20","90.00","92.40","88.30","158.86K","+0.61%"
"11/04/2009","89.65","86.50","90.80","84.50","82.27K","+4.49%"
"11/03/2009","85.80","90.60","91.00","85.10","55.56K","-5.14%"
"10/30/2009","90.45","89.50","93.70","88.60","280.67K","+2.84%"
"10/29/2009","87.95","87.50","88.85","85.70","263.29K","-0.62%"
"10/28/2009","88.50","88.50","91.10","86.40","158.21K","-0.39%"
"10/27/2009","88.85","91.50","91.50","88.50","116.14K","-3.21%"
"10/26/2009","91.80","94.00","94.20","91.20","251.15K","-1.71%"
"10/23/2009","93.40","88.10","95.30","88.10","760.97K","+7.29%"
"10/22/2009","87.05","88.00","88.50","85.00","149.34K","-1.64%"
"10/21/2009","88.50","89.00","89.00","87.80","103.80K","+0.00%"
"10/20/2009","88.50","88.00","89.40","87.70","157.40K","+0.97%"
"10/17/2009","87.65","87.00","89.00","87.00","56.21K","+1.21%"
"10/16/2009","86.60","87.90","88.85","86.05","260.19K","+0.00%"
"10/15/2009","86.60","83.90","88.10","83.80","321.79K","+4.09%"
"10/14/2009","83.20","84.00","85.05","82.80","141.71K","-0.83%"
"10/12/2009","83.90","84.00","85.40","83.30","194.51K","+0.30%"
"10/09/2009","83.65","85.00","85.90","83.20","94.63K","-0.30%"
"10/08/2009","83.90","83.20","84.65","82.50","189.85K","+2.25%"
"10/07/2009","82.05","81.10","82.85","81.10","112.19K","+1.86%"
"10/06/2009","80.55","81.20","82.00","79.00","65.06K","-0.06%"
"10/05/2009","80.60","82.00","83.00","80.30","34.81K","-2.48%"
"10/01/2009","82.65","83.10","83.75","81.85","62.07K","+0.00%"
"09/30/2009","82.65","83.00","83.35","81.85","54.72K","+0.61%"
"09/29/2009","82.15","83.05","84.75","81.90","77.59K","+0.24%"
"09/25/2009","81.95","82.00","85.20","81.50","94.57K","-0.18%"
"09/24/2009","82.10","81.00","82.45","80.60","115.43K","+0.12%"
"09/23/2009","82.00","82.00","83.00","81.60","105.29K","+0.06%"
"09/22/2009","81.95","84.75","84.90","81.10","70.10K","-0.91%"
"09/18/2009","82.70","82.70","83.85","82.15","60.76K","-0.78%"
"09/17/2009","83.35","84.00","84.50","82.50","154.16K","+0.06%"
"09/16/2009","83.30","84.10","85.25","82.30","140.88K","-0.54%"
"09/15/2009","83.75","82.30","84.50","82.30","125.04K","+1.76%"
"09/14/2009","82.30","83.00","84.45","81.80","101.83K","-0.66%"
"09/11/2009","82.85","82.10","84.50","81.00","184.65K","-0.42%"
"09/10/2009","83.20","80.20","85.80","80.20","323.54K","+3.23%"
"09/09/2009","80.60","80.65","83.50","79.70","434.71K","-1.65%"
"09/08/2009","81.95","80.00","83.20","79.50","284.85K","+1.74%"
"09/07/2009","80.55","79.60","80.90","79.05","281.73K","+2.22%"
"09/04/2009","78.80","75.05","79.25","75.05","460.96K","+5.84%"
"09/03/2009","74.45","74.35","75.20","73.80","45.98K","+1.22%"
"09/02/2009","73.55","72.95","74.35","72.00","238.94K","+0.82%"
"09/01/2009","72.95","73.60","74.35","72.70","69.68K","-1.29%"
"08/31/2009","73.90","72.95","75.20","72.00","116.39K","+1.16%"
"08/28/2009","73.05","73.20","73.70","72.10","106.42K","+0.62%"
"08/27/2009","72.60","74.10","74.85","72.30","73.77K","-2.68%"
"08/26/2009","74.60","74.70","76.30","74.00","62.49K","-0.07%"
"08/25/2009","74.65","74.40","76.20","73.50","110.66K","-0.20%"
"08/24/2009","74.80","72.50","75.35","72.50","233.92K","+4.47%"
"08/21/2009","71.60","70.80","72.20","69.00","166.64K","+0.99%"
"08/20/2009","70.90","71.90","71.90","70.60","35.09K","+1.29%"
"08/19/2009","70.00","71.70","72.30","69.75","103.31K","-0.43%"
"08/18/2009","70.30","71.30","71.75","69.40","78.42K","+1.59%"
"08/17/2009","69.20","70.05","72.50","68.50","81.33K","-5.14%"
"08/14/2009","72.95","75.00","75.00","72.70","42.86K","-1.82%"
"08/13/2009","74.30","71.00","74.80","71.00","115.78K","+5.69%"
"08/12/2009","70.30","72.80","73.70","68.55","162.24K","-3.63%"
"08/11/2009","72.95","73.80","73.90","71.50","34.97K","+1.32%"
"08/10/2009","72.00","74.30","77.20","70.80","210.78K","-2.77%"
"08/07/2009","74.05","71.90","75.35","70.75","131.37K","+2.14%"
"08/06/2009","72.50","74.00","75.05","72.00","94.15K","-1.69%"
"08/05/2009","73.75","74.20","75.15","73.40","67.99K","+0.34%"
"08/04/2009","73.50","74.70","75.50","72.20","198.16K","-0.47%"
"08/03/2009","73.85","64.35","74.45","64.35","359.53K","+6.87%"
"07/31/2009","69.10","67.70","70.40","67.70","209.09K","+2.29%"
"07/30/2009","67.55","67.20","68.00","67.20","135.32K","-0.73%"
"07/29/2009","68.05","69.60","69.60","65.50","110.92K","-2.30%"
"07/28/2009","69.65","70.20","70.85","68.80","272.09K","-0.71%"
"07/27/2009","70.15","69.50","71.00","69.10","377.00K","+1.81%"
"07/24/2009","68.90","69.50","71.50","67.00","316.66K","+0.66%"
"07/23/2009","68.45","65.95","69.00","65.50","304.14K","+5.15%"
"07/22/2009","65.10","66.80","67.70","64.80","318.75K","-2.54%"
"07/21/2009","66.80","68.20","68.20","64.95","186.74K","-0.45%"
"07/20/2009","67.10","62.30","71.00","62.30","607.08K","+7.96%"
"07/17/2009","62.15","62.00","63.20","61.65","65.91K","+1.14%"
"07/16/2009","61.45","62.50","64.70","60.90","227.18K","+0.08%"
"07/15/2009","61.40","58.00","62.25","57.20","111.45K","+6.88%"
"07/14/2009","57.45","56.00","58.50","55.80","68.17K","+5.32%"
"07/13/2009","54.55","56.20","56.20","53.80","33.27K","-2.68%"
"07/10/2009","56.05","58.00","58.75","55.30","33.01K","-3.28%"
"07/09/2009","57.95","55.95","59.00","55.95","173.37K","+4.32%"
"07/08/2009","55.55","56.00","56.50","53.50","116.97K","-2.54%"
"07/07/2009","57.00","57.00","57.35","54.05","33.53K","+1.24%"
"07/06/2009","56.30","60.90","61.50","55.60","95.21K","-6.56%"
"07/03/2009","60.25","60.30","61.85","60.00","57.70K","-1.07%"
"07/02/2009","60.90","60.20","62.50","60.00","115.57K","+1.50%"
"07/01/2009","60.00","60.90","62.00","59.00","107.26K","-0.41%"
"06/30/2009","60.25","61.70","62.85","59.80","140.03K","-1.23%"
"06/29/2009","61.00","60.90","62.30","60.50","107.78K","+1.08%"
"06/26/2009","60.35","59.65","62.00","58.90","128.49K","+3.07%"
"06/25/2009","58.55","62.10","62.20","58.00","240.33K","-3.70%"
"06/24/2009","60.80","58.00","61.45","57.60","181.59K","+6.57%"
"06/23/2009","57.05","58.80","59.30","52.00","154.26K","-5.78%"
"06/22/2009","60.55","62.80","63.00","60.30","67.26K","+0.00%"
"06/19/2009","60.55","58.80","61.90","58.60","49.51K","+3.68%"
"06/18/2009","58.40","62.00","63.15","56.70","80.29K","-6.78%"
"06/17/2009","62.65","65.80","67.10","61.60","118.73K","-4.79%"
"06/16/2009","65.80","61.50","66.20","61.00","99.31K","+4.03%"
"06/15/2009","63.25","66.50","69.75","62.10","255.16K","-4.89%"
"06/12/2009","66.50","63.00","68.85","62.55","631.91K","+7.61%"
"06/11/2009","61.80","63.00","63.00","60.70","65.20K","-0.72%"
"06/10/2009","62.25","63.45","64.80","61.80","134.62K","+0.40%"
"06/09/2009","62.00","60.00","62.45","59.50","62.48K","+1.56%"
"06/08/2009","61.05","64.20","64.45","60.70","59.14K","-4.76%"
"06/05/2009","64.10","64.10","64.85","63.50","52.49K","+1.26%"
"06/04/2009","63.30","64.60","67.00","62.00","179.35K","-2.54%"
"06/03/2009","64.95","66.70","67.00","64.20","153.23K","+0.00%"
"06/02/2009","64.95","62.00","67.50","61.80","508.54K","+6.83%"
"06/01/2009","60.80","58.70","62.95","58.70","156.37K","+4.20%"
"05/29/2009","58.35","59.10","59.70","57.40","133.76K","+0.26%"
"05/28/2009","58.20","58.50","59.20","57.80","52.12K","-0.60%"
"05/27/2009","58.55","57.40","59.30","57.05","113.56K","+3.35%"
"05/26/2009","56.65","56.50","57.50","55.40","58.92K","+0.53%"
"05/25/2009","56.35","57.25","58.00","56.00","64.10K","+0.71%"
"05/22/2009","55.95","57.10","58.50","55.40","122.17K","-3.53%"
"05/21/2009","58.00","58.35","60.45","57.00","69.96K","-0.60%"
"05/20/2009","58.35","57.55","59.90","57.50","45.52K","-0.68%"
"05/19/2009","58.75","59.80","69.50","53.00","193.52K","-4.32%"
"05/18/2009","61.40","55.00","63.90","55.00","3.90K","+15.20%"
"05/15/2009","53.30","53.20","55.15","52.90","54.86K","+0.95%"
"05/14/2009","52.80","53.55","55.20","51.85","193.18K","-5.55%"
"05/13/2009","55.90","57.25","59.50","55.50","63.64K","+0.27%"
"05/12/2009","55.75","55.40","57.85","54.35","111.46K","-0.62%"
"05/11/2009","56.10","58.50","59.25","55.40","73.32K","-3.77%"
"05/08/2009","58.30","61.00","61.45","57.00","220.96K","-3.87%"
"05/07/2009","60.65","53.00","63.50","53.00","730.93K","+14.43%"
"05/06/2009","53.00","55.00","56.80","52.55","76.71K","-3.64%"
"05/05/2009","55.00","54.00","55.70","52.10","93.40K","+3.68%"
"05/04/2009","53.05","49.00","53.50","49.00","196.69K","+10.41%"
"04/29/2009","48.05","46.60","49.00","45.60","106.68K","+3.33%"
"04/28/2009","46.50","49.00","49.40","46.05","184.01K","-5.30%"
"04/27/2009","49.10","48.20","50.20","47.90","110.30K","-1.41%"
"04/24/2009","49.80","50.00","51.85","48.90","94.13K","-0.30%"
"04/23/2009","49.95","48.60","50.20","47.40","119.18K","+2.78%"
"04/22/2009","48.60","49.40","49.50","48.00","52.07K","-0.92%"
"04/21/2009","49.05","48.10","50.50","48.10","74.51K","-1.41%"
"04/20/2009","49.75","50.50","50.50","49.30","53.97K","-0.40%"
"04/17/2009","49.95","50.10","51.00","49.00","120.11K","+1.22%"
"04/16/2009","49.35","49.20","51.00","48.20","125.08K","+1.54%"
"04/15/2009","48.60","47.80","49.50","46.50","108.49K","+1.99%"
"04/13/2009","47.65","48.20","49.50","46.50","50.10K","+1.38%"
"04/09/2009","47.00","49.00","49.80","46.50","99.89K","-2.69%"
"04/08/2009","48.30","47.10","49.60","46.10","213.10K","-1.13%"
"04/06/2009","48.85","47.60","50.50","47.60","112.66K","+3.61%"
"04/02/2009","47.15","46.50","47.50","46.15","48.29K","+2.17%"
"04/01/2009","46.15","43.60","46.85","43.60","102.76K","+2.33%"
"03/31/2009","45.10","44.30","45.65","43.50","82.49K","+5.25%"
"03/30/2009","42.85","44.50","44.50","42.50","99.95K","-5.09%"
"03/27/2009","45.15","44.05","46.10","43.90","81.63K","+3.32%"
"03/26/2009","43.70","41.90","44.00","40.50","65.28K","+5.17%"
"03/25/2009","41.55","40.10","41.90","40.10","137.89K","-1.54%"
"03/24/2009","42.20","43.75","44.20","41.50","298.58K","-2.31%"
"03/23/2009","43.20","42.00","43.45","42.00","101.02K","+4.10%"
"03/20/2009","41.50","40.80","42.20","40.80","111.59K","+2.22%"
"03/19/2009","40.60","39.90","41.50","39.90","174.62K","+2.65%"
"03/18/2009","39.55","37.70","40.00","37.70","80.76K","+5.75%"
"03/17/2009","37.40","37.80","38.40","37.20","38.53K","+0.67%"
"03/16/2009","37.15","37.00","38.20","36.80","46.17K","+0.27%"
"03/13/2009","37.05","35.00","37.65","35.00","83.50K","+6.31%"
"03/12/2009","34.85","36.20","36.40","34.55","39.57K","-1.97%"
"03/09/2009","35.55","35.50","36.35","35.05","113.01K","+0.28%"
"03/06/2009","35.45","34.00","35.50","32.80","148.06K","+2.60%"
"03/05/2009","34.55","34.40","35.00","34.20","111.10K","+2.37%"
"03/04/2009","33.75","34.00","34.30","33.40","31.06K","-0.30%"
"03/03/2009","33.85","33.40","34.40","33.00","118.69K","+1.35%"
"03/02/2009","33.40","32.15","34.30","31.80","209.14K","+3.73%"
"02/27/2009","32.20","31.80","32.45","31.80","26.79K","+0.63%"
"02/26/2009","32.00","32.30","32.50","31.60","858.26K","-0.31%"
"02/25/2009","32.10","32.30","33.15","31.75","37.01K","+0.31%"
"02/24/2009","32.00","31.00","32.10","30.80","35.04K","-0.16%"
"02/20/2009","32.05","32.30","32.55","31.70","193.66K","-0.77%"
"02/19/2009","32.30","32.50","32.50","32.00","50.25K","+0.31%"
"02/18/2009","32.20","32.70","33.45","32.10","136.67K","-3.16%"
"02/17/2009","33.25","32.80","33.45","32.60","22.15K","+0.00%"
"02/16/2009","33.25","33.20","34.00","33.10","60.59K","-0.15%"
"02/13/2009","33.30","33.65","34.10","32.90","594.72K","-0.75%"
"02/12/2009","33.55","34.40","34.50","33.30","47.70K","-0.89%"
"02/11/2009","33.85","33.20","35.00","33.00","65.13K","-0.59%"
"02/10/2009","34.05","34.60","35.00","33.80","914.80K","-1.73%"
"02/09/2009","34.65","33.50","34.95","33.50","444.16K","+5.00%"
"02/06/2009","33.00","34.00","34.50","32.80","118.49K","-1.93%"
"02/05/2009","33.65","33.45","34.35","33.00","178.28K","+2.44%"
"02/04/2009","32.85","33.40","34.10","32.60","70.29K","+0.61%"
"02/03/2009","32.65","34.50","34.50","32.30","44.11K","-2.25%"
"02/02/2009","33.40","34.00","35.00","33.15","17.89K","-3.88%"
"01/30/2009","34.75","33.40","35.90","33.20","50.53K","+1.61%"
"01/29/2009","34.20","35.35","35.45","33.60","35.13K","-1.58%"
"01/28/2009","34.75","35.40","35.75","34.10","236.83K","-0.71%"
"01/27/2009","35.00","33.50","35.50","32.65","374.44K","+8.70%"
"01/23/2009","32.20","32.10","33.50","32.10","18.53K","-1.53%"
"01/22/2009","32.70","32.50","33.90","32.15","71.92K","-1.51%"
"01/21/2009","33.20","34.20","34.20","32.70","155.77K","-4.73%"
"01/20/2009","34.85","35.70","35.70","34.20","43.63K","-3.19%"
"01/19/2009","36.00","35.20","36.50","35.15","44.89K","+3.30%"
"01/16/2009","34.85","36.30","36.90","34.50","42.40K","-2.92%"
"01/15/2009","35.90","34.50","36.30","33.20","80.25K","-0.28%"
"01/14/2009","36.00","35.45","36.65","33.60","131.34K","+7.95%"
"01/13/2009","33.35","35.50","38.90","32.10","150.94K","-8.76%"
"01/12/2009","36.55","38.70","38.75","36.00","49.82K","-4.82%"
"01/09/2009","38.40","42.00","42.00","37.80","68.95K","-9.00%"
"01/07/2009","42.20","42.85","44.60","41.30","285.20K","+0.36%"
"01/06/2009","42.05","39.00","42.50","38.70","379.78K","+9.51%"
"01/05/2009","38.40","36.45","38.85","36.40","192.10K","+7.56%"
"01/02/2009","35.70","36.80","37.60","35.30","55.18K","-0.70%"
"01/01/2009","35.95","34.80","36.50","34.25","94.45K","+6.36%"
"12/31/2008","33.80","34.00","34.50","33.70","6.44K","-0.44%"
"12/30/2008","33.95","34.10","34.65","33.75","8.42K","-0.73%"
"12/29/2008","34.20","33.30","35.80","33.10","47.33K","+4.27%"
"12/26/2008","32.80","33.75","34.00","32.50","12.19K","-2.67%"
"12/24/2008","33.70","33.50","34.40","33.30","19.47K","-0.74%"
"12/23/2008","33.95","34.00","35.00","33.60","26.63K","-1.45%"
"12/22/2008","34.45","33.50","34.90","33.20","31.64K","+2.68%"
"12/19/2008","33.55","32.00","33.75","31.80","22.16K","+1.51%"
"12/18/2008","33.05","33.50","33.90","32.10","31.66K","-0.45%"
"12/17/2008","33.20","34.85","35.00","33.00","33.00K","-2.50%"
"12/16/2008","34.05","33.50","34.20","32.90","26.97K","+2.56%"
"12/15/2008","33.20","33.00","33.40","32.40","35.13K","+2.00%"
"12/12/2008","32.55","31.80","33.00","31.15","50.25K","+0.46%"
"12/11/2008","32.40","32.90","33.50","32.00","39.66K","+0.93%"
"12/10/2008","32.10","32.05","32.50","31.20","76.76K","+2.23%"
"12/08/2008","31.40","32.10","32.80","31.00","83.01K","-0.95%"
"12/05/2008","31.70","33.45","33.90","31.50","30.80K","-4.23%"
"12/04/2008","33.10","32.95","33.50","31.60","66.03K","+2.00%"
"12/03/2008","32.45","32.50","32.55","31.80","20.79K","+1.09%"
"12/02/2008","32.10","30.50","32.40","29.90","82.86K","+2.56%"
"12/01/2008","31.30","31.85","32.30","30.60","65.31K","-2.64%"
"11/28/2008","32.15","33.40","34.20","31.00","119.80K","-2.87%"
"11/26/2008","33.10","32.85","33.95","31.50","116.92K","+1.22%"
"11/25/2008","32.70","33.50","34.30","32.20","39.33K","-0.76%"
"11/24/2008","32.95","33.50","35.00","32.30","49.73K","-2.51%"
"11/21/2008","33.80","33.50","34.40","32.35","29.75K","+3.21%"
"11/20/2008","32.75","32.80","33.60","32.20","48.65K","-5.21%"
"11/19/2008","34.55","34.20","35.35","33.70","153.32K","+0.00%"
"11/18/2008","34.55","35.50","35.60","34.30","118.12K","-6.24%"
"11/17/2008","36.85","37.00","37.40","35.00","139.87K","+2.36%"
"11/14/2008","36.00","38.50","39.40","35.05","192.81K","-5.39%"
"11/12/2008","38.05","35.40","38.90","33.90","214.17K","+5.11%"
"11/11/2008","36.20","36.00","37.80","35.00","228.64K","+0.56%"
"11/10/2008","36.00","32.40","37.30","32.40","344.95K","+13.56%"
"11/07/2008","31.70","29.00","32.30","28.50","116.32K","+7.09%"
"11/06/2008","29.60","30.50","31.20","29.00","91.85K","-4.98%"
"11/05/2008","31.15","32.30","33.50","30.50","48.99K","-2.66%"
"11/04/2008","32.00","30.50","32.30","30.40","65.67K","+0.16%"
"11/03/2008","31.95","34.00","34.00","30.80","76.48K","-0.16%"
"10/31/2008","32.00","35.40","36.90","31.00","285.14K","+0.47%"
"10/29/2008","31.85","28.95","32.50","27.90","113.10K","+14.36%"
"10/28/2008","27.85","27.95","28.50","26.60","15.12K","+8.79%"
"10/27/2008","25.60","23.80","27.00","21.70","41.94K","+6.44%"
"10/24/2008","24.05","26.40","26.40","23.40","37.63K","-8.73%"
"10/23/2008","26.35","28.90","28.90","26.10","238.32K","-10.37%"
"10/22/2008","29.40","28.50","30.00","27.60","28.47K","+2.44%"
"10/21/2008","28.70","29.75","30.00","26.90","132.04K","+2.68%"
"10/20/2008","27.95","28.10","29.20","27.70","15.58K","-0.53%"
"10/17/2008","28.10","30.50","31.75","28.00","32.36K","-6.02%"
"10/16/2008","29.90","28.00","30.30","25.60","41.97K","+1.53%"
"10/15/2008","29.45","30.20","30.40","29.05","39.81K","-4.23%"
"10/14/2008","30.75","33.65","33.65","30.00","133.59K","-2.84%"
"10/13/2008","31.65","31.10","33.00","30.80","18.45K","+3.77%"
"10/10/2008","30.50","30.00","31.00","28.10","74.23K","-6.01%"
"10/08/2008","32.45","33.00","33.00","29.60","47.70K","-4.70%"
"10/07/2008","34.05","44.50","44.50","31.50","77.27K","-8.96%"
"10/06/2008","37.40","39.70","40.15","37.00","58.98K","-7.54%"
"10/03/2008","40.45","42.75","43.45","40.00","56.98K","-7.01%"
"10/01/2008","43.50","42.10","44.00","42.10","430.69K","+1.16%"
"09/30/2008","43.00","41.20","44.60","40.60","84.47K","-4.66%"
"09/29/2008","45.10","47.65","48.50","44.90","32.47K","-6.14%"
"09/26/2008","48.05","48.20","49.10","47.50","135.05K","-0.72%"
"09/25/2008","48.40","50.00","50.00","47.65","53.87K","-1.73%"
"09/24/2008","49.25","49.40","50.50","49.00","51.93K","-0.30%"
"09/23/2008","49.40","48.30","50.00","47.65","49.66K","+1.86%"
"09/22/2008","48.50","49.60","49.70","48.30","21.93K","-0.82%"
"09/19/2008","48.90","49.95","50.00","48.50","21.12K","+1.87%"
"09/18/2008","48.00","47.95","48.45","46.00","36.94K","-2.54%"
"09/17/2008","49.25","50.00","50.80","48.80","39.11K","-0.40%"
"09/16/2008","49.45","51.20","51.70","47.80","79.45K","-5.18%"
"09/15/2008","52.15","52.00","52.95","50.60","31.68K","-0.67%"
"09/12/2008","52.50","52.85","53.30","52.00","48.59K","-0.19%"
"09/11/2008","52.60","53.00","53.70","51.00","60.67K","+0.19%"
"09/10/2008","52.50","53.50","54.80","52.00","128.92K","-4.55%"
"09/09/2008","55.00","57.00","57.20","54.50","59.73K","-3.34%"
"09/08/2008","56.90","57.00","57.60","56.60","11.32K","+0.62%"
"09/05/2008","56.55","55.60","57.50","55.10","17.32K","+0.27%"
"09/04/2008","56.40","57.50","58.45","56.10","55.85K","-4.57%"
"09/02/2008","59.10","57.50","59.65","57.00","54.28K","+3.14%"
"09/01/2008","57.30","52.00","57.50","52.00","12.40K","-0.26%"
"08/29/2008","57.45","56.35","57.80","56.35","39.61K","+1.59%"
"08/28/2008","56.55","55.00","57.00","54.50","57.95K","+0.18%"
"08/27/2008","56.45","55.50","56.85","55.00","24.98K","+1.35%"
"08/26/2008","55.70","54.50","56.00","54.50","29.69K","-0.18%"
"08/25/2008","55.80","58.30","58.90","55.60","27.78K","-2.96%"
"08/22/2008","57.50","56.70","59.00","56.60","108.84K","+1.41%"
"08/21/2008","56.70","55.20","57.00","55.20","51.16K","+1.61%"
"08/20/2008","55.80","55.00","56.50","55.00","56.51K","+2.48%"
"08/19/2008","54.45","54.60","55.30","54.15","19.64K","-1.54%"
"08/18/2008","55.30","56.50","56.50","54.50","12.87K","-0.36%"
"08/14/2008","55.50","56.10","57.00","55.25","23.23K","-0.80%"
"08/13/2008","55.95","54.50","57.10","54.50","53.27K","-0.44%"
"08/12/2008","56.20","58.45","58.45","55.10","58.92K","-2.68%"
"08/11/2008","57.75","60.70","60.70","57.20","51.92K","-2.53%"
"08/08/2008","59.25","58.10","60.00","57.60","59.78K","+1.72%"
"08/07/2008","58.25","58.10","59.80","57.70","44.33K","-1.10%"
"08/06/2008","58.90","60.75","61.45","58.55","28.13K","-1.75%"
"08/05/2008","59.95","59.00","60.95","57.00","100.47K","+1.52%"
"08/04/2008","59.05","58.50","60.90","58.00","77.19K","+0.77%"
"08/01/2008","58.60","63.55","63.55","58.00","72.74K","-1.68%"
"07/31/2008","59.60","58.55","60.65","57.30","140.02K","+1.36%"
"07/30/2008","58.80","55.10","59.50","55.10","202.58K","+6.72%"
"07/29/2008","55.10","53.30","55.45","51.00","123.99K","+3.38%"
"07/28/2008","53.30","53.10","54.40","52.60","32.83K","+0.28%"
"07/25/2008","53.15","51.40","53.95","51.20","36.79K","+0.00%"
"07/24/2008","53.15","55.95","56.45","52.50","124.58K","-3.71%"
"07/23/2008","55.20","54.00","56.00","54.00","78.97K","+1.10%"
"07/22/2008","54.60","54.00","55.70","52.00","44.12K","+2.15%"
"07/21/2008","53.45","52.90","54.05","52.30","34.23K","+1.42%"
"07/18/2008","52.70","53.70","53.70","52.00","48.97K","-0.85%"
"07/17/2008","53.15","55.00","55.00","51.85","71.39K","+0.28%"
"07/16/2008","53.00","54.75","55.30","52.55","74.26K","-3.28%"
"07/15/2008","54.80","57.50","59.50","54.00","531.85K","-5.84%"
"07/14/2008","58.20","54.00","58.50","53.65","198.37K","+7.88%"
"07/11/2008","53.95","55.55","56.10","52.70","91.02K","-1.91%"
"07/10/2008","55.00","52.20","56.00","52.00","86.23K","+5.97%"
"07/09/2008","51.90","51.75","52.30","51.00","25.94K","+2.37%"
"07/08/2008","50.70","48.20","51.00","47.90","41.39K","+2.74%"
"07/07/2008","49.35","52.40","52.40","48.75","64.34K","-2.47%"
"07/04/2008","50.60","48.00","51.80","47.45","57.94K","+4.98%"
"07/03/2008","48.20","49.60","49.60","47.30","42.16K","-3.02%"
"07/02/2008","49.70","49.20","51.55","46.00","63.80K","+0.91%"
"07/01/2008","49.25","53.20","53.50","48.00","43.43K","-7.42%"
"06/30/2008","53.20","51.50","54.50","51.50","93.92K","-0.28%"
"06/27/2008","53.35","51.50","54.10","50.50","85.55K","+2.01%"
"06/26/2008","52.30","54.70","55.00","52.00","170.66K","-3.24%"
"06/25/2008","54.05","54.00","55.50","53.60","140.61K","-1.73%"
"06/24/2008","55.00","53.50","55.90","53.35","73.64K","+1.76%"
"06/23/2008","54.05","57.60","57.60","53.20","62.71K","-6.24%"
"06/20/2008","57.65","58.80","58.90","56.80","53.09K","-1.20%"
"06/19/2008","58.35","58.00","59.80","56.20","190.83K","+2.91%"
"06/18/2008","56.70","60.70","60.70","56.50","182.00K","-3.57%"
"06/17/2008","58.80","55.50","61.00","55.50","74.03K","-0.17%"
"06/16/2008","58.90","59.60","60.80","58.20","46.15K","-0.25%"
"06/13/2008","59.05","59.70","59.90","58.20","29.52K","-0.76%"
"06/12/2008","59.50","57.95","60.50","57.10","19.55K","+0.42%"
"06/11/2008","59.25","57.45","59.80","56.40","62.30K","+5.05%"
"06/10/2008","56.40","57.50","57.50","56.00","39.78K","-1.66%"
"06/09/2008","57.35","55.50","58.00","53.50","52.39K","-1.88%"
"06/06/2008","58.45","59.90","60.00","58.30","40.78K","-0.76%"
"06/05/2008","58.90","59.50","61.00","58.50","76.71K","-1.75%"
"06/04/2008","59.95","62.45","64.00","59.05","93.04K","-4.69%"
"06/03/2008","62.90","62.00","63.90","60.10","54.07K","+0.48%"
"06/02/2008","62.60","68.00","72.00","61.80","54.93K","-4.50%"
"05/30/2008","65.55","63.00","66.00","63.00","115.63K","+2.10%"
"05/29/2008","64.20","61.00","67.80","61.00","92.82K","-1.83%"
"05/28/2008","65.40","64.75","65.80","63.00","75.44K","+1.24%"
"05/27/2008","64.60","66.20","67.70","64.00","61.95K","-2.27%"
"05/26/2008","66.10","66.95","69.00","64.25","132.78K","-2.44%"
"05/23/2008","67.75","71.80","72.40","67.40","139.68K","-5.64%"
"05/22/2008","71.80","74.20","74.70","71.20","126.98K","-4.58%"
"05/21/2008","75.25","72.20","76.25","71.80","241.97K","+3.01%"
"05/20/2008","73.05","72.85","74.50","72.00","142.79K","+0.14%"
"05/16/2008","72.95","73.20","75.15","71.85","424.10K","-0.21%"
"05/15/2008","73.10","74.70","76.30","71.05","1.34M","-0.34%"
"05/14/2008","73.35","64.00","74.60","63.30","806.61K","+17.27%"
"05/13/2008","62.55","62.30","63.95","62.20","24.80K","-0.32%"
"05/12/2008","62.75","63.60","63.60","55.15","27.76K","-2.26%"
"05/09/2008","64.20","65.50","66.60","63.60","20.42K","-3.17%"
"05/08/2008","66.30","66.20","66.60","64.15","61.31K","+0.45%"
"05/07/2008","66.00","65.35","66.35","64.70","88.16K","+1.77%"
"05/06/2008","64.85","63.20","66.45","61.60","200.13K","+2.94%"
"05/05/2008","63.00","63.80","69.45","62.50","54.34K","+0.80%"
"05/02/2008","62.50","66.40","66.40","61.60","120.90K","-2.11%"
"04/30/2008","63.85","66.70","67.60","62.50","228.61K","-4.06%"
"04/29/2008","66.55","68.50","68.80","66.05","108.58K","-2.35%"
"04/28/2008","68.15","68.50","68.50","67.10","83.64K","+1.56%"
"04/25/2008","67.10","66.00","67.50","64.50","210.70K","+5.84%"
"04/24/2008","63.40","64.50","65.40","63.00","118.42K","+1.28%"
"04/23/2008","62.60","59.80","63.20","58.20","111.18K","+7.75%"
"04/22/2008","58.10","57.80","59.65","57.20","74.34K","-1.27%"
"04/21/2008","58.85","60.50","62.00","58.00","264.46K","-0.76%"
"04/17/2008","59.30","55.30","59.90","55.00","61.06K","+7.43%"
"04/16/2008","55.20","56.45","56.45","55.00","10.11K","-1.08%"
"04/15/2008","55.80","55.30","56.50","55.00","19.71K","+0.45%"
"04/11/2008","55.55","54.60","56.20","54.60","39.44K","+2.87%"
"04/10/2008","54.00","53.85","54.60","53.50","52.80K","+0.28%"
"04/09/2008","53.85","54.20","54.25","52.50","38.44K","+1.03%"
"04/08/2008","53.30","50.60","53.50","50.60","48.28K","+3.60%"
"04/07/2008","51.45","51.50","51.85","50.50","58.36K","+0.78%"
"04/04/2008","51.05","53.50","54.00","50.60","114.20K","-4.76%"
"04/03/2008","53.60","54.00","54.40","52.80","19.27K","-0.92%"
"04/02/2008","54.10","54.90","54.95","53.20","14.36K","+1.50%"
"04/01/2008","53.30","53.00","54.60","52.80","14.28K","+1.52%"
"03/31/2008","52.50","53.85","54.50","52.20","30.21K","-2.14%"
"03/28/2008","53.65","53.40","54.00","52.50","17.94K","+3.27%"
"03/27/2008","51.95","52.60","54.35","51.00","311.56K","-3.17%"
"03/26/2008","53.65","53.50","54.80","53.05","86.40K","-0.28%"
"03/25/2008","53.80","56.50","56.50","53.10","132.70K","+1.32%"
"03/24/2008","53.10","52.20","55.45","51.90","108.65K","-1.58%"
"03/19/2008","53.95","54.00","54.50","52.00","51.63K","+3.75%"
"03/18/2008","52.00","53.50","54.80","50.30","146.08K","-3.79%"
"03/17/2008","54.05","49.10","56.95","49.10","45.87K","-6.24%"
"03/14/2008","57.65","57.00","58.50","56.10","67.44K","-0.95%"
"03/13/2008","58.20","57.00","59.60","55.60","88.79K","-1.44%"
"03/12/2008","59.05","60.00","61.50","58.60","38.49K","+0.08%"
"03/11/2008","59.00","57.50","59.40","57.10","46.23K","+2.61%"
"03/10/2008","57.50","60.00","60.00","55.80","126.06K","-3.04%"
"03/07/2008","59.30","60.00","60.10","57.20","49.84K","-1.98%"
"03/05/2008","60.50","60.30","62.00","60.00","21.15K","-0.90%"
"03/04/2008","61.05","63.10","63.10","58.00","57.88K","-3.10%"
"03/03/2008","63.00","65.50","65.50","62.10","31.71K","-4.26%"
"02/29/2008","65.80","66.30","66.95","65.00","34.41K","-0.75%"
"02/28/2008","66.30","67.40","68.50","65.85","234.35K","-0.67%"
"02/27/2008","66.75","65.60","67.35","64.30","70.83K","+2.77%"
"02/26/2008","64.95","64.00","65.50","63.40","69.49K","+1.56%"
"02/25/2008","63.95","62.90","64.40","62.30","38.92K","+2.73%"
"02/22/2008","62.25","60.60","62.55","60.60","70.53K","+1.72%"
"02/21/2008","61.20","60.55","62.45","60.10","42.61K","+1.75%"
"02/20/2008","60.15","60.00","60.50","59.20","45.03K","+0.17%"
"02/19/2008","60.05","59.45","60.60","58.50","60.14K","+1.95%"
"02/18/2008","58.90","60.50","61.40","58.40","27.26K","-0.08%"
"02/15/2008","58.95","57.00","59.50","55.20","55.42K","+3.97%"
"02/14/2008","56.70","55.50","57.45","54.50","71.87K","+6.98%"
"02/13/2008","53.00","55.25","56.00","52.45","35.66K","-3.55%"
"02/12/2008","54.95","56.50","58.40","54.50","87.46K","-2.05%"
"02/11/2008","56.10","59.00","59.40","55.10","39.92K","-5.40%"
"02/08/2008","59.30","63.50","66.00","58.10","29.09K","-2.39%"
"02/07/2008","60.75","61.60","64.15","60.30","29.90K","-4.56%"
"02/06/2008","63.65","60.40","63.90","60.40","45.21K","-0.47%"
"02/05/2008","63.95","62.60","64.45","62.60","40.01K","+1.43%"
"02/04/2008","63.05","65.50","65.50","62.70","101.08K","+1.78%"
"02/01/2008","61.95","61.70","63.50","61.20","135.10K","+2.99%"
"01/31/2008","60.15","60.50","62.50","57.10","312.28K","+0.59%"
"01/30/2008","59.80","57.90","61.50","57.50","119.53K","+4.55%"
"01/29/2008","57.20","58.95","58.95","56.80","26.21K","+0.44%"
"01/28/2008","56.95","58.15","58.15","55.70","31.81K","-2.06%"
"01/25/2008","58.15","60.00","60.00","57.20","125.82K","+2.29%"
"01/24/2008","56.85","65.00","65.00","55.00","110.38K","-12.27%"
"01/23/2008","64.80","61.00","70.50","57.00","95.38K","+16.86%"
"01/22/2008","55.45","57.35","65.20","45.20","173.62K","-10.92%"
"01/21/2008","62.25","71.20","71.20","50.00","109.51K","-12.45%"
"01/18/2008","71.10","74.10","74.70","70.00","43.63K","-3.79%"
"01/17/2008","73.90","66.20","74.45","66.20","24.00K","+1.30%"
"01/16/2008","72.95","75.00","75.30","72.30","24.33K","-2.86%"
"01/15/2008","75.10","79.60","79.60","74.80","67.51K","-1.70%"
"01/14/2008","76.40","77.20","78.35","76.00","34.13K","-0.46%"
"01/11/2008","76.75","78.00","78.95","76.10","23.76K","-1.85%"
"01/10/2008","78.20","79.50","80.95","76.70","112.81K","-1.88%"
"01/09/2008","79.70","81.00","81.50","78.10","70.93K","+0.76%"
"01/08/2008","79.10","82.00","82.35","78.60","26.95K","-2.22%"
"01/07/2008","80.90","74.90","82.00","74.90","30.07K","-1.64%"
"01/04/2008","82.25","81.20","83.40","81.00","88.32K","+2.11%"
"01/03/2008","80.55","81.10","82.30","80.25","22.35K","-2.19%"
"01/02/2008","82.35","83.50","83.50","81.20","21.71K","-0.96%"
"01/01/2008","83.15","82.00","84.10","82.00","84.80K","+0.54%"
"12/31/2007","82.70","82.45","83.05","81.60","87.72K","+1.35%"
"12/28/2007","81.60","78.00","81.95","77.00","135.58K","+5.43%"
"12/27/2007","77.40","80.00","80.25","76.80","103.07K","-2.21%"
"12/26/2007","79.15","78.40","79.90","77.65","38.71K","+2.66%"
"12/24/2007","77.10","78.50","78.50","76.50","49.23K","+1.05%"
"12/20/2007","76.30","77.55","78.80","75.80","66.26K","-1.80%"
"12/19/2007","77.70","80.25","80.50","76.70","64.01K","-1.08%"
"12/18/2007","78.55","80.20","81.00","77.60","62.24K","-2.12%"
"12/17/2007","80.25","85.50","85.50","79.70","83.28K","-5.31%"
"12/14/2007","84.75","82.50","86.00","82.50","209.41K","+3.10%"
"12/13/2007","82.20","83.05","84.70","81.60","254.75K","+1.11%"
"12/12/2007","81.30","79.10","84.50","79.10","156.81K","+1.62%"
"12/11/2007","80.00","80.90","81.70","79.60","50.03K","-0.19%"
"12/10/2007","80.15","81.10","81.20","80.00","35.41K","-0.43%"
"12/07/2007","80.50","82.80","83.00","80.10","56.64K","-2.07%"
"12/06/2007","82.20","82.00","84.20","81.60","121.34K","+0.55%"
"12/05/2007","81.75","80.95","85.30","80.80","186.17K","+1.36%"
"12/04/2007","80.65","84.00","84.40","80.00","83.57K","-3.12%"
"12/03/2007","83.25","82.25","83.90","81.40","145.05K","+2.59%"
"11/30/2007","81.15","79.70","84.25","79.70","318.15K","+3.05%"
"11/29/2007","78.75","78.80","81.75","77.30","163.50K","+1.29%"
"11/28/2007","77.75","74.65","84.50","72.50","265.65K","+6.51%"
"11/27/2007","73.00","70.90","75.00","68.10","106.45K","+5.42%"
"11/26/2007","69.25","71.85","71.90","67.95","143.21K","+1.09%"
"11/23/2007","68.50","71.50","72.10","67.70","111.56K","-4.20%"
"11/22/2007","71.50","73.35","73.35","70.15","57.71K","-2.52%"
"11/21/2007","73.35","80.00","80.00","72.50","155.69K","-7.79%"
"11/20/2007","79.55","79.50","80.10","78.50","129.76K","-1.91%"
"11/19/2007","81.10","81.20","82.00","78.55","69.96K","+0.37%"
"11/16/2007","80.80","79.50","82.50","79.50","111.47K","-1.10%"
"11/15/2007","81.70","82.90","83.00","81.30","15.61K","+0.68%"
"11/14/2007","81.15","81.20","82.50","80.20","28.48K","+1.50%"
"11/13/2007","79.95","82.90","82.90","77.70","49.20K","+1.20%"
"11/12/2007","79.00","80.10","82.45","78.00","40.29K","-3.01%"
"11/09/2007","81.45","83.75","83.75","81.00","4.56K","+1.05%"
"11/08/2007","80.60","84.00","84.00","80.30","44.23K","-4.50%"
"11/07/2007","84.40","86.90","86.95","83.60","43.34K","-0.47%"
"11/06/2007","84.80","88.00","89.00","84.50","65.11K","-1.51%"
"11/05/2007","86.10","88.50","88.50","85.50","76.38K","-2.60%"
"11/02/2007","88.40","82.45","89.00","82.45","34.64K","+1.55%"
"11/01/2007","87.05","91.60","92.90","85.20","75.87K","-3.87%"
"10/31/2007","90.55","87.50","91.00","86.50","152.71K","+4.20%"
"10/30/2007","86.90","86.00","89.40","83.00","55.76K","+1.52%"
"10/29/2007","85.60","85.00","86.70","84.00","60.89K","+2.88%"
"10/26/2007","83.20","85.00","87.50","82.90","51.63K","+0.12%"
"10/25/2007","83.10","85.00","85.00","82.60","60.43K","-0.36%"
"10/24/2007","83.40","85.50","88.00","83.05","51.95K","-1.59%"
"10/23/2007","84.75","85.00","86.75","82.50","131.18K","+0.89%"
"10/22/2007","84.00","80.10","84.50","80.10","72.11K","-0.88%"
"10/19/2007","84.75","89.00","90.90","82.50","71.51K","-5.20%"
"10/18/2007","89.40","94.50","96.80","86.10","164.24K","-5.30%"
"10/17/2007","94.40","89.00","95.00","81.90","141.74K","-0.89%"
"10/16/2007","95.25","89.00","96.00","85.10","230.32K","+6.90%"
"10/15/2007","89.10","87.00","89.80","87.00","129.73K","+3.97%"
"10/12/2007","85.70","84.50","87.30","82.20","120.40K","+0.47%"
"10/11/2007","85.30","86.50","86.50","82.30","96.19K","+1.91%"
"10/10/2007","83.70","82.95","85.00","80.80","319.89K","+2.45%"
"10/09/2007","81.70","80.00","82.50","79.20","99.10K","-0.91%"
"10/08/2007","82.45","79.90","85.00","78.00","142.68K","-2.02%"
"10/05/2007","84.15","88.00","88.00","83.50","130.19K","-1.98%"
"10/04/2007","85.85","86.90","87.50","85.00","231.97K","-0.75%"
"10/03/2007","86.50","83.60","87.05","82.90","232.93K","+4.78%"
"10/01/2007","82.55","81.75","83.60","81.20","136.52K","+1.79%"
"09/28/2007","81.10","78.10","82.00","78.10","411.37K","+3.84%"
"09/27/2007","78.10","78.00","80.85","77.50","197.00K","+0.45%"
"09/26/2007","77.75","77.80","78.05","75.60","62.65K","-0.38%"
"09/25/2007","78.05","75.00","78.50","71.50","93.05K","+2.23%"
"09/24/2007","76.35","76.50","76.80","75.15","59.44K","+1.19%"
"09/21/2007","75.45","75.80","76.50","75.00","61.33K","-1.05%"
"09/20/2007","76.25","74.80","79.75","74.00","233.79K","+3.95%"
"09/19/2007","73.35","73.50","81.00","71.70","79.79K","+2.73%"
"09/18/2007","71.40","71.50","71.80","70.15","26.00K","+0.28%"
"09/17/2007","71.20","71.80","71.95","70.50","46.59K","+1.21%"
"09/14/2007","70.35","71.60","71.60","70.00","104.95K","+0.21%"
"09/13/2007","70.20","70.50","71.00","69.95","239.05K","-1.06%"
"09/12/2007","70.95","70.60","71.40","70.50","34.64K","+0.50%"
"09/11/2007","70.60","71.00","72.00","69.80","50.38K","-0.91%"
"09/10/2007","71.25","70.00","71.50","70.00","59.20K","-0.21%"
"09/07/2007","71.40","72.00","72.00","70.75","47.26K","-1.38%"
"09/06/2007","72.40","70.00","72.70","68.60","87.19K","+2.55%"
"09/05/2007","70.60","72.05","72.15","68.50","209.48K","-2.01%"
"09/04/2007","72.05","72.70","72.75","71.80","89.55K","-0.69%"
"09/03/2007","72.55","72.30","73.30","72.00","101.59K","+0.42%"
"08/31/2007","72.25","71.00","73.00","71.00","136.21K","+3.07%"
"08/30/2007","70.10","71.00","71.20","69.75","25.84K","-0.21%"
"08/29/2007","70.25","64.00","70.80","63.40","59.56K","+0.86%"
"08/28/2007","69.65","69.00","71.50","68.50","44.81K","+1.46%"
"08/27/2007","68.65","68.80","69.45","68.30","35.46K","+0.96%"
"08/24/2007","68.00","69.00","69.60","67.50","31.31K","+0.59%"
"08/23/2007","67.60","70.90","71.90","67.00","56.05K","-2.66%"
"08/22/2007","69.45","66.70","70.50","66.50","90.31K","+3.04%"
"08/21/2007","67.40","66.10","68.05","66.10","50.59K","-1.17%"
"08/20/2007","68.20","67.80","70.45","67.80","58.23K","+1.72%"
"08/17/2007","67.05","68.30","70.45","65.80","197.58K","-2.54%"
"08/16/2007","68.80","68.50","69.50","67.50","178.96K","-3.10%"
"08/14/2007","71.00","71.20","71.50","70.70","38.67K","-0.28%"
"08/13/2007","71.20","73.00","73.70","70.50","43.45K","+0.28%"
"08/10/2007","71.00","70.70","71.50","70.00","98.26K","-2.61%"
"08/09/2007","72.90","75.00","75.00","72.50","103.71K","-0.21%"
"08/08/2007","73.05","74.80","74.85","72.50","97.59K","+0.27%"
"08/07/2007","72.85","73.30","74.20","71.60","96.92K","+0.48%"
"08/06/2007","72.50","71.10","81.50","69.20","74.27K","+1.05%"
"08/03/2007","71.75","71.90","72.45","71.00","68.38K","+1.41%"
"08/02/2007","70.75","71.25","72.50","70.10","126.61K","+0.35%"
"08/01/2007","70.50","75.45","75.45","70.00","185.00K","-6.37%"
"07/31/2007","75.30","73.00","76.30","72.40","113.91K","+6.51%"
"07/30/2007","70.70","70.05","71.80","70.05","33.47K","+0.07%"
"07/27/2007","70.65","72.95","73.30","68.50","176.16K","-4.98%"
"07/26/2007","74.35","76.50","77.00","73.75","216.46K","-1.85%"
"07/25/2007","75.75","78.50","79.00","75.05","145.62K","-1.88%"
"07/24/2007","77.20","79.00","79.35","77.00","60.35K","-1.22%"
"07/23/2007","78.15","79.95","79.95","77.15","90.51K","-1.14%"
"07/20/2007","79.05","78.40","80.70","78.00","103.53K","+2.66%"
"07/19/2007","77.00","78.90","78.90","75.50","85.72K","-0.13%"
"07/18/2007","77.10","78.10","78.10","76.70","43.42K","-1.28%"
"07/17/2007","78.10","78.85","80.10","77.60","123.29K","-0.32%"
"07/16/2007","78.35","80.50","82.00","78.05","162.74K","-1.88%"
"07/13/2007","79.85","74.45","82.85","74.20","629.61K","+7.98%"
"07/12/2007","73.95","73.20","74.35","73.20","100.95K","+1.02%"
"07/11/2007","73.20","70.60","73.50","67.60","119.50K","+3.76%"
"07/10/2007","70.55","72.45","73.50","70.20","288.24K","-2.08%"
"07/09/2007","72.05","72.00","72.70","71.00","70.12K","+0.63%"
"07/06/2007","71.60","71.10","72.70","71.10","30.15K","-0.62%"
"07/05/2007","72.05","72.90","73.30","70.90","40.90K","-0.28%"
"07/04/2007","72.25","73.30","73.30","71.25","35.28K","-0.82%"
"07/03/2007","72.85","72.40","73.20","71.70","95.81K","+2.39%"
"07/02/2007","71.15","71.30","71.60","70.00","49.50K","+0.99%"
"06/29/2007","70.45","69.90","71.40","69.90","96.62K","+1.08%"
"06/28/2007","69.70","70.00","70.70","68.80","269.31K","-1.48%"
"06/27/2007","70.75","72.00","72.10","70.10","262.41K","-2.28%"
"06/26/2007","72.40","71.00","73.50","71.00","94.39K","-0.96%"
"06/25/2007","73.10","72.60","74.50","71.90","95.42K","+1.18%"
"06/22/2007","72.25","75.00","75.00","72.00","137.56K","-3.67%"
"06/21/2007","75.00","71.80","75.35","71.20","495.00K","+4.46%"
"06/20/2007","71.80","67.60","72.50","67.60","382.92K","+7.16%"
"06/19/2007","67.00","68.00","68.00","66.20","320.87K","-1.69%"
"06/18/2007","68.15","67.20","68.55","67.20","92.61K","+1.87%"
"06/15/2007","66.90","65.50","68.10","64.70","216.99K","+3.24%"
"06/14/2007","64.80","65.00","65.50","64.30","23.62K","+0.70%"
"06/13/2007","64.35","65.50","65.75","64.20","43.65K","-1.76%"
"06/12/2007","65.50","66.10","66.60","65.30","63.40K","+0.38%"
"06/11/2007","65.25","66.10","67.35","64.80","70.31K","-0.61%"
"06/08/2007","65.65","65.10","66.20","65.00","54.16K","-0.83%"
"06/07/2007","66.20","67.30","67.30","66.00","58.39K","-2.29%"
"06/06/2007","67.75","68.80","68.80","66.80","70.28K","-0.44%"
"06/05/2007","68.05","68.50","68.55","67.25","105.21K","+0.44%"
"06/04/2007","67.75","68.00","69.90","66.00","263.56K","+4.63%"
"06/01/2007","64.75","66.05","66.90","64.00","143.84K","-1.37%"
"05/31/2007","65.65","65.00","65.90","64.60","27.94K","+1.31%"
"05/30/2007","64.80","66.00","66.00","64.30","39.63K","-1.52%"
"05/29/2007","65.80","65.00","66.20","65.00","28.17K","+0.53%"
"05/28/2007","65.45","66.85","66.90","65.15","72.98K","-0.30%"
"05/25/2007","65.65","66.00","66.00","65.00","54.09K","-1.94%"
"05/24/2007","66.95","66.95","67.20","66.00","42.80K","+0.15%"
"05/23/2007","66.85","69.00","69.50","66.10","98.76K","-3.67%"
"05/22/2007","69.40","68.70","69.90","68.20","84.24K","+2.28%"
"05/21/2007","67.85","66.90","68.90","66.70","46.78K","+1.42%"
"05/18/2007","66.90","66.60","67.00","65.60","70.52K","-0.82%"
"05/17/2007","67.45","68.30","70.00","67.30","150.10K","-1.60%"
"05/16/2007","68.55","69.20","69.75","67.85","46.76K","-1.51%"
"05/15/2007","69.60","62.70","70.00","62.70","63.00K","-1.42%"
"05/14/2007","70.60","72.00","72.05","70.50","46.78K","-0.77%"
"05/11/2007","71.15","71.25","71.70","67.30","108.07K","-0.77%"
"05/10/2007","71.70","71.50","72.05","71.20","153.67K","+2.36%"
"05/09/2007","70.05","70.95","70.95","68.20","204.13K","-0.07%"
"05/08/2007","70.10","72.50","72.90","69.55","208.26K","-2.98%"
"05/07/2007","72.25","74.90","76.70","71.70","232.28K","-1.83%"
"05/04/2007","73.60","76.00","76.50","72.90","275.34K","-0.81%"
"05/03/2007","74.20","69.00","75.85","68.85","886.92K","+9.28%"
"04/30/2007","67.90","64.50","68.30","64.10","149.61K","+4.06%"
"04/27/2007","65.25","68.00","68.00","65.05","106.10K","-2.17%"
"04/26/2007","66.70","67.95","68.55","64.00","175.82K","+1.99%"
"04/25/2007","65.40","67.10","68.45","64.90","245.13K","-4.04%"
"04/24/2007","68.15","67.50","69.30","66.10","159.42K","+2.79%"
"04/23/2007","66.30","66.50","67.45","65.90","54.60K","+0.23%"
"04/20/2007","66.15","65.00","66.50","64.85","116.77K","+1.69%"
"04/19/2007","65.05","67.45","67.45","64.50","93.06K","-2.62%"
"04/18/2007","66.80","66.00","68.20","66.00","272.66K","+4.46%"
"04/17/2007","63.95","66.95","66.95","63.60","111.30K","-3.18%"
"04/16/2007","66.05","67.50","68.35","65.50","123.16K","-1.64%"
"04/13/2007","67.15","67.00","69.30","66.70","121.72K","-1.54%"
"04/12/2007","68.20","71.00","71.75","67.50","360.46K","-2.78%"
"04/11/2007","70.15","69.95","70.80","67.25","347.45K","+3.31%"
"04/10/2007","67.90","67.65","68.55","67.20","200.42K","+1.34%"
"04/09/2007","67.00","66.00","67.50","65.65","194.71K","+3.40%"
"04/05/2007","64.80","62.70","66.50","62.70","423.62K","+4.85%"
"04/04/2007","61.80","58.40","62.95","58.00","581.76K","+7.67%"
"04/03/2007","57.40","56.00","57.80","56.00","127.07K","+0.61%"
"04/02/2007","57.05","55.00","58.45","54.50","167.33K","+1.06%"
"03/30/2007","56.45","55.20","57.10","55.20","119.13K","+2.73%"
"03/29/2007","54.95","56.00","56.10","54.70","172.26K","-1.08%"
"03/28/2007","55.55","55.50","55.80","55.10","74.82K","-0.80%"
"03/26/2007","56.00","55.40","56.50","55.00","153.57K","+1.82%"
"03/23/2007","55.00","58.30","58.30","54.60","108.79K","-0.90%"
"03/22/2007","55.50","57.00","57.50","55.30","129.54K","-0.80%"
"03/21/2007","55.95","57.00","57.00","55.80","47.47K","-1.76%"
"03/20/2007","56.95","56.90","57.20","56.50","61.65K","+0.98%"
"03/19/2007","56.40","56.85","57.20","55.80","64.30K","+0.09%"
"03/16/2007","56.35","59.90","59.90","55.80","92.15K","-3.18%"
"03/15/2007","58.20","60.25","60.25","57.75","37.99K","+1.39%"
"03/14/2007","57.40","58.50","58.50","57.00","76.87K","-3.37%"
"03/13/2007","59.40","60.00","60.30","59.20","52.91K","+0.17%"
"03/12/2007","59.30","61.00","61.00","59.10","70.74K","-3.03%"
"03/09/2007","61.15","61.80","62.20","59.50","152.93K","+0.08%"
"03/08/2007","61.10","57.50","63.30","57.30","145.96K","+5.07%"
"03/07/2007","58.15","59.45","60.90","55.85","361.43K","-0.43%"
"03/06/2007","58.40","60.50","60.50","57.50","109.64K","+1.04%"
"03/05/2007","57.80","58.50","59.85","55.60","200.47K","-4.23%"
"03/02/2007","60.35","62.50","63.75","60.00","109.48K","-3.05%"
"03/01/2007","62.25","65.85","65.85","61.90","87.13K","-2.96%"
"02/28/2007","64.15","60.50","66.50","57.10","222.58K","-3.53%"
"02/27/2007","66.50","67.20","67.40","65.70","261.19K","-0.60%"
"02/26/2007","66.90","63.30","67.60","63.30","368.24K","+8.25%"
"02/23/2007","61.80","65.00","65.00","61.10","439.55K","-1.28%"
"02/22/2007","62.60","63.30","66.00","62.20","103.86K","-0.08%"
"02/21/2007","62.65","65.00","65.40","62.10","164.16K","-3.84%"
"02/20/2007","65.15","67.60","67.70","64.85","78.25K","-3.62%"
"02/19/2007","67.60","67.50","68.30","66.30","176.05K","+1.50%"
"02/15/2007","66.60","62.90","67.40","62.50","516.91K","+7.42%"
"02/14/2007","62.00","62.60","63.50","61.00","231.90K","-0.40%"
"02/13/2007","62.25","63.30","63.60","61.00","65.51K","-2.43%"
"02/12/2007","63.80","65.90","66.65","63.25","179.60K","-3.84%"
"02/09/2007","66.35","66.50","67.40","66.10","68.02K","-1.56%"
"02/08/2007","67.40","66.00","68.00","64.00","207.70K","+0.45%"
"02/07/2007","67.10","68.80","69.00","66.50","258.14K","+0.45%"
"02/06/2007","66.80","66.10","68.00","66.10","295.24K","+1.06%"
"02/05/2007","66.10","69.30","69.30","64.70","219.23K","-4.69%"
"02/02/2007","69.35","72.80","72.80","69.10","385.44K","-4.08%"
"02/01/2007","72.30","71.20","74.90","70.50","222.19K","+2.19%"
"01/31/2007","70.75","75.10","76.20","70.10","271.81K","-6.85%"
"01/29/2007","75.95","77.60","78.00","75.50","123.17K","-1.68%"
"01/25/2007","77.25","77.10","79.50","76.25","412.17K","+1.78%"
"01/24/2007","75.90","76.25","77.20","75.60","95.71K","+0.20%"
"01/23/2007","75.75","77.50","77.50","72.55","50.64K","-1.56%"
"01/22/2007","76.95","77.15","77.80","75.75","97.06K","-0.58%"
"01/19/2007","77.40","79.50","80.00","77.00","107.44K","-2.40%"
"01/18/2007","79.30","80.00","80.45","78.60","65.35K","-0.88%"
"01/17/2007","80.00","81.30","82.20","72.85","77.22K","-1.66%"
"01/16/2007","81.35","82.70","83.25","81.00","78.53K","-1.63%"
"01/15/2007","82.70","82.50","83.00","81.00","151.99K","+2.35%"
"01/12/2007","80.80","80.00","82.50","80.00","281.28K","+3.00%"
"01/11/2007","78.45","78.80","81.10","76.60","253.47K","+1.49%"
"01/10/2007","77.30","80.50","80.50","76.90","143.24K","-2.52%"
"01/09/2007","79.30","76.50","79.90","76.50","116.87K","+2.65%"
"01/08/2007","77.25","77.35","78.10","76.00","164.18K","-1.53%"
"01/05/2007","78.45","78.70","80.65","78.00","162.97K","-0.32%"
"01/04/2007","78.70","80.80","80.80","77.60","277.81K","-2.84%"
"01/03/2007","81.00","83.50","83.60","80.60","151.29K","-2.76%"
"01/02/2007","83.30","83.95","83.95","82.70","62.41K","+0.79%"
"12/29/2006","82.65","83.35","84.30","82.50","86.79K","-0.30%"
"12/28/2006","82.90","84.00","84.25","82.55","49.13K","-0.42%"
"12/27/2006","83.25","84.00","84.95","83.00","65.99K","-0.24%"
"12/26/2006","83.45","82.50","84.35","82.50","56.35K","+0.06%"
"12/22/2006","83.40","83.50","84.95","81.70","156.54K","+0.00%"
"12/21/2006","83.40","82.50","84.90","82.50","82.20K","+0.42%"
"12/20/2006","83.05","85.10","85.90","82.80","79.70K","-0.42%"
"12/19/2006","83.40","86.00","87.40","82.50","148.99K","-2.85%"
"12/18/2006","85.85","89.95","89.95","85.25","135.61K","-4.08%"
"12/15/2006","89.50","90.00","90.90","88.50","84.84K","+1.07%"
"12/14/2006","88.55","87.85","89.50","86.05","83.03K","+2.19%"
"12/13/2006","86.65","84.50","89.90","81.50","116.09K","+4.71%"
"12/12/2006","82.75","90.45","92.50","72.50","357.68K","-8.41%"
"12/11/2006","90.35","93.10","94.00","87.60","207.60K","-2.48%"
"12/08/2006","92.65","94.45","94.45","91.20","141.69K","-0.27%"
"12/07/2006","92.90","95.50","96.40","91.55","129.10K","-1.75%"
"12/06/2006","94.55","97.00","97.50","94.00","99.40K","-1.66%"
"12/05/2006","96.15","97.45","97.90","95.40","154.22K","-0.77%"
"12/04/2006","96.90","97.45","98.20","95.10","166.09K","+0.31%"
"12/01/2006","96.60","95.00","98.25","93.70","223.80K","+1.68%"
"11/30/2006","95.00","93.50","96.30","93.40","137.41K","+1.77%"
"11/29/2006","93.35","91.80","94.60","91.25","108.25K","+0.70%"
"11/28/2006","92.70","97.50","97.50","91.10","246.29K","-4.48%"
"11/27/2006","97.05","92.50","98.40","92.50","686.69K","+5.43%"
"11/24/2006","92.05","94.85","97.45","91.55","164.64K","+0.55%"
"11/23/2006","91.55","94.45","94.45","90.50","286.86K","-0.97%"
"11/22/2006","92.45","88.00","94.80","88.00","280.85K","+6.14%"
"11/21/2006","87.10","85.95","89.60","85.95","73.08K","+5906.90%"
"03/31/2003","1.45","1.50","1.50","1.45","34.71K","-3.33%"
"03/28/2003","1.50","1.50","1.50","1.50","6.10K","+0.00%"
"03/27/2003","1.50","1.50","1.55","1.50","17.94K","+0.00%"
"03/26/2003","1.50","1.50","1.50","1.50","34.72K","+0.00%"
"03/25/2003","1.50","1.45","1.50","1.45","24.11K","+0.00%"
"03/24/2003","1.50","1.55","1.55","1.50","24.41K","+0.00%"
"03/22/2003","1.50","1.75","1.75","1.50","6.08K","+0.00%"
"03/21/2003","1.50","1.55","1.55","1.45","22.83K","+0.00%"
"03/20/2003","1.50","1.50","1.55","1.50","30.61K","+0.00%"
"03/19/2003","1.50","1.50","1.50","1.50","31.70K","+0.00%"
"03/17/2003","1.50","1.50","1.50","1.45","41.79K","+0.00%"
"03/13/2003","1.50","1.50","1.55","1.50","50.34K","+0.00%"
"03/12/2003","1.50","1.65","1.65","1.50","26.61K","-3.23%"
"03/11/2003","1.55","1.50","1.65","1.50","42.16K","+3.33%"
"03/10/2003","1.50","1.60","1.60","1.50","47.52K","-3.23%"
"03/07/2003","1.55","1.55","1.60","1.55","200.83K","-3.13%"
"03/06/2003","1.60","1.60","1.65","1.60","38.69K","+0.00%"
"03/05/2003","1.60","1.65","1.65","1.60","37.56K","+0.00%"
"03/04/2003","1.60","1.65","1.70","1.60","22.21K","-3.03%"
"03/03/2003","1.65","1.70","1.70","1.60","22.83K","+0.00%"
"02/28/2003","1.65","1.70","1.70","1.65","9.15K","+0.00%"
"02/27/2003","1.65","1.65","1.70","1.65","30.08K","+0.00%"
"02/26/2003","1.65","1.70","1.70","1.65","28.99K","-2.94%"
"02/25/2003","1.70","1.70","1.70","1.70","34.63K","+0.00%"
"02/24/2003","1.70","1.70","1.70","1.65","20.37K","+0.00%"
"02/21/2003","1.70","1.75","1.75","1.70","47.98K","+0.00%"
"02/20/2003","1.70","1.85","1.85","1.65","23.42K","+0.00%"
"02/19/2003","1.70","1.70","1.70","1.70","22.93K","+0.00%"
"02/18/2003","1.70","1.70","1.75","1.70","44.54K","+0.00%"
"02/17/2003","1.70","1.65","1.70","1.65","18.98K","+3.03%"
"02/14/2003","1.65","1.65","1.70","1.60","21.89K","+0.00%"
"02/12/2003","1.65","1.75","1.75","1.65","16.32K","-2.94%"
"02/11/2003","1.70","1.65","1.75","1.65","32.86K","+0.00%"
"02/10/2003","1.70","1.75","1.75","1.65","37.44K","+0.00%"
"02/07/2003","1.70","1.80","1.80","1.70","24.53K","-2.86%"
"02/06/2003","1.75","1.80","1.80","1.70","30.23K","+0.00%"
"02/05/2003","1.75","1.80","1.80","1.75","48.59K","+0.00%"
"02/04/2003","1.75","1.80","1.80","1.75","33.34K","+0.00%"
"02/03/2003","1.75","1.80","1.80","1.75","10.27K","+0.00%"
"01/31/2003","1.75","1.75","1.80","1.75","15.07K","+0.00%"
"01/30/2003","1.75","1.80","1.80","1.75","18.54K","-2.78%"
"01/29/2003","1.80","1.90","1.90","1.75","29.85K","+2.86%"
"01/28/2003","1.75","1.80","1.80","1.75","44.70K","-2.78%"
"01/27/2003","1.80","1.90","1.90","1.80","73.08K","+0.00%"
"01/24/2003","1.80","1.90","2.05","1.80","59.59K","-2.70%"
"01/23/2003","1.85","1.85","1.95","1.85","169.92K","+0.00%"
"01/22/2003","1.85","1.70","1.85","1.70","114.22K","+8.82%"
"01/21/2003","1.70","1.75","1.75","1.70","13.14K","+0.00%"
"01/20/2003","1.70","1.75","1.75","1.70","31.81K","+0.00%"
"01/17/2003","1.70","1.70","1.70","1.65","23.81K","+0.00%"
"01/16/2003","1.70","1.70","1.70","1.65","9.29K","+3.03%"
"01/15/2003","1.65","1.70","1.70","1.65","28.70K","-2.94%"
"01/14/2003","1.70","1.65","1.70","1.65","9.89K","+0.00%"
"01/13/2003","1.70","1.70","1.70","1.70","15.54K","+0.00%"
"01/10/2003","1.70","1.70","1.70","1.70","15.61K","+0.00%"
"01/09/2003","1.70","1.70","1.75","1.70","19.01K","+0.00%"
"01/08/2003","1.70","1.90","1.90","1.70","19.12K","+0.00%"
"01/07/2003","1.70","1.70","1.75","1.70","24.12K","-2.86%"
"01/06/2003","1.75","1.80","1.80","1.75","9.64K","+0.00%"
"01/03/2003","1.75","1.75","1.80","1.75","10.83K","+0.00%"
"01/02/2003","1.75","1.80","1.80","1.75","10.24K","+0.00%"
"01/01/2003","1.75","1.80","1.80","1.75","18.39K","+0.00%"
