"Date","Price","Open","High","Low","Vol.","Change %"
"07/13/2026","104.43","102.96","105.00","101.00","793.87K","+1.41%"
"07/10/2026","102.98","102.90","103.50","102.14","362.70K","+0.66%"
"07/09/2026","102.30","102.41","103.65","101.10","667.15K","+0.30%"
"07/08/2026","101.99","105.50","106.29","101.12","952.50K","-4.21%"
"07/07/2026","106.47","107.25","108.79","105.20","1.08M","-0.35%"
"07/06/2026","106.84","104.60","107.47","104.17","1.48M","+2.56%"
"07/03/2026","104.17","107.00","107.65","103.50","1.74M","-2.13%"
"07/02/2026","106.44","106.50","109.29","105.95","872.13K","+0.48%"
"07/01/2026","105.93","108.33","109.09","105.55","819.96K","-2.00%"
"06/30/2026","108.09","108.25","109.73","106.94","683.80K","-0.51%"
"06/29/2026","108.64","110.40","111.07","108.00","754.17K","-2.57%"
"06/25/2026","111.50","110.29","113.90","110.29","1.52M","+1.39%"
"06/24/2026","109.97","112.81","112.81","109.16","781.08K","-1.78%"
"06/23/2026","111.96","115.10","115.10","110.40","992.07K","-2.73%"
"06/22/2026","115.10","112.95","115.90","111.76","2.48M","+3.14%"
"06/19/2026","111.60","116.03","116.03","108.71","2.95M","-4.26%"
"06/18/2026","116.56","111.26","117.00","110.46","3.88M","+4.76%"
"06/17/2026","111.26","108.89","113.44","107.84","3.53M","+3.17%"
"06/16/2026","107.84","108.55","110.46","106.07","1.14M","-0.65%"
"06/15/2026","108.55","111.90","113.00","107.25","2.37M","-1.12%"
"06/12/2026","109.78","110.01","112.00","108.12","2.78M","+1.50%"
"06/11/2026","108.16","112.94","113.00","106.76","5.75M","-6.01%"
"06/10/2026","115.08","113.38","115.99","111.20","15.64M","+1.99%"
"06/09/2026","112.84","105.91","114.85","105.30","48.04M","+7.65%"
"06/08/2026","104.82","92.00","109.70","92.00","51.17M","+11.68%"
"06/05/2026","93.86","93.37","94.66","92.60","2.35M","+1.83%"
"06/04/2026","92.17","90.85","97.50","90.70","3.45M","+0.80%"
"06/03/2026","91.44","91.97","92.17","90.65","800.13K","-0.58%"
"06/02/2026","91.97","92.80","93.12","91.25","1.75M","-2.09%"
"06/01/2026","93.93","92.50","95.55","91.57","2.09M","+3.32%"
"05/29/2026","90.91","92.67","96.79","89.71","6.91M","-1.61%"
"05/27/2026","92.40","92.60","93.50","92.00","715.85K","-0.41%"
"05/26/2026","92.78","92.65","95.66","92.50","977.11K","-0.42%"
"05/25/2026","93.17","92.80","95.68","92.26","1.19M","+1.56%"
"05/22/2026","91.74","94.00","94.09","91.02","1.16M","-1.43%"
"05/21/2026","93.07","93.97","94.49","92.15","2.52M","-0.26%"
"05/20/2026","93.31","93.00","93.86","91.10","669.93K","+0.14%"
"05/19/2026","93.18","92.45","94.14","91.50","817.99K","+0.28%"
"05/18/2026","92.92","94.00","94.24","90.20","1.01M","-1.92%"
"05/15/2026","94.74","92.86","95.30","91.86","1.08M","+2.58%"
"05/14/2026","92.36","95.00","95.81","91.28","1.16M","-3.45%"
"05/13/2026","95.66","89.00","98.90","88.00","4.14M","+2.39%"
"05/12/2026","93.43","92.61","94.50","91.11","1.51M","+0.52%"
"05/11/2026","92.95","96.66","96.66","91.78","1.45M","-3.94%"
"05/08/2026","96.76","100.00","100.52","96.40","959.18K","-2.94%"
"05/07/2026","99.69","98.00","101.20","97.13","1.90M","+2.82%"
"05/06/2026","96.96","93.00","97.49","92.44","1.27M","+5.46%"
"05/05/2026","91.94","93.46","94.38","91.60","1.35M","-2.12%"
"05/04/2026","93.93","94.04","95.28","92.81","630.75K","+0.41%"
"04/30/2026","93.55","95.95","95.95","92.60","1.47M","-1.61%"
"04/29/2026","95.08","99.50","99.59","94.33","1.32M","-3.55%"
"04/28/2026","98.58","99.19","99.76","97.69","1.07M","-0.63%"
"04/27/2026","99.20","98.01","99.47","97.51","1.24M","+2.13%"
"04/24/2026","97.13","100.20","101.80","95.77","1.34M","-2.62%"
"04/23/2026","99.74","106.42","106.86","98.55","2.59M","-6.80%"
"04/22/2026","107.02","107.21","108.40","105.27","678.12K","-0.26%"
"04/21/2026","107.30","105.73","108.15","105.73","982.48K","+2.30%"
"04/20/2026","104.89","111.48","111.48","104.20","1.78M","-5.43%"
"04/17/2026","110.91","109.28","111.75","108.07","1.08M","+1.49%"
"04/16/2026","109.28","108.94","110.08","106.90","1.23M","+1.47%"
"04/15/2026","107.70","106.01","109.35","106.01","1.27M","+3.95%"
"04/13/2026","103.61","103.00","105.86","102.25","1.55M","-3.04%"
"04/10/2026","106.86","102.70","108.40","102.64","1.88M","+4.64%"
"04/09/2026","102.12","103.43","104.58","100.52","960.31K","-0.34%"
"04/08/2026","102.47","102.00","103.36","99.57","811.25K","+5.74%"
"04/07/2026","96.91","96.00","97.61","95.30","909.24K","-0.31%"
"04/06/2026","97.21","95.90","98.00","93.31","1.01M","+1.58%"
"04/02/2026","95.70","93.50","96.00","90.62","732.97K","-0.08%"
"04/01/2026","95.78","94.00","96.79","91.84","750.93K","+6.62%"
"03/30/2026","89.83","92.80","93.86","88.50","1.15M","-4.31%"
"03/27/2026","93.88","95.20","95.80","92.00","2.24M","-2.09%"
"03/25/2026","95.88","96.00","99.84","95.35","1.56M","+1.17%"
"03/24/2026","94.77","95.90","96.80","93.45","1.29M","+1.28%"
"03/23/2026","93.57","103.50","103.50","92.99","2.34M","-9.45%"
"03/20/2026","103.34","101.00","106.20","99.50","2.93M","+4.63%"
"03/19/2026","98.77","93.50","100.00","93.00","3.72M","+1.74%"
"03/18/2026","97.08","90.25","97.79","89.21","3.91M","+9.78%"
"03/17/2026","88.43","88.00","89.25","86.35","1.55M","+0.40%"
"03/16/2026","88.08","88.31","88.95","86.55","695.70K","-0.68%"
"03/13/2026","88.68","90.21","91.22","87.10","1.27M","-3.18%"
"03/12/2026","91.59","91.20","94.60","88.98","1.27M","-1.59%"
"03/11/2026","93.07","93.89","96.80","92.05","1.00M","-0.87%"
"03/10/2026","93.89","90.10","95.49","88.12","1.64M","+6.71%"
"03/09/2026","87.99","90.00","90.98","86.66","1.19M","-4.55%"
"03/06/2026","92.18","93.55","95.44","91.35","790.00K","-2.21%"
"03/05/2026","94.26","97.16","97.16","92.95","1.65M","-1.41%"
"03/04/2026","95.61","97.75","99.50","94.35","862.34K","-4.47%"
"03/02/2026","100.08","98.80","101.23","98.06","659.18K","-2.77%"
"02/27/2026","102.93","105.80","105.80","101.70","830.60K","-1.88%"
"02/26/2026","104.90","103.87","106.00","103.43","410.37K","+1.09%"
"02/25/2026","103.77","107.63","107.90","101.81","1.31M","-3.14%"
"02/24/2026","107.13","109.43","110.10","106.00","603.01K","-2.00%"
"02/23/2026","109.32","110.50","110.59","108.66","598.28K","-1.41%"
"02/20/2026","110.88","109.92","111.30","108.65","2.16M","+1.31%"
"02/19/2026","109.45","111.28","114.49","108.96","751.55K","-1.51%"
"02/18/2026","111.13","110.52","112.52","109.02","2.81M","+0.55%"
"02/17/2026","110.52","111.05","112.98","109.83","697.92K","-0.95%"
"02/16/2026","111.58","113.40","114.00","110.75","529.98K","-1.27%"
"02/13/2026","113.01","112.85","114.01","110.66","467.83K","+0.12%"
"02/12/2026","112.88","115.10","115.15","112.02","383.87K","-1.88%"
"02/11/2026","115.04","116.00","117.10","114.16","592.57K","-0.04%"
"02/10/2026","115.09","117.90","120.50","114.51","799.93K","-2.38%"
"02/09/2026","117.90","112.00","120.49","111.53","1.64M","+6.80%"
"02/06/2026","110.39","115.47","116.30","109.15","1.37M","-4.43%"
"02/05/2026","115.51","121.50","121.68","114.00","1.23M","-3.97%"
"02/04/2026","120.28","121.50","123.14","119.32","828.92K","-1.19%"
"02/03/2026","121.73","124.80","126.70","121.20","625.80K","+0.83%"
"02/02/2026","120.73","123.11","124.40","119.21","618.10K","-1.48%"
"02/01/2026","122.54","122.97","129.00","117.45","1.67M","-0.02%"
"01/30/2026","122.57","124.10","126.00","121.70","838.21K","-1.76%"
"01/29/2026","124.77","128.00","128.27","123.00","240.58K","-2.43%"
"01/28/2026","127.88","122.68","129.10","122.68","509.32K","+4.24%"
"01/27/2026","122.68","123.20","124.01","120.37","365.69K","-0.98%"
"01/23/2026","123.89","129.00","129.00","123.11","215.42K","-2.53%"
"01/22/2026","127.10","124.55","129.44","124.55","258.00K","+2.14%"
"01/21/2026","124.44","127.20","128.36","122.36","649.08K","-3.05%"
"01/20/2026","128.35","131.23","131.89","127.10","310.66K","-2.74%"
"01/19/2026","131.96","135.40","135.49","131.00","516.06K","-3.17%"
"01/16/2026","136.28","137.84","139.39","135.10","330.28K","-1.24%"
"01/14/2026","137.99","138.60","141.50","136.10","1.02M","-0.35%"
"01/13/2026","138.47","137.95","139.75","137.17","695.09K","+1.27%"
"01/12/2026","136.74","137.69","139.99","133.97","512.30K","-1.19%"
"01/09/2026","138.38","138.27","140.30","137.75","292.19K","-0.43%"
"01/08/2026","138.98","141.11","142.39","136.25","603.31K","-2.09%"
"01/07/2026","141.94","143.12","143.12","141.25","279.99K","-1.31%"
"01/06/2026","143.83","144.12","145.30","140.70","371.37K","-0.20%"
"01/05/2026","144.12","144.00","145.15","142.65","304.04K","-0.59%"
"01/02/2026","144.98","148.10","148.69","143.81","466.21K","-2.40%"
"01/01/2026","148.55","150.00","150.50","147.73","342.23K","-0.12%"
"12/31/2025","148.73","140.16","149.99","139.40","1.26M","+6.64%"
"12/30/2025","139.47","138.40","140.55","137.46","310.33K","+0.17%"
"12/29/2025","139.23","143.34","143.34","138.50","308.43K","-2.53%"
"12/26/2025","142.85","143.20","144.40","141.80","318.69K","-0.06%"
"12/24/2025","142.93","144.35","145.26","142.49","180.50K","-1.24%"
"12/23/2025","144.72","146.00","146.01","143.60","264.97K","-0.08%"
"12/22/2025","144.83","143.90","145.59","142.82","454.64K","+1.07%"
"12/19/2025","143.29","141.18","144.45","140.01","608.00K","+1.66%"
"12/18/2025","140.95","142.10","142.50","137.81","1.20M","-0.81%"
"12/17/2025","142.10","146.08","146.49","141.25","530.92K","-2.53%"
"12/16/2025","145.79","144.89","146.50","143.64","523.03K","+1.19%"
"12/15/2025","144.08","138.70","145.29","138.31","2.57M","+3.51%"
"12/12/2025","139.19","141.20","141.90","138.52","2.02M","-0.39%"
"12/11/2025","139.73","138.60","140.79","138.38","378.84K","+0.36%"
"12/10/2025","139.23","140.00","141.45","138.05","410.36K","-0.09%"
"12/09/2025","139.35","136.71","140.20","134.01","1.13M","+1.36%"
"12/08/2025","137.48","141.00","141.38","136.71","411.17K","-2.76%"
"12/05/2025","141.38","140.71","142.10","139.40","676.76K","+0.48%"
"12/04/2025","140.71","143.00","143.74","139.70","873.57K","-1.94%"
"12/03/2025","143.49","147.03","147.13","142.25","675.71K","-2.41%"
"12/02/2025","147.03","147.39","147.54","142.89","664.58K","-0.24%"
"12/01/2025","147.39","149.43","150.10","146.62","446.28K","-0.58%"
"11/28/2025","148.25","148.00","149.14","147.50","847.81K","+0.24%"
"11/27/2025","147.90","151.00","152.76","146.56","596.39K","-1.60%"
"11/26/2025","150.30","151.54","151.90","148.00","481.95K","-0.49%"
"11/25/2025","151.04","155.21","155.21","150.65","498.83K","-1.91%"
"11/24/2025","153.98","158.75","159.54","152.45","598.70K","-2.99%"
"11/21/2025","158.72","159.75","161.70","156.75","813.38K","-0.45%"
"11/20/2025","159.43","158.09","160.00","152.65","1.10M","+1.76%"
"11/19/2025","156.67","158.12","160.01","155.63","662.85K","-0.72%"
"11/18/2025","157.80","153.95","158.44","153.21","1.29M","+2.60%"
"11/17/2025","153.80","154.99","156.49","153.00","347.43K","-0.49%"
"11/14/2025","154.55","149.25","155.17","149.02","540.22K","+3.72%"
"11/13/2025","149.01","151.90","151.90","144.43","2.07M","-3.01%"
"11/12/2025","153.64","153.50","156.00","153.21","352.98K","+0.30%"
"11/11/2025","153.18","154.00","154.78","152.79","285.73K","-0.53%"
"11/10/2025","154.00","155.00","156.00","152.70","2.17M","-1.16%"
"11/07/2025","155.80","153.80","156.64","152.30","519.80K","+1.57%"
"11/06/2025","153.39","161.85","162.00","152.85","804.23K","-5.22%"
"11/04/2025","161.84","165.48","165.48","160.00","318.47K","-1.82%"
"11/03/2025","164.84","160.61","165.15","160.61","521.73K","+1.85%"
"10/31/2025","161.84","163.40","164.90","158.30","362.11K","-0.92%"
"10/30/2025","163.34","162.77","164.12","161.70","436.49K","+0.35%"
"10/29/2025","162.77","162.45","163.27","160.11","416.45K","+0.22%"
"10/28/2025","162.42","165.80","165.80","161.60","388.15K","-1.84%"
"10/27/2025","165.47","163.97","166.50","163.26","523.61K","+0.91%"
"10/24/2025","163.97","163.50","165.00","162.06","441.13K","-0.19%"
"10/23/2025","164.28","168.53","168.73","162.16","654.64K","-1.84%"
"10/21/2025","167.36","164.56","169.00","163.40","286.30K","+0.17%"
"10/20/2025","167.07","163.85","168.10","162.36","733.44K","+2.80%"
"10/17/2025","162.52","165.25","165.80","161.10","279.56K","-1.97%"
"10/16/2025","165.78","163.82","167.93","163.40","1.14M","+1.20%"
"10/15/2025","163.82","164.50","166.50","162.00","833.17K","-0.41%"
"10/14/2025","164.49","161.00","165.19","159.69","2.16M","+2.43%"
"10/13/2025","160.58","153.90","161.80","151.39","2.84M","+5.15%"
"10/10/2025","152.72","151.95","153.93","150.90","3.94M","+0.95%"
"10/09/2025","151.29","155.07","156.31","150.37","845.45K","-2.44%"
"10/08/2025","155.07","157.45","157.50","154.10","564.73K","-1.27%"
"10/07/2025","157.07","157.06","159.99","154.69","858.40K","+0.34%"
"10/06/2025","156.53","159.64","160.41","155.93","336.27K","-1.88%"
"10/03/2025","159.53","159.07","160.00","156.67","584.76K","+0.38%"
"10/01/2025","158.92","157.95","160.29","157.10","590.72K","+0.46%"
"09/30/2025","158.19","161.80","164.27","156.10","923.24K","+0.62%"
"09/29/2025","157.21","163.90","163.90","156.90","944.09K","-3.39%"
"09/26/2025","162.73","165.55","167.53","161.10","755.02K","-2.32%"
"09/25/2025","166.60","166.91","168.00","164.77","641.47K","-0.19%"
"09/24/2025","166.91","166.30","168.99","165.40","426.06K","+0.32%"
"09/23/2025","166.38","168.21","169.88","165.88","1.30M","-1.30%"
"09/22/2025","168.57","172.00","173.36","167.26","693.76K","-2.10%"
"09/19/2025","172.18","170.50","173.00","166.25","2.06M","+1.73%"
"09/18/2025","169.25","174.39","175.00","168.70","671.13K","-2.45%"
"09/17/2025","173.50","173.47","174.89","171.45","708.23K","+0.02%"
"09/16/2025","173.47","173.00","174.44","171.47","580.13K","+1.43%"
"09/15/2025","171.02","173.87","174.08","169.00","1.04M","-1.10%"
"09/12/2025","172.92","178.60","179.20","172.12","1.26M","-2.64%"
"09/11/2025","177.61","177.20","180.20","176.47","555.40K","+0.54%"
"09/10/2025","176.66","177.69","180.00","175.62","519.14K","-0.01%"
"09/09/2025","176.68","178.19","181.20","176.01","867.66K","-0.85%"
"09/08/2025","178.19","179.50","181.41","176.56","739.31K","-0.47%"
"09/05/2025","179.04","178.30","180.90","176.53","549.53K","+0.42%"
"09/04/2025","178.30","178.90","180.19","176.00","526.11K","+0.39%"
"09/03/2025","177.60","172.70","180.95","172.60","1.91M","+2.90%"
"09/02/2025","172.60","177.34","178.47","171.00","797.92K","-2.67%"
"09/01/2025","177.34","179.50","181.55","176.24","932.07K","-0.22%"
"08/29/2025","177.73","178.00","180.50","177.00","1.31M","+0.11%"
"08/28/2025","177.54","174.30","179.75","173.01","1.73M","+1.92%"
"08/26/2025","174.20","175.50","176.79","173.25","665.47K","-1.37%"
"08/25/2025","176.62","173.87","177.88","172.70","2.09M","+2.61%"
"08/22/2025","172.13","173.50","174.70","171.50","1.07M","-1.01%"
"08/21/2025","173.88","171.90","175.80","170.70","2.10M","+1.76%"
"08/20/2025","170.88","166.02","172.00","165.80","1.76M","+2.59%"
"08/19/2025","166.57","162.75","167.20","162.15","1.08M","+2.14%"
"08/18/2025","163.08","159.53","165.00","153.61","5.25M","+2.87%"
"08/14/2025","158.53","158.58","160.00","155.00","860.65K","+0.53%"
"08/13/2025","157.69","159.23","159.23","154.41","898.33K","+0.00%"
"08/12/2025","157.69","154.00","159.69","153.61","1.23M","+2.78%"
"08/11/2025","153.43","153.00","155.25","151.46","519.61K","-0.08%"
"08/08/2025","153.56","152.96","155.24","151.70","645.25K","-0.30%"
"08/07/2025","154.02","150.00","154.85","148.29","1.14M","+2.34%"
"08/06/2025","150.50","150.39","152.36","144.74","2.13M","+0.07%"
"08/05/2025","150.39","161.05","162.45","149.60","2.06M","-6.49%"
"08/04/2025","160.82","160.45","162.00","158.37","1.09M","+0.24%"
"08/01/2025","160.43","168.91","170.10","158.61","1.25M","-5.26%"
"07/31/2025","169.34","166.20","176.40","164.60","4.52M","+1.39%"
"07/30/2025","167.02","169.45","172.60","165.00","1.20M","-1.16%"
"07/29/2025","168.98","171.24","175.02","167.81","1.80M","-1.32%"
"07/28/2025","171.24","170.46","178.53","166.94","3.47M","+0.46%"
"07/25/2025","170.46","178.50","180.53","169.29","2.66M","-3.59%"
"07/24/2025","176.80","185.50","186.90","175.00","1.87M","-4.26%"
"07/23/2025","184.66","187.00","188.29","181.40","2.23M","-0.84%"
"07/22/2025","186.22","177.60","187.00","177.33","7.19M","+5.15%"
"07/21/2025","177.10","179.00","183.30","175.50","2.18M","-0.81%"
"07/18/2025","178.54","180.00","181.90","173.01","4.05M","+0.48%"
"07/17/2025","177.69","167.29","180.00","166.50","10.04M","+7.09%"
"07/16/2025","165.92","165.20","169.00","165.20","978.84K","+0.77%"
"07/15/2025","164.65","165.01","169.84","164.25","1.34M","-0.07%"
"07/14/2025","164.77","163.00","167.60","162.01","1.98M","+1.17%"
"07/11/2025","162.87","169.30","171.05","162.00","1.54M","-3.80%"
"07/10/2025","169.31","164.80","170.10","164.65","1.08M","+1.74%"
"07/09/2025","166.41","164.62","169.44","163.71","1.75M","+1.15%"
"07/08/2025","164.52","157.84","165.30","157.00","1.87M","+4.62%"
"07/07/2025","157.25","165.00","167.08","155.36","1.62M","-4.22%"
"07/04/2025","164.17","158.15","167.20","158.15","4.91M","+3.85%"
"07/03/2025","158.09","160.00","160.80","157.51","567.19K","+0.50%"
"07/02/2025","157.31","161.21","162.09","156.05","934.14K","-2.42%"
"07/01/2025","161.21","163.60","165.53","159.60","647.49K","-1.42%"
"06/30/2025","163.53","162.93","167.33","160.32","1.12M","+0.75%"
"06/27/2025","162.32","166.36","169.31","161.00","1.13M","-1.52%"
"06/26/2025","164.83","165.00","167.40","162.40","1.49M","+0.00%"
"06/25/2025","164.83","158.46","165.69","156.70","2.25M","+5.08%"
"06/24/2025","156.86","158.88","160.79","152.75","1.14M","+0.79%"
"06/23/2025","155.63","156.25","158.54","155.20","635.22K","-1.95%"
"06/20/2025","158.72","161.63","163.42","158.34","755.73K","-2.54%"
"06/19/2025","162.85","165.42","166.23","159.25","946.23K","-1.03%"
"06/18/2025","164.54","160.99","166.04","159.76","806.18K","+1.47%"
"06/17/2025","162.16","165.95","165.95","160.20","719.60K","-0.80%"
"06/16/2025","163.46","160.30","164.00","156.86","1.79M","+1.40%"
"06/13/2025","161.20","159.85","164.24","158.16","831.82K","-1.68%"
"06/12/2025","163.95","171.00","171.87","163.10","854.44K","-4.16%"
"06/11/2025","171.07","174.50","176.46","169.00","869.80K","-1.20%"
"06/10/2025","173.14","170.50","174.55","168.01","1.13M","+1.97%"
"06/09/2025","169.80","171.86","171.86","166.68","1.35M","+0.16%"
"06/06/2025","169.53","174.21","176.04","168.66","1.32M","-3.22%"
"06/05/2025","175.17","176.10","179.05","172.24","1.56M","-0.61%"
"06/04/2025","176.24","171.45","177.90","170.35","1.50M","+2.28%"
"06/03/2025","172.31","175.44","178.25","170.10","2.36M","-1.43%"
"06/02/2025","174.81","173.99","177.00","171.46","2.38M","+1.27%"
"05/30/2025","172.62","159.11","173.90","159.11","4.64M","+7.61%"
"05/29/2025","160.42","161.02","162.10","159.48","331.54K","-0.84%"
"05/28/2025","161.78","159.90","163.50","156.55","1.21M","+1.75%"
"05/27/2025","159.00","157.10","161.70","157.10","619.14K","+0.12%"
"05/26/2025","158.81","168.00","169.64","158.25","2.24M","-5.49%"
"05/23/2025","168.03","168.72","170.20","165.20","828.02K","-0.57%"
"05/22/2025","168.99","167.00","170.25","163.80","2.51M","+1.19%"
"05/21/2025","167.00","156.11","168.00","155.80","5.92M","+7.22%"
"05/20/2025","155.75","146.80","157.50","146.40","5.73M","+6.17%"
"05/19/2025","146.70","143.42","148.00","142.10","1.37M","+4.47%"
"05/16/2025","140.42","146.50","147.64","139.90","2.07M","-3.79%"
"05/15/2025","145.95","144.15","149.24","143.01","1.92M","+1.62%"
"05/14/2025","143.62","140.71","145.80","140.56","2.31M","+2.54%"
"05/13/2025","140.06","144.00","151.39","139.31","3.04M","-3.32%"
"05/12/2025","144.87","138.00","148.70","134.40","2.46M","+13.91%"
"05/09/2025","127.18","127.00","129.47","125.50","669.20K","-3.75%"
"05/08/2025","132.14","131.00","138.57","131.00","854.45K","+2.17%"
"05/07/2025","129.33","128.00","131.77","127.62","1.02M","-1.66%"
"05/06/2025","131.51","136.10","138.84","130.10","906.71K","-5.75%"
"05/05/2025","139.53","135.92","140.65","133.70","972.60K","+3.45%"
"05/02/2025","134.88","136.40","140.52","133.94","1.22M","+0.40%"
"04/30/2025","134.34","140.14","140.90","133.70","1.02M","-3.51%"
"04/29/2025","139.23","139.00","141.63","138.00","483.20K","+0.32%"
"04/28/2025","138.79","140.65","146.50","138.20","787.03K","-2.79%"
"04/25/2025","142.78","147.00","148.30","138.37","1.21M","-2.29%"
"04/24/2025","146.13","145.40","154.05","145.40","1.85M","-1.01%"
"04/23/2025","147.62","149.00","149.40","144.64","1.05M","+0.22%"
"04/22/2025","147.30","146.80","149.20","143.48","1.46M","+1.99%"
"04/21/2025","144.42","147.00","148.49","140.68","1.61M","-0.67%"
"04/17/2025","145.39","145.04","146.25","141.75","710.03K","+0.45%"
"04/16/2025","144.74","140.00","145.00","139.27","1.31M","+3.93%"
"04/15/2025","139.27","134.99","143.54","133.49","1.61M","+6.06%"
"04/11/2025","131.31","127.00","131.71","126.50","593.45K","+5.92%"
"04/09/2025","123.97","128.50","128.93","123.33","605.82K","-3.00%"
"04/08/2025","127.81","132.43","135.31","127.25","1.27M","-2.95%"
"04/07/2025","131.70","126.00","134.00","123.01","717.54K","-1.72%"
"04/04/2025","134.01","139.30","140.02","132.50","919.05K","-4.37%"
"04/03/2025","140.14","132.15","140.74","132.15","722.85K","+3.60%"
"04/02/2025","135.27","135.19","136.48","131.75","672.70K","-0.85%"
"04/01/2025","136.43","134.71","137.20","133.31","461.89K","+1.28%"
"03/28/2025","134.71","137.40","139.90","134.21","1.27M","-0.49%"
"03/27/2025","135.37","130.00","136.75","129.71","1.10M","+2.65%"
"03/26/2025","131.87","137.55","138.45","130.80","830.93K","-3.77%"
"03/25/2025","137.03","144.64","144.64","136.15","1.09M","-3.74%"
"03/24/2025","142.35","140.66","144.05","139.62","1.16M","+1.11%"
"03/21/2025","140.79","134.10","141.75","133.50","1.64M","+5.41%"
"03/20/2025","133.57","136.80","137.74","132.64","926.91K","-0.38%"
"03/19/2025","134.08","133.66","137.40","133.00","1.26M","+0.82%"
"03/18/2025","132.99","127.00","133.98","126.00","929.79K","+6.61%"
"03/17/2025","124.74","128.60","130.69","123.41","1.15M","-2.99%"
"03/13/2025","128.58","131.00","133.50","127.99","706.70K","-1.50%"
"03/12/2025","130.54","134.90","137.50","129.81","877.69K","-2.73%"
"03/11/2025","134.21","137.00","139.70","132.25","827.43K","-4.84%"
"03/10/2025","141.03","138.10","142.50","136.10","1.50M","+2.31%"
"03/07/2025","137.85","137.01","141.24","136.98","866.44K","-0.75%"
"03/06/2025","138.89","137.00","140.09","135.10","1.55M","+4.18%"
"03/05/2025","133.32","121.80","134.50","121.79","1.84M","+9.67%"
"03/04/2025","121.56","123.00","124.74","119.51","1.61M","-2.77%"
"03/03/2025","125.02","125.49","126.79","119.20","837.41K","+0.10%"
"02/28/2025","124.90","126.60","126.86","121.97","749.34K","-1.84%"
"02/27/2025","127.24","130.66","131.95","125.07","1.28M","-2.18%"
"02/25/2025","130.07","135.60","137.00","129.50","825.40K","-3.75%"
"02/24/2025","135.14","129.40","135.95","128.51","1.33M","+1.94%"
"02/21/2025","132.57","132.00","135.80","127.51","1.43M","-0.79%"
"02/20/2025","133.63","119.98","136.50","119.17","5.03M","+11.84%"
"02/19/2025","119.48","119.43","125.44","118.40","2.48M","+0.09%"
"02/18/2025","119.37","125.80","128.33","118.25","1.79M","-4.76%"
"02/17/2025","125.34","131.33","131.50","125.00","1.42M","-5.08%"
"02/14/2025","132.05","136.49","136.49","127.56","1.36M","-2.12%"
"02/13/2025","134.91","135.38","144.00","134.10","1.29M","+0.18%"
"02/12/2025","134.67","131.80","136.47","127.75","3.32M","+2.54%"
"02/11/2025","131.34","138.86","138.86","130.55","1.25M","-4.90%"
"02/10/2025","138.11","143.80","143.80","135.80","1.31M","-3.15%"
"02/07/2025","142.60","145.33","145.76","140.76","1.15M","-1.20%"
"02/06/2025","144.33","145.40","146.99","142.79","1.29M","+0.30%"
"02/05/2025","143.90","145.00","147.00","142.55","1.18M","+0.76%"
"02/04/2025","142.81","157.00","157.00","142.25","3.21M","-12.68%"
"02/03/2025","163.55","165.00","168.60","160.48","998.87K","-0.88%"
"02/01/2025","165.00","157.69","172.00","151.00","1.28M","+6.21%"
"01/31/2025","155.35","154.80","156.49","153.10","443.10K","+1.02%"
"01/30/2025","153.78","153.32","157.50","151.82","531.29K","+0.71%"
"01/29/2025","152.69","149.80","154.95","149.31","1.98M","+2.90%"
"01/28/2025","148.39","149.79","151.29","140.83","1.09M","+0.49%"
"01/27/2025","147.66","150.12","152.29","142.52","1.16M","-2.61%"
"01/24/2025","151.61","161.50","161.51","151.02","467.59K","-5.05%"
"01/23/2025","159.67","159.50","162.85","157.55","325.19K","+0.07%"
"01/22/2025","159.56","160.40","160.66","155.41","667.17K","+0.33%"
"01/21/2025","159.04","167.80","168.45","158.50","816.60K","-4.07%"
"01/20/2025","165.78","170.00","171.52","164.52","572.61K","-2.32%"
"01/17/2025","169.71","166.00","176.15","165.99","742.66K","+2.24%"
"01/16/2025","165.99","165.00","170.74","164.67","1.02M","+1.52%"
"01/15/2025","163.50","165.90","168.70","162.00","787.81K","-0.76%"
"01/14/2025","164.75","171.00","172.34","162.75","1.66M","-2.16%"
"01/13/2025","168.38","173.27","176.87","167.15","553.38K","-3.77%"
"01/10/2025","174.97","180.61","182.00","174.00","542.79K","-4.56%"
"01/09/2025","183.33","192.10","192.10","182.50","617.70K","-3.61%"
"01/08/2025","190.19","195.25","196.80","188.81","980.53K","-1.13%"
"01/07/2025","192.37","186.43","194.98","185.91","662.81K","+3.69%"
"01/06/2025","185.53","195.77","195.77","185.00","609.84K","-3.96%"
"01/03/2025","193.18","198.00","199.00","193.00","390.20K","-2.27%"
"01/02/2025","197.66","196.73","200.00","194.55","377.07K","+0.92%"
"01/01/2025","195.85","192.74","198.88","192.74","383.37K","-0.27%"
"12/31/2024","196.39","196.51","199.74","194.10","550.09K","-0.22%"
"12/30/2024","196.83","199.90","202.00","195.13","397.57K","-1.37%"
"12/27/2024","199.57","193.60","202.55","193.50","571.92K","+2.88%"
"12/26/2024","193.98","198.10","199.88","193.00","244.17K","-1.87%"
"12/24/2024","197.67","198.90","206.78","195.38","1.02M","-0.22%"
"12/23/2024","198.10","207.85","207.90","195.72","1.05M","-3.30%"
"12/20/2024","204.85","212.77","212.77","203.00","532.42K","-2.46%"
"12/19/2024","210.02","210.00","213.24","207.72","673.33K","-1.08%"
"12/18/2024","212.31","215.40","218.50","211.10","740.35K","-0.44%"
"12/17/2024","213.24","222.99","224.50","212.10","1.06M","-2.87%"
"12/16/2024","219.55","211.65","222.00","211.65","651.76K","+2.82%"
"12/13/2024","213.52","215.00","215.00","207.45","514.11K","+0.16%"
"12/12/2024","213.17","217.98","218.50","212.00","271.50K","-2.06%"
"12/11/2024","217.65","218.00","220.90","216.13","682.31K","+0.34%"
"12/10/2024","216.92","217.00","218.99","213.01","453.75K","+0.17%"
"12/09/2024","216.56","219.44","219.94","215.50","312.81K","-0.56%"
"12/06/2024","217.77","219.10","220.00","214.35","378.84K","+0.38%"
"12/05/2024","216.94","217.90","220.14","214.03","472.48K","-0.55%"
"12/04/2024","218.13","210.56","218.90","209.53","879.87K","+3.62%"
"12/03/2024","210.50","214.39","215.00","209.20","510.62K","-0.90%"
"12/02/2024","212.41","209.00","213.00","205.23","812.01K","+1.89%"
"11/29/2024","208.46","204.93","209.00","204.21","765.75K","+1.84%"
"11/28/2024","204.70","204.89","206.54","202.24","345.70K","+0.09%"
"11/27/2024","204.52","202.00","205.00","200.00","524.58K","+1.83%"
"11/26/2024","200.85","195.50","201.83","195.50","430.75K","+1.54%"
"11/25/2024","197.81","199.44","203.25","196.28","535.34K","-0.05%"
"11/22/2024","197.90","197.85","200.00","195.25","375.61K","+0.20%"
"11/21/2024","197.51","199.99","202.50","197.00","626.93K","-1.55%"
"11/19/2024","200.62","204.36","207.50","199.00","832.68K","-1.83%"
"11/18/2024","204.35","198.55","207.45","197.46","1.36M","+3.49%"
"11/14/2024","197.46","197.49","205.00","193.90","1.79M","+3.07%"
"11/13/2024","191.58","194.36","199.49","190.00","668.41K","-3.43%"
"11/12/2024","198.39","196.65","202.50","196.65","566.83K","+1.29%"
"11/11/2024","195.87","196.01","204.75","189.47","1.19M","-0.60%"
"11/08/2024","197.05","197.10","202.50","194.32","498.73K","+0.04%"
"11/07/2024","196.97","200.00","201.70","195.51","322.29K","-1.12%"
"11/06/2024","199.21","191.00","200.00","188.20","667.22K","+6.43%"
"11/05/2024","187.18","188.18","194.70","186.10","721.09K","-2.16%"
"11/04/2024","191.31","193.60","197.00","187.70","598.03K","-2.21%"
"11/01/2024","195.63","196.90","199.50","195.00","152.06K","+0.37%"
"10/31/2024","194.90","190.50","197.50","187.51","637.30K","+2.96%"
"10/30/2024","189.30","186.41","191.00","185.79","410.63K","+1.55%"
"10/29/2024","186.41","180.54","188.69","180.54","400.83K","+2.14%"
"10/28/2024","182.51","186.20","186.20","179.26","530.50K","-0.52%"
"10/25/2024","183.47","184.26","185.95","178.52","550.34K","-0.07%"
"10/24/2024","183.59","181.90","186.89","179.81","445.82K","+2.11%"
"10/23/2024","179.79","187.00","187.00","177.75","852.54K","-2.31%"
"10/22/2024","184.04","190.88","195.99","182.75","1.24M","-3.09%"
"10/21/2024","189.91","197.75","199.20","189.28","672.23K","-2.23%"
"10/18/2024","194.24","202.00","202.20","193.71","796.41K","-3.49%"
"10/17/2024","201.26","196.20","202.78","195.07","1.17M","+3.01%"
"10/16/2024","195.38","189.99","197.19","189.55","675.43K","+2.79%"
"10/15/2024","190.07","194.55","196.16","188.91","830.87K","-1.86%"
"10/14/2024","193.68","204.90","208.99","192.61","1.28M","+1.78%"
"10/11/2024","190.30","196.48","196.48","189.05","1.01M","-1.95%"
"10/10/2024","194.08","195.15","198.80","192.90","230.70K","-0.52%"
"10/09/2024","195.10","197.00","199.30","189.50","261.02K","+0.57%"
"10/08/2024","194.00","185.00","196.15","182.99","861.33K","+4.68%"
"10/07/2024","185.32","195.10","198.30","185.32","1.43M","-5.00%"
"10/04/2024","195.08","203.77","203.90","194.80","608.60K","-3.33%"
"10/03/2024","201.79","202.00","208.50","195.55","853.67K","-1.56%"
"10/01/2024","204.99","205.00","206.50","203.52","310.77K","+1.19%"
"09/30/2024","202.58","201.00","205.48","198.03","635.92K","+1.00%"
"09/27/2024","200.58","203.98","204.29","199.20","372.35K","-0.67%"
"09/26/2024","201.93","207.00","207.00","200.00","478.86K","-1.24%"
"09/25/2024","204.47","207.69","208.79","202.00","391.96K","-1.55%"
"09/24/2024","207.69","212.00","212.00","206.90","501.95K","-0.58%"
"09/23/2024","208.90","209.70","211.60","206.56","467.55K","+2.55%"
"09/20/2024","203.70","214.20","214.20","200.12","4.18M","-3.11%"
"09/19/2024","210.23","215.68","218.90","206.10","656.60K","-2.14%"
"09/18/2024","214.82","217.00","220.20","213.67","513.38K","-0.96%"
"09/17/2024","216.91","215.00","219.80","212.11","657.59K","+0.83%"
"09/16/2024","215.13","216.90","216.90","211.40","597.93K","-0.03%"
"09/13/2024","215.19","209.99","218.20","209.99","1.07M","+3.55%"
"09/12/2024","207.81","205.30","210.27","200.43","1.06M","+1.22%"
"09/11/2024","205.30","214.30","216.00","205.30","1.70M","-5.00%"
"09/10/2024","216.11","217.95","218.50","213.00","490.16K","+0.34%"
"09/09/2024","215.38","216.70","218.20","211.55","1.38M","+1.30%"
"09/06/2024","212.62","217.95","223.01","208.10","1.38M","-2.80%"
"09/05/2024","218.75","207.81","218.75","207.81","1.06M","+5.00%"
"09/04/2024","208.34","217.00","224.00","208.34","2.31M","-5.00%"
"09/03/2024","219.31","222.70","223.50","215.05","748.88K","+0.32%"
"09/02/2024","218.62","230.00","230.00","218.59","540.90K","-4.99%"
"08/30/2024","230.10","226.20","231.50","224.00","1.22M","+1.43%"
"08/29/2024","226.85","229.00","230.05","222.35","660.16K","-2.22%"
"08/28/2024","232.00","234.15","239.70","230.65","881.82K","-0.66%"
"08/27/2024","233.55","226.50","235.35","224.95","1.61M","+3.82%"
"08/26/2024","224.95","214.25","224.95","214.25","1.10M","+4.99%"
"08/23/2024","214.25","218.10","221.00","213.00","791.82K","-2.64%"
"08/22/2024","220.05","223.30","225.00","218.05","1.11M","-0.74%"
"08/21/2024","221.70","215.00","221.70","208.80","1.74M","+5.00%"
"08/20/2024","211.15","209.00","211.15","203.00","1.03M","+5.00%"
"08/19/2024","201.10","192.00","201.10","192.00","1.55M","+4.99%"
"08/16/2024","191.55","197.00","197.00","190.15","2.11M","-0.52%"
"08/14/2024","192.55","202.00","203.00","192.55","2.18M","-4.98%"
"08/13/2024","202.65","208.10","209.95","201.50","473.66K","-2.60%"
"08/12/2024","208.05","210.90","210.95","205.05","1.01M","-1.47%"
"08/09/2024","211.15","210.40","213.45","205.75","768.99K","+1.96%"
"08/08/2024","207.10","205.00","208.40","197.00","2.52M","+1.02%"
"08/07/2024","205.00","207.90","211.00","201.25","2.11M","+0.64%"
"08/06/2024","203.70","222.75","225.90","202.75","1.77M","-7.49%"
"08/05/2024","220.20","221.45","229.00","207.00","2.27M","-0.61%"
"08/02/2024","221.55","221.70","239.10","214.20","3.38M","-5.58%"
"08/01/2024","234.65","249.05","249.05","234.65","5.18M","-9.99%"
"07/31/2024","260.68","261.90","263.40","256.50","552.56K","-0.47%"
"07/30/2024","261.90","254.00","264.00","253.51","953.82K","+2.50%"
"07/29/2024","255.51","254.00","258.09","254.00","409.84K","+0.95%"
"07/26/2024","253.11","257.00","257.70","251.77","513.62K","+0.53%"
"07/25/2024","251.77","249.55","257.50","248.41","367.83K","+0.51%"
"07/24/2024","250.50","255.10","258.50","248.00","709.16K","-0.72%"
"07/23/2024","252.32","239.00","255.09","234.01","1.11M","+5.68%"
"07/22/2024","238.76","240.20","246.97","234.72","557.91K","-0.91%"
"07/19/2024","240.96","250.95","250.95","238.59","751.20K","-3.05%"
"07/18/2024","248.53","250.77","255.37","245.20","883.71K","-1.02%"
"07/16/2024","251.10","254.00","258.90","250.50","422.76K","-1.14%"
"07/15/2024","253.99","252.00","258.35","249.59","922.05K","+0.85%"
"07/12/2024","251.84","250.80","256.30","249.00","401.38K","+0.65%"
"07/11/2024","250.22","253.80","257.00","245.50","743.70K","-0.39%"
"07/10/2024","251.21","257.90","257.90","245.29","829.70K","-2.02%"
"07/09/2024","256.39","254.30","260.75","251.24","905.75K","+1.52%"
"07/08/2024","252.56","259.08","259.70","248.13","890.01K","-1.88%"
"07/05/2024","257.41","248.61","260.00","248.61","876.02K","+3.54%"
"07/04/2024","248.61","254.20","254.20","246.00","649.70K","-1.63%"
"07/03/2024","252.72","250.45","256.44","247.37","708.87K","+1.31%"
"07/02/2024","249.46","247.00","256.74","246.42","822.00K","+1.11%"
"07/01/2024","246.72","241.40","249.12","239.42","663.16K","+2.21%"
"06/28/2024","241.38","243.80","245.16","240.35","524.37K","-0.87%"
"06/27/2024","243.49","242.85","246.00","238.00","895.92K","+0.24%"
"06/26/2024","242.90","244.10","249.00","240.04","704.86K","-0.41%"
"06/25/2024","243.89","241.95","249.74","240.00","1.17M","+1.36%"
"06/24/2024","240.61","232.35","243.00","230.25","2.19M","+2.49%"
"06/21/2024","234.76","237.35","248.00","233.16","2.07M","-0.84%"
"06/20/2024","236.75","242.60","243.80","232.52","2.07M","-1.46%"
"06/19/2024","240.25","224.40","244.01","221.80","5.33M","+8.30%"
"06/18/2024","221.83","215.72","226.90","214.44","2.06M","+3.09%"
"06/14/2024","215.19","217.49","219.50","214.03","798.98K","-0.53%"
"06/13/2024","216.33","218.50","225.10","212.55","888.15K","-0.45%"
"06/12/2024","217.31","216.00","219.82","210.84","678.96K","+2.36%"
"06/11/2024","212.30","217.79","218.90","211.00","533.80K","-1.19%"
"06/10/2024","214.85","220.00","220.00","212.25","533.48K","-0.95%"
"06/07/2024","216.90","207.90","220.00","206.35","1.15M","+5.29%"
"06/06/2024","206.00","202.05","211.00","199.35","722.68K","+1.01%"
"06/05/2024","203.95","189.00","205.00","180.00","1.73M","+8.37%"
"06/04/2024","188.20","207.50","207.95","188.20","2.19M","-10.00%"
"06/03/2024","209.10","214.70","216.20","205.65","786.90K","+0.55%"
"05/31/2024","207.95","209.00","212.80","202.20","543.00K","+0.31%"
"05/30/2024","207.30","215.50","215.50","204.00","472.17K","-3.56%"
"05/29/2024","214.95","205.50","216.50","204.20","676.03K","+4.50%"
"05/28/2024","205.70","203.95","207.00","199.05","877.69K","+0.86%"
"05/27/2024","203.95","211.00","212.20","203.00","509.23K","-3.07%"
"05/24/2024","210.40","214.90","214.90","208.80","281.43K","-1.84%"
"05/23/2024","214.35","218.00","218.20","210.65","358.56K","-0.88%"
"05/22/2024","216.25","211.25","218.65","210.30","642.95K","+2.49%"
"05/21/2024","211.00","210.00","214.40","207.70","616.09K","+0.00%"
"05/18/2024","211.00","214.65","214.65","210.10","118.95K","-1.29%"
"05/17/2024","213.75","211.35","216.25","209.90","514.28K","+1.14%"
"05/16/2024","211.35","225.00","226.90","210.00","1.85M","-3.60%"
"05/15/2024","219.25","226.00","227.70","216.50","1.03M","-2.53%"
"05/14/2024","224.95","213.90","227.00","211.05","1.74M","+5.66%"
"05/13/2024","212.90","203.95","215.00","199.60","1.50M","+6.11%"
"05/10/2024","200.65","202.20","203.95","194.55","395.47K","+0.68%"
"05/09/2024","199.30","208.00","211.25","196.80","879.82K","-4.85%"
"05/08/2024","209.45","201.05","212.80","199.80","1.12M","+2.92%"
"05/07/2024","203.50","202.00","205.70","199.05","768.82K","+0.72%"
"05/06/2024","202.05","202.95","205.70","193.25","996.65K","-1.27%"
"05/03/2024","204.65","205.35","208.40","202.75","554.63K","-0.12%"
"05/02/2024","204.90","203.10","208.60","201.80","689.47K","+0.56%"
"04/30/2024","203.75","208.80","210.95","202.10","536.70K","-1.26%"
"04/29/2024","206.35","205.20","209.80","201.80","812.51K","+1.00%"
"04/26/2024","204.30","212.60","213.00","200.70","1.57M","-3.70%"
"04/25/2024","212.15","215.95","222.50","210.30","1.35M","-1.42%"
"04/24/2024","215.20","210.50","218.20","210.50","1.67M","+3.31%"
"04/23/2024","208.30","202.20","214.90","200.50","1.71M","+3.92%"
"04/22/2024","200.45","199.10","206.90","199.10","2.11M","+2.04%"
"04/19/2024","196.45","191.00","203.90","191.00","2.81M","-0.48%"
"04/18/2024","197.40","197.55","204.80","188.75","2.84M","+2.79%"
"04/16/2024","192.05","173.00","192.05","172.35","4.01M","+9.99%"
"04/15/2024","174.60","166.05","177.50","166.05","1.51M","-1.44%"
"04/12/2024","177.15","176.45","179.80","175.10","1.00M","+1.20%"
"04/10/2024","175.05","174.90","176.45","171.40","1.40M","+1.33%"
"04/09/2024","172.75","176.00","176.50","171.10","423.13K","-1.40%"
"04/08/2024","175.20","171.00","176.50","171.00","1.23M","+2.58%"
"04/05/2024","170.80","171.55","172.95","165.90","802.96K","-0.50%"
"04/04/2024","171.65","174.35","175.00","168.10","611.91K","-0.32%"
"04/03/2024","172.20","170.25","175.50","169.00","837.80K","+1.23%"
"04/02/2024","170.10","168.45","171.10","166.00","551.60K","+1.64%"
"04/01/2024","167.35","168.80","170.35","165.20","459.54K","+0.81%"
"03/28/2024","166.00","164.55","167.70","161.00","1.05M","+2.91%"
"03/27/2024","161.30","162.70","163.95","161.00","489.43K","+0.12%"
"03/26/2024","161.10","162.85","163.45","158.50","472.83K","+0.12%"
"03/22/2024","160.90","156.00","164.00","154.00","811.40K","+2.91%"
"03/21/2024","156.35","151.90","157.90","151.80","719.21K","+3.78%"
"03/20/2024","150.65","148.10","152.95","144.00","524.57K","+2.34%"
"03/19/2024","147.20","148.40","150.40","145.25","453.53K","-0.17%"
"03/18/2024","147.45","149.15","153.00","145.40","441.25K","-1.14%"
"03/15/2024","149.15","151.90","152.00","144.50","872.52K","-0.57%"
"03/14/2024","150.00","142.75","152.50","141.00","642.11K","+5.08%"
"03/13/2024","142.75","151.30","153.15","140.05","1.36M","-5.12%"
"03/12/2024","150.45","154.85","156.95","148.00","901.08K","-2.18%"
"03/11/2024","153.80","161.95","162.90","153.10","779.59K","-4.68%"
"03/07/2024","161.35","153.70","162.40","153.25","879.29K","+5.66%"
"03/06/2024","152.70","158.70","159.70","150.30","782.09K","-3.81%"
"03/05/2024","158.75","161.70","163.35","157.70","356.38K","-1.89%"
"03/04/2024","161.80","163.00","165.70","159.10","513.85K","-0.74%"
"03/02/2024","163.00","162.45","164.45","159.20","62.97K","+2.13%"
"03/01/2024","159.60","166.00","167.00","157.65","672.22K","-2.68%"
"02/29/2024","164.00","160.45","165.70","159.15","1.33M","+1.49%"
"02/28/2024","161.60","168.50","168.50","160.00","719.09K","-3.52%"
"02/27/2024","167.50","166.85","169.45","164.90","388.17K","+0.00%"
"02/26/2024","167.50","169.75","172.20","165.00","660.22K","-0.74%"
"02/23/2024","168.75","172.95","173.90","168.25","590.53K","-1.11%"
"02/22/2024","170.65","168.00","172.45","164.05","1.06M","+3.08%"
"02/21/2024","165.55","169.00","172.00","162.95","715.57K","-1.22%"
"02/20/2024","167.60","172.90","172.90","166.35","486.73K","-1.79%"
"02/19/2024","170.65","165.45","172.00","164.85","883.84K","+2.37%"
"02/16/2024","166.70","170.00","171.10","162.50","1.16M","-0.92%"
"02/15/2024","168.25","161.00","169.85","159.10","1.25M","+5.85%"
"02/14/2024","158.95","149.00","160.60","148.80","1.50M","+6.53%"
"02/13/2024","149.20","157.95","159.70","146.30","2.09M","-4.48%"
"02/12/2024","156.20","161.25","165.65","155.50","2.01M","-6.30%"
"02/09/2024","166.70","171.20","171.35","162.65","1.05M","-2.14%"
"02/08/2024","170.35","173.70","176.40","167.10","1.37M","-0.03%"
"02/07/2024","170.40","177.55","177.55","167.00","953.43K","-4.03%"
"02/06/2024","177.55","174.20","179.25","170.00","1.04M","+2.63%"
"02/05/2024","173.00","180.80","182.00","172.50","1.39M","-4.05%"
"02/02/2024","180.30","188.55","188.80","176.00","1.93M","-3.01%"
"02/01/2024","185.90","177.20","189.80","168.85","10.41M","+7.55%"
"01/31/2024","172.85","184.50","184.50","170.10","3.65M","-5.93%"
"01/30/2024","183.75","179.60","184.80","172.30","3.76M","+3.29%"
"01/29/2024","177.90","176.00","182.80","173.35","4.10M","+2.68%"
"01/25/2024","173.25","167.35","174.15","166.20","1.79M","+4.09%"
"01/24/2024","166.45","157.00","168.50","154.50","1.60M","+6.66%"
"01/23/2024","156.05","166.80","166.80","153.90","933.89K","-4.61%"
"01/20/2024","163.60","162.40","168.90","161.10","1.13M","+1.43%"
"01/19/2024","161.30","158.40","164.90","157.00","1.93M","+3.07%"
"01/18/2024","156.50","161.10","164.50","152.55","1.36M","-4.08%"
"01/17/2024","163.15","165.00","167.65","161.05","1.12M","-1.60%"
"01/16/2024","165.80","173.00","173.65","160.05","1.27M","-3.13%"
"01/15/2024","171.15","173.15","175.70","166.85","2.68M","-0.52%"
"01/12/2024","172.05","168.00","174.75","166.05","3.09M","+3.43%"
"01/11/2024","166.35","165.70","168.70","162.45","1.91M","+2.06%"
"01/10/2024","163.00","160.50","167.50","160.00","2.47M","+1.56%"
"01/09/2024","160.50","156.80","162.90","156.80","3.02M","+3.48%"
"01/08/2024","155.10","156.00","159.40","153.90","1.84M","-0.06%"
"01/05/2024","155.20","153.00","159.40","151.80","3.11M","+2.37%"
"01/04/2024","151.60","151.50","156.55","150.00","3.55M","+0.70%"
"01/03/2024","150.55","146.00","153.30","145.05","4.50M","+2.55%"
"01/02/2024","146.80","138.75","147.50","137.55","4.02M","+6.03%"
"01/01/2024","138.45","137.00","140.35","136.95","1.05M","+1.91%"
"12/29/2023","135.85","137.90","138.00","135.40","918.74K","-1.27%"
"12/28/2023","137.60","138.25","139.50","134.70","1.48M","-0.18%"
"12/27/2023","137.85","141.40","143.20","136.65","1.28M","-1.75%"
"12/26/2023","140.30","140.80","143.40","136.40","1.32M","+0.36%"
"12/22/2023","139.80","143.20","144.60","138.95","936.63K","-1.79%"
"12/21/2023","142.35","136.40","143.50","135.25","2.10M","+3.23%"
"12/20/2023","137.90","145.45","149.60","135.55","3.70M","-4.44%"
"12/19/2023","144.30","144.00","147.40","140.10","1.66M","+0.24%"
"12/18/2023","143.95","146.00","147.90","143.10","1.36M","-1.40%"
"12/15/2023","146.00","147.50","149.80","145.00","1.04M","-1.18%"
"12/14/2023","147.75","149.75","150.00","146.80","1.73M","-0.40%"
"12/13/2023","148.35","147.85","149.95","145.50","2.09M","+0.95%"
"12/12/2023","146.95","151.80","151.80","145.30","2.00M","-2.33%"
"12/11/2023","150.45","147.40","151.40","145.15","2.51M","+2.17%"
"12/08/2023","147.25","152.00","154.70","145.00","2.48M","-2.81%"
"12/07/2023","151.50","151.40","153.70","147.50","2.80M","+0.90%"
"12/06/2023","150.15","154.40","154.65","146.65","2.46M","-1.77%"
"12/05/2023","152.85","155.00","159.40","149.85","5.25M","-1.10%"
"12/04/2023","154.55","148.00","154.55","147.45","12.91M","+4.99%"
"12/01/2023","147.20","143.00","149.30","143.00","30.52M","-2.19%"
"11/30/2023","150.50","150.50","150.50","150.50","2.36M","-4.99%"
"11/29/2023","158.40","167.90","167.90","157.65","947.25K","-4.55%"
"11/28/2023","165.95","160.70","166.45","160.15","1.25M","+4.67%"
"11/24/2023","158.55","159.00","162.00","157.10","452.49K","+1.34%"
"11/23/2023","156.45","157.90","159.85","155.25","367.85K","+1.03%"
"11/22/2023","154.85","161.40","162.15","153.30","481.98K","-3.04%"
"11/21/2023","159.70","159.10","162.75","156.55","706.50K","+1.46%"
"11/20/2023","157.40","154.05","161.00","154.05","988.86K","+1.65%"
"11/17/2023","154.85","158.15","162.00","154.20","677.21K","-2.82%"
"11/16/2023","159.35","157.35","162.55","154.10","2.49M","+2.91%"
"11/15/2023","154.85","150.40","154.85","148.00","1.07M","+4.98%"
"11/13/2023","147.50","149.10","151.00","146.50","304.86K","-0.61%"
"11/12/2023","148.40","150.45","150.80","147.50","176.70K","+0.75%"
"11/10/2023","147.30","148.90","150.00","143.35","420.58K","+0.48%"
"11/09/2023","146.60","148.05","152.95","145.00","856.58K","-0.98%"
"11/08/2023","148.05","142.10","148.05","139.00","1.07M","+5.00%"
"11/07/2023","141.00","143.95","143.95","138.15","422.96K","-2.42%"
"11/06/2023","144.50","145.35","147.20","138.00","579.96K","+0.00%"
"11/03/2023","144.50","145.00","146.00","137.85","1.03M","+1.44%"
"11/02/2023","142.45","137.00","142.45","133.00","3.18M","+4.97%"
"11/01/2023","135.70","136.00","136.50","132.15","738.12K","+0.44%"
"10/31/2023","135.10","130.00","136.00","129.95","3.89M","+3.41%"
"10/30/2023","130.65","125.00","130.65","125.00","414.22K","+4.98%"
"10/27/2023","124.45","122.95","126.25","121.25","220.88K","+1.22%"
"10/26/2023","122.95","117.90","125.00","113.55","431.26K","+2.89%"
"10/25/2023","119.50","117.80","123.40","117.65","429.32K","-3.51%"
"10/23/2023","123.85","130.85","131.90","123.85","203.62K","-4.99%"
"10/20/2023","130.35","129.90","132.00","129.10","524.66K","+1.24%"
"10/19/2023","128.75","126.65","130.00","124.10","182.40K","+0.55%"
"10/18/2023","128.05","129.60","129.60","126.50","218.04K","-0.39%"
"10/17/2023","128.55","129.40","131.00","126.60","166.16K","-0.54%"
"10/16/2023","129.25","126.60","129.95","124.00","232.54K","+2.09%"
"10/13/2023","126.60","128.00","130.00","125.00","383.83K","-1.82%"
"10/12/2023","128.95","130.00","130.00","127.50","283.25K","-0.65%"
"10/11/2023","129.80","125.65","130.00","123.00","813.75K","+4.34%"
"10/10/2023","124.40","127.00","127.00","121.00","324.54K","+1.88%"
"10/09/2023","122.10","122.80","124.95","118.00","456.95K","-0.81%"
"10/06/2023","123.10","118.80","123.10","117.25","1.01M","+4.99%"
"10/05/2023","117.25","117.25","119.95","115.00","207.51K","+0.26%"
"10/04/2023","116.95","119.10","120.00","116.45","281.54K","-1.52%"
"10/03/2023","118.75","121.00","121.90","116.60","180.32K","-0.92%"
"09/29/2023","119.85","120.95","121.50","117.55","111.35K","+1.18%"
"09/28/2023","118.45","122.10","123.85","118.00","175.47K","-2.99%"
"09/27/2023","122.10","120.00","123.25","118.30","236.61K","+1.54%"
"09/26/2023","120.25","118.65","121.00","117.25","192.25K","+0.84%"
"09/25/2023","119.25","121.00","121.00","117.00","259.47K","-0.79%"
"09/22/2023","120.20","117.00","122.80","116.95","432.15K","+2.74%"
"09/21/2023","117.00","121.50","121.50","116.10","225.63K","-2.17%"
"09/20/2023","119.60","121.00","122.00","116.45","381.99K","-1.16%"
"09/18/2023","121.00","125.00","127.00","119.90","377.83K","-2.54%"
"09/15/2023","124.15","124.50","126.40","120.10","593.77K","+1.80%"
"09/14/2023","121.95","124.80","125.80","118.05","596.68K","-0.93%"
"09/13/2023","123.10","120.10","124.20","114.80","1.39M","+1.86%"
"09/12/2023","120.85","132.30","132.30","119.70","2.18M","-4.09%"
"09/11/2023","126.00","124.00","126.00","123.00","573.64K","+5.00%"
"09/08/2023","120.00","115.40","120.00","114.50","632.12K","+4.99%"
"09/07/2023","114.30","115.75","115.80","113.10","298.32K","+0.18%"
"09/06/2023","114.10","115.00","115.90","113.10","297.69K","-0.57%"
"09/05/2023","114.75","116.45","116.45","112.50","277.26K","-0.04%"
"09/04/2023","114.80","116.00","116.45","111.00","702.21K","-0.35%"
"09/01/2023","115.20","115.45","117.45","113.50","337.95K","-0.48%"
"08/31/2023","115.75","114.10","117.95","112.90","346.17K","+0.65%"
"08/30/2023","115.00","115.95","118.50","114.50","357.41K","-0.65%"
"08/29/2023","115.75","114.70","117.00","111.05","530.45K","+0.92%"
"08/28/2023","114.70","114.50","115.40","110.20","361.20K","+1.28%"
"08/25/2023","113.25","115.00","116.80","112.00","382.27K","-1.78%"
"08/24/2023","115.30","115.00","117.50","112.80","447.08K","+2.04%"
"08/23/2023","113.00","116.95","117.00","111.30","540.75K","-0.96%"
"08/22/2023","114.10","118.80","120.90","113.00","849.84K","-2.73%"
"08/21/2023","117.30","109.00","117.45","108.00","1.21M","+4.83%"
"08/18/2023","111.90","108.50","111.95","108.00","1.28M","+4.92%"
"08/17/2023","106.65","104.00","106.65","100.60","517.59K","+4.97%"
"08/16/2023","101.60","103.50","106.40","99.25","705.18K","-2.73%"
"08/14/2023","104.45","106.00","107.60","95.65","3.13M","-1.37%"
"08/11/2023","105.90","108.00","111.25","105.05","4.50M","+1.10%"
"08/10/2023","104.75","108.00","116.70","103.85","16.67M","+3.20%"
"08/09/2023","101.50","96.65","106.00","96.30","8.21M","+6.01%"
"08/08/2023","95.75","95.70","97.45","93.10","1.53M","+0.63%"
"08/07/2023","95.15","97.00","100.30","94.25","4.34M","-1.55%"
"08/04/2023","96.65","86.00","98.80","85.60","10.15M","+14.04%"
"08/03/2023","84.75","82.95","85.75","82.60","598.11K","+2.54%"
"08/02/2023","82.65","84.00","86.70","80.80","1.20M","-1.90%"
"08/01/2023","84.25","84.40","85.50","83.75","457.08K","+0.24%"
"07/31/2023","84.05","83.10","84.45","82.60","457.36K","+1.45%"
"07/28/2023","82.85","83.60","84.05","81.50","657.02K","-0.24%"
"07/27/2023","83.05","83.65","84.30","82.70","262.26K","-0.06%"
"07/26/2023","83.10","83.50","85.40","82.80","509.36K","-1.01%"
"07/25/2023","83.95","83.85","86.25","82.35","816.87K","+0.66%"
"07/24/2023","83.40","84.30","86.00","82.90","633.49K","-1.07%"
"07/21/2023","84.30","83.85","86.20","83.05","703.43K","+0.60%"
"07/20/2023","83.80","86.25","87.20","83.25","876.66K","-2.39%"
"07/19/2023","85.85","83.05","86.55","83.05","2.28M","+3.25%"
"07/18/2023","83.15","84.40","85.00","81.60","1.35M","-0.66%"
"07/17/2023","83.70","77.20","84.80","77.20","3.95M","+8.56%"
"07/14/2023","77.10","78.95","79.50","76.50","616.18K","-2.03%"
"07/13/2023","78.70","76.70","81.40","76.50","1.63M","+2.74%"
"07/12/2023","76.60","77.65","78.45","76.25","362.51K","-0.39%"
"07/11/2023","76.90","76.00","78.80","75.70","456.18K","+1.72%"
"07/10/2023","75.60","75.95","76.95","75.05","334.63K","+0.13%"
"07/07/2023","75.50","77.50","77.95","74.30","534.00K","-2.27%"
"07/06/2023","77.25","78.25","78.85","76.55","326.09K","-0.58%"
"07/05/2023","77.70","78.60","80.10","76.90","626.35K","-1.15%"
"07/04/2023","78.60","79.30","79.70","78.05","350.17K","-0.76%"
"07/03/2023","79.20","77.45","80.95","76.40","930.64K","+3.66%"
"06/30/2023","76.40","74.95","78.90","74.75","1.13M","+2.34%"
"06/28/2023","74.65","75.50","75.90","73.65","235.83K","-0.67%"
"06/27/2023","75.15","75.30","76.40","74.70","297.05K","-0.07%"
"06/26/2023","75.20","75.05","76.65","75.00","331.69K","+0.33%"
"06/23/2023","74.95","77.20","77.75","74.60","501.34K","-2.91%"
"06/22/2023","77.20","76.60","79.50","76.50","808.22K","+1.25%"
"06/21/2023","76.25","77.00","78.10","75.35","457.54K","-0.78%"
"06/20/2023","76.85","75.50","78.00","74.95","575.21K","+1.79%"
"06/19/2023","75.50","79.10","79.50","74.90","1.33M","-4.55%"
"06/16/2023","79.10","79.00","80.95","77.50","1.31M","+0.89%"
"06/15/2023","78.40","75.90","79.35","75.00","2.30M","+3.91%"
"06/14/2023","75.45","72.70","77.30","72.00","2.19M","+4.00%"
"06/13/2023","72.55","68.00","74.45","68.00","3.42M","+7.56%"
"06/12/2023","67.45","66.70","67.85","66.35","264.69K","+1.58%"
"06/09/2023","66.40","67.00","68.10","65.20","364.56K","-0.97%"
"06/08/2023","67.05","66.85","68.20","66.65","355.18K","+0.30%"
"06/07/2023","66.85","67.65","68.30","66.60","317.99K","-1.18%"
"06/06/2023","67.65","67.90","68.35","67.00","151.85K","-0.51%"
"06/05/2023","68.00","68.50","68.50","67.00","326.44K","+0.74%"
"06/02/2023","67.50","64.70","67.85","64.50","823.13K","+4.33%"
"06/01/2023","64.70","64.30","65.25","64.30","169.31K","+0.62%"
"05/31/2023","64.30","64.50","65.15","63.80","217.25K","+0.39%"
"05/30/2023","64.05","64.25","64.45","63.40","135.02K","+0.47%"
"05/29/2023","63.75","64.40","64.55","63.40","174.74K","-0.55%"
"05/26/2023","64.10","65.00","66.05","63.95","368.08K","-1.16%"
"05/25/2023","64.85","63.50","65.45","63.30","433.25K","+2.29%"
"05/24/2023","63.40","62.15","63.95","62.05","319.05K","+2.01%"
"05/23/2023","62.15","63.00","64.00","61.80","478.67K","-0.56%"
"05/22/2023","62.50","65.25","66.10","59.40","1.44M","-3.77%"
"05/19/2023","64.95","70.05","70.10","64.55","1.66M","-7.87%"
"05/18/2023","70.50","72.90","73.60","70.10","678.33K","-2.62%"
"05/17/2023","72.40","70.85","72.90","69.55","750.22K","+2.84%"
"05/16/2023","70.40","70.75","73.10","69.00","536.57K","-0.71%"
"05/15/2023","70.90","68.10","73.10","67.65","1.44M","+4.19%"
"05/12/2023","68.05","67.30","68.65","66.90","404.08K","+1.26%"
"05/11/2023","67.20","68.15","68.75","66.80","123.19K","+0.07%"
"05/10/2023","67.15","67.00","67.40","66.00","124.65K","+0.22%"
"05/09/2023","67.00","67.70","68.50","66.45","154.05K","-1.03%"
"05/08/2023","67.70","67.00","68.25","66.35","268.19K","+1.65%"
"05/05/2023","66.60","68.00","68.60","65.60","223.19K","-1.48%"
"05/04/2023","67.60","67.10","68.45","67.10","186.85K","+0.75%"
"05/03/2023","67.10","66.00","68.95","66.00","522.77K","+0.68%"
"05/02/2023","66.65","66.95","66.95","65.40","423.82K","+1.37%"
"04/28/2023","65.75","66.30","67.35","65.55","308.66K","-0.90%"
"04/27/2023","66.35","66.75","66.75","65.65","222.76K","-0.60%"
"04/26/2023","66.75","64.70","67.55","64.60","285.78K","+3.41%"
"04/25/2023","64.55","65.45","65.90","64.40","193.99K","-0.69%"
"04/24/2023","65.00","65.95","66.45","64.05","156.94K","-0.99%"
"04/21/2023","65.65","66.30","67.55","65.20","261.98K","-1.87%"
"04/20/2023","66.90","64.95","68.00","64.80","595.15K","+3.16%"
"04/19/2023","64.85","65.55","66.35","64.25","136.13K","-1.52%"
"04/18/2023","65.85","65.70","66.25","64.20","432.18K","+1.07%"
"04/17/2023","65.15","64.00","66.00","61.40","432.70K","+1.48%"
"04/13/2023","64.20","66.95","66.95","63.25","258.07K","-1.53%"
"04/12/2023","65.20","63.40","65.50","63.00","369.30K","+2.84%"
"04/11/2023","63.40","63.10","64.00","61.75","369.56K","+1.44%"
"04/10/2023","62.50","60.75","63.15","59.85","640.88K","+4.25%"
"04/06/2023","59.95","60.05","61.00","59.45","227.02K","+0.84%"
"04/05/2023","59.45","61.70","63.00","58.35","865.61K","+1.28%"
"04/03/2023","58.70","57.90","59.50","56.80","291.09K","+4.54%"
"03/31/2023","56.15","56.40","57.35","55.65","299.94K","+0.90%"
"03/29/2023","55.65","52.85","56.70","52.20","671.35K","+4.70%"
"03/28/2023","53.15","54.60","56.00","52.10","582.94K","-3.63%"
"03/27/2023","55.15","56.95","56.95","54.00","478.65K","-2.56%"
"03/24/2023","56.60","57.75","58.00","56.30","175.06K","-1.74%"
"03/23/2023","57.60","58.00","58.80","57.10","132.47K","-0.17%"
"03/22/2023","57.70","57.65","58.90","57.10","198.13K","+0.35%"
"03/21/2023","57.50","58.95","58.95","56.80","215.25K","-1.63%"
"03/20/2023","58.45","59.55","59.55","56.85","314.95K","-2.75%"
"03/17/2023","60.10","59.20","61.40","59.15","238.96K","+1.52%"
"03/16/2023","59.20","58.80","59.85","56.05","554.28K","+1.37%"
"03/15/2023","58.40","60.05","60.60","58.10","224.29K","-1.43%"
"03/14/2023","59.25","61.05","61.50","59.00","299.30K","-2.39%"
"03/13/2023","60.70","62.85","62.85","60.10","225.11K","-3.42%"
"03/10/2023","62.85","62.75","63.10","62.30","111.11K","-0.40%"
"03/09/2023","63.10","62.15","64.15","62.15","171.78K","+0.48%"
"03/08/2023","62.80","61.35","63.55","61.10","373.02K","+1.37%"
"03/06/2023","61.95","61.65","62.90","61.25","217.19K","+0.81%"
"03/03/2023","61.45","62.90","63.30","61.20","560.44K","-1.99%"
"03/02/2023","62.70","64.80","64.80","62.45","185.22K","-3.24%"
"03/01/2023","64.80","62.90","65.30","62.70","452.67K","+3.68%"
"02/28/2023","62.50","61.35","63.00","61.25","113.21K","+1.79%"
"02/27/2023","61.40","62.25","63.00","61.00","103.30K","-0.89%"
"02/24/2023","61.95","62.45","63.35","61.05","178.09K","+0.16%"
"02/23/2023","61.85","61.95","63.30","61.45","260.86K","-0.40%"
"02/22/2023","62.10","64.10","64.15","61.75","592.36K","-4.17%"
"02/21/2023","64.80","65.05","65.95","64.40","178.26K","+0.00%"
"02/20/2023","64.80","66.15","66.70","64.30","263.38K","-2.04%"
"02/17/2023","66.15","66.75","67.40","65.05","216.21K","-0.90%"
"02/16/2023","66.75","66.65","67.15","66.05","123.73K","+1.21%"
"02/15/2023","65.95","65.45","66.80","65.30","166.12K","+0.76%"
"02/14/2023","65.45","66.90","68.00","64.50","345.79K","-2.17%"
"02/13/2023","66.90","67.10","68.50","66.75","155.39K","-0.15%"
"02/10/2023","67.00","67.95","68.35","66.10","273.32K","-1.62%"
"02/09/2023","68.10","69.50","69.50","67.65","193.82K","-1.59%"
"02/08/2023","69.20","66.50","69.75","66.20","368.05K","+3.98%"
"02/07/2023","66.55","67.90","68.40","66.00","387.81K","-1.33%"
"02/06/2023","67.45","69.00","70.40","65.40","437.84K","-2.81%"
"02/03/2023","69.40","74.05","74.95","68.75","1.11M","-3.54%"
"02/02/2023","71.95","70.55","72.75","69.25","389.27K","+1.20%"
"02/01/2023","71.10","72.15","75.00","69.60","819.96K","+0.07%"
"01/31/2023","71.05","67.80","72.90","67.25","387.40K","+4.79%"
"01/30/2023","67.80","68.10","69.80","67.10","503.12K","-1.53%"
"01/27/2023","68.85","70.05","70.90","67.75","382.36K","-2.27%"
"01/25/2023","70.45","70.85","71.55","69.50","304.98K","-0.98%"
"01/24/2023","71.15","71.10","71.70","70.70","153.08K","+0.07%"
"01/23/2023","71.10","71.55","71.90","70.50","247.98K","-0.28%"
"01/20/2023","71.30","71.75","72.85","70.90","414.48K","-0.35%"
"01/19/2023","71.55","70.45","72.20","70.45","186.18K","+0.21%"
"01/18/2023","71.40","73.55","74.10","70.00","540.70K","-2.92%"
"01/17/2023","73.55","73.25","74.85","72.05","209.86K","+0.41%"
"01/16/2023","73.25","74.25","74.80","72.50","212.27K","-1.21%"
"01/13/2023","74.15","73.70","75.55","73.15","194.03K","+0.61%"
"01/12/2023","73.70","73.80","74.25","72.65","137.95K","+0.07%"
"01/11/2023","73.65","73.55","74.40","73.15","152.91K","+0.14%"
"01/10/2023","73.55","73.95","75.20","72.90","247.99K","-0.54%"
"01/09/2023","73.95","72.45","74.50","72.30","435.22K","+2.64%"
"01/06/2023","72.05","73.60","73.60","71.75","141.87K","-1.57%"
"01/05/2023","73.20","73.60","73.60","72.05","184.62K","+0.27%"
"01/04/2023","73.00","74.70","74.70","72.55","237.89K","-1.62%"
"01/03/2023","74.20","72.00","74.65","72.00","486.91K","+2.20%"
"01/02/2023","72.60","71.95","73.20","70.90","352.15K","+1.97%"
"12/30/2022","71.20","71.80","73.10","70.85","345.40K","-0.70%"
"12/29/2022","71.70","72.20","73.00","71.10","242.06K","-1.98%"
"12/28/2022","73.15","71.15","74.60","71.15","267.74K","+0.97%"
"12/27/2022","72.45","70.80","74.15","69.60","504.15K","+2.84%"
"12/26/2022","70.45","66.05","71.00","65.60","648.67K","+7.39%"
"12/23/2022","65.60","70.00","70.30","65.00","712.97K","-7.61%"
"12/22/2022","71.00","75.05","75.80","69.55","1.05M","-5.40%"
"12/21/2022","75.05","79.75","80.25","73.70","853.24K","-5.36%"
"12/20/2022","79.30","81.25","82.90","78.55","723.66K","-2.10%"
"12/19/2022","81.00","79.85","82.60","78.65","557.49K","+1.69%"
"12/16/2022","79.65","79.50","81.85","78.00","550.22K","-0.50%"
"12/15/2022","80.05","78.60","81.40","78.50","659.89K","+1.84%"
"12/14/2022","78.60","80.95","81.35","78.10","1.03M","-2.54%"
"12/13/2022","80.65","84.25","84.70","80.15","1.07M","-3.12%"
"12/12/2022","83.25","78.40","87.15","77.35","6.06M","+6.32%"
"12/09/2022","78.30","75.75","79.70","75.75","1.08M","+3.23%"
"12/08/2022","75.85","76.80","76.80","75.50","98.48K","-0.26%"
"12/07/2022","76.05","76.00","77.10","75.30","227.74K","+0.00%"
"12/06/2022","76.05","76.05","77.50","75.90","281.66K","+0.00%"
"12/05/2022","76.05","76.25","76.90","75.75","275.17K","+0.00%"
"12/02/2022","76.05","76.15","77.30","75.40","202.66K","-0.13%"
"12/01/2022","76.15","77.25","77.65","75.40","475.49K","-0.65%"
"11/30/2022","76.65","76.05","77.50","75.95","225.10K","+0.33%"
"11/29/2022","76.40","77.75","78.25","76.00","300.71K","-1.29%"
"11/28/2022","77.40","75.70","80.00","74.10","1.44M","+2.65%"
"11/25/2022","75.40","75.00","76.00","73.85","396.80K","+0.47%"
"11/24/2022","75.05","77.00","77.35","74.70","255.16K","-2.02%"
"11/23/2022","76.60","73.00","77.80","72.15","655.39K","+5.29%"
"11/22/2022","72.75","74.75","78.70","72.10","828.46K","-0.82%"
"11/21/2022","73.35","74.00","74.65","72.30","164.51K","-1.61%"
"11/18/2022","74.55","73.95","74.75","73.05","210.94K","+1.36%"
"11/17/2022","73.55","73.70","74.25","73.30","135.13K","+0.14%"
"11/16/2022","73.45","75.80","76.30","72.80","351.69K","-2.97%"
"11/15/2022","75.70","77.50","78.00","75.25","371.54K","+0.07%"
"11/14/2022","75.65","77.00","77.85","74.75","522.64K","+0.53%"
"11/11/2022","75.25","74.80","76.50","74.25","334.37K","+1.83%"
"11/10/2022","73.90","75.60","75.60","73.60","128.83K","-0.27%"
"11/09/2022","74.10","74.95","75.75","73.65","240.23K","+0.00%"
"11/07/2022","74.10","75.25","75.70","73.75","148.71K","-0.34%"
"11/04/2022","74.35","74.70","75.70","74.00","161.88K","-0.67%"
"11/03/2022","74.85","74.75","75.80","74.00","136.99K","+0.54%"
"11/02/2022","74.45","74.95","75.80","73.50","144.24K","+0.34%"
"11/01/2022","74.20","75.90","75.95","73.30","342.63K","-1.59%"
"10/31/2022","75.40","76.00","76.40","75.10","131.76K","-0.33%"
"10/28/2022","75.65","76.30","76.70","75.25","125.66K","-0.92%"
"10/27/2022","76.35","76.95","77.10","75.10","220.37K","+0.20%"
"10/25/2022","76.20","78.70","78.70","75.75","206.22K","-2.18%"
"10/24/2022","77.90","77.10","78.75","77.10","59.20K","+1.17%"
"10/21/2022","77.00","79.20","79.20","76.50","156.13K","-2.10%"
"10/20/2022","78.65","78.50","79.80","77.00","274.16K","+0.77%"
"10/19/2022","78.05","78.95","80.70","77.65","421.08K","-0.57%"
"10/18/2022","78.50","76.00","79.90","75.55","723.92K","+4.04%"
"10/17/2022","75.45","76.10","76.85","75.20","184.92K","-1.44%"
"10/14/2022","76.55","77.50","78.75","76.30","217.71K","-0.07%"
"10/13/2022","76.60","77.60","78.15","76.10","176.61K","-1.29%"
"10/12/2022","77.60","77.95","79.90","77.05","380.30K","-0.51%"
"10/11/2022","78.00","81.35","81.90","77.45","567.34K","-3.64%"
"10/10/2022","80.95","78.00","81.45","77.40","1.04M","+2.99%"
"10/07/2022","78.60","78.00","79.80","76.60","530.90K","+0.77%"
"10/06/2022","78.00","74.30","78.45","74.05","653.19K","+5.83%"
"10/04/2022","73.70","73.50","74.90","73.30","162.95K","+1.38%"
"10/03/2022","72.70","73.25","76.90","72.10","463.50K","-1.22%"
"09/30/2022","73.60","73.55","74.70","72.55","290.51K","+0.55%"
"09/29/2022","73.20","74.90","75.80","72.65","220.19K","-0.41%"
"09/28/2022","73.50","73.35","74.45","72.30","323.91K","-1.08%"
"09/27/2022","74.30","75.00","75.60","73.00","297.62K","+0.27%"
"09/26/2022","74.10","75.00","75.25","73.05","512.89K","-1.53%"
"09/23/2022","75.25","75.35","76.30","74.55","228.38K","-1.38%"
"09/22/2022","76.30","73.85","77.90","73.50","524.22K","+3.67%"
"09/21/2022","73.60","74.55","75.50","73.50","152.93K","-1.27%"
"09/20/2022","74.55","75.10","75.95","74.10","214.57K","-0.07%"
"09/19/2022","74.60","77.20","77.20","73.85","343.16K","-2.80%"
"09/16/2022","76.75","79.45","79.80","76.00","465.50K","-2.72%"
"09/15/2022","78.90","77.05","80.50","76.60","1.27M","+3.14%"
"09/14/2022","76.50","75.50","77.00","75.00","378.69K","-0.33%"
"09/13/2022","76.75","78.00","79.00","76.50","447.64K","-1.35%"
"09/12/2022","77.80","76.75","79.40","76.00","1.00M","+2.37%"
"09/09/2022","76.00","74.70","77.70","74.00","788.73K","+1.95%"
"09/08/2022","74.55","75.95","76.40","74.10","249.42K","-0.40%"
"09/07/2022","74.85","75.40","76.30","74.30","446.00K","+0.67%"
"09/06/2022","74.35","75.60","75.65","74.05","194.10K","-0.93%"
"09/05/2022","75.05","75.20","76.55","74.05","305.10K","-0.92%"
"09/02/2022","75.75","76.20","76.50","74.50","461.53K","+0.33%"
"09/01/2022","75.50","72.60","78.40","72.30","1.41M","+3.35%"
"08/30/2022","73.05","70.75","74.30","70.40","625.07K","+3.47%"
"08/29/2022","70.60","68.00","71.30","68.00","285.74K","-2.22%"
"08/26/2022","72.20","73.00","73.00","70.70","346.05K","+0.56%"
"08/25/2022","71.80","71.90","73.60","71.00","468.76K","+1.34%"
"08/24/2022","70.85","70.70","71.40","70.15","312.86K","+1.21%"
"08/23/2022","70.00","69.00","70.50","67.50","337.87K","+2.12%"
"08/22/2022","68.55","69.05","70.45","68.25","306.49K","-1.79%"
"08/19/2022","69.80","71.90","72.50","69.20","502.01K","-2.31%"
"08/18/2022","71.45","71.70","72.45","70.95","430.29K","+0.56%"
"08/17/2022","71.05","70.85","72.45","69.65","507.11K","+1.28%"
"08/16/2022","70.15","69.50","72.05","69.40","300.80K","+0.65%"
"08/12/2022","69.70","71.00","71.75","69.05","464.44K","-1.76%"
"08/11/2022","70.95","73.00","73.00","70.20","529.10K","+2.31%"
"08/10/2022","69.35","73.00","74.90","67.20","1.07M","-5.77%"
"08/08/2022","73.60","71.30","74.10","69.20","1.11M","+3.52%"
"08/05/2022","71.10","71.95","75.70","70.10","2.82M","+3.95%"
"08/04/2022","68.40","69.80","71.45","67.70","515.73K","-1.16%"
"08/03/2022","69.20","69.00","69.40","68.15","202.49K","+0.29%"
"08/02/2022","69.00","68.00","70.20","67.75","455.91K","+1.55%"
"08/01/2022","67.95","67.25","69.05","67.25","187.54K","+1.65%"
"07/29/2022","66.85","67.20","67.90","66.00","220.04K","+0.75%"
"07/28/2022","66.35","66.95","68.20","65.50","189.72K","+0.38%"
"07/27/2022","66.10","67.30","67.95","65.50","163.06K","-1.71%"
"07/26/2022","67.25","66.65","68.10","66.50","239.08K","+0.00%"
"07/25/2022","67.25","68.30","68.40","67.00","225.35K","-1.68%"
"07/22/2022","68.40","68.95","71.20","67.40","851.98K","-0.07%"
"07/21/2022","68.45","67.70","71.60","66.85","1.21M","+1.78%"
"07/20/2022","67.25","64.15","68.75","64.05","1.21M","+5.08%"
"07/19/2022","64.00","63.05","64.55","63.05","172.61K","+1.27%"
"07/18/2022","63.20","62.15","63.90","62.00","161.26K","+2.43%"
"07/15/2022","61.70","63.05","64.00","61.30","203.59K","-2.14%"
"07/14/2022","63.05","64.50","64.50","62.50","180.49K","-1.33%"
"07/13/2022","63.90","63.20","65.60","63.10","291.78K","-0.16%"
"07/12/2022","64.00","64.50","65.95","61.70","323.65K","-0.16%"
"07/11/2022","64.10","62.50","66.00","61.55","571.40K","+2.48%"
"07/08/2022","62.55","63.00","63.75","62.10","264.16K","+0.32%"
"07/07/2022","62.35","60.20","63.85","60.00","557.25K","+5.14%"
"07/06/2022","59.30","59.90","59.90","58.55","95.30K","+0.59%"
"07/05/2022","58.95","60.50","61.30","58.55","282.78K","-1.50%"
"07/04/2022","59.85","58.50","60.30","58.45","91.10K","+1.27%"
"07/01/2022","59.10","58.70","59.90","58.70","105.91K","+0.68%"
"06/30/2022","58.70","59.05","60.25","58.10","118.85K","-1.26%"
"06/29/2022","59.45","59.80","61.00","58.90","153.94K","-2.38%"
"06/28/2022","60.90","61.00","61.70","60.50","333.29K","+1.25%"
"06/27/2022","60.15","61.50","61.95","60.00","311.91K","-1.80%"
"06/24/2022","61.25","57.40","62.70","57.40","1.46M","+8.50%"
"06/23/2022","56.45","57.35","58.10","56.20","161.67K","-0.09%"
"06/22/2022","56.50","58.70","58.70","56.00","165.65K","-3.09%"
"06/21/2022","58.30","55.40","59.65","55.30","233.57K","+6.00%"
"06/20/2022","55.00","57.95","59.90","54.20","360.14K","-4.18%"
"06/17/2022","57.40","57.00","58.10","56.05","210.04K","+0.53%"
"06/16/2022","57.10","60.20","61.10","56.50","312.17K","-4.19%"
"06/15/2022","59.60","61.90","62.00","59.20","162.62K","-1.89%"
"06/14/2022","60.75","62.10","63.55","60.40","218.42K","-2.10%"
"06/13/2022","62.05","62.00","62.95","60.20","256.81K","-1.97%"
"06/10/2022","63.30","62.95","64.75","62.00","431.61K","+1.12%"
"06/09/2022","62.60","62.35","62.95","61.60","124.31K","+0.32%"
"06/08/2022","62.40","62.60","64.05","62.05","226.13K","-0.56%"
"06/07/2022","62.75","63.40","63.40","62.20","123.48K","+0.08%"
"06/06/2022","62.70","65.30","65.30","62.00","266.14K","-2.94%"
"06/03/2022","64.60","64.70","66.30","63.80","516.25K","+1.33%"
"06/02/2022","63.75","61.30","64.60","61.00","700.90K","+3.91%"
"06/01/2022","61.35","62.55","63.00","61.00","243.05K","-1.05%"
"05/31/2022","62.00","62.00","63.55","61.10","367.64K","+0.49%"
"05/30/2022","61.70","59.80","62.60","59.30","641.05K","+5.20%"
"05/27/2022","58.65","58.05","60.00","58.05","639.35K","+1.38%"
"05/26/2022","57.85","59.25","60.60","56.65","851.07K","-1.45%"
"05/25/2022","58.70","63.30","63.30","58.00","815.23K","-4.24%"
"05/24/2022","61.30","64.50","64.50","57.70","3.32M","-10.05%"
"05/23/2022","68.15","68.75","69.35","67.50","282.83K","+0.59%"
"05/20/2022","67.75","66.30","68.35","66.30","205.33K","+3.59%"
"05/19/2022","65.40","65.20","66.45","65.00","274.54K","-2.17%"
"05/18/2022","66.85","70.00","70.90","66.20","412.22K","-3.67%"
"05/17/2022","69.40","65.95","70.70","65.45","713.36K","+6.20%"
"05/16/2022","65.35","65.95","67.80","64.50","473.27K","+0.54%"
"05/13/2022","65.00","62.05","66.35","62.05","503.45K","+4.67%"
"05/12/2022","62.10","63.00","63.20","61.20","341.19K","-2.20%"
"05/11/2022","63.50","66.50","67.40","62.60","401.39K","-3.79%"
"05/10/2022","66.00","68.45","69.80","65.25","434.01K","-2.08%"
"05/09/2022","67.40","68.15","69.60","66.80","441.76K","-3.16%"
"05/06/2022","69.60","71.40","72.35","68.65","807.53K","-4.53%"
"05/05/2022","72.90","74.70","75.90","72.10","354.81K","-0.48%"
"05/04/2022","73.25","77.40","79.50","72.15","852.41K","-3.43%"
"05/02/2022","75.85","75.60","76.65","73.70","547.00K","-0.52%"
"04/29/2022","76.25","77.35","79.15","75.25","714.30K","-0.46%"
"04/28/2022","76.60","81.10","81.70","76.00","725.01K","-4.84%"
"04/27/2022","80.50","80.95","82.90","80.05","929.01K","-0.68%"
"04/26/2022","81.05","82.75","84.20","80.20","693.39K","-0.55%"
"04/25/2022","81.50","81.25","84.40","78.10","1.23M","+0.00%"
"04/22/2022","81.50","83.75","85.15","80.50","498.84K","-2.57%"
"04/21/2022","83.65","82.45","84.50","82.10","823.76K","+3.02%"
"04/20/2022","81.20","84.05","86.00","80.55","870.78K","-2.58%"
"04/19/2022","83.35","88.55","90.00","79.55","1.80M","-5.87%"
"04/18/2022","88.55","86.10","89.75","84.30","1.73M","+1.84%"
"04/13/2022","86.95","85.50","91.30","85.00","3.38M","+2.72%"
"04/12/2022","84.65","83.50","86.00","78.65","1.30M","+2.30%"
"04/11/2022","82.75","84.00","86.30","79.80","830.72K","-1.43%"
"04/08/2022","83.95","84.85","85.95","82.80","1.09M","-0.59%"
"04/07/2022","84.45","82.60","88.05","82.45","2.62M","+0.48%"
"04/06/2022","84.05","77.70","85.15","77.70","2.32M","+6.06%"
"04/05/2022","79.25","76.95","84.00","76.05","2.68M","+2.99%"
"04/04/2022","76.95","73.90","78.55","73.40","2.09M","+6.21%"
"04/01/2022","72.45","68.60","73.70","68.45","1.50M","+5.61%"
"03/31/2022","68.60","68.80","69.60","67.25","448.04K","+0.81%"
"03/30/2022","68.05","68.75","70.90","67.50","716.23K","+0.52%"
"03/29/2022","67.70","69.15","70.70","67.10","536.45K","-1.88%"
"03/28/2022","69.00","67.00","71.40","67.00","1.41M","+3.99%"
"03/25/2022","66.35","65.60","68.15","65.40","433.38K","+1.38%"
"03/24/2022","65.45","66.15","67.30","65.20","484.73K","-2.53%"
"03/23/2022","67.15","68.80","71.00","66.40","1.08M","-0.74%"
"03/22/2022","67.65","65.25","68.90","64.80","552.48K","+1.96%"
"03/21/2022","66.35","68.00","68.95","66.10","389.31K","-2.07%"
"03/17/2022","67.75","67.00","70.00","66.15","1.15M","+3.28%"
"03/16/2022","65.60","66.95","66.95","65.05","385.30K","+0.08%"
"03/15/2022","65.55","64.85","66.50","64.65","597.42K","+0.92%"
"03/14/2022","64.95","66.50","67.00","63.90","515.17K","-1.81%"
"03/11/2022","66.15","63.30","66.50","63.30","830.77K","+4.50%"
"03/10/2022","63.30","64.25","65.50","62.55","852.33K","+0.40%"
"03/09/2022","63.05","57.65","64.00","56.90","2.15M","+11.69%"
"03/08/2022","56.45","56.55","59.50","56.15","498.50K","-0.70%"
"03/07/2022","56.85","58.00","58.00","56.00","381.61K","-3.48%"
"03/04/2022","58.90","60.00","60.00","58.15","294.28K","-1.83%"
"03/03/2022","60.00","61.65","62.85","59.15","741.92K","-2.28%"
"03/02/2022","61.40","60.65","61.95","60.65","523.25K","+0.74%"
"02/28/2022","60.95","62.30","62.30","60.50","542.07K","-2.25%"
"02/25/2022","62.35","62.90","64.70","61.20","416.92K","+2.72%"
"02/24/2022","60.70","61.00","62.70","60.00","911.83K","-3.73%"
"02/23/2022","63.05","63.10","65.25","61.00","458.55K","+0.00%"
"02/22/2022","63.05","61.50","65.20","61.40","838.69K","-0.47%"
"02/21/2022","63.35","67.35","67.40","58.55","762.51K","-6.22%"
"02/18/2022","67.55","64.30","69.20","63.95","2.00M","+3.60%"
"02/17/2022","65.20","66.00","66.00","64.40","634.85K","+0.38%"
"02/16/2022","64.95","65.20","67.25","64.25","741.24K","+0.54%"
"02/15/2022","64.60","61.80","65.25","61.80","690.33K","+4.96%"
"02/14/2022","61.55","63.20","64.00","61.20","419.65K","-4.35%"
"02/11/2022","64.35","63.40","64.80","62.60","347.09K","+1.42%"
"02/10/2022","63.45","64.25","64.70","63.15","290.73K","-0.70%"
"02/09/2022","63.90","64.10","65.30","63.45","331.90K","+0.31%"
"02/08/2022","63.70","64.90","64.95","62.90","378.33K","-1.39%"
"02/07/2022","64.60","66.45","66.85","63.70","450.06K","-1.90%"
"02/04/2022","65.85","67.00","70.90","65.60","2.11M","+1.46%"
"02/03/2022","64.90","67.00","67.85","63.35","472.60K","-1.67%"
"02/02/2022","66.00","65.95","67.40","65.85","396.39K","+0.08%"
"02/01/2022","65.95","67.50","69.15","65.10","500.37K","-1.12%"
"01/31/2022","66.70","68.00","68.75","65.10","401.59K","-0.52%"
"01/28/2022","67.05","68.30","69.45","66.55","463.39K","-0.96%"
"01/27/2022","67.70","64.70","73.05","64.15","1.99M","+2.89%"
"01/25/2022","65.80","66.10","67.30","63.50","693.47K","-1.20%"
"01/24/2022","66.60","67.45","70.90","54.00","3.47M","-0.45%"
"01/21/2022","66.90","62.90","71.55","62.10","4.10M","+6.36%"
"01/20/2022","62.90","64.35","64.35","61.95","210.89K","-1.56%"
"01/19/2022","63.90","64.00","64.20","63.10","159.47K","-0.23%"
"01/18/2022","64.05","64.50","65.70","63.50","396.67K","-0.31%"
"01/17/2022","64.25","65.50","65.80","64.05","239.12K","-0.46%"
"01/14/2022","64.55","63.65","65.50","62.75","416.57K","+2.79%"
"01/13/2022","62.80","64.95","64.95","62.35","315.02K","-2.26%"
"01/12/2022","64.25","62.95","65.35","59.90","772.62K","+4.22%"
"01/11/2022","61.65","62.40","62.95","61.30","219.65K","-2.07%"
"01/10/2022","62.95","59.30","63.95","58.70","718.25K","+6.33%"
"01/07/2022","59.20","60.45","60.45","58.50","270.67K","-0.59%"
"01/06/2022","59.55","59.30","60.95","59.00","369.37K","-0.67%"
"01/05/2022","59.95","59.30","60.55","59.30","292.48K","-0.75%"
"01/04/2022","60.40","61.50","61.50","59.45","322.28K","+0.58%"
"01/03/2022","60.05","60.90","61.00","59.45","319.21K","+0.76%"
"12/31/2021","59.60","58.20","60.20","58.20","378.38K","-0.08%"
"12/30/2021","59.65","61.20","62.00","59.25","255.64K","-2.69%"
"12/29/2021","61.30","60.95","62.40","59.40","208.18K","+1.66%"
"12/28/2021","60.30","60.70","61.20","59.55","194.43K","+1.34%"
"12/27/2021","59.50","60.50","60.50","58.60","155.55K","-1.65%"
"12/24/2021","60.50","62.80","62.80","59.40","160.51K","-2.18%"
"12/23/2021","61.85","61.50","63.35","60.00","312.84K","+3.34%"
"12/22/2021","59.85","61.00","62.60","59.60","301.79K","-1.72%"
"12/21/2021","60.90","58.55","62.00","58.55","202.01K","+2.01%"
"12/20/2021","59.70","61.20","61.20","58.50","324.80K","-3.63%"
"12/17/2021","61.95","62.70","63.40","61.40","217.37K","-1.20%"
"12/16/2021","62.70","64.00","64.55","62.25","408.37K","-2.03%"
"12/15/2021","64.00","67.35","67.95","63.10","615.65K","-4.26%"
"12/14/2021","66.85","66.15","67.50","65.50","175.54K","+0.07%"
"12/13/2021","66.80","67.50","68.90","66.30","241.74K","-1.40%"
"12/10/2021","67.75","68.80","69.45","66.20","228.98K","-1.53%"
"12/09/2021","68.80","65.70","69.10","65.50","444.93K","+4.80%"
"12/08/2021","65.65","65.50","66.75","64.45","301.30K","+1.47%"
"12/07/2021","64.70","63.90","65.25","63.00","374.40K","+4.10%"
"12/06/2021","62.15","61.00","63.20","61.00","281.10K","-2.36%"
"12/03/2021","63.65","62.70","64.95","62.20","557.14K","+1.52%"
"12/02/2021","62.70","62.90","63.75","60.30","485.50K","-0.56%"
"12/01/2021","63.05","66.85","66.85","62.40","412.77K","-3.30%"
"11/30/2021","65.20","60.00","66.00","60.00","1.04M","+6.97%"
"11/29/2021","60.95","61.50","63.20","57.30","1.23M","-7.09%"
"11/26/2021","65.60","70.00","70.00","65.00","942.75K","-7.99%"
"11/25/2021","71.30","72.05","72.95","70.50","247.11K","-1.04%"
"11/24/2021","72.05","72.00","73.90","71.40","313.55K","+0.07%"
"11/23/2021","72.00","70.35","72.50","68.80","298.98K","+2.35%"
"11/22/2021","70.35","73.50","73.90","68.70","529.23K","-3.96%"
"11/18/2021","73.25","75.15","75.15","72.70","272.40K","-2.01%"
"11/17/2021","74.75","75.80","75.80","74.15","212.36K","-1.45%"
"11/16/2021","75.85","74.15","77.40","74.15","530.87K","+3.06%"
"11/15/2021","73.60","77.45","78.05","72.95","606.09K","-4.97%"
"11/12/2021","77.45","77.95","79.00","76.65","322.65K","+0.13%"
"11/11/2021","77.35","78.60","79.00","77.10","351.78K","-1.59%"
"11/10/2021","78.60","79.55","81.50","77.75","529.79K","-1.19%"
"11/09/2021","79.55","78.35","81.00","78.35","1.16M","+2.91%"
"11/08/2021","77.30","76.90","78.00","75.45","534.79K","+1.98%"
"11/04/2021","75.80","74.50","76.90","74.25","202.38K","+2.57%"
"11/03/2021","73.90","75.40","76.10","73.20","297.14K","-1.20%"
"11/02/2021","74.80","73.30","77.00","72.50","592.87K","+3.31%"
"11/01/2021","72.40","71.50","73.65","70.40","248.14K","+3.13%"
"10/29/2021","70.20","71.70","71.80","68.00","465.93K","-1.54%"
"10/28/2021","71.30","73.20","73.95","70.80","381.87K","-2.06%"
"10/27/2021","72.80","74.00","75.55","72.55","315.84K","-1.36%"
"10/26/2021","73.80","71.40","74.60","70.60","563.75K","+3.43%"
"10/25/2021","71.35","78.20","78.45","70.05","1.40M","-7.82%"
"10/22/2021","77.40","77.00","80.95","76.40","1.12M","+2.18%"
"10/21/2021","75.75","76.45","77.15","74.55","600.03K","-0.33%"
"10/20/2021","76.00","77.40","80.00","75.60","945.82K","-1.81%"
"10/19/2021","77.40","80.75","82.50","75.90","1.29M","-3.31%"
"10/18/2021","80.05","82.95","83.35","79.60","1.19M","-0.68%"
"10/14/2021","80.60","82.60","83.80","80.10","900.11K","-0.92%"
"10/13/2021","81.35","79.50","85.50","79.45","2.92M","+3.56%"
"10/12/2021","78.55","79.95","82.25","77.10","1.31M","-1.63%"
"10/11/2021","79.85","81.65","83.15","79.60","2.49M","+0.19%"
"10/08/2021","79.70","72.00","85.00","72.00","11.42M","+12.49%"
"10/07/2021","70.85","70.00","72.00","66.25","804.65K","+3.58%"
"10/06/2021","68.40","73.00","73.90","66.20","1.80M","-3.73%"
"10/05/2021","71.05","67.00","72.15","66.60","2.34M","+5.65%"
"10/04/2021","67.25","66.65","69.00","66.20","700.63K","+2.05%"
"10/01/2021","65.90","65.60","66.40","64.50","571.77K","+0.46%"
"09/30/2021","65.60","65.85","67.00","65.25","1.46M","+0.23%"
"09/29/2021","65.45","65.00","66.35","65.00","307.09K","-0.53%"
"09/28/2021","65.80","66.20","67.20","65.00","546.11K","-0.30%"
"09/27/2021","66.00","64.80","68.10","64.30","1.26M","+3.04%"
"09/24/2021","64.05","65.00","66.50","63.70","390.26K","-1.00%"
"09/23/2021","64.70","66.45","67.25","63.80","789.52K","-1.82%"
"09/22/2021","65.90","65.75","68.50","65.40","983.85K","+1.00%"
"09/21/2021","65.25","66.05","66.95","63.50","726.96K","-0.61%"
"09/20/2021","65.65","64.85","71.00","63.95","3.32M","+1.23%"
"09/17/2021","64.85","65.10","67.85","64.00","2.52M","+0.62%"
"09/16/2021","64.45","63.20","65.85","63.00","1.52M","+2.46%"
"09/15/2021","62.90","62.75","64.50","62.35","1.01M","+1.29%"
"09/14/2021","62.10","61.90","63.10","61.20","286.75K","+0.32%"
"09/13/2021","61.90","62.40","63.65","60.80","470.55K","-0.48%"
"09/09/2021","62.20","60.35","63.70","59.70","1.13M","+1.63%"
"09/08/2021","61.20","63.00","63.80","60.55","590.22K","-2.55%"
"09/07/2021","62.80","62.00","64.85","60.50","748.85K","+1.29%"
"09/06/2021","62.00","59.50","65.00","59.50","1.24M","+4.47%"
"09/03/2021","59.35","57.15","61.65","57.15","407.83K","+1.80%"
"09/02/2021","58.30","58.75","59.10","56.40","186.15K","-0.34%"
"09/01/2021","58.50","59.20","59.40","58.05","110.83K","-0.68%"
"08/31/2021","58.90","59.20","59.90","58.15","136.40K","-0.34%"
"08/30/2021","59.10","60.30","60.40","58.85","217.85K","+0.42%"
"08/27/2021","58.85","57.40","60.80","57.05","362.44K","+2.97%"
"08/26/2021","57.15","57.00","57.75","56.55","105.05K","-0.52%"
"08/25/2021","57.45","58.90","58.95","57.10","179.21K","-1.54%"
"08/24/2021","58.35","54.70","58.75","54.50","318.35K","+6.38%"
"08/23/2021","54.85","57.95","58.10","53.80","282.91K","-4.28%"
"08/20/2021","57.30","58.00","58.75","57.00","158.39K","-1.04%"
"08/18/2021","57.90","60.95","61.00","57.45","511.33K","-3.34%"
"08/17/2021","59.90","58.95","60.30","58.15","281.34K","+2.48%"
"08/16/2021","58.45","59.10","59.25","57.50","156.37K","-0.51%"
"08/13/2021","58.75","59.20","60.30","58.55","202.11K","-0.17%"
"08/12/2021","58.85","58.55","60.35","58.15","218.61K","+0.43%"
"08/11/2021","58.60","59.60","60.40","55.50","566.21K","-0.68%"
"08/10/2021","59.00","61.25","61.50","57.55","356.07K","-2.72%"
"08/09/2021","60.65","63.75","63.75","60.30","381.76K","-3.27%"
"08/06/2021","62.70","62.65","64.50","61.20","660.28K","+1.05%"
"08/05/2021","62.05","60.00","62.45","58.80","708.48K","+2.56%"
"08/04/2021","60.50","62.40","62.70","60.30","409.93K","-0.25%"
"08/03/2021","60.65","61.60","63.00","60.50","451.39K","-1.06%"
"08/02/2021","61.30","61.30","62.50","61.15","269.12K","-0.97%"
"07/30/2021","61.90","62.20","63.00","61.80","223.87K","+0.08%"
"07/29/2021","61.85","62.90","64.40","61.50","411.94K","-0.80%"
"07/28/2021","62.35","61.80","63.70","60.00","1.15M","+2.72%"
"07/27/2021","60.70","58.20","60.70","58.20","945.79K","+4.93%"
"07/26/2021","57.85","59.20","60.20","57.65","374.27K","-1.78%"
"07/23/2021","58.90","60.80","60.80","58.50","288.82K","-1.75%"
"07/22/2021","59.95","59.90","61.00","59.80","305.44K","+1.44%"
"07/20/2021","59.10","60.30","61.40","58.00","671.99K","-3.19%"
"07/19/2021","61.05","62.00","62.70","60.75","681.65K","-2.24%"
"07/16/2021","62.45","62.30","63.00","62.00","232.02K","+0.24%"
"07/15/2021","62.30","64.30","64.30","62.00","614.09K","-2.20%"
"07/14/2021","63.70","64.95","65.15","63.45","370.32K","-1.62%"
"07/13/2021","64.75","64.80","66.70","63.85","638.95K","+1.49%"
"07/12/2021","63.80","65.25","65.75","63.65","446.26K","+0.08%"
"07/09/2021","63.75","63.50","64.30","63.30","219.76K","+0.08%"
"07/08/2021","63.70","64.10","65.85","63.05","450.61K","-1.62%"
"07/07/2021","64.75","64.65","66.10","63.90","674.90K","+0.00%"
"07/06/2021","64.75","65.00","66.55","64.30","1.85M","+2.13%"
"07/05/2021","63.40","64.45","64.50","62.90","763.10K","-0.63%"
"07/02/2021","63.80","64.00","64.70","63.05","309.71K","+0.63%"
"07/01/2021","63.40","63.95","64.85","63.00","342.16K","-0.31%"
"06/30/2021","63.60","66.45","66.45","63.25","687.61K","-3.42%"
"06/29/2021","65.85","68.75","69.05","65.50","2.47M","+0.08%"
"06/28/2021","65.80","66.00","67.25","63.20","1.08M","+1.31%"
"06/25/2021","64.95","62.00","65.45","61.50","896.63K","+4.17%"
"06/24/2021","62.35","64.70","64.70","62.00","355.93K","-2.35%"
"06/23/2021","63.85","65.10","65.80","63.40","695.35K","+1.35%"
"06/22/2021","63.00","62.90","63.80","62.30","426.35K","+1.69%"
"06/21/2021","61.95","61.50","63.90","59.50","538.95K","-0.64%"
"06/18/2021","62.35","64.50","64.90","61.30","994.09K","-3.33%"
"06/17/2021","64.50","61.95","65.65","61.10","1.49M","+3.12%"
"06/16/2021","62.55","65.80","67.10","62.55","1.14M","-4.94%"
"06/15/2021","65.80","67.80","68.85","65.25","985.63K","-3.09%"
"06/14/2021","67.90","68.00","69.30","64.65","690.18K","-0.07%"
"06/11/2021","67.95","69.10","70.80","67.35","613.01K","-1.59%"
"06/10/2021","69.05","71.05","71.50","68.35","865.53K","-1.71%"
"06/09/2021","70.25","68.00","71.20","67.00","2.96M","+3.54%"
"06/08/2021","67.85","66.20","68.80","64.10","1.17M","+2.65%"
"06/07/2021","66.10","70.85","70.85","65.10","2.71M","-3.50%"
"06/04/2021","68.50","66.15","68.50","65.45","2.26M","+4.98%"
"06/03/2021","65.25","63.50","65.70","62.50","4.21M","+4.23%"
"06/02/2021","62.60","61.25","63.55","60.25","1.74M","+2.20%"
"06/01/2021","61.25","64.10","64.15","60.10","1.57M","+0.25%"
"05/31/2021","61.10","57.70","61.10","55.55","1.18M","+4.98%"
"05/28/2021","58.20","59.60","60.00","58.20","1.86M","-4.98%"
"05/27/2021","61.25","66.00","66.35","61.25","2.21M","-4.97%"
"05/26/2021","64.45","63.95","64.45","62.65","663.84K","+4.97%"
"05/25/2021","61.40","59.40","61.40","58.40","1.19M","+4.96%"
"05/24/2021","58.50","59.50","59.85","55.20","2.44M","+1.74%"
"05/21/2021","57.50","55.65","57.50","55.55","1.02M","+4.93%"
"05/20/2021","54.80","55.20","55.20","53.60","2.06M","+4.18%"
"05/19/2021","52.60","52.60","52.60","52.60","336.27K","+4.99%"
"05/18/2021","50.10","48.70","50.10","47.65","748.01K","+4.92%"
"05/17/2021","47.75","46.65","48.35","46.65","215.44K","+1.27%"
"05/14/2021","47.15","47.60","47.75","46.75","333.52K","+0.64%"
"05/12/2021","46.85","48.30","49.90","46.65","460.05K","-3.00%"
"05/11/2021","48.30","46.90","49.20","45.85","630.73K","+2.99%"
"05/10/2021","46.90","47.60","47.60","46.55","290.90K","-0.21%"
"05/07/2021","47.00","47.80","47.80","46.70","181.74K","+0.11%"
"05/06/2021","46.95","47.90","47.90","45.60","173.98K","-1.26%"
"05/05/2021","47.55","47.25","48.50","46.80","204.91K","+2.04%"
"05/04/2021","46.60","48.50","49.00","46.10","292.74K","-3.32%"
"05/03/2021","48.20","47.15","49.00","46.50","282.63K","+1.26%"
"04/30/2021","47.60","48.00","49.50","47.05","244.81K","-1.14%"
"04/29/2021","48.15","49.15","49.65","47.25","324.09K","-1.73%"
"04/28/2021","49.00","51.90","51.90","48.50","1.10M","-0.91%"
"04/27/2021","49.45","49.45","49.45","48.75","410.42K","+4.99%"
"04/26/2021","47.10","46.60","47.10","46.05","331.69K","+4.90%"
"04/23/2021","44.90","43.00","45.25","43.00","375.13K","+4.18%"
"04/22/2021","43.10","43.90","43.90","41.75","438.61K","+0.47%"
"04/20/2021","42.90","44.30","45.25","42.00","239.92K","-0.46%"
"04/19/2021","43.10","44.50","44.50","42.80","603.54K","-4.33%"
"04/16/2021","45.05","45.05","45.80","44.95","152.56K","+0.00%"
"04/15/2021","45.05","45.50","45.55","44.55","242.28K","-1.74%"
"04/13/2021","45.85","44.25","46.20","44.25","182.20K","+0.66%"
"04/12/2021","45.55","47.15","47.15","45.10","517.66K","-4.00%"
"04/09/2021","47.45","47.35","48.20","47.00","233.46K","+0.53%"
"04/08/2021","47.20","47.00","48.55","46.20","405.91K","+2.05%"
"04/07/2021","46.25","46.00","47.40","45.90","258.18K","+0.00%"
"04/06/2021","46.25","48.50","48.50","45.60","375.55K","-2.43%"
"04/05/2021","47.40","50.20","50.20","46.75","469.96K","-3.66%"
"04/01/2021","49.20","50.00","50.25","48.85","238.15K","+0.20%"
"03/31/2021","49.10","49.80","50.50","49.00","317.38K","+0.20%"
"03/30/2021","49.00","49.50","50.00","48.95","281.04K","+0.00%"
"03/26/2021","49.00","49.20","49.95","49.00","328.04K","-0.10%"
"03/25/2021","49.05","49.50","49.50","48.90","560.01K","-0.71%"
"03/24/2021","49.40","50.35","51.80","49.00","922.75K","-1.89%"
"03/23/2021","50.35","51.70","51.75","49.70","338.22K","-1.47%"
"03/22/2021","51.10","53.30","53.80","50.90","581.64K","-2.20%"
"03/19/2021","52.25","48.20","52.25","48.20","774.56K","+4.92%"
"03/18/2021","49.80","50.60","51.30","49.30","690.86K","+1.84%"
"03/17/2021","48.90","51.25","52.80","48.70","907.56K","-4.59%"
"03/16/2021","51.25","55.00","55.00","51.25","634.28K","-4.92%"
"03/15/2021","53.90","56.00","56.00","52.65","677.28K","-2.36%"
"03/12/2021","55.20","58.70","58.95","55.10","1.04M","-4.83%"
"03/10/2021","58.00","58.70","58.70","56.50","1.31M","-1.44%"
"03/09/2021","58.85","61.35","61.80","57.85","3.58M","-0.08%"
"03/08/2021","58.90","54.70","58.90","54.40","2.42M","+9.99%"
"03/05/2021","53.55","57.00","59.15","52.70","2.20M","-5.89%"
"03/04/2021","56.90","50.50","56.90","49.65","5.79M","+9.95%"
"03/03/2021","51.75","47.05","51.80","47.00","3.22M","+9.87%"
"03/02/2021","47.10","45.65","47.95","45.65","726.76K","+1.73%"
"03/01/2021","46.30","45.20","46.70","45.00","463.99K","+2.43%"
"02/26/2021","45.20","45.00","46.25","45.00","273.87K","-1.74%"
"02/25/2021","46.00","46.90","46.90","45.40","625.50K","-0.11%"
"02/24/2021","46.05","46.50","46.55","45.05","445.02K","-1.60%"
"02/23/2021","46.80","47.25","47.50","46.00","359.75K","-0.32%"
"02/22/2021","46.95","48.85","50.00","46.15","879.11K","-1.26%"
"02/19/2021","47.55","47.90","48.70","46.80","744.60K","+0.42%"
"02/18/2021","47.35","45.20","48.45","45.20","1.63M","+3.38%"
"02/17/2021","45.80","46.50","47.05","45.55","264.76K","-1.51%"
"02/16/2021","46.50","48.45","48.45","46.25","260.00K","-2.92%"
"02/15/2021","47.90","48.00","48.50","47.55","585.62K","+1.05%"
"02/12/2021","47.40","48.50","49.60","46.35","1.17M","+0.85%"
"02/11/2021","47.00","46.35","48.70","46.35","674.03K","-1.36%"
"02/10/2021","47.65","46.05","48.40","45.40","1.04M","+3.59%"
"02/09/2021","46.00","46.35","46.95","45.70","459.89K","-0.76%"
"02/08/2021","46.35","45.70","48.45","45.00","576.70K","+1.42%"
"02/05/2021","45.70","48.60","49.10","45.00","1.09M","-1.30%"
"02/04/2021","46.30","45.00","46.30","44.50","508.51K","+4.99%"
"02/03/2021","44.10","44.90","44.90","43.10","1.69M","-0.34%"
"02/02/2021","44.25","44.20","45.00","42.55","631.00K","+2.91%"
"02/01/2021","43.00","45.60","45.85","42.85","832.83K","-4.66%"
"01/29/2021","45.10","43.90","45.20","43.50","3.16M","+4.76%"
"01/28/2021","43.05","40.00","43.05","40.00","697.47K","+5.00%"
"01/27/2021","41.00","43.00","43.00","40.00","811.56K","-2.26%"
"01/25/2021","41.95","43.95","44.40","41.70","385.51K","-3.56%"
"01/22/2021","43.50","43.85","44.50","43.10","316.34K","-1.47%"
"01/21/2021","44.15","44.45","44.45","43.85","401.53K","+0.00%"
"01/20/2021","44.15","45.25","45.25","43.80","397.35K","-0.45%"
"01/19/2021","44.35","44.35","45.50","44.05","497.40K","+1.26%"
"01/18/2021","43.80","45.50","45.90","43.25","749.82K","-3.74%"
"01/15/2021","45.50","45.85","46.40","45.00","475.24K","-0.98%"
"01/14/2021","45.95","46.15","47.00","45.75","493.15K","-0.43%"
"01/13/2021","46.15","47.70","47.70","45.80","692.87K","-1.60%"
"01/12/2021","46.90","46.50","47.80","45.30","380.85K","+0.64%"
"01/11/2021","46.60","48.30","48.80","46.25","512.10K","-2.71%"
"01/08/2021","47.90","49.15","49.15","47.65","350.04K","-0.62%"
"01/07/2021","48.20","49.25","50.00","47.85","535.87K","-1.23%"
"01/06/2021","48.80","49.20","50.20","47.40","623.86K","-2.11%"
"01/05/2021","49.85","51.10","51.80","48.55","1.52M","-0.60%"
"01/04/2021","50.15","48.90","50.15","48.25","1.33M","+4.92%"
"01/01/2021","47.80","48.70","49.40","46.55","1.41M","+1.59%"
"12/31/2020","47.05","47.00","49.25","46.10","600.17K","+0.21%"
"12/30/2020","46.95","46.20","47.15","45.10","461.40K","+1.95%"
"12/29/2020","46.05","47.60","47.65","45.50","377.03K","-1.39%"
"12/28/2020","46.70","47.00","47.00","45.80","260.11K","+1.97%"
"12/24/2020","45.80","45.80","46.70","44.30","514.92K","+2.92%"
"12/23/2020","44.50","43.50","45.85","41.60","1.33M","+1.83%"
"12/22/2020","43.70","43.70","43.95","43.70","201.51K","-4.90%"
"12/21/2020","45.95","48.30","48.30","45.95","613.02K","-4.96%"
"12/18/2020","48.35","49.10","49.80","47.50","574.39K","-2.22%"
"12/17/2020","49.45","49.80","50.40","49.00","793.67K","-1.00%"
"12/16/2020","49.95","50.40","51.40","49.55","726.64K","+1.01%"
"12/15/2020","49.45","51.50","51.50","48.05","567.16K","-1.59%"
"12/14/2020","50.25","51.60","51.60","50.05","422.54K","-1.28%"
"12/11/2020","50.90","52.30","52.30","50.10","458.19K","-0.10%"
"12/10/2020","50.95","51.00","52.00","49.00","737.35K","+0.00%"
"12/09/2020","50.95","52.00","52.00","50.00","638.22K","+0.49%"
"12/08/2020","50.70","52.20","52.20","50.00","745.92K","-0.88%"
"12/07/2020","51.15","51.50","52.95","49.40","1.79M","-1.54%"
"12/04/2020","51.95","57.35","57.35","51.95","3.70M","-4.94%"
"12/03/2020","54.65","54.65","54.65","54.65","251.42K","+5.00%"
"12/02/2020","52.05","52.05","52.05","52.05","399.70K","+4.94%"
"12/01/2020","49.60","49.50","49.60","48.30","763.40K","+4.97%"
"11/27/2020","47.25","46.00","47.25","45.00","2.10M","+5.00%"
"11/26/2020","45.00","45.00","45.00","43.80","791.64K","+4.90%"
"11/25/2020","42.90","41.75","42.90","41.50","1.45M","+4.89%"
"11/24/2020","40.90","44.80","44.80","40.60","2.67M","-8.91%"
"11/23/2020","44.90","50.20","50.50","44.80","2.43M","-9.75%"
"11/20/2020","49.75","50.95","54.90","49.40","2.24M","-2.36%"
"11/19/2020","50.95","56.70","58.40","48.20","8.28M","-4.05%"
"11/18/2020","53.10","45.75","53.10","45.10","4.47M","+20.00%"
"11/17/2020","44.25","38.00","44.25","37.65","2.97M","+19.92%"
"11/14/2020","36.90","37.10","37.40","36.50","408.96K","+1.23%"
"11/13/2020","36.45","34.00","36.65","33.15","1.64M","+6.73%"
"11/12/2020","34.15","32.45","34.90","30.50","1.56M","+5.24%"
"11/11/2020","32.45","35.00","35.15","32.30","1.11M","-6.89%"
"11/10/2020","34.85","37.60","37.60","33.20","4.80M","+10.28%"
"11/09/2020","31.60","32.75","34.20","31.20","3.49M","+0.00%"
"11/06/2020","31.60","26.80","31.85","26.20","4.99M","+19.02%"
"11/05/2020","26.55","27.00","27.00","26.00","619.31K","+0.19%"
"11/04/2020","26.50","26.50","26.65","26.00","164.89K","+0.95%"
"11/03/2020","26.25","26.05","26.65","25.80","240.88K","+0.77%"
"11/02/2020","26.05","27.30","27.30","26.00","292.07K","-2.43%"
"10/30/2020","26.70","26.90","26.95","26.50","135.00K","+0.19%"
"10/29/2020","26.65","27.05","27.20","26.50","205.88K","-1.48%"
"10/28/2020","27.05","28.10","28.10","27.00","150.32K","-2.17%"
"10/27/2020","27.65","27.40","27.80","26.70","342.70K","+2.41%"
"10/26/2020","27.00","28.00","28.00","26.30","329.64K","-2.00%"
"10/23/2020","27.55","27.50","27.80","27.00","223.75K","+1.85%"
"10/22/2020","27.05","26.95","27.25","26.50","156.12K","+1.31%"
"10/21/2020","26.70","27.30","27.30","26.45","428.01K","+0.00%"
"10/20/2020","26.70","26.50","27.35","26.10","318.72K","+1.71%"
"10/19/2020","26.25","27.85","27.85","26.00","1.01M","-3.14%"
"10/16/2020","27.10","27.65","27.80","27.00","386.95K","-1.99%"
"10/15/2020","27.65","28.30","28.30","27.50","342.50K","-1.25%"
"10/14/2020","28.00","28.40","28.40","27.65","192.36K","-0.36%"
"10/13/2020","28.10","28.45","28.60","27.95","140.36K","-0.35%"
"10/12/2020","28.20","29.30","29.30","28.05","371.96K","-2.08%"
"10/09/2020","28.80","29.55","29.60","28.70","258.36K","-1.20%"
"10/08/2020","29.15","30.45","30.60","28.95","534.73K","-1.69%"
"10/07/2020","29.65","29.45","29.95","28.25","487.84K","+2.60%"
"10/06/2020","28.90","28.80","29.05","28.40","344.43K","+1.23%"
"10/05/2020","28.55","29.10","29.20","28.50","510.63K","+0.18%"
"10/01/2020","28.50","28.70","28.75","28.10","576.27K","+2.33%"
"09/30/2020","27.85","27.95","28.10","27.35","285.63K","-0.36%"
"09/29/2020","27.95","27.90","28.25","27.65","422.74K","+2.19%"
"09/28/2020","27.35","28.30","29.40","26.65","2.07M","-7.45%"
"09/25/2020","29.55","29.90","30.60","29.10","619.53K","+0.34%"
"09/24/2020","29.45","28.55","29.70","28.55","417.39K","+0.86%"
"09/23/2020","29.20","31.65","32.05","28.50","2.70M","+0.17%"
"09/22/2020","29.15","29.60","30.00","27.80","492.20K","-3.48%"
"09/21/2020","30.20","32.60","32.60","30.00","329.82K","-5.33%"
"09/18/2020","31.90","32.40","33.00","31.30","586.29K","-1.39%"
"09/17/2020","32.35","32.85","32.85","32.20","320.09K","+0.00%"
"09/16/2020","32.35","31.55","33.20","31.55","1.66M","+2.70%"
"09/15/2020","31.50","31.60","31.65","30.90","353.94K","+0.64%"
"09/14/2020","31.30","31.70","31.70","31.00","328.90K","+0.97%"
"09/11/2020","31.00","31.35","31.35","30.90","163.97K","+0.16%"
"09/10/2020","30.95","31.70","31.70","30.50","291.22K","+1.31%"
"09/09/2020","30.55","31.15","31.15","30.05","304.11K","-1.93%"
"09/08/2020","31.15","31.00","31.75","30.85","403.36K","+0.00%"
"09/07/2020","31.15","31.70","31.70","30.05","424.98K","+0.97%"
"09/04/2020","30.85","30.00","31.25","29.65","791.00K","+2.66%"
"09/03/2020","30.05","31.50","31.90","29.95","2.10M","-3.22%"
"09/02/2020","31.05","32.40","32.95","30.80","1.29M","-0.64%"
"09/01/2020","31.25","34.30","34.85","31.25","1.77M","-9.94%"
"08/31/2020","34.70","35.80","37.00","33.55","549.03K","-5.32%"
"08/28/2020","36.65","36.90","38.00","36.15","588.98K","+0.96%"
"08/27/2020","36.30","37.50","37.50","35.00","351.36K","-1.76%"
"08/26/2020","36.95","37.45","37.80","36.50","458.89K","+0.14%"
"08/25/2020","36.90","37.70","38.25","36.75","361.75K","-2.12%"
"08/24/2020","37.70","38.80","38.90","37.50","439.92K","+0.00%"
"08/21/2020","37.70","38.20","38.20","37.40","446.47K","+1.07%"
"08/20/2020","37.30","36.55","37.85","36.55","384.51K","+0.81%"
"08/19/2020","37.00","38.15","38.50","36.20","745.80K","-2.76%"
"08/18/2020","38.05","37.90","38.70","37.35","685.48K","+1.87%"
"08/17/2020","37.35","38.00","38.00","36.10","1.25M","+3.18%"
"08/14/2020","36.20","35.80","37.50","35.15","3.33M","+6.16%"
"08/13/2020","34.10","32.00","34.10","31.25","950.12K","+10.00%"
"08/12/2020","31.00","30.50","32.95","30.40","714.24K","+1.64%"
"08/11/2020","30.50","31.40","31.40","30.25","430.21K","-0.16%"
"08/10/2020","30.55","30.95","31.50","29.30","437.14K","+0.83%"
"08/07/2020","30.30","33.40","33.80","29.80","874.91K","-5.46%"
"08/06/2020","32.05","30.90","32.05","30.90","349.26K","+4.91%"
"08/05/2020","30.55","29.10","30.55","29.10","393.46K","+4.98%"
"08/04/2020","29.10","29.40","29.45","28.25","149.95K","+0.69%"
"08/03/2020","28.90","29.50","29.85","28.80","148.47K","-1.70%"
"07/31/2020","29.40","28.75","29.80","28.65","379.03K","+2.26%"
"07/30/2020","28.75","29.25","29.85","28.50","103.40K","-0.86%"
"07/29/2020","29.00","29.00","29.70","28.30","244.55K","+1.58%"
"07/28/2020","28.55","28.80","29.40","28.50","165.45K","-0.70%"
"07/27/2020","28.75","29.80","30.10","28.60","229.21K","-3.52%"
"07/24/2020","29.80","29.70","29.95","29.30","178.03K","+0.17%"
"07/23/2020","29.75","29.70","30.40","29.50","213.77K","+0.17%"
"07/22/2020","29.70","30.60","31.00","29.25","269.94K","-1.82%"
"07/21/2020","30.25","32.00","32.25","29.95","537.19K","-2.26%"
"07/20/2020","30.95","30.75","30.95","30.10","385.83K","+4.92%"
"07/17/2020","29.50","28.95","29.50","28.65","429.77K","+4.98%"
"07/16/2020","28.10","27.65","28.80","27.65","277.27K","+0.36%"
"07/15/2020","28.00","27.50","29.75","27.50","934.65K","-1.75%"
"07/14/2020","28.50","29.50","29.50","28.50","175.88K","-4.84%"
"07/13/2020","29.95","32.50","32.50","29.95","435.24K","-4.92%"
"07/10/2020","31.50","33.35","33.45","30.35","1.11M","-1.25%"
"07/09/2020","31.90","30.90","31.90","30.45","445.22K","+4.93%"
"07/08/2020","30.40","29.50","30.90","29.45","1.48M","+3.23%"
"07/07/2020","29.45","29.50","29.90","28.05","538.87K","+0.86%"
"07/06/2020","29.20","28.40","29.25","27.45","2.18M","+4.66%"
"07/03/2020","27.90","27.95","28.10","26.55","302.35K","+0.90%"
"07/02/2020","27.65","27.60","27.70","27.00","227.54K","+2.41%"
"07/01/2020","27.00","27.00","27.90","26.45","291.61K","+1.50%"
"06/30/2020","26.60","28.10","28.50","26.60","427.42K","-5.00%"
"06/29/2020","28.00","28.30","28.40","27.55","201.21K","-0.71%"
"06/26/2020","28.20","29.10","29.20","28.00","271.25K","-2.25%"
"06/25/2020","28.85","28.25","29.10","27.55","272.72K","+1.23%"
"06/24/2020","28.50","30.50","30.50","28.50","478.23K","-5.00%"
"06/23/2020","30.00","30.40","30.40","29.65","418.87K","+0.50%"
"06/22/2020","29.85","30.50","30.50","29.15","557.43K","+2.40%"
"06/19/2020","29.15","27.20","29.25","27.20","1.25M","+4.48%"
"06/18/2020","27.90","28.25","28.25","27.05","275.59K","+0.36%"
"06/17/2020","27.80","27.50","28.25","26.50","424.41K","+0.36%"
"06/16/2020","27.70","29.50","29.95","27.70","401.09K","-4.97%"
"06/15/2020","29.15","28.70","29.95","28.70","253.10K","+1.57%"
"06/12/2020","28.70","27.60","28.95","27.60","335.08K","-1.20%"
"06/11/2020","29.05","30.60","30.60","28.90","357.87K","-3.49%"
"06/10/2020","30.10","29.00","30.90","28.60","579.13K","+0.00%"
"06/09/2020","30.10","32.85","32.85","30.10","571.70K","-4.90%"
"06/08/2020","31.65","32.10","32.10","31.15","770.21K","+3.43%"
"06/05/2020","30.60","29.25","30.60","29.15","597.63K","+4.97%"
"06/04/2020","29.15","30.00","31.00","29.00","351.36K","-2.18%"
"06/03/2020","29.80","31.20","32.00","29.55","862.45K","-4.18%"
"06/02/2020","31.10","30.50","31.35","30.10","1.14M","+4.01%"
"06/01/2020","29.90","29.90","29.90","29.10","773.29K","+4.91%"
"05/29/2020","28.50","28.00","29.40","28.00","583.75K","+1.79%"
"05/28/2020","28.00","27.00","28.00","26.90","568.26K","+4.87%"
"05/27/2020","26.70","26.95","26.95","26.05","395.93K","+3.89%"
"05/26/2020","25.70","25.35","25.70","24.10","221.94K","+4.90%"
"05/22/2020","24.50","23.55","24.70","22.40","630.70K","+4.03%"
"05/21/2020","23.55","23.40","23.60","23.00","1.48M","+4.67%"
"05/20/2020","22.50","22.05","22.95","22.05","575.50K","-0.88%"
"05/19/2020","22.70","23.00","23.40","22.00","208.56K","-1.52%"
"05/18/2020","23.05","24.90","24.95","23.05","180.20K","-4.95%"
"05/15/2020","24.25","23.10","24.25","22.50","360.17K","+4.98%"
"05/14/2020","23.10","23.50","23.70","22.85","128.28K","-1.07%"
"05/13/2020","23.35","24.00","24.05","23.10","338.17K","+1.08%"
"05/12/2020","23.10","23.85","23.85","22.00","246.50K","+0.43%"
"05/11/2020","23.00","24.30","24.35","22.80","308.62K","-3.56%"
"05/08/2020","23.85","24.75","25.20","23.40","143.05K","-1.04%"
"05/07/2020","24.10","24.70","24.70","23.90","162.65K","-2.43%"
"05/06/2020","24.70","25.20","25.45","23.75","133.17K","-1.00%"
"05/05/2020","24.95","26.00","26.80","24.80","190.82K","-3.85%"
"05/04/2020","25.95","27.20","27.20","25.85","226.14K","-3.71%"
"04/30/2020","26.95","27.70","27.70","25.70","437.88K","+0.19%"
"04/29/2020","26.90","27.00","27.05","24.55","331.78K","+4.26%"
"04/28/2020","25.80","27.50","27.50","25.15","231.69K","-2.46%"
"04/27/2020","26.45","27.65","28.00","26.45","197.32K","-4.86%"
"04/24/2020","27.80","28.60","28.95","27.80","208.48K","-4.96%"
"04/23/2020","29.25","29.25","31.80","29.25","486.60K","-4.88%"
"04/22/2020","30.75","30.75","30.75","30.75","53.33K","-4.95%"
"04/21/2020","32.35","33.50","34.00","32.35","110.48K","-4.99%"
"04/20/2020","34.05","35.50","35.70","33.50","258.06K","+0.00%"
"04/17/2020","34.05","34.10","34.10","33.10","321.10K","+4.77%"
"04/16/2020","32.50","34.85","34.85","31.90","495.23K","-2.11%"
"04/15/2020","33.20","33.20","33.20","33.20","152.43K","+4.90%"
"04/13/2020","31.65","31.65","31.65","31.65","67.70K","+4.98%"
"04/09/2020","30.15","30.15","30.15","30.15","69.83K","+4.87%"
"04/08/2020","28.75","28.75","28.75","28.75","62.61K","+4.93%"
"04/07/2020","27.40","27.10","27.40","27.10","37.36K","+4.98%"
"04/03/2020","26.10","25.80","26.15","25.15","118.70K","+4.61%"
"04/01/2020","24.95","24.75","24.95","23.15","62.31K","+4.83%"
"03/31/2020","23.80","25.50","25.65","23.25","215.49K","-2.66%"
"03/30/2020","24.45","23.95","25.45","23.05","232.82K","+0.82%"
"03/27/2020","24.25","24.60","24.60","24.00","157.67K","+3.41%"
"03/26/2020","23.45","23.00","23.45","22.00","165.27K","+4.92%"
"03/25/2020","22.35","22.55","23.90","21.95","202.78K","-6.49%"
"03/24/2020","23.90","25.00","26.95","22.25","95.07K","-2.45%"
"03/23/2020","24.50","24.05","25.85","23.30","432.73K","-5.22%"
"03/20/2020","25.85","26.40","27.30","25.10","267.38K","-5.66%"
"03/19/2020","27.40","27.90","31.00","25.90","308.90K","-4.53%"
"03/18/2020","28.70","31.20","33.00","28.50","180.64K","-6.97%"
"03/17/2020","30.85","31.55","33.85","30.50","161.67K","-2.53%"
"03/16/2020","31.65","35.20","35.20","30.35","365.71K","-9.83%"
"03/13/2020","35.10","33.35","40.50","30.35","969.93K","-7.39%"
"03/12/2020","37.90","40.50","40.50","34.65","575.62K","-12.27%"
"03/11/2020","43.20","44.25","46.90","42.65","257.92K","-4.42%"
"03/09/2020","45.20","44.15","46.90","44.15","292.21K","-5.74%"
"03/06/2020","47.95","45.75","48.20","41.10","566.38K","-0.42%"
"03/05/2020","48.15","46.00","48.90","43.20","802.54K","+0.10%"
"03/04/2020","48.10","49.70","49.70","46.95","1.65M","+2.12%"
"03/03/2020","47.10","46.65","47.70","46.65","533.64K","+0.96%"
"03/02/2020","46.65","46.90","48.35","46.10","552.36K","-0.74%"
"02/28/2020","47.00","48.90","48.90","46.10","891.02K","-4.76%"
"02/27/2020","49.35","50.00","50.00","48.50","2.08M","-1.50%"
"02/26/2020","50.10","56.50","56.80","49.10","1.60M","-10.05%"
"02/25/2020","55.70","60.20","61.40","55.00","2.45M","-2.28%"
"02/24/2020","57.00","56.00","59.40","54.70","3.32M","+15.15%"
"02/20/2020","49.50","44.80","49.50","44.60","1.68M","+20.00%"
"02/19/2020","41.25","42.50","44.60","41.00","771.42K","-3.73%"
"02/18/2020","42.85","42.05","43.25","42.05","330.56K","+0.12%"
"02/17/2020","42.80","43.00","43.80","40.50","662.22K","-0.23%"
"02/14/2020","42.90","44.50","45.55","41.30","271.00K","-3.60%"
"02/13/2020","44.50","46.95","46.95","43.60","214.68K","-2.63%"
"02/12/2020","45.70","45.25","47.10","45.25","228.55K","+0.99%"
"02/11/2020","45.25","49.70","49.85","44.70","256.51K","-7.65%"
"02/10/2020","49.00","51.05","51.35","48.00","171.88K","-4.02%"
"02/07/2020","51.05","52.40","53.45","50.50","154.73K","-2.11%"
"02/06/2020","52.15","55.15","55.15","52.00","157.88K","-2.43%"
"02/05/2020","53.45","54.10","54.40","52.75","233.25K","-1.66%"
"02/04/2020","54.35","55.00","55.90","53.45","180.34K","-0.64%"
"02/03/2020","54.70","53.15","57.30","51.10","361.01K","+0.18%"
"02/01/2020","54.60","56.15","58.15","53.80","207.78K","-2.76%"
"01/31/2020","56.15","54.60","57.70","51.40","930.43K","+2.28%"
"01/30/2020","54.90","56.00","56.80","54.55","116.19K","-2.05%"
"01/29/2020","56.05","57.00","58.00","55.50","307.77K","-2.18%"
"01/28/2020","57.30","58.40","58.90","56.30","225.26K","-1.88%"
"01/27/2020","58.40","59.25","60.05","58.05","370.20K","-3.23%"
"01/24/2020","60.35","59.00","60.60","59.00","182.54K","+1.00%"
"01/23/2020","59.75","58.30","60.60","58.30","81.38K","+0.25%"
"01/22/2020","59.60","60.10","60.30","59.00","92.24K","-0.67%"
"01/21/2020","60.00","59.75","60.30","58.45","1.92M","-0.91%"
"01/20/2020","60.55","61.10","61.25","59.55","112.25K","-0.57%"
"01/17/2020","60.90","62.00","62.90","60.40","522.36K","-0.25%"
"01/16/2020","61.05","62.10","63.50","61.00","291.78K","-0.81%"
"01/15/2020","61.55","59.20","62.85","55.60","1.22M","+4.94%"
"01/14/2020","58.65","60.10","60.35","57.60","317.99K","-2.17%"
"01/13/2020","59.95","61.40","61.40","59.40","213.93K","-1.64%"
"01/10/2020","60.95","62.00","62.55","60.55","243.24K","-1.53%"
"01/09/2020","61.90","62.00","62.60","60.65","306.55K","+0.81%"
"01/08/2020","61.40","62.45","62.45","61.00","67.00K","-1.68%"
"01/07/2020","62.45","61.10","66.35","61.10","194.20K","+2.21%"
"01/06/2020","61.10","61.00","62.45","59.60","265.84K","-0.49%"
"01/03/2020","61.40","61.90","63.30","61.00","161.78K","-1.84%"
"01/02/2020","62.55","65.50","65.50","62.30","281.15K","-3.02%"
"01/01/2020","64.50","64.50","65.00","63.60","244.77K","+1.10%"
"12/31/2019","63.80","63.30","65.05","63.00","348.73K","-0.93%"
"12/30/2019","64.40","69.90","69.90","63.10","1.05M","-7.47%"
"12/27/2019","69.60","69.50","70.95","67.50","187.46K","+1.09%"
"12/26/2019","68.85","69.10","69.90","67.90","70.69K","+0.07%"
"12/24/2019","68.80","69.80","70.50","67.50","65.51K","-0.36%"
"12/23/2019","69.05","69.20","71.65","68.50","330.48K","+1.32%"
"12/20/2019","68.15","69.50","70.75","66.05","130.16K","-1.94%"
"12/19/2019","69.50","69.10","74.80","67.55","293.93K","+0.43%"
"12/18/2019","69.20","71.00","71.00","67.00","212.31K","+1.91%"
"12/17/2019","67.90","66.15","68.75","64.20","64.30K","+2.65%"
"12/16/2019","66.15","63.20","68.90","63.20","56.36K","+0.38%"
"12/13/2019","65.90","67.40","67.40","63.05","94.37K","+2.65%"
"12/12/2019","64.20","62.25","65.80","62.25","35.60K","+0.31%"
"12/11/2019","64.00","63.50","65.05","62.70","183.17K","-1.39%"
"12/10/2019","64.90","68.80","69.15","63.70","102.39K","-1.52%"
"12/09/2019","65.90","60.00","66.30","60.00","480.40K","+4.35%"
"12/06/2019","63.15","63.15","63.15","63.15","73.50K","-4.97%"
"12/05/2019","66.45","69.90","69.90","66.45","389.02K","-43.06%"
"12/03/2019","116.70","121.00","121.60","115.55","328.30K","-2.63%"
"12/02/2019","119.85","118.95","121.65","114.45","382.11K","+1.22%"
"11/29/2019","118.40","111.95","119.55","109.85","667.36K","+5.01%"
"11/28/2019","112.75","110.55","115.70","106.55","757.06K","+2.41%"
"11/27/2019","110.10","112.60","115.75","108.60","520.90K","-3.12%"
"11/26/2019","113.65","118.80","127.05","111.35","1.29M","-0.66%"
"11/25/2019","114.40","113.55","115.85","112.25","244.96K","+1.82%"
"11/22/2019","112.35","108.75","114.35","108.75","371.19K","+3.03%"
"11/21/2019","109.05","112.35","112.35","106.85","196.47K","-2.11%"
"11/20/2019","111.40","108.35","114.35","106.10","569.76K","+4.50%"
"11/19/2019","106.60","103.75","107.60","102.55","232.32K","+2.45%"
"11/18/2019","104.05","105.05","106.85","103.30","156.94K","-1.56%"
"11/15/2019","105.70","103.15","108.20","100.95","706.93K","+3.12%"
"11/14/2019","102.50","101.70","103.85","100.75","330.29K","-0.39%"
"11/13/2019","102.90","101.85","103.85","99.75","226.68K","+1.73%"
"11/11/2019","101.15","99.40","104.40","98.25","410.14K","+2.59%"
"11/08/2019","98.60","99.45","100.85","95.05","310.31K","-0.85%"
"11/07/2019","99.45","94.85","102.40","94.20","718.49K","+5.69%"
"11/06/2019","94.10","96.50","96.65","92.30","415.53K","-1.98%"
"11/05/2019","96.00","100.30","102.20","95.65","590.24K","-4.29%"
"11/04/2019","100.30","100.35","104.45","98.05","741.19K","+0.75%"
"11/01/2019","99.55","99.85","102.85","96.85","664.74K","-0.40%"
"10/31/2019","99.95","89.70","101.50","88.95","2.78M","+11.99%"
"10/30/2019","89.25","89.75","91.55","88.35","390.89K","-0.28%"
"10/29/2019","89.50","91.80","91.80","87.90","325.97K","-0.89%"
"10/27/2019","90.30","92.50","92.50","89.00","87.25K","+1.52%"
"10/25/2019","88.95","87.65","89.70","86.70","243.00K","+2.42%"
"10/24/2019","86.85","86.10","88.95","86.10","327.46K","+0.35%"
"10/23/2019","86.55","89.10","90.05","86.10","451.96K","-3.30%"
"10/22/2019","89.50","94.70","95.50","89.10","553.86K","-3.56%"
"10/18/2019","92.80","96.65","96.75","92.00","437.45K","-2.83%"
"10/17/2019","95.50","99.45","99.95","93.60","390.25K","-4.16%"
"10/16/2019","99.65","99.45","101.65","99.10","177.59K","+0.10%"
"10/15/2019","99.55","103.60","104.80","97.95","403.48K","-3.21%"
"10/14/2019","102.85","104.60","105.65","102.40","178.07K","-1.34%"
"10/11/2019","104.25","104.30","104.70","101.75","199.12K","+0.53%"
"10/10/2019","103.70","107.00","107.00","103.15","278.18K","-3.67%"
"10/09/2019","107.65","105.70","108.00","103.85","122.47K","+1.80%"
"10/07/2019","105.75","105.75","107.90","103.85","142.15K","+0.19%"
"10/04/2019","105.55","104.60","106.85","103.55","112.92K","+0.52%"
"10/03/2019","105.00","104.60","106.10","103.15","140.27K","-0.57%"
"10/01/2019","105.60","102.10","106.50","100.15","288.81K","+4.50%"
"09/30/2019","101.05","103.20","103.75","95.45","627.15K","-1.61%"
"09/27/2019","102.70","104.60","110.45","100.80","739.49K","-1.96%"
"09/26/2019","104.75","108.35","108.90","95.70","1.86M","-4.21%"
"09/25/2019","109.35","111.35","111.35","106.85","604.62K","-1.84%"
"09/24/2019","111.40","107.60","114.25","100.90","3.49M","-2.32%"
"09/23/2019","114.05","112.90","117.20","106.10","2.23M","-2.65%"
"09/20/2019","117.15","111.80","120.25","110.10","166.21K","+5.35%"
"09/19/2019","111.20","109.35","112.00","108.90","314.64K","+1.55%"
"09/18/2019","109.50","109.80","112.45","108.40","111.76K","-0.27%"
"09/17/2019","109.80","112.80","112.80","109.20","98.87K","-1.66%"
"09/16/2019","111.65","112.75","113.40","110.45","264.58K","-1.06%"
"09/13/2019","112.85","113.30","117.10","111.60","144.23K","+0.49%"
"09/12/2019","112.30","111.95","113.50","110.25","165.42K","+0.63%"
"09/11/2019","111.60","108.35","113.95","108.35","349.93K","+1.09%"
"09/09/2019","110.40","111.30","111.70","108.45","80.53K","-0.23%"
"09/06/2019","110.65","107.15","111.35","107.15","122.21K","+1.89%"
"09/05/2019","108.60","106.35","109.10","106.25","70.00K","+1.26%"
"09/04/2019","107.25","107.60","108.75","106.10","145.59K","+0.52%"
"09/03/2019","106.70","104.70","111.95","104.70","324.13K","+1.09%"
"08/30/2019","105.55","99.90","108.20","98.65","211.75K","+5.55%"
"08/29/2019","100.00","103.15","105.35","98.30","274.14K","+0.15%"
"08/28/2019","99.85","100.90","104.45","97.20","574.27K","-1.53%"
"08/27/2019","101.40","103.65","103.65","100.15","455.96K","+1.25%"
"08/26/2019","100.15","100.75","101.30","95.25","619.87K","+3.03%"
"08/23/2019","97.20","95.65","100.15","90.65","1.61M","+0.73%"
"08/22/2019","96.50","120.25","120.25","96.50","2.22M","-19.98%"
"08/21/2019","120.60","121.05","122.20","118.25","80.89K","-1.43%"
"08/20/2019","122.35","126.05","126.05","120.30","129.72K","-1.92%"
"08/19/2019","124.75","123.45","126.80","123.30","177.31K","+0.36%"
"08/16/2019","124.30","127.05","127.05","122.55","219.52K","-2.05%"
"08/14/2019","126.90","128.40","128.40","125.60","445.38K","+0.12%"
"08/13/2019","126.75","133.00","133.75","124.05","422.32K","-3.24%"
"08/09/2019","131.00","132.05","133.60","109.65","986.34K","-1.09%"
"08/08/2019","132.45","130.65","134.20","128.15","127.58K","+1.34%"
"08/07/2019","130.70","130.95","133.65","129.30","169.48K","-2.54%"
"08/06/2019","134.10","127.35","134.80","127.15","179.86K","+4.16%"
"08/05/2019","128.75","133.05","133.05","127.00","275.99K","-4.28%"
"08/02/2019","134.50","130.85","134.80","130.85","170.34K","+0.00%"
"08/01/2019","134.50","138.35","141.25","132.25","530.83K","-3.69%"
"07/31/2019","139.65","139.55","142.05","133.85","764.18K","+0.04%"
"07/30/2019","139.60","140.30","141.85","138.60","504.28K","-1.24%"
"07/29/2019","141.35","142.70","142.70","138.05","137.77K","-0.07%"
"07/26/2019","141.45","140.20","142.15","139.75","123.82K","-0.35%"
"07/25/2019","141.95","139.90","144.00","138.70","288.89K","+0.07%"
"07/24/2019","141.85","145.20","145.20","138.35","312.29K","-1.08%"
"07/23/2019","143.40","139.75","147.00","137.70","269.43K","+1.13%"
"07/22/2019","141.80","138.40","142.00","135.30","184.37K","+2.24%"
"07/19/2019","138.70","140.85","140.85","135.50","190.71K","-1.94%"
"07/18/2019","141.45","140.65","142.35","125.85","1.38M","-0.07%"
"07/17/2019","141.55","141.90","143.10","140.10","351.56K","-0.21%"
"07/16/2019","141.85","142.05","142.55","140.55","200.27K","-0.11%"
"07/15/2019","142.00","145.55","147.20","141.25","480.81K","-2.87%"
"07/12/2019","146.20","146.05","147.05","142.45","918.70K","+1.39%"
"07/11/2019","144.20","147.05","147.05","141.60","430.95K","-1.54%"
"07/10/2019","146.45","144.70","147.10","143.55","173.88K","+1.17%"
"07/09/2019","144.75","141.55","146.40","138.25","256.39K","+2.88%"
"07/08/2019","140.70","144.75","144.95","139.20","272.25K","-3.83%"
"07/05/2019","146.30","147.65","148.60","140.55","2.05M","-1.81%"
"07/04/2019","149.00","162.00","162.00","137.90","2.16M","-8.36%"
"07/03/2019","162.60","162.25","163.60","161.15","126.99K","-0.55%"
"07/02/2019","163.50","163.75","166.30","161.25","173.94K","-0.49%"
"07/01/2019","164.30","175.40","175.65","162.45","437.97K","-4.39%"
"06/28/2019","171.85","156.95","181.80","155.30","556.95K","+8.66%"
"06/27/2019","158.15","161.95","161.95","155.35","161.97K","-1.34%"
"06/26/2019","160.30","158.75","162.80","158.75","149.38K","+0.44%"
"06/25/2019","159.60","153.20","163.65","151.50","104.04K","+4.45%"
"06/24/2019","152.80","157.05","158.25","151.40","143.94K","-2.55%"
"06/21/2019","156.80","159.05","159.60","154.80","171.49K","-1.85%"
"06/20/2019","159.75","157.35","160.20","155.65","152.37K","+0.28%"
"06/19/2019","159.30","164.30","164.30","158.00","130.51K","-2.98%"
"06/18/2019","164.20","164.25","165.45","161.80","137.56K","-0.30%"
"06/17/2019","164.70","169.65","170.40","163.65","166.37K","-3.35%"
"06/14/2019","170.40","168.80","171.15","167.50","125.81K","+0.95%"
"06/13/2019","168.80","169.70","170.90","167.45","113.47K","-0.85%"
"06/12/2019","170.25","173.35","173.35","169.25","137.30K","-2.21%"
"06/11/2019","174.10","173.95","174.70","170.75","131.10K","+1.07%"
"06/10/2019","172.25","175.00","176.35","170.10","172.21K","-2.21%"
"06/07/2019","176.15","174.85","176.75","173.00","138.53K","+0.66%"
"06/06/2019","175.00","178.25","178.25","173.00","160.48K","-1.82%"
"06/04/2019","178.25","174.35","178.75","174.35","109.16K","+0.91%"
"06/03/2019","176.65","174.80","178.45","173.40","113.36K","+0.94%"
"05/31/2019","175.00","172.05","176.30","171.20","112.52K","+0.84%"
"05/30/2019","173.55","170.00","175.95","168.60","178.90K","+2.21%"
"05/29/2019","169.80","170.85","171.65","167.10","177.70K","-0.61%"
"05/28/2019","170.85","172.25","173.30","169.75","845.90K","-1.39%"
"05/27/2019","173.25","173.20","175.40","171.00","169.38K","-0.09%"
"05/24/2019","173.40","172.90","175.00","171.15","190.56K","+0.29%"
"05/23/2019","172.90","178.10","179.30","170.85","234.12K","-2.97%"
"05/22/2019","178.20","177.05","180.65","174.45","213.61K","+0.59%"
"05/21/2019","177.15","179.45","179.45","174.10","153.67K","-1.67%"
"05/20/2019","180.15","185.70","185.80","178.00","297.38K","-1.93%"
"05/17/2019","183.70","177.00","186.10","175.65","156.67K","+3.23%"
"05/16/2019","177.95","176.05","179.20","173.05","104.95K","+1.77%"
"05/15/2019","174.85","179.35","179.35","173.45","173.89K","-1.85%"
"05/14/2019","178.15","180.80","180.80","175.00","247.27K","-1.95%"
"05/13/2019","181.70","181.60","184.10","177.85","116.04K","-0.95%"
"05/10/2019","183.45","181.20","184.45","179.45","94.96K","+1.19%"
"05/09/2019","181.30","180.90","183.10","176.05","198.90K","-0.55%"
"05/08/2019","182.30","182.25","183.60","178.75","292.20K","+0.00%"
"05/07/2019","182.30","184.55","184.55","180.60","145.94K","-0.92%"
"05/06/2019","184.00","183.00","185.50","181.80","196.73K","-0.22%"
"05/03/2019","184.40","184.20","186.30","182.45","204.88K","-1.02%"
"05/02/2019","186.30","183.20","189.80","182.35","181.47K","+1.39%"
"04/30/2019","183.75","184.60","186.75","181.20","198.31K","-0.97%"
"04/26/2019","185.55","185.10","186.80","180.95","307.86K","+0.19%"
"04/25/2019","185.20","186.70","186.70","183.70","118.63K","-0.88%"
"04/24/2019","186.85","185.70","188.30","183.85","162.60K","-0.40%"
"04/23/2019","187.60","183.80","197.60","181.75","1.57M","+2.63%"
"04/22/2019","182.80","185.05","186.00","181.65","120.30K","-2.01%"
"04/18/2019","186.55","186.80","187.80","180.30","272.02K","-0.11%"
"04/16/2019","186.75","186.80","187.50","185.35","148.41K","+0.11%"
"04/15/2019","186.55","186.45","187.50","185.55","104.49K","-0.35%"
"04/12/2019","187.20","187.35","190.05","186.10","170.67K","-0.13%"
"04/11/2019","187.45","186.65","187.55","185.00","102.47K","+0.08%"
"04/10/2019","187.30","186.80","187.65","185.90","98.84K","-0.13%"
"04/09/2019","187.55","186.65","187.70","185.00","121.87K","+0.46%"
"04/08/2019","186.70","186.55","187.85","185.05","126.63K","-0.05%"
"04/05/2019","186.80","186.80","188.00","184.60","295.60K","+0.30%"
"04/04/2019","186.25","184.60","187.55","181.35","206.55K","+0.35%"
"04/03/2019","185.60","188.30","188.30","184.35","167.96K","-0.80%"
"04/02/2019","187.10","186.80","187.95","184.55","213.98K","-0.87%"
"04/01/2019","188.75","191.90","191.90","185.00","1.03M","-1.64%"
"03/29/2019","191.90","185.35","195.05","182.85","1.21M","+4.35%"
"03/28/2019","183.90","180.85","185.35","178.30","524.71K","+1.69%"
"03/27/2019","180.85","176.35","182.35","174.90","514.95K","+1.69%"
"03/26/2019","177.85","173.35","178.60","168.00","428.75K","+2.51%"
"03/25/2019","173.50","172.65","176.35","169.50","255.80K","-0.09%"
"03/22/2019","173.65","170.30","174.35","169.20","314.10K","+2.81%"
"03/20/2019","168.90","165.85","170.40","164.60","197.27K","+1.50%"
"03/19/2019","166.40","167.75","167.75","164.40","174.25K","+0.09%"
"03/18/2019","166.25","167.40","167.40","164.10","701.92K","-0.15%"
"03/15/2019","166.50","167.35","167.85","163.80","1.79M","+0.36%"
"03/14/2019","165.90","164.35","166.70","164.35","131.97K","+0.51%"
"03/13/2019","165.05","164.80","165.50","162.60","455.17K","-0.63%"
"03/12/2019","166.10","166.70","168.05","164.85","268.17K","+0.64%"
"03/11/2019","165.05","162.00","166.95","160.75","271.57K","+2.39%"
"03/08/2019","161.20","162.55","163.00","160.35","158.31K","-0.80%"
"03/07/2019","162.50","164.25","164.40","160.20","303.64K","-0.98%"
"03/06/2019","164.10","160.40","165.55","159.60","433.30K","+2.72%"
"03/05/2019","159.75","161.25","161.35","158.35","444.42K","-0.53%"
"03/01/2019","160.60","158.95","161.35","156.95","305.63K","+1.55%"
"02/28/2019","158.15","156.95","159.55","156.75","205.63K","+0.86%"
"02/27/2019","156.80","159.85","165.10","155.05","358.90K","-1.32%"
"02/26/2019","158.90","157.40","159.15","155.45","135.04K","-1.09%"
"02/25/2019","160.65","159.10","164.00","157.95","236.92K","+1.04%"
"02/22/2019","159.00","158.45","160.15","157.70","94.78K","-0.31%"
"02/21/2019","159.50","156.10","160.80","155.10","90.10K","+2.21%"
"02/20/2019","156.05","157.35","158.05","155.20","164.61K","-0.76%"
"02/19/2019","157.25","157.45","161.80","155.85","268.98K","-0.13%"
"02/18/2019","157.45","158.20","159.15","154.55","102.11K","+0.00%"
"02/15/2019","157.45","158.90","160.75","156.65","143.76K","-2.36%"
"02/14/2019","161.25","157.95","163.15","156.05","67.70K","+2.06%"
"02/13/2019","158.00","156.50","159.85","154.00","173.37K","+0.57%"
"02/12/2019","157.10","159.10","159.10","155.45","100.83K","-1.04%"
"02/11/2019","158.75","161.35","161.35","155.45","128.41K","-1.64%"
"02/08/2019","161.40","160.95","162.15","158.60","122.98K","+0.28%"
"02/07/2019","160.95","162.05","162.15","159.60","157.08K","-0.92%"
"02/06/2019","162.45","159.45","164.40","157.20","145.26K","+2.62%"
"02/05/2019","158.30","159.90","159.90","157.20","98.18K","-1.16%"
"02/04/2019","160.15","161.40","161.55","157.85","125.33K","-2.23%"
"02/01/2019","163.80","165.90","168.05","161.25","170.47K","-1.53%"
"01/31/2019","166.35","162.60","168.05","161.05","87.55K","+2.24%"
"01/30/2019","162.70","160.00","164.90","158.45","127.59K","+1.18%"
"01/29/2019","160.80","159.85","162.15","158.45","86.33K","+0.19%"
"01/28/2019","160.50","164.50","164.55","157.70","133.81K","-2.79%"
"01/25/2019","165.10","165.80","166.95","161.95","94.59K","-0.12%"
"01/24/2019","165.30","166.95","166.95","163.30","105.47K","-0.18%"
"01/23/2019","165.60","165.00","171.00","161.40","108.37K","+0.36%"
"01/22/2019","165.00","169.40","169.40","163.65","108.15K","-2.51%"
"01/21/2019","169.25","171.80","171.80","168.20","82.30K","-1.51%"
"01/18/2019","171.85","173.35","173.35","170.50","458.95K","-1.26%"
"01/17/2019","174.05","173.75","174.85","171.50","124.25K","+0.32%"
"01/16/2019","173.50","174.20","174.85","171.20","188.88K","-0.43%"
"01/15/2019","174.25","172.80","174.85","172.80","93.45K","-0.14%"
"01/14/2019","174.50","173.35","175.80","172.65","108.19K","+0.23%"
"01/11/2019","174.10","175.60","175.60","170.85","107.52K","-0.43%"
"01/10/2019","174.85","174.50","175.55","173.80","92.30K","-0.31%"
"01/09/2019","175.40","175.50","175.70","173.15","104.59K","-0.11%"
"01/08/2019","175.60","174.25","176.90","173.70","108.47K","+0.03%"
"01/07/2019","175.55","179.30","179.30","174.30","665.56K","-1.74%"
"01/04/2019","178.65","173.35","179.15","172.70","213.93K","+2.97%"
"01/03/2019","173.50","172.85","174.10","172.00","102.28K","-0.06%"
"01/02/2019","173.60","172.70","175.50","170.85","92.50K","-0.66%"
"01/01/2019","174.75","176.70","176.70","172.65","38.32K","-0.14%"
"12/31/2018","175.00","173.30","176.20","172.65","95.44K","+1.45%"
"12/28/2018","172.50","171.90","175.40","170.25","290.09K","+0.17%"
"12/27/2018","172.20","173.35","174.85","169.40","164.44K","-0.89%"
"12/26/2018","173.75","174.85","175.60","170.45","103.64K","-1.42%"
"12/24/2018","176.25","179.65","179.65","173.65","115.72K","-1.65%"
"12/21/2018","179.20","178.60","181.50","176.50","370.07K","-0.31%"
"12/20/2018","179.75","177.85","180.85","176.60","238.27K","+1.93%"
"12/19/2018","176.35","177.85","178.60","174.10","157.59K","-0.14%"
"12/18/2018","176.60","177.85","177.85","173.55","136.59K","-0.31%"
"12/17/2018","177.15","174.50","177.65","174.50","122.06K","+0.11%"
"12/14/2018","176.95","175.60","177.70","172.65","117.12K","+0.71%"
"12/13/2018","175.70","176.20","176.95","173.45","165.35K","+0.51%"
"12/12/2018","174.80","168.50","176.35","167.55","272.83K","+4.45%"
"12/11/2018","167.35","160.30","168.80","160.30","137.28K","+2.86%"
"12/10/2018","162.70","162.15","163.85","158.15","106.67K","-0.12%"
"12/07/2018","162.90","166.70","168.15","161.90","640.76K","-1.63%"
"12/06/2018","165.60","165.40","167.95","162.75","320.18K","-1.22%"
"12/05/2018","167.65","170.30","171.05","166.10","191.53K","-3.51%"
"12/04/2018","173.75","171.90","178.55","170.55","1.28M","+1.22%"
"12/03/2018","171.65","171.15","174.80","169.85","97.56K","-0.15%"
"11/30/2018","171.90","168.25","172.35","168.25","171.03K","+1.27%"
"11/29/2018","169.75","173.05","173.05","168.75","86.67K","-0.96%"
"11/28/2018","171.40","172.95","174.50","169.65","220.30K","-0.98%"
"11/27/2018","173.10","170.25","175.15","170.25","325.41K","+1.26%"
"11/26/2018","170.95","167.25","171.80","164.50","176.12K","+2.30%"
"11/22/2018","167.10","167.55","168.50","164.60","167.09K","-0.57%"
"11/21/2018","168.05","168.35","170.40","165.25","124.28K","-0.09%"
"11/20/2018","168.20","170.75","170.75","166.70","139.32K","-1.55%"
"11/19/2018","170.85","170.40","171.90","168.90","182.75K","+1.09%"
"11/16/2018","169.00","168.30","171.90","165.95","237.64K","+0.03%"
"11/15/2018","168.95","165.65","170.10","164.80","353.84K","+2.89%"
"11/14/2018","164.20","162.25","166.60","161.55","476.45K","+0.67%"
"11/13/2018","163.10","161.40","164.20","159.15","228.63K","+0.65%"
"11/12/2018","162.05","162.15","163.60","157.70","143.42K","+0.71%"
"11/09/2018","160.90","162.60","164.40","159.15","245.29K","-1.05%"
"11/06/2018","162.60","162.90","164.75","159.40","280.91K","+0.09%"
"11/05/2018","162.45","157.00","164.55","156.20","532.29K","+2.46%"
"11/02/2018","158.55","158.55","160.65","153.95","640.17K","-0.94%"
"11/01/2018","160.05","157.70","162.00","154.85","276.46K","+2.50%"
"10/31/2018","156.15","153.90","157.70","152.45","237.89K","+2.36%"
"10/30/2018","152.55","153.10","154.90","151.25","265.07K","-0.36%"
"10/29/2018","153.10","152.85","153.95","149.35","348.78K","+1.12%"
"10/26/2018","151.40","153.95","153.95","151.05","654.33K","-1.62%"
"10/25/2018","153.90","156.85","156.95","152.45","212.97K","-2.50%"
"10/24/2018","157.85","156.95","159.05","154.90","149.78K","+0.10%"
"10/23/2018","157.70","156.85","160.25","152.45","277.01K","-0.38%"
"10/22/2018","158.30","151.40","162.00","148.80","456.23K","+4.77%"
"10/19/2018","151.10","155.35","156.80","150.60","309.93K","-3.57%"
"10/17/2018","156.70","162.80","164.05","155.65","299.97K","-2.91%"
"10/16/2018","161.40","166.65","173.35","159.55","1.12M","-2.18%"
"10/15/2018","165.00","162.90","168.60","159.30","1.11M","+0.89%"
"10/12/2018","163.55","151.05","167.20","151.05","458.57K","+9.36%"
"10/11/2018","149.55","146.40","150.95","144.90","580.34K","-0.33%"
"10/10/2018","150.05","147.05","153.55","145.40","920.02K","+2.99%"
"10/09/2018","145.70","149.40","149.45","144.45","330.80K","-2.51%"
"10/08/2018","149.45","150.80","158.15","146.75","347.52K","-2.32%"
"10/05/2018","153.00","157.70","159.20","150.20","953.79K","-3.95%"
"10/04/2018","159.30","156.95","161.40","153.20","458.93K","-0.56%"
"10/03/2018","160.20","170.55","171.05","157.90","997.41K","-6.59%"
"10/01/2018","171.50","167.40","172.65","147.35","1.70M","+2.48%"
"09/28/2018","167.35","171.75","171.80","162.20","1.07M","-1.79%"
"09/27/2018","170.40","179.30","179.30","169.15","1.24M","-4.80%"
"09/26/2018","179.00","186.25","186.25","178.10","194.33K","-1.94%"
"09/25/2018","182.55","176.40","190.55","169.65","445.97K","+2.50%"
"09/24/2018","178.10","185.35","185.35","175.60","285.61K","-3.07%"
"09/21/2018","183.75","182.35","187.55","176.55","334.33K","+0.96%"
"09/19/2018","182.00","180.30","184.40","178.75","2.42M","+0.97%"
"09/18/2018","180.25","182.05","183.40","178.10","173.17K","-1.39%"
"09/17/2018","182.80","183.10","183.55","181.70","117.49K","-0.57%"
"09/14/2018","183.85","183.00","185.30","182.70","214.36K","+1.29%"
"09/12/2018","181.50","183.50","184.60","180.10","373.52K","-1.36%"
"09/11/2018","184.00","183.25","189.05","182.80","387.49K","+0.55%"
"09/10/2018","183.00","184.45","185.80","182.40","157.02K","-0.46%"
"09/07/2018","183.85","183.10","185.20","182.40","375.04K","+0.52%"
"09/06/2018","182.90","185.10","188.70","181.95","365.48K","-0.52%"
"09/05/2018","183.85","184.60","191.90","181.10","941.61K","-0.27%"
"09/04/2018","184.35","189.35","191.25","183.25","447.40K","-2.18%"
"09/03/2018","188.45","188.30","190.80","186.80","318.17K","+0.80%"
"08/31/2018","186.95","189.00","191.20","186.55","485.14K","-1.19%"
"08/30/2018","189.20","191.20","191.65","187.70","313.65K","-0.92%"
"08/29/2018","190.95","191.30","192.80","187.95","285.64K","-0.10%"
"08/28/2018","191.15","189.65","192.00","186.95","327.74K","+1.03%"
"08/27/2018","189.20","184.35","189.80","182.85","766.59K","+3.76%"
"08/24/2018","182.35","183.40","184.60","181.60","814.44K","-0.16%"
"08/23/2018","182.65","183.00","184.15","181.95","995.41K","+0.33%"
"08/21/2018","182.05","180.60","187.50","179.75","4.39M","+1.51%"
"08/20/2018","179.35","184.45","184.45","178.75","1.17M","-2.07%"
"08/17/2018","183.15","187.95","188.30","182.35","628.14K","-1.59%"
"08/16/2018","186.10","190.60","192.05","185.00","454.89K","-3.07%"
"08/14/2018","192.00","193.50","194.50","190.70","450.74K","+0.00%"
"08/13/2018","192.00","195.05","195.65","191.40","210.24K","-2.02%"
"08/10/2018","195.95","198.65","199.20","195.25","272.82K","-0.84%"
"08/09/2018","197.60","196.55","199.15","192.20","366.33K","+1.20%"
"08/08/2018","195.25","197.30","198.45","192.90","541.65K","-2.33%"
"08/07/2018","199.90","202.50","203.20","195.20","590.67K","-0.27%"
"08/06/2018","200.45","196.25","201.00","196.00","245.46K","+1.31%"
"08/03/2018","197.85","198.20","200.10","195.85","385.77K","+0.53%"
"08/02/2018","196.80","190.55","198.05","185.65","536.18K","+3.36%"
"08/01/2018","190.40","195.05","196.20","188.75","587.45K","-3.03%"
"07/31/2018","196.35","199.45","199.85","192.95","532.10K","-1.92%"
"07/30/2018","200.20","200.65","201.90","199.25","256.81K","-0.74%"
"07/27/2018","201.70","201.60","203.20","201.05","205.85K","-0.02%"
"07/26/2018","201.75","203.00","203.25","200.15","257.84K","-0.44%"
"07/25/2018","202.65","203.25","204.00","200.00","345.96K","-0.10%"
"07/24/2018","202.85","200.60","203.55","199.60","218.50K","+1.40%"
"07/23/2018","200.05","204.80","204.80","199.60","388.61K","-2.25%"
"07/20/2018","204.65","202.50","205.75","201.80","172.32K","+0.49%"
"07/19/2018","203.65","203.95","205.45","200.85","232.59K","-0.39%"
"07/18/2018","204.45","203.55","205.30","199.55","247.43K","+0.34%"
"07/17/2018","203.75","205.15","206.50","199.95","274.32K","-0.68%"
"07/16/2018","205.15","203.20","205.65","201.00","238.46K","+0.96%"
"07/13/2018","203.20","205.30","205.30","200.40","241.71K","-1.02%"
"07/12/2018","205.30","205.40","205.65","204.15","173.90K","-0.07%"
"07/11/2018","205.45","205.65","206.20","203.40","181.55K","-0.10%"
"07/10/2018","205.65","205.00","206.80","204.40","166.94K","+0.32%"
"07/09/2018","205.00","206.25","207.40","203.75","169.54K","-0.10%"
"07/06/2018","205.20","208.25","209.00","203.30","358.19K","-1.54%"
"07/05/2018","208.40","206.25","209.60","204.30","243.92K","+0.41%"
"07/04/2018","207.55","205.90","210.20","204.15","724.14K","+0.63%"
"07/03/2018","206.25","201.25","207.40","199.55","302.36K","+2.23%"
"07/02/2018","201.75","199.40","202.45","196.65","535.40K","+1.25%"
"06/29/2018","199.25","208.05","208.50","197.30","965.33K","-4.05%"
"06/28/2018","207.65","205.30","208.80","204.10","598.40K","+1.14%"
"06/27/2018","205.30","205.55","208.45","203.70","715.88K","-0.19%"
"06/26/2018","205.70","205.50","208.05","203.35","561.20K","-0.53%"
"06/25/2018","206.80","210.65","210.65","205.60","302.36K","-1.85%"
"06/22/2018","210.70","206.05","211.30","204.60","898.22K","+1.98%"
"06/21/2018","206.60","204.85","207.65","203.70","295.67K","+0.46%"
"06/20/2018","205.65","207.15","209.15","204.10","315.29K","-1.08%"
"06/19/2018","207.90","211.10","212.90","206.45","464.88K","-0.95%"
"06/18/2018","209.90","209.15","212.35","205.50","533.46K","+0.36%"
"06/15/2018","209.15","214.40","215.05","207.85","1.60M","-2.38%"
"06/14/2018","214.25","212.55","215.05","211.70","1.22M","+1.30%"
"06/13/2018","211.50","207.70","212.40","205.20","5.50M","+2.64%"
"06/12/2018","206.05","201.05","208.50","200.65","942.87K","+2.21%"
"06/11/2018","201.60","201.75","203.25","200.35","305.00K","+0.00%"
"06/08/2018","201.60","203.65","203.65","200.65","176.95K","-1.25%"
"06/07/2018","204.15","197.20","204.80","195.60","414.53K","+3.52%"
"06/06/2018","197.20","192.25","199.55","190.00","498.56K","+2.07%"
"06/05/2018","193.20","196.55","197.20","191.35","264.27K","-1.58%"
"06/04/2018","196.30","203.05","203.55","195.15","197.84K","-3.28%"
"06/01/2018","202.95","208.60","208.60","201.45","270.07K","-2.57%"
"05/31/2018","208.30","205.45","209.15","201.05","463.98K","+1.61%"
"05/30/2018","205.00","206.95","207.25","204.00","290.09K","-1.35%"
"05/29/2018","207.80","210.00","210.40","205.90","316.04K","-0.43%"
"05/28/2018","208.70","210.75","212.15","207.75","584.67K","+0.82%"
"05/25/2018","207.00","204.55","208.20","203.05","372.68K","+1.25%"
"05/24/2018","204.45","204.75","205.25","202.20","250.57K","-0.12%"
"05/23/2018","204.70","205.20","206.05","203.25","160.06K","-0.22%"
"05/22/2018","205.15","205.50","206.55","203.65","158.30K","+0.00%"
"05/21/2018","205.15","206.90","215.20","204.10","590.78K","-0.85%"
"05/18/2018","206.90","205.90","209.10","203.35","988.91K","+1.00%"
"05/17/2018","204.85","206.65","209.75","203.55","439.46K","-0.27%"
"05/16/2018","205.40","204.00","205.50","201.85","158.37K","-0.15%"
"05/15/2018","205.70","206.70","207.75","201.85","262.68K","-0.48%"
"05/14/2018","206.70","210.75","210.80","204.10","168.63K","-1.74%"
"05/11/2018","210.35","208.70","212.05","206.50","396.73K","+0.50%"
"05/10/2018","209.30","207.75","212.55","207.20","425.03K","+0.50%"
"05/09/2018","208.25","209.65","210.35","207.80","2.25M","-0.86%"
"05/08/2018","210.05","210.90","212.05","208.70","743.40K","-0.31%"
"05/07/2018","210.70","213.80","214.75","208.75","654.57K","-0.94%"
"05/04/2018","212.70","209.30","216.40","208.05","568.83K","+0.73%"
"05/03/2018","211.15","213.00","215.05","208.00","628.79K","-0.85%"
"05/02/2018","212.95","215.95","217.00","211.50","1.55M","-1.75%"
"04/30/2018","216.75","218.95","218.95","214.55","500.36K","-0.64%"
"04/27/2018","218.15","218.95","219.35","216.65","744.88K","-0.07%"
"04/26/2018","218.30","215.20","219.95","214.70","1.41M","+2.49%"
"04/25/2018","213.00","208.25","215.20","205.20","1.68M","+2.85%"
"04/24/2018","207.10","223.45","226.45","205.70","4.74M","-2.31%"
"04/23/2018","212.00","208.70","217.25","208.65","2.98M","+1.95%"
"04/20/2018","207.95","208.50","209.45","205.60","480.23K","+0.19%"
"04/19/2018","207.55","209.10","211.10","206.25","472.85K","+0.44%"
"04/18/2018","206.65","205.15","209.60","204.10","1.37M","+2.45%"
"04/17/2018","201.70","201.90","203.00","198.80","392.55K","-0.02%"
"04/16/2018","201.75","201.90","205.20","201.35","999.94K","-0.37%"
"04/13/2018","202.50","202.80","203.75","202.00","259.38K","+0.02%"
"04/12/2018","202.45","203.30","205.70","202.15","483.06K","-0.76%"
"04/11/2018","204.00","205.95","207.30","202.15","405.07K","-1.40%"
"04/10/2018","206.90","207.90","209.55","204.95","898.01K","-1.22%"
"04/09/2018","209.45","209.20","211.35","207.10","226.47K","+0.14%"
"04/06/2018","209.15","206.35","209.40","206.35","247.94K","+1.60%"
"04/05/2018","205.85","203.95","210.30","201.90","651.32K","+1.96%"
"04/04/2018","201.90","208.45","208.45","200.85","427.65K","-2.56%"
"04/03/2018","207.20","212.25","212.75","206.70","1.07M","-3.27%"
"04/02/2018","214.20","209.00","216.70","208.95","553.14K","+1.40%"
"03/28/2018","211.25","209.20","216.95","205.15","1.03M","+0.93%"
"03/27/2018","209.30","205.65","210.35","205.65","315.77K","+2.27%"
"03/26/2018","204.65","200.80","207.55","198.20","338.61K","+1.92%"
"03/23/2018","200.80","196.60","201.60","195.05","300.02K","+0.10%"
"03/22/2018","200.60","203.50","204.25","196.20","504.46K","-0.79%"
"03/21/2018","202.20","203.20","208.40","198.20","549.52K","+1.00%"
"03/20/2018","200.20","198.40","205.90","197.45","419.65K","-0.12%"
"03/19/2018","200.45","206.95","206.95","199.70","342.64K","-2.05%"
"03/16/2018","204.65","207.25","212.25","203.40","736.17K","-0.53%"
"03/15/2018","205.75","201.60","218.10","200.75","2.70M","+2.72%"
"03/14/2018","200.30","195.80","203.55","194.30","1.51M","+2.30%"
"03/13/2018","195.80","196.55","198.05","193.55","440.13K","+0.18%"
"03/12/2018","195.45","195.75","196.55","191.30","223.01K","+0.70%"
"03/09/2018","194.10","193.85","196.85","191.30","473.44K","+0.62%"
"03/08/2018","192.90","191.95","195.70","189.80","507.01K","+0.73%"
"03/07/2018","191.50","191.60","192.50","186.90","709.20K","+0.08%"
"03/06/2018","191.35","192.00","194.65","188.60","1.58M","-0.18%"
"03/05/2018","191.70","184.60","198.70","181.60","3.41M","+6.29%"
"03/01/2018","180.35","181.20","181.20","179.35","140.48K","-0.63%"
"02/28/2018","181.50","180.10","183.05","177.50","201.73K","+0.17%"
"02/27/2018","181.20","185.35","186.10","178.40","876.69K","-1.23%"
"02/26/2018","183.45","178.20","185.35","175.75","584.65K","+3.88%"
"02/23/2018","176.60","172.65","178.90","171.55","321.18K","+1.93%"
"02/22/2018","173.25","174.10","175.55","171.00","172.36K","-0.69%"
"02/21/2018","174.45","171.95","176.25","169.40","141.41K","+1.51%"
"02/20/2018","171.85","176.35","176.35","170.75","219.83K","-1.91%"
"02/19/2018","175.20","172.80","177.75","169.60","155.14K","+1.42%"
"02/16/2018","172.75","176.75","178.25","171.15","305.60K","-2.46%"
"02/15/2018","177.10","181.85","182.70","175.85","242.82K","-2.21%"
"02/14/2018","181.10","181.35","183.10","179.45","273.25K","-0.47%"
"02/12/2018","181.95","180.85","183.00","178.70","136.94K","+2.19%"
"02/09/2018","178.05","175.60","180.10","173.15","110.39K","-0.20%"
"02/08/2018","178.40","177.10","179.75","175.65","234.03K","+1.57%"
"02/07/2018","175.65","174.85","177.60","171.15","213.72K","+3.26%"
"02/06/2018","170.10","168.10","173.30","165.90","916.63K","-1.90%"
"02/05/2018","173.40","168.15","180.85","165.15","884.15K","+3.37%"
"02/02/2018","167.75","175.55","175.55","161.90","1.41M","-4.22%"
"02/01/2018","175.15","176.05","181.90","171.90","1.08M","+0.09%"
"01/31/2018","175.00","177.65","179.05","173.60","415.23K","-2.32%"
"01/30/2018","179.15","183.00","183.00","176.75","627.65K","-1.29%"
"01/29/2018","181.50","183.05","183.70","178.70","376.33K","+0.08%"
"01/25/2018","181.35","183.60","186.25","179.85","367.54K","-1.23%"
"01/24/2018","183.60","189.45","189.45","181.65","496.57K","-2.73%"
"01/23/2018","188.75","188.30","189.80","186.10","650.98K","+0.96%"
"01/22/2018","186.95","188.60","192.10","185.00","643.80K","+0.08%"
"01/19/2018","186.80","186.85","188.75","181.30","1.96M","+1.11%"
"01/18/2018","184.75","191.30","191.70","183.25","861.50K","-2.71%"
"01/17/2018","189.90","196.55","196.55","188.75","807.43K","-3.58%"
"01/16/2018","196.95","202.50","203.80","194.80","503.09K","-2.09%"
"01/15/2018","201.15","202.05","204.75","198.10","760.53K","+0.30%"
"01/12/2018","200.55","194.30","203.55","192.55","2.46M","+4.21%"
"01/11/2018","192.45","185.95","194.30","185.20","692.42K","+3.50%"
"01/10/2018","185.95","186.45","188.70","183.10","292.42K","-0.38%"
"01/09/2018","186.65","186.15","189.30","184.75","221.81K","-0.03%"
"01/08/2018","186.70","188.25","188.25","186.10","930.12K","+0.13%"
"01/05/2018","186.45","187.55","191.90","184.95","422.62K","+0.03%"
"01/04/2018","186.40","187.55","190.55","184.95","264.89K","-0.53%"
"01/03/2018","187.40","189.00","189.75","185.35","270.36K","-0.21%"
"01/02/2018","187.80","192.80","194.15","186.10","290.62K","-2.19%"
"01/01/2018","192.00","191.70","197.95","190.95","332.53K","+0.23%"
"12/29/2017","191.55","195.80","195.80","189.45","490.65K","-1.47%"
"12/28/2017","194.40","197.30","198.05","192.90","881.41K","+0.70%"
"12/27/2017","193.05","186.80","197.25","186.10","2.21M","+3.73%"
"12/26/2017","186.10","183.65","188.25","183.10","532.34K","+1.75%"
"12/22/2017","182.90","181.60","183.65","180.85","597.97K","+2.49%"
"12/21/2017","178.45","182.05","183.30","176.75","826.69K","-1.76%"
"12/20/2017","181.65","183.10","183.45","180.85","362.50K","-0.16%"
"12/19/2017","181.95","180.10","184.60","179.40","783.82K","+1.42%"
"12/18/2017","179.40","179.35","180.65","169.65","163.35K","+0.00%"
"12/15/2017","179.40","180.85","180.85","177.95","213.15K","+1.64%"
"12/14/2017","176.50","178.70","180.10","174.80","197.62K","-1.48%"
"12/13/2017","179.15","180.15","182.05","177.85","72.94K","-1.13%"
"12/12/2017","181.20","181.90","184.35","180.15","119.01K","-0.38%"
"12/11/2017","181.90","184.60","184.60","180.85","127.27K","-0.11%"
"12/08/2017","182.10","181.60","184.60","180.20","288.27K","+0.80%"
"12/07/2017","180.65","180.10","183.10","177.50","256.46K","+0.17%"
"12/06/2017","180.35","184.45","184.45","179.15","160.89K","-1.45%"
"12/05/2017","183.00","180.75","184.60","177.90","275.98K","+1.22%"
"12/04/2017","180.80","178.90","183.10","176.20","258.34K","+1.97%"
"12/01/2017","177.30","182.10","182.85","175.60","222.21K","-1.55%"
"11/30/2017","180.10","178.70","181.65","175.85","354.69K","-0.03%"
"11/29/2017","180.15","180.10","183.10","177.20","300.08K","-0.52%"
"11/28/2017","181.10","177.85","184.95","176.45","628.13K","+2.96%"
"11/27/2017","175.90","172.50","179.35","168.50","709.73K","+2.12%"
"11/24/2017","172.25","171.90","188.30","168.85","3.13M","+0.47%"
"11/23/2017","171.45","174.85","182.70","170.15","2.61M","-0.20%"
"11/22/2017","171.80","174.75","175.40","170.85","1.06M","-1.69%"
"11/21/2017","174.75","174.75","179.35","172.25","638.90K","+1.39%"
"11/20/2017","172.35","166.70","173.95","166.70","158.78K","+2.83%"
"11/17/2017","167.60","169.15","170.90","165.55","237.88K","-0.71%"
"11/16/2017","168.80","170.75","171.90","166.10","230.63K","-1.29%"
"11/15/2017","171.00","175.75","178.30","170.05","141.87K","-2.73%"
"11/14/2017","175.80","174.85","177.75","172.75","515.00K","+0.37%"
"11/13/2017","175.15","171.15","177.80","171.15","298.60K","+2.55%"
"11/10/2017","170.80","172.65","174.70","169.65","191.59K","-2.06%"
"11/09/2017","174.40","178.60","179.70","173.50","195.19K","-2.24%"
"11/08/2017","178.40","182.80","182.80","175.65","249.30K","-1.87%"
"11/07/2017","181.80","186.80","189.80","179.40","641.15K","-2.07%"
"11/06/2017","185.65","186.80","187.55","183.00","409.53K","-0.03%"
"11/03/2017","185.70","188.45","191.10","183.40","403.71K","-0.75%"
"11/02/2017","187.10","180.70","190.45","179.50","706.32K","+3.26%"
"11/01/2017","181.20","180.85","182.40","178.60","167.33K","+1.06%"
"10/31/2017","179.30","180.45","180.45","177.35","261.63K","+0.42%"
"10/30/2017","178.55","177.85","179.75","176.50","184.91K","+1.28%"
"10/27/2017","176.30","179.75","180.45","174.50","274.33K","-1.32%"
"10/26/2017","178.65","181.60","183.10","177.85","331.93K","+0.37%"
"10/25/2017","178.00","183.10","183.10","177.10","207.34K","-1.96%"
"10/24/2017","181.55","179.35","183.10","178.25","137.28K","+1.42%"
"10/23/2017","179.00","180.85","180.85","178.05","41.96K","-0.14%"
"10/18/2017","179.25","183.10","183.70","178.60","115.00K","-1.97%"
"10/17/2017","182.85","180.10","183.45","178.65","347.81K","+1.64%"
"10/16/2017","179.90","179.80","180.70","177.50","134.13K","+0.22%"
"10/13/2017","179.50","182.70","182.70","178.25","124.06K","+0.28%"
"10/12/2017","179.00","181.25","183.00","176.60","150.88K","-0.25%"
"10/11/2017","179.45","183.75","183.75","177.85","125.92K","-1.37%"
"10/10/2017","181.95","184.70","187.55","180.85","334.39K","-0.98%"
"10/09/2017","183.75","183.40","186.80","181.60","471.10K","+0.66%"
"10/06/2017","182.55","186.60","187.50","181.55","378.59K","-1.54%"
"10/05/2017","185.40","186.40","189.60","184.05","276.04K","-0.62%"
"10/04/2017","186.55","187.55","189.75","184.45","295.69K","-0.93%"
"10/03/2017","188.30","185.95","193.10","182.55","593.08K","+2.34%"
"09/29/2017","184.00","180.85","185.65","180.45","383.64K","+1.80%"
"09/28/2017","180.75","179.35","185.20","175.55","284.03K","+0.84%"
"09/27/2017","179.25","182.50","186.70","175.60","479.45K","-0.28%"
"09/26/2017","179.75","175.40","182.20","172.75","364.85K","+3.63%"
"09/25/2017","173.45","174.10","177.75","165.70","437.42K","+0.46%"
"09/22/2017","172.65","184.35","184.35","170.05","270.96K","-5.60%"
"09/21/2017","182.90","181.40","184.60","179.45","325.00K","+0.52%"
"09/20/2017","181.95","184.55","184.60","180.20","169.37K","-0.33%"
"09/19/2017","182.55","182.45","184.60","180.70","193.64K","+0.83%"
"09/18/2017","181.05","183.70","186.60","179.60","488.03K","-0.90%"
"09/15/2017","182.70","184.35","190.55","179.60","1.58M","+0.11%"
"09/14/2017","182.50","181.35","184.50","179.35","91.92K","+1.00%"
"09/13/2017","180.70","185.35","185.35","179.40","134.33K","-2.61%"
"09/12/2017","185.55","183.15","187.55","183.15","886.73K","+0.51%"
"09/11/2017","184.60","185.95","186.80","182.40","225.13K","+0.05%"
"09/08/2017","184.50","187.90","187.90","183.15","268.13K","-0.14%"
"09/07/2017","184.75","184.15","186.25","180.15","648.28K","-0.38%"
"09/06/2017","185.45","181.95","187.55","180.55","454.47K","+0.87%"
"09/05/2017","183.85","184.35","191.30","181.65","1.40M","+1.35%"
"09/04/2017","181.40","174.85","186.15","173.00","834.91K","+3.30%"
"09/01/2017","175.60","175.45","176.40","170.40","506.72K","+2.12%"
"08/31/2017","171.95","162.85","174.85","162.55","1.25M","+6.37%"
"08/30/2017","161.65","162.00","163.60","160.40","407.58K","+0.72%"
"08/29/2017","160.50","162.90","162.90","159.75","415.98K","-1.14%"
"08/28/2017","162.35","163.25","163.25","159.95","172.74K","+0.31%"
"08/24/2017","161.85","162.15","162.90","159.15","169.32K","-0.19%"
"08/23/2017","162.15","161.40","162.90","158.25","319.55K","-0.43%"
"08/22/2017","162.85","165.80","165.80","158.85","2.13M","-0.64%"
"08/21/2017","163.90","163.65","164.40","163.05","510.71K","+0.09%"
"08/18/2017","163.75","164.40","164.40","162.85","180.14K","-0.30%"
"08/17/2017","164.25","164.25","164.40","163.05","178.44K","+0.00%"
"08/16/2017","164.25","164.35","164.80","162.90","384.06K","+0.55%"
"08/14/2017","163.35","164.50","165.85","160.65","238.91K","-0.52%"
"08/11/2017","164.20","165.25","166.15","162.15","825.34K","-0.64%"
"08/10/2017","165.25","171.15","171.15","161.85","536.92K","-1.05%"
"08/09/2017","167.00","167.40","167.45","165.45","266.06K","-0.18%"
"08/08/2017","167.30","168.50","168.50","166.10","171.41K","+0.45%"
"08/07/2017","166.55","168.80","168.80","164.50","173.36K","+0.21%"
"08/04/2017","166.20","163.05","167.75","162.55","294.79K","+0.85%"
"08/03/2017","164.80","167.30","167.30","163.65","135.01K","-1.08%"
"08/02/2017","166.60","169.65","169.65","165.15","270.61K","-0.72%"
"08/01/2017","167.80","168.45","169.25","166.35","240.56K","-0.18%"
"07/31/2017","168.10","170.50","170.75","164.65","805.90K","-0.18%"
"07/28/2017","168.40","168.90","170.70","167.30","993.02K","-1.35%"
"07/27/2017","170.70","175.55","175.55","167.40","339.86K","-2.04%"
"07/26/2017","174.25","177.65","177.65","173.05","255.74K","-0.51%"
"07/25/2017","175.15","174.85","177.75","172.30","561.30K","+0.40%"
"07/24/2017","174.45","178.60","179.35","172.65","426.35K","-2.65%"
"07/21/2017","179.20","182.35","183.10","178.10","182.35K","-0.55%"
"07/20/2017","180.20","180.85","182.35","176.00","262.37K","-0.39%"
"07/19/2017","180.90","181.05","183.15","178.60","201.46K","-0.08%"
"07/18/2017","181.05","184.20","184.55","179.60","223.18K","-2.21%"
"07/17/2017","185.15","183.10","186.45","179.35","262.31K","+1.23%"
"07/14/2017","182.90","183.10","186.90","181.10","409.84K","-0.11%"
"07/13/2017","183.10","184.20","186.15","182.60","271.12K","+0.11%"
"07/12/2017","182.90","180.90","186.05","178.25","485.95K","+0.52%"
"07/11/2017","181.95","183.00","184.40","180.10","136.54K","+0.03%"
"07/10/2017","181.90","180.65","185.85","179.35","133.20K","+1.39%"
"07/07/2017","179.40","185.65","185.65","178.05","208.42K","-2.26%"
"07/06/2017","183.55","186.70","187.50","181.05","211.28K","-0.89%"
"07/05/2017","185.20","186.70","187.55","183.15","240.78K","-0.08%"
"07/04/2017","185.35","189.05","190.50","183.55","275.81K","-1.83%"
"07/03/2017","188.80","184.60","190.15","183.30","532.25K","+1.94%"
"06/30/2017","185.20","175.85","187.55","173.20","1.31M","+4.78%"
"06/29/2017","176.75","172.05","178.20","169.25","397.55K","+3.64%"
"06/28/2017","170.55","168.80","171.90","168.25","157.78K","+1.76%"
"06/27/2017","167.60","173.20","174.10","163.40","202.88K","-2.70%"
"06/23/2017","172.25","173.75","175.45","167.85","243.48K","-0.46%"
"06/22/2017","173.05","173.95","179.30","172.05","734.11K","-0.12%"
"06/21/2017","173.25","175.25","177.65","172.25","400.79K","-0.74%"
"06/20/2017","174.55","169.80","176.75","168.80","1.16M","+2.80%"
"06/19/2017","169.80","169.65","173.35","168.30","227.84K","+0.50%"
"06/16/2017","168.95","167.35","173.90","167.35","1.05M","+1.53%"
"06/15/2017","166.40","162.10","170.70","161.25","884.61K","+3.35%"
"06/14/2017","161.00","162.65","162.85","160.65","209.28K","-0.46%"
"06/13/2017","161.75","161.70","164.40","161.20","673.81K","+0.19%"
"06/12/2017","161.45","159.90","162.15","159.20","196.28K","+0.84%"
"06/09/2017","160.10","162.75","166.85","156.55","189.48K","-1.17%"
"06/08/2017","162.00","162.15","163.15","159.90","380.94K","+1.31%"
"06/07/2017","159.90","159.90","161.60","158.50","371.08K","-0.06%"
"06/06/2017","160.00","156.85","161.35","155.30","371.14K","+3.03%"
"06/05/2017","155.30","156.45","156.80","154.70","2.74M","-0.13%"
"06/02/2017","155.50","154.00","156.95","154.00","67.00K","+0.10%"
"06/01/2017","155.35","156.10","158.20","154.00","699.29K","-0.22%"
"05/31/2017","155.70","156.35","156.55","154.10","140.32K","+0.58%"
"05/30/2017","154.80","154.50","156.95","153.95","258.68K","+0.75%"
"05/29/2017","153.65","158.05","158.95","152.50","139.77K","-1.73%"
"05/26/2017","156.35","159.15","165.10","154.75","905.23K","-0.92%"
"05/25/2017","157.80","158.00","160.60","155.70","285.18K","+1.38%"
"05/24/2017","155.65","158.45","159.10","154.25","146.68K","-0.99%"
"05/23/2017","157.20","165.45","165.45","153.20","561.88K","-3.53%"
"05/22/2017","162.95","168.20","169.25","162.40","103.89K","-3.03%"
"05/19/2017","168.05","167.90","169.60","165.90","134.51K","+0.27%"
"05/18/2017","167.60","167.40","171.15","165.90","248.71K","-0.27%"
"05/17/2017","168.05","168.15","169.45","167.40","136.54K","-0.18%"
"05/16/2017","168.35","168.35","170.35","164.40","233.17K","+0.12%"
"05/15/2017","168.15","166.65","169.65","164.85","863.77K","+3.41%"
"05/12/2017","162.60","161.40","164.30","159.45","163.62K","+0.74%"
"05/11/2017","161.40","162.50","162.50","158.90","118.07K","+0.62%"
"05/10/2017","160.40","162.45","164.00","156.25","227.08K","-0.53%"
"05/09/2017","161.25","155.45","162.30","154.30","211.50K","+4.00%"
"05/08/2017","155.05","155.40","155.70","153.45","76.74K","+1.08%"
"05/05/2017","153.40","152.45","154.20","152.25","283.73K","+0.66%"
"05/04/2017","152.40","153.40","153.40","151.85","132.13K","-0.20%"
"05/03/2017","152.70","153.40","155.05","151.85","297.49K","-0.52%"
"05/02/2017","153.50","154.50","156.55","152.50","199.65K","+0.82%"
"04/28/2017","152.25","151.10","155.20","150.95","275.39K","+0.36%"
"04/27/2017","151.70","156.00","158.45","150.60","325.20K","-2.76%"
"04/26/2017","156.00","161.15","162.15","154.75","438.56K","-2.65%"
"04/25/2017","160.25","163.65","167.35","159.05","706.15K","-1.72%"
"04/24/2017","163.05","163.30","164.05","161.40","93.34K","+0.90%"
"04/21/2017","161.60","163.30","164.05","161.05","118.82K","-0.65%"
"04/20/2017","162.65","165.20","165.45","162.15","70.11K","-0.97%"
"04/19/2017","164.25","162.90","165.40","162.25","85.90K","+0.86%"
"04/18/2017","162.85","165.80","166.65","160.85","441.71K","-1.75%"
"04/17/2017","165.75","160.80","167.00","160.80","173.06K","+1.69%"
"04/13/2017","163.00","163.65","166.65","162.20","1.43M","-0.09%"
"04/12/2017","163.15","165.85","167.40","162.50","315.49K","-1.21%"
"04/11/2017","165.15","168.10","170.65","164.05","460.95K","+0.30%"
"04/10/2017","164.65","166.30","168.00","158.90","457.21K","-1.23%"
"04/07/2017","166.70","168.15","169.30","165.55","259.13K","-1.01%"
"04/06/2017","168.40","166.65","170.40","164.60","385.82K","+0.15%"
"04/05/2017","168.15","171.25","171.90","164.90","223.69K","-1.81%"
"04/03/2017","171.25","174.10","174.10","170.00","229.89K","-1.61%"
"03/31/2017","174.05","174.10","176.35","172.10","171.67K","-0.63%"
"03/30/2017","175.15","167.15","178.10","165.85","618.62K","+4.79%"
"03/29/2017","167.15","170.50","172.55","164.60","328.40K","-1.82%"
"03/28/2017","170.25","168.20","171.90","167.45","370.23K","+1.22%"
"03/27/2017","168.20","162.10","172.25","160.45","1.03M","+3.73%"
"03/24/2017","162.15","160.35","164.00","159.40","358.54K","+1.28%"
"03/23/2017","160.10","158.75","162.15","157.70","302.58K","+0.63%"
"03/22/2017","159.10","159.75","161.30","158.00","129.42K","-0.78%"
"03/21/2017","160.35","160.80","162.15","159.25","236.45K","-0.09%"
"03/20/2017","160.50","158.50","163.65","158.20","478.84K","+1.71%"
"03/17/2017","157.80","157.65","160.65","156.65","498.00K","+0.22%"
"03/16/2017","157.45","152.50","159.90","152.50","299.60K","+3.25%"
"03/15/2017","152.50","154.55","158.35","151.70","112.83K","-1.36%"
"03/14/2017","154.60","156.95","159.10","153.40","116.07K","+0.45%"
"03/10/2017","153.90","158.75","158.75","151.95","134.32K","-1.69%"
"03/09/2017","156.55","159.10","159.15","154.60","77.31K","-0.76%"
"03/08/2017","157.75","160.90","161.35","154.45","192.28K","-0.97%"
"03/07/2017","159.30","158.45","162.80","157.10","437.80K","+0.44%"
"03/06/2017","158.60","162.15","162.90","157.70","329.67K","-1.28%"
"03/03/2017","160.65","148.35","165.10","147.60","1.57M","+7.49%"
"03/02/2017","149.45","146.45","150.90","145.05","182.85K","+1.87%"
"03/01/2017","146.70","142.00","148.35","141.55","208.27K","+4.08%"
"02/28/2017","140.95","143.55","144.75","139.25","358.08K","-1.78%"
"02/27/2017","143.50","145.50","145.50","142.90","98.41K","-0.07%"
"02/23/2017","143.60","146.45","146.45","142.45","94.67K","-1.44%"
"02/22/2017","145.70","149.10","149.45","145.05","132.12K","-2.02%"
"02/21/2017","148.70","145.85","150.75","144.85","161.27K","+1.71%"
"02/20/2017","146.20","144.25","147.50","143.50","101.58K","+1.67%"
"02/17/2017","143.80","147.00","147.00","143.15","112.43K","-1.30%"
"02/16/2017","145.70","147.95","149.15","145.15","151.07K","-1.42%"
"02/15/2017","147.80","149.00","150.95","146.75","485.17K","+0.92%"
"02/14/2017","146.45","146.85","151.25","144.55","460.34K","+0.31%"
"02/13/2017","146.00","144.25","147.60","143.50","195.46K","+0.97%"
"02/10/2017","144.60","145.70","145.70","143.85","85.23K","-0.24%"
"02/09/2017","144.95","145.75","146.45","144.05","91.42K","-0.82%"
"02/08/2017","146.15","145.00","148.10","144.25","128.94K","+1.21%"
"02/07/2017","144.40","145.70","145.70","143.20","61.95K","-1.26%"
"02/06/2017","146.25","144.55","146.75","144.25","101.26K","+1.18%"
"02/03/2017","144.55","147.65","147.80","142.90","133.47K","-1.47%"
"02/02/2017","146.70","146.85","147.95","142.10","114.95K","-0.24%"
"02/01/2017","147.05","145.00","148.65","143.85","200.54K","+2.69%"
"01/31/2017","143.20","142.35","146.45","140.95","255.07K","+1.24%"
"01/30/2017","141.45","143.50","143.95","139.35","158.15K","-1.19%"
"01/27/2017","143.15","143.50","144.60","140.90","195.64K","+0.63%"
"01/25/2017","142.25","141.60","144.75","140.10","191.09K","+0.21%"
"01/24/2017","141.95","144.05","144.05","140.75","113.17K","-0.56%"
"01/23/2017","142.75","144.25","144.30","141.60","95.60K","+0.04%"
"01/20/2017","142.70","146.20","146.25","141.65","79.73K","-2.46%"
"01/19/2017","146.30","145.00","147.50","145.00","104.34K","+0.00%"
"01/18/2017","146.30","144.55","147.05","144.55","105.41K","+0.79%"
"01/17/2017","145.15","145.40","146.90","142.75","72.81K","-0.65%"
"01/16/2017","146.10","145.35","147.85","144.45","126.08K","-1.25%"
"01/13/2017","147.95","147.80","148.70","145.95","95.66K","+1.02%"
"01/12/2017","146.45","147.30","147.90","145.40","53.97K","-0.48%"
"01/11/2017","147.15","146.80","150.95","145.95","90.93K","+0.44%"
"01/10/2017","146.50","147.20","148.35","145.40","78.08K","-0.78%"
"01/09/2017","147.65","146.40","149.10","143.60","108.48K","+1.86%"
"01/06/2017","144.95","145.70","147.60","141.45","203.69K","+0.21%"
"01/05/2017","144.65","140.50","145.15","139.95","349.71K","+3.92%"
"01/04/2017","139.20","139.65","140.50","137.60","49.86K","+0.58%"
"01/03/2017","138.40","139.45","140.45","138.05","76.28K","-1.04%"
"01/02/2017","139.85","141.30","144.10","139.05","58.72K","-1.03%"
"12/30/2016","141.30","136.25","144.85","135.85","74.73K","+3.71%"
"12/29/2016","136.25","135.50","137.20","133.75","82.77K","+0.85%"
"12/28/2016","135.10","136.75","137.90","133.65","164.57K","+0.52%"
"12/27/2016","134.40","133.80","135.95","133.00","64.87K","+0.07%"
"12/26/2016","134.30","136.95","136.95","133.40","60.11K","-0.96%"
"12/23/2016","135.60","136.85","137.10","134.60","69.45K","-0.84%"
"12/22/2016","136.75","137.60","138.30","136.20","60.80K","-0.80%"
"12/21/2016","137.85","136.40","140.10","136.40","86.88K","-0.25%"
"12/20/2016","138.20","137.50","138.90","137.15","51.71K","-0.04%"
"12/19/2016","138.25","140.05","140.05","137.25","80.02K","-1.43%"
"12/16/2016","140.25","141.15","141.20","139.20","63.43K","-0.64%"
"12/15/2016","141.15","139.25","142.00","139.25","71.56K","+0.32%"
"12/14/2016","140.70","144.20","144.20","139.95","88.57K","-0.71%"
"12/13/2016","141.70","143.35","143.35","139.55","63.40K","-0.21%"
"12/12/2016","142.00","143.80","144.25","141.30","51.17K","-0.53%"
"12/09/2016","142.75","142.50","145.00","141.60","209.97K","-1.04%"
"12/08/2016","144.25","139.75","145.30","139.75","150.76K","+3.44%"
"12/07/2016","139.45","142.70","142.70","138.20","101.32K","-1.27%"
"12/06/2016","141.25","142.70","143.05","139.80","56.18K","-0.67%"
"12/05/2016","142.20","140.10","142.95","139.80","59.33K","+1.50%"
"12/02/2016","140.10","139.50","141.20","138.60","55.70K","-0.18%"
"12/01/2016","140.35","140.35","141.80","139.15","63.30K","+0.11%"
"11/30/2016","140.20","144.20","144.20","139.05","177.85K","-1.58%"
"11/29/2016","142.45","142.75","143.80","141.55","97.78K","+0.04%"
"11/28/2016","142.40","143.50","145.70","141.95","53.00K","-0.77%"
"11/25/2016","143.50","144.95","145.30","141.35","83.55K","-0.31%"
"11/24/2016","143.95","139.95","145.25","138.60","155.05K","+2.78%"
"11/23/2016","140.05","141.45","141.45","139.00","77.69K","+0.61%"
"11/22/2016","139.20","143.50","143.50","138.25","79.21K","-1.63%"
"11/21/2016","141.50","144.55","144.55","138.90","88.94K","-2.11%"
"11/18/2016","144.55","142.85","145.55","142.85","85.80K","+1.19%"
"11/17/2016","142.85","145.30","145.60","141.75","85.04K","-1.28%"
"11/16/2016","144.70","145.85","148.25","142.85","82.77K","+0.10%"
"11/15/2016","144.55","148.85","159.85","143.50","849.01K","-7.90%"
"11/11/2016","156.95","160.65","160.65","155.05","260.87K","-0.76%"
"11/10/2016","158.15","156.95","160.65","155.20","80.20K","+2.86%"
"11/09/2016","153.75","153.20","155.45","148.70","200.75K","-4.74%"
"11/08/2016","161.40","162.30","163.25","160.65","100.61K","-1.16%"
"11/07/2016","163.30","159.35","165.85","156.45","160.11K","+3.45%"
"11/04/2016","157.85","160.80","162.90","156.25","257.01K","-1.83%"
"11/03/2016","160.80","161.05","163.75","159.45","314.63K","-0.09%"
"11/02/2016","160.95","159.20","162.15","159.15","215.22K","+0.16%"
"11/01/2016","160.70","161.25","162.15","160.65","115.03K","-0.12%"
"10/28/2016","160.90","163.35","163.35","160.40","150.78K","-0.62%"
"10/27/2016","161.90","162.10","164.05","160.30","594.51K","+1.44%"
"10/26/2016","159.60","162.90","164.80","159.15","226.81K","-2.86%"
"10/25/2016","164.30","164.35","165.15","162.60","215.27K","+0.03%"
"10/24/2016","164.25","159.90","165.90","159.15","407.79K","+2.30%"
"10/21/2016","160.55","162.55","162.55","159.15","240.94K","-1.08%"
"10/20/2016","162.30","155.65","164.40","155.65","577.75K","+3.31%"
"10/19/2016","157.10","157.80","159.70","156.95","333.34K","+1.98%"
"10/18/2016","154.05","152.10","154.60","151.70","140.26K","+1.65%"
"10/17/2016","151.55","150.60","153.15","150.35","93.45K","-0.36%"
"10/14/2016","152.10","152.20","153.45","150.30","141.47K","+0.73%"
"10/13/2016","151.00","157.70","157.85","149.90","476.12K","-3.05%"
"10/10/2016","155.75","153.95","156.60","152.80","1.18M","+2.70%"
"10/07/2016","151.65","151.90","153.80","150.40","179.34K","-0.16%"
"10/06/2016","151.90","153.05","153.85","151.35","115.88K","-0.56%"
"10/05/2016","152.75","152.10","153.50","150.95","164.60K","+0.86%"
"10/04/2016","151.45","153.25","155.00","149.80","268.00K","-0.98%"
"10/03/2016","152.95","149.00","153.95","147.25","513.73K","+2.62%"
"09/30/2016","149.05","146.45","150.20","145.85","172.58K","+0.74%"
"09/29/2016","147.95","149.45","149.85","145.60","699.81K","-0.74%"
"09/28/2016","149.05","149.20","150.20","148.05","107.90K","-0.10%"
"09/27/2016","149.20","149.45","150.00","148.40","127.76K","+0.17%"
"09/26/2016","148.95","147.95","150.90","147.40","270.65K","+0.68%"
"09/23/2016","147.95","148.40","148.40","147.20","121.23K","+0.54%"
"09/22/2016","147.15","149.00","150.80","146.60","205.57K","-1.11%"
"09/21/2016","148.80","149.10","151.35","147.65","184.69K","-0.20%"
"09/20/2016","149.10","147.95","151.95","147.25","459.08K","+0.88%"
"09/19/2016","147.80","147.95","148.95","146.75","114.47K","+0.20%"
"09/16/2016","147.50","148.35","148.70","145.80","130.59K","-0.03%"
"09/15/2016","147.55","148.10","150.65","146.65","234.52K","-0.07%"
"09/14/2016","147.65","145.75","149.30","145.05","158.39K","+1.69%"
"09/12/2016","145.20","147.20","148.70","143.90","129.29K","-2.81%"
"09/09/2016","149.40","150.15","150.95","147.60","215.61K","+0.44%"
"09/08/2016","148.75","145.70","151.35","145.45","369.95K","+2.23%"
"09/07/2016","145.50","146.60","147.60","144.70","170.76K","-0.61%"
"09/06/2016","146.40","147.35","149.45","145.70","284.21K","-1.31%"
"09/02/2016","148.35","147.95","152.40","147.15","252.50K","+0.68%"
"09/01/2016","147.35","147.95","148.65","145.90","185.71K","-0.77%"
"08/31/2016","148.50","151.85","152.80","147.75","175.35K","-1.66%"
"08/30/2016","151.00","147.30","151.70","147.30","219.22K","+1.58%"
"08/29/2016","148.65","147.20","149.45","146.45","118.54K","+1.29%"
"08/26/2016","146.75","148.80","150.85","145.80","189.71K","-1.34%"
"08/25/2016","148.75","146.95","153.20","145.70","1.01M","+1.16%"
"08/24/2016","147.05","147.70","148.40","146.50","135.35K","+0.14%"
"08/23/2016","146.85","145.90","148.40","145.55","252.22K","+0.17%"
"08/22/2016","146.60","148.25","149.70","145.35","256.65K","-1.11%"
"08/19/2016","148.25","149.70","151.10","146.75","145.07K","-0.97%"
"08/18/2016","149.70","150.70","150.90","148.35","309.62K","+0.13%"
"08/17/2016","149.50","149.85","153.10","148.35","254.76K","-0.10%"
"08/16/2016","149.65","148.65","150.80","148.25","204.22K","+0.67%"
"08/12/2016","148.65","148.70","150.60","145.80","230.20K","+0.51%"
"08/11/2016","147.90","147.25","149.65","147.05","208.81K","-0.64%"
"08/10/2016","148.85","148.70","150.95","147.30","203.74K","-0.37%"
"08/09/2016","149.40","151.55","152.05","148.45","183.16K","-1.42%"
"08/08/2016","151.55","149.45","153.20","147.25","372.43K","+1.81%"
"08/05/2016","148.85","152.45","155.45","147.00","1.07M","+0.95%"
"08/04/2016","147.45","147.20","152.45","145.05","910.57K","+0.55%"
"08/03/2016","146.65","145.00","148.20","143.50","252.94K","+0.41%"
"08/02/2016","146.05","146.75","148.70","145.00","237.52K","+0.34%"
"08/01/2016","145.55","144.25","147.95","141.30","609.96K","+1.32%"
"07/29/2016","143.65","142.75","145.30","142.45","453.41K","+0.38%"
"07/28/2016","143.10","145.00","145.00","142.05","193.35K","-1.11%"
"07/27/2016","144.70","144.85","146.45","143.20","225.16K","+0.28%"
"07/26/2016","144.30","146.45","146.85","142.80","178.12K","-1.13%"
"07/25/2016","145.95","146.15","149.30","145.05","448.22K","-0.03%"
"07/22/2016","146.00","143.50","146.80","142.30","402.34K","+2.06%"
"07/21/2016","143.05","144.25","145.45","141.95","360.92K","-0.87%"
"07/20/2016","144.30","144.75","147.05","142.80","297.81K","-0.69%"
"07/19/2016","145.30","147.20","147.20","144.60","231.61K","-0.79%"
"07/18/2016","146.45","145.85","149.25","144.75","412.92K","+0.41%"
"07/15/2016","145.85","149.40","149.45","145.00","400.13K","-1.92%"
"07/14/2016","148.70","149.55","150.15","146.55","944.43K","-0.17%"
"07/13/2016","148.95","154.15","155.05","144.05","1.28M","-4.12%"
"07/12/2016","155.35","166.65","168.50","153.25","4.17M","-5.50%"
"07/11/2016","164.40","164.45","167.55","163.65","783.29K","+1.20%"
"07/08/2016","162.45","163.65","164.65","161.10","262.49K","-0.31%"
"07/07/2016","162.95","167.40","167.40","162.55","277.26K","-2.51%"
"07/05/2016","167.15","163.80","168.15","162.25","617.39K","+2.08%"
"07/04/2016","163.75","170.00","171.05","162.80","1.17M","-0.27%"
"07/01/2016","164.20","162.90","165.85","161.75","645.35K","+1.48%"
"06/30/2016","161.80","161.35","163.65","159.90","459.45K","+0.72%"
"06/29/2016","160.65","163.50","165.15","159.80","786.59K","+0.25%"
"06/28/2016","160.25","164.70","165.90","158.60","373.50K","-1.87%"
"06/27/2016","163.30","161.80","166.50","161.05","622.04K","+1.55%"
"06/24/2016","160.80","155.50","163.15","144.85","1.09M","+0.28%"
"06/23/2016","160.35","155.05","170.15","155.05","3.66M","+3.69%"
"06/22/2016","154.65","149.25","160.55","146.90","3.47M","+6.14%"
"06/21/2016","145.70","142.75","146.85","142.00","566.75K","+2.35%"
"06/20/2016","142.35","143.50","144.25","140.50","175.44K","-0.90%"
"06/17/2016","143.65","144.25","145.55","142.65","162.53K","+0.07%"
"06/16/2016","143.55","145.70","145.70","139.15","162.72K","-0.66%"
"06/15/2016","144.50","138.35","145.70","137.50","473.09K","+4.56%"
"06/14/2016","138.20","137.50","138.95","136.40","96.55K","+0.58%"
"06/13/2016","137.40","135.20","138.60","135.20","63.21K","-0.47%"
"06/10/2016","138.05","138.80","139.50","136.85","61.25K","-0.40%"
"06/09/2016","138.60","136.10","139.60","135.25","247.86K","+2.06%"
"06/08/2016","135.80","133.05","136.40","132.30","139.39K","+2.45%"
"06/07/2016","132.55","136.70","136.70","131.50","182.71K","-2.64%"
"06/06/2016","136.15","137.45","137.45","134.65","62.43K","-0.33%"
"06/03/2016","136.60","136.00","138.25","136.00","475.91K","-0.04%"
"06/02/2016","136.65","136.60","136.75","134.05","340.71K","+0.74%"
"06/01/2016","135.65","133.00","137.45","133.00","155.27K","+2.07%"
"05/31/2016","132.90","136.40","137.50","131.65","403.23K","-2.06%"
"05/30/2016","135.70","129.45","139.75","129.45","266.93K","-2.86%"
"05/27/2016","139.70","137.60","140.40","136.25","362.54K","+1.09%"
"05/26/2016","138.20","136.85","139.00","135.30","99.29K","+0.44%"
"05/25/2016","137.60","135.95","138.25","134.55","162.70K","+1.40%"
"05/24/2016","135.70","134.50","136.75","132.35","181.20K","+2.38%"
"05/23/2016","132.55","134.45","134.45","130.85","93.88K","+0.34%"
"05/20/2016","132.10","136.40","136.40","130.40","140.63K","-1.34%"
"05/19/2016","133.90","133.30","136.75","123.30","1.46M","+1.13%"
"05/18/2016","132.40","132.20","134.45","130.85","146.23K","+0.04%"
"05/17/2016","132.35","134.20","134.40","130.15","178.56K","-0.53%"
"05/16/2016","133.05","134.50","135.95","131.90","111.67K","-0.49%"
"05/13/2016","133.70","136.00","137.00","132.70","159.82K","-1.51%"
"05/12/2016","135.75","136.90","138.25","135.00","107.44K","-0.84%"
"05/11/2016","136.90","136.05","139.20","135.65","140.49K","-0.18%"
"05/10/2016","137.15","137.30","138.25","136.20","223.24K","+0.00%"
"05/09/2016","137.15","135.65","139.00","135.25","162.70K","+1.18%"
"05/06/2016","135.55","138.00","138.25","134.90","85.18K","-1.88%"
"05/05/2016","138.15","137.45","139.00","136.10","417.23K","+0.73%"
"05/04/2016","137.15","138.25","138.25","136.25","122.25K","-0.97%"
"05/03/2016","138.50","136.85","139.75","135.20","131.54K","+1.13%"
"05/02/2016","136.95","136.15","137.80","135.30","60.21K","+0.55%"
"04/29/2016","136.20","137.45","137.80","134.05","129.22K","-0.91%"
"04/28/2016","137.45","141.30","142.50","136.00","105.29K","-2.31%"
"04/27/2016","140.70","144.15","144.15","140.15","217.38K","+0.25%"
"04/26/2016","140.35","140.65","141.70","138.60","238.09K","-0.35%"
"04/25/2016","140.85","140.50","141.25","137.95","85.47K","+0.86%"
"04/22/2016","139.65","140.40","141.70","139.05","272.30K","-0.39%"
"04/21/2016","140.20","142.30","143.20","139.20","144.25K","-1.27%"
"04/20/2016","142.00","144.00","147.95","141.35","729.68K","-1.39%"
"04/18/2016","144.00","142.60","145.50","142.00","129.28K","-0.45%"
"04/13/2016","144.65","138.05","145.65","137.65","365.17K","+4.82%"
"04/12/2016","138.00","138.35","138.60","137.15","116.93K","-0.25%"
"04/11/2016","138.35","138.60","139.50","136.75","75.34K","+0.33%"
"04/08/2016","137.90","136.80","138.70","136.00","55.18K","+0.44%"
"04/07/2016","137.30","139.15","139.15","135.55","79.60K","-0.69%"
"04/06/2016","138.25","138.35","139.35","137.05","71.10K","-0.75%"
"04/05/2016","139.30","141.15","141.15","137.60","65.40K","-1.00%"
"04/04/2016","140.70","141.35","143.20","139.95","90.89K","-0.46%"
"04/01/2016","141.35","139.35","142.65","138.65","70.98K","+0.46%"
"03/31/2016","140.70","140.50","141.85","137.60","96.06K","+0.43%"
"03/30/2016","140.10","140.45","141.60","137.15","98.86K","+1.60%"
"03/29/2016","137.90","141.25","141.25","136.95","99.78K","-2.30%"
"03/28/2016","141.15","143.70","145.00","139.80","54.78K","-1.33%"
"03/23/2016","143.05","144.25","144.25","140.50","73.62K","+0.63%"
"03/22/2016","142.15","145.00","145.00","139.80","270.61K","+0.32%"
"03/21/2016","141.70","139.75","143.50","139.75","97.41K","-0.39%"
"03/18/2016","142.25","140.65","143.35","139.75","83.81K","+1.14%"
"03/17/2016","140.65","139.60","141.95","135.90","172.14K","+3.27%"
"03/16/2016","136.20","137.10","138.20","130.20","273.17K","+0.15%"
"03/15/2016","136.00","141.60","141.60","135.35","730.05K","-2.86%"
"03/14/2016","140.00","141.90","141.90","139.00","88.48K","-0.18%"
"03/11/2016","140.25","140.90","142.55","138.95","714.63K","-0.43%"
"03/10/2016","140.85","144.95","144.95","140.10","192.80K","-1.95%"
"03/09/2016","143.65","149.45","149.45","143.20","113.75K","-3.36%"
"03/08/2016","148.65","148.55","150.95","145.70","63.46K","+0.54%"
"03/04/2016","147.85","144.25","148.55","143.20","81.14K","+2.50%"
"03/03/2016","144.25","147.10","147.10","142.60","86.87K","-0.76%"
"03/02/2016","145.35","145.70","146.45","144.35","658.97K","+0.03%"
"03/01/2016","145.30","143.50","145.70","142.80","277.03K","+1.89%"
"02/29/2016","142.60","145.70","145.70","140.55","154.35K","-1.35%"
"02/26/2016","144.55","146.45","146.45","142.90","82.15K","-0.58%"
"02/25/2016","145.40","147.20","147.20","142.80","57.03K","-0.62%"
"02/24/2016","146.30","147.20","147.20","144.30","73.05K","-0.07%"
"02/23/2016","146.40","146.10","147.90","144.70","44.36K","-0.64%"
"02/22/2016","147.35","147.20","148.25","144.25","53.46K","+1.03%"
"02/19/2016","145.85","147.20","147.80","142.90","65.76K","+0.28%"
"02/18/2016","145.45","147.80","149.40","142.85","124.78K","-0.68%"
"02/17/2016","146.45","142.45","148.70","140.50","144.37K","+2.81%"
"02/16/2016","142.45","147.20","148.90","140.50","138.61K","-1.79%"
"02/15/2016","145.05","145.00","148.35","142.25","110.55K","+2.98%"
"02/12/2016","140.85","144.30","146.45","132.30","240.35K","-3.66%"
"02/11/2016","146.20","150.20","150.20","145.00","388.57K","-2.66%"
"02/10/2016","150.20","150.80","150.95","147.40","1.41M","+0.43%"
"02/09/2016","149.55","149.40","150.75","145.80","107.43K","-0.13%"
"02/08/2016","149.75","147.50","150.75","146.45","96.86K","-0.76%"
"02/05/2016","150.90","145.20","153.70","142.95","208.50K","+4.50%"
"02/04/2016","144.40","142.00","145.35","140.50","187.81K","-0.28%"
"02/03/2016","144.80","147.20","147.20","139.00","296.91K","-2.36%"
"02/02/2016","148.30","146.50","150.15","145.00","246.70K","+0.00%"
"02/01/2016","148.30","149.45","151.80","147.20","133.01K","-0.94%"
"01/29/2016","149.70","144.45","151.20","142.85","106.99K","+3.03%"
"01/28/2016","145.30","140.65","146.85","138.70","150.50K","+1.25%"
"01/27/2016","143.50","141.25","144.25","138.30","106.87K","+2.06%"
"01/25/2016","140.60","136.75","141.90","136.05","63.64K","+2.85%"
"01/22/2016","136.70","131.65","138.90","131.65","174.17K","+3.17%"
"01/21/2016","132.50","136.00","137.50","130.10","559.29K","-2.57%"
"01/20/2016","136.00","140.50","142.00","129.90","368.73K","-4.12%"
"01/19/2016","141.85","142.00","143.10","138.35","171.41K","+0.00%"
"01/18/2016","141.85","142.00","143.50","139.65","446.59K","+0.18%"
"01/15/2016","141.60","142.00","145.00","139.75","195.71K","-0.07%"
"01/14/2016","141.70","142.00","143.50","134.55","159.37K","+0.28%"
"01/13/2016","141.30","144.55","145.25","139.80","243.27K","-1.74%"
"01/12/2016","143.80","148.65","148.70","142.45","116.56K","-2.74%"
"01/11/2016","147.85","145.70","150.00","145.70","52.61K","-1.04%"
"01/08/2016","149.40","146.60","150.95","146.20","131.18K","+1.49%"
"01/07/2016","147.20","148.60","148.60","142.05","482.45K","-1.47%"
"01/06/2016","149.40","152.10","152.90","148.50","875.91K","-1.74%"
"01/05/2016","152.05","153.20","153.95","150.30","114.63K","-0.43%"
"01/04/2016","152.70","156.20","156.20","150.60","377.41K","-0.65%"
"01/01/2016","153.70","153.40","154.70","152.85","74.68K","+0.59%"
"12/31/2015","152.80","153.25","153.70","152.10","63.04K","-0.36%"
"12/30/2015","153.35","153.95","154.35","151.80","74.05K","-0.16%"
"12/29/2015","153.60","155.75","156.15","151.75","148.52K","-0.90%"
"12/28/2015","155.00","159.70","159.90","154.10","240.70K","-0.61%"
"12/24/2015","155.95","155.75","156.95","152.75","393.56K","+0.42%"
"12/23/2015","155.30","155.45","158.45","154.00","327.29K","+1.54%"
"12/22/2015","152.95","152.35","155.45","151.00","161.43K","+1.73%"
"12/21/2015","150.35","149.45","152.90","148.70","165.82K","+0.17%"
"12/18/2015","150.10","152.35","152.35","148.55","108.16K","-1.51%"
"12/17/2015","152.40","153.20","153.20","150.95","208.11K","+0.36%"
"12/16/2015","151.85","150.20","154.70","149.65","224.44K","+1.67%"
"12/15/2015","149.35","148.70","149.45","147.20","86.67K","+0.84%"
"12/14/2015","148.10","148.70","150.20","147.20","94.16K","-0.34%"
"12/11/2015","148.60","150.20","153.20","147.25","142.65K","-0.17%"
"12/10/2015","148.85","148.80","149.40","146.40","81.95K","+1.53%"
"12/09/2015","146.60","149.30","149.30","145.00","158.41K","-1.81%"
"12/08/2015","149.30","150.05","152.10","147.95","127.27K","-0.73%"
"12/07/2015","150.40","152.25","152.25","149.70","109.45K","-1.12%"
"12/04/2015","152.10","152.55","153.05","148.80","386.31K","-0.29%"
"12/03/2015","152.55","151.70","153.55","150.20","217.94K","-0.42%"
"12/02/2015","153.20","154.00","154.70","152.10","727.73K","-0.23%"
"12/01/2015","153.55","154.75","155.50","152.55","125.46K","-1.03%"
"11/30/2015","155.15","154.55","156.50","152.50","137.89K","+1.14%"
"11/27/2015","153.40","154.30","154.90","152.65","74.67K","-0.58%"
"11/26/2015","154.30","156.30","156.95","153.65","106.88K","-1.59%"
"11/24/2015","156.80","155.65","156.95","153.65","385.56K","+1.26%"
"11/23/2015","154.85","154.30","156.10","153.60","184.98K","-0.03%"
"11/20/2015","154.90","156.95","156.95","153.90","157.39K","-0.67%"
"11/19/2015","155.95","153.75","156.40","153.75","161.60K","+1.00%"
"11/18/2015","154.40","153.20","155.35","151.95","822.07K","+1.05%"
"11/17/2015","152.80","156.50","156.95","151.90","229.80K","-1.83%"
"11/16/2015","155.65","153.20","156.20","153.20","162.70K","-0.54%"
"11/13/2015","156.50","159.15","159.15","154.00","231.66K","-1.67%"
"11/11/2015","159.15","156.20","159.85","155.75","94.25K","+2.61%"
"11/10/2015","155.10","156.15","156.15","153.40","115.15K","-0.80%"
"11/09/2015","156.35","149.55","156.95","149.55","203.82K","+1.30%"
"11/06/2015","154.35","153.25","155.75","152.90","204.89K","-0.10%"
"11/05/2015","154.50","154.15","156.95","153.00","553.12K","-0.52%"
"11/04/2015","155.30","159.15","159.25","153.70","409.49K","-0.86%"
"11/03/2015","156.65","154.65","156.85","152.20","298.84K","+1.95%"
"11/02/2015","153.65","148.75","155.05","148.75","141.26K","+2.95%"
"10/30/2015","149.25","153.20","153.90","148.45","399.81K","-4.02%"
"10/29/2015","155.50","156.80","156.95","154.05","214.14K","-0.42%"
"10/28/2015","156.15","155.90","157.15","153.55","1.25M","-0.03%"
"10/27/2015","156.20","156.95","158.50","154.00","124.98K","+0.22%"
"10/26/2015","155.85","160.65","160.65","153.40","184.01K","-1.64%"
"10/23/2015","158.45","160.65","160.65","157.35","269.48K","-0.03%"
"10/21/2015","158.50","158.80","161.70","156.20","408.14K","+0.48%"
"10/20/2015","157.75","156.95","160.65","153.20","693.29K","+1.77%"
"10/19/2015","155.00","151.60","157.70","149.25","372.53K","+3.37%"
"10/16/2015","149.95","150.95","151.35","148.70","189.87K","-0.10%"
"10/15/2015","150.10","149.10","151.70","147.95","481.68K","+0.87%"
"10/14/2015","148.80","150.95","150.95","148.35","214.42K","-0.93%"
"10/13/2015","150.20","149.80","151.35","147.20","1.73M","-0.03%"
"10/12/2015","150.25","150.55","151.65","145.80","251.03K","-0.33%"
"10/09/2015","150.75","150.85","151.55","149.50","329.55K","+0.43%"
"10/08/2015","150.10","150.95","150.95","148.70","704.25K","+0.17%"
"10/07/2015","149.85","151.70","151.70","149.05","347.17K","+0.00%"
"10/06/2015","149.85","152.60","154.65","148.85","330.38K","-1.28%"
"10/05/2015","151.80","150.60","154.70","149.70","1.06M","-0.59%"
"10/01/2015","152.70","150.95","153.20","150.20","103.28K","+0.69%"
"09/30/2015","151.65","153.20","153.20","149.40","156.79K","+0.20%"
"09/29/2015","151.35","151.65","153.20","147.95","183.38K","+0.10%"
"09/28/2015","151.20","151.50","153.10","148.80","120.80K","-0.20%"
"09/24/2015","151.50","153.20","153.20","149.45","289.42K","-0.16%"
"09/23/2015","151.75","149.45","153.85","148.25","121.68K","+1.44%"
"09/22/2015","149.60","149.95","151.55","148.70","536.72K","-1.38%"
"09/21/2015","151.70","152.45","152.45","149.25","187.19K","+0.13%"
"09/18/2015","151.50","148.80","152.65","148.80","222.52K","+1.81%"
"09/16/2015","148.80","153.20","153.20","145.90","180.94K","-1.20%"
"09/15/2015","150.60","150.95","152.80","149.25","237.48K","+0.30%"
"09/14/2015","150.15","149.85","151.70","148.10","97.43K","+0.20%"
"09/11/2015","149.85","150.95","152.55","148.05","94.09K","+0.03%"
"09/10/2015","149.80","149.45","154.70","146.45","204.67K","-0.53%"
"09/09/2015","150.60","153.40","153.40","148.95","126.38K","+0.60%"
"09/08/2015","149.70","148.70","152.45","142.70","249.53K","+0.67%"
"09/07/2015","148.70","153.20","153.20","146.45","124.51K","-2.11%"
"09/04/2015","151.90","154.45","154.45","149.45","163.71K","-2.13%"
"09/03/2015","155.20","150.15","156.85","148.05","173.66K","+3.57%"
"09/02/2015","149.85","153.20","154.90","148.05","443.20K","-2.41%"
"09/01/2015","153.55","156.95","158.00","151.10","149.33K","-3.18%"
"08/31/2015","158.60","153.80","161.20","152.45","301.14K","+1.34%"
"08/28/2015","156.50","157.60","159.15","154.25","176.58K","+1.10%"
"08/27/2015","154.80","154.40","156.20","152.10","255.83K","+2.69%"
"08/26/2015","150.75","142.75","153.10","142.75","210.05K","+3.97%"
"08/25/2015","145.00","141.90","146.75","134.55","350.95K","+5.26%"
"08/24/2015","137.75","152.35","152.35","123.80","526.29K","-10.99%"
"08/21/2015","154.75","155.45","160.20","153.45","158.97K","-1.84%"
"08/20/2015","157.65","155.25","165.40","154.70","390.22K","+1.42%"
"08/19/2015","155.45","155.80","156.95","154.60","319.52K","-0.22%"
"08/18/2015","155.80","157.40","157.40","153.95","121.33K","-0.06%"
"08/17/2015","155.90","156.70","160.85","150.95","351.11K","+1.00%"
"08/14/2015","154.35","154.55","157.65","149.80","236.90K","+1.01%"
"08/13/2015","152.80","160.05","160.05","151.90","161.68K","-2.61%"
"08/12/2015","156.90","164.40","164.40","156.20","439.82K","-3.21%"
"08/11/2015","162.10","164.10","164.40","160.50","218.72K","+0.19%"
"08/10/2015","161.80","170.85","172.85","157.35","1.26M","-1.61%"
"08/07/2015","164.45","164.80","167.10","163.90","186.64K","+0.03%"
"08/06/2015","164.40","166.65","167.75","163.85","147.50K","-0.99%"
"08/05/2015","166.05","163.65","167.90","161.40","201.60K","+1.62%"
"08/04/2015","163.40","168.80","168.80","161.90","106.82K","-1.77%"
"08/03/2015","166.35","169.65","169.65","165.30","87.01K","-0.92%"
"07/31/2015","167.90","173.25","175.25","166.70","375.68K","-1.38%"
"07/30/2015","170.25","169.65","172.55","168.30","144.89K","+1.25%"
"07/29/2015","168.15","167.75","170.40","165.55","126.32K","+0.96%"
"07/28/2015","166.55","163.65","168.90","163.65","261.20K","+1.71%"
"07/27/2015","163.75","168.40","168.40","163.30","143.68K","-2.76%"
"07/24/2015","168.40","168.55","171.30","166.00","233.91K","+0.09%"
"07/23/2015","168.25","169.45","169.65","166.65","193.56K","+0.39%"
"07/22/2015","167.60","164.40","168.15","164.40","93.64K","+0.78%"
"07/21/2015","166.30","164.40","168.90","163.70","222.00K","+1.84%"
"07/20/2015","163.30","170.40","171.45","160.05","569.97K","-3.74%"
"07/17/2015","169.65","169.65","170.55","169.45","210.05K","+0.00%"
"07/16/2015","169.65","170.35","171.60","168.95","134.99K","-0.41%"
"07/15/2015","170.35","173.35","173.35","168.45","142.86K","+0.89%"
"07/14/2015","168.85","165.00","169.55","158.15","395.44K","+3.05%"
"07/13/2015","163.85","165.85","166.05","163.30","205.75K","-0.73%"
"07/10/2015","165.05","163.65","167.40","162.40","97.40K","+1.20%"
"07/09/2015","163.10","168.70","170.15","161.40","193.72K","-2.34%"
"07/08/2015","167.00","174.20","175.15","165.90","207.20K","-4.41%"
"07/07/2015","174.70","172.00","179.75","172.00","482.10K","+0.69%"
"07/06/2015","173.50","170.20","174.75","167.55","147.47K","+0.81%"
"07/03/2015","172.10","173.35","174.05","169.95","115.82K","-1.15%"
"07/02/2015","174.10","171.90","177.05","171.85","149.47K","+1.34%"
"07/01/2015","171.80","167.40","173.30","166.55","217.69K","+2.72%"
"06/30/2015","167.25","165.60","169.05","163.45","178.05K","+1.00%"
"06/29/2015","165.60","153.35","169.20","153.35","454.82K","-3.50%"
"06/26/2015","171.60","174.75","175.60","169.70","127.80K","-1.80%"
"06/25/2015","174.75","171.95","177.10","171.95","114.87K","+0.40%"
"06/24/2015","174.05","175.25","177.10","172.70","172.25K","-0.49%"
"06/23/2015","174.90","174.85","177.05","172.05","107.50K","+0.34%"
"06/22/2015","174.30","171.90","177.50","168.40","306.21K","+1.75%"
"06/19/2015","171.30","171.45","174.00","169.80","115.12K","+0.68%"
"06/18/2015","170.15","168.60","176.75","168.20","216.09K","+0.95%"
"06/17/2015","168.55","165.90","169.80","165.90","172.73K","+1.63%"
"06/16/2015","165.85","168.15","168.15","164.95","186.03K","+0.45%"
"06/15/2015","165.10","160.50","167.30","159.90","163.13K","+2.87%"
"06/12/2015","160.50","170.85","170.85","159.25","162.72K","-5.87%"
"06/11/2015","170.50","167.95","171.30","166.80","360.79K","+2.90%"
"06/10/2015","165.70","167.60","171.85","164.50","188.27K","-0.78%"
"06/09/2015","167.00","168.90","169.25","166.10","124.08K","-1.07%"
"06/08/2015","168.80","173.65","175.55","167.90","45.53K","-2.79%"
"06/05/2015","173.65","174.15","177.80","173.05","72.39K","-1.50%"
"06/04/2015","176.30","176.35","179.15","173.90","466.33K","+0.06%"
"06/03/2015","176.20","176.75","178.20","171.90","226.54K","-0.31%"
"06/02/2015","176.75","179.75","183.85","173.65","259.09K","-2.78%"
"06/01/2015","181.80","185.65","191.30","180.15","394.60K","-2.86%"
"05/29/2015","187.15","186.10","190.15","175.60","1.14M","+6.03%"
"05/28/2015","176.50","174.85","177.80","171.20","245.23K","+1.12%"
"05/27/2015","174.55","168.25","177.05","167.50","108.71K","+2.89%"
"05/26/2015","169.65","171.15","172.65","169.25","43.20K","-1.17%"
"05/25/2015","171.65","172.30","173.95","168.90","750.19K","-1.41%"
"05/22/2015","174.10","175.20","175.60","172.45","92.16K","+0.84%"
"05/21/2015","172.65","176.70","177.05","172.00","72.35K","-2.01%"
"05/20/2015","176.20","176.40","178.25","175.00","123.24K","-0.11%"
"05/19/2015","176.40","175.60","178.90","175.60","112.86K","+0.20%"
"05/18/2015","176.05","175.90","180.00","175.45","130.08K","+0.06%"
"05/15/2015","175.95","178.45","178.45","165.45","150.62K","+0.11%"
"05/14/2015","175.75","179.00","180.65","175.45","1.81M","-1.24%"
"05/13/2015","177.95","176.35","181.95","175.80","188.88K","+1.25%"
"05/12/2015","175.75","177.90","177.90","175.45","112.14K","-1.21%"
"05/11/2015","177.90","174.20","179.35","174.20","157.70K","+2.12%"
"05/08/2015","174.20","175.60","176.75","173.25","106.82K","+1.31%"
"05/07/2015","171.95","171.90","177.10","171.60","276.36K","-0.38%"
"05/06/2015","172.60","178.55","178.60","169.65","209.71K","-3.25%"
"05/05/2015","178.40","174.85","180.30","172.95","224.04K","+0.76%"
"05/04/2015","177.05","174.60","178.55","168.95","307.35K","+1.90%"
"04/30/2015","173.75","175.15","177.00","169.95","402.68K","-0.17%"
"04/29/2015","174.05","175.70","177.10","171.90","107.37K","-2.16%"
"04/28/2015","177.90","167.40","179.25","158.60","370.42K","+5.96%"
"04/27/2015","167.90","177.55","180.60","159.90","430.81K","-4.63%"
"04/24/2015","176.05","176.35","186.80","173.95","1.34M","+0.26%"
"04/23/2015","175.60","172.30","177.35","171.90","120.80K","+2.09%"
"04/22/2015","172.00","175.15","175.15","171.30","194.51K","-0.98%"
"04/21/2015","173.70","175.60","177.45","171.60","313.43K","+1.31%"
"04/20/2015","171.45","175.15","176.05","163.00","532.70K","-2.03%"
"04/17/2015","175.00","177.45","177.85","174.25","214.40K","-0.79%"
"04/16/2015","176.40","176.45","179.65","173.35","532.11K","+0.48%"
"04/15/2015","175.55","170.40","183.40","170.05","611.10K","+3.02%"
"04/13/2015","170.40","175.60","175.60","168.15","434.98K","-3.02%"
"04/10/2015","175.70","178.40","182.60","174.30","1.44M","+1.36%"
"04/09/2015","173.35","159.55","177.60","158.30","1.71M","+9.30%"
"04/08/2015","158.60","158.20","159.80","157.30","106.05K","+1.05%"
"04/07/2015","156.95","159.85","159.85","156.35","439.71K","-1.32%"
"04/06/2015","159.05","157.00","160.45","155.60","187.21K","+1.31%"
"04/01/2015","157.00","156.15","157.70","154.15","157.71K","+0.80%"
"03/31/2015","155.75","158.20","158.20","155.45","136.08K","-0.67%"
"03/30/2015","156.80","156.75","157.65","154.30","175.61K","+1.62%"
"03/27/2015","154.30","161.15","163.65","153.20","281.48K","-4.22%"
"03/26/2015","161.10","161.40","166.85","158.90","530.60K","-0.46%"
"03/25/2015","161.85","164.40","164.40","161.40","114.15K","-0.09%"
"03/24/2015","162.00","162.00","164.80","159.35","505.32K","+0.12%"
"03/23/2015","161.80","159.70","164.80","159.30","872.80K","+2.31%"
"03/20/2015","158.15","157.85","160.50","156.20","763.43K","+1.38%"
"03/19/2015","156.00","161.40","161.65","154.70","769.35K","+0.78%"
"03/18/2015","154.80","156.15","158.60","153.70","257.37K","-0.86%"
"03/17/2015","156.15","159.40","159.70","155.50","292.32K","-1.36%"
"03/16/2015","158.30","157.40","161.15","156.10","523.21K","+0.96%"
"03/13/2015","156.80","161.60","161.60","154.35","800.59K","-2.49%"
"03/12/2015","160.80","159.45","164.80","158.65","1.62M","+1.39%"
"03/11/2015","158.60","155.95","159.90","155.45","766.95K","+2.99%"
"03/10/2015","154.00","156.70","158.40","153.20","361.50K","-0.96%"
"03/09/2015","155.50","159.85","162.45","154.15","753.75K","-1.68%"
"03/05/2015","158.15","160.35","163.90","157.05","1.33M","-1.19%"
"03/04/2015","160.05","150.80","162.10","149.00","3.61M","+7.42%"
"03/03/2015","149.00","151.20","151.20","147.60","296.11K","-0.53%"
"03/02/2015","149.80","149.45","152.45","147.65","352.99K","-0.13%"
"02/27/2015","150.00","148.70","152.95","146.50","457.40K","+2.21%"
"02/26/2015","146.75","146.30","147.95","143.80","170.69K","+0.31%"
"02/25/2015","146.30","148.05","149.30","145.70","171.38K","-0.65%"
"02/24/2015","147.25","151.65","152.95","146.00","339.36K","-2.55%"
"02/23/2015","151.10","149.75","153.95","148.90","1.02M","+1.61%"
"02/20/2015","148.70","147.95","150.20","145.85","586.71K","+1.09%"
"02/19/2015","147.10","148.25","148.25","145.70","114.60K","-0.24%"
"02/18/2015","147.45","146.45","150.55","146.45","885.73K","-0.24%"
"02/16/2015","147.80","146.45","149.85","145.75","273.31K","+0.61%"
"02/13/2015","146.90","150.00","150.30","144.40","521.00K","-1.64%"
"02/12/2015","149.35","147.20","153.65","146.10","878.10K","+1.46%"
"02/11/2015","147.20","148.65","149.10","145.85","157.49K","-0.44%"
"02/10/2015","147.85","145.70","149.50","143.00","298.30K","+1.51%"
"02/09/2015","145.65","143.85","150.15","142.05","495.14K","+0.73%"
"02/06/2015","144.60","146.60","147.90","143.85","186.73K","+0.52%"
"02/05/2015","143.85","145.40","147.20","143.10","170.80K","-1.07%"
"02/04/2015","145.40","142.60","147.65","142.00","328.68K","+2.29%"
"02/03/2015","142.15","145.60","146.30","141.50","263.38K","-1.73%"
"02/02/2015","144.65","146.85","149.40","143.55","285.72K","-0.92%"
"01/30/2015","146.00","148.70","151.25","145.00","314.35K","-1.32%"
"01/29/2015","147.95","146.85","150.80","145.35","250.87K","+0.51%"
"01/28/2015","147.20","150.00","153.60","145.80","394.98K","-1.37%"
"01/27/2015","149.25","152.45","152.80","147.65","314.27K","-1.74%"
"01/23/2015","151.90","150.60","155.30","149.45","576.11K","+1.67%"
"01/22/2015","149.40","147.75","151.80","147.75","420.46K","+0.61%"
"01/21/2015","148.50","154.20","154.30","147.95","408.56K","-2.85%"
"01/20/2015","152.85","155.75","156.50","151.95","253.10K","-1.36%"
"01/19/2015","154.95","157.60","158.00","153.20","437.52K","-0.74%"
"01/16/2015","156.10","153.70","159.80","150.30","1.50M","+2.16%"
"01/15/2015","152.80","150.95","154.35","143.80","1.88M","+3.49%"
"01/14/2015","147.65","154.70","161.55","145.80","2.36M","-3.34%"
"01/13/2015","152.75","136.65","158.80","136.45","5.41M","+13.06%"
"01/12/2015","135.10","129.30","137.50","128.25","593.40K","+4.73%"
"01/09/2015","129.00","134.45","137.50","128.05","852.15K","-1.83%"
"01/08/2015","131.40","123.30","133.00","121.95","923.33K","+9.23%"
"01/07/2015","120.30","120.10","121.45","116.65","76.32K","+1.48%"
"01/06/2015","118.55","122.55","122.55","118.10","125.68K","-4.01%"
"01/05/2015","123.50","121.75","125.55","121.15","201.33K","+2.07%"
"01/02/2015","121.00","121.60","123.50","120.45","101.70K","-0.49%"
"01/01/2015","121.60","119.20","123.95","119.20","158.03K","+1.21%"
"12/31/2014","120.15","119.05","121.45","119.05","98.45K","+0.50%"
"12/30/2014","119.55","120.45","121.75","118.85","100.28K","-0.75%"
"12/29/2014","120.45","113.05","122.65","113.05","559.77K","+5.84%"
"12/26/2014","113.80","114.35","115.25","112.95","113.13K","+0.66%"
"12/24/2014","113.05","113.85","116.85","112.70","158.37K","-1.09%"
"12/23/2014","114.30","117.35","119.10","113.15","283.56K","-2.10%"
"12/22/2014","116.75","118.15","119.25","115.10","203.58K","-1.06%"
"12/19/2014","118.00","126.20","126.20","117.35","389.41K","-1.87%"
"12/18/2014","120.25","121.80","122.55","119.75","517.80K","+1.48%"
"12/17/2014","118.50","118.05","121.45","117.25","190.97K","-0.21%"
"12/16/2014","118.75","123.30","124.35","117.35","193.63K","-3.65%"
"12/15/2014","123.25","124.05","126.80","122.20","163.42K","-1.64%"
"12/12/2014","125.30","123.85","126.75","123.85","953.25K","+0.89%"
"12/11/2014","124.20","124.05","125.30","123.60","85.53K","-0.52%"
"12/10/2014","124.85","125.55","126.50","123.30","166.52K","+0.60%"
"12/09/2014","124.10","124.00","125.90","121.90","1.23M","+1.39%"
"12/08/2014","122.40","127.65","129.95","121.10","170.59K","-3.39%"
"12/05/2014","126.70","125.55","128.85","125.55","114.89K","+0.20%"
"12/04/2014","126.45","129.90","129.90","125.05","113.35K","-1.60%"
"12/03/2014","128.50","128.20","129.75","128.00","120.14K","-0.62%"
"12/02/2014","129.30","127.05","130.55","126.75","227.06K","+0.86%"
"12/01/2014","128.20","126.70","129.55","125.55","209.60K","+0.39%"
"11/28/2014","127.70","128.55","128.90","125.80","174.67K","+0.16%"
"11/27/2014","127.50","125.35","128.55","123.70","291.15K","-0.82%"
"11/26/2014","128.55","125.15","131.80","125.15","570.25K","+2.76%"
"11/25/2014","125.10","130.05","130.80","121.00","824.98K","-3.10%"
"11/24/2014","129.10","137.80","137.80","127.80","408.69K","-5.87%"
"11/21/2014","137.15","139.80","141.85","135.60","467.97K","-2.21%"
"11/20/2014","140.25","136.00","141.90","131.65","508.77K","+2.19%"
"11/19/2014","137.25","138.60","138.60","133.25","533.34K","-0.18%"
"11/18/2014","137.50","138.75","138.90","136.55","360.29K","-0.18%"
"11/17/2014","137.75","133.00","139.05","133.00","612.88K","+3.03%"
"11/14/2014","133.70","131.50","134.35","130.20","208.47K","+1.25%"
"11/13/2014","132.05","133.60","135.15","131.10","254.97K","-1.79%"
"11/12/2014","134.45","133.50","135.95","131.50","315.72K","+0.41%"
"11/11/2014","133.90","134.30","136.70","130.80","497.27K","-0.33%"
"11/10/2014","134.35","129.95","135.80","128.70","679.29K","+4.39%"
"11/07/2014","128.70","126.20","129.30","125.60","526.53K","+2.02%"
"11/05/2014","126.15","125.15","127.75","124.85","704.56K","+1.28%"
"11/03/2014","124.55","125.55","125.55","122.10","375.02K","-0.36%"
"10/31/2014","125.00","124.70","125.80","121.80","655.86K","+1.09%"
"10/30/2014","123.65","124.20","125.55","120.90","1.04M","+0.57%"
"10/29/2014","122.95","118.00","125.15","117.35","2.41M","+5.09%"
"10/28/2014","117.00","113.85","117.35","112.90","549.35K","+3.86%"
"10/27/2014","112.65","115.55","115.55","111.70","428.59K","-1.53%"
"10/23/2014","114.40","113.60","115.10","113.60","93.08K","+1.06%"
"10/22/2014","113.20","115.75","116.30","112.30","282.15K","-1.09%"
"10/21/2014","114.45","116.60","116.95","112.30","1.41M","-0.48%"
"10/20/2014","115.00","113.20","115.55","110.65","2.22M","+2.45%"
"10/17/2014","112.25","110.20","113.45","109.85","795.90K","+2.14%"
"10/16/2014","109.90","110.20","114.20","108.80","922.76K","-0.27%"
"10/14/2014","110.20","108.75","111.60","108.35","242.31K","+1.29%"
"10/13/2014","108.80","109.95","109.95","107.80","121.13K","-0.73%"
"10/10/2014","109.60","110.60","110.90","108.45","258.01K","-1.35%"
"10/09/2014","111.10","108.00","112.10","108.00","512.01K","+2.35%"
"10/08/2014","108.55","106.85","110.25","106.85","289.02K","+0.56%"
"10/07/2014","107.95","105.95","110.55","105.05","741.04K","+2.32%"
"10/01/2014","105.50","106.80","108.70","104.75","219.96K","-2.04%"
"09/30/2014","107.70","108.05","110.20","104.90","485.04K","+0.23%"
"09/29/2014","107.45","102.75","110.55","101.35","857.33K","+5.55%"
"09/26/2014","101.80","101.65","102.55","97.20","389.51K","-0.88%"
"09/25/2014","102.70","108.35","109.35","99.75","408.29K","-4.86%"
"09/24/2014","107.95","107.60","110.50","105.60","389.35K","-0.87%"
"09/23/2014","108.90","114.40","115.70","108.35","1.40M","-4.14%"
"09/22/2014","113.60","119.55","121.05","112.30","3.10M","-3.20%"
"09/19/2014","117.35","112.10","118.45","111.15","1.20M","+5.63%"
"09/18/2014","111.10","108.90","113.60","108.55","539.42K","+2.11%"
"09/17/2014","108.80","109.85","111.70","107.45","369.10K","+0.42%"
"09/16/2014","108.35","113.60","117.75","107.40","1.70M","-4.66%"
"09/15/2014","113.65","111.10","115.40","109.85","645.79K","+2.02%"
"09/12/2014","111.40","111.55","116.55","108.60","1.05M","+0.22%"
"09/11/2014","111.15","110.60","113.05","110.60","375.69K","+0.86%"
"09/10/2014","110.20","111.05","113.55","109.30","424.74K","-1.25%"
"09/09/2014","111.60","108.35","115.80","108.35","1.76M","+3.05%"
"09/08/2014","108.30","108.15","109.80","107.75","261.33K","+0.19%"
"09/05/2014","108.10","107.25","110.55","107.25","329.96K","+0.37%"
"09/04/2014","107.70","108.35","109.05","107.55","330.88K","-1.01%"
"09/03/2014","108.80","109.55","110.25","107.60","294.66K","-0.55%"
"09/02/2014","109.40","110.60","111.55","108.15","405.04K","-1.31%"
"09/01/2014","110.85","109.45","111.55","107.60","552.76K","+1.28%"
"08/28/2014","109.45","112.45","114.55","107.90","846.58K","-2.62%"
"08/27/2014","112.40","107.80","120.50","107.05","3.71M","+4.17%"
"08/26/2014","107.90","109.10","109.65","106.85","241.92K","-1.19%"
"08/25/2014","109.20","108.20","111.60","107.50","742.19K","+0.97%"
"08/22/2014","108.15","110.40","112.10","107.50","862.95K","-0.96%"
"08/21/2014","109.20","103.90","111.20","103.90","1.49M","+4.15%"
"08/20/2014","104.85","102.40","106.40","102.40","825.24K","+1.16%"
"08/19/2014","103.65","102.40","104.90","100.15","1.07M","+1.22%"
"08/18/2014","102.40","97.40","103.45","97.40","3.15M","+4.22%"
"08/14/2014","98.25","95.50","99.25","95.05","384.79K","+2.77%"
"08/13/2014","95.60","97.15","101.40","94.95","529.06K","-2.55%"
"08/12/2014","98.10","98.65","100.15","97.40","396.90K","-1.31%"
"08/11/2014","99.40","99.40","102.20","98.65","233.81K","-0.35%"
"08/08/2014","99.75","99.30","103.45","98.65","1.32M","-0.30%"
"08/07/2014","100.05","100.90","101.40","97.95","482.73K","-0.69%"
"08/06/2014","100.75","103.05","104.25","100.20","740.01K","-1.56%"
"08/05/2014","102.35","101.65","105.35","100.15","1.51M","+1.24%"
"08/04/2014","101.10","107.00","107.65","97.15","3.20M","-4.80%"
"08/01/2014","106.20","93.25","111.30","93.05","9.00M","+14.44%"
"07/31/2014","92.80","88.85","93.20","86.75","953.15K","+4.62%"
"07/30/2014","88.70","87.35","89.85","84.50","651.41K","+2.37%"
"07/28/2014","86.65","88.00","89.45","86.15","420.08K","+1.29%"
"07/25/2014","85.55","86.80","87.65","85.20","238.67K","-2.00%"
"07/24/2014","87.30","89.40","89.95","86.00","395.56K","-1.80%"
"07/23/2014","88.90","92.40","92.95","88.40","420.86K","-2.79%"
"07/22/2014","91.45","92.65","94.05","90.95","1.57M","+0.72%"
"07/21/2014","90.80","87.60","91.70","87.15","682.37K","+4.73%"
"07/18/2014","86.70","86.70","88.20","86.30","188.00K","-0.80%"
"07/17/2014","87.40","87.90","89.75","86.75","372.10K","+0.11%"
"07/16/2014","87.30","88.85","89.30","87.05","337.65K","-0.91%"
"07/15/2014","88.10","86.10","90.80","85.55","857.06K","+3.16%"
"07/14/2014","85.40","84.20","86.15","84.20","68.67K","-0.18%"
"07/11/2014","85.55","88.85","88.95","85.00","211.57K","-2.67%"
"07/10/2014","87.90","85.95","89.55","83.30","557.01K","+3.72%"
"07/09/2014","84.75","83.85","87.00","83.70","166.43K","-0.12%"
"07/08/2014","84.85","90.40","90.40","83.55","282.85K","-5.51%"
"07/07/2014","89.80","93.50","94.25","88.30","328.62K","-2.39%"
"07/04/2014","92.00","88.55","92.95","87.10","854.90K","+4.37%"
"07/03/2014","88.15","88.70","90.95","86.05","819.67K","+0.28%"
"07/02/2014","87.90","90.55","90.55","87.45","170.56K","-1.57%"
"07/01/2014","89.30","91.15","91.75","88.55","259.14K","+1.08%"
"06/30/2014","88.35","86.50","91.00","86.15","693.28K","+3.39%"
"06/27/2014","85.45","86.70","86.70","84.60","166.65K","-0.29%"
"06/26/2014","85.70","86.25","87.25","85.25","328.14K","-0.52%"
"06/25/2014","86.15","87.15","87.75","85.70","85.01K","-0.52%"
"06/24/2014","86.60","84.45","88.10","84.20","179.83K","+1.76%"
"06/23/2014","85.10","85.20","87.25","84.50","110.83K","-0.41%"
"06/20/2014","85.45","90.05","90.35","84.70","416.01K","-3.77%"
"06/19/2014","88.80","89.70","91.10","87.05","344.36K","-0.11%"
"06/18/2014","88.90","86.25","91.45","85.40","677.14K","+3.49%"
"06/17/2014","85.90","86.05","88.20","85.20","280.10K","+0.35%"
"06/16/2014","85.60","82.25","86.60","80.80","304.98K","+2.21%"
"06/13/2014","83.75","88.20","91.75","82.30","412.29K","-4.72%"
"06/12/2014","87.90","90.40","93.05","86.70","962.84K","-2.93%"
"06/11/2014","90.55","94.65","95.65","87.55","970.32K","-4.13%"
"06/10/2014","94.45","88.55","96.40","83.90","2.34M","+8.94%"
"06/09/2014","86.70","79.95","91.55","79.05","2.12M","+9.26%"
"06/06/2014","79.35","75.40","80.50","74.35","1.85M","+7.45%"
"06/05/2014","73.85","74.90","74.90","73.40","240.72K","-0.54%"
"06/04/2014","74.25","73.95","76.20","73.75","344.77K","+0.47%"
"06/03/2014","73.90","74.35","74.65","73.30","732.75K","+0.75%"
"06/02/2014","73.35","75.35","75.85","72.25","717.72K","-1.81%"
"05/30/2014","74.70","74.00","76.95","73.60","687.26K","+1.84%"
"05/29/2014","73.35","75.85","77.25","72.35","722.38K","-2.20%"
"05/28/2014","75.00","70.25","75.85","70.20","1.19M","+6.99%"
"05/27/2014","70.10","68.75","70.85","68.60","433.74K","+2.41%"
"05/26/2014","68.45","72.75","73.70","67.25","869.18K","-5.46%"
"05/23/2014","72.40","74.00","74.45","71.95","524.89K","-0.34%"
"05/22/2014","72.65","73.10","74.75","71.85","848.67K","+0.55%"
"05/21/2014","72.25","68.55","76.30","68.55","3.17M","+4.86%"
"05/20/2014","68.90","68.15","70.60","68.15","500.10K","+1.47%"
"05/19/2014","67.90","68.25","70.80","67.65","1.03M","-0.59%"
"05/16/2014","68.30","70.25","70.25","67.65","315.98K","+0.59%"
"05/15/2014","67.90","69.20","69.70","66.95","198.03K","-1.38%"
"05/14/2014","68.85","68.75","69.20","68.00","172.41K","+0.44%"
"05/13/2014","68.55","68.75","70.30","68.00","186.51K","+0.96%"
"05/12/2014","67.90","69.55","70.00","67.55","145.21K","-1.81%"
"05/09/2014","69.15","70.15","70.95","68.20","722.07K","+3.60%"
"05/08/2014","66.75","67.25","69.70","66.20","1.30M","-0.67%"
"05/07/2014","67.20","70.35","71.65","66.65","729.21K","-1.68%"
"05/06/2014","68.35","71.80","73.40","68.00","760.95K","-3.66%"
"05/05/2014","70.95","71.80","72.60","70.25","240.63K","-0.14%"
"05/02/2014","71.05","72.40","73.10","70.50","119.62K","-0.07%"
"04/30/2014","71.10","74.75","76.15","69.55","408.29K","-4.11%"
"04/29/2014","74.15","77.70","77.70","73.70","167.07K","-3.83%"
"04/28/2014","77.10","77.95","79.35","76.20","282.44K","-1.28%"
"04/25/2014","78.10","78.45","79.95","76.95","471.38K","+1.49%"
"04/23/2014","76.95","76.45","78.45","76.20","64.64K","+0.07%"
"04/22/2014","76.90","77.85","79.95","76.20","201.33K","-1.54%"
"04/21/2014","78.10","77.25","81.25","77.25","343.26K","+1.69%"
"04/17/2014","76.80","77.15","78.15","76.10","132.37K","-0.32%"
"04/16/2014","77.05","75.80","79.65","74.95","680.55K","+1.65%"
"04/15/2014","75.80","76.15","76.80","74.00","264.72K","+1.40%"
"04/11/2014","74.75","75.95","76.90","73.80","237.98K","-1.45%"
"04/10/2014","75.85","76.20","77.35","74.50","655.91K","+1.88%"
"04/09/2014","74.45","73.90","75.20","73.25","394.68K","+0.34%"
"04/07/2014","74.20","72.50","76.20","72.50","520.05K","+2.20%"
"04/04/2014","72.60","75.50","76.10","71.00","211.53K","-3.01%"
"04/03/2014","74.85","74.45","77.35","73.40","753.30K","+2.39%"
"04/02/2014","73.10","66.10","79.20","66.10","1.39M","+9.10%"
"04/01/2014","67.00","67.20","67.25","65.15","70.53K","+0.37%"
"03/31/2014","66.75","66.75","67.80","65.95","75.55K","+0.15%"
"03/28/2014","66.65","67.20","68.75","63.95","105.28K","+2.30%"
"03/27/2014","65.15","67.25","67.25","64.20","143.49K","-1.96%"
"03/26/2014","66.45","66.15","66.80","65.45","408.96K","+0.30%"
"03/25/2014","66.25","65.05","66.75","65.05","233.05K","+0.91%"
"03/24/2014","65.65","64.40","66.15","63.75","276.10K","+5.12%"
"03/21/2014","62.45","62.70","63.45","61.95","159.68K","+1.05%"
"03/20/2014","61.80","63.45","63.50","61.30","118.41K","-3.13%"
"03/19/2014","63.80","61.65","65.30","61.45","686.35K","+3.74%"
"03/18/2014","61.50","59.95","61.90","59.80","335.80K","+3.10%"
"03/14/2014","59.65","58.65","60.00","58.65","119.82K","+0.93%"
"03/13/2014","59.10","59.95","60.75","58.65","156.30K","-1.17%"
"03/12/2014","59.80","58.35","61.20","58.35","348.85K","+1.27%"
"03/11/2014","59.05","58.85","59.55","58.80","81.85K","+0.17%"
"03/10/2014","58.95","59.15","60.40","58.35","168.03K","-0.34%"
"03/07/2014","59.15","58.45","60.55","58.30","534.81K","+1.28%"
"03/06/2014","58.40","56.95","59.00","56.70","441.68K","+3.18%"
"03/05/2014","56.60","57.40","57.90","56.20","163.90K","+0.80%"
"03/04/2014","56.15","56.00","57.10","55.95","94.03K","+0.09%"
"03/03/2014","56.10","55.30","57.90","55.25","348.40K","+1.26%"
"02/28/2014","55.40","56.05","56.20","54.55","105.92K","-0.72%"
"02/26/2014","55.80","56.05","56.80","55.45","99.94K","-1.50%"
"02/25/2014","56.65","56.85","57.85","56.35","115.98K","-1.22%"
"02/24/2014","57.35","57.15","58.00","56.25","234.67K","+0.00%"
"02/21/2014","57.35","57.90","58.15","56.05","388.12K","+0.53%"
"02/20/2014","57.05","58.30","58.80","56.60","877.24K","-0.95%"
"02/19/2014","57.60","57.00","60.55","56.80","2.03M","+3.04%"
"02/18/2014","55.90","54.20","56.40","54.20","354.08K","+2.66%"
"02/17/2014","54.45","56.20","56.80","54.25","256.66K","-2.94%"
"02/14/2014","56.10","57.20","57.95","55.65","281.60K","-1.92%"
"02/13/2014","57.20","57.60","58.80","56.80","289.94K","-1.29%"
"02/12/2014","57.95","60.00","60.15","57.65","205.46K","-0.94%"
"02/11/2014","58.50","60.70","61.50","58.30","430.47K","-3.94%"
"02/10/2014","60.90","66.50","68.90","60.00","2.96M","-7.09%"
"02/07/2014","65.55","63.90","67.25","63.90","538.72K","+2.18%"
"02/06/2014","64.15","64.85","65.75","63.65","318.20K","+0.16%"
"02/05/2014","64.05","61.75","65.70","60.95","540.28K","+3.98%"
"02/04/2014","61.60","58.50","66.10","58.50","862.72K","+5.03%"
"02/03/2014","58.65","57.95","59.80","57.95","78.08K","-0.76%"
"01/31/2014","59.10","59.10","61.25","58.80","86.36K","-0.17%"
"01/30/2014","59.20","59.35","60.40","56.85","217.09K","-3.82%"
"01/29/2014","61.55","58.30","62.55","58.30","435.73K","+5.48%"
"01/28/2014","58.35","58.30","59.65","58.10","63.47K","-0.85%"
"01/27/2014","58.85","58.40","59.75","57.15","137.12K","-0.51%"
"01/24/2014","59.15","58.75","61.50","58.65","296.33K","+0.42%"
"01/23/2014","58.90","59.80","59.80","58.30","70.46K","-0.67%"
"01/22/2014","59.30","59.25","59.90","59.05","53.62K","-0.17%"
"01/21/2014","59.40","59.35","60.30","58.95","109.21K","-0.17%"
"01/20/2014","59.50","58.65","59.80","58.65","203.68K","+1.71%"
"01/17/2014","58.50","59.20","60.75","58.35","133.33K","-1.93%"
"01/16/2014","59.65","59.95","61.40","59.50","254.38K","-0.67%"
"01/15/2014","60.05","61.25","61.50","59.80","88.53K","-0.83%"
"01/14/2014","60.55","60.55","62.25","60.15","171.07K","-0.66%"
"01/13/2014","60.95","58.65","63.35","58.65","710.64K","+2.96%"
"01/10/2014","59.20","60.55","61.75","58.75","300.18K","-2.71%"
"01/09/2014","60.85","61.45","61.85","59.95","163.21K","-0.73%"
"01/08/2014","61.30","60.55","61.75","60.30","293.34K","+1.49%"
"01/07/2014","60.40","60.85","61.95","60.15","304.14K","-0.49%"
"01/06/2014","60.70","61.30","62.20","60.25","183.53K","-0.98%"
"01/03/2014","61.30","60.55","63.35","59.50","1.04M","+0.33%"
"01/02/2014","61.10","62.80","64.85","60.55","190.85K","-3.09%"
"01/01/2014","63.05","63.40","64.25","62.80","71.51K","+0.16%"
"12/31/2013","62.95","63.80","65.40","61.40","328.09K","-0.16%"
"12/30/2013","63.05","63.90","64.90","62.40","268.37K","-1.71%"
"12/27/2013","64.15","65.75","66.00","63.90","157.96K","-2.28%"
"12/26/2013","65.65","65.75","67.05","65.05","216.58K","-0.08%"
"12/24/2013","65.70","66.45","66.90","64.45","373.35K","-0.15%"
"12/23/2013","65.80","64.10","68.40","64.10","2.02M","+5.28%"
"12/20/2013","62.50","58.50","62.90","58.50","443.03K","+6.29%"
"12/19/2013","58.80","59.05","60.85","58.65","176.94K","-1.01%"
"12/18/2013","59.40","59.10","59.80","58.70","80.51K","+0.34%"
"12/17/2013","59.20","59.50","60.55","59.05","84.08K","-0.50%"
"12/16/2013","59.50","59.50","61.00","58.70","141.55K","-0.17%"
"12/13/2013","59.60","59.95","60.85","58.65","149.62K","-0.91%"
"12/12/2013","60.15","61.90","61.90","59.85","119.48K","-2.83%"
"12/11/2013","61.90","62.75","63.95","61.15","1.18M","-0.64%"
"12/10/2013","62.30","59.80","62.75","58.65","595.81K","+5.50%"
"12/09/2013","59.05","60.50","61.30","57.90","139.61K","-0.25%"
"12/06/2013","59.20","60.90","61.30","58.50","70.21K","-2.23%"
"12/05/2013","60.55","63.00","63.15","60.15","107.32K","-1.54%"
"12/04/2013","61.50","59.90","63.50","59.90","463.01K","+1.74%"
"12/03/2013","60.45","60.55","61.90","59.85","149.25K","-0.41%"
"12/02/2013","60.70","61.25","62.05","59.55","252.45K","+3.50%"
"11/29/2013","58.65","58.30","59.75","58.05","46.92K","+0.26%"
"11/28/2013","58.50","58.85","60.40","57.60","117.52K","+0.69%"
"11/27/2013","58.10","58.30","59.35","57.50","120.04K","-1.44%"
"11/26/2013","58.95","60.85","61.90","58.65","616.28K","+0.94%"
"11/25/2013","58.40","57.55","59.60","54.95","169.80K","+4.01%"
"11/22/2013","56.15","56.80","57.00","52.75","146.15K","+2.09%"
"11/21/2013","55.00","56.85","56.90","54.45","62.20K","-3.68%"
"11/20/2013","57.10","59.35","59.80","56.80","78.72K","-4.91%"
"11/19/2013","60.05","59.35","60.75","58.55","512.24K","+2.30%"
"11/18/2013","58.70","54.85","59.40","54.85","526.81K","+6.53%"
"11/14/2013","55.10","53.75","55.35","52.90","132.52K","+5.45%"
"11/13/2013","52.25","53.75","54.30","51.85","70.35K","-0.29%"
"11/12/2013","52.40","54.55","56.00","52.15","131.03K","-5.33%"
"11/11/2013","55.35","51.60","56.60","51.25","288.17K","+6.54%"
"11/08/2013","51.95","54.50","55.25","51.20","47.84K","-3.62%"
"11/07/2013","53.90","54.80","55.90","53.90","53.72K","-0.92%"
"11/06/2013","54.40","56.80","56.80","54.00","35.07K","-2.86%"
"11/05/2013","56.00","56.40","56.60","54.95","51.64K","+1.36%"
"11/01/2013","55.25","56.15","57.85","54.55","78.15K","-1.52%"
"10/31/2013","56.10","56.65","57.40","55.50","63.12K","-0.97%"
"10/30/2013","56.65","58.65","59.80","56.05","152.47K","-4.95%"
"10/29/2013","59.60","54.80","60.85","52.85","513.23K","+8.07%"
"10/28/2013","55.15","57.20","58.65","54.70","90.65K","-5.48%"
"10/25/2013","58.35","57.55","60.85","57.15","557.87K","+2.19%"
"10/24/2013","57.10","56.55","58.20","55.90","245.85K","+2.42%"
"10/23/2013","55.75","60.15","60.55","55.30","328.38K","-7.55%"
"10/22/2013","60.30","56.05","61.05","56.05","1.11M","+8.06%"
"10/21/2013","55.80","52.70","56.45","52.45","566.98K","+6.49%"
"10/18/2013","52.40","51.55","52.95","51.55","334.59K","+1.65%"
"10/17/2013","51.55","51.55","52.30","51.25","336.65K","+0.59%"
"10/15/2013","51.25","49.30","52.70","49.30","828.67K","+3.33%"
"10/14/2013","49.60","48.55","50.00","48.55","353.03K","+2.16%"
"10/11/2013","48.55","50.05","50.05","48.00","990.49K","+3.52%"
"10/10/2013","46.90","44.30","47.85","43.70","496.80K","+6.35%"
"10/09/2013","44.10","43.55","44.25","43.55","27.14K","+0.23%"
"10/08/2013","44.00","43.35","44.25","43.35","33.25K","+1.15%"
"10/07/2013","43.50","42.65","43.80","42.65","34.08K","+0.35%"
"10/04/2013","43.35","43.05","43.95","42.80","12.74K","+0.81%"
"10/03/2013","43.00","43.35","43.35","42.70","17.11K","+1.18%"
"10/01/2013","42.50","41.15","44.75","41.15","25.12K","+1.80%"
"09/30/2013","41.75","42.55","42.95","41.35","11.79K","-3.36%"
"09/27/2013","43.20","41.85","44.45","41.85","23.64K","+1.53%"
"09/26/2013","42.55","44.55","44.80","42.45","53.99K","-4.49%"
"09/25/2013","44.55","42.60","45.00","42.60","190.41K","+2.89%"
"09/24/2013","43.30","43.40","43.80","42.25","71.74K","-3.02%"
"09/23/2013","44.65","41.85","46.50","41.50","363.62K","+5.81%"
"09/20/2013","42.20","42.00","44.00","41.90","29.56K","+0.00%"
"09/19/2013","42.20","42.00","42.60","41.85","49.64K","+0.96%"
"09/18/2013","41.80","41.85","42.50","41.30","6.96K","-0.59%"
"09/17/2013","42.05","43.90","43.90","41.70","28.85K","-3.00%"
"09/16/2013","43.35","44.00","44.10","42.60","35.18K","+0.58%"
"09/13/2013","43.10","41.85","43.50","41.25","38.10K","+1.41%"
"09/12/2013","42.50","41.85","42.95","41.85","37.24K","+1.55%"
"09/11/2013","41.85","41.10","42.05","41.10","34.11K","+0.00%"
"09/10/2013","41.85","40.45","42.00","40.45","18.28K","+1.58%"
"09/06/2013","41.20","41.55","41.65","40.90","24.86K","+0.49%"
"09/05/2013","41.00","41.35","41.45","40.35","10.04K","+0.12%"
"09/04/2013","40.95","40.35","41.35","40.35","8.12K","+0.99%"
"09/03/2013","40.55","40.35","41.85","40.35","20.42K","-0.73%"
"09/02/2013","40.85","41.35","41.60","40.00","31.07K","+0.86%"
"08/30/2013","40.50","39.60","41.00","39.60","25.70K","+0.37%"
"08/29/2013","40.35","42.15","42.15","39.60","74.48K","-0.62%"
"08/28/2013","40.60","39.15","41.65","39.15","54.80K","+2.53%"
"08/27/2013","39.60","38.85","41.00","38.35","22.20K","-0.25%"
"08/26/2013","39.70","38.50","39.95","38.50","10.38K","+1.15%"
"08/23/2013","39.25","38.10","41.05","38.10","11.51K","+1.03%"
"08/22/2013","38.85","38.15","39.35","38.10","11.67K","-0.13%"
"08/21/2013","38.90","38.10","39.35","37.95","24.93K","+2.50%"
"08/20/2013","37.95","37.00","38.50","35.65","93.91K","+1.47%"
"08/19/2013","37.40","38.10","38.10","35.85","91.27K","-3.48%"
"08/16/2013","38.75","40.90","41.70","38.60","52.72K","-5.95%"
"08/14/2013","41.20","41.10","41.80","41.10","15.08K","-0.24%"
"08/13/2013","41.30","41.85","42.60","40.90","24.59K","-2.13%"
"08/12/2013","42.20","42.20","42.80","40.60","66.54K","+0.00%"
"08/08/2013","42.20","38.70","42.75","38.25","109.20K","+8.07%"
"08/07/2013","39.05","37.35","39.60","37.35","21.95K","+2.49%"
"08/06/2013","38.10","38.20","38.95","37.65","26.00K","-2.18%"
"08/05/2013","38.95","40.40","40.75","38.70","22.52K","-4.18%"
"08/02/2013","40.65","40.70","41.75","40.45","33.53K","-0.37%"
"08/01/2013","40.80","40.40","41.15","40.40","23.14K","-0.61%"
"07/31/2013","41.05","41.10","42.20","40.55","53.49K","-1.44%"
"07/30/2013","41.65","41.15","42.05","41.15","28.35K","-0.48%"
"07/29/2013","41.85","41.50","42.10","41.10","26.09K","-0.83%"
"07/26/2013","42.20","41.85","42.55","40.95","77.77K","+0.00%"
"07/25/2013","42.20","42.05","42.60","41.15","20.77K","-1.06%"
"07/24/2013","42.65","42.30","42.95","41.85","95.45K","+1.07%"
"07/23/2013","42.20","40.45","43.90","40.40","297.48K","+4.71%"
"07/22/2013","40.30","40.75","41.85","39.90","48.32K","-1.59%"
"07/19/2013","40.95","40.45","41.85","40.45","13.69K","-0.12%"
"07/18/2013","41.00","40.35","41.50","40.35","11.79K","+0.00%"
"07/17/2013","41.00","40.70","41.10","40.70","102.75K","+0.24%"
"07/16/2013","40.90","40.60","41.75","40.60","13.13K","-0.61%"
"07/15/2013","41.15","41.45","41.50","40.95","14.14K","-0.12%"
"07/12/2013","41.20","40.90","41.50","39.10","33.29K","+0.00%"
"07/11/2013","41.20","41.10","41.70","40.90","12.68K","+0.37%"
"07/10/2013","41.05","40.90","41.50","40.90","12.79K","+0.00%"
"07/09/2013","41.05","40.90","41.30","40.80","10.61K","+0.37%"
"07/08/2013","40.90","40.35","41.05","40.00","17.25K","+0.37%"
"07/05/2013","40.75","42.60","42.60","40.10","43.09K","-0.24%"
"07/04/2013","40.85","41.45","41.75","40.45","21.47K","-1.21%"
"07/03/2013","41.35","40.55","41.75","40.55","22.60K","-0.36%"
"07/02/2013","41.50","43.15","43.15","41.20","16.82K","-1.54%"
"07/01/2013","42.15","42.50","43.80","41.85","36.42K","-0.94%"
"06/28/2013","42.55","41.60","44.00","41.50","62.11K","+0.83%"
"06/27/2013","42.20","41.20","42.50","41.10","23.72K","+2.06%"
"06/26/2013","41.35","42.80","42.80","40.20","45.13K","-0.36%"
"06/25/2013","41.50","39.80","43.25","39.30","103.67K","+2.85%"
"06/24/2013","40.35","40.35","40.50","39.70","24.67K","-1.10%"
"06/21/2013","40.80","40.60","41.35","40.45","34.23K","-0.61%"
"06/20/2013","41.05","40.90","41.25","40.05","36.26K","-1.79%"
"06/19/2013","41.80","40.75","42.05","40.75","18.02K","+2.58%"
"06/18/2013","40.75","41.60","41.65","40.50","11.39K","-2.40%"
"06/17/2013","41.75","41.20","41.90","41.15","25.74K","+1.21%"
"06/14/2013","41.25","40.85","41.85","40.85","24.67K","+0.24%"
"06/13/2013","41.15","40.50","41.60","40.35","34.42K","+0.49%"
"06/12/2013","40.95","41.50","42.05","40.75","15.87K","-3.19%"
"06/11/2013","42.30","41.60","42.60","41.30","79.91K","+0.48%"
"06/10/2013","42.10","41.30","42.35","41.30","23.17K","-0.24%"
"06/07/2013","42.20","42.05","42.60","42.05","17.48K","-0.35%"
"06/06/2013","42.35","42.55","42.60","42.15","20.68K","+0.12%"
"06/05/2013","42.30","42.30","42.80","42.05","13.11K","-0.47%"
"06/04/2013","42.50","41.30","44.10","41.30","47.21K","+1.80%"
"06/03/2013","41.75","41.85","43.35","41.50","12.76K","-1.07%"
"05/31/2013","42.20","41.95","42.95","41.90","76.79K","+0.36%"
"05/30/2013","42.05","42.65","43.25","41.85","32.20K","-1.75%"
"05/29/2013","42.80","42.65","43.55","42.60","120.02K","-1.04%"
"05/28/2013","43.25","43.40","44.75","42.70","302.62K","+1.41%"
"05/27/2013","42.65","41.95","44.30","41.95","81.25K","+0.12%"
"05/24/2013","42.60","42.60","46.35","41.90","150.04K","-0.93%"
"05/23/2013","43.00","41.85","44.90","40.50","326.91K","+1.42%"
"05/22/2013","42.40","44.15","45.30","41.85","175.11K","-4.72%"
"05/21/2013","44.50","45.95","46.70","43.85","939.21K","-3.68%"
"05/20/2013","46.20","40.75","49.20","40.40","2.75M","+12.55%"
"05/17/2013","41.05","41.05","41.40","40.55","23.82K","-0.12%"
"05/16/2013","41.10","41.80","41.85","41.05","36.70K","-0.24%"
"05/15/2013","41.20","41.70","41.70","40.75","62.27K","+0.00%"
"05/14/2013","41.20","41.10","42.15","40.95","93.16K","+0.24%"
"05/13/2013","41.10","40.35","41.65","40.35","88.97K","+2.37%"
"05/10/2013","40.15","40.15","40.60","39.60","29.15K","+0.37%"
"05/09/2013","40.00","40.60","40.60","39.55","50.50K","-0.12%"
"05/08/2013","40.05","40.35","40.35","39.60","24.71K","+0.12%"
"05/07/2013","40.00","40.25","40.30","39.65","40.29K","+0.76%"
"05/06/2013","39.70","40.00","40.65","39.25","31.79K","+0.13%"
"05/03/2013","39.65","40.30","40.35","39.45","55.77K","-0.50%"
"05/02/2013","39.85","38.10","40.30","38.10","100.63K","+4.32%"
"04/30/2013","38.20","38.05","38.35","37.95","22.18K","+1.06%"
"04/29/2013","37.80","37.05","37.95","37.05","24.37K","+0.40%"
"04/26/2013","37.65","37.05","37.80","36.85","13.13K","+0.67%"
"04/25/2013","37.40","37.35","38.00","37.05","39.54K","-0.27%"
"04/23/2013","37.50","37.35","37.85","37.35","14.11K","+0.27%"
"04/22/2013","37.40","37.35","37.75","37.20","11.38K","+0.13%"
"04/18/2013","37.35","37.45","37.75","37.05","17.44K","-0.13%"
"04/17/2013","37.40","37.30","37.75","37.00","29.22K","+0.67%"
"04/16/2013","37.15","36.70","37.25","36.70","16.31K","-0.13%"
"04/15/2013","37.20","36.65","38.50","36.65","155.35K","+1.22%"
"04/12/2013","36.75","37.25","38.10","36.70","8.60K","-0.41%"
"04/11/2013","36.90","37.35","37.35","36.70","10.70K","-0.40%"
"04/10/2013","37.05","38.70","38.70","37.00","8.24K","-0.80%"
"04/09/2013","37.35","37.05","37.50","37.05","16.16K","+1.22%"
"04/08/2013","36.90","36.75","37.35","36.75","9.14K","-0.81%"
"04/05/2013","37.20","37.00","37.50","36.70","24.98K","-0.67%"
"04/04/2013","37.45","37.20","37.75","37.20","17.46K","+0.00%"
"04/03/2013","37.45","37.80","38.05","37.20","31.86K","+0.00%"
"04/02/2013","37.45","37.90","38.05","37.35","44.07K","-1.32%"
"04/01/2013","37.95","37.90","38.00","37.35","17.82K","+0.80%"
"03/28/2013","37.65","37.35","37.95","36.70","21.17K","+2.45%"
"03/26/2013","36.75","38.00","38.05","36.55","50.26K","-3.29%"
"03/25/2013","38.00","38.20","38.65","37.50","256.90K","+0.26%"
"03/22/2013","37.90","37.10","38.10","36.85","17.45K","+0.13%"
"03/21/2013","37.85","38.15","39.15","37.00","69.75K","-0.13%"
"03/20/2013","37.90","37.75","40.00","37.20","129.88K","-2.45%"
"03/19/2013","38.85","37.95","39.10","37.95","123.56K","+1.57%"
"03/18/2013","38.25","37.55","39.15","37.35","165.25K","+3.24%"
"03/15/2013","37.05","37.50","38.00","36.65","38.68K","+0.41%"
"03/14/2013","36.90","37.10","37.50","36.65","23.24K","-0.94%"
"03/13/2013","37.25","37.20","38.05","37.05","27.26K","-0.27%"
"03/12/2013","37.35","37.85","38.85","36.45","59.56K","-0.80%"
"03/11/2013","37.65","37.35","37.95","37.05","26.46K","+0.94%"
"03/08/2013","37.30","37.00","38.00","35.55","79.69K","+1.08%"
"03/07/2013","36.90","36.85","37.30","36.65","42.47K","+0.27%"
"03/06/2013","36.80","37.00","37.70","36.60","37.05K","+0.96%"
"03/05/2013","36.45","37.85","37.85","36.00","30.82K","-0.95%"
"03/04/2013","36.80","37.80","38.05","36.50","174.66K","-3.54%"
"03/01/2013","38.15","38.75","39.05","37.55","18.03K","-0.65%"
"02/28/2013","38.40","37.65","39.40","37.65","253.51K","-0.52%"
"02/27/2013","38.60","39.05","39.50","38.25","30.65K","-0.26%"
"02/26/2013","38.70","40.05","40.05","38.60","66.45K","-3.85%"
"02/25/2013","40.25","40.35","40.80","39.70","33.45K","+0.25%"
"02/22/2013","40.15","40.50","40.65","39.85","38.31K","-0.74%"
"02/21/2013","40.45","41.10","41.75","39.90","114.84K","-0.74%"
"02/20/2013","40.75","41.20","41.45","40.45","133.23K","+0.37%"
"02/19/2013","40.60","39.25","41.05","38.85","167.94K","+3.84%"
"02/18/2013","39.10","38.80","39.45","38.80","15.04K","+1.16%"
"02/15/2013","38.65","37.60","38.85","37.55","27.27K","+1.98%"
"02/14/2013","37.90","39.30","39.35","37.60","127.70K","-2.70%"
"02/13/2013","38.95","39.50","39.55","38.90","75.55K","-0.76%"
"02/12/2013","39.25","39.80","39.85","38.95","83.15K","-1.13%"
"02/11/2013","39.70","40.30","40.55","39.55","38.59K","-1.49%"
"02/08/2013","40.30","40.65","40.75","40.00","166.05K","+0.12%"
"02/07/2013","40.25","41.35","41.80","40.00","58.47K","-2.19%"
"02/06/2013","41.15","40.85","43.70","40.85","360.07K","+2.24%"
"02/05/2013","40.25","41.40","41.75","40.15","47.30K","-2.66%"
"02/04/2013","41.35","41.50","42.00","40.95","31.96K","-0.12%"
"02/01/2013","41.40","41.35","42.45","41.10","45.09K","+0.61%"
"01/31/2013","41.15","41.55","41.90","41.00","37.95K","-0.84%"
"01/30/2013","41.50","41.90","42.50","41.35","24.83K","-0.72%"
"01/29/2013","41.80","42.10","42.40","41.60","21.16K","-1.53%"
"01/28/2013","42.45","42.55","42.60","42.10","11.83K","-0.12%"
"01/25/2013","42.50","42.25","42.80","42.05","26.85K","+1.19%"
"01/24/2013","42.00","42.55","42.55","41.90","28.42K","-1.06%"
"01/23/2013","42.45","43.25","43.60","42.15","31.05K","-1.16%"
"01/22/2013","42.95","42.80","43.90","42.80","28.79K","-0.46%"
"01/21/2013","43.15","43.90","43.90","43.00","31.30K","-0.23%"
"01/18/2013","43.25","44.10","44.40","43.00","35.47K","-1.37%"
"01/17/2013","43.85","44.45","44.45","43.60","31.80K","-0.68%"
"01/16/2013","44.15","44.35","44.65","43.75","40.12K","-0.90%"
"01/15/2013","44.55","44.40","46.40","44.40","41.86K","+0.11%"
"01/14/2013","44.50","46.65","46.65","44.45","28.32K","+0.00%"
"01/11/2013","44.50","44.35","45.50","44.15","47.47K","-1.00%"
"01/10/2013","44.95","45.90","46.25","44.85","155.45K","-0.77%"
"01/09/2013","45.30","44.05","46.70","43.70","473.06K","+3.66%"
"01/08/2013","43.70","43.55","44.40","43.55","29.75K","+0.23%"
"01/07/2013","43.60","44.30","44.65","43.45","34.13K","-0.46%"
"01/04/2013","43.80","44.60","45.00","42.95","43.90K","-1.79%"
"01/03/2013","44.60","45.35","45.90","44.15","78.98K","-0.11%"
"01/02/2013","44.65","44.40","45.55","43.95","95.56K","+1.94%"
"01/01/2013","43.80","44.55","44.55","43.40","31.89K","-0.45%"
"12/31/2012","44.00","42.65","44.75","41.75","73.51K","+3.41%"
"12/28/2012","42.55","43.95","43.95","42.05","63.36K","-1.96%"
"12/27/2012","43.40","43.55","43.85","43.40","14.32K","-0.34%"
"12/26/2012","43.55","43.35","44.10","43.35","18.46K","+0.00%"
"12/24/2012","43.55","43.75","44.70","43.00","44.45K","-0.80%"
"12/21/2012","43.90","44.10","44.75","43.70","31.19K","-1.13%"
"12/20/2012","44.40","44.30","44.80","44.10","49.28K","-0.34%"
"12/19/2012","44.55","44.85","45.10","44.30","58.55K","-0.78%"
"12/18/2012","44.90","44.90","45.15","44.65","58.40K","+0.11%"
"12/17/2012","44.85","44.85","45.45","44.80","41.82K","-0.11%"
"12/14/2012","44.90","44.95","45.15","44.70","60.15K","+0.00%"
"12/13/2012","44.90","44.65","45.10","44.50","61.29K","+0.00%"
"12/12/2012","44.90","45.15","45.40","44.85","36.08K","-0.22%"
"12/11/2012","45.00","45.90","45.90","44.90","51.84K","-1.21%"
"12/10/2012","45.55","45.35","45.75","44.90","68.74K","+0.89%"
"12/07/2012","45.15","45.30","46.20","44.90","91.50K","-0.11%"
"12/06/2012","45.20","45.45","45.75","44.95","56.57K","+0.44%"
"12/05/2012","45.00","45.90","45.95","44.85","58.53K","-1.96%"
"12/04/2012","45.90","45.75","46.50","45.25","195.03K","+0.66%"
"12/03/2012","45.60","45.45","46.95","45.45","173.38K","+1.56%"
"11/30/2012","44.90","44.10","46.05","43.70","120.74K","+0.22%"
"11/29/2012","44.80","45.15","45.45","44.70","91.16K","-0.22%"
"11/27/2012","44.90","45.15","45.90","44.65","80.57K","+0.22%"
"11/26/2012","44.80","45.60","45.60","44.55","122.11K","-1.86%"
"11/23/2012","45.65","44.70","47.15","44.55","268.04K","+1.78%"
"11/22/2012","44.85","47.45","47.55","44.70","183.57K","-4.57%"
"11/21/2012","47.00","48.65","50.80","46.70","1.13M","-1.67%"
"11/20/2012","47.80","43.75","48.45","43.70","602.72K","+8.39%"
"11/19/2012","44.10","44.15","44.60","43.80","26.26K","-0.11%"
"11/16/2012","44.15","44.15","44.60","43.70","38.77K","-0.34%"
"11/15/2012","44.30","44.55","44.80","44.10","35.47K","-1.56%"
"11/13/2012","45.00","44.60","45.25","44.60","16.89K","+1.01%"
"11/12/2012","44.55","45.10","45.45","44.10","41.40K","+0.22%"
"11/09/2012","44.45","45.60","46.25","44.10","170.50K","-2.41%"
"11/08/2012","45.55","46.45","46.45","45.30","49.14K","-1.73%"
"11/07/2012","46.35","45.75","47.10","45.75","120.22K","+0.00%"
"11/06/2012","46.35","46.35","47.15","46.05","108.53K","-1.59%"
"11/05/2012","47.10","47.85","48.95","45.30","412.88K","+5.25%"
"11/02/2012","44.75","46.50","46.65","43.60","207.40K","-2.61%"
"11/01/2012","45.95","43.25","47.70","42.85","373.40K","+6.24%"
"10/31/2012","43.25","43.70","43.90","42.90","35.95K","-1.14%"
"10/30/2012","43.75","44.25","45.20","43.65","45.38K","-2.23%"
"10/29/2012","44.75","45.75","46.20","44.45","42.26K","-1.54%"
"10/26/2012","45.45","45.25","45.95","45.20","41.93K","-0.33%"
"10/25/2012","45.60","45.65","46.20","45.10","36.76K","-0.55%"
"10/23/2012","45.85","47.10","47.40","44.90","149.90K","+1.66%"
"10/22/2012","45.10","44.50","45.90","44.50","27.39K","-0.11%"
"10/19/2012","45.15","45.10","45.90","45.00","43.21K","-1.85%"
"10/18/2012","46.00","44.40","46.35","44.40","154.35K","+2.00%"
"10/17/2012","45.10","45.30","45.60","44.90","62.51K","-0.11%"
"10/16/2012","45.15","45.65","46.10","44.95","51.86K","-1.10%"
"10/15/2012","45.65","45.25","46.60","44.95","115.23K","+1.00%"
"10/12/2012","45.20","45.75","46.50","45.00","63.23K","-1.20%"
"10/11/2012","45.75","47.10","47.20","45.55","431.79K","-0.87%"
"10/10/2012","46.15","43.60","47.40","43.40","550.03K","+4.65%"
"10/09/2012","44.10","43.70","44.85","43.70","33.99K","-0.45%"
"10/08/2012","44.30","44.85","44.85","43.75","40.59K","-1.01%"
"10/05/2012","44.75","46.20","46.20","43.80","94.09K","-1.43%"
"10/04/2012","45.40","43.55","46.35","43.55","296.17K","+3.53%"
"10/03/2012","43.85","43.70","44.05","43.65","30.73K","+0.23%"
"10/01/2012","43.75","42.85","44.40","42.85","87.99K","+1.27%"
"09/28/2012","43.20","42.85","43.45","42.85","40.72K","+0.82%"
"09/27/2012","42.85","43.35","43.65","42.65","39.17K","-0.81%"
"09/26/2012","43.20","42.95","43.65","42.95","81.03K","+0.35%"
"09/25/2012","43.05","41.90","43.70","41.90","54.55K","+1.77%"
"09/24/2012","42.30","42.10","43.25","42.10","37.35K","+0.00%"
"09/21/2012","42.30","42.20","42.80","42.20","55.56K","+0.12%"
"09/20/2012","42.25","41.90","42.65","41.70","54.71K","-0.35%"
"09/18/2012","42.40","43.05","43.05","41.35","41.05K","+0.59%"
"09/17/2012","42.15","42.80","43.25","42.00","55.48K","-0.24%"
"09/14/2012","42.25","41.35","43.45","41.35","101.78K","-1.40%"
"09/13/2012","42.85","43.35","43.35","42.30","29.20K","-0.46%"
"09/12/2012","43.05","42.30","43.80","42.30","41.03K","-0.12%"
"09/11/2012","43.10","41.50","44.00","41.50","75.72K","+2.01%"
"09/10/2012","42.25","42.65","43.70","41.90","42.68K","-1.63%"
"09/07/2012","42.95","44.15","44.15","42.25","54.67K","-2.05%"
"09/06/2012","43.85","43.25","44.45","42.85","122.71K","+1.27%"
"09/05/2012","43.30","41.55","44.10","41.55","406.66K","+2.97%"
"09/04/2012","42.05","41.05","43.25","41.05","112.59K","+0.24%"
"09/03/2012","41.95","43.30","44.55","41.20","251.29K","-4.66%"
"08/31/2012","44.00","38.35","45.45","38.35","579.34K","+13.40%"
"08/30/2012","38.80","38.85","39.40","38.40","37.78K","-2.14%"
"08/29/2012","39.65","39.85","40.65","39.40","31.22K","-1.73%"
"08/28/2012","40.35","40.95","41.50","40.30","21.62K","-2.06%"
"08/27/2012","41.20","41.35","43.25","41.15","41.49K","-1.67%"
"08/24/2012","41.90","41.70","42.95","41.20","37.85K","-1.64%"
"08/23/2012","42.60","42.80","43.70","42.50","26.72K","-1.05%"
"08/22/2012","43.05","42.90","44.00","42.90","46.44K","-0.46%"
"08/21/2012","43.25","44.15","44.65","43.00","53.96K","-2.15%"
"08/17/2012","44.20","45.00","45.50","43.85","37.50K","-1.56%"
"08/16/2012","44.90","45.30","46.15","44.85","37.17K","-0.88%"
"08/14/2012","45.30","45.60","49.05","43.60","149.84K","+0.00%"
"08/13/2012","45.30","45.45","46.65","45.05","58.70K","+0.55%"
"08/10/2012","45.05","44.35","45.75","44.35","24.00K","-0.22%"
"08/09/2012","45.15","44.90","46.50","44.90","19.08K","-0.44%"
"08/08/2012","45.35","45.10","46.80","45.10","48.24K","-0.66%"
"08/07/2012","45.65","45.35","46.05","44.95","28.58K","+0.44%"
"08/06/2012","45.45","46.10","46.10","45.20","25.32K","-0.44%"
"08/03/2012","45.65","45.70","46.35","44.90","54.43K","-1.30%"
"08/02/2012","46.25","47.40","47.40","46.15","23.83K","-1.07%"
"08/01/2012","46.75","46.35","47.90","45.80","198.91K","+2.41%"
"07/31/2012","45.65","45.45","46.70","44.90","39.49K","+0.11%"
"07/30/2012","45.60","47.55","47.55","45.40","121.29K","+1.22%"
"07/27/2012","45.05","46.35","47.10","44.90","63.63K","-2.80%"
"07/26/2012","46.35","46.80","47.60","44.10","74.05K","-1.90%"
"07/25/2012","47.25","46.20","48.00","45.70","77.85K","+1.39%"
"07/24/2012","46.60","45.35","48.15","45.35","78.36K","-3.82%"
"07/23/2012","48.45","48.45","48.55","48.35","727.43K","-0.10%"
"07/20/2012","48.50","48.55","48.55","48.50","4.37M","+0.00%"
"07/19/2012","48.50","48.50","48.55","48.45","2.21M","+0.00%"
"07/18/2012","48.50","48.50","48.55","48.50","634.77K","+0.00%"
"07/17/2012","48.50","48.50","48.55","48.50","515.43K","+0.00%"
"07/16/2012","48.50","48.55","48.55","48.50","807.36K","+0.00%"
"07/13/2012","48.50","48.45","48.55","48.45","225.80K","+0.10%"
"07/12/2012","48.45","48.45","48.55","48.45","507.95K","+0.00%"
"07/11/2012","48.45","48.50","48.50","48.45","231.82K","+0.00%"
"07/10/2012","48.45","48.50","48.50","48.40","285.18K","+0.10%"
"07/09/2012","48.40","48.40","48.50","48.40","136.13K","+0.00%"
"07/06/2012","48.40","48.65","48.70","48.30","1.66M","+0.21%"
"07/05/2012","48.30","48.30","48.35","48.20","112.05K","+0.00%"
"07/04/2012","48.30","48.35","48.40","48.00","318.38K","+0.31%"
"07/03/2012","48.15","47.75","48.25","47.70","881.99K","+0.94%"
"07/02/2012","47.70","47.60","47.70","47.55","103.19K","+0.21%"
"06/29/2012","47.60","47.55","47.70","47.50","203.53K","-0.21%"
"06/28/2012","47.70","47.40","47.75","47.25","103.21K","+0.00%"
"06/27/2012","47.70","47.65","47.80","47.60","101.30K","+0.00%"
"06/26/2012","47.70","47.60","47.75","47.60","130.69K","+0.00%"
"06/25/2012","47.70","47.60","47.70","47.55","183.08K","+0.21%"
"06/22/2012","47.60","47.40","47.65","47.40","185.51K","+0.21%"
"06/21/2012","47.50","47.45","47.60","47.30","275.86K","+0.21%"
"06/20/2012","47.40","47.30","47.50","47.25","105.47K","+0.42%"
"06/19/2012","47.20","46.80","47.25","46.75","130.21K","+0.11%"
"06/18/2012","47.15","47.15","47.35","47.10","50.96K","-0.21%"
"06/15/2012","47.25","47.15","47.40","47.15","78.21K","+0.00%"
"06/14/2012","47.25","47.30","47.40","47.20","218.29K","-0.11%"
"06/13/2012","47.30","47.30","47.55","47.30","82.34K","-0.11%"
"06/12/2012","47.35","47.20","47.55","47.20","220.65K","+0.11%"
"06/11/2012","47.30","47.10","47.70","47.10","547.53K","+0.21%"
"06/08/2012","47.20","47.20","47.30","47.15","143.99K","+0.00%"
"06/07/2012","47.20","47.45","47.45","46.85","91.93K","+0.11%"
"06/06/2012","47.15","47.10","47.40","47.10","534.91K","-0.53%"
"06/05/2012","47.40","47.20","47.45","47.20","286.23K","+0.21%"
"06/04/2012","47.30","47.30","47.55","47.25","245.08K","+0.11%"
"06/01/2012","47.25","47.15","47.40","47.15","364.31K","-0.21%"
"05/31/2012","47.35","47.55","47.55","47.35","595.22K","+0.00%"
"05/30/2012","47.35","47.25","47.45","47.25","378.51K","+0.00%"
"05/29/2012","47.35","46.95","47.55","46.75","494.09K","+0.53%"
"05/28/2012","47.10","46.95","47.40","46.90","529.14K","+0.43%"
"05/25/2012","46.90","46.85","46.95","46.85","199.14K","+0.00%"
"05/24/2012","46.90","47.40","47.40","46.70","450.77K","+0.11%"
"05/23/2012","46.85","47.30","47.30","46.60","1.14M","+0.11%"
"05/22/2012","46.80","41.10","47.55","39.90","14.84M","+2.63%"
"05/21/2012","45.60","45.90","46.45","45.15","218.97K","+0.55%"
"05/18/2012","45.35","45.25","46.20","44.95","239.90K","-2.05%"
"05/17/2012","46.30","46.85","47.85","45.90","327.88K","-0.43%"
"05/16/2012","46.50","46.95","48.15","46.15","838.77K","+0.54%"
"05/15/2012","46.25","45.15","46.95","45.10","361.56K","+1.54%"
"05/14/2012","45.55","47.10","47.65","44.95","646.10K","-3.50%"
"05/11/2012","47.20","47.85","48.00","46.90","179.74K","-1.97%"
"05/10/2012","48.15","49.50","49.50","47.95","176.06K","-0.93%"
"05/09/2012","48.60","49.60","50.75","48.10","377.36K","-1.62%"
"05/08/2012","49.40","49.00","51.35","48.60","1.38M","+0.82%"
"05/07/2012","49.00","46.70","49.30","46.70","861.99K","+5.49%"
"05/04/2012","46.45","47.75","48.00","46.20","222.80K","-2.72%"
"05/03/2012","47.75","48.15","48.45","47.40","198.69K","-0.52%"
"05/02/2012","48.00","49.30","49.30","47.70","140.26K","-1.44%"
"04/30/2012","48.70","49.10","49.70","48.45","424.84K","+2.10%"
"04/27/2012","47.70","48.95","49.90","47.10","307.86K","-1.75%"
"04/26/2012","48.55","49.85","56.05","48.20","373.27K","-0.72%"
"04/25/2012","48.90","49.35","50.40","48.65","190.14K","-1.71%"
"04/24/2012","49.75","50.45","50.65","48.55","421.31K","+0.30%"
"04/23/2012","49.60","51.80","51.80","48.85","298.26K","-2.65%"
"04/20/2012","50.95","52.20","52.20","50.45","351.15K","+0.10%"
"04/19/2012","50.90","52.10","52.10","50.80","243.05K","-0.39%"
"04/18/2012","51.10","51.55","52.10","50.85","296.60K","-0.78%"
"04/17/2012","51.50","52.30","52.30","51.10","532.13K","-0.77%"
"04/16/2012","51.90","50.65","53.45","50.25","971.86K","+2.47%"
"04/13/2012","50.65","52.55","54.40","50.45","1.31M","-5.06%"
"04/12/2012","53.35","52.30","53.80","52.25","1.86M","+2.11%"
"04/11/2012","52.25","53.00","53.15","49.85","3.38M","-2.52%"
"04/10/2012","53.60","49.00","57.20","49.00","8.62M","+12.37%"
"04/09/2012","47.70","47.70","48.45","46.60","376.29K","+0.00%"
"04/04/2012","47.70","47.40","48.35","47.15","671.15K","+1.81%"
"04/03/2012","46.85","49.25","49.40","46.65","1.38M","-3.90%"
"04/02/2012","48.75","45.60","49.60","45.60","1.60M","+6.21%"
"03/30/2012","45.90","46.30","46.95","45.65","202.40K","-0.86%"
"03/29/2012","46.30","46.35","47.00","45.95","132.53K","-1.49%"
"03/28/2012","47.00","45.55","47.40","45.55","739.00K","+2.73%"
"03/27/2012","45.75","48.40","48.40","39.85","1.97M","-6.15%"
"03/26/2012","48.75","51.05","51.35","48.05","1.96M","-5.06%"
"03/23/2012","51.35","51.20","51.90","49.80","635.46K","+1.38%"
"03/22/2012","50.65","52.30","52.55","49.75","1.21M","-3.25%"
"03/21/2012","52.35","51.95","52.70","51.10","1.91M","+2.15%"
"03/20/2012","51.25","49.30","51.70","49.15","2.83M","+4.70%"
"03/19/2012","48.95","48.65","49.90","48.15","1.13M","+1.03%"
"03/16/2012","48.45","49.30","49.30","47.55","1.81M","-0.92%"
"03/15/2012","48.90","46.90","50.25","46.40","5.70M","+5.27%"
"03/14/2012","46.45","47.25","47.70","46.15","1.45M","+1.42%"
"03/13/2012","45.80","44.85","46.65","44.50","1.70M","+2.69%"
"03/12/2012","44.60","45.15","45.30","44.15","518.96K","+0.11%"
"03/09/2012","44.55","44.85","45.60","44.25","591.88K","+0.22%"
"03/07/2012","44.45","43.75","45.45","43.75","729.75K","-0.11%"
"03/06/2012","44.50","46.40","47.40","44.30","2.25M","-3.26%"
"03/05/2012","46.00","45.25","46.85","44.45","1.78M","+4.43%"
"03/02/2012","44.05","44.85","44.90","43.65","404.05K","-1.23%"
"03/01/2012","44.60","43.80","45.10","43.05","1.08M","+1.36%"
"02/29/2012","44.00","42.05","45.20","42.05","1.50M","+4.14%"
"02/28/2012","42.25","41.50","42.70","41.30","451.17K","+2.05%"
"02/27/2012","41.40","42.50","42.80","41.30","649.32K","-2.59%"
"02/24/2012","42.50","42.00","43.35","41.90","861.19K","+0.00%"
"02/23/2012","42.50","41.80","43.35","41.50","572.96K","+0.35%"
"02/22/2012","42.35","43.85","44.75","42.15","1.06M","-3.42%"
"02/21/2012","43.85","44.45","45.30","42.90","1.19M","-2.12%"
"02/17/2012","44.80","48.55","50.05","44.20","4.07M","-3.97%"
"02/16/2012","46.65","46.70","47.90","46.50","3.01M","+0.76%"
"02/15/2012","46.30","44.40","48.10","42.95","5.25M","+5.59%"
"02/14/2012","43.85","44.10","44.45","43.35","1.39M","+1.15%"
"02/13/2012","43.35","43.50","44.60","42.10","2.15M","+0.23%"
"02/10/2012","43.25","42.50","44.60","41.35","4.63M","+1.41%"
"02/09/2012","42.65","43.65","46.70","41.95","12.17M","+5.96%"
"02/08/2012","40.25","33.60","40.25","33.50","6.74M","+19.97%"
"02/07/2012","33.55","32.90","35.40","32.90","1.15M","-2.61%"
"02/06/2012","34.45","31.40","35.85","31.35","2.98M","+9.89%"
"02/03/2012","31.35","30.65","31.75","30.40","1.18M","+2.96%"
"02/02/2012","30.45","31.05","31.10","30.30","282.77K","-0.81%"
"02/01/2012","30.70","30.65","31.15","30.50","541.46K","+0.99%"
"01/31/2012","30.40","29.90","31.15","29.90","415.15K","-0.33%"
"01/30/2012","30.50","30.40","31.55","30.25","1.30M","+0.33%"
"01/27/2012","30.40","30.20","30.85","29.90","533.66K","+1.00%"
"01/25/2012","30.10","29.35","30.55","29.05","904.78K","+3.61%"
"01/24/2012","29.05","29.35","29.50","28.75","371.63K","-0.51%"
"01/23/2012","29.20","29.25","30.10","28.75","359.74K","-0.34%"
"01/20/2012","29.30","30.55","30.55","29.00","489.49K","-3.14%"
"01/19/2012","30.25","29.50","31.15","29.10","1.59M","+4.67%"
"01/18/2012","28.90","30.85","30.85","28.75","826.31K","-4.93%"
"01/17/2012","30.40","30.25","31.20","30.05","2.21M","+2.36%"
"01/16/2012","29.70","28.30","30.55","28.00","4.63M","+5.32%"
"01/13/2012","28.20","24.65","29.20","24.45","10.20M","+15.81%"
"01/12/2012","24.35","24.60","25.40","24.20","3.66M","+0.62%"
"01/11/2012","24.20","25.55","25.75","24.15","2.47M","-4.16%"
"01/10/2012","25.25","25.20","25.95","24.95","945.75K","+1.41%"
"01/09/2012","24.90","25.05","26.05","24.80","354.34K","+0.40%"
"01/06/2012","24.80","24.65","24.90","24.45","79.30K","+0.20%"
"01/05/2012","24.75","24.90","25.40","24.75","173.99K","-0.60%"
"01/04/2012","24.90","26.00","26.00","24.65","227.44K","-2.73%"
"01/03/2012","25.60","24.90","25.65","24.90","111.33K","+2.81%"
"01/02/2012","24.90","25.05","25.35","24.65","77.61K","-0.60%"
"12/30/2011","25.05","24.75","25.65","24.75","191.32K","+1.21%"
"12/29/2011","24.75","25.05","25.30","24.65","76.01K","-1.20%"
"12/28/2011","25.05","25.40","25.65","24.95","57.08K","-1.38%"
"12/27/2011","25.40","25.70","26.00","24.90","144.73K","-0.59%"
"12/26/2011","25.55","25.95","26.30","25.05","185.62K","-0.97%"
"12/23/2011","25.80","26.15","26.60","25.70","87.32K","-0.19%"
"12/22/2011","25.85","26.15","26.15","25.50","78.01K","-1.52%"
"12/21/2011","26.25","26.15","26.75","25.95","134.29K","+2.54%"
"12/20/2011","25.60","26.00","26.40","25.50","96.74K","-1.35%"
"12/19/2011","25.95","24.70","27.55","24.70","153.88K","-5.81%"
"12/16/2011","27.55","28.00","28.90","27.30","590.82K","+0.00%"
"12/15/2011","27.55","27.00","27.65","27.00","131.46K","-0.18%"
"12/14/2011","27.60","28.20","29.05","27.15","330.94K","-0.36%"
"12/13/2011","27.70","27.95","28.40","27.60","101.53K","-1.95%"
"12/12/2011","28.25","29.50","29.50","28.05","81.13K","-2.25%"
"12/09/2011","28.90","29.65","29.75","28.65","111.65K","-3.18%"
"12/08/2011","29.85","29.60","30.55","29.25","665.79K","+0.84%"
"12/07/2011","29.60","29.50","30.20","29.25","226.90K","+1.20%"
"12/05/2011","29.25","28.90","29.75","28.90","203.13K","+1.56%"
"12/02/2011","28.80","29.20","29.35","28.65","165.28K","-0.86%"
"12/01/2011","29.05","29.80","30.15","28.95","137.48K","+0.35%"
"11/30/2011","28.95","29.80","30.15","28.70","176.24K","-1.53%"
"11/29/2011","29.40","31.25","31.25","29.30","381.26K","-4.55%"
"11/28/2011","30.80","28.75","32.20","28.45","3.11M","+9.03%"
"11/25/2011","28.25","27.85","28.75","27.70","297.79K","+1.44%"
"11/24/2011","27.85","27.95","28.75","27.50","520.58K","-1.59%"
"11/23/2011","28.30","28.85","29.50","27.70","1.12M","-5.51%"
"11/22/2011","29.95","33.25","33.25","27.45","3.41M","-9.10%"
"11/21/2011","32.95","32.80","33.25","32.55","71.27K","+0.61%"
"11/18/2011","32.75","33.40","33.60","32.30","127.55K","-1.95%"
"11/17/2011","33.40","33.35","34.10","33.25","59.97K","-0.74%"
"11/16/2011","33.65","33.65","34.35","33.35","100.90K","-0.74%"
"11/15/2011","33.90","34.65","34.90","33.80","102.14K","-2.73%"
"11/14/2011","34.85","35.75","35.75","34.80","67.70K","-1.55%"
"11/11/2011","35.40","36.05","36.20","35.25","163.72K","-2.48%"
"11/09/2011","36.30","37.20","37.20","36.15","83.96K","-1.63%"
"11/08/2011","36.90","37.35","37.65","36.80","81.05K","-0.94%"
"11/04/2011","37.25","36.60","38.10","36.45","678.26K","+2.48%"
"11/03/2011","36.35","37.15","37.20","36.25","91.95K","-2.15%"
"11/02/2011","37.15","36.60","37.50","36.60","132.69K","+0.68%"
"11/01/2011","36.90","36.80","37.60","36.50","271.59K","+0.27%"
"10/31/2011","36.80","36.95","37.20","36.30","151.38K","+0.68%"
"10/28/2011","36.55","37.20","37.25","36.30","153.90K","+2.24%"
"10/25/2011","35.75","36.60","36.60","35.55","89.02K","-1.52%"
"10/24/2011","36.30","38.05","38.10","36.15","166.31K","-3.59%"
"10/21/2011","37.65","37.90","38.45","36.80","483.30K","-0.53%"
"10/20/2011","37.85","38.50","38.65","37.30","590.00K","+1.47%"
"10/19/2011","37.30","37.90","38.85","36.90","409.73K","+0.67%"
"10/18/2011","37.05","36.25","37.30","35.85","316.87K","+1.93%"
"10/17/2011","36.35","36.15","36.50","35.85","165.49K","+1.96%"
"10/14/2011","35.65","35.55","35.85","35.05","152.16K","+1.13%"
"10/13/2011","35.25","35.20","36.00","34.90","175.82K","+0.43%"
"10/12/2011","35.10","34.65","35.45","34.65","104.71K","+1.30%"
"10/11/2011","34.65","34.75","35.10","34.00","122.64K","+1.32%"
"10/10/2011","34.20","34.25","34.55","33.80","84.78K","+1.33%"
"10/07/2011","33.75","34.25","35.30","33.65","118.23K","+1.20%"
"10/05/2011","33.35","34.35","34.35","33.20","124.89K","-0.89%"
"10/04/2011","33.65","33.85","34.25","33.50","97.42K","-0.44%"
"10/03/2011","33.80","34.35","34.35","33.75","206.57K","-1.89%"
"09/30/2011","34.45","35.10","35.55","34.40","144.62K","-1.85%"
"09/29/2011","35.10","34.75","35.85","34.65","238.28K","+0.00%"
"09/28/2011","35.10","36.00","36.00","34.95","139.34K","-1.27%"
"09/27/2011","35.55","35.75","36.25","35.40","218.03K","+0.57%"
"09/26/2011","35.35","36.00","36.60","35.20","207.00K","-1.81%"
"09/23/2011","36.00","35.55","36.50","35.55","249.60K","-1.23%"
"09/22/2011","36.45","37.85","38.05","35.90","350.08K","-5.08%"
"09/21/2011","38.40","38.40","38.80","37.65","433.44K","+0.66%"
"09/20/2011","38.15","38.50","39.35","37.80","745.22K","-0.52%"
"09/19/2011","38.35","40.65","40.65","38.10","1.75M","-4.48%"
"09/16/2011","40.15","36.15","40.70","35.40","6.36M","+12.94%"
"09/15/2011","35.55","36.15","36.15","35.25","84.99K","-0.42%"
"09/14/2011","35.70","36.00","36.40","35.65","81.28K","-0.56%"
"09/13/2011","35.90","36.30","36.80","35.85","102.54K","-0.69%"
"09/12/2011","36.15","36.25","36.60","35.70","118.27K","-1.63%"
"09/09/2011","36.75","36.70","37.90","35.85","255.39K","+0.14%"
"09/08/2011","36.70","37.20","37.20","35.95","185.83K","+0.69%"
"09/07/2011","36.45","36.00","36.75","35.70","256.50K","+2.10%"
"09/06/2011","35.70","35.70","36.15","34.95","199.32K","+0.71%"
"09/05/2011","35.45","35.40","35.70","34.60","269.25K","+2.46%"
"09/02/2011","34.60","33.05","35.25","32.40","320.02K","+5.49%"
"08/30/2011","32.80","33.10","33.10","32.50","71.29K","+1.08%"
"08/29/2011","32.45","32.45","33.20","32.15","73.17K","+2.37%"
"08/26/2011","31.70","32.95","33.20","31.40","114.59K","-4.52%"
"08/25/2011","33.20","31.95","34.00","31.65","590.83K","+4.73%"
"08/24/2011","31.70","32.30","32.75","31.55","72.54K","-1.71%"
"08/23/2011","32.25","32.60","33.45","31.80","168.16K","+1.26%"
"08/22/2011","31.85","31.40","32.75","30.65","84.41K","+3.07%"
"08/19/2011","30.90","31.70","31.70","30.35","137.47K","-2.06%"
"08/18/2011","31.55","32.35","32.60","31.40","90.86K","-2.32%"
"08/17/2011","32.30","32.30","33.20","32.20","75.86K","-0.92%"
"08/16/2011","32.60","34.20","34.30","32.40","79.02K","-1.66%"
"08/12/2011","33.15","34.65","34.65","32.95","165.12K","-3.07%"
"08/11/2011","34.20","34.40","35.35","33.90","268.22K","-1.01%"
"08/10/2011","34.55","34.95","35.70","34.40","136.09K","+2.22%"
"08/09/2011","33.80","32.15","34.30","32.15","213.46K","-0.88%"
"08/08/2011","34.10","33.95","34.65","33.65","178.88K","-2.85%"
"08/05/2011","35.10","35.25","35.85","34.45","294.17K","-5.14%"
"08/04/2011","37.00","35.60","37.70","35.55","738.36K","+4.23%"
"08/03/2011","35.50","35.75","36.00","35.35","126.24K","-1.39%"
"08/02/2011","36.00","37.25","37.35","35.90","170.71K","-2.44%"
"08/01/2011","36.90","36.75","38.20","36.55","372.73K","+1.51%"
"07/29/2011","36.35","36.65","37.00","36.15","117.31K","-0.68%"
"07/28/2011","36.60","37.15","37.35","36.45","116.55K","-1.88%"
"07/27/2011","37.30","38.40","38.40","37.20","326.08K","+0.67%"
"07/26/2011","37.05","38.50","38.70","36.80","453.34K","-2.63%"
"07/25/2011","38.05","37.35","38.65","37.25","418.24K","+1.87%"
"07/22/2011","37.35","36.45","37.95","36.45","233.23K","+2.19%"
"07/21/2011","36.55","36.90","37.00","36.45","79.76K","-0.68%"
"07/20/2011","36.80","38.05","38.25","36.60","185.87K","-2.52%"
"07/19/2011","37.75","36.50","38.70","36.40","1.24M","+4.43%"
"07/18/2011","36.15","36.35","36.45","35.85","114.22K","+0.56%"
"07/15/2011","35.95","36.20","36.50","35.85","103.63K","-0.42%"
"07/14/2011","36.10","36.15","36.30","35.85","120.74K","-0.14%"
"07/13/2011","36.15","36.00","36.70","36.00","219.27K","-0.14%"
"07/12/2011","36.20","37.20","37.95","33.70","1.89M","-3.47%"
"07/11/2011","37.50","37.75","38.05","37.40","150.01K","+0.00%"
"07/08/2011","37.50","38.30","38.30","37.35","183.93K","-0.53%"
"07/07/2011","37.70","38.35","38.60","37.55","212.30K","-0.92%"
"07/06/2011","38.05","38.75","38.85","37.80","113.87K","-0.78%"
"07/05/2011","38.35","38.00","39.25","37.50","496.59K","+1.46%"
"07/04/2011","37.80","37.00","38.25","36.55","389.45K","+3.42%"
"07/01/2011","36.55","35.85","37.05","35.85","113.33K","+0.83%"
"06/30/2011","36.25","36.35","36.90","36.00","67.30K","-0.28%"
"06/29/2011","36.35","36.90","36.95","35.85","181.03K","-0.14%"
"06/28/2011","36.40","35.85","36.75","35.55","229.06K","+1.11%"
"06/27/2011","36.00","35.85","36.50","35.40","118.41K","+0.98%"
"06/24/2011","35.65","35.55","35.95","35.35","155.19K","+2.44%"
"06/23/2011","34.80","35.00","35.25","34.10","112.76K","+0.00%"
"06/22/2011","34.80","35.75","35.75","34.65","85.90K","-1.69%"
"06/21/2011","35.40","35.85","36.15","35.15","101.19K","-0.42%"
"06/20/2011","35.55","37.15","37.15","35.40","127.09K","-3.27%"
"06/17/2011","36.75","36.90","37.55","36.60","98.92K","-1.34%"
"06/16/2011","37.25","37.35","37.90","37.10","91.97K","-1.06%"
"06/15/2011","37.65","38.25","38.55","37.55","90.68K","-0.92%"
"06/14/2011","38.00","38.20","38.75","37.95","153.90K","-1.43%"
"06/13/2011","38.55","38.05","38.80","37.65","231.34K","+0.92%"
"06/10/2011","38.20","38.75","38.95","37.95","125.53K","-0.78%"
"06/09/2011","38.50","38.25","39.40","38.20","320.02K","+0.65%"
"06/08/2011","38.25","39.30","39.50","38.20","205.16K","-2.80%"
"06/07/2011","39.35","39.20","40.50","38.50","998.99K","+1.68%"
"06/06/2011","38.70","37.20","39.00","36.80","609.90K","+3.75%"
"06/03/2011","37.30","37.45","38.25","37.05","89.61K","-0.93%"
"06/02/2011","37.65","37.65","38.20","37.55","167.70K","-1.31%"
"06/01/2011","38.15","37.35","38.65","37.35","247.89K","+2.01%"
"05/31/2011","37.40","37.70","37.75","37.20","116.98K","+0.54%"
"05/30/2011","37.20","37.35","37.85","37.00","140.29K","+0.00%"
"05/27/2011","37.20","37.60","37.90","37.05","127.95K","-0.53%"
"05/26/2011","37.40","36.50","37.95","35.95","328.93K","+3.31%"
"05/25/2011","36.20","36.00","37.00","35.85","87.27K","-0.69%"
"05/24/2011","36.45","36.00","37.65","35.40","250.08K","+1.25%"
"05/23/2011","36.00","37.00","37.00","35.70","94.17K","-2.83%"
"05/20/2011","37.05","37.75","37.75","36.90","104.39K","+0.00%"
"05/19/2011","37.05","37.65","38.20","36.90","159.22K","-1.20%"
"05/18/2011","37.50","38.65","38.65","37.30","74.93K","-1.57%"
"05/17/2011","38.10","38.75","39.10","37.75","203.81K","-0.26%"
"05/16/2011","38.20","38.75","38.80","37.95","117.55K","-1.42%"
"05/13/2011","38.75","37.65","39.15","37.65","161.70K","+1.44%"
"05/12/2011","38.20","38.65","39.10","38.10","182.03K","-1.80%"
"05/11/2011","38.90","38.80","39.40","38.45","260.04K","+1.57%"
"05/10/2011","38.30","38.50","39.10","38.10","214.90K","-0.78%"
"05/09/2011","38.60","38.10","39.40","38.10","145.73K","+1.31%"
"05/06/2011","38.10","37.95","38.60","37.55","231.47K","+1.06%"
"05/05/2011","37.70","38.95","39.70","37.50","251.07K","-3.95%"
"05/04/2011","39.25","39.30","39.60","38.40","314.75K","-0.13%"
"05/03/2011","39.30","40.20","40.20","39.10","270.62K","-2.48%"
"05/02/2011","40.30","41.05","41.40","40.00","276.07K","-1.83%"
"04/29/2011","41.05","42.60","42.80","40.70","296.06K","-3.18%"
"04/28/2011","42.40","42.35","44.05","42.10","693.99K","+0.12%"
"04/27/2011","42.35","44.15","44.30","42.10","988.69K","-3.42%"
"04/26/2011","43.85","46.35","46.60","43.65","1.38M","-4.47%"
"04/25/2011","45.90","42.60","46.50","42.60","5.46M","+8.25%"
"04/21/2011","42.40","43.45","43.95","42.05","611.10K","-2.42%"
"04/20/2011","43.45","42.95","44.75","42.40","3.09M","+4.70%"
"04/19/2011","41.50","39.35","42.50","38.35","897.96K","+5.46%"
"04/18/2011","39.35","39.90","40.75","39.10","146.20K","-1.38%"
"04/15/2011","39.90","41.10","41.10","39.70","253.33K","-2.33%"
"04/13/2011","40.85","40.55","41.50","40.30","214.05K","+0.37%"
"04/11/2011","40.70","40.95","41.05","40.35","213.91K","+0.12%"
"04/08/2011","40.65","41.50","42.35","40.35","369.08K","-1.81%"
"04/07/2011","41.40","41.35","41.75","40.95","347.45K","+0.98%"
"04/06/2011","41.00","40.75","42.20","40.35","796.50K","+1.36%"
"04/05/2011","40.45","40.60","41.05","40.10","204.42K","-0.37%"
"04/04/2011","40.60","39.40","41.70","39.15","536.05K","+3.44%"
"04/01/2011","39.25","40.25","40.25","38.95","410.70K","-0.38%"
"03/31/2011","39.40","40.75","41.20","39.15","294.54K","-3.31%"
"03/30/2011","40.75","38.85","43.15","38.80","2.01M","+5.84%"
"03/29/2011","38.50","39.20","39.45","37.50","475.24K","-1.53%"
"03/28/2011","39.10","40.95","41.60","38.10","2.72M","-1.76%"
"03/25/2011","39.80","33.25","39.80","32.90","2.93M","+20.06%"
"03/24/2011","33.15","32.90","33.55","32.80","146.25K","+1.22%"
"03/23/2011","32.75","32.60","33.20","32.60","95.40K","-0.15%"
"03/22/2011","32.80","32.85","33.20","32.45","105.98K","+0.00%"
"03/21/2011","32.80","32.95","33.30","32.75","59.98K","-0.30%"
"03/18/2011","32.90","33.35","33.50","32.90","66.74K","-0.90%"
"03/17/2011","33.20","33.15","33.65","33.15","79.53K","-0.90%"
"03/16/2011","33.50","33.45","33.80","33.15","109.81K","+1.06%"
"03/15/2011","33.15","33.50","33.50","32.75","101.27K","-1.78%"
"03/14/2011","33.75","34.25","34.25","33.50","119.58K","-1.03%"
"03/11/2011","34.10","34.55","34.85","33.85","97.00K","-1.87%"
"03/10/2011","34.75","35.70","35.70","34.55","68.74K","-1.42%"
"03/09/2011","35.25","34.30","36.45","34.15","347.73K","+2.62%"
"03/08/2011","34.35","33.65","34.75","33.65","118.41K","+2.23%"
"03/07/2011","33.60","33.90","34.10","33.20","81.76K","-2.33%"
"03/04/2011","34.40","34.85","35.10","34.05","107.93K","-0.43%"
"03/03/2011","34.55","34.65","35.10","34.05","148.71K","-0.29%"
"03/01/2011","34.65","33.00","35.00","32.85","214.94K","+4.37%"
"02/28/2011","33.20","33.25","34.25","32.90","136.15K","-1.34%"
"02/25/2011","33.65","34.00","34.30","33.25","103.72K","-0.30%"
"02/24/2011","33.75","35.40","35.45","33.65","110.84K","-3.85%"
"02/23/2011","35.10","35.40","35.70","34.80","80.89K","-1.40%"
"02/22/2011","35.60","36.00","36.15","35.40","119.45K","-1.66%"
"02/21/2011","36.20","36.60","36.60","35.70","155.65K","-0.96%"
"02/18/2011","36.55","39.25","40.05","36.15","568.55K","-7.93%"
"02/17/2011","39.70","39.85","41.10","39.25","1.19M","+0.51%"
"02/16/2011","39.50","37.55","39.75","37.35","1.17M","+7.48%"
"02/15/2011","36.75","35.75","37.20","35.40","179.45K","+2.94%"
"02/14/2011","35.70","34.35","35.95","34.35","124.29K","+5.00%"
"02/11/2011","34.00","32.50","34.25","32.25","140.18K","+5.43%"
"02/10/2011","32.25","32.75","32.90","32.00","145.31K","-1.07%"
"02/09/2011","32.60","34.55","34.55","32.40","150.12K","-5.51%"
"02/08/2011","34.50","36.05","36.15","34.40","121.39K","-3.50%"
"02/07/2011","35.75","35.10","36.70","34.95","212.79K","+2.44%"
"02/04/2011","34.90","35.95","36.45","34.75","154.15K","-2.65%"
"02/03/2011","35.85","34.65","36.50","34.65","313.47K","+1.85%"
"02/02/2011","35.20","35.85","36.00","34.95","131.18K","+0.43%"
"02/01/2011","35.05","36.70","36.95","34.65","234.50K","-3.58%"
"01/31/2011","36.35","37.95","37.95","36.15","207.51K","-5.58%"
"01/28/2011","38.50","40.00","40.15","37.65","157.61K","-3.87%"
"01/27/2011","40.05","39.85","41.50","39.85","82.22K","-2.44%"
"01/25/2011","41.05","41.65","41.75","40.75","102.29K","-0.36%"
"01/24/2011","41.20","41.75","41.85","41.10","90.58K","-0.48%"
"01/21/2011","41.40","41.50","41.65","41.15","71.30K","+0.49%"
"01/20/2011","41.20","41.85","41.85","40.90","97.53K","-1.44%"
"01/19/2011","41.80","41.65","42.70","41.10","212.16K","+1.33%"
"01/18/2011","41.25","40.60","41.80","40.60","183.54K","+1.23%"
"01/17/2011","40.75","41.50","41.85","40.45","120.24K","-2.28%"
"01/14/2011","41.70","42.60","43.00","41.50","158.29K","-1.77%"
"01/13/2011","42.45","43.25","44.15","42.20","240.66K","-1.16%"
"01/12/2011","42.95","43.15","43.35","42.20","148.05K","+0.70%"
"01/11/2011","42.65","43.35","43.65","42.25","124.20K","-0.35%"
"01/10/2011","42.80","44.10","44.45","42.65","212.42K","-3.17%"
"01/07/2011","44.20","45.30","45.85","43.95","119.36K","-2.75%"
"01/06/2011","45.45","46.20","46.50","45.25","116.04K","-1.52%"
"01/05/2011","46.15","47.00","47.05","45.95","104.21K","-1.49%"
"01/04/2011","46.85","47.85","47.85","46.75","209.99K","-0.95%"
"01/03/2011","47.30","46.20","47.85","46.10","491.63K","+2.71%"
"12/31/2010","46.05","46.20","46.70","45.85","185.32K","-0.22%"
"12/30/2010","46.15","46.50","46.80","45.95","149.27K","-0.75%"
"12/29/2010","46.50","46.90","46.90","46.30","197.50K","+0.54%"
"12/28/2010","46.25","46.40","47.40","46.00","497.47K","+0.65%"
"12/27/2010","45.95","46.20","46.60","45.70","272.46K","+0.11%"
"12/24/2010","45.90","44.85","46.55","44.45","364.86K","+1.44%"
"12/23/2010","45.25","45.45","46.15","45.00","315.38K","+0.78%"
"12/22/2010","44.90","44.55","45.60","44.35","292.00K","+0.90%"
"12/21/2010","44.50","43.25","45.95","43.15","717.80K","+3.61%"
"12/20/2010","42.95","42.10","43.35","42.10","96.57K","+0.23%"
"12/16/2010","42.85","42.60","43.25","42.10","133.78K","+0.59%"
"12/15/2010","42.60","44.20","44.65","42.20","312.32K","-2.63%"
"12/14/2010","43.75","42.15","44.40","41.90","583.64K","+4.54%"
"12/13/2010","41.85","41.85","42.45","41.50","179.87K","+0.84%"
"12/10/2010","41.50","40.25","41.70","38.35","273.75K","+4.14%"
"12/09/2010","39.85","42.85","43.10","39.35","319.69K","-6.78%"
"12/08/2010","42.75","44.05","44.05","42.60","133.65K","-2.29%"
"12/07/2010","43.75","44.40","44.45","43.35","155.29K","-1.13%"
"12/06/2010","44.25","44.40","45.30","43.90","154.69K","+1.03%"
"12/03/2010","43.80","45.90","45.90","43.55","229.94K","-3.74%"
"12/02/2010","45.50","46.20","46.20","45.25","261.86K","-0.33%"
"12/01/2010","45.65","44.15","46.20","44.15","338.88K","+3.40%"
"11/30/2010","44.15","43.95","44.45","42.85","216.76K","+0.91%"
"11/29/2010","43.75","42.60","44.60","42.10","373.41K","+3.06%"
"11/26/2010","42.45","46.20","46.20","41.85","746.67K","-6.60%"
"11/25/2010","45.45","46.80","47.25","45.10","369.14K","-2.57%"
"11/24/2010","46.65","47.70","47.70","46.45","258.88K","-1.06%"
"11/23/2010","47.15","47.85","48.15","46.60","260.42K","-1.87%"
"11/22/2010","48.05","49.15","49.15","47.45","448.25K","-0.52%"
"11/19/2010","48.30","48.95","50.65","47.75","3.00M","+0.00%"
"11/18/2010","48.30","48.90","49.30","47.35","436.94K","+0.00%"
"11/16/2010","48.30","50.05","50.70","48.10","554.24K","-2.33%"
"11/15/2010","49.45","50.15","50.20","48.95","268.42K","-0.70%"
"11/12/2010","49.80","52.00","52.10","49.50","472.45K","-3.21%"
"11/11/2010","51.45","52.60","53.60","51.10","724.26K","-2.09%"
"11/10/2010","52.55","51.55","53.70","50.90","1.88M","+3.75%"
"11/09/2010","50.65","50.45","51.40","50.20","280.07K","+0.80%"
"11/08/2010","50.25","51.75","51.85","50.05","343.07K","-2.14%"
"11/05/2010","51.35","51.55","51.55","51.20","86.66K","+1.08%"
"11/04/2010","50.80","51.30","51.30","50.45","241.66K","-0.10%"
"11/03/2010","50.85","51.75","51.80","50.65","244.28K","-0.78%"
"11/02/2010","51.25","50.05","51.75","50.05","425.68K","+1.28%"
"11/01/2010","50.60","50.80","50.90","50.10","232.07K","+1.30%"
"10/29/2010","49.95","51.15","51.40","49.15","382.90K","-2.25%"
"10/28/2010","51.10","51.70","51.90","50.80","309.74K","-0.58%"
"10/27/2010","51.40","52.50","52.75","51.25","378.12K","-1.53%"
"10/26/2010","52.20","53.75","53.90","52.05","420.66K","-2.52%"
"10/25/2010","53.55","54.10","55.25","53.45","1.47M","+0.85%"
"10/22/2010","53.10","53.50","54.15","52.70","1.45M","+0.66%"
"10/21/2010","52.75","51.75","53.25","51.70","593.47K","+2.53%"
"10/20/2010","51.45","52.20","52.20","51.25","257.74K","-1.44%"
"10/19/2010","52.20","51.80","53.75","50.95","1.16M","+1.66%"
"10/18/2010","51.35","51.50","51.85","50.90","317.07K","+0.00%"
"10/15/2010","51.35","52.25","52.95","50.95","432.13K","-1.06%"
"10/14/2010","51.90","53.30","53.30","51.70","506.72K","-1.80%"
"10/13/2010","52.85","52.80","53.45","52.55","470.90K","+0.67%"
"10/12/2010","52.50","53.65","53.75","52.30","420.53K","-2.05%"
"10/11/2010","53.60","53.90","54.75","53.30","500.36K","-0.09%"
"10/08/2010","53.65","53.90","55.25","53.00","1.25M","+0.56%"
"10/07/2010","53.35","54.55","55.45","52.30","1.73M","-1.84%"
"10/06/2010","54.35","53.80","55.05","53.45","2.35M","+1.97%"
"10/05/2010","53.30","52.40","54.30","52.05","1.24M","+1.81%"
"10/04/2010","52.35","53.00","53.60","51.70","707.36K","-0.95%"
"10/01/2010","52.85","51.85","53.45","51.25","1.21M","+3.73%"
"09/30/2010","50.95","52.45","52.60","50.65","705.05K","-2.49%"
"09/29/2010","52.25","53.35","53.45","51.80","513.32K","-1.32%"
"09/28/2010","52.95","53.70","53.70","52.55","682.36K","-0.84%"
"09/27/2010","53.40","53.00","54.50","52.80","1.37M","+1.62%"
"09/24/2010","52.55","52.30","53.30","51.70","611.71K","+0.86%"
"09/23/2010","52.10","51.85","52.80","51.25","671.08K","+0.77%"
"09/22/2010","51.70","52.85","53.55","50.80","970.90K","-1.52%"
"09/21/2010","52.50","54.35","54.85","51.90","1.25M","-3.23%"
"09/20/2010","54.25","55.25","55.50","53.90","1.02M","-1.63%"
"09/17/2010","55.15","53.90","56.35","53.35","2.02M","+2.80%"
"09/16/2010","53.65","54.70","54.90","53.15","637.50K","-1.65%"
"09/15/2010","54.55","55.15","55.95","54.25","906.71K","-0.46%"
"09/14/2010","54.80","56.85","56.85","54.60","983.17K","-2.58%"
"09/13/2010","56.25","58.65","58.65","56.05","1.97M","+0.00%"
"09/09/2010","56.25","56.80","57.75","55.90","3.79M","+2.37%"
"09/08/2010","54.95","54.20","56.65","54.20","5.36M","+1.29%"
"09/07/2010","54.25","54.95","55.60","53.90","2.15M","-0.28%"
"09/06/2010","54.40","52.75","55.15","52.40","3.49M","+4.11%"
"09/03/2010","52.25","51.75","53.90","50.90","2.36M","+1.36%"
"09/02/2010","51.55","52.30","52.90","51.25","2.03M","-0.10%"
"09/01/2010","51.60","48.95","52.60","48.45","4.72M","+6.39%"
"08/31/2010","48.50","49.55","49.85","47.95","1.19M","-2.51%"
"08/30/2010","49.75","50.80","51.10","49.40","858.29K","-0.20%"
"08/27/2010","49.85","52.30","52.30","49.15","1.41M","-2.64%"
"08/26/2010","51.20","52.45","52.90","50.80","1.25M","-1.92%"
"08/25/2010","52.20","54.55","55.40","51.70","2.04M","-4.48%"
"08/24/2010","54.65","55.55","57.10","54.20","5.16M","-1.00%"
"08/23/2010","55.20","55.65","56.95","54.95","3.99M","+0.18%"
"08/20/2010","55.10","54.55","57.30","52.90","19.87M","+0.82%"
"08/19/2010","54.65","50.00","57.75","48.80","41.99M","+10.85%"
"08/18/2010","49.30","51.70","52.85","46.20","12.32M","-4.36%"
"08/17/2010","51.55","52.10","52.25","51.05","115.78K","-0.10%"
"08/16/2010","51.60","52.55","53.05","51.35","255.64K","-0.10%"
"08/13/2010","51.65","52.70","52.85","51.55","182.94K","-0.86%"
"08/12/2010","52.10","52.30","53.15","50.90","151.21K","-0.76%"
"08/11/2010","52.50","52.95","54.05","52.30","334.00K","+0.10%"
"08/10/2010","52.45","52.25","53.65","51.80","279.13K","+0.58%"
"08/09/2010","52.15","51.55","52.55","51.55","187.45K","+1.36%"
"08/06/2010","51.45","50.95","53.30","50.95","297.42K","-2.65%"
"08/05/2010","52.85","52.65","54.35","52.65","556.64K","-0.28%"
"08/04/2010","53.00","53.60","54.00","52.65","523.49K","-0.09%"
"08/03/2010","53.05","51.55","53.65","50.95","1.48M","+3.82%"
"08/02/2010","51.10","51.50","51.55","50.80","191.17K","+1.09%"
"07/30/2010","50.55","50.30","51.95","50.15","540.79K","+1.10%"
"07/29/2010","50.00","50.05","50.65","49.75","214.90K","+0.81%"
"07/28/2010","49.60","50.05","50.35","49.15","118.14K","-0.60%"
"07/27/2010","49.90","50.35","50.80","49.75","127.23K","-0.30%"
"07/26/2010","50.05","51.55","52.65","49.90","396.75K","-0.99%"
"07/23/2010","50.55","50.05","51.80","50.05","563.87K","+1.71%"
"07/22/2010","49.70","49.30","50.00","49.30","130.31K","+0.20%"
"07/21/2010","49.60","49.85","50.25","49.45","91.78K","+0.51%"
"07/20/2010","49.35","50.90","50.90","49.05","200.63K","-1.99%"
"07/19/2010","50.35","49.55","51.05","49.00","441.64K","+1.51%"
"07/16/2010","49.60","50.15","51.05","49.40","428.72K","-0.50%"
"07/15/2010","49.85","49.30","50.45","48.70","1.28M","+3.85%"
"07/14/2010","48.00","47.15","48.50","46.95","321.63K","+2.24%"
"07/13/2010","46.95","46.65","47.60","46.65","93.38K","+0.21%"
"07/12/2010","46.85","47.70","47.85","46.70","211.31K","-0.95%"
"07/09/2010","47.30","46.70","48.10","46.60","361.08K","+1.39%"
"07/08/2010","46.65","48.95","48.95","46.45","172.90K","+0.21%"
"07/07/2010","46.55","47.85","48.30","46.45","433.24K","-1.79%"
"07/06/2010","47.40","45.95","48.70","45.65","1.59M","+3.95%"
"07/05/2010","45.60","45.75","46.20","45.45","67.48K","-0.87%"
"07/02/2010","46.00","46.40","46.95","45.60","121.45K","-0.54%"
"07/01/2010","46.25","44.90","47.25","44.90","338.73K","+1.65%"
"06/30/2010","45.50","44.35","45.95","44.35","86.49K","+0.55%"
"06/29/2010","45.25","46.30","46.55","44.70","173.43K","-1.95%"
"06/28/2010","46.15","46.35","46.65","45.90","79.75K","+0.33%"
"06/25/2010","46.00","45.80","46.95","45.80","173.05K","-0.22%"
"06/24/2010","46.10","46.35","46.85","46.00","79.44K","-0.43%"
"06/23/2010","46.30","45.80","46.85","45.80","122.89K","-0.22%"
"06/22/2010","46.40","46.20","47.40","45.60","444.43K","+1.75%"
"06/21/2010","45.60","45.60","46.50","45.10","144.76K","+0.44%"
"06/18/2010","45.40","46.55","46.60","45.25","84.45K","-1.41%"
"06/17/2010","46.05","46.50","46.95","45.75","218.66K","+0.00%"
"06/16/2010","46.05","45.20","47.05","45.10","717.33K","+2.56%"
"06/15/2010","44.90","44.85","45.85","44.50","339.71K","+0.22%"
"06/14/2010","44.80","44.70","45.80","44.30","382.26K","+1.24%"
"06/11/2010","44.25","44.60","45.30","43.60","388.77K","+1.49%"
"06/10/2010","43.60","43.70","44.00","43.05","149.03K","+1.51%"
"06/09/2010","42.95","44.95","45.90","42.65","370.64K","-5.19%"
"06/08/2010","45.30","47.75","47.85","44.55","139.87K","-2.27%"
"06/07/2010","46.35","43.70","48.00","43.70","472.65K","+1.42%"
"06/04/2010","45.70","45.60","46.20","45.30","159.12K","+0.66%"
"06/03/2010","45.40","46.15","46.30","44.95","155.47K","+0.11%"
"06/02/2010","45.35","45.80","46.20","44.95","119.74K","-0.77%"
"06/01/2010","45.70","45.25","46.75","43.15","658.48K","+0.99%"
"05/31/2010","45.25","44.95","45.60","44.70","83.78K","-0.44%"
"05/28/2010","45.45","44.35","46.05","44.35","214.41K","+2.94%"
"05/27/2010","44.15","43.55","44.85","43.40","66.64K","+0.80%"
"05/26/2010","43.80","45.50","45.60","43.55","133.05K","-0.45%"
"05/25/2010","44.00","45.15","45.30","42.50","549.17K","-2.76%"
"05/24/2010","45.25","45.95","46.50","44.90","73.47K","+0.22%"
"05/21/2010","45.15","44.75","46.10","42.10","636.25K","-0.66%"
"05/20/2010","45.45","45.60","46.50","45.05","77.89K","-0.33%"
"05/19/2010","45.60","46.40","47.20","45.35","100.47K","-2.98%"
"05/18/2010","47.00","47.25","48.15","46.70","117.02K","-0.53%"
"05/17/2010","47.25","47.20","48.55","46.25","197.59K","-1.66%"
"05/14/2010","48.05","48.55","49.60","47.95","95.09K","-2.34%"
"05/13/2010","49.20","49.35","50.35","48.80","226.40K","+0.51%"
"05/12/2010","48.95","49.65","49.70","48.35","89.55K","-0.91%"
"05/11/2010","49.40","51.20","51.20","49.25","128.84K","-2.37%"
"05/10/2010","50.60","48.45","51.80","48.15","1.14M","+6.64%"
"05/07/2010","47.45","48.95","49.15","47.20","173.74K","-4.24%"
"05/06/2010","49.55","47.85","50.80","47.85","518.53K","+2.91%"
"05/05/2010","48.15","48.10","48.55","47.20","224.90K","-1.43%"
"05/04/2010","48.85","50.65","51.20","48.65","155.05K","-3.55%"
"05/03/2010","50.65","51.55","51.55","50.05","152.63K","-1.84%"
"04/30/2010","51.60","51.40","53.35","51.10","570.51K","+1.28%"
"04/29/2010","50.95","50.80","51.55","50.05","249.32K","+1.49%"
"04/28/2010","50.20","50.35","51.20","50.00","243.84K","-2.05%"
"04/27/2010","51.25","52.40","53.00","51.10","229.11K","-2.47%"
"04/26/2010","52.55","53.00","54.00","52.35","484.85K","+0.00%"
"04/23/2010","52.55","53.20","53.80","52.40","455.99K","-0.28%"
"04/22/2010","52.70","53.05","54.45","52.55","1.24M","+0.29%"
"04/21/2010","52.55","51.05","53.95","51.05","2.57M","+3.14%"
"04/20/2010","50.95","50.00","52.90","49.35","1.75M","+3.98%"
"04/19/2010","49.00","49.60","50.70","48.60","304.07K","-3.73%"
"04/16/2010","50.90","49.30","52.45","49.05","1.34M","+2.62%"
"04/15/2010","49.60","50.35","51.10","48.10","270.19K","+0.51%"
"04/13/2010","49.35","50.05","50.35","49.25","112.69K","-1.40%"
"04/12/2010","50.05","50.45","51.30","49.90","184.11K","-0.60%"
"04/09/2010","50.35","50.80","51.00","50.15","175.12K","+0.20%"
"04/08/2010","50.25","50.80","51.95","49.90","594.99K","-0.40%"
"04/07/2010","50.45","48.30","52.25","48.30","1.97M","+5.21%"
"04/06/2010","47.95","48.70","48.85","47.85","111.24K","-1.24%"
"04/05/2010","48.55","48.55","49.25","48.20","123.57K","+0.94%"
"04/01/2010","48.10","46.05","48.45","45.95","307.99K","+4.45%"
"03/31/2010","46.05","46.85","47.55","45.80","159.69K","+0.00%"
"03/30/2010","46.05","45.70","47.65","45.45","281.63K","+1.66%"
"03/29/2010","45.30","47.10","47.65","45.10","146.69K","-2.69%"
"03/26/2010","46.55","47.70","47.70","46.35","163.36K","-0.64%"
"03/25/2010","46.85","47.10","47.90","46.75","49.99K","-0.32%"
"03/23/2010","47.00","48.15","48.15","46.45","57.03K","-0.74%"
"03/22/2010","47.35","46.70","47.85","46.70","65.58K","-0.21%"
"03/19/2010","47.45","47.70","48.50","47.25","65.81K","-0.42%"
"03/18/2010","47.65","48.70","49.15","47.35","185.71K","-2.46%"
"03/17/2010","48.85","49.15","49.90","48.60","104.03K","+1.03%"
"03/16/2010","48.35","48.60","49.30","48.10","138.75K","+0.10%"
"03/15/2010","48.30","48.95","49.20","48.25","82.19K","-0.51%"
"03/12/2010","48.55","49.20","49.90","48.20","78.18K","-1.72%"
"03/11/2010","49.40","49.70","50.40","49.15","121.70K","-1.40%"
"03/10/2010","50.10","50.05","51.85","49.80","490.63K","+1.83%"
"03/09/2010","49.20","49.70","50.05","48.95","228.44K","-0.61%"
"03/08/2010","49.50","49.15","51.20","49.15","107.32K","-0.40%"
"03/05/2010","49.70","49.85","51.00","48.55","228.18K","+0.81%"
"03/04/2010","49.30","48.85","50.00","48.60","95.35K","+0.51%"
"03/03/2010","49.05","48.35","50.20","48.00","141.27K","+2.51%"
"03/02/2010","47.85","47.70","48.55","47.20","117.49K","+3.13%"
"02/26/2010","46.40","45.55","47.80","45.55","126.26K","+0.87%"
"02/25/2010","46.00","46.65","46.95","45.65","50.55K","-0.43%"
"02/24/2010","46.20","46.05","46.95","45.95","72.06K","-1.18%"
"02/23/2010","46.75","46.95","48.20","46.35","102.03K","-0.85%"
"02/22/2010","47.15","49.30","49.30","46.95","146.02K","-1.67%"
"02/19/2010","47.95","48.30","48.85","47.10","151.70K","-1.94%"
"02/18/2010","48.90","50.05","50.45","48.75","103.82K","-1.71%"
"02/17/2010","49.75","49.30","50.80","49.30","144.06K","+1.32%"
"02/16/2010","49.10","49.95","50.45","48.85","112.75K","-0.61%"
"02/15/2010","49.40","50.05","52.10","49.10","359.53K","-1.59%"
"02/11/2010","50.20","48.40","52.10","47.55","928.63K","+5.80%"
"02/10/2010","47.45","47.65","49.15","47.20","114.62K","-0.11%"
"02/09/2010","47.50","46.45","48.20","46.45","133.31K","+0.53%"
"02/08/2010","47.25","47.70","48.40","46.75","130.50K","+0.75%"
"02/05/2010","46.90","46.50","48.20","45.60","144.97K","-4.67%"
"02/04/2010","49.20","50.65","50.80","48.70","148.95K","-2.57%"
"02/03/2010","50.50","50.45","51.25","49.75","143.03K","+2.12%"
"02/02/2010","49.45","53.30","53.75","48.95","253.74K","-5.09%"
"02/01/2010","52.10","49.65","53.60","48.70","459.59K","+6.22%"
"01/29/2010","49.05","49.70","49.70","47.55","251.36K","-1.01%"
"01/28/2010","49.55","52.70","53.00","48.70","235.09K","-4.16%"
"01/27/2010","51.70","54.20","56.25","50.60","968.78K","-3.36%"
"01/25/2010","53.50","54.50","55.20","52.70","173.62K","-1.29%"
"01/22/2010","54.20","53.90","55.25","53.25","258.23K","-3.04%"
"01/21/2010","55.90","53.75","57.10","53.05","1.09M","+4.10%"
"01/20/2010","53.70","55.60","55.75","53.15","212.99K","-2.63%"
"01/19/2010","55.15","55.65","56.95","54.55","470.95K","-0.27%"
"01/18/2010","55.30","55.75","57.35","55.05","294.72K","-1.95%"
"01/15/2010","56.40","57.55","57.55","55.80","395.92K","-1.57%"
"01/14/2010","57.30","57.15","58.80","55.80","1.66M","+3.24%"
"01/13/2010","55.50","55.30","56.05","53.85","479.26K","+1.00%"
"01/12/2010","54.95","56.70","57.95","54.30","1.13M","-2.40%"
"01/11/2010","56.30","55.90","57.40","55.15","1.67M","+2.09%"
"01/08/2010","55.15","52.75","55.60","51.70","1.66M","+4.65%"
"01/07/2010","52.70","53.05","55.15","51.85","1.20M","-0.28%"
"01/06/2010","52.85","50.20","53.20","50.20","1.15M","+4.97%"
"01/05/2010","50.35","51.65","51.65","50.20","185.56K","-1.08%"
"01/04/2010","50.90","50.50","52.55","49.70","745.87K","+1.39%"
"12/31/2009","50.20","48.70","51.70","48.25","896.56K","+4.26%"
"12/30/2009","48.15","48.30","48.65","47.85","138.74K","+0.42%"
"12/29/2009","47.95","48.35","48.60","47.85","83.01K","-1.03%"
"12/24/2009","48.45","49.05","49.30","48.15","142.38K","-0.10%"
"12/23/2009","48.50","49.65","49.65","48.30","140.34K","-0.92%"
"12/22/2009","48.95","48.00","50.00","47.90","303.62K","+2.84%"
"12/21/2009","47.60","43.35","49.65","43.35","176.87K","-3.15%"
"12/18/2009","49.15","47.25","50.60","47.25","771.78K","+3.91%"
"12/17/2009","47.30","48.20","48.45","47.10","124.88K","-1.46%"
"12/16/2009","48.00","48.55","49.50","47.45","295.47K","-1.23%"
"12/15/2009","48.60","50.80","50.80","48.45","158.15K","-3.19%"
"12/14/2009","50.20","52.85","52.90","49.75","274.43K","-4.92%"
"12/11/2009","52.80","53.80","54.85","50.85","2.20M","-0.38%"
"12/10/2009","53.00","51.40","53.75","50.20","1.82M","+5.16%"
"12/09/2009","50.40","52.20","52.20","50.00","201.58K","-2.80%"
"12/08/2009","51.85","49.75","52.90","49.15","882.54K","+5.92%"
"12/07/2009","48.95","50.15","50.80","48.70","152.38K","-2.49%"
"12/04/2009","50.20","50.05","52.10","48.85","942.40K","+0.60%"
"12/03/2009","49.90","50.80","51.30","49.40","318.19K","-0.60%"
"12/02/2009","50.20","51.55","51.95","49.05","949.81K","-1.76%"
"12/01/2009","51.10","48.75","52.15","48.20","5.15M","+5.80%"
"11/30/2009","48.30","43.70","50.05","43.70","5.93M","+11.55%"
"11/27/2009","43.30","44.55","45.40","41.60","160.52K","-4.73%"
"11/26/2009","45.45","46.95","47.35","44.95","95.04K","-1.62%"
"11/25/2009","46.20","46.85","47.40","45.90","194.72K","+0.98%"
"11/24/2009","45.75","46.85","46.85","45.60","68.64K","-0.97%"
"11/23/2009","46.20","45.80","47.70","45.70","233.02K","+1.43%"
"11/20/2009","45.55","45.80","47.10","44.45","144.68K","+0.66%"
"11/19/2009","45.25","46.50","47.75","44.90","114.54K","-4.23%"
"11/18/2009","47.25","48.55","48.55","46.95","119.24K","-0.63%"
"11/17/2009","47.55","47.75","49.15","46.95","245.84K","-0.11%"
"11/16/2009","47.60","47.75","50.60","46.75","195.05K","+0.11%"
"11/13/2009","47.55","46.00","49.30","46.00","585.15K","+0.53%"
"11/12/2009","47.30","46.90","49.85","46.35","791.86K","+2.05%"
"11/11/2009","46.35","43.50","47.40","43.50","337.35K","+4.75%"
"11/10/2009","44.25","47.40","47.70","43.90","270.72K","-4.84%"
"11/09/2009","46.50","41.10","46.95","41.10","648.14K","+11.91%"
"11/06/2009","41.55","41.75","42.90","40.35","183.52K","+1.84%"
"11/05/2009","40.80","39.25","41.20","38.70","132.60K","+4.08%"
"11/04/2009","39.20","38.60","39.55","38.40","61.43K","+2.08%"
"11/03/2009","38.40","40.50","40.50","38.15","63.45K","-5.19%"
"10/30/2009","40.50","42.05","42.80","40.15","99.55K","-1.10%"
"10/29/2009","40.95","41.15","41.55","40.35","118.83K","-1.33%"
"10/28/2009","41.50","42.20","43.30","40.80","62.69K","-2.01%"
"10/27/2009","42.35","43.40","44.85","42.15","92.23K","-5.47%"
"10/26/2009","44.80","46.35","46.35","44.30","74.67K","-2.93%"
"10/23/2009","46.15","47.10","47.10","46.00","81.67K","+0.44%"
"10/22/2009","45.95","45.60","48.20","45.60","129.99K","-0.22%"
"10/21/2009","46.05","46.35","47.55","44.90","67.86K","-0.97%"
"10/20/2009","46.50","48.00","48.50","46.05","107.70K","-0.32%"
"10/16/2009","46.65","47.85","47.85","46.50","108.75K","-1.27%"
"10/15/2009","47.25","47.25","48.45","46.35","231.09K","+1.39%"
"10/14/2009","46.60","46.35","47.60","46.35","133.25K","+0.22%"
"10/12/2009","46.50","46.70","47.10","46.35","109.37K","+1.75%"
"10/09/2009","45.70","47.70","47.75","45.50","67.14K","-1.72%"
"10/08/2009","46.50","46.20","47.70","45.95","153.42K","+0.54%"
"10/07/2009","46.25","47.55","47.55","45.95","106.87K","-0.32%"
"10/06/2009","46.40","48.55","48.55","45.65","139.99K","-2.42%"
"10/05/2009","47.55","48.55","49.30","47.40","97.63K","-2.76%"
"10/01/2009","48.90","49.65","49.90","48.60","91.83K","-0.91%"
"09/30/2009","49.35","49.75","50.40","49.25","175.64K","+0.30%"
"09/29/2009","49.20","49.85","50.20","49.00","106.25K","-0.40%"
"09/25/2009","49.40","48.10","50.75","48.10","378.63K","+1.44%"
"09/24/2009","48.70","48.10","49.65","47.35","259.33K","-0.20%"
"09/23/2009","48.80","49.90","50.50","48.65","120.73K","-2.11%"
"09/22/2009","49.85","50.05","51.70","49.45","342.35K","-1.19%"
"09/18/2009","50.45","49.70","51.40","48.85","436.45K","+2.02%"
"09/17/2009","49.45","50.50","50.65","49.00","159.54K","-1.20%"
"09/16/2009","50.05","50.75","50.80","49.60","215.76K","+0.10%"
"09/15/2009","50.00","48.30","52.10","48.20","834.01K","+3.73%"
"09/14/2009","48.20","48.25","49.45","47.10","170.21K","-2.03%"
"09/11/2009","49.20","52.15","52.30","48.35","309.22K","-1.80%"
"09/10/2009","50.10","48.65","52.70","48.65","1.02M","+2.98%"
"09/09/2009","48.65","50.45","50.45","48.40","254.04K","-2.80%"
"09/08/2009","50.05","51.40","51.80","49.40","252.84K","-1.57%"
"09/07/2009","50.85","49.40","52.30","49.40","532.65K","+3.46%"
"09/04/2009","49.15","49.70","50.35","48.10","357.83K","-0.91%"
"09/03/2009","49.60","49.90","51.55","49.20","395.85K","-2.07%"
"09/02/2009","50.65","49.75","52.25","49.75","528.45K","-0.49%"
"09/01/2009","50.90","54.35","54.85","50.45","2.06M","-5.57%"
"08/31/2009","53.90","50.75","55.10","49.70","5.93M","+4.46%"
"08/28/2009","51.60","45.35","52.70","44.90","4.49M","+15.31%"
"08/27/2009","44.75","44.35","45.90","43.35","301.97K","-1.76%"
"08/26/2009","45.55","47.75","47.75","45.10","814.49K","-3.60%"
"08/25/2009","47.25","41.60","49.10","41.60","2.59M","+12.77%"
"08/24/2009","41.90","41.20","42.95","40.45","226.35K","+3.97%"
"08/21/2009","40.30","40.20","40.75","39.60","58.40K","+0.75%"
"08/20/2009","40.00","39.95","40.75","39.75","71.64K","+0.13%"
"08/19/2009","39.95","40.25","40.85","39.65","57.46K","-0.75%"
"08/18/2009","40.25","40.05","41.05","39.70","68.99K","-0.12%"
"08/17/2009","40.30","41.70","41.75","39.85","82.05K","-4.05%"
"08/14/2009","42.00","42.60","42.60","41.20","191.96K","-0.36%"
"08/13/2009","42.15","42.15","43.25","41.85","365.74K","+1.20%"
"08/12/2009","41.65","40.35","42.85","39.85","881.16K","+7.76%"
"08/11/2009","38.65","39.60","40.30","38.15","129.33K","-3.50%"
"08/10/2009","40.05","43.70","43.80","39.70","121.66K","-1.72%"
"08/07/2009","40.75","41.20","42.50","40.45","125.47K","-3.44%"
"08/06/2009","42.20","45.00","45.00","41.90","366.43K","-5.27%"
"08/05/2009","44.55","42.50","46.25","41.60","1.30M","+5.19%"
"08/04/2009","42.35","41.20","43.35","40.75","341.46K","+3.42%"
"08/03/2009","40.95","41.35","42.50","40.75","100.36K","-0.49%"
"07/31/2009","41.15","41.50","42.95","40.90","142.54K","+0.61%"
"07/30/2009","40.90","41.20","41.50","40.60","47.26K","-0.24%"
"07/29/2009","41.00","42.50","42.50","40.45","109.24K","-3.19%"
"07/28/2009","42.35","43.25","43.85","42.20","125.00K","+0.12%"
"07/27/2009","42.30","42.60","43.85","41.85","140.52K","+0.95%"
"07/24/2009","41.90","43.65","43.85","41.55","173.22K","-2.67%"
"07/23/2009","43.05","41.20","44.40","41.10","285.34K","+5.26%"
"07/22/2009","40.90","43.35","43.35","40.70","134.37K","-2.85%"
"07/21/2009","42.10","46.10","46.95","41.90","568.83K","-7.17%"
"07/20/2009","45.35","37.35","45.35","37.35","773.97K","+19.97%"
"07/17/2009","37.80","36.60","38.70","36.60","51.59K","+2.58%"
"07/16/2009","36.85","37.70","38.50","36.65","62.52K","-0.27%"
"07/15/2009","36.95","34.95","38.00","34.95","98.87K","+6.03%"
"07/14/2009","34.85","34.45","35.10","34.40","32.64K","+3.26%"
"07/13/2009","33.75","35.20","35.75","33.25","28.67K","-4.80%"
"07/10/2009","35.45","35.55","36.40","35.30","33.09K","-0.70%"
"07/09/2009","35.70","35.55","36.35","35.10","26.30K","+0.28%"
"07/08/2009","35.60","36.60","36.70","35.30","31.76K","-3.91%"
"07/07/2009","37.05","38.10","38.35","36.80","32.52K","-0.80%"
"07/06/2009","37.35","39.25","39.90","36.90","48.95K","-4.48%"
"07/03/2009","39.10","38.95","40.35","38.95","65.27K","+0.39%"
"07/02/2009","38.95","38.70","40.15","38.55","42.05K","+0.00%"
"07/01/2009","38.95","39.70","39.85","38.35","45.53K","-2.14%"
"06/30/2009","39.80","41.85","42.35","39.45","63.52K","-3.86%"
"06/29/2009","41.40","41.75","42.60","41.10","72.31K","+1.72%"
"06/26/2009","40.70","40.50","41.35","40.15","53.06K","+0.25%"
"06/25/2009","40.60","40.90","42.15","40.35","70.56K","+0.62%"
"06/24/2009","40.35","40.35","40.75","39.60","40.31K","+1.38%"
"06/23/2009","39.80","40.30","40.30","37.65","76.31K","-0.75%"
"06/22/2009","40.10","42.90","42.90","39.85","68.17K","-1.23%"
"06/19/2009","40.60","42.40","44.00","39.90","101.54K","+0.00%"
"06/18/2009","40.60","42.70","44.40","39.85","158.10K","-6.77%"
"06/17/2009","43.55","45.35","46.70","42.85","216.44K","-1.36%"
"06/16/2009","44.15","43.55","45.45","42.05","165.39K","+0.57%"
"06/15/2009","43.90","44.90","46.65","43.45","754.60K","-1.90%"
"06/12/2009","44.75","47.45","48.00","44.15","172.28K","-4.79%"
"06/11/2009","47.00","48.55","48.55","46.45","190.15K","-3.89%"
"06/10/2009","48.90","49.30","51.95","45.60","845.00K","+1.03%"
"06/09/2009","48.40","47.70","49.15","44.70","263.65K","+0.21%"
"06/08/2009","48.30","54.95","55.80","47.45","858.15K","-7.91%"
"06/05/2009","52.45","51.55","55.25","50.95","1.60M","+3.55%"
"06/04/2009","50.65","47.10","51.55","46.35","583.13K","+7.42%"
"06/03/2009","47.15","47.15","48.55","46.40","213.17K","+0.96%"
"06/02/2009","46.70","48.20","49.15","46.15","214.42K","-1.48%"
"06/01/2009","47.40","47.00","48.20","45.65","339.76K","+4.18%"
"05/29/2009","45.50","45.20","46.30","44.95","225.61K","+2.36%"
"05/28/2009","44.45","45.95","45.95","44.15","97.64K","-2.09%"
"05/27/2009","45.40","46.30","46.30","44.85","216.96K","+2.14%"
"05/26/2009","44.45","44.10","49.30","44.10","377.25K","-6.81%"
"05/25/2009","47.70","52.10","53.30","47.10","650.59K","-5.26%"
"05/22/2009","50.35","43.35","50.35","41.85","1.63M","+19.31%"
"05/21/2009","42.20","44.90","47.20","41.30","615.61K","-4.74%"
"05/20/2009","44.30","36.60","45.40","36.60","1.46M","+15.67%"
"05/19/2009","38.30","36.25","39.75","33.25","1.19M","+9.12%"
"05/18/2009","35.10","35.10","35.10","35.10","1.28K","+7.67%"
"05/15/2009","32.60","32.45","33.35","32.45","57.56K","+0.46%"
"05/14/2009","32.45","32.85","32.90","31.70","47.65K","-0.15%"
"05/13/2009","32.50","32.80","34.25","32.30","86.34K","-0.91%"
"05/12/2009","32.80","32.75","33.20","32.10","97.21K","+0.15%"
"05/11/2009","32.75","33.65","34.30","32.50","84.90K","-2.67%"
"05/08/2009","33.65","33.25","36.15","33.10","198.54K","-5.21%"
"05/07/2009","35.50","33.65","37.35","33.20","1.11M","+11.64%"
"05/06/2009","31.80","32.00","33.50","31.55","108.09K","-1.09%"
"05/05/2009","32.15","32.00","32.70","30.95","106.61K","+2.88%"
"05/04/2009","31.25","31.25","32.00","31.00","76.27K","+1.46%"
"04/29/2009","30.80","31.35","32.35","30.40","87.79K","-1.75%"
"04/28/2009","31.35","33.55","33.55","31.00","87.57K","-4.27%"
"04/27/2009","32.75","32.75","34.25","32.50","99.05K","+0.46%"
"04/24/2009","32.60","33.65","33.65","31.85","122.41K","-0.31%"
"04/23/2009","32.70","34.20","34.20","31.70","129.39K","-2.10%"
"04/22/2009","33.40","36.95","37.20","32.25","501.14K","-7.73%"
"04/21/2009","36.20","34.40","38.40","34.40","1.78M","+2.70%"
"04/20/2009","35.25","30.65","36.90","30.65","901.79K","+13.16%"
"04/17/2009","31.15","32.55","33.20","30.70","84.66K","-0.32%"
"04/16/2009","31.25","35.85","36.45","30.20","179.27K","-12.10%"
"04/15/2009","35.55","34.75","37.65","34.55","764.00K","+6.60%"
"04/13/2009","33.35","28.40","33.35","27.70","416.65K","+20.18%"
"04/09/2009","27.75","27.70","29.05","27.30","102.62K","+0.73%"
"04/08/2009","27.55","26.55","28.40","25.95","133.14K","+3.77%"
"04/06/2009","26.55","26.85","27.60","26.15","124.65K","+1.14%"
"04/02/2009","26.25","26.10","26.85","25.50","75.78K","+2.34%"
"04/01/2009","25.65","25.05","26.00","24.45","52.57K","+4.48%"
"03/31/2009","24.55","24.60","24.75","24.20","25.93K","+1.24%"
"03/30/2009","24.25","24.40","25.00","24.15","31.28K","-1.42%"
"03/27/2009","24.60","24.75","25.30","24.45","22.07K","-0.61%"
"03/26/2009","24.75","24.05","25.50","24.05","148.41K","+3.13%"
"03/25/2009","24.00","24.20","24.30","23.65","13.94K","+0.84%"
"03/24/2009","23.80","24.05","25.70","23.70","74.72K","+0.21%"
"03/23/2009","23.75","24.20","24.50","22.90","50.88K","+0.64%"
"03/20/2009","23.60","24.05","24.05","23.45","16.66K","-1.05%"
"03/19/2009","23.85","24.30","24.30","23.75","15.26K","-0.21%"
"03/18/2009","23.90","24.05","24.75","23.65","37.13K","+0.21%"
"03/17/2009","23.85","24.05","24.30","23.75","17.04K","-0.21%"
"03/16/2009","23.90","24.05","24.35","23.65","30.19K","+1.06%"
"03/13/2009","23.65","23.40","24.30","23.15","64.33K","+3.73%"
"03/12/2009","22.80","23.15","23.90","22.70","19.39K","+0.66%"
"03/09/2009","22.65","22.80","23.30","22.50","17.70K","-0.88%"
"03/06/2009","22.85","23.50","23.55","22.55","23.23K","-2.77%"
"03/05/2009","23.50","25.95","25.95","23.35","33.02K","-6.75%"
"03/04/2009","25.20","25.25","25.80","25.15","42.03K","+0.20%"
"03/03/2009","25.15","24.95","25.80","24.95","35.89K","-0.79%"
"03/02/2009","25.35","26.10","26.75","24.90","137.41K","-0.78%"
"02/27/2009","25.55","25.60","25.95","25.40","20.93K","+0.39%"
"02/26/2009","25.45","25.80","25.95","25.10","23.05K","+0.99%"
"02/25/2009","25.20","25.55","26.15","25.05","90.26K","+1.00%"
"02/24/2009","24.95","25.60","25.75","24.90","28.38K","-3.29%"
"02/20/2009","25.80","25.70","26.15","25.60","19.59K","-0.77%"
"02/19/2009","26.00","25.65","26.90","25.65","66.13K","-0.19%"
"02/18/2009","26.05","25.80","26.40","25.45","39.56K","+0.58%"
"02/17/2009","25.90","26.15","26.90","25.80","35.23K","-1.89%"
"02/16/2009","26.40","27.20","28.10","26.30","31.21K","-2.76%"
"02/13/2009","27.15","26.90","29.05","26.15","272.03K","+2.45%"
"02/12/2009","26.50","26.15","27.15","25.90","24.94K","+1.34%"
"02/11/2009","26.15","26.00","26.55","25.85","13.38K","-0.38%"
"02/10/2009","26.25","26.55","27.65","25.65","56.92K","+0.57%"
"02/09/2009","26.10","26.00","26.20","25.80","12.95K","+0.77%"
"02/06/2009","25.90","25.50","26.70","25.40","51.73K","+1.37%"
"02/05/2009","25.55","25.85","26.15","25.50","10.18K","-0.97%"
"02/04/2009","25.80","26.80","26.80","25.65","36.27K","-2.27%"
"02/03/2009","26.40","26.45","26.55","26.25","10.50K","-0.19%"
"02/02/2009","26.45","26.20","26.80","25.80","17.71K","+0.00%"
"01/30/2009","26.45","26.15","26.70","24.90","36.64K","-0.19%"
"01/29/2009","26.50","27.30","27.55","26.30","21.36K","-1.85%"
"01/28/2009","27.00","27.30","27.60","26.10","83.81K","+2.86%"
"01/27/2009","26.25","26.25","26.90","26.00","20.70K","+0.38%"
"01/23/2009","26.15","26.35","26.90","26.05","34.43K","-1.69%"
"01/22/2009","26.60","27.30","27.75","26.40","35.22K","-2.03%"
"01/21/2009","27.15","27.30","27.90","26.90","13.76K","-2.69%"
"01/20/2009","27.90","27.25","28.75","27.25","28.21K","+1.09%"
"01/19/2009","27.60","28.00","28.05","27.15","14.26K","+1.10%"
"01/16/2009","27.30","27.10","28.90","27.00","89.45K","+0.37%"
"01/15/2009","27.20","27.65","27.65","26.90","43.29K","-1.45%"
"01/14/2009","27.60","27.65","28.05","27.15","48.81K","+1.85%"
"01/13/2009","27.10","27.70","28.25","27.00","52.83K","-2.69%"
"01/12/2009","27.85","27.15","29.50","27.15","56.84K","-1.59%"
"01/09/2009","28.30","28.75","29.15","27.70","63.84K","-3.74%"
"01/07/2009","29.40","32.25","33.05","29.20","178.26K","-9.82%"
"01/06/2009","32.60","34.85","34.85","32.00","203.75K","-6.46%"
"01/05/2009","34.85","36.75","38.05","34.40","616.25K","-1.13%"
"01/02/2009","35.25","31.85","36.00","31.15","654.01K","+12.26%"
"01/01/2009","31.40","31.05","31.70","30.85","77.76K","-0.32%"
"12/31/2008","31.50","32.85","33.95","30.75","125.45K","+0.48%"
"12/30/2008","31.35","32.80","32.90","31.20","41.22K","-2.49%"
"12/29/2008","32.15","32.90","32.90","31.45","33.93K","+1.10%"
"12/26/2008","31.80","31.75","33.50","31.45","22.03K","-1.85%"
"12/24/2008","32.40","32.90","33.45","32.15","30.04K","-3.14%"
"12/23/2008","33.45","35.40","35.40","33.05","38.80K","-4.84%"
"12/22/2008","35.15","36.80","36.80","34.45","45.38K","-4.09%"
"12/19/2008","36.65","35.85","37.35","35.25","110.05K","+7.32%"
"12/18/2008","34.15","31.20","35.35","31.20","236.91K","+7.05%"
"12/17/2008","31.90","38.40","38.45","31.55","293.77K","-15.83%"
"12/16/2008","37.90","32.05","38.15","31.70","500.14K","+19.37%"
"12/15/2008","31.75","31.20","32.75","30.35","47.55K","+4.27%"
"12/12/2008","30.45","28.75","31.20","28.75","28.94K","+2.18%"
"12/11/2008","29.80","29.05","30.50","29.05","15.77K","+2.94%"
"12/10/2008","28.95","29.45","29.80","28.65","10.75K","-0.52%"
"12/08/2008","29.10","29.45","29.80","28.50","9.08K","+0.87%"
"12/05/2008","28.85","29.10","29.60","28.40","13.76K","+0.35%"
"12/04/2008","28.75","27.30","29.05","27.30","30.20K","+1.41%"
"12/03/2008","28.35","27.25","29.75","27.05","31.60K","+0.18%"
"12/02/2008","28.30","28.30","28.60","27.05","12.17K","-1.39%"
"12/01/2008","28.70","32.60","32.60","28.00","23.71K","-3.53%"
"11/28/2008","29.75","29.35","30.45","28.05","47.39K","-4.65%"
"11/26/2008","31.20","32.50","33.15","30.55","23.95K","-2.95%"
"11/25/2008","32.15","29.45","34.25","29.45","120.75K","+9.91%"
"11/24/2008","29.25","28.35","30.50","27.40","36.66K","+3.72%"
"11/21/2008","28.20","28.15","29.10","27.70","12.62K","-2.93%"
"11/20/2008","29.05","28.05","29.40","27.95","10.99K","-2.35%"
"11/19/2008","29.75","28.15","30.65","28.15","5.07K","+1.54%"
"11/18/2008","29.30","27.95","30.35","27.95","11.67K","-2.98%"
"11/17/2008","30.20","30.85","31.10","29.85","5.07K","-3.97%"
"11/14/2008","31.45","31.25","32.20","30.95","11.86K","-0.47%"
"11/12/2008","31.60","33.30","33.30","31.35","11.92K","-2.77%"
"11/11/2008","32.50","32.65","33.60","32.25","7.20K","-2.40%"
"11/10/2008","33.30","34.65","34.65","32.25","14.63K","-0.60%"
"11/07/2008","33.50","32.10","33.95","31.60","21.65K","+2.13%"
"11/06/2008","32.80","33.95","34.25","31.90","24.48K","-5.07%"
"11/05/2008","34.55","36.75","38.10","33.95","48.37K","-2.26%"
"11/04/2008","35.35","35.00","37.00","32.60","26.64K","+2.91%"
"11/03/2008","34.35","32.60","38.15","32.60","30.87K","+5.37%"
"10/31/2008","32.60","31.90","33.60","31.20","25.87K","+3.82%"
"10/29/2008","31.40","32.75","32.75","29.10","19.18K","+3.63%"
"10/28/2008","30.30","29.10","32.50","27.70","15.89K","+8.02%"
"10/27/2008","28.05","29.20","31.45","27.05","36.08K","-13.69%"
"10/24/2008","32.50","34.90","35.35","31.90","28.24K","-8.84%"
"10/23/2008","35.65","36.80","37.10","35.00","20.47K","-5.44%"
"10/22/2008","37.70","37.45","38.40","36.95","15.24K","-1.57%"
"10/21/2008","38.30","38.20","39.15","37.50","48.35K","+1.06%"
"10/20/2008","37.90","38.35","38.80","37.45","61.90K","-0.66%"
"10/17/2008","38.15","39.50","41.55","38.15","42.76K","-3.54%"
"10/16/2008","39.55","38.15","41.60","37.50","78.10K","-1.98%"
"10/15/2008","40.35","41.60","42.90","40.00","111.92K","-4.83%"
"10/14/2008","42.40","43.05","47.05","41.75","79.54K","+3.79%"
"10/13/2008","40.85","45.05","45.05","38.15","53.29K","+2.90%"
"10/10/2008","39.70","41.50","41.50","38.80","72.76K","-7.57%"
"10/08/2008","42.95","45.05","45.05","41.60","33.52K","-5.50%"
"10/07/2008","45.45","45.05","51.30","44.45","74.63K","-0.55%"
"10/06/2008","45.70","48.50","49.50","45.20","89.58K","-7.68%"
"10/03/2008","49.50","49.90","51.30","49.10","28.49K","-1.88%"
"10/01/2008","50.45","50.35","52.25","49.85","77.77K","+0.20%"
"09/30/2008","50.35","46.05","51.75","46.00","82.80K","+2.55%"
"09/29/2008","49.10","53.05","53.05","48.50","68.41K","-6.21%"
"09/26/2008","52.35","55.45","55.45","52.05","37.41K","-4.38%"
"09/25/2008","54.75","55.30","56.10","54.30","85.24K","-0.64%"
"09/24/2008","55.10","54.75","57.10","54.75","156.12K","+1.10%"
"09/23/2008","54.50","54.75","56.75","53.60","75.14K","-1.98%"
"09/22/2008","55.60","56.15","58.55","54.90","183.67K","+1.18%"
"09/19/2008","54.95","56.95","57.85","52.35","179.79K","+0.37%"
"09/18/2008","54.75","58.85","58.85","53.05","749.03K","-7.59%"
"09/17/2008","59.25","52.70","60.15","51.65","1.05M","+14.94%"
"09/16/2008","51.55","52.70","52.70","49.40","144.06K","-4.71%"
"09/15/2008","54.10","57.55","57.55","53.40","85.08K","-7.52%"
"09/12/2008","58.50","60.30","61.65","57.80","86.77K","-2.50%"
"09/11/2008","60.00","62.05","63.05","59.15","82.08K","-1.80%"
"09/10/2008","61.10","62.40","64.00","57.55","96.67K","-2.78%"
"09/09/2008","62.85","61.75","65.10","61.75","123.96K","+0.72%"
"09/08/2008","62.40","62.40","64.95","61.95","102.92K","-0.16%"
"09/05/2008","62.50","63.45","64.00","61.80","115.83K","-2.27%"
"09/04/2008","63.95","64.80","66.80","63.15","199.49K","-0.93%"
"09/02/2008","64.55","65.70","66.55","64.25","191.80K","-1.07%"
"09/01/2008","65.25","65.70","67.45","64.00","444.74K","-1.14%"
"08/29/2008","66.00","65.15","68.85","62.20","1.23M","+2.96%"
"08/28/2008","64.10","69.25","70.25","63.80","1.83M","-6.76%"
"08/27/2008","68.75","60.15","71.40","58.55","4.21M","+15.55%"
"08/26/2008","59.50","60.30","60.90","59.10","78.39K","-3.09%"
"08/25/2008","61.40","64.45","64.45","60.45","196.23K","-1.60%"
"08/22/2008","62.40","63.75","65.70","61.95","391.21K","-2.50%"
"08/21/2008","64.00","66.60","72.65","63.20","2.41M","-5.40%"
"08/20/2008","67.65","57.20","67.65","55.75","378.28K","+20.05%"
"08/19/2008","56.35","56.15","57.95","54.45","23.42K","+0.63%"
"08/18/2008","56.00","58.25","58.80","55.85","32.07K","-3.03%"
"08/14/2008","57.75","59.60","59.95","56.80","20.82K","-2.78%"
"08/13/2008","59.40","61.05","61.65","58.90","32.23K","-2.86%"
"08/12/2008","61.15","63.45","63.45","60.70","29.38K","-2.16%"
"08/11/2008","62.50","61.70","65.85","60.50","93.51K","+2.21%"
"08/08/2008","61.15","61.70","63.70","61.00","70.79K","+0.49%"
"08/07/2008","60.85","59.25","65.05","59.15","160.50K","-0.33%"
"08/06/2008","61.05","65.05","65.85","59.85","87.82K","-4.08%"
"08/05/2008","63.65","65.60","66.05","63.10","95.75K","-1.70%"
"08/04/2008","64.75","64.35","68.40","61.70","344.94K","+0.15%"
"08/01/2008","64.65","67.80","67.80","62.45","456.44K","-7.18%"
"07/31/2008","69.65","66.15","72.40","64.45","2.07M","+13.53%"
"07/30/2008","61.35","53.90","62.75","53.85","294.93K","+17.30%"
"07/29/2008","52.30","52.25","53.60","52.00","8.75K","-0.57%"
"07/28/2008","52.60","51.55","55.80","51.55","30.44K","+0.86%"
"07/25/2008","52.15","51.30","52.60","50.80","7.41K","-0.29%"
"07/24/2008","52.30","53.40","53.40","51.65","13.10K","-0.57%"
"07/23/2008","52.60","52.05","53.55","51.35","20.08K","+3.54%"
"07/22/2008","50.80","50.65","51.80","49.40","14.85K","-0.10%"
"07/21/2008","50.85","51.30","51.90","50.45","9.96K","-1.36%"
"07/18/2008","51.55","52.55","52.70","50.35","11.65K","+1.38%"
"07/17/2008","50.85","52.70","54.05","50.00","10.34K","+0.69%"
"07/16/2008","50.50","54.70","54.70","49.75","9.45K","-0.98%"
"07/15/2008","51.00","58.90","58.90","48.55","14.58K","-4.05%"
"07/14/2008","53.15","56.15","63.00","52.80","7.96K","-1.02%"
"07/11/2008","53.70","59.95","59.95","52.00","8.90K","-2.98%"
"07/10/2008","55.35","54.75","58.70","54.75","19.16K","-2.29%"
"07/09/2008","56.65","53.35","58.15","53.35","25.98K","+8.32%"
"07/08/2008","52.30","49.65","53.30","48.20","27.30K","+5.55%"
"07/07/2008","49.55","45.80","52.60","45.80","40.45K","+2.69%"
"07/04/2008","48.25","47.15","48.50","46.55","5.94K","+1.15%"
"07/03/2008","47.70","47.15","49.20","46.50","3.97K","-0.73%"
"07/02/2008","48.05","47.85","48.45","45.15","12.32K","+1.48%"
"07/01/2008","47.35","50.60","50.60","47.15","10.44K","-3.27%"
"06/30/2008","48.95","50.25","53.40","48.65","15.22K","-6.32%"
"06/27/2008","52.25","48.60","54.75","48.60","12.31K","-0.76%"
"06/26/2008","52.65","51.30","55.30","51.30","7.82K","+2.13%"
"06/25/2008","51.55","55.40","55.40","48.20","31.23K","-1.72%"
"06/24/2008","52.45","56.15","57.10","51.85","13.15K","-7.98%"
"06/23/2008","57.00","58.90","61.35","56.20","34.14K","-8.65%"
"06/20/2008","62.40","61.40","62.95","61.40","11.39K","+0.00%"
"06/19/2008","62.40","59.25","63.00","59.10","6.18K","-0.48%"
"06/18/2008","62.70","64.10","64.10","62.40","5.65K","-0.08%"
"06/17/2008","62.75","58.25","63.10","58.25","7.10K","+1.95%"
"06/16/2008","61.55","63.75","63.75","61.40","3.28K","-0.65%"
"06/13/2008","61.95","61.00","63.45","60.70","8.20K","+0.49%"
"06/12/2008","61.65","60.30","63.45","59.25","7.25K","+2.07%"
"06/11/2008","60.40","59.90","61.70","57.70","12.24K","+0.50%"
"06/10/2008","60.10","61.70","62.05","59.65","9.96K","-3.22%"
"06/09/2008","62.10","63.10","63.70","58.95","9.54K","-3.27%"
"06/06/2008","64.20","65.95","66.15","63.75","15.56K","-1.61%"
"06/05/2008","65.25","66.55","67.25","63.75","17.96K","+0.23%"
"06/04/2008","65.10","69.30","70.70","64.65","39.68K","-8.25%"
"06/03/2008","70.95","68.60","71.40","68.60","150.69K","-0.07%"
"06/02/2008","71.00","70.40","71.60","70.40","254.69K","-0.35%"
"05/30/2008","71.25","71.40","71.40","70.90","77.04K","-0.21%"
"05/29/2008","71.40","71.75","71.75","71.20","144.03K","-0.07%"
"05/28/2008","71.45","71.05","71.60","71.05","126.89K","+0.14%"
"05/27/2008","71.35","71.15","71.50","71.05","251.36K","-0.07%"
"05/26/2008","71.40","71.10","71.60","71.10","440.50K","+0.21%"
"05/23/2008","71.25","71.25","71.60","71.05","101.33K","+0.00%"
"05/22/2008","71.25","71.05","71.40","71.05","67.05K","+0.00%"
"05/21/2008","71.25","70.35","71.70","70.35","52.02K","+0.00%"
"05/20/2008","71.25","71.35","72.80","70.80","192.30K","+0.35%"
"05/16/2008","71.00","70.55","71.30","70.35","117.34K","+0.14%"
"05/15/2008","70.90","71.25","71.70","70.70","309.76K","+0.00%"
"05/14/2008","70.90","71.40","71.40","70.05","138.63K","+0.35%"
"05/13/2008","70.65","70.35","71.05","69.40","496.34K","+1.58%"
"05/12/2008","69.55","68.65","70.25","68.65","50.83K","-0.14%"
"05/09/2008","69.65","69.40","70.55","69.40","65.73K","-0.07%"
"05/08/2008","69.70","69.40","70.00","69.40","29.61K","-0.07%"
"05/07/2008","69.75","69.40","71.75","69.40","271.08K","+0.14%"
"05/06/2008","69.65","69.45","70.00","69.45","39.06K","-0.14%"
"05/05/2008","69.75","69.65","70.00","69.30","41.30K","+0.14%"
"05/02/2008","69.65","70.50","70.50","69.40","31.32K","-0.14%"
"04/30/2008","69.75","69.30","70.00","69.30","36.02K","+0.43%"
"04/29/2008","69.45","69.10","70.00","69.05","41.89K","+0.07%"
"04/28/2008","69.40","70.50","70.50","69.25","34.42K","+0.00%"
"04/25/2008","69.40","69.90","69.90","68.85","43.31K","-0.07%"
"04/24/2008","69.45","70.05","70.05","68.20","92.72K","-0.07%"
"04/23/2008","69.50","69.30","70.65","69.05","113.17K","-0.07%"
"04/22/2008","69.55","70.00","71.00","69.40","92.48K","-0.14%"
"04/21/2008","69.65","68.60","69.95","68.30","119.91K","+1.38%"
"04/17/2008","68.70","69.00","69.00","68.30","26.71K","+0.59%"
"04/16/2008","68.30","67.00","69.10","67.00","67.99K","+1.04%"
"04/15/2008","67.60","66.95","67.95","66.95","34.48K","+0.00%"
"04/11/2008","67.60","67.40","67.85","67.40","22.84K","+0.00%"
"04/10/2008","67.60","67.85","67.85","67.40","22.20K","+0.22%"
"04/09/2008","67.45","67.25","67.95","67.25","53.36K","+0.22%"
"04/08/2008","67.30","66.60","67.40","66.60","25.50K","+0.75%"
"04/07/2008","66.80","67.85","67.85","66.60","63.93K","-0.74%"
"04/04/2008","67.30","67.25","67.50","66.95","39.65K","+0.00%"
"04/03/2008","67.30","66.00","67.45","66.00","92.93K","+0.67%"
"04/02/2008","66.85","67.60","67.60","66.60","29.87K","+0.22%"
"04/01/2008","66.70","67.40","67.55","66.60","41.30K","-0.52%"
"03/31/2008","67.05","66.60","67.70","66.60","69.72K","+0.15%"
"03/28/2008","66.95","66.10","67.25","66.10","42.87K","+0.53%"
"03/27/2008","66.60","65.80","66.80","65.50","64.71K","+1.22%"
"03/26/2008","65.80","65.00","66.15","65.00","84.94K","+0.30%"
"03/25/2008","65.60","66.50","66.50","65.15","74.95K","-0.08%"
"03/24/2008","65.65","63.10","65.85","63.10","131.96K","-0.30%"
"03/19/2008","65.85","65.95","67.50","65.80","145.99K","-0.15%"
"03/18/2008","65.95","65.20","66.55","65.20","142.09K","+0.23%"
"03/17/2008","65.80","64.90","66.40","64.90","513.55K","-1.20%"
"03/14/2008","66.60","67.25","67.25","66.20","111.45K","+0.38%"
"03/13/2008","66.35","65.85","67.20","65.85","249.82K","-0.90%"
"03/12/2008","66.95","70.65","70.90","66.00","242.40K","-0.81%"
"03/11/2008","67.50","67.70","67.70","66.20","699.05K","+4.73%"
"03/10/2008","64.45","64.45","64.45","64.45","37.63K","+4.97%"
"03/07/2008","61.40","61.35","61.40","60.30","286.37K","+5.05%"
"03/05/2008","58.45","56.10","58.45","55.60","111.14K","+5.03%"
"03/04/2008","55.65","53.50","56.15","53.50","146.70K","+1.74%"
"03/03/2008","54.70","53.45","56.10","52.80","121.69K","-1.53%"
"02/29/2008","55.55","55.50","56.75","53.80","83.27K","-1.77%"
"02/28/2008","56.55","56.15","57.35","55.50","137.97K","+2.26%"
"02/27/2008","55.30","53.50","55.30","52.15","117.53K","+4.93%"
"02/26/2008","52.70","53.85","53.85","52.05","43.88K","+0.09%"
"02/25/2008","52.65","54.75","54.75","52.35","42.96K","-0.94%"
"02/22/2008","53.15","51.00","53.40","51.00","52.81K","-0.47%"
"02/21/2008","53.40","51.65","53.55","51.65","70.89K","+4.71%"
"02/20/2008","51.00","53.05","53.35","50.60","65.07K","-3.41%"
"02/19/2008","52.80","52.95","53.15","51.45","113.64K","+4.35%"
"02/18/2008","50.60","48.20","50.60","48.20","42.09K","+4.98%"
"02/15/2008","48.20","46.45","48.20","45.05","75.31K","+5.13%"
"02/14/2008","45.85","45.75","45.85","44.50","78.97K","+5.04%"
"02/13/2008","43.65","46.10","46.10","43.15","57.28K","-3.75%"
"02/12/2008","45.35","48.35","48.50","45.25","54.25K","-4.83%"
"02/11/2008","47.65","48.75","49.05","47.60","42.67K","-4.89%"
"02/08/2008","50.10","51.65","51.95","49.45","68.95K","-3.65%"
"02/07/2008","52.00","53.80","54.70","51.35","105.88K","-1.05%"
"02/06/2008","52.55","51.30","53.40","51.15","89.85K","-2.32%"
"02/05/2008","53.80","52.00","54.05","52.00","91.60K","+2.28%"
"02/04/2008","52.60","55.75","56.45","52.15","156.66K","-2.05%"
"02/01/2008","53.70","56.15","56.15","52.00","111.84K","-0.92%"
"01/31/2008","54.20","56.00","56.00","51.00","210.03K","+1.59%"
"01/30/2008","53.35","53.15","53.35","53.15","29.16K","+5.02%"
"01/29/2008","50.80","50.45","50.80","49.90","58.27K","+5.07%"
"01/28/2008","48.35","48.50","49.85","47.15","90.52K","-1.83%"
"01/25/2008","49.25","47.20","50.00","47.20","147.29K","+3.47%"
"01/24/2008","47.60","52.00","55.05","46.20","266.85K","-7.12%"
"01/23/2008","51.25","45.50","53.40","45.25","262.37K","+1.99%"
"01/22/2008","50.25","50.25","50.25","50.25","11.34K","-10.03%"
"01/21/2008","55.85","62.75","62.75","55.85","120.40K","-9.99%"
"01/18/2008","62.05","65.15","65.80","60.15","127.36K","-5.91%"
"01/17/2008","65.95","64.80","67.10","64.05","170.73K","+3.29%"
"01/16/2008","63.85","65.15","65.15","62.75","122.22K","-2.89%"
"01/15/2008","65.75","66.90","69.30","65.50","104.56K","-2.66%"
"01/14/2008","67.55","70.70","70.70","66.55","156.74K","-0.95%"
"01/11/2008","68.20","68.60","72.95","65.90","274.93K","+2.94%"
"01/10/2008","66.25","73.50","74.20","63.90","322.65K","-6.43%"
"01/09/2008","70.80","70.70","73.50","66.00","252.02K","+0.00%"
"01/08/2008","70.80","77.55","78.00","69.50","323.74K","-5.09%"
"01/07/2008","74.60","74.65","78.25","73.25","270.61K","-2.55%"
"01/04/2008","76.55","81.05","81.30","73.70","287.09K","-4.37%"
"01/03/2008","80.05","76.25","83.05","69.75","719.33K","+5.26%"
"01/02/2008","76.05","78.95","79.05","75.55","316.69K","-2.81%"
"01/01/2008","78.25","81.65","81.80","77.35","309.17K","-1.20%"
"12/31/2007","79.20","80.35","82.45","78.35","331.87K","-1.12%"
"12/28/2007","80.10","76.25","81.80","76.05","519.46K","-2.67%"
"12/27/2007","82.30","86.25","86.65","80.95","1.28M","-1.50%"
"12/26/2007","83.55","73.70","83.65","72.10","2.64M","+9.93%"
"12/24/2007","76.00","85.25","85.95","76.00","1.14M","-10.01%"
"12/20/2007","84.45","98.70","98.75","84.45","2.41M","-9.97%"
"12/19/2007","93.80","93.35","94.05","85.50","2.50M","+9.71%"
"12/18/2007","85.50","72.10","85.50","72.10","4.11M","+20.00%"
"12/17/2007","71.25","64.45","74.75","63.75","2.39M","+14.37%"
"12/14/2007","62.30","53.15","62.30","52.50","1.92M","+20.04%"
"12/13/2007","51.90","53.30","54.65","51.35","273.28K","+0.19%"
"12/12/2007","51.80","51.90","52.35","51.15","79.00K","-0.29%"
"12/11/2007","51.95","52.60","52.95","51.30","206.17K","+2.06%"
"12/10/2007","50.90","52.60","52.60","50.25","94.18K","-1.74%"
"12/07/2007","51.80","53.50","54.40","51.30","93.05K","-1.33%"
"12/06/2007","52.50","53.30","54.75","52.00","186.89K","+0.29%"
"12/05/2007","52.35","52.40","53.40","50.65","171.30K","+1.45%"
"12/04/2007","51.60","51.00","52.70","50.55","163.04K","+2.08%"
"12/03/2007","50.55","51.10","51.30","49.70","100.93K","+0.60%"
"11/30/2007","50.25","51.10","52.35","49.90","137.06K","+0.50%"
"11/29/2007","50.00","52.15","53.10","49.60","118.05K","-2.82%"
"11/28/2007","51.45","54.40","54.40","51.00","137.26K","-2.09%"
"11/27/2007","52.55","52.80","54.05","52.05","165.81K","-1.87%"
"11/26/2007","53.55","51.90","55.45","48.50","569.13K","+4.08%"
"11/23/2007","51.45","51.30","54.05","50.65","330.19K","+2.90%"
"11/22/2007","50.00","52.00","52.55","48.50","322.17K","+1.21%"
"11/21/2007","49.40","53.85","55.40","47.15","1.35M","-2.85%"
"11/20/2007","50.85","45.55","52.05","44.35","1.48M","+17.30%"
"11/19/2007","43.35","40.35","44.00","40.20","203.80K","+8.38%"
"11/16/2007","40.00","39.00","40.25","38.95","50.52K","+2.56%"
"11/15/2007","39.00","39.40","40.20","38.80","19.98K","-0.51%"
"11/14/2007","39.20","41.60","41.60","39.00","28.20K","-2.37%"
"11/13/2007","40.15","38.95","40.85","38.95","22.18K","+0.00%"
"11/12/2007","40.15","39.50","40.90","38.15","39.10K","+2.55%"
"11/09/2007","39.15","38.25","39.50","38.25","7.43K","+1.82%"
"11/08/2007","38.45","37.55","39.50","37.55","9.45K","-0.77%"
"11/07/2007","38.75","39.50","39.50","38.60","19.76K","-1.27%"
"11/06/2007","39.25","40.40","40.75","39.15","17.13K","-2.24%"
"11/05/2007","40.15","41.40","41.40","39.85","17.06K","+0.00%"
"11/02/2007","40.15","40.15","40.85","39.85","16.85K","-0.86%"
"11/01/2007","40.50","41.60","41.90","40.20","33.21K","-2.41%"
"10/31/2007","41.50","38.85","41.60","38.85","66.05K","+4.93%"
"10/30/2007","39.55","40.95","40.95","39.50","47.50K","-3.30%"
"10/29/2007","40.90","41.60","42.30","40.75","44.90K","-1.56%"
"10/26/2007","41.55","43.00","43.00","41.05","35.25K","+0.73%"
"10/25/2007","41.25","41.30","41.80","41.00","28.19K","-0.12%"
"10/24/2007","41.30","42.90","43.00","41.10","9.74K","+0.12%"
"10/23/2007","41.25","41.85","42.50","41.10","16.35K","-2.25%"
"10/22/2007","42.20","40.95","42.30","40.20","55.15K","+4.20%"
"10/19/2007","40.50","40.25","41.95","39.50","42.71K","-1.34%"
"10/18/2007","41.05","42.20","42.90","40.20","45.37K","-1.32%"
"10/17/2007","41.60","39.50","42.20","38.90","32.09K","+0.00%"
"10/16/2007","41.60","41.70","42.25","41.35","29.45K","-1.65%"
"10/15/2007","42.30","41.75","42.95","41.60","30.43K","+0.00%"
"10/12/2007","42.30","42.05","42.95","41.35","24.84K","-0.82%"
"10/11/2007","42.65","41.60","43.35","41.60","19.64K","+2.40%"
"10/10/2007","41.65","41.00","42.65","40.90","32.95K","-0.12%"
"10/09/2007","41.70","40.90","42.65","40.40","17.33K","-0.60%"
"10/08/2007","41.95","43.35","43.35","41.35","25.20K","-0.94%"
"10/05/2007","42.35","43.60","43.60","42.20","23.31K","+0.36%"
"10/04/2007","42.20","43.65","44.15","41.95","47.98K","-2.09%"
"10/03/2007","43.10","44.35","44.65","43.00","48.43K","-1.82%"
"10/01/2007","43.90","44.90","44.90","43.50","30.01K","-1.01%"
"09/28/2007","44.35","43.60","44.65","43.45","66.16K","+0.80%"
"09/27/2007","44.00","45.05","45.05","43.65","48.52K","-1.12%"
"09/26/2007","44.50","45.05","45.70","44.20","30.44K","-1.22%"
"09/25/2007","45.05","43.80","45.25","43.80","28.98K","+1.81%"
"09/24/2007","44.25","43.10","44.65","43.10","58.68K","+1.72%"
"09/21/2007","43.50","45.00","45.00","43.20","40.95K","-2.03%"
"09/20/2007","44.40","45.75","45.75","44.10","31.22K","+0.00%"
"09/19/2007","44.40","44.55","45.05","44.00","36.02K","-0.67%"
"09/18/2007","44.70","45.90","45.90","44.35","48.02K","-0.89%"
"09/17/2007","45.10","45.65","45.65","44.70","13.85K","+1.35%"
"09/14/2007","44.50","44.45","46.20","44.40","16.45K","-0.67%"
"09/13/2007","44.80","46.05","46.05","44.55","14.00K","-2.08%"
"09/12/2007","45.75","45.05","45.80","45.05","59.56K","+1.10%"
"09/11/2007","45.25","44.35","45.60","44.35","52.08K","+2.72%"
"09/10/2007","44.05","43.80","44.35","43.45","18.91K","-0.11%"
"09/07/2007","44.10","41.70","44.65","41.70","40.65K","-1.12%"
"09/06/2007","44.60","43.85","44.85","43.65","46.32K","+1.36%"
"09/05/2007","44.00","44.60","44.70","43.35","34.80K","-1.12%"
"09/04/2007","44.50","44.45","44.70","43.75","30.90K","+0.11%"
"09/03/2007","44.45","43.85","44.70","43.00","27.50K","+1.02%"
"08/31/2007","44.00","43.65","44.30","43.15","13.91K","+0.46%"
"08/30/2007","43.80","44.35","44.35","43.15","22.22K","+0.34%"
"08/29/2007","43.65","42.65","43.85","42.40","14.97K","+2.11%"
"08/28/2007","42.75","44.35","44.35","42.65","10.91K","-1.50%"
"08/27/2007","43.40","44.00","44.00","41.90","26.76K","+3.95%"
"08/24/2007","41.75","42.30","43.55","41.35","19.39K","-2.11%"
"08/23/2007","42.65","43.00","44.35","42.30","17.88K","+0.59%"
"08/22/2007","42.40","44.35","44.35","41.70","12.55K","-0.82%"
"08/21/2007","42.75","43.85","44.70","42.30","36.09K","-2.51%"
"08/20/2007","43.85","44.05","45.00","43.75","34.96K","+0.46%"
"08/17/2007","43.65","45.05","45.05","43.10","32.95K","-2.24%"
"08/16/2007","44.65","43.90","45.35","43.80","35.27K","-0.56%"
"08/14/2007","44.90","43.80","45.40","43.80","35.67K","-0.22%"
"08/13/2007","45.00","45.05","45.75","43.75","38.88K","+1.47%"
"08/10/2007","44.35","42.65","44.60","42.65","20.21K","-0.56%"
"08/09/2007","44.60","45.05","45.05","44.20","53.00K","+0.56%"
"08/08/2007","44.35","44.80","44.85","44.05","31.00K","-0.56%"
"08/07/2007","44.60","45.05","45.75","44.45","25.42K","-0.34%"
"08/06/2007","44.75","42.65","45.00","42.50","60.74K","+0.45%"
"08/03/2007","44.55","43.80","45.30","43.80","36.21K","+0.45%"
"08/02/2007","44.35","45.05","45.35","43.80","25.11K","-1.11%"
"08/01/2007","44.85","43.80","45.75","43.65","114.03K","+0.34%"
"07/31/2007","44.70","44.00","45.05","43.50","40.68K","+2.17%"
"07/30/2007","43.75","43.35","44.35","42.30","36.25K","-1.46%"
"07/27/2007","44.40","43.35","45.00","43.35","65.92K","-0.45%"
"07/26/2007","44.60","44.70","45.25","44.25","74.08K","-1.22%"
"07/25/2007","45.15","45.15","45.75","44.55","57.74K","+0.00%"
"07/24/2007","45.15","45.00","45.75","44.10","63.31K","+1.80%"
"07/23/2007","44.35","44.50","45.05","44.00","70.04K","-2.42%"
"07/20/2007","45.45","46.10","46.10","44.10","115.81K","-0.76%"
"07/19/2007","45.80","45.05","46.40","45.05","216.84K","+1.55%"
"07/18/2007","45.10","41.70","46.45","41.70","285.48K","+6.87%"
"07/17/2007","42.20","41.05","42.45","41.00","88.56K","+1.81%"
"07/16/2007","41.45","40.55","41.80","40.55","33.79K","+1.47%"
"07/13/2007","40.85","41.95","42.20","40.65","57.83K","-1.57%"
"07/12/2007","41.50","42.40","42.40","41.25","33.25K","-1.31%"
"07/11/2007","42.05","40.20","42.40","39.85","113.34K","+4.08%"
"07/10/2007","40.40","41.25","41.55","40.15","49.25K","-1.22%"
"07/09/2007","40.90","41.15","41.50","40.30","79.01K","+0.62%"
"07/06/2007","40.65","41.90","41.90","40.60","46.70K","-0.85%"
"07/05/2007","41.00","42.30","42.30","40.80","27.15K","-1.44%"
"07/04/2007","41.60","42.25","42.30","41.10","91.63K","-0.95%"
"07/03/2007","42.00","42.10","42.90","41.95","25.90K","-0.24%"
"07/02/2007","42.10","41.60","43.10","41.60","40.82K","-2.88%"
"06/29/2007","43.35","43.95","44.35","42.75","112.43K","+0.70%"
"06/28/2007","43.05","40.85","43.05","40.30","337.97K","+5.13%"
"06/27/2007","40.95","40.55","41.55","39.85","55.86K","+0.24%"
"06/26/2007","40.85","42.60","42.60","40.30","62.54K","-1.68%"
"06/25/2007","41.55","41.60","42.30","41.40","27.36K","-0.84%"
"06/22/2007","41.90","42.85","43.00","41.70","44.63K","-0.71%"
"06/21/2007","42.20","41.00","42.75","41.00","44.46K","+0.24%"
"06/20/2007","42.10","41.60","42.65","41.00","95.14K","-1.06%"
"06/19/2007","42.55","42.40","43.25","42.40","77.98K","-1.28%"
"06/18/2007","43.10","42.40","43.20","42.40","51.23K","+0.58%"
"06/15/2007","42.85","44.00","44.00","42.75","30.75K","-0.46%"
"06/14/2007","43.05","42.90","43.60","42.05","65.89K","+2.50%"
"06/13/2007","42.00","43.00","43.60","41.70","35.40K","-0.24%"
"06/12/2007","42.10","43.65","43.65","41.75","46.33K","-1.41%"
"06/11/2007","42.70","40.95","43.65","40.95","118.39K","+0.12%"
"06/08/2007","42.65","41.60","43.45","41.60","52.87K","-0.47%"
"06/07/2007","42.85","43.65","43.65","42.40","45.04K","-1.04%"
"06/06/2007","43.30","44.25","44.40","43.15","65.29K","-1.48%"
"06/05/2007","43.95","43.80","44.30","43.40","104.17K","-0.90%"
"06/04/2007","44.35","43.60","45.05","43.35","354.10K","+3.02%"
"06/01/2007","43.05","42.30","43.35","42.10","142.51K","+2.87%"
"05/31/2007","41.85","43.65","43.65","41.60","133.09K","-2.11%"
"05/30/2007","42.75","44.35","44.35","42.50","103.72K","-1.84%"
"05/29/2007","43.55","45.00","45.00","43.15","102.14K","-1.80%"
"05/28/2007","44.35","46.10","46.10","43.80","244.67K","-0.34%"
"05/25/2007","44.50","40.55","44.50","40.40","305.13K","+5.08%"
"05/24/2007","42.35","43.00","43.65","42.30","322.89K","-4.94%"
"05/23/2007","44.55","47.75","47.75","44.55","196.54K","-4.91%"
"05/22/2007","46.85","48.55","48.55","46.65","156.56K","-3.30%"
"05/21/2007","48.45","47.65","49.20","46.80","257.91K","+2.98%"
"05/18/2007","47.05","48.75","48.75","46.70","260.72K","-3.19%"
"05/17/2007","48.60","49.80","49.95","48.20","876.85K","+2.21%"
"05/16/2007","47.55","46.45","47.55","45.80","688.32K","+5.08%"
"05/15/2007","45.25","45.20","45.25","43.45","882.27K","+4.99%"
"05/14/2007","43.10","43.10","43.10","41.30","511.94K","+5.12%"
"05/11/2007","41.00","39.50","41.95","39.50","311.88K","+1.86%"
"05/10/2007","40.25","42.20","42.55","39.90","353.96K","-3.94%"
"05/09/2007","41.90","42.30","44.85","41.25","1.48M","-1.87%"
"05/08/2007","42.70","41.50","43.25","39.70","1.62M","+8.65%"
"05/07/2007","39.30","36.75","39.30","36.75","294.12K","+9.93%"
"05/04/2007","35.75","35.70","36.40","35.35","58.50K","+1.42%"
"05/03/2007","35.25","34.65","35.35","34.40","47.52K","+2.32%"
"04/30/2007","34.45","33.10","35.30","33.05","17.30K","-1.43%"
"04/27/2007","34.95","35.20","35.20","34.40","18.28K","+1.01%"
"04/26/2007","34.60","35.35","35.35","34.30","28.23K","-1.98%"
"04/25/2007","35.30","35.05","35.55","34.85","37.16K","+1.00%"
"04/24/2007","34.95","35.55","35.65","34.65","32.46K","+0.43%"
"04/23/2007","34.80","35.50","35.50","34.65","21.62K","+0.87%"
"04/20/2007","34.50","34.80","34.80","34.25","14.93K","+0.00%"
"04/19/2007","34.50","34.20","34.65","34.20","11.67K","+1.17%"
"04/18/2007","34.10","35.70","35.70","33.30","26.96K","-1.30%"
"04/17/2007","34.55","34.45","34.65","34.40","12.93K","+0.14%"
"04/16/2007","34.50","34.65","34.75","34.45","28.29K","+0.00%"
"04/13/2007","34.50","34.55","34.60","34.30","23.32K","+0.15%"
"04/12/2007","34.45","34.60","34.65","34.00","9.51K","-0.43%"
"04/11/2007","34.60","34.30","34.65","34.30","6.19K","+0.44%"
"04/10/2007","34.45","35.00","35.00","33.90","13.96K","+0.00%"
"04/09/2007","34.45","34.90","34.90","34.30","11.77K","+0.00%"
"04/05/2007","34.45","34.65","34.65","34.40","7.13K","-0.43%"
"04/04/2007","34.60","34.65","34.65","34.30","13.50K","-0.14%"
"04/03/2007","34.65","34.65","35.20","34.30","13.93K","+0.00%"
"04/02/2007","34.65","34.55","35.20","34.55","13.08K","-1.42%"
"03/30/2007","35.15","35.00","35.70","34.80","118.45K","+0.43%"
"03/29/2007","35.00","35.35","35.35","34.80","8.94K","+0.14%"
"03/28/2007","34.95","35.35","36.00","34.75","30.00K","-2.37%"
"03/26/2007","35.80","36.75","36.75","35.65","70.86K","-1.65%"
"03/23/2007","36.40","36.65","37.20","36.25","76.07K","+1.53%"
"03/22/2007","35.85","35.10","36.25","34.80","78.04K","+3.17%"
"03/21/2007","34.75","34.40","35.00","34.25","66.01K","+1.02%"
"03/20/2007","34.40","35.00","35.00","34.25","21.67K","-0.58%"
"03/19/2007","34.60","35.00","35.20","34.60","57.26K","+0.29%"
"03/16/2007","34.50","34.95","36.40","34.15","120.06K","-1.15%"
"03/15/2007","34.90","34.85","36.05","34.65","34.81K","+0.87%"
"03/14/2007","34.60","34.25","35.15","34.25","15.43K","-0.57%"
"03/13/2007","34.80","35.00","35.25","34.65","5.64K","+1.75%"
"03/12/2007","34.20","34.30","35.35","34.05","25.68K","-1.16%"
"03/09/2007","34.60","35.00","36.05","34.30","11.83K","-0.14%"
"03/08/2007","34.65","34.55","34.85","33.95","12.38K","+0.29%"
"03/07/2007","34.55","35.35","35.85","34.30","46.47K","-1.14%"
"03/06/2007","34.95","35.35","36.40","34.60","38.34K","+0.58%"
"03/05/2007","34.75","36.40","36.80","34.30","50.39K","-5.95%"
"03/02/2007","36.95","37.85","37.90","36.60","73.05K","-0.67%"
"03/01/2007","37.20","37.45","38.80","37.00","160.46K","+1.22%"
"02/28/2007","36.75","34.65","38.75","33.85","563.64K","+3.23%"
"02/27/2007","35.60","34.25","35.60","34.25","41.10K","+10.05%"
"02/26/2007","32.35","31.50","32.60","31.50","16.60K","+1.09%"
"02/23/2007","32.00","33.95","33.95","31.20","37.72K","-4.19%"
"02/22/2007","33.40","34.45","34.45","33.35","3.55K","-1.62%"
"02/21/2007","33.95","35.00","35.00","33.85","18.42K","-0.73%"
"02/20/2007","34.20","34.65","35.00","33.85","31.97K","+0.44%"
"02/19/2007","34.05","33.30","34.95","33.30","21.05K","+1.04%"
"02/15/2007","33.70","34.15","34.15","33.60","13.19K","+0.75%"
"02/14/2007","33.45","33.95","33.95","33.35","7.86K","-1.33%"
"02/13/2007","33.90","34.65","34.65","33.50","14.81K","+0.44%"
"02/12/2007","33.75","34.75","34.75","33.65","30.41K","-2.74%"
"02/09/2007","34.70","34.85","35.60","34.65","22.88K","+0.00%"
"02/08/2007","34.70","35.00","35.30","34.65","25.04K","-1.28%"
"02/07/2007","35.15","35.65","35.65","35.05","20.73K","-0.42%"
"02/06/2007","35.30","36.20","36.20","35.15","22.76K","-0.70%"
"02/05/2007","35.55","36.65","36.65","35.35","47.85K","-0.97%"
"02/02/2007","35.90","35.85","36.05","35.50","11.71K","+1.13%"
"02/01/2007","35.50","36.20","36.20","35.40","53.22K","-0.70%"
"01/31/2007","35.75","35.70","36.40","35.45","22.82K","-0.56%"
"01/29/2007","35.95","36.05","36.40","35.90","14.79K","-0.96%"
"01/25/2007","36.30","36.20","36.65","36.00","8.55K","+0.14%"
"01/24/2007","36.25","35.90","37.45","35.80","37.02K","+1.54%"
"01/23/2007","35.70","35.90","37.70","35.45","27.73K","-0.83%"
"01/22/2007","36.00","35.35","36.65","35.35","25.92K","-0.28%"
"01/19/2007","36.10","36.20","36.60","36.05","10.78K","-0.82%"
"01/18/2007","36.40","37.00","37.00","36.05","13.63K","-0.82%"
"01/17/2007","36.70","35.85","37.10","35.75","12.43K","+0.27%"
"01/16/2007","36.60","36.75","37.10","36.35","30.97K","+0.69%"
"01/15/2007","36.35","36.65","37.05","36.35","15.06K","-0.68%"
"01/12/2007","36.60","36.65","36.75","35.70","56.78K","+3.10%"
"01/11/2007","35.50","35.90","36.15","35.40","9.07K","+0.14%"
"01/10/2007","35.45","35.85","36.05","35.35","24.22K","-1.12%"
"01/09/2007","35.85","35.70","36.35","35.70","8.86K","-0.14%"
"01/08/2007","35.90","36.10","36.45","35.75","18.46K","-1.37%"
"01/05/2007","36.40","36.75","36.75","36.25","22.19K","+0.00%"
"01/04/2007","36.40","37.20","37.20","36.20","15.43K","-0.14%"
"01/03/2007","36.45","36.90","37.10","36.15","28.85K","-1.22%"
"01/02/2007","36.90","36.60","37.10","36.20","35.07K","+2.36%"
"12/29/2006","36.05","36.05","36.75","35.90","21.05K","-0.28%"
"12/28/2006","36.15","35.70","36.45","35.70","15.20K","-0.55%"
"12/27/2006","36.35","37.00","37.05","35.90","13.33K","+0.28%"
"12/26/2006","36.25","36.20","37.20","36.05","27.96K","+0.14%"
"12/22/2006","36.20","36.45","36.45","36.05","15.81K","+0.42%"
"12/21/2006","36.05","36.40","36.40","35.90","23.84K","+0.42%"
"12/20/2006","35.90","36.05","37.10","35.75","15.10K","-1.10%"
"12/19/2006","36.30","35.90","37.10","35.75","17.87K","-1.63%"
"12/18/2006","36.90","37.10","37.10","35.85","16.79K","+2.22%"
"12/15/2006","36.10","37.70","37.70","35.70","21.78K","-0.41%"
"12/14/2006","36.25","36.95","36.95","35.35","10.99K","+2.11%"
"12/13/2006","35.50","34.65","35.80","34.65","18.74K","+1.43%"
"12/12/2006","35.00","36.40","37.30","34.80","28.84K","-3.45%"
"12/11/2006","36.25","37.15","37.45","36.10","31.26K","-3.85%"
"12/08/2006","37.70","37.10","38.75","37.10","28.75K","+0.53%"
"12/07/2006","37.50","37.30","38.75","36.90","20.87K","-0.92%"
"12/06/2006","37.85","39.50","39.50","37.55","47.07K","-2.45%"
"12/05/2006","38.80","40.15","41.25","37.65","132.35K","-3.12%"
"12/04/2006","40.05","39.85","42.50","38.65","431.30K","+3.62%"
"12/01/2006","38.65","38.05","38.90","36.05","384.24K","+9.34%"
"11/30/2006","35.35","35.45","35.75","35.35","24.59K","-0.28%"
"11/29/2006","35.45","35.50","35.85","35.35","15.45K","-0.70%"
"11/28/2006","35.70","35.70","36.05","35.40","17.66K","-0.14%"
"11/27/2006","35.75","36.20","36.70","35.70","57.57K","-2.05%"
"11/24/2006","36.50","37.30","37.30","36.05","60.77K","-2.80%"
"11/23/2006","37.55","37.35","37.90","36.80","78.23K","+0.13%"
"11/22/2006","37.50","37.45","37.95","37.10","32.46K","+2.04%"
"11/21/2006","36.75","36.50","37.30","36.50","12.00K","+1.10%"
"11/20/2006","36.35","37.55","39.80","35.70","41.29K","-1.22%"
"11/17/2006","36.80","36.75","37.60","36.75","21.55K","-0.54%"
"11/16/2006","37.00","38.15","38.15","36.75","16.13K","-3.14%"
"11/15/2006","38.20","37.45","38.55","37.45","27.74K","-0.13%"
"11/14/2006","38.25","38.15","39.70","37.75","107.96K","+3.80%"
"11/13/2006","36.85","37.20","37.70","36.45","13.05K","-1.60%"
"11/10/2006","37.45","37.50","37.70","37.45","23.90K","+0.13%"
"11/09/2006","37.40","37.45","37.65","37.05","19.78K","+0.13%"
"11/08/2006","37.35","37.45","37.80","37.20","18.03K","-0.27%"
"11/07/2006","37.45","37.80","38.40","37.45","40.81K","-1.19%"
"11/06/2006","37.90","37.50","38.25","37.45","34.59K","+0.53%"
"11/03/2006","37.70","38.00","38.15","37.55","9.98K","-0.26%"
"11/02/2006","37.80","37.95","38.55","37.60","25.46K","-0.79%"
"11/01/2006","38.10","38.20","38.25","37.90","35.76K","-0.39%"
"10/31/2006","38.25","38.35","38.60","38.15","15.69K","-0.26%"
"10/30/2006","38.35","39.15","39.50","38.25","45.02K","-1.54%"
"10/27/2006","38.95","39.40","39.45","38.80","20.20K","-0.38%"
"10/26/2006","39.10","39.15","39.30","38.80","42.67K","+0.90%"
"10/23/2006","38.75","37.20","41.50","37.20","22.34K","+1.44%"
"10/20/2006","38.20","38.20","38.35","37.70","18.33K","+0.39%"
"10/19/2006","38.05","38.25","38.45","37.85","29.28K","-0.26%"
"10/18/2006","38.15","38.45","38.90","37.80","50.58K","-0.39%"
"10/17/2006","38.30","38.15","38.60","37.70","36.93K","+0.26%"
"10/16/2006","38.20","38.40","38.60","37.80","27.12K","-0.52%"
"10/13/2006","38.40","38.35","38.50","38.15","81.22K","+0.66%"
"10/12/2006","38.15","38.30","38.75","37.85","50.37K","-0.26%"
"10/11/2006","38.25","37.50","39.60","37.50","57.50K","+1.19%"
"10/10/2006","37.80","36.10","38.45","36.10","91.78K","+3.56%"
"10/09/2006","36.50","35.75","36.75","35.75","52.75K","+2.10%"
"10/06/2006","35.75","35.70","36.00","35.30","23.59K","+0.14%"
"10/05/2006","35.70","36.75","37.00","34.80","28.78K","+0.71%"
"10/04/2006","35.45","35.30","35.65","35.10","16.46K","+1.72%"
"10/03/2006","34.85","35.30","35.60","34.30","11.70K","-0.57%"
"09/29/2006","35.05","34.95","35.35","34.85","14.50K","+0.00%"
"09/28/2006","35.05","35.50","35.55","35.05","9.35K","+0.57%"
"09/27/2006","34.85","34.95","35.55","34.75","14.65K","+0.29%"
"09/26/2006","34.75","35.00","35.25","34.65","26.56K","-0.86%"
"09/25/2006","35.05","35.00","35.20","34.90","23.17K","+0.14%"
"09/22/2006","35.00","35.55","35.55","34.85","18.91K","-0.99%"
"09/21/2006","35.35","35.75","35.75","35.05","16.66K","+0.28%"
"09/20/2006","35.25","35.35","35.80","34.95","5.86K","-0.84%"
"09/19/2006","35.55","35.80","36.00","35.35","12.78K","-0.28%"
"09/18/2006","35.65","35.95","35.95","35.40","14.71K","+0.00%"
"09/15/2006","35.65","35.35","36.05","35.35","18.06K","+0.28%"
"09/14/2006","35.55","35.90","36.30","35.35","21.15K","-0.56%"
"09/13/2006","35.75","35.20","36.35","35.20","21.84K","+1.85%"
"09/12/2006","35.10","34.75","35.50","34.75","19.89K","-2.77%"
"09/11/2006","36.10","36.40","36.55","36.05","39.25K","-0.96%"
"09/08/2006","36.45","35.10","36.65","35.10","22.37K","+2.10%"
"09/07/2006","35.70","36.40","36.40","35.35","12.90K","-1.24%"
"09/06/2006","36.15","36.05","36.60","36.05","28.79K","+0.14%"
"09/05/2006","36.10","36.35","36.65","36.00","36.16K","-0.41%"
"09/04/2006","36.25","36.15","36.50","36.15","42.73K","-0.28%"
"09/01/2006","36.35","36.40","36.75","34.65","20.67K","-0.55%"
"08/31/2006","36.55","36.35","37.45","36.35","11.48K","-0.54%"
"08/30/2006","36.75","36.90","36.95","36.45","9.81K","-0.81%"
"08/29/2006","37.05","37.15","37.70","36.75","19.18K","-0.27%"
"08/28/2006","37.15","38.40","38.40","37.00","21.35K","-2.49%"
"08/25/2006","38.10","37.45","38.60","37.05","65.72K","+3.11%"
"08/24/2006","36.95","37.80","37.80","36.75","22.72K","-0.94%"
"08/23/2006","37.30","37.65","38.15","37.20","12.74K","-2.10%"
"08/22/2006","38.10","38.20","38.65","37.65","22.63K","+0.40%"
"08/21/2006","37.95","38.60","40.20","37.55","45.27K","+1.34%"
"08/18/2006","37.45","38.45","38.45","37.10","17.48K","-1.06%"
"08/17/2006","37.85","39.30","39.30","37.65","21.10K","-3.20%"
"08/16/2006","39.10","40.55","40.55","38.50","44.11K","+1.43%"
"08/14/2006","38.55","42.65","42.65","37.50","138.70K","-3.26%"
"08/11/2006","39.85","37.55","39.85","37.45","184.98K","+9.93%"
"08/10/2006","36.25","35.05","36.75","35.00","91.52K","+5.99%"
"08/09/2006","34.20","33.70","34.55","33.70","10.30K","+0.59%"
"08/08/2006","34.00","33.60","34.55","33.60","10.85K","+1.19%"
"08/07/2006","33.60","33.70","34.40","33.00","10.76K","-0.44%"
"08/04/2006","33.75","34.60","35.15","33.35","13.78K","-0.88%"
"08/03/2006","34.05","34.15","34.95","33.60","63.41K","+2.25%"
"08/02/2006","33.30","34.05","34.05","33.30","8.76K","-1.19%"
"08/01/2006","33.70","32.95","34.15","32.95","4.66K","-0.59%"
"07/31/2006","33.90","33.55","34.30","32.70","8.29K","+2.73%"
"07/28/2006","33.00","32.60","33.85","32.45","9.65K","+1.07%"
"07/27/2006","32.65","31.75","32.70","31.10","14.44K","+3.82%"
"07/26/2006","31.45","30.85","31.45","30.85","3.13K","+2.44%"
"07/25/2006","30.70","30.65","32.35","30.45","13.83K","-0.49%"
"07/24/2006","30.85","31.80","31.90","30.70","17.92K","-1.44%"
"07/21/2006","31.30","31.90","32.15","31.20","9.92K","-2.49%"
"07/20/2006","32.10","32.65","32.65","32.10","10.67K","-1.83%"
"07/19/2006","32.70","32.50","34.15","32.15","6.94K","+0.31%"
"07/18/2006","32.60","32.60","34.15","32.25","7.17K","-1.06%"
"07/17/2006","32.95","32.95","33.95","32.40","11.21K","-0.15%"
"07/14/2006","33.00","32.30","33.60","32.30","7.47K","-0.90%"
"07/13/2006","33.30","34.20","34.25","33.30","9.58K","-0.45%"
"07/12/2006","33.45","33.60","33.95","33.00","11.25K","-0.89%"
"07/11/2006","33.75","33.55","34.65","33.55","14.91K","-1.60%"
"07/10/2006","34.30","34.75","34.95","34.05","6.40K","-1.29%"
"07/07/2006","34.75","35.10","35.75","34.65","22.30K","-0.57%"
"07/06/2006","34.95","35.35","36.05","34.70","7.53K","-1.96%"
"07/05/2006","35.65","35.30","35.90","35.00","10.70K","+1.71%"
"07/04/2006","35.05","35.70","36.05","34.65","14.67K","-2.91%"
"07/03/2006","36.10","36.40","37.30","35.70","35.33K","+1.55%"
"06/30/2006","35.55","34.65","35.55","34.65","12.25K","+5.02%"
"06/29/2006","33.85","34.65","34.65","33.75","10.13K","+0.30%"
"06/28/2006","33.75","32.70","33.85","32.70","4.47K","-0.59%"
"06/27/2006","33.95","33.60","33.95","33.00","3.69K","+0.00%"
"06/26/2006","33.95","36.05","36.05","33.70","12.84K","-3.14%"
"06/23/2006","35.05","35.20","35.30","34.55","6.76K","-0.71%"
"06/22/2006","35.30","35.90","36.00","35.00","19.76K","+1.00%"
"06/21/2006","34.95","34.60","35.65","34.30","26.14K","+2.95%"
"06/20/2006","33.95","33.95","34.10","31.35","21.10K","+3.82%"
"06/19/2006","32.70","32.65","33.00","30.75","19.43K","+1.55%"
"06/16/2006","32.20","30.85","32.75","30.85","48.83K","+3.21%"
"06/15/2006","31.20","30.85","31.20","28.45","34.01K","+5.05%"
"06/14/2006","29.70","30.65","31.05","29.70","49.02K","-4.96%"
"06/13/2006","31.25","31.95","32.60","31.20","14.40K","-4.87%"
"06/12/2006","32.85","33.60","33.75","31.95","24.73K","+2.18%"
"06/09/2006","32.15","30.50","32.15","29.10","34.29K","+5.07%"
"06/08/2006","30.60","31.20","31.80","30.40","39.01K","-4.37%"
"06/07/2006","32.00","33.05","36.20","31.65","50.60K","-8.83%"
"06/06/2006","35.10","35.70","35.70","34.75","28.88K","-2.64%"
"06/05/2006","36.05","34.25","37.30","34.25","16.10K","-1.90%"
"06/02/2006","36.75","37.45","40.80","34.30","97.83K","-3.03%"
"06/01/2006","37.90","41.60","41.60","37.45","27.98K","-5.49%"
"05/31/2006","40.10","40.20","41.60","39.30","33.91K","-2.43%"
"05/30/2006","41.10","42.95","42.95","40.35","15.39K","-1.67%"
"05/29/2006","41.80","42.70","42.70","41.40","13.15K","+0.12%"
"05/26/2006","41.75","40.90","42.35","40.90","23.43K","+2.45%"
"05/25/2006","40.75","43.35","43.35","40.50","35.47K","-2.86%"
"05/24/2006","41.95","41.25","43.00","41.25","39.30K","+1.82%"
"05/23/2006","41.20","39.50","42.30","37.50","52.84K","+2.23%"
"05/22/2006","40.30","43.65","43.65","39.20","68.41K","-7.46%"
"05/19/2006","43.55","49.75","49.75","43.00","57.70K","-5.22%"
"05/18/2006","45.95","47.15","48.45","45.55","66.92K","-5.36%"
"05/17/2006","48.55","50.35","50.35","47.20","46.83K","+3.63%"
"05/16/2006","46.85","48.75","48.95","45.05","93.00K","-3.30%"
"05/15/2006","48.45","49.65","50.60","47.85","90.56K","-2.61%"
"05/12/2006","49.75","49.30","50.85","46.45","56.30K","-2.45%"
"05/11/2006","51.00","49.30","51.95","49.30","66.37K","-0.39%"
"05/10/2006","51.20","51.75","52.35","50.95","41.03K","+0.20%"
"05/09/2006","51.10","47.95","51.95","47.95","70.72K","-1.35%"
"05/08/2006","51.80","50.60","53.95","50.25","242.15K","+3.81%"
"05/05/2006","49.90","52.55","52.70","47.15","186.57K","-4.41%"
"05/04/2006","52.20","52.40","53.70","52.00","198.05K","-0.29%"
"05/03/2006","52.35","55.35","55.35","51.30","277.45K","-4.47%"
"05/02/2006","54.80","56.45","57.75","53.85","421.01K","+2.62%"
"04/28/2006","53.40","48.45","55.10","46.30","1.35M","+6.06%"
"04/27/2006","50.35","45.80","53.30","45.80","2.31M","+12.39%"
"04/26/2006","44.80","38.80","44.80","36.05","781.05K","+19.95%"
"04/25/2006","37.35","38.45","38.45","37.10","16.26K","+0.00%"
"04/24/2006","37.35","37.10","38.40","37.00","27.05K","+0.27%"
"04/21/2006","37.25","37.45","38.45","37.20","12.36K","-0.40%"
"04/20/2006","37.40","39.45","39.45","37.10","34.13K","-3.73%"
"04/19/2006","38.85","38.70","39.00","38.30","84.84K","+0.26%"
"04/18/2006","38.75","42.95","42.95","38.55","12.97K","+0.91%"
"04/17/2006","38.40","38.60","39.70","38.15","13.72K","-1.92%"
"04/13/2006","39.15","39.15","39.50","38.15","39.54K","-1.01%"
"04/12/2006","39.55","40.30","40.35","39.15","9.69K","-0.75%"
"04/10/2006","39.85","39.25","40.20","38.30","37.94K","-0.37%"
"04/07/2006","40.00","41.45","41.45","39.90","46.81K","-0.99%"
"04/05/2006","40.40","40.95","40.95","40.30","23.86K","-0.62%"
"04/04/2006","40.65","40.60","41.50","40.50","9.71K","-1.57%"
"04/03/2006","41.30","40.35","41.60","39.80","28.09K","+1.98%"
"03/31/2006","40.50","40.20","41.60","40.20","9.16K","-0.61%"
"03/30/2006","40.75","41.25","41.65","39.85","38.18K","-0.12%"
"03/29/2006","40.80","39.15","41.05","39.15","52.48K","+6.11%"
"03/28/2006","38.45","38.45","39.30","38.00","74.06K","+2.81%"
"03/27/2006","37.40","36.45","37.90","36.45","20.47K","+1.49%"
"03/24/2006","36.85","37.45","37.75","36.45","21.71K","-0.67%"
"03/23/2006","37.10","36.90","38.40","35.30","327.74K","-0.13%"
"03/22/2006","37.15","38.05","38.05","36.95","8.87K","-1.98%"
"03/21/2006","37.90","39.25","39.25","37.80","11.96K","-0.92%"
"03/20/2006","38.25","38.60","39.30","38.00","18.46K","-0.39%"
"03/17/2006","38.40","40.75","40.75","37.10","31.74K","+3.23%"
"03/16/2006","37.20","36.20","37.80","36.10","35.16K","-0.27%"
"03/14/2006","37.30","38.15","38.35","37.20","23.56K","-0.40%"
"03/13/2006","37.45","38.80","39.15","36.75","37.91K","-3.35%"
"03/10/2006","38.75","39.15","40.70","38.50","23.48K","-0.64%"
"03/09/2006","39.00","40.85","40.85","38.45","17.97K","-0.89%"
"03/08/2006","39.35","39.85","40.15","39.35","31.62K","-1.87%"
"03/07/2006","40.10","40.80","40.80","39.85","23.38K","-1.35%"
"03/06/2006","40.65","40.70","41.50","40.35","23.11K","-0.12%"
"03/03/2006","40.70","40.60","41.05","40.45","36.41K","+0.25%"
"03/02/2006","40.60","40.70","40.90","40.40","40.85K","-0.61%"
"03/01/2006","40.85","40.90","40.90","40.55","23.51K","+0.00%"
"02/28/2006","40.85","40.90","41.20","40.70","102.18K","-0.61%"
"02/27/2006","41.10","40.70","41.60","40.60","160.66K","-0.36%"
"02/24/2006","41.25","41.60","41.65","40.85","149.90K","-0.96%"
"02/23/2006","41.65","41.60","41.95","41.45","137.75K","-0.12%"
"02/22/2006","41.70","42.00","42.00","41.60","94.03K","+0.00%"
"02/21/2006","41.70","42.55","42.55","41.65","25.63K","+0.00%"
"02/20/2006","41.70","41.60","41.85","41.60","137.87K","+0.12%"
"02/17/2006","41.65","41.80","41.95","41.60","51.53K","-0.24%"
"02/16/2006","41.75","42.30","42.30","41.60","50.86K","-0.36%"
"02/15/2006","41.90","42.00","42.30","41.60","105.77K","+1.09%"
"02/14/2006","41.45","41.90","42.40","40.95","96.13K","-0.96%"
"02/13/2006","41.85","41.50","43.00","41.50","273.26K","+1.82%"
"02/10/2006","41.10","40.90","41.25","40.80","231.13K","+0.37%"
"02/08/2006","40.95","40.70","41.10","40.70","222.36K","+0.12%"
"02/07/2006","40.90","40.90","41.05","40.75","293.78K","+0.00%"
"02/06/2006","40.90","40.75","41.40","40.75","133.83K","+0.37%"
"02/03/2006","40.75","40.30","40.80","40.25","497.57K","-0.12%"
"02/02/2006","40.80","40.75","41.25","40.55","227.78K","-0.24%"
"02/01/2006","40.90","40.90","41.10","40.90","183.00K","+0.00%"
"01/31/2006","40.90","40.60","41.15","40.60","52.12K","+0.12%"
"01/30/2006","40.85","40.75","40.95","40.75","37.28K","-0.12%"
"01/27/2006","40.90","40.95","41.20","40.75","133.87K","+0.25%"
"01/25/2006","40.80","41.30","41.30","40.75","11.60K","-0.73%"
"01/24/2006","41.10","41.60","42.10","41.00","46.08K","-1.20%"
"01/23/2006","41.60","40.80","41.90","40.80","76.47K","+1.96%"
"01/20/2006","40.80","40.90","41.05","40.75","13.79K","+0.12%"
"01/19/2006","40.75","41.95","41.95","40.75","40.59K","-1.09%"
"01/18/2006","41.20","39.90","41.30","39.90","59.12K","+1.23%"
"01/17/2006","40.70","41.50","41.50","40.55","68.07K","-1.57%"
"01/16/2006","41.35","41.25","41.60","40.85","48.27K","+0.00%"
"01/13/2006","41.35","40.90","42.65","40.75","134.76K","+0.98%"
"01/12/2006","40.95","41.40","41.40","40.75","50.56K","-0.49%"
"01/10/2006","41.15","40.90","41.40","40.75","61.58K","+0.61%"
"01/09/2006","40.90","41.20","41.20","40.75","21.93K","+0.37%"
"01/06/2006","40.75","41.25","41.25","40.55","35.40K","+0.00%"
"01/05/2006","40.75","40.60","41.05","40.60","71.33K","-0.97%"
"01/04/2006","41.15","40.75","41.60","40.65","80.25K","+1.11%"
"01/03/2006","40.70","40.60","41.05","40.60","37.90K","-0.12%"
"01/02/2006","40.75","40.55","41.85","40.55","25.23K","+0.00%"
"12/30/2005","40.75","40.65","41.20","37.80","45.82K","-0.12%"
"12/29/2005","40.80","40.90","41.15","40.55","34.01K","+0.25%"
"12/28/2005","40.70","41.20","41.20","40.65","45.57K","-1.09%"
"12/27/2005","41.15","39.95","41.45","39.95","101.67K","+1.23%"
"12/26/2005","40.65","41.35","41.35","40.35","98.73K","-1.57%"
"12/23/2005","41.30","42.65","42.70","40.60","469.34K","-2.59%"
"12/22/2005","42.40","44.70","45.65","42.00","667.98K","+1.68%"
"12/21/2005","41.70","41.60","41.95","41.25","49.55K","+1.71%"
"12/20/2005","41.00","41.50","42.90","40.90","56.27K","-1.09%"
"12/19/2005","41.45","41.95","41.95","40.95","96.32K","+0.36%"
"12/16/2005","41.30","41.80","42.95","40.20","152.68K","-2.48%"
"12/15/2005","42.35","44.00","44.35","41.75","240.01K","-3.09%"
"12/14/2005","43.70","44.65","45.65","43.45","216.33K","-2.13%"
"12/13/2005","44.65","46.10","47.40","44.45","689.68K","-0.22%"
"12/12/2005","44.75","44.00","45.40","41.60","507.35K","+3.23%"
"12/09/2005","43.35","39.75","44.25","39.75","780.72K","+9.33%"
"12/08/2005","39.65","40.20","40.20","39.05","278.29K","+2.32%"
"12/07/2005","38.75","38.60","39.15","38.25","350.13K","+0.52%"
"12/06/2005","38.55","39.80","39.80","37.10","105.32K","+1.85%"
"12/05/2005","37.85","38.80","39.15","37.80","148.89K","-1.69%"
"12/02/2005","38.50","39.50","39.50","38.30","113.64K","-0.90%"
"12/01/2005","38.85","38.45","39.10","37.60","109.82K","+1.70%"
"11/30/2005","38.20","37.45","39.10","37.45","115.06K","+2.41%"
"11/29/2005","37.30","37.10","37.45","37.00","44.42K","+0.27%"
"11/28/2005","37.20","36.95","37.75","36.90","53.94K","+0.13%"
"11/25/2005","37.15","36.95","37.30","36.95","40.33K","+0.81%"
"11/24/2005","36.85","36.20","37.15","36.20","47.10K","+0.00%"
"11/23/2005","36.85","35.75","37.00","35.75","35.37K","+1.80%"
"11/22/2005","36.20","36.10","36.75","36.10","6.00K","-1.76%"
"11/21/2005","36.85","36.40","36.90","36.40","24.31K","+0.55%"
"11/18/2005","36.65","36.60","36.90","36.05","33.68K","-0.54%"
"11/17/2005","36.85","36.75","37.00","36.75","35.62K","-0.27%"
"11/16/2005","36.95","36.05","37.00","36.05","26.00K","-0.27%"
"11/14/2005","37.05","36.75","37.20","36.55","41.65K","+1.37%"
"11/11/2005","36.55","35.70","36.75","35.70","35.65K","+1.53%"
"11/10/2005","36.00","34.75","36.25","34.75","48.09K","-0.41%"
"11/09/2005","36.15","36.20","36.60","35.85","45.24K","+0.00%"
"11/08/2005","36.15","35.85","36.35","35.70","48.74K","+0.84%"
"11/07/2005","35.85","35.20","36.05","35.20","29.92K","+1.99%"
"11/02/2005","35.15","35.00","35.30","34.65","13.36K","+0.14%"
"11/01/2005","35.10","34.70","35.45","34.65","13.21K","+1.15%"
"10/31/2005","34.70","34.40","34.95","34.25","28.65K","+0.58%"
"10/28/2005","34.50","34.85","34.85","33.95","78.30K","-0.72%"
"10/27/2005","34.75","35.00","35.00","34.30","51.48K","-1.14%"
"10/26/2005","35.15","35.00","35.25","34.25","35.93K","+0.57%"
"10/25/2005","34.95","34.55","35.05","34.30","39.73K","+0.00%"
"10/24/2005","34.95","34.80","35.15","34.55","26.30K","+1.01%"
"10/21/2005","34.60","34.60","34.70","33.95","49.94K","+0.87%"
"10/20/2005","34.30","34.65","34.75","34.05","65.74K","-1.01%"
"10/19/2005","34.65","34.65","35.25","34.65","15.98K","-1.98%"
"10/18/2005","35.35","35.35","35.40","34.65","17.61K","+0.86%"
"10/17/2005","35.05","34.55","35.30","34.30","38.27K","+0.43%"
"10/14/2005","34.90","34.75","35.50","34.40","69.72K","-0.71%"
"10/13/2005","35.15","35.00","35.20","35.00","26.36K","-0.57%"
"10/11/2005","35.35","34.65","35.40","34.50","30.06K","+2.02%"
"10/10/2005","34.65","35.65","35.65","34.35","4.99K","-0.14%"
"10/07/2005","34.70","35.85","35.85","33.95","30.54K","-1.28%"
"10/06/2005","35.15","35.15","35.50","34.80","26.31K","-1.40%"
"10/05/2005","35.65","35.10","36.00","35.10","23.87K","+0.00%"
"10/04/2005","35.65","35.10","36.05","34.90","26.72K","+2.00%"
"10/03/2005","34.95","34.95","35.30","34.45","17.70K","+1.45%"
"09/30/2005","34.45","35.20","35.20","33.85","35.92K","-1.71%"
"09/29/2005","35.05","35.65","36.05","35.00","16.10K","-1.96%"
"09/28/2005","35.75","35.55","36.00","35.55","9.10K","+0.70%"
"09/27/2005","35.50","36.75","36.95","35.35","81.42K","-1.80%"
"09/26/2005","36.15","34.75","36.40","34.65","38.17K","+2.84%"
"09/23/2005","35.15","35.35","35.35","34.80","33.96K","+1.01%"
"09/22/2005","34.80","34.30","35.70","34.30","178.43K","-2.79%"
"09/21/2005","35.80","35.70","37.10","34.65","149.64K","-1.92%"
"09/20/2005","36.50","36.95","37.00","36.05","46.15K","-1.08%"
"09/19/2005","36.90","36.85","37.30","36.85","65.56K","+0.41%"
"09/16/2005","36.75","36.90","37.05","35.70","103.72K","-0.14%"
"09/15/2005","36.80","36.90","37.10","36.45","26.38K","+0.41%"
"09/14/2005","36.65","36.95","37.00","36.40","272.77K","+2.23%"
"09/13/2005","35.85","35.65","35.90","35.25","182.14K","+0.84%"
"09/12/2005","35.55","35.65","35.85","35.35","53.89K","+0.28%"
"09/09/2005","35.45","36.05","36.05","35.15","57.53K","-1.39%"
"09/08/2005","35.95","35.45","36.05","35.45","29.33K","+0.14%"
"09/06/2005","35.90","35.75","37.00","35.70","68.42K","-1.24%"
"09/05/2005","36.35","36.90","37.15","36.20","29.28K","-1.62%"
"09/02/2005","36.95","36.75","37.45","36.45","176.14K","+0.54%"
"09/01/2005","36.75","36.65","37.10","36.25","58.64K","+0.27%"
"08/31/2005","36.65","36.40","36.75","36.40","24.88K","+0.69%"
"08/30/2005","36.40","36.00","36.70","35.75","37.06K","+0.55%"
"08/29/2005","36.20","38.15","38.15","36.05","25.62K","-1.50%"
"08/26/2005","36.75","38.10","38.10","35.45","164.80K","+4.55%"
"08/25/2005","35.15","36.65","37.05","35.00","101.69K","-3.57%"
"08/24/2005","36.45","38.05","38.15","35.60","81.92K","-2.15%"
"08/23/2005","37.25","39.30","39.35","36.05","89.76K","-1.59%"
"08/22/2005","37.85","39.45","40.70","37.45","476.81K","-0.53%"
"08/19/2005","38.05","37.55","39.40","37.55","394.54K","+1.33%"
"08/18/2005","37.55","38.45","38.45","37.00","156.16K","-2.97%"
"08/17/2005","38.70","38.45","39.40","38.15","238.48K","+0.00%"
"08/16/2005","38.70","38.20","39.50","37.95","560.13K","+2.38%"
"08/12/2005","37.80","37.45","38.40","36.95","546.98K","+2.02%"
"08/11/2005","37.05","35.00","37.45","34.65","554.96K","+6.93%"
"08/10/2005","34.65","34.65","36.00","34.45","128.39K","+1.61%"
"08/09/2005","34.10","33.80","34.25","33.60","164.34K","+2.71%"
"08/08/2005","33.20","33.60","33.60","32.75","185.01K","-0.75%"
"08/05/2005","33.45","33.25","33.55","32.65","82.87K","+1.36%"
"08/04/2005","33.00","34.30","34.30","32.60","50.19K","-0.30%"
"08/03/2005","33.10","34.65","34.65","29.95","20.59K","-0.75%"
"08/02/2005","33.35","32.60","33.55","32.60","49.64K","+1.06%"
"08/01/2005","33.00","32.30","33.75","32.30","10.50K","-1.35%"
"07/29/2005","33.45","32.95","33.60","32.95","25.95K","+1.06%"
"07/27/2005","33.10","33.30","33.60","32.75","22.16K","-0.60%"
"07/26/2005","33.30","33.75","33.75","32.70","132.80K","-1.04%"
"07/25/2005","33.65","33.60","33.90","33.05","20.87K","+0.75%"
"07/22/2005","33.40","33.60","33.95","33.00","108.32K","-0.15%"
"07/21/2005","33.45","34.65","34.65","33.30","125.65K","-1.47%"
"07/20/2005","33.95","33.95","34.30","33.60","207.64K","-0.44%"
"07/19/2005","34.10","34.10","34.55","33.85","184.27K","+0.15%"
"07/18/2005","34.05","34.30","34.30","33.45","229.16K","+1.49%"
"07/15/2005","33.55","32.65","33.95","32.65","123.61K","-0.30%"
"07/14/2005","33.65","33.60","33.75","33.05","64.06K","+1.20%"
"07/13/2005","33.25","33.05","33.60","32.95","105.06K","-0.89%"
"07/12/2005","33.55","33.30","34.65","33.30","116.27K","-1.32%"
"07/11/2005","34.00","32.95","34.40","32.95","384.80K","+3.03%"
"07/08/2005","33.00","34.55","34.55","31.90","77.19K","+0.76%"
"07/07/2005","32.75","31.30","33.35","31.25","371.16K","+3.31%"
"07/06/2005","31.70","31.55","31.90","31.55","21.65K","+0.48%"
"07/05/2005","31.55","31.60","31.90","31.45","25.52K","+0.48%"
"07/04/2005","31.40","31.90","32.15","31.30","41.04K","-0.32%"
"07/01/2005","31.50","31.55","31.85","31.35","16.03K","-0.47%"
"06/30/2005","31.65","31.65","31.90","31.55","10.13K","-0.78%"
"06/29/2005","31.90","31.55","32.00","31.20","17.34K","+1.27%"
"06/28/2005","31.50","32.45","32.45","31.25","27.57K","-2.02%"
"06/27/2005","32.15","31.90","32.95","31.70","59.98K","+0.94%"
"06/24/2005","31.85","31.20","32.15","31.05","25.20K","-1.39%"
"06/23/2005","32.30","30.65","32.85","29.95","117.25K","+5.73%"
"06/22/2005","30.55","30.90","31.00","30.50","44.92K","-0.81%"
"06/21/2005","30.80","30.70","31.20","30.55","32.10K","+0.33%"
"06/20/2005","30.70","30.85","32.15","30.55","17.34K","-2.38%"
"06/17/2005","31.45","31.35","31.85","30.90","30.75K","-0.16%"
"06/16/2005","31.50","31.90","32.25","31.35","19.81K","-1.72%"
"06/15/2005","32.05","31.90","32.15","31.85","11.73K","+0.63%"
"06/14/2005","31.85","31.95","32.25","31.45","65.42K","+0.47%"
"06/13/2005","31.70","32.10","32.45","31.65","31.68K","-2.01%"
"06/10/2005","32.35","33.30","33.30","32.05","41.53K","-1.82%"
"06/09/2005","32.95","32.30","33.15","31.90","87.84K","+1.70%"
"06/08/2005","32.40","33.05","33.05","32.30","13.88K","+0.00%"
"06/07/2005","32.40","32.60","33.05","32.30","22.04K","-1.07%"
"06/06/2005","32.75","33.30","33.55","32.45","151.96K","+0.61%"
"06/03/2005","32.55","32.95","33.30","32.40","37.61K","-2.11%"
"06/02/2005","33.25","33.20","33.90","32.65","272.40K","+1.53%"
"06/01/2005","32.75","30.95","32.95","30.95","310.79K","+7.20%"
"05/31/2005","30.55","30.85","30.85","30.50","43.68K","+0.16%"
"05/30/2005","30.50","30.80","30.80","30.50","25.42K","-0.49%"
"05/27/2005","30.65","30.50","31.00","30.50","40.45K","-0.65%"
"05/26/2005","30.85","30.55","31.00","30.55","32.08K","+0.65%"
"05/25/2005","30.65","30.15","30.80","29.80","183.71K","+2.17%"
"05/24/2005","30.00","29.60","30.80","29.60","28.20K","-1.15%"
"05/23/2005","30.35","30.50","30.65","29.60","57.38K","-0.33%"
"05/20/2005","30.45","30.50","31.55","28.85","160.54K","-1.62%"
"05/19/2005","30.95","32.25","32.25","30.80","69.03K","+0.16%"
"05/18/2005","30.90","31.20","31.20","30.65","13.39K","-0.16%"
"05/17/2005","30.95","31.65","31.65","30.65","36.40K","-2.52%"
"05/16/2005","31.75","31.90","32.05","31.60","18.93K","-0.16%"
"05/13/2005","31.80","31.85","32.10","31.55","42.68K","+0.47%"
"05/12/2005","31.65","31.70","32.10","31.55","38.36K","-0.94%"
"05/11/2005","31.95","32.10","32.25","31.60","42.63K","+0.79%"
"05/10/2005","31.70","31.55","31.95","31.20","43.46K","+0.16%"
"05/09/2005","31.65","31.40","31.75","31.30","21.97K","+0.80%"
"05/06/2005","31.40","30.85","31.60","30.45","72.76K","+1.95%"
"05/05/2005","30.80","30.50","30.90","30.15","49.90K","+1.32%"
"05/04/2005","30.40","29.90","30.70","29.80","76.89K","+1.84%"
"05/03/2005","29.85","29.70","30.10","29.00","15.77K","+2.58%"
"05/02/2005","29.10","29.30","29.90","28.70","32.31K","-0.34%"
"04/29/2005","29.20","29.55","29.65","29.00","17.99K","-1.68%"
"04/28/2005","29.70","30.00","30.00","29.55","7.75K","+0.00%"
"04/27/2005","29.70","30.75","31.20","29.45","24.67K","-0.17%"
"04/26/2005","29.75","30.10","30.10","29.70","4.78K","+0.17%"
"04/25/2005","29.70","30.10","30.15","29.60","4.51K","-1.16%"
"04/22/2005","30.05","29.90","30.20","29.80","19.46K","+0.67%"
"04/21/2005","29.85","29.75","29.95","29.45","115.65K","+1.02%"
"04/20/2005","29.55","29.80","30.10","29.45","13.07K","-0.84%"
"04/19/2005","29.80","29.70","30.20","29.65","69.10K","+0.34%"
"04/18/2005","29.70","29.55","30.10","29.55","53.68K","-1.16%"
"04/15/2005","30.05","29.80","30.50","29.80","28.79K","-2.75%"
"04/13/2005","30.90","31.20","31.35","30.65","25.56K","-0.32%"
"04/12/2005","31.00","30.60","31.20","30.55","55.12K","+1.14%"
"04/11/2005","30.65","30.40","30.85","30.15","63.91K","+0.99%"
"04/08/2005","30.35","30.80","30.80","30.00","24.87K","+1.17%"
"04/07/2005","30.00","29.80","30.50","29.70","10.53K","+0.67%"
"04/06/2005","29.80","30.15","30.15","29.65","125.85K","-0.17%"
"04/05/2005","29.85","30.55","30.55","29.55","13.13K","-1.16%"
"04/04/2005","30.20","30.15","30.85","29.90","24.94K","+1.34%"
"04/01/2005","29.80","29.45","30.20","29.45","33.99K","+1.88%"
"03/31/2005","29.25","29.45","29.85","29.10","84.26K","-1.02%"
"03/30/2005","29.55","30.50","30.50","29.45","13.53K","-1.17%"
"03/29/2005","29.90","30.45","30.45","29.45","68.43K","+0.50%"
"03/28/2005","29.75","30.15","32.85","29.45","40.52K","+1.02%"
"03/24/2005","29.45","29.30","30.15","29.30","49.41K","+0.17%"
"03/23/2005","29.40","29.65","30.00","29.20","38.56K","-1.01%"
"03/22/2005","29.70","30.10","30.15","29.65","103.55K","-1.16%"
"03/21/2005","30.05","30.20","30.85","29.80","51.69K","-0.50%"
"03/18/2005","30.20","29.55","30.85","29.55","54.73K","-0.66%"
"03/17/2005","30.40","31.20","31.45","30.30","47.52K","-2.41%"
"03/16/2005","31.15","31.25","31.60","30.90","105.52K","-0.48%"
"03/15/2005","31.30","31.30","31.90","31.15","116.04K","-0.63%"
"03/14/2005","31.50","31.90","32.20","31.05","190.62K","+0.32%"
"03/11/2005","31.40","33.00","33.00","31.05","139.67K","-3.09%"
"03/10/2005","32.40","33.20","33.20","32.25","146.72K","-1.22%"
"03/09/2005","32.80","33.65","33.95","32.65","75.75K","-2.09%"
"03/08/2005","33.50","33.55","33.60","32.95","33.61K","+1.06%"
"03/07/2005","33.15","33.90","34.60","33.05","98.42K","-0.60%"
"03/04/2005","33.35","33.60","33.60","32.95","107.12K","+0.30%"
"03/03/2005","33.25","33.35","34.55","33.05","103.72K","-0.30%"
"03/02/2005","33.35","32.60","33.50","32.60","73.24K","+1.52%"
"03/01/2005","32.85","33.95","33.95","32.70","99.08K","-4.23%"
"02/28/2005","34.30","34.35","34.60","33.75","93.53K","-1.01%"
"02/25/2005","34.65","34.95","35.00","34.10","434.62K","-4.02%"
"02/24/2005","36.10","36.30","36.30","35.40","353.93K","+1.83%"
"02/23/2005","35.45","34.35","36.35","34.35","261.07K","+3.35%"
"02/22/2005","34.30","34.25","34.35","33.40","206.98K","+1.93%"
"02/21/2005","33.65","33.30","33.95","33.30","48.09K","-0.44%"
"02/18/2005","33.80","33.75","34.10","33.60","126.56K","+0.15%"
"02/17/2005","33.75","33.75","33.85","33.30","160.48K","+0.00%"
"02/16/2005","33.75","33.35","33.80","33.35","339.39K","+1.35%"
"02/15/2005","33.30","32.60","33.50","32.60","228.59K","+1.52%"
"02/14/2005","32.80","32.60","33.15","32.40","132.96K","+0.77%"
"02/11/2005","32.55","32.45","32.85","28.70","129.97K","+0.46%"
"02/10/2005","32.40","31.95","32.60","31.90","73.30K","-0.31%"
"02/09/2005","32.50","32.85","32.95","32.25","48.82K","-1.22%"
"02/08/2005","32.90","32.70","33.05","32.30","96.64K","+0.00%"
"02/07/2005","32.90","33.30","33.30","32.25","200.59K","-0.75%"
"02/04/2005","33.15","33.50","33.65","32.75","212.56K","-1.04%"
"02/03/2005","33.50","32.30","33.60","31.90","490.89K","+3.08%"
"02/02/2005","32.50","32.20","32.70","31.95","176.51K","+0.93%"
"02/01/2005","32.20","32.60","32.60","31.80","425.50K","+1.90%"
"01/31/2005","31.60","30.00","31.90","29.80","225.52K","+6.58%"
"01/28/2005","29.65","29.55","30.10","29.30","53.14K","+0.85%"
"01/27/2005","29.40","29.60","29.80","29.00","41.85K","+1.38%"
"01/25/2005","29.00","29.20","29.40","28.85","42.42K","-0.34%"
"01/24/2005","29.10","29.30","29.45","28.95","64.16K","+0.17%"
"01/20/2005","29.05","28.50","29.10","28.25","62.10K","-0.17%"
"01/19/2005","29.10","28.80","29.15","28.65","185.40K","+1.04%"
"01/18/2005","28.80","29.70","29.70","28.75","78.07K","-1.20%"
"01/17/2005","29.15","33.15","33.15","29.10","72.75K","-1.69%"
"01/14/2005","29.65","29.75","29.95","29.45","35.76K","-0.50%"
"01/13/2005","29.80","29.80","29.95","29.55","55.86K","+0.68%"
"01/12/2005","29.60","31.15","31.15","29.45","124.59K","-2.95%"
"01/11/2005","30.50","31.10","31.35","30.35","46.20K","-1.93%"
"01/10/2005","31.10","31.25","31.80","30.85","63.59K","-0.80%"
"01/07/2005","31.35","31.35","31.55","31.15","211.96K","+0.32%"
"01/06/2005","31.25","31.45","31.75","31.00","149.78K","-0.64%"
"01/05/2005","31.45","32.30","32.95","31.20","217.67K","-1.26%"
"01/04/2005","31.85","31.40","32.30","31.40","249.39K","+1.59%"
"01/03/2005","31.35","32.55","32.55","31.15","217.25K","-1.57%"
"12/31/2004","31.85","32.50","32.50","31.75","138.01K","-1.55%"
"12/30/2004","32.35","32.30","33.10","31.90","293.53K","-0.15%"
"12/29/2004","32.40","33.30","33.85","32.25","252.84K","-2.85%"
"12/28/2004","33.35","33.75","33.85","33.25","291.50K","-1.33%"
"12/27/2004","33.80","33.85","34.15","33.75","158.45K","-0.44%"
"12/24/2004","33.95","33.75","34.60","33.60","232.34K","+0.89%"
"12/23/2004","33.65","34.40","34.45","33.60","197.54K","-0.88%"
"12/22/2004","33.95","34.95","35.10","33.60","168.97K","-1.59%"
"12/21/2004","34.50","35.05","35.05","34.30","146.59K","+0.15%"
"12/20/2004","34.45","35.70","35.70","34.35","289.56K","-2.27%"
"12/17/2004","35.25","37.10","37.10","35.00","417.33K","-3.95%"
"12/16/2004","36.70","38.10","38.10","36.40","357.60K","+0.00%"
"12/15/2004","36.70","35.75","37.45","35.75","612.82K","+3.09%"
"12/14/2004","35.60","36.05","36.25","35.35","130.05K","+0.00%"
"12/13/2004","35.60","36.35","36.35","35.35","136.64K","-0.42%"
"12/10/2004","35.75","36.65","36.65","35.60","301.26K","+0.28%"
"12/09/2004","35.65","34.30","36.20","34.00","377.48K","+5.94%"
"12/08/2004","33.65","33.60","34.25","33.15","102.09K","+0.90%"
"12/07/2004","33.35","33.65","33.95","33.30","88.00K","-1.33%"
"12/06/2004","33.80","33.90","34.25","33.60","37.45K","+0.15%"
"12/03/2004","33.75","34.60","34.60","33.60","106.73K","+0.15%"
"12/02/2004","33.70","33.70","34.10","33.50","76.69K","+0.30%"
"12/01/2004","33.60","34.60","34.60","33.35","105.59K","-1.18%"
"11/30/2004","34.00","35.20","35.20","33.90","117.58K","-2.16%"
"11/29/2004","34.75","34.65","35.35","34.65","121.87K","+0.72%"
"11/25/2004","34.50","35.30","35.70","34.30","64.94K","-1.71%"
"11/24/2004","35.10","33.55","35.60","33.55","136.02K","+2.33%"
"11/23/2004","34.30","34.60","34.60","33.95","71.42K","-0.15%"
"11/22/2004","34.35","34.45","34.65","34.05","85.40K","+0.44%"
"11/19/2004","34.20","34.95","35.55","34.05","96.55K","-2.01%"
"11/18/2004","34.90","35.75","36.05","34.65","188.24K","-2.65%"
"11/17/2004","35.85","35.10","36.30","35.10","59.92K","-0.42%"
"11/16/2004","36.00","36.40","36.40","35.70","97.06K","-1.10%"
"11/12/2004","36.40","35.70","36.75","35.30","131.20K","+3.41%"
"11/11/2004","35.20","35.55","35.95","35.05","64.55K","-0.28%"
"11/10/2004","35.30","35.70","36.25","35.00","132.79K","-1.26%"
"11/09/2004","35.75","34.95","36.00","34.90","167.78K","+3.32%"
"11/08/2004","34.60","33.95","34.80","33.90","175.83K","+2.52%"
"11/05/2004","33.75","33.50","33.85","33.50","75.30K","+0.90%"
"11/04/2004","33.45","33.20","33.80","33.00","108.02K","+1.98%"
"11/03/2004","32.80","33.00","33.00","32.45","58.86K","+0.77%"
"11/02/2004","32.55","32.95","33.20","32.35","65.75K","+0.00%"
"11/01/2004","32.55","32.85","33.25","32.35","43.59K","-0.15%"
"10/29/2004","32.60","32.85","33.05","32.30","86.05K","+0.00%"
"10/28/2004","32.60","33.80","33.90","32.45","186.41K","-1.95%"
"10/27/2004","33.25","33.35","33.70","33.05","70.56K","+0.76%"
"10/26/2004","33.00","33.75","33.75","32.60","39.84K","+0.15%"
"10/25/2004","32.95","33.60","34.25","32.85","58.45K","-1.93%"
"10/21/2004","33.60","35.20","35.20","33.50","69.57K","-1.47%"
"10/20/2004","34.10","33.95","35.30","33.75","126.76K","+1.04%"
"10/19/2004","33.75","34.60","34.75","33.60","133.38K","-1.89%"
"10/18/2004","34.40","34.90","35.50","34.30","68.90K","-1.43%"
"10/15/2004","34.90","34.80","35.25","34.75","95.53K","-0.99%"
"10/14/2004","35.25","35.30","36.85","35.00","103.56K","-3.16%"
"10/12/2004","36.40","36.75","37.45","36.10","194.98K","-2.15%"
"10/11/2004","37.20","38.15","38.15","37.10","127.38K","-1.20%"
"10/08/2004","37.65","39.15","40.15","36.80","585.73K","-2.59%"
"10/07/2004","38.65","39.30","39.95","38.35","189.87K","-2.03%"
"10/06/2004","39.45","38.05","40.25","37.80","681.93K","+4.37%"
"10/05/2004","37.80","37.20","38.15","36.95","263.83K","+2.16%"
"10/04/2004","37.00","36.05","38.50","36.05","442.02K","+3.79%"
"10/01/2004","35.65","34.25","36.05","34.15","223.45K","+4.09%"
"09/30/2004","34.25","34.15","34.60","33.95","51.38K","+0.00%"
"09/29/2004","34.25","34.55","34.65","34.25","54.05K","-0.44%"
"09/28/2004","34.40","34.75","34.75","34.40","26.20K","-0.72%"
"09/27/2004","34.65","34.95","35.00","34.55","113.96K","+0.14%"
"09/24/2004","34.60","34.75","34.95","34.30","56.94K","-0.14%"
"09/23/2004","34.65","34.50","34.80","33.95","113.18K","+0.73%"
"09/22/2004","34.40","34.80","34.80","34.30","41.11K","-0.43%"
"09/21/2004","34.55","34.80","34.95","34.40","56.04K","+0.14%"
"09/20/2004","34.50","35.15","35.55","34.35","165.94K","+0.58%"
"09/17/2004","34.30","33.35","34.95","33.15","148.48K","+3.00%"
"09/16/2004","33.30","33.00","33.75","32.95","30.86K","+0.15%"
"09/15/2004","33.25","34.30","34.30","33.00","77.25K","-2.49%"
"09/14/2004","34.10","34.10","34.45","33.95","28.26K","+0.15%"
"09/13/2004","34.05","34.65","34.65","33.95","147.53K","+0.59%"
"09/10/2004","33.85","33.65","34.25","33.65","44.30K","+0.89%"
"09/09/2004","33.55","34.30","34.65","33.35","93.35K","-2.19%"
"09/08/2004","34.30","34.95","35.25","34.25","80.18K","-1.01%"
"09/07/2004","34.65","34.10","35.30","33.90","278.29K","+2.51%"
"09/06/2004","33.80","33.30","33.95","33.10","108.77K","+2.11%"
"09/03/2004","33.10","33.50","33.55","32.95","44.97K","+0.46%"
"09/02/2004","32.95","33.25","33.90","32.65","88.92K","+0.00%"
"09/01/2004","32.95","33.05","33.05","32.75","54.47K","+0.92%"
"08/31/2004","32.65","31.95","33.25","31.90","62.22K","-1.21%"
"08/30/2004","33.05","33.20","33.55","32.75","131.30K","-0.30%"
"08/27/2004","33.15","33.30","34.10","32.65","174.64K","-2.93%"
"08/26/2004","34.15","33.85","34.60","33.85","183.31K","+2.40%"
"08/25/2004","33.35","33.30","33.75","32.95","58.71K","+1.83%"
"08/24/2004","32.75","32.70","33.40","32.35","62.79K","-0.91%"
"08/23/2004","33.05","31.55","33.90","31.55","201.29K","+2.32%"
"08/20/2004","32.30","30.50","32.95","30.25","133.77K","+6.08%"
"08/19/2004","30.45","30.50","30.50","30.30","14.74K","+0.16%"
"08/18/2004","30.40","31.20","31.20","30.20","88.93K","-1.62%"
"08/17/2004","30.90","31.20","31.40","30.50","48.33K","-1.12%"
"08/16/2004","31.25","30.90","31.40","30.20","105.57K","+0.00%"
"08/13/2004","31.25","30.90","31.40","30.20","105.57K","+1.96%"
"08/12/2004","30.65","31.20","31.55","30.55","91.36K","-1.61%"
"08/11/2004","31.15","31.20","32.45","30.50","190.65K","+0.97%"
"08/10/2004","30.85","29.30","31.20","29.20","132.92K","+6.01%"
"08/09/2004","29.10","28.40","29.65","28.40","61.91K","+1.93%"
"08/06/2004","28.55","29.10","29.75","28.40","53.72K","-1.89%"
"08/05/2004","29.10","29.10","29.30","28.75","70.28K","+1.93%"
"08/04/2004","28.55","27.70","29.45","26.35","145.08K","+2.70%"
"08/03/2004","27.80","28.00","28.00","27.70","27.31K","+0.00%"
"08/02/2004","27.80","27.70","28.05","27.40","54.43K","+0.54%"
"07/30/2004","27.65","28.00","28.00","27.40","51.80K","+0.55%"
"07/29/2004","27.50","27.20","27.50","27.05","15.84K","+1.10%"
"07/28/2004","27.20","27.40","27.40","27.05","21.39K","-0.37%"
"07/27/2004","27.30","27.70","28.00","27.20","32.70K","-2.15%"
"07/26/2004","27.90","27.80","28.35","27.70","29.83K","-0.71%"
"07/23/2004","28.10","28.30","28.65","27.25","26.64K","-0.71%"
"07/22/2004","28.30","27.40","28.55","27.40","23.11K","+2.72%"
"07/21/2004","27.55","27.80","28.40","27.40","32.69K","-2.82%"
"07/20/2004","28.35","28.40","28.45","27.65","23.44K","+0.35%"
"07/19/2004","28.25","28.75","29.30","27.95","21.12K","-1.74%"
"07/16/2004","28.75","27.10","28.80","27.10","111.63K","+6.88%"
"07/15/2004","26.90","26.55","27.15","26.55","29.60K","+1.32%"
"07/14/2004","26.55","27.05","27.05","26.30","18.25K","+0.00%"
"07/13/2004","26.55","26.95","27.10","26.35","28.62K","-1.48%"
"07/12/2004","26.95","27.60","27.60","26.70","7.37K","-1.10%"
"07/09/2004","27.25","26.00","27.45","25.65","85.00K","+5.21%"
"07/08/2004","25.90","28.10","28.30","25.50","188.15K","-6.16%"
"07/07/2004","27.60","29.40","29.40","27.40","53.10K","+0.00%"
"07/06/2004","27.60","25.65","27.85","25.65","32.00K","+0.55%"
"07/05/2004","27.45","26.85","27.50","26.85","14.71K","+1.48%"
"07/02/2004","27.05","26.95","27.65","25.85","51.02K","+1.88%"
"07/01/2004","26.55","26.10","26.85","25.85","17.11K","+2.91%"
"06/30/2004","25.80","26.00","26.05","25.60","14.05K","-0.39%"
"06/29/2004","25.90","25.30","26.35","25.30","45.22K","-1.15%"
"06/28/2004","26.20","25.30","26.60","25.30","17.57K","-0.95%"
"06/25/2004","26.45","25.30","26.70","24.95","43.55K","+6.65%"
"06/24/2004","24.80","24.55","25.35","24.55","52.96K","-0.40%"
"06/23/2004","24.90","25.50","25.65","24.70","20.41K","-18.76%"
"05/21/2004","30.65","30.80","31.10","28.90","127.02K","+2.68%"
"05/20/2004","29.85","31.15","31.15","29.10","94.69K","+3.47%"
"05/19/2004","28.85","27.85","29.45","27.70","167.64K","+8.66%"
"05/18/2004","26.55","24.60","27.05","24.25","170.53K","+9.26%"
"05/17/2004","24.30","29.80","29.80","23.90","232.32K","-18.32%"
"05/14/2004","29.75","26.25","31.55","26.25","157.80K","-8.88%"
"05/13/2004","32.65","32.60","33.25","31.90","250.86K","-2.54%"
"05/12/2004","33.50","33.30","33.85","33.00","80.70K","+1.67%"
"05/11/2004","32.95","34.30","34.30","32.60","184.36K","-4.77%"
"05/10/2004","34.60","33.30","35.30","32.60","151.56K","+4.06%"
"05/07/2004","33.25","32.95","33.95","32.60","80.72K","+0.61%"
"05/06/2004","33.05","32.30","34.15","32.25","368.85K","+1.85%"
"05/05/2004","32.45","33.55","33.60","32.05","129.07K","-2.84%"
"05/04/2004","33.40","31.90","33.95","31.90","75.53K","+3.89%"
"05/03/2004","32.15","31.90","32.50","31.70","53.71K","-0.77%"
"04/30/2004","32.40","31.80","32.70","31.75","48.21K","+1.41%"
"04/29/2004","31.95","32.00","32.55","31.55","45.57K","+1.59%"
"04/28/2004","31.45","31.90","32.00","31.20","81.55K","-0.94%"
"04/27/2004","31.75","32.60","32.60","31.55","123.45K","-3.64%"
"04/23/2004","32.95","32.75","33.75","32.60","105.16K","-1.49%"
"04/22/2004","33.45","32.60","34.15","32.25","116.52K","+2.14%"
"04/21/2004","32.75","33.20","33.30","32.60","77.58K","-1.06%"
"04/20/2004","33.10","32.50","33.25","31.75","122.20K","+3.28%"
"04/19/2004","32.05","33.75","33.75","31.95","33.47K","-2.29%"
"04/16/2004","32.80","33.40","33.60","32.60","41.73K","-1.35%"
"04/15/2004","33.25","32.05","34.55","32.05","66.86K","-1.04%"
"04/13/2004","33.60","32.35","33.95","32.35","28.86K","+0.00%"
"04/12/2004","33.60","31.90","34.25","31.90","32.05K","-1.18%"
"04/08/2004","34.00","31.90","34.30","31.90","75.91K","+1.49%"
"04/07/2004","33.50","33.95","33.95","33.45","36.77K","-2.05%"
"04/06/2004","34.20","34.10","34.65","33.35","79.90K","+0.74%"
"04/05/2004","33.95","34.65","35.70","33.80","198.19K","-1.59%"
"04/02/2004","34.50","33.60","34.65","32.95","95.96K","+4.55%"
"04/01/2004","33.00","32.55","33.30","32.00","77.18K","+2.64%"
"03/31/2004","32.15","32.95","32.95","31.90","40.56K","-3.45%"
"03/30/2004","33.30","31.50","33.55","31.50","143.07K","+1.37%"
"03/29/2004","32.85","31.35","33.30","30.85","75.11K","+6.48%"
"03/26/2004","30.85","28.75","31.45","28.50","111.65K","+9.01%"
"03/25/2004","28.30","26.15","28.75","25.80","111.60K","+10.76%"
"03/24/2004","25.55","26.35","26.35","22.75","87.94K","+2.20%"
"03/23/2004","25.00","26.00","26.00","24.75","104.80K","-5.30%"
"03/22/2004","26.40","28.00","28.00","26.35","89.50K","-4.35%"
"03/19/2004","27.60","28.20","28.40","27.40","71.45K","-2.82%"
"03/18/2004","28.40","27.25","28.90","27.25","66.85K","+0.18%"
"03/17/2004","28.35","28.10","28.95","28.10","64.05K","-0.87%"
"03/16/2004","28.60","29.45","29.45","28.50","66.31K","-3.21%"
"03/15/2004","29.55","30.15","30.30","29.10","135.07K","-1.50%"
"03/12/2004","30.00","29.90","30.30","29.40","70.86K","-1.48%"
"03/11/2004","30.45","31.20","31.20","30.35","32.54K","-1.14%"
"03/10/2004","30.80","31.20","31.60","30.70","56.19K","-2.38%"
"03/09/2004","31.55","31.80","32.00","31.25","62.15K","-0.47%"
"03/08/2004","31.70","31.95","32.45","31.55","54.47K","-0.31%"
"03/05/2004","31.80","32.25","32.50","31.20","54.01K","-2.00%"
"03/04/2004","32.45","32.60","33.25","32.25","42.87K","-0.92%"
"03/03/2004","32.75","33.90","33.95","32.60","73.87K","+0.46%"
"03/01/2004","32.60","32.35","32.95","32.25","94.31K","+0.77%"
"02/27/2004","32.35","33.90","33.90","31.30","110.33K","-2.27%"
"02/26/2004","33.10","34.10","34.10","32.95","57.01K","-0.90%"
"02/25/2004","33.40","33.45","33.90","33.30","29.57K","-1.62%"
"02/24/2004","33.95","33.60","34.30","32.75","152.48K","+0.89%"
"02/23/2004","33.65","33.75","34.30","33.30","81.23K","+0.60%"
"02/20/2004","33.45","33.30","34.30","33.30","111.29K","-1.91%"
"02/19/2004","34.10","32.75","35.05","32.45","87.62K","-2.57%"
"02/18/2004","35.00","35.70","36.00","34.90","104.08K","+0.14%"
"02/17/2004","34.95","36.00","36.05","34.70","120.58K","-2.92%"
"02/16/2004","36.00","33.70","36.35","33.55","244.08K","+5.88%"
"02/13/2004","34.00","34.10","34.40","33.70","81.53K","+0.15%"
"02/12/2004","33.95","32.25","34.30","32.25","86.73K","+0.00%"
"02/11/2004","33.95","33.80","34.10","33.30","88.31K","+1.80%"
"02/10/2004","33.35","32.65","34.30","32.65","113.37K","-0.45%"
"02/09/2004","33.50","35.00","35.00","33.30","90.92K","+1.52%"
"02/06/2004","33.00","34.30","34.30","32.60","115.39K","-1.79%"
"02/05/2004","33.60","34.40","34.55","33.35","125.00K","+0.15%"
"02/04/2004","33.55","32.70","33.95","31.95","115.48K","+3.55%"
"02/03/2004","32.40","34.65","34.65","31.55","213.70K","-5.54%"
"01/30/2004","34.30","36.10","36.10","33.75","127.31K","-4.99%"
"01/29/2004","36.10","35.70","36.75","35.00","134.69K","+2.12%"
"01/28/2004","35.35","36.35","36.75","35.15","153.29K","-3.28%"
"01/27/2004","36.55","36.45","37.00","36.05","149.69K","+2.24%"
"01/23/2004","35.75","34.65","36.35","33.60","250.23K","+6.72%"
"01/22/2004","33.50","35.70","37.00","32.95","330.26K","-4.29%"
"01/21/2004","35.00","37.65","38.80","34.65","280.19K","-7.77%"
"01/20/2004","37.95","40.90","40.90","37.45","394.99K","-2.32%"
"01/19/2004","38.85","36.80","39.85","36.45","731.81K","+7.77%"
"01/16/2004","36.05","35.00","36.40","34.30","610.84K","+5.56%"
"01/15/2004","34.15","34.90","35.20","33.95","243.16K","+0.29%"
"01/14/2004","34.05","34.65","35.35","33.70","320.38K","-0.29%"
"01/13/2004","34.15","32.85","34.60","32.10","310.90K","+4.12%"
"01/12/2004","32.80","34.50","34.50","32.65","244.83K","-2.53%"
"01/09/2004","33.65","35.35","37.45","32.95","748.36K","+6.32%"
"01/08/2004","31.65","30.85","31.90","30.85","151.37K","+5.32%"
"01/07/2004","30.05","30.85","31.20","29.55","105.26K","-1.15%"
"01/06/2004","30.40","31.55","31.75","30.10","130.60K","-2.72%"
"01/05/2004","31.25","32.50","32.50","31.20","144.39K","-1.26%"
"01/02/2004","31.65","32.95","32.95","31.25","302.00K","-2.01%"
"01/01/2004","32.30","32.30","32.85","31.90","302.25K","+0.94%"
"12/31/2003","32.00","33.60","33.75","31.90","236.12K","-4.05%"
"12/30/2003","33.35","34.30","34.65","31.55","330.43K","-0.60%"
"12/29/2003","33.55","32.10","34.05","32.10","403.14K","+6.17%"
"12/26/2003","31.60","29.25","32.05","29.25","577.24K","+8.59%"
"12/24/2003","29.10","29.75","29.75","28.00","131.10K","+0.17%"
"12/23/2003","29.05","29.40","29.80","28.95","276.04K","-0.34%"
"12/22/2003","29.15","28.55","29.30","28.55","265.37K","+2.28%"
"12/19/2003","28.50","28.10","28.75","28.10","235.06K","+0.53%"
"12/18/2003","28.35","27.70","28.70","27.70","463.47K","+2.53%"
"12/17/2003","27.65","28.15","28.85","27.45","270.31K","-2.47%"
"12/16/2003","28.35","26.40","29.60","26.35","298.78K","-4.71%"
"12/15/2003","29.75","29.80","30.50","29.45","206.00K","+1.54%"
"12/12/2003","29.30","28.55","29.75","28.35","502.35K","+3.35%"
"12/11/2003","28.35","27.40","28.50","27.25","353.31K","+5.59%"
"12/10/2003","26.85","27.40","27.65","26.75","94.55K","-0.74%"
"12/09/2003","27.05","26.75","27.70","26.75","125.29K","+0.93%"
"12/08/2003","26.80","26.70","27.40","26.60","128.29K","+0.56%"
"12/05/2003","26.65","27.25","27.70","26.35","427.53K","-1.66%"
"12/04/2003","27.10","26.35","27.40","25.65","624.18K","+6.27%"
"12/03/2003","25.50","24.60","26.50","24.25","402.20K","+4.08%"
"12/02/2003","24.50","24.05","24.75","23.95","196.25K","+2.94%"
"12/01/2003","23.80","24.25","24.75","23.65","114.34K","-1.86%"
"11/28/2003","24.25","24.10","24.60","23.55","138.76K","+1.46%"
"11/27/2003","23.90","23.45","24.60","23.45","153.42K","+3.02%"
"11/25/2003","23.20","22.65","23.30","22.65","67.69K","+3.11%"
"11/24/2003","22.50","22.30","23.10","22.30","72.79K","+0.90%"
"11/21/2003","22.30","22.85","23.10","21.55","184.29K","-2.62%"
"11/20/2003","22.90","24.00","24.00","22.60","93.69K","-2.97%"
"11/19/2003","23.60","24.15","24.35","23.45","130.23K","-2.68%"
"11/18/2003","24.25","25.10","25.30","24.10","143.68K","-3.77%"
"11/17/2003","25.20","24.60","25.50","24.20","237.14K","+3.07%"
"11/14/2003","24.45","26.10","26.35","24.10","492.01K","-5.23%"
"11/13/2003","25.80","24.05","27.20","24.05","1.15M","+6.83%"
"11/12/2003","24.15","23.20","24.40","22.75","636.32K","+6.62%"
"11/11/2003","22.65","21.65","23.25","21.65","679.45K","+6.34%"
"11/10/2003","21.30","20.60","21.50","20.25","177.36K","+5.45%"
"11/07/2003","20.20","19.75","20.80","19.75","209.78K","+1.76%"
"11/06/2003","19.85","19.75","20.15","19.60","147.33K","+1.28%"
"11/05/2003","19.60","19.25","20.15","19.25","421.56K","+3.16%"
"11/04/2003","19.00","18.90","19.25","18.60","236.90K","+1.88%"
"11/03/2003","18.65","18.65","18.90","18.35","127.48K","+2.19%"
"10/31/2003","18.25","18.15","18.55","18.15","58.58K","-1.88%"
"10/30/2003","18.60","18.35","18.90","18.20","39.77K","+2.48%"
"10/29/2003","18.15","17.80","18.40","17.80","31.59K","+0.28%"
"10/28/2003","18.10","18.45","18.70","18.10","63.89K","-2.43%"
"10/27/2003","18.55","19.30","19.30","18.50","47.88K","+1.09%"
"10/24/2003","18.35","17.40","18.45","17.40","36.11K","+2.23%"
"10/23/2003","17.95","17.80","18.10","17.80","45.90K","-0.83%"
"10/22/2003","18.10","18.55","18.95","17.95","46.97K","-1.36%"
"10/21/2003","18.35","17.70","18.95","17.70","121.26K","+0.00%"
"10/20/2003","18.35","18.60","18.70","17.80","98.96K","-1.61%"
"10/17/2003","18.65","18.70","19.25","18.20","84.49K","-1.06%"
"10/16/2003","18.85","19.55","19.75","18.45","139.78K","-1.57%"
"10/15/2003","19.15","19.40","19.60","18.85","206.72K","-1.54%"
"10/14/2003","19.45","19.75","20.35","19.05","416.71K","-2.02%"
"10/13/2003","19.85","18.80","20.15","18.70","479.38K","+7.01%"
"10/10/2003","18.55","18.50","18.90","18.40","433.30K","+1.37%"
"10/09/2003","18.30","17.80","18.60","17.65","587.20K","+5.17%"
"10/08/2003","17.40","16.80","17.80","16.70","376.55K","+5.45%"
"10/07/2003","16.50","16.60","16.75","16.30","118.48K","+0.30%"
"10/06/2003","16.45","16.45","16.75","16.20","144.20K","+0.30%"
"10/03/2003","16.40","15.95","16.55","15.95","83.12K","+0.61%"
"10/01/2003","16.30","16.10","16.45","15.55","116.60K","+3.82%"
"09/30/2003","15.70","15.60","15.85","15.55","69.07K","+0.64%"
"09/29/2003","15.60","15.55","15.75","15.40","75.94K","+2.97%"
"09/26/2003","15.15","14.95","15.60","14.95","101.06K","-0.66%"
"09/25/2003","15.25","15.35","15.35","15.20","28.23K","-0.65%"
"09/24/2003","15.35","15.10","15.45","15.00","71.03K","+1.32%"
"09/23/2003","15.15","15.20","15.25","14.60","26.90K","+0.00%"
"09/22/2003","15.15","15.00","15.25","14.85","44.65K","+2.71%"
"09/19/2003","14.75","15.45","15.45","14.70","55.73K","-1.34%"
"09/18/2003","14.95","15.10","15.30","14.80","56.87K","-2.29%"
"09/17/2003","15.30","16.10","16.10","15.25","77.21K","-0.97%"
"09/16/2003","15.45","15.25","15.50","15.20","33.34K","+1.31%"
"09/15/2003","15.25","15.85","15.85","15.15","45.48K","-1.93%"
"09/12/2003","15.55","15.95","15.95","15.40","71.93K","-0.96%"
"09/11/2003","15.70","15.95","16.20","15.55","71.88K","-1.26%"
"09/10/2003","15.90","16.15","16.15","15.50","46.77K","-0.62%"
"09/09/2003","16.00","16.55","16.55","16.00","40.66K","-1.23%"
"09/08/2003","16.20","16.20","16.30","15.80","88.80K","+1.89%"
"09/05/2003","15.90","16.25","16.25","15.85","47.19K","-0.62%"
"09/04/2003","16.00","16.10","16.30","15.95","55.16K","+0.63%"
"09/03/2003","15.90","16.30","16.30","15.80","54.02K","-2.15%"
"09/02/2003","16.25","16.30","16.60","15.65","64.67K","-0.91%"
"09/01/2003","16.40","16.75","16.75","16.35","93.30K","+0.31%"
"08/29/2003","16.35","16.75","16.75","16.30","44.19K","-1.80%"
"08/28/2003","16.65","16.80","16.80","16.35","57.05K","-0.30%"
"08/27/2003","16.70","16.30","16.80","16.30","63.46K","+0.30%"
"08/26/2003","16.65","16.10","16.80","16.10","128.27K","+3.10%"
"08/25/2003","16.15","16.65","17.25","15.75","240.95K","-1.52%"
"08/22/2003","16.40","16.65","16.75","16.30","97.69K","-1.20%"
"08/21/2003","16.60","16.65","16.65","16.30","125.98K","+0.61%"
"08/20/2003","16.50","16.50","17.30","16.30","89.34K","+0.30%"
"08/19/2003","16.45","16.55","16.65","16.30","92.64K","-1.20%"
"08/18/2003","16.65","16.65","17.05","16.30","101.51K","+0.91%"
"08/14/2003","16.50","17.35","17.35","14.90","107.86K","+0.92%"
"08/13/2003","16.35","16.30","16.45","16.10","61.78K","+0.93%"
"08/12/2003","16.20","16.20","16.60","16.15","156.94K","+1.25%"
"08/11/2003","16.00","16.30","16.65","15.85","79.37K","-2.14%"
"08/08/2003","16.35","15.65","16.80","15.60","217.61K","+3.81%"
"08/07/2003","15.75","15.35","15.90","15.35","252.04K","+1.29%"
"08/06/2003","15.55","15.40","15.95","15.40","62.16K","-1.89%"
"08/05/2003","15.85","16.00","16.15","15.75","48.93K","-0.94%"
"08/04/2003","16.00","15.75","16.10","15.65","69.33K","+0.63%"
"08/01/2003","15.90","15.85","15.95","15.35","36.57K","+0.00%"
"07/31/2003","15.90","15.95","15.95","15.60","103.16K","+0.00%"
"07/30/2003","15.90","15.95","15.95","15.65","39.45K","+0.32%"
"07/29/2003","15.85","15.75","16.05","15.75","39.27K","+0.32%"
"07/28/2003","15.80","15.85","16.50","15.70","283.55K","+0.64%"
"07/25/2003","15.70","15.70","15.80","15.50","62.02K","+1.29%"
"07/24/2003","15.50","15.60","15.60","15.35","27.28K","+0.00%"
"07/23/2003","15.50","15.55","15.75","15.45","85.88K","+1.31%"
"07/22/2003","15.30","15.25","15.65","15.25","83.93K","+0.66%"
"07/21/2003","15.20","15.60","15.60","15.10","34.61K","+0.00%"
"07/18/2003","15.20","15.60","15.60","15.15","69.79K","-1.30%"
"07/17/2003","15.40","15.60","15.70","15.30","58.55K","-0.65%"
"07/16/2003","15.50","15.45","15.65","15.40","23.27K","+0.65%"
"07/15/2003","15.40","15.75","15.75","15.05","70.92K","-1.91%"
"07/14/2003","15.70","15.40","15.85","15.40","25.89K","+0.32%"
"07/11/2003","15.65","15.75","15.75","15.50","34.48K","+0.00%"
"07/10/2003","15.65","15.65","15.90","15.60","66.89K","+0.00%"
"07/09/2003","15.65","16.00","16.20","15.60","47.37K","-2.19%"
"07/08/2003","16.00","16.35","16.35","15.90","66.28K","+0.31%"
"07/07/2003","15.95","16.50","16.50","15.65","103.29K","-1.85%"
"07/04/2003","16.25","15.95","16.40","15.95","126.15K","+1.88%"
"07/03/2003","15.95","16.10","16.95","15.65","200.75K","+0.63%"
"07/02/2003","15.85","15.25","16.15","15.25","298.26K","+4.28%"
"07/01/2003","15.20","14.85","15.45","14.65","120.93K","+2.36%"
"06/30/2003","14.85","14.75","14.90","14.55","56.91K","+1.71%"
"06/27/2003","14.60","14.60","14.80","14.55","25.81K","+0.00%"
"06/26/2003","14.60","14.90","14.90","14.55","58.51K","-0.34%"
"06/25/2003","14.65","14.55","14.90","14.55","65.07K","+0.34%"
"06/24/2003","14.60","14.70","14.75","14.50","46.30K","-0.34%"
"06/23/2003","14.65","14.70","14.75","14.60","49.81K","-0.68%"
"06/20/2003","14.75","14.90","14.90","14.55","25.63K","+1.03%"
"06/19/2003","14.60","14.80","15.00","14.60","47.37K","-1.35%"
"06/18/2003","14.80","14.70","15.00","14.70","81.09K","-0.34%"
"06/17/2003","14.85","14.80","15.00","14.80","51.04K","+0.34%"
"06/16/2003","14.80","14.90","14.90","14.70","78.65K","+0.34%"
"06/13/2003","14.75","15.05","15.05","14.60","142.73K","-1.01%"
"06/12/2003","14.90","14.25","15.05","14.25","248.21K","+3.83%"
"06/11/2003","14.35","14.10","14.40","14.10","132.83K","+2.50%"
"06/10/2003","14.00","14.05","14.15","13.90","78.16K","-0.36%"
"06/09/2003","14.05","13.85","14.15","13.85","46.02K","+2.18%"
"06/06/2003","13.75","13.85","14.05","13.75","64.71K","-0.72%"
"06/05/2003","13.85","13.95","14.25","13.80","69.40K","+0.00%"
"06/04/2003","13.85","14.00","14.30","13.75","74.71K","-1.77%"
"06/03/2003","14.10","14.15","14.20","14.00","35.69K","+0.71%"
"06/02/2003","14.00","14.20","14.55","13.95","80.15K","+1.45%"
"05/30/2003","13.80","13.60","13.85","13.60","68.17K","+1.47%"
"05/29/2003","13.60","13.85","13.85","13.55","42.60K","-1.81%"
"05/28/2003","13.85","14.00","14.00","13.75","21.16K","-0.72%"
"05/27/2003","13.95","13.75","14.10","13.75","31.22K","+1.09%"
"05/26/2003","13.80","13.50","14.00","13.45","57.56K","+1.47%"
"05/23/2003","13.60","14.00","14.00","13.50","88.89K","-4.90%"
"05/22/2003","14.30","14.30","14.70","14.05","146.25K","-2.05%"
"05/21/2003","14.60","14.75","15.05","14.55","38.60K","-0.68%"
"05/20/2003","14.70","14.80","15.00","14.60","32.56K","-0.68%"
"05/19/2003","14.80","14.70","15.25","14.70","172.04K","+1.72%"
"05/16/2003","14.55","14.25","14.85","13.95","62.46K","+4.68%"
"05/15/2003","13.90","13.75","14.05","13.75","57.83K","+1.46%"
"05/14/2003","13.70","13.80","14.00","13.60","38.40K","+0.00%"
"05/13/2003","13.70","13.45","13.80","13.45","48.99K","+2.24%"
"05/12/2003","13.40","13.45","13.60","13.40","13.93K","-0.74%"
"05/09/2003","13.50","13.40","13.60","13.40","12.75K","+0.75%"
"05/08/2003","13.40","13.95","13.95","13.40","26.53K","-1.11%"
"05/07/2003","13.55","13.60","13.70","13.50","28.86K","+0.37%"
"05/06/2003","13.50","13.45","13.60","13.20","53.97K","+1.12%"
"05/05/2003","13.35","12.90","13.40","12.85","55.88K","+3.49%"
"05/02/2003","12.90","13.05","13.05","12.90","47.97K","+0.39%"
"04/30/2003","12.85","13.05","13.15","12.80","36.35K","+0.39%"
"04/29/2003","12.80","13.10","13.10","12.80","53.99K","-0.78%"
"04/28/2003","12.90","12.95","13.10","12.85","41.94K","-0.77%"
"04/25/2003","13.00","13.05","13.10","12.95","45.73K","-1.14%"
"04/24/2003","13.15","13.05","13.15","12.95","43.51K","+0.77%"
"04/23/2003","13.05","13.25","13.25","13.05","37.06K","-0.76%"
"04/22/2003","13.15","13.25","13.30","13.10","44.40K","+0.00%"
"04/21/2003","13.15","13.60","13.60","13.05","42.86K","-0.75%"
"04/17/2003","13.25","13.75","14.05","13.20","31.61K","-3.28%"
"04/16/2003","13.70","13.80","13.85","13.65","13.56K","+0.00%"
"04/15/2003","13.70","14.45","14.45","13.65","12.58K","-0.36%"
"04/11/2003","13.75","14.00","14.00","13.60","20.64K","-0.36%"
"04/10/2003","13.80","14.00","14.00","13.75","32.80K","-1.43%"
"04/09/2003","14.00","14.00","14.10","13.95","10.43K","+0.36%"
"04/08/2003","13.95","14.20","14.20","13.85","54.51K","+0.00%"
"04/07/2003","13.95","14.45","14.45","13.85","70.32K","-1.76%"
"04/04/2003","14.20","13.85","14.25","13.65","37.39K","+2.90%"
"04/03/2003","13.80","13.75","13.90","13.60","23.80K","+0.36%"
"04/02/2003","13.75","13.85","13.85","13.65","11.40K","+1.10%"
"04/01/2003","13.60","14.00","14.00","13.55","23.01K","+0.37%"
"03/31/2003","13.55","14.15","14.15","13.55","57.72K","-4.58%"
"03/28/2003","14.20","14.00","14.20","13.95","11.24K","+1.43%"
"03/27/2003","14.00","14.30","14.40","13.90","44.82K","-2.10%"
"03/26/2003","14.30","14.55","14.55","14.30","30.03K","-0.35%"
"03/25/2003","14.35","14.70","14.70","14.30","29.99K","-1.03%"
"03/24/2003","14.50","14.55","14.55","14.40","33.02K","-1.02%"
"03/21/2003","14.65","14.55","14.85","14.55","41.46K","+1.03%"
"03/20/2003","14.50","14.90","14.90","14.45","43.91K","-1.02%"
"03/19/2003","14.65","14.70","14.90","14.65","24.94K","-1.35%"
"03/17/2003","14.85","14.70","14.90","14.70","48.67K","+0.68%"
"03/13/2003","14.75","14.65","14.90","14.65","20.21K","+0.00%"
"03/12/2003","14.75","14.90","15.10","14.65","61.57K","+1.37%"
"03/11/2003","14.55","14.70","14.70","14.40","79.21K","+0.69%"
"03/10/2003","14.45","15.50","15.55","14.35","70.64K","-4.93%"
"03/07/2003","15.20","15.40","15.60","15.05","53.99K","-2.25%"
"03/06/2003","15.55","15.65","15.80","15.55","27.87K","-0.96%"
"03/05/2003","15.70","15.75","15.85","15.45","33.42K","-0.95%"
"03/04/2003","15.85","15.85","15.95","15.65","12.29K","-0.94%"
"03/03/2003","16.00","15.75","16.10","15.75","25.62K","+2.56%"
"02/28/2003","15.60","15.80","16.35","15.45","143.45K","-0.95%"
"02/27/2003","15.75","15.45","15.85","15.45","19.01K","+0.32%"
"02/26/2003","15.70","15.85","15.95","15.60","29.11K","-1.88%"
"02/25/2003","16.00","16.00","16.05","15.85","25.20K","+0.95%"
"02/24/2003","15.85","16.00","16.00","15.75","29.36K","+0.00%"
"02/21/2003","15.85","16.35","16.35","15.75","50.72K","-2.46%"
"02/20/2003","16.25","16.50","16.55","16.00","63.95K","-0.91%"
"02/19/2003","16.40","15.95","16.50","15.85","63.34K","+3.80%"
"02/18/2003","15.80","15.25","15.95","15.25","43.00K","+3.61%"
"02/17/2003","15.25","15.05","15.30","15.05","31.29K","+2.35%"
"02/14/2003","14.90","14.90","15.00","14.85","34.48K","+0.00%"
"02/12/2003","14.90","14.70","15.05","14.70","31.81K","+1.71%"
"02/11/2003","14.65","14.75","14.85","14.60","10.01K","+0.00%"
"02/10/2003","14.65","14.90","15.20","14.55","41.78K","-1.35%"
"02/07/2003","14.85","14.70","15.10","14.70","27.12K","-1.33%"
"02/06/2003","15.05","15.10","15.10","14.90","11.90K","+0.67%"
"02/05/2003","14.95","15.10","15.10","14.85","43.64K","-1.64%"
"02/04/2003","15.20","14.90","15.25","14.90","22.39K","+2.01%"
"02/03/2003","14.90","15.10","15.15","14.70","43.68K","-1.00%"
"01/31/2003","15.05","14.70","15.10","14.70","51.66K","-0.66%"
"01/30/2003","15.15","15.10","15.20","15.05","28.55K","-0.66%"
"01/29/2003","15.25","15.25","15.35","15.15","19.66K","+0.66%"
"01/28/2003","15.15","15.85","15.85","15.10","34.29K","-0.98%"
"01/27/2003","15.30","15.60","15.60","15.25","32.17K","-1.92%"
"01/24/2003","15.60","15.95","15.95","15.45","27.00K","-0.95%"
"01/23/2003","15.75","15.95","15.95","15.75","21.80K","-1.25%"
"01/22/2003","15.95","15.85","16.10","15.80","61.60K","+0.63%"
"01/21/2003","15.85","16.20","16.25","15.85","38.43K","-0.63%"
"01/20/2003","15.95","16.55","17.25","15.65","49.13K","+1.92%"
"01/17/2003","15.65","15.50","15.70","15.50","29.88K","+0.00%"
"01/16/2003","15.65","15.75","15.75","15.55","17.59K","+0.32%"
"01/15/2003","15.60","15.60","15.60","15.55","43.45K","+0.00%"
"01/14/2003","15.60","15.60","15.70","15.55","21.84K","+0.65%"
"01/13/2003","15.50","15.45","15.80","15.40","19.79K","+0.00%"
"01/10/2003","15.50","15.65","15.85","15.30","46.25K","-0.96%"
"01/09/2003","15.65","15.55","15.70","15.50","27.70K","+0.97%"
"01/08/2003","15.50","15.40","15.55","14.55","14.94K","+0.32%"
"01/07/2003","15.45","15.60","15.60","15.40","68.80K","-1.59%"
"01/06/2003","15.70","15.80","15.85","15.60","18.39K","-0.63%"
"01/03/2003","15.80","15.90","16.05","15.75","25.01K","-0.32%"
"01/02/2003","15.85","15.95","16.05","15.80","18.03K","+0.32%"
"01/01/2003","15.80","15.75","15.85","15.70","33.11K","+0.00%"
